# static_avoidance_node debug log started 20260822_182649
1787390815.061 [STATIC_AVOID] obs_id=- obs_dist=-m obs_s=- ego_s=26.95 side=- | left_clearance=- right_clearance=- candidate_valid=false rung=- pre_dist=-m | cache_used=false path_age=- path_points=0 planning_time_ms=0.2 | reason=no_static_obstacle_in_range | cache_reason=no_cache
1787390815.563 [STATIC_AVOID] obs_id=- obs_dist=-m obs_s=- ego_s=26.92 side=- | left_clearance=- right_clearance=- candidate_valid=false rung=- pre_dist=-m | cache_used=false path_age=- path_points=0 planning_time_ms=0.1 | reason=no_static_obstacle_in_range | cache_reason=no_cache
1787390816.159 [STATIC_AVOID] obs_id=- obs_dist=-m obs_s=- ego_s=26.95 side=- | left_clearance=- right_clearance=- candidate_valid=false rung=- pre_dist=-m | cache_used=false path_age=- path_points=0 planning_time_ms=0.1 | reason=no_static_obstacle_in_range | cache_reason=no_cache
1787390816.663 [STATIC_AVOID] obs_id=- obs_dist=-m obs_s=- ego_s=26.94 side=- | left_clearance=- right_clearance=- candidate_valid=false rung=- pre_dist=-m | cache_used=false path_age=- path_points=0 planning_time_ms=0.1 | reason=no_static_obstacle_in_range | cache_reason=no_cache
1787390817.264 [STATIC_AVOID] obs_id=- obs_dist=-m obs_s=- ego_s=26.89 side=- | left_clearance=- right_clearance=- candidate_valid=false rung=- pre_dist=-m | cache_used=false path_age=- path_points=0 planning_time_ms=0.1 | reason=no_static_obstacle_in_range | cache_reason=no_cache
1787390817.863 [STATIC_AVOID] obs_id=- obs_dist=-m obs_s=- ego_s=26.90 side=- | left_clearance=- right_clearance=- candidate_valid=false rung=- pre_dist=-m | cache_used=false path_age=- path_points=0 planning_time_ms=0.1 | reason=no_static_obstacle_in_range | cache_reason=no_cache
1787390818.471 [STATIC_AVOID] obs_id=- obs_dist=-m obs_s=- ego_s=26.79 side=- | left_clearance=- right_clearance=- candidate_valid=false rung=- pre_dist=-m | cache_used=false path_age=- path_points=0 planning_time_ms=0.1 | reason=no_static_obstacle_in_range | cache_reason=no_cache
1787390818.979 [STATIC_AVOID] obs_id=- obs_dist=-m obs_s=- ego_s=26.71 side=- | left_clearance=- right_clearance=- candidate_valid=false rung=- pre_dist=-m | cache_used=false path_age=- path_points=0 planning_time_ms=0.2 | reason=no_static_obstacle_in_range | cache_reason=no_cache
1787390819.564 [STATIC_AVOID] obs_id=- obs_dist=-m obs_s=- ego_s=26.94 side=- | left_clearance=- right_clearance=- candidate_valid=false rung=- pre_dist=-m | cache_used=false path_age=- path_points=0 planning_time_ms=0.1 | reason=no_static_obstacle_in_range | cache_reason=no_cache
1787390820.067 [STATIC_AVOID] obs_id=- obs_dist=-m obs_s=- ego_s=27.54 side=- | left_clearance=- right_clearance=- candidate_valid=false rung=- pre_dist=-m | cache_used=false path_age=- path_points=0 planning_time_ms=0.1 | reason=no_static_obstacle_in_range | cache_reason=no_cache
1787390820.663 [STATIC_AVOID] obs_id=- obs_dist=-m obs_s=- ego_s=27.69 side=- | left_clearance=- right_clearance=- candidate_valid=false rung=- pre_dist=-m | cache_used=false path_age=- path_points=0 planning_time_ms=0.1 | reason=no_static_obstacle_in_range | cache_reason=no_cache
1787390821.260 [STATIC_AVOID] obs_id=- obs_dist=-m obs_s=- ego_s=27.66 side=- | left_clearance=- right_clearance=- candidate_valid=false rung=- pre_dist=-m | cache_used=false path_age=- path_points=0 planning_time_ms=0.1 | reason=no_static_obstacle_in_range | cache_reason=no_cache
1787390821.764 [STATIC_AVOID] obs_id=- obs_dist=-m obs_s=- ego_s=27.72 side=- | left_clearance=- right_clearance=- candidate_valid=false rung=- pre_dist=-m | cache_used=false path_age=- path_points=0 planning_time_ms=0.1 | reason=no_static_obstacle_in_range | cache_reason=no_cache
1787390822.362 [STATIC_AVOID] obs_id=- obs_dist=-m obs_s=- ego_s=28.12 side=- | left_clearance=- right_clearance=- candidate_valid=false rung=- pre_dist=-m | cache_used=false path_age=- path_points=0 planning_time_ms=0.1 | reason=no_static_obstacle_in_range | cache_reason=no_cache
1787390822.959 [STATIC_AVOID] obs_id=- obs_dist=-m obs_s=- ego_s=29.38 side=- | left_clearance=- right_clearance=- candidate_valid=false rung=- pre_dist=-m | cache_used=false path_age=- path_points=0 planning_time_ms=0.1 | reason=no_static_obstacle_in_range | cache_reason=no_cache
1787390823.467 [STATIC_AVOID] obs_id=- obs_dist=-m obs_s=- ego_s=30.96 side=- | left_clearance=- right_clearance=- candidate_valid=false rung=- pre_dist=-m | cache_used=false path_age=- path_points=0 planning_time_ms=0.1 | reason=no_static_obstacle_in_range | cache_reason=no_cache
1787390824.060 [STATIC_AVOID] obs_id=- obs_dist=-m obs_s=- ego_s=33.62 side=- | left_clearance=- right_clearance=- candidate_valid=false rung=- pre_dist=-m | cache_used=false path_age=- path_points=0 planning_time_ms=0.1 | reason=no_static_obstacle_in_range | cache_reason=no_cache
1787390824.565 [STATIC_AVOID] obs_id=- obs_dist=-m obs_s=- ego_s=35.20 side=- | left_clearance=- right_clearance=- candidate_valid=false rung=- pre_dist=-m | cache_used=false path_age=- path_points=0 planning_time_ms=0.1 | reason=no_static_obstacle_in_range | cache_reason=no_cache
1787390825.168 [STATIC_AVOID] obs_id=- obs_dist=-m obs_s=- ego_s=36.92 side=- | left_clearance=- right_clearance=- candidate_valid=false rung=- pre_dist=-m | cache_used=false path_age=- path_points=0 planning_time_ms=0.1 | reason=no_static_obstacle_in_range | cache_reason=no_cache
1787390825.764 [STATIC_AVOID] obs_id=- obs_dist=-m obs_s=- ego_s=39.22 side=- | left_clearance=- right_clearance=- candidate_valid=false rung=- pre_dist=-m | cache_used=false path_age=- path_points=0 planning_time_ms=0.2 | reason=no_static_obstacle_in_range | cache_reason=no_cache
1787390826.363 [STATIC_AVOID] obs_id=- obs_dist=-m obs_s=- ego_s=40.73 side=- | left_clearance=- right_clearance=- candidate_valid=false rung=- pre_dist=-m | cache_used=false path_age=- path_points=0 planning_time_ms=0.1 | reason=no_static_obstacle_in_range | cache_reason=no_cache
1787390826.965 [STATIC_AVOID] obs_id=- obs_dist=-m obs_s=- ego_s=1.21 side=- | left_clearance=- right_clearance=- candidate_valid=false rung=- pre_dist=-m | cache_used=false path_age=- path_points=0 planning_time_ms=0.1 | reason=no_static_obstacle_in_range | cache_reason=no_cache
1787390827.561 [STATIC_AVOID] obs_id=- obs_dist=-m obs_s=- ego_s=3.95 side=- | left_clearance=- right_clearance=- candidate_valid=false rung=- pre_dist=-m | cache_used=false path_age=- path_points=0 planning_time_ms=0.1 | reason=no_static_obstacle_in_range | cache_reason=no_cache
1787390828.063 [STATIC_AVOID] obs_id=- obs_dist=-m obs_s=- ego_s=6.58 side=- | left_clearance=- right_clearance=- candidate_valid=false rung=- pre_dist=-m | cache_used=false path_age=- path_points=0 planning_time_ms=0.1 | reason=no_static_obstacle_in_range | cache_reason=no_cache
1787390828.565 [STATIC_AVOID] obs_id=- obs_dist=-m obs_s=- ego_s=8.63 side=- | left_clearance=- right_clearance=- candidate_valid=false rung=- pre_dist=-m | cache_used=false path_age=- path_points=0 planning_time_ms=0.1 | reason=no_static_obstacle_in_range | cache_reason=no_cache
1787390829.069 [STATIC_AVOID] obs_id=- obs_dist=-m obs_s=- ego_s=11.03 side=- | left_clearance=- right_clearance=- candidate_valid=false rung=- pre_dist=-m | cache_used=false path_age=- path_points=0 planning_time_ms=0.1 | reason=no_static_obstacle_in_range | cache_reason=no_cache
1787390829.661 [STATIC_AVOID] obs_id=- obs_dist=-m obs_s=- ego_s=13.69 side=- | left_clearance=- right_clearance=- candidate_valid=false rung=- pre_dist=-m | cache_used=false path_age=- path_points=0 planning_time_ms=0.1 | reason=no_static_obstacle_in_range | cache_reason=no_cache
1787390830.263 [STATIC_AVOID] obs_id=- obs_dist=-m obs_s=- ego_s=15.81 side=- | left_clearance=- right_clearance=- candidate_valid=false rung=- pre_dist=-m | cache_used=false path_age=- path_points=0 planning_time_ms=0.2 | reason=no_static_obstacle_in_range | cache_reason=no_cache
1787390830.870 [STATIC_AVOID] obs_id=- obs_dist=-m obs_s=- ego_s=18.37 side=- | left_clearance=- right_clearance=- candidate_valid=false rung=- pre_dist=-m | cache_used=false path_age=- path_points=0 planning_time_ms=0.1 | reason=no_static_obstacle_in_range | cache_reason=no_cache
1787390831.460 [STATIC_AVOID] obs_id=- obs_dist=-m obs_s=- ego_s=20.42 side=- | left_clearance=- right_clearance=- candidate_valid=false rung=- pre_dist=-m | cache_used=false path_age=- path_points=0 planning_time_ms=0.1 | reason=no_static_obstacle_in_range | cache_reason=no_cache
1787390831.964 [STATIC_AVOID] obs_id=- obs_dist=-m obs_s=- ego_s=22.31 side=- | left_clearance=- right_clearance=- candidate_valid=false rung=- pre_dist=-m | cache_used=false path_age=- path_points=0 planning_time_ms=0.1 | reason=no_static_obstacle_in_range | cache_reason=no_cache
1787390832.475 [STATIC_AVOID] obs_id=- obs_dist=-m obs_s=- ego_s=23.63 side=- | left_clearance=- right_clearance=- candidate_valid=false rung=- pre_dist=-m | cache_used=false path_age=- path_points=0 planning_time_ms=0.1 | reason=no_static_obstacle_in_range | cache_reason=no_cache
1787390833.060 [STATIC_AVOID] obs_id=- obs_dist=-m obs_s=- ego_s=25.44 side=- | left_clearance=- right_clearance=- candidate_valid=false rung=- pre_dist=-m | cache_used=false path_age=- path_points=0 planning_time_ms=0.1 | reason=no_static_obstacle_in_range | cache_reason=no_cache
1787390833.565 [STATIC_AVOID] obs_id=- obs_dist=-m obs_s=- ego_s=26.55 side=- | left_clearance=- right_clearance=- candidate_valid=false rung=- pre_dist=-m | cache_used=false path_age=- path_points=0 planning_time_ms=0.1 | reason=no_static_obstacle_in_range | cache_reason=no_cache
1787390834.162 [STATIC_AVOID] obs_id=- obs_dist=-m obs_s=- ego_s=29.04 side=- | left_clearance=- right_clearance=- candidate_valid=false rung=- pre_dist=-m | cache_used=false path_age=- path_points=0 planning_time_ms=0.1 | reason=no_static_obstacle_in_range | cache_reason=no_cache
1787390834.763 [STATIC_AVOID] obs_id=- obs_dist=-m obs_s=- ego_s=31.76 side=- | left_clearance=- right_clearance=- candidate_valid=false rung=- pre_dist=-m | cache_used=false path_age=- path_points=0 planning_time_ms=0.1 | reason=no_static_obstacle_in_range | cache_reason=no_cache
1787390835.362 [STATIC_AVOID] obs_id=- obs_dist=-m obs_s=- ego_s=34.38 side=- | left_clearance=- right_clearance=- candidate_valid=false rung=- pre_dist=-m | cache_used=false path_age=- path_points=0 planning_time_ms=0.1 | reason=no_static_obstacle_in_range | cache_reason=no_cache
1787390835.971 [STATIC_AVOID] obs_id=- obs_dist=-m obs_s=- ego_s=35.89 side=- | left_clearance=- right_clearance=- candidate_valid=false rung=- pre_dist=-m | cache_used=false path_age=- path_points=0 planning_time_ms=0.1 | reason=no_static_obstacle_in_range | cache_reason=no_cache
1787390836.561 [STATIC_AVOID] obs_id=- obs_dist=-m obs_s=- ego_s=37.96 side=- | left_clearance=- right_clearance=- candidate_valid=false rung=- pre_dist=-m | cache_used=false path_age=- path_points=0 planning_time_ms=0.1 | reason=no_static_obstacle_in_range | cache_reason=no_cache
1787390837.066 [STATIC_AVOID] obs_id=- obs_dist=-m obs_s=- ego_s=39.86 side=- | left_clearance=- right_clearance=- candidate_valid=false rung=- pre_dist=-m | cache_used=false path_age=- path_points=0 planning_time_ms=0.1 | reason=no_static_obstacle_in_range | cache_reason=no_cache
1787390837.662 [STATIC_AVOID] obs_id=- obs_dist=-m obs_s=- ego_s=0.05 side=- | left_clearance=- right_clearance=- candidate_valid=false rung=- pre_dist=-m | cache_used=false path_age=- path_points=0 planning_time_ms=0.1 | reason=no_static_obstacle_in_range | cache_reason=no_cache
1787390838.164 [STATIC_AVOID] obs_id=- obs_dist=-m obs_s=- ego_s=1.77 side=- | left_clearance=- right_clearance=- candidate_valid=false rung=- pre_dist=-m | cache_used=false path_age=- path_points=0 planning_time_ms=0.1 | reason=no_static_obstacle_in_range | cache_reason=no_cache
1787390838.760 [STATIC_AVOID] obs_id=- obs_dist=-m obs_s=- ego_s=4.53 side=- | left_clearance=- right_clearance=- candidate_valid=false rung=- pre_dist=-m | cache_used=false path_age=- path_points=0 planning_time_ms=0.1 | reason=no_static_obstacle_in_range | cache_reason=no_cache
1787390839.262 [STATIC_AVOID] obs_id=- obs_dist=-m obs_s=- ego_s=6.90 side=- | left_clearance=- right_clearance=- candidate_valid=false rung=- pre_dist=-m | cache_used=false path_age=- path_points=0 planning_time_ms=0.1 | reason=no_static_obstacle_in_range | cache_reason=no_cache
1787390839.762 [STATIC_AVOID] obs_id=- obs_dist=-m obs_s=- ego_s=9.12 side=- | left_clearance=- right_clearance=- candidate_valid=false rung=- pre_dist=-m | cache_used=false path_age=- path_points=0 planning_time_ms=0.1 | reason=no_static_obstacle_in_range | cache_reason=no_cache
1787390840.363 [STATIC_AVOID] obs_id=- obs_dist=-m obs_s=- ego_s=12.12 side=- | left_clearance=- right_clearance=- candidate_valid=false rung=- pre_dist=-m | cache_used=false path_age=- path_points=0 planning_time_ms=0.1 | reason=no_static_obstacle_in_range | cache_reason=no_cache
1787390840.871 [STATIC_AVOID] obs_id=3 obs_dist=2.50m obs_s=16.39 ego_s=13.89 side=LEFT | left_clearance=-0.09 right_clearance=-0.09 candidate_valid=true rung=0 pre_dist=3.90m | cache_used=false path_age=0.000 path_points=101 planning_time_ms=5.6
1787390841.467 [STATIC_AVOID] obs_id=3 obs_dist=0.42m obs_s=16.37 ego_s=15.95 side=RIGHT | left_clearance=-0.21 right_clearance=-0.05 candidate_valid=true rung=0 pre_dist=3.97m | cache_used=false path_age=0.000 path_points=101 planning_time_ms=5.9
1787390842.059 [STATIC_AVOID] obs_id=- obs_dist=-m obs_s=- ego_s=18.33 side=- | left_clearance=- right_clearance=- candidate_valid=false rung=- pre_dist=-m | cache_used=false path_age=- path_points=0 planning_time_ms=0.1 | reason=no_static_obstacle_in_range | cache_reason=no_cache
1787390842.565 [STATIC_AVOID] obs_id=4 obs_dist=2.76m obs_s=22.35 ego_s=19.59 side=- | left_clearance=-0.40 right_clearance=0.11 candidate_valid=false rung=- pre_dist=2.76m | cache_used=false path_age=- path_points=0 planning_time_ms=3.5 | reason=track_too_narrow | cache_reason=no_cache
1787390843.071 [STATIC_AVOID] obs_id=4 obs_dist=2.20m obs_s=22.38 ego_s=20.18 side=RIGHT | left_clearance=-0.42 right_clearance=0.16 candidate_valid=true rung=0 pre_dist=2.80m | cache_used=false path_age=0.000 path_points=101 planning_time_ms=3.5
1787390843.668 [STATIC_AVOID] obs_id=4 obs_dist=1.14m obs_s=22.39 ego_s=21.25 side=RIGHT | left_clearance=-0.43 right_clearance=0.17 candidate_valid=true rung=0 pre_dist=2.80m | cache_used=false path_age=0.000 path_points=101 planning_time_ms=6.5
1787390844.265 [STATIC_AVOID] obs_id=4 obs_dist=-0.19m obs_s=22.39 ego_s=22.58 side=RIGHT | left_clearance=-0.43 right_clearance=0.17 candidate_valid=true rung=0 pre_dist=2.50m | cache_used=false path_age=0.000 path_points=101 planning_time_ms=4.4
1787390844.859 [STATIC_AVOID] obs_id=- obs_dist=-m obs_s=- ego_s=24.03 side=- | left_clearance=- right_clearance=- candidate_valid=false rung=- pre_dist=-m | cache_used=false path_age=- path_points=0 planning_time_ms=0.2 | reason=no_static_obstacle_in_range | cache_reason=no_cache
1787390845.362 [STATIC_AVOID] obs_id=- obs_dist=-m obs_s=- ego_s=25.47 side=- | left_clearance=- right_clearance=- candidate_valid=false rung=- pre_dist=-m | cache_used=false path_age=- path_points=0 planning_time_ms=0.1 | reason=no_static_obstacle_in_range | cache_reason=no_cache
1787390845.864 [STATIC_AVOID] obs_id=- obs_dist=-m obs_s=- ego_s=26.51 side=- | left_clearance=- right_clearance=- candidate_valid=false rung=- pre_dist=-m | cache_used=false path_age=- path_points=0 planning_time_ms=0.2 | reason=no_static_obstacle_in_range | cache_reason=no_cache
1787390846.462 [STATIC_AVOID] obs_id=- obs_dist=-m obs_s=- ego_s=28.84 side=- | left_clearance=- right_clearance=- candidate_valid=false rung=- pre_dist=-m | cache_used=false path_age=- path_points=0 planning_time_ms=0.1 | reason=no_static_obstacle_in_range | cache_reason=no_cache
1787390847.060 [STATIC_AVOID] obs_id=- obs_dist=-m obs_s=- ego_s=31.70 side=- | left_clearance=- right_clearance=- candidate_valid=false rung=- pre_dist=-m | cache_used=false path_age=- path_points=0 planning_time_ms=0.1 | reason=no_static_obstacle_in_range | cache_reason=no_cache
1787390847.563 [STATIC_AVOID] obs_id=- obs_dist=-m obs_s=- ego_s=33.86 side=- | left_clearance=- right_clearance=- candidate_valid=false rung=- pre_dist=-m | cache_used=false path_age=- path_points=0 planning_time_ms=0.1 | reason=no_static_obstacle_in_range | cache_reason=no_cache
1787390848.160 [STATIC_AVOID] obs_id=- obs_dist=-m obs_s=- ego_s=35.54 side=- | left_clearance=- right_clearance=- candidate_valid=false rung=- pre_dist=-m | cache_used=false path_age=- path_points=0 planning_time_ms=0.1 | reason=no_static_obstacle_in_range | cache_reason=no_cache
1787390848.663 [STATIC_AVOID] obs_id=- obs_dist=-m obs_s=- ego_s=37.04 side=- | left_clearance=- right_clearance=- candidate_valid=false rung=- pre_dist=-m | cache_used=false path_age=- path_points=0 planning_time_ms=0.1 | reason=no_static_obstacle_in_range | cache_reason=no_cache
1787390849.259 [STATIC_AVOID] obs_id=- obs_dist=-m obs_s=- ego_s=39.33 side=- | left_clearance=- right_clearance=- candidate_valid=false rung=- pre_dist=-m | cache_used=false path_age=- path_points=0 planning_time_ms=0.1 | reason=no_static_obstacle_in_range | cache_reason=no_cache
1787390849.763 [STATIC_AVOID] obs_id=- obs_dist=-m obs_s=- ego_s=40.57 side=- | left_clearance=- right_clearance=- candidate_valid=false rung=- pre_dist=-m | cache_used=false path_age=- path_points=0 planning_time_ms=0.1 | reason=no_static_obstacle_in_range | cache_reason=no_cache
1787390850.360 [STATIC_AVOID] obs_id=- obs_dist=-m obs_s=- ego_s=1.07 side=- | left_clearance=- right_clearance=- candidate_valid=false rung=- pre_dist=-m | cache_used=false path_age=- path_points=0 planning_time_ms=0.1 | reason=no_static_obstacle_in_range | cache_reason=no_cache
1787390850.860 [STATIC_AVOID] obs_id=- obs_dist=-m obs_s=- ego_s=3.26 side=- | left_clearance=- right_clearance=- candidate_valid=false rung=- pre_dist=-m | cache_used=false path_age=- path_points=0 planning_time_ms=0.1 | reason=no_static_obstacle_in_range | cache_reason=no_cache
1787390851.462 [STATIC_AVOID] obs_id=- obs_dist=-m obs_s=- ego_s=6.28 side=- | left_clearance=- right_clearance=- candidate_valid=false rung=- pre_dist=-m | cache_used=false path_age=- path_points=0 planning_time_ms=0.1 | reason=no_static_obstacle_in_range | cache_reason=no_cache
1787390852.065 [STATIC_AVOID] obs_id=- obs_dist=-m obs_s=- ego_s=8.81 side=- | left_clearance=- right_clearance=- candidate_valid=false rung=- pre_dist=-m | cache_used=false path_age=- path_points=0 planning_time_ms=0.1 | reason=no_static_obstacle_in_range | cache_reason=no_cache
1787390852.571 [STATIC_AVOID] obs_id=- obs_dist=-m obs_s=- ego_s=11.17 side=- | left_clearance=- right_clearance=- candidate_valid=false rung=- pre_dist=-m | cache_used=false path_age=- path_points=0 planning_time_ms=0.1 | reason=no_static_obstacle_in_range | cache_reason=no_cache
1787390853.163 [STATIC_AVOID] obs_id=- obs_dist=-m obs_s=- ego_s=13.76 side=- | left_clearance=- right_clearance=- candidate_valid=false rung=- pre_dist=-m | cache_used=false path_age=- path_points=0 planning_time_ms=0.1 | reason=no_static_obstacle_in_range | cache_reason=no_cache
1787390853.667 [STATIC_AVOID] obs_id=6 obs_dist=1.58m obs_s=17.07 ego_s=15.49 side=RIGHT | left_clearance=-0.46 right_clearance=0.32 candidate_valid=true rung=0 pre_dist=2.98m | cache_used=false path_age=0.000 path_points=101 planning_time_ms=3.9
1787390854.168 [STATIC_AVOID] obs_id=6 obs_dist=-0.07m obs_s=17.11 ego_s=17.18 side=RIGHT | left_clearance=-0.37 right_clearance=0.50 candidate_valid=true rung=0 pre_dist=3.58m | cache_used=false path_age=0.000 path_points=101 planning_time_ms=4.3
1787390854.702 [STATIC_AVOID] obs_id=6 obs_dist=-0.67m obs_s=17.11 ego_s=17.78 side=RIGHT | left_clearance=-0.37 right_clearance=0.50 candidate_valid=true rung=0 pre_dist=4.19m | cache_used=false path_age=0.000 path_points=101 planning_time_ms=8.7
1787390855.282 [STATIC_AVOID] obs_id=6 obs_dist=-0.58m obs_s=17.11 ego_s=17.69 side=RIGHT | left_clearance=-0.37 right_clearance=0.50 candidate_valid=true rung=0 pre_dist=4.09m | cache_used=false path_age=0.000 path_points=101 planning_time_ms=19.4
1787390855.865 [STATIC_AVOID] obs_id=6 obs_dist=-0.62m obs_s=17.11 ego_s=17.73 side=RIGHT | left_clearance=-0.37 right_clearance=0.50 candidate_valid=true rung=0 pre_dist=4.14m | cache_used=false path_age=0.000 path_points=101 planning_time_ms=4.7
1787390856.466 [STATIC_AVOID] obs_id=- obs_dist=-m obs_s=- ego_s=17.68 side=- | left_clearance=- right_clearance=- candidate_valid=false rung=- pre_dist=-m | cache_used=false path_age=- path_points=0 planning_time_ms=0.1 | reason=no_static_obstacle_in_range | cache_reason=no_cache
1787390857.067 [STATIC_AVOID] obs_id=- obs_dist=-m obs_s=- ego_s=17.71 side=- | left_clearance=- right_clearance=- candidate_valid=false rung=- pre_dist=-m | cache_used=false path_age=- path_points=0 planning_time_ms=0.1 | reason=no_static_obstacle_in_range | cache_reason=no_cache
1787390857.568 [STATIC_AVOID] obs_id=- obs_dist=-m obs_s=- ego_s=17.66 side=- | left_clearance=- right_clearance=- candidate_valid=false rung=- pre_dist=-m | cache_used=false path_age=- path_points=0 planning_time_ms=0.1 | reason=no_static_obstacle_in_range | cache_reason=no_cache
1787390858.161 [STATIC_AVOID] obs_id=- obs_dist=-m obs_s=- ego_s=17.67 side=- | left_clearance=- right_clearance=- candidate_valid=false rung=- pre_dist=-m | cache_used=false path_age=- path_points=0 planning_time_ms=0.1 | reason=no_static_obstacle_in_range | cache_reason=no_cache
1787390858.762 [STATIC_AVOID] obs_id=- obs_dist=-m obs_s=- ego_s=17.58 side=- | left_clearance=- right_clearance=- candidate_valid=false rung=- pre_dist=-m | cache_used=false path_age=- path_points=0 planning_time_ms=0.1 | reason=no_static_obstacle_in_range | cache_reason=no_cache
1787390859.268 [STATIC_AVOID] obs_id=- obs_dist=-m obs_s=- ego_s=17.58 side=- | left_clearance=- right_clearance=- candidate_valid=false rung=- pre_dist=-m | cache_used=false path_age=- path_points=0 planning_time_ms=0.1 | reason=no_static_obstacle_in_range | cache_reason=no_cache
1787390859.865 [STATIC_AVOID] obs_id=- obs_dist=-m obs_s=- ego_s=17.84 side=- | left_clearance=- right_clearance=- candidate_valid=false rung=- pre_dist=-m | cache_used=false path_age=- path_points=0 planning_time_ms=0.1 | reason=no_static_obstacle_in_range | cache_reason=no_cache
1787390860.463 [STATIC_AVOID] obs_id=- obs_dist=-m obs_s=- ego_s=17.85 side=- | left_clearance=- right_clearance=- candidate_valid=false rung=- pre_dist=-m | cache_used=false path_age=- path_points=0 planning_time_ms=0.2 | reason=no_static_obstacle_in_range | cache_reason=no_cache
1787390861.064 [STATIC_AVOID] obs_id=- obs_dist=-m obs_s=- ego_s=18.43 side=- | left_clearance=- right_clearance=- candidate_valid=false rung=- pre_dist=-m | cache_used=false path_age=- path_points=0 planning_time_ms=0.1 | reason=no_static_obstacle_in_range | cache_reason=no_cache
1787390861.662 [STATIC_AVOID] obs_id=- obs_dist=-m obs_s=- ego_s=19.82 side=- | left_clearance=- right_clearance=- candidate_valid=false rung=- pre_dist=-m | cache_used=false path_age=- path_points=0 planning_time_ms=0.1 | reason=no_static_obstacle_in_range | cache_reason=no_cache
1787390862.264 [STATIC_AVOID] obs_id=- obs_dist=-m obs_s=- ego_s=22.08 side=- | left_clearance=- right_clearance=- candidate_valid=false rung=- pre_dist=-m | cache_used=false path_age=- path_points=0 planning_time_ms=0.1 | reason=no_static_obstacle_in_range | cache_reason=no_cache
1787390862.865 [STATIC_AVOID] obs_id=- obs_dist=-m obs_s=- ego_s=23.91 side=- | left_clearance=- right_clearance=- candidate_valid=false rung=- pre_dist=-m | cache_used=false path_age=- path_points=0 planning_time_ms=0.1 | reason=no_static_obstacle_in_range | cache_reason=no_cache
1787390863.462 [STATIC_AVOID] obs_id=- obs_dist=-m obs_s=- ego_s=25.45 side=- | left_clearance=- right_clearance=- candidate_valid=false rung=- pre_dist=-m | cache_used=false path_age=- path_points=0 planning_time_ms=0.1 | reason=no_static_obstacle_in_range | cache_reason=no_cache
1787390863.967 [STATIC_AVOID] obs_id=7 obs_dist=1.88m obs_s=28.56 ego_s=26.68 side=RIGHT | left_clearance=-0.25 right_clearance=0.09 candidate_valid=true rung=0 pre_dist=2.91m | cache_used=false path_age=0.000 path_points=101 planning_time_ms=5.6
1787390864.582 [STATIC_AVOID] obs_id=7 obs_dist=0.20m obs_s=28.70 ego_s=28.50 side=RIGHT | left_clearance=-0.26 right_clearance=-0.02 candidate_valid=true rung=0 pre_dist=3.36m | cache_used=false path_age=0.000 path_points=101 planning_time_ms=4.6
1787390865.160 [STATIC_AVOID] obs_id=- obs_dist=-m obs_s=- ego_s=30.49 side=- | left_clearance=- right_clearance=- candidate_valid=false rung=- pre_dist=-m | cache_used=false path_age=- path_points=0 planning_time_ms=0.1 | reason=no_static_obstacle_in_range | cache_reason=no_cache
1787390865.662 [STATIC_AVOID] obs_id=- obs_dist=-m obs_s=- ego_s=32.58 side=- | left_clearance=- right_clearance=- candidate_valid=false rung=- pre_dist=-m | cache_used=false path_age=- path_points=0 planning_time_ms=0.1 | reason=no_static_obstacle_in_range | cache_reason=no_cache
1787390866.163 [STATIC_AVOID] obs_id=- obs_dist=-m obs_s=- ego_s=34.64 side=- | left_clearance=- right_clearance=- candidate_valid=false rung=- pre_dist=-m | cache_used=false path_age=- path_points=0 planning_time_ms=0.1 | reason=no_static_obstacle_in_range | cache_reason=no_cache
1787390866.760 [STATIC_AVOID] obs_id=- obs_dist=-m obs_s=- ego_s=36.24 side=- | left_clearance=- right_clearance=- candidate_valid=false rung=- pre_dist=-m | cache_used=false path_age=- path_points=0 planning_time_ms=0.1 | reason=no_static_obstacle_in_range | cache_reason=no_cache
1787390867.263 [STATIC_AVOID] obs_id=- obs_dist=-m obs_s=- ego_s=37.94 side=- | left_clearance=- right_clearance=- candidate_valid=false rung=- pre_dist=-m | cache_used=false path_age=- path_points=0 planning_time_ms=0.1 | reason=no_static_obstacle_in_range | cache_reason=no_cache
1787390867.866 [STATIC_AVOID] obs_id=- obs_dist=-m obs_s=- ego_s=40.05 side=- | left_clearance=- right_clearance=- candidate_valid=false rung=- pre_dist=-m | cache_used=false path_age=- path_points=0 planning_time_ms=0.1 | reason=no_static_obstacle_in_range | cache_reason=no_cache
1787390868.461 [STATIC_AVOID] obs_id=- obs_dist=-m obs_s=- ego_s=0.27 side=- | left_clearance=- right_clearance=- candidate_valid=false rung=- pre_dist=-m | cache_used=false path_age=- path_points=0 planning_time_ms=0.1 | reason=no_static_obstacle_in_range | cache_reason=no_cache
1787390868.970 [STATIC_AVOID] obs_id=- obs_dist=-m obs_s=- ego_s=1.87 side=- | left_clearance=- right_clearance=- candidate_valid=false rung=- pre_dist=-m | cache_used=false path_age=- path_points=0 planning_time_ms=0.1 | reason=no_static_obstacle_in_range | cache_reason=no_cache
1787390869.561 [STATIC_AVOID] obs_id=- obs_dist=-m obs_s=- ego_s=4.62 side=- | left_clearance=- right_clearance=- candidate_valid=false rung=- pre_dist=-m | cache_used=false path_age=- path_points=0 planning_time_ms=0.1 | reason=no_static_obstacle_in_range | cache_reason=no_cache
1787390870.062 [STATIC_AVOID] obs_id=- obs_dist=-m obs_s=- ego_s=7.15 side=- | left_clearance=- right_clearance=- candidate_valid=false rung=- pre_dist=-m | cache_used=false path_age=- path_points=0 planning_time_ms=0.1 | reason=no_static_obstacle_in_range | cache_reason=no_cache
1787390870.569 [STATIC_AVOID] obs_id=- obs_dist=-m obs_s=- ego_s=9.54 side=- | left_clearance=- right_clearance=- candidate_valid=false rung=- pre_dist=-m | cache_used=false path_age=- path_points=0 planning_time_ms=0.1 | reason=no_static_obstacle_in_range | cache_reason=no_cache
1787390871.165 [STATIC_AVOID] obs_id=- obs_dist=-m obs_s=- ego_s=12.45 side=- | left_clearance=- right_clearance=- candidate_valid=false rung=- pre_dist=-m | cache_used=false path_age=- path_points=0 planning_time_ms=0.1 | reason=no_static_obstacle_in_range | cache_reason=no_cache
1787390871.763 [STATIC_AVOID] obs_id=9 obs_dist=2.39m obs_s=17.05 ego_s=14.67 side=RIGHT | left_clearance=-0.45 right_clearance=0.29 candidate_valid=true rung=0 pre_dist=3.00m | cache_used=false path_age=0.000 path_points=101 planning_time_ms=3.4
1787390872.263 [STATIC_AVOID] obs_id=9 obs_dist=0.47m obs_s=17.09 ego_s=16.62 side=RIGHT | left_clearance=-0.54 right_clearance=0.38 candidate_valid=true rung=0 pre_dist=3.07m | cache_used=false path_age=0.000 path_points=101 planning_time_ms=3.6
1787390872.764 [STATIC_AVOID] obs_id=9 obs_dist=-0.44m obs_s=17.12 ego_s=17.56 side=RIGHT | left_clearance=-0.40 right_clearance=0.51 candidate_valid=true rung=0 pre_dist=4.01m | cache_used=false path_age=0.000 path_points=101 planning_time_ms=3.5
1787390873.269 [STATIC_AVOID] obs_id=9 obs_dist=-0.35m obs_s=17.12 ego_s=17.47 side=RIGHT | left_clearance=-0.40 right_clearance=0.51 candidate_valid=true rung=0 pre_dist=3.92m | cache_used=false path_age=0.000 path_points=101 planning_time_ms=4.5
1787390873.865 [STATIC_AVOID] obs_id=9 obs_dist=-0.36m obs_s=17.12 ego_s=17.48 side=RIGHT | left_clearance=-0.40 right_clearance=0.51 candidate_valid=true rung=0 pre_dist=3.93m | cache_used=false path_age=0.000 path_points=101 planning_time_ms=4.6
1787390874.367 [STATIC_AVOID] obs_id=9 obs_dist=-0.29m obs_s=17.12 ego_s=17.41 side=RIGHT | left_clearance=-0.40 right_clearance=0.51 candidate_valid=true rung=0 pre_dist=3.86m | cache_used=false path_age=0.000 path_points=101 planning_time_ms=3.3
1787390874.869 [STATIC_AVOID] obs_id=- obs_dist=-m obs_s=- ego_s=17.29 side=- | left_clearance=- right_clearance=- candidate_valid=false rung=- pre_dist=-m | cache_used=false path_age=- path_points=0 planning_time_ms=1.2 | reason=no_static_obstacle_in_range | cache_reason=no_cache
1787390875.459 [STATIC_AVOID] obs_id=- obs_dist=-m obs_s=- ego_s=17.41 side=- | left_clearance=- right_clearance=- candidate_valid=false rung=- pre_dist=-m | cache_used=false path_age=- path_points=0 planning_time_ms=0.1 | reason=no_static_obstacle_in_range | cache_reason=no_cache
1787390875.960 [STATIC_AVOID] obs_id=- obs_dist=-m obs_s=- ego_s=17.73 side=- | left_clearance=- right_clearance=- candidate_valid=false rung=- pre_dist=-m | cache_used=false path_age=- path_points=0 planning_time_ms=0.1 | reason=no_static_obstacle_in_range | cache_reason=no_cache
1787390876.461 [STATIC_AVOID] obs_id=- obs_dist=-m obs_s=- ego_s=18.29 side=- | left_clearance=- right_clearance=- candidate_valid=false rung=- pre_dist=-m | cache_used=false path_age=- path_points=0 planning_time_ms=0.2 | reason=no_static_obstacle_in_range | cache_reason=no_cache
1787390876.970 [STATIC_AVOID] obs_id=- obs_dist=-m obs_s=- ego_s=19.51 side=- | left_clearance=- right_clearance=- candidate_valid=false rung=- pre_dist=-m | cache_used=false path_age=- path_points=0 planning_time_ms=0.1 | reason=no_static_obstacle_in_range | cache_reason=no_cache
1787390877.560 [STATIC_AVOID] obs_id=- obs_dist=-m obs_s=- ego_s=21.69 side=- | left_clearance=- right_clearance=- candidate_valid=false rung=- pre_dist=-m | cache_used=false path_age=- path_points=0 planning_time_ms=0.1 | reason=no_static_obstacle_in_range | cache_reason=no_cache
1787390878.066 [STATIC_AVOID] obs_id=- obs_dist=-m obs_s=- ego_s=23.40 side=- | left_clearance=- right_clearance=- candidate_valid=false rung=- pre_dist=-m | cache_used=false path_age=- path_points=0 planning_time_ms=0.1 | reason=no_static_obstacle_in_range | cache_reason=no_cache
1787390878.660 [STATIC_AVOID] obs_id=- obs_dist=-m obs_s=- ego_s=25.08 side=- | left_clearance=- right_clearance=- candidate_valid=false rung=- pre_dist=-m | cache_used=false path_age=- path_points=0 planning_time_ms=0.1 | reason=no_static_obstacle_in_range | cache_reason=no_cache
1787390879.164 [STATIC_AVOID] obs_id=10 obs_dist=2.46m obs_s=28.54 ego_s=26.08 side=RIGHT | left_clearance=-0.39 right_clearance=0.22 candidate_valid=true rung=0 pre_dist=2.91m | cache_used=false path_age=0.000 path_points=101 planning_time_ms=3.6
1787390879.664 [STATIC_AVOID] obs_id=10 obs_dist=0.73m obs_s=28.67 ego_s=27.93 side=RIGHT | left_clearance=-0.35 right_clearance=0.17 candidate_valid=true rung=0 pre_dist=3.03m | cache_used=false path_age=0.000 path_points=101 planning_time_ms=3.3
1787390880.167 [STATIC_AVOID] obs_id=10 obs_dist=-0.91m obs_s=28.77 ego_s=29.68 side=RIGHT | left_clearance=-0.19 right_clearance=0.24 candidate_valid=true rung=0 pre_dist=2.85m | cache_used=false path_age=0.000 path_points=101 planning_time_ms=4.6
1787390880.763 [STATIC_AVOID] obs_id=- obs_dist=-m obs_s=- ego_s=32.00 side=- | left_clearance=- right_clearance=- candidate_valid=false rung=- pre_dist=-m | cache_used=false path_age=- path_points=0 planning_time_ms=0.3 | reason=no_static_obstacle_in_range | cache_reason=no_cache
1787390881.361 [STATIC_AVOID] obs_id=- obs_dist=-m obs_s=- ego_s=34.59 side=- | left_clearance=- right_clearance=- candidate_valid=false rung=- pre_dist=-m | cache_used=false path_age=- path_points=0 planning_time_ms=0.1 | reason=no_static_obstacle_in_range | cache_reason=no_cache
1787390881.862 [STATIC_AVOID] obs_id=- obs_dist=-m obs_s=- ego_s=35.89 side=- | left_clearance=- right_clearance=- candidate_valid=false rung=- pre_dist=-m | cache_used=false path_age=- path_points=0 planning_time_ms=0.2 | reason=no_static_obstacle_in_range | cache_reason=no_cache
1787390882.362 [STATIC_AVOID] obs_id=- obs_dist=-m obs_s=- ego_s=37.51 side=- | left_clearance=- right_clearance=- candidate_valid=false rung=- pre_dist=-m | cache_used=false path_age=- path_points=0 planning_time_ms=0.1 | reason=no_static_obstacle_in_range | cache_reason=no_cache
1787390882.863 [STATIC_AVOID] obs_id=- obs_dist=-m obs_s=- ego_s=39.46 side=- | left_clearance=- right_clearance=- candidate_valid=false rung=- pre_dist=-m | cache_used=false path_age=- path_points=0 planning_time_ms=0.1 | reason=no_static_obstacle_in_range | cache_reason=no_cache
1787390883.465 [STATIC_AVOID] obs_id=- obs_dist=-m obs_s=- ego_s=40.91 side=- | left_clearance=- right_clearance=- candidate_valid=false rung=- pre_dist=-m | cache_used=false path_age=- path_points=0 planning_time_ms=0.1 | reason=no_static_obstacle_in_range | cache_reason=no_cache
1787390884.064 [STATIC_AVOID] obs_id=- obs_dist=-m obs_s=- ego_s=1.50 side=- | left_clearance=- right_clearance=- candidate_valid=false rung=- pre_dist=-m | cache_used=false path_age=- path_points=0 planning_time_ms=0.1 | reason=no_static_obstacle_in_range | cache_reason=no_cache
1787390884.660 [STATIC_AVOID] obs_id=- obs_dist=-m obs_s=- ego_s=4.34 side=- | left_clearance=- right_clearance=- candidate_valid=false rung=- pre_dist=-m | cache_used=false path_age=- path_points=0 planning_time_ms=0.1 | reason=no_static_obstacle_in_range | cache_reason=no_cache
1787390885.260 [STATIC_AVOID] obs_id=- obs_dist=-m obs_s=- ego_s=7.28 side=- | left_clearance=- right_clearance=- candidate_valid=false rung=- pre_dist=-m | cache_used=false path_age=- path_points=0 planning_time_ms=0.1 | reason=no_static_obstacle_in_range | cache_reason=no_cache
1787390885.763 [STATIC_AVOID] obs_id=- obs_dist=-m obs_s=- ego_s=9.59 side=- | left_clearance=- right_clearance=- candidate_valid=false rung=- pre_dist=-m | cache_used=false path_age=- path_points=0 planning_time_ms=0.1 | reason=no_static_obstacle_in_range | cache_reason=no_cache
1787390886.364 [STATIC_AVOID] obs_id=- obs_dist=-m obs_s=- ego_s=12.37 side=- | left_clearance=- right_clearance=- candidate_valid=false rung=- pre_dist=-m | cache_used=false path_age=- path_points=0 planning_time_ms=0.1 | reason=no_static_obstacle_in_range | cache_reason=no_cache
1787390886.865 [STATIC_AVOID] obs_id=11 obs_dist=2.73m obs_s=17.09 ego_s=14.36 side=RIGHT | left_clearance=-0.48 right_clearance=0.30 candidate_valid=true rung=0 pre_dist=2.73m | cache_used=false path_age=0.000 path_points=101 planning_time_ms=3.6
1787390887.369 [STATIC_AVOID] obs_id=11 obs_dist=1.02m obs_s=17.11 ego_s=16.09 side=RIGHT | left_clearance=-0.53 right_clearance=0.35 candidate_valid=true rung=0 pre_dist=2.75m | cache_used=false path_age=0.000 path_points=101 planning_time_ms=8.5
1787390887.966 [STATIC_AVOID] obs_id=11 obs_dist=-0.93m obs_s=17.16 ego_s=18.09 side=RIGHT | left_clearance=-0.46 right_clearance=0.48 candidate_valid=true rung=0 pre_dist=4.23m | cache_used=false path_age=0.000 path_points=101 planning_time_ms=3.5
1787390888.560 [STATIC_AVOID] obs_id=- obs_dist=-m obs_s=- ego_s=19.81 side=- | left_clearance=- right_clearance=- candidate_valid=false rung=- pre_dist=-m | cache_used=false path_age=- path_points=0 planning_time_ms=0.1 | reason=no_static_obstacle_in_range | cache_reason=no_cache
1787390889.064 [STATIC_AVOID] obs_id=- obs_dist=-m obs_s=- ego_s=20.67 side=- | left_clearance=- right_clearance=- candidate_valid=false rung=- pre_dist=-m | cache_used=false path_age=- path_points=0 planning_time_ms=0.1 | reason=no_static_obstacle_in_range | cache_reason=no_cache
1787390889.661 [STATIC_AVOID] obs_id=- obs_dist=-m obs_s=- ego_s=22.21 side=- | left_clearance=- right_clearance=- candidate_valid=false rung=- pre_dist=-m | cache_used=false path_age=- path_points=0 planning_time_ms=0.1 | reason=no_static_obstacle_in_range | cache_reason=no_cache
1787390890.262 [STATIC_AVOID] obs_id=- obs_dist=-m obs_s=- ego_s=24.18 side=- | left_clearance=- right_clearance=- candidate_valid=false rung=- pre_dist=-m | cache_used=false path_age=- path_points=0 planning_time_ms=0.1 | reason=no_static_obstacle_in_range | cache_reason=no_cache
1787390890.763 [STATIC_AVOID] obs_id=- obs_dist=-m obs_s=- ego_s=25.49 side=- | left_clearance=- right_clearance=- candidate_valid=false rung=- pre_dist=-m | cache_used=false path_age=- path_points=0 planning_time_ms=0.1 | reason=no_static_obstacle_in_range | cache_reason=no_cache
1787390891.264 [STATIC_AVOID] obs_id=12 obs_dist=1.98m obs_s=28.39 ego_s=26.41 side=RIGHT | left_clearance=-0.29 right_clearance=0.14 candidate_valid=true rung=0 pre_dist=2.70m | cache_used=false path_age=0.000 path_points=101 planning_time_ms=3.4
1787390891.768 [STATIC_AVOID] obs_id=12 obs_dist=0.42m obs_s=28.47 ego_s=28.05 side=RIGHT | left_clearance=-0.27 right_clearance=0.09 candidate_valid=true rung=0 pre_dist=2.86m | cache_used=false path_age=0.000 path_points=101 planning_time_ms=4.1
1787390892.368 [STATIC_AVOID] obs_id=12 obs_dist=-0.93m obs_s=28.54 ego_s=29.47 side=RIGHT | left_clearance=-0.16 right_clearance=0.16 candidate_valid=true rung=0 pre_dist=4.28m | cache_used=false path_age=0.000 path_points=101 planning_time_ms=7.4
1787390892.967 [STATIC_AVOID] obs_id=- obs_dist=-m obs_s=- ego_s=31.41 side=- | left_clearance=- right_clearance=- candidate_valid=false rung=- pre_dist=-m | cache_used=false path_age=- path_points=0 planning_time_ms=0.1 | reason=no_static_obstacle_in_range | cache_reason=no_cache
1787390893.566 [STATIC_AVOID] obs_id=- obs_dist=-m obs_s=- ego_s=34.36 side=- | left_clearance=- right_clearance=- candidate_valid=false rung=- pre_dist=-m | cache_used=false path_age=- path_points=0 planning_time_ms=0.1 | reason=no_static_obstacle_in_range | cache_reason=no_cache
1787390894.160 [STATIC_AVOID] obs_id=- obs_dist=-m obs_s=- ego_s=35.91 side=- | left_clearance=- right_clearance=- candidate_valid=false rung=- pre_dist=-m | cache_used=false path_age=- path_points=0 planning_time_ms=0.1 | reason=no_static_obstacle_in_range | cache_reason=no_cache
1787390894.663 [STATIC_AVOID] obs_id=- obs_dist=-m obs_s=- ego_s=37.44 side=- | left_clearance=- right_clearance=- candidate_valid=false rung=- pre_dist=-m | cache_used=false path_age=- path_points=0 planning_time_ms=0.2 | reason=no_static_obstacle_in_range | cache_reason=no_cache
1787390895.267 [STATIC_AVOID] obs_id=- obs_dist=-m obs_s=- ego_s=39.79 side=- | left_clearance=- right_clearance=- candidate_valid=false rung=- pre_dist=-m | cache_used=false path_age=- path_points=0 planning_time_ms=2.5 | reason=no_static_obstacle_in_range | cache_reason=no_cache
1787390895.860 [STATIC_AVOID] obs_id=- obs_dist=-m obs_s=- ego_s=41.10 side=- | left_clearance=- right_clearance=- candidate_valid=false rung=- pre_dist=-m | cache_used=false path_age=- path_points=0 planning_time_ms=0.1 | reason=no_static_obstacle_in_range | cache_reason=no_cache
1787390896.361 [STATIC_AVOID] obs_id=- obs_dist=-m obs_s=- ego_s=1.42 side=- | left_clearance=- right_clearance=- candidate_valid=false rung=- pre_dist=-m | cache_used=false path_age=- path_points=0 planning_time_ms=0.1 | reason=no_static_obstacle_in_range | cache_reason=no_cache
1787390896.970 [STATIC_AVOID] obs_id=- obs_dist=-m obs_s=- ego_s=4.01 side=- | left_clearance=- right_clearance=- candidate_valid=false rung=- pre_dist=-m | cache_used=false path_age=- path_points=0 planning_time_ms=1.2 | reason=no_static_obstacle_in_range | cache_reason=no_cache
1787390897.580 [STATIC_AVOID] obs_id=- obs_dist=-m obs_s=- ego_s=6.66 side=- | left_clearance=- right_clearance=- candidate_valid=false rung=- pre_dist=-m | cache_used=false path_age=- path_points=0 planning_time_ms=0.1 | reason=no_static_obstacle_in_range | cache_reason=no_cache
1787390898.162 [STATIC_AVOID] obs_id=- obs_dist=-m obs_s=- ego_s=9.76 side=- | left_clearance=- right_clearance=- candidate_valid=false rung=- pre_dist=-m | cache_used=false path_age=- path_points=0 planning_time_ms=0.1 | reason=no_static_obstacle_in_range | cache_reason=no_cache
1787390898.764 [STATIC_AVOID] obs_id=- obs_dist=-m obs_s=- ego_s=12.66 side=- | left_clearance=- right_clearance=- candidate_valid=false rung=- pre_dist=-m | cache_used=false path_age=- path_points=0 planning_time_ms=0.1 | reason=no_static_obstacle_in_range | cache_reason=no_cache
1787390899.279 [STATIC_AVOID] obs_id=14 obs_dist=2.70m obs_s=17.22 ego_s=14.52 side=LEFT | left_clearance=-0.17 right_clearance=-0.07 candidate_valid=true rung=0 pre_dist=3.40m | cache_used=false path_age=0.000 path_points=101 planning_time_ms=4.0
1787390899.865 [STATIC_AVOID] obs_id=14 obs_dist=0.68m obs_s=17.26 ego_s=16.57 side=RIGHT | left_clearance=-0.20 right_clearance=-0.02 candidate_valid=true rung=0 pre_dist=2.01m | cache_used=false path_age=0.000 path_points=101 planning_time_ms=3.8
1787390900.366 [STATIC_AVOID] obs_id=15 obs_dist=0.09m obs_s=18.42 ego_s=18.33 side=LEFT | left_clearance=0.24 right_clearance=-0.38 candidate_valid=true rung=0 pre_dist=2.00m | cache_used=false path_age=0.000 path_points=101 planning_time_ms=3.9
1787390900.970 [STATIC_AVOID] obs_id=- obs_dist=-m obs_s=- ego_s=20.18 side=- | left_clearance=- right_clearance=- candidate_valid=false rung=- pre_dist=-m | cache_used=false path_age=- path_points=0 planning_time_ms=4.7 | reason=no_static_obstacle_in_range | cache_reason=no_cache
1787390901.562 [STATIC_AVOID] obs_id=- obs_dist=-m obs_s=- ego_s=22.37 side=- | left_clearance=- right_clearance=- candidate_valid=false rung=- pre_dist=-m | cache_used=false path_age=- path_points=0 planning_time_ms=0.1 | reason=no_static_obstacle_in_range | cache_reason=no_cache
1787390902.066 [STATIC_AVOID] obs_id=- obs_dist=-m obs_s=- ego_s=24.00 side=- | left_clearance=- right_clearance=- candidate_valid=false rung=- pre_dist=-m | cache_used=false path_age=- path_points=0 planning_time_ms=0.1 | reason=no_static_obstacle_in_range | cache_reason=no_cache
1787390902.661 [STATIC_AVOID] obs_id=- obs_dist=-m obs_s=- ego_s=25.52 side=- | left_clearance=- right_clearance=- candidate_valid=false rung=- pre_dist=-m | cache_used=false path_age=- path_points=0 planning_time_ms=0.1 | reason=no_static_obstacle_in_range | cache_reason=no_cache
1787390903.169 [STATIC_AVOID] obs_id=16 obs_dist=2.76m obs_s=29.08 ego_s=26.32 side=RIGHT | left_clearance=-0.27 right_clearance=0.24 candidate_valid=true rung=0 pre_dist=2.76m | cache_used=false path_age=0.000 path_points=101 planning_time_ms=6.9
1787390903.767 [STATIC_AVOID] obs_id=16 obs_dist=1.65m obs_s=29.23 ego_s=27.58 side=RIGHT | left_clearance=-0.16 right_clearance=0.11 candidate_valid=true rung=0 pre_dist=2.91m | cache_used=false path_age=0.000 path_points=101 planning_time_ms=4.2
1787390904.364 [STATIC_AVOID] obs_id=16 obs_dist=0.34m obs_s=29.41 ego_s=29.08 side=RIGHT | left_clearance=-0.05 right_clearance=-0.05 candidate_valid=true rung=0 pre_dist=2.31m | cache_used=false path_age=0.000 path_points=101 planning_time_ms=4.5
1787390904.870 [STATIC_AVOID] obs_id=16 obs_dist=-0.63m obs_s=29.61 ego_s=30.25 side=RIGHT | left_clearance=-0.07 right_clearance=0.10 candidate_valid=true rung=0 pre_dist=3.48m | cache_used=false path_age=0.000 path_points=101 planning_time_ms=5.0
1787390905.467 [STATIC_AVOID] obs_id=- obs_dist=-m obs_s=- ego_s=32.13 side=- | left_clearance=- right_clearance=- candidate_valid=false rung=- pre_dist=-m | cache_used=false path_age=- path_points=0 planning_time_ms=0.1 | reason=no_static_obstacle_in_range | cache_reason=no_cache
1787390906.060 [STATIC_AVOID] obs_id=- obs_dist=-m obs_s=- ego_s=34.62 side=- | left_clearance=- right_clearance=- candidate_valid=false rung=- pre_dist=-m | cache_used=false path_age=- path_points=0 planning_time_ms=0.1 | reason=no_static_obstacle_in_range | cache_reason=no_cache
1787390906.561 [STATIC_AVOID] obs_id=- obs_dist=-m obs_s=- ego_s=35.91 side=- | left_clearance=- right_clearance=- candidate_valid=false rung=- pre_dist=-m | cache_used=false path_age=- path_points=0 planning_time_ms=0.2 | reason=no_static_obstacle_in_range | cache_reason=no_cache
1787390907.081 [STATIC_AVOID] obs_id=- obs_dist=-m obs_s=- ego_s=37.53 side=- | left_clearance=- right_clearance=- candidate_valid=false rung=- pre_dist=-m | cache_used=false path_age=- path_points=0 planning_time_ms=0.1 | reason=no_static_obstacle_in_range | cache_reason=no_cache
1787390907.664 [STATIC_AVOID] obs_id=- obs_dist=-m obs_s=- ego_s=39.72 side=- | left_clearance=- right_clearance=- candidate_valid=false rung=- pre_dist=-m | cache_used=false path_age=- path_points=0 planning_time_ms=0.1 | reason=no_static_obstacle_in_range | cache_reason=no_cache
1787390908.262 [STATIC_AVOID] obs_id=- obs_dist=-m obs_s=- ego_s=41.09 side=- | left_clearance=- right_clearance=- candidate_valid=false rung=- pre_dist=-m | cache_used=false path_age=- path_points=0 planning_time_ms=0.1 | reason=no_static_obstacle_in_range | cache_reason=no_cache
1787390908.763 [STATIC_AVOID] obs_id=- obs_dist=-m obs_s=- ego_s=1.53 side=- | left_clearance=- right_clearance=- candidate_valid=false rung=- pre_dist=-m | cache_used=false path_age=- path_points=0 planning_time_ms=0.1 | reason=no_static_obstacle_in_range | cache_reason=no_cache
1787390909.360 [STATIC_AVOID] obs_id=- obs_dist=-m obs_s=- ego_s=4.39 side=- | left_clearance=- right_clearance=- candidate_valid=false rung=- pre_dist=-m | cache_used=false path_age=- path_points=0 planning_time_ms=0.1 | reason=no_static_obstacle_in_range | cache_reason=no_cache
1787390909.862 [STATIC_AVOID] obs_id=- obs_dist=-m obs_s=- ego_s=6.70 side=- | left_clearance=- right_clearance=- candidate_valid=false rung=- pre_dist=-m | cache_used=false path_age=- path_points=0 planning_time_ms=0.1 | reason=no_static_obstacle_in_range | cache_reason=no_cache
1787390910.363 [STATIC_AVOID] obs_id=- obs_dist=-m obs_s=- ego_s=8.96 side=- | left_clearance=- right_clearance=- candidate_valid=false rung=- pre_dist=-m | cache_used=false path_age=- path_points=0 planning_time_ms=0.1 | reason=no_static_obstacle_in_range | cache_reason=no_cache
1787390910.865 [STATIC_AVOID] obs_id=- obs_dist=-m obs_s=- ego_s=11.55 side=- | left_clearance=- right_clearance=- candidate_valid=false rung=- pre_dist=-m | cache_used=false path_age=- path_points=0 planning_time_ms=0.1 | reason=no_static_obstacle_in_range | cache_reason=no_cache
1787390911.368 [STATIC_AVOID] obs_id=21 obs_dist=2.69m obs_s=16.37 ego_s=13.69 side=RIGHT | left_clearance=-0.37 right_clearance=0.23 candidate_valid=true rung=0 pre_dist=2.69m | cache_used=false path_age=0.000 path_points=101 planning_time_ms=3.8
1787390911.965 [STATIC_AVOID] obs_id=21 obs_dist=0.65m obs_s=16.41 ego_s=15.75 side=RIGHT | left_clearance=-0.59 right_clearance=0.37 candidate_valid=true rung=0 pre_dist=2.72m | cache_used=false path_age=0.000 path_points=101 planning_time_ms=3.9
1787390912.484 [STATIC_AVOID] obs_id=21 obs_dist=-0.78m obs_s=16.42 ego_s=17.20 side=RIGHT | left_clearance=-0.47 right_clearance=0.52 candidate_valid=true rung=0 pre_dist=4.02m | cache_used=false path_age=0.000 path_points=101 planning_time_ms=3.5
1787390913.066 [STATIC_AVOID] obs_id=- obs_dist=-m obs_s=- ego_s=17.49 side=- | left_clearance=- right_clearance=- candidate_valid=false rung=- pre_dist=-m | cache_used=false path_age=- path_points=0 planning_time_ms=0.1 | reason=no_static_obstacle_in_range | cache_reason=no_cache
1787390913.661 [STATIC_AVOID] obs_id=- obs_dist=-m obs_s=- ego_s=17.45 side=- | left_clearance=- right_clearance=- candidate_valid=false rung=- pre_dist=-m | cache_used=false path_age=- path_points=0 planning_time_ms=0.1 | reason=no_static_obstacle_in_range | cache_reason=no_cache
1787390914.163 [STATIC_AVOID] obs_id=- obs_dist=-m obs_s=- ego_s=17.29 side=- | left_clearance=- right_clearance=- candidate_valid=false rung=- pre_dist=-m | cache_used=false path_age=- path_points=0 planning_time_ms=0.3 | reason=no_static_obstacle_in_range | cache_reason=obstacle_gone
1787390914.759 [STATIC_AVOID] obs_id=- obs_dist=-m obs_s=- ego_s=17.32 side=- | left_clearance=- right_clearance=- candidate_valid=false rung=- pre_dist=-m | cache_used=false path_age=- path_points=0 planning_time_ms=0.1 | reason=no_static_obstacle_in_range | cache_reason=no_cache
1787390915.260 [STATIC_AVOID] obs_id=- obs_dist=-m obs_s=- ego_s=17.53 side=- | left_clearance=- right_clearance=- candidate_valid=false rung=- pre_dist=-m | cache_used=false path_age=- path_points=0 planning_time_ms=0.1 | reason=no_static_obstacle_in_range | cache_reason=no_cache
1787390915.860 [STATIC_AVOID] obs_id=- obs_dist=-m obs_s=- ego_s=18.22 side=- | left_clearance=- right_clearance=- candidate_valid=false rung=- pre_dist=-m | cache_used=false path_age=- path_points=0 planning_time_ms=0.1 | reason=no_static_obstacle_in_range | cache_reason=no_cache
1787390916.361 [STATIC_AVOID] obs_id=- obs_dist=-m obs_s=- ego_s=19.35 side=- | left_clearance=- right_clearance=- candidate_valid=false rung=- pre_dist=-m | cache_used=false path_age=- path_points=0 planning_time_ms=0.1 | reason=no_static_obstacle_in_range | cache_reason=no_cache
1787390916.962 [STATIC_AVOID] obs_id=- obs_dist=-m obs_s=- ego_s=21.46 side=- | left_clearance=- right_clearance=- candidate_valid=false rung=- pre_dist=-m | cache_used=false path_age=- path_points=0 planning_time_ms=0.1 | reason=no_static_obstacle_in_range | cache_reason=no_cache
1787390917.485 [STATIC_AVOID] obs_id=22 obs_dist=2.56m obs_s=25.78 ego_s=23.22 side=LEFT | left_clearance=-0.18 right_clearance=0.11 candidate_valid=true rung=1 pre_dist=3.16m | cache_used=false path_age=0.000 path_points=101 planning_time_ms=20.4
1787390918.079 [STATIC_AVOID] obs_id=22 obs_dist=1.35m obs_s=25.80 ego_s=24.45 side=LEFT | left_clearance=-0.22 right_clearance=0.15 candidate_valid=true rung=1 pre_dist=3.18m | cache_used=false path_age=0.000 path_points=101 planning_time_ms=17.2
1787390918.680 [STATIC_AVOID] obs_id=22 obs_dist=0.30m obs_s=25.85 ego_s=25.55 side=LEFT | left_clearance=-0.33 right_clearance=0.04 candidate_valid=true rung=1 pre_dist=3.43m | cache_used=false path_age=0.000 path_points=101 planning_time_ms=14.1
1787390919.268 [STATIC_AVOID] obs_id=22 obs_dist=-0.39m obs_s=25.93 ego_s=26.32 side=RIGHT | left_clearance=-0.17 right_clearance=0.21 candidate_valid=true rung=0 pre_dist=4.20m | cache_used=false path_age=0.000 path_points=101 planning_time_ms=5.1
1787390919.863 [STATIC_AVOID] obs_id=- obs_dist=-m obs_s=- ego_s=27.82 side=- | left_clearance=- right_clearance=- candidate_valid=false rung=- pre_dist=-m | cache_used=false path_age=- path_points=0 planning_time_ms=0.2 | reason=no_static_obstacle_in_range | cache_reason=no_cache
1787390920.465 [STATIC_AVOID] obs_id=- obs_dist=-m obs_s=- ego_s=30.21 side=- | left_clearance=- right_clearance=- candidate_valid=false rung=- pre_dist=-m | cache_used=false path_age=- path_points=0 planning_time_ms=0.3 | reason=no_static_obstacle_in_range | cache_reason=no_cache
1787390920.970 [STATIC_AVOID] obs_id=- obs_dist=-m obs_s=- ego_s=32.76 side=- | left_clearance=- right_clearance=- candidate_valid=false rung=- pre_dist=-m | cache_used=false path_age=- path_points=0 planning_time_ms=0.1 | reason=no_static_obstacle_in_range | cache_reason=no_cache
1787390921.564 [STATIC_AVOID] obs_id=- obs_dist=-m obs_s=- ego_s=34.99 side=- | left_clearance=- right_clearance=- candidate_valid=false rung=- pre_dist=-m | cache_used=false path_age=- path_points=0 planning_time_ms=0.2 | reason=no_static_obstacle_in_range | cache_reason=no_cache
1787390922.161 [STATIC_AVOID] obs_id=- obs_dist=-m obs_s=- ego_s=36.58 side=- | left_clearance=- right_clearance=- candidate_valid=false rung=- pre_dist=-m | cache_used=false path_age=- path_points=0 planning_time_ms=0.1 | reason=no_static_obstacle_in_range | cache_reason=no_cache
1787390922.663 [STATIC_AVOID] obs_id=- obs_dist=-m obs_s=- ego_s=38.32 side=- | left_clearance=- right_clearance=- candidate_valid=false rung=- pre_dist=-m | cache_used=false path_age=- path_points=0 planning_time_ms=0.1 | reason=no_static_obstacle_in_range | cache_reason=no_cache
1787390923.260 [STATIC_AVOID] obs_id=- obs_dist=-m obs_s=- ego_s=40.38 side=- | left_clearance=- right_clearance=- candidate_valid=false rung=- pre_dist=-m | cache_used=false path_age=- path_points=0 planning_time_ms=0.1 | reason=no_static_obstacle_in_range | cache_reason=no_cache
1787390923.761 [STATIC_AVOID] obs_id=- obs_dist=-m obs_s=- ego_s=0.15 side=- | left_clearance=- right_clearance=- candidate_valid=false rung=- pre_dist=-m | cache_used=false path_age=- path_points=0 planning_time_ms=0.1 | reason=no_static_obstacle_in_range | cache_reason=no_cache
1787390924.264 [STATIC_AVOID] obs_id=- obs_dist=-m obs_s=- ego_s=1.54 side=- | left_clearance=- right_clearance=- candidate_valid=false rung=- pre_dist=-m | cache_used=false path_age=- path_points=0 planning_time_ms=0.1 | reason=no_static_obstacle_in_range | cache_reason=no_cache
1787390924.863 [STATIC_AVOID] obs_id=- obs_dist=-m obs_s=- ego_s=3.99 side=- | left_clearance=- right_clearance=- candidate_valid=false rung=- pre_dist=-m | cache_used=false path_age=- path_points=0 planning_time_ms=0.1 | reason=no_static_obstacle_in_range | cache_reason=no_cache
1787390925.464 [STATIC_AVOID] obs_id=- obs_dist=-m obs_s=- ego_s=6.15 side=- | left_clearance=- right_clearance=- candidate_valid=false rung=- pre_dist=-m | cache_used=false path_age=- path_points=0 planning_time_ms=1.1 | reason=no_static_obstacle_in_range | cache_reason=no_cache
1787390925.965 [STATIC_AVOID] obs_id=23 obs_dist=7.20m obs_s=14.50 ego_s=7.30 side=RIGHT | left_clearance=-0.17 right_clearance=0.26 candidate_valid=true rung=0 pre_dist=4.00m | cache_used=false path_age=0.000 path_points=132 planning_time_ms=4.7
1787390926.472 [STATIC_AVOID] obs_id=- obs_dist=-m obs_s=- ego_s=8.67 side=- | left_clearance=- right_clearance=- candidate_valid=false rung=- pre_dist=-m | cache_used=false path_age=- path_points=0 planning_time_ms=0.1 | reason=no_static_obstacle_in_range | cache_reason=no_cache
1787390927.070 [STATIC_AVOID] obs_id=- obs_dist=-m obs_s=- ego_s=11.14 side=- | left_clearance=- right_clearance=- candidate_valid=false rung=- pre_dist=-m | cache_used=false path_age=- path_points=0 planning_time_ms=0.1 | reason=no_static_obstacle_in_range | cache_reason=no_cache
1787390927.667 [STATIC_AVOID] obs_id=24 obs_dist=2.25m obs_s=15.67 ego_s=13.43 side=RIGHT | left_clearance=-0.45 right_clearance=0.30 candidate_valid=true rung=0 pre_dist=3.60m | cache_used=false path_age=0.000 path_points=101 planning_time_ms=6.5
1787390928.266 [STATIC_AVOID] obs_id=24 obs_dist=0.18m obs_s=15.61 ego_s=15.42 side=RIGHT | left_clearance=-0.52 right_clearance=0.32 candidate_valid=true rung=0 pre_dist=3.85m | cache_used=false path_age=0.000 path_points=101 planning_time_ms=3.8
1787390928.865 [STATIC_AVOID] obs_id=- obs_dist=-m obs_s=- ego_s=17.69 side=- | left_clearance=- right_clearance=- candidate_valid=false rung=- pre_dist=-m | cache_used=false path_age=- path_points=0 planning_time_ms=0.1 | reason=no_static_obstacle_in_range | cache_reason=no_cache
1787390929.460 [STATIC_AVOID] obs_id=- obs_dist=-m obs_s=- ego_s=19.89 side=- | left_clearance=- right_clearance=- candidate_valid=false rung=- pre_dist=-m | cache_used=false path_age=- path_points=0 planning_time_ms=0.1 | reason=no_static_obstacle_in_range | cache_reason=no_cache
1787390929.964 [STATIC_AVOID] obs_id=- obs_dist=-m obs_s=- ego_s=21.77 side=- | left_clearance=- right_clearance=- candidate_valid=false rung=- pre_dist=-m | cache_used=false path_age=- path_points=0 planning_time_ms=0.1 | reason=no_static_obstacle_in_range | cache_reason=no_cache
1787390930.473 [STATIC_AVOID] obs_id=26 obs_dist=2.42m obs_s=25.78 ego_s=23.36 side=RIGHT | left_clearance=-0.21 right_clearance=0.16 candidate_valid=true rung=0 pre_dist=2.82m | cache_used=false path_age=0.000 path_points=101 planning_time_ms=3.6
1787390930.986 [STATIC_AVOID] obs_id=26 obs_dist=1.33m obs_s=25.82 ego_s=24.48 side=RIGHT | left_clearance=-0.22 right_clearance=0.17 candidate_valid=true rung=0 pre_dist=2.86m | cache_used=false path_age=0.000 path_points=101 planning_time_ms=17.9
1787390931.566 [STATIC_AVOID] obs_id=26 obs_dist=0.47m obs_s=25.85 ego_s=25.38 side=RIGHT | left_clearance=-0.34 right_clearance=0.06 candidate_valid=true rung=0 pre_dist=2.92m | cache_used=false path_age=0.000 path_points=101 planning_time_ms=3.5
1787390932.083 [STATIC_AVOID] obs_id=26 obs_dist=0.36m obs_s=25.91 ego_s=25.56 side=LEFT | left_clearance=-0.22 right_clearance=0.28 candidate_valid=true rung=1 pre_dist=3.10m | cache_used=false path_age=0.000 path_points=101 planning_time_ms=14.2
1787390932.667 [STATIC_AVOID] obs_id=26 obs_dist=-0.53m obs_s=25.86 ego_s=26.39 side=RIGHT | left_clearance=-0.22 right_clearance=0.33 candidate_valid=true rung=0 pre_dist=3.93m | cache_used=false path_age=0.000 path_points=101 planning_time_ms=5.6
1787390933.267 [STATIC_AVOID] obs_id=- obs_dist=-m obs_s=- ego_s=27.57 side=- | left_clearance=- right_clearance=- candidate_valid=false rung=- pre_dist=-m | cache_used=false path_age=- path_points=0 planning_time_ms=6.6 | reason=no_static_obstacle_in_range | cache_reason=no_cache
1787390933.862 [STATIC_AVOID] obs_id=- obs_dist=-m obs_s=- ego_s=29.65 side=- | left_clearance=- right_clearance=- candidate_valid=false rung=- pre_dist=-m | cache_used=false path_age=- path_points=0 planning_time_ms=0.1 | reason=no_static_obstacle_in_range | cache_reason=no_cache
1787390934.464 [STATIC_AVOID] obs_id=- obs_dist=-m obs_s=- ego_s=32.22 side=- | left_clearance=- right_clearance=- candidate_valid=false rung=- pre_dist=-m | cache_used=false path_age=- path_points=0 planning_time_ms=0.1 | reason=no_static_obstacle_in_range | cache_reason=no_cache
1787390934.969 [STATIC_AVOID] obs_id=- obs_dist=-m obs_s=- ego_s=34.51 side=- | left_clearance=- right_clearance=- candidate_valid=false rung=- pre_dist=-m | cache_used=false path_age=- path_points=0 planning_time_ms=2.5 | reason=no_static_obstacle_in_range | cache_reason=no_cache
1787390935.564 [STATIC_AVOID] obs_id=- obs_dist=-m obs_s=- ego_s=36.08 side=- | left_clearance=- right_clearance=- candidate_valid=false rung=- pre_dist=-m | cache_used=false path_age=- path_points=0 planning_time_ms=0.1 | reason=no_static_obstacle_in_range | cache_reason=no_cache
1787390936.068 [STATIC_AVOID] obs_id=- obs_dist=-m obs_s=- ego_s=37.69 side=- | left_clearance=- right_clearance=- candidate_valid=false rung=- pre_dist=-m | cache_used=false path_age=- path_points=0 planning_time_ms=0.1 | reason=no_static_obstacle_in_range | cache_reason=no_cache
1787390936.667 [STATIC_AVOID] obs_id=- obs_dist=-m obs_s=- ego_s=39.92 side=- | left_clearance=- right_clearance=- candidate_valid=false rung=- pre_dist=-m | cache_used=false path_age=- path_points=0 planning_time_ms=0.1 | reason=no_static_obstacle_in_range | cache_reason=no_cache
1787390937.260 [STATIC_AVOID] obs_id=- obs_dist=-m obs_s=- ego_s=0.00 side=- | left_clearance=- right_clearance=- candidate_valid=false rung=- pre_dist=-m | cache_used=false path_age=- path_points=0 planning_time_ms=0.1 | reason=no_static_obstacle_in_range | cache_reason=no_cache
1787390937.764 [STATIC_AVOID] obs_id=- obs_dist=-m obs_s=- ego_s=1.59 side=- | left_clearance=- right_clearance=- candidate_valid=false rung=- pre_dist=-m | cache_used=false path_age=- path_points=0 planning_time_ms=0.1 | reason=no_static_obstacle_in_range | cache_reason=no_cache
1787390938.362 [STATIC_AVOID] obs_id=- obs_dist=-m obs_s=- ego_s=3.97 side=- | left_clearance=- right_clearance=- candidate_valid=false rung=- pre_dist=-m | cache_used=false path_age=- path_points=0 planning_time_ms=0.1 | reason=no_static_obstacle_in_range | cache_reason=no_cache
1787390938.961 [STATIC_AVOID] obs_id=- obs_dist=-m obs_s=- ego_s=5.98 side=- | left_clearance=- right_clearance=- candidate_valid=false rung=- pre_dist=-m | cache_used=false path_age=- path_points=0 planning_time_ms=0.1 | reason=no_static_obstacle_in_range | cache_reason=no_cache
1787390939.463 [STATIC_AVOID] obs_id=- obs_dist=-m obs_s=- ego_s=7.30 side=- | left_clearance=- right_clearance=- candidate_valid=false rung=- pre_dist=-m | cache_used=false path_age=- path_points=0 planning_time_ms=0.1 | reason=no_static_obstacle_in_range | cache_reason=no_cache
1787390939.966 [STATIC_AVOID] obs_id=- obs_dist=-m obs_s=- ego_s=9.70 side=- | left_clearance=- right_clearance=- candidate_valid=false rung=- pre_dist=-m | cache_used=false path_age=- path_points=0 planning_time_ms=0.1 | reason=no_static_obstacle_in_range | cache_reason=no_cache
1787390940.570 [STATIC_AVOID] obs_id=- obs_dist=-m obs_s=- ego_s=12.50 side=- | left_clearance=- right_clearance=- candidate_valid=false rung=- pre_dist=-m | cache_used=false path_age=- path_points=0 planning_time_ms=0.1 | reason=no_static_obstacle_in_range | cache_reason=no_cache
1787390941.161 [STATIC_AVOID] obs_id=32 obs_dist=1.21m obs_s=15.84 ego_s=14.63 side=- | left_clearance=- right_clearance=- candidate_valid=false rung=- pre_dist=-m | cache_used=false path_age=- path_points=0 planning_time_ms=0.3 | reason=raceline_already_clear | cache_reason=cache_expired
1787390941.662 [STATIC_AVOID] obs_id=- obs_dist=-m obs_s=- ego_s=15.84 side=- | left_clearance=- right_clearance=- candidate_valid=false rung=- pre_dist=-m | cache_used=false path_age=- path_points=0 planning_time_ms=0.1 | reason=no_static_obstacle_in_range | cache_reason=no_cache
1787390942.264 [STATIC_AVOID] obs_id=- obs_dist=-m obs_s=- ego_s=17.38 side=- | left_clearance=- right_clearance=- candidate_valid=false rung=- pre_dist=-m | cache_used=false path_age=- path_points=0 planning_time_ms=0.1 | reason=no_static_obstacle_in_range | cache_reason=no_cache
1787390942.771 [STATIC_AVOID] obs_id=- obs_dist=-m obs_s=- ego_s=18.72 side=- | left_clearance=- right_clearance=- candidate_valid=false rung=- pre_dist=-m | cache_used=false path_age=- path_points=0 planning_time_ms=0.1 | reason=no_static_obstacle_in_range | cache_reason=no_cache
1787390943.360 [STATIC_AVOID] obs_id=- obs_dist=-m obs_s=- ego_s=20.28 side=- | left_clearance=- right_clearance=- candidate_valid=false rung=- pre_dist=-m | cache_used=false path_age=- path_points=0 planning_time_ms=0.1 | reason=no_static_obstacle_in_range | cache_reason=no_cache
1787390943.862 [STATIC_AVOID] obs_id=- obs_dist=-m obs_s=- ego_s=21.58 side=- | left_clearance=- right_clearance=- candidate_valid=false rung=- pre_dist=-m | cache_used=false path_age=- path_points=0 planning_time_ms=0.1 | reason=no_static_obstacle_in_range | cache_reason=no_cache
1787390944.363 [STATIC_AVOID] obs_id=33 obs_dist=2.63m obs_s=25.80 ego_s=23.16 side=RIGHT | left_clearance=-0.23 right_clearance=0.18 candidate_valid=true rung=0 pre_dist=2.63m | cache_used=false path_age=0.000 path_points=101 planning_time_ms=3.3
1787390944.867 [STATIC_AVOID] obs_id=33 obs_dist=1.20m obs_s=25.84 ego_s=24.64 side=RIGHT | left_clearance=-0.44 right_clearance=0.12 candidate_valid=false rung=- pre_dist=2.68m | cache_used=false path_age=- path_points=0 planning_time_ms=6.2 | reason=track_too_narrow | cache_reason=no_cache
1787390945.368 [STATIC_AVOID] obs_id=33 obs_dist=0.24m obs_s=25.91 ego_s=25.67 side=RIGHT | left_clearance=-0.47 right_clearance=0.22 candidate_valid=true rung=0 pre_dist=3.01m | cache_used=false path_age=0.000 path_points=101 planning_time_ms=6.4
1787390945.963 [STATIC_AVOID] obs_id=33 obs_dist=-0.54m obs_s=25.95 ego_s=26.49 side=RIGHT | left_clearance=-0.31 right_clearance=0.37 candidate_valid=true rung=0 pre_dist=3.83m | cache_used=false path_age=0.000 path_points=101 planning_time_ms=3.3
1787390946.466 [STATIC_AVOID] obs_id=- obs_dist=-m obs_s=- ego_s=28.38 side=- | left_clearance=- right_clearance=- candidate_valid=false rung=- pre_dist=-m | cache_used=false path_age=- path_points=0 planning_time_ms=0.1 | reason=no_static_obstacle_in_range | cache_reason=no_cache
1787390946.970 [STATIC_AVOID] obs_id=- obs_dist=-m obs_s=- ego_s=30.42 side=- | left_clearance=- right_clearance=- candidate_valid=false rung=- pre_dist=-m | cache_used=false path_age=- path_points=0 planning_time_ms=1.6 | reason=no_static_obstacle_in_range | cache_reason=no_cache
1787390947.560 [STATIC_AVOID] obs_id=- obs_dist=-m obs_s=- ego_s=32.96 side=- | left_clearance=- right_clearance=- candidate_valid=false rung=- pre_dist=-m | cache_used=false path_age=- path_points=0 planning_time_ms=0.1 | reason=no_static_obstacle_in_range | cache_reason=no_cache
1787390948.068 [STATIC_AVOID] obs_id=- obs_dist=-m obs_s=- ego_s=34.73 side=- | left_clearance=- right_clearance=- candidate_valid=false rung=- pre_dist=-m | cache_used=false path_age=- path_points=0 planning_time_ms=0.2 | reason=no_static_obstacle_in_range | cache_reason=no_cache
1787390948.661 [STATIC_AVOID] obs_id=- obs_dist=-m obs_s=- ego_s=36.20 side=- | left_clearance=- right_clearance=- candidate_valid=false rung=- pre_dist=-m | cache_used=false path_age=- path_points=0 planning_time_ms=0.1 | reason=no_static_obstacle_in_range | cache_reason=no_cache
1787390949.161 [STATIC_AVOID] obs_id=- obs_dist=-m obs_s=- ego_s=37.80 side=- | left_clearance=- right_clearance=- candidate_valid=false rung=- pre_dist=-m | cache_used=false path_age=- path_points=0 planning_time_ms=0.1 | reason=no_static_obstacle_in_range | cache_reason=no_cache
1787390949.761 [STATIC_AVOID] obs_id=- obs_dist=-m obs_s=- ego_s=40.10 side=- | left_clearance=- right_clearance=- candidate_valid=false rung=- pre_dist=-m | cache_used=false path_age=- path_points=0 planning_time_ms=0.1 | reason=no_static_obstacle_in_range | cache_reason=no_cache
1787390950.262 [STATIC_AVOID] obs_id=- obs_dist=-m obs_s=- ego_s=41.06 side=- | left_clearance=- right_clearance=- candidate_valid=false rung=- pre_dist=-m | cache_used=false path_age=- path_points=0 planning_time_ms=0.1 | reason=no_static_obstacle_in_range | cache_reason=no_cache
1787390950.860 [STATIC_AVOID] obs_id=- obs_dist=-m obs_s=- ego_s=1.57 side=- | left_clearance=- right_clearance=- candidate_valid=false rung=- pre_dist=-m | cache_used=false path_age=- path_points=0 planning_time_ms=0.1 | reason=no_static_obstacle_in_range | cache_reason=no_cache
1787390951.362 [STATIC_AVOID] obs_id=- obs_dist=-m obs_s=- ego_s=3.86 side=- | left_clearance=- right_clearance=- candidate_valid=false rung=- pre_dist=-m | cache_used=false path_age=- path_points=0 planning_time_ms=0.1 | reason=no_static_obstacle_in_range | cache_reason=no_cache
1787390951.962 [STATIC_AVOID] obs_id=- obs_dist=-m obs_s=- ego_s=6.75 side=- | left_clearance=- right_clearance=- candidate_valid=false rung=- pre_dist=-m | cache_used=false path_age=- path_points=0 planning_time_ms=0.1 | reason=no_static_obstacle_in_range | cache_reason=no_cache
1787390952.563 [STATIC_AVOID] obs_id=- obs_dist=-m obs_s=- ego_s=9.60 side=- | left_clearance=- right_clearance=- candidate_valid=false rung=- pre_dist=-m | cache_used=false path_age=- path_points=0 planning_time_ms=0.1 | reason=no_static_obstacle_in_range | cache_reason=no_cache
1787390953.159 [STATIC_AVOID] obs_id=- obs_dist=-m obs_s=- ego_s=12.63 side=- | left_clearance=- right_clearance=- candidate_valid=false rung=- pre_dist=-m | cache_used=false path_age=- path_points=0 planning_time_ms=0.1 | reason=no_static_obstacle_in_range | cache_reason=no_cache
1787390953.665 [STATIC_AVOID] obs_id=35 obs_dist=2.41m obs_s=16.80 ego_s=14.39 side=RIGHT | left_clearance=-0.40 right_clearance=0.20 candidate_valid=true rung=0 pre_dist=3.01m | cache_used=false path_age=0.000 path_points=101 planning_time_ms=5.0
1787390954.165 [STATIC_AVOID] obs_id=35 obs_dist=0.63m obs_s=16.78 ego_s=16.15 side=RIGHT | left_clearance=-0.50 right_clearance=0.33 candidate_valid=true rung=0 pre_dist=2.99m | cache_used=false path_age=0.000 path_points=101 planning_time_ms=4.1
1787390954.768 [STATIC_AVOID] obs_id=35 obs_dist=0.04m obs_s=16.80 ego_s=16.77 side=RIGHT | left_clearance=-0.41 right_clearance=0.43 candidate_valid=true rung=0 pre_dist=3.48m | cache_used=false path_age=0.000 path_points=101 planning_time_ms=3.5
1787390955.363 [STATIC_AVOID] obs_id=35 obs_dist=0.23m obs_s=16.80 ego_s=16.58 side=RIGHT | left_clearance=-0.41 right_clearance=0.43 candidate_valid=true rung=0 pre_dist=3.29m | cache_used=false path_age=0.000 path_points=101 planning_time_ms=4.0
1787390955.865 [STATIC_AVOID] obs_id=35 obs_dist=0.21m obs_s=16.80 ego_s=16.59 side=RIGHT | left_clearance=-0.41 right_clearance=0.43 candidate_valid=true rung=0 pre_dist=3.30m | cache_used=false path_age=0.000 path_points=101 planning_time_ms=4.9
1787390956.367 [STATIC_AVOID] obs_id=35 obs_dist=0.19m obs_s=16.81 ego_s=16.63 side=RIGHT | left_clearance=-0.39 right_clearance=0.45 candidate_valid=true rung=0 pre_dist=3.34m | cache_used=false path_age=0.000 path_points=101 planning_time_ms=4.0
1787390956.870 [STATIC_AVOID] obs_id=35 obs_dist=0.22m obs_s=16.95 ego_s=16.73 side=RIGHT | left_clearance=-0.38 right_clearance=0.52 candidate_valid=true rung=0 pre_dist=3.44m | cache_used=false path_age=0.000 path_points=101 planning_time_ms=10.3
1787390957.466 [STATIC_AVOID] obs_id=35 obs_dist=0.40m obs_s=17.11 ego_s=16.71 side=RIGHT | left_clearance=-0.32 right_clearance=0.45 candidate_valid=true rung=0 pre_dist=3.42m | cache_used=false path_age=0.000 path_points=101 planning_time_ms=4.9
1787390957.976 [STATIC_AVOID] obs_id=35 obs_dist=0.39m obs_s=17.11 ego_s=16.71 side=RIGHT | left_clearance=-0.32 right_clearance=0.45 candidate_valid=true rung=0 pre_dist=3.43m | cache_used=false path_age=0.000 path_points=101 planning_time_ms=12.4
1787390958.489 [STATIC_AVOID] obs_id=35 obs_dist=0.46m obs_s=17.13 ego_s=16.67 side=RIGHT | left_clearance=-0.34 right_clearance=0.44 candidate_valid=true rung=0 pre_dist=3.39m | cache_used=false path_age=0.000 path_points=101 planning_time_ms=13.7
1787390959.069 [STATIC_AVOID] obs_id=35 obs_dist=0.49m obs_s=17.07 ego_s=16.57 side=RIGHT | left_clearance=-0.35 right_clearance=0.44 candidate_valid=true rung=0 pre_dist=3.29m | cache_used=false path_age=0.000 path_points=101 planning_time_ms=5.1
1787390959.667 [STATIC_AVOID] obs_id=35 obs_dist=0.38m obs_s=17.00 ego_s=16.62 side=RIGHT | left_clearance=-0.40 right_clearance=0.39 candidate_valid=true rung=0 pre_dist=3.33m | cache_used=false path_age=0.000 path_points=101 planning_time_ms=5.3
1787390960.269 [STATIC_AVOID] obs_id=35 obs_dist=0.27m obs_s=17.00 ego_s=16.73 side=RIGHT | left_clearance=-0.43 right_clearance=0.41 candidate_valid=true rung=0 pre_dist=3.45m | cache_used=false path_age=0.000 path_points=101 planning_time_ms=6.4
1787390960.869 [STATIC_AVOID] obs_id=35 obs_dist=0.25m obs_s=17.07 ego_s=16.82 side=RIGHT | left_clearance=-0.44 right_clearance=0.42 candidate_valid=true rung=0 pre_dist=3.54m | cache_used=false path_age=0.000 path_points=101 planning_time_ms=5.1
1787390961.370 [STATIC_AVOID] obs_id=35 obs_dist=0.15m obs_s=17.06 ego_s=16.92 side=RIGHT | left_clearance=-0.40 right_clearance=0.45 candidate_valid=true rung=0 pre_dist=3.63m | cache_used=false path_age=0.000 path_points=101 planning_time_ms=9.3
1787390961.871 [STATIC_AVOID] obs_id=35 obs_dist=0.06m obs_s=17.07 ego_s=17.01 side=RIGHT | left_clearance=-0.39 right_clearance=0.43 candidate_valid=true rung=0 pre_dist=3.72m | cache_used=false path_age=0.000 path_points=101 planning_time_ms=3.7
1787390962.476 [STATIC_AVOID] obs_id=35 obs_dist=-0.13m obs_s=17.05 ego_s=17.18 side=RIGHT | left_clearance=-0.52 right_clearance=0.31 candidate_valid=true rung=0 pre_dist=3.89m | cache_used=false path_age=0.000 path_points=101 planning_time_ms=8.1
1787390963.064 [STATIC_AVOID] obs_id=- obs_dist=-m obs_s=- ego_s=18.19 side=- | left_clearance=- right_clearance=- candidate_valid=false rung=- pre_dist=-m | cache_used=false path_age=- path_points=0 planning_time_ms=1.6 | reason=no_static_obstacle_in_range | cache_reason=obstacle_gone
1787390963.569 [STATIC_AVOID] obs_id=- obs_dist=-m obs_s=- ego_s=19.64 side=- | left_clearance=- right_clearance=- candidate_valid=false rung=- pre_dist=-m | cache_used=false path_age=- path_points=0 planning_time_ms=0.1 | reason=no_static_obstacle_in_range | cache_reason=no_cache
1787390964.165 [STATIC_AVOID] obs_id=- obs_dist=-m obs_s=- ego_s=21.91 side=- | left_clearance=- right_clearance=- candidate_valid=false rung=- pre_dist=-m | cache_used=false path_age=- path_points=0 planning_time_ms=0.1 | reason=no_static_obstacle_in_range | cache_reason=no_cache
1787390964.670 [STATIC_AVOID] obs_id=36 obs_dist=2.24m obs_s=25.78 ego_s=23.55 side=LEFT | left_clearance=-0.32 right_clearance=0.04 candidate_valid=true rung=1 pre_dist=3.10m | cache_used=false path_age=0.000 path_points=101 planning_time_ms=11.1
1787390965.263 [STATIC_AVOID] obs_id=36 obs_dist=1.39m obs_s=25.84 ego_s=24.45 side=RIGHT | left_clearance=-0.28 right_clearance=0.21 candidate_valid=true rung=0 pre_dist=3.15m | cache_used=false path_age=0.000 path_points=101 planning_time_ms=3.2
1787390965.767 [STATIC_AVOID] obs_id=36 obs_dist=0.48m obs_s=25.86 ego_s=25.38 side=RIGHT | left_clearance=-0.36 right_clearance=0.06 candidate_valid=true rung=0 pre_dist=3.19m | cache_used=false path_age=0.000 path_points=101 planning_time_ms=4.1
1787390966.364 [STATIC_AVOID] obs_id=36 obs_dist=-0.10m obs_s=25.90 ego_s=26.00 side=RIGHT | left_clearance=-0.20 right_clearance=0.18 candidate_valid=true rung=0 pre_dist=3.81m | cache_used=false path_age=0.000 path_points=101 planning_time_ms=3.6
1787390966.866 [STATIC_AVOID] obs_id=36 obs_dist=-0.69m obs_s=25.90 ego_s=26.59 side=RIGHT | left_clearance=-0.20 right_clearance=0.18 candidate_valid=true rung=0 pre_dist=4.40m | cache_used=false path_age=0.000 path_points=101 planning_time_ms=3.5
1787390967.459 [STATIC_AVOID] obs_id=- obs_dist=-m obs_s=- ego_s=27.92 side=- | left_clearance=- right_clearance=- candidate_valid=false rung=- pre_dist=-m | cache_used=false path_age=- path_points=0 planning_time_ms=0.1 | reason=no_static_obstacle_in_range | cache_reason=no_cache
1787390967.969 [STATIC_AVOID] obs_id=- obs_dist=-m obs_s=- ego_s=29.80 side=- | left_clearance=- right_clearance=- candidate_valid=false rung=- pre_dist=-m | cache_used=false path_age=- path_points=0 planning_time_ms=0.1 | reason=no_static_obstacle_in_range | cache_reason=no_cache
1787390968.561 [STATIC_AVOID] obs_id=- obs_dist=-m obs_s=- ego_s=32.49 side=- | left_clearance=- right_clearance=- candidate_valid=false rung=- pre_dist=-m | cache_used=false path_age=- path_points=0 planning_time_ms=0.1 | reason=no_static_obstacle_in_range | cache_reason=no_cache
1787390969.161 [STATIC_AVOID] obs_id=- obs_dist=-m obs_s=- ego_s=34.84 side=- | left_clearance=- right_clearance=- candidate_valid=false rung=- pre_dist=-m | cache_used=false path_age=- path_points=0 planning_time_ms=0.1 | reason=no_static_obstacle_in_range | cache_reason=no_cache
1787390969.664 [STATIC_AVOID] obs_id=- obs_dist=-m obs_s=- ego_s=36.04 side=- | left_clearance=- right_clearance=- candidate_valid=false rung=- pre_dist=-m | cache_used=false path_age=- path_points=0 planning_time_ms=0.1 | reason=no_static_obstacle_in_range | cache_reason=no_cache
1787390970.164 [STATIC_AVOID] obs_id=- obs_dist=-m obs_s=- ego_s=37.82 side=- | left_clearance=- right_clearance=- candidate_valid=false rung=- pre_dist=-m | cache_used=false path_age=- path_points=0 planning_time_ms=0.1 | reason=no_static_obstacle_in_range | cache_reason=no_cache
1787390970.759 [STATIC_AVOID] obs_id=- obs_dist=-m obs_s=- ego_s=39.97 side=- | left_clearance=- right_clearance=- candidate_valid=false rung=- pre_dist=-m | cache_used=false path_age=- path_points=0 planning_time_ms=0.1 | reason=no_static_obstacle_in_range | cache_reason=no_cache
1787390971.264 [STATIC_AVOID] obs_id=- obs_dist=-m obs_s=- ego_s=41.02 side=- | left_clearance=- right_clearance=- candidate_valid=false rung=- pre_dist=-m | cache_used=false path_age=- path_points=0 planning_time_ms=0.1 | reason=no_static_obstacle_in_range | cache_reason=no_cache
1787390971.861 [STATIC_AVOID] obs_id=- obs_dist=-m obs_s=- ego_s=1.75 side=- | left_clearance=- right_clearance=- candidate_valid=false rung=- pre_dist=-m | cache_used=false path_age=- path_points=0 planning_time_ms=0.1 | reason=no_static_obstacle_in_range | cache_reason=no_cache
1787390972.362 [STATIC_AVOID] obs_id=- obs_dist=-m obs_s=- ego_s=4.25 side=- | left_clearance=- right_clearance=- candidate_valid=false rung=- pre_dist=-m | cache_used=false path_age=- path_points=0 planning_time_ms=0.1 | reason=no_static_obstacle_in_range | cache_reason=no_cache
1787390972.964 [STATIC_AVOID] obs_id=- obs_dist=-m obs_s=- ego_s=6.69 side=- | left_clearance=- right_clearance=- candidate_valid=false rung=- pre_dist=-m | cache_used=false path_age=- path_points=0 planning_time_ms=0.1 | reason=no_static_obstacle_in_range | cache_reason=no_cache
1787390973.467 [STATIC_AVOID] obs_id=- obs_dist=-m obs_s=- ego_s=9.11 side=- | left_clearance=- right_clearance=- candidate_valid=false rung=- pre_dist=-m | cache_used=false path_age=- path_points=0 planning_time_ms=0.1 | reason=no_static_obstacle_in_range | cache_reason=no_cache
1787390974.066 [STATIC_AVOID] obs_id=- obs_dist=-m obs_s=- ego_s=12.04 side=- | left_clearance=- right_clearance=- candidate_valid=false rung=- pre_dist=-m | cache_used=false path_age=- path_points=0 planning_time_ms=0.1 | reason=no_static_obstacle_in_range | cache_reason=no_cache
1787390974.664 [STATIC_AVOID] obs_id=38 obs_dist=2.52m obs_s=16.76 ego_s=14.24 side=RIGHT | left_clearance=-0.47 right_clearance=0.23 candidate_valid=true rung=0 pre_dist=2.78m | cache_used=false path_age=0.000 path_points=101 planning_time_ms=3.5
1787390975.170 [STATIC_AVOID] obs_id=38 obs_dist=0.53m obs_s=16.73 ego_s=16.20 side=RIGHT | left_clearance=-0.50 right_clearance=0.37 candidate_valid=true rung=0 pre_dist=2.00m | cache_used=false path_age=0.000 path_points=101 planning_time_ms=6.6
1787390975.762 [STATIC_AVOID] obs_id=38 obs_dist=-0.30m obs_s=16.77 ego_s=17.06 side=- | left_clearance=- right_clearance=- candidate_valid=false rung=- pre_dist=-m | cache_used=false path_age=- path_points=0 planning_time_ms=0.2 | reason=raceline_already_clear | cache_reason=no_cache
1787390976.363 [STATIC_AVOID] obs_id=38 obs_dist=-0.22m obs_s=16.77 ego_s=16.99 side=- | left_clearance=- right_clearance=- candidate_valid=false rung=- pre_dist=-m | cache_used=false path_age=- path_points=0 planning_time_ms=0.2 | reason=raceline_already_clear | cache_reason=no_cache
1787390976.866 [STATIC_AVOID] obs_id=38 obs_dist=-0.08m obs_s=16.77 ego_s=16.85 side=- | left_clearance=- right_clearance=- candidate_valid=false rung=- pre_dist=-m | cache_used=false path_age=- path_points=0 planning_time_ms=0.2 | reason=raceline_already_clear | cache_reason=no_cache
1787390977.461 [STATIC_AVOID] obs_id=- obs_dist=-m obs_s=- ego_s=16.85 side=- | left_clearance=- right_clearance=- candidate_valid=false rung=- pre_dist=-m | cache_used=false path_age=- path_points=0 planning_time_ms=0.1 | reason=no_static_obstacle_in_range | cache_reason=no_cache
1787390977.966 [STATIC_AVOID] obs_id=- obs_dist=-m obs_s=- ego_s=16.88 side=- | left_clearance=- right_clearance=- candidate_valid=false rung=- pre_dist=-m | cache_used=false path_age=- path_points=0 planning_time_ms=1.9 | reason=no_static_obstacle_in_range | cache_reason=no_cache
1787390978.560 [STATIC_AVOID] obs_id=- obs_dist=-m obs_s=- ego_s=16.85 side=- | left_clearance=- right_clearance=- candidate_valid=false rung=- pre_dist=-m | cache_used=false path_age=- path_points=0 planning_time_ms=0.1 | reason=no_static_obstacle_in_range | cache_reason=no_cache
1787390979.060 [STATIC_AVOID] obs_id=- obs_dist=-m obs_s=- ego_s=16.83 side=- | left_clearance=- right_clearance=- candidate_valid=false rung=- pre_dist=-m | cache_used=false path_age=- path_points=0 planning_time_ms=0.1 | reason=no_static_obstacle_in_range | cache_reason=no_cache
1787390979.560 [STATIC_AVOID] obs_id=- obs_dist=-m obs_s=- ego_s=17.08 side=- | left_clearance=- right_clearance=- candidate_valid=false rung=- pre_dist=-m | cache_used=false path_age=- path_points=0 planning_time_ms=0.1 | reason=no_static_obstacle_in_range | cache_reason=no_cache
1787390980.061 [STATIC_AVOID] obs_id=- obs_dist=-m obs_s=- ego_s=17.09 side=- | left_clearance=- right_clearance=- candidate_valid=false rung=- pre_dist=-m | cache_used=false path_age=- path_points=0 planning_time_ms=0.1 | reason=no_static_obstacle_in_range | cache_reason=no_cache
1787390980.660 [STATIC_AVOID] obs_id=- obs_dist=-m obs_s=- ego_s=17.53 side=- | left_clearance=- right_clearance=- candidate_valid=false rung=- pre_dist=-m | cache_used=false path_age=- path_points=0 planning_time_ms=0.1 | reason=no_static_obstacle_in_range | cache_reason=no_cache
1787390981.160 [STATIC_AVOID] obs_id=- obs_dist=-m obs_s=- ego_s=18.45 side=- | left_clearance=- right_clearance=- candidate_valid=false rung=- pre_dist=-m | cache_used=false path_age=- path_points=0 planning_time_ms=0.1 | reason=no_static_obstacle_in_range | cache_reason=no_cache
1787390981.663 [STATIC_AVOID] obs_id=- obs_dist=-m obs_s=- ego_s=19.92 side=- | left_clearance=- right_clearance=- candidate_valid=false rung=- pre_dist=-m | cache_used=false path_age=- path_points=0 planning_time_ms=0.1 | reason=no_static_obstacle_in_range | cache_reason=no_cache
1787390982.263 [STATIC_AVOID] obs_id=- obs_dist=-m obs_s=- ego_s=22.34 side=- | left_clearance=- right_clearance=- candidate_valid=false rung=- pre_dist=-m | cache_used=false path_age=- path_points=0 planning_time_ms=0.1 | reason=no_static_obstacle_in_range | cache_reason=no_cache
1787390982.773 [STATIC_AVOID] obs_id=39 obs_dist=2.07m obs_s=25.80 ego_s=23.74 side=LEFT | left_clearance=-0.31 right_clearance=0.04 candidate_valid=true rung=1 pre_dist=3.02m | cache_used=false path_age=0.000 path_points=101 planning_time_ms=9.7
1787390983.364 [STATIC_AVOID] obs_id=39 obs_dist=1.18m obs_s=25.85 ego_s=24.67 side=RIGHT | left_clearance=-0.42 right_clearance=0.13 candidate_valid=true rung=0 pre_dist=3.07m | cache_used=false path_age=0.000 path_points=101 planning_time_ms=4.7
1787390983.864 [STATIC_AVOID] obs_id=39 obs_dist=0.84m obs_s=25.85 ego_s=25.01 side=RIGHT | left_clearance=-0.48 right_clearance=0.16 candidate_valid=true rung=0 pre_dist=3.07m | cache_used=false path_age=0.000 path_points=101 planning_time_ms=3.4
1787390984.366 [STATIC_AVOID] obs_id=39 obs_dist=0.14m obs_s=25.89 ego_s=25.74 side=RIGHT | left_clearance=-0.42 right_clearance=0.39 candidate_valid=true rung=0 pre_dist=3.46m | cache_used=false path_age=0.000 path_points=101 planning_time_ms=3.3
1787390984.961 [STATIC_AVOID] obs_id=- obs_dist=-m obs_s=- ego_s=27.42 side=- | left_clearance=- right_clearance=- candidate_valid=false rung=- pre_dist=-m | cache_used=false path_age=- path_points=0 planning_time_ms=0.1 | reason=no_static_obstacle_in_range | cache_reason=no_cache
1787390985.462 [STATIC_AVOID] obs_id=- obs_dist=-m obs_s=- ego_s=28.64 side=- | left_clearance=- right_clearance=- candidate_valid=false rung=- pre_dist=-m | cache_used=false path_age=- path_points=0 planning_time_ms=0.1 | reason=no_static_obstacle_in_range | cache_reason=no_cache
1787390985.970 [STATIC_AVOID] obs_id=- obs_dist=-m obs_s=- ego_s=30.36 side=- | left_clearance=- right_clearance=- candidate_valid=false rung=- pre_dist=-m | cache_used=false path_age=- path_points=0 planning_time_ms=0.2 | reason=no_static_obstacle_in_range | cache_reason=no_cache
1787390986.478 [STATIC_AVOID] obs_id=- obs_dist=-m obs_s=- ego_s=32.48 side=- | left_clearance=- right_clearance=- candidate_valid=false rung=- pre_dist=-m | cache_used=false path_age=- path_points=0 planning_time_ms=0.2 | reason=no_static_obstacle_in_range | cache_reason=no_cache
1787390987.062 [STATIC_AVOID] obs_id=- obs_dist=-m obs_s=- ego_s=35.00 side=- | left_clearance=- right_clearance=- candidate_valid=false rung=- pre_dist=-m | cache_used=false path_age=- path_points=0 planning_time_ms=0.1 | reason=no_static_obstacle_in_range | cache_reason=no_cache
1787390987.566 [STATIC_AVOID] obs_id=- obs_dist=-m obs_s=- ego_s=36.25 side=- | left_clearance=- right_clearance=- candidate_valid=false rung=- pre_dist=-m | cache_used=false path_age=- path_points=0 planning_time_ms=0.1 | reason=no_static_obstacle_in_range | cache_reason=no_cache
1787390988.066 [STATIC_AVOID] obs_id=- obs_dist=-m obs_s=- ego_s=37.92 side=- | left_clearance=- right_clearance=- candidate_valid=false rung=- pre_dist=-m | cache_used=false path_age=- path_points=0 planning_time_ms=0.1 | reason=no_static_obstacle_in_range | cache_reason=no_cache
1787390988.660 [STATIC_AVOID] obs_id=- obs_dist=-m obs_s=- ego_s=40.06 side=- | left_clearance=- right_clearance=- candidate_valid=false rung=- pre_dist=-m | cache_used=false path_age=- path_points=0 planning_time_ms=0.1 | reason=no_static_obstacle_in_range | cache_reason=no_cache
1787390989.260 [STATIC_AVOID] obs_id=- obs_dist=-m obs_s=- ego_s=0.05 side=- | left_clearance=- right_clearance=- candidate_valid=false rung=- pre_dist=-m | cache_used=false path_age=- path_points=0 planning_time_ms=0.1 | reason=no_static_obstacle_in_range | cache_reason=no_cache
1787390989.766 [STATIC_AVOID] obs_id=- obs_dist=-m obs_s=- ego_s=1.70 side=- | left_clearance=- right_clearance=- candidate_valid=false rung=- pre_dist=-m | cache_used=false path_age=- path_points=0 planning_time_ms=0.1 | reason=no_static_obstacle_in_range | cache_reason=no_cache
1787390990.363 [STATIC_AVOID] obs_id=- obs_dist=-m obs_s=- ego_s=4.30 side=- | left_clearance=- right_clearance=- candidate_valid=false rung=- pre_dist=-m | cache_used=false path_age=- path_points=0 planning_time_ms=0.1 | reason=no_static_obstacle_in_range | cache_reason=no_cache
1787390990.868 [STATIC_AVOID] obs_id=40 obs_dist=7.64m obs_s=13.38 ego_s=5.74 side=RIGHT | left_clearance=-0.37 right_clearance=0.34 candidate_valid=true rung=0 pre_dist=4.05m | cache_used=false path_age=0.000 path_points=136 planning_time_ms=3.8
1787390991.479 [STATIC_AVOID] obs_id=40 obs_dist=6.56m obs_s=13.38 ego_s=6.82 side=RIGHT | left_clearance=-0.37 right_clearance=0.34 candidate_valid=true rung=0 pre_dist=4.05m | cache_used=false path_age=0.000 path_points=131 planning_time_ms=7.5
1787390992.060 [STATIC_AVOID] obs_id=- obs_dist=-m obs_s=- ego_s=9.11 side=- | left_clearance=- right_clearance=- candidate_valid=false rung=- pre_dist=-m | cache_used=false path_age=- path_points=0 planning_time_ms=0.1 | reason=no_static_obstacle_in_range | cache_reason=no_cache
1787390992.560 [STATIC_AVOID] obs_id=- obs_dist=-m obs_s=- ego_s=11.52 side=- | left_clearance=- right_clearance=- candidate_valid=false rung=- pre_dist=-m | cache_used=false path_age=- path_points=0 planning_time_ms=0.1 | reason=no_static_obstacle_in_range | cache_reason=no_cache
1787390993.065 [STATIC_AVOID] obs_id=42 obs_dist=3.06m obs_s=16.73 ego_s=13.67 side=RIGHT | left_clearance=-0.35 right_clearance=0.15 candidate_valid=true rung=0 pre_dist=3.06m | cache_used=false path_age=0.000 path_points=103 planning_time_ms=3.5
1787390993.566 [STATIC_AVOID] obs_id=42 obs_dist=1.59m obs_s=16.75 ego_s=15.15 side=RIGHT | left_clearance=-0.48 right_clearance=0.33 candidate_valid=true rung=0 pre_dist=2.00m | cache_used=false path_age=0.000 path_points=101 planning_time_ms=3.5
1787390994.166 [STATIC_AVOID] obs_id=42 obs_dist=0.04m obs_s=16.77 ego_s=16.73 side=RIGHT | left_clearance=-0.34 right_clearance=0.52 candidate_valid=true rung=0 pre_dist=2.31m | cache_used=false path_age=0.000 path_points=101 planning_time_ms=3.5
1787390994.674 [STATIC_AVOID] obs_id=42 obs_dist=-0.18m obs_s=16.77 ego_s=16.95 side=LEFT | left_clearance=-0.14 right_clearance=-0.28 candidate_valid=true rung=0 pre_dist=2.00m | cache_used=false path_age=0.000 path_points=101 planning_time_ms=11.2
1787390995.320 [STATIC_AVOID] obs_id=42 obs_dist=-0.16m obs_s=16.77 ego_s=16.93 side=LEFT | left_clearance=-0.14 right_clearance=-0.25 candidate_valid=true rung=0 pre_dist=2.00m | cache_used=false path_age=0.000 path_points=101 planning_time_ms=3.5
1787390995.869 [STATIC_AVOID] obs_id=42 obs_dist=-0.39m obs_s=16.77 ego_s=17.16 side=RIGHT | left_clearance=-0.14 right_clearance=-0.18 candidate_valid=false rung=- pre_dist=2.20m | cache_used=false path_age=- path_points=0 planning_time_ms=8.3 | reason=group_track_too_narrow | cache_reason=no_cache
1787390996.481 [STATIC_AVOID] obs_id=43 obs_dist=-0.22m obs_s=17.30 ego_s=17.52 side=RIGHT | left_clearance=0.18 right_clearance=-0.24 candidate_valid=false rung=- pre_dist=2.37m | cache_used=false path_age=- path_points=0 planning_time_ms=14.9 | reason=map_occupied | cache_reason=no_cache
1787390997.080 [STATIC_AVOID] obs_id=43 obs_dist=-0.54m obs_s=17.30 ego_s=17.84 side=RIGHT | left_clearance=0.07 right_clearance=-0.24 candidate_valid=false rung=- pre_dist=2.69m | cache_used=false path_age=- path_points=0 planning_time_ms=11.1 | reason=map_occupied | cache_reason=no_cache
1787390997.586 [STATIC_AVOID] obs_id=43 obs_dist=-0.41m obs_s=17.35 ego_s=17.75 side=RIGHT | left_clearance=0.10 right_clearance=-0.23 candidate_valid=false rung=- pre_dist=2.60m | cache_used=false path_age=- path_points=0 planning_time_ms=11.1 | reason=map_occupied | cache_reason=no_cache
1787390998.164 [STATIC_AVOID] obs_id=43 obs_dist=-0.30m obs_s=17.49 ego_s=17.79 side=RIGHT | left_clearance=0.15 right_clearance=-0.23 candidate_valid=false rung=- pre_dist=2.64m | cache_used=false path_age=- path_points=0 planning_time_ms=3.7 | reason=map_occupied | cache_reason=no_cache
1787390998.685 [STATIC_AVOID] obs_id=43 obs_dist=-0.24m obs_s=17.60 ego_s=17.85 side=RIGHT | left_clearance=0.32 right_clearance=-0.08 candidate_valid=false rung=- pre_dist=2.70m | cache_used=false path_age=- path_points=0 planning_time_ms=12.6 | reason=map_occupied | cache_reason=no_cache
1787390999.267 [STATIC_AVOID] obs_id=43 obs_dist=0.01m obs_s=17.60 ego_s=17.59 side=RIGHT | left_clearance=0.41 right_clearance=-0.08 candidate_valid=false rung=- pre_dist=2.44m | cache_used=false path_age=- path_points=0 planning_time_ms=5.6 | reason=map_occupied | cache_reason=no_cache
1787390999.768 [STATIC_AVOID] obs_id=43 obs_dist=-0.10m obs_s=17.60 ego_s=17.70 side=RIGHT | left_clearance=0.38 right_clearance=-0.08 candidate_valid=false rung=- pre_dist=2.55m | cache_used=false path_age=- path_points=0 planning_time_ms=7.7 | reason=map_occupied | cache_reason=no_cache
1787391000.370 [STATIC_AVOID] obs_id=43 obs_dist=-0.23m obs_s=17.60 ego_s=17.83 side=RIGHT | left_clearance=0.35 right_clearance=-0.08 candidate_valid=false rung=- pre_dist=2.68m | cache_used=false path_age=- path_points=0 planning_time_ms=6.7 | reason=map_occupied | cache_reason=no_cache
1787391000.961 [STATIC_AVOID] obs_id=- obs_dist=-m obs_s=- ego_s=17.30 side=- | left_clearance=- right_clearance=- candidate_valid=false rung=- pre_dist=-m | cache_used=false path_age=- path_points=0 planning_time_ms=0.1 | reason=no_static_obstacle_in_range | cache_reason=no_cache
1787391001.475 [STATIC_AVOID] obs_id=- obs_dist=-m obs_s=- ego_s=16.83 side=- | left_clearance=- right_clearance=- candidate_valid=false rung=- pre_dist=-m | cache_used=false path_age=- path_points=0 planning_time_ms=0.1 | reason=no_static_obstacle_in_range | cache_reason=no_cache
1787391002.062 [STATIC_AVOID] obs_id=- obs_dist=-m obs_s=- ego_s=16.86 side=- | left_clearance=- right_clearance=- candidate_valid=false rung=- pre_dist=-m | cache_used=false path_age=- path_points=0 planning_time_ms=1.5 | reason=no_static_obstacle_in_range | cache_reason=no_cache
1787391002.567 [STATIC_AVOID] obs_id=- obs_dist=-m obs_s=- ego_s=16.85 side=- | left_clearance=- right_clearance=- candidate_valid=false rung=- pre_dist=-m | cache_used=false path_age=- path_points=0 planning_time_ms=0.1 | reason=no_static_obstacle_in_range | cache_reason=no_cache
1787391003.168 [STATIC_AVOID] obs_id=- obs_dist=-m obs_s=- ego_s=17.34 side=- | left_clearance=- right_clearance=- candidate_valid=false rung=- pre_dist=-m | cache_used=false path_age=- path_points=0 planning_time_ms=0.1 | reason=no_static_obstacle_in_range | cache_reason=no_cache
1787391003.764 [STATIC_AVOID] obs_id=- obs_dist=-m obs_s=- ego_s=17.27 side=- | left_clearance=- right_clearance=- candidate_valid=false rung=- pre_dist=-m | cache_used=false path_age=- path_points=0 planning_time_ms=0.1 | reason=no_static_obstacle_in_range | cache_reason=no_cache
1787391004.360 [STATIC_AVOID] obs_id=- obs_dist=-m obs_s=- ego_s=17.19 side=- | left_clearance=- right_clearance=- candidate_valid=false rung=- pre_dist=-m | cache_used=false path_age=- path_points=0 planning_time_ms=0.1 | reason=no_static_obstacle_in_range | cache_reason=no_cache
1787391004.962 [STATIC_AVOID] obs_id=- obs_dist=-m obs_s=- ego_s=17.22 side=- | left_clearance=- right_clearance=- candidate_valid=false rung=- pre_dist=-m | cache_used=false path_age=- path_points=0 planning_time_ms=0.1 | reason=no_static_obstacle_in_range | cache_reason=no_cache
1787391005.562 [STATIC_AVOID] obs_id=- obs_dist=-m obs_s=- ego_s=17.24 side=- | left_clearance=- right_clearance=- candidate_valid=false rung=- pre_dist=-m | cache_used=false path_age=- path_points=0 planning_time_ms=0.1 | reason=no_static_obstacle_in_range | cache_reason=no_cache
1787391006.160 [STATIC_AVOID] obs_id=- obs_dist=-m obs_s=- ego_s=17.23 side=- | left_clearance=- right_clearance=- candidate_valid=false rung=- pre_dist=-m | cache_used=false path_age=- path_points=0 planning_time_ms=0.1 | reason=no_static_obstacle_in_range | cache_reason=no_cache
1787391006.660 [STATIC_AVOID] obs_id=- obs_dist=-m obs_s=- ego_s=17.56 side=- | left_clearance=- right_clearance=- candidate_valid=false rung=- pre_dist=-m | cache_used=false path_age=- path_points=0 planning_time_ms=0.1 | reason=no_static_obstacle_in_range | cache_reason=no_cache
1787391007.259 [STATIC_AVOID] obs_id=- obs_dist=-m obs_s=- ego_s=17.52 side=- | left_clearance=- right_clearance=- candidate_valid=false rung=- pre_dist=-m | cache_used=false path_age=- path_points=0 planning_time_ms=0.1 | reason=no_static_obstacle_in_range | cache_reason=no_cache
1787391007.759 [STATIC_AVOID] obs_id=- obs_dist=-m obs_s=- ego_s=17.52 side=- | left_clearance=- right_clearance=- candidate_valid=false rung=- pre_dist=-m | cache_used=false path_age=- path_points=0 planning_time_ms=0.1 | reason=no_static_obstacle_in_range | cache_reason=no_cache
1787391008.260 [STATIC_AVOID] obs_id=- obs_dist=-m obs_s=- ego_s=17.49 side=- | left_clearance=- right_clearance=- candidate_valid=false rung=- pre_dist=-m | cache_used=false path_age=- path_points=0 planning_time_ms=0.1 | reason=no_static_obstacle_in_range | cache_reason=no_cache
1787391008.763 [STATIC_AVOID] obs_id=- obs_dist=-m obs_s=- ego_s=17.54 side=- | left_clearance=- right_clearance=- candidate_valid=false rung=- pre_dist=-m | cache_used=false path_age=- path_points=0 planning_time_ms=0.1 | reason=no_static_obstacle_in_range | cache_reason=no_cache
1787391009.369 [STATIC_AVOID] obs_id=- obs_dist=-m obs_s=- ego_s=17.51 side=- | left_clearance=- right_clearance=- candidate_valid=false rung=- pre_dist=-m | cache_used=false path_age=- path_points=0 planning_time_ms=0.2 | reason=no_static_obstacle_in_range | cache_reason=no_cache
1787391009.961 [STATIC_AVOID] obs_id=- obs_dist=-m obs_s=- ego_s=17.61 side=- | left_clearance=- right_clearance=- candidate_valid=false rung=- pre_dist=-m | cache_used=false path_age=- path_points=0 planning_time_ms=0.1 | reason=no_static_obstacle_in_range | cache_reason=no_cache
1787391010.462 [STATIC_AVOID] obs_id=- obs_dist=-m obs_s=- ego_s=17.70 side=- | left_clearance=- right_clearance=- candidate_valid=false rung=- pre_dist=-m | cache_used=false path_age=- path_points=0 planning_time_ms=0.1 | reason=no_static_obstacle_in_range | cache_reason=no_cache
1787391010.962 [STATIC_AVOID] obs_id=- obs_dist=-m obs_s=- ego_s=18.56 side=- | left_clearance=- right_clearance=- candidate_valid=false rung=- pre_dist=-m | cache_used=false path_age=- path_points=0 planning_time_ms=0.1 | reason=no_static_obstacle_in_range | cache_reason=no_cache
1787391011.562 [STATIC_AVOID] obs_id=- obs_dist=-m obs_s=- ego_s=20.84 side=- | left_clearance=- right_clearance=- candidate_valid=false rung=- pre_dist=-m | cache_used=false path_age=- path_points=0 planning_time_ms=0.1 | reason=no_static_obstacle_in_range | cache_reason=no_cache
1787391012.081 [STATIC_AVOID] obs_id=51 obs_dist=2.96m obs_s=25.79 ego_s=22.83 side=LEFT | left_clearance=-0.17 right_clearance=0.10 candidate_valid=true rung=1 pre_dist=2.96m | cache_used=false path_age=0.000 path_points=101 planning_time_ms=15.4
1787391012.668 [STATIC_AVOID] obs_id=51 obs_dist=1.69m obs_s=25.85 ego_s=24.15 side=LEFT | left_clearance=-0.39 right_clearance=0.14 candidate_valid=false rung=- pre_dist=3.01m | cache_used=false path_age=- path_points=0 planning_time_ms=3.6 | reason=track_too_narrow | cache_reason=no_cache
1787391013.172 [STATIC_AVOID] obs_id=51 obs_dist=1.04m obs_s=25.86 ego_s=24.81 side=RIGHT | left_clearance=-0.36 right_clearance=0.24 candidate_valid=true rung=0 pre_dist=3.03m | cache_used=false path_age=0.000 path_points=101 planning_time_ms=10.7
1787391013.768 [STATIC_AVOID] obs_id=51 obs_dist=0.33m obs_s=25.88 ego_s=25.54 side=RIGHT | left_clearance=-0.54 right_clearance=0.20 candidate_valid=true rung=0 pre_dist=3.21m | cache_used=false path_age=0.000 path_points=101 planning_time_ms=7.4
1787391014.360 [STATIC_AVOID] obs_id=- obs_dist=-m obs_s=- ego_s=27.17 side=- | left_clearance=- right_clearance=- candidate_valid=false rung=- pre_dist=-m | cache_used=false path_age=- path_points=0 planning_time_ms=0.1 | reason=no_static_obstacle_in_range | cache_reason=no_cache
1787391014.966 [STATIC_AVOID] obs_id=- obs_dist=-m obs_s=- ego_s=28.81 side=- | left_clearance=- right_clearance=- candidate_valid=false rung=- pre_dist=-m | cache_used=false path_age=- path_points=0 planning_time_ms=0.1 | reason=no_static_obstacle_in_range | cache_reason=no_cache
1787391015.560 [STATIC_AVOID] obs_id=- obs_dist=-m obs_s=- ego_s=31.09 side=- | left_clearance=- right_clearance=- candidate_valid=false rung=- pre_dist=-m | cache_used=false path_age=- path_points=0 planning_time_ms=0.1 | reason=no_static_obstacle_in_range | cache_reason=no_cache
1787391016.065 [STATIC_AVOID] obs_id=- obs_dist=-m obs_s=- ego_s=33.47 side=- | left_clearance=- right_clearance=- candidate_valid=false rung=- pre_dist=-m | cache_used=false path_age=- path_points=0 planning_time_ms=0.1 | reason=no_static_obstacle_in_range | cache_reason=no_cache
1787391016.660 [STATIC_AVOID] obs_id=- obs_dist=-m obs_s=- ego_s=35.22 side=- | left_clearance=- right_clearance=- candidate_valid=false rung=- pre_dist=-m | cache_used=false path_age=- path_points=0 planning_time_ms=0.1 | reason=no_static_obstacle_in_range | cache_reason=no_cache
1787391017.164 [STATIC_AVOID] obs_id=- obs_dist=-m obs_s=- ego_s=36.64 side=- | left_clearance=- right_clearance=- candidate_valid=false rung=- pre_dist=-m | cache_used=false path_age=- path_points=0 planning_time_ms=0.1 | reason=no_static_obstacle_in_range | cache_reason=no_cache
1787391017.764 [STATIC_AVOID] obs_id=- obs_dist=-m obs_s=- ego_s=38.92 side=- | left_clearance=- right_clearance=- candidate_valid=false rung=- pre_dist=-m | cache_used=false path_age=- path_points=0 planning_time_ms=0.1 | reason=no_static_obstacle_in_range | cache_reason=no_cache
1787391018.360 [STATIC_AVOID] obs_id=- obs_dist=-m obs_s=- ego_s=40.55 side=- | left_clearance=- right_clearance=- candidate_valid=false rung=- pre_dist=-m | cache_used=false path_age=- path_points=0 planning_time_ms=0.1 | reason=no_static_obstacle_in_range | cache_reason=no_cache
1787391018.862 [STATIC_AVOID] obs_id=- obs_dist=-m obs_s=- ego_s=0.71 side=- | left_clearance=- right_clearance=- candidate_valid=false rung=- pre_dist=-m | cache_used=false path_age=- path_points=0 planning_time_ms=0.1 | reason=no_static_obstacle_in_range | cache_reason=no_cache
1787391019.364 [STATIC_AVOID] obs_id=- obs_dist=-m obs_s=- ego_s=2.60 side=- | left_clearance=- right_clearance=- candidate_valid=false rung=- pre_dist=-m | cache_used=false path_age=- path_points=0 planning_time_ms=0.1 | reason=no_static_obstacle_in_range | cache_reason=no_cache
1787391019.963 [STATIC_AVOID] obs_id=- obs_dist=-m obs_s=- ego_s=5.51 side=- | left_clearance=- right_clearance=- candidate_valid=false rung=- pre_dist=-m | cache_used=false path_age=- path_points=0 planning_time_ms=0.1 | reason=no_static_obstacle_in_range | cache_reason=no_cache
1787391020.564 [STATIC_AVOID] obs_id=- obs_dist=-m obs_s=- ego_s=8.31 side=- | left_clearance=- right_clearance=- candidate_valid=false rung=- pre_dist=-m | cache_used=false path_age=- path_points=0 planning_time_ms=0.1 | reason=no_static_obstacle_in_range | cache_reason=no_cache
1787391021.164 [STATIC_AVOID] obs_id=- obs_dist=-m obs_s=- ego_s=11.10 side=- | left_clearance=- right_clearance=- candidate_valid=false rung=- pre_dist=-m | cache_used=false path_age=- path_points=0 planning_time_ms=0.1 | reason=no_static_obstacle_in_range | cache_reason=no_cache
1787391021.666 [STATIC_AVOID] obs_id=- obs_dist=-m obs_s=- ego_s=13.47 side=- | left_clearance=- right_clearance=- candidate_valid=false rung=- pre_dist=-m | cache_used=false path_age=- path_points=0 planning_time_ms=0.1 | reason=no_static_obstacle_in_range | cache_reason=no_cache
1787391022.263 [STATIC_AVOID] obs_id=- obs_dist=-m obs_s=- ego_s=15.76 side=- | left_clearance=- right_clearance=- candidate_valid=false rung=- pre_dist=-m | cache_used=false path_age=- path_points=0 planning_time_ms=0.1 | reason=no_static_obstacle_in_range | cache_reason=no_cache
1787391022.860 [STATIC_AVOID] obs_id=- obs_dist=-m obs_s=- ego_s=18.15 side=- | left_clearance=- right_clearance=- candidate_valid=false rung=- pre_dist=-m | cache_used=false path_age=- path_points=0 planning_time_ms=0.2 | reason=no_static_obstacle_in_range | cache_reason=no_cache
1787391023.363 [STATIC_AVOID] obs_id=- obs_dist=-m obs_s=- ego_s=19.84 side=- | left_clearance=- right_clearance=- candidate_valid=false rung=- pre_dist=-m | cache_used=false path_age=- path_points=0 planning_time_ms=0.1 | reason=no_static_obstacle_in_range | cache_reason=no_cache
1787391023.873 [STATIC_AVOID] obs_id=54 obs_dist=3.97m obs_s=25.66 ego_s=21.69 side=- | left_clearance=-0.28 right_clearance=-0.21 candidate_valid=false rung=- pre_dist=4.00m | cache_used=false path_age=- path_points=0 planning_time_ms=10.0 | reason=group_track_too_narrow | cache_reason=no_cache
1787391024.487 [STATIC_AVOID] obs_id=54 obs_dist=3.14m obs_s=25.82 ego_s=22.68 side=- | left_clearance=-0.19 right_clearance=-0.21 candidate_valid=false rung=- pre_dist=3.30m | cache_used=false path_age=- path_points=0 planning_time_ms=24.7 | reason=group_track_too_narrow | cache_reason=no_cache
1787391025.067 [STATIC_AVOID] obs_id=54 obs_dist=3.23m obs_s=25.88 ego_s=22.65 side=- | left_clearance=-0.21 right_clearance=-0.21 candidate_valid=false rung=- pre_dist=3.35m | cache_used=false path_age=- path_points=0 planning_time_ms=7.2 | reason=group_track_too_narrow | cache_reason=no_cache
1787391025.570 [STATIC_AVOID] obs_id=54 obs_dist=3.21m obs_s=25.89 ego_s=22.68 side=- | left_clearance=-0.23 right_clearance=-0.21 candidate_valid=false rung=- pre_dist=3.36m | cache_used=false path_age=- path_points=0 planning_time_ms=4.1 | reason=group_track_too_narrow | cache_reason=no_cache
1787391026.167 [STATIC_AVOID] obs_id=54 obs_dist=2.75m obs_s=25.85 ego_s=23.09 side=RIGHT | left_clearance=-0.23 right_clearance=0.14 candidate_valid=true rung=0 pre_dist=2.00m | cache_used=false path_age=0.000 path_points=101 planning_time_ms=6.7
1787391026.671 [STATIC_AVOID] obs_id=54 obs_dist=2.05m obs_s=25.84 ego_s=23.79 side=LEFT | left_clearance=-0.32 right_clearance=0.07 candidate_valid=true rung=1 pre_dist=2.00m | cache_used=false path_age=0.000 path_points=101 planning_time_ms=8.1
1787391027.268 [STATIC_AVOID] obs_id=54 obs_dist=1.06m obs_s=25.87 ego_s=24.81 side=LEFT | left_clearance=-0.37 right_clearance=0.04 candidate_valid=false rung=- pre_dist=2.00m | cache_used=false path_age=- path_points=0 planning_time_ms=4.9 | reason=track_too_narrow | cache_reason=no_cache
1787391027.863 [STATIC_AVOID] obs_id=54 obs_dist=0.40m obs_s=25.91 ego_s=25.50 side=RIGHT | left_clearance=-0.25 right_clearance=0.21 candidate_valid=true rung=0 pre_dist=2.13m | cache_used=false path_age=0.000 path_points=101 planning_time_ms=3.6
1787391028.365 [STATIC_AVOID] obs_id=54 obs_dist=0.05m obs_s=25.94 ego_s=25.90 side=LEFT | left_clearance=-0.19 right_clearance=0.00 candidate_valid=false rung=- pre_dist=2.24m | cache_used=false path_age=- path_points=0 planning_time_ms=5.4 | reason=group_track_too_narrow | cache_reason=no_cache
1787391028.869 [STATIC_AVOID] obs_id=54 obs_dist=-0.60m obs_s=25.94 ego_s=26.55 side=RIGHT | left_clearance=-0.19 right_clearance=0.09 candidate_valid=true rung=0 pre_dist=2.89m | cache_used=false path_age=0.000 path_points=101 planning_time_ms=6.5
1787391029.468 [STATIC_AVOID] obs_id=55 obs_dist=1.57m obs_s=28.52 ego_s=26.95 side=RIGHT | left_clearance=-0.21 right_clearance=0.04 candidate_valid=true rung=0 pre_dist=2.00m | cache_used=false path_age=0.000 path_points=101 planning_time_ms=3.5
1787391030.064 [STATIC_AVOID] obs_id=55 obs_dist=1.05m obs_s=28.67 ego_s=27.62 side=RIGHT | left_clearance=-0.14 right_clearance=-0.03 candidate_valid=false rung=- pre_dist=2.15m | cache_used=false path_age=- path_points=0 planning_time_ms=3.7 | reason=track_too_narrow | cache_reason=no_cache
1787391030.666 [STATIC_AVOID] obs_id=55 obs_dist=-0.16m obs_s=28.71 ego_s=28.87 side=RIGHT | left_clearance=-0.06 right_clearance=0.07 candidate_valid=true rung=0 pre_dist=2.85m | cache_used=false path_age=0.000 path_points=101 planning_time_ms=3.4
1787391031.261 [STATIC_AVOID] obs_id=- obs_dist=-m obs_s=- ego_s=30.38 side=- | left_clearance=- right_clearance=- candidate_valid=false rung=- pre_dist=-m | cache_used=false path_age=- path_points=0 planning_time_ms=0.2 | reason=no_static_obstacle_in_range | cache_reason=obstacle_gone
1787391031.762 [STATIC_AVOID] obs_id=- obs_dist=-m obs_s=- ego_s=32.44 side=- | left_clearance=- right_clearance=- candidate_valid=false rung=- pre_dist=-m | cache_used=false path_age=- path_points=0 planning_time_ms=0.1 | reason=no_static_obstacle_in_range | cache_reason=no_cache
1787391032.265 [STATIC_AVOID] obs_id=- obs_dist=-m obs_s=- ego_s=34.54 side=- | left_clearance=- right_clearance=- candidate_valid=false rung=- pre_dist=-m | cache_used=false path_age=- path_points=0 planning_time_ms=0.1 | reason=no_static_obstacle_in_range | cache_reason=no_cache
1787391032.861 [STATIC_AVOID] obs_id=- obs_dist=-m obs_s=- ego_s=36.03 side=- | left_clearance=- right_clearance=- candidate_valid=false rung=- pre_dist=-m | cache_used=false path_age=- path_points=0 planning_time_ms=0.1 | reason=no_static_obstacle_in_range | cache_reason=no_cache
1787391033.470 [STATIC_AVOID] obs_id=- obs_dist=-m obs_s=- ego_s=38.05 side=- | left_clearance=- right_clearance=- candidate_valid=false rung=- pre_dist=-m | cache_used=false path_age=- path_points=0 planning_time_ms=0.1 | reason=no_static_obstacle_in_range | cache_reason=no_cache
1787391034.061 [STATIC_AVOID] obs_id=- obs_dist=-m obs_s=- ego_s=40.14 side=- | left_clearance=- right_clearance=- candidate_valid=false rung=- pre_dist=-m | cache_used=false path_age=- path_points=0 planning_time_ms=0.1 | reason=no_static_obstacle_in_range | cache_reason=no_cache
1787391034.560 [STATIC_AVOID] obs_id=- obs_dist=-m obs_s=- ego_s=0.06 side=- | left_clearance=- right_clearance=- candidate_valid=false rung=- pre_dist=-m | cache_used=false path_age=- path_points=0 planning_time_ms=0.1 | reason=no_static_obstacle_in_range | cache_reason=no_cache
1787391035.062 [STATIC_AVOID] obs_id=- obs_dist=-m obs_s=- ego_s=1.64 side=- | left_clearance=- right_clearance=- candidate_valid=false rung=- pre_dist=-m | cache_used=false path_age=- path_points=0 planning_time_ms=0.1 | reason=no_static_obstacle_in_range | cache_reason=no_cache
1787391035.565 [STATIC_AVOID] obs_id=- obs_dist=-m obs_s=- ego_s=3.88 side=- | left_clearance=- right_clearance=- candidate_valid=false rung=- pre_dist=-m | cache_used=false path_age=- path_points=0 planning_time_ms=0.1 | reason=no_static_obstacle_in_range | cache_reason=no_cache
1787391036.067 [STATIC_AVOID] obs_id=- obs_dist=-m obs_s=- ego_s=6.06 side=- | left_clearance=- right_clearance=- candidate_valid=false rung=- pre_dist=-m | cache_used=false path_age=- path_points=0 planning_time_ms=0.1 | reason=no_static_obstacle_in_range | cache_reason=no_cache
1787391036.667 [STATIC_AVOID] obs_id=- obs_dist=-m obs_s=- ego_s=8.81 side=- | left_clearance=- right_clearance=- candidate_valid=false rung=- pre_dist=-m | cache_used=false path_age=- path_points=0 planning_time_ms=0.1 | reason=no_static_obstacle_in_range | cache_reason=no_cache
1787391037.262 [STATIC_AVOID] obs_id=- obs_dist=-m obs_s=- ego_s=11.95 side=- | left_clearance=- right_clearance=- candidate_valid=false rung=- pre_dist=-m | cache_used=false path_age=- path_points=0 planning_time_ms=0.1 | reason=no_static_obstacle_in_range | cache_reason=no_cache
1787391037.763 [STATIC_AVOID] obs_id=- obs_dist=-m obs_s=- ego_s=14.09 side=- | left_clearance=- right_clearance=- candidate_valid=false rung=- pre_dist=-m | cache_used=false path_age=- path_points=0 planning_time_ms=0.1 | reason=no_static_obstacle_in_range | cache_reason=no_cache
1787391038.362 [STATIC_AVOID] obs_id=- obs_dist=-m obs_s=- ego_s=16.49 side=- | left_clearance=- right_clearance=- candidate_valid=false rung=- pre_dist=-m | cache_used=false path_age=- path_points=0 planning_time_ms=0.1 | reason=no_static_obstacle_in_range | cache_reason=no_cache
1787391038.973 [STATIC_AVOID] obs_id=- obs_dist=-m obs_s=- ego_s=18.70 side=- | left_clearance=- right_clearance=- candidate_valid=false rung=- pre_dist=-m | cache_used=false path_age=- path_points=0 planning_time_ms=0.4 | reason=no_static_obstacle_in_range | cache_reason=no_cache
1787391039.570 [STATIC_AVOID] obs_id=59 obs_dist=4.81m obs_s=25.64 ego_s=20.83 side=LEFT | left_clearance=-0.28 right_clearance=0.15 candidate_valid=false rung=- pre_dist=4.01m | cache_used=false path_age=- path_points=0 planning_time_ms=7.6 | reason=track_too_narrow | cache_reason=cache_collision
1787391040.167 [STATIC_AVOID] obs_id=59 obs_dist=3.01m obs_s=25.72 ego_s=22.71 side=RIGHT | left_clearance=-0.26 right_clearance=0.19 candidate_valid=true rung=0 pre_dist=4.09m | cache_used=false path_age=0.000 path_points=101 planning_time_ms=5.0
1787391040.667 [STATIC_AVOID] obs_id=59 obs_dist=2.14m obs_s=25.77 ego_s=23.63 side=RIGHT | left_clearance=-0.23 right_clearance=0.16 candidate_valid=true rung=0 pre_dist=2.62m | cache_used=false path_age=0.000 path_points=101 planning_time_ms=3.9
1787391041.169 [STATIC_AVOID] obs_id=59 obs_dist=1.67m obs_s=25.78 ego_s=24.11 side=RIGHT | left_clearance=-0.25 right_clearance=0.17 candidate_valid=true rung=0 pre_dist=2.64m | cache_used=false path_age=0.000 path_points=101 planning_time_ms=7.2
1787391041.770 [STATIC_AVOID] obs_id=59 obs_dist=0.64m obs_s=25.82 ego_s=25.18 side=RIGHT | left_clearance=-0.34 right_clearance=-0.09 candidate_valid=false rung=- pre_dist=2.00m | cache_used=true path_age=0.108 path_points=101 planning_time_ms=6.5 | reason=group_track_too_narrow
1787391042.365 [STATIC_AVOID] obs_id=59 obs_dist=0.07m obs_s=25.86 ego_s=25.79 side=RIGHT | left_clearance=-0.26 right_clearance=-0.10 candidate_valid=false rung=- pre_dist=2.47m | cache_used=false path_age=- path_points=0 planning_time_ms=3.4 | reason=group_track_too_narrow | cache_reason=no_cache
1787391042.970 [STATIC_AVOID] obs_id=59 obs_dist=-0.60m obs_s=25.89 ego_s=26.49 side=RIGHT | left_clearance=-0.12 right_clearance=-0.04 candidate_valid=false rung=- pre_dist=2.13m | cache_used=false path_age=- path_points=0 planning_time_ms=10.5 | reason=group_track_too_narrow | cache_reason=no_cache
1787391043.570 [STATIC_AVOID] obs_id=59 obs_dist=-0.80m obs_s=25.89 ego_s=26.69 side=RIGHT | left_clearance=-0.14 right_clearance=-0.06 candidate_valid=false rung=- pre_dist=2.32m | cache_used=false path_age=- path_points=0 planning_time_ms=4.4 | reason=group_track_too_narrow | cache_reason=no_cache
1787391044.165 [STATIC_AVOID] obs_id=59 obs_dist=-0.81m obs_s=25.89 ego_s=26.70 side=RIGHT | left_clearance=-0.09 right_clearance=-0.11 candidate_valid=false rung=- pre_dist=2.33m | cache_used=false path_age=- path_points=0 planning_time_ms=3.6 | reason=group_track_too_narrow | cache_reason=no_cache
1787391044.670 [STATIC_AVOID] obs_id=60 obs_dist=1.94m obs_s=28.63 ego_s=26.69 side=RIGHT | left_clearance=-0.07 right_clearance=-0.07 candidate_valid=false rung=- pre_dist=2.00m | cache_used=false path_age=- path_points=0 planning_time_ms=3.5 | reason=group_track_too_narrow | cache_reason=no_cache
1787391045.273 [STATIC_AVOID] obs_id=60 obs_dist=1.93m obs_s=28.63 ego_s=26.69 side=RIGHT | left_clearance=-0.08 right_clearance=-0.03 candidate_valid=false rung=- pre_dist=2.00m | cache_used=false path_age=- path_points=0 planning_time_ms=6.8 | reason=track_too_narrow | cache_reason=no_cache
1787391045.866 [STATIC_AVOID] obs_id=60 obs_dist=1.91m obs_s=28.63 ego_s=26.72 side=RIGHT | left_clearance=-0.12 right_clearance=-0.04 candidate_valid=false rung=- pre_dist=2.01m | cache_used=false path_age=- path_points=0 planning_time_ms=4.0 | reason=track_too_narrow | cache_reason=no_cache
1787391046.369 [STATIC_AVOID] obs_id=60 obs_dist=1.91m obs_s=28.65 ego_s=26.74 side=RIGHT | left_clearance=-0.10 right_clearance=-0.03 candidate_valid=false rung=- pre_dist=2.02m | cache_used=false path_age=- path_points=0 planning_time_ms=3.4 | reason=track_too_narrow | cache_reason=no_cache
1787391046.971 [STATIC_AVOID] obs_id=60 obs_dist=1.95m obs_s=28.67 ego_s=26.72 side=RIGHT | left_clearance=-0.12 right_clearance=-0.03 candidate_valid=false rung=- pre_dist=2.05m | cache_used=false path_age=- path_points=0 planning_time_ms=6.2 | reason=track_too_narrow | cache_reason=no_cache
1787391047.563 [STATIC_AVOID] obs_id=60 obs_dist=1.94m obs_s=28.67 ego_s=26.73 side=RIGHT | left_clearance=-0.11 right_clearance=-0.03 candidate_valid=false rung=- pre_dist=2.04m | cache_used=false path_age=- path_points=0 planning_time_ms=3.1 | reason=track_too_narrow | cache_reason=no_cache
1787391048.064 [STATIC_AVOID] obs_id=60 obs_dist=1.94m obs_s=28.65 ego_s=26.71 side=RIGHT | left_clearance=-0.10 right_clearance=-0.02 candidate_valid=false rung=- pre_dist=2.03m | cache_used=false path_age=- path_points=0 planning_time_ms=3.4 | reason=track_too_narrow | cache_reason=no_cache
1787391048.663 [STATIC_AVOID] obs_id=60 obs_dist=1.95m obs_s=28.64 ego_s=26.70 side=RIGHT | left_clearance=-0.13 right_clearance=-0.05 candidate_valid=false rung=- pre_dist=2.02m | cache_used=false path_age=- path_points=0 planning_time_ms=3.2 | reason=track_too_narrow | cache_reason=no_cache
1787391049.166 [STATIC_AVOID] obs_id=60 obs_dist=1.91m obs_s=28.64 ego_s=26.73 side=RIGHT | left_clearance=-0.13 right_clearance=-0.04 candidate_valid=false rung=- pre_dist=2.01m | cache_used=false path_age=- path_points=0 planning_time_ms=3.4 | reason=track_too_narrow | cache_reason=no_cache
1787391049.670 [STATIC_AVOID] obs_id=60 obs_dist=1.90m obs_s=28.65 ego_s=26.75 side=RIGHT | left_clearance=-0.11 right_clearance=-0.02 candidate_valid=false rung=- pre_dist=2.02m | cache_used=false path_age=- path_points=0 planning_time_ms=7.5 | reason=track_too_narrow | cache_reason=no_cache
1787391050.263 [STATIC_AVOID] obs_id=60 obs_dist=1.90m obs_s=28.69 ego_s=26.79 side=RIGHT | left_clearance=-0.13 right_clearance=-0.02 candidate_valid=false rung=- pre_dist=2.07m | cache_used=false path_age=- path_points=0 planning_time_ms=3.4 | reason=track_too_narrow | cache_reason=no_cache
1787391050.771 [STATIC_AVOID] obs_id=60 obs_dist=1.93m obs_s=28.72 ego_s=26.79 side=RIGHT | left_clearance=-0.13 right_clearance=-0.02 candidate_valid=false rung=- pre_dist=2.09m | cache_used=false path_age=- path_points=0 planning_time_ms=6.5 | reason=track_too_narrow | cache_reason=no_cache
1787391051.284 [STATIC_AVOID] obs_id=60 obs_dist=1.95m obs_s=28.72 ego_s=26.77 side=RIGHT | left_clearance=-0.12 right_clearance=-0.01 candidate_valid=false rung=- pre_dist=2.09m | cache_used=false path_age=- path_points=0 planning_time_ms=11.6 | reason=track_too_narrow | cache_reason=no_cache
1787391051.870 [STATIC_AVOID] obs_id=60 obs_dist=1.88m obs_s=28.70 ego_s=26.82 side=RIGHT | left_clearance=-0.13 right_clearance=-0.02 candidate_valid=false rung=- pre_dist=2.07m | cache_used=false path_age=- path_points=0 planning_time_ms=9.0 | reason=track_too_narrow | cache_reason=no_cache
1787391052.470 [STATIC_AVOID] obs_id=60 obs_dist=1.79m obs_s=28.70 ego_s=26.91 side=RIGHT | left_clearance=-0.12 right_clearance=-0.01 candidate_valid=false rung=- pre_dist=2.08m | cache_used=false path_age=- path_points=0 planning_time_ms=3.6 | reason=track_too_narrow | cache_reason=no_cache
1787391053.063 [STATIC_AVOID] obs_id=60 obs_dist=1.79m obs_s=28.72 ego_s=26.93 side=RIGHT | left_clearance=-0.11 right_clearance=-0.01 candidate_valid=false rung=- pre_dist=2.10m | cache_used=false path_age=- path_points=0 planning_time_ms=3.3 | reason=track_too_narrow | cache_reason=no_cache
1787391053.567 [STATIC_AVOID] obs_id=60 obs_dist=1.78m obs_s=28.73 ego_s=26.95 side=RIGHT | left_clearance=-0.11 right_clearance=-0.01 candidate_valid=false rung=- pre_dist=2.10m | cache_used=false path_age=- path_points=0 planning_time_ms=7.0 | reason=track_too_narrow | cache_reason=no_cache
1787391054.070 [STATIC_AVOID] obs_id=60 obs_dist=1.71m obs_s=28.71 ego_s=27.00 side=RIGHT | left_clearance=-0.11 right_clearance=-0.02 candidate_valid=false rung=- pre_dist=2.09m | cache_used=false path_age=- path_points=0 planning_time_ms=4.4 | reason=track_too_narrow | cache_reason=no_cache
1787391054.579 [STATIC_AVOID] obs_id=60 obs_dist=1.66m obs_s=28.71 ego_s=27.05 side=RIGHT | left_clearance=-0.11 right_clearance=-0.03 candidate_valid=false rung=- pre_dist=2.09m | cache_used=false path_age=- path_points=0 planning_time_ms=10.1 | reason=track_too_narrow | cache_reason=no_cache
1787391055.166 [STATIC_AVOID] obs_id=60 obs_dist=1.67m obs_s=28.72 ego_s=27.05 side=RIGHT | left_clearance=-0.09 right_clearance=-0.02 candidate_valid=false rung=- pre_dist=2.10m | cache_used=false path_age=- path_points=0 planning_time_ms=5.2 | reason=track_too_narrow | cache_reason=no_cache
1787391055.667 [STATIC_AVOID] obs_id=60 obs_dist=1.58m obs_s=28.70 ego_s=27.12 side=RIGHT | left_clearance=-0.07 right_clearance=-0.02 candidate_valid=false rung=- pre_dist=2.07m | cache_used=false path_age=- path_points=0 planning_time_ms=5.8 | reason=track_too_narrow | cache_reason=no_cache
1787391056.263 [STATIC_AVOID] obs_id=60 obs_dist=1.57m obs_s=28.69 ego_s=27.12 side=RIGHT | left_clearance=-0.07 right_clearance=-0.02 candidate_valid=false rung=- pre_dist=2.06m | cache_used=false path_age=- path_points=0 planning_time_ms=3.4 | reason=track_too_narrow | cache_reason=no_cache
1787391056.767 [STATIC_AVOID] obs_id=60 obs_dist=1.51m obs_s=28.70 ego_s=27.19 side=RIGHT | left_clearance=-0.09 right_clearance=-0.04 candidate_valid=false rung=- pre_dist=2.07m | cache_used=false path_age=- path_points=0 planning_time_ms=5.8 | reason=track_too_narrow | cache_reason=no_cache
1787391057.364 [STATIC_AVOID] obs_id=60 obs_dist=1.44m obs_s=28.71 ego_s=27.27 side=RIGHT | left_clearance=-0.07 right_clearance=-0.02 candidate_valid=false rung=- pre_dist=2.08m | cache_used=false path_age=- path_points=0 planning_time_ms=4.4 | reason=track_too_narrow | cache_reason=no_cache
1787391057.864 [STATIC_AVOID] obs_id=60 obs_dist=1.41m obs_s=28.74 ego_s=27.33 side=RIGHT | left_clearance=-0.06 right_clearance=-0.03 candidate_valid=false rung=- pre_dist=2.11m | cache_used=false path_age=- path_points=0 planning_time_ms=3.2 | reason=track_too_narrow | cache_reason=no_cache
1787391058.477 [STATIC_AVOID] obs_id=60 obs_dist=1.41m obs_s=28.74 ego_s=27.33 side=RIGHT | left_clearance=-0.04 right_clearance=-0.03 candidate_valid=false rung=- pre_dist=2.11m | cache_used=false path_age=- path_points=0 planning_time_ms=15.7 | reason=track_too_narrow | cache_reason=no_cache
1787391059.067 [STATIC_AVOID] obs_id=60 obs_dist=1.25m obs_s=28.74 ego_s=27.50 side=RIGHT | left_clearance=-0.03 right_clearance=-0.02 candidate_valid=false rung=- pre_dist=2.12m | cache_used=false path_age=- path_points=0 planning_time_ms=7.1 | reason=track_too_narrow | cache_reason=no_cache
1787391059.569 [STATIC_AVOID] obs_id=60 obs_dist=1.19m obs_s=28.78 ego_s=27.59 side=RIGHT | left_clearance=-0.01 right_clearance=-0.03 candidate_valid=false rung=- pre_dist=2.03m | cache_used=false path_age=- path_points=0 planning_time_ms=5.0 | reason=track_too_narrow | cache_reason=no_cache
1787391060.079 [STATIC_AVOID] obs_id=60 obs_dist=1.22m obs_s=28.82 ego_s=27.61 side=RIGHT | left_clearance=-0.02 right_clearance=-0.04 candidate_valid=false rung=- pre_dist=2.07m | cache_used=false path_age=- path_points=0 planning_time_ms=17.8 | reason=track_too_narrow | cache_reason=no_cache
1787391060.664 [STATIC_AVOID] obs_id=60 obs_dist=1.20m obs_s=28.83 ego_s=27.62 side=RIGHT | left_clearance=-0.04 right_clearance=-0.06 candidate_valid=false rung=- pre_dist=2.07m | cache_used=false path_age=- path_points=0 planning_time_ms=3.3 | reason=track_too_narrow | cache_reason=no_cache
1787391061.269 [STATIC_AVOID] obs_id=60 obs_dist=1.16m obs_s=28.82 ego_s=27.66 side=RIGHT | left_clearance=-0.03 right_clearance=-0.05 candidate_valid=false rung=- pre_dist=2.07m | cache_used=false path_age=- path_points=0 planning_time_ms=4.3 | reason=track_too_narrow | cache_reason=no_cache
1787391061.867 [STATIC_AVOID] obs_id=60 obs_dist=1.06m obs_s=28.81 ego_s=27.75 side=RIGHT | left_clearance=-0.05 right_clearance=-0.06 candidate_valid=false rung=- pre_dist=2.06m | cache_used=false path_age=- path_points=0 planning_time_ms=4.3 | reason=track_too_narrow | cache_reason=no_cache
1787391062.373 [STATIC_AVOID] obs_id=60 obs_dist=1.07m obs_s=28.81 ego_s=27.74 side=RIGHT | left_clearance=-0.03 right_clearance=-0.04 candidate_valid=false rung=- pre_dist=2.05m | cache_used=false path_age=- path_points=0 planning_time_ms=8.6 | reason=track_too_narrow | cache_reason=no_cache
1787391062.968 [STATIC_AVOID] obs_id=60 obs_dist=1.05m obs_s=28.79 ego_s=27.74 side=RIGHT | left_clearance=-0.04 right_clearance=-0.05 candidate_valid=false rung=- pre_dist=2.04m | cache_used=false path_age=- path_points=0 planning_time_ms=3.9 | reason=track_too_narrow | cache_reason=no_cache
1787391063.567 [STATIC_AVOID] obs_id=60 obs_dist=0.90m obs_s=28.77 ego_s=27.88 side=RIGHT | left_clearance=-0.04 right_clearance=-0.05 candidate_valid=false rung=- pre_dist=2.02m | cache_used=false path_age=- path_points=0 planning_time_ms=3.5 | reason=track_too_narrow | cache_reason=no_cache
1787391064.169 [STATIC_AVOID] obs_id=60 obs_dist=0.86m obs_s=28.80 ego_s=27.95 side=RIGHT | left_clearance=-0.04 right_clearance=-0.04 candidate_valid=false rung=- pre_dist=2.05m | cache_used=false path_age=- path_points=0 planning_time_ms=9.2 | reason=track_too_narrow | cache_reason=no_cache
1787391064.773 [STATIC_AVOID] obs_id=60 obs_dist=0.81m obs_s=28.84 ego_s=28.03 side=RIGHT | left_clearance=-0.06 right_clearance=-0.08 candidate_valid=false rung=- pre_dist=2.09m | cache_used=false path_age=- path_points=0 planning_time_ms=13.2 | reason=track_too_narrow | cache_reason=no_cache
1787391065.390 [STATIC_AVOID] obs_id=60 obs_dist=0.80m obs_s=28.86 ego_s=28.06 side=RIGHT | left_clearance=-0.09 right_clearance=-0.12 candidate_valid=false rung=- pre_dist=2.11m | cache_used=false path_age=- path_points=0 planning_time_ms=10.3 | reason=track_too_narrow | cache_reason=no_cache
1787391065.978 [STATIC_AVOID] obs_id=60 obs_dist=0.89m obs_s=28.85 ego_s=27.96 side=RIGHT | left_clearance=0.05 right_clearance=-0.05 candidate_valid=false rung=- pre_dist=2.10m | cache_used=false path_age=- path_points=0 planning_time_ms=6.3 | reason=map_occupied | cache_reason=no_cache
1787391066.581 [STATIC_AVOID] obs_id=60 obs_dist=0.91m obs_s=28.85 ego_s=27.95 side=RIGHT | left_clearance=0.05 right_clearance=-0.05 candidate_valid=false rung=- pre_dist=2.10m | cache_used=false path_age=- path_points=0 planning_time_ms=19.2 | reason=track_too_narrow | cache_reason=no_cache
1787391067.163 [STATIC_AVOID] obs_id=60 obs_dist=0.75m obs_s=28.85 ego_s=28.10 side=RIGHT | left_clearance=0.05 right_clearance=-0.05 candidate_valid=false rung=- pre_dist=2.10m | cache_used=false path_age=- path_points=0 planning_time_ms=3.9 | reason=map_occupied | cache_reason=no_cache
1787391067.669 [STATIC_AVOID] obs_id=60 obs_dist=0.66m obs_s=28.85 ego_s=28.19 side=RIGHT | left_clearance=0.05 right_clearance=-0.05 candidate_valid=false rung=- pre_dist=2.10m | cache_used=false path_age=- path_points=0 planning_time_ms=4.6 | reason=map_occupied | cache_reason=no_cache
1787391068.264 [STATIC_AVOID] obs_id=- obs_dist=-m obs_s=- ego_s=28.34 side=- | left_clearance=- right_clearance=- candidate_valid=false rung=- pre_dist=-m | cache_used=false path_age=- path_points=0 planning_time_ms=0.1 | reason=no_static_obstacle_in_range | cache_reason=no_cache
1787391068.771 [STATIC_AVOID] obs_id=- obs_dist=-m obs_s=- ego_s=28.87 side=- | left_clearance=- right_clearance=- candidate_valid=false rung=- pre_dist=-m | cache_used=false path_age=- path_points=0 planning_time_ms=0.1 | reason=no_static_obstacle_in_range | cache_reason=no_cache
1787391069.360 [STATIC_AVOID] obs_id=- obs_dist=-m obs_s=- ego_s=29.81 side=- | left_clearance=- right_clearance=- candidate_valid=false rung=- pre_dist=-m | cache_used=false path_age=- path_points=0 planning_time_ms=0.1 | reason=no_static_obstacle_in_range | cache_reason=no_cache
1787391069.860 [STATIC_AVOID] obs_id=- obs_dist=-m obs_s=- ego_s=31.18 side=- | left_clearance=- right_clearance=- candidate_valid=false rung=- pre_dist=-m | cache_used=false path_age=- path_points=0 planning_time_ms=0.1 | reason=no_static_obstacle_in_range | cache_reason=no_cache
1787391070.364 [STATIC_AVOID] obs_id=- obs_dist=-m obs_s=- ego_s=33.31 side=- | left_clearance=- right_clearance=- candidate_valid=false rung=- pre_dist=-m | cache_used=false path_age=- path_points=0 planning_time_ms=0.1 | reason=no_static_obstacle_in_range | cache_reason=no_cache
1787391070.965 [STATIC_AVOID] obs_id=- obs_dist=-m obs_s=- ego_s=35.20 side=- | left_clearance=- right_clearance=- candidate_valid=false rung=- pre_dist=-m | cache_used=false path_age=- path_points=0 planning_time_ms=0.1 | reason=no_static_obstacle_in_range | cache_reason=no_cache
1787391071.561 [STATIC_AVOID] obs_id=- obs_dist=-m obs_s=- ego_s=36.90 side=- | left_clearance=- right_clearance=- candidate_valid=false rung=- pre_dist=-m | cache_used=false path_age=- path_points=0 planning_time_ms=0.1 | reason=no_static_obstacle_in_range | cache_reason=no_cache
1787391072.161 [STATIC_AVOID] obs_id=- obs_dist=-m obs_s=- ego_s=39.25 side=- | left_clearance=- right_clearance=- candidate_valid=false rung=- pre_dist=-m | cache_used=false path_age=- path_points=0 planning_time_ms=0.1 | reason=no_static_obstacle_in_range | cache_reason=no_cache
1787391072.667 [STATIC_AVOID] obs_id=- obs_dist=-m obs_s=- ego_s=40.42 side=- | left_clearance=- right_clearance=- candidate_valid=false rung=- pre_dist=-m | cache_used=false path_age=- path_points=0 planning_time_ms=0.1 | reason=no_static_obstacle_in_range | cache_reason=no_cache
1787391073.264 [STATIC_AVOID] obs_id=- obs_dist=-m obs_s=- ego_s=0.97 side=- | left_clearance=- right_clearance=- candidate_valid=false rung=- pre_dist=-m | cache_used=false path_age=- path_points=0 planning_time_ms=0.1 | reason=no_static_obstacle_in_range | cache_reason=no_cache
1787391073.861 [STATIC_AVOID] obs_id=- obs_dist=-m obs_s=- ego_s=3.55 side=- | left_clearance=- right_clearance=- candidate_valid=false rung=- pre_dist=-m | cache_used=false path_age=- path_points=0 planning_time_ms=0.1 | reason=no_static_obstacle_in_range | cache_reason=no_cache
1787391074.469 [STATIC_AVOID] obs_id=- obs_dist=-m obs_s=- ego_s=6.43 side=- | left_clearance=- right_clearance=- candidate_valid=false rung=- pre_dist=-m | cache_used=false path_age=- path_points=0 planning_time_ms=0.1 | reason=no_static_obstacle_in_range | cache_reason=no_cache
1787391075.059 [STATIC_AVOID] obs_id=- obs_dist=-m obs_s=- ego_s=9.00 side=- | left_clearance=- right_clearance=- candidate_valid=false rung=- pre_dist=-m | cache_used=false path_age=- path_points=0 planning_time_ms=0.1 | reason=no_static_obstacle_in_range | cache_reason=no_cache
1787391075.560 [STATIC_AVOID] obs_id=- obs_dist=-m obs_s=- ego_s=11.48 side=- | left_clearance=- right_clearance=- candidate_valid=false rung=- pre_dist=-m | cache_used=false path_age=- path_points=0 planning_time_ms=0.1 | reason=no_static_obstacle_in_range | cache_reason=no_cache
1787391076.060 [STATIC_AVOID] obs_id=- obs_dist=-m obs_s=- ego_s=13.75 side=- | left_clearance=- right_clearance=- candidate_valid=false rung=- pre_dist=-m | cache_used=false path_age=- path_points=0 planning_time_ms=0.1 | reason=no_static_obstacle_in_range | cache_reason=no_cache
1787391076.562 [STATIC_AVOID] obs_id=- obs_dist=-m obs_s=- ego_s=15.55 side=- | left_clearance=- right_clearance=- candidate_valid=false rung=- pre_dist=-m | cache_used=false path_age=- path_points=0 planning_time_ms=0.1 | reason=no_static_obstacle_in_range | cache_reason=no_cache
1787391077.065 [STATIC_AVOID] obs_id=- obs_dist=-m obs_s=- ego_s=17.58 side=- | left_clearance=- right_clearance=- candidate_valid=false rung=- pre_dist=-m | cache_used=false path_age=- path_points=0 planning_time_ms=0.1 | reason=no_static_obstacle_in_range | cache_reason=no_cache
1787391077.567 [STATIC_AVOID] obs_id=- obs_dist=-m obs_s=- ego_s=19.38 side=- | left_clearance=- right_clearance=- candidate_valid=false rung=- pre_dist=-m | cache_used=false path_age=- path_points=0 planning_time_ms=0.1 | reason=no_static_obstacle_in_range | cache_reason=no_cache
1787391078.167 [STATIC_AVOID] obs_id=65 obs_dist=4.14m obs_s=25.69 ego_s=21.55 side=RIGHT | left_clearance=-0.32 right_clearance=-0.24 candidate_valid=false rung=- pre_dist=4.00m | cache_used=false path_age=- path_points=0 planning_time_ms=3.5 | reason=group_track_too_narrow | cache_reason=no_cache
1787391078.674 [STATIC_AVOID] obs_id=65 obs_dist=3.25m obs_s=25.79 ego_s=22.54 side=RIGHT | left_clearance=-0.16 right_clearance=-0.24 candidate_valid=false rung=- pre_dist=3.33m | cache_used=false path_age=- path_points=0 planning_time_ms=9.1 | reason=group_track_too_narrow | cache_reason=no_cache
1787391079.265 [STATIC_AVOID] obs_id=65 obs_dist=3.27m obs_s=25.86 ego_s=22.59 side=RIGHT | left_clearance=-0.18 right_clearance=-0.24 candidate_valid=false rung=- pre_dist=3.40m | cache_used=false path_age=- path_points=0 planning_time_ms=4.0 | reason=group_map_occupied | cache_reason=no_cache
1787391079.768 [STATIC_AVOID] obs_id=65 obs_dist=3.35m obs_s=25.91 ego_s=22.56 side=RIGHT | left_clearance=-0.18 right_clearance=-0.24 candidate_valid=false rung=- pre_dist=3.44m | cache_used=false path_age=- path_points=0 planning_time_ms=4.7 | reason=group_map_occupied | cache_reason=no_cache
1787391080.371 [STATIC_AVOID] obs_id=65 obs_dist=2.97m obs_s=25.86 ego_s=22.88 side=RIGHT | left_clearance=-0.23 right_clearance=0.17 candidate_valid=true rung=0 pre_dist=2.00m | cache_used=false path_age=0.000 path_points=101 planning_time_ms=6.2
1787391080.979 [STATIC_AVOID] obs_id=65 obs_dist=2.11m obs_s=25.83 ego_s=23.72 side=RIGHT | left_clearance=-0.40 right_clearance=0.06 candidate_valid=false rung=- pre_dist=2.00m | cache_used=false path_age=- path_points=0 planning_time_ms=10.2 | reason=track_too_narrow | cache_reason=cache_collision
1787391081.580 [STATIC_AVOID] obs_id=65 obs_dist=1.46m obs_s=25.88 ego_s=24.42 side=RIGHT | left_clearance=-0.44 right_clearance=0.13 candidate_valid=true rung=0 pre_dist=2.00m | cache_used=false path_age=0.000 path_points=101 planning_time_ms=16.4
1787391082.164 [STATIC_AVOID] obs_id=65 obs_dist=1.45m obs_s=25.89 ego_s=24.44 side=RIGHT | left_clearance=-0.46 right_clearance=0.16 candidate_valid=true rung=0 pre_dist=2.00m | cache_used=false path_age=0.000 path_points=101 planning_time_ms=4.4
1787391082.674 [STATIC_AVOID] obs_id=65 obs_dist=0.91m obs_s=25.93 ego_s=25.02 side=RIGHT | left_clearance=-0.53 right_clearance=0.22 candidate_valid=true rung=0 pre_dist=2.04m | cache_used=false path_age=0.000 path_points=101 planning_time_ms=8.6
1787391083.277 [STATIC_AVOID] obs_id=65 obs_dist=-0.03m obs_s=25.99 ego_s=26.02 side=RIGHT | left_clearance=-0.43 right_clearance=0.30 candidate_valid=true rung=0 pre_dist=2.63m | cache_used=false path_age=0.000 path_points=101 planning_time_ms=11.3
1787391083.867 [STATIC_AVOID] obs_id=65 obs_dist=0.38m obs_s=26.37 ego_s=25.99 side=RIGHT | left_clearance=-0.26 right_clearance=0.23 candidate_valid=true rung=0 pre_dist=2.00m | cache_used=false path_age=0.000 path_points=101 planning_time_ms=3.5
1787391084.469 [STATIC_AVOID] obs_id=65 obs_dist=0.52m obs_s=26.48 ego_s=25.97 side=RIGHT | left_clearance=-0.18 right_clearance=0.18 candidate_valid=true rung=0 pre_dist=2.00m | cache_used=false path_age=0.000 path_points=101 planning_time_ms=5.4
1787391084.978 [STATIC_AVOID] obs_id=65 obs_dist=0.25m obs_s=26.45 ego_s=26.20 side=RIGHT | left_clearance=-0.14 right_clearance=0.22 candidate_valid=true rung=0 pre_dist=2.21m | cache_used=false path_age=0.000 path_points=101 planning_time_ms=6.8
1787391085.570 [STATIC_AVOID] obs_id=65 obs_dist=-0.10m obs_s=26.45 ego_s=26.54 side=RIGHT | left_clearance=-0.19 right_clearance=-0.17 candidate_valid=false rung=- pre_dist=2.20m | cache_used=false path_age=- path_points=0 planning_time_ms=8.0 | reason=group_track_too_narrow | cache_reason=no_cache
1787391086.169 [STATIC_AVOID] obs_id=66 obs_dist=1.02m obs_s=28.57 ego_s=27.56 side=RIGHT | left_clearance=-0.04 right_clearance=-0.01 candidate_valid=false rung=- pre_dist=2.01m | cache_used=false path_age=- path_points=0 planning_time_ms=7.2 | reason=track_too_narrow | cache_reason=no_cache
1787391086.669 [STATIC_AVOID] obs_id=66 obs_dist=1.05m obs_s=28.64 ego_s=27.59 side=RIGHT | left_clearance=-0.06 right_clearance=-0.06 candidate_valid=false rung=- pre_dist=2.08m | cache_used=false path_age=- path_points=0 planning_time_ms=5.8 | reason=track_too_narrow | cache_reason=no_cache
1787391087.169 [STATIC_AVOID] obs_id=66 obs_dist=1.06m obs_s=28.71 ego_s=27.65 side=RIGHT | left_clearance=-0.02 right_clearance=-0.04 candidate_valid=false rung=- pre_dist=2.15m | cache_used=false path_age=- path_points=0 planning_time_ms=5.2 | reason=track_too_narrow | cache_reason=no_cache
1787391087.771 [STATIC_AVOID] obs_id=66 obs_dist=1.03m obs_s=28.76 ego_s=27.73 side=RIGHT | left_clearance=-0.03 right_clearance=-0.08 candidate_valid=false rung=- pre_dist=2.01m | cache_used=false path_age=- path_points=0 planning_time_ms=9.1 | reason=track_too_narrow | cache_reason=no_cache
1787391088.367 [STATIC_AVOID] obs_id=66 obs_dist=1.05m obs_s=28.78 ego_s=27.72 side=RIGHT | left_clearance=-0.02 right_clearance=-0.06 candidate_valid=false rung=- pre_dist=2.02m | cache_used=false path_age=- path_points=0 planning_time_ms=6.3 | reason=track_too_narrow | cache_reason=no_cache
1787391088.869 [STATIC_AVOID] obs_id=66 obs_dist=1.05m obs_s=28.78 ego_s=27.73 side=RIGHT | left_clearance=-0.03 right_clearance=-0.08 candidate_valid=false rung=- pre_dist=2.03m | cache_used=false path_age=- path_points=0 planning_time_ms=5.0 | reason=track_too_narrow | cache_reason=no_cache
1787391089.486 [STATIC_AVOID] obs_id=66 obs_dist=1.04m obs_s=28.78 ego_s=27.73 side=RIGHT | left_clearance=-0.03 right_clearance=-0.07 candidate_valid=false rung=- pre_dist=2.03m | cache_used=false path_age=- path_points=0 planning_time_ms=24.2 | reason=track_too_narrow | cache_reason=no_cache
1787391090.066 [STATIC_AVOID] obs_id=66 obs_dist=1.03m obs_s=28.76 ego_s=27.74 side=RIGHT | left_clearance=-0.02 right_clearance=-0.05 candidate_valid=false rung=- pre_dist=2.01m | cache_used=false path_age=- path_points=0 planning_time_ms=4.1 | reason=track_too_narrow | cache_reason=no_cache
1787391090.587 [STATIC_AVOID] obs_id=66 obs_dist=1.03m obs_s=28.76 ego_s=27.73 side=RIGHT | left_clearance=-0.02 right_clearance=-0.06 candidate_valid=false rung=- pre_dist=2.01m | cache_used=false path_age=- path_points=0 planning_time_ms=21.9 | reason=track_too_narrow | cache_reason=no_cache
1787391091.170 [STATIC_AVOID] obs_id=66 obs_dist=1.04m obs_s=28.74 ego_s=27.71 side=RIGHT | left_clearance=-0.01 right_clearance=-0.05 candidate_valid=false rung=- pre_dist=2.00m | cache_used=false path_age=- path_points=0 planning_time_ms=4.8 | reason=track_too_narrow | cache_reason=no_cache
1787391091.766 [STATIC_AVOID] obs_id=66 obs_dist=0.96m obs_s=28.75 ego_s=27.79 side=RIGHT | left_clearance=-0.03 right_clearance=-0.06 candidate_valid=false rung=- pre_dist=2.00m | cache_used=false path_age=- path_points=0 planning_time_ms=6.0 | reason=track_too_narrow | cache_reason=no_cache
1787391092.372 [STATIC_AVOID] obs_id=66 obs_dist=0.94m obs_s=28.78 ego_s=27.84 side=RIGHT | left_clearance=-0.03 right_clearance=-0.07 candidate_valid=false rung=- pre_dist=2.03m | cache_used=false path_age=- path_points=0 planning_time_ms=8.6 | reason=track_too_narrow | cache_reason=no_cache
1787391092.968 [STATIC_AVOID] obs_id=66 obs_dist=0.96m obs_s=28.83 ego_s=27.86 side=RIGHT | left_clearance=-0.04 right_clearance=-0.08 candidate_valid=false rung=- pre_dist=2.07m | cache_used=false path_age=- path_points=0 planning_time_ms=7.1 | reason=track_too_narrow | cache_reason=no_cache
1787391093.565 [STATIC_AVOID] obs_id=66 obs_dist=1.00m obs_s=28.83 ego_s=27.84 side=RIGHT | left_clearance=-0.02 right_clearance=-0.07 candidate_valid=false rung=- pre_dist=2.08m | cache_used=false path_age=- path_points=0 planning_time_ms=3.2 | reason=track_too_narrow | cache_reason=no_cache
1787391094.072 [STATIC_AVOID] obs_id=66 obs_dist=0.95m obs_s=28.82 ego_s=27.87 side=RIGHT | left_clearance=-0.01 right_clearance=-0.07 candidate_valid=false rung=- pre_dist=2.06m | cache_used=false path_age=- path_points=0 planning_time_ms=3.3 | reason=track_too_narrow | cache_reason=no_cache
1787391094.582 [STATIC_AVOID] obs_id=66 obs_dist=0.96m obs_s=28.80 ego_s=27.84 side=RIGHT | left_clearance=-0.00 right_clearance=-0.08 candidate_valid=false rung=- pre_dist=2.05m | cache_used=false path_age=- path_points=0 planning_time_ms=8.1 | reason=track_too_narrow | cache_reason=no_cache
1787391095.173 [STATIC_AVOID] obs_id=66 obs_dist=0.93m obs_s=28.79 ego_s=27.86 side=RIGHT | left_clearance=0.00 right_clearance=-0.08 candidate_valid=false rung=- pre_dist=2.04m | cache_used=false path_age=- path_points=0 planning_time_ms=11.4 | reason=track_too_narrow | cache_reason=no_cache
1787391095.767 [STATIC_AVOID] obs_id=66 obs_dist=0.94m obs_s=28.79 ego_s=27.85 side=RIGHT | left_clearance=-0.01 right_clearance=-0.09 candidate_valid=false rung=- pre_dist=2.04m | cache_used=false path_age=- path_points=0 planning_time_ms=3.9 | reason=track_too_narrow | cache_reason=no_cache
1787391096.270 [STATIC_AVOID] obs_id=66 obs_dist=1.11m obs_s=28.79 ego_s=27.68 side=RIGHT | left_clearance=-0.00 right_clearance=-0.06 candidate_valid=false rung=- pre_dist=2.04m | cache_used=false path_age=- path_points=0 planning_time_ms=8.7 | reason=track_too_narrow | cache_reason=no_cache
1787391096.883 [STATIC_AVOID] obs_id=66 obs_dist=1.21m obs_s=28.80 ego_s=27.59 side=RIGHT | left_clearance=-0.04 right_clearance=-0.06 candidate_valid=false rung=- pre_dist=2.05m | cache_used=false path_age=- path_points=0 planning_time_ms=6.8 | reason=track_too_narrow | cache_reason=no_cache
1787391097.469 [STATIC_AVOID] obs_id=66 obs_dist=1.27m obs_s=28.81 ego_s=27.54 side=RIGHT | left_clearance=-0.05 right_clearance=-0.05 candidate_valid=false rung=- pre_dist=2.05m | cache_used=false path_age=- path_points=0 planning_time_ms=4.0 | reason=track_too_narrow | cache_reason=no_cache
1787391098.067 [STATIC_AVOID] obs_id=66 obs_dist=1.26m obs_s=28.79 ego_s=27.54 side=RIGHT | left_clearance=-0.06 right_clearance=-0.06 candidate_valid=false rung=- pre_dist=2.04m | cache_used=false path_age=- path_points=0 planning_time_ms=5.9 | reason=track_too_narrow | cache_reason=no_cache
1787391098.568 [STATIC_AVOID] obs_id=66 obs_dist=1.21m obs_s=28.78 ego_s=27.57 side=RIGHT | left_clearance=-0.07 right_clearance=-0.07 candidate_valid=false rung=- pre_dist=2.03m | cache_used=false path_age=- path_points=0 planning_time_ms=5.2 | reason=track_too_narrow | cache_reason=no_cache
1787391099.090 [STATIC_AVOID] obs_id=66 obs_dist=1.18m obs_s=28.78 ego_s=27.61 side=RIGHT | left_clearance=-0.03 right_clearance=-0.05 candidate_valid=false rung=- pre_dist=2.03m | cache_used=false path_age=- path_points=0 planning_time_ms=16.3 | reason=track_too_narrow | cache_reason=no_cache
1787391099.678 [STATIC_AVOID] obs_id=66 obs_dist=1.20m obs_s=28.79 ego_s=27.59 side=RIGHT | left_clearance=-0.02 right_clearance=-0.05 candidate_valid=false rung=- pre_dist=2.03m | cache_used=false path_age=- path_points=0 planning_time_ms=11.1 | reason=track_too_narrow | cache_reason=no_cache
1787391100.267 [STATIC_AVOID] obs_id=66 obs_dist=1.19m obs_s=28.78 ego_s=27.59 side=RIGHT | left_clearance=-0.01 right_clearance=-0.04 candidate_valid=false rung=- pre_dist=2.03m | cache_used=false path_age=- path_points=0 planning_time_ms=5.4 | reason=track_too_narrow | cache_reason=no_cache
1787391100.864 [STATIC_AVOID] obs_id=66 obs_dist=1.20m obs_s=28.78 ego_s=27.58 side=RIGHT | left_clearance=-0.02 right_clearance=-0.06 candidate_valid=false rung=- pre_dist=2.02m | cache_used=false path_age=- path_points=0 planning_time_ms=4.8 | reason=track_too_narrow | cache_reason=no_cache
1787391101.368 [STATIC_AVOID] obs_id=66 obs_dist=1.20m obs_s=28.78 ego_s=27.58 side=RIGHT | left_clearance=-0.04 right_clearance=-0.07 candidate_valid=false rung=- pre_dist=2.03m | cache_used=false path_age=- path_points=0 planning_time_ms=5.1 | reason=track_too_narrow | cache_reason=no_cache
1787391101.978 [STATIC_AVOID] obs_id=66 obs_dist=1.15m obs_s=28.77 ego_s=27.62 side=RIGHT | left_clearance=-0.06 right_clearance=-0.08 candidate_valid=false rung=- pre_dist=2.02m | cache_used=false path_age=- path_points=0 planning_time_ms=10.0 | reason=track_too_narrow | cache_reason=no_cache
1787391102.480 [STATIC_AVOID] obs_id=66 obs_dist=1.10m obs_s=28.77 ego_s=27.68 side=RIGHT | left_clearance=-0.06 right_clearance=-0.07 candidate_valid=false rung=- pre_dist=2.02m | cache_used=false path_age=- path_points=0 planning_time_ms=3.5 | reason=track_too_narrow | cache_reason=no_cache
1787391103.067 [STATIC_AVOID] obs_id=66 obs_dist=1.05m obs_s=28.78 ego_s=27.73 side=RIGHT | left_clearance=-0.07 right_clearance=-0.08 candidate_valid=false rung=- pre_dist=2.03m | cache_used=false path_age=- path_points=0 planning_time_ms=5.8 | reason=track_too_narrow | cache_reason=no_cache
1787391103.568 [STATIC_AVOID] obs_id=66 obs_dist=1.02m obs_s=28.78 ego_s=27.77 side=RIGHT | left_clearance=-0.04 right_clearance=-0.05 candidate_valid=false rung=- pre_dist=2.03m | cache_used=false path_age=- path_points=0 planning_time_ms=3.8 | reason=track_too_narrow | cache_reason=no_cache
1787391104.170 [STATIC_AVOID] obs_id=66 obs_dist=0.97m obs_s=28.78 ego_s=27.81 side=RIGHT | left_clearance=-0.02 right_clearance=-0.04 candidate_valid=false rung=- pre_dist=2.02m | cache_used=false path_age=- path_points=0 planning_time_ms=3.7 | reason=track_too_narrow | cache_reason=no_cache
1787391104.690 [STATIC_AVOID] obs_id=66 obs_dist=0.91m obs_s=28.78 ego_s=27.87 side=RIGHT | left_clearance=-0.06 right_clearance=-0.07 candidate_valid=false rung=- pre_dist=2.02m | cache_used=false path_age=- path_points=0 planning_time_ms=18.0 | reason=track_too_narrow | cache_reason=no_cache
1787391105.282 [STATIC_AVOID] obs_id=66 obs_dist=0.90m obs_s=28.78 ego_s=27.88 side=RIGHT | left_clearance=-0.08 right_clearance=-0.07 candidate_valid=false rung=- pre_dist=2.03m | cache_used=false path_age=- path_points=0 planning_time_ms=16.5 | reason=track_too_narrow | cache_reason=no_cache
1787391105.868 [STATIC_AVOID] obs_id=66 obs_dist=0.87m obs_s=28.77 ego_s=27.90 side=RIGHT | left_clearance=-0.04 right_clearance=-0.02 candidate_valid=false rung=- pre_dist=2.02m | cache_used=false path_age=- path_points=0 planning_time_ms=5.8 | reason=track_too_narrow | cache_reason=no_cache
1787391106.468 [STATIC_AVOID] obs_id=66 obs_dist=0.77m obs_s=28.76 ego_s=27.99 side=RIGHT | left_clearance=-0.08 right_clearance=-0.04 candidate_valid=false rung=- pre_dist=2.01m | cache_used=false path_age=- path_points=0 planning_time_ms=6.6 | reason=track_too_narrow | cache_reason=no_cache
1787391106.970 [STATIC_AVOID] obs_id=66 obs_dist=0.78m obs_s=28.76 ego_s=27.97 side=RIGHT | left_clearance=-0.07 right_clearance=-0.02 candidate_valid=false rung=- pre_dist=2.01m | cache_used=false path_age=- path_points=0 planning_time_ms=9.5 | reason=track_too_narrow | cache_reason=no_cache
1787391107.565 [STATIC_AVOID] obs_id=66 obs_dist=0.69m obs_s=28.76 ego_s=28.07 side=RIGHT | left_clearance=-0.08 right_clearance=-0.01 candidate_valid=true rung=0 pre_dist=2.01m | cache_used=false path_age=0.000 path_points=101 planning_time_ms=3.3
1787391108.067 [STATIC_AVOID] obs_id=66 obs_dist=0.53m obs_s=28.77 ego_s=28.24 side=RIGHT | left_clearance=-0.11 right_clearance=-0.02 candidate_valid=true rung=0 pre_dist=2.01m | cache_used=false path_age=0.000 path_points=101 planning_time_ms=6.3
1787391108.571 [STATIC_AVOID] obs_id=66 obs_dist=0.18m obs_s=28.86 ego_s=28.68 side=RIGHT | left_clearance=-0.02 right_clearance=0.14 candidate_valid=true rung=0 pre_dist=2.43m | cache_used=false path_age=0.000 path_points=101 planning_time_ms=9.2
1787391109.168 [STATIC_AVOID] obs_id=66 obs_dist=-0.72m obs_s=28.88 ego_s=29.59 side=RIGHT | left_clearance=-0.07 right_clearance=0.11 candidate_valid=true rung=0 pre_dist=3.34m | cache_used=false path_age=0.000 path_points=101 planning_time_ms=6.3
1787391109.763 [STATIC_AVOID] obs_id=- obs_dist=-m obs_s=- ego_s=30.87 side=- | left_clearance=- right_clearance=- candidate_valid=false rung=- pre_dist=-m | cache_used=false path_age=- path_points=0 planning_time_ms=0.1 | reason=no_static_obstacle_in_range | cache_reason=no_cache
1787391110.267 [STATIC_AVOID] obs_id=- obs_dist=-m obs_s=- ego_s=32.76 side=- | left_clearance=- right_clearance=- candidate_valid=false rung=- pre_dist=-m | cache_used=false path_age=- path_points=0 planning_time_ms=0.1 | reason=no_static_obstacle_in_range | cache_reason=no_cache
1787391110.864 [STATIC_AVOID] obs_id=- obs_dist=-m obs_s=- ego_s=34.99 side=- | left_clearance=- right_clearance=- candidate_valid=false rung=- pre_dist=-m | cache_used=false path_age=- path_points=0 planning_time_ms=0.1 | reason=no_static_obstacle_in_range | cache_reason=no_cache
1787391111.466 [STATIC_AVOID] obs_id=- obs_dist=-m obs_s=- ego_s=36.65 side=- | left_clearance=- right_clearance=- candidate_valid=false rung=- pre_dist=-m | cache_used=false path_age=- path_points=0 planning_time_ms=0.1 | reason=no_static_obstacle_in_range | cache_reason=no_cache
1787391112.062 [STATIC_AVOID] obs_id=- obs_dist=-m obs_s=- ego_s=38.94 side=- | left_clearance=- right_clearance=- candidate_valid=false rung=- pre_dist=-m | cache_used=false path_age=- path_points=0 planning_time_ms=0.1 | reason=no_static_obstacle_in_range | cache_reason=no_cache
1787391112.665 [STATIC_AVOID] obs_id=- obs_dist=-m obs_s=- ego_s=40.50 side=- | left_clearance=- right_clearance=- candidate_valid=false rung=- pre_dist=-m | cache_used=false path_age=- path_points=0 planning_time_ms=0.1 | reason=no_static_obstacle_in_range | cache_reason=no_cache
1787391113.267 [STATIC_AVOID] obs_id=- obs_dist=-m obs_s=- ego_s=1.10 side=- | left_clearance=- right_clearance=- candidate_valid=false rung=- pre_dist=-m | cache_used=false path_age=- path_points=0 planning_time_ms=0.1 | reason=no_static_obstacle_in_range | cache_reason=no_cache
1787391113.866 [STATIC_AVOID] obs_id=- obs_dist=-m obs_s=- ego_s=3.63 side=- | left_clearance=- right_clearance=- candidate_valid=false rung=- pre_dist=-m | cache_used=false path_age=- path_points=0 planning_time_ms=0.1 | reason=no_static_obstacle_in_range | cache_reason=no_cache
1787391114.462 [STATIC_AVOID] obs_id=- obs_dist=-m obs_s=- ego_s=6.21 side=- | left_clearance=- right_clearance=- candidate_valid=false rung=- pre_dist=-m | cache_used=false path_age=- path_points=0 planning_time_ms=0.1 | reason=no_static_obstacle_in_range | cache_reason=no_cache
1787391114.963 [STATIC_AVOID] obs_id=- obs_dist=-m obs_s=- ego_s=8.55 side=- | left_clearance=- right_clearance=- candidate_valid=false rung=- pre_dist=-m | cache_used=false path_age=- path_points=0 planning_time_ms=0.1 | reason=no_static_obstacle_in_range | cache_reason=no_cache
1787391115.563 [STATIC_AVOID] obs_id=- obs_dist=-m obs_s=- ego_s=11.42 side=- | left_clearance=- right_clearance=- candidate_valid=false rung=- pre_dist=-m | cache_used=false path_age=- path_points=0 planning_time_ms=0.1 | reason=no_static_obstacle_in_range | cache_reason=no_cache
1787391116.066 [STATIC_AVOID] obs_id=- obs_dist=-m obs_s=- ego_s=13.75 side=- | left_clearance=- right_clearance=- candidate_valid=false rung=- pre_dist=-m | cache_used=false path_age=- path_points=0 planning_time_ms=0.1 | reason=no_static_obstacle_in_range | cache_reason=no_cache
1787391116.661 [STATIC_AVOID] obs_id=- obs_dist=-m obs_s=- ego_s=15.97 side=- | left_clearance=- right_clearance=- candidate_valid=false rung=- pre_dist=-m | cache_used=false path_age=- path_points=0 planning_time_ms=0.2 | reason=no_static_obstacle_in_range | cache_reason=no_cache
1787391117.166 [STATIC_AVOID] obs_id=- obs_dist=-m obs_s=- ego_s=17.93 side=- | left_clearance=- right_clearance=- candidate_valid=false rung=- pre_dist=-m | cache_used=false path_age=- path_points=0 planning_time_ms=0.1 | reason=no_static_obstacle_in_range | cache_reason=no_cache
1787391117.761 [STATIC_AVOID] obs_id=- obs_dist=-m obs_s=- ego_s=20.00 side=- | left_clearance=- right_clearance=- candidate_valid=false rung=- pre_dist=-m | cache_used=false path_age=- path_points=0 planning_time_ms=0.1 | reason=no_static_obstacle_in_range | cache_reason=no_cache
1787391118.266 [STATIC_AVOID] obs_id=67 obs_dist=6.44m obs_s=28.34 ego_s=21.90 side=- | left_clearance=0.00 right_clearance=-0.26 candidate_valid=false rung=- pre_dist=4.00m | cache_used=false path_age=- path_points=0 planning_time_ms=3.9 | reason=map_occupied | cache_reason=no_cache
1787391118.768 [STATIC_AVOID] obs_id=67 obs_dist=5.63m obs_s=28.34 ego_s=22.71 side=- | left_clearance=0.00 right_clearance=-0.26 candidate_valid=false rung=- pre_dist=4.00m | cache_used=false path_age=- path_points=0 planning_time_ms=6.6 | reason=map_occupied | cache_reason=no_cache
1787391119.377 [STATIC_AVOID] obs_id=67 obs_dist=5.13m obs_s=28.34 ego_s=23.21 side=- | left_clearance=0.00 right_clearance=-0.26 candidate_valid=false rung=- pre_dist=4.00m | cache_used=false path_age=- path_points=0 planning_time_ms=4.4 | reason=map_occupied | cache_reason=no_cache
1787391119.962 [STATIC_AVOID] obs_id=- obs_dist=-m obs_s=- ego_s=23.99 side=- | left_clearance=- right_clearance=- candidate_valid=false rung=- pre_dist=-m | cache_used=false path_age=- path_points=0 planning_time_ms=0.1 | reason=no_static_obstacle_in_range | cache_reason=no_cache
1787391120.474 [STATIC_AVOID] obs_id=- obs_dist=-m obs_s=- ego_s=24.60 side=- | left_clearance=- right_clearance=- candidate_valid=false rung=- pre_dist=-m | cache_used=false path_age=- path_points=0 planning_time_ms=0.1 | reason=no_static_obstacle_in_range | cache_reason=no_cache
1787391121.080 [STATIC_AVOID] obs_id=68 obs_dist=2.67m obs_s=28.49 ego_s=25.82 side=- | left_clearance=-0.19 right_clearance=0.02 candidate_valid=false rung=- pre_dist=3.08m | cache_used=false path_age=- path_points=0 planning_time_ms=10.6 | reason=track_too_narrow | cache_reason=no_cache
1787391121.666 [STATIC_AVOID] obs_id=68 obs_dist=1.65m obs_s=28.53 ego_s=26.88 side=RIGHT | left_clearance=-0.25 right_clearance=0.06 candidate_valid=true rung=0 pre_dist=3.11m | cache_used=false path_age=0.000 path_points=101 planning_time_ms=5.1
1787391122.166 [STATIC_AVOID] obs_id=68 obs_dist=0.58m obs_s=28.58 ego_s=28.00 side=RIGHT | left_clearance=-0.26 right_clearance=0.07 candidate_valid=true rung=0 pre_dist=3.16m | cache_used=false path_age=0.000 path_points=101 planning_time_ms=3.8
1787391122.768 [STATIC_AVOID] obs_id=68 obs_dist=-0.59m obs_s=28.67 ego_s=29.27 side=RIGHT | left_clearance=-0.14 right_clearance=0.24 candidate_valid=true rung=0 pre_dist=4.35m | cache_used=false path_age=0.000 path_points=101 planning_time_ms=5.1
1787391123.363 [STATIC_AVOID] obs_id=- obs_dist=-m obs_s=- ego_s=31.21 side=- | left_clearance=- right_clearance=- candidate_valid=false rung=- pre_dist=-m | cache_used=false path_age=- path_points=0 planning_time_ms=0.1 | reason=no_static_obstacle_in_range | cache_reason=no_cache
1787391123.966 [STATIC_AVOID] obs_id=- obs_dist=-m obs_s=- ego_s=33.97 side=- | left_clearance=- right_clearance=- candidate_valid=false rung=- pre_dist=-m | cache_used=false path_age=- path_points=0 planning_time_ms=0.1 | reason=no_static_obstacle_in_range | cache_reason=no_cache
1787391124.567 [STATIC_AVOID] obs_id=- obs_dist=-m obs_s=- ego_s=35.66 side=- | left_clearance=- right_clearance=- candidate_valid=false rung=- pre_dist=-m | cache_used=false path_age=- path_points=0 planning_time_ms=0.1 | reason=no_static_obstacle_in_range | cache_reason=no_cache
1787391125.162 [STATIC_AVOID] obs_id=- obs_dist=-m obs_s=- ego_s=37.55 side=- | left_clearance=- right_clearance=- candidate_valid=false rung=- pre_dist=-m | cache_used=false path_age=- path_points=0 planning_time_ms=1.1 | reason=no_static_obstacle_in_range | cache_reason=no_cache
1787391125.663 [STATIC_AVOID] obs_id=- obs_dist=-m obs_s=- ego_s=39.43 side=- | left_clearance=- right_clearance=- candidate_valid=false rung=- pre_dist=-m | cache_used=false path_age=- path_points=0 planning_time_ms=0.1 | reason=no_static_obstacle_in_range | cache_reason=no_cache
1787391126.261 [STATIC_AVOID] obs_id=- obs_dist=-m obs_s=- ego_s=40.94 side=- | left_clearance=- right_clearance=- candidate_valid=false rung=- pre_dist=-m | cache_used=false path_age=- path_points=0 planning_time_ms=0.1 | reason=no_static_obstacle_in_range | cache_reason=no_cache
1787391126.761 [STATIC_AVOID] obs_id=- obs_dist=-m obs_s=- ego_s=1.06 side=- | left_clearance=- right_clearance=- candidate_valid=false rung=- pre_dist=-m | cache_used=false path_age=- path_points=0 planning_time_ms=0.1 | reason=no_static_obstacle_in_range | cache_reason=no_cache
1787391127.364 [STATIC_AVOID] obs_id=- obs_dist=-m obs_s=- ego_s=3.96 side=- | left_clearance=- right_clearance=- candidate_valid=false rung=- pre_dist=-m | cache_used=false path_age=- path_points=0 planning_time_ms=0.1 | reason=no_static_obstacle_in_range | cache_reason=no_cache
1787391127.968 [STATIC_AVOID] obs_id=- obs_dist=-m obs_s=- ego_s=6.98 side=- | left_clearance=- right_clearance=- candidate_valid=false rung=- pre_dist=-m | cache_used=false path_age=- path_points=0 planning_time_ms=0.1 | reason=no_static_obstacle_in_range | cache_reason=no_cache
1787391128.565 [STATIC_AVOID] obs_id=- obs_dist=-m obs_s=- ego_s=9.20 side=- | left_clearance=- right_clearance=- candidate_valid=false rung=- pre_dist=-m | cache_used=false path_age=- path_points=0 planning_time_ms=0.1 | reason=no_static_obstacle_in_range | cache_reason=no_cache
1787391129.068 [STATIC_AVOID] obs_id=- obs_dist=-m obs_s=- ego_s=11.87 side=- | left_clearance=- right_clearance=- candidate_valid=false rung=- pre_dist=-m | cache_used=false path_age=- path_points=0 planning_time_ms=0.1 | reason=no_static_obstacle_in_range | cache_reason=no_cache
1787391129.663 [STATIC_AVOID] obs_id=- obs_dist=-m obs_s=- ego_s=14.30 side=- | left_clearance=- right_clearance=- candidate_valid=false rung=- pre_dist=-m | cache_used=false path_age=- path_points=0 planning_time_ms=0.1 | reason=no_static_obstacle_in_range | cache_reason=no_cache
1787391130.261 [STATIC_AVOID] obs_id=- obs_dist=-m obs_s=- ego_s=16.77 side=- | left_clearance=- right_clearance=- candidate_valid=false rung=- pre_dist=-m | cache_used=false path_age=- path_points=0 planning_time_ms=0.1 | reason=no_static_obstacle_in_range | cache_reason=no_cache
1787391130.861 [STATIC_AVOID] obs_id=- obs_dist=-m obs_s=- ego_s=19.07 side=- | left_clearance=- right_clearance=- candidate_valid=false rung=- pre_dist=-m | cache_used=false path_age=- path_points=0 planning_time_ms=0.1 | reason=no_static_obstacle_in_range | cache_reason=no_cache
1787391131.366 [STATIC_AVOID] obs_id=71 obs_dist=7.54m obs_s=28.30 ego_s=20.77 side=LEFT | left_clearance=0.20 right_clearance=-0.15 candidate_valid=true rung=0 pre_dist=4.00m | cache_used=false path_age=0.000 path_points=149 planning_time_ms=5.2
1787391131.867 [STATIC_AVOID] obs_id=71 obs_dist=5.88m obs_s=28.31 ego_s=22.43 side=LEFT | left_clearance=-0.00 right_clearance=-0.24 candidate_valid=false rung=- pre_dist=4.00m | cache_used=false path_age=- path_points=0 planning_time_ms=7.2 | reason=map_occupied | cache_reason=no_cache
1787391132.375 [STATIC_AVOID] obs_id=71 obs_dist=5.38m obs_s=28.31 ego_s=22.92 side=LEFT | left_clearance=-0.00 right_clearance=-0.24 candidate_valid=false rung=- pre_dist=4.00m | cache_used=false path_age=- path_points=0 planning_time_ms=5.2 | reason=map_occupied | cache_reason=no_cache
1787391132.967 [STATIC_AVOID] obs_id=71 obs_dist=4.94m obs_s=28.31 ego_s=23.37 side=LEFT | left_clearance=-0.00 right_clearance=-0.24 candidate_valid=false rung=- pre_dist=4.00m | cache_used=false path_age=- path_points=0 planning_time_ms=3.8 | reason=map_occupied | cache_reason=no_cache
1787391133.561 [STATIC_AVOID] obs_id=- obs_dist=-m obs_s=- ego_s=24.20 side=- | left_clearance=- right_clearance=- candidate_valid=false rung=- pre_dist=-m | cache_used=false path_age=- path_points=0 planning_time_ms=0.1 | reason=no_static_obstacle_in_range | cache_reason=no_cache
1787391134.063 [STATIC_AVOID] obs_id=- obs_dist=-m obs_s=- ego_s=24.94 side=- | left_clearance=- right_clearance=- candidate_valid=false rung=- pre_dist=-m | cache_used=false path_age=- path_points=0 planning_time_ms=0.1 | reason=no_static_obstacle_in_range | cache_reason=no_cache
1787391134.571 [STATIC_AVOID] obs_id=73 obs_dist=2.51m obs_s=28.48 ego_s=25.97 side=- | left_clearance=-0.20 right_clearance=0.04 candidate_valid=false rung=- pre_dist=2.95m | cache_used=false path_age=- path_points=0 planning_time_ms=6.6 | reason=track_too_narrow | cache_reason=no_cache
1787391135.171 [STATIC_AVOID] obs_id=73 obs_dist=1.72m obs_s=28.55 ego_s=26.83 side=RIGHT | left_clearance=-0.25 right_clearance=0.08 candidate_valid=true rung=0 pre_dist=3.02m | cache_used=false path_age=0.000 path_points=101 planning_time_ms=7.9
1787391135.763 [STATIC_AVOID] obs_id=73 obs_dist=0.55m obs_s=28.67 ego_s=28.12 side=RIGHT | left_clearance=-0.28 right_clearance=0.09 candidate_valid=true rung=0 pre_dist=3.14m | cache_used=false path_age=0.000 path_points=101 planning_time_ms=3.3
1787391136.264 [STATIC_AVOID] obs_id=73 obs_dist=-0.38m obs_s=28.68 ego_s=29.06 side=RIGHT | left_clearance=-0.18 right_clearance=0.20 candidate_valid=true rung=0 pre_dist=4.03m | cache_used=false path_age=0.000 path_points=101 planning_time_ms=3.4
1787391136.866 [STATIC_AVOID] obs_id=- obs_dist=-m obs_s=- ego_s=30.82 side=- | left_clearance=- right_clearance=- candidate_valid=false rung=- pre_dist=-m | cache_used=false path_age=- path_points=0 planning_time_ms=0.1 | reason=no_static_obstacle_in_range | cache_reason=no_cache
1787391137.466 [STATIC_AVOID] obs_id=- obs_dist=-m obs_s=- ego_s=33.43 side=- | left_clearance=- right_clearance=- candidate_valid=false rung=- pre_dist=-m | cache_used=false path_age=- path_points=0 planning_time_ms=0.1 | reason=no_static_obstacle_in_range | cache_reason=no_cache
1787391137.977 [STATIC_AVOID] obs_id=74 obs_dist=2.41m obs_s=37.53 ego_s=35.12 side=LEFT | left_clearance=0.09 right_clearance=-0.26 candidate_valid=true rung=0 pre_dist=2.41m | cache_used=false path_age=0.000 path_points=101 planning_time_ms=12.2
1787391138.487 [STATIC_AVOID] obs_id=74 obs_dist=1.31m obs_s=37.54 ego_s=36.22 side=LEFT | left_clearance=0.09 right_clearance=-0.22 candidate_valid=true rung=0 pre_dist=2.42m | cache_used=false path_age=0.000 path_points=101 planning_time_ms=9.5
1787391139.074 [STATIC_AVOID] obs_id=74 obs_dist=-0.89m obs_s=37.54 ego_s=38.43 side=LEFT | left_clearance=0.04 right_clearance=-0.22 candidate_valid=true rung=0 pre_dist=3.81m | cache_used=false path_age=0.000 path_points=101 planning_time_ms=11.3
1787391139.660 [STATIC_AVOID] obs_id=- obs_dist=-m obs_s=- ego_s=40.07 side=- | left_clearance=- right_clearance=- candidate_valid=false rung=- pre_dist=-m | cache_used=false path_age=- path_points=0 planning_time_ms=0.1 | reason=no_static_obstacle_in_range | cache_reason=no_cache
1787391140.164 [STATIC_AVOID] obs_id=- obs_dist=-m obs_s=- ego_s=40.96 side=- | left_clearance=- right_clearance=- candidate_valid=false rung=- pre_dist=-m | cache_used=false path_age=- path_points=0 planning_time_ms=0.1 | reason=no_static_obstacle_in_range | cache_reason=no_cache
1787391140.770 [STATIC_AVOID] obs_id=- obs_dist=-m obs_s=- ego_s=1.39 side=- | left_clearance=- right_clearance=- candidate_valid=false rung=- pre_dist=-m | cache_used=false path_age=- path_points=0 planning_time_ms=0.1 | reason=no_static_obstacle_in_range | cache_reason=no_cache
1787391141.272 [STATIC_AVOID] obs_id=- obs_dist=-m obs_s=- ego_s=3.62 side=- | left_clearance=- right_clearance=- candidate_valid=false rung=- pre_dist=-m | cache_used=false path_age=- path_points=0 planning_time_ms=0.1 | reason=no_static_obstacle_in_range | cache_reason=no_cache
1787391141.862 [STATIC_AVOID] obs_id=- obs_dist=-m obs_s=- ego_s=6.71 side=- | left_clearance=- right_clearance=- candidate_valid=false rung=- pre_dist=-m | cache_used=false path_age=- path_points=0 planning_time_ms=0.1 | reason=no_static_obstacle_in_range | cache_reason=no_cache
1787391142.363 [STATIC_AVOID] obs_id=- obs_dist=-m obs_s=- ego_s=8.68 side=- | left_clearance=- right_clearance=- candidate_valid=false rung=- pre_dist=-m | cache_used=false path_age=- path_points=0 planning_time_ms=0.1 | reason=no_static_obstacle_in_range | cache_reason=no_cache
1787391142.969 [STATIC_AVOID] obs_id=- obs_dist=-m obs_s=- ego_s=11.50 side=- | left_clearance=- right_clearance=- candidate_valid=false rung=- pre_dist=-m | cache_used=false path_age=- path_points=0 planning_time_ms=0.1 | reason=no_static_obstacle_in_range | cache_reason=no_cache
1787391143.562 [STATIC_AVOID] obs_id=- obs_dist=-m obs_s=- ego_s=14.10 side=- | left_clearance=- right_clearance=- candidate_valid=false rung=- pre_dist=-m | cache_used=false path_age=- path_points=0 planning_time_ms=0.1 | reason=no_static_obstacle_in_range | cache_reason=no_cache
1787391144.167 [STATIC_AVOID] obs_id=- obs_dist=-m obs_s=- ego_s=16.58 side=- | left_clearance=- right_clearance=- candidate_valid=false rung=- pre_dist=-m | cache_used=false path_age=- path_points=0 planning_time_ms=0.1 | reason=no_static_obstacle_in_range | cache_reason=no_cache
1787391144.769 [STATIC_AVOID] obs_id=- obs_dist=-m obs_s=- ego_s=18.79 side=- | left_clearance=- right_clearance=- candidate_valid=false rung=- pre_dist=-m | cache_used=false path_age=- path_points=0 planning_time_ms=0.1 | reason=no_static_obstacle_in_range | cache_reason=no_cache
1787391145.365 [STATIC_AVOID] obs_id=- obs_dist=-m obs_s=- ego_s=21.00 side=- | left_clearance=- right_clearance=- candidate_valid=false rung=- pre_dist=-m | cache_used=false path_age=- path_points=0 planning_time_ms=0.1 | reason=no_static_obstacle_in_range | cache_reason=no_cache
1787391145.967 [STATIC_AVOID] obs_id=- obs_dist=-m obs_s=- ego_s=23.12 side=- | left_clearance=- right_clearance=- candidate_valid=false rung=- pre_dist=-m | cache_used=false path_age=- path_points=0 planning_time_ms=0.2 | reason=no_static_obstacle_in_range | cache_reason=no_cache
1787391146.569 [STATIC_AVOID] obs_id=- obs_dist=-m obs_s=- ego_s=24.90 side=- | left_clearance=- right_clearance=- candidate_valid=false rung=- pre_dist=-m | cache_used=false path_age=- path_points=0 planning_time_ms=2.2 | reason=no_static_obstacle_in_range | cache_reason=no_cache
1787391147.071 [STATIC_AVOID] obs_id=76 obs_dist=2.54m obs_s=28.43 ego_s=25.89 side=LEFT | left_clearance=-0.17 right_clearance=0.00 candidate_valid=false rung=- pre_dist=3.27m | cache_used=false path_age=- path_points=0 planning_time_ms=7.2 | reason=track_too_narrow | cache_reason=no_cache
1787391147.665 [STATIC_AVOID] obs_id=76 obs_dist=1.96m obs_s=28.50 ego_s=26.55 side=RIGHT | left_clearance=-0.24 right_clearance=0.07 candidate_valid=true rung=0 pre_dist=2.02m | cache_used=false path_age=0.000 path_points=101 planning_time_ms=4.7
1787391148.263 [STATIC_AVOID] obs_id=76 obs_dist=1.26m obs_s=28.63 ego_s=27.38 side=RIGHT | left_clearance=-0.28 right_clearance=0.14 candidate_valid=true rung=0 pre_dist=2.15m | cache_used=false path_age=0.000 path_points=101 planning_time_ms=3.5
1787391148.770 [STATIC_AVOID] obs_id=76 obs_dist=0.54m obs_s=28.72 ego_s=28.18 side=RIGHT | left_clearance=-0.27 right_clearance=0.10 candidate_valid=true rung=0 pre_dist=2.24m | cache_used=false path_age=0.000 path_points=101 planning_time_ms=7.0
1787391149.385 [STATIC_AVOID] obs_id=76 obs_dist=-0.74m obs_s=28.72 ego_s=29.46 side=RIGHT | left_clearance=-0.13 right_clearance=0.25 candidate_valid=true rung=0 pre_dist=3.48m | cache_used=false path_age=0.000 path_points=101 planning_time_ms=3.8
1787391149.963 [STATIC_AVOID] obs_id=- obs_dist=-m obs_s=- ego_s=31.49 side=- | left_clearance=- right_clearance=- candidate_valid=false rung=- pre_dist=-m | cache_used=false path_age=- path_points=0 planning_time_ms=0.1 | reason=no_static_obstacle_in_range | cache_reason=no_cache
1787391150.467 [STATIC_AVOID] obs_id=- obs_dist=-m obs_s=- ego_s=33.56 side=- | left_clearance=- right_clearance=- candidate_valid=false rung=- pre_dist=-m | cache_used=false path_age=- path_points=0 planning_time_ms=0.1 | reason=no_static_obstacle_in_range | cache_reason=no_cache
1787391150.970 [STATIC_AVOID] obs_id=77 obs_dist=2.17m obs_s=37.53 ego_s=35.36 side=LEFT | left_clearance=0.07 right_clearance=-0.22 candidate_valid=true rung=0 pre_dist=2.42m | cache_used=false path_age=0.000 path_points=101 planning_time_ms=4.5
1787391151.568 [STATIC_AVOID] obs_id=77 obs_dist=0.58m obs_s=37.53 ego_s=36.95 side=LEFT | left_clearance=-0.00 right_clearance=-0.26 candidate_valid=true rung=0 pre_dist=2.42m | cache_used=false path_age=0.000 path_points=101 planning_time_ms=3.7
1787391152.163 [STATIC_AVOID] obs_id=- obs_dist=-m obs_s=- ego_s=39.11 side=- | left_clearance=- right_clearance=- candidate_valid=false rung=- pre_dist=-m | cache_used=false path_age=- path_points=0 planning_time_ms=0.1 | reason=no_static_obstacle_in_range | cache_reason=no_cache
1787391152.768 [STATIC_AVOID] obs_id=- obs_dist=-m obs_s=- ego_s=40.36 side=- | left_clearance=- right_clearance=- candidate_valid=false rung=- pre_dist=-m | cache_used=false path_age=- path_points=0 planning_time_ms=0.1 | reason=no_static_obstacle_in_range | cache_reason=no_cache
1787391153.360 [STATIC_AVOID] obs_id=- obs_dist=-m obs_s=- ego_s=0.52 side=- | left_clearance=- right_clearance=- candidate_valid=false rung=- pre_dist=-m | cache_used=false path_age=- path_points=0 planning_time_ms=0.1 | reason=no_static_obstacle_in_range | cache_reason=no_cache
1787391153.861 [STATIC_AVOID] obs_id=- obs_dist=-m obs_s=- ego_s=2.30 side=- | left_clearance=- right_clearance=- candidate_valid=false rung=- pre_dist=-m | cache_used=false path_age=- path_points=0 planning_time_ms=0.1 | reason=no_static_obstacle_in_range | cache_reason=no_cache
1787391154.362 [STATIC_AVOID] obs_id=- obs_dist=-m obs_s=- ego_s=4.54 side=- | left_clearance=- right_clearance=- candidate_valid=false rung=- pre_dist=-m | cache_used=false path_age=- path_points=0 planning_time_ms=0.1 | reason=no_static_obstacle_in_range | cache_reason=no_cache
1787391154.961 [STATIC_AVOID] obs_id=- obs_dist=-m obs_s=- ego_s=7.51 side=- | left_clearance=- right_clearance=- candidate_valid=false rung=- pre_dist=-m | cache_used=false path_age=- path_points=0 planning_time_ms=0.1 | reason=no_static_obstacle_in_range | cache_reason=no_cache
1787391155.463 [STATIC_AVOID] obs_id=- obs_dist=-m obs_s=- ego_s=9.66 side=- | left_clearance=- right_clearance=- candidate_valid=false rung=- pre_dist=-m | cache_used=false path_age=- path_points=0 planning_time_ms=0.1 | reason=no_static_obstacle_in_range | cache_reason=no_cache
1787391156.066 [STATIC_AVOID] obs_id=- obs_dist=-m obs_s=- ego_s=12.73 side=- | left_clearance=- right_clearance=- candidate_valid=false rung=- pre_dist=-m | cache_used=false path_age=- path_points=0 planning_time_ms=0.1 | reason=no_static_obstacle_in_range | cache_reason=no_cache
1787391156.660 [STATIC_AVOID] obs_id=- obs_dist=-m obs_s=- ego_s=15.00 side=- | left_clearance=- right_clearance=- candidate_valid=false rung=- pre_dist=-m | cache_used=false path_age=- path_points=0 planning_time_ms=0.1 | reason=no_static_obstacle_in_range | cache_reason=no_cache
1787391157.160 [STATIC_AVOID] obs_id=- obs_dist=-m obs_s=- ego_s=17.09 side=- | left_clearance=- right_clearance=- candidate_valid=false rung=- pre_dist=-m | cache_used=false path_age=- path_points=0 planning_time_ms=0.1 | reason=no_static_obstacle_in_range | cache_reason=no_cache
1787391157.759 [STATIC_AVOID] obs_id=- obs_dist=-m obs_s=- ego_s=19.29 side=- | left_clearance=- right_clearance=- candidate_valid=false rung=- pre_dist=-m | cache_used=false path_age=- path_points=0 planning_time_ms=0.1 | reason=no_static_obstacle_in_range | cache_reason=no_cache
1787391158.265 [STATIC_AVOID] obs_id=79 obs_dist=7.39m obs_s=28.36 ego_s=20.97 side=LEFT | left_clearance=0.09 right_clearance=-0.23 candidate_valid=false rung=- pre_dist=4.01m | cache_used=false path_age=- path_points=0 planning_time_ms=4.8 | reason=map_occupied | cache_reason=cache_collision
1787391158.767 [STATIC_AVOID] obs_id=79 obs_dist=5.97m obs_s=28.36 ego_s=22.38 side=LEFT | left_clearance=0.09 right_clearance=-0.23 candidate_valid=true rung=0 pre_dist=4.01m | cache_used=false path_age=0.000 path_points=117 planning_time_ms=6.8
1787391159.286 [STATIC_AVOID] obs_id=79 obs_dist=4.89m obs_s=28.36 ego_s=23.46 side=LEFT | left_clearance=0.09 right_clearance=-0.23 candidate_valid=true rung=2 pre_dist=4.01m | cache_used=false path_age=0.000 path_points=119 planning_time_ms=18.9
1787391159.869 [STATIC_AVOID] obs_id=79 obs_dist=3.41m obs_s=28.36 ego_s=24.95 side=LEFT | left_clearance=0.09 right_clearance=-0.23 candidate_valid=false rung=- pre_dist=4.01m | cache_used=true path_age=0.109 path_points=101 planning_time_ms=4.8 | reason=map_occupied
1787391160.371 [STATIC_AVOID] obs_id=79 obs_dist=2.29m obs_s=28.36 ego_s=26.06 side=LEFT | left_clearance=-0.12 right_clearance=-0.02 candidate_valid=false rung=- pre_dist=4.01m | cache_used=false path_age=- path_points=0 planning_time_ms=6.4 | reason=track_too_narrow | cache_reason=no_cache
1787391160.967 [STATIC_AVOID] obs_id=79 obs_dist=1.71m obs_s=28.30 ego_s=26.60 side=RIGHT | left_clearance=-0.15 right_clearance=0.09 candidate_valid=true rung=0 pre_dist=3.95m | cache_used=false path_age=0.000 path_points=101 planning_time_ms=5.9
1787391161.469 [STATIC_AVOID] obs_id=79 obs_dist=1.38m obs_s=28.30 ego_s=26.92 side=RIGHT | left_clearance=-0.23 right_clearance=0.19 candidate_valid=true rung=0 pre_dist=2.00m | cache_used=false path_age=0.000 path_points=124 planning_time_ms=6.1
1787391162.068 [STATIC_AVOID] obs_id=79 obs_dist=0.31m obs_s=28.45 ego_s=28.15 side=RIGHT | left_clearance=-0.22 right_clearance=0.09 candidate_valid=true rung=0 pre_dist=2.35m | cache_used=false path_age=0.000 path_points=112 planning_time_ms=5.3
1787391162.573 [STATIC_AVOID] obs_id=79 obs_dist=-0.48m obs_s=28.64 ego_s=29.11 side=RIGHT | left_clearance=-0.12 right_clearance=0.21 candidate_valid=true rung=0 pre_dist=3.32m | cache_used=false path_age=0.000 path_points=107 planning_time_ms=4.2
1787391163.164 [STATIC_AVOID] obs_id=81 obs_dist=3.08m obs_s=33.75 ego_s=30.67 side=RIGHT | left_clearance=-0.12 right_clearance=0.23 candidate_valid=true rung=0 pre_dist=3.92m | cache_used=false path_age=0.000 path_points=101 planning_time_ms=3.4
1787391163.761 [STATIC_AVOID] obs_id=- obs_dist=-m obs_s=- ego_s=33.12 side=- | left_clearance=- right_clearance=- candidate_valid=false rung=- pre_dist=-m | cache_used=false path_age=- path_points=0 planning_time_ms=0.1 | reason=no_static_obstacle_in_range | cache_reason=no_cache
1787391164.263 [STATIC_AVOID] obs_id=- obs_dist=-m obs_s=- ego_s=34.57 side=- | left_clearance=- right_clearance=- candidate_valid=false rung=- pre_dist=-m | cache_used=false path_age=- path_points=0 planning_time_ms=0.1 | reason=no_static_obstacle_in_range | cache_reason=no_cache
1787391164.767 [STATIC_AVOID] obs_id=82 obs_dist=1.66m obs_s=37.54 ego_s=35.88 side=LEFT | left_clearance=0.09 right_clearance=-0.24 candidate_valid=true rung=0 pre_dist=2.51m | cache_used=false path_age=0.000 path_points=101 planning_time_ms=3.8
1787391165.270 [STATIC_AVOID] obs_id=82 obs_dist=0.19m obs_s=37.57 ego_s=37.37 side=LEFT | left_clearance=0.05 right_clearance=-0.25 candidate_valid=true rung=0 pre_dist=2.84m | cache_used=false path_age=0.000 path_points=101 planning_time_ms=6.7
1787391165.860 [STATIC_AVOID] obs_id=- obs_dist=-m obs_s=- ego_s=39.49 side=- | left_clearance=- right_clearance=- candidate_valid=false rung=- pre_dist=-m | cache_used=false path_age=- path_points=0 planning_time_ms=0.1 | reason=no_static_obstacle_in_range | cache_reason=no_cache
1787391166.361 [STATIC_AVOID] obs_id=- obs_dist=-m obs_s=- ego_s=40.47 side=- | left_clearance=- right_clearance=- candidate_valid=false rung=- pre_dist=-m | cache_used=false path_age=- path_points=0 planning_time_ms=0.1 | reason=no_static_obstacle_in_range | cache_reason=no_cache
1787391166.861 [STATIC_AVOID] obs_id=- obs_dist=-m obs_s=- ego_s=0.42 side=- | left_clearance=- right_clearance=- candidate_valid=false rung=- pre_dist=-m | cache_used=false path_age=- path_points=0 planning_time_ms=0.1 | reason=no_static_obstacle_in_range | cache_reason=no_cache
1787391167.460 [STATIC_AVOID] obs_id=- obs_dist=-m obs_s=- ego_s=2.73 side=- | left_clearance=- right_clearance=- candidate_valid=false rung=- pre_dist=-m | cache_used=false path_age=- path_points=0 planning_time_ms=0.1 | reason=no_static_obstacle_in_range | cache_reason=no_cache
1787391167.961 [STATIC_AVOID] obs_id=- obs_dist=-m obs_s=- ego_s=4.90 side=- | left_clearance=- right_clearance=- candidate_valid=false rung=- pre_dist=-m | cache_used=false path_age=- path_points=0 planning_time_ms=0.1 | reason=no_static_obstacle_in_range | cache_reason=no_cache
1787391168.465 [STATIC_AVOID] obs_id=- obs_dist=-m obs_s=- ego_s=7.18 side=- | left_clearance=- right_clearance=- candidate_valid=false rung=- pre_dist=-m | cache_used=false path_age=- path_points=0 planning_time_ms=0.1 | reason=no_static_obstacle_in_range | cache_reason=no_cache
1787391168.968 [STATIC_AVOID] obs_id=- obs_dist=-m obs_s=- ego_s=9.46 side=- | left_clearance=- right_clearance=- candidate_valid=false rung=- pre_dist=-m | cache_used=false path_age=- path_points=0 planning_time_ms=0.1 | reason=no_static_obstacle_in_range | cache_reason=no_cache
1787391169.569 [STATIC_AVOID] obs_id=- obs_dist=-m obs_s=- ego_s=12.50 side=- | left_clearance=- right_clearance=- candidate_valid=false rung=- pre_dist=-m | cache_used=false path_age=- path_points=0 planning_time_ms=0.2 | reason=no_static_obstacle_in_range | cache_reason=no_cache
1787391170.074 [STATIC_AVOID] obs_id=86 obs_dist=2.14m obs_s=16.58 ego_s=14.43 side=LEFT | left_clearance=-0.02 right_clearance=-0.08 candidate_valid=true rung=0 pre_dist=3.71m | cache_used=false path_age=0.000 path_points=101 planning_time_ms=4.9
1787391170.667 [STATIC_AVOID] obs_id=86 obs_dist=-0.36m obs_s=16.62 ego_s=16.98 side=LEFT | left_clearance=-0.08 right_clearance=-0.05 candidate_valid=true rung=0 pre_dist=4.62m | cache_used=false path_age=0.000 path_points=101 planning_time_ms=6.3
1787391171.260 [STATIC_AVOID] obs_id=- obs_dist=-m obs_s=- ego_s=18.79 side=- | left_clearance=- right_clearance=- candidate_valid=false rung=- pre_dist=-m | cache_used=false path_age=- path_points=0 planning_time_ms=0.1 | reason=no_static_obstacle_in_range | cache_reason=no_cache
1787391171.762 [STATIC_AVOID] obs_id=- obs_dist=-m obs_s=- ego_s=20.29 side=- | left_clearance=- right_clearance=- candidate_valid=false rung=- pre_dist=-m | cache_used=false path_age=- path_points=0 planning_time_ms=0.1 | reason=no_static_obstacle_in_range | cache_reason=no_cache
1787391172.363 [STATIC_AVOID] obs_id=- obs_dist=-m obs_s=- ego_s=22.52 side=- | left_clearance=- right_clearance=- candidate_valid=false rung=- pre_dist=-m | cache_used=false path_age=- path_points=0 planning_time_ms=0.1 | reason=no_static_obstacle_in_range | cache_reason=no_cache
1787391172.967 [STATIC_AVOID] obs_id=- obs_dist=-m obs_s=- ego_s=24.35 side=- | left_clearance=- right_clearance=- candidate_valid=false rung=- pre_dist=-m | cache_used=false path_age=- path_points=0 planning_time_ms=0.1 | reason=no_static_obstacle_in_range | cache_reason=no_cache
1787391173.561 [STATIC_AVOID] obs_id=- obs_dist=-m obs_s=- ego_s=25.78 side=- | left_clearance=- right_clearance=- candidate_valid=false rung=- pre_dist=-m | cache_used=false path_age=- path_points=0 planning_time_ms=0.1 | reason=no_static_obstacle_in_range | cache_reason=no_cache
1787391174.066 [STATIC_AVOID] obs_id=- obs_dist=-m obs_s=- ego_s=27.28 side=- | left_clearance=- right_clearance=- candidate_valid=false rung=- pre_dist=-m | cache_used=false path_age=- path_points=0 planning_time_ms=0.1 | reason=no_static_obstacle_in_range | cache_reason=no_cache
1787391174.678 [STATIC_AVOID] obs_id=89 obs_dist=0.53m obs_s=28.90 ego_s=28.38 side=RIGHT | left_clearance=-0.28 right_clearance=-0.06 candidate_valid=true rung=0 pre_dist=2.07m | cache_used=false path_age=0.000 path_points=130 planning_time_ms=4.8
1787391175.270 [STATIC_AVOID] obs_id=89 obs_dist=-0.84m obs_s=28.92 ego_s=29.76 side=RIGHT | left_clearance=-0.26 right_clearance=-0.06 candidate_valid=true rung=0 pre_dist=3.43m | cache_used=false path_age=0.000 path_points=120 planning_time_ms=7.4
1787391175.863 [STATIC_AVOID] obs_id=- obs_dist=-m obs_s=- ego_s=30.94 side=- | left_clearance=- right_clearance=- candidate_valid=false rung=- pre_dist=-m | cache_used=false path_age=- path_points=0 planning_time_ms=0.2 | reason=no_static_obstacle_in_range | cache_reason=obstacle_gone
1787391176.478 [STATIC_AVOID] obs_id=- obs_dist=-m obs_s=- ego_s=32.30 side=- | left_clearance=- right_clearance=- candidate_valid=false rung=- pre_dist=-m | cache_used=false path_age=- path_points=0 planning_time_ms=0.1 | reason=no_static_obstacle_in_range | cache_reason=no_cache
1787391177.060 [STATIC_AVOID] obs_id=- obs_dist=-m obs_s=- ego_s=34.07 side=- | left_clearance=- right_clearance=- candidate_valid=false rung=- pre_dist=-m | cache_used=false path_age=- path_points=0 planning_time_ms=0.1 | reason=no_static_obstacle_in_range | cache_reason=no_cache
1787391177.564 [STATIC_AVOID] obs_id=- obs_dist=-m obs_s=- ego_s=35.19 side=- | left_clearance=- right_clearance=- candidate_valid=false rung=- pre_dist=-m | cache_used=false path_age=- path_points=0 planning_time_ms=0.1 | reason=no_static_obstacle_in_range | cache_reason=no_cache
1787391178.161 [STATIC_AVOID] obs_id=- obs_dist=-m obs_s=- ego_s=36.45 side=- | left_clearance=- right_clearance=- candidate_valid=false rung=- pre_dist=-m | cache_used=false path_age=- path_points=0 planning_time_ms=0.1 | reason=no_static_obstacle_in_range | cache_reason=no_cache
1787391178.668 [STATIC_AVOID] obs_id=93 obs_dist=0.43m obs_s=38.25 ego_s=37.81 side=LEFT | left_clearance=0.32 right_clearance=-0.43 candidate_valid=true rung=0 pre_dist=2.07m | cache_used=false path_age=0.000 path_points=101 planning_time_ms=4.7
1787391179.262 [STATIC_AVOID] obs_id=- obs_dist=-m obs_s=- ego_s=39.87 side=- | left_clearance=- right_clearance=- candidate_valid=false rung=- pre_dist=-m | cache_used=false path_age=- path_points=0 planning_time_ms=0.1 | reason=no_static_obstacle_in_range | cache_reason=no_cache
1787391179.762 [STATIC_AVOID] obs_id=- obs_dist=-m obs_s=- ego_s=40.87 side=- | left_clearance=- right_clearance=- candidate_valid=false rung=- pre_dist=-m | cache_used=false path_age=- path_points=0 planning_time_ms=0.1 | reason=no_static_obstacle_in_range | cache_reason=no_cache
1787391180.264 [STATIC_AVOID] obs_id=- obs_dist=-m obs_s=- ego_s=0.93 side=- | left_clearance=- right_clearance=- candidate_valid=false rung=- pre_dist=-m | cache_used=false path_age=- path_points=0 planning_time_ms=0.2 | reason=no_static_obstacle_in_range | cache_reason=no_cache
1787391180.860 [STATIC_AVOID] obs_id=- obs_dist=-m obs_s=- ego_s=3.21 side=- | left_clearance=- right_clearance=- candidate_valid=false rung=- pre_dist=-m | cache_used=false path_age=- path_points=0 planning_time_ms=0.1 | reason=no_static_obstacle_in_range | cache_reason=no_cache
1787391181.369 [STATIC_AVOID] obs_id=- obs_dist=-m obs_s=- ego_s=5.15 side=- | left_clearance=- right_clearance=- candidate_valid=false rung=- pre_dist=-m | cache_used=false path_age=- path_points=0 planning_time_ms=0.2 | reason=no_static_obstacle_in_range | cache_reason=no_cache
1787391181.963 [STATIC_AVOID] obs_id=- obs_dist=-m obs_s=- ego_s=7.03 side=- | left_clearance=- right_clearance=- candidate_valid=false rung=- pre_dist=-m | cache_used=false path_age=- path_points=0 planning_time_ms=0.1 | reason=no_static_obstacle_in_range | cache_reason=no_cache
1787391182.560 [STATIC_AVOID] obs_id=- obs_dist=-m obs_s=- ego_s=8.74 side=- | left_clearance=- right_clearance=- candidate_valid=false rung=- pre_dist=-m | cache_used=false path_age=- path_points=0 planning_time_ms=0.1 | reason=no_static_obstacle_in_range | cache_reason=no_cache
1787391183.160 [STATIC_AVOID] obs_id=- obs_dist=-m obs_s=- ego_s=10.68 side=- | left_clearance=- right_clearance=- candidate_valid=false rung=- pre_dist=-m | cache_used=false path_age=- path_points=0 planning_time_ms=0.1 | reason=no_static_obstacle_in_range | cache_reason=no_cache
1787391183.664 [STATIC_AVOID] obs_id=- obs_dist=-m obs_s=- ego_s=12.85 side=- | left_clearance=- right_clearance=- candidate_valid=false rung=- pre_dist=-m | cache_used=false path_age=- path_points=0 planning_time_ms=0.1 | reason=no_static_obstacle_in_range | cache_reason=no_cache
1787391184.267 [STATIC_AVOID] obs_id=99 obs_dist=1.81m obs_s=16.91 ego_s=15.10 side=LEFT | left_clearance=0.03 right_clearance=-0.02 candidate_valid=true rung=0 pre_dist=3.51m | cache_used=false path_age=0.000 path_points=101 planning_time_ms=4.3
1787391184.767 [STATIC_AVOID] obs_id=99 obs_dist=-0.35m obs_s=17.01 ego_s=17.37 side=LEFT | left_clearance=0.03 right_clearance=0.00 candidate_valid=true rung=0 pre_dist=4.47m | cache_used=false path_age=0.000 path_points=101 planning_time_ms=7.1
1787391185.362 [STATIC_AVOID] obs_id=- obs_dist=-m obs_s=- ego_s=19.32 side=- | left_clearance=- right_clearance=- candidate_valid=false rung=- pre_dist=-m | cache_used=false path_age=- path_points=0 planning_time_ms=0.1 | reason=no_static_obstacle_in_range | cache_reason=no_cache
1787391185.863 [STATIC_AVOID] obs_id=- obs_dist=-m obs_s=- ego_s=20.88 side=- | left_clearance=- right_clearance=- candidate_valid=false rung=- pre_dist=-m | cache_used=false path_age=- path_points=0 planning_time_ms=0.1 | reason=no_static_obstacle_in_range | cache_reason=no_cache
1787391186.363 [STATIC_AVOID] obs_id=- obs_dist=-m obs_s=- ego_s=22.69 side=- | left_clearance=- right_clearance=- candidate_valid=false rung=- pre_dist=-m | cache_used=false path_age=- path_points=0 planning_time_ms=0.1 | reason=no_static_obstacle_in_range | cache_reason=no_cache
1787391186.870 [STATIC_AVOID] obs_id=- obs_dist=-m obs_s=- ego_s=24.18 side=- | left_clearance=- right_clearance=- candidate_valid=false rung=- pre_dist=-m | cache_used=false path_age=- path_points=0 planning_time_ms=0.2 | reason=no_static_obstacle_in_range | cache_reason=no_cache
1787391187.461 [STATIC_AVOID] obs_id=- obs_dist=-m obs_s=- ego_s=25.66 side=- | left_clearance=- right_clearance=- candidate_valid=false rung=- pre_dist=-m | cache_used=false path_age=- path_points=0 planning_time_ms=0.1 | reason=no_static_obstacle_in_range | cache_reason=no_cache
1787391187.971 [STATIC_AVOID] obs_id=101 obs_dist=1.74m obs_s=28.65 ego_s=26.91 side=RIGHT | left_clearance=-0.37 right_clearance=0.39 candidate_valid=true rung=0 pre_dist=2.58m | cache_used=false path_age=0.000 path_points=101 planning_time_ms=3.8
1787391188.471 [STATIC_AVOID] obs_id=101 obs_dist=0.20m obs_s=28.87 ego_s=28.67 side=RIGHT | left_clearance=-0.32 right_clearance=0.28 candidate_valid=true rung=0 pre_dist=2.42m | cache_used=false path_age=0.000 path_points=101 planning_time_ms=4.6
1787391189.062 [STATIC_AVOID] obs_id=- obs_dist=-m obs_s=- ego_s=31.09 side=- | left_clearance=- right_clearance=- candidate_valid=false rung=- pre_dist=-m | cache_used=false path_age=- path_points=0 planning_time_ms=0.1 | reason=no_static_obstacle_in_range | cache_reason=no_cache
1787391189.565 [STATIC_AVOID] obs_id=- obs_dist=-m obs_s=- ego_s=33.23 side=- | left_clearance=- right_clearance=- candidate_valid=false rung=- pre_dist=-m | cache_used=false path_age=- path_points=0 planning_time_ms=0.1 | reason=no_static_obstacle_in_range | cache_reason=no_cache
1787391190.067 [STATIC_AVOID] obs_id=- obs_dist=-m obs_s=- ego_s=35.07 side=- | left_clearance=- right_clearance=- candidate_valid=false rung=- pre_dist=-m | cache_used=false path_age=- path_points=0 planning_time_ms=0.2 | reason=no_static_obstacle_in_range | cache_reason=no_cache
1787391190.665 [STATIC_AVOID] obs_id=- obs_dist=-m obs_s=- ego_s=36.69 side=- | left_clearance=- right_clearance=- candidate_valid=false rung=- pre_dist=-m | cache_used=false path_age=- path_points=0 planning_time_ms=0.1 | reason=no_static_obstacle_in_range | cache_reason=no_cache
1787391191.267 [STATIC_AVOID] obs_id=- obs_dist=-m obs_s=- ego_s=39.11 side=- | left_clearance=- right_clearance=- candidate_valid=false rung=- pre_dist=-m | cache_used=false path_age=- path_points=0 planning_time_ms=0.1 | reason=no_static_obstacle_in_range | cache_reason=no_cache
1787391191.861 [STATIC_AVOID] obs_id=- obs_dist=-m obs_s=- ego_s=40.60 side=- | left_clearance=- right_clearance=- candidate_valid=false rung=- pre_dist=-m | cache_used=false path_age=- path_points=0 planning_time_ms=0.1 | reason=no_static_obstacle_in_range | cache_reason=no_cache
1787391192.361 [STATIC_AVOID] obs_id=- obs_dist=-m obs_s=- ego_s=0.48 side=- | left_clearance=- right_clearance=- candidate_valid=false rung=- pre_dist=-m | cache_used=false path_age=- path_points=0 planning_time_ms=0.1 | reason=no_static_obstacle_in_range | cache_reason=no_cache
1787391192.972 [STATIC_AVOID] obs_id=- obs_dist=-m obs_s=- ego_s=2.42 side=- | left_clearance=- right_clearance=- candidate_valid=false rung=- pre_dist=-m | cache_used=false path_age=- path_points=0 planning_time_ms=0.1 | reason=no_static_obstacle_in_range | cache_reason=no_cache
1787391193.569 [STATIC_AVOID] obs_id=- obs_dist=-m obs_s=- ego_s=5.40 side=- | left_clearance=- right_clearance=- candidate_valid=false rung=- pre_dist=-m | cache_used=false path_age=- path_points=0 planning_time_ms=0.1 | reason=no_static_obstacle_in_range | cache_reason=no_cache
1787391194.166 [STATIC_AVOID] obs_id=- obs_dist=-m obs_s=- ego_s=8.09 side=- | left_clearance=- right_clearance=- candidate_valid=false rung=- pre_dist=-m | cache_used=false path_age=- path_points=0 planning_time_ms=0.2 | reason=no_static_obstacle_in_range | cache_reason=no_cache
1787391194.765 [STATIC_AVOID] obs_id=- obs_dist=-m obs_s=- ego_s=11.03 side=- | left_clearance=- right_clearance=- candidate_valid=false rung=- pre_dist=-m | cache_used=false path_age=- path_points=0 planning_time_ms=0.1 | reason=no_static_obstacle_in_range | cache_reason=no_cache
1787391195.361 [STATIC_AVOID] obs_id=- obs_dist=-m obs_s=- ego_s=13.85 side=- | left_clearance=- right_clearance=- candidate_valid=false rung=- pre_dist=-m | cache_used=false path_age=- path_points=0 planning_time_ms=0.1 | reason=no_static_obstacle_in_range | cache_reason=no_cache
1787391195.865 [STATIC_AVOID] obs_id=105 obs_dist=2.13m obs_s=17.78 ego_s=15.65 side=LEFT | left_clearance=0.08 right_clearance=-0.06 candidate_valid=true rung=0 pre_dist=3.62m | cache_used=false path_age=0.000 path_points=101 planning_time_ms=3.5
1787391196.368 [STATIC_AVOID] obs_id=105 obs_dist=0.34m obs_s=17.84 ego_s=17.50 side=LEFT | left_clearance=-0.05 right_clearance=-0.11 candidate_valid=true rung=0 pre_dist=3.84m | cache_used=false path_age=0.000 path_points=101 planning_time_ms=5.0
1787391196.963 [STATIC_AVOID] obs_id=- obs_dist=-m obs_s=- ego_s=19.52 side=- | left_clearance=- right_clearance=- candidate_valid=false rung=- pre_dist=-m | cache_used=false path_age=- path_points=0 planning_time_ms=0.1 | reason=no_static_obstacle_in_range | cache_reason=no_cache
1787391197.562 [STATIC_AVOID] obs_id=- obs_dist=-m obs_s=- ego_s=21.22 side=- | left_clearance=- right_clearance=- candidate_valid=false rung=- pre_dist=-m | cache_used=false path_age=- path_points=0 planning_time_ms=0.1 | reason=no_static_obstacle_in_range | cache_reason=no_cache
1787391198.066 [STATIC_AVOID] obs_id=- obs_dist=-m obs_s=- ego_s=23.04 side=- | left_clearance=- right_clearance=- candidate_valid=false rung=- pre_dist=-m | cache_used=false path_age=- path_points=0 planning_time_ms=0.1 | reason=no_static_obstacle_in_range | cache_reason=no_cache
1787391198.571 [STATIC_AVOID] obs_id=- obs_dist=-m obs_s=- ego_s=24.58 side=- | left_clearance=- right_clearance=- candidate_valid=false rung=- pre_dist=-m | cache_used=false path_age=- path_points=0 planning_time_ms=0.1 | reason=no_static_obstacle_in_range | cache_reason=no_cache
1787391199.163 [STATIC_AVOID] obs_id=- obs_dist=-m obs_s=- ego_s=25.88 side=- | left_clearance=- right_clearance=- candidate_valid=false rung=- pre_dist=-m | cache_used=false path_age=- path_points=0 planning_time_ms=0.1 | reason=no_static_obstacle_in_range | cache_reason=no_cache
1787391199.666 [STATIC_AVOID] obs_id=107 obs_dist=1.08m obs_s=28.67 ego_s=27.60 side=RIGHT | left_clearance=-0.17 right_clearance=0.27 candidate_valid=true rung=0 pre_dist=2.00m | cache_used=false path_age=0.000 path_points=101 planning_time_ms=3.3
1787391200.170 [STATIC_AVOID] obs_id=107 obs_dist=-0.26m obs_s=28.90 ego_s=29.15 side=RIGHT | left_clearance=-0.24 right_clearance=0.20 candidate_valid=true rung=0 pre_dist=2.90m | cache_used=false path_age=0.000 path_points=101 planning_time_ms=9.8
1787391200.766 [STATIC_AVOID] obs_id=- obs_dist=-m obs_s=- ego_s=30.74 side=- | left_clearance=- right_clearance=- candidate_valid=false rung=- pre_dist=-m | cache_used=false path_age=- path_points=0 planning_time_ms=0.2 | reason=no_static_obstacle_in_range | cache_reason=no_cache
1787391201.370 [STATIC_AVOID] obs_id=- obs_dist=-m obs_s=- ego_s=33.28 side=- | left_clearance=- right_clearance=- candidate_valid=false rung=- pre_dist=-m | cache_used=false path_age=- path_points=0 planning_time_ms=0.5 | reason=no_static_obstacle_in_range | cache_reason=no_cache
1787391201.964 [STATIC_AVOID] obs_id=- obs_dist=-m obs_s=- ego_s=35.36 side=- | left_clearance=- right_clearance=- candidate_valid=false rung=- pre_dist=-m | cache_used=false path_age=- path_points=0 planning_time_ms=0.1 | reason=no_static_obstacle_in_range | cache_reason=no_cache
1787391202.501 [STATIC_AVOID] obs_id=111 obs_dist=1.36m obs_s=37.73 ego_s=36.37 side=LEFT | left_clearance=0.32 right_clearance=-0.46 candidate_valid=true rung=0 pre_dist=2.16m | cache_used=false path_age=0.000 path_points=101 planning_time_ms=3.8
1787391203.064 [STATIC_AVOID] obs_id=- obs_dist=-m obs_s=- ego_s=38.77 side=- | left_clearance=- right_clearance=- candidate_valid=false rung=- pre_dist=-m | cache_used=false path_age=- path_points=0 planning_time_ms=0.4 | reason=no_static_obstacle_in_range | cache_reason=obstacle_gone
1787391203.571 [STATIC_AVOID] obs_id=- obs_dist=-m obs_s=- ego_s=40.14 side=- | left_clearance=- right_clearance=- candidate_valid=false rung=- pre_dist=-m | cache_used=false path_age=- path_points=0 planning_time_ms=0.1 | reason=no_static_obstacle_in_range | cache_reason=no_cache
1787391204.160 [STATIC_AVOID] obs_id=- obs_dist=-m obs_s=- ego_s=0.19 side=- | left_clearance=- right_clearance=- candidate_valid=false rung=- pre_dist=-m | cache_used=false path_age=- path_points=0 planning_time_ms=0.1 | reason=no_static_obstacle_in_range | cache_reason=no_cache
1787391204.660 [STATIC_AVOID] obs_id=- obs_dist=-m obs_s=- ego_s=1.90 side=- | left_clearance=- right_clearance=- candidate_valid=false rung=- pre_dist=-m | cache_used=false path_age=- path_points=0 planning_time_ms=0.1 | reason=no_static_obstacle_in_range | cache_reason=no_cache
1787391205.165 [STATIC_AVOID] obs_id=- obs_dist=-m obs_s=- ego_s=3.93 side=- | left_clearance=- right_clearance=- candidate_valid=false rung=- pre_dist=-m | cache_used=false path_age=- path_points=0 planning_time_ms=0.2 | reason=no_static_obstacle_in_range | cache_reason=no_cache
1787391205.765 [STATIC_AVOID] obs_id=- obs_dist=-m obs_s=- ego_s=6.66 side=- | left_clearance=- right_clearance=- candidate_valid=false rung=- pre_dist=-m | cache_used=false path_age=- path_points=0 planning_time_ms=0.1 | reason=no_static_obstacle_in_range | cache_reason=no_cache
1787391206.265 [STATIC_AVOID] obs_id=- obs_dist=-m obs_s=- ego_s=9.09 side=- | left_clearance=- right_clearance=- candidate_valid=false rung=- pre_dist=-m | cache_used=false path_age=- path_points=0 planning_time_ms=0.1 | reason=no_static_obstacle_in_range | cache_reason=no_cache
1787391206.869 [STATIC_AVOID] obs_id=- obs_dist=-m obs_s=- ego_s=11.86 side=- | left_clearance=- right_clearance=- candidate_valid=false rung=- pre_dist=-m | cache_used=false path_age=- path_points=0 planning_time_ms=0.1 | reason=no_static_obstacle_in_range | cache_reason=no_cache
1787391207.462 [STATIC_AVOID] obs_id=- obs_dist=-m obs_s=- ego_s=14.56 side=- | left_clearance=- right_clearance=- candidate_valid=false rung=- pre_dist=-m | cache_used=false path_age=- path_points=0 planning_time_ms=0.1 | reason=no_static_obstacle_in_range | cache_reason=no_cache
1787391207.967 [STATIC_AVOID] obs_id=114 obs_dist=2.30m obs_s=18.57 ego_s=16.26 side=LEFT | left_clearance=0.16 right_clearance=-0.12 candidate_valid=true rung=0 pre_dist=3.63m | cache_used=false path_age=0.000 path_points=101 planning_time_ms=3.3
1787391208.523 [STATIC_AVOID] obs_id=114 obs_dist=0.63m obs_s=18.58 ego_s=17.95 side=LEFT | left_clearance=0.16 right_clearance=-0.12 candidate_valid=true rung=0 pre_dist=3.64m | cache_used=false path_age=0.000 path_points=101 planning_time_ms=15.4
1787391209.080 [STATIC_AVOID] obs_id=- obs_dist=-m obs_s=- ego_s=20.29 side=- | left_clearance=- right_clearance=- candidate_valid=false rung=- pre_dist=-m | cache_used=false path_age=- path_points=0 planning_time_ms=0.1 | reason=no_static_obstacle_in_range | cache_reason=no_cache
1787391209.661 [STATIC_AVOID] obs_id=- obs_dist=-m obs_s=- ego_s=22.30 side=- | left_clearance=- right_clearance=- candidate_valid=false rung=- pre_dist=-m | cache_used=false path_age=- path_points=0 planning_time_ms=0.1 | reason=no_static_obstacle_in_range | cache_reason=no_cache
1787391210.161 [STATIC_AVOID] obs_id=- obs_dist=-m obs_s=- ego_s=23.93 side=- | left_clearance=- right_clearance=- candidate_valid=false rung=- pre_dist=-m | cache_used=false path_age=- path_points=0 planning_time_ms=0.1 | reason=no_static_obstacle_in_range | cache_reason=no_cache
1787391210.762 [STATIC_AVOID] obs_id=- obs_dist=-m obs_s=- ego_s=25.51 side=- | left_clearance=- right_clearance=- candidate_valid=false rung=- pre_dist=-m | cache_used=false path_age=- path_points=0 planning_time_ms=0.1 | reason=no_static_obstacle_in_range | cache_reason=no_cache
1787391211.360 [STATIC_AVOID] obs_id=- obs_dist=-m obs_s=- ego_s=26.38 side=- | left_clearance=- right_clearance=- candidate_valid=false rung=- pre_dist=-m | cache_used=false path_age=- path_points=0 planning_time_ms=0.1 | reason=no_static_obstacle_in_range | cache_reason=no_cache
1787391211.863 [STATIC_AVOID] obs_id=118 obs_dist=0.64m obs_s=29.43 ego_s=28.79 side=RIGHT | left_clearance=-0.19 right_clearance=0.02 candidate_valid=true rung=0 pre_dist=2.00m | cache_used=false path_age=0.000 path_points=101 planning_time_ms=3.4
1787391212.364 [STATIC_AVOID] obs_id=118 obs_dist=-0.97m obs_s=29.45 ego_s=30.42 side=RIGHT | left_clearance=-0.07 right_clearance=0.15 candidate_valid=true rung=0 pre_dist=3.49m | cache_used=false path_age=0.000 path_points=101 planning_time_ms=4.0
1787391212.962 [STATIC_AVOID] obs_id=- obs_dist=-m obs_s=- ego_s=32.08 side=- | left_clearance=- right_clearance=- candidate_valid=false rung=- pre_dist=-m | cache_used=false path_age=- path_points=0 planning_time_ms=1.4 | reason=no_static_obstacle_in_range | cache_reason=no_cache
1787391213.562 [STATIC_AVOID] obs_id=- obs_dist=-m obs_s=- ego_s=34.56 side=- | left_clearance=- right_clearance=- candidate_valid=false rung=- pre_dist=-m | cache_used=false path_age=- path_points=0 planning_time_ms=0.1 | reason=no_static_obstacle_in_range | cache_reason=no_cache
1787391214.069 [STATIC_AVOID] obs_id=121 obs_dist=1.69m obs_s=37.37 ego_s=35.68 side=LEFT | left_clearance=0.34 right_clearance=-0.47 candidate_valid=true rung=0 pre_dist=2.56m | cache_used=false path_age=0.000 path_points=101 planning_time_ms=7.8
1787391214.664 [STATIC_AVOID] obs_id=121 obs_dist=-0.16m obs_s=37.38 ego_s=37.54 side=LEFT | left_clearance=0.37 right_clearance=-0.35 candidate_valid=true rung=0 pre_dist=3.23m | cache_used=false path_age=0.000 path_points=101 planning_time_ms=3.6
1787391215.164 [STATIC_AVOID] obs_id=- obs_dist=-m obs_s=- ego_s=39.60 side=- | left_clearance=- right_clearance=- candidate_valid=false rung=- pre_dist=-m | cache_used=false path_age=- path_points=0 planning_time_ms=1.3 | reason=no_static_obstacle_in_range | cache_reason=no_cache
1787391215.761 [STATIC_AVOID] obs_id=- obs_dist=-m obs_s=- ego_s=40.84 side=- | left_clearance=- right_clearance=- candidate_valid=false rung=- pre_dist=-m | cache_used=false path_age=- path_points=0 planning_time_ms=0.1 | reason=no_static_obstacle_in_range | cache_reason=no_cache
1787391216.365 [STATIC_AVOID] obs_id=- obs_dist=-m obs_s=- ego_s=1.53 side=- | left_clearance=- right_clearance=- candidate_valid=false rung=- pre_dist=-m | cache_used=false path_age=- path_points=0 planning_time_ms=0.1 | reason=no_static_obstacle_in_range | cache_reason=no_cache
1787391216.866 [STATIC_AVOID] obs_id=- obs_dist=-m obs_s=- ego_s=3.77 side=- | left_clearance=- right_clearance=- candidate_valid=false rung=- pre_dist=-m | cache_used=false path_age=- path_points=0 planning_time_ms=0.3 | reason=no_static_obstacle_in_range | cache_reason=no_cache
1787391217.470 [STATIC_AVOID] obs_id=- obs_dist=-m obs_s=- ego_s=6.70 side=- | left_clearance=- right_clearance=- candidate_valid=false rung=- pre_dist=-m | cache_used=false path_age=- path_points=0 planning_time_ms=0.1 | reason=no_static_obstacle_in_range | cache_reason=no_cache
1787391218.068 [STATIC_AVOID] obs_id=- obs_dist=-m obs_s=- ego_s=9.06 side=- | left_clearance=- right_clearance=- candidate_valid=false rung=- pre_dist=-m | cache_used=false path_age=- path_points=0 planning_time_ms=0.1 | reason=no_static_obstacle_in_range | cache_reason=no_cache
1787391218.665 [STATIC_AVOID] obs_id=- obs_dist=-m obs_s=- ego_s=12.17 side=- | left_clearance=- right_clearance=- candidate_valid=false rung=- pre_dist=-m | cache_used=false path_age=- path_points=0 planning_time_ms=0.1 | reason=no_static_obstacle_in_range | cache_reason=no_cache
1787391219.168 [STATIC_AVOID] obs_id=- obs_dist=-m obs_s=- ego_s=14.24 side=- | left_clearance=- right_clearance=- candidate_valid=false rung=- pre_dist=-m | cache_used=false path_age=- path_points=0 planning_time_ms=0.1 | reason=no_static_obstacle_in_range | cache_reason=no_cache
1787391219.669 [STATIC_AVOID] obs_id=124 obs_dist=3.21m obs_s=18.58 ego_s=15.37 side=LEFT | left_clearance=0.15 right_clearance=-0.11 candidate_valid=true rung=0 pre_dist=4.05m | cache_used=false path_age=0.000 path_points=101 planning_time_ms=3.5
1787391220.169 [STATIC_AVOID] obs_id=124 obs_dist=3.18m obs_s=18.61 ego_s=15.43 side=LEFT | left_clearance=0.15 right_clearance=-0.11 candidate_valid=true rung=0 pre_dist=4.09m | cache_used=false path_age=0.000 path_points=101 planning_time_ms=5.2
1787391220.679 [STATIC_AVOID] obs_id=124 obs_dist=3.21m obs_s=18.60 ego_s=15.40 side=LEFT | left_clearance=0.18 right_clearance=-0.13 candidate_valid=true rung=0 pre_dist=4.08m | cache_used=false path_age=0.000 path_points=101 planning_time_ms=8.7
1787391221.265 [STATIC_AVOID] obs_id=124 obs_dist=3.61m obs_s=18.58 ego_s=14.97 side=LEFT | left_clearance=0.19 right_clearance=-0.17 candidate_valid=true rung=0 pre_dist=4.05m | cache_used=false path_age=0.000 path_points=101 planning_time_ms=3.5
1787391221.766 [STATIC_AVOID] obs_id=124 obs_dist=4.55m obs_s=18.61 ego_s=14.05 side=LEFT | left_clearance=0.23 right_clearance=-0.10 candidate_valid=true rung=0 pre_dist=4.08m | cache_used=false path_age=0.000 path_points=101 planning_time_ms=5.0
1787391222.314 [STATIC_AVOID] obs_id=124 obs_dist=5.61m obs_s=18.61 ego_s=13.00 side=LEFT | left_clearance=0.23 right_clearance=-0.10 candidate_valid=true rung=0 pre_dist=4.08m | cache_used=false path_age=0.000 path_points=117 planning_time_ms=4.3
1787391222.864 [STATIC_AVOID] obs_id=124 obs_dist=7.34m obs_s=18.61 ego_s=11.26 side=LEFT | left_clearance=0.23 right_clearance=-0.10 candidate_valid=true rung=0 pre_dist=4.08m | cache_used=false path_age=0.000 path_points=135 planning_time_ms=3.9
1787391223.365 [STATIC_AVOID] obs_id=- obs_dist=-m obs_s=- ego_s=9.85 side=- | left_clearance=- right_clearance=- candidate_valid=false rung=- pre_dist=-m | cache_used=false path_age=- path_points=0 planning_time_ms=0.1 | reason=no_static_obstacle_in_range | cache_reason=no_cache
1787391223.979 [STATIC_AVOID] obs_id=- obs_dist=-m obs_s=- ego_s=8.37 side=- | left_clearance=- right_clearance=- candidate_valid=false rung=- pre_dist=-m | cache_used=false path_age=- path_points=0 planning_time_ms=0.1 | reason=no_static_obstacle_in_range | cache_reason=no_cache
1787391224.565 [STATIC_AVOID] obs_id=- obs_dist=-m obs_s=- ego_s=6.70 side=- | left_clearance=- right_clearance=- candidate_valid=false rung=- pre_dist=-m | cache_used=false path_age=- path_points=0 planning_time_ms=0.1 | reason=no_static_obstacle_in_range | cache_reason=no_cache
1787391225.161 [STATIC_AVOID] obs_id=- obs_dist=-m obs_s=- ego_s=6.12 side=- | left_clearance=- right_clearance=- candidate_valid=false rung=- pre_dist=-m | cache_used=false path_age=- path_points=0 planning_time_ms=0.1 | reason=no_static_obstacle_in_range | cache_reason=no_cache
1787391225.662 [STATIC_AVOID] obs_id=- obs_dist=-m obs_s=- ego_s=5.89 side=- | left_clearance=- right_clearance=- candidate_valid=false rung=- pre_dist=-m | cache_used=false path_age=- path_points=0 planning_time_ms=0.1 | reason=no_static_obstacle_in_range | cache_reason=no_cache
1787391226.263 [STATIC_AVOID] obs_id=- obs_dist=-m obs_s=- ego_s=5.88 side=- | left_clearance=- right_clearance=- candidate_valid=false rung=- pre_dist=-m | cache_used=false path_age=- path_points=0 planning_time_ms=0.1 | reason=no_static_obstacle_in_range | cache_reason=no_cache
1787391226.861 [STATIC_AVOID] obs_id=- obs_dist=-m obs_s=- ego_s=5.77 side=- | left_clearance=- right_clearance=- candidate_valid=false rung=- pre_dist=-m | cache_used=false path_age=- path_points=0 planning_time_ms=0.1 | reason=no_static_obstacle_in_range | cache_reason=no_cache
1787391227.361 [STATIC_AVOID] obs_id=- obs_dist=-m obs_s=- ego_s=6.43 side=- | left_clearance=- right_clearance=- candidate_valid=false rung=- pre_dist=-m | cache_used=false path_age=- path_points=0 planning_time_ms=0.1 | reason=no_static_obstacle_in_range | cache_reason=no_cache
1787391227.865 [STATIC_AVOID] obs_id=128 obs_dist=6.35m obs_s=13.83 ego_s=7.48 side=- | left_clearance=- right_clearance=- candidate_valid=false rung=- pre_dist=-m | cache_used=false path_age=- path_points=0 planning_time_ms=0.2 | reason=raceline_already_clear | cache_reason=no_cache
1787391228.470 [STATIC_AVOID] obs_id=- obs_dist=-m obs_s=- ego_s=8.67 side=- | left_clearance=- right_clearance=- candidate_valid=false rung=- pre_dist=-m | cache_used=false path_age=- path_points=0 planning_time_ms=0.1 | reason=no_static_obstacle_in_range | cache_reason=no_cache
1787391229.062 [STATIC_AVOID] obs_id=- obs_dist=-m obs_s=- ego_s=9.92 side=- | left_clearance=- right_clearance=- candidate_valid=false rung=- pre_dist=-m | cache_used=false path_age=- path_points=0 planning_time_ms=0.1 | reason=no_static_obstacle_in_range | cache_reason=no_cache
1787391229.664 [STATIC_AVOID] obs_id=131 obs_dist=0.90m obs_s=12.46 ego_s=11.55 side=LEFT | left_clearance=0.31 right_clearance=-0.25 candidate_valid=true rung=0 pre_dist=2.00m | cache_used=false path_age=0.000 path_points=101 planning_time_ms=3.5
1787391230.164 [STATIC_AVOID] obs_id=131 obs_dist=-0.69m obs_s=12.46 ego_s=13.15 side=LEFT | left_clearance=0.31 right_clearance=-0.25 candidate_valid=true rung=0 pre_dist=2.27m | cache_used=false path_age=0.000 path_points=101 planning_time_ms=3.8
1787391230.760 [STATIC_AVOID] obs_id=- obs_dist=-m obs_s=- ego_s=13.71 side=- | left_clearance=- right_clearance=- candidate_valid=false rung=- pre_dist=-m | cache_used=false path_age=- path_points=0 planning_time_ms=0.1 | reason=no_static_obstacle_in_range | cache_reason=no_cache
1787391231.261 [STATIC_AVOID] obs_id=- obs_dist=-m obs_s=- ego_s=13.66 side=- | left_clearance=- right_clearance=- candidate_valid=false rung=- pre_dist=-m | cache_used=false path_age=- path_points=0 planning_time_ms=0.1 | reason=no_static_obstacle_in_range | cache_reason=no_cache
1787391231.762 [STATIC_AVOID] obs_id=- obs_dist=-m obs_s=- ego_s=13.66 side=- | left_clearance=- right_clearance=- candidate_valid=false rung=- pre_dist=-m | cache_used=false path_age=- path_points=0 planning_time_ms=0.1 | reason=no_static_obstacle_in_range | cache_reason=no_cache
1787391232.262 [STATIC_AVOID] obs_id=- obs_dist=-m obs_s=- ego_s=13.65 side=- | left_clearance=- right_clearance=- candidate_valid=false rung=- pre_dist=-m | cache_used=false path_age=- path_points=0 planning_time_ms=0.1 | reason=no_static_obstacle_in_range | cache_reason=no_cache
1787391232.766 [STATIC_AVOID] obs_id=- obs_dist=-m obs_s=- ego_s=13.66 side=- | left_clearance=- right_clearance=- candidate_valid=false rung=- pre_dist=-m | cache_used=false path_age=- path_points=0 planning_time_ms=0.1 | reason=no_static_obstacle_in_range | cache_reason=no_cache
1787391233.370 [STATIC_AVOID] obs_id=- obs_dist=-m obs_s=- ego_s=13.66 side=- | left_clearance=- right_clearance=- candidate_valid=false rung=- pre_dist=-m | cache_used=false path_age=- path_points=0 planning_time_ms=0.1 | reason=no_static_obstacle_in_range | cache_reason=no_cache
1787391233.976 [STATIC_AVOID] obs_id=- obs_dist=-m obs_s=- ego_s=13.66 side=- | left_clearance=- right_clearance=- candidate_valid=false rung=- pre_dist=-m | cache_used=false path_age=- path_points=0 planning_time_ms=0.1 | reason=no_static_obstacle_in_range | cache_reason=no_cache
1787391234.562 [STATIC_AVOID] obs_id=- obs_dist=-m obs_s=- ego_s=13.67 side=- | left_clearance=- right_clearance=- candidate_valid=false rung=- pre_dist=-m | cache_used=false path_age=- path_points=0 planning_time_ms=0.1 | reason=no_static_obstacle_in_range | cache_reason=no_cache
1787391235.164 [STATIC_AVOID] obs_id=- obs_dist=-m obs_s=- ego_s=13.67 side=- | left_clearance=- right_clearance=- candidate_valid=false rung=- pre_dist=-m | cache_used=false path_age=- path_points=0 planning_time_ms=0.1 | reason=no_static_obstacle_in_range | cache_reason=no_cache
1787391235.665 [STATIC_AVOID] obs_id=- obs_dist=-m obs_s=- ego_s=13.66 side=- | left_clearance=- right_clearance=- candidate_valid=false rung=- pre_dist=-m | cache_used=false path_age=- path_points=0 planning_time_ms=0.2 | reason=no_static_obstacle_in_range | cache_reason=no_cache
1787391236.166 [STATIC_AVOID] obs_id=- obs_dist=-m obs_s=- ego_s=13.66 side=- | left_clearance=- right_clearance=- candidate_valid=false rung=- pre_dist=-m | cache_used=false path_age=- path_points=0 planning_time_ms=0.2 | reason=no_static_obstacle_in_range | cache_reason=no_cache
1787391236.666 [STATIC_AVOID] obs_id=- obs_dist=-m obs_s=- ego_s=13.65 side=- | left_clearance=- right_clearance=- candidate_valid=false rung=- pre_dist=-m | cache_used=false path_age=- path_points=0 planning_time_ms=0.2 | reason=no_static_obstacle_in_range | cache_reason=no_cache
1787391237.169 [STATIC_AVOID] obs_id=- obs_dist=-m obs_s=- ego_s=13.67 side=- | left_clearance=- right_clearance=- candidate_valid=false rung=- pre_dist=-m | cache_used=false path_age=- path_points=0 planning_time_ms=0.2 | reason=no_static_obstacle_in_range | cache_reason=no_cache
1787391237.768 [STATIC_AVOID] obs_id=- obs_dist=-m obs_s=- ego_s=13.66 side=- | left_clearance=- right_clearance=- candidate_valid=false rung=- pre_dist=-m | cache_used=false path_age=- path_points=0 planning_time_ms=0.1 | reason=no_static_obstacle_in_range | cache_reason=no_cache
1787391238.268 [STATIC_AVOID] obs_id=- obs_dist=-m obs_s=- ego_s=13.66 side=- | left_clearance=- right_clearance=- candidate_valid=false rung=- pre_dist=-m | cache_used=false path_age=- path_points=0 planning_time_ms=0.2 | reason=no_static_obstacle_in_range | cache_reason=no_cache
1787391238.860 [STATIC_AVOID] obs_id=- obs_dist=-m obs_s=- ego_s=13.66 side=- | left_clearance=- right_clearance=- candidate_valid=false rung=- pre_dist=-m | cache_used=false path_age=- path_points=0 planning_time_ms=0.2 | reason=no_static_obstacle_in_range | cache_reason=no_cache
1787391239.362 [STATIC_AVOID] obs_id=- obs_dist=-m obs_s=- ego_s=13.66 side=- | left_clearance=- right_clearance=- candidate_valid=false rung=- pre_dist=-m | cache_used=false path_age=- path_points=0 planning_time_ms=0.2 | reason=no_static_obstacle_in_range | cache_reason=no_cache
1787391239.868 [STATIC_AVOID] obs_id=- obs_dist=-m obs_s=- ego_s=13.66 side=- | left_clearance=- right_clearance=- candidate_valid=false rung=- pre_dist=-m | cache_used=false path_age=- path_points=0 planning_time_ms=0.2 | reason=no_static_obstacle_in_range | cache_reason=no_cache
1787391240.489 [STATIC_AVOID] obs_id=- obs_dist=-m obs_s=- ego_s=13.65 side=- | left_clearance=- right_clearance=- candidate_valid=false rung=- pre_dist=-m | cache_used=false path_age=- path_points=0 planning_time_ms=0.2 | reason=no_static_obstacle_in_range | cache_reason=no_cache
1787391241.060 [STATIC_AVOID] obs_id=- obs_dist=-m obs_s=- ego_s=13.66 side=- | left_clearance=- right_clearance=- candidate_valid=false rung=- pre_dist=-m | cache_used=false path_age=- path_points=0 planning_time_ms=0.1 | reason=no_static_obstacle_in_range | cache_reason=no_cache
1787391241.576 [STATIC_AVOID] obs_id=- obs_dist=-m obs_s=- ego_s=13.66 side=- | left_clearance=- right_clearance=- candidate_valid=false rung=- pre_dist=-m | cache_used=false path_age=- path_points=0 planning_time_ms=0.1 | reason=no_static_obstacle_in_range | cache_reason=no_cache
1787391242.164 [STATIC_AVOID] obs_id=- obs_dist=-m obs_s=- ego_s=13.65 side=- | left_clearance=- right_clearance=- candidate_valid=false rung=- pre_dist=-m | cache_used=false path_age=- path_points=0 planning_time_ms=0.1 | reason=no_static_obstacle_in_range | cache_reason=no_cache
1787391242.760 [STATIC_AVOID] obs_id=- obs_dist=-m obs_s=- ego_s=13.67 side=- | left_clearance=- right_clearance=- candidate_valid=false rung=- pre_dist=-m | cache_used=false path_age=- path_points=0 planning_time_ms=0.1 | reason=no_static_obstacle_in_range | cache_reason=no_cache
1787391243.269 [STATIC_AVOID] obs_id=- obs_dist=-m obs_s=- ego_s=13.68 side=- | left_clearance=- right_clearance=- candidate_valid=false rung=- pre_dist=-m | cache_used=false path_age=- path_points=0 planning_time_ms=0.1 | reason=no_static_obstacle_in_range | cache_reason=no_cache
1787391243.860 [STATIC_AVOID] obs_id=- obs_dist=-m obs_s=- ego_s=13.66 side=- | left_clearance=- right_clearance=- candidate_valid=false rung=- pre_dist=-m | cache_used=false path_age=- path_points=0 planning_time_ms=0.1 | reason=no_static_obstacle_in_range | cache_reason=no_cache
1787391244.471 [STATIC_AVOID] obs_id=- obs_dist=-m obs_s=- ego_s=13.66 side=- | left_clearance=- right_clearance=- candidate_valid=false rung=- pre_dist=-m | cache_used=false path_age=- path_points=0 planning_time_ms=0.1 | reason=no_static_obstacle_in_range | cache_reason=no_cache
1787391244.980 [STATIC_AVOID] obs_id=- obs_dist=-m obs_s=- ego_s=13.66 side=- | left_clearance=- right_clearance=- candidate_valid=false rung=- pre_dist=-m | cache_used=false path_age=- path_points=0 planning_time_ms=0.2 | reason=no_static_obstacle_in_range | cache_reason=no_cache
1787391245.562 [STATIC_AVOID] obs_id=- obs_dist=-m obs_s=- ego_s=13.67 side=- | left_clearance=- right_clearance=- candidate_valid=false rung=- pre_dist=-m | cache_used=false path_age=- path_points=0 planning_time_ms=0.2 | reason=no_static_obstacle_in_range | cache_reason=no_cache
1787391246.067 [STATIC_AVOID] obs_id=- obs_dist=-m obs_s=- ego_s=13.66 side=- | left_clearance=- right_clearance=- candidate_valid=false rung=- pre_dist=-m | cache_used=false path_age=- path_points=0 planning_time_ms=0.1 | reason=no_static_obstacle_in_range | cache_reason=no_cache
1787391246.661 [STATIC_AVOID] obs_id=- obs_dist=-m obs_s=- ego_s=13.67 side=- | left_clearance=- right_clearance=- candidate_valid=false rung=- pre_dist=-m | cache_used=false path_age=- path_points=0 planning_time_ms=0.1 | reason=no_static_obstacle_in_range | cache_reason=no_cache
1787391247.261 [STATIC_AVOID] obs_id=- obs_dist=-m obs_s=- ego_s=13.66 side=- | left_clearance=- right_clearance=- candidate_valid=false rung=- pre_dist=-m | cache_used=false path_age=- path_points=0 planning_time_ms=0.1 | reason=no_static_obstacle_in_range | cache_reason=no_cache
1787391247.860 [STATIC_AVOID] obs_id=- obs_dist=-m obs_s=- ego_s=13.67 side=- | left_clearance=- right_clearance=- candidate_valid=false rung=- pre_dist=-m | cache_used=false path_age=- path_points=0 planning_time_ms=0.2 | reason=no_static_obstacle_in_range | cache_reason=no_cache
1787391248.365 [STATIC_AVOID] obs_id=- obs_dist=-m obs_s=- ego_s=13.66 side=- | left_clearance=- right_clearance=- candidate_valid=false rung=- pre_dist=-m | cache_used=false path_age=- path_points=0 planning_time_ms=0.1 | reason=no_static_obstacle_in_range | cache_reason=no_cache
1787391248.965 [STATIC_AVOID] obs_id=- obs_dist=-m obs_s=- ego_s=13.66 side=- | left_clearance=- right_clearance=- candidate_valid=false rung=- pre_dist=-m | cache_used=false path_age=- path_points=0 planning_time_ms=0.2 | reason=no_static_obstacle_in_range | cache_reason=no_cache
1787391249.560 [STATIC_AVOID] obs_id=- obs_dist=-m obs_s=- ego_s=13.65 side=- | left_clearance=- right_clearance=- candidate_valid=false rung=- pre_dist=-m | cache_used=false path_age=- path_points=0 planning_time_ms=0.1 | reason=no_static_obstacle_in_range | cache_reason=no_cache
1787391250.064 [STATIC_AVOID] obs_id=- obs_dist=-m obs_s=- ego_s=13.68 side=- | left_clearance=- right_clearance=- candidate_valid=false rung=- pre_dist=-m | cache_used=false path_age=- path_points=0 planning_time_ms=0.2 | reason=no_static_obstacle_in_range | cache_reason=no_cache
1787391250.663 [STATIC_AVOID] obs_id=- obs_dist=-m obs_s=- ego_s=13.66 side=- | left_clearance=- right_clearance=- candidate_valid=false rung=- pre_dist=-m | cache_used=false path_age=- path_points=0 planning_time_ms=0.2 | reason=no_static_obstacle_in_range | cache_reason=no_cache
1787391251.260 [STATIC_AVOID] obs_id=- obs_dist=-m obs_s=- ego_s=13.67 side=- | left_clearance=- right_clearance=- candidate_valid=false rung=- pre_dist=-m | cache_used=false path_age=- path_points=0 planning_time_ms=0.1 | reason=no_static_obstacle_in_range | cache_reason=no_cache
1787391251.760 [STATIC_AVOID] obs_id=- obs_dist=-m obs_s=- ego_s=13.67 side=- | left_clearance=- right_clearance=- candidate_valid=false rung=- pre_dist=-m | cache_used=false path_age=- path_points=0 planning_time_ms=0.1 | reason=no_static_obstacle_in_range | cache_reason=no_cache
1787391252.267 [STATIC_AVOID] obs_id=- obs_dist=-m obs_s=- ego_s=13.66 side=- | left_clearance=- right_clearance=- candidate_valid=false rung=- pre_dist=-m | cache_used=false path_age=- path_points=0 planning_time_ms=0.1 | reason=no_static_obstacle_in_range | cache_reason=no_cache
1787391252.861 [STATIC_AVOID] obs_id=- obs_dist=-m obs_s=- ego_s=13.67 side=- | left_clearance=- right_clearance=- candidate_valid=false rung=- pre_dist=-m | cache_used=false path_age=- path_points=0 planning_time_ms=0.1 | reason=no_static_obstacle_in_range | cache_reason=no_cache
1787391253.366 [STATIC_AVOID] obs_id=- obs_dist=-m obs_s=- ego_s=13.66 side=- | left_clearance=- right_clearance=- candidate_valid=false rung=- pre_dist=-m | cache_used=false path_age=- path_points=0 planning_time_ms=0.1 | reason=no_static_obstacle_in_range | cache_reason=no_cache
1787391253.963 [STATIC_AVOID] obs_id=- obs_dist=-m obs_s=- ego_s=13.66 side=- | left_clearance=- right_clearance=- candidate_valid=false rung=- pre_dist=-m | cache_used=false path_age=- path_points=0 planning_time_ms=0.1 | reason=no_static_obstacle_in_range | cache_reason=no_cache
1787391254.560 [STATIC_AVOID] obs_id=- obs_dist=-m obs_s=- ego_s=13.66 side=- | left_clearance=- right_clearance=- candidate_valid=false rung=- pre_dist=-m | cache_used=false path_age=- path_points=0 planning_time_ms=0.2 | reason=no_static_obstacle_in_range | cache_reason=no_cache
1787391255.160 [STATIC_AVOID] obs_id=- obs_dist=-m obs_s=- ego_s=13.67 side=- | left_clearance=- right_clearance=- candidate_valid=false rung=- pre_dist=-m | cache_used=false path_age=- path_points=0 planning_time_ms=0.1 | reason=no_static_obstacle_in_range | cache_reason=no_cache
1787391255.662 [STATIC_AVOID] obs_id=- obs_dist=-m obs_s=- ego_s=13.66 side=- | left_clearance=- right_clearance=- candidate_valid=false rung=- pre_dist=-m | cache_used=false path_age=- path_points=0 planning_time_ms=0.1 | reason=no_static_obstacle_in_range | cache_reason=no_cache
1787391256.168 [STATIC_AVOID] obs_id=- obs_dist=-m obs_s=- ego_s=13.66 side=- | left_clearance=- right_clearance=- candidate_valid=false rung=- pre_dist=-m | cache_used=false path_age=- path_points=0 planning_time_ms=0.2 | reason=no_static_obstacle_in_range | cache_reason=no_cache
1787391256.765 [STATIC_AVOID] obs_id=- obs_dist=-m obs_s=- ego_s=13.66 side=- | left_clearance=- right_clearance=- candidate_valid=false rung=- pre_dist=-m | cache_used=false path_age=- path_points=0 planning_time_ms=0.1 | reason=no_static_obstacle_in_range | cache_reason=no_cache
1787391257.369 [STATIC_AVOID] obs_id=- obs_dist=-m obs_s=- ego_s=13.67 side=- | left_clearance=- right_clearance=- candidate_valid=false rung=- pre_dist=-m | cache_used=false path_age=- path_points=0 planning_time_ms=0.1 | reason=no_static_obstacle_in_range | cache_reason=no_cache
1787391257.974 [STATIC_AVOID] obs_id=- obs_dist=-m obs_s=- ego_s=13.67 side=- | left_clearance=- right_clearance=- candidate_valid=false rung=- pre_dist=-m | cache_used=false path_age=- path_points=0 planning_time_ms=0.1 | reason=no_static_obstacle_in_range | cache_reason=no_cache
1787391258.568 [STATIC_AVOID] obs_id=- obs_dist=-m obs_s=- ego_s=13.66 side=- | left_clearance=- right_clearance=- candidate_valid=false rung=- pre_dist=-m | cache_used=false path_age=- path_points=0 planning_time_ms=0.1 | reason=no_static_obstacle_in_range | cache_reason=no_cache
1787391259.159 [STATIC_AVOID] obs_id=- obs_dist=-m obs_s=- ego_s=13.66 side=- | left_clearance=- right_clearance=- candidate_valid=false rung=- pre_dist=-m | cache_used=false path_age=- path_points=0 planning_time_ms=0.1 | reason=no_static_obstacle_in_range | cache_reason=no_cache
1787391259.660 [STATIC_AVOID] obs_id=- obs_dist=-m obs_s=- ego_s=13.66 side=- | left_clearance=- right_clearance=- candidate_valid=false rung=- pre_dist=-m | cache_used=false path_age=- path_points=0 planning_time_ms=0.1 | reason=no_static_obstacle_in_range | cache_reason=no_cache
1787391260.160 [STATIC_AVOID] obs_id=- obs_dist=-m obs_s=- ego_s=13.65 side=- | left_clearance=- right_clearance=- candidate_valid=false rung=- pre_dist=-m | cache_used=false path_age=- path_points=0 planning_time_ms=0.1 | reason=no_static_obstacle_in_range | cache_reason=no_cache
1787391260.661 [STATIC_AVOID] obs_id=- obs_dist=-m obs_s=- ego_s=13.68 side=- | left_clearance=- right_clearance=- candidate_valid=false rung=- pre_dist=-m | cache_used=false path_age=- path_points=0 planning_time_ms=0.1 | reason=no_static_obstacle_in_range | cache_reason=no_cache
1787391261.262 [STATIC_AVOID] obs_id=- obs_dist=-m obs_s=- ego_s=13.66 side=- | left_clearance=- right_clearance=- candidate_valid=false rung=- pre_dist=-m | cache_used=false path_age=- path_points=0 planning_time_ms=0.1 | reason=no_static_obstacle_in_range | cache_reason=no_cache
1787391261.870 [STATIC_AVOID] obs_id=- obs_dist=-m obs_s=- ego_s=13.65 side=- | left_clearance=- right_clearance=- candidate_valid=false rung=- pre_dist=-m | cache_used=false path_age=- path_points=0 planning_time_ms=0.2 | reason=no_static_obstacle_in_range | cache_reason=no_cache
1787391262.466 [STATIC_AVOID] obs_id=- obs_dist=-m obs_s=- ego_s=13.66 side=- | left_clearance=- right_clearance=- candidate_valid=false rung=- pre_dist=-m | cache_used=false path_age=- path_points=0 planning_time_ms=0.1 | reason=no_static_obstacle_in_range | cache_reason=no_cache
1787391262.972 [STATIC_AVOID] obs_id=- obs_dist=-m obs_s=- ego_s=13.66 side=- | left_clearance=- right_clearance=- candidate_valid=false rung=- pre_dist=-m | cache_used=false path_age=- path_points=0 planning_time_ms=0.1 | reason=no_static_obstacle_in_range | cache_reason=no_cache
1787391263.565 [STATIC_AVOID] obs_id=- obs_dist=-m obs_s=- ego_s=13.69 side=- | left_clearance=- right_clearance=- candidate_valid=false rung=- pre_dist=-m | cache_used=false path_age=- path_points=0 planning_time_ms=0.1 | reason=no_static_obstacle_in_range | cache_reason=no_cache
1787391264.097 [STATIC_AVOID] obs_id=- obs_dist=-m obs_s=- ego_s=13.65 side=- | left_clearance=- right_clearance=- candidate_valid=false rung=- pre_dist=-m | cache_used=false path_age=- path_points=0 planning_time_ms=0.2 | reason=no_static_obstacle_in_range | cache_reason=no_cache
1787391264.660 [STATIC_AVOID] obs_id=- obs_dist=-m obs_s=- ego_s=13.67 side=- | left_clearance=- right_clearance=- candidate_valid=false rung=- pre_dist=-m | cache_used=false path_age=- path_points=0 planning_time_ms=0.1 | reason=no_static_obstacle_in_range | cache_reason=no_cache
1787391265.162 [STATIC_AVOID] obs_id=- obs_dist=-m obs_s=- ego_s=13.66 side=- | left_clearance=- right_clearance=- candidate_valid=false rung=- pre_dist=-m | cache_used=false path_age=- path_points=0 planning_time_ms=0.1 | reason=no_static_obstacle_in_range | cache_reason=no_cache
1787391265.682 [STATIC_AVOID] obs_id=- obs_dist=-m obs_s=- ego_s=13.66 side=- | left_clearance=- right_clearance=- candidate_valid=false rung=- pre_dist=-m | cache_used=false path_age=- path_points=0 planning_time_ms=0.2 | reason=no_static_obstacle_in_range | cache_reason=no_cache
1787391266.266 [STATIC_AVOID] obs_id=- obs_dist=-m obs_s=- ego_s=13.67 side=- | left_clearance=- right_clearance=- candidate_valid=false rung=- pre_dist=-m | cache_used=false path_age=- path_points=0 planning_time_ms=0.2 | reason=no_static_obstacle_in_range | cache_reason=no_cache
1787391266.860 [STATIC_AVOID] obs_id=- obs_dist=-m obs_s=- ego_s=13.68 side=- | left_clearance=- right_clearance=- candidate_valid=false rung=- pre_dist=-m | cache_used=false path_age=- path_points=0 planning_time_ms=0.2 | reason=no_static_obstacle_in_range | cache_reason=no_cache
1787391267.377 [STATIC_AVOID] obs_id=- obs_dist=-m obs_s=- ego_s=13.66 side=- | left_clearance=- right_clearance=- candidate_valid=false rung=- pre_dist=-m | cache_used=false path_age=- path_points=0 planning_time_ms=0.1 | reason=no_static_obstacle_in_range | cache_reason=no_cache
1787391267.991 [STATIC_AVOID] obs_id=- obs_dist=-m obs_s=- ego_s=13.66 side=- | left_clearance=- right_clearance=- candidate_valid=false rung=- pre_dist=-m | cache_used=false path_age=- path_points=0 planning_time_ms=0.2 | reason=no_static_obstacle_in_range | cache_reason=no_cache
1787391268.575 [STATIC_AVOID] obs_id=- obs_dist=-m obs_s=- ego_s=13.66 side=- | left_clearance=- right_clearance=- candidate_valid=false rung=- pre_dist=-m | cache_used=false path_age=- path_points=0 planning_time_ms=0.2 | reason=no_static_obstacle_in_range | cache_reason=no_cache
1787391269.160 [STATIC_AVOID] obs_id=- obs_dist=-m obs_s=- ego_s=13.66 side=- | left_clearance=- right_clearance=- candidate_valid=false rung=- pre_dist=-m | cache_used=false path_age=- path_points=0 planning_time_ms=0.2 | reason=no_static_obstacle_in_range | cache_reason=no_cache
1787391269.661 [STATIC_AVOID] obs_id=- obs_dist=-m obs_s=- ego_s=13.66 side=- | left_clearance=- right_clearance=- candidate_valid=false rung=- pre_dist=-m | cache_used=false path_age=- path_points=0 planning_time_ms=0.1 | reason=no_static_obstacle_in_range | cache_reason=no_cache
1787391270.163 [STATIC_AVOID] obs_id=- obs_dist=-m obs_s=- ego_s=13.65 side=- | left_clearance=- right_clearance=- candidate_valid=false rung=- pre_dist=-m | cache_used=false path_age=- path_points=0 planning_time_ms=2.2 | reason=no_static_obstacle_in_range | cache_reason=no_cache
1787391270.664 [STATIC_AVOID] obs_id=- obs_dist=-m obs_s=- ego_s=13.66 side=- | left_clearance=- right_clearance=- candidate_valid=false rung=- pre_dist=-m | cache_used=false path_age=- path_points=0 planning_time_ms=0.1 | reason=no_static_obstacle_in_range | cache_reason=no_cache
1787391271.171 [STATIC_AVOID] obs_id=- obs_dist=-m obs_s=- ego_s=13.67 side=- | left_clearance=- right_clearance=- candidate_valid=false rung=- pre_dist=-m | cache_used=false path_age=- path_points=0 planning_time_ms=0.1 | reason=no_static_obstacle_in_range | cache_reason=no_cache
1787391271.765 [STATIC_AVOID] obs_id=- obs_dist=-m obs_s=- ego_s=13.67 side=- | left_clearance=- right_clearance=- candidate_valid=false rung=- pre_dist=-m | cache_used=false path_age=- path_points=0 planning_time_ms=0.2 | reason=no_static_obstacle_in_range | cache_reason=no_cache
1787391272.279 [STATIC_AVOID] obs_id=- obs_dist=-m obs_s=- ego_s=13.67 side=- | left_clearance=- right_clearance=- candidate_valid=false rung=- pre_dist=-m | cache_used=false path_age=- path_points=0 planning_time_ms=0.1 | reason=no_static_obstacle_in_range | cache_reason=no_cache
1787391272.863 [STATIC_AVOID] obs_id=- obs_dist=-m obs_s=- ego_s=13.66 side=- | left_clearance=- right_clearance=- candidate_valid=false rung=- pre_dist=-m | cache_used=false path_age=- path_points=0 planning_time_ms=0.2 | reason=no_static_obstacle_in_range | cache_reason=no_cache
1787391273.473 [STATIC_AVOID] obs_id=- obs_dist=-m obs_s=- ego_s=13.67 side=- | left_clearance=- right_clearance=- candidate_valid=false rung=- pre_dist=-m | cache_used=false path_age=- path_points=0 planning_time_ms=0.2 | reason=no_static_obstacle_in_range | cache_reason=no_cache
1787391274.067 [STATIC_AVOID] obs_id=- obs_dist=-m obs_s=- ego_s=13.65 side=- | left_clearance=- right_clearance=- candidate_valid=false rung=- pre_dist=-m | cache_used=false path_age=- path_points=0 planning_time_ms=2.7 | reason=no_static_obstacle_in_range | cache_reason=no_cache
1787391274.660 [STATIC_AVOID] obs_id=- obs_dist=-m obs_s=- ego_s=13.66 side=- | left_clearance=- right_clearance=- candidate_valid=false rung=- pre_dist=-m | cache_used=false path_age=- path_points=0 planning_time_ms=0.1 | reason=no_static_obstacle_in_range | cache_reason=no_cache
1787391275.163 [STATIC_AVOID] obs_id=- obs_dist=-m obs_s=- ego_s=13.65 side=- | left_clearance=- right_clearance=- candidate_valid=false rung=- pre_dist=-m | cache_used=false path_age=- path_points=0 planning_time_ms=0.2 | reason=no_static_obstacle_in_range | cache_reason=no_cache
1787391275.665 [STATIC_AVOID] obs_id=- obs_dist=-m obs_s=- ego_s=13.66 side=- | left_clearance=- right_clearance=- candidate_valid=false rung=- pre_dist=-m | cache_used=false path_age=- path_points=0 planning_time_ms=0.1 | reason=no_static_obstacle_in_range | cache_reason=no_cache
1787391276.169 [STATIC_AVOID] obs_id=- obs_dist=-m obs_s=- ego_s=13.66 side=- | left_clearance=- right_clearance=- candidate_valid=false rung=- pre_dist=-m | cache_used=false path_age=- path_points=0 planning_time_ms=0.1 | reason=no_static_obstacle_in_range | cache_reason=no_cache
1787391276.669 [STATIC_AVOID] obs_id=- obs_dist=-m obs_s=- ego_s=13.68 side=- | left_clearance=- right_clearance=- candidate_valid=false rung=- pre_dist=-m | cache_used=false path_age=- path_points=0 planning_time_ms=0.5 | reason=no_static_obstacle_in_range | cache_reason=no_cache
1787391277.289 [STATIC_AVOID] obs_id=- obs_dist=-m obs_s=- ego_s=13.67 side=- | left_clearance=- right_clearance=- candidate_valid=false rung=- pre_dist=-m | cache_used=false path_age=- path_points=0 planning_time_ms=0.1 | reason=no_static_obstacle_in_range | cache_reason=no_cache
1787391277.869 [STATIC_AVOID] obs_id=- obs_dist=-m obs_s=- ego_s=13.67 side=- | left_clearance=- right_clearance=- candidate_valid=false rung=- pre_dist=-m | cache_used=false path_age=- path_points=0 planning_time_ms=0.3 | reason=no_static_obstacle_in_range | cache_reason=no_cache
1787391278.461 [STATIC_AVOID] obs_id=- obs_dist=-m obs_s=- ego_s=13.67 side=- | left_clearance=- right_clearance=- candidate_valid=false rung=- pre_dist=-m | cache_used=false path_age=- path_points=0 planning_time_ms=0.1 | reason=no_static_obstacle_in_range | cache_reason=no_cache
1787391278.966 [STATIC_AVOID] obs_id=- obs_dist=-m obs_s=- ego_s=13.67 side=- | left_clearance=- right_clearance=- candidate_valid=false rung=- pre_dist=-m | cache_used=false path_age=- path_points=0 planning_time_ms=0.1 | reason=no_static_obstacle_in_range | cache_reason=no_cache
1787391279.562 [STATIC_AVOID] obs_id=- obs_dist=-m obs_s=- ego_s=13.66 side=- | left_clearance=- right_clearance=- candidate_valid=false rung=- pre_dist=-m | cache_used=false path_age=- path_points=0 planning_time_ms=0.2 | reason=no_static_obstacle_in_range | cache_reason=no_cache
1787391280.071 [STATIC_AVOID] obs_id=- obs_dist=-m obs_s=- ego_s=13.66 side=- | left_clearance=- right_clearance=- candidate_valid=false rung=- pre_dist=-m | cache_used=false path_age=- path_points=0 planning_time_ms=0.2 | reason=no_static_obstacle_in_range | cache_reason=no_cache
1787391280.589 [STATIC_AVOID] obs_id=- obs_dist=-m obs_s=- ego_s=13.67 side=- | left_clearance=- right_clearance=- candidate_valid=false rung=- pre_dist=-m | cache_used=false path_age=- path_points=0 planning_time_ms=0.2 | reason=no_static_obstacle_in_range | cache_reason=no_cache
1787391281.195 [STATIC_AVOID] obs_id=- obs_dist=-m obs_s=- ego_s=13.66 side=- | left_clearance=- right_clearance=- candidate_valid=false rung=- pre_dist=-m | cache_used=false path_age=- path_points=0 planning_time_ms=0.2 | reason=no_static_obstacle_in_range | cache_reason=no_cache
1787391281.760 [STATIC_AVOID] obs_id=- obs_dist=-m obs_s=- ego_s=13.66 side=- | left_clearance=- right_clearance=- candidate_valid=false rung=- pre_dist=-m | cache_used=false path_age=- path_points=0 planning_time_ms=0.1 | reason=no_static_obstacle_in_range | cache_reason=no_cache
1787391282.262 [STATIC_AVOID] obs_id=- obs_dist=-m obs_s=- ego_s=13.66 side=- | left_clearance=- right_clearance=- candidate_valid=false rung=- pre_dist=-m | cache_used=false path_age=- path_points=0 planning_time_ms=0.1 | reason=no_static_obstacle_in_range | cache_reason=no_cache
1787391282.860 [STATIC_AVOID] obs_id=- obs_dist=-m obs_s=- ego_s=13.66 side=- | left_clearance=- right_clearance=- candidate_valid=false rung=- pre_dist=-m | cache_used=false path_age=- path_points=0 planning_time_ms=0.1 | reason=no_static_obstacle_in_range | cache_reason=no_cache
1787391283.360 [STATIC_AVOID] obs_id=- obs_dist=-m obs_s=- ego_s=13.68 side=- | left_clearance=- right_clearance=- candidate_valid=false rung=- pre_dist=-m | cache_used=false path_age=- path_points=0 planning_time_ms=0.1 | reason=no_static_obstacle_in_range | cache_reason=no_cache
1787391283.963 [STATIC_AVOID] obs_id=- obs_dist=-m obs_s=- ego_s=13.66 side=- | left_clearance=- right_clearance=- candidate_valid=false rung=- pre_dist=-m | cache_used=false path_age=- path_points=0 planning_time_ms=0.1 | reason=no_static_obstacle_in_range | cache_reason=no_cache
1787391284.479 [STATIC_AVOID] obs_id=- obs_dist=-m obs_s=- ego_s=13.66 side=- | left_clearance=- right_clearance=- candidate_valid=false rung=- pre_dist=-m | cache_used=false path_age=- path_points=0 planning_time_ms=3.6 | reason=no_static_obstacle_in_range | cache_reason=no_cache
1787391285.060 [STATIC_AVOID] obs_id=- obs_dist=-m obs_s=- ego_s=13.67 side=- | left_clearance=- right_clearance=- candidate_valid=false rung=- pre_dist=-m | cache_used=false path_age=- path_points=0 planning_time_ms=0.1 | reason=no_static_obstacle_in_range | cache_reason=no_cache
1787391285.560 [STATIC_AVOID] obs_id=- obs_dist=-m obs_s=- ego_s=13.66 side=- | left_clearance=- right_clearance=- candidate_valid=false rung=- pre_dist=-m | cache_used=false path_age=- path_points=0 planning_time_ms=0.1 | reason=no_static_obstacle_in_range | cache_reason=no_cache
1787391286.161 [STATIC_AVOID] obs_id=- obs_dist=-m obs_s=- ego_s=13.66 side=- | left_clearance=- right_clearance=- candidate_valid=false rung=- pre_dist=-m | cache_used=false path_age=- path_points=0 planning_time_ms=0.1 | reason=no_static_obstacle_in_range | cache_reason=no_cache
1787391286.671 [STATIC_AVOID] obs_id=- obs_dist=-m obs_s=- ego_s=13.68 side=- | left_clearance=- right_clearance=- candidate_valid=false rung=- pre_dist=-m | cache_used=false path_age=- path_points=0 planning_time_ms=0.2 | reason=no_static_obstacle_in_range | cache_reason=no_cache
1787391287.265 [STATIC_AVOID] obs_id=- obs_dist=-m obs_s=- ego_s=13.66 side=- | left_clearance=- right_clearance=- candidate_valid=false rung=- pre_dist=-m | cache_used=false path_age=- path_points=0 planning_time_ms=0.1 | reason=no_static_obstacle_in_range | cache_reason=no_cache
1787391287.860 [STATIC_AVOID] obs_id=- obs_dist=-m obs_s=- ego_s=13.67 side=- | left_clearance=- right_clearance=- candidate_valid=false rung=- pre_dist=-m | cache_used=false path_age=- path_points=0 planning_time_ms=0.1 | reason=no_static_obstacle_in_range | cache_reason=no_cache
1787391288.361 [STATIC_AVOID] obs_id=- obs_dist=-m obs_s=- ego_s=13.66 side=- | left_clearance=- right_clearance=- candidate_valid=false rung=- pre_dist=-m | cache_used=false path_age=- path_points=0 planning_time_ms=0.1 | reason=no_static_obstacle_in_range | cache_reason=no_cache
1787391288.975 [STATIC_AVOID] obs_id=- obs_dist=-m obs_s=- ego_s=13.66 side=- | left_clearance=- right_clearance=- candidate_valid=false rung=- pre_dist=-m | cache_used=false path_age=- path_points=0 planning_time_ms=0.1 | reason=no_static_obstacle_in_range | cache_reason=no_cache
1787391289.574 [STATIC_AVOID] obs_id=- obs_dist=-m obs_s=- ego_s=13.66 side=- | left_clearance=- right_clearance=- candidate_valid=false rung=- pre_dist=-m | cache_used=false path_age=- path_points=0 planning_time_ms=0.1 | reason=no_static_obstacle_in_range | cache_reason=no_cache
1787391290.163 [STATIC_AVOID] obs_id=- obs_dist=-m obs_s=- ego_s=13.66 side=- | left_clearance=- right_clearance=- candidate_valid=false rung=- pre_dist=-m | cache_used=false path_age=- path_points=0 planning_time_ms=0.1 | reason=no_static_obstacle_in_range | cache_reason=no_cache
1787391290.766 [STATIC_AVOID] obs_id=- obs_dist=-m obs_s=- ego_s=13.66 side=- | left_clearance=- right_clearance=- candidate_valid=false rung=- pre_dist=-m | cache_used=false path_age=- path_points=0 planning_time_ms=0.1 | reason=no_static_obstacle_in_range | cache_reason=no_cache
1787391291.361 [STATIC_AVOID] obs_id=- obs_dist=-m obs_s=- ego_s=13.67 side=- | left_clearance=- right_clearance=- candidate_valid=false rung=- pre_dist=-m | cache_used=false path_age=- path_points=0 planning_time_ms=0.2 | reason=no_static_obstacle_in_range | cache_reason=no_cache
1787391291.867 [STATIC_AVOID] obs_id=- obs_dist=-m obs_s=- ego_s=13.65 side=- | left_clearance=- right_clearance=- candidate_valid=false rung=- pre_dist=-m | cache_used=false path_age=- path_points=0 planning_time_ms=0.1 | reason=no_static_obstacle_in_range | cache_reason=no_cache
1787391292.461 [STATIC_AVOID] obs_id=- obs_dist=-m obs_s=- ego_s=13.66 side=- | left_clearance=- right_clearance=- candidate_valid=false rung=- pre_dist=-m | cache_used=false path_age=- path_points=0 planning_time_ms=0.3 | reason=no_static_obstacle_in_range | cache_reason=no_cache
1787391292.968 [STATIC_AVOID] obs_id=- obs_dist=-m obs_s=- ego_s=13.68 side=- | left_clearance=- right_clearance=- candidate_valid=false rung=- pre_dist=-m | cache_used=false path_age=- path_points=0 planning_time_ms=0.1 | reason=no_static_obstacle_in_range | cache_reason=no_cache
1787391293.570 [STATIC_AVOID] obs_id=- obs_dist=-m obs_s=- ego_s=13.66 side=- | left_clearance=- right_clearance=- candidate_valid=false rung=- pre_dist=-m | cache_used=false path_age=- path_points=0 planning_time_ms=2.7 | reason=no_static_obstacle_in_range | cache_reason=no_cache
1787391294.165 [STATIC_AVOID] obs_id=- obs_dist=-m obs_s=- ego_s=13.66 side=- | left_clearance=- right_clearance=- candidate_valid=false rung=- pre_dist=-m | cache_used=false path_age=- path_points=0 planning_time_ms=0.1 | reason=no_static_obstacle_in_range | cache_reason=no_cache
1787391294.666 [STATIC_AVOID] obs_id=- obs_dist=-m obs_s=- ego_s=13.65 side=- | left_clearance=- right_clearance=- candidate_valid=false rung=- pre_dist=-m | cache_used=false path_age=- path_points=0 planning_time_ms=0.1 | reason=no_static_obstacle_in_range | cache_reason=no_cache
1787391295.260 [STATIC_AVOID] obs_id=- obs_dist=-m obs_s=- ego_s=13.66 side=- | left_clearance=- right_clearance=- candidate_valid=false rung=- pre_dist=-m | cache_used=false path_age=- path_points=0 planning_time_ms=0.1 | reason=no_static_obstacle_in_range | cache_reason=no_cache
1787391295.761 [STATIC_AVOID] obs_id=- obs_dist=-m obs_s=- ego_s=13.67 side=- | left_clearance=- right_clearance=- candidate_valid=false rung=- pre_dist=-m | cache_used=false path_age=- path_points=0 planning_time_ms=0.1 | reason=no_static_obstacle_in_range | cache_reason=no_cache
1787391296.269 [STATIC_AVOID] obs_id=- obs_dist=-m obs_s=- ego_s=13.66 side=- | left_clearance=- right_clearance=- candidate_valid=false rung=- pre_dist=-m | cache_used=false path_age=- path_points=0 planning_time_ms=0.1 | reason=no_static_obstacle_in_range | cache_reason=no_cache
1787391296.860 [STATIC_AVOID] obs_id=- obs_dist=-m obs_s=- ego_s=13.67 side=- | left_clearance=- right_clearance=- candidate_valid=false rung=- pre_dist=-m | cache_used=false path_age=- path_points=0 planning_time_ms=0.1 | reason=no_static_obstacle_in_range | cache_reason=no_cache
1787391297.365 [STATIC_AVOID] obs_id=- obs_dist=-m obs_s=- ego_s=13.68 side=- | left_clearance=- right_clearance=- candidate_valid=false rung=- pre_dist=-m | cache_used=false path_age=- path_points=0 planning_time_ms=1.3 | reason=no_static_obstacle_in_range | cache_reason=no_cache
1787391297.981 [STATIC_AVOID] obs_id=- obs_dist=-m obs_s=- ego_s=13.66 side=- | left_clearance=- right_clearance=- candidate_valid=false rung=- pre_dist=-m | cache_used=false path_age=- path_points=0 planning_time_ms=0.2 | reason=no_static_obstacle_in_range | cache_reason=no_cache
1787391298.567 [STATIC_AVOID] obs_id=- obs_dist=-m obs_s=- ego_s=13.65 side=- | left_clearance=- right_clearance=- candidate_valid=false rung=- pre_dist=-m | cache_used=false path_age=- path_points=0 planning_time_ms=0.2 | reason=no_static_obstacle_in_range | cache_reason=no_cache
1787391299.164 [STATIC_AVOID] obs_id=- obs_dist=-m obs_s=- ego_s=13.67 side=- | left_clearance=- right_clearance=- candidate_valid=false rung=- pre_dist=-m | cache_used=false path_age=- path_points=0 planning_time_ms=0.1 | reason=no_static_obstacle_in_range | cache_reason=no_cache
1787391299.665 [STATIC_AVOID] obs_id=- obs_dist=-m obs_s=- ego_s=13.66 side=- | left_clearance=- right_clearance=- candidate_valid=false rung=- pre_dist=-m | cache_used=false path_age=- path_points=0 planning_time_ms=0.1 | reason=no_static_obstacle_in_range | cache_reason=no_cache
1787391300.260 [STATIC_AVOID] obs_id=- obs_dist=-m obs_s=- ego_s=13.66 side=- | left_clearance=- right_clearance=- candidate_valid=false rung=- pre_dist=-m | cache_used=false path_age=- path_points=0 planning_time_ms=0.3 | reason=no_static_obstacle_in_range | cache_reason=no_cache
1787391300.763 [STATIC_AVOID] obs_id=- obs_dist=-m obs_s=- ego_s=13.66 side=- | left_clearance=- right_clearance=- candidate_valid=false rung=- pre_dist=-m | cache_used=false path_age=- path_points=0 planning_time_ms=0.1 | reason=no_static_obstacle_in_range | cache_reason=no_cache
1787391301.266 [STATIC_AVOID] obs_id=- obs_dist=-m obs_s=- ego_s=13.66 side=- | left_clearance=- right_clearance=- candidate_valid=false rung=- pre_dist=-m | cache_used=false path_age=- path_points=0 planning_time_ms=0.2 | reason=no_static_obstacle_in_range | cache_reason=no_cache
1787391301.868 [STATIC_AVOID] obs_id=- obs_dist=-m obs_s=- ego_s=13.66 side=- | left_clearance=- right_clearance=- candidate_valid=false rung=- pre_dist=-m | cache_used=false path_age=- path_points=0 planning_time_ms=0.5 | reason=no_static_obstacle_in_range | cache_reason=no_cache
1787391302.459 [STATIC_AVOID] obs_id=- obs_dist=-m obs_s=- ego_s=13.65 side=- | left_clearance=- right_clearance=- candidate_valid=false rung=- pre_dist=-m | cache_used=false path_age=- path_points=0 planning_time_ms=0.1 | reason=no_static_obstacle_in_range | cache_reason=no_cache
1787391302.971 [STATIC_AVOID] obs_id=- obs_dist=-m obs_s=- ego_s=13.66 side=- | left_clearance=- right_clearance=- candidate_valid=false rung=- pre_dist=-m | cache_used=false path_age=- path_points=0 planning_time_ms=0.1 | reason=no_static_obstacle_in_range | cache_reason=no_cache
1787391303.563 [STATIC_AVOID] obs_id=- obs_dist=-m obs_s=- ego_s=13.66 side=- | left_clearance=- right_clearance=- candidate_valid=false rung=- pre_dist=-m | cache_used=false path_age=- path_points=0 planning_time_ms=0.1 | reason=no_static_obstacle_in_range | cache_reason=no_cache
1787391304.163 [STATIC_AVOID] obs_id=- obs_dist=-m obs_s=- ego_s=13.68 side=- | left_clearance=- right_clearance=- candidate_valid=false rung=- pre_dist=-m | cache_used=false path_age=- path_points=0 planning_time_ms=0.1 | reason=no_static_obstacle_in_range | cache_reason=no_cache
1787391304.762 [STATIC_AVOID] obs_id=- obs_dist=-m obs_s=- ego_s=13.65 side=- | left_clearance=- right_clearance=- candidate_valid=false rung=- pre_dist=-m | cache_used=false path_age=- path_points=0 planning_time_ms=0.1 | reason=no_static_obstacle_in_range | cache_reason=no_cache
1787391305.361 [STATIC_AVOID] obs_id=- obs_dist=-m obs_s=- ego_s=13.66 side=- | left_clearance=- right_clearance=- candidate_valid=false rung=- pre_dist=-m | cache_used=false path_age=- path_points=0 planning_time_ms=0.1 | reason=no_static_obstacle_in_range | cache_reason=no_cache
1787391305.967 [STATIC_AVOID] obs_id=- obs_dist=-m obs_s=- ego_s=13.66 side=- | left_clearance=- right_clearance=- candidate_valid=false rung=- pre_dist=-m | cache_used=false path_age=- path_points=0 planning_time_ms=0.1 | reason=no_static_obstacle_in_range | cache_reason=no_cache
1787391306.489 [STATIC_AVOID] obs_id=- obs_dist=-m obs_s=- ego_s=13.67 side=- | left_clearance=- right_clearance=- candidate_valid=false rung=- pre_dist=-m | cache_used=false path_age=- path_points=0 planning_time_ms=0.2 | reason=no_static_obstacle_in_range | cache_reason=no_cache
1787391307.066 [STATIC_AVOID] obs_id=- obs_dist=-m obs_s=- ego_s=13.68 side=- | left_clearance=- right_clearance=- candidate_valid=false rung=- pre_dist=-m | cache_used=false path_age=- path_points=0 planning_time_ms=0.1 | reason=no_static_obstacle_in_range | cache_reason=no_cache
1787391307.568 [STATIC_AVOID] obs_id=- obs_dist=-m obs_s=- ego_s=13.65 side=- | left_clearance=- right_clearance=- candidate_valid=false rung=- pre_dist=-m | cache_used=false path_age=- path_points=0 planning_time_ms=0.2 | reason=no_static_obstacle_in_range | cache_reason=no_cache
1787391308.165 [STATIC_AVOID] obs_id=- obs_dist=-m obs_s=- ego_s=13.66 side=- | left_clearance=- right_clearance=- candidate_valid=false rung=- pre_dist=-m | cache_used=false path_age=- path_points=0 planning_time_ms=0.2 | reason=no_static_obstacle_in_range | cache_reason=no_cache
1787391308.761 [STATIC_AVOID] obs_id=- obs_dist=-m obs_s=- ego_s=13.66 side=- | left_clearance=- right_clearance=- candidate_valid=false rung=- pre_dist=-m | cache_used=false path_age=- path_points=0 planning_time_ms=0.1 | reason=no_static_obstacle_in_range | cache_reason=no_cache
1787391309.260 [STATIC_AVOID] obs_id=- obs_dist=-m obs_s=- ego_s=13.67 side=- | left_clearance=- right_clearance=- candidate_valid=false rung=- pre_dist=-m | cache_used=false path_age=- path_points=0 planning_time_ms=0.1 | reason=no_static_obstacle_in_range | cache_reason=no_cache
1787391309.760 [STATIC_AVOID] obs_id=- obs_dist=-m obs_s=- ego_s=13.66 side=- | left_clearance=- right_clearance=- candidate_valid=false rung=- pre_dist=-m | cache_used=false path_age=- path_points=0 planning_time_ms=0.1 | reason=no_static_obstacle_in_range | cache_reason=no_cache
1787391310.360 [STATIC_AVOID] obs_id=- obs_dist=-m obs_s=- ego_s=13.66 side=- | left_clearance=- right_clearance=- candidate_valid=false rung=- pre_dist=-m | cache_used=false path_age=- path_points=0 planning_time_ms=0.2 | reason=no_static_obstacle_in_range | cache_reason=no_cache
1787391310.876 [STATIC_AVOID] obs_id=- obs_dist=-m obs_s=- ego_s=13.66 side=- | left_clearance=- right_clearance=- candidate_valid=false rung=- pre_dist=-m | cache_used=false path_age=- path_points=0 planning_time_ms=0.1 | reason=no_static_obstacle_in_range | cache_reason=no_cache
1787391311.461 [STATIC_AVOID] obs_id=- obs_dist=-m obs_s=- ego_s=13.67 side=- | left_clearance=- right_clearance=- candidate_valid=false rung=- pre_dist=-m | cache_used=false path_age=- path_points=0 planning_time_ms=0.2 | reason=no_static_obstacle_in_range | cache_reason=no_cache
1787391311.969 [STATIC_AVOID] obs_id=- obs_dist=-m obs_s=- ego_s=13.66 side=- | left_clearance=- right_clearance=- candidate_valid=false rung=- pre_dist=-m | cache_used=false path_age=- path_points=0 planning_time_ms=0.2 | reason=no_static_obstacle_in_range | cache_reason=no_cache
1787391312.560 [STATIC_AVOID] obs_id=- obs_dist=-m obs_s=- ego_s=13.66 side=- | left_clearance=- right_clearance=- candidate_valid=false rung=- pre_dist=-m | cache_used=false path_age=- path_points=0 planning_time_ms=0.1 | reason=no_static_obstacle_in_range | cache_reason=no_cache
1787391313.060 [STATIC_AVOID] obs_id=- obs_dist=-m obs_s=- ego_s=13.66 side=- | left_clearance=- right_clearance=- candidate_valid=false rung=- pre_dist=-m | cache_used=false path_age=- path_points=0 planning_time_ms=0.1 | reason=no_static_obstacle_in_range | cache_reason=no_cache
1787391313.563 [STATIC_AVOID] obs_id=- obs_dist=-m obs_s=- ego_s=13.66 side=- | left_clearance=- right_clearance=- candidate_valid=false rung=- pre_dist=-m | cache_used=false path_age=- path_points=0 planning_time_ms=0.2 | reason=no_static_obstacle_in_range | cache_reason=no_cache
1787391314.064 [STATIC_AVOID] obs_id=- obs_dist=-m obs_s=- ego_s=13.66 side=- | left_clearance=- right_clearance=- candidate_valid=false rung=- pre_dist=-m | cache_used=false path_age=- path_points=0 planning_time_ms=0.1 | reason=no_static_obstacle_in_range | cache_reason=no_cache
1787391314.565 [STATIC_AVOID] obs_id=- obs_dist=-m obs_s=- ego_s=13.65 side=- | left_clearance=- right_clearance=- candidate_valid=false rung=- pre_dist=-m | cache_used=false path_age=- path_points=0 planning_time_ms=0.1 | reason=no_static_obstacle_in_range | cache_reason=no_cache
1787391315.160 [STATIC_AVOID] obs_id=- obs_dist=-m obs_s=- ego_s=13.66 side=- | left_clearance=- right_clearance=- candidate_valid=false rung=- pre_dist=-m | cache_used=false path_age=- path_points=0 planning_time_ms=0.1 | reason=no_static_obstacle_in_range | cache_reason=no_cache
1787391315.762 [STATIC_AVOID] obs_id=- obs_dist=-m obs_s=- ego_s=13.68 side=- | left_clearance=- right_clearance=- candidate_valid=false rung=- pre_dist=-m | cache_used=false path_age=- path_points=0 planning_time_ms=0.1 | reason=no_static_obstacle_in_range | cache_reason=no_cache
1787391316.368 [STATIC_AVOID] obs_id=- obs_dist=-m obs_s=- ego_s=13.66 side=- | left_clearance=- right_clearance=- candidate_valid=false rung=- pre_dist=-m | cache_used=false path_age=- path_points=0 planning_time_ms=0.2 | reason=no_static_obstacle_in_range | cache_reason=no_cache
1787391316.960 [STATIC_AVOID] obs_id=- obs_dist=-m obs_s=- ego_s=13.66 side=- | left_clearance=- right_clearance=- candidate_valid=false rung=- pre_dist=-m | cache_used=false path_age=- path_points=0 planning_time_ms=0.1 | reason=no_static_obstacle_in_range | cache_reason=no_cache
1787391317.462 [STATIC_AVOID] obs_id=- obs_dist=-m obs_s=- ego_s=13.66 side=- | left_clearance=- right_clearance=- candidate_valid=false rung=- pre_dist=-m | cache_used=false path_age=- path_points=0 planning_time_ms=0.1 | reason=no_static_obstacle_in_range | cache_reason=no_cache
1787391317.964 [STATIC_AVOID] obs_id=- obs_dist=-m obs_s=- ego_s=13.65 side=- | left_clearance=- right_clearance=- candidate_valid=false rung=- pre_dist=-m | cache_used=false path_age=- path_points=0 planning_time_ms=0.1 | reason=no_static_obstacle_in_range | cache_reason=no_cache
1787391318.468 [STATIC_AVOID] obs_id=- obs_dist=-m obs_s=- ego_s=13.66 side=- | left_clearance=- right_clearance=- candidate_valid=false rung=- pre_dist=-m | cache_used=false path_age=- path_points=0 planning_time_ms=0.2 | reason=no_static_obstacle_in_range | cache_reason=no_cache
1787391318.973 [STATIC_AVOID] obs_id=- obs_dist=-m obs_s=- ego_s=13.66 side=- | left_clearance=- right_clearance=- candidate_valid=false rung=- pre_dist=-m | cache_used=false path_age=- path_points=0 planning_time_ms=0.2 | reason=no_static_obstacle_in_range | cache_reason=no_cache
1787391319.566 [STATIC_AVOID] obs_id=- obs_dist=-m obs_s=- ego_s=13.66 side=- | left_clearance=- right_clearance=- candidate_valid=false rung=- pre_dist=-m | cache_used=false path_age=- path_points=0 planning_time_ms=0.1 | reason=no_static_obstacle_in_range | cache_reason=no_cache
1787391320.068 [STATIC_AVOID] obs_id=- obs_dist=-m obs_s=- ego_s=13.68 side=- | left_clearance=- right_clearance=- candidate_valid=false rung=- pre_dist=-m | cache_used=false path_age=- path_points=0 planning_time_ms=0.1 | reason=no_static_obstacle_in_range | cache_reason=no_cache
1787391320.660 [STATIC_AVOID] obs_id=- obs_dist=-m obs_s=- ego_s=13.66 side=- | left_clearance=- right_clearance=- candidate_valid=false rung=- pre_dist=-m | cache_used=false path_age=- path_points=0 planning_time_ms=0.1 | reason=no_static_obstacle_in_range | cache_reason=no_cache
1787391321.163 [STATIC_AVOID] obs_id=- obs_dist=-m obs_s=- ego_s=13.67 side=- | left_clearance=- right_clearance=- candidate_valid=false rung=- pre_dist=-m | cache_used=false path_age=- path_points=0 planning_time_ms=0.1 | reason=no_static_obstacle_in_range | cache_reason=no_cache
1787391321.762 [STATIC_AVOID] obs_id=- obs_dist=-m obs_s=- ego_s=13.66 side=- | left_clearance=- right_clearance=- candidate_valid=false rung=- pre_dist=-m | cache_used=false path_age=- path_points=0 planning_time_ms=0.1 | reason=no_static_obstacle_in_range | cache_reason=no_cache
1787391322.365 [STATIC_AVOID] obs_id=- obs_dist=-m obs_s=- ego_s=13.66 side=- | left_clearance=- right_clearance=- candidate_valid=false rung=- pre_dist=-m | cache_used=false path_age=- path_points=0 planning_time_ms=0.1 | reason=no_static_obstacle_in_range | cache_reason=no_cache
1787391322.961 [STATIC_AVOID] obs_id=- obs_dist=-m obs_s=- ego_s=13.66 side=- | left_clearance=- right_clearance=- candidate_valid=false rung=- pre_dist=-m | cache_used=false path_age=- path_points=0 planning_time_ms=0.2 | reason=no_static_obstacle_in_range | cache_reason=no_cache
1787391323.461 [STATIC_AVOID] obs_id=- obs_dist=-m obs_s=- ego_s=13.67 side=- | left_clearance=- right_clearance=- candidate_valid=false rung=- pre_dist=-m | cache_used=false path_age=- path_points=0 planning_time_ms=0.1 | reason=no_static_obstacle_in_range | cache_reason=no_cache
1787391323.967 [STATIC_AVOID] obs_id=- obs_dist=-m obs_s=- ego_s=13.67 side=- | left_clearance=- right_clearance=- candidate_valid=false rung=- pre_dist=-m | cache_used=false path_age=- path_points=0 planning_time_ms=0.1 | reason=no_static_obstacle_in_range | cache_reason=no_cache
1787391324.570 [STATIC_AVOID] obs_id=- obs_dist=-m obs_s=- ego_s=13.67 side=- | left_clearance=- right_clearance=- candidate_valid=false rung=- pre_dist=-m | cache_used=false path_age=- path_points=0 planning_time_ms=0.1 | reason=no_static_obstacle_in_range | cache_reason=no_cache
1787391325.163 [STATIC_AVOID] obs_id=- obs_dist=-m obs_s=- ego_s=13.66 side=- | left_clearance=- right_clearance=- candidate_valid=false rung=- pre_dist=-m | cache_used=false path_age=- path_points=0 planning_time_ms=0.2 | reason=no_static_obstacle_in_range | cache_reason=no_cache
1787391325.763 [STATIC_AVOID] obs_id=- obs_dist=-m obs_s=- ego_s=13.66 side=- | left_clearance=- right_clearance=- candidate_valid=false rung=- pre_dist=-m | cache_used=false path_age=- path_points=0 planning_time_ms=0.1 | reason=no_static_obstacle_in_range | cache_reason=no_cache
1787391326.264 [STATIC_AVOID] obs_id=- obs_dist=-m obs_s=- ego_s=13.65 side=- | left_clearance=- right_clearance=- candidate_valid=false rung=- pre_dist=-m | cache_used=false path_age=- path_points=0 planning_time_ms=0.1 | reason=no_static_obstacle_in_range | cache_reason=no_cache
1787391326.860 [STATIC_AVOID] obs_id=- obs_dist=-m obs_s=- ego_s=13.66 side=- | left_clearance=- right_clearance=- candidate_valid=false rung=- pre_dist=-m | cache_used=false path_age=- path_points=0 planning_time_ms=0.1 | reason=no_static_obstacle_in_range | cache_reason=no_cache
1787391327.362 [STATIC_AVOID] obs_id=- obs_dist=-m obs_s=- ego_s=13.66 side=- | left_clearance=- right_clearance=- candidate_valid=false rung=- pre_dist=-m | cache_used=false path_age=- path_points=0 planning_time_ms=0.8 | reason=no_static_obstacle_in_range | cache_reason=no_cache
1787391327.863 [STATIC_AVOID] obs_id=- obs_dist=-m obs_s=- ego_s=13.67 side=- | left_clearance=- right_clearance=- candidate_valid=false rung=- pre_dist=-m | cache_used=false path_age=- path_points=0 planning_time_ms=0.1 | reason=no_static_obstacle_in_range | cache_reason=no_cache
1787391328.473 [STATIC_AVOID] obs_id=- obs_dist=-m obs_s=- ego_s=13.66 side=- | left_clearance=- right_clearance=- candidate_valid=false rung=- pre_dist=-m | cache_used=false path_age=- path_points=0 planning_time_ms=0.1 | reason=no_static_obstacle_in_range | cache_reason=no_cache
1787391329.082 [STATIC_AVOID] obs_id=- obs_dist=-m obs_s=- ego_s=13.67 side=- | left_clearance=- right_clearance=- candidate_valid=false rung=- pre_dist=-m | cache_used=false path_age=- path_points=0 planning_time_ms=0.2 | reason=no_static_obstacle_in_range | cache_reason=no_cache
1787391329.659 [STATIC_AVOID] obs_id=- obs_dist=-m obs_s=- ego_s=13.66 side=- | left_clearance=- right_clearance=- candidate_valid=false rung=- pre_dist=-m | cache_used=false path_age=- path_points=0 planning_time_ms=0.1 | reason=no_static_obstacle_in_range | cache_reason=no_cache
1787391330.160 [STATIC_AVOID] obs_id=- obs_dist=-m obs_s=- ego_s=13.66 side=- | left_clearance=- right_clearance=- candidate_valid=false rung=- pre_dist=-m | cache_used=false path_age=- path_points=0 planning_time_ms=0.1 | reason=no_static_obstacle_in_range | cache_reason=no_cache
1787391330.665 [STATIC_AVOID] obs_id=- obs_dist=-m obs_s=- ego_s=13.66 side=- | left_clearance=- right_clearance=- candidate_valid=false rung=- pre_dist=-m | cache_used=false path_age=- path_points=0 planning_time_ms=0.1 | reason=no_static_obstacle_in_range | cache_reason=no_cache
1787391331.282 [STATIC_AVOID] obs_id=- obs_dist=-m obs_s=- ego_s=13.66 side=- | left_clearance=- right_clearance=- candidate_valid=false rung=- pre_dist=-m | cache_used=false path_age=- path_points=0 planning_time_ms=0.1 | reason=no_static_obstacle_in_range | cache_reason=no_cache
1787391331.862 [STATIC_AVOID] obs_id=- obs_dist=-m obs_s=- ego_s=13.67 side=- | left_clearance=- right_clearance=- candidate_valid=false rung=- pre_dist=-m | cache_used=false path_age=- path_points=0 planning_time_ms=0.2 | reason=no_static_obstacle_in_range | cache_reason=no_cache
1787391332.364 [STATIC_AVOID] obs_id=- obs_dist=-m obs_s=- ego_s=13.66 side=- | left_clearance=- right_clearance=- candidate_valid=false rung=- pre_dist=-m | cache_used=false path_age=- path_points=0 planning_time_ms=0.1 | reason=no_static_obstacle_in_range | cache_reason=no_cache
1787391332.867 [STATIC_AVOID] obs_id=- obs_dist=-m obs_s=- ego_s=13.66 side=- | left_clearance=- right_clearance=- candidate_valid=false rung=- pre_dist=-m | cache_used=false path_age=- path_points=0 planning_time_ms=0.1 | reason=no_static_obstacle_in_range | cache_reason=no_cache
1787391333.467 [STATIC_AVOID] obs_id=- obs_dist=-m obs_s=- ego_s=13.65 side=- | left_clearance=- right_clearance=- candidate_valid=false rung=- pre_dist=-m | cache_used=false path_age=- path_points=0 planning_time_ms=0.1 | reason=no_static_obstacle_in_range | cache_reason=no_cache
1787391334.063 [STATIC_AVOID] obs_id=- obs_dist=-m obs_s=- ego_s=13.66 side=- | left_clearance=- right_clearance=- candidate_valid=false rung=- pre_dist=-m | cache_used=false path_age=- path_points=0 planning_time_ms=0.1 | reason=no_static_obstacle_in_range | cache_reason=no_cache
1787391334.565 [STATIC_AVOID] obs_id=- obs_dist=-m obs_s=- ego_s=13.65 side=- | left_clearance=- right_clearance=- candidate_valid=false rung=- pre_dist=-m | cache_used=false path_age=- path_points=0 planning_time_ms=0.1 | reason=no_static_obstacle_in_range | cache_reason=no_cache
1787391335.070 [STATIC_AVOID] obs_id=- obs_dist=-m obs_s=- ego_s=13.65 side=- | left_clearance=- right_clearance=- candidate_valid=false rung=- pre_dist=-m | cache_used=false path_age=- path_points=0 planning_time_ms=0.2 | reason=no_static_obstacle_in_range | cache_reason=no_cache
1787391335.673 [STATIC_AVOID] obs_id=- obs_dist=-m obs_s=- ego_s=13.66 side=- | left_clearance=- right_clearance=- candidate_valid=false rung=- pre_dist=-m | cache_used=false path_age=- path_points=0 planning_time_ms=0.1 | reason=no_static_obstacle_in_range | cache_reason=no_cache
1787391336.265 [STATIC_AVOID] obs_id=- obs_dist=-m obs_s=- ego_s=13.66 side=- | left_clearance=- right_clearance=- candidate_valid=false rung=- pre_dist=-m | cache_used=false path_age=- path_points=0 planning_time_ms=0.6 | reason=no_static_obstacle_in_range | cache_reason=no_cache
1787391336.864 [STATIC_AVOID] obs_id=- obs_dist=-m obs_s=- ego_s=13.68 side=- | left_clearance=- right_clearance=- candidate_valid=false rung=- pre_dist=-m | cache_used=false path_age=- path_points=0 planning_time_ms=0.1 | reason=no_static_obstacle_in_range | cache_reason=no_cache
1787391337.464 [STATIC_AVOID] obs_id=- obs_dist=-m obs_s=- ego_s=13.66 side=- | left_clearance=- right_clearance=- candidate_valid=false rung=- pre_dist=-m | cache_used=false path_age=- path_points=0 planning_time_ms=0.1 | reason=no_static_obstacle_in_range | cache_reason=no_cache
1787391338.063 [STATIC_AVOID] obs_id=- obs_dist=-m obs_s=- ego_s=13.66 side=- | left_clearance=- right_clearance=- candidate_valid=false rung=- pre_dist=-m | cache_used=false path_age=- path_points=0 planning_time_ms=0.2 | reason=no_static_obstacle_in_range | cache_reason=no_cache
1787391338.662 [STATIC_AVOID] obs_id=- obs_dist=-m obs_s=- ego_s=13.66 side=- | left_clearance=- right_clearance=- candidate_valid=false rung=- pre_dist=-m | cache_used=false path_age=- path_points=0 planning_time_ms=0.1 | reason=no_static_obstacle_in_range | cache_reason=no_cache
1787391339.163 [STATIC_AVOID] obs_id=- obs_dist=-m obs_s=- ego_s=13.65 side=- | left_clearance=- right_clearance=- candidate_valid=false rung=- pre_dist=-m | cache_used=false path_age=- path_points=0 planning_time_ms=0.1 | reason=no_static_obstacle_in_range | cache_reason=no_cache
1787391339.761 [STATIC_AVOID] obs_id=- obs_dist=-m obs_s=- ego_s=13.66 side=- | left_clearance=- right_clearance=- candidate_valid=false rung=- pre_dist=-m | cache_used=false path_age=- path_points=0 planning_time_ms=0.1 | reason=no_static_obstacle_in_range | cache_reason=no_cache
1787391340.264 [STATIC_AVOID] obs_id=- obs_dist=-m obs_s=- ego_s=13.66 side=- | left_clearance=- right_clearance=- candidate_valid=false rung=- pre_dist=-m | cache_used=false path_age=- path_points=0 planning_time_ms=0.1 | reason=no_static_obstacle_in_range | cache_reason=no_cache
1787391340.861 [STATIC_AVOID] obs_id=- obs_dist=-m obs_s=- ego_s=13.66 side=- | left_clearance=- right_clearance=- candidate_valid=false rung=- pre_dist=-m | cache_used=false path_age=- path_points=0 planning_time_ms=0.1 | reason=no_static_obstacle_in_range | cache_reason=no_cache
1787391341.459 [STATIC_AVOID] obs_id=- obs_dist=-m obs_s=- ego_s=13.65 side=- | left_clearance=- right_clearance=- candidate_valid=false rung=- pre_dist=-m | cache_used=false path_age=- path_points=0 planning_time_ms=0.1 | reason=no_static_obstacle_in_range | cache_reason=no_cache
1787391341.962 [STATIC_AVOID] obs_id=- obs_dist=-m obs_s=- ego_s=13.66 side=- | left_clearance=- right_clearance=- candidate_valid=false rung=- pre_dist=-m | cache_used=false path_age=- path_points=0 planning_time_ms=0.2 | reason=no_static_obstacle_in_range | cache_reason=no_cache
1787391342.462 [STATIC_AVOID] obs_id=- obs_dist=-m obs_s=- ego_s=13.67 side=- | left_clearance=- right_clearance=- candidate_valid=false rung=- pre_dist=-m | cache_used=false path_age=- path_points=0 planning_time_ms=0.1 | reason=no_static_obstacle_in_range | cache_reason=no_cache
1787391342.967 [STATIC_AVOID] obs_id=- obs_dist=-m obs_s=- ego_s=13.66 side=- | left_clearance=- right_clearance=- candidate_valid=false rung=- pre_dist=-m | cache_used=false path_age=- path_points=0 planning_time_ms=0.1 | reason=no_static_obstacle_in_range | cache_reason=no_cache
1787391343.564 [STATIC_AVOID] obs_id=- obs_dist=-m obs_s=- ego_s=13.67 side=- | left_clearance=- right_clearance=- candidate_valid=false rung=- pre_dist=-m | cache_used=false path_age=- path_points=0 planning_time_ms=0.2 | reason=no_static_obstacle_in_range | cache_reason=no_cache
1787391344.160 [STATIC_AVOID] obs_id=- obs_dist=-m obs_s=- ego_s=13.66 side=- | left_clearance=- right_clearance=- candidate_valid=false rung=- pre_dist=-m | cache_used=false path_age=- path_points=0 planning_time_ms=0.1 | reason=no_static_obstacle_in_range | cache_reason=no_cache
1787391344.662 [STATIC_AVOID] obs_id=- obs_dist=-m obs_s=- ego_s=13.66 side=- | left_clearance=- right_clearance=- candidate_valid=false rung=- pre_dist=-m | cache_used=false path_age=- path_points=0 planning_time_ms=0.1 | reason=no_static_obstacle_in_range | cache_reason=no_cache
1787391345.262 [STATIC_AVOID] obs_id=- obs_dist=-m obs_s=- ego_s=13.66 side=- | left_clearance=- right_clearance=- candidate_valid=false rung=- pre_dist=-m | cache_used=false path_age=- path_points=0 planning_time_ms=0.1 | reason=no_static_obstacle_in_range | cache_reason=no_cache
1787391345.866 [STATIC_AVOID] obs_id=- obs_dist=-m obs_s=- ego_s=13.67 side=- | left_clearance=- right_clearance=- candidate_valid=false rung=- pre_dist=-m | cache_used=false path_age=- path_points=0 planning_time_ms=0.1 | reason=no_static_obstacle_in_range | cache_reason=no_cache
1787391346.461 [STATIC_AVOID] obs_id=- obs_dist=-m obs_s=- ego_s=13.67 side=- | left_clearance=- right_clearance=- candidate_valid=false rung=- pre_dist=-m | cache_used=false path_age=- path_points=0 planning_time_ms=0.1 | reason=no_static_obstacle_in_range | cache_reason=no_cache
1787391346.967 [STATIC_AVOID] obs_id=- obs_dist=-m obs_s=- ego_s=13.66 side=- | left_clearance=- right_clearance=- candidate_valid=false rung=- pre_dist=-m | cache_used=false path_age=- path_points=0 planning_time_ms=0.2 | reason=no_static_obstacle_in_range | cache_reason=no_cache
1787391347.470 [STATIC_AVOID] obs_id=- obs_dist=-m obs_s=- ego_s=13.66 side=- | left_clearance=- right_clearance=- candidate_valid=false rung=- pre_dist=-m | cache_used=false path_age=- path_points=0 planning_time_ms=0.2 | reason=no_static_obstacle_in_range | cache_reason=no_cache
1787391348.060 [STATIC_AVOID] obs_id=- obs_dist=-m obs_s=- ego_s=13.66 side=- | left_clearance=- right_clearance=- candidate_valid=false rung=- pre_dist=-m | cache_used=false path_age=- path_points=0 planning_time_ms=0.1 | reason=no_static_obstacle_in_range | cache_reason=no_cache
1787391348.562 [STATIC_AVOID] obs_id=- obs_dist=-m obs_s=- ego_s=13.66 side=- | left_clearance=- right_clearance=- candidate_valid=false rung=- pre_dist=-m | cache_used=false path_age=- path_points=0 planning_time_ms=0.2 | reason=no_static_obstacle_in_range | cache_reason=no_cache
1787391349.076 [STATIC_AVOID] obs_id=- obs_dist=-m obs_s=- ego_s=13.67 side=- | left_clearance=- right_clearance=- candidate_valid=false rung=- pre_dist=-m | cache_used=false path_age=- path_points=0 planning_time_ms=0.1 | reason=no_static_obstacle_in_range | cache_reason=no_cache
1787391349.664 [STATIC_AVOID] obs_id=- obs_dist=-m obs_s=- ego_s=13.66 side=- | left_clearance=- right_clearance=- candidate_valid=false rung=- pre_dist=-m | cache_used=false path_age=- path_points=0 planning_time_ms=0.1 | reason=no_static_obstacle_in_range | cache_reason=no_cache
1787391350.165 [STATIC_AVOID] obs_id=- obs_dist=-m obs_s=- ego_s=13.65 side=- | left_clearance=- right_clearance=- candidate_valid=false rung=- pre_dist=-m | cache_used=false path_age=- path_points=0 planning_time_ms=0.2 | reason=no_static_obstacle_in_range | cache_reason=no_cache
