# state_machine debug log started 20260822_091939  map='0820test1'
1787357987.710 [OBSTACLES] cur_s=32.21 cur_d=-1.25 vs=-0.01 n=1 [id=1 static=1 gap=11.54m d=-0.13 size=0.21]
1787357987.711 [STATIC_OT] state=GB_TRACK path_exists=0 path_locked=0 path_ttl_ok=0 path_safe=0 on_spline=0 speed=-0.01 raw_wpnts=0 raw_age=-s decision=TRAILING reason=NO_STATIC_PATH
1787357987.715 [OPP_MEM_DBG] state=TRAILING src=GB_TRACK n_obs=1 last_gap=- age=- window=3.00 ebh=8.00 track_len=39.52 active=0
1787357987.715 [STATE_CHANGE] None -> TRAILING src=GB_TRACK s=32.21 d=-1.25 vs=-0.01
1787357987.912 [STATIC_OT] state=TRAILING path_exists=0 path_locked=0 path_ttl_ok=0 path_safe=0 on_spline=0 speed=0.04 raw_wpnts=0 raw_age=-s decision=TRAILING reason=NO_STATIC_PATH
1787357988.130 [STATIC_OT] state=TRAILING path_exists=0 path_locked=0 path_ttl_ok=0 path_safe=0 on_spline=0 speed=0.04 raw_wpnts=0 raw_age=-s decision=TRAILING reason=NO_STATIC_PATH
1787357988.231 [OBSTACLES] cur_s=32.26 cur_d=-1.22 vs=0.04 n=1 [id=1 static=1 gap=11.46m d=-0.12 size=0.31]
1787357988.330 [STATIC_OT] state=TRAILING path_exists=0 path_locked=0 path_ttl_ok=0 path_safe=0 on_spline=0 speed=0.04 raw_wpnts=0 raw_age=-s decision=TRAILING reason=NO_STATIC_PATH
1787357988.545 [STATIC_OT] state=TRAILING path_exists=0 path_locked=0 path_ttl_ok=0 path_safe=0 on_spline=0 speed=0.04 raw_wpnts=0 raw_age=-s decision=TRAILING reason=NO_STATIC_PATH
1787357988.718 [OPP_MEM_DBG] state=TRAILING src=GB_TRACK n_obs=1 last_gap=- age=- window=3.00 ebh=8.00 track_len=39.52 active=0
1787357988.734 [OBSTACLES] cur_s=32.25 cur_d=-1.21 vs=0.02 n=1 [id=1 static=1 gap=11.47m d=-0.11 size=0.37]
1787357988.764 [STATIC_OT] state=TRAILING path_exists=0 path_locked=0 path_ttl_ok=0 path_safe=0 on_spline=0 speed=0.01 raw_wpnts=0 raw_age=-s decision=TRAILING reason=NO_STATIC_PATH
1787357988.970 [STATIC_OT] state=TRAILING path_exists=0 path_locked=0 path_ttl_ok=0 path_safe=0 on_spline=0 speed=-0.03 raw_wpnts=0 raw_age=-s decision=TRAILING reason=NO_STATIC_PATH
1787357989.175 [STATIC_OT] state=TRAILING path_exists=0 path_locked=0 path_ttl_ok=0 path_safe=0 on_spline=0 speed=-0.03 raw_wpnts=0 raw_age=-s decision=TRAILING reason=NO_STATIC_PATH
1787357989.259 [OBSTACLES] cur_s=32.21 cur_d=-1.23 vs=-0.03 n=1 [id=1 static=1 gap=11.63m d=-0.10 size=0.16]
1787357989.391 [STATIC_OT] state=TRAILING path_exists=0 path_locked=0 path_ttl_ok=0 path_safe=0 on_spline=0 speed=-0.02 raw_wpnts=0 raw_age=-s decision=TRAILING reason=NO_STATIC_PATH
1787357989.609 [STATIC_OT] state=TRAILING path_exists=0 path_locked=0 path_ttl_ok=0 path_safe=0 on_spline=0 speed=-0.04 raw_wpnts=0 raw_age=-s decision=TRAILING reason=NO_STATIC_PATH
1787357989.733 [OPP_MEM_DBG] state=TRAILING src=GB_TRACK n_obs=1 last_gap=- age=- window=3.00 ebh=8.00 track_len=39.52 active=0
1787357989.768 [OBSTACLES] cur_s=32.19 cur_d=-1.26 vs=-0.04 n=1 [id=1 static=1 gap=11.62m d=-0.11 size=0.15]
1787357989.811 [STATIC_OT] state=TRAILING path_exists=0 path_locked=0 path_ttl_ok=0 path_safe=0 on_spline=0 speed=-0.04 raw_wpnts=0 raw_age=-s decision=TRAILING reason=NO_STATIC_PATH
1787357990.013 [STATIC_OT] state=TRAILING path_exists=0 path_locked=0 path_ttl_ok=0 path_safe=0 on_spline=0 speed=-0.01 raw_wpnts=0 raw_age=-s decision=TRAILING reason=NO_STATIC_PATH
1787357990.232 [STATIC_OT] state=TRAILING path_exists=0 path_locked=0 path_ttl_ok=0 path_safe=0 on_spline=0 speed=-0.00 raw_wpnts=0 raw_age=-s decision=TRAILING reason=NO_STATIC_PATH
1787357990.269 [OBSTACLES] cur_s=32.22 cur_d=-1.21 vs=-0.01 n=1 [id=1 static=1 gap=11.51m d=-0.14 size=0.21]
1787357990.451 [STATIC_OT] state=TRAILING path_exists=0 path_locked=0 path_ttl_ok=0 path_safe=0 on_spline=0 speed=-0.01 raw_wpnts=0 raw_age=-s decision=TRAILING reason=NO_STATIC_PATH
1787357990.668 [STATIC_OT] state=TRAILING path_exists=0 path_locked=0 path_ttl_ok=0 path_safe=0 on_spline=0 speed=-0.01 raw_wpnts=0 raw_age=-s decision=TRAILING reason=NO_STATIC_PATH
1787357990.744 [OPP_MEM_DBG] state=TRAILING src=GB_TRACK n_obs=1 last_gap=- age=- window=3.00 ebh=8.00 track_len=39.52 active=0
1787357990.790 [OBSTACLES] cur_s=32.22 cur_d=-1.22 vs=0.00 n=1 [id=1 static=1 gap=11.51m d=-0.14 size=0.21]
1787357990.874 [STATIC_OT] state=TRAILING path_exists=0 path_locked=0 path_ttl_ok=0 path_safe=0 on_spline=0 speed=-0.01 raw_wpnts=0 raw_age=-s decision=TRAILING reason=NO_STATIC_PATH
1787357991.078 [STATIC_OT] state=TRAILING path_exists=0 path_locked=0 path_ttl_ok=0 path_safe=0 on_spline=0 speed=0.08 raw_wpnts=0 raw_age=-s decision=TRAILING reason=NO_STATIC_PATH
1787357991.282 [STATIC_OT] state=TRAILING path_exists=0 path_locked=0 path_ttl_ok=0 path_safe=0 on_spline=0 speed=0.28 raw_wpnts=0 raw_age=-s decision=TRAILING reason=NO_STATIC_PATH
1787357991.291 [OBSTACLES] cur_s=32.26 cur_d=-1.15 vs=0.33 n=1 [id=1 static=1 gap=11.45m d=-0.13 size=0.26]
1787357991.492 [STATIC_OT] state=TRAILING path_exists=0 path_locked=0 path_ttl_ok=0 path_safe=0 on_spline=0 speed=0.59 raw_wpnts=0 raw_age=-s decision=TRAILING reason=NO_STATIC_PATH
1787357991.692 [STATIC_OT] state=TRAILING path_exists=0 path_locked=0 path_ttl_ok=0 path_safe=0 on_spline=0 speed=1.11 raw_wpnts=0 raw_age=-s decision=TRAILING reason=NO_STATIC_PATH
1787357991.753 [OPP_MEM_DBG] state=TRAILING src=GB_TRACK n_obs=1 last_gap=- age=- window=3.00 ebh=8.00 track_len=39.52 active=0
1787357991.808 [OBSTACLES] cur_s=32.61 cur_d=-0.51 vs=1.44 n=1 [id=1 static=1 gap=11.10m d=-0.12 size=0.26]
1787357991.910 [STATIC_OT] state=TRAILING path_exists=0 path_locked=0 path_ttl_ok=0 path_safe=0 on_spline=0 speed=1.59 raw_wpnts=0 raw_age=-s decision=TRAILING reason=NO_STATIC_PATH
1787357992.112 [STATIC_OT] state=TRAILING path_exists=0 path_locked=0 path_ttl_ok=0 path_safe=0 on_spline=0 speed=2.02 raw_wpnts=0 raw_age=-s decision=TRAILING reason=NO_STATIC_PATH
1787357992.309 [OBSTACLES] cur_s=33.57 cur_d=-0.10 vs=2.46 n=1 [id=1 static=1 gap=10.15m d=-0.12 size=0.22]
1787357992.330 [STATIC_OT] state=TRAILING path_exists=0 path_locked=0 path_ttl_ok=0 path_safe=0 on_spline=0 speed=2.52 raw_wpnts=0 raw_age=-s decision=TRAILING reason=NO_STATIC_PATH
1787357992.531 [STATIC_OT] state=TRAILING path_exists=0 path_locked=0 path_ttl_ok=0 path_safe=0 on_spline=0 speed=2.96 raw_wpnts=0 raw_age=-s decision=TRAILING reason=NO_STATIC_PATH
1787357992.734 [STATIC_OT] state=TRAILING path_exists=0 path_locked=0 path_ttl_ok=0 path_safe=0 on_spline=0 speed=3.07 raw_wpnts=0 raw_age=-s decision=TRAILING reason=NO_STATIC_PATH
1787357992.769 [OPP_MEM_DBG] state=TRAILING src=GB_TRACK n_obs=1 last_gap=- age=- window=3.00 ebh=8.00 track_len=39.52 active=0
1787357992.810 [OBSTACLES] cur_s=35.18 cur_d=0.05 vs=3.07 n=1 [id=1 static=1 gap=8.58m d=-0.12 size=0.17]
1787357992.939 [STATIC_OT] state=TRAILING path_exists=0 path_locked=0 path_ttl_ok=0 path_safe=0 on_spline=0 speed=2.90 raw_wpnts=0 raw_age=-s decision=TRAILING reason=NO_STATIC_PATH
1787357993.055 [STATIC_OT_TRANSITION] first_valid_path_to_overtake_ms=0.0
1787357993.056 [STATE_CHANGE] TRAILING -> OVERTAKE src=OVERTAKE s=35.94 d=0.09 vs=2.81
1787357993.311 [OBSTACLES] cur_s=37.03 cur_d=-0.03 vs=2.36 n=1 [id=1 static=1 gap=6.73m d=-0.12 size=0.17]
1787357993.789 [OPP_MEM_DBG] state=OVERTAKE src=OVERTAKE n_obs=1 last_gap=- age=- window=3.00 ebh=8.00 track_len=39.52 active=0
1787357993.825 [OBSTACLES] cur_s=38.33 cur_d=0.02 vs=3.21 n=1 [id=1 static=1 gap=5.43m d=-0.12 size=0.17]
1787357993.877 [STATIC_OT] state=OVERTAKE path_exists=1 path_locked=1 path_ttl_ok=1 path_safe=1 on_spline=1 speed=3.38 raw_wpnts=132 raw_age=0.10s decision=OVERTAKE
1787357994.113 [STATIC_OT] state=OVERTAKE path_exists=1 path_locked=1 path_ttl_ok=1 path_safe=1 on_spline=1 speed=3.86 raw_wpnts=126 raw_age=0.04s decision=OVERTAKE
1787357994.329 [OBSTACLES] cur_s=0.17 cur_d=0.24 vs=4.35 n=2 [id=1 static=1 gap=4.10m d=-0.11 size=0.16; id=3 static=1 gap=4.77m d=-0.25 size=0.28]
1787357994.358 [STATIC_OT] state=OVERTAKE path_exists=1 path_locked=1 path_ttl_ok=1 path_safe=0 on_spline=1 speed=4.40 raw_wpnts=124 raw_age=0.08s decision=TRAILING reason=PATH_BLOCKED blocked_obs_id=1 gap=4.12m free_dist=0.112m branch=static/geom
1787357994.365 [STATE_CHANGE] OVERTAKE -> TRAILING src=GB_TRACK s=0.24 d=0.23 vs=4.40
1787357994.455 [STATE_CHANGE] TRAILING -> OVERTAKE src=OVERTAKE s=0.40 d=0.22 vs=4.53
1787357994.796 [OPP_MEM_DBG] state=OVERTAKE src=OVERTAKE n_obs=2 last_gap=- age=- window=3.00 ebh=8.00 track_len=39.52 active=0
1787357994.832 [OBSTACLES] cur_s=1.84 cur_d=0.29 vs=4.73 n=2 [id=1 static=1 gap=2.28m d=-0.13 size=0.21; id=3 static=1 gap=3.10m d=-0.25 size=0.28]
1787357994.878 [STATIC_OT] state=OVERTAKE path_exists=1 path_locked=1 path_ttl_ok=1 path_safe=0 on_spline=1 speed=4.79 raw_wpnts=111 raw_age=0.10s decision=TRAILING reason=PATH_BLOCKED blocked_obs_id=1 gap=2.12m free_dist=0.04m branch=static/geom
1787357994.894 [STATE_CHANGE] OVERTAKE -> TRAILING src=GB_TRACK s=2.09 d=0.28 vs=4.79
1787357995.009 [STATE_CHANGE] TRAILING -> OVERTAKE src=OVERTAKE s=2.43 d=0.26 vs=4.85
1787357995.355 [OBSTACLES] cur_s=4.11 cur_d=0.34 vs=4.53 n=1 [id=3 static=1 gap=0.83m d=-0.25 size=0.28]
1787357995.809 [OPP_MEM_DBG] state=OVERTAKE src=OVERTAKE n_obs=0 last_gap=- age=- window=3.00 ebh=8.00 track_len=39.52 active=0
1787357995.868 [OBSTACLES] cur_s=6.75 cur_d=0.15 vs=3.72 n=0 [none]
1787357996.369 [OBSTACLES] cur_s=8.63 cur_d=-0.02 vs=3.70 n=0 [none]
1787357996.492 [STATE_CHANGE] OVERTAKE -> LOSTLINE src=GB_TRACK s=9.03 d=-0.10 vs=3.77
1787357996.512 [STATE_CHANGE] LOSTLINE -> GB_TRACK src=GB_TRACK s=9.09 d=-0.12 vs=3.81
1787357996.706 [STATE_CHANGE] GB_TRACK -> LOSTLINE src=GB_TRACK s=9.67 d=-0.29 vs=3.93
1787357996.810 [OPP_MEM_DBG] state=LOSTLINE src=GB_TRACK n_obs=0 last_gap=- age=- window=3.00 ebh=8.00 track_len=39.52 active=0
1787357996.893 [OBSTACLES] cur_s=10.48 cur_d=-0.43 vs=3.78 n=0 [none]
1787357997.409 [OBSTACLES] cur_s=11.98 cur_d=-0.29 vs=3.40 n=0 [none]
1787357997.409 [STATE_CHANGE] LOSTLINE -> GB_TRACK src=GB_TRACK s=11.98 d=-0.29 vs=3.40
1787357997.828 [OPP_MEM_DBG] state=GB_TRACK src=GB_TRACK n_obs=0 last_gap=- age=- window=3.00 ebh=8.00 track_len=39.52 active=0
1787357997.909 [OBSTACLES] cur_s=13.64 cur_d=0.12 vs=3.20 n=0 [none]
1787357998.429 [OBSTACLES] cur_s=15.39 cur_d=-0.11 vs=3.10 n=0 [none]
1787357998.828 [OPP_MEM_DBG] state=GB_TRACK src=GB_TRACK n_obs=0 last_gap=- age=- window=3.00 ebh=8.00 track_len=39.52 active=0
1787357998.934 [OBSTACLES] cur_s=16.75 cur_d=0.05 vs=2.72 n=0 [none]
1787357999.449 [OBSTACLES] cur_s=17.73 cur_d=-0.02 vs=2.21 n=0 [none]
1787357999.811 [STATIC_OT] state=GB_TRACK path_exists=0 path_locked=0 path_ttl_ok=0 path_safe=0 on_spline=0 speed=2.51 raw_wpnts=0 raw_age=-s decision=TRAILING reason=NO_STATIC_PATH
1787357999.811 [STATE_CHANGE] GB_TRACK -> TRAILING src=GB_TRACK s=18.67 d=-0.07 vs=2.51
1787357999.831 [OPP_MEM_DBG] state=TRAILING src=GB_TRACK n_obs=1 last_gap=- age=- window=3.00 ebh=8.00 track_len=39.52 active=0
1787357999.972 [OBSTACLES] cur_s=19.11 cur_d=-0.14 vs=2.56 n=1 [id=4 static=1 gap=1.58m d=-0.06 size=0.34]
1787358000.028 [STATIC_OT] state=TRAILING path_exists=0 path_locked=0 path_ttl_ok=0 path_safe=0 on_spline=0 speed=2.53 raw_wpnts=0 raw_age=-s decision=TRAILING reason=NO_STATIC_PATH
1787358000.231 [STATIC_OT] state=TRAILING path_exists=0 path_locked=0 path_ttl_ok=0 path_safe=0 on_spline=0 speed=1.89 raw_wpnts=0 raw_age=-s decision=TRAILING reason=NO_STATIC_PATH
1787358000.457 [STATIC_OT] state=TRAILING path_exists=0 path_locked=0 path_ttl_ok=0 path_safe=0 on_spline=0 speed=0.96 raw_wpnts=0 raw_age=-s decision=TRAILING reason=NO_STATIC_PATH
1787358000.473 [OBSTACLES] cur_s=19.53 cur_d=-0.10 vs=0.89 n=1 [id=4 static=1 gap=1.12m d=-0.20 size=0.38]
1787358000.657 [STATIC_OT] state=TRAILING path_exists=0 path_locked=0 path_ttl_ok=0 path_safe=0 on_spline=0 speed=0.47 raw_wpnts=0 raw_age=-s decision=TRAILING reason=NO_STATIC_PATH
1787358000.855 [OPP_MEM_DBG] state=TRAILING src=GB_TRACK n_obs=1 last_gap=- age=- window=3.00 ebh=8.00 track_len=39.52 active=0
1787358000.887 [STATIC_OT] state=TRAILING path_exists=0 path_locked=0 path_ttl_ok=0 path_safe=0 on_spline=0 speed=0.02 raw_wpnts=0 raw_age=-s decision=TRAILING reason=NO_STATIC_PATH
1787358000.950 [STATE_CHANGE] TRAILING -> OVERTAKE src=OVERTAKE s=19.24 d=-0.00 vs=-0.01
1787358000.989 [OBSTACLES] cur_s=19.16 cur_d=0.04 vs=-0.05 n=1 [id=4 static=1 gap=1.29m d=-0.42 size=0.52]
1787358001.492 [OBSTACLES] cur_s=19.09 cur_d=0.03 vs=0.39 n=1 [id=4 static=1 gap=1.34m d=-0.43 size=0.51]
1787358001.869 [OPP_MEM_DBG] state=OVERTAKE src=OVERTAKE n_obs=1 last_gap=- age=- window=3.00 ebh=8.00 track_len=39.52 active=0
1787358001.995 [OBSTACLES] cur_s=20.54 cur_d=-0.11 vs=1.69 n=1 [id=4 static=1 gap=0.06m d=-0.43 size=0.16]
1787358002.513 [OBSTACLES] cur_s=22.00 cur_d=0.17 vs=2.91 n=0 [none]
1787358002.870 [OPP_MEM_DBG] state=OVERTAKE src=OVERTAKE n_obs=0 last_gap=- age=- window=3.00 ebh=8.00 track_len=39.52 active=0
1787358003.014 [OBSTACLES] cur_s=23.48 cur_d=-0.02 vs=4.06 n=0 [none]
1787358003.041 [STATE_CHANGE] OVERTAKE -> GB_TRACK src=GB_TRACK s=23.52 d=-0.03 vs=4.08
1787358003.530 [OBSTACLES] cur_s=25.55 cur_d=0.09 vs=3.41 n=0 [none]
1787358003.870 [OPP_MEM_DBG] state=GB_TRACK src=GB_TRACK n_obs=0 last_gap=- age=- window=3.00 ebh=8.00 track_len=39.52 active=0
1787358004.048 [OBSTACLES] cur_s=26.88 cur_d=0.02 vs=2.78 n=0 [none]
1787358004.548 [OBSTACLES] cur_s=28.65 cur_d=0.16 vs=3.13 n=0 [none]
1787358004.871 [OPP_MEM_DBG] state=GB_TRACK src=GB_TRACK n_obs=0 last_gap=- age=- window=3.00 ebh=8.00 track_len=39.52 active=0
1787358005.049 [OBSTACLES] cur_s=30.16 cur_d=0.11 vs=3.61 n=0 [none]
1787358005.551 [OBSTACLES] cur_s=31.56 cur_d=0.01 vs=2.49 n=0 [none]
1787358005.888 [OPP_MEM_DBG] state=GB_TRACK src=GB_TRACK n_obs=0 last_gap=- age=- window=3.00 ebh=8.00 track_len=39.52 active=0
1787358006.069 [OBSTACLES] cur_s=32.90 cur_d=0.13 vs=2.55 n=0 [none]
1787358006.591 [OBSTACLES] cur_s=34.45 cur_d=0.01 vs=3.56 n=0 [none]
1787358006.893 [OPP_MEM_DBG] state=GB_TRACK src=GB_TRACK n_obs=0 last_gap=- age=- window=3.00 ebh=8.00 track_len=39.52 active=0
1787358007.092 [OBSTACLES] cur_s=37.01 cur_d=0.09 vs=4.63 n=0 [none]
1787358007.610 [OBSTACLES] cur_s=39.31 cur_d=0.05 vs=4.94 n=0 [none]
1787358007.912 [STATIC_OT] state=GB_TRACK path_exists=0 path_locked=0 path_ttl_ok=0 path_safe=0 on_spline=0 speed=4.95 raw_wpnts=0 raw_age=-s decision=TRAILING reason=NO_STATIC_PATH
1787358007.912 [OPP_MEM_DBG] state=TRAILING src=GB_TRACK n_obs=1 last_gap=- age=- window=3.00 ebh=8.00 track_len=39.52 active=0
1787358007.912 [STATE_CHANGE] GB_TRACK -> TRAILING src=GB_TRACK s=1.08 d=0.06 vs=4.95
1787358008.037 [STATE_CHANGE] TRAILING -> OVERTAKE src=OVERTAKE s=1.34 d=0.06 vs=4.95
1787358008.115 [STATIC_OT] state=OVERTAKE path_exists=1 path_locked=1 path_ttl_ok=1 path_safe=0 on_spline=1 speed=4.72 raw_wpnts=104 raw_age=0.04s decision=TRAILING reason=PATH_BLOCKED blocked_obs_id=8 gap=2.45m free_dist=0.141m branch=static/geom
1787358008.116 [STATE_CHANGE] OVERTAKE -> TRAILING src=GB_TRACK s=1.80 d=0.05 vs=4.72
1787358008.135 [OBSTACLES] cur_s=1.89 cur_d=0.05 vs=4.67 n=1 [id=8 static=1 gap=2.24m d=-0.13 size=0.24]
1787358008.230 [STATE_CHANGE] TRAILING -> OVERTAKE src=OVERTAKE s=2.16 d=0.04 vs=4.62
1787358008.553 [STATIC_OT] state=OVERTAKE path_exists=1 path_locked=1 path_ttl_ok=0 path_safe=0 on_spline=1 speed=4.06 raw_wpnts=0 raw_age=-s decision=TRAILING reason=NO_STATIC_PATH
1787358008.553 [STATE_CHANGE] OVERTAKE -> TRAILING src=GB_TRACK s=3.55 d=0.03 vs=4.06
1787358008.636 [OBSTACLES] cur_s=3.71 cur_d=0.06 vs=4.10 n=1 [id=8 static=1 gap=0.19m d=-0.16 size=0.42]
1787358008.642 [STATE_CHANGE] TRAILING -> OVERTAKE src=OVERTAKE s=3.71 d=0.06 vs=4.10
1787358008.931 [OPP_MEM_DBG] state=OVERTAKE src=OVERTAKE n_obs=0 last_gap=- age=- window=3.00 ebh=8.00 track_len=39.52 active=0
1787358009.152 [OBSTACLES] cur_s=5.63 cur_d=0.32 vs=2.55 n=0 [none]
1787358009.669 [OBSTACLES] cur_s=6.94 cur_d=0.09 vs=2.28 n=0 [none]
1787358009.749 [STATE_CHANGE] OVERTAKE -> LOSTLINE src=GB_TRACK s=7.13 d=0.08 vs=2.33
1787358009.768 [STATE_CHANGE] LOSTLINE -> GB_TRACK src=GB_TRACK s=7.18 d=0.07 vs=2.34
1787358009.948 [OPP_MEM_DBG] state=GB_TRACK src=GB_TRACK n_obs=0 last_gap=- age=- window=3.00 ebh=8.00 track_len=39.52 active=0
1787358010.169 [OBSTACLES] cur_s=8.43 cur_d=0.08 vs=3.02 n=0 [none]
1787358010.694 [OBSTACLES] cur_s=10.30 cur_d=-0.09 vs=3.73 n=0 [none]
1787358010.950 [OPP_MEM_DBG] state=GB_TRACK src=GB_TRACK n_obs=0 last_gap=- age=- window=3.00 ebh=8.00 track_len=39.52 active=0
1787358011.208 [OBSTACLES] cur_s=12.06 cur_d=0.05 vs=3.63 n=0 [none]
1787358011.710 [OBSTACLES] cur_s=14.01 cur_d=0.02 vs=3.45 n=0 [none]
1787358011.969 [OPP_MEM_DBG] state=GB_TRACK src=GB_TRACK n_obs=0 last_gap=- age=- window=3.00 ebh=8.00 track_len=39.52 active=0
1787358012.231 [OBSTACLES] cur_s=15.61 cur_d=-0.05 vs=3.06 n=0 [none]
1787358012.752 [OBSTACLES] cur_s=17.05 cur_d=0.09 vs=2.42 n=0 [none]
1787358012.988 [OPP_MEM_DBG] state=GB_TRACK src=GB_TRACK n_obs=0 last_gap=- age=- window=3.00 ebh=8.00 track_len=39.52 active=0
1787358013.256 [OBSTACLES] cur_s=18.00 cur_d=-0.11 vs=2.12 n=0 [none]
1787358013.676 [STATIC_OT] state=GB_TRACK path_exists=0 path_locked=0 path_ttl_ok=0 path_safe=0 on_spline=0 speed=2.77 raw_wpnts=0 raw_age=-s decision=TRAILING reason=NO_STATIC_PATH
1787358013.676 [STATE_CHANGE] GB_TRACK -> TRAILING src=GB_TRACK s=19.20 d=-0.11 vs=2.77
1787358013.739 [STATE_CHANGE] TRAILING -> OVERTAKE src=OVERTAKE s=19.29 d=-0.09 vs=2.87
1787358013.771 [OBSTACLES] cur_s=19.34 cur_d=-0.09 vs=2.90 n=1 [id=11 static=1 gap=1.50m d=-0.27 size=0.34]
1787358013.856 [STATE_CHANGE] OVERTAKE -> TRAILING src=GB_TRACK s=19.70 d=-0.09 vs=3.10
1787358013.893 [STATIC_OT] state=TRAILING path_exists=1 path_locked=0 path_ttl_ok=1 path_safe=0 on_spline=1 speed=3.11 raw_wpnts=101 raw_age=0.12s decision=TRAILING reason=PATH_BLOCKED blocked_obs_id=11 gap=1.25m free_dist=0.096m branch=static/geom
1787358013.997 [OPP_MEM_DBG] state=TRAILING src=GB_TRACK n_obs=1 last_gap=- age=- window=3.00 ebh=8.00 track_len=39.52 active=0
1787358014.110 [STATIC_OT] state=TRAILING path_exists=1 path_locked=0 path_ttl_ok=0 path_safe=0 on_spline=1 speed=2.79 raw_wpnts=0 raw_age=-s decision=TRAILING reason=NO_STATIC_PATH
1787358014.219 [STATE_CHANGE] TRAILING -> OVERTAKE src=OVERTAKE s=20.34 d=-0.09 vs=2.49
1787358014.275 [OBSTACLES] cur_s=20.48 cur_d=-0.07 vs=2.23 n=1 [id=11 static=1 gap=0.35m d=-0.35 size=0.25]
1787358014.808 [OBSTACLES] cur_s=21.82 cur_d=0.10 vs=2.02 n=0 [none]
1787358015.017 [OPP_MEM_DBG] state=OVERTAKE src=OVERTAKE n_obs=0 last_gap=- age=- window=3.00 ebh=8.00 track_len=39.52 active=0
1787358015.309 [OBSTACLES] cur_s=22.77 cur_d=0.03 vs=2.74 n=0 [none]
1787358015.564 [STATE_CHANGE] OVERTAKE -> LOSTLINE src=GB_TRACK s=23.31 d=-0.07 vs=3.16
1787358015.570 [STATE_CHANGE] LOSTLINE -> GB_TRACK src=GB_TRACK s=23.36 d=-0.07 vs=3.23
1787358015.828 [OBSTACLES] cur_s=24.33 cur_d=-0.01 vs=3.68 n=0 [none]
1787358016.024 [OPP_MEM_DBG] state=GB_TRACK src=GB_TRACK n_obs=0 last_gap=- age=- window=3.00 ebh=8.00 track_len=39.52 active=0
1787358016.350 [OBSTACLES] cur_s=26.03 cur_d=0.06 vs=3.11 n=0 [none]
1787358016.870 [OBSTACLES] cur_s=27.55 cur_d=0.11 vs=2.74 n=0 [none]
1787358017.029 [OPP_MEM_DBG] state=GB_TRACK src=GB_TRACK n_obs=0 last_gap=- age=- window=3.00 ebh=8.00 track_len=39.52 active=0
1787358017.370 [OBSTACLES] cur_s=29.23 cur_d=0.12 vs=3.48 n=0 [none]
1787358017.890 [OBSTACLES] cur_s=30.95 cur_d=0.07 vs=2.89 n=0 [none]
1787358018.030 [OPP_MEM_DBG] state=GB_TRACK src=GB_TRACK n_obs=0 last_gap=- age=- window=3.00 ebh=8.00 track_len=39.52 active=0
1787358018.408 [OBSTACLES] cur_s=32.08 cur_d=0.04 vs=2.29 n=0 [none]
1787358018.930 [OBSTACLES] cur_s=33.40 cur_d=0.09 vs=2.94 n=0 [none]
1787358019.033 [OPP_MEM_DBG] state=GB_TRACK src=GB_TRACK n_obs=0 last_gap=- age=- window=3.00 ebh=8.00 track_len=39.52 active=0
1787358019.450 [OBSTACLES] cur_s=35.59 cur_d=0.01 vs=4.02 n=0 [none]
1787358019.951 [OBSTACLES] cur_s=37.79 cur_d=0.10 vs=4.87 n=0 [none]
1787358020.050 [OPP_MEM_DBG] state=GB_TRACK src=GB_TRACK n_obs=0 last_gap=- age=- window=3.00 ebh=8.00 track_len=39.52 active=0
1787358020.215 [STATIC_OT] state=GB_TRACK path_exists=0 path_locked=0 path_ttl_ok=0 path_safe=0 on_spline=0 speed=4.93 raw_wpnts=0 raw_age=-s decision=TRAILING reason=NO_STATIC_PATH
1787358020.216 [STATE_CHANGE] GB_TRACK -> TRAILING src=GB_TRACK s=38.97 d=0.07 vs=4.93
1787358020.365 [STATE_CHANGE] TRAILING -> OVERTAKE src=OVERTAKE s=39.16 d=0.09 vs=4.94
1787358020.469 [OBSTACLES] cur_s=0.42 cur_d=0.06 vs=4.55 n=1 [id=13 static=1 gap=3.67m d=-0.14 size=0.23]
1787358020.970 [OBSTACLES] cur_s=2.46 cur_d=0.17 vs=4.73 n=1 [id=13 static=1 gap=1.42m d=-0.15 size=0.37]
1787358021.052 [OPP_MEM_DBG] state=OVERTAKE src=OVERTAKE n_obs=1 last_gap=- age=- window=3.00 ebh=8.00 track_len=39.52 active=0
1787358021.134 [STATIC_OT] state=OVERTAKE path_exists=1 path_locked=1 path_ttl_ok=1 path_safe=0 on_spline=1 speed=4.75 raw_wpnts=101 raw_age=0.06s decision=TRAILING reason=PATH_BLOCKED blocked_obs_id=13 gap=0.96m free_dist=0.061m branch=static/geom
1787358021.137 [STATE_CHANGE] OVERTAKE -> TRAILING src=GB_TRACK s=3.10 d=0.23 vs=4.75
1787358021.200 [STATE_CHANGE] TRAILING -> OVERTAKE src=OVERTAKE s=3.28 d=0.26 vs=4.76
1787358021.471 [OBSTACLES] cur_s=4.87 cur_d=0.54 vs=4.22 n=0 [none]
1787358021.989 [OBSTACLES] cur_s=6.93 cur_d=-0.04 vs=3.37 n=0 [none]
1787358022.069 [OPP_MEM_DBG] state=OVERTAKE src=OVERTAKE n_obs=0 last_gap=- age=- window=3.00 ebh=8.00 track_len=39.52 active=0
1787358022.329 [STATE_CHANGE] OVERTAKE -> LOSTLINE src=GB_TRACK s=7.94 d=-0.21 vs=3.54
1787358022.350 [STATE_CHANGE] LOSTLINE -> GB_TRACK src=GB_TRACK s=8.03 d=-0.23 vs=3.58
1787358022.429 [STATE_CHANGE] GB_TRACK -> LOSTLINE src=GB_TRACK s=8.29 d=-0.30 vs=3.64
1787358022.514 [OBSTACLES] cur_s=8.56 cur_d=-0.37 vs=3.63 n=0 [none]
1787358023.032 [OBSTACLES] cur_s=10.12 cur_d=-0.57 vs=3.22 n=0 [none]
1787358023.092 [OPP_MEM_DBG] state=LOSTLINE src=GB_TRACK n_obs=0 last_gap=- age=- window=3.00 ebh=8.00 track_len=39.52 active=0
1787358023.535 [OBSTACLES] cur_s=10.90 cur_d=-0.29 vs=2.06 n=0 [none]
1787358023.535 [STATE_CHANGE] LOSTLINE -> GB_TRACK src=GB_TRACK s=10.90 d=-0.29 vs=2.06
1787358024.052 [OBSTACLES] cur_s=12.22 cur_d=0.05 vs=3.00 n=0 [none]
1787358024.109 [OPP_MEM_DBG] state=GB_TRACK src=GB_TRACK n_obs=0 last_gap=- age=- window=3.00 ebh=8.00 track_len=39.52 active=0
1787358024.569 [OBSTACLES] cur_s=14.10 cur_d=-0.05 vs=3.38 n=0 [none]
1787358025.089 [OBSTACLES] cur_s=15.66 cur_d=-0.04 vs=2.96 n=0 [none]
1787358025.128 [OPP_MEM_DBG] state=GB_TRACK src=GB_TRACK n_obs=0 last_gap=- age=- window=3.00 ebh=8.00 track_len=39.52 active=0
1787358025.608 [OBSTACLES] cur_s=17.05 cur_d=0.11 vs=2.40 n=0 [none]
1787358026.109 [OBSTACLES] cur_s=18.05 cur_d=-0.13 vs=2.13 n=0 [none]
1787358026.130 [OPP_MEM_DBG] state=GB_TRACK src=GB_TRACK n_obs=0 last_gap=- age=- window=3.00 ebh=8.00 track_len=39.52 active=0
1787358026.516 [STATIC_OT] state=GB_TRACK path_exists=0 path_locked=0 path_ttl_ok=0 path_safe=0 on_spline=0 speed=2.78 raw_wpnts=0 raw_age=-s decision=TRAILING reason=NO_STATIC_PATH
1787358026.516 [STATE_CHANGE] GB_TRACK -> TRAILING src=GB_TRACK s=19.20 d=-0.12 vs=2.78
1787358026.619 [OBSTACLES] cur_s=19.36 cur_d=-0.12 vs=2.90 n=1 [id=16 static=1 gap=1.49m d=-0.24 size=0.33]
1787358026.718 [STATIC_OT] state=TRAILING path_exists=0 path_locked=0 path_ttl_ok=0 path_safe=0 on_spline=0 speed=2.91 raw_wpnts=0 raw_age=-s decision=TRAILING reason=NO_STATIC_PATH
1787358026.931 [STATIC_OT] state=TRAILING path_exists=1 path_locked=0 path_ttl_ok=0 path_safe=0 on_spline=1 speed=2.68 raw_wpnts=0 raw_age=-s decision=TRAILING reason=NO_STATIC_PATH
1787358027.155 [OBSTACLES] cur_s=19.85 cur_d=-0.07 vs=1.83 n=1 [id=16 static=1 gap=0.88m d=-0.32 size=0.55]
1787358027.158 [STATIC_OT] state=TRAILING path_exists=1 path_locked=0 path_ttl_ok=0 path_safe=0 on_spline=1 speed=1.83 raw_wpnts=0 raw_age=-s decision=TRAILING reason=NO_STATIC_PATH
1787358027.168 [OPP_MEM_DBG] state=TRAILING src=GB_TRACK n_obs=1 last_gap=- age=- window=3.00 ebh=8.00 track_len=39.52 active=0
1787358027.377 [STATIC_OT] state=TRAILING path_exists=1 path_locked=0 path_ttl_ok=0 path_safe=0 on_spline=1 speed=0.96 raw_wpnts=0 raw_age=-s decision=TRAILING reason=NO_STATIC_PATH
1787358027.578 [STATIC_OT] state=TRAILING path_exists=1 path_locked=0 path_ttl_ok=0 path_safe=0 on_spline=1 speed=0.39 raw_wpnts=0 raw_age=-s decision=TRAILING reason=NO_STATIC_PATH
1787358027.668 [OBSTACLES] cur_s=19.90 cur_d=-0.10 vs=0.01 n=1 [id=16 static=1 gap=0.83m d=-0.32 size=0.55]
1787358027.810 [STATIC_OT] state=TRAILING path_exists=1 path_locked=0 path_ttl_ok=0 path_safe=0 on_spline=1 speed=-0.08 raw_wpnts=0 raw_age=-s decision=TRAILING reason=NO_STATIC_PATH
1787358028.016 [STATIC_OT] state=TRAILING path_exists=1 path_locked=0 path_ttl_ok=0 path_safe=0 on_spline=1 speed=-0.07 raw_wpnts=0 raw_age=-s decision=TRAILING reason=NO_STATIC_PATH
1787358028.170 [OBSTACLES] cur_s=19.92 cur_d=-0.13 vs=-0.04 n=1 [id=16 static=1 gap=0.81m d=-0.32 size=0.55]
1787358028.174 [OPP_MEM_DBG] state=TRAILING src=GB_TRACK n_obs=1 last_gap=- age=- window=3.00 ebh=8.00 track_len=39.52 active=0
1787358028.234 [STATIC_OT] state=TRAILING path_exists=1 path_locked=0 path_ttl_ok=0 path_safe=0 on_spline=1 speed=-0.07 raw_wpnts=0 raw_age=-s decision=TRAILING reason=NO_STATIC_PATH
1787358028.452 [STATIC_OT] state=TRAILING path_exists=1 path_locked=0 path_ttl_ok=0 path_safe=0 on_spline=1 speed=-0.05 raw_wpnts=0 raw_age=-s decision=TRAILING reason=NO_STATIC_PATH
1787358028.659 [STATIC_OT] state=TRAILING path_exists=1 path_locked=0 path_ttl_ok=0 path_safe=0 on_spline=1 speed=-0.04 raw_wpnts=0 raw_age=-s decision=TRAILING reason=NO_STATIC_PATH
1787358028.694 [OBSTACLES] cur_s=20.01 cur_d=-0.14 vs=-0.04 n=1 [id=16 static=1 gap=0.72m d=-0.32 size=0.55]
1787358028.866 [STATIC_OT] state=TRAILING path_exists=0 path_locked=0 path_ttl_ok=0 path_safe=0 on_spline=0 speed=-0.04 raw_wpnts=0 raw_age=-s decision=TRAILING reason=NO_STATIC_PATH
1787358029.044 [STATE_CHANGE] TRAILING -> LOSTLINE src=GB_TRACK s=19.99 d=-0.12 vs=-0.03
1787358029.053 [STATE_CHANGE] LOSTLINE -> GB_TRACK src=GB_TRACK s=19.99 d=-0.12 vs=-0.01
1787358029.189 [OPP_MEM_DBG] state=GB_TRACK src=GB_TRACK n_obs=0 last_gap=- age=- window=3.00 ebh=8.00 track_len=39.52 active=0
1787358029.211 [OBSTACLES] cur_s=20.00 cur_d=-0.12 vs=-0.01 n=0 [none]
1787358029.732 [OBSTACLES] cur_s=20.62 cur_d=-0.03 vs=0.96 n=0 [none]
1787358030.191 [OPP_MEM_DBG] state=GB_TRACK src=GB_TRACK n_obs=0 last_gap=- age=- window=3.00 ebh=8.00 track_len=39.52 active=0
1787358030.233 [OBSTACLES] cur_s=21.77 cur_d=0.00 vs=2.22 n=0 [none]
1787358030.751 [OBSTACLES] cur_s=23.04 cur_d=-0.01 vs=3.37 n=0 [none]
1787358031.208 [OPP_MEM_DBG] state=GB_TRACK src=GB_TRACK n_obs=0 last_gap=- age=- window=3.00 ebh=8.00 track_len=39.52 active=0
1787358031.269 [OBSTACLES] cur_s=24.88 cur_d=0.06 vs=3.83 n=0 [none]
1787358031.769 [OBSTACLES] cur_s=26.45 cur_d=0.01 vs=2.92 n=0 [none]
1787358032.210 [OPP_MEM_DBG] state=GB_TRACK src=GB_TRACK n_obs=0 last_gap=- age=- window=3.00 ebh=8.00 track_len=39.52 active=0
1787358032.291 [OBSTACLES] cur_s=28.06 cur_d=0.18 vs=2.86 n=0 [none]
1787358032.791 [OBSTACLES] cur_s=29.69 cur_d=0.08 vs=3.68 n=0 [none]
1787358033.210 [OPP_MEM_DBG] state=GB_TRACK src=GB_TRACK n_obs=0 last_gap=- age=- window=3.00 ebh=8.00 track_len=39.52 active=0
1787358033.309 [OBSTACLES] cur_s=31.26 cur_d=0.05 vs=2.65 n=0 [none]
1787358033.828 [OBSTACLES] cur_s=32.41 cur_d=0.07 vs=2.40 n=0 [none]
1787358034.051 [STATIC_OT] state=GB_TRACK path_exists=0 path_locked=0 path_ttl_ok=0 path_safe=0 on_spline=0 speed=2.69 raw_wpnts=0 raw_age=-s decision=TRAILING reason=NO_STATIC_PATH
1787358034.051 [STATE_CHANGE] GB_TRACK -> TRAILING src=GB_TRACK s=33.00 d=0.10 vs=2.69
1787358034.213 [OPP_MEM_DBG] state=TRAILING src=GB_TRACK n_obs=1 last_gap=- age=- window=3.00 ebh=8.00 track_len=39.52 active=0
1787358034.256 [STATIC_OT] state=TRAILING path_exists=0 path_locked=0 path_ttl_ok=0 path_safe=0 on_spline=0 speed=3.02 raw_wpnts=0 raw_age=-s decision=TRAILING reason=NO_STATIC_PATH
1787358034.329 [OBSTACLES] cur_s=33.84 cur_d=0.06 vs=3.07 n=1 [id=20 static=1 gap=9.16m d=0.08 size=0.60]
1787358034.471 [STATIC_OT] state=TRAILING path_exists=0 path_locked=0 path_ttl_ok=0 path_safe=0 on_spline=0 speed=3.07 raw_wpnts=0 raw_age=-s decision=TRAILING reason=NO_STATIC_PATH
1787358034.671 [STATIC_OT] state=TRAILING path_exists=0 path_locked=0 path_ttl_ok=0 path_safe=0 on_spline=0 speed=2.87 raw_wpnts=0 raw_age=-s decision=TRAILING reason=NO_STATIC_PATH
1787358034.830 [OBSTACLES] cur_s=34.98 cur_d=0.14 vs=2.71 n=1 [id=20 static=1 gap=8.00m d=0.07 size=0.50]
1787358034.891 [STATIC_OT] state=TRAILING path_exists=0 path_locked=0 path_ttl_ok=0 path_safe=0 on_spline=0 speed=2.64 raw_wpnts=0 raw_age=-s decision=TRAILING reason=NO_STATIC_PATH
1787358035.036 [STATE_CHANGE] TRAILING -> OVERTAKE src=OVERTAKE s=35.37 d=0.13 vs=2.56
1787358035.054 [STATE_CHANGE] OVERTAKE -> TRAILING src=GB_TRACK s=35.46 d=0.12 vs=2.52
1787358035.093 [STATIC_OT] state=TRAILING path_exists=1 path_locked=0 path_ttl_ok=1 path_safe=0 on_spline=1 speed=2.50 raw_wpnts=139 raw_age=0.12s decision=TRAILING reason=PATH_BLOCKED blocked_obs_id=20 gap=7.41m free_dist=0.144m branch=static/geom
1787358035.213 [OPP_MEM_DBG] state=TRAILING src=GB_TRACK n_obs=1 last_gap=- age=- window=3.00 ebh=8.00 track_len=39.52 active=0
1787358035.303 [STATIC_OT] state=TRAILING path_exists=1 path_locked=0 path_ttl_ok=0 path_safe=0 on_spline=1 speed=2.30 raw_wpnts=0 raw_age=-s decision=TRAILING reason=NO_STATIC_PATH
1787358035.348 [OBSTACLES] cur_s=36.76 cur_d=-0.00 vs=2.25 n=1 [id=20 static=1 gap=6.18m d=0.04 size=0.53]
1787358035.527 [STATIC_OT] state=TRAILING path_exists=1 path_locked=0 path_ttl_ok=0 path_safe=0 on_spline=1 speed=2.02 raw_wpnts=0 raw_age=-s decision=TRAILING reason=NO_STATIC_PATH
1787358035.631 [STATE_CHANGE] TRAILING -> OVERTAKE src=OVERTAKE s=37.10 d=-0.01 vs=1.88
1787358035.652 [DYNAMIC_OT] target=20 gap=6.56 ego_v=1.78 opp_v=0.00 rel_v=1.78 sector=1 force_trailing=0 pred_age=- pred_valid=0 path=0 path_age=- safe=0 left=- right=- state=TRAILING decision=TRAILING reason=NO_DYNAMIC_OBSTACLE
1787358035.652 [STATE_CHANGE] OVERTAKE -> TRAILING src=GB_TRACK s=37.21 d=-0.01 vs=1.78
1787358035.749 [STATIC_OT] state=TRAILING path_exists=1 path_locked=0 path_ttl_ok=0 path_safe=0 on_spline=1 speed=1.67 raw_wpnts=0 raw_age=-s decision=TRAILING reason=NO_STATIC_PATH
1787358035.863 [OBSTACLES] cur_s=37.57 cur_d=-0.02 vs=1.60 n=1 [id=20 static=0 gap=6.11m d=0.14 size=0.54]
1787358035.867 [DYNAMIC_OT] target=20 gap=6.37 ego_v=1.60 opp_v=0.81 rel_v=0.79 sector=1 force_trailing=0 pred_age=- pred_valid=0 path=0 path_age=- safe=0 left=- right=- state=TRAILING decision=TRAILING reason=PREDICTION_NEVER
1787358035.989 [STATIC_OT] state=TRAILING path_exists=1 path_locked=0 path_ttl_ok=0 path_safe=0 on_spline=1 speed=1.58 raw_wpnts=0 raw_age=-s decision=TRAILING reason=NO_STATIC_PATH
1787358036.073 [DYNAMIC_OT] target=20 gap=6.06 ego_v=1.63 opp_v=0.83 rel_v=0.80 sector=1 force_trailing=0 pred_age=- pred_valid=0 path=0 path_age=- safe=0 left=- right=- state=TRAILING decision=TRAILING reason=PREDICTION_NEVER
1787358036.210 [STATIC_OT] state=TRAILING path_exists=1 path_locked=0 path_ttl_ok=0 path_safe=0 on_spline=1 speed=1.79 raw_wpnts=0 raw_age=-s decision=TRAILING reason=NO_STATIC_PATH
1787358036.233 [OPP_MEM_DBG] state=LOSTLINE src=GB_TRACK n_obs=0 last_gap=5.72 age=0.02 window=3.00 ebh=8.00 track_len=39.52 active=1
1787358036.233 [STATE_CHANGE] TRAILING -> LOSTLINE src=GB_TRACK s=38.54 d=-0.11 vs=1.85
1787358036.235 [OPP_MEMORY] opponent id=20 lost 0.02s ago at gap=5.72m -- holding speed cap 6.61 m/s (raceline 8.12) state=LOSTLINE
1787358036.270 [STATE_CHANGE] LOSTLINE -> GB_TRACK src=GB_TRACK s=38.61 d=-0.10 vs=1.92
1787358036.299 [DYNAMIC_OT] target=20 gap=5.27 ego_v=1.96 opp_v=0.81 rel_v=1.14 sector=1 force_trailing=0 pred_age=- pred_valid=0 path=0 path_age=- safe=0 left=- right=- state=TRAILING decision=TRAILING reason=NO_DYNAMIC_OBSTACLE
1787358036.299 [STATE_CHANGE] GB_TRACK -> TRAILING src=GB_TRACK s=38.60 d=-0.09 vs=1.96
1787358036.323 [STATE_CHANGE] TRAILING -> LOSTLINE src=GB_TRACK s=38.59 d=-0.08 vs=1.99
1787358036.337 [STATE_CHANGE] LOSTLINE -> GB_TRACK src=GB_TRACK s=38.59 d=-0.07 vs=2.06
1787358036.377 [OBSTACLES] cur_s=38.61 cur_d=-0.06 vs=2.08 n=1 [id=20 static=0 gap=4.78m d=0.30 size=0.53]
1787358036.383 [STATE_CHANGE] GB_TRACK -> TRAILING src=GB_TRACK s=38.61 d=-0.06 vs=2.08
1787358036.425 [STATE_CHANGE] TRAILING -> GB_TRACK src=GB_TRACK s=38.57 d=-0.04 vs=2.16
1787358036.469 [STATIC_OT] state=GB_TRACK path_exists=1 path_locked=0 path_ttl_ok=0 path_safe=0 on_spline=1 speed=2.19 raw_wpnts=0 raw_age=-s decision=TRAILING reason=NO_STATIC_PATH
1787358036.469 [STATE_CHANGE] GB_TRACK -> TRAILING src=GB_TRACK s=38.57 d=-0.04 vs=2.19
1787358036.516 [DYNAMIC_OT] target=20 gap=4.90 ego_v=2.22 opp_v=0.81 rel_v=1.41 sector=1 force_trailing=0 pred_age=- pred_valid=0 path=0 path_age=- safe=0 left=- right=- state=TRAILING decision=TRAILING reason=PREDICTION_NEVER
1787358036.687 [STATIC_OT] state=TRAILING path_exists=1 path_locked=0 path_ttl_ok=0 path_safe=0 on_spline=1 speed=2.27 raw_wpnts=0 raw_age=-s decision=TRAILING reason=NO_STATIC_PATH
1787358036.732 [DYNAMIC_OT] target=20 gap=4.35 ego_v=2.26 opp_v=-0.32 rel_v=2.58 sector=1 force_trailing=0 pred_age=- pred_valid=0 path=0 path_age=- safe=0 left=- right=- state=TRAILING decision=TRAILING reason=PREDICTION_NEVER
1787358036.891 [OBSTACLES] cur_s=39.37 cur_d=-0.00 vs=2.08 n=1 [id=20 static=1 gap=4.13m d=0.28 size=0.50]
1787358036.894 [STATIC_OT] state=TRAILING path_exists=1 path_locked=0 path_ttl_ok=0 path_safe=0 on_spline=1 speed=2.08 raw_wpnts=0 raw_age=-s decision=TRAILING reason=NO_STATIC_PATH
1787358037.051 [STATE_CHANGE] TRAILING -> OVERTAKE src=OVERTAKE s=0.03 d=-0.01 vs=1.63
1787358037.053 [OPP_MEMORY] opponent id=20 lost 0.24s ago at gap=4.22m -- holding speed cap 6.13 m/s (raceline 8.85) state=OVERTAKE
1787358037.248 [OPP_MEM_DBG] state=OVERTAKE src=OVERTAKE n_obs=1 last_gap=4.22 age=0.44 window=3.00 ebh=8.00 track_len=39.52 active=1
1787358037.279 [DYNAMIC_OT] target=20 gap=3.59 ego_v=0.89 opp_v=-0.33 rel_v=1.22 sector=1 force_trailing=0 pred_age=- pred_valid=0 path=0 path_age=- safe=0 left=- right=- state=OVERTAKE decision=OVERTAKE
1787358037.407 [OBSTACLES] cur_s=0.08 cur_d=-0.01 vs=0.81 n=1 [id=20 static=1 gap=3.57m d=0.32 size=0.50]
1787358037.570 [OPP_MEMORY] opponent id=20 lost 0.27s ago at gap=3.59m -- holding speed cap 5.68 m/s (raceline 8.85) state=OVERTAKE
1787358037.892 [DYNAMIC_OT] target=20 gap=2.86 ego_v=1.63 opp_v=-0.47 rel_v=2.10 sector=1 force_trailing=0 pred_age=- pred_valid=0 path=0 path_age=- safe=0 left=- right=- state=OVERTAKE decision=OVERTAKE
1787358037.909 [OBSTACLES] cur_s=0.58 cur_d=0.06 vs=1.81 n=1 [id=20 static=0 gap=2.47m d=0.27 size=0.49]
1787358038.071 [STATIC_OT] state=OVERTAKE path_exists=1 path_locked=1 path_ttl_ok=0 path_safe=0 on_spline=1 speed=2.49 raw_wpnts=0 raw_age=-s decision=TRAILING reason=NO_STATIC_PATH
1787358038.072 [STATE_CHANGE] OVERTAKE -> TRAILING src=GB_TRACK s=1.36 d=0.07 vs=2.49
1787358038.093 [DYNAMIC_OT] target=20 gap=1.96 ego_v=2.49 opp_v=-0.24 rel_v=2.73 sector=1 force_trailing=0 pred_age=- pred_valid=0 path=0 path_age=- safe=0 left=- right=- state=TRAILING decision=TRAILING reason=PREDICTION_NEVER
1787358038.261 [OPP_MEM_DBG] state=TRAILING src=GB_TRACK n_obs=1 last_gap=1.82 age=0.13 window=3.00 ebh=8.00 track_len=39.52 active=1
1787358038.275 [STATIC_OT] state=TRAILING path_exists=0 path_locked=0 path_ttl_ok=0 path_safe=0 on_spline=0 speed=2.62 raw_wpnts=0 raw_age=-s decision=TRAILING reason=NO_STATIC_PATH
1787358038.335 [STATE_CHANGE] TRAILING -> OVERTAKE src=OVERTAKE s=2.00 d=0.04 vs=2.55
1787358038.337 [OPP_MEMORY] opponent id=20 lost 0.20s ago at gap=1.82m -- holding speed cap 3.63 m/s (raceline 7.29) state=OVERTAKE
1787358038.418 [OBSTACLES] cur_s=2.19 cur_d=-0.01 vs=2.34 n=1 [id=20 static=1 gap=0.93m d=0.30 size=0.51]
1787358038.851 [OPP_MEMORY] opponent id=20 lost 0.71s ago at gap=1.82m -- holding speed cap 3.12 m/s (raceline 6.26) state=OVERTAKE
1787358038.934 [OBSTACLES] cur_s=3.17 cur_d=-0.04 vs=2.43 n=1 [id=20 static=1 gap=0.11m d=0.30 size=0.22]
1787358039.269 [OPP_MEM_DBG] state=OVERTAKE src=OVERTAKE n_obs=0 last_gap=1.82 age=1.13 window=3.00 ebh=8.00 track_len=39.52 active=1
1787358039.357 [OPP_MEMORY] opponent id=20 lost 1.22s ago at gap=1.82m -- holding speed cap 2.27 m/s (raceline 4.55) state=OVERTAKE
1787358039.437 [OBSTACLES] cur_s=4.52 cur_d=-0.16 vs=2.51 n=0 [none]
1787358039.870 [OPP_MEMORY] opponent id=20 lost 1.73s ago at gap=1.82m -- holding speed cap 1.94 m/s (raceline 3.89) state=OVERTAKE
1787358039.949 [OBSTACLES] cur_s=5.60 cur_d=-0.02 vs=1.91 n=0 [none]
1787358040.090 [STATE_CHANGE] OVERTAKE -> GB_TRACK src=GB_TRACK s=5.84 d=0.00 vs=1.82
1787358040.291 [OPP_MEM_DBG] state=GB_TRACK src=GB_TRACK n_obs=0 last_gap=1.82 age=2.16 window=3.00 ebh=8.00 track_len=39.52 active=1
1787358040.371 [OPP_MEMORY] opponent id=20 lost 2.23s ago at gap=1.82m -- holding speed cap 1.79 m/s (raceline 3.59) state=GB_TRACK
1787358040.450 [OBSTACLES] cur_s=6.55 cur_d=0.00 vs=1.74 n=0 [none]
1787358040.892 [OPP_MEMORY] opponent id=20 lost 2.76s ago at gap=1.82m -- holding speed cap 1.76 m/s (raceline 3.53) state=GB_TRACK
1787358040.968 [OBSTACLES] cur_s=7.44 cur_d=0.18 vs=1.65 n=0 [none]
1787358041.309 [OPP_MEM_DBG] state=GB_TRACK src=GB_TRACK n_obs=0 last_gap=1.82 age=3.17 window=3.00 ebh=8.00 track_len=39.52 active=0
1787358041.496 [OBSTACLES] cur_s=8.41 cur_d=0.15 vs=1.92 n=0 [none]
1787358042.016 [OBSTACLES] cur_s=9.87 cur_d=0.05 vs=3.02 n=0 [none]
1787358042.310 [OPP_MEM_DBG] state=GB_TRACK src=GB_TRACK n_obs=0 last_gap=1.82 age=4.18 window=3.00 ebh=8.00 track_len=39.52 active=0
1787358042.529 [OBSTACLES] cur_s=11.68 cur_d=-0.04 vs=3.66 n=0 [none]
1787358043.030 [OBSTACLES] cur_s=13.32 cur_d=0.01 vs=3.58 n=0 [none]
1787358043.329 [OPP_MEM_DBG] state=GB_TRACK src=GB_TRACK n_obs=0 last_gap=1.82 age=5.19 window=3.00 ebh=8.00 track_len=39.52 active=0
1787358043.548 [OBSTACLES] cur_s=15.16 cur_d=-0.03 vs=3.23 n=0 [none]
1787358044.068 [OBSTACLES] cur_s=16.76 cur_d=0.13 vs=2.74 n=0 [none]
1787358044.349 [OPP_MEM_DBG] state=GB_TRACK src=GB_TRACK n_obs=0 last_gap=1.82 age=6.21 window=3.00 ebh=8.00 track_len=39.52 active=0
1787358044.588 [OBSTACLES] cur_s=17.71 cur_d=-0.08 vs=2.09 n=0 [none]
1787358045.097 [OBSTACLES] cur_s=19.12 cur_d=-0.14 vs=2.60 n=0 [none]
1787358045.116 [STATIC_OT] state=GB_TRACK path_exists=0 path_locked=0 path_ttl_ok=0 path_safe=0 on_spline=0 speed=2.64 raw_wpnts=0 raw_age=-s decision=TRAILING reason=NO_STATIC_PATH
1787358045.116 [STATE_CHANGE] GB_TRACK -> TRAILING src=GB_TRACK s=19.15 d=-0.14 vs=2.64
1787358045.330 [STATIC_OT] state=TRAILING path_exists=0 path_locked=0 path_ttl_ok=0 path_safe=0 on_spline=0 speed=2.89 raw_wpnts=0 raw_age=-s decision=TRAILING reason=NO_STATIC_PATH
1787358045.369 [OPP_MEM_DBG] state=TRAILING src=GB_TRACK n_obs=1 last_gap=1.82 age=7.23 window=3.00 ebh=8.00 track_len=39.52 active=0
1787358045.539 [STATIC_OT] state=TRAILING path_exists=0 path_locked=0 path_ttl_ok=0 path_safe=0 on_spline=0 speed=2.36 raw_wpnts=0 raw_age=-s decision=TRAILING reason=NO_STATIC_PATH
1787358045.609 [OBSTACLES] cur_s=19.83 cur_d=-0.03 vs=2.13 n=1 [id=24 static=1 gap=0.84m d=-0.26 size=0.59]
1787358045.763 [STATIC_OT] state=TRAILING path_exists=0 path_locked=0 path_ttl_ok=0 path_safe=0 on_spline=0 speed=1.27 raw_wpnts=0 raw_age=-s decision=TRAILING reason=NO_STATIC_PATH
1787358045.969 [STATIC_OT] state=TRAILING path_exists=0 path_locked=0 path_ttl_ok=0 path_safe=0 on_spline=0 speed=0.52 raw_wpnts=0 raw_age=-s decision=TRAILING reason=NO_STATIC_PATH
1787358046.110 [OBSTACLES] cur_s=19.99 cur_d=-0.15 vs=0.10 n=1 [id=24 static=1 gap=0.68m d=-0.26 size=0.59]
1787358046.180 [STATIC_OT] state=TRAILING path_exists=0 path_locked=0 path_ttl_ok=0 path_safe=0 on_spline=0 speed=0.00 raw_wpnts=0 raw_age=-s decision=TRAILING reason=NO_STATIC_PATH
1787358046.372 [OPP_MEM_DBG] state=TRAILING src=GB_TRACK n_obs=1 last_gap=1.82 age=8.24 window=3.00 ebh=8.00 track_len=39.52 active=0
1787358046.390 [STATIC_OT] state=TRAILING path_exists=0 path_locked=0 path_ttl_ok=0 path_safe=0 on_spline=0 speed=-0.09 raw_wpnts=0 raw_age=-s decision=TRAILING reason=NO_STATIC_PATH
1787358046.592 [STATIC_OT] state=TRAILING path_exists=0 path_locked=0 path_ttl_ok=0 path_safe=0 on_spline=0 speed=-0.07 raw_wpnts=0 raw_age=-s decision=TRAILING reason=NO_STATIC_PATH
1787358046.637 [OBSTACLES] cur_s=19.95 cur_d=-0.12 vs=-0.05 n=1 [id=24 static=1 gap=0.71m d=-0.26 size=0.59]
1787358046.796 [STATIC_OT] state=TRAILING path_exists=0 path_locked=0 path_ttl_ok=0 path_safe=0 on_spline=0 speed=-0.05 raw_wpnts=0 raw_age=-s decision=TRAILING reason=NO_STATIC_PATH
1787358047.029 [STATIC_OT] state=TRAILING path_exists=0 path_locked=0 path_ttl_ok=0 path_safe=0 on_spline=0 speed=-0.07 raw_wpnts=0 raw_age=-s decision=TRAILING reason=NO_STATIC_PATH
1787358047.149 [OBSTACLES] cur_s=19.94 cur_d=-0.14 vs=-0.05 n=1 [id=24 static=1 gap=0.73m d=-0.26 size=0.59]
1787358047.252 [STATIC_OT] state=TRAILING path_exists=0 path_locked=0 path_ttl_ok=0 path_safe=0 on_spline=0 speed=-0.04 raw_wpnts=0 raw_age=-s decision=TRAILING reason=NO_STATIC_PATH
1787358047.398 [OPP_MEM_DBG] state=TRAILING src=GB_TRACK n_obs=1 last_gap=1.82 age=9.26 window=3.00 ebh=8.00 track_len=39.52 active=0
1787358047.471 [STATIC_OT] state=TRAILING path_exists=0 path_locked=0 path_ttl_ok=0 path_safe=0 on_spline=0 speed=-0.04 raw_wpnts=0 raw_age=-s decision=TRAILING reason=NO_STATIC_PATH
1787358047.592 [STATE_CHANGE] TRAILING -> LOSTLINE src=GB_TRACK s=19.97 d=-0.12 vs=-0.02
1787358047.610 [STATE_CHANGE] LOSTLINE -> GB_TRACK src=GB_TRACK s=19.97 d=-0.12 vs=-0.02
1787358047.655 [OBSTACLES] cur_s=19.97 cur_d=-0.12 vs=-0.01 n=0 [none]
1787358048.169 [OBSTACLES] cur_s=20.45 cur_d=-0.11 vs=0.71 n=0 [none]
1787358048.408 [OPP_MEM_DBG] state=GB_TRACK src=GB_TRACK n_obs=0 last_gap=1.82 age=10.27 window=3.00 ebh=8.00 track_len=39.52 active=0
1787358048.681 [OBSTACLES] cur_s=21.43 cur_d=-0.02 vs=1.85 n=0 [none]
1787358049.193 [OBSTACLES] cur_s=22.54 cur_d=-0.00 vs=3.07 n=0 [none]
1787358049.428 [OPP_MEM_DBG] state=GB_TRACK src=GB_TRACK n_obs=0 last_gap=1.82 age=11.29 window=3.00 ebh=8.00 track_len=39.52 active=0
1787358049.709 [OBSTACLES] cur_s=24.52 cur_d=0.02 vs=3.96 n=0 [none]
1787358050.228 [OBSTACLES] cur_s=26.19 cur_d=0.04 vs=3.05 n=0 [none]
1787358050.428 [OPP_MEM_DBG] state=GB_TRACK src=GB_TRACK n_obs=0 last_gap=1.82 age=12.29 window=3.00 ebh=8.00 track_len=39.52 active=0
1787358050.730 [OBSTACLES] cur_s=27.60 cur_d=0.11 vs=2.75 n=0 [none]
1787358051.231 [OBSTACLES] cur_s=29.26 cur_d=0.09 vs=3.51 n=0 [none]
1787358051.429 [OPP_MEM_DBG] state=GB_TRACK src=GB_TRACK n_obs=0 last_gap=1.82 age=13.29 window=3.00 ebh=8.00 track_len=39.52 active=0
1787358051.748 [OBSTACLES] cur_s=31.02 cur_d=0.08 vs=2.92 n=0 [none]
1787358052.250 [OBSTACLES] cur_s=32.12 cur_d=0.04 vs=2.34 n=0 [none]
1787358052.430 [OPP_MEM_DBG] state=GB_TRACK src=GB_TRACK n_obs=0 last_gap=1.82 age=14.30 window=3.00 ebh=8.00 track_len=39.52 active=0
1787358052.716 [STATIC_OT] state=GB_TRACK path_exists=0 path_locked=0 path_ttl_ok=0 path_safe=0 on_spline=0 speed=2.82 raw_wpnts=0 raw_age=-s decision=TRAILING reason=NO_STATIC_PATH
1787358052.716 [STATE_CHANGE] GB_TRACK -> TRAILING src=GB_TRACK s=33.27 d=0.10 vs=2.82
1787358052.756 [OBSTACLES] cur_s=33.35 cur_d=0.08 vs=2.90 n=1 [id=30 static=1 gap=9.59m d=0.03 size=0.58]
1787358052.932 [STATIC_OT] state=TRAILING path_exists=0 path_locked=0 path_ttl_ok=0 path_safe=0 on_spline=0 speed=3.10 raw_wpnts=0 raw_age=-s decision=TRAILING reason=NO_STATIC_PATH
1787358053.153 [STATIC_OT] state=TRAILING path_exists=0 path_locked=0 path_ttl_ok=0 path_safe=0 on_spline=0 speed=3.03 raw_wpnts=0 raw_age=-s decision=TRAILING reason=NO_STATIC_PATH
1787358053.273 [OBSTACLES] cur_s=34.70 cur_d=0.09 vs=2.85 n=1 [id=30 static=1 gap=8.17m d=0.01 size=0.59]
1787358053.372 [STATIC_OT] state=TRAILING path_exists=0 path_locked=0 path_ttl_ok=0 path_safe=0 on_spline=0 speed=2.71 raw_wpnts=0 raw_age=-s decision=TRAILING reason=NO_STATIC_PATH
1787358053.439 [OPP_MEM_DBG] state=TRAILING src=GB_TRACK n_obs=1 last_gap=1.82 age=15.30 window=3.00 ebh=8.00 track_len=39.52 active=0
1787358053.537 [STATE_CHANGE] TRAILING -> OVERTAKE src=OVERTAKE s=35.31 d=0.09 vs=2.56
1787358053.789 [OBSTACLES] cur_s=36.20 cur_d=0.05 vs=2.44 n=1 [id=30 static=1 gap=6.59m d=0.00 size=0.55]
1787358053.958 [STATIC_OT] state=OVERTAKE path_exists=1 path_locked=1 path_ttl_ok=1 path_safe=0 on_spline=1 speed=2.59 raw_wpnts=127 raw_age=0.08s decision=TRAILING reason=PATH_BLOCKED blocked_obs_id=30 gap=6.35m free_dist=0.143m branch=static/geom
1787358053.959 [STATE_CHANGE] OVERTAKE -> TRAILING src=GB_TRACK s=36.65 d=0.02 vs=2.59
1787358054.091 [STATE_CHANGE] TRAILING -> OVERTAKE src=OVERTAKE s=36.86 d=0.03 vs=2.73
1787358054.137 [STATE_CHANGE] OVERTAKE -> TRAILING src=GB_TRACK s=37.00 d=0.05 vs=2.79
1787358054.160 [STATIC_OT] state=TRAILING path_exists=1 path_locked=0 path_ttl_ok=1 path_safe=0 on_spline=1 speed=2.78 raw_wpnts=125 raw_age=0.08s decision=TRAILING reason=PATH_BLOCKED blocked_obs_id=30 gap=5.96m free_dist=0.15m branch=static/geom
1787358054.233 [STATE_CHANGE] TRAILING -> OVERTAKE src=OVERTAKE s=37.15 d=0.05 vs=2.77
1787358054.278 [STATE_CHANGE] OVERTAKE -> TRAILING src=GB_TRACK s=37.37 d=0.03 vs=2.73
1787358054.297 [OBSTACLES] cur_s=37.39 cur_d=0.03 vs=2.73 n=1 [id=30 static=1 gap=5.47m d=0.04 size=0.53]
1787358054.346 [STATE_CHANGE] TRAILING -> OVERTAKE src=OVERTAKE s=37.48 d=0.01 vs=2.74
1787358054.364 [STATIC_OT] state=OVERTAKE path_exists=1 path_locked=1 path_ttl_ok=1 path_safe=0 on_spline=1 speed=2.74 raw_wpnts=116 raw_age=0.09s decision=TRAILING reason=PATH_BLOCKED blocked_obs_id=30 gap=5.54m free_dist=0.099m branch=static/geom
1787358054.364 [STATE_CHANGE] OVERTAKE -> TRAILING src=GB_TRACK s=37.54 d=0.01 vs=2.74
1787358054.455 [OPP_MEM_DBG] state=TRAILING src=GB_TRACK n_obs=1 last_gap=1.82 age=16.32 window=3.00 ebh=8.00 track_len=39.52 active=0
1787358054.538 [STATE_CHANGE] TRAILING -> OVERTAKE src=OVERTAKE s=37.91 d=-0.01 vs=2.51
1787358054.574 [STATIC_OT] state=OVERTAKE path_exists=1 path_locked=1 path_ttl_ok=1 path_safe=0 on_spline=1 speed=2.36 raw_wpnts=110 raw_age=0.10s decision=TRAILING reason=PATH_BLOCKED blocked_obs_id=30 gap=5.07m free_dist=0.152m branch=static/geom
1787358054.574 [STATE_CHANGE] OVERTAKE -> TRAILING src=GB_TRACK s=38.03 d=-0.01 vs=2.36
1787358054.794 [STATIC_OT] state=TRAILING path_exists=1 path_locked=0 path_ttl_ok=1 path_safe=0 on_spline=1 speed=1.91 raw_wpnts=104 raw_age=0.12s decision=TRAILING reason=PATH_BLOCKED blocked_obs_id=30 gap=4.83m free_dist=0.147m branch=static/geom
1787358054.825 [OBSTACLES] cur_s=38.33 cur_d=-0.03 vs=1.83 n=1 [id=30 static=1 gap=4.62m d=0.13 size=0.53]
1787358054.831 [STATE_CHANGE] TRAILING -> OVERTAKE src=OVERTAKE s=38.33 d=-0.03 vs=1.83
1787358054.874 [STATE_CHANGE] OVERTAKE -> TRAILING src=GB_TRACK s=38.37 d=-0.06 vs=1.61
1787358054.948 [STATE_CHANGE] TRAILING -> OVERTAKE src=OVERTAKE s=38.41 d=-0.06 vs=1.48
1787358054.979 [STATE_CHANGE] OVERTAKE -> TRAILING src=GB_TRACK s=38.41 d=-0.07 vs=1.38
1787358055.010 [STATIC_OT] state=TRAILING path_exists=1 path_locked=0 path_ttl_ok=1 path_safe=0 on_spline=1 speed=1.30 raw_wpnts=104 raw_age=0.13s decision=TRAILING reason=PATH_BLOCKED blocked_obs_id=30 gap=4.71m free_dist=0.146m branch=static/geom
1787358055.039 [STATE_CHANGE] TRAILING -> OVERTAKE src=OVERTAKE s=38.42 d=-0.07 vs=1.28
1787358055.077 [STATE_CHANGE] OVERTAKE -> TRAILING src=GB_TRACK s=38.46 d=-0.07 vs=1.21
1787358055.134 [STATE_CHANGE] TRAILING -> OVERTAKE src=OVERTAKE s=38.51 d=-0.07 vs=1.18
1787358055.328 [OBSTACLES] cur_s=39.32 cur_d=-0.05 vs=1.26 n=1 [id=30 static=1 gap=3.64m d=0.22 size=0.50]
1787358055.414 [STATIC_OT] state=OVERTAKE path_exists=1 path_locked=1 path_ttl_ok=1 path_safe=0 on_spline=1 speed=1.32 raw_wpnts=101 raw_age=0.04s decision=TRAILING reason=PATH_BLOCKED blocked_obs_id=30 gap=3.69m free_dist=0.111m branch=static/geom
1787358055.414 [STATE_CHANGE] OVERTAKE -> TRAILING src=GB_TRACK s=39.39 d=-0.03 vs=1.32
1787358055.488 [OPP_MEM_DBG] state=TRAILING src=GB_TRACK n_obs=1 last_gap=1.82 age=17.35 window=3.00 ebh=8.00 track_len=39.52 active=0
1787358055.592 [STATE_CHANGE] TRAILING -> OVERTAKE src=OVERTAKE s=0.02 d=-0.01 vs=1.46
1787358055.636 [STATIC_OT] state=OVERTAKE path_exists=1 path_locked=1 path_ttl_ok=1 path_safe=0 on_spline=1 speed=1.45 raw_wpnts=101 raw_age=0.06s decision=TRAILING reason=PATH_BLOCKED blocked_obs_id=30 gap=3.58m free_dist=0.147m branch=static/geom
1787358055.636 [STATE_CHANGE] OVERTAKE -> TRAILING src=GB_TRACK s=0.11 d=0.01 vs=1.45
1787358055.773 [STATE_CHANGE] TRAILING -> OVERTAKE src=OVERTAKE s=0.24 d=0.05 vs=1.39
1787358055.829 [OBSTACLES] cur_s=0.50 cur_d=0.15 vs=1.06 n=1 [id=30 static=1 gap=2.96m d=0.27 size=0.50]
1787358056.348 [OBSTACLES] cur_s=1.29 cur_d=0.21 vs=1.55 n=1 [id=30 static=1 gap=2.28m d=0.31 size=0.48]
1787358056.507 [OPP_MEM_DBG] state=OVERTAKE src=OVERTAKE n_obs=1 last_gap=1.82 age=18.37 window=3.00 ebh=8.00 track_len=39.52 active=0
1787358056.869 [OBSTACLES] cur_s=2.41 cur_d=-0.07 vs=2.60 n=1 [id=30 static=1 gap=1.29m d=0.34 size=0.52]
1787358057.391 [OBSTACLES] cur_s=3.34 cur_d=-0.29 vs=2.94 n=1 [id=30 static=1 gap=0.36m d=0.35 size=0.34]
1787358057.514 [OPP_MEM_DBG] state=OVERTAKE src=OVERTAKE n_obs=1 last_gap=1.82 age=19.38 window=3.00 ebh=8.00 track_len=39.52 active=0
1787358057.908 [OBSTACLES] cur_s=5.07 cur_d=0.03 vs=3.75 n=0 [none]
1787358058.410 [OBSTACLES] cur_s=7.06 cur_d=-0.08 vs=4.01 n=0 [none]
1787358058.528 [OPP_MEM_DBG] state=LOSTLINE src=GB_TRACK n_obs=0 last_gap=1.82 age=20.39 window=3.00 ebh=8.00 track_len=39.52 active=0
1787358058.529 [STATE_CHANGE] OVERTAKE -> LOSTLINE src=GB_TRACK s=7.41 d=-0.10 vs=4.03
1787358058.548 [STATE_CHANGE] LOSTLINE -> GB_TRACK src=GB_TRACK s=7.54 d=-0.09 vs=4.03
1787358058.908 [STATE_CHANGE] GB_TRACK -> LOSTLINE src=GB_TRACK s=8.87 d=-0.30 vs=3.80
1787358058.929 [OBSTACLES] cur_s=8.93 cur_d=-0.31 vs=3.80 n=0 [none]
1787358059.449 [OBSTACLES] cur_s=10.69 cur_d=-0.40 vs=3.67 n=0 [none]
1787358059.532 [OPP_MEM_DBG] state=LOSTLINE src=GB_TRACK n_obs=0 last_gap=1.82 age=21.40 window=3.00 ebh=8.00 track_len=39.52 active=0
1787358059.668 [STATE_CHANGE] LOSTLINE -> GB_TRACK src=GB_TRACK s=11.30 d=-0.27 vs=3.40
1787358059.952 [OBSTACLES] cur_s=12.13 cur_d=-0.01 vs=3.27 n=0 [none]
1787358060.468 [OBSTACLES] cur_s=14.06 cur_d=0.07 vs=3.34 n=0 [none]
1787358060.548 [OPP_MEM_DBG] state=GB_TRACK src=GB_TRACK n_obs=0 last_gap=1.82 age=22.41 window=3.00 ebh=8.00 track_len=39.52 active=0
1787358060.968 [OBSTACLES] cur_s=15.48 cur_d=-0.15 vs=3.07 n=0 [none]
1787358061.470 [OBSTACLES] cur_s=16.97 cur_d=0.07 vs=2.56 n=0 [none]
1787358061.556 [OPP_MEM_DBG] state=GB_TRACK src=GB_TRACK n_obs=0 last_gap=1.82 age=23.42 window=3.00 ebh=8.00 track_len=39.52 active=0
1787358061.974 [OBSTACLES] cur_s=17.85 cur_d=-0.10 vs=2.14 n=0 [none]
1787358062.414 [STATIC_OT] state=GB_TRACK path_exists=0 path_locked=0 path_ttl_ok=0 path_safe=0 on_spline=0 speed=2.68 raw_wpnts=0 raw_age=-s decision=TRAILING reason=NO_STATIC_PATH
1787358062.414 [STATE_CHANGE] GB_TRACK -> TRAILING src=GB_TRACK s=19.21 d=-0.16 vs=2.68
1787358062.490 [OBSTACLES] cur_s=19.35 cur_d=-0.15 vs=2.80 n=1 [id=32 static=1 gap=1.45m d=-0.21 size=0.35]
1787358062.573 [OPP_MEM_DBG] state=TRAILING src=GB_TRACK n_obs=1 last_gap=1.82 age=24.44 window=3.00 ebh=8.00 track_len=39.52 active=0
1787358062.650 [STATIC_OT] state=TRAILING path_exists=0 path_locked=0 path_ttl_ok=0 path_safe=0 on_spline=0 speed=2.73 raw_wpnts=0 raw_age=-s decision=TRAILING reason=NO_STATIC_PATH
1787358062.870 [STATIC_OT] state=TRAILING path_exists=0 path_locked=0 path_ttl_ok=0 path_safe=0 on_spline=0 speed=2.44 raw_wpnts=0 raw_age=-s decision=TRAILING reason=NO_STATIC_PATH
1787358063.000 [OBSTACLES] cur_s=19.87 cur_d=-0.04 vs=2.07 n=1 [id=32 static=1 gap=0.82m d=-0.29 size=0.56]
1787358063.080 [STATIC_OT] state=TRAILING path_exists=0 path_locked=0 path_ttl_ok=0 path_safe=0 on_spline=0 speed=1.73 raw_wpnts=0 raw_age=-s decision=TRAILING reason=NO_STATIC_PATH
1787358063.292 [STATIC_OT] state=TRAILING path_exists=0 path_locked=0 path_ttl_ok=0 path_safe=0 on_spline=0 speed=0.90 raw_wpnts=0 raw_age=-s decision=TRAILING reason=NO_STATIC_PATH
1787358063.510 [OBSTACLES] cur_s=19.79 cur_d=-0.10 vs=-0.04 n=1 [id=32 static=1 gap=0.90m d=-0.29 size=0.56]
1787358063.512 [STATIC_OT] state=TRAILING path_exists=0 path_locked=0 path_ttl_ok=0 path_safe=0 on_spline=0 speed=-0.04 raw_wpnts=0 raw_age=-s decision=TRAILING reason=NO_STATIC_PATH
1787358063.573 [OPP_MEM_DBG] state=TRAILING src=GB_TRACK n_obs=1 last_gap=1.82 age=25.44 window=3.00 ebh=8.00 track_len=39.52 active=0
1787358063.722 [STATIC_OT] state=TRAILING path_exists=0 path_locked=0 path_ttl_ok=0 path_safe=0 on_spline=0 speed=-0.06 raw_wpnts=0 raw_age=-s decision=TRAILING reason=NO_STATIC_PATH
1787358063.931 [STATIC_OT] state=TRAILING path_exists=0 path_locked=0 path_ttl_ok=0 path_safe=0 on_spline=0 speed=-0.02 raw_wpnts=0 raw_age=-s decision=TRAILING reason=NO_STATIC_PATH
1787358064.012 [OBSTACLES] cur_s=19.82 cur_d=-0.09 vs=-0.06 n=1 [id=32 static=1 gap=0.88m d=-0.29 size=0.56]
1787358064.142 [STATIC_OT] state=TRAILING path_exists=0 path_locked=0 path_ttl_ok=0 path_safe=0 on_spline=0 speed=-0.07 raw_wpnts=0 raw_age=-s decision=TRAILING reason=NO_STATIC_PATH
1787358064.350 [STATIC_OT] state=TRAILING path_exists=0 path_locked=0 path_ttl_ok=0 path_safe=0 on_spline=0 speed=-0.03 raw_wpnts=0 raw_age=-s decision=TRAILING reason=NO_STATIC_PATH
1787358064.533 [OBSTACLES] cur_s=19.81 cur_d=-0.11 vs=-0.04 n=1 [id=32 static=1 gap=0.89m d=-0.29 size=0.56]
1787358064.554 [STATIC_OT] state=TRAILING path_exists=0 path_locked=0 path_ttl_ok=0 path_safe=0 on_spline=0 speed=-0.03 raw_wpnts=0 raw_age=-s decision=TRAILING reason=NO_STATIC_PATH
1787358064.578 [OPP_MEM_DBG] state=TRAILING src=GB_TRACK n_obs=1 last_gap=1.82 age=26.44 window=3.00 ebh=8.00 track_len=39.52 active=0
1787358064.793 [STATIC_OT] state=TRAILING path_exists=0 path_locked=0 path_ttl_ok=0 path_safe=0 on_spline=0 speed=-0.03 raw_wpnts=0 raw_age=-s decision=TRAILING reason=NO_STATIC_PATH
1787358064.932 [STATE_CHANGE] TRAILING -> LOSTLINE src=GB_TRACK s=19.81 d=-0.12 vs=-0.05
1787358064.951 [STATE_CHANGE] LOSTLINE -> GB_TRACK src=GB_TRACK s=19.81 d=-0.11 vs=-0.04
1787358065.035 [OBSTACLES] cur_s=19.81 cur_d=-0.13 vs=-0.05 n=0 [none]
1787358065.548 [OBSTACLES] cur_s=20.16 cur_d=-0.19 vs=0.51 n=0 [none]
1787358065.588 [OPP_MEM_DBG] state=GB_TRACK src=GB_TRACK n_obs=0 last_gap=1.82 age=27.45 window=3.00 ebh=8.00 track_len=39.52 active=0
1787358066.048 [OBSTACLES] cur_s=21.37 cur_d=0.01 vs=1.96 n=0 [none]
1787358066.549 [OBSTACLES] cur_s=22.40 cur_d=-0.02 vs=3.12 n=0 [none]
1787358066.613 [OPP_MEM_DBG] state=GB_TRACK src=GB_TRACK n_obs=0 last_gap=1.82 age=28.48 window=3.00 ebh=8.00 track_len=39.52 active=0
1787358067.070 [OBSTACLES] cur_s=24.30 cur_d=0.02 vs=4.02 n=0 [none]
1787358067.590 [OBSTACLES] cur_s=26.01 cur_d=0.07 vs=3.14 n=0 [none]
1787358067.629 [OPP_MEM_DBG] state=GB_TRACK src=GB_TRACK n_obs=0 last_gap=1.82 age=29.49 window=3.00 ebh=8.00 track_len=39.52 active=0
1787358068.109 [OBSTACLES] cur_s=27.52 cur_d=0.12 vs=2.76 n=0 [none]
1787358068.632 [OBSTACLES] cur_s=29.25 cur_d=0.09 vs=3.56 n=0 [none]
1787358068.632 [OPP_MEM_DBG] state=GB_TRACK src=GB_TRACK n_obs=0 last_gap=1.82 age=30.50 window=3.00 ebh=8.00 track_len=39.52 active=0
1787358069.148 [OBSTACLES] cur_s=30.92 cur_d=0.11 vs=3.04 n=0 [none]
1787358069.650 [OBSTACLES] cur_s=32.09 cur_d=0.02 vs=2.37 n=0 [none]
1787358069.651 [OPP_MEM_DBG] state=GB_TRACK src=GB_TRACK n_obs=0 last_gap=1.82 age=31.52 window=3.00 ebh=8.00 track_len=39.52 active=0
1787358070.169 [OBSTACLES] cur_s=33.46 cur_d=0.07 vs=2.99 n=0 [none]
1787358070.275 [STATIC_OT] state=GB_TRACK path_exists=0 path_locked=0 path_ttl_ok=0 path_safe=0 on_spline=0 speed=3.20 raw_wpnts=0 raw_age=-s decision=TRAILING reason=NO_STATIC_PATH
1787358070.276 [STATE_CHANGE] GB_TRACK -> TRAILING src=GB_TRACK s=33.76 d=0.06 vs=3.20
1787358070.496 [STATIC_OT] state=TRAILING path_exists=0 path_locked=0 path_ttl_ok=0 path_safe=0 on_spline=0 speed=3.31 raw_wpnts=0 raw_age=-s decision=TRAILING reason=NO_STATIC_PATH
1787358070.660 [OPP_MEM_DBG] state=TRAILING src=GB_TRACK n_obs=1 last_gap=1.82 age=32.53 window=3.00 ebh=8.00 track_len=39.52 active=0
1787358070.673 [OBSTACLES] cur_s=34.84 cur_d=0.05 vs=2.96 n=1 [id=37 static=1 gap=8.10m d=0.05 size=0.55]
1787358070.703 [STATIC_OT] state=TRAILING path_exists=0 path_locked=0 path_ttl_ok=0 path_safe=0 on_spline=0 speed=2.91 raw_wpnts=0 raw_age=-s decision=TRAILING reason=NO_STATIC_PATH
1787358070.911 [STATIC_OT] state=TRAILING path_exists=0 path_locked=0 path_ttl_ok=0 path_safe=0 on_spline=0 speed=2.55 raw_wpnts=0 raw_age=-s decision=TRAILING reason=NO_STATIC_PATH
1787358071.126 [STATIC_OT] state=TRAILING path_exists=0 path_locked=0 path_ttl_ok=0 path_safe=0 on_spline=0 speed=2.39 raw_wpnts=0 raw_age=-s decision=TRAILING reason=NO_STATIC_PATH
1787358071.186 [OBSTACLES] cur_s=36.50 cur_d=0.02 vs=2.34 n=1 [id=37 static=1 gap=6.33m d=0.01 size=0.52]
1787358071.335 [STATIC_OT] state=TRAILING path_exists=1 path_locked=0 path_ttl_ok=1 path_safe=1 on_spline=1 speed=2.18 raw_wpnts=127 raw_age=0.06s decision=OVERTAKE
1787358071.335 [STATE_CHANGE] TRAILING -> OVERTAKE src=OVERTAKE s=36.89 d=-0.01 vs=2.18
1787358071.372 [DYNAMIC_OT] target=37 gap=6.57 ego_v=2.05 opp_v=0.00 rel_v=2.05 sector=1 force_trailing=0 pred_age=- pred_valid=0 path=0 path_age=- safe=0 left=- right=- state=TRAILING decision=TRAILING reason=NO_DYNAMIC_OBSTACLE
1787358071.372 [STATE_CHANGE] OVERTAKE -> TRAILING src=GB_TRACK s=37.09 d=-0.03 vs=2.05
1787358071.558 [STATIC_OT] state=TRAILING path_exists=1 path_locked=0 path_ttl_ok=0 path_safe=0 on_spline=1 speed=1.87 raw_wpnts=0 raw_age=-s decision=TRAILING reason=NO_STATIC_PATH
1787358071.588 [DYNAMIC_OT] target=37 gap=6.34 ego_v=1.84 opp_v=0.33 rel_v=1.51 sector=1 force_trailing=0 pred_age=- pred_valid=0 path=0 path_age=- safe=0 left=- right=- state=TRAILING decision=TRAILING reason=PREDICTION_NEVER
1787358071.689 [OBSTACLES] cur_s=37.58 cur_d=-0.04 vs=1.79 n=1 [id=37 static=0 gap=5.96m d=0.12 size=0.51]
1787358071.767 [STATIC_OT] state=TRAILING path_exists=1 path_locked=0 path_ttl_ok=0 path_safe=0 on_spline=1 speed=1.80 raw_wpnts=0 raw_age=-s decision=TRAILING reason=NO_STATIC_PATH
1787358071.802 [DYNAMIC_OT] target=37 gap=6.12 ego_v=1.79 opp_v=0.46 rel_v=1.33 sector=1 force_trailing=0 pred_age=- pred_valid=0 path=0 path_age=- safe=0 left=- right=- state=TRAILING decision=TRAILING reason=PREDICTION_NEVER
1787358071.992 [STATIC_OT] state=TRAILING path_exists=1 path_locked=0 path_ttl_ok=0 path_safe=0 on_spline=1 speed=1.89 raw_wpnts=0 raw_age=-s decision=TRAILING reason=NO_STATIC_PATH
1787358072.024 [DYNAMIC_OT] target=37 gap=5.79 ego_v=1.92 opp_v=0.36 rel_v=1.56 sector=1 force_trailing=0 pred_age=- pred_valid=0 path=0 path_age=- safe=0 left=- right=- state=TRAILING decision=TRAILING reason=PREDICTION_NEVER
1787358072.115 [OPP_MEM_DBG] state=LOSTLINE src=GB_TRACK n_obs=0 last_gap=5.55 age=0.01 window=3.00 ebh=8.00 track_len=39.52 active=1
1787358072.115 [STATE_CHANGE] TRAILING -> LOSTLINE src=GB_TRACK s=38.32 d=-0.08 vs=1.94
1787358072.117 [OPP_MEMORY] opponent id=37 lost 0.01s ago at gap=5.55m -- holding speed cap 6.37 m/s (raceline 7.95) state=LOSTLINE
1787358072.131 [STATE_CHANGE] LOSTLINE -> GB_TRACK src=GB_TRACK s=38.36 d=-0.08 vs=1.94
1787358072.149 [STATE_CHANGE] GB_TRACK -> TRAILING src=GB_TRACK s=38.33 d=-0.07 vs=1.92
1787358072.189 [OBSTACLES] cur_s=38.44 cur_d=-0.06 vs=1.88 n=1 [id=37 static=0 gap=4.93m d=0.30 size=0.51]
1787358072.208 [STATE_CHANGE] TRAILING -> LOSTLINE src=GB_TRACK s=38.48 d=-0.06 vs=1.86
1787358072.231 [STATE_CHANGE] LOSTLINE -> GB_TRACK src=GB_TRACK s=38.52 d=-0.05 vs=1.85
1787358072.250 [STATIC_OT] state=GB_TRACK path_exists=1 path_locked=0 path_ttl_ok=0 path_safe=0 on_spline=1 speed=1.82 raw_wpnts=0 raw_age=-s decision=TRAILING reason=NO_STATIC_PATH
1787358072.251 [DYNAMIC_OT] target=37 gap=4.97 ego_v=1.82 opp_v=0.17 rel_v=1.65 sector=1 force_trailing=0 pred_age=- pred_valid=0 path=0 path_age=- safe=0 left=- right=- state=TRAILING decision=TRAILING reason=NO_DYNAMIC_OBSTACLE
1787358072.252 [STATE_CHANGE] GB_TRACK -> TRAILING src=GB_TRACK s=38.55 d=-0.05 vs=1.82
1787358072.452 [STATIC_OT] state=TRAILING path_exists=1 path_locked=0 path_ttl_ok=0 path_safe=0 on_spline=1 speed=1.56 raw_wpnts=0 raw_age=-s decision=TRAILING reason=NO_STATIC_PATH
1787358072.453 [DYNAMIC_OT] target=37 gap=4.58 ego_v=1.56 opp_v=-0.75 rel_v=2.31 sector=1 force_trailing=0 pred_age=- pred_valid=0 path=0 path_age=- safe=0 left=- right=- state=TRAILING decision=TRAILING reason=PREDICTION_NEVER
1787358072.665 [STATIC_OT] state=TRAILING path_exists=1 path_locked=0 path_ttl_ok=0 path_safe=0 on_spline=1 speed=1.23 raw_wpnts=0 raw_age=-s decision=TRAILING reason=NO_STATIC_PATH
1787358072.692 [OBSTACLES] cur_s=39.09 cur_d=-0.10 vs=1.17 n=1 [id=37 static=1 gap=4.33m d=0.24 size=0.52]
1787358072.737 [STATE_CHANGE] TRAILING -> OVERTAKE src=OVERTAKE s=39.12 d=-0.10 vs=1.11
1787358072.745 [OPP_MEMORY] opponent id=37 lost 0.11s ago at gap=4.41m -- holding speed cap 6.07 m/s (raceline 8.57) state=OVERTAKE
1787358072.844 [STATE_CHANGE] OVERTAKE -> TRAILING src=GB_TRACK s=39.17 d=-0.11 vs=0.92
1787358072.868 [STATIC_OT] state=TRAILING path_exists=1 path_locked=0 path_ttl_ok=1 path_safe=0 on_spline=1 speed=0.86 raw_wpnts=101 raw_age=0.19s decision=TRAILING reason=PATH_BLOCKED blocked_obs_id=37 gap=4.4m free_dist=0.145m branch=static/geom
1787358073.078 [STATIC_OT] state=TRAILING path_exists=1 path_locked=0 path_ttl_ok=0 path_safe=0 on_spline=1 speed=0.55 raw_wpnts=0 raw_age=-s decision=TRAILING reason=NO_STATIC_PATH
1787358073.152 [OPP_MEM_DBG] state=OVERTAKE src=OVERTAKE n_obs=1 last_gap=4.41 age=0.52 window=3.00 ebh=8.00 track_len=39.52 active=1
1787358073.152 [STATE_CHANGE] TRAILING -> OVERTAKE src=OVERTAKE s=39.23 d=-0.08 vs=0.61
1787358073.198 [OBSTACLES] cur_s=39.25 cur_d=-0.07 vs=0.68 n=1 [id=37 static=1 gap=4.07m d=0.33 size=0.49]
1787358073.277 [OPP_MEMORY] opponent id=37 lost 0.64s ago at gap=4.41m -- holding speed cap 6.17 m/s (raceline 8.71) state=OVERTAKE
1787358073.316 [STATIC_OT] state=OVERTAKE path_exists=1 path_locked=1 path_ttl_ok=1 path_safe=0 on_spline=1 speed=0.79 raw_wpnts=101 raw_age=0.14s decision=TRAILING reason=PATH_BLOCKED blocked_obs_id=37 gap=4.15m free_dist=0.142m branch=static/geom
1787358073.316 [STATE_CHANGE] OVERTAKE -> TRAILING src=GB_TRACK s=39.31 d=-0.02 vs=0.79
1787358073.357 [STATE_CHANGE] TRAILING -> OVERTAKE src=OVERTAKE s=39.34 d=-0.02 vs=0.83
1787358073.714 [OBSTACLES] cur_s=0.17 cur_d=0.01 vs=1.29 n=1 [id=37 static=1 gap=3.51m d=0.33 size=0.50]
1787358073.786 [OPP_MEMORY] opponent id=37 lost 1.15s ago at gap=4.41m -- holding speed cap 6.17 m/s (raceline 8.71) state=OVERTAKE
1787358074.169 [OPP_MEM_DBG] state=OVERTAKE src=OVERTAKE n_obs=1 last_gap=4.41 age=1.54 window=3.00 ebh=8.00 track_len=39.52 active=1
1787358074.252 [OBSTACLES] cur_s=0.96 cur_d=0.08 vs=2.14 n=1 [id=37 static=1 gap=2.49m d=0.31 size=0.48]
1787358074.293 [OPP_MEMORY] opponent id=37 lost 1.66s ago at gap=4.41m -- holding speed cap 5.74 m/s (raceline 8.11) state=OVERTAKE
1787358074.659 [STATIC_OT] state=OVERTAKE path_exists=1 path_locked=1 path_ttl_ok=1 path_safe=0 on_spline=1 speed=2.58 raw_wpnts=101 raw_age=0.08s decision=TRAILING reason=PATH_BLOCKED blocked_obs_id=37 gap=1.64m free_dist=0.112m branch=static/geom
1787358074.669 [STATE_CHANGE] OVERTAKE -> TRAILING src=GB_TRACK s=1.94 d=0.09 vs=2.58
1787358074.753 [OBSTACLES] cur_s=2.37 cur_d=0.06 vs=2.74 n=1 [id=37 static=1 gap=0.92m d=0.31 size=0.60]
1787358074.853 [STATE_CHANGE] TRAILING -> OVERTAKE src=OVERTAKE s=2.52 d=0.04 vs=2.81
1787358074.854 [OPP_MEMORY] opponent id=37 lost 2.22s ago at gap=4.41m -- holding speed cap 4.81 m/s (raceline 6.80) state=OVERTAKE
1787358075.170 [OPP_MEM_DBG] state=OVERTAKE src=OVERTAKE n_obs=1 last_gap=4.41 age=2.54 window=3.00 ebh=8.00 track_len=39.52 active=1
1787358075.304 [OBSTACLES] cur_s=3.35 cur_d=-0.18 vs=2.27 n=1 [id=37 static=1 gap=0.12m d=0.34 size=0.29]
1787358075.368 [OPP_MEMORY] opponent id=37 lost 2.73s ago at gap=4.41m -- holding speed cap 3.84 m/s (raceline 5.43) state=OVERTAKE
1787358075.811 [OBSTACLES] cur_s=5.10 cur_d=-0.06 vs=2.94 n=0 [none]
1787358076.191 [OPP_MEM_DBG] state=OVERTAKE src=OVERTAKE n_obs=0 last_gap=4.41 age=3.56 window=3.00 ebh=8.00 track_len=39.52 active=0
1787358076.312 [OBSTACLES] cur_s=6.97 cur_d=-0.01 vs=3.89 n=0 [none]
1787358076.450 [STATE_CHANGE] OVERTAKE -> GB_TRACK src=GB_TRACK s=7.46 d=-0.01 vs=3.97
1787358076.814 [OBSTACLES] cur_s=8.77 cur_d=-0.21 vs=3.85 n=0 [none]
1787358076.928 [STATE_CHANGE] GB_TRACK -> LOSTLINE src=GB_TRACK s=9.31 d=-0.31 vs=3.84
1787358077.210 [OPP_MEM_DBG] state=LOSTLINE src=GB_TRACK n_obs=0 last_gap=4.41 age=4.58 window=3.00 ebh=8.00 track_len=39.52 active=0
1787358077.318 [OBSTACLES] cur_s=10.43 cur_d=-0.42 vs=3.73 n=0 [none]
1787358077.612 [STATE_CHANGE] LOSTLINE -> GB_TRACK src=GB_TRACK s=11.43 d=-0.28 vs=3.54
1787358077.836 [OBSTACLES] cur_s=12.01 cur_d=-0.14 vs=3.34 n=0 [none]
1787358078.232 [OPP_MEM_DBG] state=GB_TRACK src=GB_TRACK n_obs=0 last_gap=4.41 age=5.60 window=3.00 ebh=8.00 track_len=39.52 active=0
1787358078.348 [OBSTACLES] cur_s=13.90 cur_d=0.10 vs=3.37 n=0 [none]
1787358078.868 [OBSTACLES] cur_s=15.60 cur_d=-0.13 vs=3.08 n=0 [none]
1787358079.250 [OPP_MEM_DBG] state=GB_TRACK src=GB_TRACK n_obs=0 last_gap=4.41 age=6.62 window=3.00 ebh=8.00 track_len=39.52 active=0
1787358079.372 [OBSTACLES] cur_s=16.89 cur_d=0.06 vs=2.57 n=0 [none]
1787358079.888 [OBSTACLES] cur_s=17.97 cur_d=-0.10 vs=2.21 n=0 [none]
1787358080.252 [STATIC_OT] state=GB_TRACK path_exists=0 path_locked=0 path_ttl_ok=0 path_safe=0 on_spline=0 speed=2.59 raw_wpnts=0 raw_age=-s decision=TRAILING reason=NO_STATIC_PATH
1787358080.252 [OPP_MEM_DBG] state=TRAILING src=GB_TRACK n_obs=1 last_gap=4.41 age=7.62 window=3.00 ebh=8.00 track_len=39.52 active=0
1787358080.253 [STATE_CHANGE] GB_TRACK -> TRAILING src=GB_TRACK s=18.98 d=-0.15 vs=2.59
1787358080.389 [OBSTACLES] cur_s=19.39 cur_d=-0.15 vs=2.76 n=1 [id=41 static=1 gap=1.43m d=-0.17 size=0.32]
1787358080.470 [STATIC_OT] state=TRAILING path_exists=0 path_locked=0 path_ttl_ok=0 path_safe=0 on_spline=0 speed=2.65 raw_wpnts=0 raw_age=-s decision=TRAILING reason=NO_STATIC_PATH
1787358080.675 [STATIC_OT] state=TRAILING path_exists=0 path_locked=0 path_ttl_ok=0 path_safe=0 on_spline=0 speed=2.22 raw_wpnts=0 raw_age=-s decision=TRAILING reason=NO_STATIC_PATH
1787358080.884 [STATIC_OT] state=TRAILING path_exists=0 path_locked=0 path_ttl_ok=0 path_safe=0 on_spline=0 speed=1.55 raw_wpnts=0 raw_age=-s decision=TRAILING reason=NO_STATIC_PATH
1787358080.904 [OBSTACLES] cur_s=19.61 cur_d=-0.05 vs=1.46 n=1 [id=41 static=1 gap=1.03m d=-0.28 size=0.53]
1787358081.087 [STATIC_OT] state=TRAILING path_exists=0 path_locked=0 path_ttl_ok=0 path_safe=0 on_spline=0 speed=0.96 raw_wpnts=0 raw_age=-s decision=TRAILING reason=NO_STATIC_PATH
1787358081.263 [OPP_MEM_DBG] state=TRAILING src=GB_TRACK n_obs=1 last_gap=4.41 age=8.63 window=3.00 ebh=8.00 track_len=39.52 active=0
1787358081.295 [STATIC_OT] state=TRAILING path_exists=0 path_locked=0 path_ttl_ok=0 path_safe=0 on_spline=0 speed=0.41 raw_wpnts=0 raw_age=-s decision=TRAILING reason=NO_STATIC_PATH
1787358081.409 [OBSTACLES] cur_s=19.53 cur_d=-0.08 vs=-0.01 n=1 [id=41 static=1 gap=1.12m d=-0.28 size=0.53]
1787358081.516 [STATIC_OT] state=TRAILING path_exists=0 path_locked=0 path_ttl_ok=0 path_safe=0 on_spline=0 speed=-0.07 raw_wpnts=0 raw_age=-s decision=TRAILING reason=NO_STATIC_PATH
1787358081.731 [STATIC_OT] state=TRAILING path_exists=0 path_locked=0 path_ttl_ok=0 path_safe=0 on_spline=0 speed=-0.09 raw_wpnts=0 raw_age=-s decision=TRAILING reason=NO_STATIC_PATH
1787358081.913 [OBSTACLES] cur_s=19.65 cur_d=-0.16 vs=-0.07 n=1 [id=41 static=1 gap=1.00m d=-0.28 size=0.53]
1787358081.934 [STATIC_OT] state=TRAILING path_exists=0 path_locked=0 path_ttl_ok=0 path_safe=0 on_spline=0 speed=-0.05 raw_wpnts=0 raw_age=-s decision=TRAILING reason=NO_STATIC_PATH
1787358082.152 [STATIC_OT] state=TRAILING path_exists=0 path_locked=0 path_ttl_ok=0 path_safe=0 on_spline=0 speed=-0.02 raw_wpnts=0 raw_age=-s decision=TRAILING reason=NO_STATIC_PATH
1787358082.273 [OPP_MEM_DBG] state=TRAILING src=GB_TRACK n_obs=1 last_gap=4.41 age=9.64 window=3.00 ebh=8.00 track_len=39.52 active=0
1787358082.371 [STATIC_OT] state=TRAILING path_exists=0 path_locked=0 path_ttl_ok=0 path_safe=0 on_spline=0 speed=-0.03 raw_wpnts=0 raw_age=-s decision=TRAILING reason=NO_STATIC_PATH
1787358082.430 [OBSTACLES] cur_s=19.89 cur_d=-0.29 vs=-0.03 n=1 [id=41 static=1 gap=0.88m d=-0.30 size=0.25]
1787358082.574 [STATIC_OT] state=TRAILING path_exists=0 path_locked=0 path_ttl_ok=0 path_safe=0 on_spline=0 speed=-0.03 raw_wpnts=0 raw_age=-s decision=TRAILING reason=NO_STATIC_PATH
1787358082.775 [STATIC_OT] state=TRAILING path_exists=0 path_locked=0 path_ttl_ok=0 path_safe=0 on_spline=0 speed=-0.04 raw_wpnts=0 raw_age=-s decision=TRAILING reason=NO_STATIC_PATH
1787358082.932 [OBSTACLES] cur_s=19.86 cur_d=-0.26 vs=-0.03 n=2 [id=41 static=1 gap=0.92m d=-0.30 size=0.25; id=43 static=1 gap=0.74m d=0.40 size=0.32]
1787358082.975 [STATIC_OT] state=TRAILING path_exists=0 path_locked=0 path_ttl_ok=0 path_safe=0 on_spline=0 speed=-0.04 raw_wpnts=0 raw_age=-s decision=TRAILING reason=NO_STATIC_PATH
1787358083.193 [STATIC_OT] state=TRAILING path_exists=0 path_locked=0 path_ttl_ok=0 path_safe=0 on_spline=0 speed=-0.02 raw_wpnts=0 raw_age=-s decision=TRAILING reason=NO_STATIC_PATH
1787358083.295 [OPP_MEM_DBG] state=TRAILING src=GB_TRACK n_obs=2 last_gap=4.41 age=10.66 window=3.00 ebh=8.00 track_len=39.52 active=0
1787358083.410 [STATIC_OT] state=TRAILING path_exists=0 path_locked=0 path_ttl_ok=0 path_safe=0 on_spline=0 speed=-0.02 raw_wpnts=0 raw_age=-s decision=TRAILING reason=NO_STATIC_PATH
1787358083.448 [OBSTACLES] cur_s=19.62 cur_d=-0.13 vs=-0.01 n=2 [id=41 static=1 gap=1.15m d=-0.30 size=0.25; id=43 static=1 gap=1.01m d=0.39 size=0.22]
1787358083.611 [STATIC_OT] state=TRAILING path_exists=0 path_locked=0 path_ttl_ok=0 path_safe=0 on_spline=0 speed=-0.01 raw_wpnts=0 raw_age=-s decision=TRAILING reason=NO_STATIC_PATH
1787358083.830 [STATIC_OT] state=TRAILING path_exists=0 path_locked=0 path_ttl_ok=0 path_safe=0 on_spline=0 speed=0.03 raw_wpnts=0 raw_age=-s decision=TRAILING reason=NO_STATIC_PATH
1787358083.949 [OBSTACLES] cur_s=19.75 cur_d=-0.17 vs=0.00 n=2 [id=41 static=1 gap=1.02m d=-0.30 size=0.25; id=43 static=1 gap=0.84m d=0.39 size=0.26]
1787358084.031 [STATIC_OT] state=TRAILING path_exists=0 path_locked=0 path_ttl_ok=0 path_safe=0 on_spline=0 speed=0.02 raw_wpnts=0 raw_age=-s decision=TRAILING reason=NO_STATIC_PATH
1787358084.236 [STATIC_OT] state=TRAILING path_exists=0 path_locked=0 path_ttl_ok=0 path_safe=0 on_spline=0 speed=-0.00 raw_wpnts=0 raw_age=-s decision=TRAILING reason=NO_STATIC_PATH
1787358084.311 [OPP_MEM_DBG] state=TRAILING src=GB_TRACK n_obs=2 last_gap=4.41 age=11.68 window=3.00 ebh=8.00 track_len=39.52 active=0
1787358084.396 [STATE_CHANGE] TRAILING -> OVERTAKE src=OVERTAKE s=19.81 d=-0.20 vs=0.02
1787358084.449 [OBSTACLES] cur_s=19.81 cur_d=-0.20 vs=0.00 n=1 [id=43 static=1 gap=0.81m d=0.38 size=0.18]
1787358084.951 [OBSTACLES] cur_s=20.22 cur_d=-0.26 vs=0.68 n=1 [id=43 static=1 gap=0.39m d=0.38 size=0.18]
1787358085.328 [OPP_MEM_DBG] state=OVERTAKE src=OVERTAKE n_obs=0 last_gap=4.41 age=12.70 window=3.00 ebh=8.00 track_len=39.52 active=0
1787358085.451 [OBSTACLES] cur_s=21.37 cur_d=-0.00 vs=1.89 n=0 [none]
1787358085.970 [OBSTACLES] cur_s=22.53 cur_d=0.01 vs=3.12 n=0 [none]
1787358086.190 [STATE_CHANGE] OVERTAKE -> GB_TRACK src=GB_TRACK s=23.19 d=-0.03 vs=3.61
1787358086.329 [OPP_MEM_DBG] state=GB_TRACK src=GB_TRACK n_obs=0 last_gap=4.41 age=13.70 window=3.00 ebh=8.00 track_len=39.52 active=0
1787358086.489 [OBSTACLES] cur_s=24.43 cur_d=-0.01 vs=4.02 n=0 [none]
1787358087.011 [OBSTACLES] cur_s=26.02 cur_d=0.06 vs=3.10 n=0 [none]
1787358087.354 [OPP_MEM_DBG] state=GB_TRACK src=GB_TRACK n_obs=0 last_gap=4.41 age=14.72 window=3.00 ebh=8.00 track_len=39.52 active=0
1787358087.535 [OBSTACLES] cur_s=27.41 cur_d=0.11 vs=2.76 n=0 [none]
1787358088.049 [OBSTACLES] cur_s=29.26 cur_d=0.07 vs=3.51 n=0 [none]
1787358088.369 [OPP_MEM_DBG] state=GB_TRACK src=GB_TRACK n_obs=0 last_gap=4.41 age=15.74 window=3.00 ebh=8.00 track_len=39.52 active=0
1787358088.568 [OBSTACLES] cur_s=30.97 cur_d=0.04 vs=2.93 n=0 [none]
1787358089.075 [OBSTACLES] cur_s=32.00 cur_d=-0.01 vs=2.39 n=0 [none]
1787358089.370 [OPP_MEM_DBG] state=GB_TRACK src=GB_TRACK n_obs=0 last_gap=4.41 age=16.74 window=3.00 ebh=8.00 track_len=39.52 active=0
1787358089.553 [STATIC_OT] state=GB_TRACK path_exists=0 path_locked=0 path_ttl_ok=0 path_safe=0 on_spline=0 speed=2.75 raw_wpnts=0 raw_age=-s decision=TRAILING reason=NO_STATIC_PATH
1787358089.554 [STATE_CHANGE] GB_TRACK -> TRAILING src=GB_TRACK s=33.32 d=0.14 vs=2.75
1787358089.591 [OBSTACLES] cur_s=33.45 cur_d=0.15 vs=2.86 n=1 [id=46 static=1 gap=9.57m d=0.13 size=0.58]
1787358089.769 [STATIC_OT] state=TRAILING path_exists=0 path_locked=0 path_ttl_ok=0 path_safe=0 on_spline=0 speed=3.04 raw_wpnts=0 raw_age=-s decision=TRAILING reason=NO_STATIC_PATH
1787358089.970 [STATIC_OT] state=TRAILING path_exists=0 path_locked=0 path_ttl_ok=0 path_safe=0 on_spline=0 speed=3.02 raw_wpnts=0 raw_age=-s decision=TRAILING reason=NO_STATIC_PATH
1787358090.091 [OBSTACLES] cur_s=34.98 cur_d=0.09 vs=2.81 n=1 [id=46 static=1 gap=8.07m d=0.07 size=0.46]
1787358090.171 [STATIC_OT] state=TRAILING path_exists=0 path_locked=0 path_ttl_ok=0 path_safe=0 on_spline=0 speed=2.67 raw_wpnts=0 raw_age=-s decision=TRAILING reason=NO_STATIC_PATH
1787358090.378 [STATIC_OT] state=TRAILING path_exists=0 path_locked=0 path_ttl_ok=0 path_safe=0 on_spline=0 speed=2.44 raw_wpnts=0 raw_age=-s decision=TRAILING reason=NO_STATIC_PATH
1787358090.379 [OPP_MEM_DBG] state=TRAILING src=GB_TRACK n_obs=1 last_gap=4.41 age=17.75 window=3.00 ebh=8.00 track_len=39.52 active=0
1787358090.584 [STATIC_OT] state=TRAILING path_exists=1 path_locked=0 path_ttl_ok=1 path_safe=0 on_spline=1 speed=2.28 raw_wpnts=133 raw_age=0.11s decision=TRAILING reason=PATH_BLOCKED blocked_obs_id=46 gap=6.99m free_dist=0.14m branch=static/geom
1787358090.597 [OBSTACLES] cur_s=36.25 cur_d=0.06 vs=2.26 n=1 [id=46 static=1 gap=6.79m d=0.05 size=0.51]
1787358090.633 [STATE_CHANGE] TRAILING -> OVERTAKE src=OVERTAKE s=36.29 d=0.06 vs=2.25
1787358090.780 [STATE_CHANGE] OVERTAKE -> TRAILING src=GB_TRACK s=36.63 d=0.03 vs=2.16
1787358090.820 [STATIC_OT] state=TRAILING path_exists=1 path_locked=0 path_ttl_ok=1 path_safe=0 on_spline=1 speed=2.15 raw_wpnts=127 raw_age=0.15s decision=TRAILING reason=PATH_BLOCKED blocked_obs_id=46 gap=6.55m free_dist=0.148m branch=static/geom
1787358091.026 [STATIC_OT] state=TRAILING path_exists=1 path_locked=0 path_ttl_ok=1 path_safe=0 on_spline=1 speed=2.16 raw_wpnts=125 raw_age=0.14s decision=TRAILING reason=PATH_BLOCKED blocked_obs_id=46 gap=6.35m free_dist=0.113m branch=static/geom
1787358091.150 [OBSTACLES] cur_s=37.20 cur_d=0.01 vs=2.04 n=1 [id=46 static=1 gap=5.91m d=0.04 size=0.53]
1787358091.153 [STATE_CHANGE] TRAILING -> OVERTAKE src=OVERTAKE s=37.20 d=0.01 vs=2.04
1787358091.187 [STATE_CHANGE] OVERTAKE -> TRAILING src=GB_TRACK s=37.33 d=0.01 vs=1.98
1787358091.259 [STATIC_OT] state=TRAILING path_exists=1 path_locked=0 path_ttl_ok=0 path_safe=0 on_spline=1 speed=1.90 raw_wpnts=0 raw_age=-s decision=TRAILING reason=NO_STATIC_PATH
1787358091.356 [STATE_CHANGE] TRAILING -> OVERTAKE src=OVERTAKE s=37.78 d=-0.03 vs=1.76
1787358091.414 [OPP_MEM_DBG] state=TRAILING src=GB_TRACK n_obs=1 last_gap=4.41 age=18.78 window=3.00 ebh=8.00 track_len=39.52 active=0
1787358091.414 [STATE_CHANGE] OVERTAKE -> TRAILING src=GB_TRACK s=37.89 d=-0.06 vs=1.65
1787358091.453 [STATE_CHANGE] TRAILING -> OVERTAKE src=OVERTAKE s=37.96 d=-0.07 vs=1.61
1787358091.474 [STATIC_OT] state=OVERTAKE path_exists=1 path_locked=1 path_ttl_ok=1 path_safe=0 on_spline=1 speed=1.57 raw_wpnts=110 raw_age=0.10s decision=TRAILING reason=PATH_BLOCKED blocked_obs_id=46 gap=5.46m free_dist=0.122m branch=static/geom
1787358091.476 [STATE_CHANGE] OVERTAKE -> TRAILING src=GB_TRACK s=38.02 d=-0.08 vs=1.57
1787358091.624 [STATE_CHANGE] TRAILING -> OVERTAKE src=OVERTAKE s=38.19 d=-0.09 vs=1.43
1787358091.650 [OBSTACLES] cur_s=38.25 cur_d=-0.09 vs=1.42 n=1 [id=46 static=1 gap=5.12m d=0.12 size=0.52]
1787358091.735 [STATIC_OT] state=OVERTAKE path_exists=1 path_locked=1 path_ttl_ok=1 path_safe=0 on_spline=1 speed=1.47 raw_wpnts=105 raw_age=0.06s decision=TRAILING reason=PATH_BLOCKED blocked_obs_id=46 gap=5.09m free_dist=-0.001m branch=static/geom
1787358091.736 [STATE_CHANGE] OVERTAKE -> TRAILING src=GB_TRACK s=38.59 d=-0.13 vs=1.47
1787358091.959 [STATIC_OT] state=TRAILING path_exists=1 path_locked=0 path_ttl_ok=1 path_safe=1 on_spline=1 speed=1.51 raw_wpnts=103 raw_age=0.08s decision=OVERTAKE
1787358091.961 [STATE_CHANGE] TRAILING -> OVERTAKE src=OVERTAKE s=38.99 d=-0.09 vs=1.51
1787358092.018 [STATE_CHANGE] OVERTAKE -> TRAILING src=GB_TRACK s=39.09 d=-0.08 vs=1.56
1787358092.156 [OBSTACLES] cur_s=39.08 cur_d=-0.04 vs=1.44 n=1 [id=46 static=1 gap=4.53m d=0.22 size=0.52]
1787358092.159 [STATIC_OT] state=TRAILING path_exists=1 path_locked=0 path_ttl_ok=0 path_safe=0 on_spline=1 speed=1.44 raw_wpnts=0 raw_age=-s decision=TRAILING reason=NO_STATIC_PATH
1787358092.325 [STATE_CHANGE] TRAILING -> OVERTAKE src=OVERTAKE s=39.12 d=-0.04 vs=1.35
1787358092.416 [OPP_MEM_DBG] state=OVERTAKE src=OVERTAKE n_obs=1 last_gap=4.41 age=19.79 window=3.00 ebh=8.00 track_len=39.52 active=0
1787358092.671 [OBSTACLES] cur_s=39.32 cur_d=-0.00 vs=1.28 n=1 [id=46 static=1 gap=4.32m d=0.30 size=0.49]
1787358092.912 [DYNAMIC_OT] target=46 gap=3.59 ego_v=1.79 opp_v=0.00 rel_v=1.79 sector=1 force_trailing=0 pred_age=- pred_valid=0 path=0 path_age=- safe=0 left=- right=- state=OVERTAKE decision=OVERTAKE
1787358093.131 [DYNAMIC_OT] target=46 gap=3.00 ego_v=2.32 opp_v=-0.28 rel_v=2.60 sector=1 force_trailing=0 pred_age=- pred_valid=0 path=0 path_age=- safe=0 left=- right=- state=OVERTAKE decision=OVERTAKE
1787358093.190 [OBSTACLES] cur_s=0.74 cur_d=0.05 vs=2.41 n=1 [id=46 static=0 gap=2.61m d=0.33 size=0.50]
1787358093.278 [OPP_MEMORY] opponent id=46 lost 0.02s ago at gap=2.69m -- holding speed cap 4.66 m/s (raceline 8.18) state=OVERTAKE
1787358093.377 [DYNAMIC_OT] target=46 gap=2.52 ego_v=2.68 opp_v=-0.12 rel_v=2.79 sector=1 force_trailing=0 pred_age=- pred_valid=0 path=0 path_age=- safe=0 left=- right=- state=OVERTAKE decision=OVERTAKE
1787358093.591 [DYNAMIC_OT] target=46 gap=1.62 ego_v=3.29 opp_v=-0.32 rel_v=3.61 sector=1 force_trailing=0 pred_age=- pred_valid=0 path=0 path_age=- safe=0 left=- right=- state=OVERTAKE decision=OVERTAKE
1787358093.669 [OPP_MEM_DBG] state=OVERTAKE src=OVERTAKE n_obs=1 last_gap=1.50 age=0.02 window=3.00 ebh=8.00 track_len=39.52 active=1
1787358093.691 [OBSTACLES] cur_s=2.26 cur_d=-0.05 vs=3.43 n=1 [id=46 static=1 gap=1.22m d=0.32 size=0.56]
1787358093.782 [OPP_MEMORY] opponent id=46 lost 0.13s ago at gap=1.50m -- holding speed cap 3.27 m/s (raceline 6.93) state=OVERTAKE
1787358094.205 [OBSTACLES] cur_s=3.44 cur_d=-0.21 vs=2.89 n=0 [none]
1787358094.303 [OPP_MEMORY] opponent id=46 lost 0.65s ago at gap=1.50m -- holding speed cap 2.45 m/s (raceline 5.19) state=OVERTAKE
1787358094.673 [OPP_MEM_DBG] state=OVERTAKE src=OVERTAKE n_obs=0 last_gap=1.50 age=1.02 window=3.00 ebh=8.00 track_len=39.52 active=1
1787358094.710 [OBSTACLES] cur_s=4.69 cur_d=-0.22 vs=2.03 n=0 [none]
1787358094.810 [OPP_MEMORY] opponent id=46 lost 1.16s ago at gap=1.50m -- holding speed cap 1.97 m/s (raceline 4.17) state=OVERTAKE
1787358095.208 [STATE_CHANGE] OVERTAKE -> GB_TRACK src=GB_TRACK s=5.52 d=-0.03 vs=1.84
1787358095.233 [OBSTACLES] cur_s=5.57 cur_d=-0.02 vs=1.83 n=0 [none]
1787358095.311 [OPP_MEMORY] opponent id=46 lost 1.66s ago at gap=1.50m -- holding speed cap 1.80 m/s (raceline 3.81) state=GB_TRACK
1787358095.697 [OPP_MEM_DBG] state=GB_TRACK src=GB_TRACK n_obs=0 last_gap=1.50 age=2.05 window=3.00 ebh=8.00 track_len=39.52 active=1
1787358095.754 [OBSTACLES] cur_s=6.49 cur_d=-0.05 vs=1.66 n=0 [none]
1787358095.830 [OPP_MEMORY] opponent id=46 lost 2.18s ago at gap=1.50m -- holding speed cap 1.68 m/s (raceline 3.55) state=GB_TRACK
1787358096.258 [OBSTACLES] cur_s=7.34 cur_d=0.17 vs=1.56 n=0 [none]
1787358096.335 [OPP_MEMORY] opponent id=46 lost 2.69s ago at gap=1.50m -- holding speed cap 1.67 m/s (raceline 3.54) state=GB_TRACK
1787358096.710 [OPP_MEM_DBG] state=GB_TRACK src=GB_TRACK n_obs=0 last_gap=1.50 age=3.06 window=3.00 ebh=8.00 track_len=39.52 active=0
1787358096.770 [OBSTACLES] cur_s=8.16 cur_d=0.16 vs=1.57 n=0 [none]
1787358097.289 [OBSTACLES] cur_s=9.29 cur_d=0.08 vs=2.37 n=0 [none]
1787358097.732 [OPP_MEM_DBG] state=GB_TRACK src=GB_TRACK n_obs=0 last_gap=1.50 age=4.08 window=3.00 ebh=8.00 track_len=39.52 active=0
1787358097.808 [OBSTACLES] cur_s=10.98 cur_d=-0.03 vs=3.49 n=0 [none]
1787358098.310 [OBSTACLES] cur_s=12.81 cur_d=-0.01 vs=3.65 n=0 [none]
1787358098.742 [OPP_MEM_DBG] state=GB_TRACK src=GB_TRACK n_obs=0 last_gap=1.50 age=5.09 window=3.00 ebh=8.00 track_len=39.52 active=0
1787358098.837 [OBSTACLES] cur_s=14.39 cur_d=-0.06 vs=3.35 n=0 [none]
1787358099.351 [OBSTACLES] cur_s=16.19 cur_d=0.10 vs=3.04 n=0 [none]
1787358099.749 [OPP_MEM_DBG] state=GB_TRACK src=GB_TRACK n_obs=0 last_gap=1.50 age=6.10 window=3.00 ebh=8.00 track_len=39.52 active=0
1787358099.869 [OBSTACLES] cur_s=17.38 cur_d=0.02 vs=2.19 n=0 [none]
1787358100.388 [OBSTACLES] cur_s=18.72 cur_d=-0.19 vs=2.35 n=0 [none]
1787358100.775 [OPP_MEM_DBG] state=GB_TRACK src=GB_TRACK n_obs=0 last_gap=1.50 age=7.13 window=3.00 ebh=8.00 track_len=39.52 active=0
1787358100.898 [OBSTACLES] cur_s=19.92 cur_d=-0.09 vs=3.26 n=0 [none]
1787358101.409 [OBSTACLES] cur_s=22.11 cur_d=-0.31 vs=4.56 n=0 [none]
1787358101.409 [STATE_CHANGE] GB_TRACK -> LOSTLINE src=GB_TRACK s=22.11 d=-0.31 vs=4.56
1787358101.708 [STATE_CHANGE] LOSTLINE -> GB_TRACK src=GB_TRACK s=23.07 d=-0.29 vs=4.60
1787358101.789 [OPP_MEM_DBG] state=GB_TRACK src=GB_TRACK n_obs=0 last_gap=1.50 age=8.14 window=3.00 ebh=8.00 track_len=39.52 active=0
1787358101.929 [OBSTACLES] cur_s=23.91 cur_d=-0.18 vs=4.12 n=0 [none]
1787358102.448 [OBSTACLES] cur_s=25.55 cur_d=0.10 vs=3.13 n=0 [none]
1787358102.790 [OPP_MEM_DBG] state=GB_TRACK src=GB_TRACK n_obs=0 last_gap=1.50 age=9.14 window=3.00 ebh=8.00 track_len=39.52 active=0
1787358102.969 [OBSTACLES] cur_s=26.88 cur_d=0.01 vs=2.80 n=0 [none]
1787358103.470 [OBSTACLES] cur_s=28.59 cur_d=0.13 vs=3.07 n=0 [none]
1787358103.810 [OPP_MEM_DBG] state=GB_TRACK src=GB_TRACK n_obs=0 last_gap=1.50 age=10.16 window=3.00 ebh=8.00 track_len=39.52 active=0
1787358103.989 [OBSTACLES] cur_s=30.37 cur_d=0.13 vs=3.47 n=0 [none]
1787358104.490 [OBSTACLES] cur_s=31.61 cur_d=-0.07 vs=2.43 n=0 [none]
1787358104.811 [OPP_MEM_DBG] state=GB_TRACK src=GB_TRACK n_obs=0 last_gap=1.50 age=11.16 window=3.00 ebh=8.00 track_len=39.52 active=0
1787358105.010 [OBSTACLES] cur_s=32.68 cur_d=0.03 vs=2.46 n=0 [none]
1787358105.216 [STATIC_OT] state=GB_TRACK path_exists=0 path_locked=0 path_ttl_ok=0 path_safe=0 on_spline=0 speed=2.80 raw_wpnts=0 raw_age=-s decision=TRAILING reason=NO_STATIC_PATH
1787358105.216 [STATE_CHANGE] GB_TRACK -> TRAILING src=GB_TRACK s=33.23 d=0.07 vs=2.80
1787358105.426 [STATIC_OT] state=TRAILING path_exists=0 path_locked=0 path_ttl_ok=0 path_safe=0 on_spline=0 speed=3.01 raw_wpnts=0 raw_age=-s decision=TRAILING reason=NO_STATIC_PATH
1787358105.515 [OBSTACLES] cur_s=34.07 cur_d=0.05 vs=3.02 n=1 [id=51 static=1 gap=8.80m d=-0.01 size=0.56]
1787358105.630 [STATIC_OT] state=TRAILING path_exists=0 path_locked=0 path_ttl_ok=0 path_safe=0 on_spline=0 speed=2.99 raw_wpnts=0 raw_age=-s decision=TRAILING reason=NO_STATIC_PATH
1787358105.814 [OPP_MEM_DBG] state=TRAILING src=GB_TRACK n_obs=1 last_gap=1.50 age=12.16 window=3.00 ebh=8.00 track_len=39.52 active=0
1787358105.850 [STATIC_OT] state=TRAILING path_exists=0 path_locked=0 path_ttl_ok=0 path_safe=0 on_spline=0 speed=2.67 raw_wpnts=0 raw_age=-s decision=TRAILING reason=NO_STATIC_PATH
1787358106.026 [OBSTACLES] cur_s=35.01 cur_d=0.17 vs=2.52 n=1 [id=51 static=1 gap=7.82m d=-0.02 size=0.48]
1787358106.051 [STATIC_OT] state=TRAILING path_exists=0 path_locked=0 path_ttl_ok=0 path_safe=0 on_spline=0 speed=2.50 raw_wpnts=0 raw_age=-s decision=TRAILING reason=NO_STATIC_PATH
1787358106.269 [STATIC_OT] state=TRAILING path_exists=0 path_locked=0 path_ttl_ok=0 path_safe=0 on_spline=0 speed=2.35 raw_wpnts=0 raw_age=-s decision=TRAILING reason=NO_STATIC_PATH
1787358106.305 [STATE_CHANGE] TRAILING -> OVERTAKE src=OVERTAKE s=35.48 d=0.16 vs=2.35
1787358106.320 [STATE_CHANGE] OVERTAKE -> TRAILING src=GB_TRACK s=35.51 d=0.15 vs=2.34
1787358106.458 [STATE_CHANGE] TRAILING -> OVERTAKE src=OVERTAKE s=35.68 d=0.12 vs=2.29
1787358106.538 [OBSTACLES] cur_s=35.79 cur_d=0.09 vs=2.24 n=1 [id=51 static=1 gap=6.72m d=-0.03 size=0.56]
1787358106.552 [STATIC_OT] state=OVERTAKE path_exists=1 path_locked=1 path_ttl_ok=1 path_safe=0 on_spline=1 speed=2.24 raw_wpnts=138 raw_age=0.17s decision=TRAILING reason=PATH_BLOCKED blocked_obs_id=51 gap=6.9m free_dist=0.149m branch=static/geom
1787358106.554 [STATE_CHANGE] OVERTAKE -> TRAILING src=GB_TRACK s=35.79 d=0.09 vs=2.24
1787358106.650 [STATE_CHANGE] TRAILING -> OVERTAKE src=OVERTAKE s=35.90 d=0.07 vs=2.21
1787358106.698 [STATE_CHANGE] OVERTAKE -> TRAILING src=GB_TRACK s=35.98 d=0.06 vs=2.18
1787358106.769 [STATIC_OT] state=TRAILING path_exists=0 path_locked=0 path_ttl_ok=0 path_safe=0 on_spline=0 speed=2.17 raw_wpnts=0 raw_age=-s decision=TRAILING reason=NO_STATIC_PATH
1787358106.830 [OPP_MEM_DBG] state=TRAILING src=GB_TRACK n_obs=1 last_gap=1.50 age=13.18 window=3.00 ebh=8.00 track_len=39.52 active=0
1787358106.951 [STATE_CHANGE] TRAILING -> OVERTAKE src=OVERTAKE s=36.32 d=0.06 vs=2.01
1787358107.020 [STATIC_OT] state=OVERTAKE path_exists=1 path_locked=1 path_ttl_ok=0 path_safe=0 on_spline=1 speed=1.80 raw_wpnts=0 raw_age=-s decision=TRAILING reason=NO_STATIC_PATH
1787358107.021 [STATE_CHANGE] OVERTAKE -> TRAILING src=GB_TRACK s=36.66 d=0.01 vs=1.80
1787358107.049 [OBSTACLES] cur_s=36.68 cur_d=0.01 vs=1.79 n=1 [id=51 static=1 gap=5.53m d=0.00 size=0.54]
1787358107.167 [STATE_CHANGE] TRAILING -> OVERTAKE src=OVERTAKE s=36.76 d=0.02 vs=1.73
1787358107.195 [STATE_CHANGE] OVERTAKE -> TRAILING src=GB_TRACK s=36.79 d=0.03 vs=1.70
1787358107.288 [STATIC_OT] state=TRAILING path_exists=1 path_locked=0 path_ttl_ok=1 path_safe=1 on_spline=1 speed=1.69 raw_wpnts=111 raw_age=0.11s decision=OVERTAKE
1787358107.288 [STATE_CHANGE] TRAILING -> OVERTAKE src=OVERTAKE s=36.84 d=0.04 vs=1.69
1787358107.367 [STATE_CHANGE] OVERTAKE -> TRAILING src=GB_TRACK s=36.93 d=0.05 vs=1.62
1787358107.437 [STATE_CHANGE] TRAILING -> OVERTAKE src=OVERTAKE s=37.04 d=0.02 vs=1.54
1787358107.465 [STATE_CHANGE] OVERTAKE -> TRAILING src=GB_TRACK s=37.09 d=0.01 vs=1.54
1787358107.493 [STATIC_OT] state=TRAILING path_exists=1 path_locked=0 path_ttl_ok=1 path_safe=0 on_spline=1 speed=1.53 raw_wpnts=108 raw_age=0.12s decision=TRAILING reason=PATH_BLOCKED blocked_obs_id=51 gap=5.11m free_dist=0.102m branch=static/geom
1787358107.571 [OBSTACLES] cur_s=37.20 cur_d=-0.01 vs=1.48 n=1 [id=51 static=1 gap=4.86m d=0.09 size=0.52]
1787358107.575 [STATE_CHANGE] TRAILING -> OVERTAKE src=OVERTAKE s=37.20 d=-0.01 vs=1.48
1787358107.655 [STATE_CHANGE] OVERTAKE -> TRAILING src=GB_TRACK s=37.83 d=-0.11 vs=1.40
1787358107.698 [STATIC_OT] state=TRAILING path_exists=1 path_locked=0 path_ttl_ok=1 path_safe=0 on_spline=1 speed=1.38 raw_wpnts=105 raw_age=0.22s decision=TRAILING reason=PATH_BLOCKED blocked_obs_id=51 gap=4.18m free_dist=0.144m branch=static/geom
1787358107.736 [STATE_CHANGE] TRAILING -> OVERTAKE src=OVERTAKE s=38.11 d=-0.15 vs=1.38
1787358107.779 [STATE_CHANGE] OVERTAKE -> TRAILING src=GB_TRACK s=38.18 d=-0.16 vs=1.39
1787358107.854 [OPP_MEM_DBG] state=TRAILING src=GB_TRACK n_obs=1 last_gap=1.50 age=14.21 window=3.00 ebh=8.00 track_len=39.52 active=0
1787358107.899 [STATIC_OT] state=TRAILING path_exists=1 path_locked=0 path_ttl_ok=1 path_safe=0 on_spline=1 speed=1.21 raw_wpnts=101 raw_age=0.13s decision=TRAILING reason=PATH_BLOCKED blocked_obs_id=51 gap=3.95m free_dist=0.13m branch=static/geom
1787358108.098 [OBSTACLES] cur_s=38.64 cur_d=-0.11 vs=0.99 n=1 [id=51 static=1 gap=3.55m d=0.18 size=0.52]
1787358108.105 [STATIC_OT] state=TRAILING path_exists=1 path_locked=0 path_ttl_ok=1 path_safe=1 on_spline=1 speed=0.99 raw_wpnts=101 raw_age=0.02s decision=OVERTAKE
1787358108.105 [STATE_CHANGE] TRAILING -> OVERTAKE src=OVERTAKE s=38.64 d=-0.11 vs=0.99
1787358108.216 [STATE_CHANGE] OVERTAKE -> TRAILING src=GB_TRACK s=38.83 d=-0.08 vs=0.81
1787358108.325 [STATIC_OT] state=TRAILING path_exists=1 path_locked=0 path_ttl_ok=0 path_safe=0 on_spline=1 speed=0.80 raw_wpnts=0 raw_age=-s decision=TRAILING reason=NO_STATIC_PATH
1787358108.426 [STATE_CHANGE] TRAILING -> OVERTAKE src=OVERTAKE s=38.90 d=-0.05 vs=0.79
1787358108.445 [STATE_CHANGE] OVERTAKE -> TRAILING src=GB_TRACK s=38.91 d=-0.05 vs=0.79
1787358108.490 [STATE_CHANGE] TRAILING -> OVERTAKE src=OVERTAKE s=38.94 d=-0.04 vs=0.78
1787358108.525 [STATE_CHANGE] OVERTAKE -> TRAILING src=GB_TRACK s=38.97 d=-0.04 vs=0.77
1787358108.547 [STATIC_OT] state=TRAILING path_exists=0 path_locked=0 path_ttl_ok=0 path_safe=0 on_spline=0 speed=0.78 raw_wpnts=0 raw_age=-s decision=TRAILING reason=NO_STATIC_PATH
1787358108.634 [OBSTACLES] cur_s=39.01 cur_d=-0.04 vs=0.79 n=1 [id=51 static=1 gap=3.46m d=0.24 size=0.52]
1787358108.644 [STATE_CHANGE] TRAILING -> OVERTAKE src=OVERTAKE s=39.01 d=-0.04 vs=0.79
1787358108.871 [OPP_MEM_DBG] state=OVERTAKE src=OVERTAKE n_obs=1 last_gap=1.50 age=15.22 window=3.00 ebh=8.00 track_len=39.52 active=0
1787358109.151 [OBSTACLES] cur_s=39.31 cur_d=0.02 vs=1.24 n=1 [id=51 static=1 gap=3.13m d=0.23 size=0.47]
1787358109.671 [OBSTACLES] cur_s=1.08 cur_d=0.45 vs=2.03 n=1 [id=51 static=1 gap=1.62m d=0.18 size=0.53]
1787358109.898 [OPP_MEM_DBG] state=OVERTAKE src=OVERTAKE n_obs=1 last_gap=1.50 age=16.25 window=3.00 ebh=8.00 track_len=39.52 active=0
1787358110.200 [OBSTACLES] cur_s=2.19 cur_d=0.75 vs=2.21 n=1 [id=51 static=1 gap=0.64m d=0.19 size=0.49]
1787358110.730 [OBSTACLES] cur_s=3.13 cur_d=0.68 vs=1.76 n=0 [none]
1787358110.901 [OPP_MEM_DBG] state=OVERTAKE src=OVERTAKE n_obs=0 last_gap=1.50 age=17.25 window=3.00 ebh=8.00 track_len=39.52 active=0
1787358111.250 [OBSTACLES] cur_s=4.38 cur_d=0.29 vs=1.96 n=0 [none]
1787358111.648 [STATE_CHANGE] OVERTAKE -> LOSTLINE src=GB_TRACK s=5.39 d=-0.06 vs=2.82
1787358111.669 [STATE_CHANGE] LOSTLINE -> GB_TRACK src=GB_TRACK s=5.39 d=-0.06 vs=2.82
1787358111.770 [OBSTACLES] cur_s=5.71 cur_d=-0.12 vs=3.03 n=0 [none]
1787358111.908 [OPP_MEM_DBG] state=GB_TRACK src=GB_TRACK n_obs=0 last_gap=1.50 age=18.26 window=3.00 ebh=8.00 track_len=39.52 active=0
1787358112.270 [OBSTACLES] cur_s=7.27 cur_d=-0.00 vs=3.37 n=0 [none]
1787358112.773 [OBSTACLES] cur_s=9.20 cur_d=0.07 vs=3.77 n=0 [none]
1787358112.909 [OPP_MEM_DBG] state=GB_TRACK src=GB_TRACK n_obs=0 last_gap=1.50 age=19.26 window=3.00 ebh=8.00 track_len=39.52 active=0
1787358113.289 [OBSTACLES] cur_s=11.11 cur_d=-0.08 vs=3.74 n=0 [none]
1787358113.789 [OBSTACLES] cur_s=12.89 cur_d=-0.00 vs=3.63 n=0 [none]
1787358113.910 [OPP_MEM_DBG] state=GB_TRACK src=GB_TRACK n_obs=0 last_gap=1.50 age=20.26 window=3.00 ebh=8.00 track_len=39.52 active=0
1787358114.308 [OBSTACLES] cur_s=14.76 cur_d=-0.04 vs=3.30 n=0 [none]
1787358114.829 [OBSTACLES] cur_s=16.33 cur_d=0.10 vs=2.98 n=0 [none]
1787358114.928 [OPP_MEM_DBG] state=GB_TRACK src=GB_TRACK n_obs=0 last_gap=1.50 age=21.28 window=3.00 ebh=8.00 track_len=39.52 active=0
1787358115.348 [OBSTACLES] cur_s=17.43 cur_d=-0.02 vs=2.15 n=0 [none]
1787358115.850 [OBSTACLES] cur_s=18.80 cur_d=-0.24 vs=2.41 n=0 [none]
1787358115.930 [OPP_MEM_DBG] state=GB_TRACK src=GB_TRACK n_obs=0 last_gap=1.50 age=22.28 window=3.00 ebh=8.00 track_len=39.52 active=0
1787358116.072 [STATIC_OT] state=GB_TRACK path_exists=0 path_locked=0 path_ttl_ok=0 path_safe=0 on_spline=0 speed=2.83 raw_wpnts=0 raw_age=-s decision=TRAILING reason=NO_STATIC_PATH
1787358116.072 [STATE_CHANGE] GB_TRACK -> TRAILING src=GB_TRACK s=19.57 d=-0.18 vs=2.83
1787358116.290 [STATIC_OT] state=TRAILING path_exists=0 path_locked=0 path_ttl_ok=0 path_safe=0 on_spline=0 speed=2.89 raw_wpnts=0 raw_age=-s decision=TRAILING reason=NO_STATIC_PATH
1787358116.368 [OBSTACLES] cur_s=20.35 cur_d=-0.04 vs=2.52 n=1 [id=55 static=1 gap=2.14m d=0.03 size=0.51]
1787358116.416 [STATE_CHANGE] TRAILING -> OVERTAKE src=OVERTAKE s=20.40 d=-0.04 vs=2.52
1787358116.869 [OBSTACLES] cur_s=21.03 cur_d=-0.05 vs=1.77 n=1 [id=55 static=1 gap=1.39m d=-0.05 size=0.55]
1787358116.932 [OPP_MEM_DBG] state=OVERTAKE src=OVERTAKE n_obs=1 last_gap=1.50 age=23.28 window=3.00 ebh=8.00 track_len=39.52 active=0
1787358117.370 [OBSTACLES] cur_s=21.77 cur_d=0.13 vs=1.58 n=1 [id=55 static=1 gap=0.66m d=-0.20 size=0.47]
1787358117.896 [OBSTACLES] cur_s=22.45 cur_d=0.52 vs=1.65 n=1 [id=55 static=1 gap=0.05m d=-0.23 size=0.24]
1787358117.950 [OPP_MEM_DBG] state=OVERTAKE src=OVERTAKE n_obs=0 last_gap=1.50 age=24.30 window=3.00 ebh=8.00 track_len=39.52 active=0
1787358118.397 [OBSTACLES] cur_s=23.45 cur_d=0.34 vs=2.40 n=0 [none]
1787358118.910 [OBSTACLES] cur_s=24.85 cur_d=0.02 vs=2.95 n=0 [none]
1787358118.950 [OPP_MEM_DBG] state=GB_TRACK src=GB_TRACK n_obs=0 last_gap=1.50 age=25.30 window=3.00 ebh=8.00 track_len=39.52 active=0
1787358118.951 [STATE_CHANGE] OVERTAKE -> GB_TRACK src=GB_TRACK s=25.00 d=0.02 vs=3.04
1787358119.431 [OBSTACLES] cur_s=26.50 cur_d=0.05 vs=3.04 n=0 [none]
1787358119.948 [OBSTACLES] cur_s=28.24 cur_d=0.19 vs=2.90 n=0 [none]
1787358119.968 [OPP_MEM_DBG] state=GB_TRACK src=GB_TRACK n_obs=0 last_gap=1.50 age=26.32 window=3.00 ebh=8.00 track_len=39.52 active=0
1787358120.449 [OBSTACLES] cur_s=29.80 cur_d=0.11 vs=3.63 n=0 [none]
1787358120.950 [OBSTACLES] cur_s=31.22 cur_d=0.02 vs=2.63 n=0 [none]
1787358120.984 [OPP_MEM_DBG] state=GB_TRACK src=GB_TRACK n_obs=0 last_gap=1.50 age=27.33 window=3.00 ebh=8.00 track_len=39.52 active=0
1787358121.451 [OBSTACLES] cur_s=32.30 cur_d=-0.01 vs=2.37 n=0 [none]
1787358121.852 [STATIC_OT] state=GB_TRACK path_exists=0 path_locked=0 path_ttl_ok=0 path_safe=0 on_spline=0 speed=2.76 raw_wpnts=0 raw_age=-s decision=TRAILING reason=NO_STATIC_PATH
1787358121.852 [STATE_CHANGE] GB_TRACK -> TRAILING src=GB_TRACK s=33.22 d=0.10 vs=2.76
1787358121.968 [OBSTACLES] cur_s=33.65 cur_d=0.12 vs=3.00 n=1 [id=58 static=1 gap=9.04m d=-0.10 size=0.38]
1787358121.991 [OPP_MEM_DBG] state=TRAILING src=GB_TRACK n_obs=1 last_gap=1.50 age=28.34 window=3.00 ebh=8.00 track_len=39.52 active=0
1787358122.073 [STATIC_OT] state=TRAILING path_exists=0 path_locked=0 path_ttl_ok=0 path_safe=0 on_spline=0 speed=3.01 raw_wpnts=0 raw_age=-s decision=TRAILING reason=NO_STATIC_PATH
1787358122.292 [STATIC_OT] state=TRAILING path_exists=0 path_locked=0 path_ttl_ok=0 path_safe=0 on_spline=0 speed=2.84 raw_wpnts=0 raw_age=-s decision=TRAILING reason=NO_STATIC_PATH
1787358122.476 [OBSTACLES] cur_s=34.78 cur_d=0.12 vs=2.60 n=1 [id=58 static=1 gap=7.84m d=-0.11 size=0.39]
1787358122.520 [STATIC_OT] state=TRAILING path_exists=0 path_locked=0 path_ttl_ok=0 path_safe=0 on_spline=0 speed=2.58 raw_wpnts=0 raw_age=-s decision=TRAILING reason=NO_STATIC_PATH
1787358122.636 [STATE_CHANGE] TRAILING -> OVERTAKE src=OVERTAKE s=35.03 d=0.10 vs=2.49
1787358122.677 [STATE_CHANGE] OVERTAKE -> TRAILING src=GB_TRACK s=35.09 d=0.11 vs=2.46
1787358122.699 [STATE_CHANGE] TRAILING -> OVERTAKE src=OVERTAKE s=35.14 d=0.12 vs=2.44
1787358123.011 [OBSTACLES] cur_s=36.06 cur_d=0.06 vs=2.41 n=1 [id=58 static=1 gap=6.34m d=-0.13 size=0.47]
1787358123.012 [OPP_MEM_DBG] state=OVERTAKE src=OVERTAKE n_obs=1 last_gap=1.50 age=29.36 window=3.00 ebh=8.00 track_len=39.52 active=0
1787358123.154 [STATIC_OT] state=OVERTAKE path_exists=1 path_locked=1 path_ttl_ok=1 path_safe=0 on_spline=1 speed=2.54 raw_wpnts=121 raw_age=0.08s decision=TRAILING reason=PATH_BLOCKED blocked_obs_id=58 gap=5.93m free_dist=0.148m branch=static/geom
1787358123.154 [STATE_CHANGE] OVERTAKE -> TRAILING src=GB_TRACK s=36.63 d=0.03 vs=2.54
1787358123.324 [STATE_CHANGE] TRAILING -> OVERTAKE src=OVERTAKE s=37.07 d=0.04 vs=2.80
1787358123.455 [STATIC_OT] state=OVERTAKE path_exists=1 path_locked=1 path_ttl_ok=1 path_safe=0 on_spline=1 speed=2.65 raw_wpnts=118 raw_age=0.18s decision=TRAILING reason=PATH_BLOCKED blocked_obs_id=58 gap=4.88m free_dist=0.147m branch=static/geom
1787358123.455 [STATE_CHANGE] OVERTAKE -> TRAILING src=GB_TRACK s=37.77 d=-0.04 vs=2.65
1787358123.526 [OBSTACLES] cur_s=37.85 cur_d=-0.04 vs=2.64 n=1 [id=58 static=1 gap=4.64m d=-0.08 size=0.51]
1787358123.666 [STATIC_OT] state=TRAILING path_exists=1 path_locked=0 path_ttl_ok=0 path_safe=0 on_spline=1 speed=2.50 raw_wpnts=0 raw_age=-s decision=TRAILING reason=NO_STATIC_PATH
1787358123.715 [STATE_CHANGE] TRAILING -> OVERTAKE src=OVERTAKE s=38.22 d=-0.09 vs=2.41
1787358123.743 [STATE_CHANGE] OVERTAKE -> TRAILING src=GB_TRACK s=38.32 d=-0.08 vs=2.30
1787358123.837 [STATE_CHANGE] TRAILING -> OVERTAKE src=OVERTAKE s=38.47 d=-0.07 vs=2.06
1787358123.856 [STATE_CHANGE] OVERTAKE -> TRAILING src=GB_TRACK s=38.54 d=-0.07 vs=1.93
1787358123.877 [STATIC_OT] state=TRAILING path_exists=1 path_locked=0 path_ttl_ok=1 path_safe=0 on_spline=1 speed=1.86 raw_wpnts=101 raw_age=0.10s decision=TRAILING reason=PATH_BLOCKED blocked_obs_id=58 gap=4.21m free_dist=0.148m branch=static/geom
1787358123.947 [STATE_CHANGE] TRAILING -> OVERTAKE src=OVERTAKE s=38.61 d=-0.06 vs=1.78
1787358124.020 [OPP_MEM_DBG] state=TRAILING src=GB_TRACK n_obs=1 last_gap=1.50 age=30.37 window=3.00 ebh=8.00 track_len=39.52 active=0
1787358124.020 [STATE_CHANGE] OVERTAKE -> TRAILING src=GB_TRACK s=38.73 d=-0.07 vs=1.21
1787358124.041 [OBSTACLES] cur_s=38.75 cur_d=-0.07 vs=1.17 n=1 [id=58 static=1 gap=4.08m d=0.06 size=0.49]
1787358124.103 [STATIC_OT] state=TRAILING path_exists=1 path_locked=0 path_ttl_ok=1 path_safe=0 on_spline=1 speed=1.10 raw_wpnts=101 raw_age=0.12s decision=TRAILING reason=PATH_BLOCKED blocked_obs_id=58 gap=4.19m free_dist=0.015m branch=static/geom
1787358124.149 [STATE_CHANGE] TRAILING -> OVERTAKE src=OVERTAKE s=38.81 d=-0.07 vs=1.08
1787358124.254 [STATE_CHANGE] OVERTAKE -> TRAILING src=GB_TRACK s=39.20 d=-0.05 vs=0.96
1787358124.321 [STATIC_OT] state=TRAILING path_exists=1 path_locked=0 path_ttl_ok=1 path_safe=0 on_spline=1 speed=0.96 raw_wpnts=101 raw_age=0.15s decision=TRAILING reason=PATH_BLOCKED blocked_obs_id=58 gap=3.74m free_dist=0.126m branch=static/geom
1787358124.352 [STATE_CHANGE] TRAILING -> OVERTAKE src=OVERTAKE s=39.28 d=-0.03 vs=0.97
1787358124.374 [STATE_CHANGE] OVERTAKE -> TRAILING src=GB_TRACK s=39.35 d=-0.02 vs=0.97
1787358124.545 [STATIC_OT] state=TRAILING path_exists=1 path_locked=0 path_ttl_ok=1 path_safe=0 on_spline=1 speed=0.85 raw_wpnts=101 raw_age=0.06s decision=TRAILING reason=PATH_BLOCKED blocked_obs_id=58 gap=3.62m free_dist=0.154m branch=static/geom
1787358124.569 [OBSTACLES] cur_s=39.44 cur_d=-0.02 vs=0.85 n=1 [id=58 static=1 gap=3.45m d=0.09 size=0.49]
1787358124.677 [STATE_CHANGE] TRAILING -> OVERTAKE src=OVERTAKE s=39.46 d=-0.01 vs=0.85
1787358124.778 [STATIC_OT] state=OVERTAKE path_exists=1 path_locked=1 path_ttl_ok=1 path_safe=0 on_spline=1 speed=0.85 raw_wpnts=101 raw_age=0.20s decision=TRAILING reason=PATH_BLOCKED blocked_obs_id=58 gap=3.69m free_dist=0.154m branch=static/geom
1787358124.778 [STATE_CHANGE] OVERTAKE -> TRAILING src=GB_TRACK s=0.02 d=0.01 vs=0.85
1787358125.006 [STATIC_OT] state=TRAILING path_exists=1 path_locked=0 path_ttl_ok=0 path_safe=0 on_spline=1 speed=0.88 raw_wpnts=0 raw_age=-s decision=TRAILING reason=NO_STATIC_PATH
1787358125.027 [OPP_MEM_DBG] state=TRAILING src=GB_TRACK n_obs=1 last_gap=1.50 age=31.38 window=3.00 ebh=8.00 track_len=39.52 active=0
1787358125.073 [OBSTACLES] cur_s=0.23 cur_d=0.01 vs=0.85 n=1 [id=58 static=1 gap=3.24m d=0.16 size=0.49]
1787358125.209 [STATIC_OT] state=TRAILING path_exists=1 path_locked=0 path_ttl_ok=1 path_safe=0 on_spline=1 speed=0.56 raw_wpnts=101 raw_age=0.13s decision=TRAILING reason=PATH_BLOCKED blocked_obs_id=58 gap=3.62m free_dist=0.146m branch=static/geom
1787358125.319 [STATE_CHANGE] TRAILING -> OVERTAKE src=OVERTAKE s=0.06 d=0.04 vs=0.65
1787358125.588 [OBSTACLES] cur_s=0.09 cur_d=0.06 vs=0.84 n=1 [id=58 static=1 gap=3.26m d=0.16 size=0.49]
1787358125.851 [DYNAMIC_OT] target=58 gap=2.64 ego_v=1.19 opp_v=0.00 rel_v=1.19 sector=1 force_trailing=0 pred_age=- pred_valid=0 path=0 path_age=- safe=0 left=- right=- state=OVERTAKE decision=OVERTAKE
1787358126.071 [DYNAMIC_OT] target=58 gap=2.21 ego_v=1.63 opp_v=-0.41 rel_v=2.05 sector=1 force_trailing=0 pred_age=- pred_valid=0 path=0 path_age=- safe=0 left=- right=- state=OVERTAKE decision=OVERTAKE
1787358126.108 [OBSTACLES] cur_s=0.65 cur_d=0.26 vs=1.63 n=1 [id=58 static=0 gap=1.97m d=0.01 size=0.48]
1787358126.209 [OPP_MEM_DBG] state=OVERTAKE src=OVERTAKE n_obs=1 last_gap=1.93 age=0.02 window=3.00 ebh=8.00 track_len=39.52 active=1
1787358126.211 [OPP_MEMORY] opponent id=58 lost 0.02s ago at gap=1.93m -- holding speed cap 4.11 m/s (raceline 8.11) state=OVERTAKE
1787358126.625 [OBSTACLES] cur_s=1.79 cur_d=0.62 vs=2.10 n=1 [id=58 static=1 gap=0.97m d=0.07 size=0.47]
1787358126.733 [OPP_MEMORY] opponent id=58 lost 0.54s ago at gap=1.93m -- holding speed cap 3.74 m/s (raceline 7.37) state=OVERTAKE
1787358127.131 [OBSTACLES] cur_s=2.56 cur_d=0.67 vs=2.31 n=1 [id=58 static=1 gap=0.28m d=0.04 size=0.17]
1787358127.214 [OPP_MEM_DBG] state=OVERTAKE src=OVERTAKE n_obs=0 last_gap=1.93 age=1.03 window=3.00 ebh=8.00 track_len=39.52 active=1
1787358127.233 [OPP_MEMORY] opponent id=58 lost 1.04s ago at gap=1.93m -- holding speed cap 3.10 m/s (raceline 6.12) state=OVERTAKE
1787358127.654 [OBSTACLES] cur_s=3.88 cur_d=0.67 vs=1.61 n=0 [none]
1787358127.736 [OPP_MEMORY] opponent id=58 lost 1.55s ago at gap=1.93m -- holding speed cap 2.46 m/s (raceline 4.85) state=OVERTAKE
1787358128.168 [OBSTACLES] cur_s=4.95 cur_d=0.21 vs=1.91 n=0 [none]
1787358128.208 [STATE_CHANGE] OVERTAKE -> LOSTLINE src=GB_TRACK s=5.02 d=0.18 vs=1.96
1787358128.230 [OPP_MEM_DBG] state=GB_TRACK src=GB_TRACK n_obs=0 last_gap=1.93 age=2.04 window=3.00 ebh=8.00 track_len=39.52 active=1
1787358128.230 [STATE_CHANGE] LOSTLINE -> GB_TRACK src=GB_TRACK s=5.02 d=0.18 vs=1.96
1787358128.251 [OPP_MEMORY] opponent id=58 lost 2.06s ago at gap=1.93m -- holding speed cap 2.06 m/s (raceline 4.07) state=GB_TRACK
1787358128.669 [OBSTACLES] cur_s=5.85 cur_d=0.07 vs=1.88 n=0 [none]
1787358128.771 [OPP_MEMORY] opponent id=58 lost 2.58s ago at gap=1.93m -- holding speed cap 1.88 m/s (raceline 3.70) state=GB_TRACK
1787358129.173 [OBSTACLES] cur_s=6.78 cur_d=0.07 vs=1.78 n=0 [none]
1787358129.231 [OPP_MEM_DBG] state=GB_TRACK src=GB_TRACK n_obs=0 last_gap=1.93 age=3.04 window=3.00 ebh=8.00 track_len=39.52 active=0
1787358129.689 [OBSTACLES] cur_s=8.02 cur_d=0.21 vs=2.25 n=0 [none]
1787358130.189 [OBSTACLES] cur_s=9.53 cur_d=0.00 vs=3.31 n=0 [none]
1787358130.232 [OPP_MEM_DBG] state=GB_TRACK src=GB_TRACK n_obs=0 last_gap=1.93 age=4.04 window=3.00 ebh=8.00 track_len=39.52 active=0
1787358130.689 [OBSTACLES] cur_s=11.16 cur_d=-0.21 vs=3.69 n=0 [none]
1787358131.190 [OBSTACLES] cur_s=12.84 cur_d=-0.12 vs=3.62 n=0 [none]
1787358131.233 [OPP_MEM_DBG] state=GB_TRACK src=GB_TRACK n_obs=0 last_gap=1.93 age=5.04 window=3.00 ebh=8.00 track_len=39.52 active=0
1787358131.708 [OBSTACLES] cur_s=14.68 cur_d=-0.01 vs=3.33 n=0 [none]
1787358132.209 [OBSTACLES] cur_s=16.27 cur_d=0.11 vs=3.04 n=0 [none]
1787358132.250 [OPP_MEM_DBG] state=GB_TRACK src=GB_TRACK n_obs=0 last_gap=1.93 age=6.06 window=3.00 ebh=8.00 track_len=39.52 active=0
1787358132.731 [OBSTACLES] cur_s=17.39 cur_d=-0.03 vs=2.17 n=0 [none]
1787358133.232 [OBSTACLES] cur_s=18.68 cur_d=-0.18 vs=2.42 n=0 [none]
1787358133.268 [OPP_MEM_DBG] state=GB_TRACK src=GB_TRACK n_obs=0 last_gap=1.93 age=7.08 window=3.00 ebh=8.00 track_len=39.52 active=0
1787358133.414 [STATIC_OT] state=GB_TRACK path_exists=0 path_locked=0 path_ttl_ok=0 path_safe=0 on_spline=0 speed=2.75 raw_wpnts=0 raw_age=-s decision=TRAILING reason=NO_STATIC_PATH
1787358133.414 [STATE_CHANGE] GB_TRACK -> TRAILING src=GB_TRACK s=19.24 d=-0.19 vs=2.75
1787358133.549 [STATE_CHANGE] TRAILING -> OVERTAKE src=OVERTAKE s=19.63 d=-0.18 vs=2.95
1787358133.752 [OBSTACLES] cur_s=20.21 cur_d=-0.09 vs=2.58 n=1 [id=61 static=1 gap=2.24m d=-0.04 size=0.52]
1787358134.269 [OBSTACLES] cur_s=20.92 cur_d=0.11 vs=1.59 n=1 [id=61 static=1 gap=1.45m d=-0.11 size=0.59]
1787358134.269 [OPP_MEM_DBG] state=OVERTAKE src=OVERTAKE n_obs=1 last_gap=1.93 age=8.08 window=3.00 ebh=8.00 track_len=39.52 active=0
1787358134.769 [OBSTACLES] cur_s=21.79 cur_d=0.17 vs=1.83 n=1 [id=61 static=1 gap=0.64m d=-0.14 size=0.46]
1787358135.269 [OBSTACLES] cur_s=22.48 cur_d=0.47 vs=2.18 n=1 [id=61 static=1 gap=0.04m d=-0.23 size=0.20]
1787358135.270 [OPP_MEM_DBG] state=OVERTAKE src=OVERTAKE n_obs=1 last_gap=1.93 age=9.08 window=3.00 ebh=8.00 track_len=39.52 active=0
1787358135.788 [OBSTACLES] cur_s=24.08 cur_d=0.36 vs=3.18 n=0 [none]
1787358136.289 [OBSTACLES] cur_s=25.76 cur_d=-0.06 vs=3.36 n=0 [none]
1787358136.321 [OPP_MEM_DBG] state=OVERTAKE src=OVERTAKE n_obs=0 last_gap=1.93 age=10.13 window=3.00 ebh=8.00 track_len=39.52 active=0
1787358136.411 [STATE_CHANGE] OVERTAKE -> LOSTLINE src=GB_TRACK s=26.10 d=-0.14 vs=3.30
1787358136.428 [STATE_CHANGE] LOSTLINE -> GB_TRACK src=GB_TRACK s=26.15 d=-0.15 vs=3.28
1787358136.791 [OBSTACLES] cur_s=27.02 cur_d=-0.11 vs=2.82 n=0 [none]
1787358137.309 [OBSTACLES] cur_s=28.63 cur_d=0.09 vs=3.15 n=0 [none]
1787358137.330 [OPP_MEM_DBG] state=GB_TRACK src=GB_TRACK n_obs=0 last_gap=1.93 age=11.14 window=3.00 ebh=8.00 track_len=39.52 active=0
1787358137.829 [OBSTACLES] cur_s=30.44 cur_d=0.10 vs=3.40 n=0 [none]
1787358138.348 [OBSTACLES] cur_s=31.71 cur_d=-0.02 vs=2.42 n=0 [none]
1787358138.350 [OPP_MEM_DBG] state=GB_TRACK src=GB_TRACK n_obs=0 last_gap=1.93 age=12.16 window=3.00 ebh=8.00 track_len=39.52 active=0
1787358138.868 [OBSTACLES] cur_s=32.95 cur_d=0.12 vs=2.63 n=0 [none]
1787358138.912 [STATIC_OT] state=GB_TRACK path_exists=0 path_locked=0 path_ttl_ok=0 path_safe=0 on_spline=0 speed=2.73 raw_wpnts=0 raw_age=-s decision=TRAILING reason=NO_STATIC_PATH
1787358138.912 [STATE_CHANGE] GB_TRACK -> TRAILING src=GB_TRACK s=33.11 d=0.11 vs=2.73
1787358139.131 [STATIC_OT] state=TRAILING path_exists=0 path_locked=0 path_ttl_ok=0 path_safe=0 on_spline=0 speed=3.00 raw_wpnts=0 raw_age=-s decision=TRAILING reason=NO_STATIC_PATH
1787358139.333 [STATIC_OT] state=TRAILING path_exists=0 path_locked=0 path_ttl_ok=0 path_safe=0 on_spline=0 speed=2.99 raw_wpnts=0 raw_age=-s decision=TRAILING reason=NO_STATIC_PATH
1787358139.358 [OPP_MEM_DBG] state=TRAILING src=GB_TRACK n_obs=1 last_gap=1.93 age=13.17 window=3.00 ebh=8.00 track_len=39.52 active=0
1787358139.383 [OBSTACLES] cur_s=34.29 cur_d=0.08 vs=2.95 n=1 [id=63 static=1 gap=8.20m d=-0.05 size=0.56]
1787358139.547 [STATIC_OT] state=TRAILING path_exists=0 path_locked=0 path_ttl_ok=0 path_safe=0 on_spline=0 speed=2.61 raw_wpnts=0 raw_age=-s decision=TRAILING reason=NO_STATIC_PATH
1787358139.581 [STATE_CHANGE] TRAILING -> OVERTAKE src=OVERTAKE s=35.15 d=0.13 vs=2.57
1787358139.614 [STATE_CHANGE] OVERTAKE -> TRAILING src=GB_TRACK s=35.27 d=0.15 vs=2.53
1787358139.751 [STATIC_OT] state=TRAILING path_exists=0 path_locked=0 path_ttl_ok=0 path_safe=0 on_spline=0 speed=2.32 raw_wpnts=0 raw_age=-s decision=TRAILING reason=NO_STATIC_PATH
1787358139.891 [OBSTACLES] cur_s=36.24 cur_d=0.14 vs=2.13 n=1 [id=63 static=1 gap=6.41m d=-0.01 size=0.57]
1787358139.912 [DYNAMIC_OT] target=63 gap=7.42 ego_v=2.07 opp_v=0.00 rel_v=2.07 sector=1 force_trailing=0 pred_age=- pred_valid=0 path=0 path_age=- safe=0 left=- right=- state=TRAILING decision=TRAILING reason=NO_DYNAMIC_OBSTACLE
1787358139.955 [STATIC_OT] state=TRAILING path_exists=1 path_locked=0 path_ttl_ok=0 path_safe=0 on_spline=1 speed=1.95 raw_wpnts=0 raw_age=-s decision=TRAILING reason=NO_STATIC_PATH
1787358140.115 [DYNAMIC_OT] target=63 gap=6.84 ego_v=1.87 opp_v=0.69 rel_v=1.19 sector=1 force_trailing=0 pred_age=- pred_valid=0 path=0 path_age=- safe=0 left=- right=- state=TRAILING decision=TRAILING reason=PREDICTION_NEVER
1787358140.164 [STATIC_OT] state=TRAILING path_exists=1 path_locked=0 path_ttl_ok=0 path_safe=0 on_spline=1 speed=1.88 raw_wpnts=0 raw_age=-s decision=TRAILING reason=NO_STATIC_PATH
1787358140.334 [DYNAMIC_OT] target=63 gap=6.50 ego_v=2.02 opp_v=0.68 rel_v=1.34 sector=1 force_trailing=0 pred_age=- pred_valid=0 path=0 path_age=- safe=0 left=- right=- state=TRAILING decision=TRAILING reason=PREDICTION_NEVER
1787358140.384 [STATIC_OT] state=TRAILING path_exists=1 path_locked=0 path_ttl_ok=0 path_safe=0 on_spline=1 speed=2.08 raw_wpnts=0 raw_age=-s decision=TRAILING reason=NO_STATIC_PATH
1787358140.405 [OBSTACLES] cur_s=37.68 cur_d=-0.04 vs=2.12 n=1 [id=63 static=0 gap=6.08m d=0.24 size=0.56]
1787358140.536 [DYNAMIC_OT] target=63 gap=6.08 ego_v=2.30 opp_v=0.44 rel_v=1.86 sector=1 force_trailing=0 pred_age=- pred_valid=0 path=0 path_age=- safe=0 left=- right=- state=TRAILING decision=TRAILING reason=PREDICTION_NEVER
1787358140.598 [STATIC_OT] state=TRAILING path_exists=1 path_locked=0 path_ttl_ok=0 path_safe=0 on_spline=1 speed=2.31 raw_wpnts=0 raw_age=-s decision=TRAILING reason=NO_STATIC_PATH
1787358140.748 [DYNAMIC_OT] target=63 gap=5.75 ego_v=2.34 opp_v=0.27 rel_v=2.07 sector=1 force_trailing=0 pred_age=- pred_valid=0 path=0 path_age=- safe=0 left=- right=- state=TRAILING decision=TRAILING reason=PREDICTION_NEVER
1787358140.811 [STATIC_OT] state=TRAILING path_exists=1 path_locked=0 path_ttl_ok=0 path_safe=0 on_spline=1 speed=2.29 raw_wpnts=0 raw_age=-s decision=TRAILING reason=NO_STATIC_PATH
1787358140.908 [OBSTACLES] cur_s=38.75 cur_d=-0.04 vs=1.84 n=1 [id=63 static=1 gap=4.82m d=0.21 size=0.53]
1787358140.913 [OPP_MEM_DBG] state=TRAILING src=GB_TRACK n_obs=1 last_gap=5.25 age=0.02 window=3.00 ebh=8.00 track_len=39.52 active=1
1787358141.056 [STATIC_OT] state=TRAILING path_exists=1 path_locked=0 path_ttl_ok=0 path_safe=0 on_spline=1 speed=1.57 raw_wpnts=0 raw_age=-s decision=TRAILING reason=NO_STATIC_PATH
1787358141.275 [STATIC_OT] state=TRAILING path_exists=1 path_locked=0 path_ttl_ok=1 path_safe=1 on_spline=1 speed=1.36 raw_wpnts=106 raw_age=0.10s decision=OVERTAKE
1787358141.275 [STATE_CHANGE] TRAILING -> OVERTAKE src=OVERTAKE s=38.81 d=-0.08 vs=1.36
1787358141.277 [OPP_MEMORY] opponent id=63 lost 0.38s ago at gap=5.25m -- holding speed cap 6.49 m/s (raceline 8.35) state=OVERTAKE
1787358141.428 [OBSTACLES] cur_s=39.03 cur_d=-0.09 vs=1.23 n=1 [id=63 static=1 gap=4.62m d=0.33 size=0.50]
1787358141.779 [OPP_MEMORY] opponent id=63 lost 0.89s ago at gap=5.25m -- holding speed cap 6.60 m/s (raceline 8.50) state=OVERTAKE
1787358141.841 [DYNAMIC_OT] target=63 gap=3.92 ego_v=1.46 opp_v=-0.14 rel_v=1.59 sector=1 force_trailing=0 pred_age=- pred_valid=0 path=0 path_age=- safe=0 left=- right=- state=OVERTAKE decision=OVERTAKE
1787358141.929 [OBSTACLES] cur_s=39.26 cur_d=-0.05 vs=1.93 n=1 [id=63 static=0 gap=3.32m d=0.41 size=0.49]
1787358142.050 [OPP_MEM_DBG] state=OVERTAKE src=OVERTAKE n_obs=0 last_gap=3.34 age=0.02 window=3.00 ebh=8.00 track_len=39.52 active=1
1787358142.115 [DYNAMIC_OT] target=63 gap=3.13 ego_v=2.23 opp_v=-0.52 rel_v=2.75 sector=1 force_trailing=0 pred_age=- pred_valid=0 path=0 path_age=- safe=0 left=- right=- state=OVERTAKE decision=OVERTAKE
1787358142.330 [DYNAMIC_OT] target=63 gap=2.58 ego_v=2.75 opp_v=-0.49 rel_v=3.24 sector=1 force_trailing=0 pred_age=- pred_valid=0 path=0 path_age=- safe=0 left=- right=- state=OVERTAKE decision=OVERTAKE
1787358142.352 [OPP_MEMORY] opponent id=63 lost 0.02s ago at gap=2.58m -- holding speed cap 4.75 m/s (raceline 8.49) state=OVERTAKE
1787358142.448 [OBSTACLES] cur_s=0.83 cur_d=-0.07 vs=3.01 n=1 [id=63 static=0 gap=1.84m d=0.43 size=0.50]
1787358142.533 [DYNAMIC_OT] target=63 gap=1.78 ego_v=3.19 opp_v=-0.69 rel_v=3.89 sector=1 force_trailing=0 pred_age=- pred_valid=0 path=0 path_age=- safe=0 left=- right=- state=OVERTAKE decision=OVERTAKE
1787358142.734 [DYNAMIC_OT] target=63 gap=1.28 ego_v=3.58 opp_v=-0.27 rel_v=3.85 sector=1 force_trailing=0 pred_age=- pred_valid=0 path=0 path_age=- safe=0 left=- right=- state=OVERTAKE decision=OVERTAKE
1787358142.856 [OPP_MEMORY] opponent id=63 lost 0.10s ago at gap=1.22m -- holding speed cap 3.31 m/s (raceline 7.37) state=OVERTAKE
1787358142.949 [OBSTACLES] cur_s=2.29 cur_d=-0.03 vs=3.70 n=1 [id=63 static=1 gap=0.52m d=0.43 size=0.51]
1787358143.054 [OPP_MEM_DBG] state=OVERTAKE src=OVERTAKE n_obs=1 last_gap=1.22 age=0.30 window=3.00 ebh=8.00 track_len=39.52 active=1
1787358143.374 [OPP_MEMORY] opponent id=63 lost 0.61s ago at gap=1.22m -- holding speed cap 2.44 m/s (raceline 5.43) state=OVERTAKE
1787358143.450 [OBSTACLES] cur_s=3.72 cur_d=-0.21 vs=2.83 n=0 [none]
1787358143.891 [OPP_MEMORY] opponent id=63 lost 1.13s ago at gap=1.22m -- holding speed cap 1.87 m/s (raceline 4.17) state=OVERTAKE
1787358143.952 [OBSTACLES] cur_s=4.98 cur_d=-0.14 vs=1.93 n=0 [none]
1787358144.070 [OPP_MEM_DBG] state=OVERTAKE src=OVERTAKE n_obs=0 last_gap=1.22 age=1.31 window=3.00 ebh=8.00 track_len=39.52 active=1
1787358144.252 [STATE_CHANGE] OVERTAKE -> GB_TRACK src=GB_TRACK s=5.44 d=-0.05 vs=1.77
1787358144.410 [OPP_MEMORY] opponent id=63 lost 1.65s ago at gap=1.22m -- holding speed cap 1.71 m/s (raceline 3.81) state=GB_TRACK
1787358144.468 [OBSTACLES] cur_s=5.84 cur_d=-0.00 vs=1.67 n=0 [none]
1787358144.914 [OPP_MEMORY] opponent id=63 lost 2.15s ago at gap=1.22m -- holding speed cap 1.60 m/s (raceline 3.55) state=GB_TRACK
1787358144.968 [OBSTACLES] cur_s=6.68 cur_d=-0.01 vs=1.53 n=0 [none]
1787358145.088 [OPP_MEM_DBG] state=GB_TRACK src=GB_TRACK n_obs=0 last_gap=1.22 age=2.33 window=3.00 ebh=8.00 track_len=39.52 active=1
1787358145.432 [OPP_MEMORY] opponent id=63 lost 2.67s ago at gap=1.22m -- holding speed cap 1.58 m/s (raceline 3.53) state=GB_TRACK
1787358145.472 [OBSTACLES] cur_s=7.41 cur_d=0.18 vs=1.46 n=0 [none]
1787358145.990 [OBSTACLES] cur_s=8.26 cur_d=0.15 vs=1.56 n=0 [none]
1787358146.089 [OPP_MEM_DBG] state=GB_TRACK src=GB_TRACK n_obs=0 last_gap=1.22 age=3.33 window=3.00 ebh=8.00 track_len=39.52 active=0
1787358146.492 [OBSTACLES] cur_s=9.43 cur_d=0.07 vs=2.50 n=0 [none]
1787358147.016 [OBSTACLES] cur_s=11.03 cur_d=-0.03 vs=3.53 n=0 [none]
1787358147.111 [OPP_MEM_DBG] state=GB_TRACK src=GB_TRACK n_obs=0 last_gap=1.22 age=4.35 window=3.00 ebh=8.00 track_len=39.52 active=0
1787358147.529 [OBSTACLES] cur_s=12.92 cur_d=-0.03 vs=3.64 n=0 [none]
1787358148.031 [OBSTACLES] cur_s=14.69 cur_d=-0.09 vs=3.29 n=0 [none]
1787358148.128 [OPP_MEM_DBG] state=GB_TRACK src=GB_TRACK n_obs=0 last_gap=1.22 age=5.37 window=3.00 ebh=8.00 track_len=39.52 active=0
1787358148.549 [OBSTACLES] cur_s=16.16 cur_d=0.11 vs=2.97 n=0 [none]
1787358149.049 [OBSTACLES] cur_s=17.35 cur_d=0.03 vs=2.27 n=0 [none]
1787358149.128 [OPP_MEM_DBG] state=GB_TRACK src=GB_TRACK n_obs=0 last_gap=1.22 age=6.37 window=3.00 ebh=8.00 track_len=39.52 active=0
1787358149.552 [OBSTACLES] cur_s=18.55 cur_d=-0.19 vs=2.28 n=0 [none]
1787358149.752 [STATIC_OT] state=GB_TRACK path_exists=0 path_locked=0 path_ttl_ok=0 path_safe=0 on_spline=0 speed=2.63 raw_wpnts=0 raw_age=-s decision=TRAILING reason=NO_STATIC_PATH
1787358149.752 [STATE_CHANGE] GB_TRACK -> TRAILING src=GB_TRACK s=19.25 d=-0.17 vs=2.63
1787358149.970 [STATIC_OT] state=TRAILING path_exists=0 path_locked=0 path_ttl_ok=0 path_safe=0 on_spline=0 speed=2.63 raw_wpnts=0 raw_age=-s decision=TRAILING reason=NO_STATIC_PATH
1787358150.069 [OBSTACLES] cur_s=19.96 cur_d=-0.06 vs=2.50 n=1 [id=68 static=1 gap=2.46m d=-0.01 size=0.55]
1787358150.151 [OPP_MEM_DBG] state=TRAILING src=GB_TRACK n_obs=1 last_gap=1.22 age=7.39 window=3.00 ebh=8.00 track_len=39.52 active=0
1787358150.190 [STATIC_OT] state=TRAILING path_exists=0 path_locked=0 path_ttl_ok=0 path_safe=0 on_spline=0 speed=2.11 raw_wpnts=0 raw_age=-s decision=TRAILING reason=NO_STATIC_PATH
1787358150.233 [STATE_CHANGE] TRAILING -> OVERTAKE src=OVERTAKE s=20.19 d=0.01 vs=2.03
1787358150.588 [OBSTACLES] cur_s=20.55 cur_d=0.01 vs=1.14 n=1 [id=68 static=1 gap=1.90m d=-0.09 size=0.54]
1787358151.096 [OBSTACLES] cur_s=21.44 cur_d=0.07 vs=1.66 n=1 [id=68 static=1 gap=0.99m d=-0.20 size=0.57]
1787358151.168 [OPP_MEM_DBG] state=OVERTAKE src=OVERTAKE n_obs=1 last_gap=1.22 age=8.41 window=3.00 ebh=8.00 track_len=39.52 active=0
1787358151.630 [OBSTACLES] cur_s=21.94 cur_d=0.26 vs=1.72 n=1 [id=68 static=1 gap=0.48m d=-0.29 size=0.32]
1787358152.148 [OBSTACLES] cur_s=23.07 cur_d=0.46 vs=2.08 n=0 [none]
1787358152.169 [OPP_MEM_DBG] state=OVERTAKE src=OVERTAKE n_obs=0 last_gap=1.22 age=9.41 window=3.00 ebh=8.00 track_len=39.52 active=0
1787358152.652 [OBSTACLES] cur_s=24.02 cur_d=0.07 vs=2.57 n=0 [none]
1787358152.932 [STATE_CHANGE] OVERTAKE -> GB_TRACK src=GB_TRACK s=24.88 d=0.01 vs=3.15
1787358153.168 [OBSTACLES] cur_s=25.72 cur_d=0.07 vs=3.35 n=0 [none]
1787358153.191 [OPP_MEM_DBG] state=GB_TRACK src=GB_TRACK n_obs=0 last_gap=1.22 age=10.43 window=3.00 ebh=8.00 track_len=39.52 active=0
1787358153.672 [OBSTACLES] cur_s=27.13 cur_d=0.13 vs=2.76 n=0 [none]
1787358154.189 [OBSTACLES] cur_s=28.94 cur_d=0.14 vs=3.33 n=0 [none]
1787358154.209 [OPP_MEM_DBG] state=GB_TRACK src=GB_TRACK n_obs=0 last_gap=1.22 age=11.45 window=3.00 ebh=8.00 track_len=39.52 active=0
1787358154.689 [OBSTACLES] cur_s=30.56 cur_d=0.08 vs=3.34 n=0 [none]
1787358155.190 [OBSTACLES] cur_s=31.73 cur_d=-0.10 vs=2.40 n=0 [none]
1787358155.231 [OPP_MEM_DBG] state=GB_TRACK src=GB_TRACK n_obs=0 last_gap=1.22 age=12.47 window=3.00 ebh=8.00 track_len=39.52 active=0
1787358155.710 [OBSTACLES] cur_s=32.85 cur_d=0.02 vs=2.53 n=1 [id=70 static=1 gap=9.63m d=-0.05 size=0.53]
1787358155.715 [STATIC_OT] state=GB_TRACK path_exists=0 path_locked=0 path_ttl_ok=0 path_safe=0 on_spline=0 speed=2.53 raw_wpnts=0 raw_age=-s decision=TRAILING reason=NO_STATIC_PATH
1787358155.716 [STATE_CHANGE] GB_TRACK -> TRAILING src=GB_TRACK s=32.85 d=0.02 vs=2.53
1787358155.931 [STATIC_OT] state=TRAILING path_exists=0 path_locked=0 path_ttl_ok=0 path_safe=0 on_spline=0 speed=2.92 raw_wpnts=0 raw_age=-s decision=TRAILING reason=NO_STATIC_PATH
1787358156.150 [STATIC_OT] state=TRAILING path_exists=0 path_locked=0 path_ttl_ok=0 path_safe=0 on_spline=0 speed=2.93 raw_wpnts=0 raw_age=-s decision=TRAILING reason=NO_STATIC_PATH
1787358156.229 [OBSTACLES] cur_s=34.15 cur_d=0.08 vs=2.91 n=1 [id=70 static=1 gap=8.27m d=0.02 size=0.56]
1787358156.234 [OPP_MEM_DBG] state=TRAILING src=GB_TRACK n_obs=1 last_gap=1.22 age=13.48 window=3.00 ebh=8.00 track_len=39.52 active=0
1787358156.371 [STATIC_OT] state=TRAILING path_exists=0 path_locked=0 path_ttl_ok=0 path_safe=0 on_spline=0 speed=2.68 raw_wpnts=0 raw_age=-s decision=TRAILING reason=NO_STATIC_PATH
1787358156.577 [STATIC_OT] state=TRAILING path_exists=1 path_locked=0 path_ttl_ok=1 path_safe=0 on_spline=1 speed=2.42 raw_wpnts=138 raw_age=0.10s decision=TRAILING reason=PATH_BLOCKED blocked_obs_id=70 gap=7.35m free_dist=0.126m branch=static/geom
1787358156.733 [OBSTACLES] cur_s=35.53 cur_d=0.13 vs=2.28 n=1 [id=70 static=1 gap=6.87m d=0.05 size=0.56]
1787358156.790 [STATIC_OT] state=TRAILING path_exists=1 path_locked=0 path_ttl_ok=0 path_safe=0 on_spline=1 speed=2.19 raw_wpnts=0 raw_age=-s decision=TRAILING reason=NO_STATIC_PATH
1787358156.815 [STATE_CHANGE] TRAILING -> OVERTAKE src=OVERTAKE s=35.80 d=0.14 vs=2.19
1787358156.854 [STATE_CHANGE] OVERTAKE -> TRAILING src=GB_TRACK s=35.94 d=0.13 vs=2.14
1787358156.997 [STATIC_OT] state=TRAILING path_exists=1 path_locked=0 path_ttl_ok=1 path_safe=0 on_spline=1 speed=2.09 raw_wpnts=125 raw_age=0.12s decision=TRAILING reason=PATH_BLOCKED blocked_obs_id=70 gap=6.36m free_dist=0.137m branch=static/geom
1787358157.205 [STATIC_OT] state=TRAILING path_exists=1 path_locked=0 path_ttl_ok=0 path_safe=0 on_spline=1 speed=1.92 raw_wpnts=0 raw_age=-s decision=TRAILING reason=NO_STATIC_PATH
1787358157.259 [OBSTACLES] cur_s=36.76 cur_d=0.01 vs=1.90 n=1 [id=70 static=1 gap=5.73m d=0.12 size=0.53]
1787358157.273 [OPP_MEM_DBG] state=TRAILING src=GB_TRACK n_obs=1 last_gap=1.22 age=14.52 window=3.00 ebh=8.00 track_len=39.52 active=0
1787358157.427 [STATIC_OT] state=TRAILING path_exists=1 path_locked=0 path_ttl_ok=1 path_safe=0 on_spline=1 speed=1.67 raw_wpnts=111 raw_age=0.05s decision=TRAILING reason=PATH_BLOCKED blocked_obs_id=70 gap=5.83m free_dist=0.071m branch=static/geom
1787358157.639 [STATIC_OT] state=TRAILING path_exists=1 path_locked=0 path_ttl_ok=1 path_safe=1 on_spline=1 speed=1.50 raw_wpnts=107 raw_age=0.07s decision=OVERTAKE
1787358157.639 [STATE_CHANGE] TRAILING -> OVERTAKE src=OVERTAKE s=37.48 d=-0.01 vs=1.50
1787358157.659 [STATE_CHANGE] OVERTAKE -> TRAILING src=GB_TRACK s=37.58 d=-0.01 vs=1.47
1787358157.725 [STATE_CHANGE] TRAILING -> OVERTAKE src=OVERTAKE s=37.68 d=-0.02 vs=1.44
1787358157.735 [DYNAMIC_OT] target=70 gap=5.88 ego_v=1.44 opp_v=0.00 rel_v=1.44 sector=1 force_trailing=0 pred_age=- pred_valid=0 path=0 path_age=- safe=0 left=- right=- state=TRAILING decision=TRAILING reason=NO_DYNAMIC_OBSTACLE
1787358157.735 [STATE_CHANGE] OVERTAKE -> TRAILING src=GB_TRACK s=37.78 d=-0.04 vs=1.44
1787358157.779 [OBSTACLES] cur_s=37.91 cur_d=-0.08 vs=1.41 n=1 [id=70 static=0 gap=5.48m d=0.39 size=0.54]
1787358157.846 [STATIC_OT] state=TRAILING path_exists=1 path_locked=0 path_ttl_ok=0 path_safe=0 on_spline=1 speed=1.37 raw_wpnts=0 raw_age=-s decision=TRAILING reason=NO_STATIC_PATH
1787358157.959 [DYNAMIC_OT] target=70 gap=5.42 ego_v=1.34 opp_v=0.14 rel_v=1.19 sector=1 force_trailing=0 pred_age=- pred_valid=0 path=0 path_age=- safe=0 left=- right=- state=TRAILING decision=TRAILING reason=PREDICTION_NEVER
1787358158.064 [STATIC_OT] state=TRAILING path_exists=1 path_locked=0 path_ttl_ok=0 path_safe=0 on_spline=1 speed=1.35 raw_wpnts=0 raw_age=-s decision=TRAILING reason=NO_STATIC_PATH
1787358158.142 [STATE_CHANGE] TRAILING -> OVERTAKE src=OVERTAKE s=38.48 d=-0.16 vs=1.37
1787358158.144 [OPP_MEMORY] opponent id=70 lost 0.10s ago at gap=5.36m -- holding speed cap 6.37 m/s (raceline 8.12) state=OVERTAKE
1787358158.296 [OBSTACLES] cur_s=38.71 cur_d=-0.09 vs=1.40 n=1 [id=70 static=1 gap=4.47m d=0.32 size=0.53]
1787358158.297 [OPP_MEM_DBG] state=OVERTAKE src=OVERTAKE n_obs=1 last_gap=5.36 age=0.25 window=3.00 ebh=8.00 track_len=39.52 active=1
1787358158.669 [OPP_MEMORY] opponent id=70 lost 0.62s ago at gap=5.36m -- holding speed cap 6.50 m/s (raceline 8.27) state=OVERTAKE
1787358158.797 [OBSTACLES] cur_s=38.94 cur_d=-0.09 vs=1.54 n=1 [id=70 static=1 gap=4.30m d=0.40 size=0.49]
1787358159.058 [DYNAMIC_OT] target=70 gap=3.68 ego_v=2.00 opp_v=0.19 rel_v=1.82 sector=1 force_trailing=0 pred_age=- pred_valid=0 path=0 path_age=- safe=0 left=- right=- state=OVERTAKE decision=OVERTAKE
1787358159.171 [OPP_MEMORY] opponent id=70 lost 0.04s ago at gap=3.36m -- holding speed cap 5.48 m/s (raceline 8.79) state=OVERTAKE
1787358159.313 [OBSTACLES] cur_s=0.58 cur_d=-0.08 vs=2.97 n=1 [id=70 static=0 gap=2.25m d=0.45 size=0.52]
1787358159.316 [DYNAMIC_OT] target=70 gap=2.51 ego_v=2.97 opp_v=0.19 rel_v=2.79 sector=1 force_trailing=0 pred_age=- pred_valid=0 path=0 path_age=- safe=0 left=- right=- state=OVERTAKE decision=OVERTAKE
1787358159.350 [OPP_MEM_DBG] state=OVERTAKE src=OVERTAKE n_obs=0 last_gap=2.38 age=0.02 window=3.00 ebh=8.00 track_len=39.52 active=1
1787358159.569 [DYNAMIC_OT] target=70 gap=1.80 ego_v=3.37 opp_v=0.19 rel_v=3.18 sector=1 force_trailing=0 pred_age=- pred_valid=0 path=0 path_age=- safe=0 left=- right=- state=OVERTAKE decision=OVERTAKE
1787358159.696 [OPP_MEMORY] opponent id=70 lost 0.06s ago at gap=1.75m -- holding speed cap 3.67 m/s (raceline 7.46) state=OVERTAKE
1787358159.770 [DYNAMIC_OT] target=70 gap=0.72 ego_v=3.73 opp_v=0.30 rel_v=3.43 sector=1 force_trailing=0 pred_age=- pred_valid=0 path=0 path_age=- safe=0 left=- right=- state=OVERTAKE decision=OVERTAKE
1787358159.828 [OBSTACLES] cur_s=2.33 cur_d=-0.10 vs=3.73 n=1 [id=70 static=0 gap=0.38m d=0.46 size=0.49]
1787358160.210 [OPP_MEMORY] opponent id=70 lost 0.28s ago at gap=0.31m -- holding speed cap 1.99 m/s (raceline 5.31) state=OVERTAKE
1787358160.330 [OBSTACLES] cur_s=3.90 cur_d=-0.24 vs=2.87 n=0 [none]
1787358160.368 [OPP_MEM_DBG] state=OVERTAKE src=OVERTAKE n_obs=0 last_gap=0.31 age=0.44 window=3.00 ebh=8.00 track_len=39.52 active=1
1787358160.736 [OPP_MEMORY] opponent id=70 lost 0.80s ago at gap=0.31m -- holding speed cap 1.63 m/s (raceline 4.34) state=OVERTAKE
1787358160.849 [OBSTACLES] cur_s=4.80 cur_d=-0.15 vs=1.53 n=0 [none]
1787358160.951 [STATE_CHANGE] OVERTAKE -> LOSTLINE src=GB_TRACK s=4.92 d=-0.14 vs=1.47
1787358160.969 [STATE_CHANGE] LOSTLINE -> GB_TRACK src=GB_TRACK s=4.94 d=-0.14 vs=1.46
1787358161.237 [OPP_MEMORY] opponent id=70 lost 1.31s ago at gap=0.31m -- holding speed cap 1.49 m/s (raceline 3.98) state=GB_TRACK
1787358161.350 [OBSTACLES] cur_s=5.43 cur_d=-0.04 vs=1.33 n=0 [none]
1787358161.370 [OPP_MEM_DBG] state=GB_TRACK src=GB_TRACK n_obs=0 last_gap=0.31 age=1.44 window=3.00 ebh=8.00 track_len=39.52 active=1
1787358161.758 [OPP_MEMORY] opponent id=70 lost 1.83s ago at gap=0.31m -- holding speed cap 1.39 m/s (raceline 3.70) state=GB_TRACK
1787358161.855 [OBSTACLES] cur_s=6.10 cur_d=-0.04 vs=1.31 n=0 [none]
1787358162.271 [OPP_MEMORY] opponent id=70 lost 2.34s ago at gap=0.31m -- holding speed cap 1.33 m/s (raceline 3.54) state=GB_TRACK
1787358162.369 [OBSTACLES] cur_s=6.85 cur_d=0.07 vs=1.23 n=0 [none]
1787358162.391 [OPP_MEM_DBG] state=GB_TRACK src=GB_TRACK n_obs=0 last_gap=0.31 age=2.46 window=3.00 ebh=8.00 track_len=39.52 active=1
1787358162.776 [OPP_MEMORY] opponent id=70 lost 2.85s ago at gap=0.31m -- holding speed cap 1.32 m/s (raceline 3.53) state=GB_TRACK
1787358162.874 [OBSTACLES] cur_s=7.44 cur_d=0.19 vs=1.22 n=0 [none]
1787358163.389 [OBSTACLES] cur_s=8.28 cur_d=0.16 vs=1.67 n=0 [none]
1787358163.409 [OPP_MEM_DBG] state=GB_TRACK src=GB_TRACK n_obs=0 last_gap=0.31 age=3.48 window=3.00 ebh=8.00 track_len=39.52 active=0
1787358163.889 [OBSTACLES] cur_s=9.61 cur_d=0.02 vs=2.79 n=0 [none]
1787358164.391 [OBSTACLES] cur_s=11.21 cur_d=-0.05 vs=3.64 n=0 [none]
1787358164.429 [OPP_MEM_DBG] state=GB_TRACK src=GB_TRACK n_obs=0 last_gap=0.31 age=4.50 window=3.00 ebh=8.00 track_len=39.52 active=0
1787358164.908 [OBSTACLES] cur_s=13.00 cur_d=0.01 vs=3.64 n=0 [none]
1787358165.409 [OBSTACLES] cur_s=14.91 cur_d=-0.06 vs=3.26 n=0 [none]
1787358165.450 [OPP_MEM_DBG] state=GB_TRACK src=GB_TRACK n_obs=0 last_gap=0.31 age=5.52 window=3.00 ebh=8.00 track_len=39.52 active=0
1787358165.910 [OBSTACLES] cur_s=16.31 cur_d=0.13 vs=2.97 n=0 [none]
1787358166.428 [OBSTACLES] cur_s=17.47 cur_d=-0.02 vs=2.12 n=0 [none]
1787358166.469 [OPP_MEM_DBG] state=GB_TRACK src=GB_TRACK n_obs=0 last_gap=0.31 age=6.54 window=3.00 ebh=8.00 track_len=39.52 active=0
1787358166.948 [OBSTACLES] cur_s=18.85 cur_d=-0.14 vs=2.53 n=1 [id=72 static=1 gap=3.47m d=0.09 size=0.48]
1787358166.952 [STATIC_OT] state=GB_TRACK path_exists=0 path_locked=0 path_ttl_ok=0 path_safe=0 on_spline=0 speed=2.53 raw_wpnts=0 raw_age=-s decision=TRAILING reason=NO_STATIC_PATH
1787358166.952 [STATE_CHANGE] GB_TRACK -> TRAILING src=GB_TRACK s=18.85 d=-0.14 vs=2.53
1787358167.174 [STATIC_OT] state=TRAILING path_exists=0 path_locked=0 path_ttl_ok=0 path_safe=0 on_spline=0 speed=2.57 raw_wpnts=0 raw_age=-s decision=TRAILING reason=NO_STATIC_PATH
1787358167.376 [STATIC_OT] state=TRAILING path_exists=0 path_locked=0 path_ttl_ok=0 path_safe=0 on_spline=0 speed=2.05 raw_wpnts=0 raw_age=-s decision=TRAILING reason=NO_STATIC_PATH
1787358167.459 [OBSTACLES] cur_s=19.88 cur_d=-0.09 vs=1.80 n=1 [id=72 static=1 gap=2.48m d=0.04 size=0.55]
1787358167.471 [OPP_MEM_DBG] state=TRAILING src=GB_TRACK n_obs=1 last_gap=0.31 age=7.54 window=3.00 ebh=8.00 track_len=39.52 active=0
1787358167.582 [STATIC_OT] state=TRAILING path_exists=0 path_locked=0 path_ttl_ok=0 path_safe=0 on_spline=0 speed=1.49 raw_wpnts=0 raw_age=-s decision=TRAILING reason=NO_STATIC_PATH
1787358167.708 [STATE_CHANGE] TRAILING -> OVERTAKE src=OVERTAKE s=20.21 d=-0.04 vs=0.96
1787358167.968 [OBSTACLES] cur_s=20.21 cur_d=-0.03 vs=0.29 n=1 [id=72 static=1 gap=2.26m d=-0.07 size=0.44]
1787358168.469 [OBSTACLES] cur_s=20.69 cur_d=-0.04 vs=1.22 n=1 [id=72 static=1 gap=1.76m d=-0.18 size=0.55]
1787358168.498 [OPP_MEM_DBG] state=OVERTAKE src=OVERTAKE n_obs=1 last_gap=0.31 age=8.57 window=3.00 ebh=8.00 track_len=39.52 active=0
1787358168.997 [OBSTACLES] cur_s=21.40 cur_d=0.10 vs=1.51 n=1 [id=72 static=1 gap=1.04m d=-0.19 size=0.56]
1787358169.537 [OBSTACLES] cur_s=21.75 cur_d=0.17 vs=1.52 n=1 [id=72 static=1 gap=0.68m d=-0.31 size=0.39]
1787358169.538 [OPP_MEM_DBG] state=OVERTAKE src=OVERTAKE n_obs=1 last_gap=0.31 age=9.61 window=3.00 ebh=8.00 track_len=39.52 active=0
1787358170.050 [OBSTACLES] cur_s=22.59 cur_d=0.43 vs=2.00 n=0 [none]
1787358170.548 [OPP_MEM_DBG] state=OVERTAKE src=OVERTAKE n_obs=0 last_gap=0.31 age=10.62 window=3.00 ebh=8.00 track_len=39.52 active=0
1787358170.568 [OBSTACLES] cur_s=24.01 cur_d=0.13 vs=2.57 n=0 [none]
1787358170.908 [STATE_CHANGE] OVERTAKE -> GB_TRACK src=GB_TRACK s=24.96 d=-0.00 vs=3.22
1787358171.069 [OBSTACLES] cur_s=25.50 cur_d=-0.01 vs=3.40 n=0 [none]
1787358171.548 [OPP_MEM_DBG] state=GB_TRACK src=GB_TRACK n_obs=0 last_gap=0.31 age=11.62 window=3.00 ebh=8.00 track_len=39.52 active=0
1787358171.591 [OBSTACLES] cur_s=26.90 cur_d=0.07 vs=2.77 n=0 [none]
1787358172.109 [OBSTACLES] cur_s=28.75 cur_d=0.16 vs=3.21 n=0 [none]
1787358172.550 [OPP_MEM_DBG] state=GB_TRACK src=GB_TRACK n_obs=0 last_gap=0.31 age=12.62 window=3.00 ebh=8.00 track_len=39.52 active=0
1787358172.622 [OBSTACLES] cur_s=30.43 cur_d=0.14 vs=3.45 n=0 [none]
1787358173.131 [OBSTACLES] cur_s=31.69 cur_d=-0.06 vs=2.44 n=0 [none]
1787358173.551 [OPP_MEM_DBG] state=GB_TRACK src=GB_TRACK n_obs=0 last_gap=0.31 age=13.62 window=3.00 ebh=8.00 track_len=39.52 active=0
1787358173.648 [OBSTACLES] cur_s=32.92 cur_d=0.11 vs=2.65 n=1 [id=77 static=1 gap=9.63m d=0.06 size=0.53]
1787358173.654 [STATIC_OT] state=GB_TRACK path_exists=0 path_locked=0 path_ttl_ok=0 path_safe=0 on_spline=0 speed=2.65 raw_wpnts=0 raw_age=-s decision=TRAILING reason=NO_STATIC_PATH
1787358173.654 [STATE_CHANGE] GB_TRACK -> TRAILING src=GB_TRACK s=32.92 d=0.11 vs=2.65
1787358173.870 [STATIC_OT] state=TRAILING path_exists=0 path_locked=0 path_ttl_ok=0 path_safe=0 on_spline=0 speed=2.94 raw_wpnts=0 raw_age=-s decision=TRAILING reason=NO_STATIC_PATH
1787358174.072 [STATIC_OT] state=TRAILING path_exists=0 path_locked=0 path_ttl_ok=0 path_safe=0 on_spline=0 speed=2.92 raw_wpnts=0 raw_age=-s decision=TRAILING reason=NO_STATIC_PATH
1787358174.149 [OBSTACLES] cur_s=34.36 cur_d=0.12 vs=2.88 n=1 [id=77 static=1 gap=8.17m d=0.09 size=0.57]
1787358174.273 [STATIC_OT] state=TRAILING path_exists=0 path_locked=0 path_ttl_ok=0 path_safe=0 on_spline=0 speed=2.75 raw_wpnts=0 raw_age=-s decision=TRAILING reason=NO_STATIC_PATH
1787358174.481 [STATIC_OT] state=TRAILING path_exists=0 path_locked=0 path_ttl_ok=0 path_safe=0 on_spline=0 speed=2.44 raw_wpnts=0 raw_age=-s decision=TRAILING reason=NO_STATIC_PATH
1787358174.542 [STATE_CHANGE] TRAILING -> OVERTAKE src=OVERTAKE s=35.79 d=0.11 vs=2.36
1787358174.560 [OPP_MEM_DBG] state=TRAILING src=GB_TRACK n_obs=1 last_gap=0.31 age=14.63 window=3.00 ebh=8.00 track_len=39.52 active=0
1787358174.560 [STATE_CHANGE] OVERTAKE -> TRAILING src=GB_TRACK s=35.82 d=0.10 vs=2.32
1787358174.643 [STATE_CHANGE] TRAILING -> OVERTAKE src=OVERTAKE s=36.03 d=0.12 vs=2.21
1787358174.663 [OBSTACLES] cur_s=36.08 cur_d=0.13 vs=2.17 n=1 [id=77 static=1 gap=6.52m d=0.12 size=0.54]
1787358174.681 [STATE_CHANGE] OVERTAKE -> TRAILING src=GB_TRACK s=36.12 d=0.13 vs=2.14
1787358174.701 [STATIC_OT] state=TRAILING path_exists=1 path_locked=0 path_ttl_ok=1 path_safe=0 on_spline=1 speed=2.12 raw_wpnts=126 raw_age=0.12s decision=TRAILING reason=PATH_BLOCKED blocked_obs_id=77 gap=6.66m free_dist=0.138m branch=static/geom
1787358174.924 [STATIC_OT] state=TRAILING path_exists=1 path_locked=0 path_ttl_ok=1 path_safe=1 on_spline=1 speed=1.96 raw_wpnts=120 raw_age=0.05s decision=OVERTAKE
1787358174.925 [STATE_CHANGE] TRAILING -> OVERTAKE src=OVERTAKE s=36.47 d=0.12 vs=1.96
1787358175.016 [DYNAMIC_OT] target=77 gap=6.59 ego_v=1.83 opp_v=0.00 rel_v=1.83 sector=1 force_trailing=0 pred_age=- pred_valid=0 path=0 path_age=- safe=0 left=- right=- state=TRAILING decision=TRAILING reason=NO_DYNAMIC_OBSTACLE
1787358175.016 [STATE_CHANGE] OVERTAKE -> TRAILING src=GB_TRACK s=36.89 d=0.06 vs=1.83
1787358175.135 [STATIC_OT] state=TRAILING path_exists=1 path_locked=0 path_ttl_ok=0 path_safe=0 on_spline=1 speed=1.85 raw_wpnts=0 raw_age=-s decision=TRAILING reason=NO_STATIC_PATH
1787358175.177 [OBSTACLES] cur_s=37.18 cur_d=-0.02 vs=1.86 n=1 [id=77 static=0 gap=6.13m d=0.25 size=0.54]
1787358175.233 [DYNAMIC_OT] target=77 gap=6.34 ego_v=1.85 opp_v=0.51 rel_v=1.34 sector=1 force_trailing=0 pred_age=- pred_valid=0 path=0 path_age=- safe=0 left=- right=- state=TRAILING decision=TRAILING reason=PREDICTION_NEVER
1787358175.337 [STATIC_OT] state=TRAILING path_exists=1 path_locked=0 path_ttl_ok=0 path_safe=0 on_spline=1 speed=1.81 raw_wpnts=0 raw_age=-s decision=TRAILING reason=NO_STATIC_PATH
1787358175.434 [DYNAMIC_OT] target=77 gap=6.04 ego_v=1.87 opp_v=0.45 rel_v=1.42 sector=1 force_trailing=0 pred_age=- pred_valid=0 path=0 path_age=- safe=0 left=- right=- state=TRAILING decision=TRAILING reason=PREDICTION_NEVER
1787358175.553 [STATIC_OT] state=TRAILING path_exists=1 path_locked=0 path_ttl_ok=0 path_safe=0 on_spline=1 speed=1.92 raw_wpnts=0 raw_age=-s decision=TRAILING reason=NO_STATIC_PATH
1787358175.638 [DYNAMIC_OT] target=77 gap=5.55 ego_v=2.00 opp_v=0.35 rel_v=1.65 sector=1 force_trailing=0 pred_age=- pred_valid=0 path=0 path_age=- safe=0 left=- right=- state=TRAILING decision=TRAILING reason=PREDICTION_NEVER
1787358175.689 [OBSTACLES] cur_s=38.20 cur_d=-0.04 vs=2.01 n=1 [id=77 static=0 gap=5.21m d=0.31 size=0.54]
1787358175.718 [OPP_MEM_DBG] state=GB_TRACK src=GB_TRACK n_obs=0 last_gap=5.48 age=0.03 window=3.00 ebh=8.00 track_len=39.52 active=1
1787358175.719 [STATE_CHANGE] TRAILING -> GB_TRACK src=GB_TRACK s=38.21 d=-0.03 vs=2.01
1787358175.728 [OPP_MEMORY] opponent id=77 lost 0.03s ago at gap=5.48m -- holding speed cap 6.26 m/s (raceline 7.87) state=GB_TRACK
1787358175.781 [STATIC_OT] state=GB_TRACK path_exists=1 path_locked=0 path_ttl_ok=0 path_safe=0 on_spline=1 speed=2.00 raw_wpnts=0 raw_age=-s decision=TRAILING reason=NO_STATIC_PATH
1787358175.781 [STATE_CHANGE] GB_TRACK -> TRAILING src=GB_TRACK s=38.28 d=-0.02 vs=2.00
1787358175.840 [DYNAMIC_OT] target=77 gap=5.14 ego_v=1.97 opp_v=-0.23 rel_v=2.20 sector=1 force_trailing=0 pred_age=- pred_valid=0 path=0 path_age=- safe=0 left=- right=- state=TRAILING decision=TRAILING reason=PREDICTION_NEVER
1787358175.872 [STATE_CHANGE] TRAILING -> GB_TRACK src=GB_TRACK s=38.33 d=-0.01 vs=1.93
1787358175.910 [STATE_CHANGE] GB_TRACK -> TRAILING src=GB_TRACK s=38.36 d=-0.04 vs=1.87
1787358176.004 [STATIC_OT] state=TRAILING path_exists=1 path_locked=0 path_ttl_ok=0 path_safe=0 on_spline=1 speed=1.68 raw_wpnts=0 raw_age=-s decision=TRAILING reason=NO_STATIC_PATH
1787358176.051 [DYNAMIC_OT] target=77 gap=4.56 ego_v=1.61 opp_v=-1.05 rel_v=2.66 sector=1 force_trailing=0 pred_age=- pred_valid=0 path=0 path_age=- safe=0 left=- right=- state=TRAILING decision=TRAILING reason=PREDICTION_NEVER
1787358176.190 [OBSTACLES] cur_s=38.96 cur_d=-0.05 vs=1.23 n=1 [id=77 static=0 gap=4.07m d=0.46 size=0.52]
1787358176.213 [STATIC_OT] state=TRAILING path_exists=1 path_locked=0 path_ttl_ok=0 path_safe=0 on_spline=1 speed=1.17 raw_wpnts=0 raw_age=-s decision=TRAILING reason=NO_STATIC_PATH
1787358176.264 [DYNAMIC_OT] target=77 gap=4.33 ego_v=1.00 opp_v=-0.32 rel_v=1.32 sector=1 force_trailing=0 pred_age=- pred_valid=0 path=0 path_age=- safe=0 left=- right=- state=TRAILING decision=TRAILING reason=PREDICTION_NEVER
1787358176.337 [STATE_CHANGE] TRAILING -> OVERTAKE src=OVERTAKE s=39.09 d=-0.02 vs=0.82
1787358176.339 [OPP_MEMORY] opponent id=77 lost 0.08s ago at gap=4.33m -- holding speed cap 6.01 m/s (raceline 8.57) state=OVERTAKE
1787358176.707 [OBSTACLES] cur_s=38.68 cur_d=0.01 vs=0.81 n=1 [id=77 static=1 gap=4.49m d=0.40 size=0.51]
1787358176.736 [OPP_MEM_DBG] state=OVERTAKE src=OVERTAKE n_obs=1 last_gap=4.33 age=0.48 window=3.00 ebh=8.00 track_len=39.52 active=1
1787358176.849 [OPP_MEMORY] opponent id=77 lost 0.59s ago at gap=4.33m -- holding speed cap 5.75 m/s (raceline 8.19) state=OVERTAKE
1787358176.929 [DYNAMIC_OT] target=77 gap=3.93 ego_v=1.14 opp_v=-0.32 rel_v=1.47 sector=1 force_trailing=0 pred_age=- pred_valid=0 path=0 path_age=- safe=0 left=- right=- state=OVERTAKE decision=OVERTAKE
1787358177.140 [DYNAMIC_OT] target=77 gap=3.39 ego_v=1.64 opp_v=-0.14 rel_v=1.78 sector=1 force_trailing=0 pred_age=- pred_valid=0 path=0 path_age=- safe=0 left=- right=- state=OVERTAKE decision=OVERTAKE
1787358177.211 [OBSTACLES] cur_s=39.42 cur_d=-0.04 vs=1.79 n=1 [id=77 static=0 gap=3.05m d=0.36 size=0.50]
1787358177.352 [DYNAMIC_OT] target=77 gap=2.92 ego_v=2.13 opp_v=-0.06 rel_v=2.19 sector=1 force_trailing=0 pred_age=- pred_valid=0 path=0 path_age=- safe=0 left=- right=- state=OVERTAKE decision=OVERTAKE
1787358177.553 [DYNAMIC_OT] target=77 gap=2.52 ego_v=2.49 opp_v=-0.23 rel_v=2.72 sector=1 force_trailing=0 pred_age=- pred_valid=0 path=0 path_age=- safe=0 left=- right=- state=OVERTAKE decision=OVERTAKE
1787358177.673 [OPP_MEMORY] opponent id=77 lost 0.02s ago at gap=2.19m -- holding speed cap 4.28 m/s (raceline 8.11) state=OVERTAKE
1787358177.717 [OBSTACLES] cur_s=1.07 cur_d=0.06 vs=2.87 n=1 [id=77 static=1 gap=1.86m d=0.39 size=0.50]
1787358177.767 [OPP_MEM_DBG] state=OVERTAKE src=OVERTAKE n_obs=1 last_gap=2.19 age=0.12 window=3.00 ebh=8.00 track_len=39.52 active=1
1787358178.205 [OPP_MEMORY] opponent id=77 lost 0.55s ago at gap=2.19m -- holding speed cap 3.59 m/s (raceline 6.80) state=OVERTAKE
1787358178.234 [OBSTACLES] cur_s=2.56 cur_d=-0.03 vs=2.98 n=1 [id=77 static=1 gap=0.24m d=0.43 size=0.55]
1787358178.712 [OPP_MEMORY] opponent id=77 lost 1.06s ago at gap=2.19m -- holding speed cap 2.74 m/s (raceline 5.19) state=OVERTAKE
1787358178.736 [OBSTACLES] cur_s=3.73 cur_d=-0.27 vs=2.50 n=0 [none]
1787358178.772 [OPP_MEM_DBG] state=OVERTAKE src=OVERTAKE n_obs=0 last_gap=2.19 age=1.12 window=3.00 ebh=8.00 track_len=39.52 active=1
1787358179.233 [OPP_MEMORY] opponent id=77 lost 1.58s ago at gap=2.19m -- holding speed cap 2.18 m/s (raceline 4.12) state=OVERTAKE
1787358179.252 [OBSTACLES] cur_s=4.99 cur_d=-0.06 vs=2.32 n=0 [none]
1787358179.513 [STATE_CHANGE] OVERTAKE -> GB_TRACK src=GB_TRACK s=5.57 d=-0.03 vs=2.16
1787358179.754 [OBSTACLES] cur_s=5.98 cur_d=-0.04 vs=2.02 n=0 [none]
1787358179.762 [OPP_MEMORY] opponent id=77 lost 2.11s ago at gap=2.19m -- holding speed cap 1.95 m/s (raceline 3.70) state=GB_TRACK
1787358179.791 [OPP_MEM_DBG] state=GB_TRACK src=GB_TRACK n_obs=0 last_gap=2.19 age=2.14 window=3.00 ebh=8.00 track_len=39.52 active=1
1787358180.268 [OBSTACLES] cur_s=7.01 cur_d=0.09 vs=1.80 n=0 [none]
1787358180.270 [OPP_MEMORY] opponent id=77 lost 2.62s ago at gap=2.19m -- holding speed cap 1.86 m/s (raceline 3.52) state=GB_TRACK
1787358180.770 [OBSTACLES] cur_s=7.91 cur_d=0.19 vs=1.76 n=0 [none]
1787358180.793 [OPP_MEM_DBG] state=GB_TRACK src=GB_TRACK n_obs=0 last_gap=2.19 age=3.14 window=3.00 ebh=8.00 track_len=39.52 active=0
1787358181.274 [OBSTACLES] cur_s=9.08 cur_d=0.08 vs=2.47 n=0 [none]
1787358181.789 [OBSTACLES] cur_s=10.76 cur_d=-0.04 vs=3.55 n=0 [none]
1787358181.810 [OPP_MEM_DBG] state=GB_TRACK src=GB_TRACK n_obs=0 last_gap=2.19 age=4.16 window=3.00 ebh=8.00 track_len=39.52 active=0
1787358182.290 [OBSTACLES] cur_s=12.57 cur_d=0.02 vs=3.66 n=0 [none]
1787358182.808 [OBSTACLES] cur_s=14.39 cur_d=-0.04 vs=3.38 n=0 [none]
1787358182.829 [OPP_MEM_DBG] state=GB_TRACK src=GB_TRACK n_obs=0 last_gap=2.19 age=5.18 window=3.00 ebh=8.00 track_len=39.52 active=0
1787358183.312 [OBSTACLES] cur_s=15.99 cur_d=0.04 vs=3.03 n=0 [none]
1787358183.831 [OBSTACLES] cur_s=17.14 cur_d=0.07 vs=2.31 n=0 [none]
1787358183.831 [OPP_MEM_DBG] state=GB_TRACK src=GB_TRACK n_obs=0 last_gap=2.19 age=6.18 window=3.00 ebh=8.00 track_len=39.52 active=0
1787358184.349 [OBSTACLES] cur_s=18.40 cur_d=-0.15 vs=2.28 n=0 [none]
1787358184.554 [STATIC_OT] state=GB_TRACK path_exists=0 path_locked=0 path_ttl_ok=0 path_safe=0 on_spline=0 speed=2.63 raw_wpnts=0 raw_age=-s decision=TRAILING reason=NO_STATIC_PATH
1787358184.554 [STATE_CHANGE] GB_TRACK -> TRAILING src=GB_TRACK s=19.06 d=-0.17 vs=2.63
1787358184.772 [STATIC_OT] state=TRAILING path_exists=0 path_locked=0 path_ttl_ok=0 path_safe=0 on_spline=0 speed=2.76 raw_wpnts=0 raw_age=-s decision=TRAILING reason=NO_STATIC_PATH
1787358184.832 [OPP_MEM_DBG] state=TRAILING src=GB_TRACK n_obs=1 last_gap=2.19 age=7.18 window=3.00 ebh=8.00 track_len=39.52 active=0
1787358184.852 [OBSTACLES] cur_s=19.64 cur_d=-0.12 vs=2.68 n=1 [id=85 static=1 gap=2.73m d=0.07 size=0.58]
1787358185.002 [STATIC_OT] state=TRAILING path_exists=0 path_locked=0 path_ttl_ok=0 path_safe=0 on_spline=0 speed=1.88 raw_wpnts=0 raw_age=-s decision=TRAILING reason=NO_STATIC_PATH
1787358185.211 [STATIC_OT] state=TRAILING path_exists=0 path_locked=0 path_ttl_ok=0 path_safe=0 on_spline=0 speed=1.02 raw_wpnts=0 raw_age=-s decision=TRAILING reason=NO_STATIC_PATH
1787358185.239 [STATE_CHANGE] TRAILING -> OVERTAKE src=OVERTAKE s=20.39 d=-0.04 vs=1.01
1787358185.353 [OBSTACLES] cur_s=20.42 cur_d=-0.05 vs=0.56 n=1 [id=85 static=1 gap=2.04m d=-0.04 size=0.47]
1787358185.833 [OPP_MEM_DBG] state=OVERTAKE src=OVERTAKE n_obs=1 last_gap=2.19 age=8.18 window=3.00 ebh=8.00 track_len=39.52 active=0
1787358185.870 [OBSTACLES] cur_s=20.72 cur_d=-0.04 vs=1.10 n=1 [id=85 static=1 gap=1.71m d=-0.17 size=0.54]
1787358186.392 [OBSTACLES] cur_s=21.53 cur_d=0.06 vs=1.70 n=1 [id=85 static=1 gap=0.86m d=-0.19 size=0.60]
1787358186.851 [OPP_MEM_DBG] state=OVERTAKE src=OVERTAKE n_obs=1 last_gap=2.19 age=9.20 window=3.00 ebh=8.00 track_len=39.52 active=0
1787358186.894 [OBSTACLES] cur_s=22.00 cur_d=0.33 vs=1.73 n=1 [id=85 static=1 gap=0.45m d=-0.29 size=0.22]
1787358187.415 [OBSTACLES] cur_s=23.02 cur_d=0.53 vs=1.68 n=0 [none]
1787358187.874 [OPP_MEM_DBG] state=OVERTAKE src=OVERTAKE n_obs=0 last_gap=2.19 age=10.23 window=3.00 ebh=8.00 track_len=39.52 active=0
1787358187.928 [OBSTACLES] cur_s=23.97 cur_d=0.12 vs=2.33 n=0 [none]
1787358188.209 [STATE_CHANGE] OVERTAKE -> GB_TRACK src=GB_TRACK s=24.81 d=-0.03 vs=3.07
1787358188.430 [OBSTACLES] cur_s=25.50 cur_d=-0.03 vs=3.28 n=0 [none]
1787358188.890 [OPP_MEM_DBG] state=GB_TRACK src=GB_TRACK n_obs=0 last_gap=2.19 age=11.24 window=3.00 ebh=8.00 track_len=39.52 active=0
1787358188.948 [OBSTACLES] cur_s=26.80 cur_d=0.03 vs=2.91 n=0 [none]
1787358189.449 [OBSTACLES] cur_s=28.62 cur_d=0.12 vs=3.15 n=0 [none]
1787358189.890 [OPP_MEM_DBG] state=GB_TRACK src=GB_TRACK n_obs=0 last_gap=2.19 age=12.24 window=3.00 ebh=8.00 track_len=39.52 active=0
1787358189.949 [OBSTACLES] cur_s=30.32 cur_d=0.09 vs=3.53 n=0 [none]
1787358190.468 [OBSTACLES] cur_s=31.59 cur_d=-0.10 vs=2.47 n=0 [none]
1787358190.911 [OPP_MEM_DBG] state=GB_TRACK src=GB_TRACK n_obs=0 last_gap=2.19 age=13.26 window=3.00 ebh=8.00 track_len=39.52 active=0
1787358190.970 [OBSTACLES] cur_s=32.69 cur_d=-0.01 vs=2.52 n=0 [none]
1787358191.053 [STATIC_OT] state=GB_TRACK path_exists=0 path_locked=0 path_ttl_ok=0 path_safe=0 on_spline=0 speed=2.63 raw_wpnts=0 raw_age=-s decision=TRAILING reason=NO_STATIC_PATH
1787358191.053 [STATE_CHANGE] GB_TRACK -> TRAILING src=GB_TRACK s=32.95 d=0.01 vs=2.63
1787358191.277 [STATIC_OT] state=TRAILING path_exists=0 path_locked=0 path_ttl_ok=0 path_safe=0 on_spline=0 speed=2.91 raw_wpnts=0 raw_age=-s decision=TRAILING reason=NO_STATIC_PATH
1787358191.494 [OBSTACLES] cur_s=34.14 cur_d=0.08 vs=2.94 n=1 [id=88 static=1 gap=8.36m d=0.14 size=0.54]
1787358191.497 [STATIC_OT] state=TRAILING path_exists=0 path_locked=0 path_ttl_ok=0 path_safe=0 on_spline=0 speed=2.94 raw_wpnts=0 raw_age=-s decision=TRAILING reason=NO_STATIC_PATH
1787358191.713 [STATIC_OT] state=TRAILING path_exists=0 path_locked=0 path_ttl_ok=0 path_safe=0 on_spline=0 speed=2.70 raw_wpnts=0 raw_age=-s decision=TRAILING reason=NO_STATIC_PATH
1787358191.832 [STATE_CHANGE] TRAILING -> OVERTAKE src=OVERTAKE s=34.91 d=0.10 vs=2.59
1787358191.914 [OPP_MEM_DBG] state=OVERTAKE src=OVERTAKE n_obs=1 last_gap=2.19 age=14.27 window=3.00 ebh=8.00 track_len=39.52 active=0
1787358191.979 [STATIC_OT] state=OVERTAKE path_exists=1 path_locked=1 path_ttl_ok=1 path_safe=0 on_spline=1 speed=2.39 raw_wpnts=134 raw_age=0.10s decision=TRAILING reason=PATH_BLOCKED blocked_obs_id=88 gap=7.01m free_dist=0.148m branch=static/geom
1787358191.988 [STATE_CHANGE] OVERTAKE -> TRAILING src=GB_TRACK s=35.66 d=0.12 vs=2.39
1787358192.016 [OBSTACLES] cur_s=35.66 cur_d=0.12 vs=2.39 n=1 [id=88 static=1 gap=6.82m d=0.15 size=0.58]
1787358192.072 [STATE_CHANGE] TRAILING -> OVERTAKE src=OVERTAKE s=35.69 d=0.13 vs=2.38
1787358192.353 [STATIC_OT] state=OVERTAKE path_exists=1 path_locked=1 path_ttl_ok=0 path_safe=0 on_spline=1 speed=2.34 raw_wpnts=0 raw_age=-s decision=TRAILING reason=NO_STATIC_PATH
1787358192.354 [STATE_CHANGE] OVERTAKE -> TRAILING src=GB_TRACK s=36.56 d=0.08 vs=2.34
1787358192.532 [OBSTACLES] cur_s=36.95 cur_d=-0.00 vs=2.39 n=1 [id=88 static=1 gap=5.65m d=0.14 size=0.55]
1787358192.576 [STATIC_OT] state=TRAILING path_exists=1 path_locked=0 path_ttl_ok=1 path_safe=0 on_spline=1 speed=2.38 raw_wpnts=119 raw_age=0.10s decision=TRAILING reason=PATH_BLOCKED blocked_obs_id=88 gap=5.78m free_dist=0.148m branch=static/geom
1787358192.656 [STATE_CHANGE] TRAILING -> OVERTAKE src=OVERTAKE s=37.10 d=-0.01 vs=2.35
1787358192.708 [STATE_CHANGE] OVERTAKE -> TRAILING src=GB_TRACK s=37.15 d=-0.01 vs=2.33
1787358192.792 [STATIC_OT] state=TRAILING path_exists=1 path_locked=0 path_ttl_ok=1 path_safe=0 on_spline=1 speed=2.27 raw_wpnts=112 raw_age=0.11s decision=TRAILING reason=PATH_BLOCKED blocked_obs_id=88 gap=5.62m free_dist=0.078m branch=static/geom
1787358192.927 [OPP_MEM_DBG] state=TRAILING src=GB_TRACK n_obs=1 last_gap=2.19 age=15.28 window=3.00 ebh=8.00 track_len=39.52 active=0
1787358193.028 [STATIC_OT] state=TRAILING path_exists=1 path_locked=0 path_ttl_ok=0 path_safe=0 on_spline=1 speed=1.90 raw_wpnts=0 raw_age=-s decision=TRAILING reason=NO_STATIC_PATH
1787358193.067 [OBSTACLES] cur_s=37.95 cur_d=-0.09 vs=1.79 n=1 [id=88 static=1 gap=4.83m d=0.21 size=0.54]
1787358193.237 [STATIC_OT] state=TRAILING path_exists=1 path_locked=0 path_ttl_ok=0 path_safe=0 on_spline=1 speed=1.47 raw_wpnts=0 raw_age=-s decision=TRAILING reason=NO_STATIC_PATH
1787358193.451 [STATIC_OT] state=TRAILING path_exists=1 path_locked=0 path_ttl_ok=0 path_safe=0 on_spline=1 speed=1.21 raw_wpnts=0 raw_age=-s decision=TRAILING reason=NO_STATIC_PATH
1787358193.594 [OBSTACLES] cur_s=38.87 cur_d=-0.11 vs=1.08 n=1 [id=88 static=1 gap=4.13m d=0.31 size=0.51]
1787358193.596 [STATE_CHANGE] TRAILING -> OVERTAKE src=OVERTAKE s=38.87 d=-0.11 vs=1.08
1787358193.931 [OPP_MEM_DBG] state=OVERTAKE src=OVERTAKE n_obs=1 last_gap=2.19 age=16.28 window=3.00 ebh=8.00 track_len=39.52 active=0
1787358194.104 [OBSTACLES] cur_s=39.30 cur_d=-0.07 vs=1.46 n=1 [id=88 static=1 gap=3.89m d=0.40 size=0.50]
1787358194.450 [DYNAMIC_OT] target=88 gap=2.98 ego_v=2.24 opp_v=0.00 rel_v=2.24 sector=1 force_trailing=0 pred_age=- pred_valid=0 path=0 path_age=- safe=0 left=- right=- state=OVERTAKE decision=OVERTAKE
1787358194.608 [OBSTACLES] cur_s=0.54 cur_d=-0.12 vs=2.63 n=1 [id=88 static=0 gap=2.43m d=0.46 size=0.46]
1787358194.656 [DYNAMIC_OT] target=88 gap=2.61 ego_v=2.68 opp_v=0.01 rel_v=2.67 sector=1 force_trailing=0 pred_age=- pred_valid=0 path=0 path_age=- safe=0 left=- right=- state=OVERTAKE decision=OVERTAKE
1787358194.750 [OPP_MEMORY] opponent id=88 lost 0.02s ago at gap=2.45m -- holding speed cap 4.54 m/s (raceline 8.26) state=OVERTAKE
1787358194.911 [DYNAMIC_OT] target=88 gap=1.85 ego_v=3.16 opp_v=-0.13 rel_v=3.28 sector=1 force_trailing=0 pred_age=- pred_valid=0 path=0 path_age=- safe=0 left=- right=- state=OVERTAKE decision=OVERTAKE
1787358194.949 [OPP_MEM_DBG] state=OVERTAKE src=OVERTAKE n_obs=0 last_gap=1.70 age=0.02 window=3.00 ebh=8.00 track_len=39.52 active=1
1787358195.109 [OBSTACLES] cur_s=1.90 cur_d=-0.22 vs=3.39 n=1 [id=88 static=0 gap=0.84m d=0.47 size=0.51]
1787358195.130 [DYNAMIC_OT] target=88 gap=1.02 ego_v=3.41 opp_v=0.22 rel_v=3.19 sector=1 force_trailing=0 pred_age=- pred_valid=0 path=0 path_age=- safe=0 left=- right=- state=OVERTAKE decision=OVERTAKE
1787358195.331 [DYNAMIC_OT] target=88 gap=0.42 ego_v=3.57 opp_v=0.36 rel_v=3.20 sector=1 force_trailing=0 pred_age=- pred_valid=0 path=0 path_age=- safe=0 left=- right=- state=OVERTAKE decision=OVERTAKE
1787358195.350 [OPP_MEMORY] opponent id=88 lost 0.02s ago at gap=0.42m -- holding speed cap 2.56 m/s (raceline 6.67) state=OVERTAKE
1787358195.609 [OBSTACLES] cur_s=3.44 cur_d=-0.22 vs=3.00 n=0 [none]
1787358195.852 [OPP_MEMORY] opponent id=88 lost 0.42s ago at gap=0.11m -- holding speed cap 1.74 m/s (raceline 4.85) state=OVERTAKE
1787358195.953 [OPP_MEM_DBG] state=OVERTAKE src=OVERTAKE n_obs=0 last_gap=0.11 age=0.52 window=3.00 ebh=8.00 track_len=39.52 active=1
1787358196.128 [OBSTACLES] cur_s=4.42 cur_d=-0.12 vs=1.58 n=0 [none]
1787358196.356 [OPP_MEMORY] opponent id=88 lost 0.92s ago at gap=0.11m -- holding speed cap 1.52 m/s (raceline 4.23) state=OVERTAKE
1787358196.449 [STATE_CHANGE] OVERTAKE -> LOSTLINE src=GB_TRACK s=4.87 d=-0.09 vs=1.45
1787358196.468 [STATE_CHANGE] LOSTLINE -> GB_TRACK src=GB_TRACK s=4.89 d=-0.09 vs=1.44
1787358196.633 [OBSTACLES] cur_s=5.12 cur_d=-0.06 vs=1.40 n=0 [none]
1787358196.859 [OPP_MEMORY] opponent id=88 lost 1.43s ago at gap=0.11m -- holding speed cap 1.43 m/s (raceline 3.98) state=GB_TRACK
1787358196.969 [OPP_MEM_DBG] state=GB_TRACK src=GB_TRACK n_obs=0 last_gap=0.11 age=1.54 window=3.00 ebh=8.00 track_len=39.52 active=1
1787358197.154 [OBSTACLES] cur_s=5.75 cur_d=0.01 vs=1.31 n=0 [none]
1787358197.374 [OPP_MEMORY] opponent id=88 lost 1.94s ago at gap=0.11m -- holding speed cap 1.32 m/s (raceline 3.67) state=GB_TRACK
1787358197.668 [OBSTACLES] cur_s=6.52 cur_d=-0.02 vs=1.22 n=0 [none]
1787358197.872 [OPP_MEMORY] opponent id=88 lost 2.44s ago at gap=0.11m -- holding speed cap 1.27 m/s (raceline 3.53) state=GB_TRACK
1787358197.990 [OPP_MEM_DBG] state=GB_TRACK src=GB_TRACK n_obs=0 last_gap=0.11 age=2.56 window=3.00 ebh=8.00 track_len=39.52 active=1
1787358198.191 [OBSTACLES] cur_s=7.14 cur_d=0.11 vs=1.16 n=0 [none]
1787358198.394 [OPP_MEMORY] opponent id=88 lost 2.96s ago at gap=0.11m -- holding speed cap 1.27 m/s (raceline 3.53) state=GB_TRACK
1787358198.697 [OBSTACLES] cur_s=7.74 cur_d=0.23 vs=1.28 n=0 [none]
1787358198.992 [OPP_MEM_DBG] state=GB_TRACK src=GB_TRACK n_obs=0 last_gap=0.11 age=3.56 window=3.00 ebh=8.00 track_len=39.52 active=0
1787358199.208 [OBSTACLES] cur_s=8.89 cur_d=0.10 vs=2.34 n=0 [none]
1787358199.711 [OBSTACLES] cur_s=10.44 cur_d=-0.03 vs=3.44 n=0 [none]
1787358200.010 [OPP_MEM_DBG] state=GB_TRACK src=GB_TRACK n_obs=0 last_gap=0.11 age=4.58 window=3.00 ebh=8.00 track_len=39.52 active=0
1787358200.229 [OBSTACLES] cur_s=12.22 cur_d=0.00 vs=3.70 n=0 [none]
1787358200.730 [OBSTACLES] cur_s=13.94 cur_d=-0.03 vs=3.49 n=0 [none]
1787358201.016 [OPP_MEM_DBG] state=GB_TRACK src=GB_TRACK n_obs=0 last_gap=0.11 age=5.59 window=3.00 ebh=8.00 track_len=39.52 active=0
1787358201.231 [OBSTACLES] cur_s=15.56 cur_d=-0.05 vs=3.12 n=0 [none]
1787358201.738 [OBSTACLES] cur_s=17.02 cur_d=0.11 vs=2.55 n=0 [none]
1787358202.030 [OPP_MEM_DBG] state=GB_TRACK src=GB_TRACK n_obs=0 last_gap=0.11 age=6.60 window=3.00 ebh=8.00 track_len=39.52 active=0
1787358202.250 [OBSTACLES] cur_s=18.04 cur_d=-0.12 vs=2.12 n=0 [none]
1787358202.552 [STATIC_OT] state=GB_TRACK path_exists=0 path_locked=0 path_ttl_ok=0 path_safe=0 on_spline=0 speed=2.48 raw_wpnts=0 raw_age=-s decision=TRAILING reason=NO_STATIC_PATH
1787358202.553 [STATE_CHANGE] GB_TRACK -> TRAILING src=GB_TRACK s=18.92 d=-0.18 vs=2.48
1787358202.772 [OBSTACLES] cur_s=19.33 cur_d=-0.16 vs=2.67 n=1 [id=93 static=1 gap=3.04m d=0.05 size=0.51]
1787358202.774 [STATIC_OT] state=TRAILING path_exists=0 path_locked=0 path_ttl_ok=0 path_safe=0 on_spline=0 speed=2.67 raw_wpnts=0 raw_age=-s decision=TRAILING reason=NO_STATIC_PATH
1787358202.999 [STATIC_OT] state=TRAILING path_exists=0 path_locked=0 path_ttl_ok=0 path_safe=0 on_spline=0 speed=2.38 raw_wpnts=0 raw_age=-s decision=TRAILING reason=NO_STATIC_PATH
1787358203.037 [OPP_MEM_DBG] state=TRAILING src=GB_TRACK n_obs=1 last_gap=0.11 age=7.61 window=3.00 ebh=8.00 track_len=39.52 active=0
1787358203.213 [STATIC_OT] state=TRAILING path_exists=0 path_locked=0 path_ttl_ok=0 path_safe=0 on_spline=0 speed=1.52 raw_wpnts=0 raw_age=-s decision=TRAILING reason=NO_STATIC_PATH
1787358203.252 [STATE_CHANGE] TRAILING -> OVERTAKE src=OVERTAKE s=20.14 d=-0.02 vs=1.43
1787358203.290 [OBSTACLES] cur_s=20.23 cur_d=-0.00 vs=1.12 n=1 [id=93 static=1 gap=2.23m d=-0.03 size=0.45]
1787358203.797 [OBSTACLES] cur_s=20.37 cur_d=-0.03 vs=0.75 n=1 [id=93 static=1 gap=2.10m d=-0.17 size=0.50]
1787358204.050 [OPP_MEM_DBG] state=OVERTAKE src=OVERTAKE n_obs=1 last_gap=0.11 age=8.62 window=3.00 ebh=8.00 track_len=39.52 active=0
1787358204.322 [OBSTACLES] cur_s=21.27 cur_d=0.12 vs=1.66 n=1 [id=93 static=1 gap=1.14m d=-0.19 size=0.57]
1787358204.834 [OBSTACLES] cur_s=21.77 cur_d=0.15 vs=1.80 n=1 [id=93 static=1 gap=0.65m d=-0.29 size=0.38]
1787358205.070 [OPP_MEM_DBG] state=OVERTAKE src=OVERTAKE n_obs=1 last_gap=0.11 age=9.64 window=3.00 ebh=8.00 track_len=39.52 active=0
1787358205.337 [OBSTACLES] cur_s=22.59 cur_d=0.50 vs=1.81 n=0 [none]
1787358205.850 [OBSTACLES] cur_s=23.73 cur_d=0.15 vs=2.36 n=0 [none]
1787358206.088 [OPP_MEM_DBG] state=OVERTAKE src=OVERTAKE n_obs=0 last_gap=0.11 age=10.66 window=3.00 ebh=8.00 track_len=39.52 active=0
1787358206.289 [STATE_CHANGE] OVERTAKE -> GB_TRACK src=GB_TRACK s=24.97 d=0.01 vs=3.17
1787358206.351 [OBSTACLES] cur_s=25.11 cur_d=0.02 vs=3.25 n=0 [none]
1787358206.872 [OBSTACLES] cur_s=26.69 cur_d=0.02 vs=2.87 n=0 [none]
1787358207.090 [OPP_MEM_DBG] state=GB_TRACK src=GB_TRACK n_obs=0 last_gap=0.11 age=11.66 window=3.00 ebh=8.00 track_len=39.52 active=0
1787358207.389 [OBSTACLES] cur_s=28.46 cur_d=0.21 vs=2.98 n=0 [none]
1787358207.889 [OBSTACLES] cur_s=30.08 cur_d=0.15 vs=3.59 n=0 [none]
1787358208.109 [OPP_MEM_DBG] state=GB_TRACK src=GB_TRACK n_obs=0 last_gap=0.11 age=12.68 window=3.00 ebh=8.00 track_len=39.52 active=0
1787358208.410 [OBSTACLES] cur_s=31.47 cur_d=-0.08 vs=2.52 n=0 [none]
1787358208.913 [OBSTACLES] cur_s=32.42 cur_d=0.04 vs=2.33 n=0 [none]
1787358209.110 [OPP_MEM_DBG] state=GB_TRACK src=GB_TRACK n_obs=0 last_gap=0.11 age=13.68 window=3.00 ebh=8.00 track_len=39.52 active=0
1787358209.213 [STATIC_OT] state=GB_TRACK path_exists=0 path_locked=0 path_ttl_ok=0 path_safe=0 on_spline=0 speed=2.76 raw_wpnts=0 raw_age=-s decision=TRAILING reason=NO_STATIC_PATH
1787358209.213 [STATE_CHANGE] GB_TRACK -> TRAILING src=GB_TRACK s=33.09 d=0.02 vs=2.76
1787358209.414 [STATIC_OT] state=TRAILING path_exists=0 path_locked=0 path_ttl_ok=0 path_safe=0 on_spline=0 speed=2.97 raw_wpnts=0 raw_age=-s decision=TRAILING reason=NO_STATIC_PATH
1787358209.429 [OBSTACLES] cur_s=33.68 cur_d=0.03 vs=2.97 n=1 [id=96 static=1 gap=8.75m d=0.09 size=0.56]
1787358209.631 [STATIC_OT] state=TRAILING path_exists=0 path_locked=0 path_ttl_ok=0 path_safe=0 on_spline=0 speed=2.88 raw_wpnts=0 raw_age=-s decision=TRAILING reason=NO_STATIC_PATH
1787358209.833 [STATIC_OT] state=TRAILING path_exists=0 path_locked=0 path_ttl_ok=0 path_safe=0 on_spline=0 speed=2.67 raw_wpnts=0 raw_age=-s decision=TRAILING reason=NO_STATIC_PATH
1787358209.950 [OBSTACLES] cur_s=34.43 cur_d=0.10 vs=2.57 n=1 [id=96 static=1 gap=7.84m d=0.09 size=0.46]
1787358210.035 [STATIC_OT] state=TRAILING path_exists=0 path_locked=0 path_ttl_ok=0 path_safe=0 on_spline=0 speed=2.54 raw_wpnts=0 raw_age=-s decision=TRAILING reason=NO_STATIC_PATH
1787358210.037 [DYNAMIC_OT] target=96 gap=7.38 ego_v=2.54 opp_v=0.00 rel_v=2.54 sector=1 force_trailing=0 pred_age=- pred_valid=0 path=0 path_age=- safe=0 left=- right=- state=TRAILING decision=TRAILING reason=NO_DYNAMIC_OBSTACLE
1787358210.068 [STATE_CHANGE] TRAILING -> LOSTLINE src=GB_TRACK s=34.52 d=0.13 vs=2.48
1787358210.070 [OPP_MEMORY] opponent id=96 lost 0.02s ago at gap=7.35m -- holding speed cap 4.06 m/s (raceline 4.29) state=LOSTLINE
1787358210.090 [STATE_CHANGE] LOSTLINE -> GB_TRACK src=GB_TRACK s=34.55 d=0.14 vs=2.47
1787358210.110 [OPP_MEM_DBG] state=GB_TRACK src=GB_TRACK n_obs=0 last_gap=7.35 age=0.06 window=3.00 ebh=8.00 track_len=39.52 active=1
1787358210.133 [STATE_CHANGE] GB_TRACK -> TRAILING src=GB_TRACK s=34.57 d=0.13 vs=2.44
1787358210.173 [STATE_CHANGE] TRAILING -> LOSTLINE src=GB_TRACK s=34.65 d=0.13 vs=2.37
1787358210.191 [STATE_CHANGE] LOSTLINE -> GB_TRACK src=GB_TRACK s=34.68 d=0.13 vs=2.35
1787358210.212 [STATE_CHANGE] GB_TRACK -> TRAILING src=GB_TRACK s=34.73 d=0.12 vs=2.35
1787358210.237 [STATIC_OT] state=TRAILING path_exists=0 path_locked=0 path_ttl_ok=0 path_safe=0 on_spline=0 speed=2.35 raw_wpnts=0 raw_age=-s decision=TRAILING reason=NO_STATIC_PATH
1787358210.241 [DYNAMIC_OT] target=96 gap=6.80 ego_v=2.35 opp_v=0.00 rel_v=2.35 sector=1 force_trailing=0 pred_age=- pred_valid=0 path=0 path_age=- safe=0 left=- right=- state=TRAILING decision=TRAILING reason=NO_DYNAMIC_OBSTACLE
1787358210.381 [STATE_CHANGE] TRAILING -> LOSTLINE src=GB_TRACK s=34.95 d=0.10 vs=2.18
1787358210.398 [STATE_CHANGE] LOSTLINE -> GB_TRACK src=GB_TRACK s=34.99 d=0.10 vs=2.17
1787358210.426 [STATE_CHANGE] GB_TRACK -> TRAILING src=GB_TRACK s=35.01 d=0.09 vs=2.14
1787358210.448 [STATIC_OT] state=TRAILING path_exists=0 path_locked=0 path_ttl_ok=0 path_safe=0 on_spline=0 speed=2.11 raw_wpnts=0 raw_age=-s decision=TRAILING reason=NO_STATIC_PATH
1787358210.449 [DYNAMIC_OT] target=96 gap=6.42 ego_v=2.11 opp_v=-0.16 rel_v=2.27 sector=1 force_trailing=0 pred_age=- pred_valid=0 path=0 path_age=- safe=0 left=- right=- state=TRAILING decision=TRAILING reason=NO_DYNAMIC_OBSTACLE
1787358210.467 [OBSTACLES] cur_s=35.09 cur_d=0.08 vs=2.08 n=1 [id=96 static=0 gap=6.13m d=0.09 size=0.52]
1787358210.663 [STATIC_OT] state=TRAILING path_exists=0 path_locked=0 path_ttl_ok=0 path_safe=0 on_spline=0 speed=1.80 raw_wpnts=0 raw_age=-s decision=TRAILING reason=NO_STATIC_PATH
1787358210.667 [DYNAMIC_OT] target=96 gap=6.02 ego_v=1.80 opp_v=0.35 rel_v=1.45 sector=1 force_trailing=0 pred_age=- pred_valid=0 path=0 path_age=- safe=0 left=- right=- state=TRAILING decision=TRAILING reason=PREDICTION_NEVER
1787358210.872 [STATIC_OT] state=TRAILING path_exists=0 path_locked=0 path_ttl_ok=0 path_safe=0 on_spline=0 speed=1.76 raw_wpnts=0 raw_age=-s decision=TRAILING reason=NO_STATIC_PATH
1787358210.874 [DYNAMIC_OT] target=96 gap=5.64 ego_v=1.76 opp_v=0.35 rel_v=1.41 sector=1 force_trailing=0 pred_age=- pred_valid=0 path=0 path_age=- safe=0 left=- right=- state=TRAILING decision=TRAILING reason=PREDICTION_NEVER
1787358210.970 [OBSTACLES] cur_s=36.20 cur_d=0.01 vs=1.82 n=1 [id=96 static=0 gap=5.15m d=0.18 size=0.52]
1787358211.078 [STATIC_OT] state=TRAILING path_exists=0 path_locked=0 path_ttl_ok=0 path_safe=0 on_spline=0 speed=1.83 raw_wpnts=0 raw_age=-s decision=TRAILING reason=NO_STATIC_PATH
1787358211.079 [DYNAMIC_OT] target=96 gap=5.22 ego_v=1.83 opp_v=0.08 rel_v=1.75 sector=1 force_trailing=0 pred_age=- pred_valid=0 path=0 path_age=- safe=0 left=- right=- state=TRAILING decision=TRAILING reason=PREDICTION_NEVER
1787358211.297 [STATIC_OT] state=TRAILING path_exists=0 path_locked=0 path_ttl_ok=0 path_safe=0 on_spline=0 speed=1.69 raw_wpnts=0 raw_age=-s decision=TRAILING reason=NO_STATIC_PATH
1787358211.298 [DYNAMIC_OT] target=96 gap=4.95 ego_v=1.69 opp_v=0.06 rel_v=1.63 sector=1 force_trailing=0 pred_age=- pred_valid=0 path=0 path_age=- safe=0 left=- right=- state=TRAILING decision=TRAILING reason=PREDICTION_NEVER
1787358211.315 [OPP_MEM_DBG] state=TRAILING src=GB_TRACK n_obs=1 last_gap=4.95 age=0.02 window=3.00 ebh=8.00 track_len=39.52 active=1
1787358211.489 [OBSTACLES] cur_s=37.11 cur_d=-0.04 vs=1.23 n=1 [id=96 static=1 gap=4.36m d=0.17 size=0.20]
1787358211.512 [STATIC_OT] state=TRAILING path_exists=0 path_locked=0 path_ttl_ok=0 path_safe=0 on_spline=0 speed=1.20 raw_wpnts=0 raw_age=-s decision=TRAILING reason=NO_STATIC_PATH
1787358211.633 [STATE_CHANGE] TRAILING -> OVERTAKE src=OVERTAKE s=37.23 d=-0.06 vs=1.12
1787358211.635 [OPP_MEMORY] opponent id=96 lost 0.34s ago at gap=4.95m -- holding speed cap 5.24 m/s (raceline 6.96) state=OVERTAKE
1787358211.698 [STATE_CHANGE] OVERTAKE -> TRAILING src=GB_TRACK s=37.30 d=-0.07 vs=1.07
1787358211.730 [STATIC_OT] state=TRAILING path_exists=1 path_locked=0 path_ttl_ok=1 path_safe=1 on_spline=1 speed=1.06 raw_wpnts=101 raw_age=0.06s decision=OVERTAKE
1787358211.731 [STATE_CHANGE] TRAILING -> OVERTAKE src=OVERTAKE s=37.32 d=-0.07 vs=1.06
1787358212.010 [OBSTACLES] cur_s=37.54 cur_d=-0.10 vs=1.01 n=1 [id=96 static=1 gap=4.00m d=0.16 size=0.16]
1787358212.137 [OPP_MEMORY] opponent id=96 lost 0.84s ago at gap=4.95m -- holding speed cap 5.59 m/s (raceline 7.44) state=OVERTAKE
1787358212.271 [STATIC_OT] state=OVERTAKE path_exists=1 path_locked=1 path_ttl_ok=1 path_safe=0 on_spline=1 speed=1.31 raw_wpnts=101 raw_age=0.20s decision=TRAILING reason=PATH_BLOCKED blocked_obs_id=96 gap=3.5m free_dist=0.04m branch=static/geom
1787358212.272 [STATE_CHANGE] OVERTAKE -> TRAILING src=GB_TRACK s=38.08 d=-0.12 vs=1.31
1787358212.332 [OPP_MEM_DBG] state=TRAILING src=GB_TRACK n_obs=1 last_gap=4.95 age=1.03 window=3.00 ebh=8.00 track_len=39.52 active=1
1787358212.489 [STATIC_OT] state=TRAILING path_exists=1 path_locked=0 path_ttl_ok=0 path_safe=0 on_spline=1 speed=1.80 raw_wpnts=0 raw_age=-s decision=TRAILING reason=NO_STATIC_PATH
1787358212.517 [OBSTACLES] cur_s=38.81 cur_d=-0.14 vs=1.79 n=1 [id=96 static=1 gap=2.77m d=0.21 size=0.47]
1787358212.716 [STATIC_OT] state=TRAILING path_exists=1 path_locked=0 path_ttl_ok=0 path_safe=0 on_spline=1 speed=1.69 raw_wpnts=0 raw_age=-s decision=TRAILING reason=NO_STATIC_PATH
1787358212.943 [STATIC_OT] state=TRAILING path_exists=1 path_locked=0 path_ttl_ok=0 path_safe=0 on_spline=1 speed=1.03 raw_wpnts=0 raw_age=-s decision=TRAILING reason=NO_STATIC_PATH
1787358213.049 [OBSTACLES] cur_s=39.30 cur_d=-0.07 vs=0.62 n=1 [id=96 static=1 gap=2.56m d=0.33 size=0.48]
1787358213.157 [STATIC_OT] state=TRAILING path_exists=1 path_locked=0 path_ttl_ok=0 path_safe=0 on_spline=1 speed=0.28 raw_wpnts=0 raw_age=-s decision=TRAILING reason=NO_STATIC_PATH
1787358213.252 [STATE_CHANGE] TRAILING -> OVERTAKE src=OVERTAKE s=39.25 d=-0.08 vs=0.09
1787358213.255 [OPP_MEMORY] opponent id=96 lost 1.96s ago at gap=4.95m -- holding speed cap 6.50 m/s (raceline 8.64) state=OVERTAKE
1787358213.346 [OPP_MEM_DBG] state=OVERTAKE src=OVERTAKE n_obs=1 last_gap=4.95 age=2.05 window=3.00 ebh=8.00 track_len=39.52 active=1
1787358213.559 [OBSTACLES] cur_s=39.10 cur_d=-0.07 vs=0.02 n=1 [id=96 static=1 gap=2.82m d=0.31 size=0.23]
1787358213.770 [OPP_MEMORY] opponent id=96 lost 2.47s ago at gap=4.95m -- holding speed cap 6.44 m/s (raceline 8.57) state=OVERTAKE
1787358214.058 [STATIC_OT] state=OVERTAKE path_exists=1 path_locked=1 path_ttl_ok=1 path_safe=0 on_spline=1 speed=1.13 raw_wpnts=101 raw_age=0.08s decision=TRAILING reason=PATH_BLOCKED blocked_obs_id=96 gap=2.44m free_dist=0.079m branch=static/geom
1787358214.058 [STATE_CHANGE] OVERTAKE -> TRAILING src=GB_TRACK s=0.01 d=-0.04 vs=1.13
1787358214.092 [OBSTACLES] cur_s=0.27 cur_d=-0.04 vs=1.30 n=1 [id=96 static=1 gap=1.95m d=0.31 size=0.49]
1787358214.235 [STATE_CHANGE] TRAILING -> OVERTAKE src=OVERTAKE s=0.59 d=0.00 vs=1.62
1787358214.286 [OPP_MEMORY] opponent id=96 lost 2.99s ago at gap=4.95m -- holding speed cap 6.21 m/s (raceline 8.26) state=OVERTAKE
1787358214.349 [OPP_MEM_DBG] state=OVERTAKE src=OVERTAKE n_obs=1 last_gap=4.95 age=3.05 window=3.00 ebh=8.00 track_len=39.52 active=0
1787358214.638 [OBSTACLES] cur_s=1.82 cur_d=0.00 vs=1.86 n=1 [id=96 static=1 gap=0.48m d=0.34 size=0.49]
1787358215.150 [OBSTACLES] cur_s=2.91 cur_d=-0.02 vs=2.90 n=0 [none]
1787358215.369 [OPP_MEM_DBG] state=OVERTAKE src=OVERTAKE n_obs=0 last_gap=4.95 age=4.07 window=3.00 ebh=8.00 track_len=39.52 active=0
1787358215.669 [OBSTACLES] cur_s=5.08 cur_d=-0.03 vs=3.94 n=0 [none]
1787358216.069 [STATE_CHANGE] OVERTAKE -> LOSTLINE src=GB_TRACK s=6.73 d=-0.10 vs=4.04
1787358216.088 [STATE_CHANGE] LOSTLINE -> GB_TRACK src=GB_TRACK s=6.83 d=-0.10 vs=4.04
1787358216.188 [OBSTACLES] cur_s=7.17 cur_d=-0.10 vs=3.93 n=0 [none]
1787358216.388 [OPP_MEM_DBG] state=GB_TRACK src=GB_TRACK n_obs=0 last_gap=4.95 age=5.09 window=3.00 ebh=8.00 track_len=39.52 active=0
1787358216.690 [OBSTACLES] cur_s=8.88 cur_d=-0.15 vs=3.72 n=0 [none]
1787358217.208 [OBSTACLES] cur_s=10.73 cur_d=-0.18 vs=3.68 n=0 [none]
1787358217.388 [OPP_MEM_DBG] state=GB_TRACK src=GB_TRACK n_obs=0 last_gap=4.95 age=6.09 window=3.00 ebh=8.00 track_len=39.52 active=0
1787358217.710 [OBSTACLES] cur_s=12.37 cur_d=0.13 vs=3.46 n=0 [none]
1787358218.234 [OBSTACLES] cur_s=14.28 cur_d=-0.00 vs=3.36 n=0 [none]
1787358218.390 [OPP_MEM_DBG] state=GB_TRACK src=GB_TRACK n_obs=0 last_gap=4.95 age=7.09 window=3.00 ebh=8.00 track_len=39.52 active=0
1787358218.750 [OBSTACLES] cur_s=15.72 cur_d=-0.11 vs=3.01 n=0 [none]
1787358219.251 [OBSTACLES] cur_s=17.05 cur_d=0.06 vs=2.42 n=0 [none]
1787358219.408 [OPP_MEM_DBG] state=GB_TRACK src=GB_TRACK n_obs=0 last_gap=4.95 age=8.11 window=3.00 ebh=8.00 track_len=39.52 active=0
1787358219.770 [OBSTACLES] cur_s=17.93 cur_d=-0.07 vs=2.18 n=0 [none]
1787358220.208 [STATE_CHANGE] GB_TRACK -> LOSTLINE src=GB_TRACK s=19.41 d=-0.30 vs=2.69
1787358220.289 [OBSTACLES] cur_s=19.74 cur_d=-0.29 vs=2.84 n=0 [none]
1787358220.308 [STATE_CHANGE] LOSTLINE -> GB_TRACK src=GB_TRACK s=19.80 d=-0.28 vs=2.88
1787358220.429 [OPP_MEM_DBG] state=GB_TRACK src=GB_TRACK n_obs=0 last_gap=4.95 age=9.13 window=3.00 ebh=8.00 track_len=39.52 active=0
1787358220.549 [STATIC_OT] state=GB_TRACK path_exists=0 path_locked=0 path_ttl_ok=0 path_safe=0 on_spline=0 speed=3.26 raw_wpnts=0 raw_age=-s decision=TRAILING reason=NO_STATIC_PATH
1787358220.549 [STATE_CHANGE] GB_TRACK -> TRAILING src=GB_TRACK s=20.38 d=-0.22 vs=3.26
1787358220.778 [STATIC_OT] state=TRAILING path_exists=1 path_locked=0 path_ttl_ok=1 path_safe=1 on_spline=1 speed=3.50 raw_wpnts=101 raw_age=0.10s decision=OVERTAKE
1787358220.778 [STATE_CHANGE] TRAILING -> OVERTAKE src=OVERTAKE s=20.75 d=-0.20 vs=3.50
1787358220.808 [OBSTACLES] cur_s=20.78 cur_d=-0.20 vs=3.50 n=1 [id=102 static=1 gap=1.45m d=-0.03 size=0.50]
1787358221.314 [OBSTACLES] cur_s=22.27 cur_d=-0.13 vs=2.24 n=1 [id=102 static=1 gap=39.51m d=-0.10 size=0.47]
1787358221.323 [STATIC_OT] state=OVERTAKE path_exists=1 path_locked=1 path_ttl_ok=1 path_safe=0 on_spline=1 speed=2.24 raw_wpnts=101 raw_age=0.05s decision=TRAILING reason=PATH_BLOCKED blocked_obs_id=102 gap=0.23m free_dist=-0.218m branch=static/geom
1787358221.330 [STATE_CHANGE] OVERTAKE -> TRAILING src=GB_TRACK s=22.27 d=-0.13 vs=2.24
1787358221.356 [STATE_CHANGE] TRAILING -> LOSTLINE src=GB_TRACK s=22.30 d=-0.14 vs=2.14
1787358221.374 [STATE_CHANGE] LOSTLINE -> GB_TRACK src=GB_TRACK s=22.31 d=-0.15 vs=2.07
1787358221.432 [OPP_MEM_DBG] state=GB_TRACK src=GB_TRACK n_obs=0 last_gap=4.95 age=10.14 window=3.00 ebh=8.00 track_len=39.52 active=0
1787358221.653 [STATE_CHANGE] GB_TRACK -> LOSTLINE src=GB_TRACK s=22.66 d=0.31 vs=1.71
1787358221.815 [OBSTACLES] cur_s=22.79 cur_d=0.47 vs=2.02 n=0 [none]
1787358222.328 [OBSTACLES] cur_s=23.87 cur_d=0.42 vs=1.72 n=0 [none]
1787358222.428 [STATE_CHANGE] LOSTLINE -> GB_TRACK src=GB_TRACK s=24.07 d=0.24 vs=1.47
1787358222.449 [OPP_MEM_DBG] state=GB_TRACK src=GB_TRACK n_obs=0 last_gap=4.95 age=11.15 window=3.00 ebh=8.00 track_len=39.52 active=0
1787358222.829 [OBSTACLES] cur_s=24.78 cur_d=-0.25 vs=2.11 n=0 [none]
1787358222.970 [STATE_CHANGE] GB_TRACK -> LOSTLINE src=GB_TRACK s=25.04 d=-0.29 vs=2.40
1787358223.349 [OBSTACLES] cur_s=25.80 cur_d=-0.52 vs=2.84 n=0 [none]
1787358223.450 [OPP_MEM_DBG] state=LOSTLINE src=GB_TRACK n_obs=0 last_gap=4.95 age=12.15 window=3.00 ebh=8.00 track_len=39.52 active=0
1787358223.850 [OBSTACLES] cur_s=26.71 cur_d=-0.37 vs=1.71 n=0 [none]
1787358223.928 [STATE_CHANGE] LOSTLINE -> GB_TRACK src=GB_TRACK s=26.82 d=-0.25 vs=1.75
1787358224.351 [OBSTACLES] cur_s=27.83 cur_d=0.13 vs=2.39 n=0 [none]
1787358224.469 [OPP_MEM_DBG] state=GB_TRACK src=GB_TRACK n_obs=0 last_gap=4.95 age=13.17 window=3.00 ebh=8.00 track_len=39.52 active=0
1787358224.871 [OBSTACLES] cur_s=29.45 cur_d=0.01 vs=3.48 n=0 [none]
1787358225.390 [OBSTACLES] cur_s=31.03 cur_d=0.06 vs=2.88 n=0 [none]
1787358225.470 [OPP_MEM_DBG] state=GB_TRACK src=GB_TRACK n_obs=0 last_gap=4.95 age=14.17 window=3.00 ebh=8.00 track_len=39.52 active=0
1787358225.892 [OBSTACLES] cur_s=32.16 cur_d=-0.05 vs=2.41 n=0 [none]
1787358226.253 [STATIC_OT] state=GB_TRACK path_exists=0 path_locked=0 path_ttl_ok=0 path_safe=0 on_spline=0 speed=2.68 raw_wpnts=0 raw_age=-s decision=TRAILING reason=NO_STATIC_PATH
1787358226.253 [STATE_CHANGE] GB_TRACK -> TRAILING src=GB_TRACK s=33.07 d=0.07 vs=2.68
1787358226.408 [OBSTACLES] cur_s=33.53 cur_d=0.10 vs=2.95 n=1 [id=107 static=1 gap=8.97m d=0.01 size=0.54]
1787358226.469 [STATIC_OT] state=TRAILING path_exists=0 path_locked=0 path_ttl_ok=0 path_safe=0 on_spline=0 speed=2.95 raw_wpnts=0 raw_age=-s decision=TRAILING reason=NO_STATIC_PATH
1787358226.471 [OPP_MEM_DBG] state=TRAILING src=GB_TRACK n_obs=1 last_gap=4.95 age=15.17 window=3.00 ebh=8.00 track_len=39.52 active=0
1787358226.670 [STATIC_OT] state=TRAILING path_exists=0 path_locked=0 path_ttl_ok=0 path_safe=0 on_spline=0 speed=2.92 raw_wpnts=0 raw_age=-s decision=TRAILING reason=NO_STATIC_PATH
1787358226.870 [STATIC_OT] state=TRAILING path_exists=0 path_locked=0 path_ttl_ok=0 path_safe=0 on_spline=0 speed=2.67 raw_wpnts=0 raw_age=-s decision=TRAILING reason=NO_STATIC_PATH
1787358226.928 [OBSTACLES] cur_s=34.74 cur_d=0.12 vs=2.60 n=1 [id=107 static=1 gap=7.70m d=0.04 size=0.59]
1787358227.074 [STATIC_OT] state=TRAILING path_exists=0 path_locked=0 path_ttl_ok=0 path_safe=0 on_spline=0 speed=2.52 raw_wpnts=0 raw_age=-s decision=TRAILING reason=NO_STATIC_PATH
1787358227.290 [STATIC_OT] state=TRAILING path_exists=0 path_locked=0 path_ttl_ok=0 path_safe=0 on_spline=0 speed=2.30 raw_wpnts=0 raw_age=-s decision=TRAILING reason=NO_STATIC_PATH
1787358227.437 [OBSTACLES] cur_s=36.15 cur_d=0.11 vs=2.22 n=1 [id=107 static=1 gap=6.32m d=0.09 size=0.52]
1787358227.479 [OPP_MEM_DBG] state=TRAILING src=GB_TRACK n_obs=1 last_gap=4.95 age=16.18 window=3.00 ebh=8.00 track_len=39.52 active=0
1787358227.530 [STATIC_OT] state=TRAILING path_exists=0 path_locked=0 path_ttl_ok=0 path_safe=0 on_spline=0 speed=2.17 raw_wpnts=0 raw_age=-s decision=TRAILING reason=NO_STATIC_PATH
1787358227.749 [STATIC_OT] state=TRAILING path_exists=1 path_locked=0 path_ttl_ok=0 path_safe=0 on_spline=1 speed=1.77 raw_wpnts=0 raw_age=-s decision=TRAILING reason=NO_STATIC_PATH
1787358227.949 [OBSTACLES] cur_s=37.10 cur_d=-0.03 vs=1.58 n=1 [id=107 static=1 gap=5.63m d=0.17 size=0.54]
1787358227.955 [STATIC_OT] state=TRAILING path_exists=1 path_locked=0 path_ttl_ok=1 path_safe=0 on_spline=1 speed=1.58 raw_wpnts=113 raw_age=0.08s decision=TRAILING reason=PATH_BLOCKED blocked_obs_id=107 gap=5.8m free_dist=0.124m branch=static/geom
1787358228.098 [STATE_CHANGE] TRAILING -> OVERTAKE src=OVERTAKE s=37.47 d=-0.01 vs=1.50
1787358228.154 [STATE_CHANGE] OVERTAKE -> TRAILING src=GB_TRACK s=37.69 d=-0.07 vs=1.48
1787358228.172 [STATIC_OT] state=TRAILING path_exists=1 path_locked=0 path_ttl_ok=1 path_safe=0 on_spline=1 speed=1.48 raw_wpnts=111 raw_age=0.10s decision=TRAILING reason=PATH_BLOCKED blocked_obs_id=107 gap=5.21m free_dist=0.154m branch=static/geom
1787358228.197 [STATE_CHANGE] TRAILING -> OVERTAKE src=OVERTAKE s=37.72 d=-0.09 vs=1.48
1787358228.354 [STATE_CHANGE] OVERTAKE -> TRAILING src=GB_TRACK s=38.03 d=-0.10 vs=1.53
1787358228.374 [STATIC_OT] state=TRAILING path_exists=1 path_locked=0 path_ttl_ok=1 path_safe=0 on_spline=1 speed=1.53 raw_wpnts=109 raw_age=0.20s decision=TRAILING reason=PATH_BLOCKED blocked_obs_id=107 gap=4.94m free_dist=0.142m branch=static/geom
1787358228.462 [OBSTACLES] cur_s=38.14 cur_d=-0.11 vs=1.59 n=1 [id=107 static=1 gap=4.83m d=0.26 size=0.52]
1787358228.492 [OPP_MEM_DBG] state=TRAILING src=GB_TRACK n_obs=1 last_gap=4.95 age=17.20 window=3.00 ebh=8.00 track_len=39.52 active=0
1787358228.528 [STATE_CHANGE] TRAILING -> OVERTAKE src=OVERTAKE s=38.23 d=-0.13 vs=1.63
1787358228.554 [STATE_CHANGE] OVERTAKE -> TRAILING src=GB_TRACK s=38.29 d=-0.14 vs=1.61
1787358228.571 [STATE_CHANGE] TRAILING -> OVERTAKE src=OVERTAKE s=38.32 d=-0.14 vs=1.61
1787358228.968 [OBSTACLES] cur_s=38.78 cur_d=-0.06 vs=1.91 n=1 [id=107 static=1 gap=4.23m d=0.37 size=0.52]
1787358229.468 [OBSTACLES] cur_s=0.15 cur_d=-0.14 vs=2.89 n=1 [id=107 static=1 gap=3.19m d=0.39 size=0.49]
1787358229.519 [OPP_MEM_DBG] state=OVERTAKE src=OVERTAKE n_obs=1 last_gap=4.95 age=18.22 window=3.00 ebh=8.00 track_len=39.52 active=0
1787358229.611 [DYNAMIC_OT] target=107 gap=2.38 ego_v=3.23 opp_v=0.00 rel_v=3.23 sector=1 force_trailing=0 pred_age=- pred_valid=0 path=0 path_age=- safe=0 left=- right=- state=OVERTAKE decision=OVERTAKE
1787358229.750 [OPP_MEMORY] opponent id=107 lost 0.01s ago at gap=2.06m -- holding speed cap 4.20 m/s (raceline 8.11) state=OVERTAKE
1787358229.839 [DYNAMIC_OT] target=107 gap=1.77 ego_v=3.16 opp_v=-0.12 rel_v=3.28 sector=1 force_trailing=0 pred_age=- pred_valid=0 path=0 path_age=- safe=0 left=- right=- state=OVERTAKE decision=OVERTAKE
1787358229.969 [OBSTACLES] cur_s=1.80 cur_d=-0.30 vs=2.94 n=1 [id=107 static=0 gap=0.79m d=0.48 size=0.54]
1787358230.050 [DYNAMIC_OT] target=107 gap=0.84 ego_v=2.75 opp_v=0.13 rel_v=2.63 sector=1 force_trailing=0 pred_age=- pred_valid=0 path=0 path_age=- safe=0 left=- right=- state=OVERTAKE decision=OVERTAKE
1787358230.262 [OPP_MEMORY] opponent id=107 lost 0.13s ago at gap=0.64m -- holding speed cap 2.68 m/s (raceline 6.67) state=OVERTAKE
1787358230.494 [OBSTACLES] cur_s=2.74 cur_d=-0.24 vs=2.27 n=1 [id=107 static=1 gap=0.16m d=0.46 size=0.34]
1787358230.536 [OPP_MEM_DBG] state=OVERTAKE src=OVERTAKE n_obs=1 last_gap=0.64 age=0.41 window=3.00 ebh=8.00 track_len=39.52 active=1
1787358230.786 [OPP_MEMORY] opponent id=107 lost 0.66s ago at gap=0.64m -- holding speed cap 2.34 m/s (raceline 5.83) state=OVERTAKE
1787358231.011 [OBSTACLES] cur_s=3.75 cur_d=-0.24 vs=2.18 n=0 [none]
1787358231.291 [OPP_MEMORY] opponent id=107 lost 1.16s ago at gap=0.64m -- holding speed cap 1.77 m/s (raceline 4.40) state=OVERTAKE
1787358231.531 [OBSTACLES] cur_s=4.88 cur_d=-0.04 vs=1.73 n=0 [none]
1787358231.554 [OPP_MEM_DBG] state=OVERTAKE src=OVERTAKE n_obs=0 last_gap=0.64 age=1.43 window=3.00 ebh=8.00 track_len=39.52 active=1
1787358231.733 [STATE_CHANGE] OVERTAKE -> GB_TRACK src=GB_TRACK s=5.21 d=-0.02 vs=1.59
1787358231.812 [OPP_MEMORY] opponent id=107 lost 1.68s ago at gap=0.64m -- holding speed cap 1.60 m/s (raceline 3.98) state=GB_TRACK
1787358232.043 [OBSTACLES] cur_s=5.58 cur_d=0.01 vs=1.50 n=0 [none]
1787358232.332 [OPP_MEMORY] opponent id=107 lost 2.20s ago at gap=0.64m -- holding speed cap 1.48 m/s (raceline 3.67) state=GB_TRACK
1787358232.549 [OBSTACLES] cur_s=6.43 cur_d=-0.04 vs=1.39 n=0 [none]
1787358232.568 [OPP_MEM_DBG] state=GB_TRACK src=GB_TRACK n_obs=0 last_gap=0.64 age=2.44 window=3.00 ebh=8.00 track_len=39.52 active=1
1787358232.831 [OPP_MEMORY] opponent id=107 lost 2.70s ago at gap=0.64m -- holding speed cap 1.42 m/s (raceline 3.53) state=GB_TRACK
1787358233.053 [OBSTACLES] cur_s=7.04 cur_d=0.06 vs=1.32 n=0 [none]
1787358233.570 [OBSTACLES] cur_s=7.95 cur_d=0.19 vs=1.79 n=0 [none]
1787358233.570 [OPP_MEM_DBG] state=GB_TRACK src=GB_TRACK n_obs=0 last_gap=0.64 age=3.44 window=3.00 ebh=8.00 track_len=39.52 active=0
1787358234.073 [OBSTACLES] cur_s=9.21 cur_d=0.07 vs=2.79 n=0 [none]
1787358234.588 [OBSTACLES] cur_s=11.05 cur_d=-0.12 vs=3.68 n=0 [none]
1787358234.589 [OPP_MEM_DBG] state=GB_TRACK src=GB_TRACK n_obs=0 last_gap=0.64 age=4.46 window=3.00 ebh=8.00 track_len=39.52 active=0
1787358235.092 [OBSTACLES] cur_s=12.69 cur_d=-0.06 vs=3.66 n=0 [none]
1787358235.589 [OPP_MEM_DBG] state=GB_TRACK src=GB_TRACK n_obs=0 last_gap=0.64 age=5.46 window=3.00 ebh=8.00 track_len=39.52 active=0
1787358235.610 [OBSTACLES] cur_s=14.49 cur_d=-0.03 vs=3.36 n=0 [none]
1787358236.128 [OBSTACLES] cur_s=16.05 cur_d=0.04 vs=3.06 n=0 [none]
1787358236.620 [OPP_MEM_DBG] state=GB_TRACK src=GB_TRACK n_obs=0 last_gap=0.64 age=6.49 window=3.00 ebh=8.00 track_len=39.52 active=0
1787358236.649 [OBSTACLES] cur_s=17.29 cur_d=0.02 vs=2.27 n=0 [none]
1787358237.168 [OBSTACLES] cur_s=18.44 cur_d=-0.13 vs=2.29 n=0 [none]
1787358237.629 [OPP_MEM_DBG] state=GB_TRACK src=GB_TRACK n_obs=0 last_gap=0.64 age=7.50 window=3.00 ebh=8.00 track_len=39.52 active=0
1787358237.669 [OBSTACLES] cur_s=20.01 cur_d=-0.21 vs=3.24 n=0 [none]
1787358238.190 [OBSTACLES] cur_s=22.05 cur_d=-0.30 vs=4.47 n=0 [none]
1787358238.190 [STATE_CHANGE] GB_TRACK -> LOSTLINE src=GB_TRACK s=22.05 d=-0.30 vs=4.47
1787358238.491 [STATE_CHANGE] LOSTLINE -> GB_TRACK src=GB_TRACK s=22.95 d=-0.27 vs=4.11
1787358238.652 [OPP_MEM_DBG] state=GB_TRACK src=GB_TRACK n_obs=0 last_gap=0.64 age=8.52 window=3.00 ebh=8.00 track_len=39.52 active=0
1787358238.691 [OBSTACLES] cur_s=23.50 cur_d=0.01 vs=4.38 n=0 [none]
1787358239.209 [OBSTACLES] cur_s=25.19 cur_d=0.01 vs=4.65 n=0 [none]
1787358239.670 [OPP_MEM_DBG] state=GB_TRACK src=GB_TRACK n_obs=0 last_gap=0.64 age=9.54 window=3.00 ebh=8.00 track_len=39.52 active=0
1787358239.734 [OBSTACLES] cur_s=26.60 cur_d=-0.04 vs=4.26 n=0 [none]
1787358240.248 [OBSTACLES] cur_s=28.33 cur_d=0.28 vs=2.91 n=0 [none]
1787358240.689 [OPP_MEM_DBG] state=GB_TRACK src=GB_TRACK n_obs=0 last_gap=0.64 age=10.56 window=3.00 ebh=8.00 track_len=39.52 active=0
1787358240.750 [OBSTACLES] cur_s=29.94 cur_d=0.11 vs=3.65 n=0 [none]
1787358241.257 [OBSTACLES] cur_s=31.38 cur_d=-0.03 vs=2.63 n=0 [none]
1787358241.691 [OPP_MEM_DBG] state=GB_TRACK src=GB_TRACK n_obs=0 last_gap=0.64 age=11.56 window=3.00 ebh=8.00 track_len=39.52 active=0
1787358241.769 [OBSTACLES] cur_s=32.56 cur_d=0.08 vs=2.36 n=0 [none]
1787358242.111 [STATIC_OT] state=GB_TRACK path_exists=0 path_locked=0 path_ttl_ok=0 path_safe=0 on_spline=0 speed=2.87 raw_wpnts=0 raw_age=-s decision=TRAILING reason=NO_STATIC_PATH
1787358242.111 [STATE_CHANGE] GB_TRACK -> TRAILING src=GB_TRACK s=33.53 d=0.17 vs=2.87
1787358242.291 [OBSTACLES] cur_s=34.13 cur_d=0.12 vs=3.00 n=1 [id=116 static=1 gap=8.41m d=-0.03 size=0.59]
1787358242.332 [STATIC_OT] state=TRAILING path_exists=0 path_locked=0 path_ttl_ok=0 path_safe=0 on_spline=0 speed=2.99 raw_wpnts=0 raw_age=-s decision=TRAILING reason=NO_STATIC_PATH
1787358242.538 [STATIC_OT] state=TRAILING path_exists=0 path_locked=0 path_ttl_ok=0 path_safe=0 on_spline=0 speed=2.74 raw_wpnts=0 raw_age=-s decision=TRAILING reason=NO_STATIC_PATH
1787358242.629 [STATE_CHANGE] TRAILING -> OVERTAKE src=OVERTAKE s=35.11 d=0.09 vs=2.61
1787358242.728 [OPP_MEM_DBG] state=TRAILING src=GB_TRACK n_obs=1 last_gap=0.64 age=12.60 window=3.00 ebh=8.00 track_len=39.52 active=0
1787358242.728 [STATE_CHANGE] OVERTAKE -> TRAILING src=GB_TRACK s=35.67 d=0.05 vs=2.38
1787358242.752 [STATIC_OT] state=TRAILING path_exists=1 path_locked=0 path_ttl_ok=1 path_safe=0 on_spline=1 speed=2.36 raw_wpnts=139 raw_age=0.18s decision=TRAILING reason=PATH_BLOCKED blocked_obs_id=116 gap=7.04m free_dist=0.131m branch=static/geom
1787358242.806 [OBSTACLES] cur_s=35.87 cur_d=0.07 vs=2.32 n=1 [id=116 static=1 gap=6.84m d=0.05 size=0.38]
1787358242.973 [STATIC_OT] state=TRAILING path_exists=1 path_locked=0 path_ttl_ok=1 path_safe=0 on_spline=1 speed=2.18 raw_wpnts=126 raw_age=0.10s decision=TRAILING reason=PATH_BLOCKED blocked_obs_id=116 gap=6.61m free_dist=0.138m branch=static/geom
1787358243.174 [STATIC_OT] state=TRAILING path_exists=1 path_locked=0 path_ttl_ok=0 path_safe=0 on_spline=1 speed=2.00 raw_wpnts=0 raw_age=-s decision=TRAILING reason=NO_STATIC_PATH
1787358243.175 [DYNAMIC_OT] target=116 gap=6.93 ego_v=2.00 opp_v=0.00 rel_v=2.00 sector=1 force_trailing=0 pred_age=- pred_valid=0 path=0 path_age=- safe=0 left=- right=- state=TRAILING decision=TRAILING reason=NO_DYNAMIC_OBSTACLE
1787358243.312 [OBSTACLES] cur_s=37.21 cur_d=-0.02 vs=1.81 n=1 [id=116 static=0 gap=6.70m d=0.28 size=0.39]
1787358243.395 [STATIC_OT] state=TRAILING path_exists=1 path_locked=0 path_ttl_ok=0 path_safe=0 on_spline=1 speed=1.67 raw_wpnts=0 raw_age=-s decision=TRAILING reason=NO_STATIC_PATH
1787358243.399 [DYNAMIC_OT] target=116 gap=6.58 ego_v=1.67 opp_v=2.40 rel_v=-0.73 sector=1 force_trailing=0 pred_age=- pred_valid=0 path=0 path_age=- safe=0 left=- right=- state=TRAILING decision=TRAILING reason=REL_SPEED
1787358243.599 [STATIC_OT] state=TRAILING path_exists=1 path_locked=0 path_ttl_ok=0 path_safe=0 on_spline=1 speed=1.67 raw_wpnts=0 raw_age=-s decision=TRAILING reason=NO_STATIC_PATH
1787358243.601 [DYNAMIC_OT] target=116 gap=6.42 ego_v=1.67 opp_v=1.64 rel_v=0.03 sector=1 force_trailing=0 pred_age=- pred_valid=0 path=0 path_age=- safe=0 left=- right=- state=TRAILING decision=TRAILING reason=PREDICTION_NEVER
1787358243.791 [OPP_MEM_DBG] state=TRAILING src=GB_TRACK n_obs=1 last_gap=6.18 age=0.03 window=3.00 ebh=8.00 track_len=39.52 active=1
1787358243.826 [OBSTACLES] cur_s=38.31 cur_d=-0.09 vs=1.97 n=1 [id=122 static=1 gap=2.59m d=-0.21 size=0.15]
1787358243.830 [STATIC_OT] state=TRAILING path_exists=1 path_locked=0 path_ttl_ok=1 path_safe=1 on_spline=1 speed=1.97 raw_wpnts=101 raw_age=0.06s decision=OVERTAKE
1787358243.830 [STATE_CHANGE] TRAILING -> OVERTAKE src=OVERTAKE s=38.31 d=-0.09 vs=1.97
1787358243.832 [OPP_MEMORY] opponent id=116 lost 0.06s ago at gap=6.18m -- holding speed cap 6.78 m/s (raceline 7.95) state=OVERTAKE
1787358243.869 [DYNAMIC_OT] target=116 gap=5.81 ego_v=2.00 opp_v=0.79 rel_v=1.21 sector=1 force_trailing=0 pred_age=- pred_valid=0 path=0 path_age=- safe=0 left=- right=- state=TRAILING decision=TRAILING reason=NO_DYNAMIC_OBSTACLE
1787358243.869 [STATE_CHANGE] OVERTAKE -> TRAILING src=GB_TRACK s=38.37 d=-0.08 vs=2.00
1787358243.935 [STATE_CHANGE] TRAILING -> OVERTAKE src=OVERTAKE s=38.47 d=-0.06 vs=2.13
1787358243.969 [STATE_CHANGE] OVERTAKE -> TRAILING src=GB_TRACK s=38.53 d=-0.05 vs=2.21
1787358244.022 [STATE_CHANGE] TRAILING -> GB_TRACK src=GB_TRACK s=38.65 d=-0.04 vs=2.34
1787358244.080 [STATIC_OT] state=GB_TRACK path_exists=1 path_locked=0 path_ttl_ok=0 path_safe=0 on_spline=1 speed=2.41 raw_wpnts=0 raw_age=-s decision=TRAILING reason=NO_STATIC_PATH
1787358244.082 [DYNAMIC_OT] target=122 gap=2.62 ego_v=2.41 opp_v=0.00 rel_v=2.41 sector=1 force_trailing=0 pred_age=- pred_valid=0 path=0 path_age=- safe=0 left=- right=- state=TRAILING decision=TRAILING reason=NO_DYNAMIC_OBSTACLE
1787358244.082 [STATE_CHANGE] GB_TRACK -> TRAILING src=GB_TRACK s=38.74 d=-0.03 vs=2.41
1787358244.299 [STATIC_OT] state=TRAILING path_exists=1 path_locked=0 path_ttl_ok=0 path_safe=0 on_spline=1 speed=2.33 raw_wpnts=0 raw_age=-s decision=TRAILING reason=NO_STATIC_PATH
1787358244.300 [DYNAMIC_OT] target=122 gap=2.25 ego_v=2.33 opp_v=0.10 rel_v=2.23 sector=1 force_trailing=0 pred_age=- pred_valid=0 path=0 path_age=- safe=0 left=- right=- state=TRAILING decision=TRAILING reason=PREDICTION_NEVER
1787358244.327 [OBSTACLES] cur_s=39.11 cur_d=-0.01 vs=2.32 n=2 [id=116 static=0 gap=4.37m d=0.31 size=0.51; id=122 static=0 gap=2.00m d=-0.15 size=0.45]
1787358244.551 [STATIC_OT] state=TRAILING path_exists=1 path_locked=0 path_ttl_ok=1 path_safe=0 on_spline=1 speed=1.87 raw_wpnts=102 raw_age=0.08s decision=TRAILING reason=PATH_BLOCKED blocked_obs_id=122 gap=2.0m free_dist=-0.118m branch=dyn/nopred (id_mismatch or empty)
1787358244.552 [DYNAMIC_OT] target=122 gap=2.10 ego_v=1.87 opp_v=0.41 rel_v=1.46 sector=1 force_trailing=0 pred_age=- pred_valid=0 path=0 path_age=- safe=0 left=- right=- state=TRAILING decision=TRAILING reason=PREDICTION_NEVER
1787358244.776 [STATIC_OT] state=TRAILING path_exists=1 path_locked=0 path_ttl_ok=1 path_safe=0 on_spline=1 speed=0.90 raw_wpnts=101 raw_age=0.10s decision=TRAILING reason=PATH_BLOCKED blocked_obs_id=122 gap=1.85m free_dist=-0.075m branch=dyn/nopred (id_mismatch or empty)
1787358244.777 [DYNAMIC_OT] target=122 gap=1.95 ego_v=0.90 opp_v=-0.03 rel_v=0.93 sector=1 force_trailing=0 pred_age=- pred_valid=0 path=0 path_age=- safe=0 left=- right=- state=TRAILING decision=TRAILING reason=PREDICTION_NEVER
1787358244.808 [OPP_MEM_DBG] state=TRAILING src=GB_TRACK n_obs=1 last_gap=1.95 age=0.03 window=3.00 ebh=8.00 track_len=39.52 active=1
1787358244.845 [OBSTACLES] cur_s=39.40 cur_d=0.02 vs=0.68 n=2 [id=122 static=0 gap=1.64m d=-0.23 size=0.21; id=116 static=1 gap=4.10m d=0.33 size=0.50]
1787358245.011 [STATIC_OT] state=TRAILING path_exists=1 path_locked=0 path_ttl_ok=1 path_safe=0 on_spline=1 speed=0.17 raw_wpnts=101 raw_age=0.14s decision=TRAILING reason=PATH_BLOCKED blocked_obs_id=122 gap=1.69m free_dist=0.111m branch=dyn/nopred (id_mismatch or empty)
1787358245.012 [DYNAMIC_OT] target=122 gap=1.79 ego_v=0.17 opp_v=-1.11 rel_v=1.29 sector=1 force_trailing=0 pred_age=- pred_valid=0 path=0 path_age=- safe=0 left=- right=- state=TRAILING decision=TRAILING reason=PREDICTION_NEVER
1787358245.212 [STATIC_OT] state=TRAILING path_exists=1 path_locked=0 path_ttl_ok=0 path_safe=0 on_spline=1 speed=-0.07 raw_wpnts=0 raw_age=-s decision=TRAILING reason=NO_STATIC_PATH
1787358245.214 [DYNAMIC_OT] target=122 gap=1.86 ego_v=-0.07 opp_v=-0.74 rel_v=0.67 sector=1 force_trailing=0 pred_age=- pred_valid=0 path=0 path_age=- safe=0 left=- right=- state=TRAILING decision=TRAILING reason=PREDICTION_NEVER
1787358245.373 [OBSTACLES] cur_s=39.09 cur_d=0.01 vs=-0.08 n=2 [id=122 static=0 gap=1.64m d=-0.39 size=0.45; id=116 static=0 gap=3.71m d=0.28 size=0.51]
1787358245.434 [STATIC_OT] state=TRAILING path_exists=1 path_locked=0 path_ttl_ok=0 path_safe=0 on_spline=1 speed=-0.08 raw_wpnts=0 raw_age=-s decision=TRAILING reason=NO_STATIC_PATH
1787358245.436 [DYNAMIC_OT] target=122 gap=1.87 ego_v=-0.08 opp_v=-0.17 rel_v=0.08 sector=1 force_trailing=0 pred_age=- pred_valid=0 path=0 path_age=- safe=0 left=- right=- state=TRAILING decision=TRAILING reason=PREDICTION_NEVER
1787358245.567 [STATE_CHANGE] TRAILING -> OVERTAKE src=OVERTAKE s=39.05 d=0.02 vs=-0.08
1787358245.568 [OPP_MEMORY] opponent id=122 lost 0.11s ago at gap=1.87m -- holding speed cap 4.27 m/s (raceline 8.50) state=OVERTAKE
1787358245.818 [OPP_MEM_DBG] state=OVERTAKE src=OVERTAKE n_obs=2 last_gap=1.87 age=0.36 window=3.00 ebh=8.00 track_len=39.52 active=1
1787358245.875 [OBSTACLES] cur_s=38.96 cur_d=0.02 vs=-0.07 n=2 [id=116 static=0 gap=3.71m d=0.34 size=0.51; id=122 static=1 gap=1.91m d=-0.31 size=0.32]
1787358245.879 [STATIC_OT] state=OVERTAKE path_exists=1 path_locked=1 path_ttl_ok=1 path_safe=0 on_spline=1 speed=-0.07 raw_wpnts=101 raw_age=0.11s decision=TRAILING reason=PATH_BLOCKED blocked_obs_id=116 gap=3.86m free_dist=0.117m branch=dyn/nopred (id_mismatch or empty)
1787358245.881 [DYNAMIC_OT] target=116 gap=3.96 ego_v=-0.07 opp_v=-0.56 rel_v=0.49 sector=1 force_trailing=0 pred_age=- pred_valid=0 path=0 path_age=- safe=0 left=- right=- state=TRAILING decision=TRAILING reason=NO_DYNAMIC_OBSTACLE
1787358245.881 [STATE_CHANGE] OVERTAKE -> TRAILING src=GB_TRACK s=38.96 d=0.02 vs=-0.07
1787358246.075 [STATE_CHANGE] TRAILING -> OVERTAKE src=OVERTAKE s=38.84 d=0.00 vs=0.09
1787358246.078 [OPP_MEMORY] opponent id=116 lost 0.18s ago at gap=3.96m -- holding speed cap 5.61 m/s (raceline 8.35) state=OVERTAKE
1787358246.221 [STATIC_OT] state=OVERTAKE path_exists=1 path_locked=1 path_ttl_ok=1 path_safe=0 on_spline=1 speed=0.35 raw_wpnts=102 raw_age=0.05s decision=TRAILING reason=PATH_BLOCKED blocked_obs_id=116 gap=4.09m free_dist=0.151m branch=static/geom
1787358246.222 [STATE_CHANGE] OVERTAKE -> TRAILING src=GB_TRACK s=38.79 d=-0.03 vs=0.35
1787358246.277 [STATE_CHANGE] TRAILING -> OVERTAKE src=OVERTAKE s=38.85 d=-0.04 vs=0.36
1787358246.390 [OBSTACLES] cur_s=39.20 cur_d=-0.06 vs=0.20 n=2 [id=116 static=1 gap=3.51m d=0.31 size=0.49; id=122 static=1 gap=1.40m d=-0.32 size=0.33]
1787358246.492 [STATIC_OT] state=OVERTAKE path_exists=1 path_locked=1 path_ttl_ok=0 path_safe=0 on_spline=1 speed=0.09 raw_wpnts=0 raw_age=-s decision=TRAILING reason=NO_STATIC_PATH
1787358246.492 [STATE_CHANGE] OVERTAKE -> TRAILING src=GB_TRACK s=39.19 d=-0.03 vs=0.09
1787358246.672 [STATE_CHANGE] TRAILING -> OVERTAKE src=OVERTAKE s=39.16 d=-0.02 vs=0.02
1787358246.674 [OPP_MEMORY] opponent id=116 lost 0.77s ago at gap=3.96m -- holding speed cap 5.76 m/s (raceline 8.57) state=OVERTAKE
1787358246.727 [STATIC_OT] state=OVERTAKE path_exists=1 path_locked=1 path_ttl_ok=1 path_safe=0 on_spline=1 speed=0.01 raw_wpnts=101 raw_age=0.15s decision=TRAILING reason=PATH_BLOCKED blocked_obs_id=116 gap=3.6m free_dist=0.152m branch=static/geom
1787358246.728 [STATE_CHANGE] OVERTAKE -> TRAILING src=GB_TRACK s=39.15 d=-0.02 vs=0.01
1787358246.827 [OPP_MEM_DBG] state=TRAILING src=GB_TRACK n_obs=2 last_gap=3.96 age=0.93 window=3.00 ebh=8.00 track_len=39.52 active=1
1787358246.917 [OBSTACLES] cur_s=39.25 cur_d=-0.06 vs=-0.01 n=2 [id=116 static=1 gap=3.36m d=0.32 size=0.50; id=122 static=1 gap=1.28m d=-0.31 size=0.31]
1787358246.925 [STATE_CHANGE] TRAILING -> OVERTAKE src=OVERTAKE s=39.25 d=-0.06 vs=-0.01
1787358247.045 [STATIC_OT] state=OVERTAKE path_exists=1 path_locked=1 path_ttl_ok=1 path_safe=0 on_spline=1 speed=-0.01 raw_wpnts=101 raw_age=0.07s decision=TRAILING reason=PATH_BLOCKED blocked_obs_id=116 gap=3.43m free_dist=0.153m branch=static/geom
1787358247.055 [STATE_CHANGE] OVERTAKE -> TRAILING src=GB_TRACK s=39.31 d=-0.07 vs=-0.01
1787358247.247 [STATIC_OT] state=TRAILING path_exists=1 path_locked=0 path_ttl_ok=0 path_safe=0 on_spline=1 speed=-0.01 raw_wpnts=0 raw_age=-s decision=TRAILING reason=NO_STATIC_PATH
1787358247.434 [OBSTACLES] cur_s=39.39 cur_d=-0.05 vs=-0.02 n=2 [id=116 static=1 gap=3.27m d=0.34 size=0.49; id=122 static=1 gap=1.23m d=-0.33 size=0.29]
1787358247.439 [STATE_CHANGE] TRAILING -> OVERTAKE src=OVERTAKE s=39.39 d=-0.05 vs=-0.02
1787358247.446 [OPP_MEMORY] opponent id=116 lost 1.54s ago at gap=3.96m -- holding speed cap 5.90 m/s (raceline 8.78) state=OVERTAKE
1787358247.538 [STATIC_OT] state=OVERTAKE path_exists=1 path_locked=1 path_ttl_ok=1 path_safe=0 on_spline=1 speed=-0.02 raw_wpnts=101 raw_age=0.06s decision=TRAILING reason=PATH_BLOCKED blocked_obs_id=116 gap=3.44m free_dist=0.153m branch=static/geom
1787358247.538 [STATE_CHANGE] OVERTAKE -> TRAILING src=GB_TRACK s=39.37 d=-0.04 vs=-0.02
1787358247.758 [STATIC_OT] state=TRAILING path_exists=1 path_locked=0 path_ttl_ok=0 path_safe=0 on_spline=1 speed=0.02 raw_wpnts=0 raw_age=-s decision=TRAILING reason=NO_STATIC_PATH
1787358247.830 [OPP_MEM_DBG] state=TRAILING src=GB_TRACK n_obs=2 last_gap=3.96 age=1.93 window=3.00 ebh=8.00 track_len=39.52 active=1
1787358247.952 [OBSTACLES] cur_s=39.42 cur_d=-0.05 vs=0.01 n=2 [id=116 static=1 gap=3.34m d=0.35 size=0.48; id=122 static=1 gap=1.31m d=-0.33 size=0.29]
1787358247.975 [STATIC_OT] state=TRAILING path_exists=1 path_locked=0 path_ttl_ok=0 path_safe=0 on_spline=1 speed=0.01 raw_wpnts=0 raw_age=-s decision=TRAILING reason=NO_STATIC_PATH
1787358248.191 [STATIC_OT] state=TRAILING path_exists=1 path_locked=0 path_ttl_ok=0 path_safe=0 on_spline=1 speed=0.02 raw_wpnts=0 raw_age=-s decision=TRAILING reason=NO_STATIC_PATH
1787358248.393 [STATIC_OT] state=TRAILING path_exists=1 path_locked=0 path_ttl_ok=0 path_safe=0 on_spline=1 speed=0.00 raw_wpnts=0 raw_age=-s decision=TRAILING reason=NO_STATIC_PATH
1787358248.468 [OBSTACLES] cur_s=39.42 cur_d=-0.05 vs=0.01 n=2 [id=116 static=1 gap=3.37m d=0.37 size=0.49; id=122 static=1 gap=1.40m d=-0.32 size=0.31]
1787358248.616 [STATIC_OT] state=TRAILING path_exists=1 path_locked=0 path_ttl_ok=0 path_safe=0 on_spline=1 speed=-0.01 raw_wpnts=0 raw_age=-s decision=TRAILING reason=NO_STATIC_PATH
1787358248.826 [STATIC_OT] state=TRAILING path_exists=1 path_locked=0 path_ttl_ok=0 path_safe=0 on_spline=1 speed=-0.01 raw_wpnts=0 raw_age=-s decision=TRAILING reason=NO_STATIC_PATH
1787358248.829 [DYNAMIC_OT] target=122 gap=2.28 ego_v=-0.01 opp_v=-0.17 rel_v=0.16 sector=1 force_trailing=0 pred_age=- pred_valid=0 path=0 path_age=- safe=0 left=- right=- state=TRAILING decision=TRAILING reason=NO_DYNAMIC_OBSTACLE
1787358248.968 [OBSTACLES] cur_s=39.37 cur_d=0.04 vs=-0.01 n=2 [id=122 static=0 gap=2.35m d=-0.23 size=0.20; id=116 static=1 gap=3.39m d=0.37 size=0.50]
1787358249.075 [STATIC_OT] state=TRAILING path_exists=1 path_locked=0 path_ttl_ok=1 path_safe=0 on_spline=1 speed=-0.02 raw_wpnts=101 raw_age=0.09s decision=TRAILING reason=PATH_BLOCKED blocked_obs_id=122 gap=2.48m free_dist=-0.177m branch=dyn/nopred (id_mismatch or empty)
1787358249.084 [DYNAMIC_OT] target=122 gap=2.58 ego_v=-0.02 opp_v=-0.27 rel_v=0.25 sector=1 force_trailing=0 pred_age=- pred_valid=0 path=0 path_age=- safe=0 left=- right=- state=TRAILING decision=TRAILING reason=PREDICTION_NEVER
1787358249.215 [OPP_MEM_DBG] state=TRAILING src=GB_TRACK n_obs=2 last_gap=2.69 age=0.04 window=3.00 ebh=8.00 track_len=39.52 active=1
1787358249.296 [STATIC_OT] state=TRAILING path_exists=1 path_locked=0 path_ttl_ok=0 path_safe=0 on_spline=1 speed=-0.01 raw_wpnts=0 raw_age=-s decision=TRAILING reason=NO_STATIC_PATH
1787358249.308 [DYNAMIC_OT] target=122 gap=2.88 ego_v=-0.01 opp_v=0.13 rel_v=-0.14 sector=1 force_trailing=0 pred_age=- pred_valid=0 path=0 path_age=- safe=0 left=- right=- state=TRAILING decision=TRAILING reason=PREDICTION_NEVER
1787358249.488 [OBSTACLES] cur_s=38.83 cur_d=0.12 vs=0.02 n=2 [id=122 static=0 gap=3.07m d=-0.10 size=0.38; id=116 static=1 gap=3.87m d=0.37 size=0.49]
1787358249.516 [STATIC_OT] state=TRAILING path_exists=1 path_locked=0 path_ttl_ok=1 path_safe=0 on_spline=1 speed=0.04 raw_wpnts=101 raw_age=0.04s decision=TRAILING reason=PATH_BLOCKED blocked_obs_id=122 gap=3.23m free_dist=-0.317m branch=dyn/nopred (id_mismatch or empty)
1787358249.521 [DYNAMIC_OT] target=122 gap=3.33 ego_v=0.04 opp_v=0.13 rel_v=-0.09 sector=1 force_trailing=0 pred_age=- pred_valid=0 path=0 path_age=- safe=0 left=- right=- state=TRAILING decision=TRAILING reason=PREDICTION_NEVER
1787358249.735 [STATIC_OT] state=TRAILING path_exists=1 path_locked=0 path_ttl_ok=1 path_safe=0 on_spline=1 speed=0.42 raw_wpnts=101 raw_age=0.16s decision=TRAILING reason=PATH_BLOCKED blocked_obs_id=122 gap=3.37m free_dist=-0.293m branch=dyn/nopred (id_mismatch or empty)
1787358249.740 [DYNAMIC_OT] target=122 gap=3.47 ego_v=0.42 opp_v=0.13 rel_v=0.29 sector=1 force_trailing=0 pred_age=- pred_valid=0 path=0 path_age=- safe=0 left=- right=- state=TRAILING decision=TRAILING reason=PREDICTION_NEVER
1787358249.877 [STATE_CHANGE] TRAILING -> OVERTAKE src=OVERTAKE s=38.62 d=0.07 vs=0.15
1787358249.879 [OPP_MEMORY] opponent id=122 lost 0.01s ago at gap=3.46m -- holding speed cap 5.17 m/s (raceline 8.19) state=OVERTAKE
1787358249.930 [STATE_CHANGE] OVERTAKE -> TRAILING src=GB_TRACK s=38.60 d=0.04 vs=0.15
1787358249.949 [STATIC_OT] state=TRAILING path_exists=1 path_locked=0 path_ttl_ok=1 path_safe=0 on_spline=1 speed=0.15 raw_wpnts=101 raw_age=0.07s decision=TRAILING reason=PATH_BLOCKED blocked_obs_id=122 gap=3.65m free_dist=-0.079m branch=dyn/nopred (id_mismatch or empty)
1787358249.952 [DYNAMIC_OT] target=122 gap=3.75 ego_v=0.15 opp_v=0.13 rel_v=0.02 sector=1 force_trailing=0 pred_age=- pred_valid=0 path=0 path_age=- safe=0 left=- right=- state=TRAILING decision=TRAILING reason=NO_DYNAMIC_OBSTACLE
1787358249.995 [OBSTACLES] cur_s=38.59 cur_d=0.03 vs=0.14 n=2 [id=122 static=0 gap=3.66m d=0.07 size=0.36; id=116 static=1 gap=4.11m d=0.37 size=0.49]
1787358250.153 [STATIC_OT] state=TRAILING path_exists=1 path_locked=0 path_ttl_ok=1 path_safe=0 on_spline=1 speed=0.27 raw_wpnts=101 raw_age=0.08s decision=TRAILING reason=PATH_BLOCKED blocked_obs_id=122 gap=4.11m free_dist=-0.241m branch=dyn/nopred (id_mismatch or empty)
1787358250.155 [DYNAMIC_OT] target=122 gap=4.21 ego_v=0.27 opp_v=5.07 rel_v=-4.80 sector=1 force_trailing=0 pred_age=- pred_valid=0 path=0 path_age=- safe=0 left=- right=- state=TRAILING decision=TRAILING reason=REL_SPEED
1787358250.357 [STATIC_OT] state=TRAILING path_exists=1 path_locked=0 path_ttl_ok=1 path_safe=0 on_spline=1 speed=0.57 raw_wpnts=104 raw_age=0.08s decision=TRAILING reason=PATH_BLOCKED blocked_obs_id=122 gap=4.27m free_dist=-0.294m branch=dyn/nopred (id_mismatch or empty)
1787358250.360 [DYNAMIC_OT] target=122 gap=4.37 ego_v=0.57 opp_v=2.67 rel_v=-2.10 sector=1 force_trailing=0 pred_age=- pred_valid=0 path=0 path_age=- safe=0 left=- right=- state=TRAILING decision=TRAILING reason=REL_SPEED
1787358250.495 [OBSTACLES] cur_s=38.78 cur_d=0.08 vs=0.98 n=2 [id=122 static=0 gap=4.22m d=-0.09 size=0.36; id=116 static=1 gap=3.92m d=0.37 size=0.49]
1787358250.572 [STATIC_OT] state=TRAILING path_exists=1 path_locked=0 path_ttl_ok=1 path_safe=0 on_spline=1 speed=1.08 raw_wpnts=101 raw_age=0.10s decision=TRAILING reason=PATH_BLOCKED blocked_obs_id=122 gap=4.23m free_dist=-0.215m branch=dyn/nopred (id_mismatch or empty)
1787358250.574 [DYNAMIC_OT] target=122 gap=4.33 ego_v=1.08 opp_v=1.34 rel_v=-0.26 sector=1 force_trailing=0 pred_age=- pred_valid=0 path=0 path_age=- safe=0 left=- right=- state=TRAILING decision=TRAILING reason=PREDICTION_NEVER
1787358250.791 [STATIC_OT] state=TRAILING path_exists=1 path_locked=0 path_ttl_ok=1 path_safe=0 on_spline=1 speed=1.10 raw_wpnts=101 raw_age=0.11s decision=TRAILING reason=PATH_BLOCKED blocked_obs_id=122 gap=4.28m free_dist=-0.194m branch=dyn/nopred (id_mismatch or empty)
1787358250.796 [DYNAMIC_OT] target=122 gap=4.38 ego_v=1.10 opp_v=1.12 rel_v=-0.02 sector=1 force_trailing=0 pred_age=- pred_valid=0 path=0 path_age=- safe=0 left=- right=- state=TRAILING decision=TRAILING reason=PREDICTION_NEVER
1787358251.011 [OBSTACLES] cur_s=39.16 cur_d=0.07 vs=1.02 n=2 [id=122 static=0 gap=4.41m d=0.11 size=0.36; id=116 static=1 gap=3.54m d=0.37 size=0.49]
1787358251.014 [STATIC_OT] state=TRAILING path_exists=1 path_locked=0 path_ttl_ok=1 path_safe=0 on_spline=1 speed=1.02 raw_wpnts=101 raw_age=0.13s decision=TRAILING reason=PATH_BLOCKED blocked_obs_id=122 gap=4.49m free_dist=-0.136m branch=dyn/nopred (id_mismatch or empty)
1787358251.031 [DYNAMIC_OT] target=122 gap=4.59 ego_v=1.02 opp_v=1.34 rel_v=-0.31 sector=1 force_trailing=0 pred_age=- pred_valid=0 path=0 path_age=- safe=0 left=- right=- state=TRAILING decision=TRAILING reason=PREDICTION_NEVER
1787358251.235 [STATIC_OT] state=TRAILING path_exists=1 path_locked=0 path_ttl_ok=1 path_safe=0 on_spline=1 speed=0.86 raw_wpnts=101 raw_age=0.06s decision=TRAILING reason=PATH_BLOCKED blocked_obs_id=122 gap=4.72m free_dist=-0.106m branch=dyn/nopred (id_mismatch or empty)
1787358251.236 [DYNAMIC_OT] target=122 gap=4.82 ego_v=0.86 opp_v=1.48 rel_v=-0.61 sector=1 force_trailing=0 pred_age=- pred_valid=0 path=0 path_age=- safe=0 left=- right=- state=TRAILING decision=TRAILING reason=REL_SPEED
1787358251.444 [STATIC_OT] state=TRAILING path_exists=1 path_locked=0 path_ttl_ok=0 path_safe=0 on_spline=1 speed=0.76 raw_wpnts=0 raw_age=-s decision=TRAILING reason=NO_STATIC_PATH
1787358251.447 [DYNAMIC_OT] target=122 gap=5.03 ego_v=0.76 opp_v=1.75 rel_v=-0.99 sector=1 force_trailing=0 pred_age=- pred_valid=0 path=0 path_age=- safe=0 left=- right=- state=TRAILING decision=TRAILING reason=REL_SPEED
1787358251.531 [OBSTACLES] cur_s=0.17 cur_d=-0.01 vs=0.74 n=1 [id=122 static=0 gap=4.87m d=0.18 size=0.36]
1787358251.657 [STATIC_OT] state=TRAILING path_exists=1 path_locked=0 path_ttl_ok=0 path_safe=0 on_spline=1 speed=0.71 raw_wpnts=0 raw_age=-s decision=TRAILING reason=NO_STATIC_PATH
1787358251.658 [DYNAMIC_OT] target=122 gap=5.08 ego_v=0.71 opp_v=1.75 rel_v=-1.04 sector=1 force_trailing=0 pred_age=- pred_valid=0 path=0 path_age=- safe=0 left=- right=- state=TRAILING decision=TRAILING reason=REL_SPEED
1787358251.875 [STATIC_OT] state=TRAILING path_exists=1 path_locked=0 path_ttl_ok=1 path_safe=0 on_spline=1 speed=0.74 raw_wpnts=101 raw_age=0.10s decision=TRAILING reason=PATH_BLOCKED blocked_obs_id=122 gap=5.38m free_dist=-0.154m branch=dyn/nopred (id_mismatch or empty)
1787358251.877 [DYNAMIC_OT] target=122 gap=5.38 ego_v=0.74 opp_v=1.75 rel_v=-1.01 sector=1 force_trailing=0 pred_age=- pred_valid=0 path=0 path_age=- safe=0 left=- right=- state=TRAILING decision=TRAILING reason=REL_SPEED
1787358252.032 [OBSTACLES] cur_s=0.48 cur_d=0.01 vs=0.22 n=2 [id=122 static=0 gap=5.52m d=0.16 size=0.36; id=124 static=1 gap=1.86m d=0.29 size=0.15]
1787358252.095 [STATIC_OT] state=TRAILING path_exists=1 path_locked=0 path_ttl_ok=1 path_safe=0 on_spline=1 speed=0.24 raw_wpnts=101 raw_age=0.12s decision=TRAILING reason=PATH_BLOCKED blocked_obs_id=122 gap=5.81m free_dist=-0.165m branch=dyn/nopred (id_mismatch or empty)
1787358252.098 [DYNAMIC_OT] target=122 gap=5.81 ego_v=0.24 opp_v=1.75 rel_v=-1.51 sector=1 force_trailing=0 pred_age=- pred_valid=0 path=0 path_age=- safe=0 left=- right=- state=TRAILING decision=TRAILING reason=REL_SPEED
1787358252.309 [STATIC_OT] state=TRAILING path_exists=1 path_locked=0 path_ttl_ok=1 path_safe=0 on_spline=1 speed=0.12 raw_wpnts=101 raw_age=0.13s decision=TRAILING reason=PATH_BLOCKED blocked_obs_id=122 gap=6.12m free_dist=-0.177m branch=dyn/nopred (id_mismatch or empty)
1787358252.310 [DYNAMIC_OT] target=122 gap=6.12 ego_v=0.12 opp_v=1.75 rel_v=-1.63 sector=1 force_trailing=0 pred_age=- pred_valid=0 path=0 path_age=- safe=0 left=- right=- state=TRAILING decision=TRAILING reason=REL_SPEED
1787358252.538 [OBSTACLES] cur_s=0.74 cur_d=0.02 vs=0.02 n=2 [id=122 static=0 gap=6.21m d=0.13 size=0.36; id=124 static=1 gap=1.49m d=0.32 size=0.49]
1787358252.548 [STATIC_OT] state=TRAILING path_exists=1 path_locked=0 path_ttl_ok=1 path_safe=0 on_spline=1 speed=0.02 raw_wpnts=101 raw_age=0.07s decision=TRAILING reason=PATH_BLOCKED blocked_obs_id=122 gap=6.39m free_dist=-0.191m branch=dyn/nopred (id_mismatch or empty)
1787358252.549 [DYNAMIC_OT] target=122 gap=6.39 ego_v=0.02 opp_v=1.75 rel_v=-1.73 sector=1 force_trailing=0 pred_age=- pred_valid=0 path=0 path_age=- safe=0 left=- right=- state=TRAILING decision=TRAILING reason=REL_SPEED
1787358252.757 [STATIC_OT] state=TRAILING path_exists=1 path_locked=0 path_ttl_ok=1 path_safe=0 on_spline=1 speed=-0.01 raw_wpnts=101 raw_age=0.08s decision=TRAILING reason=PATH_BLOCKED blocked_obs_id=122 gap=6.54m free_dist=-0.198m branch=dyn/nopred (id_mismatch or empty)
1787358252.758 [DYNAMIC_OT] target=122 gap=6.54 ego_v=-0.01 opp_v=1.75 rel_v=-1.76 sector=1 force_trailing=0 pred_age=- pred_valid=0 path=0 path_age=- safe=0 left=- right=- state=TRAILING decision=TRAILING reason=REL_SPEED
1787358252.967 [STATIC_OT] state=TRAILING path_exists=1 path_locked=0 path_ttl_ok=1 path_safe=0 on_spline=1 speed=0.02 raw_wpnts=101 raw_age=0.09s decision=TRAILING reason=PATH_BLOCKED blocked_obs_id=122 gap=6.95m free_dist=-0.21m branch=dyn/nopred (id_mismatch or empty)
1787358252.968 [DYNAMIC_OT] target=122 gap=6.95 ego_v=0.02 opp_v=1.75 rel_v=-1.72 sector=1 force_trailing=0 pred_age=- pred_valid=0 path=0 path_age=- safe=0 left=- right=- state=TRAILING decision=TRAILING reason=REL_SPEED
1787358253.052 [OBSTACLES] cur_s=0.97 cur_d=0.03 vs=-0.01 n=2 [id=122 static=0 gap=6.94m d=0.11 size=0.36; id=124 static=1 gap=1.45m d=0.38 size=0.48]
1787358253.172 [STATIC_OT] state=TRAILING path_exists=1 path_locked=0 path_ttl_ok=1 path_safe=0 on_spline=1 speed=-0.00 raw_wpnts=101 raw_age=0.10s decision=TRAILING reason=PATH_BLOCKED blocked_obs_id=122 gap=7.29m free_dist=-0.219m branch=dyn/nopred (id_mismatch or empty)
1787358253.173 [DYNAMIC_OT] target=122 gap=7.29 ego_v=-0.00 opp_v=1.75 rel_v=-1.75 sector=1 force_trailing=0 pred_age=- pred_valid=0 path=0 path_age=- safe=0 left=- right=- state=TRAILING decision=TRAILING reason=REL_SPEED
1787358253.395 [STATIC_OT] state=TRAILING path_exists=1 path_locked=0 path_ttl_ok=1 path_safe=0 on_spline=1 speed=-0.01 raw_wpnts=101 raw_age=0.12s decision=TRAILING reason=PATH_BLOCKED blocked_obs_id=122 gap=7.68m free_dist=-0.227m branch=dyn/nopred (id_mismatch or empty)
1787358253.396 [DYNAMIC_OT] target=122 gap=7.68 ego_v=-0.01 opp_v=1.75 rel_v=-1.76 sector=1 force_trailing=0 pred_age=- pred_valid=0 path=0 path_age=- safe=0 left=- right=- state=TRAILING decision=TRAILING reason=REL_SPEED
1787358253.455 [OPP_MEM_DBG] state=OVERTAKE src=OVERTAKE n_obs=1 last_gap=7.68 age=0.06 window=3.00 ebh=8.00 track_len=39.52 active=1
1787358253.455 [STATE_CHANGE] TRAILING -> OVERTAKE src=OVERTAKE s=0.97 d=0.02 vs=0.03
1787358253.456 [OPP_MEMORY] opponent id=122 lost 0.06s ago at gap=7.68m -- holding speed cap 7.90 m/s (raceline 8.11) state=OVERTAKE
1787358253.571 [OBSTACLES] cur_s=0.94 cur_d=0.02 vs=-0.00 n=1 [id=124 static=1 gap=1.52m d=0.40 size=0.52]
1787358253.970 [OPP_MEMORY] opponent id=122 lost 0.57s ago at gap=7.68m -- holding speed cap 7.90 m/s (raceline 8.11) state=OVERTAKE
1787358254.090 [OBSTACLES] cur_s=1.04 cur_d=0.03 vs=0.19 n=1 [id=124 static=1 gap=1.51m d=0.43 size=0.50]
1787358254.471 [OPP_MEM_DBG] state=OVERTAKE src=OVERTAKE n_obs=1 last_gap=7.68 age=1.08 window=3.00 ebh=8.00 track_len=39.52 active=1
1787358254.473 [OPP_MEMORY] opponent id=122 lost 1.08s ago at gap=7.68m -- holding speed cap 7.51 m/s (raceline 7.71) state=OVERTAKE
1787358254.614 [OBSTACLES] cur_s=1.81 cur_d=0.04 vs=1.73 n=1 [id=124 static=1 gap=0.77m d=0.45 size=0.47]
1787358254.988 [OPP_MEMORY] opponent id=122 lost 1.59s ago at gap=7.68m -- holding speed cap 6.75 m/s (raceline 6.93) state=OVERTAKE
1787358255.116 [OBSTACLES] cur_s=2.87 cur_d=-0.04 vs=2.86 n=0 [none]
1787358255.488 [OPP_MEM_DBG] state=OVERTAKE src=OVERTAKE n_obs=0 last_gap=7.68 age=2.09 window=3.00 ebh=8.00 track_len=39.52 active=1
1787358255.490 [OPP_MEMORY] opponent id=122 lost 2.09s ago at gap=7.68m -- holding speed cap 4.34 m/s (raceline 4.46) state=OVERTAKE
1787358255.617 [OBSTACLES] cur_s=4.91 cur_d=0.01 vs=3.76 n=0 [none]
1787358255.993 [OPP_MEMORY] opponent id=122 lost 2.60s ago at gap=7.68m -- holding speed cap 3.46 m/s (raceline 3.55) state=OVERTAKE
1787358256.120 [OBSTACLES] cur_s=6.84 cur_d=-0.05 vs=3.33 n=0 [none]
1787358256.289 [STATE_CHANGE] OVERTAKE -> GB_TRACK src=GB_TRACK s=7.47 d=0.03 vs=3.32
1787358256.491 [OPP_MEM_DBG] state=GB_TRACK src=GB_TRACK n_obs=0 last_gap=7.68 age=3.10 window=3.00 ebh=8.00 track_len=39.52 active=0
1787358256.629 [OBSTACLES] cur_s=8.69 cur_d=0.05 vs=3.44 n=0 [none]
1787358257.137 [OBSTACLES] cur_s=10.42 cur_d=-0.07 vs=3.79 n=0 [none]
1787358257.492 [OPP_MEM_DBG] state=GB_TRACK src=GB_TRACK n_obs=0 last_gap=7.68 age=4.10 window=3.00 ebh=8.00 track_len=39.52 active=0
1787358257.648 [OBSTACLES] cur_s=12.34 cur_d=0.01 vs=3.67 n=0 [none]
1787358257.791 [STATIC_OT] state=GB_TRACK path_exists=0 path_locked=0 path_ttl_ok=0 path_safe=0 on_spline=0 speed=3.65 raw_wpnts=0 raw_age=-s decision=TRAILING reason=NO_STATIC_PATH
1787358257.791 [STATE_CHANGE] GB_TRACK -> TRAILING src=GB_TRACK s=12.69 d=0.00 vs=3.65
1787358257.881 [STATE_CHANGE] TRAILING -> OVERTAKE src=OVERTAKE s=12.86 d=0.00 vs=3.64
1787358257.911 [DYNAMIC_OT] target=127 gap=2.18 ego_v=3.63 opp_v=0.00 rel_v=3.63 sector=1 force_trailing=0 pred_age=- pred_valid=0 path=0 path_age=- safe=0 left=- right=- state=TRAILING decision=TRAILING reason=NO_DYNAMIC_OBSTACLE
1787358257.911 [STATE_CHANGE] OVERTAKE -> TRAILING src=GB_TRACK s=12.90 d=0.02 vs=3.63
1787358258.018 [STATIC_OT] state=TRAILING path_exists=0 path_locked=0 path_ttl_ok=0 path_safe=0 on_spline=0 speed=3.44 raw_wpnts=0 raw_age=-s decision=TRAILING reason=NO_STATIC_PATH
1787358258.128 [DYNAMIC_OT] target=127 gap=1.66 ego_v=3.09 opp_v=1.81 rel_v=1.28 sector=1 force_trailing=0 pred_age=- pred_valid=0 path=0 path_age=- safe=0 left=- right=- state=TRAILING decision=TRAILING reason=PREDICTION_NEVER
1787358258.157 [OBSTACLES] cur_s=14.03 cur_d=-0.03 vs=2.77 n=1 [id=127 static=0 gap=1.35m d=0.17 size=0.36]
1787358258.239 [STATIC_OT] state=TRAILING path_exists=0 path_locked=0 path_ttl_ok=0 path_safe=0 on_spline=0 speed=2.73 raw_wpnts=0 raw_age=-s decision=TRAILING reason=NO_STATIC_PATH
1787358258.333 [DYNAMIC_OT] target=127 gap=1.37 ego_v=2.70 opp_v=1.88 rel_v=0.82 sector=1 force_trailing=0 pred_age=- pred_valid=0 path=0 path_age=- safe=0 left=- right=- state=TRAILING decision=TRAILING reason=PREDICTION_NEVER
1787358258.451 [STATIC_OT] state=TRAILING path_exists=0 path_locked=0 path_ttl_ok=0 path_safe=0 on_spline=0 speed=2.65 raw_wpnts=0 raw_age=-s decision=TRAILING reason=NO_STATIC_PATH
1787358258.545 [DYNAMIC_OT] target=127 gap=1.35 ego_v=2.62 opp_v=1.65 rel_v=0.97 sector=1 force_trailing=0 pred_age=- pred_valid=0 path=0 path_age=- safe=0 left=- right=- state=TRAILING decision=TRAILING reason=PREDICTION_NEVER
1787358258.662 [OBSTACLES] cur_s=14.91 cur_d=-0.03 vs=2.54 n=1 [id=127 static=0 gap=1.26m d=0.21 size=0.36]
1787358258.664 [STATIC_OT] state=TRAILING path_exists=0 path_locked=0 path_ttl_ok=0 path_safe=0 on_spline=0 speed=2.54 raw_wpnts=0 raw_age=-s decision=TRAILING reason=NO_STATIC_PATH
1787358258.741 [DYNAMIC_OT] target=127 gap=1.66 ego_v=2.47 opp_v=1.91 rel_v=0.56 sector=1 force_trailing=0 pred_age=- pred_valid=0 path=0 path_age=- safe=0 left=- right=- state=TRAILING decision=TRAILING reason=PREDICTION_NEVER
1787358258.883 [STATIC_OT] state=TRAILING path_exists=0 path_locked=0 path_ttl_ok=0 path_safe=0 on_spline=0 speed=2.33 raw_wpnts=0 raw_age=-s decision=TRAILING reason=NO_STATIC_PATH
1787358258.965 [DYNAMIC_OT] target=127 gap=1.92 ego_v=2.30 opp_v=2.11 rel_v=0.20 sector=1 force_trailing=0 pred_age=- pred_valid=0 path=0 path_age=- safe=0 left=- right=- state=TRAILING decision=TRAILING reason=PREDICTION_NEVER
1787358259.091 [STATIC_OT] state=TRAILING path_exists=0 path_locked=0 path_ttl_ok=0 path_safe=0 on_spline=0 speed=1.33 raw_wpnts=0 raw_age=-s decision=TRAILING reason=NO_STATIC_PATH
1787358259.168 [OBSTACLES] cur_s=15.62 cur_d=0.04 vs=1.37 n=1 [id=127 static=0 gap=1.36m d=0.14 size=0.36]
1787358259.172 [DYNAMIC_OT] target=127 gap=1.54 ego_v=1.37 opp_v=1.38 rel_v=-0.01 sector=1 force_trailing=0 pred_age=- pred_valid=0 path=0 path_age=- safe=0 left=- right=- state=TRAILING decision=TRAILING reason=PREDICTION_NEVER
1787358259.210 [OPP_MEM_DBG] state=LOSTLINE src=GB_TRACK n_obs=0 last_gap=1.54 age=0.02 window=3.00 ebh=8.00 track_len=39.52 active=1
1787358259.210 [STATE_CHANGE] TRAILING -> LOSTLINE src=GB_TRACK s=15.69 d=0.05 vs=1.38
1787358259.212 [OPP_MEMORY] opponent id=127 lost 0.02s ago at gap=1.54m -- holding speed cap 1.52 m/s (raceline 3.19) state=LOSTLINE
1787358259.232 [STATE_CHANGE] LOSTLINE -> GB_TRACK src=GB_TRACK s=15.73 d=0.05 vs=1.38
1787358259.273 [STATE_CHANGE] GB_TRACK -> TRAILING src=GB_TRACK s=15.80 d=0.07 vs=1.37
1787358259.292 [STATIC_OT] state=TRAILING path_exists=0 path_locked=0 path_ttl_ok=0 path_safe=0 on_spline=0 speed=1.37 raw_wpnts=0 raw_age=-s decision=TRAILING reason=NO_STATIC_PATH
1787358259.376 [DYNAMIC_OT] target=127 gap=1.46 ego_v=1.35 opp_v=1.80 rel_v=-0.45 sector=1 force_trailing=0 pred_age=- pred_valid=0 path=0 path_age=- safe=0 left=- right=- state=TRAILING decision=TRAILING reason=PREDICTION_NEVER
1787358259.426 [STATE_CHANGE] TRAILING -> LOSTLINE src=GB_TRACK s=15.94 d=0.11 vs=1.33
1787358259.435 [STATE_CHANGE] LOSTLINE -> GB_TRACK src=GB_TRACK s=15.97 d=0.11 vs=1.32
1787358259.487 [STATE_CHANGE] GB_TRACK -> TRAILING src=GB_TRACK s=16.00 d=0.12 vs=1.31
1787358259.514 [STATIC_OT] state=TRAILING path_exists=0 path_locked=0 path_ttl_ok=0 path_safe=0 on_spline=0 speed=1.33 raw_wpnts=0 raw_age=-s decision=TRAILING reason=NO_STATIC_PATH
1787358259.596 [DYNAMIC_OT] target=127 gap=1.47 ego_v=1.31 opp_v=2.00 rel_v=-0.69 sector=1 force_trailing=0 pred_age=- pred_valid=0 path=0 path_age=- safe=0 left=- right=- state=TRAILING decision=TRAILING reason=REL_SPEED
1787358259.670 [OBSTACLES] cur_s=16.27 cur_d=0.20 vs=1.29 n=1 [id=127 static=0 gap=1.37m d=0.07 size=0.36]
1787358259.742 [STATIC_OT] state=TRAILING path_exists=0 path_locked=0 path_ttl_ok=0 path_safe=0 on_spline=0 speed=1.29 raw_wpnts=0 raw_age=-s decision=TRAILING reason=NO_STATIC_PATH
1787358259.781 [STATE_CHANGE] TRAILING -> LOSTLINE src=GB_TRACK s=16.34 d=0.21 vs=1.30
1787358259.783 [OPP_MEMORY] opponent id=127 lost 0.04s ago at gap=1.43m -- holding speed cap 1.45 m/s (raceline 3.10) state=LOSTLINE
1787358259.797 [STATE_CHANGE] LOSTLINE -> GB_TRACK src=GB_TRACK s=16.37 d=0.21 vs=1.30
1787358259.813 [DYNAMIC_OT] target=127 gap=1.05 ego_v=1.30 opp_v=2.03 rel_v=-0.72 sector=1 force_trailing=0 pred_age=- pred_valid=0 path=0 path_age=- safe=0 left=- right=- state=TRAILING decision=TRAILING reason=REL_SPEED
1787358259.813 [STATE_CHANGE] GB_TRACK -> TRAILING src=GB_TRACK s=16.41 d=0.22 vs=1.30
1787358259.969 [STATIC_OT] state=TRAILING path_exists=0 path_locked=0 path_ttl_ok=0 path_safe=0 on_spline=0 speed=1.31 raw_wpnts=0 raw_age=-s decision=TRAILING reason=NO_STATIC_PATH
1787358260.016 [DYNAMIC_OT] target=127 gap=0.90 ego_v=1.30 opp_v=0.55 rel_v=0.75 sector=1 force_trailing=0 pred_age=- pred_valid=0 path=0 path_age=- safe=0 left=- right=- state=TRAILING decision=TRAILING reason=PREDICTION_NEVER
1787358260.172 [OBSTACLES] cur_s=16.80 cur_d=0.16 vs=1.15 n=1 [id=127 static=0 gap=0.86m d=-0.15 size=0.18]
1787358260.174 [STATIC_OT] state=TRAILING path_exists=0 path_locked=0 path_ttl_ok=0 path_safe=0 on_spline=0 speed=1.15 raw_wpnts=0 raw_age=-s decision=TRAILING reason=NO_STATIC_PATH
1787358260.218 [DYNAMIC_OT] target=127 gap=1.00 ego_v=1.11 opp_v=0.80 rel_v=0.31 sector=1 force_trailing=0 pred_age=- pred_valid=0 path=0 path_age=- safe=0 left=- right=- state=TRAILING decision=TRAILING reason=PREDICTION_NEVER
1787358260.384 [STATIC_OT] state=TRAILING path_exists=0 path_locked=0 path_ttl_ok=0 path_safe=0 on_spline=0 speed=0.81 raw_wpnts=0 raw_age=-s decision=TRAILING reason=NO_STATIC_PATH
1787358260.430 [DYNAMIC_OT] target=127 gap=1.27 ego_v=0.71 opp_v=1.52 rel_v=-0.81 sector=1 force_trailing=0 pred_age=- pred_valid=0 path=0 path_age=- safe=0 left=- right=- state=TRAILING decision=TRAILING reason=REL_SPEED
1787358260.607 [STATIC_OT] state=TRAILING path_exists=0 path_locked=0 path_ttl_ok=0 path_safe=0 on_spline=0 speed=0.43 raw_wpnts=0 raw_age=-s decision=TRAILING reason=NO_STATIC_PATH
1787358260.654 [DYNAMIC_OT] target=127 gap=1.54 ego_v=0.42 opp_v=1.60 rel_v=-1.18 sector=1 force_trailing=0 pred_age=- pred_valid=0 path=0 path_age=- safe=0 left=- right=- state=TRAILING decision=TRAILING reason=REL_SPEED
1787358260.678 [OBSTACLES] cur_s=17.03 cur_d=0.04 vs=0.41 n=1 [id=127 static=0 gap=1.45m d=-0.03 size=0.18]
1787358260.811 [STATIC_OT] state=TRAILING path_exists=0 path_locked=0 path_ttl_ok=0 path_safe=0 on_spline=0 speed=0.52 raw_wpnts=0 raw_age=-s decision=TRAILING reason=NO_STATIC_PATH
1787358260.859 [DYNAMIC_OT] target=127 gap=1.71 ego_v=0.54 opp_v=1.45 rel_v=-0.91 sector=1 force_trailing=0 pred_age=- pred_valid=0 path=0 path_age=- safe=0 left=- right=- state=TRAILING decision=TRAILING reason=REL_SPEED
1787358261.040 [STATIC_OT] state=TRAILING path_exists=0 path_locked=0 path_ttl_ok=0 path_safe=0 on_spline=0 speed=0.83 raw_wpnts=0 raw_age=-s decision=TRAILING reason=NO_STATIC_PATH
1787358261.098 [DYNAMIC_OT] target=127 gap=1.78 ego_v=0.89 opp_v=1.36 rel_v=-0.48 sector=1 force_trailing=0 pred_age=- pred_valid=0 path=0 path_age=- safe=0 left=- right=- state=TRAILING decision=TRAILING reason=PREDICTION_NEVER
1787358261.208 [OBSTACLES] cur_s=17.42 cur_d=-0.06 vs=1.03 n=1 [id=127 static=0 gap=1.76m d=-0.14 size=0.18]
1787358261.267 [STATIC_OT] state=TRAILING path_exists=0 path_locked=0 path_ttl_ok=0 path_safe=0 on_spline=0 speed=1.05 raw_wpnts=0 raw_age=-s decision=TRAILING reason=NO_STATIC_PATH
1787358261.299 [DYNAMIC_OT] target=127 gap=1.87 ego_v=1.06 opp_v=1.23 rel_v=-0.17 sector=1 force_trailing=0 pred_age=- pred_valid=0 path=0 path_age=- safe=0 left=- right=- state=TRAILING decision=TRAILING reason=PREDICTION_NEVER
1787358261.478 [STATIC_OT] state=TRAILING path_exists=0 path_locked=0 path_ttl_ok=0 path_safe=0 on_spline=0 speed=1.14 raw_wpnts=0 raw_age=-s decision=TRAILING reason=NO_STATIC_PATH
1787358261.513 [DYNAMIC_OT] target=127 gap=1.83 ego_v=1.14 opp_v=1.58 rel_v=-0.43 sector=1 force_trailing=0 pred_age=- pred_valid=0 path=0 path_age=- safe=0 left=- right=- state=TRAILING decision=TRAILING reason=PREDICTION_NEVER
1787358261.691 [STATIC_OT] state=TRAILING path_exists=1 path_locked=0 path_ttl_ok=1 path_safe=0 on_spline=1 speed=1.13 raw_wpnts=124 raw_age=0.12s decision=TRAILING reason=PATH_BLOCKED blocked_obs_id=127 gap=1.98m free_dist=-0.184m branch=dyn/nopred (id_mismatch or empty)
1787358261.726 [OBSTACLES] cur_s=18.15 cur_d=-0.12 vs=1.13 n=2 [id=127 static=0 gap=1.87m d=-0.06 size=0.18; id=130 static=1 gap=6.21m d=-0.10 size=0.20]
1787358261.732 [DYNAMIC_OT] target=127 gap=1.96 ego_v=1.13 opp_v=1.72 rel_v=-0.59 sector=1 force_trailing=0 pred_age=- pred_valid=0 path=0 path_age=- safe=0 left=- right=- state=TRAILING decision=TRAILING reason=REL_SPEED
1787358261.893 [STATIC_OT] state=TRAILING path_exists=1 path_locked=0 path_ttl_ok=1 path_safe=0 on_spline=1 speed=1.11 raw_wpnts=116 raw_age=0.12s decision=TRAILING reason=PATH_BLOCKED blocked_obs_id=127 gap=2.11m free_dist=-0.173m branch=dyn/nopred (id_mismatch or empty)
1787358261.977 [DYNAMIC_OT] target=127 gap=2.16 ego_v=1.11 opp_v=1.84 rel_v=-0.73 sector=1 force_trailing=0 pred_age=- pred_valid=0 path=0 path_age=- safe=0 left=- right=- state=TRAILING decision=TRAILING reason=REL_SPEED
1787358262.115 [STATIC_OT] state=TRAILING path_exists=1 path_locked=0 path_ttl_ok=1 path_safe=0 on_spline=1 speed=1.13 raw_wpnts=112 raw_age=0.04s decision=TRAILING reason=PATH_BLOCKED blocked_obs_id=127 gap=2.22m free_dist=-0.206m branch=dyn/nopred (id_mismatch or empty)
1787358262.178 [DYNAMIC_OT] target=127 gap=2.27 ego_v=1.16 opp_v=1.89 rel_v=-0.73 sector=1 force_trailing=0 pred_age=- pred_valid=0 path=0 path_age=- safe=0 left=- right=- state=TRAILING decision=TRAILING reason=REL_SPEED
1787358262.249 [OBSTACLES] cur_s=18.81 cur_d=-0.10 vs=1.17 n=2 [id=127 static=0 gap=2.18m d=-0.17 size=0.18; id=130 static=1 gap=5.46m d=-0.11 size=0.43]
1787358262.351 [STATIC_OT] state=TRAILING path_exists=1 path_locked=0 path_ttl_ok=1 path_safe=0 on_spline=1 speed=1.20 raw_wpnts=116 raw_age=0.07s decision=TRAILING reason=PATH_BLOCKED blocked_obs_id=127 gap=2.27m free_dist=-0.169m branch=dyn/nopred (id_mismatch or empty)
1787358262.404 [DYNAMIC_OT] target=127 gap=2.25 ego_v=1.22 opp_v=1.37 rel_v=-0.14 sector=1 force_trailing=0 pred_age=- pred_valid=0 path=0 path_age=- safe=0 left=- right=- state=TRAILING decision=TRAILING reason=PREDICTION_NEVER
1787358262.561 [STATIC_OT] state=TRAILING path_exists=1 path_locked=0 path_ttl_ok=1 path_safe=0 on_spline=1 speed=1.30 raw_wpnts=106 raw_age=0.08s decision=TRAILING reason=PATH_BLOCKED blocked_obs_id=127 gap=2.19m free_dist=-0.17m branch=dyn/nopred (id_mismatch or empty)
1787358262.621 [DYNAMIC_OT] target=127 gap=2.12 ego_v=1.33 opp_v=1.15 rel_v=0.18 sector=1 force_trailing=0 pred_age=- pred_valid=0 path=0 path_age=- safe=0 left=- right=- state=TRAILING decision=TRAILING reason=PREDICTION_NEVER
1787358262.763 [OBSTACLES] cur_s=19.57 cur_d=-0.14 vs=1.34 n=2 [id=127 static=0 gap=1.97m d=-0.20 size=0.18; id=130 static=1 gap=4.69m d=-0.14 size=0.46]
1787358262.768 [STATIC_OT] state=TRAILING path_exists=1 path_locked=0 path_ttl_ok=1 path_safe=0 on_spline=1 speed=1.34 raw_wpnts=104 raw_age=0.09s decision=TRAILING reason=PATH_BLOCKED blocked_obs_id=127 gap=2.05m free_dist=-0.167m branch=dyn/nopred (id_mismatch or empty)
1787358262.828 [DYNAMIC_OT] target=127 gap=2.01 ego_v=1.30 opp_v=1.25 rel_v=0.04 sector=1 force_trailing=0 pred_age=- pred_valid=0 path=0 path_age=- safe=0 left=- right=- state=TRAILING decision=TRAILING reason=PREDICTION_NEVER
1787358262.984 [STATIC_OT] state=TRAILING path_exists=1 path_locked=0 path_ttl_ok=1 path_safe=0 on_spline=1 speed=1.28 raw_wpnts=102 raw_age=0.09s decision=TRAILING reason=PATH_BLOCKED blocked_obs_id=127 gap=1.92m free_dist=-0.218m branch=dyn/nopred (id_mismatch or empty)
1787358263.035 [DYNAMIC_OT] target=127 gap=1.92 ego_v=1.26 opp_v=0.92 rel_v=0.34 sector=1 force_trailing=0 pred_age=- pred_valid=0 path=0 path_age=- safe=0 left=- right=- state=TRAILING decision=TRAILING reason=PREDICTION_NEVER
1787358263.191 [STATIC_OT] state=TRAILING path_exists=1 path_locked=0 path_ttl_ok=1 path_safe=0 on_spline=1 speed=1.19 raw_wpnts=105 raw_age=0.12s decision=TRAILING reason=PATH_BLOCKED blocked_obs_id=127 gap=1.93m free_dist=-0.185m branch=dyn/nopred (id_mismatch or empty)
1787358263.254 [DYNAMIC_OT] target=127 gap=1.94 ego_v=1.17 opp_v=1.10 rel_v=0.07 sector=1 force_trailing=0 pred_age=- pred_valid=0 path=0 path_age=- safe=0 left=- right=- state=TRAILING decision=TRAILING reason=PREDICTION_NEVER
1787358263.276 [OBSTACLES] cur_s=20.18 cur_d=-0.09 vs=1.15 n=2 [id=127 static=0 gap=1.84m d=-0.11 size=0.18; id=130 static=1 gap=4.10m d=-0.16 size=0.44]
1787358263.393 [STATIC_OT] state=TRAILING path_exists=1 path_locked=0 path_ttl_ok=1 path_safe=0 on_spline=1 speed=1.09 raw_wpnts=101 raw_age=0.12s decision=TRAILING reason=PATH_BLOCKED blocked_obs_id=127 gap=1.96m free_dist=-0.18m branch=dyn/nopred (id_mismatch or empty)
1787358263.457 [DYNAMIC_OT] target=127 gap=1.95 ego_v=1.07 opp_v=0.80 rel_v=0.28 sector=1 force_trailing=0 pred_age=- pred_valid=0 path=0 path_age=- safe=0 left=- right=- state=TRAILING decision=TRAILING reason=PREDICTION_NEVER
1787358263.613 [STATIC_OT] state=TRAILING path_exists=1 path_locked=0 path_ttl_ok=1 path_safe=0 on_spline=1 speed=1.02 raw_wpnts=102 raw_age=0.14s decision=TRAILING reason=PATH_BLOCKED blocked_obs_id=127 gap=1.95m free_dist=-0.226m branch=dyn/nopred (id_mismatch or empty)
1787358263.665 [DYNAMIC_OT] target=127 gap=1.96 ego_v=0.98 opp_v=0.77 rel_v=0.21 sector=1 force_trailing=0 pred_age=- pred_valid=0 path=0 path_age=- safe=0 left=- right=- state=TRAILING decision=TRAILING reason=PREDICTION_NEVER
1787358263.787 [OBSTACLES] cur_s=20.48 cur_d=-0.03 vs=0.96 n=2 [id=127 static=0 gap=1.89m d=-0.01 size=0.18; id=130 static=1 gap=3.90m d=-0.17 size=0.21]
1787358263.816 [STATIC_OT] state=TRAILING path_exists=1 path_locked=0 path_ttl_ok=1 path_safe=0 on_spline=1 speed=0.95 raw_wpnts=102 raw_age=0.13s decision=TRAILING reason=PATH_BLOCKED blocked_obs_id=127 gap=2.0m free_dist=-0.206m branch=dyn/nopred (id_mismatch or empty)
1787358263.887 [DYNAMIC_OT] target=127 gap=2.13 ego_v=0.94 opp_v=1.01 rel_v=-0.07 sector=1 force_trailing=0 pred_age=- pred_valid=0 path=0 path_age=- safe=0 left=- right=- state=TRAILING decision=TRAILING reason=PREDICTION_NEVER
1787358264.037 [STATIC_OT] state=TRAILING path_exists=1 path_locked=0 path_ttl_ok=1 path_safe=0 on_spline=1 speed=0.91 raw_wpnts=101 raw_age=0.06s decision=TRAILING reason=PATH_BLOCKED blocked_obs_id=127 gap=2.23m free_dist=-0.079m branch=dyn/nopred (id_mismatch or empty)
1787358264.096 [DYNAMIC_OT] target=127 gap=2.39 ego_v=0.90 opp_v=1.54 rel_v=-0.64 sector=1 force_trailing=0 pred_age=- pred_valid=0 path=0 path_age=- safe=0 left=- right=- state=TRAILING decision=TRAILING reason=REL_SPEED
1787358264.252 [STATIC_OT] state=TRAILING path_exists=1 path_locked=0 path_ttl_ok=1 path_safe=0 on_spline=1 speed=0.89 raw_wpnts=101 raw_age=0.07s decision=TRAILING reason=PATH_BLOCKED blocked_obs_id=127 gap=2.54m free_dist=-0.202m branch=dyn/nopred (id_mismatch or empty)
1787358264.305 [OBSTACLES] cur_s=20.69 cur_d=0.05 vs=0.96 n=2 [id=127 static=0 gap=2.51m d=0.16 size=0.18; id=130 static=1 gap=3.69m d=-0.17 size=0.21]
1787358264.313 [DYNAMIC_OT] target=127 gap=2.59 ego_v=0.96 opp_v=1.44 rel_v=-0.48 sector=1 force_trailing=0 pred_age=- pred_valid=0 path=0 path_age=- safe=0 left=- right=- state=TRAILING decision=TRAILING reason=PREDICTION_NEVER
1787358264.457 [STATIC_OT] state=TRAILING path_exists=1 path_locked=0 path_ttl_ok=1 path_safe=0 on_spline=1 speed=1.27 raw_wpnts=101 raw_age=0.08s decision=TRAILING reason=PATH_BLOCKED blocked_obs_id=127 gap=2.55m free_dist=-0.213m branch=dyn/nopred (id_mismatch or empty)
1787358264.542 [DYNAMIC_OT] target=127 gap=2.77 ego_v=1.35 opp_v=2.07 rel_v=-0.72 sector=1 force_trailing=0 pred_age=- pred_valid=0 path=0 path_age=- safe=0 left=- right=- state=TRAILING decision=TRAILING reason=REL_SPEED
1787358264.675 [STATIC_OT] state=TRAILING path_exists=1 path_locked=0 path_ttl_ok=1 path_safe=0 on_spline=1 speed=1.52 raw_wpnts=101 raw_age=0.10s decision=TRAILING reason=PATH_BLOCKED blocked_obs_id=127 gap=2.71m free_dist=-0.162m branch=dyn/nopred (id_mismatch or empty)
1787358264.781 [DYNAMIC_OT] target=127 gap=2.74 ego_v=1.62 opp_v=2.63 rel_v=-1.01 sector=1 force_trailing=0 pred_age=- pred_valid=0 path=0 path_age=- safe=0 left=- right=- state=TRAILING decision=TRAILING reason=REL_SPEED
1787358264.814 [OBSTACLES] cur_s=21.86 cur_d=0.05 vs=1.66 n=2 [id=127 static=0 gap=2.67m d=0.30 size=0.18; id=130 static=1 gap=2.39m d=-0.18 size=0.41]
1787358264.890 [STATIC_OT] state=TRAILING path_exists=1 path_locked=0 path_ttl_ok=1 path_safe=0 on_spline=1 speed=1.84 raw_wpnts=101 raw_age=0.21s decision=TRAILING reason=PATH_BLOCKED blocked_obs_id=127 gap=2.78m free_dist=-0.217m branch=dyn/nopred (id_mismatch or empty)
1787358264.999 [DYNAMIC_OT] target=127 gap=2.68 ego_v=1.96 opp_v=2.43 rel_v=-0.47 sector=1 force_trailing=0 pred_age=- pred_valid=0 path=0 path_age=- safe=0 left=- right=- state=TRAILING decision=TRAILING reason=PREDICTION_NEVER
1787358265.091 [STATIC_OT] state=TRAILING path_exists=1 path_locked=0 path_ttl_ok=1 path_safe=0 on_spline=1 speed=1.89 raw_wpnts=101 raw_age=0.12s decision=TRAILING reason=PATH_BLOCKED blocked_obs_id=127 gap=2.61m free_dist=-0.196m branch=dyn/nopred (id_mismatch or empty)
1787358265.193 [DYNAMIC_OT] target=127 gap=2.54 ego_v=1.59 opp_v=1.19 rel_v=0.40 sector=1 force_trailing=0 pred_age=- pred_valid=0 path=0 path_age=- safe=0 left=- right=- state=TRAILING decision=TRAILING reason=PREDICTION_NEVER
1787358265.300 [STATIC_OT] state=TRAILING path_exists=1 path_locked=0 path_ttl_ok=1 path_safe=0 on_spline=1 speed=1.17 raw_wpnts=101 raw_age=0.12s decision=TRAILING reason=PATH_BLOCKED blocked_obs_id=127 gap=2.57m free_dist=-0.174m branch=dyn/nopred (id_mismatch or empty)
1787358265.317 [OBSTACLES] cur_s=22.48 cur_d=0.06 vs=1.09 n=2 [id=127 static=0 gap=2.46m d=0.20 size=0.18; id=130 static=1 gap=1.62m d=-0.20 size=0.45]
1787358265.413 [DYNAMIC_OT] target=127 gap=2.64 ego_v=0.96 opp_v=1.16 rel_v=-0.20 sector=1 force_trailing=0 pred_age=- pred_valid=0 path=0 path_age=- safe=0 left=- right=- state=TRAILING decision=TRAILING reason=PREDICTION_NEVER
1787358265.540 [STATIC_OT] state=TRAILING path_exists=1 path_locked=0 path_ttl_ok=1 path_safe=0 on_spline=1 speed=0.78 raw_wpnts=101 raw_age=0.06s decision=TRAILING reason=PATH_BLOCKED blocked_obs_id=127 gap=2.73m free_dist=-0.173m branch=dyn/nopred (id_mismatch or empty)
1787358265.632 [DYNAMIC_OT] target=127 gap=2.89 ego_v=0.62 opp_v=1.46 rel_v=-0.85 sector=1 force_trailing=0 pred_age=- pred_valid=0 path=0 path_age=- safe=0 left=- right=- state=TRAILING decision=TRAILING reason=REL_SPEED
1787358265.748 [STATIC_OT] state=TRAILING path_exists=1 path_locked=0 path_ttl_ok=1 path_safe=0 on_spline=1 speed=0.36 raw_wpnts=101 raw_age=0.07s decision=TRAILING reason=PATH_BLOCKED blocked_obs_id=127 gap=3.11m free_dist=-0.117m branch=dyn/nopred (id_mismatch or empty)
1787358265.817 [OBSTACLES] cur_s=22.67 cur_d=0.09 vs=0.11 n=2 [id=127 static=0 gap=3.10m d=-0.14 size=0.18; id=130 static=1 gap=1.26m d=-0.26 size=0.49]
1787358265.847 [DYNAMIC_OT] target=127 gap=3.25 ego_v=0.08 opp_v=1.65 rel_v=-1.57 sector=1 force_trailing=0 pred_age=- pred_valid=0 path=0 path_age=- safe=0 left=- right=- state=TRAILING decision=TRAILING reason=REL_SPEED
1787358265.953 [STATIC_OT] state=TRAILING path_exists=1 path_locked=0 path_ttl_ok=1 path_safe=0 on_spline=1 speed=-0.03 raw_wpnts=101 raw_age=0.08s decision=TRAILING reason=PATH_BLOCKED blocked_obs_id=127 gap=3.38m free_dist=-0.102m branch=dyn/nopred (id_mismatch or empty)
1787358266.054 [DYNAMIC_OT] target=127 gap=3.51 ego_v=0.02 opp_v=1.39 rel_v=-1.37 sector=1 force_trailing=0 pred_age=- pred_valid=0 path=0 path_age=- safe=0 left=- right=- state=TRAILING decision=TRAILING reason=REL_SPEED
1787358266.172 [STATIC_OT] state=TRAILING path_exists=1 path_locked=0 path_ttl_ok=1 path_safe=0 on_spline=1 speed=-0.02 raw_wpnts=101 raw_age=0.10s decision=TRAILING reason=PATH_BLOCKED blocked_obs_id=127 gap=3.73m free_dist=-0.18m branch=dyn/nopred (id_mismatch or empty)
1787358266.255 [DYNAMIC_OT] target=127 gap=3.82 ego_v=-0.03 opp_v=1.28 rel_v=-1.30 sector=1 force_trailing=0 pred_age=- pred_valid=0 path=0 path_age=- safe=0 left=- right=- state=TRAILING decision=TRAILING reason=REL_SPEED
1787358266.330 [OBSTACLES] cur_s=22.59 cur_d=-0.06 vs=0.01 n=2 [id=127 static=0 gap=3.86m d=0.14 size=0.18; id=130 static=1 gap=1.20m d=-0.31 size=0.46]
1787358266.390 [STATIC_OT] state=TRAILING path_exists=1 path_locked=0 path_ttl_ok=0 path_safe=0 on_spline=1 speed=-0.02 raw_wpnts=0 raw_age=-s decision=TRAILING reason=NO_STATIC_PATH
1787358266.455 [DYNAMIC_OT] target=127 gap=4.11 ego_v=0.02 opp_v=1.34 rel_v=-1.32 sector=1 force_trailing=0 pred_age=- pred_valid=0 path=0 path_age=- safe=0 left=- right=- state=TRAILING decision=TRAILING reason=REL_SPEED
1787358266.594 [STATIC_OT] state=TRAILING path_exists=1 path_locked=0 path_ttl_ok=1 path_safe=0 on_spline=1 speed=-0.02 raw_wpnts=101 raw_age=0.12s decision=TRAILING reason=PATH_BLOCKED blocked_obs_id=127 gap=4.28m free_dist=-0.031m branch=dyn/nopred (id_mismatch or empty)
1787358266.696 [DYNAMIC_OT] target=127 gap=4.33 ego_v=-0.02 opp_v=1.13 rel_v=-1.15 sector=1 force_trailing=0 pred_age=- pred_valid=0 path=0 path_age=- safe=0 left=- right=- state=TRAILING decision=TRAILING reason=REL_SPEED
1787358266.802 [STATIC_OT] state=TRAILING path_exists=1 path_locked=0 path_ttl_ok=1 path_safe=0 on_spline=1 speed=-0.00 raw_wpnts=101 raw_age=0.13s decision=TRAILING reason=PATH_BLOCKED blocked_obs_id=127 gap=4.49m free_dist=-0.091m branch=dyn/nopred (id_mismatch or empty)
1787358266.849 [OBSTACLES] cur_s=22.56 cur_d=-0.08 vs=-0.01 n=2 [id=127 static=0 gap=4.51m d=0.21 size=0.18; id=130 static=1 gap=1.21m d=-0.30 size=0.46]
1787358266.913 [DYNAMIC_OT] target=127 gap=4.75 ego_v=0.01 opp_v=1.41 rel_v=-1.40 sector=1 force_trailing=0 pred_age=- pred_valid=0 path=0 path_age=- safe=0 left=- right=- state=TRAILING decision=TRAILING reason=REL_SPEED
1787358267.046 [STATIC_OT] state=TRAILING path_exists=1 path_locked=0 path_ttl_ok=1 path_safe=0 on_spline=1 speed=-0.00 raw_wpnts=101 raw_age=0.07s decision=TRAILING reason=PATH_BLOCKED blocked_obs_id=127 gap=4.78m free_dist=-0.097m branch=dyn/nopred (id_mismatch or empty)
1787358267.137 [DYNAMIC_OT] target=127 gap=4.85 ego_v=0.03 opp_v=1.07 rel_v=-1.04 sector=1 force_trailing=0 pred_age=- pred_valid=0 path=0 path_age=- safe=0 left=- right=- state=TRAILING decision=TRAILING reason=REL_SPEED
1787358267.270 [STATIC_OT] state=TRAILING path_exists=1 path_locked=0 path_ttl_ok=1 path_safe=0 on_spline=1 speed=-0.01 raw_wpnts=101 raw_age=0.29s decision=TRAILING reason=PATH_BLOCKED blocked_obs_id=127 gap=4.95m free_dist=-0.229m branch=dyn/nopred (id_mismatch or empty)
1787358267.355 [DYNAMIC_OT] target=127 gap=5.04 ego_v=0.01 opp_v=0.93 rel_v=-0.92 sector=1 force_trailing=0 pred_age=- pred_valid=0 path=0 path_age=- safe=0 left=- right=- state=TRAILING decision=TRAILING reason=REL_SPEED
1787358267.372 [OBSTACLES] cur_s=22.55 cur_d=-0.07 vs=0.01 n=2 [id=127 static=0 gap=4.98m d=0.07 size=0.18; id=130 static=1 gap=1.19m d=-0.29 size=0.45]
1787358267.485 [STATIC_OT] state=TRAILING path_exists=1 path_locked=0 path_ttl_ok=1 path_safe=0 on_spline=1 speed=0.01 raw_wpnts=101 raw_age=0.11s decision=TRAILING reason=PATH_BLOCKED blocked_obs_id=127 gap=5.17m free_dist=-0.152m branch=dyn/nopred (id_mismatch or empty)
1787358267.571 [DYNAMIC_OT] target=127 gap=5.21 ego_v=-0.00 opp_v=0.92 rel_v=-0.92 sector=1 force_trailing=0 pred_age=- pred_valid=0 path=0 path_age=- safe=0 left=- right=- state=TRAILING decision=TRAILING reason=REL_SPEED
1787358267.691 [STATIC_OT] state=TRAILING path_exists=1 path_locked=0 path_ttl_ok=1 path_safe=0 on_spline=1 speed=0.02 raw_wpnts=101 raw_age=0.11s decision=TRAILING reason=PATH_BLOCKED blocked_obs_id=127 gap=5.35m free_dist=-0.147m branch=dyn/nopred (id_mismatch or empty)
1787358267.771 [DYNAMIC_OT] target=127 gap=5.38 ego_v=-0.00 opp_v=0.92 rel_v=-0.92 sector=1 force_trailing=0 pred_age=- pred_valid=0 path=0 path_age=- safe=0 left=- right=- state=TRAILING decision=TRAILING reason=REL_SPEED
1787358267.889 [OBSTACLES] cur_s=22.60 cur_d=-0.05 vs=0.02 n=2 [id=127 static=0 gap=5.39m d=0.08 size=0.18; id=130 static=1 gap=1.13m d=-0.30 size=0.45]
1787358267.891 [STATIC_OT] state=TRAILING path_exists=1 path_locked=0 path_ttl_ok=1 path_safe=0 on_spline=1 speed=0.02 raw_wpnts=101 raw_age=0.11s decision=TRAILING reason=PATH_BLOCKED blocked_obs_id=127 gap=5.48m free_dist=-0.149m branch=dyn/nopred (id_mismatch or empty)
1787358267.989 [DYNAMIC_OT] target=127 gap=5.57 ego_v=0.01 opp_v=0.92 rel_v=-0.91 sector=1 force_trailing=0 pred_age=- pred_valid=0 path=0 path_age=- safe=0 left=- right=- state=TRAILING decision=TRAILING reason=REL_SPEED
1787358268.127 [STATIC_OT] state=TRAILING path_exists=1 path_locked=0 path_ttl_ok=1 path_safe=0 on_spline=1 speed=0.00 raw_wpnts=101 raw_age=0.05s decision=TRAILING reason=PATH_BLOCKED blocked_obs_id=127 gap=5.68m free_dist=-0.154m branch=dyn/nopred (id_mismatch or empty)
1787358268.198 [DYNAMIC_OT] target=127 gap=5.77 ego_v=0.01 opp_v=0.92 rel_v=-0.91 sector=1 force_trailing=0 pred_age=- pred_valid=0 path=0 path_age=- safe=0 left=- right=- state=TRAILING decision=TRAILING reason=REL_SPEED
1787358268.336 [STATIC_OT] state=TRAILING path_exists=1 path_locked=0 path_ttl_ok=1 path_safe=0 on_spline=1 speed=0.00 raw_wpnts=101 raw_age=0.26s decision=TRAILING reason=PATH_BLOCKED blocked_obs_id=127 gap=5.88m free_dist=-0.161m branch=dyn/nopred (id_mismatch or empty)
1787358268.409 [OBSTACLES] cur_s=22.66 cur_d=-0.05 vs=0.01 n=2 [id=127 static=0 gap=5.85m d=0.07 size=0.18; id=130 static=1 gap=1.11m d=-0.29 size=0.45]
1787358268.414 [DYNAMIC_OT] target=127 gap=5.93 ego_v=0.01 opp_v=0.92 rel_v=-0.92 sector=1 force_trailing=0 pred_age=- pred_valid=0 path=0 path_age=- safe=0 left=- right=- state=TRAILING decision=TRAILING reason=REL_SPEED
1787358268.552 [STATIC_OT] state=TRAILING path_exists=1 path_locked=0 path_ttl_ok=1 path_safe=0 on_spline=1 speed=0.01 raw_wpnts=101 raw_age=0.08s decision=TRAILING reason=PATH_BLOCKED blocked_obs_id=127 gap=5.99m free_dist=-0.166m branch=dyn/nopred (id_mismatch or empty)
1787358268.626 [DYNAMIC_OT] target=127 gap=6.07 ego_v=0.03 opp_v=0.92 rel_v=-0.90 sector=1 force_trailing=0 pred_age=- pred_valid=0 path=0 path_age=- safe=0 left=- right=- state=TRAILING decision=TRAILING reason=REL_SPEED
1787358268.798 [STATIC_OT] state=TRAILING path_exists=1 path_locked=0 path_ttl_ok=1 path_safe=0 on_spline=1 speed=0.03 raw_wpnts=101 raw_age=0.12s decision=TRAILING reason=PATH_BLOCKED blocked_obs_id=127 gap=6.16m free_dist=-0.171m branch=dyn/nopred (id_mismatch or empty)
1787358268.842 [DYNAMIC_OT] target=127 gap=6.21 ego_v=0.02 opp_v=0.92 rel_v=-0.90 sector=1 force_trailing=0 pred_age=- pred_valid=0 path=0 path_age=- safe=0 left=- right=- state=TRAILING decision=TRAILING reason=REL_SPEED
1787358268.926 [OBSTACLES] cur_s=22.71 cur_d=-0.02 vs=0.01 n=2 [id=127 static=0 gap=6.26m d=0.06 size=0.18; id=130 static=1 gap=1.11m d=-0.28 size=0.47]
1787358269.007 [STATIC_OT] state=TRAILING path_exists=1 path_locked=0 path_ttl_ok=1 path_safe=0 on_spline=1 speed=0.03 raw_wpnts=101 raw_age=0.23s decision=TRAILING reason=PATH_BLOCKED blocked_obs_id=127 gap=6.4m free_dist=-0.177m branch=dyn/nopred (id_mismatch or empty)
1787358269.051 [DYNAMIC_OT] target=127 gap=6.44 ego_v=0.02 opp_v=0.92 rel_v=-0.90 sector=1 force_trailing=0 pred_age=- pred_valid=0 path=0 path_age=- safe=0 left=- right=- state=TRAILING decision=TRAILING reason=REL_SPEED
1787358269.247 [STATIC_OT] state=TRAILING path_exists=1 path_locked=0 path_ttl_ok=1 path_safe=0 on_spline=1 speed=0.04 raw_wpnts=101 raw_age=0.07s decision=TRAILING reason=PATH_BLOCKED blocked_obs_id=127 gap=6.64m free_dist=-0.183m branch=dyn/nopred (id_mismatch or empty)
1787358269.278 [DYNAMIC_OT] target=127 gap=6.65 ego_v=0.01 opp_v=0.92 rel_v=-0.91 sector=1 force_trailing=0 pred_age=- pred_valid=0 path=0 path_age=- safe=0 left=- right=- state=TRAILING decision=TRAILING reason=REL_SPEED
1787358269.389 [OPP_MEM_DBG] state=OVERTAKE src=OVERTAKE n_obs=1 last_gap=6.75 age=0.02 window=3.00 ebh=8.00 track_len=39.52 active=1
1787358269.389 [STATE_CHANGE] TRAILING -> OVERTAKE src=OVERTAKE s=22.68 d=-0.05 vs=0.03
1787358269.391 [OPP_MEMORY] opponent id=127 lost 0.02s ago at gap=6.75m -- holding speed cap 4.64 m/s (raceline 5.17) state=OVERTAKE
1787358269.430 [OBSTACLES] cur_s=22.68 cur_d=-0.05 vs=0.02 n=1 [id=130 static=1 gap=1.17m d=-0.28 size=0.45]
1787358269.892 [OPP_MEMORY] opponent id=127 lost 0.52s ago at gap=6.75m -- holding speed cap 4.63 m/s (raceline 5.15) state=OVERTAKE
1787358269.944 [OBSTACLES] cur_s=22.56 cur_d=-0.07 vs=0.13 n=1 [id=130 static=1 gap=1.30m d=-0.28 size=0.44]
1787358270.427 [OPP_MEM_DBG] state=OVERTAKE src=OVERTAKE n_obs=1 last_gap=6.75 age=1.06 window=3.00 ebh=8.00 track_len=39.52 active=1
1787358270.429 [OPP_MEMORY] opponent id=127 lost 1.06s ago at gap=6.75m -- holding speed cap 4.64 m/s (raceline 5.17) state=OVERTAKE
1787358270.452 [OBSTACLES] cur_s=22.75 cur_d=-0.11 vs=1.14 n=1 [id=130 static=1 gap=1.02m d=-0.30 size=0.46]
1787358270.930 [OPP_MEMORY] opponent id=127 lost 1.56s ago at gap=6.75m -- holding speed cap 4.35 m/s (raceline 4.84) state=OVERTAKE
1787358270.968 [OBSTACLES] cur_s=23.77 cur_d=0.18 vs=2.40 n=1 [id=130 static=1 gap=0.07m d=-0.30 size=0.29]
1787358271.435 [OPP_MEM_DBG] state=OVERTAKE src=OVERTAKE n_obs=0 last_gap=6.75 age=2.07 window=3.00 ebh=8.00 track_len=39.52 active=1
1787358271.437 [OPP_MEMORY] opponent id=127 lost 2.07s ago at gap=6.75m -- holding speed cap 3.40 m/s (raceline 3.79) state=OVERTAKE
1787358271.476 [OBSTACLES] cur_s=25.37 cur_d=0.05 vs=2.30 n=0 [none]
1787358271.951 [OPP_MEMORY] opponent id=127 lost 2.58s ago at gap=6.75m -- holding speed cap 2.81 m/s (raceline 3.12) state=OVERTAKE
1787358271.991 [OBSTACLES] cur_s=26.61 cur_d=-0.08 vs=2.50 n=0 [none]
1787358272.036 [STATE_CHANGE] OVERTAKE -> LOSTLINE src=GB_TRACK s=26.69 d=-0.08 vs=2.48
1787358272.056 [STATE_CHANGE] LOSTLINE -> GB_TRACK src=GB_TRACK s=26.75 d=-0.07 vs=2.49
1787358272.449 [OPP_MEM_DBG] state=GB_TRACK src=GB_TRACK n_obs=0 last_gap=6.75 age=3.08 window=3.00 ebh=8.00 track_len=39.52 active=0
1787358272.489 [OBSTACLES] cur_s=28.06 cur_d=0.16 vs=2.46 n=0 [none]
1787358272.992 [OBSTACLES] cur_s=29.40 cur_d=0.12 vs=3.23 n=0 [none]
1787358273.468 [OPP_MEM_DBG] state=GB_TRACK src=GB_TRACK n_obs=0 last_gap=6.75 age=4.10 window=3.00 ebh=8.00 track_len=39.52 active=0
1787358273.509 [OBSTACLES] cur_s=31.06 cur_d=-0.00 vs=2.93 n=0 [none]
1787358274.010 [OBSTACLES] cur_s=32.13 cur_d=-0.03 vs=2.35 n=0 [none]
1787358274.411 [STATIC_OT] state=GB_TRACK path_exists=0 path_locked=0 path_ttl_ok=0 path_safe=0 on_spline=0 speed=2.72 raw_wpnts=0 raw_age=-s decision=TRAILING reason=NO_STATIC_PATH
1787358274.411 [STATE_CHANGE] GB_TRACK -> TRAILING src=GB_TRACK s=33.10 d=0.10 vs=2.72
1787358274.474 [OPP_MEM_DBG] state=TRAILING src=GB_TRACK n_obs=1 last_gap=6.75 age=5.11 window=3.00 ebh=8.00 track_len=39.52 active=0
1787358274.517 [OBSTACLES] cur_s=33.35 cur_d=0.13 vs=2.91 n=1 [id=136 static=1 gap=9.18m d=0.07 size=0.59]
1787358274.614 [STATIC_OT] state=TRAILING path_exists=0 path_locked=0 path_ttl_ok=0 path_safe=0 on_spline=0 speed=2.98 raw_wpnts=0 raw_age=-s decision=TRAILING reason=NO_STATIC_PATH
1787358274.826 [STATIC_OT] state=TRAILING path_exists=0 path_locked=0 path_ttl_ok=0 path_safe=0 on_spline=0 speed=2.99 raw_wpnts=0 raw_age=-s decision=TRAILING reason=NO_STATIC_PATH
1787358274.893 [DYNAMIC_OT] target=138 gap=5.10 ego_v=2.94 opp_v=0.00 rel_v=2.94 sector=1 force_trailing=0 pred_age=- pred_valid=0 path=0 path_age=- safe=0 left=- right=- state=TRAILING decision=TRAILING reason=NO_DYNAMIC_OBSTACLE
1787358275.044 [OBSTACLES] cur_s=34.57 cur_d=0.10 vs=2.73 n=2 [id=138 static=0 gap=5.03m d=-0.30 size=0.21; id=136 static=1 gap=7.92m d=0.10 size=0.56]
1787358275.048 [STATIC_OT] state=TRAILING path_exists=0 path_locked=0 path_ttl_ok=0 path_safe=0 on_spline=0 speed=2.73 raw_wpnts=0 raw_age=-s decision=TRAILING reason=NO_STATIC_PATH
1787358275.101 [DYNAMIC_OT] target=138 gap=5.16 ego_v=2.68 opp_v=2.44 rel_v=0.23 sector=1 force_trailing=0 pred_age=- pred_valid=0 path=0 path_age=- safe=0 left=- right=- state=TRAILING decision=TRAILING reason=PREDICTION_NEVER
1787358275.257 [STATIC_OT] state=TRAILING path_exists=0 path_locked=0 path_ttl_ok=0 path_safe=0 on_spline=0 speed=2.32 raw_wpnts=0 raw_age=-s decision=TRAILING reason=NO_STATIC_PATH
1787358275.317 [DYNAMIC_OT] target=138 gap=4.68 ego_v=2.31 opp_v=2.08 rel_v=0.23 sector=1 force_trailing=0 pred_age=- pred_valid=0 path=0 path_age=- safe=0 left=- right=- state=OVERTAKE decision=OVERTAKE
1787358275.317 [STATE_CHANGE] TRAILING -> OVERTAKE src=OVERTAKE s=35.50 d=0.11 vs=2.31
1787358275.335 [STATE_CHANGE] OVERTAKE -> TRAILING src=GB_TRACK s=35.65 d=0.06 vs=2.33
1787358275.471 [STATIC_OT] state=TRAILING path_exists=1 path_locked=0 path_ttl_ok=0 path_safe=0 on_spline=1 speed=2.52 raw_wpnts=0 raw_age=-s decision=TRAILING reason=NO_STATIC_PATH
1787358275.526 [DYNAMIC_OT] target=138 gap=4.29 ego_v=2.59 opp_v=1.71 rel_v=0.88 sector=1 force_trailing=0 pred_age=- pred_valid=0 path=0 path_age=- safe=0 left=- right=- state=TRAILING decision=TRAILING reason=PREDICTION_NEVER
1787358275.557 [OBSTACLES] cur_s=36.36 cur_d=0.02 vs=2.64 n=2 [id=138 static=0 gap=4.10m d=-0.23 size=0.21; id=136 static=1 gap=6.12m d=0.16 size=0.53]
1787358275.674 [STATIC_OT] state=TRAILING path_exists=1 path_locked=0 path_ttl_ok=0 path_safe=0 on_spline=1 speed=2.77 raw_wpnts=0 raw_age=-s decision=TRAILING reason=NO_STATIC_PATH
1787358275.674 [OPP_MEM_DBG] state=TRAILING src=GB_TRACK n_obs=1 last_gap=4.09 age=0.02 window=3.00 ebh=8.00 track_len=39.52 active=1
1787358275.719 [STATE_CHANGE] TRAILING -> OVERTAKE src=OVERTAKE s=36.82 d=0.03 vs=2.78
1787358275.732 [DYNAMIC_OT] target=138 gap=3.78 ego_v=2.78 opp_v=1.58 rel_v=1.20 sector=1 force_trailing=0 pred_age=- pred_valid=0 path=0 path_age=- safe=0 left=- right=- state=OVERTAKE decision=OVERTAKE
1787358275.857 [STATE_CHANGE] OVERTAKE -> TRAILING src=GB_TRACK s=37.34 d=-0.04 vs=2.70
1787358275.886 [STATIC_OT] state=TRAILING path_exists=1 path_locked=0 path_ttl_ok=1 path_safe=0 on_spline=1 speed=2.70 raw_wpnts=120 raw_age=0.11s decision=TRAILING reason=PATH_BLOCKED blocked_obs_id=136 gap=5.37m free_dist=0.138m branch=static/geom
1787358275.939 [DYNAMIC_OT] target=138 gap=3.33 ego_v=2.68 opp_v=1.56 rel_v=1.12 sector=1 force_trailing=0 pred_age=- pred_valid=0 path=0 path_age=- safe=0 left=- right=- state=TRAILING decision=TRAILING reason=PREDICTION_NEVER
1787358276.069 [OBSTACLES] cur_s=38.02 cur_d=-0.08 vs=2.53 n=2 [id=138 static=0 gap=3.11m d=-0.23 size=0.24; id=136 static=1 gap=4.68m d=0.22 size=0.54]
1787358276.090 [STATIC_OT] state=TRAILING path_exists=1 path_locked=0 path_ttl_ok=0 path_safe=0 on_spline=1 speed=2.47 raw_wpnts=0 raw_age=-s decision=TRAILING reason=NO_STATIC_PATH
1787358276.164 [DYNAMIC_OT] target=138 gap=3.09 ego_v=2.38 opp_v=1.89 rel_v=0.50 sector=1 force_trailing=0 pred_age=- pred_valid=0 path=0 path_age=- safe=0 left=- right=- state=TRAILING decision=TRAILING reason=PREDICTION_NEVER
1787358276.294 [STATIC_OT] state=TRAILING path_exists=1 path_locked=0 path_ttl_ok=0 path_safe=0 on_spline=1 speed=2.33 raw_wpnts=0 raw_age=-s decision=TRAILING reason=NO_STATIC_PATH
1787358276.389 [DYNAMIC_OT] target=138 gap=2.93 ego_v=2.26 opp_v=1.39 rel_v=0.87 sector=1 force_trailing=0 pred_age=- pred_valid=0 path=0 path_age=- safe=0 left=- right=- state=TRAILING decision=TRAILING reason=PREDICTION_NEVER
1787358276.512 [STATIC_OT] state=TRAILING path_exists=1 path_locked=0 path_ttl_ok=0 path_safe=0 on_spline=1 speed=2.14 raw_wpnts=0 raw_age=-s decision=TRAILING reason=NO_STATIC_PATH
1787358276.589 [OBSTACLES] cur_s=39.26 cur_d=-0.05 vs=1.89 n=2 [id=138 static=0 gap=2.31m d=-0.13 size=0.24; id=136 static=1 gap=3.73m d=0.33 size=0.50]
1787358276.594 [DYNAMIC_OT] target=138 gap=2.43 ego_v=1.89 opp_v=0.90 rel_v=0.99 sector=1 force_trailing=0 pred_age=- pred_valid=0 path=0 path_age=- safe=0 left=- right=- state=TRAILING decision=TRAILING reason=PREDICTION_NEVER
1787358276.735 [STATIC_OT] state=TRAILING path_exists=1 path_locked=0 path_ttl_ok=0 path_safe=0 on_spline=1 speed=1.54 raw_wpnts=0 raw_age=-s decision=TRAILING reason=NO_STATIC_PATH
1787358276.796 [DYNAMIC_OT] target=138 gap=2.21 ego_v=1.37 opp_v=0.43 rel_v=0.94 sector=1 force_trailing=0 pred_age=- pred_valid=0 path=0 path_age=- safe=0 left=- right=- state=TRAILING decision=TRAILING reason=PREDICTION_NEVER
1787358276.952 [STATIC_OT] state=TRAILING path_exists=1 path_locked=0 path_ttl_ok=1 path_safe=0 on_spline=1 speed=1.13 raw_wpnts=101 raw_age=0.08s decision=TRAILING reason=PATH_BLOCKED blocked_obs_id=138 gap=2.09m free_dist=-0.102m branch=dyn/nopred (id_mismatch or empty)
1787358277.058 [DYNAMIC_OT] target=138 gap=2.16 ego_v=1.00 opp_v=0.02 rel_v=0.98 sector=1 force_trailing=0 pred_age=- pred_valid=0 path=0 path_age=- safe=0 left=- right=- state=TRAILING decision=TRAILING reason=PREDICTION_NEVER
1787358277.105 [OBSTACLES] cur_s=39.50 cur_d=0.01 vs=0.88 n=2 [id=138 static=0 gap=1.95m d=-0.24 size=0.24; id=136 static=1 gap=3.53m d=0.35 size=0.50]
1787358277.140 [OPP_MEM_DBG] state=TRAILING src=GB_TRACK n_obs=2 last_gap=2.07 age=0.03 window=3.00 ebh=8.00 track_len=39.52 active=1
1787358277.167 [STATIC_OT] state=TRAILING path_exists=1 path_locked=0 path_ttl_ok=1 path_safe=0 on_spline=1 speed=0.76 raw_wpnts=101 raw_age=0.09s decision=TRAILING reason=PATH_BLOCKED blocked_obs_id=138 gap=1.99m free_dist=-0.188m branch=static/geom
1787358277.373 [STATIC_OT] state=TRAILING path_exists=1 path_locked=0 path_ttl_ok=0 path_safe=0 on_spline=1 speed=0.29 raw_wpnts=0 raw_age=-s decision=TRAILING reason=NO_STATIC_PATH
1787358277.592 [STATIC_OT] state=TRAILING path_exists=1 path_locked=0 path_ttl_ok=0 path_safe=0 on_spline=1 speed=-0.01 raw_wpnts=0 raw_age=-s decision=TRAILING reason=NO_STATIC_PATH
1787358277.612 [OBSTACLES] cur_s=39.18 cur_d=-0.02 vs=0.00 n=2 [id=138 static=1 gap=2.08m d=-0.21 size=0.40; id=136 static=1 gap=3.79m d=0.36 size=0.49]
1787358277.798 [STATIC_OT] state=TRAILING path_exists=1 path_locked=0 path_ttl_ok=0 path_safe=0 on_spline=1 speed=-0.04 raw_wpnts=0 raw_age=-s decision=TRAILING reason=NO_STATIC_PATH
1787358277.851 [STATE_CHANGE] TRAILING -> OVERTAKE src=OVERTAKE s=39.14 d=-0.02 vs=-0.03
1787358277.853 [OPP_MEMORY] opponent id=138 lost 0.74s ago at gap=2.07m -- holding speed cap 4.44 m/s (raceline 8.57) state=OVERTAKE
1787358278.035 [STATIC_OT] state=OVERTAKE path_exists=1 path_locked=1 path_ttl_ok=1 path_safe=0 on_spline=1 speed=-0.00 raw_wpnts=101 raw_age=0.16s decision=TRAILING reason=PATH_BLOCKED blocked_obs_id=136 gap=3.78m free_dist=0.153m branch=static/geom
1787358278.039 [STATE_CHANGE] OVERTAKE -> TRAILING src=GB_TRACK s=39.14 d=-0.02 vs=-0.00
1787358278.130 [OBSTACLES] cur_s=39.16 cur_d=-0.01 vs=-0.01 n=2 [id=138 static=1 gap=2.01m d=-0.26 size=0.31; id=136 static=1 gap=3.59m d=0.33 size=0.49]
1787358278.137 [STATE_CHANGE] TRAILING -> OVERTAKE src=OVERTAKE s=39.16 d=-0.01 vs=-0.01
1787358278.155 [OPP_MEM_DBG] state=OVERTAKE src=OVERTAKE n_obs=2 last_gap=2.07 age=1.05 window=3.00 ebh=8.00 track_len=39.52 active=1
1787358278.241 [STATIC_OT] state=OVERTAKE path_exists=1 path_locked=1 path_ttl_ok=1 path_safe=0 on_spline=1 speed=0.09 raw_wpnts=101 raw_age=0.16s decision=TRAILING reason=PATH_BLOCKED blocked_obs_id=136 gap=3.53m free_dist=0.152m branch=static/geom
1787358278.242 [STATE_CHANGE] OVERTAKE -> TRAILING src=GB_TRACK s=39.20 d=-0.00 vs=0.09
1787358278.309 [STATE_CHANGE] TRAILING -> OVERTAKE src=OVERTAKE s=39.20 d=-0.01 vs=0.09
1787358278.341 [STATE_CHANGE] OVERTAKE -> TRAILING src=GB_TRACK s=39.20 d=-0.01 vs=0.09
1787358278.455 [STATIC_OT] state=TRAILING path_exists=1 path_locked=0 path_ttl_ok=0 path_safe=0 on_spline=1 speed=0.26 raw_wpnts=0 raw_age=-s decision=TRAILING reason=NO_STATIC_PATH
1787358278.668 [OBSTACLES] cur_s=39.00 cur_d=-0.02 vs=0.07 n=2 [id=138 static=1 gap=1.86m d=-0.29 size=0.46; id=136 static=1 gap=3.53m d=0.34 size=0.48]
1787358278.678 [STATIC_OT] state=TRAILING path_exists=1 path_locked=0 path_ttl_ok=0 path_safe=0 on_spline=1 speed=0.07 raw_wpnts=0 raw_age=-s decision=TRAILING reason=NO_STATIC_PATH
1787358278.910 [STATIC_OT] state=TRAILING path_exists=1 path_locked=0 path_ttl_ok=0 path_safe=0 on_spline=1 speed=0.01 raw_wpnts=0 raw_age=-s decision=TRAILING reason=NO_STATIC_PATH
1787358279.131 [STATIC_OT] state=TRAILING path_exists=1 path_locked=0 path_ttl_ok=0 path_safe=0 on_spline=1 speed=-0.02 raw_wpnts=0 raw_age=-s decision=TRAILING reason=NO_STATIC_PATH
1787358279.164 [OPP_MEM_DBG] state=TRAILING src=GB_TRACK n_obs=2 last_gap=2.07 age=2.05 window=3.00 ebh=8.00 track_len=39.52 active=1
1787358279.190 [OBSTACLES] cur_s=38.93 cur_d=-0.00 vs=-0.02 n=2 [id=138 static=1 gap=1.73m d=-0.29 size=0.45; id=136 static=1 gap=3.39m d=0.35 size=0.50]
1787358279.348 [STATIC_OT] state=TRAILING path_exists=1 path_locked=0 path_ttl_ok=0 path_safe=0 on_spline=1 speed=-0.03 raw_wpnts=0 raw_age=-s decision=TRAILING reason=NO_STATIC_PATH
1787358279.568 [STATIC_OT] state=TRAILING path_exists=1 path_locked=0 path_ttl_ok=0 path_safe=0 on_spline=1 speed=-0.02 raw_wpnts=0 raw_age=-s decision=TRAILING reason=NO_STATIC_PATH
1787358279.710 [OBSTACLES] cur_s=38.91 cur_d=-0.00 vs=-0.01 n=2 [id=138 static=1 gap=1.59m d=-0.31 size=0.46; id=136 static=1 gap=3.25m d=0.33 size=0.47]
1787358279.786 [STATIC_OT] state=TRAILING path_exists=1 path_locked=0 path_ttl_ok=0 path_safe=0 on_spline=1 speed=-0.02 raw_wpnts=0 raw_age=-s decision=TRAILING reason=NO_STATIC_PATH
1787358280.006 [STATIC_OT] state=TRAILING path_exists=1 path_locked=0 path_ttl_ok=0 path_safe=0 on_spline=1 speed=0.01 raw_wpnts=0 raw_age=-s decision=TRAILING reason=NO_STATIC_PATH
1787358280.167 [OPP_MEM_DBG] state=TRAILING src=GB_TRACK n_obs=2 last_gap=2.07 age=3.06 window=3.00 ebh=8.00 track_len=39.52 active=0
1787358280.207 [STATIC_OT] state=TRAILING path_exists=1 path_locked=0 path_ttl_ok=0 path_safe=0 on_spline=1 speed=-0.00 raw_wpnts=0 raw_age=-s decision=TRAILING reason=NO_STATIC_PATH
1787358280.219 [OBSTACLES] cur_s=38.89 cur_d=0.00 vs=-0.01 n=2 [id=138 static=1 gap=1.67m d=-0.32 size=0.31; id=136 static=1 gap=3.21m d=0.32 size=0.49]
1787358280.410 [STATIC_OT] state=TRAILING path_exists=0 path_locked=0 path_ttl_ok=0 path_safe=0 on_spline=0 speed=-0.00 raw_wpnts=0 raw_age=-s decision=TRAILING reason=NO_STATIC_PATH
1787358280.611 [STATIC_OT] state=TRAILING path_exists=0 path_locked=0 path_ttl_ok=0 path_safe=0 on_spline=0 speed=-0.00 raw_wpnts=0 raw_age=-s decision=TRAILING reason=NO_STATIC_PATH
1787358280.768 [OBSTACLES] cur_s=38.71 cur_d=0.02 vs=0.04 n=2 [id=138 static=1 gap=1.98m d=-0.30 size=0.31; id=136 static=1 gap=3.31m d=0.32 size=0.47]
1787358280.835 [STATIC_OT] state=TRAILING path_exists=0 path_locked=0 path_ttl_ok=0 path_safe=0 on_spline=0 speed=0.06 raw_wpnts=0 raw_age=-s decision=TRAILING reason=NO_STATIC_PATH
1787358281.048 [STATIC_OT] state=TRAILING path_exists=1 path_locked=0 path_ttl_ok=1 path_safe=1 on_spline=1 speed=0.03 raw_wpnts=101 raw_age=0.07s decision=OVERTAKE
1787358281.048 [STATE_CHANGE] TRAILING -> OVERTAKE src=OVERTAKE s=38.54 d=0.02 vs=0.03
1787358281.172 [OPP_MEM_DBG] state=OVERTAKE src=OVERTAKE n_obs=2 last_gap=2.07 age=4.06 window=3.00 ebh=8.00 track_len=39.52 active=0
1787358281.276 [OBSTACLES] cur_s=38.37 cur_d=0.05 vs=0.40 n=2 [id=138 static=1 gap=2.42m d=-0.26 size=0.34; id=136 static=1 gap=3.41m d=0.25 size=0.44]
1787358281.291 [STATIC_OT] state=OVERTAKE path_exists=1 path_locked=1 path_ttl_ok=1 path_safe=0 on_spline=1 speed=0.40 raw_wpnts=101 raw_age=0.31s decision=TRAILING reason=PATH_BLOCKED blocked_obs_id=136 gap=3.53m free_dist=0.061m branch=static/geom
1787358281.291 [STATE_CHANGE] OVERTAKE -> TRAILING src=GB_TRACK s=38.37 d=0.05 vs=0.40
1787358281.513 [STATIC_OT] state=TRAILING path_exists=1 path_locked=0 path_ttl_ok=0 path_safe=0 on_spline=1 speed=0.52 raw_wpnts=0 raw_age=-s decision=TRAILING reason=NO_STATIC_PATH
1787358281.735 [STATIC_OT] state=TRAILING path_exists=1 path_locked=0 path_ttl_ok=0 path_safe=0 on_spline=1 speed=0.47 raw_wpnts=0 raw_age=-s decision=TRAILING reason=NO_STATIC_PATH
1787358281.788 [OBSTACLES] cur_s=38.64 cur_d=0.03 vs=0.47 n=2 [id=138 static=1 gap=2.08m d=-0.27 size=0.38; id=136 static=1 gap=2.82m d=0.22 size=0.48]
1787358281.960 [STATIC_OT] state=TRAILING path_exists=1 path_locked=0 path_ttl_ok=0 path_safe=0 on_spline=1 speed=0.36 raw_wpnts=0 raw_age=-s decision=TRAILING reason=NO_STATIC_PATH
1787358282.163 [STATIC_OT] state=TRAILING path_exists=1 path_locked=0 path_ttl_ok=0 path_safe=0 on_spline=1 speed=0.05 raw_wpnts=0 raw_age=-s decision=TRAILING reason=NO_STATIC_PATH
1787358282.189 [OPP_MEM_DBG] state=TRAILING src=GB_TRACK n_obs=2 last_gap=2.07 age=5.08 window=3.00 ebh=8.00 track_len=39.52 active=0
1787358282.303 [OBSTACLES] cur_s=38.57 cur_d=0.07 vs=0.11 n=2 [id=138 static=1 gap=2.15m d=-0.27 size=0.38; id=136 static=1 gap=2.85m d=0.24 size=0.48]
1787358282.371 [STATIC_OT] state=TRAILING path_exists=1 path_locked=0 path_ttl_ok=0 path_safe=0 on_spline=1 speed=0.17 raw_wpnts=0 raw_age=-s decision=TRAILING reason=NO_STATIC_PATH
1787358282.590 [STATIC_OT] state=TRAILING path_exists=1 path_locked=0 path_ttl_ok=0 path_safe=0 on_spline=1 speed=0.14 raw_wpnts=0 raw_age=-s decision=TRAILING reason=NO_STATIC_PATH
1787358282.804 [OBSTACLES] cur_s=38.34 cur_d=0.10 vs=0.23 n=3 [id=138 static=1 gap=2.37m d=-0.27 size=0.38; id=136 static=1 gap=2.86m d=0.27 size=0.48; id=140 static=1 gap=3.18m d=-0.23 size=0.45]
1787358282.808 [STATIC_OT] state=TRAILING path_exists=1 path_locked=0 path_ttl_ok=0 path_safe=0 on_spline=1 speed=0.23 raw_wpnts=0 raw_age=-s decision=TRAILING reason=NO_STATIC_PATH
1787358283.038 [STATIC_OT] state=TRAILING path_exists=1 path_locked=0 path_ttl_ok=0 path_safe=0 on_spline=1 speed=0.32 raw_wpnts=0 raw_age=-s decision=TRAILING reason=NO_STATIC_PATH
1787358283.173 [DYNAMIC_OT] target=136 gap=2.59 ego_v=0.43 opp_v=0.00 rel_v=0.43 sector=1 force_trailing=0 pred_age=- pred_valid=0 path=0 path_age=- safe=0 left=- right=- state=TRAILING decision=TRAILING reason=NO_DYNAMIC_OBSTACLE
1787358283.250 [STATIC_OT] state=TRAILING path_exists=1 path_locked=0 path_ttl_ok=1 path_safe=0 on_spline=1 speed=0.50 raw_wpnts=101 raw_age=0.08s decision=TRAILING reason=PATH_BLOCKED blocked_obs_id=136 gap=2.43m free_dist=-0.288m branch=dyn/nopred (id_mismatch or empty)
1787358283.333 [OBSTACLES] cur_s=38.01 cur_d=0.06 vs=0.52 n=3 [id=136 static=0 gap=2.25m d=0.31 size=0.46; id=140 static=0 gap=4.13m d=-0.01 size=0.29; id=138 static=1 gap=2.71m d=-0.27 size=0.38]
1787358283.380 [DYNAMIC_OT] target=136 gap=2.44 ego_v=0.37 opp_v=-0.45 rel_v=0.82 sector=1 force_trailing=0 pred_age=- pred_valid=0 path=0 path_age=- safe=0 left=- right=- state=TRAILING decision=TRAILING reason=PREDICTION_NEVER
1787358283.452 [STATIC_OT] state=TRAILING path_exists=1 path_locked=0 path_ttl_ok=1 path_safe=0 on_spline=1 speed=0.28 raw_wpnts=101 raw_age=0.18s decision=TRAILING reason=PATH_BLOCKED blocked_obs_id=136 gap=2.3m free_dist=-0.295m branch=dyn/nopred (id_mismatch or empty)
1787358283.587 [DYNAMIC_OT] target=140 gap=4.57 ego_v=0.28 opp_v=1.44 rel_v=-1.16 sector=1 force_trailing=0 pred_age=- pred_valid=0 path=0 path_age=- safe=0 left=- right=- state=TRAILING decision=TRAILING reason=REL_SPEED
1787358283.672 [STATIC_OT] state=TRAILING path_exists=1 path_locked=0 path_ttl_ok=1 path_safe=0 on_spline=1 speed=0.32 raw_wpnts=101 raw_age=0.10s decision=TRAILING reason=PATH_BLOCKED blocked_obs_id=136 gap=2.2m free_dist=-0.264m branch=dyn/nopred (id_mismatch or empty)
1787358283.791 [DYNAMIC_OT] target=136 gap=2.32 ego_v=0.16 opp_v=0.39 rel_v=-0.23 sector=1 force_trailing=0 pred_age=- pred_valid=0 path=0 path_age=- safe=0 left=- right=- state=TRAILING decision=TRAILING reason=PREDICTION_NEVER
1787358283.857 [OBSTACLES] cur_s=38.35 cur_d=0.08 vs=0.10 n=2 [id=136 static=0 gap=2.06m d=0.34 size=0.47; id=140 static=0 gap=4.74m d=0.10 size=0.29]
1787358283.890 [STATIC_OT] state=TRAILING path_exists=1 path_locked=0 path_ttl_ok=0 path_safe=0 on_spline=1 speed=0.11 raw_wpnts=0 raw_age=-s decision=TRAILING reason=NO_STATIC_PATH
1787358283.995 [DYNAMIC_OT] target=136 gap=2.26 ego_v=0.20 opp_v=0.53 rel_v=-0.33 sector=1 force_trailing=0 pred_age=- pred_valid=0 path=0 path_age=- safe=0 left=- right=- state=TRAILING decision=TRAILING reason=PREDICTION_NEVER
1787358284.096 [STATIC_OT] state=TRAILING path_exists=1 path_locked=0 path_ttl_ok=0 path_safe=0 on_spline=1 speed=0.25 raw_wpnts=0 raw_age=-s decision=TRAILING reason=NO_STATIC_PATH
1787358284.196 [DYNAMIC_OT] target=136 gap=2.26 ego_v=0.37 opp_v=0.69 rel_v=-0.32 sector=1 force_trailing=0 pred_age=- pred_valid=0 path=0 path_age=- safe=0 left=- right=- state=TRAILING decision=TRAILING reason=PREDICTION_NEVER
1787358284.312 [STATIC_OT] state=TRAILING path_exists=1 path_locked=0 path_ttl_ok=0 path_safe=0 on_spline=1 speed=0.58 raw_wpnts=0 raw_age=-s decision=TRAILING reason=NO_STATIC_PATH
1787358284.370 [OBSTACLES] cur_s=39.38 cur_d=0.08 vs=0.67 n=2 [id=136 static=0 gap=1.76m d=0.37 size=0.47; id=140 static=0 gap=4.61m d=0.09 size=0.29]
1787358284.413 [DYNAMIC_OT] target=136 gap=1.93 ego_v=0.68 opp_v=1.56 rel_v=-0.87 sector=1 force_trailing=0 pred_age=- pred_valid=0 path=0 path_age=- safe=0 left=- right=- state=TRAILING decision=TRAILING reason=REL_SPEED
1787358284.514 [STATIC_OT] state=TRAILING path_exists=1 path_locked=0 path_ttl_ok=0 path_safe=0 on_spline=1 speed=0.77 raw_wpnts=0 raw_age=-s decision=TRAILING reason=NO_STATIC_PATH
1787358284.627 [DYNAMIC_OT] target=136 gap=1.81 ego_v=0.88 opp_v=1.90 rel_v=-1.02 sector=1 force_trailing=0 pred_age=- pred_valid=0 path=0 path_age=- safe=0 left=- right=- state=TRAILING decision=TRAILING reason=REL_SPEED
1787358284.715 [STATIC_OT] state=TRAILING path_exists=1 path_locked=0 path_ttl_ok=0 path_safe=0 on_spline=1 speed=0.95 raw_wpnts=0 raw_age=-s decision=TRAILING reason=NO_STATIC_PATH
1787358284.834 [DYNAMIC_OT] target=136 gap=1.75 ego_v=1.04 opp_v=1.69 rel_v=-0.65 sector=1 force_trailing=0 pred_age=- pred_valid=0 path=0 path_age=- safe=0 left=- right=- state=TRAILING decision=TRAILING reason=REL_SPEED
1787358284.875 [OBSTACLES] cur_s=0.80 cur_d=0.02 vs=1.15 n=2 [id=136 static=0 gap=1.51m d=0.12 size=0.47; id=140 static=0 gap=4.49m d=0.08 size=0.29]
1787358284.926 [STATIC_OT] state=TRAILING path_exists=1 path_locked=0 path_ttl_ok=0 path_safe=0 on_spline=1 speed=1.19 raw_wpnts=0 raw_age=-s decision=TRAILING reason=NO_STATIC_PATH
1787358285.034 [DYNAMIC_OT] target=136 gap=1.57 ego_v=1.44 opp_v=1.44 rel_v=0.00 sector=1 force_trailing=0 pred_age=- pred_valid=0 path=0 path_age=- safe=0 left=- right=- state=TRAILING decision=TRAILING reason=PREDICTION_NEVER
1787358285.133 [STATIC_OT] state=TRAILING path_exists=1 path_locked=0 path_ttl_ok=0 path_safe=0 on_spline=1 speed=1.64 raw_wpnts=0 raw_age=-s decision=TRAILING reason=NO_STATIC_PATH
1787358285.254 [DYNAMIC_OT] target=136 gap=1.19 ego_v=1.69 opp_v=1.10 rel_v=0.59 sector=1 force_trailing=0 pred_age=- pred_valid=0 path=0 path_age=- safe=0 left=- right=- state=TRAILING decision=TRAILING reason=PREDICTION_NEVER
1787358285.340 [STATIC_OT] state=TRAILING path_exists=1 path_locked=0 path_ttl_ok=0 path_safe=0 on_spline=1 speed=1.66 raw_wpnts=0 raw_age=-s decision=TRAILING reason=NO_STATIC_PATH
1787358285.392 [OBSTACLES] cur_s=1.96 cur_d=0.14 vs=1.61 n=2 [id=136 static=0 gap=0.70m d=0.51 size=0.47; id=140 static=0 gap=4.14m d=0.06 size=0.29]
1787358285.470 [DYNAMIC_OT] target=136 gap=0.82 ego_v=1.46 opp_v=0.68 rel_v=0.78 sector=1 force_trailing=0 pred_age=- pred_valid=0 path=0 path_age=- safe=0 left=- right=- state=TRAILING decision=TRAILING reason=PREDICTION_NEVER
1787358285.574 [STATIC_OT] state=TRAILING path_exists=1 path_locked=0 path_ttl_ok=0 path_safe=0 on_spline=1 speed=1.15 raw_wpnts=0 raw_age=-s decision=TRAILING reason=NO_STATIC_PATH
1787358285.678 [DYNAMIC_OT] target=136 gap=0.65 ego_v=0.86 opp_v=0.51 rel_v=0.35 sector=1 force_trailing=0 pred_age=- pred_valid=0 path=0 path_age=- safe=0 left=- right=- state=TRAILING decision=TRAILING reason=PREDICTION_NEVER
1787358285.788 [STATIC_OT] state=TRAILING path_exists=1 path_locked=0 path_ttl_ok=0 path_safe=0 on_spline=1 speed=0.68 raw_wpnts=0 raw_age=-s decision=TRAILING reason=NO_STATIC_PATH
1787358285.889 [DYNAMIC_OT] target=136 gap=0.53 ego_v=0.34 opp_v=0.10 rel_v=0.24 sector=1 force_trailing=0 pred_age=- pred_valid=0 path=0 path_age=- safe=0 left=- right=- state=TRAILING decision=TRAILING reason=PREDICTION_NEVER
1787358285.908 [OBSTACLES] cur_s=2.44 cur_d=0.21 vs=0.21 n=1 [id=136 static=0 gap=0.29m d=0.53 size=0.47]
1787358285.976 [OPP_MEM_DBG] state=TRAILING src=GB_TRACK n_obs=1 last_gap=0.51 age=0.02 window=3.00 ebh=8.00 track_len=39.52 active=1
1787358286.000 [STATIC_OT] state=TRAILING path_exists=0 path_locked=0 path_ttl_ok=0 path_safe=0 on_spline=0 speed=0.05 raw_wpnts=0 raw_age=-s decision=TRAILING reason=NO_STATIC_PATH
1787358286.031 [STATE_CHANGE] TRAILING -> OVERTAKE src=OVERTAKE s=2.42 d=0.19 vs=0.04
1787358286.032 [OPP_MEMORY] opponent id=136 lost 0.07s ago at gap=0.51m -- holding speed cap 2.71 m/s (raceline 6.93) state=OVERTAKE
1787358286.418 [OBSTACLES] cur_s=2.49 cur_d=0.16 vs=0.01 n=1 [id=136 static=1 gap=0.13m d=0.53 size=0.50]
1787358286.557 [OPP_MEMORY] opponent id=136 lost 0.60s ago at gap=0.51m -- holding speed cap 2.66 m/s (raceline 6.80) state=OVERTAKE
1787358286.919 [OBSTACLES] cur_s=2.55 cur_d=0.13 vs=0.23 n=1 [id=136 static=1 gap=0.16m d=0.54 size=0.48]
1787358286.980 [OPP_MEM_DBG] state=OVERTAKE src=OVERTAKE n_obs=1 last_gap=0.51 age=1.02 window=3.00 ebh=8.00 track_len=39.52 active=1
1787358287.063 [OPP_MEMORY] opponent id=136 lost 1.10s ago at gap=0.51m -- holding speed cap 2.61 m/s (raceline 6.67) state=OVERTAKE
1787358287.428 [OBSTACLES] cur_s=2.90 cur_d=0.05 vs=1.11 n=0 [none]
1787358287.574 [OPP_MEMORY] opponent id=136 lost 1.61s ago at gap=0.51m -- holding speed cap 2.28 m/s (raceline 5.83) state=OVERTAKE
1787358287.929 [OBSTACLES] cur_s=4.24 cur_d=-0.01 vs=2.10 n=0 [none]
1787358287.989 [OPP_MEM_DBG] state=OVERTAKE src=OVERTAKE n_obs=0 last_gap=0.51 age=2.03 window=3.00 ebh=8.00 track_len=39.52 active=1
1787358288.094 [OPP_MEMORY] opponent id=136 lost 2.13s ago at gap=0.51m -- holding speed cap 1.70 m/s (raceline 4.34) state=OVERTAKE
1787358288.389 [STATE_CHANGE] OVERTAKE -> GB_TRACK src=GB_TRACK s=4.99 d=0.02 vs=1.65
1787358288.448 [OBSTACLES] cur_s=5.07 cur_d=0.02 vs=1.62 n=0 [none]
1787358288.611 [OPP_MEMORY] opponent id=136 lost 2.65s ago at gap=0.51m -- holding speed cap 1.54 m/s (raceline 3.93) state=GB_TRACK
1787358288.948 [OBSTACLES] cur_s=5.75 cur_d=0.00 vs=1.46 n=0 [none]
1787358288.991 [OPP_MEM_DBG] state=GB_TRACK src=GB_TRACK n_obs=0 last_gap=0.51 age=3.03 window=3.00 ebh=8.00 track_len=39.52 active=0
1787358289.449 [OBSTACLES] cur_s=6.57 cur_d=-0.02 vs=1.84 n=0 [none]
1787358289.949 [OBSTACLES] cur_s=8.00 cur_d=0.14 vs=2.93 n=0 [none]
1787358289.992 [OPP_MEM_DBG] state=GB_TRACK src=GB_TRACK n_obs=0 last_gap=0.51 age=4.03 window=3.00 ebh=8.00 track_len=39.52 active=0
1787358290.470 [OBSTACLES] cur_s=9.88 cur_d=-0.11 vs=3.79 n=0 [none]
1787358290.998 [OBSTACLES] cur_s=11.68 cur_d=-0.14 vs=3.68 n=0 [none]
1787358290.998 [OPP_MEM_DBG] state=GB_TRACK src=GB_TRACK n_obs=0 last_gap=0.51 age=5.04 window=3.00 ebh=8.00 track_len=39.52 active=0
1787358291.514 [OBSTACLES] cur_s=13.41 cur_d=-0.00 vs=3.56 n=0 [none]
1787358291.956 [STATIC_OT] state=GB_TRACK path_exists=0 path_locked=0 path_ttl_ok=0 path_safe=0 on_spline=0 speed=3.26 raw_wpnts=0 raw_age=-s decision=TRAILING reason=NO_STATIC_PATH
1787358291.956 [STATE_CHANGE] GB_TRACK -> TRAILING src=GB_TRACK s=15.02 d=-0.00 vs=3.26
1787358292.017 [OBSTACLES] cur_s=15.14 cur_d=-0.01 vs=3.22 n=1 [id=143 static=1 gap=1.91m d=0.01 size=0.21]
1787358292.021 [OPP_MEM_DBG] state=OVERTAKE src=OVERTAKE n_obs=1 last_gap=0.51 age=6.06 window=3.00 ebh=8.00 track_len=39.52 active=0
1787358292.022 [STATE_CHANGE] TRAILING -> OVERTAKE src=OVERTAKE s=15.14 d=-0.01 vs=3.22
1787358292.115 [STATE_CHANGE] OVERTAKE -> TRAILING src=GB_TRACK s=15.45 d=-0.06 vs=3.11
1787358292.174 [STATIC_OT] state=TRAILING path_exists=1 path_locked=0 path_ttl_ok=1 path_safe=0 on_spline=1 speed=2.89 raw_wpnts=101 raw_age=0.10s decision=TRAILING reason=PATH_BLOCKED blocked_obs_id=143 gap=1.59m free_dist=0.025m branch=static/geom
1787358292.297 [DYNAMIC_OT] target=143 gap=2.06 ego_v=2.49 opp_v=0.00 rel_v=2.49 sector=1 force_trailing=0 pred_age=- pred_valid=0 path=0 path_age=- safe=0 left=- right=- state=TRAILING decision=TRAILING reason=NO_DYNAMIC_OBSTACLE
1787358292.393 [STATIC_OT] state=TRAILING path_exists=1 path_locked=0 path_ttl_ok=0 path_safe=0 on_spline=1 speed=2.44 raw_wpnts=0 raw_age=-s decision=TRAILING reason=NO_STATIC_PATH
1787358292.510 [DYNAMIC_OT] target=143 gap=1.90 ego_v=2.40 opp_v=0.90 rel_v=1.50 sector=1 force_trailing=0 pred_age=- pred_valid=0 path=0 path_age=- safe=0 left=- right=- state=TRAILING decision=TRAILING reason=PREDICTION_NEVER
1787358292.534 [OBSTACLES] cur_s=16.25 cur_d=0.02 vs=2.39 n=1 [id=143 static=0 gap=1.75m d=-0.22 size=0.44]
1787358292.595 [STATIC_OT] state=TRAILING path_exists=1 path_locked=0 path_ttl_ok=0 path_safe=0 on_spline=1 speed=2.37 raw_wpnts=0 raw_age=-s decision=TRAILING reason=NO_STATIC_PATH
1787358292.714 [DYNAMIC_OT] target=143 gap=1.99 ego_v=2.31 opp_v=1.07 rel_v=1.24 sector=1 force_trailing=0 pred_age=- pred_valid=0 path=0 path_age=- safe=0 left=- right=- state=TRAILING decision=TRAILING reason=PREDICTION_NEVER
1787358292.827 [STATIC_OT] state=TRAILING path_exists=1 path_locked=0 path_ttl_ok=0 path_safe=0 on_spline=1 speed=2.21 raw_wpnts=0 raw_age=-s decision=TRAILING reason=NO_STATIC_PATH
1787358292.931 [DYNAMIC_OT] target=143 gap=2.14 ego_v=2.06 opp_v=1.00 rel_v=1.06 sector=1 force_trailing=0 pred_age=- pred_valid=0 path=0 path_age=- safe=0 left=- right=- state=TRAILING decision=TRAILING reason=PREDICTION_NEVER
1787358293.035 [STATIC_OT] state=TRAILING path_exists=1 path_locked=0 path_ttl_ok=0 path_safe=0 on_spline=1 speed=1.94 raw_wpnts=0 raw_age=-s decision=TRAILING reason=NO_STATIC_PATH
1787358293.056 [OBSTACLES] cur_s=16.60 cur_d=0.03 vs=1.91 n=1 [id=143 static=0 gap=1.93m d=-0.07 size=0.44]
1787358293.154 [DYNAMIC_OT] target=143 gap=2.24 ego_v=0.91 opp_v=1.24 rel_v=-0.33 sector=1 force_trailing=0 pred_age=- pred_valid=0 path=0 path_age=- safe=0 left=- right=- state=TRAILING decision=TRAILING reason=PREDICTION_NEVER
1787358293.236 [STATIC_OT] state=TRAILING path_exists=1 path_locked=0 path_ttl_ok=0 path_safe=0 on_spline=1 speed=0.88 raw_wpnts=0 raw_age=-s decision=TRAILING reason=NO_STATIC_PATH
1787358293.373 [DYNAMIC_OT] target=143 gap=2.27 ego_v=0.95 opp_v=0.99 rel_v=-0.04 sector=1 force_trailing=0 pred_age=- pred_valid=0 path=0 path_age=- safe=0 left=- right=- state=TRAILING decision=TRAILING reason=PREDICTION_NEVER
1787358293.453 [STATIC_OT] state=TRAILING path_exists=1 path_locked=0 path_ttl_ok=0 path_safe=0 on_spline=1 speed=1.03 raw_wpnts=0 raw_age=-s decision=TRAILING reason=NO_STATIC_PATH
1787358293.569 [OBSTACLES] cur_s=16.95 cur_d=-0.04 vs=1.14 n=1 [id=143 static=0 gap=2.15m d=-0.09 size=0.44]
1787358293.591 [DYNAMIC_OT] target=143 gap=2.44 ego_v=1.17 opp_v=1.30 rel_v=-0.13 sector=1 force_trailing=0 pred_age=- pred_valid=0 path=0 path_age=- safe=0 left=- right=- state=TRAILING decision=TRAILING reason=PREDICTION_NEVER
1787358293.671 [STATIC_OT] state=TRAILING path_exists=1 path_locked=0 path_ttl_ok=0 path_safe=0 on_spline=1 speed=1.28 raw_wpnts=0 raw_age=-s decision=TRAILING reason=NO_STATIC_PATH
1787358293.809 [DYNAMIC_OT] target=143 gap=2.31 ego_v=1.31 opp_v=1.34 rel_v=-0.03 sector=1 force_trailing=0 pred_age=- pred_valid=0 path=0 path_age=- safe=0 left=- right=- state=TRAILING decision=TRAILING reason=PREDICTION_NEVER
1787358293.883 [STATIC_OT] state=TRAILING path_exists=1 path_locked=0 path_ttl_ok=0 path_safe=0 on_spline=0 speed=1.29 raw_wpnts=0 raw_age=-s decision=TRAILING reason=NO_STATIC_PATH
1787358294.017 [DYNAMIC_OT] target=143 gap=2.28 ego_v=1.28 opp_v=1.41 rel_v=-0.13 sector=1 force_trailing=0 pred_age=- pred_valid=0 path=0 path_age=- safe=0 left=- right=- state=TRAILING decision=TRAILING reason=PREDICTION_NEVER
1787358294.070 [OBSTACLES] cur_s=17.87 cur_d=-0.11 vs=1.27 n=1 [id=143 static=0 gap=2.06m d=-0.00 size=0.44]
1787358294.090 [STATIC_OT] state=TRAILING path_exists=1 path_locked=0 path_ttl_ok=0 path_safe=0 on_spline=1 speed=1.26 raw_wpnts=0 raw_age=-s decision=TRAILING reason=NO_STATIC_PATH
1787358294.235 [DYNAMIC_OT] target=143 gap=2.35 ego_v=1.21 opp_v=1.67 rel_v=-0.46 sector=1 force_trailing=0 pred_age=- pred_valid=0 path=0 path_age=- safe=0 left=- right=- state=TRAILING decision=TRAILING reason=PREDICTION_NEVER
1787358294.304 [STATIC_OT] state=TRAILING path_exists=0 path_locked=0 path_ttl_ok=0 path_safe=0 on_spline=0 speed=1.19 raw_wpnts=0 raw_age=-s decision=TRAILING reason=NO_STATIC_PATH
1787358294.454 [DYNAMIC_OT] target=143 gap=2.39 ego_v=1.18 opp_v=1.53 rel_v=-0.35 sector=1 force_trailing=0 pred_age=- pred_valid=0 path=0 path_age=- safe=0 left=- right=- state=TRAILING decision=TRAILING reason=PREDICTION_NEVER
1787358294.515 [STATIC_OT] state=TRAILING path_exists=0 path_locked=0 path_ttl_ok=0 path_safe=0 on_spline=0 speed=1.19 raw_wpnts=0 raw_age=-s decision=TRAILING reason=NO_STATIC_PATH
1787358294.588 [OBSTACLES] cur_s=18.64 cur_d=-0.17 vs=1.22 n=2 [id=143 static=0 gap=2.02m d=-0.07 size=0.44; id=146 static=1 gap=5.68m d=0.13 size=0.39]
1787358294.703 [DYNAMIC_OT] target=143 gap=2.30 ego_v=1.22 opp_v=1.42 rel_v=-0.20 sector=1 force_trailing=0 pred_age=- pred_valid=0 path=0 path_age=- safe=0 left=- right=- state=TRAILING decision=TRAILING reason=PREDICTION_NEVER
1787358294.739 [STATIC_OT] state=TRAILING path_exists=1 path_locked=0 path_ttl_ok=1 path_safe=0 on_spline=1 speed=1.23 raw_wpnts=115 raw_age=0.16s decision=TRAILING reason=PATH_BLOCKED blocked_obs_id=143 gap=2.35m free_dist=-0.357m branch=dyn/nopred (id_mismatch or empty)
1787358294.927 [DYNAMIC_OT] target=143 gap=2.34 ego_v=1.26 opp_v=1.18 rel_v=0.08 sector=1 force_trailing=0 pred_age=- pred_valid=0 path=0 path_age=- safe=0 left=- right=- state=TRAILING decision=TRAILING reason=PREDICTION_NEVER
1787358294.965 [STATIC_OT] state=TRAILING path_exists=1 path_locked=0 path_ttl_ok=1 path_safe=0 on_spline=1 speed=1.27 raw_wpnts=116 raw_age=0.09s decision=TRAILING reason=PATH_BLOCKED blocked_obs_id=143 gap=2.34m free_dist=-0.356m branch=dyn/nopred (id_mismatch or empty)
1787358295.103 [OBSTACLES] cur_s=19.11 cur_d=-0.16 vs=1.31 n=2 [id=143 static=0 gap=2.07m d=-0.21 size=0.44; id=146 static=1 gap=5.23m d=-0.03 size=0.37]
1787358295.133 [DYNAMIC_OT] target=143 gap=2.31 ego_v=1.32 opp_v=1.05 rel_v=0.27 sector=1 force_trailing=0 pred_age=- pred_valid=0 path=0 path_age=- safe=0 left=- right=- state=TRAILING decision=TRAILING reason=PREDICTION_NEVER
1787358295.174 [STATIC_OT] state=TRAILING path_exists=1 path_locked=0 path_ttl_ok=1 path_safe=0 on_spline=1 speed=1.34 raw_wpnts=114 raw_age=0.09s decision=TRAILING reason=PATH_BLOCKED blocked_obs_id=143 gap=2.25m free_dist=-0.281m branch=dyn/nopred (id_mismatch or empty)
1787358295.379 [STATIC_OT] state=TRAILING path_exists=1 path_locked=0 path_ttl_ok=1 path_safe=0 on_spline=1 speed=1.26 raw_wpnts=111 raw_age=0.11s decision=TRAILING reason=PATH_BLOCKED blocked_obs_id=143 gap=2.23m free_dist=-0.267m branch=dyn/nopred (id_mismatch or empty)
1787358295.390 [DYNAMIC_OT] target=143 gap=2.23 ego_v=1.26 opp_v=1.14 rel_v=0.12 sector=1 force_trailing=0 pred_age=- pred_valid=0 path=0 path_age=- safe=0 left=- right=- state=TRAILING decision=TRAILING reason=PREDICTION_NEVER
1787358295.579 [STATIC_OT] state=TRAILING path_exists=1 path_locked=0 path_ttl_ok=1 path_safe=0 on_spline=1 speed=1.15 raw_wpnts=109 raw_age=0.10s decision=TRAILING reason=PATH_BLOCKED blocked_obs_id=143 gap=2.19m free_dist=-0.294m branch=dyn/nopred (id_mismatch or empty)
1787358295.594 [DYNAMIC_OT] target=143 gap=2.19 ego_v=1.15 opp_v=0.92 rel_v=0.24 sector=1 force_trailing=0 pred_age=- pred_valid=0 path=0 path_age=- safe=0 left=- right=- state=TRAILING decision=TRAILING reason=PREDICTION_NEVER
1787358295.611 [OBSTACLES] cur_s=19.71 cur_d=-0.10 vs=1.15 n=2 [id=143 static=0 gap=1.97m d=-0.20 size=0.44; id=146 static=1 gap=4.60m d=-0.10 size=0.42]
1787358295.791 [STATIC_OT] state=TRAILING path_exists=1 path_locked=0 path_ttl_ok=1 path_safe=0 on_spline=1 speed=1.12 raw_wpnts=101 raw_age=0.12s decision=TRAILING reason=PATH_BLOCKED blocked_obs_id=143 gap=2.04m free_dist=-0.285m branch=dyn/nopred (id_mismatch or empty)
1787358295.794 [DYNAMIC_OT] target=143 gap=2.04 ego_v=1.12 opp_v=1.03 rel_v=0.09 sector=1 force_trailing=0 pred_age=- pred_valid=0 path=0 path_age=- safe=0 left=- right=- state=TRAILING decision=TRAILING reason=PREDICTION_NEVER
1787358296.011 [STATIC_OT] state=TRAILING path_exists=1 path_locked=0 path_ttl_ok=1 path_safe=0 on_spline=1 speed=1.12 raw_wpnts=105 raw_age=0.14s decision=TRAILING reason=PATH_BLOCKED blocked_obs_id=143 gap=2.12m free_dist=-0.317m branch=dyn/nopred (id_mismatch or empty)
1787358296.014 [DYNAMIC_OT] target=143 gap=2.12 ego_v=1.12 opp_v=1.15 rel_v=-0.03 sector=1 force_trailing=0 pred_age=- pred_valid=0 path=0 path_age=- safe=0 left=- right=- state=TRAILING decision=TRAILING reason=PREDICTION_NEVER
1787358296.116 [OBSTACLES] cur_s=20.40 cur_d=-0.06 vs=1.17 n=2 [id=143 static=0 gap=1.92m d=0.03 size=0.44; id=146 static=1 gap=3.97m d=-0.19 size=0.23]
1787358296.213 [STATIC_OT] state=TRAILING path_exists=1 path_locked=0 path_ttl_ok=1 path_safe=0 on_spline=1 speed=1.22 raw_wpnts=101 raw_age=0.04s decision=TRAILING reason=PATH_BLOCKED blocked_obs_id=143 gap=2.16m free_dist=-0.24m branch=dyn/nopred (id_mismatch or empty)
1787358296.214 [DYNAMIC_OT] target=143 gap=2.16 ego_v=1.22 opp_v=1.11 rel_v=0.11 sector=1 force_trailing=0 pred_age=- pred_valid=0 path=0 path_age=- safe=0 left=- right=- state=TRAILING decision=TRAILING reason=PREDICTION_NEVER
1787358296.414 [STATIC_OT] state=TRAILING path_exists=1 path_locked=0 path_ttl_ok=1 path_safe=0 on_spline=1 speed=1.27 raw_wpnts=101 raw_age=0.03s decision=TRAILING reason=PATH_BLOCKED blocked_obs_id=143 gap=2.23m free_dist=-0.229m branch=dyn/nopred (id_mismatch or empty)
1787358296.416 [DYNAMIC_OT] target=143 gap=2.23 ego_v=1.27 opp_v=1.22 rel_v=0.04 sector=1 force_trailing=0 pred_age=- pred_valid=0 path=0 path_age=- safe=0 left=- right=- state=TRAILING decision=TRAILING reason=PREDICTION_NEVER
1787358296.636 [OBSTACLES] cur_s=20.78 cur_d=-0.01 vs=1.35 n=2 [id=143 static=0 gap=2.13m d=0.24 size=0.44; id=146 static=1 gap=3.58m d=-0.19 size=0.18]
1787358296.641 [STATIC_OT] state=TRAILING path_exists=1 path_locked=0 path_ttl_ok=1 path_safe=0 on_spline=1 speed=1.35 raw_wpnts=101 raw_age=0.07s decision=TRAILING reason=PATH_BLOCKED blocked_obs_id=143 gap=2.35m free_dist=-0.199m branch=dyn/nopred (id_mismatch or empty)
1787358296.643 [DYNAMIC_OT] target=143 gap=2.35 ego_v=1.35 opp_v=1.36 rel_v=-0.01 sector=1 force_trailing=0 pred_age=- pred_valid=0 path=0 path_age=- safe=0 left=- right=- state=TRAILING decision=TRAILING reason=PREDICTION_NEVER
1787358296.852 [STATIC_OT] state=TRAILING path_exists=1 path_locked=0 path_ttl_ok=1 path_safe=0 on_spline=1 speed=1.39 raw_wpnts=101 raw_age=0.08s decision=TRAILING reason=PATH_BLOCKED blocked_obs_id=143 gap=2.54m free_dist=-0.347m branch=dyn/nopred (id_mismatch or empty)
1787358296.853 [DYNAMIC_OT] target=143 gap=2.54 ego_v=1.39 opp_v=1.78 rel_v=-0.39 sector=1 force_trailing=0 pred_age=- pred_valid=0 path=0 path_age=- safe=0 left=- right=- state=TRAILING decision=TRAILING reason=PREDICTION_NEVER
1787358297.053 [STATIC_OT] state=TRAILING path_exists=1 path_locked=0 path_ttl_ok=0 path_safe=0 on_spline=1 speed=1.53 raw_wpnts=0 raw_age=-s decision=TRAILING reason=NO_STATIC_PATH
1787358297.055 [DYNAMIC_OT] target=143 gap=2.80 ego_v=1.53 opp_v=2.56 rel_v=-1.03 sector=1 force_trailing=0 pred_age=- pred_valid=0 path=0 path_age=- safe=0 left=- right=- state=TRAILING decision=TRAILING reason=REL_SPEED
1787358297.177 [OBSTACLES] cur_s=21.73 cur_d=0.06 vs=1.64 n=2 [id=143 static=0 gap=2.51m d=0.11 size=0.44; id=146 static=1 gap=2.45m d=-0.21 size=0.43]
1787358297.254 [STATIC_OT] state=TRAILING path_exists=1 path_locked=0 path_ttl_ok=1 path_safe=0 on_spline=1 speed=1.75 raw_wpnts=101 raw_age=0.08s decision=TRAILING reason=PATH_BLOCKED blocked_obs_id=143 gap=2.71m free_dist=-0.123m branch=dyn/nopred (id_mismatch or empty)
1787358297.256 [DYNAMIC_OT] target=143 gap=2.71 ego_v=1.75 opp_v=2.47 rel_v=-0.71 sector=1 force_trailing=0 pred_age=- pred_valid=0 path=0 path_age=- safe=0 left=- right=- state=TRAILING decision=TRAILING reason=REL_SPEED
1787358297.495 [STATIC_OT] state=TRAILING path_exists=1 path_locked=0 path_ttl_ok=1 path_safe=0 on_spline=1 speed=1.91 raw_wpnts=101 raw_age=0.22s decision=TRAILING reason=PATH_BLOCKED blocked_obs_id=143 gap=2.85m free_dist=-0.165m branch=dyn/nopred (id_mismatch or empty)
1787358297.508 [DYNAMIC_OT] target=143 gap=2.85 ego_v=1.91 opp_v=2.45 rel_v=-0.54 sector=1 force_trailing=0 pred_age=- pred_valid=0 path=0 path_age=- safe=0 left=- right=- state=TRAILING decision=TRAILING reason=REL_SPEED
1787358297.678 [OBSTACLES] cur_s=22.53 cur_d=0.15 vs=1.39 n=2 [id=143 static=0 gap=2.59m d=-0.02 size=0.44; id=146 static=1 gap=1.58m d=-0.22 size=0.45]
1787358297.697 [STATIC_OT] state=TRAILING path_exists=1 path_locked=0 path_ttl_ok=1 path_safe=0 on_spline=1 speed=1.32 raw_wpnts=101 raw_age=0.12s decision=TRAILING reason=PATH_BLOCKED blocked_obs_id=143 gap=2.79m free_dist=-0.273m branch=dyn/nopred (id_mismatch or empty)
1787358297.718 [DYNAMIC_OT] target=143 gap=2.86 ego_v=1.25 opp_v=1.99 rel_v=-0.74 sector=1 force_trailing=0 pred_age=- pred_valid=0 path=0 path_age=- safe=0 left=- right=- state=TRAILING decision=TRAILING reason=REL_SPEED
1787358297.913 [STATIC_OT] state=TRAILING path_exists=1 path_locked=0 path_ttl_ok=1 path_safe=0 on_spline=1 speed=0.60 raw_wpnts=101 raw_age=0.14s decision=TRAILING reason=PATH_BLOCKED blocked_obs_id=143 gap=2.95m free_dist=-0.308m branch=dyn/nopred (id_mismatch or empty)
1787358297.963 [DYNAMIC_OT] target=143 gap=2.98 ego_v=0.55 opp_v=1.68 rel_v=-1.13 sector=1 force_trailing=0 pred_age=- pred_valid=0 path=0 path_age=- safe=0 left=- right=- state=TRAILING decision=TRAILING reason=REL_SPEED
1787358298.118 [STATIC_OT] state=TRAILING path_exists=1 path_locked=0 path_ttl_ok=1 path_safe=0 on_spline=1 speed=0.05 raw_wpnts=101 raw_age=0.14s decision=TRAILING reason=PATH_BLOCKED blocked_obs_id=143 gap=3.26m free_dist=-0.342m branch=dyn/nopred (id_mismatch or empty)
1787358298.167 [DYNAMIC_OT] target=143 gap=3.26 ego_v=0.02 opp_v=1.66 rel_v=-1.63 sector=1 force_trailing=0 pred_age=- pred_valid=0 path=0 path_age=- safe=0 left=- right=- state=TRAILING decision=TRAILING reason=REL_SPEED
1787358298.192 [OBSTACLES] cur_s=22.81 cur_d=0.09 vs=-0.02 n=2 [id=143 static=0 gap=3.12m d=0.00 size=0.44; id=146 static=1 gap=1.35m d=-0.29 size=0.47]
1787358298.333 [STATIC_OT] state=TRAILING path_exists=1 path_locked=0 path_ttl_ok=1 path_safe=0 on_spline=1 speed=-0.04 raw_wpnts=101 raw_age=0.16s decision=TRAILING reason=PATH_BLOCKED blocked_obs_id=143 gap=3.58m free_dist=-0.297m branch=dyn/nopred (id_mismatch or empty)
1787358298.377 [DYNAMIC_OT] target=143 gap=3.58 ego_v=-0.03 opp_v=1.70 rel_v=-1.74 sector=1 force_trailing=0 pred_age=- pred_valid=0 path=0 path_age=- safe=0 left=- right=- state=TRAILING decision=TRAILING reason=REL_SPEED
1787358298.548 [STATIC_OT] state=TRAILING path_exists=1 path_locked=0 path_ttl_ok=1 path_safe=0 on_spline=1 speed=-0.05 raw_wpnts=101 raw_age=0.26s decision=TRAILING reason=PATH_BLOCKED blocked_obs_id=143 gap=3.77m free_dist=-0.255m branch=dyn/nopred (id_mismatch or empty)
1787358298.581 [DYNAMIC_OT] target=143 gap=3.83 ego_v=-0.01 opp_v=1.44 rel_v=-1.45 sector=1 force_trailing=0 pred_age=- pred_valid=0 path=0 path_age=- safe=0 left=- right=- state=TRAILING decision=TRAILING reason=REL_SPEED
1787358298.709 [OBSTACLES] cur_s=22.78 cur_d=0.08 vs=-0.01 n=3 [id=143 static=0 gap=3.86m d=-0.14 size=0.44; id=146 static=1 gap=1.46m d=-0.25 size=0.45; id=149 static=1 gap=4.72m d=0.15 size=0.16]
1787358298.751 [STATIC_OT] state=TRAILING path_exists=1 path_locked=0 path_ttl_ok=0 path_safe=0 on_spline=1 speed=-0.02 raw_wpnts=0 raw_age=-s decision=TRAILING reason=NO_STATIC_PATH
1787358298.793 [DYNAMIC_OT] target=143 gap=4.15 ego_v=-0.00 opp_v=1.24 rel_v=-1.24 sector=1 force_trailing=0 pred_age=- pred_valid=0 path=0 path_age=- safe=0 left=- right=- state=TRAILING decision=TRAILING reason=REL_SPEED
1787358298.957 [STATIC_OT] state=TRAILING path_exists=1 path_locked=0 path_ttl_ok=0 path_safe=0 on_spline=1 speed=-0.01 raw_wpnts=0 raw_age=-s decision=TRAILING reason=NO_STATIC_PATH
1787358299.009 [DYNAMIC_OT] target=143 gap=4.36 ego_v=-0.02 opp_v=1.20 rel_v=-1.21 sector=1 force_trailing=0 pred_age=- pred_valid=0 path=0 path_age=- safe=0 left=- right=- state=TRAILING decision=TRAILING reason=REL_SPEED
1787358299.174 [STATIC_OT] state=TRAILING path_exists=1 path_locked=0 path_ttl_ok=0 path_safe=0 on_spline=1 speed=-0.00 raw_wpnts=0 raw_age=-s decision=TRAILING reason=NO_STATIC_PATH
1787358299.206 [DYNAMIC_OT] target=143 gap=4.67 ego_v=0.00 opp_v=1.06 rel_v=-1.06 sector=1 force_trailing=0 pred_age=- pred_valid=0 path=0 path_age=- safe=0 left=- right=- state=TRAILING decision=TRAILING reason=REL_SPEED
1787358299.220 [OBSTACLES] cur_s=22.68 cur_d=0.06 vs=-0.00 n=3 [id=143 static=0 gap=4.45m d=-0.16 size=0.44; id=146 static=1 gap=1.56m d=-0.24 size=0.44; id=149 static=1 gap=4.84m d=0.14 size=0.17]
1787358299.391 [STATIC_OT] state=TRAILING path_exists=1 path_locked=0 path_ttl_ok=0 path_safe=0 on_spline=1 speed=-0.01 raw_wpnts=0 raw_age=-s decision=TRAILING reason=NO_STATIC_PATH
1787358299.414 [DYNAMIC_OT] target=143 gap=4.86 ego_v=-0.02 opp_v=0.96 rel_v=-0.97 sector=1 force_trailing=0 pred_age=- pred_valid=0 path=0 path_age=- safe=0 left=- right=- state=TRAILING decision=TRAILING reason=REL_SPEED
1787358299.553 [OPP_MEM_DBG] state=TRAILING src=GB_TRACK n_obs=2 last_gap=4.82 age=0.04 window=3.00 ebh=8.00 track_len=39.52 active=1
1787358299.610 [STATIC_OT] state=TRAILING path_exists=1 path_locked=0 path_ttl_ok=0 path_safe=0 on_spline=1 speed=-0.02 raw_wpnts=0 raw_age=-s decision=TRAILING reason=NO_STATIC_PATH
1787358299.614 [DYNAMIC_OT] target=143 gap=4.66 ego_v=-0.02 opp_v=1.09 rel_v=-1.10 sector=1 force_trailing=0 pred_age=- pred_valid=0 path=0 path_age=- safe=0 left=- right=- state=TRAILING decision=TRAILING reason=REL_SPEED
1787358299.730 [OBSTACLES] cur_s=22.97 cur_d=0.13 vs=0.01 n=3 [id=143 static=0 gap=4.46m d=-0.74 size=0.53; id=146 static=1 gap=1.26m d=-0.24 size=0.46; id=149 static=1 gap=4.49m d=0.11 size=0.30]
1787358299.815 [DYNAMIC_OT] target=143 gap=4.79 ego_v=-0.01 opp_v=1.03 rel_v=-1.04 sector=1 force_trailing=0 pred_age=- pred_valid=0 path=0 path_age=- safe=0 left=- right=- state=TRAILING decision=TRAILING reason=REL_SPEED
1787358299.833 [STATIC_OT] state=TRAILING path_exists=1 path_locked=0 path_ttl_ok=0 path_safe=0 on_spline=1 speed=0.00 raw_wpnts=0 raw_age=-s decision=TRAILING reason=NO_STATIC_PATH
1787358300.034 [DYNAMIC_OT] target=143 gap=4.84 ego_v=0.00 opp_v=0.78 rel_v=-0.78 sector=1 force_trailing=0 pred_age=- pred_valid=0 path=0 path_age=- safe=0 left=- right=- state=TRAILING decision=TRAILING reason=REL_SPEED
1787358300.054 [STATIC_OT] state=TRAILING path_exists=1 path_locked=0 path_ttl_ok=0 path_safe=0 on_spline=1 speed=-0.00 raw_wpnts=0 raw_age=-s decision=TRAILING reason=NO_STATIC_PATH
1787358300.232 [OBSTACLES] cur_s=23.25 cur_d=0.20 vs=0.01 n=3 [id=143 static=0 gap=4.47m d=0.19 size=0.53; id=146 static=1 gap=1.10m d=-0.24 size=0.45; id=149 static=1 gap=4.14m d=0.10 size=0.48]
1787358300.238 [DYNAMIC_OT] target=143 gap=4.74 ego_v=0.01 opp_v=0.66 rel_v=-0.64 sector=1 force_trailing=0 pred_age=- pred_valid=0 path=0 path_age=- safe=0 left=- right=- state=TRAILING decision=TRAILING reason=REL_SPEED
1787358300.267 [STATIC_OT] state=TRAILING path_exists=1 path_locked=0 path_ttl_ok=0 path_safe=0 on_spline=1 speed=0.01 raw_wpnts=0 raw_age=-s decision=TRAILING reason=NO_STATIC_PATH
1787358300.458 [DYNAMIC_OT] target=143 gap=4.69 ego_v=-0.00 opp_v=0.08 rel_v=-0.08 sector=1 force_trailing=0 pred_age=- pred_valid=0 path=0 path_age=- safe=0 left=- right=- state=TRAILING decision=TRAILING reason=PREDICTION_NEVER
1787358300.496 [STATIC_OT] state=TRAILING path_exists=1 path_locked=0 path_ttl_ok=0 path_safe=0 on_spline=1 speed=0.01 raw_wpnts=0 raw_age=-s decision=TRAILING reason=NO_STATIC_PATH
1787358300.656 [OPP_MEM_DBG] state=TRAILING src=GB_TRACK n_obs=3 last_gap=4.73 age=0.04 window=3.00 ebh=8.00 track_len=39.52 active=1
1787358300.716 [STATIC_OT] state=TRAILING path_exists=0 path_locked=0 path_ttl_ok=0 path_safe=0 on_spline=0 speed=0.04 raw_wpnts=0 raw_age=-s decision=TRAILING reason=NO_STATIC_PATH
1787358300.738 [OBSTACLES] cur_s=22.98 cur_d=0.12 vs=0.03 n=3 [id=143 static=1 gap=4.60m d=-0.10 size=0.25; id=146 static=1 gap=1.49m d=-0.23 size=0.47; id=149 static=1 gap=4.42m d=0.10 size=0.48]
1787358300.939 [STATIC_OT] state=TRAILING path_exists=0 path_locked=0 path_ttl_ok=0 path_safe=0 on_spline=0 speed=0.03 raw_wpnts=0 raw_age=-s decision=TRAILING reason=NO_STATIC_PATH
1787358301.142 [STATIC_OT] state=TRAILING path_exists=0 path_locked=0 path_ttl_ok=0 path_safe=0 on_spline=0 speed=0.03 raw_wpnts=0 raw_age=-s decision=TRAILING reason=NO_STATIC_PATH
1787358301.292 [OBSTACLES] cur_s=22.94 cur_d=0.12 vs=0.02 n=3 [id=143 static=1 gap=4.72m d=0.06 size=0.26; id=146 static=1 gap=1.58m d=-0.23 size=0.46; id=149 static=1 gap=4.46m d=0.10 size=0.48]
1787358301.369 [STATIC_OT] state=TRAILING path_exists=0 path_locked=0 path_ttl_ok=0 path_safe=0 on_spline=0 speed=0.02 raw_wpnts=0 raw_age=-s decision=TRAILING reason=NO_STATIC_PATH
1787358301.591 [STATIC_OT] state=TRAILING path_exists=0 path_locked=0 path_ttl_ok=0 path_safe=0 on_spline=0 speed=0.01 raw_wpnts=0 raw_age=-s decision=TRAILING reason=NO_STATIC_PATH
1787358301.656 [OPP_MEM_DBG] state=TRAILING src=GB_TRACK n_obs=3 last_gap=4.73 age=1.04 window=3.00 ebh=8.00 track_len=39.52 active=1
1787358301.792 [STATIC_OT] state=TRAILING path_exists=0 path_locked=0 path_ttl_ok=0 path_safe=0 on_spline=0 speed=0.01 raw_wpnts=0 raw_age=-s decision=TRAILING reason=NO_STATIC_PATH
1787358301.814 [OBSTACLES] cur_s=22.88 cur_d=0.10 vs=0.02 n=3 [id=143 static=1 gap=4.71m d=0.12 size=0.26; id=146 static=1 gap=1.53m d=-0.23 size=0.45; id=149 static=1 gap=4.51m d=0.10 size=0.48]
1787358302.011 [STATIC_OT] state=TRAILING path_exists=0 path_locked=0 path_ttl_ok=0 path_safe=0 on_spline=0 speed=0.04 raw_wpnts=0 raw_age=-s decision=TRAILING reason=NO_STATIC_PATH
1787358302.218 [STATIC_OT] state=TRAILING path_exists=0 path_locked=0 path_ttl_ok=0 path_safe=0 on_spline=0 speed=0.05 raw_wpnts=0 raw_age=-s decision=TRAILING reason=NO_STATIC_PATH
1787358302.318 [OBSTACLES] cur_s=22.93 cur_d=0.11 vs=0.01 n=2 [id=143 static=1 gap=4.66m d=0.13 size=0.26; id=146 static=1 gap=1.46m d=-0.23 size=0.45]
1787358302.435 [STATIC_OT] state=TRAILING path_exists=0 path_locked=0 path_ttl_ok=0 path_safe=0 on_spline=0 speed=0.02 raw_wpnts=0 raw_age=-s decision=TRAILING reason=NO_STATIC_PATH
1787358302.670 [STATIC_OT] state=TRAILING path_exists=0 path_locked=0 path_ttl_ok=0 path_safe=0 on_spline=0 speed=0.03 raw_wpnts=0 raw_age=-s decision=TRAILING reason=NO_STATIC_PATH
1787358302.673 [OPP_MEM_DBG] state=TRAILING src=GB_TRACK n_obs=2 last_gap=4.73 age=2.05 window=3.00 ebh=8.00 track_len=39.52 active=1
1787358302.829 [OBSTACLES] cur_s=22.91 cur_d=0.10 vs=0.02 n=2 [id=143 static=1 gap=4.69m d=0.14 size=0.25; id=146 static=1 gap=1.47m d=-0.23 size=0.45]
1787358302.874 [STATIC_OT] state=TRAILING path_exists=0 path_locked=0 path_ttl_ok=0 path_safe=0 on_spline=0 speed=0.04 raw_wpnts=0 raw_age=-s decision=TRAILING reason=NO_STATIC_PATH
1787358303.091 [STATIC_OT] state=TRAILING path_exists=0 path_locked=0 path_ttl_ok=0 path_safe=0 on_spline=0 speed=0.02 raw_wpnts=0 raw_age=-s decision=TRAILING reason=NO_STATIC_PATH
1787358303.311 [STATIC_OT] state=TRAILING path_exists=0 path_locked=0 path_ttl_ok=0 path_safe=0 on_spline=0 speed=0.05 raw_wpnts=0 raw_age=-s decision=TRAILING reason=NO_STATIC_PATH
1787358303.349 [OBSTACLES] cur_s=22.90 cur_d=0.09 vs=0.02 n=2 [id=143 static=1 gap=4.72m d=0.13 size=0.18; id=146 static=1 gap=1.47m d=-0.23 size=0.46]
1787358303.526 [STATIC_OT] state=TRAILING path_exists=0 path_locked=0 path_ttl_ok=0 path_safe=0 on_spline=0 speed=0.04 raw_wpnts=0 raw_age=-s decision=TRAILING reason=NO_STATIC_PATH
1787358303.676 [OPP_MEM_DBG] state=TRAILING src=GB_TRACK n_obs=2 last_gap=4.73 age=3.06 window=3.00 ebh=8.00 track_len=39.52 active=0
1787358303.745 [STATIC_OT] state=TRAILING path_exists=0 path_locked=0 path_ttl_ok=0 path_safe=0 on_spline=0 speed=0.06 raw_wpnts=0 raw_age=-s decision=TRAILING reason=NO_STATIC_PATH
1787358303.868 [OBSTACLES] cur_s=22.88 cur_d=0.11 vs=0.03 n=2 [id=143 static=1 gap=4.75m d=0.13 size=0.19; id=146 static=1 gap=1.49m d=-0.22 size=0.46]
1787358303.958 [STATIC_OT] state=TRAILING path_exists=0 path_locked=0 path_ttl_ok=0 path_safe=0 on_spline=0 speed=0.04 raw_wpnts=0 raw_age=-s decision=TRAILING reason=NO_STATIC_PATH
1787358304.159 [STATIC_OT] state=TRAILING path_exists=0 path_locked=0 path_ttl_ok=0 path_safe=0 on_spline=0 speed=0.02 raw_wpnts=0 raw_age=-s decision=TRAILING reason=NO_STATIC_PATH
1787358304.370 [OBSTACLES] cur_s=22.92 cur_d=0.11 vs=0.06 n=2 [id=143 static=1 gap=4.68m d=0.13 size=0.26; id=146 static=1 gap=1.46m d=-0.22 size=0.44]
1787358304.371 [STATIC_OT] state=TRAILING path_exists=0 path_locked=0 path_ttl_ok=0 path_safe=0 on_spline=0 speed=0.06 raw_wpnts=0 raw_age=-s decision=TRAILING reason=NO_STATIC_PATH
1787358304.590 [STATIC_OT] state=TRAILING path_exists=0 path_locked=0 path_ttl_ok=0 path_safe=0 on_spline=0 speed=0.06 raw_wpnts=0 raw_age=-s decision=TRAILING reason=NO_STATIC_PATH
1787358304.693 [OPP_MEM_DBG] state=TRAILING src=GB_TRACK n_obs=2 last_gap=4.73 age=4.07 window=3.00 ebh=8.00 track_len=39.52 active=0
1787358304.810 [STATIC_OT] state=TRAILING path_exists=0 path_locked=0 path_ttl_ok=0 path_safe=0 on_spline=0 speed=0.04 raw_wpnts=0 raw_age=-s decision=TRAILING reason=NO_STATIC_PATH
1787358304.891 [OBSTACLES] cur_s=22.88 cur_d=0.21 vs=0.02 n=3 [id=143 static=1 gap=4.65m d=0.14 size=0.37; id=146 static=1 gap=1.43m d=-0.24 size=0.58; id=154 static=1 gap=2.19m d=0.03 size=0.31]
1787358305.013 [STATIC_OT] state=TRAILING path_exists=0 path_locked=0 path_ttl_ok=0 path_safe=0 on_spline=0 speed=0.05 raw_wpnts=0 raw_age=-s decision=TRAILING reason=NO_STATIC_PATH
1787358305.233 [STATIC_OT] state=TRAILING path_exists=0 path_locked=0 path_ttl_ok=0 path_safe=0 on_spline=0 speed=0.02 raw_wpnts=0 raw_age=-s decision=TRAILING reason=NO_STATIC_PATH
1787358305.414 [OBSTACLES] cur_s=22.88 cur_d=0.21 vs=0.05 n=3 [id=143 static=1 gap=4.65m d=0.14 size=0.37; id=146 static=1 gap=1.44m d=-0.24 size=0.56; id=154 static=1 gap=2.26m d=0.01 size=0.16]
1787358305.452 [STATIC_OT] state=TRAILING path_exists=0 path_locked=0 path_ttl_ok=0 path_safe=0 on_spline=0 speed=0.05 raw_wpnts=0 raw_age=-s decision=TRAILING reason=NO_STATIC_PATH
1787358305.670 [STATIC_OT] state=TRAILING path_exists=0 path_locked=0 path_ttl_ok=0 path_safe=0 on_spline=0 speed=0.03 raw_wpnts=0 raw_age=-s decision=TRAILING reason=NO_STATIC_PATH
1787358305.696 [OPP_MEM_DBG] state=TRAILING src=GB_TRACK n_obs=3 last_gap=4.73 age=5.08 window=3.00 ebh=8.00 track_len=39.52 active=0
1787358305.887 [STATIC_OT] state=TRAILING path_exists=0 path_locked=0 path_ttl_ok=0 path_safe=0 on_spline=0 speed=0.04 raw_wpnts=0 raw_age=-s decision=TRAILING reason=NO_STATIC_PATH
1787358305.917 [OBSTACLES] cur_s=22.89 cur_d=0.10 vs=0.05 n=3 [id=143 static=1 gap=4.66m d=0.12 size=0.29; id=146 static=1 gap=1.49m d=-0.26 size=0.45; id=154 static=1 gap=2.26m d=0.01 size=0.16]
1787358306.091 [STATIC_OT] state=TRAILING path_exists=0 path_locked=0 path_ttl_ok=0 path_safe=0 on_spline=0 speed=0.05 raw_wpnts=0 raw_age=-s decision=TRAILING reason=NO_STATIC_PATH
1787358306.310 [STATIC_OT] state=TRAILING path_exists=0 path_locked=0 path_ttl_ok=0 path_safe=0 on_spline=0 speed=0.03 raw_wpnts=0 raw_age=-s decision=TRAILING reason=NO_STATIC_PATH
1787358306.429 [OBSTACLES] cur_s=22.88 cur_d=0.12 vs=0.05 n=3 [id=143 static=1 gap=4.69m d=0.12 size=0.24; id=146 static=1 gap=1.71m d=-0.25 size=0.20; id=154 static=1 gap=2.26m d=0.01 size=0.16]
1787358306.511 [STATIC_OT] state=TRAILING path_exists=0 path_locked=0 path_ttl_ok=0 path_safe=0 on_spline=0 speed=0.07 raw_wpnts=0 raw_age=-s decision=TRAILING reason=NO_STATIC_PATH
1787358306.711 [OPP_MEM_DBG] state=TRAILING src=GB_TRACK n_obs=3 last_gap=4.73 age=6.09 window=3.00 ebh=8.00 track_len=39.52 active=0
1787358306.727 [STATIC_OT] state=TRAILING path_exists=0 path_locked=0 path_ttl_ok=0 path_safe=0 on_spline=0 speed=0.02 raw_wpnts=0 raw_age=-s decision=TRAILING reason=NO_STATIC_PATH
1787358306.947 [OBSTACLES] cur_s=23.01 cur_d=0.15 vs=0.06 n=3 [id=143 static=1 gap=4.55m d=0.12 size=0.38; id=146 static=1 gap=1.61m d=-0.26 size=0.22; id=154 static=1 gap=2.13m d=0.01 size=0.16]
1787358306.949 [STATIC_OT] state=TRAILING path_exists=0 path_locked=0 path_ttl_ok=0 path_safe=0 on_spline=0 speed=0.06 raw_wpnts=0 raw_age=-s decision=TRAILING reason=NO_STATIC_PATH
1787358307.172 [STATIC_OT] state=TRAILING path_exists=0 path_locked=0 path_ttl_ok=0 path_safe=0 on_spline=0 speed=0.05 raw_wpnts=0 raw_age=-s decision=TRAILING reason=NO_STATIC_PATH
1787358307.383 [STATIC_OT] state=TRAILING path_exists=0 path_locked=0 path_ttl_ok=0 path_safe=0 on_spline=0 speed=0.05 raw_wpnts=0 raw_age=-s decision=TRAILING reason=NO_STATIC_PATH
1787358307.458 [OBSTACLES] cur_s=22.62 cur_d=0.05 vs=0.06 n=2 [id=143 static=1 gap=5.04m d=0.11 size=0.16; id=146 static=1 gap=2.00m d=-0.26 size=0.22]
1787358307.610 [STATIC_OT] state=TRAILING path_exists=0 path_locked=0 path_ttl_ok=0 path_safe=0 on_spline=0 speed=0.05 raw_wpnts=0 raw_age=-s decision=TRAILING reason=NO_STATIC_PATH
1787358307.712 [OPP_MEM_DBG] state=TRAILING src=GB_TRACK n_obs=2 last_gap=4.73 age=7.09 window=3.00 ebh=8.00 track_len=39.52 active=0
1787358307.829 [STATIC_OT] state=TRAILING path_exists=0 path_locked=0 path_ttl_ok=0 path_safe=0 on_spline=0 speed=0.18 raw_wpnts=0 raw_age=-s decision=TRAILING reason=NO_STATIC_PATH
1787358307.977 [OBSTACLES] cur_s=22.34 cur_d=-0.02 vs=0.19 n=2 [id=143 static=1 gap=5.32m d=0.11 size=0.16; id=146 static=1 gap=2.28m d=-0.26 size=0.22]
1787358308.065 [STATIC_OT] state=TRAILING path_exists=0 path_locked=0 path_ttl_ok=0 path_safe=0 on_spline=0 speed=0.11 raw_wpnts=0 raw_age=-s decision=TRAILING reason=NO_STATIC_PATH
1787358308.272 [STATIC_OT] state=TRAILING path_exists=0 path_locked=0 path_ttl_ok=0 path_safe=0 on_spline=0 speed=0.03 raw_wpnts=0 raw_age=-s decision=TRAILING reason=NO_STATIC_PATH
1787358308.478 [OBSTACLES] cur_s=22.39 cur_d=-0.03 vs=0.11 n=2 [id=143 static=1 gap=5.27m d=0.11 size=0.16; id=146 static=1 gap=2.23m d=-0.26 size=0.22]
1787358308.482 [STATIC_OT] state=TRAILING path_exists=0 path_locked=0 path_ttl_ok=0 path_safe=0 on_spline=0 speed=0.11 raw_wpnts=0 raw_age=-s decision=TRAILING reason=NO_STATIC_PATH
1787358308.714 [STATIC_OT] state=TRAILING path_exists=0 path_locked=0 path_ttl_ok=0 path_safe=0 on_spline=0 speed=0.03 raw_wpnts=0 raw_age=-s decision=TRAILING reason=NO_STATIC_PATH
1787358308.714 [OPP_MEM_DBG] state=TRAILING src=GB_TRACK n_obs=1 last_gap=4.73 age=8.09 window=3.00 ebh=8.00 track_len=39.52 active=0
1787358308.803 [STATE_CHANGE] TRAILING -> OVERTAKE src=OVERTAKE s=22.44 d=-0.04 vs=0.03
1787358308.990 [OBSTACLES] cur_s=22.44 cur_d=-0.04 vs=0.08 n=1 [id=143 static=1 gap=5.22m d=0.11 size=0.16]
1787358309.519 [OBSTACLES] cur_s=22.75 cur_d=-0.08 vs=1.39 n=0 [none]
1787358309.739 [OPP_MEM_DBG] state=OVERTAKE src=OVERTAKE n_obs=0 last_gap=4.73 age=9.12 window=3.00 ebh=8.00 track_len=39.52 active=0
1787358310.047 [OBSTACLES] cur_s=24.00 cur_d=0.00 vs=2.66 n=0 [none]
1787358310.308 [STATE_CHANGE] OVERTAKE -> GB_TRACK src=GB_TRACK s=24.90 d=0.02 vs=3.27
1787358310.549 [OBSTACLES] cur_s=25.77 cur_d=-0.04 vs=3.41 n=0 [none]
1787358310.758 [OPP_MEM_DBG] state=GB_TRACK src=GB_TRACK n_obs=0 last_gap=4.73 age=10.14 window=3.00 ebh=8.00 track_len=39.52 active=0
1787358311.050 [OBSTACLES] cur_s=27.02 cur_d=-0.09 vs=2.78 n=0 [none]
1787358311.551 [OBSTACLES] cur_s=28.63 cur_d=0.11 vs=3.18 n=0 [none]
1787358311.770 [OPP_MEM_DBG] state=GB_TRACK src=GB_TRACK n_obs=0 last_gap=4.73 age=11.15 window=3.00 ebh=8.00 track_len=39.52 active=0
1787358312.069 [OBSTACLES] cur_s=30.54 cur_d=0.09 vs=3.38 n=0 [none]
1787358312.590 [OBSTACLES] cur_s=31.74 cur_d=-0.04 vs=2.42 n=0 [none]
1787358312.790 [OPP_MEM_DBG] state=GB_TRACK src=GB_TRACK n_obs=0 last_gap=4.73 age=12.17 window=3.00 ebh=8.00 track_len=39.52 active=0
1787358313.091 [OBSTACLES] cur_s=32.81 cur_d=0.05 vs=2.52 n=0 [none]
1787358313.608 [OBSTACLES] cur_s=34.40 cur_d=0.07 vs=3.51 n=0 [none]
1787358313.791 [OPP_MEM_DBG] state=GB_TRACK src=GB_TRACK n_obs=0 last_gap=4.73 age=13.17 window=3.00 ebh=8.00 track_len=39.52 active=0
1787358314.109 [OBSTACLES] cur_s=36.91 cur_d=0.03 vs=4.61 n=0 [none]
1787358314.629 [OBSTACLES] cur_s=39.18 cur_d=0.00 vs=4.95 n=0 [none]
1787358314.797 [OPP_MEM_DBG] state=GB_TRACK src=GB_TRACK n_obs=0 last_gap=4.73 age=14.18 window=3.00 ebh=8.00 track_len=39.52 active=0
1787358315.129 [OBSTACLES] cur_s=1.68 cur_d=0.01 vs=4.95 n=0 [none]
1787358315.630 [OBSTACLES] cur_s=3.86 cur_d=0.02 vs=4.65 n=0 [none]
1787358315.808 [OPP_MEM_DBG] state=GB_TRACK src=GB_TRACK n_obs=0 last_gap=4.73 age=15.19 window=3.00 ebh=8.00 track_len=39.52 active=0
1787358316.150 [OBSTACLES] cur_s=6.09 cur_d=-0.03 vs=3.48 n=0 [none]
1787358316.671 [OBSTACLES] cur_s=7.84 cur_d=0.03 vs=3.44 n=0 [none]
1787358316.811 [OPP_MEM_DBG] state=GB_TRACK src=GB_TRACK n_obs=0 last_gap=4.73 age=16.19 window=3.00 ebh=8.00 track_len=39.52 active=0
1787358317.188 [OBSTACLES] cur_s=9.70 cur_d=-0.03 vs=3.75 n=0 [none]
1787358317.710 [OBSTACLES] cur_s=11.60 cur_d=-0.02 vs=3.63 n=0 [none]
1787358317.829 [OPP_MEM_DBG] state=GB_TRACK src=GB_TRACK n_obs=0 last_gap=4.73 age=17.21 window=3.00 ebh=8.00 track_len=39.52 active=0
1787358318.110 [STATIC_OT] state=GB_TRACK path_exists=0 path_locked=0 path_ttl_ok=0 path_safe=0 on_spline=0 speed=3.57 raw_wpnts=0 raw_age=-s decision=TRAILING reason=NO_STATIC_PATH
1787358318.111 [DYNAMIC_OT] target=157 gap=2.58 ego_v=3.57 opp_v=0.00 rel_v=3.57 sector=1 force_trailing=0 pred_age=- pred_valid=0 path=0 path_age=- safe=0 left=- right=- state=TRAILING decision=TRAILING reason=NO_DYNAMIC_OBSTACLE
1787358318.112 [STATE_CHANGE] GB_TRACK -> TRAILING src=GB_TRACK s=13.03 d=0.06 vs=3.57
1787358318.218 [OBSTACLES] cur_s=13.38 cur_d=0.05 vs=3.52 n=1 [id=157 static=0 gap=2.18m d=0.07 size=0.38]
1787358318.313 [STATIC_OT] state=TRAILING path_exists=0 path_locked=0 path_ttl_ok=0 path_safe=0 on_spline=0 speed=3.27 raw_wpnts=0 raw_age=-s decision=TRAILING reason=NO_STATIC_PATH
1787358318.315 [DYNAMIC_OT] target=157 gap=2.21 ego_v=3.27 opp_v=1.54 rel_v=1.73 sector=1 force_trailing=0 pred_age=- pred_valid=0 path=0 path_age=- safe=0 left=- right=- state=TRAILING decision=TRAILING reason=PREDICTION_NEVER
1787358318.530 [STATIC_OT] state=TRAILING path_exists=0 path_locked=0 path_ttl_ok=0 path_safe=0 on_spline=0 speed=2.13 raw_wpnts=0 raw_age=-s decision=TRAILING reason=NO_STATIC_PATH
1787358318.534 [DYNAMIC_OT] target=157 gap=1.86 ego_v=2.13 opp_v=1.45 rel_v=0.68 sector=1 force_trailing=0 pred_age=- pred_valid=0 path=0 path_age=- safe=0 left=- right=- state=TRAILING decision=TRAILING reason=PREDICTION_NEVER
1787358318.746 [OBSTACLES] cur_s=14.63 cur_d=-0.07 vs=1.52 n=1 [id=157 static=0 gap=1.58m d=0.19 size=0.38]
1787358318.748 [STATIC_OT] state=TRAILING path_exists=0 path_locked=0 path_ttl_ok=0 path_safe=0 on_spline=0 speed=1.52 raw_wpnts=0 raw_age=-s decision=TRAILING reason=NO_STATIC_PATH
1787358318.751 [DYNAMIC_OT] target=157 gap=1.77 ego_v=1.52 opp_v=1.39 rel_v=0.14 sector=1 force_trailing=0 pred_age=- pred_valid=0 path=0 path_age=- safe=0 left=- right=- state=TRAILING decision=TRAILING reason=PREDICTION_NEVER
1787358318.957 [STATIC_OT] state=TRAILING path_exists=0 path_locked=0 path_ttl_ok=0 path_safe=0 on_spline=0 speed=1.34 raw_wpnts=0 raw_age=-s decision=TRAILING reason=NO_STATIC_PATH
1787358318.973 [DYNAMIC_OT] target=157 gap=2.04 ego_v=1.34 opp_v=1.92 rel_v=-0.58 sector=1 force_trailing=0 pred_age=- pred_valid=0 path=0 path_age=- safe=0 left=- right=- state=TRAILING decision=TRAILING reason=REL_SPEED
1787358319.173 [STATIC_OT] state=TRAILING path_exists=0 path_locked=0 path_ttl_ok=0 path_safe=0 on_spline=0 speed=1.24 raw_wpnts=0 raw_age=-s decision=TRAILING reason=NO_STATIC_PATH
1787358319.176 [DYNAMIC_OT] target=157 gap=2.01 ego_v=1.24 opp_v=1.15 rel_v=0.10 sector=1 force_trailing=0 pred_age=- pred_valid=0 path=0 path_age=- safe=0 left=- right=- state=TRAILING decision=TRAILING reason=PREDICTION_NEVER
1787358319.258 [OBSTACLES] cur_s=15.12 cur_d=-0.06 vs=1.28 n=1 [id=157 static=0 gap=1.77m d=0.05 size=0.38]
1787358319.389 [STATIC_OT] state=TRAILING path_exists=0 path_locked=0 path_ttl_ok=0 path_safe=0 on_spline=0 speed=1.43 raw_wpnts=0 raw_age=-s decision=TRAILING reason=NO_STATIC_PATH
1787358319.392 [DYNAMIC_OT] target=157 gap=1.96 ego_v=1.43 opp_v=1.16 rel_v=0.27 sector=1 force_trailing=0 pred_age=- pred_valid=0 path=0 path_age=- safe=0 left=- right=- state=TRAILING decision=TRAILING reason=PREDICTION_NEVER
1787358319.610 [STATIC_OT] state=TRAILING path_exists=0 path_locked=0 path_ttl_ok=0 path_safe=0 on_spline=0 speed=1.31 raw_wpnts=0 raw_age=-s decision=TRAILING reason=NO_STATIC_PATH
1787358319.612 [DYNAMIC_OT] target=157 gap=1.77 ego_v=1.31 opp_v=0.86 rel_v=0.45 sector=1 force_trailing=0 pred_age=- pred_valid=0 path=0 path_age=- safe=0 left=- right=- state=TRAILING decision=TRAILING reason=PREDICTION_NEVER
1787358319.768 [OBSTACLES] cur_s=15.96 cur_d=0.11 vs=0.80 n=1 [id=157 static=0 gap=1.46m d=-0.17 size=0.38]
1787358319.829 [STATIC_OT] state=TRAILING path_exists=0 path_locked=0 path_ttl_ok=0 path_safe=0 on_spline=0 speed=0.78 raw_wpnts=0 raw_age=-s decision=TRAILING reason=NO_STATIC_PATH
1787358319.832 [DYNAMIC_OT] target=157 gap=1.63 ego_v=0.78 opp_v=1.00 rel_v=-0.22 sector=1 force_trailing=0 pred_age=- pred_valid=0 path=0 path_age=- safe=0 left=- right=- state=TRAILING decision=TRAILING reason=PREDICTION_NEVER
1787358320.052 [STATIC_OT] state=TRAILING path_exists=0 path_locked=0 path_ttl_ok=0 path_safe=0 on_spline=0 speed=0.82 raw_wpnts=0 raw_age=-s decision=TRAILING reason=NO_STATIC_PATH
1787358320.053 [DYNAMIC_OT] target=157 gap=1.81 ego_v=0.82 opp_v=1.38 rel_v=-0.56 sector=1 force_trailing=0 pred_age=- pred_valid=0 path=0 path_age=- safe=0 left=- right=- state=TRAILING decision=TRAILING reason=REL_SPEED
1787358320.256 [STATIC_OT] state=TRAILING path_exists=0 path_locked=0 path_ttl_ok=0 path_safe=0 on_spline=0 speed=1.14 raw_wpnts=0 raw_age=-s decision=TRAILING reason=NO_STATIC_PATH
1787358320.258 [DYNAMIC_OT] target=157 gap=1.74 ego_v=1.14 opp_v=1.21 rel_v=-0.07 sector=1 force_trailing=0 pred_age=- pred_valid=0 path=0 path_age=- safe=0 left=- right=- state=TRAILING decision=TRAILING reason=PREDICTION_NEVER
1787358320.275 [OBSTACLES] cur_s=16.49 cur_d=0.23 vs=1.17 n=1 [id=157 static=0 gap=1.53m d=-0.13 size=0.38]
1787358320.472 [STATIC_OT] state=TRAILING path_exists=0 path_locked=0 path_ttl_ok=0 path_safe=0 on_spline=0 speed=1.18 raw_wpnts=0 raw_age=-s decision=TRAILING reason=NO_STATIC_PATH
1787358320.473 [DYNAMIC_OT] target=157 gap=1.64 ego_v=1.18 opp_v=0.95 rel_v=0.23 sector=1 force_trailing=0 pred_age=- pred_valid=0 path=0 path_age=- safe=0 left=- right=- state=TRAILING decision=TRAILING reason=PREDICTION_NEVER
1787358320.692 [STATIC_OT] state=TRAILING path_exists=0 path_locked=0 path_ttl_ok=0 path_safe=0 on_spline=0 speed=0.97 raw_wpnts=0 raw_age=-s decision=TRAILING reason=NO_STATIC_PATH
1787358320.694 [DYNAMIC_OT] target=157 gap=1.81 ego_v=0.97 opp_v=1.33 rel_v=-0.36 sector=1 force_trailing=0 pred_age=- pred_valid=0 path=0 path_age=- safe=0 left=- right=- state=TRAILING decision=TRAILING reason=PREDICTION_NEVER
1787358320.779 [OBSTACLES] cur_s=16.99 cur_d=0.08 vs=0.92 n=1 [id=157 static=0 gap=1.72m d=-0.04 size=0.38]
1787358320.896 [DYNAMIC_OT] target=157 gap=1.98 ego_v=0.86 opp_v=1.43 rel_v=-0.57 sector=1 force_trailing=0 pred_age=- pred_valid=0 path=0 path_age=- safe=0 left=- right=- state=TRAILING decision=TRAILING reason=REL_SPEED
1787358320.913 [STATIC_OT] state=TRAILING path_exists=0 path_locked=0 path_ttl_ok=0 path_safe=0 on_spline=0 speed=0.86 raw_wpnts=0 raw_age=-s decision=TRAILING reason=NO_STATIC_PATH
1787358321.111 [DYNAMIC_OT] target=157 gap=2.04 ego_v=1.08 opp_v=1.34 rel_v=-0.26 sector=1 force_trailing=0 pred_age=- pred_valid=0 path=0 path_age=- safe=0 left=- right=- state=TRAILING decision=TRAILING reason=PREDICTION_NEVER
1787358321.129 [STATIC_OT] state=TRAILING path_exists=0 path_locked=0 path_ttl_ok=0 path_safe=0 on_spline=0 speed=1.07 raw_wpnts=0 raw_age=-s decision=TRAILING reason=NO_STATIC_PATH
1787358321.291 [OBSTACLES] cur_s=17.49 cur_d=-0.10 vs=1.12 n=1 [id=157 static=0 gap=1.86m d=-0.09 size=0.38]
1787358321.331 [DYNAMIC_OT] target=157 gap=2.05 ego_v=1.14 opp_v=1.36 rel_v=-0.22 sector=1 force_trailing=0 pred_age=- pred_valid=0 path=0 path_age=- safe=0 left=- right=- state=TRAILING decision=TRAILING reason=PREDICTION_NEVER
1787358321.350 [STATIC_OT] state=TRAILING path_exists=0 path_locked=0 path_ttl_ok=0 path_safe=0 on_spline=0 speed=1.14 raw_wpnts=0 raw_age=-s decision=TRAILING reason=NO_STATIC_PATH
1787358321.536 [DYNAMIC_OT] target=157 gap=2.00 ego_v=1.14 opp_v=1.42 rel_v=-0.28 sector=1 force_trailing=0 pred_age=- pred_valid=0 path=0 path_age=- safe=0 left=- right=- state=TRAILING decision=TRAILING reason=PREDICTION_NEVER
1787358321.552 [STATIC_OT] state=TRAILING path_exists=0 path_locked=0 path_ttl_ok=0 path_safe=0 on_spline=0 speed=1.14 raw_wpnts=0 raw_age=-s decision=TRAILING reason=NO_STATIC_PATH
1787358321.739 [DYNAMIC_OT] target=157 gap=2.13 ego_v=1.13 opp_v=1.51 rel_v=-0.38 sector=1 force_trailing=0 pred_age=- pred_valid=0 path=0 path_age=- safe=0 left=- right=- state=TRAILING decision=TRAILING reason=PREDICTION_NEVER
1787358321.774 [STATIC_OT] state=TRAILING path_exists=0 path_locked=0 path_ttl_ok=0 path_safe=0 on_spline=0 speed=1.13 raw_wpnts=0 raw_age=-s decision=TRAILING reason=NO_STATIC_PATH
1787358321.798 [OBSTACLES] cur_s=18.12 cur_d=-0.07 vs=1.13 n=1 [id=157 static=0 gap=1.99m d=-0.07 size=0.38]
1787358321.957 [DYNAMIC_OT] target=157 gap=2.21 ego_v=1.13 opp_v=1.53 rel_v=-0.40 sector=1 force_trailing=0 pred_age=- pred_valid=0 path=0 path_age=- safe=0 left=- right=- state=TRAILING decision=TRAILING reason=PREDICTION_NEVER
1787358321.992 [STATIC_OT] state=TRAILING path_exists=0 path_locked=0 path_ttl_ok=0 path_safe=0 on_spline=0 speed=1.14 raw_wpnts=0 raw_age=-s decision=TRAILING reason=NO_STATIC_PATH
1787358322.172 [DYNAMIC_OT] target=157 gap=2.39 ego_v=1.21 opp_v=1.96 rel_v=-0.76 sector=1 force_trailing=0 pred_age=- pred_valid=0 path=0 path_age=- safe=0 left=- right=- state=TRAILING decision=TRAILING reason=REL_SPEED
1787358322.212 [STATIC_OT] state=TRAILING path_exists=0 path_locked=0 path_ttl_ok=0 path_safe=0 on_spline=0 speed=1.23 raw_wpnts=0 raw_age=-s decision=TRAILING reason=NO_STATIC_PATH
1787358322.309 [OBSTACLES] cur_s=18.84 cur_d=-0.09 vs=1.27 n=1 [id=157 static=0 gap=2.26m d=-0.03 size=0.38]
1787358322.372 [DYNAMIC_OT] target=157 gap=2.54 ego_v=1.32 opp_v=1.99 rel_v=-0.67 sector=1 force_trailing=0 pred_age=- pred_valid=0 path=0 path_age=- safe=0 left=- right=- state=TRAILING decision=TRAILING reason=REL_SPEED
1787358322.430 [STATIC_OT] state=TRAILING path_exists=0 path_locked=0 path_ttl_ok=0 path_safe=0 on_spline=0 speed=1.36 raw_wpnts=0 raw_age=-s decision=TRAILING reason=NO_STATIC_PATH
1787358322.577 [DYNAMIC_OT] target=157 gap=2.74 ego_v=1.42 opp_v=1.96 rel_v=-0.54 sector=1 force_trailing=0 pred_age=- pred_valid=0 path=0 path_age=- safe=0 left=- right=- state=TRAILING decision=TRAILING reason=REL_SPEED
1787358322.630 [STATIC_OT] state=TRAILING path_exists=0 path_locked=0 path_ttl_ok=0 path_safe=0 on_spline=0 speed=1.44 raw_wpnts=0 raw_age=-s decision=TRAILING reason=NO_STATIC_PATH
1787358322.774 [DYNAMIC_OT] target=157 gap=2.92 ego_v=1.50 opp_v=1.98 rel_v=-0.48 sector=1 force_trailing=0 pred_age=- pred_valid=0 path=0 path_age=- safe=0 left=- right=- state=TRAILING decision=TRAILING reason=PREDICTION_NEVER
1787358322.830 [OBSTACLES] cur_s=19.62 cur_d=-0.11 vs=1.59 n=1 [id=157 static=0 gap=2.56m d=0.07 size=0.38]
1787358322.832 [STATIC_OT] state=TRAILING path_exists=0 path_locked=0 path_ttl_ok=0 path_safe=0 on_spline=0 speed=1.59 raw_wpnts=0 raw_age=-s decision=TRAILING reason=NO_STATIC_PATH
1787358323.018 [DYNAMIC_OT] target=157 gap=2.81 ego_v=1.70 opp_v=2.12 rel_v=-0.42 sector=1 force_trailing=0 pred_age=- pred_valid=0 path=0 path_age=- safe=0 left=- right=- state=TRAILING decision=TRAILING reason=PREDICTION_NEVER
1787358323.051 [STATIC_OT] state=TRAILING path_exists=0 path_locked=0 path_ttl_ok=0 path_safe=0 on_spline=0 speed=1.72 raw_wpnts=0 raw_age=-s decision=TRAILING reason=NO_STATIC_PATH
1787358323.234 [DYNAMIC_OT] target=157 gap=3.01 ego_v=1.91 opp_v=2.22 rel_v=-0.31 sector=1 force_trailing=0 pred_age=- pred_valid=0 path=0 path_age=- safe=0 left=- right=- state=TRAILING decision=TRAILING reason=PREDICTION_NEVER
1787358323.274 [STATIC_OT] state=TRAILING path_exists=0 path_locked=0 path_ttl_ok=0 path_safe=0 on_spline=0 speed=1.93 raw_wpnts=0 raw_age=-s decision=TRAILING reason=NO_STATIC_PATH
1787358323.348 [OBSTACLES] cur_s=20.44 cur_d=-0.05 vs=1.98 n=1 [id=157 static=0 gap=2.83m d=0.03 size=0.38]
1787358323.436 [DYNAMIC_OT] target=157 gap=3.00 ego_v=2.14 opp_v=2.00 rel_v=0.14 sector=1 force_trailing=0 pred_age=- pred_valid=0 path=0 path_age=- safe=0 left=- right=- state=TRAILING decision=TRAILING reason=PREDICTION_NEVER
1787358323.510 [STATIC_OT] state=TRAILING path_exists=0 path_locked=0 path_ttl_ok=0 path_safe=0 on_spline=0 speed=2.16 raw_wpnts=0 raw_age=-s decision=TRAILING reason=NO_STATIC_PATH
1787358323.636 [DYNAMIC_OT] target=157 gap=3.07 ego_v=2.28 opp_v=1.62 rel_v=0.66 sector=1 force_trailing=0 pred_age=- pred_valid=0 path=0 path_age=- safe=0 left=- right=- state=TRAILING decision=TRAILING reason=PREDICTION_NEVER
1787358323.718 [STATIC_OT] state=TRAILING path_exists=0 path_locked=0 path_ttl_ok=0 path_safe=0 on_spline=0 speed=2.33 raw_wpnts=0 raw_age=-s decision=TRAILING reason=NO_STATIC_PATH
1787358323.853 [OBSTACLES] cur_s=21.71 cur_d=-0.01 vs=2.21 n=1 [id=157 static=0 gap=2.51m d=0.03 size=0.38]
1787358323.856 [DYNAMIC_OT] target=157 gap=2.70 ego_v=2.21 opp_v=1.94 rel_v=0.27 sector=1 force_trailing=0 pred_age=- pred_valid=0 path=0 path_age=- safe=0 left=- right=- state=TRAILING decision=TRAILING reason=PREDICTION_NEVER
1787358323.935 [STATIC_OT] state=TRAILING path_exists=0 path_locked=0 path_ttl_ok=0 path_safe=0 on_spline=0 speed=2.09 raw_wpnts=0 raw_age=-s decision=TRAILING reason=NO_STATIC_PATH
1787358324.073 [DYNAMIC_OT] target=157 gap=2.78 ego_v=2.02 opp_v=2.31 rel_v=-0.29 sector=1 force_trailing=0 pred_age=- pred_valid=0 path=0 path_age=- safe=0 left=- right=- state=TRAILING decision=TRAILING reason=PREDICTION_NEVER
1787358324.159 [STATIC_OT] state=TRAILING path_exists=0 path_locked=0 path_ttl_ok=0 path_safe=0 on_spline=0 speed=2.05 raw_wpnts=0 raw_age=-s decision=TRAILING reason=NO_STATIC_PATH
1787358324.276 [DYNAMIC_OT] target=157 gap=2.94 ego_v=2.18 opp_v=2.03 rel_v=0.16 sector=1 force_trailing=0 pred_age=- pred_valid=0 path=0 path_age=- safe=0 left=- right=- state=TRAILING decision=TRAILING reason=PREDICTION_NEVER
1787358324.308 [OPP_MEM_DBG] state=LOSTLINE src=GB_TRACK n_obs=0 last_gap=3.03 age=0.02 window=3.00 ebh=8.00 track_len=39.52 active=1
1787358324.308 [STATE_CHANGE] TRAILING -> LOSTLINE src=GB_TRACK s=22.29 d=-0.05 vs=2.37
1787358324.310 [OPP_MEMORY] opponent id=157 lost 0.02s ago at gap=3.03m -- holding speed cap 3.04 m/s (raceline 5.10) state=LOSTLINE
1787358324.328 [STATE_CHANGE] LOSTLINE -> GB_TRACK src=GB_TRACK s=22.32 d=-0.05 vs=2.41
1787358324.352 [STATE_CHANGE] GB_TRACK -> TRAILING src=GB_TRACK s=22.31 d=-0.07 vs=2.43
1787358324.368 [OBSTACLES] cur_s=22.31 cur_d=-0.07 vs=2.43 n=1 [id=157 static=0 gap=2.49m d=-0.03 size=0.44]
1787358324.369 [STATIC_OT] state=TRAILING path_exists=0 path_locked=0 path_ttl_ok=0 path_safe=0 on_spline=0 speed=2.43 raw_wpnts=0 raw_age=-s decision=TRAILING reason=NO_STATIC_PATH
1787358324.486 [DYNAMIC_OT] target=157 gap=2.49 ego_v=2.56 opp_v=0.49 rel_v=2.07 sector=1 force_trailing=0 pred_age=- pred_valid=0 path=0 path_age=- safe=0 left=- right=- state=TRAILING decision=TRAILING reason=PREDICTION_NEVER
1787358324.572 [STATIC_OT] state=TRAILING path_exists=0 path_locked=0 path_ttl_ok=0 path_safe=0 on_spline=0 speed=2.49 raw_wpnts=0 raw_age=-s decision=TRAILING reason=NO_STATIC_PATH
1787358324.691 [DYNAMIC_OT] target=157 gap=2.07 ego_v=2.09 opp_v=0.17 rel_v=1.92 sector=1 force_trailing=0 pred_age=- pred_valid=0 path=0 path_age=- safe=0 left=- right=- state=TRAILING decision=TRAILING reason=PREDICTION_NEVER
1787358324.803 [STATIC_OT] state=TRAILING path_exists=0 path_locked=0 path_ttl_ok=0 path_safe=0 on_spline=0 speed=1.86 raw_wpnts=0 raw_age=-s decision=TRAILING reason=NO_STATIC_PATH
1787358324.873 [OBSTACLES] cur_s=23.31 cur_d=-0.06 vs=1.53 n=1 [id=157 static=0 gap=2.07m d=0.18 size=0.28]
1787358324.901 [DYNAMIC_OT] target=157 gap=2.20 ego_v=1.44 opp_v=0.97 rel_v=0.48 sector=1 force_trailing=0 pred_age=- pred_valid=0 path=0 path_age=- safe=0 left=- right=- state=TRAILING decision=TRAILING reason=PREDICTION_NEVER
1787358325.012 [STATIC_OT] state=TRAILING path_exists=0 path_locked=0 path_ttl_ok=0 path_safe=0 on_spline=0 speed=0.97 raw_wpnts=0 raw_age=-s decision=TRAILING reason=NO_STATIC_PATH
1787358325.112 [DYNAMIC_OT] target=157 gap=2.38 ego_v=0.83 opp_v=1.63 rel_v=-0.80 sector=1 force_trailing=0 pred_age=- pred_valid=0 path=0 path_age=- safe=0 left=- right=- state=TRAILING decision=TRAILING reason=REL_SPEED
1787358325.212 [STATIC_OT] state=TRAILING path_exists=0 path_locked=0 path_ttl_ok=0 path_safe=0 on_spline=0 speed=0.88 raw_wpnts=0 raw_age=-s decision=TRAILING reason=NO_STATIC_PATH
1787358325.329 [DYNAMIC_OT] target=157 gap=2.54 ego_v=1.02 opp_v=1.26 rel_v=-0.24 sector=1 force_trailing=0 pred_age=- pred_valid=0 path=0 path_age=- safe=0 left=- right=- state=TRAILING decision=TRAILING reason=PREDICTION_NEVER
1787358325.390 [OBSTACLES] cur_s=23.68 cur_d=-0.06 vs=1.15 n=1 [id=157 static=0 gap=2.35m d=0.14 size=0.28]
1787358325.414 [STATIC_OT] state=TRAILING path_exists=0 path_locked=0 path_ttl_ok=0 path_safe=0 on_spline=0 speed=1.20 raw_wpnts=0 raw_age=-s decision=TRAILING reason=NO_STATIC_PATH
1787358325.549 [DYNAMIC_OT] target=157 gap=2.62 ego_v=1.38 opp_v=1.21 rel_v=0.18 sector=1 force_trailing=0 pred_age=- pred_valid=0 path=0 path_age=- safe=0 left=- right=- state=TRAILING decision=TRAILING reason=PREDICTION_NEVER
1787358325.619 [STATIC_OT] state=TRAILING path_exists=0 path_locked=0 path_ttl_ok=0 path_safe=0 on_spline=0 speed=1.43 raw_wpnts=0 raw_age=-s decision=TRAILING reason=NO_STATIC_PATH
1787358325.770 [DYNAMIC_OT] target=157 gap=2.56 ego_v=1.55 opp_v=1.13 rel_v=0.42 sector=1 force_trailing=0 pred_age=- pred_valid=0 path=0 path_age=- safe=0 left=- right=- state=TRAILING decision=TRAILING reason=PREDICTION_NEVER
1787358325.831 [STATIC_OT] state=TRAILING path_exists=0 path_locked=0 path_ttl_ok=0 path_safe=0 on_spline=0 speed=1.57 raw_wpnts=0 raw_age=-s decision=TRAILING reason=NO_STATIC_PATH
1787358325.891 [OBSTACLES] cur_s=24.37 cur_d=0.01 vs=1.52 n=1 [id=157 static=0 gap=2.23m d=0.21 size=0.28]
1787358325.972 [DYNAMIC_OT] target=157 gap=2.33 ego_v=1.46 opp_v=1.04 rel_v=0.41 sector=1 force_trailing=0 pred_age=- pred_valid=0 path=0 path_age=- safe=0 left=- right=- state=TRAILING decision=TRAILING reason=PREDICTION_NEVER
1787358326.035 [STATIC_OT] state=TRAILING path_exists=0 path_locked=0 path_ttl_ok=0 path_safe=0 on_spline=0 speed=1.41 raw_wpnts=0 raw_age=-s decision=TRAILING reason=NO_STATIC_PATH
1787358326.193 [DYNAMIC_OT] target=157 gap=2.20 ego_v=1.29 opp_v=0.78 rel_v=0.51 sector=1 force_trailing=0 pred_age=- pred_valid=0 path=0 path_age=- safe=0 left=- right=- state=TRAILING decision=TRAILING reason=PREDICTION_NEVER
1787358326.246 [STATIC_OT] state=TRAILING path_exists=0 path_locked=0 path_ttl_ok=0 path_safe=0 on_spline=0 speed=1.24 raw_wpnts=0 raw_age=-s decision=TRAILING reason=NO_STATIC_PATH
1787358326.391 [DYNAMIC_OT] target=157 gap=2.32 ego_v=0.88 opp_v=0.83 rel_v=0.05 sector=1 force_trailing=0 pred_age=- pred_valid=0 path=0 path_age=- safe=0 left=- right=- state=TRAILING decision=TRAILING reason=PREDICTION_NEVER
1787358326.409 [OBSTACLES] cur_s=24.88 cur_d=0.00 vs=0.88 n=1 [id=157 static=0 gap=2.22m d=0.16 size=0.28]
1787358326.451 [STATIC_OT] state=TRAILING path_exists=0 path_locked=0 path_ttl_ok=0 path_safe=0 on_spline=0 speed=0.90 raw_wpnts=0 raw_age=-s decision=TRAILING reason=NO_STATIC_PATH
1787358326.592 [DYNAMIC_OT] target=157 gap=2.39 ego_v=0.97 opp_v=0.83 rel_v=0.14 sector=1 force_trailing=0 pred_age=- pred_valid=0 path=0 path_age=- safe=0 left=- right=- state=TRAILING decision=TRAILING reason=PREDICTION_NEVER
1787358326.672 [STATIC_OT] state=TRAILING path_exists=0 path_locked=0 path_ttl_ok=0 path_safe=0 on_spline=0 speed=1.01 raw_wpnts=0 raw_age=-s decision=TRAILING reason=NO_STATIC_PATH
1787358326.778 [OPP_MEM_DBG] state=GB_TRACK src=GB_TRACK n_obs=0 last_gap=2.33 age=0.02 window=3.00 ebh=8.00 track_len=39.52 active=1
1787358326.778 [STATE_CHANGE] TRAILING -> GB_TRACK src=GB_TRACK s=25.23 d=0.05 vs=1.04
1787358326.787 [OPP_MEMORY] opponent id=157 lost 0.02s ago at gap=2.33m -- holding speed cap 2.04 m/s (raceline 3.79) state=GB_TRACK
1787358326.834 [DYNAMIC_OT] target=157 gap=2.64 ego_v=1.05 opp_v=0.83 rel_v=0.22 sector=1 force_trailing=0 pred_age=- pred_valid=0 path=0 path_age=- safe=0 left=- right=- state=TRAILING decision=TRAILING reason=NO_DYNAMIC_OBSTACLE
1787358326.835 [STATE_CHANGE] GB_TRACK -> TRAILING src=GB_TRACK s=25.31 d=0.05 vs=1.05
1787358326.895 [STATIC_OT] state=TRAILING path_exists=0 path_locked=0 path_ttl_ok=0 path_safe=0 on_spline=0 speed=1.05 raw_wpnts=0 raw_age=-s decision=TRAILING reason=NO_STATIC_PATH
1787358326.931 [OBSTACLES] cur_s=25.43 cur_d=0.03 vs=1.04 n=1 [id=157 static=0 gap=2.43m d=0.20 size=0.31]
1787358327.059 [DYNAMIC_OT] target=157 gap=2.69 ego_v=1.08 opp_v=3.21 rel_v=-2.13 sector=1 force_trailing=0 pred_age=- pred_valid=0 path=0 path_age=- safe=0 left=- right=- state=TRAILING decision=TRAILING reason=REL_SPEED
1787358327.113 [STATIC_OT] state=TRAILING path_exists=0 path_locked=0 path_ttl_ok=0 path_safe=0 on_spline=0 speed=1.11 raw_wpnts=0 raw_age=-s decision=TRAILING reason=NO_STATIC_PATH
1787358327.278 [DYNAMIC_OT] target=157 gap=2.79 ego_v=1.24 opp_v=2.12 rel_v=-0.88 sector=1 force_trailing=0 pred_age=- pred_valid=0 path=0 path_age=- safe=0 left=- right=- state=TRAILING decision=TRAILING reason=REL_SPEED
1787358327.324 [STATIC_OT] state=TRAILING path_exists=0 path_locked=0 path_ttl_ok=0 path_safe=0 on_spline=0 speed=1.30 raw_wpnts=0 raw_age=-s decision=TRAILING reason=NO_STATIC_PATH
1787358327.434 [OBSTACLES] cur_s=26.05 cur_d=0.02 vs=1.52 n=1 [id=157 static=0 gap=2.54m d=-0.10 size=0.31]
1787358327.494 [DYNAMIC_OT] target=157 gap=2.64 ego_v=1.64 opp_v=1.48 rel_v=0.16 sector=1 force_trailing=0 pred_age=- pred_valid=0 path=0 path_age=- safe=0 left=- right=- state=TRAILING decision=TRAILING reason=PREDICTION_NEVER
1787358327.541 [STATIC_OT] state=TRAILING path_exists=0 path_locked=0 path_ttl_ok=0 path_safe=0 on_spline=0 speed=1.70 raw_wpnts=0 raw_age=-s decision=TRAILING reason=NO_STATIC_PATH
1787358327.714 [DYNAMIC_OT] target=157 gap=2.35 ego_v=1.79 opp_v=1.32 rel_v=0.47 sector=1 force_trailing=0 pred_age=- pred_valid=0 path=0 path_age=- safe=0 left=- right=- state=TRAILING decision=TRAILING reason=PREDICTION_NEVER
1787358327.757 [STATIC_OT] state=TRAILING path_exists=0 path_locked=0 path_ttl_ok=0 path_safe=0 on_spline=0 speed=1.74 raw_wpnts=0 raw_age=-s decision=TRAILING reason=NO_STATIC_PATH
1787358327.933 [DYNAMIC_OT] target=157 gap=2.25 ego_v=1.62 opp_v=1.46 rel_v=0.16 sector=1 force_trailing=0 pred_age=- pred_valid=0 path=0 path_age=- safe=0 left=- right=- state=TRAILING decision=TRAILING reason=PREDICTION_NEVER
1787358327.951 [OBSTACLES] cur_s=27.20 cur_d=0.10 vs=1.62 n=1 [id=157 static=0 gap=2.09m d=-0.13 size=0.31]
1787358327.972 [STATIC_OT] state=TRAILING path_exists=0 path_locked=0 path_ttl_ok=0 path_safe=0 on_spline=0 speed=1.60 raw_wpnts=0 raw_age=-s decision=TRAILING reason=NO_STATIC_PATH
1787358328.134 [DYNAMIC_OT] target=157 gap=2.35 ego_v=1.53 opp_v=1.98 rel_v=-0.45 sector=1 force_trailing=0 pred_age=- pred_valid=0 path=0 path_age=- safe=0 left=- right=- state=TRAILING decision=TRAILING reason=PREDICTION_NEVER
1787358328.179 [STATIC_OT] state=TRAILING path_exists=0 path_locked=0 path_ttl_ok=0 path_safe=0 on_spline=0 speed=1.53 raw_wpnts=0 raw_age=-s decision=TRAILING reason=NO_STATIC_PATH
1787358328.354 [DYNAMIC_OT] target=157 gap=2.41 ego_v=1.50 opp_v=2.35 rel_v=-0.85 sector=1 force_trailing=0 pred_age=- pred_valid=0 path=0 path_age=- safe=0 left=- right=- state=TRAILING decision=TRAILING reason=REL_SPEED
1787358328.392 [STATIC_OT] state=TRAILING path_exists=0 path_locked=0 path_ttl_ok=0 path_safe=0 on_spline=0 speed=1.50 raw_wpnts=0 raw_age=-s decision=TRAILING reason=NO_STATIC_PATH
1787358328.468 [OBSTACLES] cur_s=28.35 cur_d=0.29 vs=1.51 n=1 [id=157 static=0 gap=2.29m d=-0.11 size=0.31]
1787358328.564 [DYNAMIC_OT] target=157 gap=2.48 ego_v=1.51 opp_v=2.33 rel_v=-0.82 sector=1 force_trailing=0 pred_age=- pred_valid=0 path=0 path_age=- safe=0 left=- right=- state=TRAILING decision=TRAILING reason=REL_SPEED
1787358328.597 [STATIC_OT] state=TRAILING path_exists=0 path_locked=0 path_ttl_ok=0 path_safe=0 on_spline=0 speed=1.52 raw_wpnts=0 raw_age=-s decision=TRAILING reason=NO_STATIC_PATH
1787358328.771 [DYNAMIC_OT] target=157 gap=2.45 ego_v=1.55 opp_v=1.47 rel_v=0.08 sector=1 force_trailing=0 pred_age=- pred_valid=0 path=0 path_age=- safe=0 left=- right=- state=TRAILING decision=TRAILING reason=PREDICTION_NEVER
1787358328.817 [STATIC_OT] state=TRAILING path_exists=0 path_locked=0 path_ttl_ok=0 path_safe=0 on_spline=0 speed=1.57 raw_wpnts=0 raw_age=-s decision=TRAILING reason=NO_STATIC_PATH
1787358328.987 [OBSTACLES] cur_s=28.92 cur_d=0.19 vs=1.54 n=1 [id=157 static=0 gap=2.23m d=0.04 size=0.31]
1787358328.992 [DYNAMIC_OT] target=157 gap=2.39 ego_v=1.54 opp_v=1.04 rel_v=0.50 sector=1 force_trailing=0 pred_age=- pred_valid=0 path=0 path_age=- safe=0 left=- right=- state=TRAILING decision=TRAILING reason=PREDICTION_NEVER
1787358329.019 [STATIC_OT] state=TRAILING path_exists=0 path_locked=0 path_ttl_ok=0 path_safe=0 on_spline=0 speed=1.53 raw_wpnts=0 raw_age=-s decision=TRAILING reason=NO_STATIC_PATH
1787358329.192 [DYNAMIC_OT] target=157 gap=2.33 ego_v=1.34 opp_v=0.98 rel_v=0.36 sector=1 force_trailing=0 pred_age=- pred_valid=0 path=0 path_age=- safe=0 left=- right=- state=TRAILING decision=TRAILING reason=PREDICTION_NEVER
1787358329.237 [STATIC_OT] state=TRAILING path_exists=0 path_locked=0 path_ttl_ok=0 path_safe=0 on_spline=0 speed=1.29 raw_wpnts=0 raw_age=-s decision=TRAILING reason=NO_STATIC_PATH
1787358329.395 [DYNAMIC_OT] target=157 gap=2.33 ego_v=1.21 opp_v=0.92 rel_v=0.29 sector=1 force_trailing=0 pred_age=- pred_valid=0 path=0 path_age=- safe=0 left=- right=- state=TRAILING decision=TRAILING reason=PREDICTION_NEVER
1787358329.456 [STATIC_OT] state=TRAILING path_exists=0 path_locked=0 path_ttl_ok=0 path_safe=0 on_spline=0 speed=1.18 raw_wpnts=0 raw_age=-s decision=TRAILING reason=NO_STATIC_PATH
1787358329.489 [OBSTACLES] cur_s=29.34 cur_d=0.03 vs=1.16 n=1 [id=157 static=0 gap=2.20m d=0.22 size=0.31]
1787358329.594 [DYNAMIC_OT] target=157 gap=2.41 ego_v=1.11 opp_v=0.77 rel_v=0.33 sector=1 force_trailing=0 pred_age=- pred_valid=0 path=0 path_age=- safe=0 left=- right=- state=TRAILING decision=TRAILING reason=PREDICTION_NEVER
1787358329.670 [STATIC_OT] state=TRAILING path_exists=0 path_locked=0 path_ttl_ok=0 path_safe=0 on_spline=0 speed=1.05 raw_wpnts=0 raw_age=-s decision=TRAILING reason=NO_STATIC_PATH
1787358329.796 [DYNAMIC_OT] target=157 gap=2.28 ego_v=1.03 opp_v=0.77 rel_v=0.26 sector=1 force_trailing=0 pred_age=- pred_valid=0 path=0 path_age=- safe=0 left=- right=- state=TRAILING decision=TRAILING reason=PREDICTION_NEVER
1787358329.871 [STATIC_OT] state=TRAILING path_exists=0 path_locked=0 path_ttl_ok=0 path_safe=0 on_spline=0 speed=1.01 raw_wpnts=0 raw_age=-s decision=TRAILING reason=NO_STATIC_PATH
1787358330.008 [OBSTACLES] cur_s=29.89 cur_d=0.01 vs=0.99 n=1 [id=157 static=0 gap=1.99m d=0.24 size=0.31]
1787358330.011 [DYNAMIC_OT] target=157 gap=2.15 ego_v=0.99 opp_v=0.77 rel_v=0.22 sector=1 force_trailing=0 pred_age=- pred_valid=0 path=0 path_age=- safe=0 left=- right=- state=TRAILING decision=TRAILING reason=PREDICTION_NEVER
1787358330.090 [STATIC_OT] state=TRAILING path_exists=0 path_locked=0 path_ttl_ok=0 path_safe=0 on_spline=0 speed=0.97 raw_wpnts=0 raw_age=-s decision=TRAILING reason=NO_STATIC_PATH
1787358330.108 [OPP_MEM_DBG] state=GB_TRACK src=GB_TRACK n_obs=0 last_gap=2.08 age=0.02 window=3.00 ebh=8.00 track_len=39.52 active=1
1787358330.108 [STATE_CHANGE] TRAILING -> GB_TRACK src=GB_TRACK s=30.00 d=0.02 vs=0.96
1787358330.110 [OPP_MEMORY] opponent id=157 lost 0.02s ago at gap=2.08m -- holding speed cap 2.13 m/s (raceline 4.11) state=GB_TRACK
1787358330.509 [OBSTACLES] cur_s=30.47 cur_d=-0.02 vs=1.20 n=0 [none]
1787358330.627 [STATIC_OT] state=GB_TRACK path_exists=0 path_locked=0 path_ttl_ok=0 path_safe=0 on_spline=0 speed=1.39 raw_wpnts=0 raw_age=-s decision=TRAILING reason=NO_STATIC_PATH
1787358330.627 [STATE_CHANGE] GB_TRACK -> TRAILING src=GB_TRACK s=30.64 d=-0.01 vs=1.39
1787358330.739 [STATE_CHANGE] TRAILING -> OVERTAKE src=OVERTAKE s=30.73 d=-0.01 vs=1.50
1787358330.750 [OPP_MEMORY] opponent id=157 lost 0.65s ago at gap=2.08m -- holding speed cap 1.73 m/s (raceline 3.34) state=OVERTAKE
1787358330.818 [STATE_CHANGE] OVERTAKE -> TRAILING src=GB_TRACK s=30.82 d=-0.02 vs=1.56
1787358330.865 [STATIC_OT] state=TRAILING path_exists=1 path_locked=0 path_ttl_ok=1 path_safe=1 on_spline=1 speed=1.56 raw_wpnts=101 raw_age=0.09s decision=OVERTAKE
1787358330.866 [STATE_CHANGE] TRAILING -> OVERTAKE src=OVERTAKE s=30.86 d=-0.02 vs=1.56
1787358330.892 [STATE_CHANGE] OVERTAKE -> TRAILING src=GB_TRACK s=30.89 d=-0.02 vs=1.56
1787358330.947 [STATE_CHANGE] TRAILING -> OVERTAKE src=OVERTAKE s=30.94 d=-0.02 vs=1.56
1787358330.986 [DYNAMIC_OT] target=164 gap=2.64 ego_v=1.53 opp_v=0.00 rel_v=1.53 sector=1 force_trailing=0 pred_age=- pred_valid=0 path=0 path_age=- safe=0 left=- right=- state=TRAILING decision=TRAILING reason=NO_DYNAMIC_OBSTACLE
1787358330.986 [STATE_CHANGE] OVERTAKE -> TRAILING src=GB_TRACK s=31.01 d=-0.01 vs=1.53
1787358331.030 [OBSTACLES] cur_s=31.06 cur_d=-0.00 vs=1.53 n=1 [id=164 static=0 gap=2.49m d=0.04 size=0.19]
1787358331.070 [STATIC_OT] state=TRAILING path_exists=1 path_locked=0 path_ttl_ok=0 path_safe=0 on_spline=1 speed=1.53 raw_wpnts=0 raw_age=-s decision=TRAILING reason=NO_STATIC_PATH
1787358331.192 [DYNAMIC_OT] target=164 gap=2.78 ego_v=1.14 opp_v=2.31 rel_v=-1.17 sector=1 force_trailing=0 pred_age=- pred_valid=0 path=0 path_age=- safe=0 left=- right=- state=TRAILING decision=TRAILING reason=REL_SPEED
1787358331.288 [STATIC_OT] state=TRAILING path_exists=1 path_locked=0 path_ttl_ok=0 path_safe=0 on_spline=1 speed=0.95 raw_wpnts=0 raw_age=-s decision=TRAILING reason=NO_STATIC_PATH
1787358331.414 [DYNAMIC_OT] target=164 gap=2.86 ego_v=0.74 opp_v=1.81 rel_v=-1.07 sector=1 force_trailing=0 pred_age=- pred_valid=0 path=0 path_age=- safe=0 left=- right=- state=TRAILING decision=TRAILING reason=REL_SPEED
1787358331.489 [STATIC_OT] state=TRAILING path_exists=1 path_locked=0 path_ttl_ok=0 path_safe=0 on_spline=1 speed=0.76 raw_wpnts=0 raw_age=-s decision=TRAILING reason=NO_STATIC_PATH
1787358331.546 [OBSTACLES] cur_s=31.60 cur_d=-0.03 vs=0.78 n=1 [id=164 static=0 gap=2.87m d=0.01 size=0.19]
1787358331.620 [DYNAMIC_OT] target=164 gap=3.09 ego_v=0.81 opp_v=1.57 rel_v=-0.76 sector=1 force_trailing=0 pred_age=- pred_valid=0 path=0 path_age=- safe=0 left=- right=- state=TRAILING decision=TRAILING reason=REL_SPEED
1787358331.708 [STATIC_OT] state=TRAILING path_exists=1 path_locked=0 path_ttl_ok=0 path_safe=0 on_spline=1 speed=0.87 raw_wpnts=0 raw_age=-s decision=TRAILING reason=NO_STATIC_PATH
1787358331.832 [DYNAMIC_OT] target=164 gap=3.24 ego_v=1.13 opp_v=1.70 rel_v=-0.57 sector=1 force_trailing=0 pred_age=- pred_valid=0 path=0 path_age=- safe=0 left=- right=- state=TRAILING decision=TRAILING reason=REL_SPEED
1787358331.912 [STATIC_OT] state=TRAILING path_exists=1 path_locked=0 path_ttl_ok=0 path_safe=0 on_spline=1 speed=1.31 raw_wpnts=0 raw_age=-s decision=TRAILING reason=NO_STATIC_PATH
1787358332.049 [DYNAMIC_OT] target=164 gap=3.27 ego_v=1.39 opp_v=1.93 rel_v=-0.54 sector=1 force_trailing=0 pred_age=- pred_valid=0 path=0 path_age=- safe=0 left=- right=- state=TRAILING decision=TRAILING reason=REL_SPEED
1787358332.070 [OBSTACLES] cur_s=32.27 cur_d=0.05 vs=1.40 n=1 [id=164 static=0 gap=3.16m d=-0.10 size=0.19]
1787358332.131 [STATIC_OT] state=TRAILING path_exists=1 path_locked=0 path_ttl_ok=0 path_safe=0 on_spline=1 speed=1.45 raw_wpnts=0 raw_age=-s decision=TRAILING reason=NO_STATIC_PATH
1787358332.257 [DYNAMIC_OT] target=164 gap=3.22 ego_v=1.48 opp_v=1.83 rel_v=-0.35 sector=1 force_trailing=0 pred_age=- pred_valid=0 path=0 path_age=- safe=0 left=- right=- state=TRAILING decision=TRAILING reason=PREDICTION_NEVER
1787358332.332 [STATIC_OT] state=TRAILING path_exists=1 path_locked=0 path_ttl_ok=0 path_safe=0 on_spline=0 speed=1.50 raw_wpnts=0 raw_age=-s decision=TRAILING reason=NO_STATIC_PATH
1787358332.475 [DYNAMIC_OT] target=164 gap=3.38 ego_v=1.55 opp_v=1.97 rel_v=-0.42 sector=1 force_trailing=0 pred_age=- pred_valid=0 path=0 path_age=- safe=0 left=- right=- state=TRAILING decision=TRAILING reason=PREDICTION_NEVER
1787358332.535 [STATIC_OT] state=TRAILING path_exists=1 path_locked=0 path_ttl_ok=0 path_safe=0 on_spline=0 speed=1.57 raw_wpnts=0 raw_age=-s decision=TRAILING reason=NO_STATIC_PATH
1787358332.590 [OBSTACLES] cur_s=33.19 cur_d=0.13 vs=1.59 n=1 [id=164 static=0 gap=3.34m d=-0.13 size=0.19]
1787358332.672 [DYNAMIC_OT] target=164 gap=3.58 ego_v=1.63 opp_v=2.18 rel_v=-0.56 sector=1 force_trailing=0 pred_age=- pred_valid=0 path=0 path_age=- safe=0 left=- right=- state=TRAILING decision=TRAILING reason=REL_SPEED
1787358332.759 [STATIC_OT] state=TRAILING path_exists=1 path_locked=0 path_ttl_ok=0 path_safe=0 on_spline=1 speed=1.68 raw_wpnts=0 raw_age=-s decision=TRAILING reason=NO_STATIC_PATH
1787358332.896 [DYNAMIC_OT] target=164 gap=3.72 ego_v=1.75 opp_v=2.38 rel_v=-0.63 sector=1 force_trailing=0 pred_age=- pred_valid=0 path=0 path_age=- safe=0 left=- right=- state=TRAILING decision=TRAILING reason=REL_SPEED
1787358332.969 [STATIC_OT] state=TRAILING path_exists=1 path_locked=0 path_ttl_ok=0 path_safe=0 on_spline=1 speed=1.80 raw_wpnts=0 raw_age=-s decision=TRAILING reason=NO_STATIC_PATH
1787358333.113 [OBSTACLES] cur_s=34.01 cur_d=0.15 vs=1.87 n=1 [id=164 static=0 gap=3.76m d=-0.14 size=0.19]
1787358333.116 [DYNAMIC_OT] target=164 gap=3.85 ego_v=1.87 opp_v=2.44 rel_v=-0.57 sector=1 force_trailing=0 pred_age=- pred_valid=0 path=0 path_age=- safe=0 left=- right=- state=TRAILING decision=TRAILING reason=REL_SPEED
1787358333.174 [STATIC_OT] state=TRAILING path_exists=0 path_locked=0 path_ttl_ok=0 path_safe=0 on_spline=0 speed=1.91 raw_wpnts=0 raw_age=-s decision=TRAILING reason=NO_STATIC_PATH
1787358333.335 [DYNAMIC_OT] target=164 gap=3.96 ego_v=2.06 opp_v=2.82 rel_v=-0.76 sector=1 force_trailing=0 pred_age=- pred_valid=0 path=0 path_age=- safe=0 left=- right=- state=TRAILING decision=TRAILING reason=REL_SPEED
1787358333.409 [STATIC_OT] state=TRAILING path_exists=0 path_locked=0 path_ttl_ok=0 path_safe=0 on_spline=0 speed=2.15 raw_wpnts=0 raw_age=-s decision=TRAILING reason=NO_STATIC_PATH
1787358333.558 [DYNAMIC_OT] target=164 gap=4.21 ego_v=2.35 opp_v=3.80 rel_v=-1.45 sector=1 force_trailing=0 pred_age=- pred_valid=0 path=0 path_age=- safe=0 left=- right=- state=TRAILING decision=TRAILING reason=REL_SPEED
1787358333.622 [OBSTACLES] cur_s=35.49 cur_d=0.11 vs=2.41 n=1 [id=164 static=0 gap=4.20m d=-0.33 size=0.19]
1787358333.633 [STATIC_OT] state=TRAILING path_exists=0 path_locked=0 path_ttl_ok=0 path_safe=0 on_spline=0 speed=2.41 raw_wpnts=0 raw_age=-s decision=TRAILING reason=NO_STATIC_PATH
1787358333.776 [DYNAMIC_OT] target=164 gap=4.12 ego_v=2.62 opp_v=3.72 rel_v=-1.09 sector=1 force_trailing=0 pred_age=- pred_valid=0 path=0 path_age=- safe=0 left=- right=- state=TRAILING decision=TRAILING reason=REL_SPEED
1787358333.868 [STATIC_OT] state=TRAILING path_exists=0 path_locked=0 path_ttl_ok=0 path_safe=0 on_spline=0 speed=2.72 raw_wpnts=0 raw_age=-s decision=TRAILING reason=NO_STATIC_PATH
1787358334.013 [DYNAMIC_OT] target=164 gap=4.11 ego_v=3.03 opp_v=3.56 rel_v=-0.52 sector=1 force_trailing=0 pred_age=- pred_valid=0 path=0 path_age=- safe=0 left=- right=- state=TRAILING decision=TRAILING reason=REL_SPEED
1787358334.077 [STATIC_OT] state=TRAILING path_exists=0 path_locked=0 path_ttl_ok=0 path_safe=0 on_spline=0 speed=3.19 raw_wpnts=0 raw_age=-s decision=TRAILING reason=NO_STATIC_PATH
1787358334.153 [OBSTACLES] cur_s=37.78 cur_d=-0.01 vs=3.35 n=0 [none]
1787358334.153 [OPP_MEM_DBG] state=GB_TRACK src=GB_TRACK n_obs=0 last_gap=3.83 age=0.03 window=3.00 ebh=8.00 track_len=39.52 active=1
1787358334.153 [STATE_CHANGE] TRAILING -> GB_TRACK src=GB_TRACK s=37.78 d=-0.01 vs=3.35
1787358334.155 [OPP_MEMORY] opponent id=164 lost 0.03s ago at gap=3.83m -- holding speed cap 4.98 m/s (raceline 7.53) state=GB_TRACK
1787358334.187 [STATE_CHANGE] GB_TRACK -> TRAILING src=GB_TRACK s=37.86 d=-0.01 vs=3.39
1787358334.230 [DYNAMIC_OT] target=164 gap=4.03 ego_v=3.48 opp_v=2.93 rel_v=0.55 sector=1 force_trailing=0 pred_age=- pred_valid=0 path=0 path_age=- safe=0 left=- right=- state=TRAILING decision=TRAILING reason=PREDICTION_NEVER
1787358334.277 [STATIC_OT] state=TRAILING path_exists=0 path_locked=0 path_ttl_ok=0 path_safe=0 on_spline=0 speed=3.60 raw_wpnts=0 raw_age=-s decision=TRAILING reason=NO_STATIC_PATH
1787358334.441 [DYNAMIC_OT] target=164 gap=3.59 ego_v=3.88 opp_v=1.80 rel_v=2.08 sector=1 force_trailing=1 pred_age=0.08 pred_valid=1 path=0 path_age=- safe=0 left=- right=- state=TRAILING decision=TRAILING reason=FORCE_TRAILING
1787358334.493 [STATIC_OT] state=TRAILING path_exists=0 path_locked=0 path_ttl_ok=0 path_safe=0 on_spline=0 speed=3.95 raw_wpnts=0 raw_age=-s decision=TRAILING reason=NO_STATIC_PATH
1787358334.661 [DYNAMIC_OT] target=164 gap=3.36 ego_v=3.78 opp_v=1.88 rel_v=1.90 sector=1 force_trailing=0 pred_age=0.16 pred_valid=1 path=0 path_age=- safe=0 left=- right=- state=TRAILING decision=TRAILING reason=FORCE_TRAILING
1787358334.692 [OBSTACLES] cur_s=39.48 cur_d=0.11 vs=3.73 n=1 [id=164 static=0 gap=3.20m d=-0.04 size=0.27]
1787358334.698 [STATIC_OT] state=TRAILING path_exists=0 path_locked=0 path_ttl_ok=0 path_safe=0 on_spline=0 speed=3.73 raw_wpnts=0 raw_age=-s decision=TRAILING reason=NO_STATIC_PATH
1787358334.871 [DYNAMIC_OT] target=164 gap=3.25 ego_v=3.02 opp_v=1.55 rel_v=1.46 sector=1 force_trailing=0 pred_age=0.09 pred_valid=1 path=1 path_age=0.09 safe=1 left=1 right=0 state=OVERTAKE decision=OVERTAKE
1787358334.871 [STATE_CHANGE] TRAILING -> OVERTAKE src=OVERTAKE s=0.30 d=0.09 vs=3.02
1787358335.072 [DYNAMIC_OT] target=164 gap=3.45 ego_v=2.18 opp_v=1.63 rel_v=0.55 sector=1 force_trailing=0 pred_age=0.14 pred_valid=1 path=1 path_age=0.29 safe=1 left=1 right=0 state=OVERTAKE decision=OVERTAKE
1787358335.211 [OBSTACLES] cur_s=0.67 cur_d=0.01 vs=2.00 n=1 [id=164 static=0 gap=3.31m d=-0.14 size=0.27]
1787358335.279 [DYNAMIC_OT] target=164 gap=3.38 ego_v=2.03 opp_v=1.40 rel_v=0.63 sector=1 force_trailing=0 pred_age=0.07 pred_valid=1 path=1 path_age=0.50 safe=1 left=1 right=0 state=OVERTAKE decision=OVERTAKE
1787358335.470 [OPP_MEM_DBG] state=OVERTAKE src=OVERTAKE n_obs=0 last_gap=3.46 age=0.02 window=3.00 ebh=8.00 track_len=39.52 active=1
1787358335.473 [OPP_MEMORY] opponent id=164 lost 0.02s ago at gap=3.46m -- holding speed cap 5.16 m/s (raceline 8.18) state=OVERTAKE
1787358335.574 [DYNAMIC_OT] target=164 gap=3.21 ego_v=2.45 opp_v=1.24 rel_v=1.21 sector=1 force_trailing=0 pred_age=0.11 pred_valid=1 path=1 path_age=0.79 safe=1 left=1 right=0 state=OVERTAKE decision=OVERTAKE
1787358335.733 [OBSTACLES] cur_s=1.26 cur_d=0.37 vs=2.63 n=1 [id=164 static=0 gap=2.80m d=-0.06 size=0.29]
1787358335.778 [DYNAMIC_OT] target=164 gap=2.91 ego_v=2.71 opp_v=-0.17 rel_v=2.88 sector=1 force_trailing=0 pred_age=0.05 pred_valid=1 path=1 path_age=1.00 safe=1 left=1 right=0 state=OVERTAKE decision=OVERTAKE
1787358335.992 [DYNAMIC_OT] target=164 gap=2.49 ego_v=3.64 opp_v=0.85 rel_v=2.79 sector=1 force_trailing=0 pred_age=0.14 pred_valid=1 path=1 path_age=1.21 safe=1 left=- right=- state=OVERTAKE decision=OVERTAKE
1787358336.192 [DYNAMIC_OT] target=164 gap=2.02 ego_v=3.99 opp_v=1.35 rel_v=2.64 sector=1 force_trailing=0 pred_age=0.07 pred_valid=1 path=1 path_age=1.41 safe=1 left=1 right=0 state=OVERTAKE decision=OVERTAKE
1787358336.250 [OBSTACLES] cur_s=3.34 cur_d=0.76 vs=4.08 n=1 [id=164 static=0 gap=1.75m d=0.07 size=0.20]
1787358336.401 [DYNAMIC_OT] target=164 gap=1.53 ego_v=4.13 opp_v=1.62 rel_v=2.51 sector=1 force_trailing=0 pred_age=0.03 pred_valid=1 path=1 path_age=1.62 safe=1 left=- right=- state=OVERTAKE decision=OVERTAKE
1787358336.620 [DYNAMIC_OT] target=164 gap=0.96 ego_v=3.71 opp_v=1.71 rel_v=2.00 sector=1 force_trailing=0 pred_age=0.09 pred_valid=1 path=1 path_age=0.10 safe=1 left=1 right=0 state=OVERTAKE decision=OVERTAKE
1787358336.752 [OBSTACLES] cur_s=5.36 cur_d=0.21 vs=3.35 n=1 [id=164 static=0 gap=0.72m d=0.04 size=0.20]
1787358336.839 [DYNAMIC_OT] target=164 gap=0.67 ego_v=3.04 opp_v=1.81 rel_v=1.24 sector=1 force_trailing=0 pred_age=0.02 pred_valid=1 path=1 path_age=0.33 safe=1 left=1 right=0 state=OVERTAKE decision=OVERTAKE
1787358337.049 [DYNAMIC_OT] target=164 gap=0.56 ego_v=2.62 opp_v=1.47 rel_v=1.15 sector=1 force_trailing=0 pred_age=0.08 pred_valid=1 path=1 path_age=0.53 safe=1 left=1 right=0 state=OVERTAKE decision=OVERTAKE
1787358337.269 [OBSTACLES] cur_s=6.32 cur_d=0.08 vs=2.10 n=1 [id=164 static=0 gap=0.28m d=0.35 size=0.20]
1787358337.272 [DYNAMIC_OT] target=164 gap=0.38 ego_v=2.10 opp_v=1.28 rel_v=0.82 sector=1 force_trailing=0 pred_age=0.15 pred_valid=1 path=1 path_age=0.76 safe=1 left=1 right=0 state=OVERTAKE decision=OVERTAKE
1787358337.484 [DYNAMIC_OT] target=164 gap=0.50 ego_v=1.70 opp_v=1.28 rel_v=0.42 sector=1 force_trailing=0 pred_age=0.09 pred_valid=1 path=1 path_age=0.27 safe=1 left=1 right=0 state=OVERTAKE decision=OVERTAKE
1787358337.647 [STATIC_OT] state=OVERTAKE path_exists=0 path_locked=0 path_ttl_ok=0 path_safe=0 on_spline=0 speed=1.46 raw_wpnts=0 raw_age=-s decision=TRAILING reason=NO_STATIC_PATH
1787358337.653 [STATE_CHANGE] OVERTAKE -> TRAILING src=GB_TRACK s=6.49 d=0.23 vs=1.46
1787358337.713 [DYNAMIC_OT] target=164 gap=0.68 ego_v=1.43 opp_v=1.28 rel_v=0.15 sector=1 force_trailing=0 pred_age=0.16 pred_valid=1 path=1 path_age=0.13 safe=0 left=0 right=1 state=TRAILING decision=TRAILING reason=PATH_BLOCKED
1787358337.785 [OBSTACLES] cur_s=6.31 cur_d=0.43 vs=1.13 n=1 [id=164 static=0 gap=0.85m d=0.27 size=0.20]
1787358337.881 [STATIC_OT] state=TRAILING path_exists=0 path_locked=0 path_ttl_ok=0 path_safe=0 on_spline=0 speed=1.31 raw_wpnts=0 raw_age=-s decision=TRAILING reason=NO_STATIC_PATH
1787358337.936 [DYNAMIC_OT] target=164 gap=1.18 ego_v=1.48 opp_v=1.28 rel_v=0.20 sector=1 force_trailing=0 pred_age=0.10 pred_valid=1 path=1 path_age=0.06 safe=0 left=0 right=1 state=TRAILING decision=TRAILING reason=PATH_BLOCKED
1787358338.071 [OPP_MEM_DBG] state=LOSTLINE src=GB_TRACK n_obs=0 last_gap=1.25 age=0.05 window=3.00 ebh=8.00 track_len=39.52 active=1
1787358338.071 [STATE_CHANGE] TRAILING -> LOSTLINE src=GB_TRACK s=6.33 d=0.67 vs=1.58
1787358338.073 [OPP_MEMORY] opponent id=164 lost 0.05s ago at gap=1.25m -- holding speed cap 1.63 m/s (raceline 3.61) state=LOSTLINE
1787358338.288 [OBSTACLES] cur_s=6.48 cur_d=0.57 vs=1.56 n=0 [none]
1787358338.375 [STATE_CHANGE] LOSTLINE -> GB_TRACK src=GB_TRACK s=5.98 d=0.22 vs=0.96
1787358338.578 [OPP_MEMORY] opponent id=164 lost 0.55s ago at gap=1.25m -- holding speed cap 1.70 m/s (raceline 3.77) state=GB_TRACK
1787358338.707 [STATIC_OT] state=GB_TRACK path_exists=0 path_locked=0 path_ttl_ok=0 path_safe=0 on_spline=0 speed=0.92 raw_wpnts=0 raw_age=-s decision=TRAILING reason=NO_STATIC_PATH
1787358338.707 [STATE_CHANGE] GB_TRACK -> TRAILING src=GB_TRACK s=5.75 d=-0.12 vs=0.92
1787358338.758 [STATIC_OT_TRANSITION] first_valid_path_to_overtake_ms=0.0
1787358338.767 [DYNAMIC_OT] target=164 gap=0.60 ego_v=0.93 opp_v=1.48 rel_v=-0.55 sector=1 force_trailing=0 pred_age=0.13 pred_valid=1 path=1 path_age=0.83 safe=0 left=- right=- state=OVERTAKE decision=OVERTAKE
1787358338.767 [STATE_CHANGE] TRAILING -> OVERTAKE src=OVERTAKE s=5.77 d=-0.14 vs=0.93
1787358338.799 [STATE_CHANGE] OVERTAKE -> TRAILING src=GB_TRACK s=5.73 d=-0.16 vs=1.01
1787358338.814 [OBSTACLES] cur_s=5.71 cur_d=-0.19 vs=1.06 n=2 [id=164 static=0 gap=0.60m d=-0.29 size=0.31; id=174 static=1 gap=0.79m d=0.02 size=0.28]
1787358338.908 [STATIC_OT] state=TRAILING path_exists=1 path_locked=0 path_ttl_ok=1 path_safe=0 on_spline=1 speed=1.15 raw_wpnts=101 raw_age=0.13s decision=TRAILING reason=PATH_BLOCKED blocked_obs_id=164 gap=0.8m free_dist=0.032m branch=dyn/pred
1787358339.012 [DYNAMIC_OT] target=164 gap=0.81 ego_v=1.26 opp_v=1.58 rel_v=-0.33 sector=1 force_trailing=0 pred_age=0.07 pred_valid=1 path=1 path_age=0.10 safe=0 left=0 right=1 state=TRAILING decision=TRAILING reason=PATH_BLOCKED
1787358339.165 [STATIC_OT] state=TRAILING path_exists=1 path_locked=0 path_ttl_ok=1 path_safe=1 on_spline=1 speed=1.34 raw_wpnts=101 raw_age=0.19s decision=OVERTAKE
1787358339.165 [OPP_MEM_DBG] state=OVERTAKE src=OVERTAKE n_obs=1 last_gap=0.77 age=0.06 window=3.00 ebh=8.00 track_len=39.52 active=1
1787358339.166 [STATE_CHANGE] TRAILING -> OVERTAKE src=OVERTAKE s=5.60 d=-0.31 vs=1.34
1787358339.169 [OPP_MEMORY] opponent id=164 lost 0.06s ago at gap=0.77m -- holding speed cap 1.59 m/s (raceline 3.85) state=OVERTAKE
1787358339.252 [DYNAMIC_OT] target=164 gap=0.85 ego_v=1.19 opp_v=1.58 rel_v=-0.40 sector=1 force_trailing=0 pred_age=0.19 pred_valid=1 path=1 path_age=0.12 safe=0 left=1 right=0 state=TRAILING decision=TRAILING reason=PATH_BLOCKED
1787358339.252 [STATE_CHANGE] OVERTAKE -> TRAILING src=GB_TRACK s=5.44 d=-0.25 vs=1.19
1787358339.310 [STATE_CHANGE] TRAILING -> OVERTAKE src=OVERTAKE s=5.22 d=-0.15 vs=0.97
1787358339.398 [OBSTACLES] cur_s=5.04 cur_d=-0.06 vs=0.85 n=2 [id=164 static=0 gap=0.89m d=-0.40 size=0.48; id=174 static=1 gap=1.45m d=0.02 size=0.28]
1787358339.405 [STATIC_OT] state=OVERTAKE path_exists=1 path_locked=1 path_ttl_ok=1 path_safe=0 on_spline=1 speed=0.85 raw_wpnts=101 raw_age=0.13s decision=TRAILING reason=PATH_BLOCKED blocked_obs_id=164 gap=1.13m free_dist=-0.345m branch=dyn/pred
1787358339.413 [STATE_CHANGE] OVERTAKE -> TRAILING src=GB_TRACK s=5.04 d=-0.06 vs=0.85
1787358339.457 [STATE_CHANGE] TRAILING -> OVERTAKE src=OVERTAKE s=4.88 d=0.04 vs=0.82
1787358339.529 [DYNAMIC_OT] target=164 gap=1.11 ego_v=0.86 opp_v=1.58 rel_v=-0.72 sector=1 force_trailing=0 pred_age=0.16 pred_valid=1 path=1 path_age=0.38 safe=0 left=- right=- state=TRAILING decision=TRAILING reason=REL_SPEED
1787358339.529 [STATE_CHANGE] OVERTAKE -> TRAILING src=GB_TRACK s=4.88 d=0.07 vs=0.86
1787358339.648 [STATIC_OT] state=TRAILING path_exists=1 path_locked=0 path_ttl_ok=1 path_safe=0 on_spline=1 speed=1.19 raw_wpnts=101 raw_age=0.06s decision=TRAILING reason=PATH_BLOCKED blocked_obs_id=164 gap=1.03m free_dist=-0.311m branch=dyn/pred
1787358339.709 [STATE_CHANGE] TRAILING -> OVERTAKE src=OVERTAKE s=4.97 d=0.28 vs=1.34
1787358339.738 [DYNAMIC_OT] target=164 gap=0.96 ego_v=1.38 opp_v=-0.13 rel_v=1.51 sector=1 force_trailing=0 pred_age=0.08 pred_valid=1 path=1 path_age=0.07 safe=1 left=1 right=0 state=OVERTAKE decision=OVERTAKE
1787358339.766 [STATE_CHANGE] OVERTAKE -> TRAILING src=GB_TRACK s=5.06 d=0.30 vs=1.43
1787358339.777 [STATE_CHANGE] TRAILING -> OVERTAKE src=OVERTAKE s=5.09 d=0.30 vs=1.47
1787358339.912 [OBSTACLES] cur_s=5.48 cur_d=0.23 vs=1.22 n=2 [id=164 static=0 gap=0.93m d=-0.19 size=0.34; id=174 static=1 gap=1.02m d=0.02 size=0.28]
1787358339.951 [DYNAMIC_OT] target=164 gap=1.17 ego_v=1.14 opp_v=1.86 rel_v=-0.72 sector=1 force_trailing=0 pred_age=0.14 pred_valid=1 path=1 path_age=0.29 safe=1 left=0 right=1 state=OVERTAKE decision=OVERTAKE
1787358340.173 [DYNAMIC_OT] target=164 gap=1.36 ego_v=1.03 opp_v=1.38 rel_v=-0.35 sector=1 force_trailing=0 pred_age=0.08 pred_valid=1 path=1 path_age=0.51 safe=1 left=- right=- state=OVERTAKE decision=OVERTAKE
1787358340.386 [DYNAMIC_OT] target=164 gap=1.51 ego_v=0.21 opp_v=0.93 rel_v=-0.72 sector=1 force_trailing=0 pred_age=0.03 pred_valid=1 path=1 path_age=0.72 safe=1 left=0 right=1 state=OVERTAKE decision=OVERTAKE
1787358340.424 [OBSTACLES] cur_s=5.50 cur_d=0.18 vs=0.19 n=3 [id=164 static=0 gap=1.34m d=-0.00 size=0.34; id=174 static=1 gap=0.99m d=0.02 size=0.28; id=177 static=1 gap=2.20m d=0.37 size=0.15]
1787358340.607 [DYNAMIC_OT] target=164 gap=1.63 ego_v=0.42 opp_v=0.80 rel_v=-0.38 sector=1 force_trailing=0 pred_age=0.11 pred_valid=1 path=1 path_age=0.94 safe=1 left=0 right=1 state=OVERTAKE decision=OVERTAKE
1787358340.821 [DYNAMIC_OT] target=164 gap=1.96 ego_v=0.52 opp_v=1.32 rel_v=-0.80 sector=1 force_trailing=0 pred_age=0.15 pred_valid=1 path=1 path_age=1.15 safe=1 left=0 right=1 state=OVERTAKE decision=OVERTAKE
1787358340.952 [OBSTACLES] cur_s=5.64 cur_d=0.16 vs=0.68 n=2 [id=164 static=0 gap=1.89m d=0.04 size=0.34; id=177 static=1 gap=2.03m d=0.38 size=0.18]
1787358341.031 [DYNAMIC_OT] target=164 gap=2.09 ego_v=0.93 opp_v=1.39 rel_v=-0.46 sector=1 force_trailing=0 pred_age=0.09 pred_valid=1 path=1 path_age=1.37 safe=1 left=0 right=1 state=OVERTAKE decision=OVERTAKE
1787358341.270 [DYNAMIC_OT] target=164 gap=2.09 ego_v=1.67 opp_v=1.17 rel_v=0.50 sector=1 force_trailing=0 pred_age=0.06 pred_valid=1 path=1 path_age=1.59 safe=1 left=0 right=1 state=OVERTAKE decision=OVERTAKE
1787358341.457 [OBSTACLES] cur_s=6.27 cur_d=-0.20 vs=1.67 n=2 [id=164 static=0 gap=1.83m d=0.04 size=0.34; id=177 static=1 gap=1.29m d=0.39 size=0.30]
1787358341.466 [DYNAMIC_OT] target=164 gap=2.00 ego_v=1.67 opp_v=1.15 rel_v=0.52 sector=1 force_trailing=0 pred_age=0.12 pred_valid=1 path=1 path_age=1.79 safe=1 left=0 right=1 state=OVERTAKE decision=OVERTAKE
1787358341.667 [DYNAMIC_OT] target=164 gap=1.98 ego_v=1.56 opp_v=1.15 rel_v=0.41 sector=1 force_trailing=0 pred_age=0.03 pred_valid=1 path=1 path_age=1.99 safe=1 left=0 right=1 state=OVERTAKE decision=OVERTAKE
1787358341.867 [DYNAMIC_OT] target=164 gap=2.02 ego_v=1.65 opp_v=1.20 rel_v=0.45 sector=1 force_trailing=0 pred_age=0.10 pred_valid=1 path=1 path_age=2.20 safe=1 left=0 right=1 state=OVERTAKE decision=OVERTAKE
1787358341.965 [OBSTACLES] cur_s=6.84 cur_d=-0.66 vs=1.72 n=2 [id=164 static=0 gap=1.84m d=-0.23 size=0.34; id=177 static=1 gap=0.66m d=0.41 size=0.47]
1787358342.077 [DYNAMIC_OT] target=164 gap=2.07 ego_v=1.84 opp_v=1.34 rel_v=0.49 sector=1 force_trailing=0 pred_age=0.16 pred_valid=1 path=1 path_age=0.16 safe=1 left=0 right=1 state=OVERTAKE decision=OVERTAKE
1787358342.285 [DYNAMIC_OT] target=164 gap=2.02 ego_v=2.03 opp_v=1.78 rel_v=0.26 sector=1 force_trailing=0 pred_age=0.09 pred_valid=1 path=1 path_age=0.37 safe=1 left=0 right=1 state=OVERTAKE decision=OVERTAKE
1787358342.469 [OBSTACLES] cur_s=8.76 cur_d=-0.05 vs=2.64 n=1 [id=164 static=0 gap=1.39m d=-0.01 size=0.34]
1787358342.494 [DYNAMIC_OT] target=164 gap=1.56 ego_v=2.64 opp_v=3.00 rel_v=-0.37 sector=1 force_trailing=0 pred_age=0.17 pred_valid=1 path=1 path_age=0.57 safe=1 left=0 right=1 state=OVERTAKE decision=OVERTAKE
1787358342.531 [STATIC_OT] state=OVERTAKE path_exists=0 path_locked=0 path_ttl_ok=0 path_safe=0 on_spline=0 speed=2.73 raw_wpnts=0 raw_age=-s decision=TRAILING reason=NO_STATIC_PATH
1787358342.531 [STATE_CHANGE] OVERTAKE -> TRAILING src=GB_TRACK s=8.85 d=-0.03 vs=2.73
1787358342.715 [DYNAMIC_OT] target=164 gap=1.70 ego_v=2.98 opp_v=3.03 rel_v=-0.05 sector=1 force_trailing=0 pred_age=0.10 pred_valid=1 path=1 path_age=0.14 safe=0 left=0 right=1 state=TRAILING decision=TRAILING reason=PATH_BLOCKED
1787358342.739 [STATIC_OT] state=TRAILING path_exists=0 path_locked=0 path_ttl_ok=0 path_safe=0 on_spline=0 speed=3.04 raw_wpnts=0 raw_age=-s decision=TRAILING reason=NO_STATIC_PATH
1787358342.958 [STATIC_OT] state=TRAILING path_exists=0 path_locked=0 path_ttl_ok=0 path_safe=0 on_spline=0 speed=3.07 raw_wpnts=0 raw_age=-s decision=TRAILING reason=NO_STATIC_PATH
1787358342.969 [DYNAMIC_OT] target=164 gap=1.58 ego_v=3.07 opp_v=2.15 rel_v=0.92 sector=1 force_trailing=0 pred_age=0.17 pred_valid=1 path=1 path_age=0.08 safe=0 left=1 right=0 state=TRAILING decision=TRAILING reason=PATH_BLOCKED
1787358343.028 [OBSTACLES] cur_s=9.88 cur_d=-0.02 vs=2.91 n=1 [id=164 static=0 gap=1.18m d=-0.06 size=0.34]
1787358343.168 [STATIC_OT] state=TRAILING path_exists=0 path_locked=0 path_ttl_ok=0 path_safe=0 on_spline=0 speed=2.57 raw_wpnts=0 raw_age=-s decision=TRAILING reason=NO_STATIC_PATH
1787358343.171 [DYNAMIC_OT] target=164 gap=1.24 ego_v=2.57 opp_v=1.39 rel_v=1.17 sector=1 force_trailing=0 pred_age=0.10 pred_valid=1 path=1 path_age=0.11 safe=0 left=1 right=0 state=TRAILING decision=TRAILING reason=PATH_BLOCKED
1787358343.378 [STATIC_OT] state=TRAILING path_exists=0 path_locked=0 path_ttl_ok=0 path_safe=0 on_spline=0 speed=1.88 raw_wpnts=0 raw_age=-s decision=TRAILING reason=NO_STATIC_PATH
1787358343.385 [DYNAMIC_OT] target=164 gap=1.16 ego_v=1.88 opp_v=1.15 rel_v=0.73 sector=1 force_trailing=0 pred_age=0.17 pred_valid=1 path=1 path_age=0.32 safe=0 left=1 right=0 state=TRAILING decision=TRAILING reason=PATH_BLOCKED
1787358343.528 [OBSTACLES] cur_s=10.63 cur_d=0.10 vs=1.24 n=1 [id=164 static=0 gap=1.12m d=-0.15 size=0.34]
1787358343.603 [STATIC_OT] state=TRAILING path_exists=0 path_locked=0 path_ttl_ok=0 path_safe=0 on_spline=0 speed=1.18 raw_wpnts=0 raw_age=-s decision=TRAILING reason=NO_STATIC_PATH
1787358343.612 [DYNAMIC_OT] target=164 gap=1.34 ego_v=1.18 opp_v=1.39 rel_v=-0.22 sector=1 force_trailing=0 pred_age=0.08 pred_valid=1 path=1 path_age=0.26 safe=0 left=1 right=0 state=TRAILING decision=TRAILING reason=PATH_BLOCKED
1787358343.809 [STATIC_OT] state=TRAILING path_exists=0 path_locked=0 path_ttl_ok=0 path_safe=0 on_spline=0 speed=0.77 raw_wpnts=0 raw_age=-s decision=TRAILING reason=NO_STATIC_PATH
1787358343.815 [DYNAMIC_OT] target=164 gap=1.34 ego_v=0.77 opp_v=1.20 rel_v=-0.43 sector=1 force_trailing=0 pred_age=0.10 pred_valid=1 path=1 path_age=0.17 safe=0 left=1 right=0 state=TRAILING decision=TRAILING reason=PATH_BLOCKED
1787358344.006 [OPP_MEM_DBG] state=LOSTLINE src=GB_TRACK n_obs=0 last_gap=1.40 age=0.01 window=3.00 ebh=8.00 track_len=39.52 active=1
1787358344.006 [STATE_CHANGE] TRAILING -> LOSTLINE src=GB_TRACK s=10.95 d=0.16 vs=0.90
1787358344.010 [OPP_MEMORY] opponent id=164 lost 0.01s ago at gap=1.40m -- holding speed cap 1.80 m/s (raceline 3.89) state=LOSTLINE
1787358344.035 [STATIC_OT] state=GB_TRACK path_exists=0 path_locked=0 path_ttl_ok=0 path_safe=0 on_spline=0 speed=0.96 raw_wpnts=0 raw_age=-s decision=TRAILING reason=NO_STATIC_PATH
1787358344.037 [DYNAMIC_OT] target=164 gap=1.48 ego_v=0.96 opp_v=1.02 rel_v=-0.06 sector=1 force_trailing=0 pred_age=0.18 pred_valid=1 path=1 path_age=0.18 safe=0 left=1 right=0 state=TRAILING decision=TRAILING reason=PATH_BLOCKED
1787358344.037 [STATE_CHANGE] LOSTLINE -> TRAILING src=GB_TRACK s=10.97 d=0.14 vs=0.96
1787358344.069 [OBSTACLES] cur_s=11.01 cur_d=0.13 vs=0.97 n=1 [id=164 static=0 gap=1.21m d=-0.05 size=0.45]
1787358344.241 [DYNAMIC_OT] target=164 gap=1.65 ego_v=1.00 opp_v=3.48 rel_v=-2.48 sector=1 force_trailing=0 pred_age=0.08 pred_valid=1 path=1 path_age=0.24 safe=0 left=0 right=1 state=TRAILING decision=TRAILING reason=REL_SPEED
1787358344.266 [STATIC_OT] state=TRAILING path_exists=0 path_locked=0 path_ttl_ok=0 path_safe=0 on_spline=0 speed=1.00 raw_wpnts=0 raw_age=-s decision=TRAILING reason=NO_STATIC_PATH
1787358344.447 [DYNAMIC_OT] target=164 gap=1.81 ego_v=0.87 opp_v=2.57 rel_v=-1.70 sector=1 force_trailing=0 pred_age=0.15 pred_valid=1 path=1 path_age=0.44 safe=0 left=0 right=1 state=TRAILING decision=TRAILING reason=REL_SPEED
1787358344.467 [STATIC_OT] state=TRAILING path_exists=0 path_locked=0 path_ttl_ok=0 path_safe=0 on_spline=0 speed=0.86 raw_wpnts=0 raw_age=-s decision=TRAILING reason=NO_STATIC_PATH
1787358344.489 [STATE_CHANGE] TRAILING -> LOSTLINE src=GB_TRACK s=11.54 d=0.10 vs=0.85
1787358344.515 [STATE_CHANGE] LOSTLINE -> GB_TRACK src=GB_TRACK s=11.59 d=0.10 vs=0.85
1787358344.517 [OPP_MEMORY] opponent id=164 lost 0.04s ago at gap=1.79m -- holding speed cap 1.89 m/s (raceline 3.81) state=GB_TRACK
1787358344.552 [STATE_CHANGE] GB_TRACK -> TRAILING src=GB_TRACK s=11.60 d=0.10 vs=0.86
1787358344.569 [OBSTACLES] cur_s=11.64 cur_d=0.10 vs=0.89 n=1 [id=164 static=0 gap=1.33m d=-0.02 size=0.39]
1787358344.687 [STATIC_OT] state=TRAILING path_exists=0 path_locked=0 path_ttl_ok=0 path_safe=0 on_spline=0 speed=0.97 raw_wpnts=0 raw_age=-s decision=TRAILING reason=NO_STATIC_PATH
1787358344.696 [DYNAMIC_OT] target=164 gap=1.63 ego_v=0.97 opp_v=2.83 rel_v=-1.86 sector=1 force_trailing=0 pred_age=0.14 pred_valid=1 path=1 path_age=0.69 safe=0 left=0 right=1 state=TRAILING decision=TRAILING reason=REL_SPEED
1787358344.838 [STATE_CHANGE] TRAILING -> LOSTLINE src=GB_TRACK s=12.05 d=0.06 vs=1.34
1787358344.870 [STATE_CHANGE] LOSTLINE -> GB_TRACK src=GB_TRACK s=12.08 d=0.06 vs=1.34
1787358344.915 [STATIC_OT] state=GB_TRACK path_exists=0 path_locked=0 path_ttl_ok=0 path_safe=0 on_spline=0 speed=1.38 raw_wpnts=0 raw_age=-s decision=TRAILING reason=NO_STATIC_PATH
1787358344.916 [DYNAMIC_OT] target=164 gap=1.44 ego_v=1.38 opp_v=2.91 rel_v=-1.53 sector=1 force_trailing=0 pred_age=0.08 pred_valid=1 path=1 path_age=0.91 safe=0 left=0 right=1 state=TRAILING decision=TRAILING reason=REL_SPEED
1787358344.916 [STATE_CHANGE] GB_TRACK -> TRAILING src=GB_TRACK s=12.14 d=0.06 vs=1.38
1787358345.011 [OPP_MEM_DBG] state=GB_TRACK src=GB_TRACK n_obs=0 last_gap=1.32 age=0.02 window=3.00 ebh=8.00 track_len=39.52 active=1
1787358345.012 [STATE_CHANGE] TRAILING -> GB_TRACK src=GB_TRACK s=12.39 d=0.05 vs=1.56
1787358345.046 [STATE_CHANGE] GB_TRACK -> TRAILING src=GB_TRACK s=12.45 d=0.05 vs=1.60
1787358345.072 [OBSTACLES] cur_s=12.54 cur_d=0.03 vs=1.63 n=1 [id=164 static=0 gap=0.77m d=-0.47 size=0.47]
1787358345.129 [STATIC_OT] state=TRAILING path_exists=0 path_locked=0 path_ttl_ok=0 path_safe=0 on_spline=0 speed=1.66 raw_wpnts=0 raw_age=-s decision=TRAILING reason=NO_STATIC_PATH
1787358345.131 [DYNAMIC_OT] target=164 gap=1.06 ego_v=1.66 opp_v=2.59 rel_v=-0.92 sector=1 force_trailing=0 pred_age=0.14 pred_valid=1 path=1 path_age=1.13 safe=0 left=0 right=1 state=TRAILING decision=TRAILING reason=REL_SPEED
1787358345.379 [STATE_CHANGE] TRAILING -> LOSTLINE src=GB_TRACK s=13.22 d=-0.22 vs=1.72
1787358345.396 [OPP_MEMORY] opponent id=164 lost 0.08s ago at gap=0.90m -- holding speed cap 1.59 m/s (raceline 3.75) state=LOSTLINE
1787358345.433 [STATIC_OT] state=GB_TRACK path_exists=0 path_locked=0 path_ttl_ok=0 path_safe=0 on_spline=0 speed=1.68 raw_wpnts=0 raw_age=-s decision=TRAILING reason=NO_STATIC_PATH
1787358345.434 [DYNAMIC_OT] target=164 gap=1.02 ego_v=1.68 opp_v=2.36 rel_v=-0.68 sector=1 force_trailing=0 pred_age=0.13 pred_valid=1 path=1 path_age=1.43 safe=0 left=0 right=1 state=TRAILING decision=TRAILING reason=REL_SPEED
1787358345.434 [STATE_CHANGE] LOSTLINE -> TRAILING src=GB_TRACK s=13.46 d=-0.19 vs=1.68
1787358345.593 [OBSTACLES] cur_s=13.94 cur_d=-0.05 vs=1.58 n=1 [id=164 static=0 gap=0.77m d=-0.10 size=0.49]
1787358345.650 [STATIC_OT] state=TRAILING path_exists=0 path_locked=0 path_ttl_ok=0 path_safe=0 on_spline=0 speed=1.57 raw_wpnts=0 raw_age=-s decision=TRAILING reason=NO_STATIC_PATH
1787358345.652 [DYNAMIC_OT] target=164 gap=1.06 ego_v=1.57 opp_v=2.70 rel_v=-1.13 sector=1 force_trailing=0 pred_age=0.19 pred_valid=1 path=1 path_age=1.65 safe=0 left=- right=- state=TRAILING decision=TRAILING reason=REL_SPEED
1787358345.874 [STATIC_OT] state=TRAILING path_exists=0 path_locked=0 path_ttl_ok=0 path_safe=0 on_spline=0 speed=1.45 raw_wpnts=0 raw_age=-s decision=TRAILING reason=NO_STATIC_PATH
1787358345.876 [DYNAMIC_OT] target=164 gap=1.15 ego_v=1.45 opp_v=2.06 rel_v=-0.61 sector=1 force_trailing=0 pred_age=0.10 pred_valid=1 path=1 path_age=1.87 safe=0 left=1 right=0 state=TRAILING decision=TRAILING reason=REL_SPEED
1787358346.094 [OBSTACLES] cur_s=14.43 cur_d=0.08 vs=1.31 n=1 [id=164 static=0 gap=0.88m d=-0.25 size=0.49]
1787358346.103 [STATIC_OT] state=TRAILING path_exists=0 path_locked=0 path_ttl_ok=0 path_safe=0 on_spline=0 speed=1.31 raw_wpnts=0 raw_age=-s decision=TRAILING reason=NO_STATIC_PATH
1787358346.113 [DYNAMIC_OT] target=164 gap=1.12 ego_v=1.31 opp_v=1.02 rel_v=0.30 sector=1 force_trailing=0 pred_age=0.17 pred_valid=1 path=1 path_age=0.12 safe=0 left=1 right=0 state=TRAILING decision=TRAILING reason=PATH_BLOCKED
1787358346.346 [STATIC_OT] state=TRAILING path_exists=0 path_locked=0 path_ttl_ok=0 path_safe=0 on_spline=0 speed=1.28 raw_wpnts=0 raw_age=-s decision=TRAILING reason=NO_STATIC_PATH
1787358346.353 [DYNAMIC_OT] target=164 gap=1.03 ego_v=1.28 opp_v=0.16 rel_v=1.12 sector=1 force_trailing=0 pred_age=0.12 pred_valid=1 path=1 path_age=0.18 safe=0 left=1 right=0 state=TRAILING decision=TRAILING reason=PATH_BLOCKED
1787358346.479 [OPP_MEM_DBG] state=TRAILING src=GB_TRACK n_obs=1 last_gap=1.08 age=0.02 window=3.00 ebh=8.00 track_len=39.52 active=1
1787358346.560 [STATIC_OT_TRANSITION] first_valid_path_to_overtake_ms=0.0
1787358346.561 [STATIC_OT] state=TRAILING path_exists=1 path_locked=0 path_ttl_ok=1 path_safe=1 on_spline=1 speed=1.04 raw_wpnts=101 raw_age=0.07s decision=OVERTAKE
1787358346.561 [STATE_CHANGE] TRAILING -> OVERTAKE src=OVERTAKE s=14.41 d=0.08 vs=1.04
1787358346.571 [OPP_MEMORY] opponent id=164 lost 0.10s ago at gap=1.08m -- holding speed cap 1.55 m/s (raceline 3.53) state=OVERTAKE
1787358346.636 [OBSTACLES] cur_s=14.39 cur_d=0.08 vs=0.92 n=1 [id=164 static=1 gap=0.77m d=-0.22 size=0.30]
1787358347.078 [OPP_MEMORY] opponent id=164 lost 0.62s ago at gap=1.08m -- holding speed cap 1.59 m/s (raceline 3.64) state=OVERTAKE
1787358347.112 [STATIC_OT] state=OVERTAKE path_exists=1 path_locked=1 path_ttl_ok=1 path_safe=0 on_spline=1 speed=0.20 raw_wpnts=101 raw_age=0.13s decision=TRAILING reason=PATH_BLOCKED blocked_obs_id=164 gap=1.75m free_dist=0.134m branch=static/geom
1787358347.112 [STATE_CHANGE] OVERTAKE -> TRAILING src=GB_TRACK s=13.82 d=-0.03 vs=0.20
1787358347.149 [OBSTACLES] cur_s=13.70 cur_d=-0.08 vs=0.15 n=1 [id=164 static=1 gap=1.72m d=-0.23 size=0.30]
1787358347.152 [STATE_CHANGE] TRAILING -> OVERTAKE src=OVERTAKE s=13.70 d=-0.08 vs=0.15
1787358347.392 [STATIC_OT] state=OVERTAKE path_exists=1 path_locked=1 path_ttl_ok=0 path_safe=0 on_spline=1 speed=0.28 raw_wpnts=0 raw_age=-s decision=TRAILING reason=NO_STATIC_PATH
1787358347.393 [STATE_CHANGE] OVERTAKE -> TRAILING src=GB_TRACK s=13.40 d=-0.15 vs=0.28
1787358347.532 [OPP_MEM_DBG] state=TRAILING src=GB_TRACK n_obs=1 last_gap=1.08 age=1.07 window=3.00 ebh=8.00 track_len=39.52 active=1
1787358347.594 [STATIC_OT] state=TRAILING path_exists=1 path_locked=0 path_ttl_ok=1 path_safe=0 on_spline=1 speed=0.01 raw_wpnts=101 raw_age=0.12s decision=TRAILING reason=PATH_BLOCKED blocked_obs_id=164 gap=2.51m free_dist=0.05m branch=static/geom
1787358347.656 [OBSTACLES] cur_s=13.17 cur_d=-0.23 vs=-0.06 n=1 [id=164 static=1 gap=2.38m d=-0.10 size=0.39]
1787358347.794 [STATIC_OT] state=TRAILING path_exists=1 path_locked=0 path_ttl_ok=1 path_safe=1 on_spline=1 speed=-0.02 raw_wpnts=101 raw_age=0.12s decision=OVERTAKE
1787358347.794 [STATE_CHANGE] TRAILING -> OVERTAKE src=OVERTAKE s=13.15 d=-0.24 vs=-0.02
1787358347.796 [OPP_MEMORY] opponent id=164 lost 1.33s ago at gap=1.08m -- holding speed cap 1.64 m/s (raceline 3.75) state=OVERTAKE
1787358348.076 [DYNAMIC_OT] target=164 gap=3.47 ego_v=-0.11 opp_v=0.09 rel_v=-0.20 sector=1 force_trailing=0 pred_age=1.06 pred_valid=0 path=1 path_age=1.66 safe=0 left=- right=- state=OVERTAKE decision=OVERTAKE
1787358348.172 [OBSTACLES] cur_s=13.12 cur_d=-0.25 vs=-0.05 n=1 [id=164 static=0 gap=3.48m d=-0.60 size=0.36]
1787358348.277 [DYNAMIC_OT] target=164 gap=3.76 ego_v=0.00 opp_v=0.66 rel_v=-0.66 sector=1 force_trailing=0 pred_age=1.26 pred_valid=0 path=1 path_age=1.86 safe=0 left=- right=- state=OVERTAKE decision=OVERTAKE
1787358348.506 [DYNAMIC_OT] target=164 gap=3.92 ego_v=0.92 opp_v=0.66 rel_v=0.26 sector=1 force_trailing=0 pred_age=1.48 pred_valid=0 path=0 path_age=2.07 safe=0 left=- right=- state=OVERTAKE decision=OVERTAKE
1787358348.689 [OBSTACLES] cur_s=13.34 cur_d=-0.22 vs=1.67 n=1 [id=164 static=0 gap=3.81m d=-0.66 size=0.36]
1787358348.714 [DYNAMIC_OT] target=164 gap=4.05 ego_v=1.67 opp_v=0.66 rel_v=1.01 sector=1 force_trailing=0 pred_age=1.70 pred_valid=0 path=0 path_age=2.30 safe=0 left=- right=- state=OVERTAKE decision=OVERTAKE
1787358348.915 [DYNAMIC_OT] target=164 gap=4.17 ego_v=1.92 opp_v=0.66 rel_v=1.26 sector=1 force_trailing=0 pred_age=0.06 pred_valid=0 path=0 path_age=2.50 safe=0 left=1 right=0 state=OVERTAKE decision=OVERTAKE
1787358349.131 [DYNAMIC_OT] target=164 gap=4.27 ego_v=2.17 opp_v=0.66 rel_v=1.51 sector=1 force_trailing=0 pred_age=0.12 pred_valid=0 path=0 path_age=2.71 safe=0 left=1 right=0 state=OVERTAKE decision=OVERTAKE
1787358349.215 [OBSTACLES] cur_s=13.58 cur_d=-0.04 vs=2.18 n=1 [id=164 static=0 gap=4.10m d=-0.56 size=0.36]
1787358349.352 [DYNAMIC_OT] target=164 gap=4.48 ego_v=2.32 opp_v=0.66 rel_v=1.66 sector=1 force_trailing=0 pred_age=0.16 pred_valid=0 path=0 path_age=2.93 safe=0 left=1 right=0 state=OVERTAKE decision=OVERTAKE
1787358349.430 [OPP_MEM_DBG] state=OVERTAKE src=OVERTAKE n_obs=0 last_gap=4.45 age=0.02 window=3.00 ebh=8.00 track_len=39.52 active=1
1787358349.432 [OPP_MEMORY] opponent id=164 lost 0.02s ago at gap=4.45m -- holding speed cap 2.62 m/s (raceline 3.68) state=OVERTAKE
1787358349.737 [OBSTACLES] cur_s=13.74 cur_d=0.20 vs=2.51 n=0 [none]
1787358349.975 [OPP_MEMORY] opponent id=164 lost 0.56s ago at gap=4.45m -- holding speed cap 2.59 m/s (raceline 3.64) state=OVERTAKE
1787358350.269 [OBSTACLES] cur_s=13.99 cur_d=0.24 vs=2.39 n=0 [none]
1787358350.329 [STATIC_OT] state=OVERTAKE path_exists=1 path_locked=1 path_ttl_ok=0 path_safe=0 on_spline=1 speed=2.34 raw_wpnts=0 raw_age=-s decision=TRAILING reason=NO_STATIC_PATH
1787358350.330 [STATE_CHANGE] OVERTAKE -> TRAILING src=GB_TRACK s=14.00 d=0.25 vs=2.34
1787358350.432 [OPP_MEM_DBG] state=OVERTAKE src=OVERTAKE n_obs=1 last_gap=4.45 age=1.02 window=3.00 ebh=8.00 track_len=39.52 active=1
1787358350.432 [STATE_CHANGE] TRAILING -> OVERTAKE src=OVERTAKE s=14.09 d=0.31 vs=2.29
1787358350.472 [DYNAMIC_OT] target=198 gap=7.20 ego_v=2.25 opp_v=0.00 rel_v=2.25 sector=1 force_trailing=0 pred_age=0.09 pred_valid=0 path=0 path_age=4.05 safe=0 left=0 right=0 state=TRAILING decision=TRAILING reason=NO_SAFE_SIDE
1787358350.472 [STATE_CHANGE] OVERTAKE -> TRAILING src=GB_TRACK s=14.11 d=0.33 vs=2.25
1787358350.554 [STATIC_OT] state=TRAILING path_exists=1 path_locked=0 path_ttl_ok=0 path_safe=0 on_spline=1 speed=2.06 raw_wpnts=0 raw_age=-s decision=TRAILING reason=NO_STATIC_PATH
1787358350.676 [STATE_CHANGE] TRAILING -> LOSTLINE src=GB_TRACK s=14.07 d=0.54 vs=1.89
1787358350.678 [OPP_MEMORY] opponent id=198 lost 0.02s ago at gap=6.69m -- holding speed cap 3.22 m/s (raceline 3.60) state=LOSTLINE
1787358350.704 [DYNAMIC_OT] target=198 gap=7.20 ego_v=1.87 opp_v=0.00 rel_v=1.87 sector=1 force_trailing=0 pred_age=0.16 pred_valid=0 path=0 path_age=4.28 safe=0 left=- right=- state=TRAILING decision=TRAILING reason=NO_DYNAMIC_OBSTACLE
1787358350.704 [STATE_CHANGE] LOSTLINE -> TRAILING src=GB_TRACK s=14.05 d=0.56 vs=1.87
1787358350.768 [STATIC_OT] state=TRAILING path_exists=1 path_locked=0 path_ttl_ok=0 path_safe=0 on_spline=1 speed=1.84 raw_wpnts=0 raw_age=-s decision=TRAILING reason=NO_STATIC_PATH
1787358350.778 [OBSTACLES] cur_s=14.13 cur_d=0.64 vs=1.85 n=1 [id=198 static=0 gap=8.43m d=-1.61 size=0.16]
1787358350.918 [DYNAMIC_OT] target=198 gap=9.81 ego_v=1.96 opp_v=0.00 rel_v=1.96 sector=1 force_trailing=0 pred_age=0.07 pred_valid=0 path=0 path_age=4.50 safe=0 left=- right=- state=TRAILING decision=TRAILING reason=NO_DYNAMIC_OBSTACLE
1787358350.970 [STATIC_OT] state=TRAILING path_exists=1 path_locked=0 path_ttl_ok=0 path_safe=0 on_spline=1 speed=2.02 raw_wpnts=0 raw_age=-s decision=TRAILING reason=NO_STATIC_PATH
1787358351.185 [STATIC_OT] state=TRAILING path_exists=1 path_locked=0 path_ttl_ok=0 path_safe=0 on_spline=1 speed=1.82 raw_wpnts=0 raw_age=-s decision=TRAILING reason=NO_STATIC_PATH
1787358351.235 [STATE_CHANGE] TRAILING -> LOSTLINE src=GB_TRACK s=14.65 d=0.58 vs=1.69
1787358351.284 [OBSTACLES] cur_s=14.70 cur_d=0.52 vs=1.59 n=0 [none]
1787358351.369 [STATE_CHANGE] LOSTLINE -> GB_TRACK src=GB_TRACK s=14.71 d=0.26 vs=1.17
1787358351.429 [STATE_CHANGE] GB_TRACK -> LOSTLINE src=GB_TRACK s=14.64 d=-0.33 vs=1.46
1787358351.448 [OPP_MEM_DBG] state=LOSTLINE src=GB_TRACK n_obs=0 last_gap=13.63 age=0.23 window=3.00 ebh=8.00 track_len=39.52 active=1
1787358351.789 [OBSTACLES] cur_s=15.28 cur_d=-0.63 vs=2.01 n=0 [none]
1787358351.910 [STATIC_OT] state=GB_TRACK path_exists=1 path_locked=0 path_ttl_ok=0 path_safe=0 on_spline=0 speed=1.97 raw_wpnts=0 raw_age=-s decision=TRAILING reason=NO_STATIC_PATH
1787358351.912 [STATE_CHANGE] LOSTLINE -> TRAILING src=GB_TRACK s=15.43 d=-0.59 vs=1.97
1787358352.129 [STATIC_OT] state=TRAILING path_exists=1 path_locked=0 path_ttl_ok=0 path_safe=0 on_spline=0 speed=1.86 raw_wpnts=0 raw_age=-s decision=TRAILING reason=NO_STATIC_PATH
1787358352.232 [STATE_CHANGE] TRAILING -> OVERTAKE src=OVERTAKE s=15.92 d=-0.24 vs=1.80
1787358352.315 [OBSTACLES] cur_s=16.07 cur_d=-0.05 vs=1.62 n=2 [id=200 static=1 gap=0.81m d=0.31 size=0.38; id=204 static=1 gap=1.26m d=0.17 size=0.26]
1787358352.451 [OPP_MEM_DBG] state=OVERTAKE src=OVERTAKE n_obs=2 last_gap=13.63 age=1.23 window=3.00 ebh=8.00 track_len=39.52 active=1
1787358352.829 [OBSTACLES] cur_s=16.41 cur_d=0.20 vs=1.50 n=2 [id=200 static=1 gap=0.48m d=0.31 size=0.38; id=204 static=1 gap=0.93m d=0.17 size=0.26]
1787358352.892 [STATIC_OT] state=OVERTAKE path_exists=1 path_locked=1 path_ttl_ok=0 path_safe=0 on_spline=0 speed=1.80 raw_wpnts=0 raw_age=-s decision=TRAILING reason=NO_STATIC_PATH
1787358352.895 [STATE_CHANGE] OVERTAKE -> TRAILING src=GB_TRACK s=16.53 d=0.33 vs=1.80
1787358353.098 [STATIC_OT] state=TRAILING path_exists=0 path_locked=0 path_ttl_ok=0 path_safe=0 on_spline=0 speed=1.88 raw_wpnts=0 raw_age=-s decision=TRAILING reason=NO_STATIC_PATH
1787358353.290 [STATE_CHANGE] TRAILING -> OVERTAKE src=OVERTAKE s=16.94 d=0.29 vs=1.59
1787358353.332 [OBSTACLES] cur_s=17.01 cur_d=0.22 vs=1.34 n=1 [id=204 static=1 gap=0.33m d=0.17 size=0.26]
1787358353.469 [OPP_MEM_DBG] state=OVERTAKE src=OVERTAKE n_obs=1 last_gap=13.63 age=2.25 window=3.00 ebh=8.00 track_len=39.52 active=1
1787358353.848 [OBSTACLES] cur_s=17.27 cur_d=0.06 vs=0.82 n=1 [id=204 static=1 gap=0.06m d=0.17 size=0.26]
1787358354.350 [OBSTACLES] cur_s=18.16 cur_d=-0.40 vs=1.17 n=0 [none]
1787358354.490 [OPP_MEM_DBG] state=OVERTAKE src=OVERTAKE n_obs=0 last_gap=13.63 age=3.27 window=3.00 ebh=8.00 track_len=39.52 active=0
1787358354.871 [OBSTACLES] cur_s=18.65 cur_d=-0.40 vs=0.58 n=0 [none]
1787358354.949 [STATE_CHANGE] OVERTAKE -> LOSTLINE src=GB_TRACK s=18.67 d=-0.40 vs=0.47
1787358355.371 [OBSTACLES] cur_s=18.99 cur_d=-0.82 vs=0.27 n=0 [none]
1787358355.531 [OPP_MEM_DBG] state=LOSTLINE src=GB_TRACK n_obs=0 last_gap=13.63 age=4.31 window=3.00 ebh=8.00 track_len=39.52 active=0
1787358355.891 [OBSTACLES] cur_s=18.25 cur_d=-0.93 vs=-0.20 n=0 [none]
1787358356.408 [OBSTACLES] cur_s=17.48 cur_d=-0.90 vs=-0.20 n=0 [none]
1787358356.534 [OPP_MEM_DBG] state=LOSTLINE src=GB_TRACK n_obs=0 last_gap=13.63 age=5.31 window=3.00 ebh=8.00 track_len=39.52 active=0
1787358356.909 [OBSTACLES] cur_s=17.30 cur_d=-0.85 vs=-0.10 n=0 [none]
1787358357.429 [OBSTACLES] cur_s=17.33 cur_d=-0.85 vs=-0.00 n=0 [none]
1787358357.549 [OPP_MEM_DBG] state=LOSTLINE src=GB_TRACK n_obs=0 last_gap=13.63 age=6.33 window=3.00 ebh=8.00 track_len=39.52 active=0
1787358357.948 [OBSTACLES] cur_s=17.35 cur_d=-0.86 vs=0.01 n=0 [none]
1787358358.449 [OBSTACLES] cur_s=17.37 cur_d=-0.85 vs=0.04 n=0 [none]
1787358358.551 [OPP_MEM_DBG] state=LOSTLINE src=GB_TRACK n_obs=0 last_gap=13.63 age=7.33 window=3.00 ebh=8.00 track_len=39.52 active=0
1787358358.969 [OBSTACLES] cur_s=17.35 cur_d=-0.88 vs=-0.01 n=0 [none]
1787358359.488 [OBSTACLES] cur_s=17.38 cur_d=-0.88 vs=0.02 n=0 [none]
1787358359.569 [OPP_MEM_DBG] state=LOSTLINE src=GB_TRACK n_obs=0 last_gap=13.63 age=8.35 window=3.00 ebh=8.00 track_len=39.52 active=0
1787358359.988 [OBSTACLES] cur_s=17.32 cur_d=-0.88 vs=-0.02 n=0 [none]
1787358360.514 [OBSTACLES] cur_s=17.33 cur_d=-0.88 vs=0.00 n=0 [none]
1787358360.588 [OPP_MEM_DBG] state=LOSTLINE src=GB_TRACK n_obs=0 last_gap=13.63 age=9.37 window=3.00 ebh=8.00 track_len=39.52 active=0
1787358361.016 [OBSTACLES] cur_s=17.33 cur_d=-0.89 vs=0.00 n=0 [none]
1787358361.537 [OBSTACLES] cur_s=17.36 cur_d=-0.88 vs=0.02 n=0 [none]
1787358361.588 [OPP_MEM_DBG] state=LOSTLINE src=GB_TRACK n_obs=0 last_gap=13.63 age=10.37 window=3.00 ebh=8.00 track_len=39.52 active=0
1787358362.051 [OBSTACLES] cur_s=17.33 cur_d=-0.89 vs=-0.04 n=0 [none]
1787358362.568 [OBSTACLES] cur_s=16.89 cur_d=-1.17 vs=-1.03 n=0 [none]
1787358362.613 [OPP_MEM_DBG] state=LOSTLINE src=GB_TRACK n_obs=0 last_gap=13.63 age=11.39 window=3.00 ebh=8.00 track_len=39.52 active=0
1787358363.069 [OBSTACLES] cur_s=16.65 cur_d=-1.96 vs=-1.19 n=0 [none]
1787358363.569 [OBSTACLES] cur_s=16.54 cur_d=-2.37 vs=-0.20 n=0 [none]
1787358363.630 [OPP_MEM_DBG] state=LOSTLINE src=GB_TRACK n_obs=0 last_gap=13.63 age=12.41 window=3.00 ebh=8.00 track_len=39.52 active=0
1787358364.089 [OBSTACLES] cur_s=16.47 cur_d=-2.35 vs=-0.21 n=0 [none]
1787358364.617 [OBSTACLES] cur_s=16.42 cur_d=-2.39 vs=-0.16 n=0 [none]
1787358364.630 [OPP_MEM_DBG] state=LOSTLINE src=GB_TRACK n_obs=0 last_gap=13.63 age=13.41 window=3.00 ebh=8.00 track_len=39.52 active=0
1787358365.129 [OBSTACLES] cur_s=16.45 cur_d=-2.72 vs=-0.11 n=0 [none]
1787358365.650 [OBSTACLES] cur_s=16.47 cur_d=-2.78 vs=0.04 n=0 [none]
1787358365.651 [OPP_MEM_DBG] state=LOSTLINE src=GB_TRACK n_obs=0 last_gap=13.63 age=14.43 window=3.00 ebh=8.00 track_len=39.52 active=0
1787358365.970 [STATIC_OT] state=GB_TRACK path_exists=0 path_locked=0 path_ttl_ok=0 path_safe=0 on_spline=0 speed=0.00 raw_wpnts=0 raw_age=-s decision=TRAILING reason=NO_STATIC_PATH
1787358365.972 [STATE_CHANGE] LOSTLINE -> TRAILING src=GB_TRACK s=16.47 d=-2.77 vs=0.00
1787358366.169 [OBSTACLES] cur_s=16.47 cur_d=-2.77 vs=-0.01 n=1 [id=209 static=1 gap=1.98m d=-0.26 size=0.36]
1787358366.171 [STATIC_OT] state=TRAILING path_exists=0 path_locked=0 path_ttl_ok=0 path_safe=0 on_spline=0 speed=-0.01 raw_wpnts=0 raw_age=-s decision=TRAILING reason=NO_STATIC_PATH
1787358366.269 [STATE_CHANGE] TRAILING -> LOSTLINE src=GB_TRACK s=20.77 d=-2.76 vs=0.17
1787358366.350 [STATE_CHANGE] LOSTLINE -> TRAILING src=GB_TRACK s=20.77 d=-2.77 vs=0.17
1787358366.372 [STATIC_OT] state=TRAILING path_exists=0 path_locked=0 path_ttl_ok=0 path_safe=0 on_spline=0 speed=0.17 raw_wpnts=0 raw_age=-s decision=TRAILING reason=NO_STATIC_PATH
1787358366.409 [STATE_CHANGE] TRAILING -> LOSTLINE src=GB_TRACK s=20.78 d=-2.77 vs=0.17
1787358366.652 [OPP_MEM_DBG] state=LOSTLINE src=GB_TRACK n_obs=0 last_gap=13.63 age=15.43 window=3.00 ebh=8.00 track_len=39.52 active=0
1787358366.672 [OBSTACLES] cur_s=20.78 cur_d=-2.74 vs=0.16 n=0 [none]
1787358367.191 [OBSTACLES] cur_s=16.48 cur_d=-2.72 vs=0.01 n=0 [none]
1787358367.210 [STATIC_OT] state=GB_TRACK path_exists=0 path_locked=0 path_ttl_ok=0 path_safe=0 on_spline=0 speed=0.01 raw_wpnts=0 raw_age=-s decision=TRAILING reason=NO_STATIC_PATH
1787358367.211 [STATE_CHANGE] LOSTLINE -> TRAILING src=GB_TRACK s=16.48 d=-2.72 vs=0.01
1787358367.413 [STATIC_OT] state=TRAILING path_exists=0 path_locked=0 path_ttl_ok=0 path_safe=0 on_spline=0 speed=0.01 raw_wpnts=0 raw_age=-s decision=TRAILING reason=NO_STATIC_PATH
1787358367.613 [STATIC_OT] state=TRAILING path_exists=0 path_locked=0 path_ttl_ok=0 path_safe=0 on_spline=0 speed=0.03 raw_wpnts=0 raw_age=-s decision=TRAILING reason=NO_STATIC_PATH
1787358367.663 [OPP_MEM_DBG] state=TRAILING src=GB_TRACK n_obs=1 last_gap=13.63 age=16.44 window=3.00 ebh=8.00 track_len=39.52 active=0
1787358367.709 [OBSTACLES] cur_s=16.47 cur_d=-2.65 vs=0.04 n=1 [id=209 static=1 gap=1.86m d=-0.24 size=0.34]
1787358367.815 [STATIC_OT] state=TRAILING path_exists=0 path_locked=0 path_ttl_ok=0 path_safe=0 on_spline=0 speed=0.07 raw_wpnts=0 raw_age=-s decision=TRAILING reason=NO_STATIC_PATH
1787358368.032 [STATIC_OT] state=TRAILING path_exists=0 path_locked=0 path_ttl_ok=0 path_safe=0 on_spline=0 speed=-0.02 raw_wpnts=0 raw_age=-s decision=TRAILING reason=NO_STATIC_PATH
1787358368.228 [OBSTACLES] cur_s=16.37 cur_d=-2.08 vs=-0.59 n=1 [id=209 static=1 gap=1.96m d=-0.24 size=0.34]
1787358368.263 [STATIC_OT] state=TRAILING path_exists=0 path_locked=0 path_ttl_ok=0 path_safe=0 on_spline=0 speed=-0.63 raw_wpnts=0 raw_age=-s decision=TRAILING reason=NO_STATIC_PATH
1787358368.470 [STATIC_OT] state=TRAILING path_exists=0 path_locked=0 path_ttl_ok=0 path_safe=0 on_spline=0 speed=-0.52 raw_wpnts=0 raw_age=-s decision=TRAILING reason=NO_STATIC_PATH
1787358368.661 [OPP_MEM_DBG] state=TRAILING src=GB_TRACK n_obs=1 last_gap=13.63 age=17.44 window=3.00 ebh=8.00 track_len=39.52 active=0
1787358368.676 [STATIC_OT] state=TRAILING path_exists=0 path_locked=0 path_ttl_ok=0 path_safe=0 on_spline=0 speed=-0.49 raw_wpnts=0 raw_age=-s decision=TRAILING reason=NO_STATIC_PATH
1787358368.751 [OBSTACLES] cur_s=16.51 cur_d=-1.69 vs=-0.58 n=1 [id=209 static=1 gap=1.81m d=-0.24 size=0.34]
1787358368.890 [STATIC_OT] state=TRAILING path_exists=0 path_locked=0 path_ttl_ok=0 path_safe=0 on_spline=0 speed=-0.81 raw_wpnts=0 raw_age=-s decision=TRAILING reason=NO_STATIC_PATH
1787358369.095 [STATIC_OT] state=TRAILING path_exists=0 path_locked=0 path_ttl_ok=0 path_safe=0 on_spline=0 speed=-1.50 raw_wpnts=0 raw_age=-s decision=TRAILING reason=NO_STATIC_PATH
1787358369.113 [STATE_CHANGE] TRAILING -> LOSTLINE src=GB_TRACK s=16.44 d=-1.49 vs=-1.51
1787358369.256 [OBSTACLES] cur_s=16.19 cur_d=-1.58 vs=-1.57 n=0 [none]
1787358369.669 [OPP_MEM_DBG] state=LOSTLINE src=GB_TRACK n_obs=0 last_gap=13.63 age=18.45 window=3.00 ebh=8.00 track_len=39.52 active=0
1787358369.769 [OBSTACLES] cur_s=15.58 cur_d=-1.46 vs=-0.04 n=0 [none]
1787358370.210 [STATIC_OT] state=GB_TRACK path_exists=0 path_locked=0 path_ttl_ok=0 path_safe=0 on_spline=0 speed=-0.78 raw_wpnts=0 raw_age=-s decision=TRAILING reason=NO_STATIC_PATH
1787358370.210 [STATE_CHANGE] LOSTLINE -> TRAILING src=GB_TRACK s=15.34 d=-1.15 vs=-0.78
1787358370.288 [OBSTACLES] cur_s=15.31 cur_d=-1.13 vs=-0.87 n=1 [id=214 static=1 gap=0.54m d=-0.83 size=0.28]
1787358370.414 [STATIC_OT] state=TRAILING path_exists=0 path_locked=0 path_ttl_ok=0 path_safe=0 on_spline=0 speed=-0.88 raw_wpnts=0 raw_age=-s decision=TRAILING reason=NO_STATIC_PATH
1787358370.618 [STATIC_OT] state=TRAILING path_exists=0 path_locked=0 path_ttl_ok=0 path_safe=0 on_spline=0 speed=-0.90 raw_wpnts=0 raw_age=-s decision=TRAILING reason=NO_STATIC_PATH
1787358370.683 [OPP_MEM_DBG] state=TRAILING src=GB_TRACK n_obs=1 last_gap=13.63 age=19.46 window=3.00 ebh=8.00 track_len=39.52 active=0
1787358370.791 [OBSTACLES] cur_s=15.15 cur_d=-1.06 vs=-0.84 n=1 [id=214 static=1 gap=0.54m d=-0.72 size=0.32]
1787358370.830 [STATIC_OT] state=TRAILING path_exists=0 path_locked=0 path_ttl_ok=0 path_safe=0 on_spline=0 speed=0.09 raw_wpnts=0 raw_age=-s decision=TRAILING reason=NO_STATIC_PATH
1787358370.873 [STATE_CHANGE] TRAILING -> LOSTLINE src=GB_TRACK s=20.91 d=-2.90 vs=2.07
1787358371.311 [OBSTACLES] cur_s=27.48 cur_d=-1.73 vs=-4.78 n=0 [none]
1787358371.688 [OPP_MEM_DBG] state=LOSTLINE src=GB_TRACK n_obs=0 last_gap=13.63 age=20.47 window=3.00 ebh=8.00 track_len=39.52 active=0
1787358371.828 [OBSTACLES] cur_s=27.42 cur_d=-1.38 vs=-3.77 n=0 [none]
1787358372.349 [OBSTACLES] cur_s=27.27 cur_d=-0.95 vs=-1.96 n=0 [none]
1787358372.688 [OPP_MEM_DBG] state=LOSTLINE src=GB_TRACK n_obs=0 last_gap=13.63 age=21.47 window=3.00 ebh=8.00 track_len=39.52 active=0
1787358372.850 [OBSTACLES] cur_s=27.22 cur_d=-0.59 vs=-1.31 n=0 [none]
1787358373.368 [OBSTACLES] cur_s=27.28 cur_d=-0.54 vs=-0.21 n=0 [none]
1787358373.689 [OPP_MEM_DBG] state=LOSTLINE src=GB_TRACK n_obs=0 last_gap=13.63 age=22.47 window=3.00 ebh=8.00 track_len=39.52 active=0
1787358373.869 [OBSTACLES] cur_s=27.44 cur_d=-0.85 vs=0.69 n=0 [none]
1787358374.390 [OBSTACLES] cur_s=27.38 cur_d=-2.11 vs=-0.24 n=0 [none]
1787358374.709 [OPP_MEM_DBG] state=LOSTLINE src=GB_TRACK n_obs=0 last_gap=13.63 age=23.49 window=3.00 ebh=8.00 track_len=39.52 active=0
1787358374.908 [OBSTACLES] cur_s=27.48 cur_d=-2.33 vs=0.21 n=0 [none]
1787358375.409 [OBSTACLES] cur_s=27.41 cur_d=-2.08 vs=-1.29 n=0 [none]
1787358375.728 [OPP_MEM_DBG] state=LOSTLINE src=GB_TRACK n_obs=0 last_gap=13.63 age=24.51 window=3.00 ebh=8.00 track_len=39.52 active=0
1787358375.910 [OBSTACLES] cur_s=27.39 cur_d=-2.03 vs=0.03 n=0 [none]
1787358376.428 [OBSTACLES] cur_s=27.20 cur_d=-1.57 vs=0.02 n=0 [none]
1787358376.730 [OPP_MEM_DBG] state=LOSTLINE src=GB_TRACK n_obs=0 last_gap=13.63 age=25.51 window=3.00 ebh=8.00 track_len=39.52 active=0
1787358376.930 [OBSTACLES] cur_s=27.21 cur_d=-1.56 vs=0.03 n=0 [none]
1787358377.448 [OBSTACLES] cur_s=27.21 cur_d=-1.58 vs=0.04 n=0 [none]
1787358377.736 [OPP_MEM_DBG] state=LOSTLINE src=GB_TRACK n_obs=0 last_gap=13.63 age=26.52 window=3.00 ebh=8.00 track_len=39.52 active=0
1787358377.950 [OBSTACLES] cur_s=27.22 cur_d=-1.58 vs=0.04 n=0 [none]
1787358378.468 [OBSTACLES] cur_s=27.22 cur_d=-1.58 vs=0.03 n=0 [none]
1787358378.752 [OPP_MEM_DBG] state=LOSTLINE src=GB_TRACK n_obs=0 last_gap=13.63 age=27.53 window=3.00 ebh=8.00 track_len=39.52 active=0
1787358378.968 [OBSTACLES] cur_s=27.20 cur_d=-1.57 vs=0.02 n=0 [none]
1787358379.469 [OBSTACLES] cur_s=26.98 cur_d=-1.00 vs=0.31 n=0 [none]
1787358379.770 [OPP_MEM_DBG] state=LOSTLINE src=GB_TRACK n_obs=0 last_gap=13.63 age=28.55 window=3.00 ebh=8.00 track_len=39.52 active=0
1787358380.005 [OBSTACLES] cur_s=26.43 cur_d=-0.43 vs=0.18 n=0 [none]
1787358380.515 [OBSTACLES] cur_s=26.18 cur_d=-0.53 vs=0.01 n=0 [none]
1787358380.792 [OPP_MEM_DBG] state=LOSTLINE src=GB_TRACK n_obs=0 last_gap=13.63 age=29.57 window=3.00 ebh=8.00 track_len=39.52 active=0
1787358381.032 [OBSTACLES] cur_s=26.19 cur_d=-0.53 vs=-0.01 n=0 [none]
1787358381.548 [OBSTACLES] cur_s=26.20 cur_d=-0.51 vs=-0.01 n=0 [none]
1787358381.770 [STATE_CHANGE] LOSTLINE -> GB_TRACK src=GB_TRACK s=27.93 d=0.25 vs=0.88
1787358381.791 [STATE_CHANGE] GB_TRACK -> LOSTLINE src=GB_TRACK s=28.75 d=0.37 vs=0.05
1787358381.808 [OPP_MEM_DBG] state=LOSTLINE src=GB_TRACK n_obs=0 last_gap=13.63 age=30.59 window=3.00 ebh=8.00 track_len=39.52 active=0
1787358382.048 [OBSTACLES] cur_s=29.99 cur_d=0.58 vs=-0.56 n=0 [none]
1787358382.569 [OBSTACLES] cur_s=30.03 cur_d=0.61 vs=-0.39 n=0 [none]
1787358382.828 [OPP_MEM_DBG] state=LOSTLINE src=GB_TRACK n_obs=0 last_gap=13.63 age=31.61 window=3.00 ebh=8.00 track_len=39.52 active=0
1787358383.069 [OBSTACLES] cur_s=30.03 cur_d=0.61 vs=-0.23 n=0 [none]
1787358383.569 [OBSTACLES] cur_s=30.03 cur_d=0.60 vs=-0.12 n=0 [none]
1787358383.828 [OPP_MEM_DBG] state=LOSTLINE src=GB_TRACK n_obs=0 last_gap=13.63 age=32.61 window=3.00 ebh=8.00 track_len=39.52 active=0
1787358384.088 [OBSTACLES] cur_s=30.06 cur_d=0.62 vs=0.07 n=0 [none]
1787358384.590 [OBSTACLES] cur_s=30.32 cur_d=0.51 vs=1.22 n=0 [none]
1787358384.829 [OPP_MEM_DBG] state=LOSTLINE src=GB_TRACK n_obs=0 last_gap=13.63 age=33.61 window=3.00 ebh=8.00 track_len=39.52 active=0
1787358385.109 [OBSTACLES] cur_s=30.91 cur_d=0.38 vs=0.67 n=0 [none]
1787358385.610 [OBSTACLES] cur_s=31.09 cur_d=0.31 vs=0.68 n=0 [none]
1787358385.669 [STATE_CHANGE] LOSTLINE -> GB_TRACK src=GB_TRACK s=31.20 d=0.29 vs=0.83
1787358385.829 [OPP_MEM_DBG] state=GB_TRACK src=GB_TRACK n_obs=0 last_gap=13.63 age=34.61 window=3.00 ebh=8.00 track_len=39.52 active=0
1787358386.128 [OBSTACLES] cur_s=31.75 cur_d=0.06 vs=1.25 n=0 [none]
1787358386.644 [OBSTACLES] cur_s=32.31 cur_d=0.12 vs=1.12 n=0 [none]
1787358386.829 [OPP_MEM_DBG] state=GB_TRACK src=GB_TRACK n_obs=0 last_gap=13.63 age=35.61 window=3.00 ebh=8.00 track_len=39.52 active=0
1787358387.150 [OBSTACLES] cur_s=32.94 cur_d=0.28 vs=0.97 n=0 [none]
1787358387.190 [STATE_CHANGE] GB_TRACK -> LOSTLINE src=GB_TRACK s=32.99 d=0.29 vs=0.98
1787358387.650 [OBSTACLES] cur_s=33.42 cur_d=0.35 vs=0.87 n=0 [none]
1787358387.830 [OPP_MEM_DBG] state=LOSTLINE src=GB_TRACK n_obs=0 last_gap=13.63 age=36.61 window=3.00 ebh=8.00 track_len=39.52 active=0
1787358388.168 [OBSTACLES] cur_s=33.54 cur_d=0.37 vs=0.50 n=0 [none]
1787358388.669 [OBSTACLES] cur_s=33.67 cur_d=0.39 vs=0.21 n=0 [none]
1787358388.849 [OPP_MEM_DBG] state=LOSTLINE src=GB_TRACK n_obs=0 last_gap=13.63 age=37.63 window=3.00 ebh=8.00 track_len=39.52 active=0
1787358389.113 [STATE_CHANGE] LOSTLINE -> GB_TRACK src=GB_TRACK s=33.32 d=0.28 vs=-0.02
1787358389.169 [OBSTACLES] cur_s=33.29 cur_d=0.28 vs=-0.03 n=0 [none]
1787358389.690 [OBSTACLES] cur_s=33.00 cur_d=0.15 vs=-0.01 n=0 [none]
1787358389.851 [OPP_MEM_DBG] state=GB_TRACK src=GB_TRACK n_obs=0 last_gap=13.63 age=38.63 window=3.00 ebh=8.00 track_len=39.52 active=0
1787358390.209 [OBSTACLES] cur_s=33.06 cur_d=0.08 vs=0.37 n=0 [none]
1787358390.737 [OBSTACLES] cur_s=33.68 cur_d=0.14 vs=1.80 n=0 [none]
1787358390.870 [OPP_MEM_DBG] state=GB_TRACK src=GB_TRACK n_obs=0 last_gap=13.63 age=39.65 window=3.00 ebh=8.00 track_len=39.52 active=0
1787358391.248 [OBSTACLES] cur_s=34.96 cur_d=0.05 vs=2.99 n=0 [none]
1787358391.748 [OBSTACLES] cur_s=36.76 cur_d=0.02 vs=4.05 n=0 [none]
1787358391.890 [OPP_MEM_DBG] state=GB_TRACK src=GB_TRACK n_obs=0 last_gap=13.63 age=40.67 window=3.00 ebh=8.00 track_len=39.52 active=0
1787358392.250 [OBSTACLES] cur_s=0.46 cur_d=0.08 vs=4.95 n=0 [none]
1787358392.757 [OBSTACLES] cur_s=2.97 cur_d=0.11 vs=5.02 n=0 [none]
1787358392.908 [OPP_MEM_DBG] state=GB_TRACK src=GB_TRACK n_obs=0 last_gap=13.63 age=41.69 window=3.00 ebh=8.00 track_len=39.52 active=0
1787358393.269 [OBSTACLES] cur_s=5.03 cur_d=0.10 vs=3.83 n=0 [none]
1787358393.788 [OBSTACLES] cur_s=6.98 cur_d=-0.04 vs=3.42 n=0 [none]
1787358393.910 [OPP_MEM_DBG] state=GB_TRACK src=GB_TRACK n_obs=0 last_gap=13.63 age=42.69 window=3.00 ebh=8.00 track_len=39.52 active=0
1787358394.289 [OBSTACLES] cur_s=8.77 cur_d=0.04 vs=3.63 n=0 [none]
1787358394.808 [OBSTACLES] cur_s=10.63 cur_d=-0.10 vs=3.73 n=0 [none]
1787358394.911 [OPP_MEM_DBG] state=GB_TRACK src=GB_TRACK n_obs=0 last_gap=13.63 age=43.69 window=3.00 ebh=8.00 track_len=39.52 active=0
1787358395.313 [OBSTACLES] cur_s=12.34 cur_d=0.09 vs=3.63 n=0 [none]
1787358395.831 [OBSTACLES] cur_s=14.21 cur_d=-0.00 vs=3.38 n=0 [none]
1787358395.912 [OPP_MEM_DBG] state=GB_TRACK src=GB_TRACK n_obs=0 last_gap=13.63 age=44.69 window=3.00 ebh=8.00 track_len=39.52 active=0
1787358396.353 [OBSTACLES] cur_s=15.95 cur_d=-0.01 vs=2.99 n=0 [none]
1787358396.868 [OBSTACLES] cur_s=17.20 cur_d=0.03 vs=2.33 n=0 [none]
1787358396.934 [OPP_MEM_DBG] state=GB_TRACK src=GB_TRACK n_obs=0 last_gap=13.63 age=45.71 window=3.00 ebh=8.00 track_len=39.52 active=0
1787358397.237 [STATIC_OT] state=GB_TRACK path_exists=0 path_locked=0 path_ttl_ok=0 path_safe=0 on_spline=0 speed=2.07 raw_wpnts=0 raw_age=-s decision=TRAILING reason=NO_STATIC_PATH
1787358397.237 [STATE_CHANGE] GB_TRACK -> TRAILING src=GB_TRACK s=17.84 d=-0.16 vs=2.07
1787358397.336 [STATE_CHANGE] TRAILING -> OVERTAKE src=OVERTAKE s=18.05 d=-0.19 vs=2.13
1787358397.357 [DYNAMIC_OT] target=236 gap=2.58 ego_v=2.12 opp_v=0.00 rel_v=2.12 sector=1 force_trailing=1 pred_age=45.29 pred_valid=0 path=0 path_age=50.94 safe=0 left=- right=- state=TRAILING decision=TRAILING reason=FORCE_TRAILING
1787358397.357 [STATE_CHANGE] OVERTAKE -> TRAILING src=GB_TRACK s=18.11 d=-0.19 vs=2.12
1787358397.392 [OBSTACLES] cur_s=18.18 cur_d=-0.20 vs=2.16 n=1 [id=236 static=0 gap=2.44m d=0.06 size=0.24]
1787358397.450 [STATIC_OT] state=TRAILING path_exists=1 path_locked=0 path_ttl_ok=0 path_safe=0 on_spline=1 speed=2.16 raw_wpnts=0 raw_age=-s decision=TRAILING reason=NO_STATIC_PATH
1787358397.608 [DYNAMIC_OT] target=236 gap=2.66 ego_v=2.10 opp_v=2.07 rel_v=0.03 sector=1 force_trailing=1 pred_age=45.53 pred_valid=0 path=0 path_age=51.18 safe=0 left=- right=- state=TRAILING decision=TRAILING reason=FORCE_TRAILING
1787358397.674 [STATIC_OT] state=TRAILING path_exists=1 path_locked=0 path_ttl_ok=0 path_safe=0 on_spline=1 speed=2.03 raw_wpnts=0 raw_age=-s decision=TRAILING reason=NO_STATIC_PATH
1787358397.813 [DYNAMIC_OT] target=236 gap=2.79 ego_v=1.84 opp_v=2.22 rel_v=-0.38 sector=1 force_trailing=1 pred_age=45.74 pred_valid=0 path=0 path_age=51.39 safe=0 left=- right=- state=TRAILING decision=TRAILING reason=FORCE_TRAILING
1787358397.895 [STATIC_OT] state=TRAILING path_exists=1 path_locked=0 path_ttl_ok=0 path_safe=0 on_spline=1 speed=1.65 raw_wpnts=0 raw_age=-s decision=TRAILING reason=NO_STATIC_PATH
1787358397.916 [OBSTACLES] cur_s=19.13 cur_d=-0.24 vs=1.54 n=1 [id=236 static=0 gap=2.72m d=0.06 size=0.24]
1787358398.028 [DYNAMIC_OT] target=236 gap=2.91 ego_v=1.41 opp_v=2.47 rel_v=-1.06 sector=1 force_trailing=1 pred_age=45.95 pred_valid=0 path=0 path_age=51.60 safe=0 left=- right=- state=TRAILING decision=TRAILING reason=REL_SPEED
1787358398.099 [STATIC_OT] state=TRAILING path_exists=1 path_locked=0 path_ttl_ok=0 path_safe=0 on_spline=1 speed=1.35 raw_wpnts=0 raw_age=-s decision=TRAILING reason=NO_STATIC_PATH
1787358398.225 [DYNAMIC_OT] target=236 gap=3.02 ego_v=1.37 opp_v=2.15 rel_v=-0.78 sector=1 force_trailing=1 pred_age=0.11 pred_valid=1 path=0 path_age=51.81 safe=0 left=- right=- state=TRAILING decision=TRAILING reason=REL_SPEED
1787358398.312 [STATIC_OT] state=TRAILING path_exists=1 path_locked=0 path_ttl_ok=0 path_safe=0 on_spline=1 speed=1.46 raw_wpnts=0 raw_age=-s decision=TRAILING reason=NO_STATIC_PATH
1787358398.437 [OBSTACLES] cur_s=19.87 cur_d=-0.17 vs=1.58 n=1 [id=236 static=0 gap=3.03m d=0.07 size=0.24]
1787358398.452 [DYNAMIC_OT] target=236 gap=3.15 ego_v=1.58 opp_v=1.89 rel_v=-0.32 sector=1 force_trailing=0 pred_age=0.19 pred_valid=1 path=0 path_age=52.03 safe=0 left=- right=- state=TRAILING decision=TRAILING reason=FORCE_TRAILING
1787358398.547 [STATIC_OT] state=TRAILING path_exists=1 path_locked=0 path_ttl_ok=0 path_safe=0 on_spline=1 speed=1.68 raw_wpnts=0 raw_age=-s decision=TRAILING reason=NO_STATIC_PATH
1787358398.736 [DYNAMIC_OT] target=236 gap=3.19 ego_v=1.76 opp_v=1.96 rel_v=-0.20 sector=1 force_trailing=0 pred_age=0.16 pred_valid=1 path=0 path_age=52.30 safe=0 left=0 right=1 state=TRAILING decision=TRAILING reason=PATH_OUTSIDE_MAP
1787358398.790 [STATIC_OT] state=TRAILING path_exists=1 path_locked=0 path_ttl_ok=0 path_safe=0 on_spline=1 speed=1.84 raw_wpnts=0 raw_age=-s decision=TRAILING reason=NO_STATIC_PATH
1787358398.948 [DYNAMIC_OT] target=236 gap=3.18 ego_v=1.97 opp_v=1.94 rel_v=0.03 sector=1 force_trailing=0 pred_age=0.10 pred_valid=1 path=0 path_age=52.53 safe=0 left=1 right=1 state=TRAILING decision=TRAILING reason=SIDE_UNDECIDED
1787358398.977 [OBSTACLES] cur_s=20.70 cur_d=-0.01 vs=2.01 n=1 [id=236 static=0 gap=3.06m d=0.11 size=0.24]
1787358398.992 [STATIC_OT] state=TRAILING path_exists=1 path_locked=0 path_ttl_ok=0 path_safe=0 on_spline=1 speed=2.01 raw_wpnts=0 raw_age=-s decision=TRAILING reason=NO_STATIC_PATH
1787358399.160 [DYNAMIC_OT] target=236 gap=3.08 ego_v=2.15 opp_v=1.76 rel_v=0.40 sector=1 force_trailing=0 pred_age=0.16 pred_valid=1 path=0 path_age=52.74 safe=0 left=1 right=1 state=TRAILING decision=TRAILING reason=SIDE_UNDECIDED
1787358399.229 [STATIC_OT] state=TRAILING path_exists=1 path_locked=0 path_ttl_ok=0 path_safe=0 on_spline=1 speed=2.22 raw_wpnts=0 raw_age=-s decision=TRAILING reason=NO_STATIC_PATH
1787358399.406 [DYNAMIC_OT] target=236 gap=2.94 ego_v=2.20 opp_v=1.91 rel_v=0.29 sector=1 force_trailing=0 pred_age=0.12 pred_valid=1 path=0 path_age=52.99 safe=0 left=1 right=1 state=TRAILING decision=TRAILING reason=SIDE_UNDECIDED
1787358399.453 [STATIC_OT] state=TRAILING path_exists=0 path_locked=0 path_ttl_ok=0 path_safe=0 on_spline=0 speed=2.17 raw_wpnts=0 raw_age=-s decision=TRAILING reason=NO_STATIC_PATH
1787358399.494 [OBSTACLES] cur_s=21.93 cur_d=-0.02 vs=2.11 n=1 [id=236 static=0 gap=2.79m d=0.01 size=0.24]
1787358399.621 [DYNAMIC_OT] target=236 gap=2.85 ego_v=2.05 opp_v=2.00 rel_v=0.06 sector=1 force_trailing=0 pred_age=0.20 pred_valid=1 path=0 path_age=53.20 safe=0 left=1 right=1 state=TRAILING decision=TRAILING reason=SIDE_UNDECIDED
1787358399.675 [STATIC_OT] state=TRAILING path_exists=0 path_locked=0 path_ttl_ok=0 path_safe=0 on_spline=0 speed=2.04 raw_wpnts=0 raw_age=-s decision=TRAILING reason=NO_STATIC_PATH
1787358399.811 [STATE_CHANGE] TRAILING -> OVERTAKE src=OVERTAKE s=22.31 d=0.01 vs=2.04
1787358399.835 [DYNAMIC_OT] target=236 gap=2.92 ego_v=2.05 opp_v=1.60 rel_v=0.45 sector=1 force_trailing=0 pred_age=0.14 pred_valid=1 path=1 path_age=0.16 safe=1 left=1 right=0 state=OVERTAKE decision=OVERTAKE
1787358400.009 [OBSTACLES] cur_s=22.64 cur_d=-0.02 vs=2.24 n=1 [id=236 static=0 gap=2.61m d=0.10 size=0.24]
1787358400.056 [DYNAMIC_OT] target=236 gap=2.70 ego_v=2.24 opp_v=0.61 rel_v=1.63 sector=1 force_trailing=0 pred_age=0.05 pred_valid=1 path=1 path_age=0.38 safe=1 left=1 right=0 state=OVERTAKE decision=OVERTAKE
1787358400.134 [STATIC_OT] state=OVERTAKE path_exists=0 path_locked=0 path_ttl_ok=0 path_safe=0 on_spline=0 speed=2.44 raw_wpnts=0 raw_age=-s decision=TRAILING reason=NO_STATIC_PATH
1787358400.150 [STATE_CHANGE] OVERTAKE -> TRAILING src=GB_TRACK s=23.25 d=-0.05 vs=2.44
1787358400.285 [DYNAMIC_OT] target=236 gap=2.13 ego_v=2.33 opp_v=0.86 rel_v=1.47 sector=1 force_trailing=0 pred_age=0.14 pred_valid=1 path=1 path_age=0.07 safe=1 left=1 right=0 state=TRAILING decision=TRAILING reason=PATH_BLOCKED
1787358400.351 [STATIC_OT] state=TRAILING path_exists=0 path_locked=0 path_ttl_ok=0 path_safe=0 on_spline=0 speed=2.26 raw_wpnts=0 raw_age=-s decision=TRAILING reason=NO_STATIC_PATH
1787358400.495 [DYNAMIC_OT] target=236 gap=2.16 ego_v=2.06 opp_v=1.08 rel_v=0.99 sector=1 force_trailing=0 pred_age=0.08 pred_valid=1 path=1 path_age=0.11 safe=1 left=1 right=0 state=TRAILING decision=TRAILING reason=PATH_BLOCKED
1787358400.525 [OBSTACLES] cur_s=23.77 cur_d=0.02 vs=2.00 n=1 [id=236 static=0 gap=2.02m d=0.12 size=0.24]
1787358400.577 [STATIC_OT] state=TRAILING path_exists=0 path_locked=0 path_ttl_ok=0 path_safe=0 on_spline=0 speed=1.87 raw_wpnts=0 raw_age=-s decision=TRAILING reason=NO_STATIC_PATH
1787358400.711 [DYNAMIC_OT] target=236 gap=2.36 ego_v=1.55 opp_v=1.65 rel_v=-0.10 sector=1 force_trailing=0 pred_age=0.15 pred_valid=1 path=1 path_age=0.19 safe=1 left=1 right=0 state=TRAILING decision=TRAILING reason=PATH_BLOCKED
1787358400.780 [STATIC_OT] state=TRAILING path_exists=0 path_locked=0 path_ttl_ok=0 path_safe=0 on_spline=0 speed=1.23 raw_wpnts=0 raw_age=-s decision=TRAILING reason=NO_STATIC_PATH
1787358400.948 [DYNAMIC_OT] target=236 gap=2.46 ego_v=1.01 opp_v=1.74 rel_v=-0.73 sector=1 force_trailing=0 pred_age=0.13 pred_valid=1 path=1 path_age=0.43 safe=1 left=1 right=0 state=TRAILING decision=TRAILING reason=REL_SPEED
1787358401.019 [STATIC_OT] state=TRAILING path_exists=0 path_locked=0 path_ttl_ok=0 path_safe=0 on_spline=0 speed=1.00 raw_wpnts=0 raw_age=-s decision=TRAILING reason=NO_STATIC_PATH
1787358401.066 [OBSTACLES] cur_s=24.33 cur_d=0.09 vs=1.04 n=1 [id=236 static=0 gap=2.35m d=0.18 size=0.24]
1787358401.154 [DYNAMIC_OT] target=236 gap=2.46 ego_v=1.14 opp_v=1.21 rel_v=-0.07 sector=1 force_trailing=0 pred_age=0.18 pred_valid=1 path=1 path_age=0.12 safe=0 left=1 right=0 state=TRAILING decision=TRAILING reason=PATH_BLOCKED
1787358401.259 [STATIC_OT] state=TRAILING path_exists=0 path_locked=0 path_ttl_ok=0 path_safe=0 on_spline=0 speed=1.37 raw_wpnts=0 raw_age=-s decision=TRAILING reason=NO_STATIC_PATH
1787358401.375 [DYNAMIC_OT] target=236 gap=2.18 ego_v=1.58 opp_v=0.75 rel_v=0.83 sector=1 force_trailing=0 pred_age=0.15 pred_valid=1 path=1 path_age=0.22 safe=0 left=1 right=0 state=TRAILING decision=TRAILING reason=PATH_BLOCKED
1787358401.478 [STATIC_OT] state=TRAILING path_exists=0 path_locked=0 path_ttl_ok=0 path_safe=0 on_spline=0 speed=1.60 raw_wpnts=0 raw_age=-s decision=TRAILING reason=NO_STATIC_PATH
1787358401.589 [OBSTACLES] cur_s=24.98 cur_d=0.04 vs=1.51 n=1 [id=236 static=0 gap=1.85m d=0.34 size=0.24]
1787358401.600 [DYNAMIC_OT] target=236 gap=1.97 ego_v=1.51 opp_v=0.46 rel_v=1.06 sector=1 force_trailing=0 pred_age=0.13 pred_valid=1 path=1 path_age=0.24 safe=0 left=1 right=0 state=TRAILING decision=TRAILING reason=PATH_BLOCKED
1787358401.708 [STATIC_OT] state=TRAILING path_exists=0 path_locked=0 path_ttl_ok=0 path_safe=0 on_spline=0 speed=1.31 raw_wpnts=0 raw_age=-s decision=TRAILING reason=NO_STATIC_PATH
1787358401.814 [DYNAMIC_OT] target=236 gap=1.87 ego_v=0.99 opp_v=0.46 rel_v=0.53 sector=1 force_trailing=0 pred_age=0.07 pred_valid=1 path=1 path_age=0.13 safe=0 left=1 right=0 state=TRAILING decision=TRAILING reason=PATH_BLOCKED
1787358401.915 [STATIC_OT] state=TRAILING path_exists=0 path_locked=0 path_ttl_ok=0 path_safe=0 on_spline=0 speed=0.65 raw_wpnts=0 raw_age=-s decision=TRAILING reason=NO_STATIC_PATH
1787358402.056 [DYNAMIC_OT] target=236 gap=1.87 ego_v=0.52 opp_v=0.46 rel_v=0.06 sector=1 force_trailing=0 pred_age=0.18 pred_valid=1 path=1 path_age=0.15 safe=0 left=1 right=0 state=TRAILING decision=TRAILING reason=PATH_BLOCKED
1787358402.098 [OBSTACLES] cur_s=25.21 cur_d=0.07 vs=0.46 n=1 [id=236 static=0 gap=1.72m d=0.35 size=0.24]
1787358402.158 [STATIC_OT] state=TRAILING path_exists=0 path_locked=0 path_ttl_ok=0 path_safe=0 on_spline=0 speed=0.42 raw_wpnts=0 raw_age=-s decision=TRAILING reason=NO_STATIC_PATH
1787358402.275 [DYNAMIC_OT] target=236 gap=1.79 ego_v=0.40 opp_v=0.46 rel_v=-0.05 sector=1 force_trailing=0 pred_age=0.10 pred_valid=1 path=1 path_age=0.20 safe=0 left=1 right=0 state=TRAILING decision=TRAILING reason=PATH_BLOCKED
1787358402.393 [STATIC_OT] state=TRAILING path_exists=0 path_locked=0 path_ttl_ok=0 path_safe=0 on_spline=0 speed=0.43 raw_wpnts=0 raw_age=-s decision=TRAILING reason=NO_STATIC_PATH
1787358402.478 [DYNAMIC_OT] target=236 gap=1.61 ego_v=0.44 opp_v=0.46 rel_v=-0.02 sector=1 force_trailing=0 pred_age=0.14 pred_valid=1 path=1 path_age=0.07 safe=0 left=0 right=1 state=TRAILING decision=TRAILING reason=PATH_BLOCKED
1787358402.595 [STATIC_OT] state=TRAILING path_exists=0 path_locked=0 path_ttl_ok=0 path_safe=0 on_spline=0 speed=0.43 raw_wpnts=0 raw_age=-s decision=TRAILING reason=NO_STATIC_PATH
1787358402.636 [OBSTACLES] cur_s=25.62 cur_d=0.01 vs=0.43 n=1 [id=236 static=0 gap=1.42m d=0.29 size=0.24]
1787358402.681 [DYNAMIC_OT] target=236 gap=1.53 ego_v=0.42 opp_v=0.46 rel_v=-0.04 sector=1 force_trailing=0 pred_age=0.05 pred_valid=1 path=1 path_age=0.14 safe=0 left=0 right=1 state=TRAILING decision=TRAILING reason=PATH_BLOCKED
1787358402.802 [STATIC_OT] state=TRAILING path_exists=0 path_locked=0 path_ttl_ok=0 path_safe=0 on_spline=0 speed=0.39 raw_wpnts=0 raw_age=-s decision=TRAILING reason=NO_STATIC_PATH
1787358402.909 [DYNAMIC_OT] target=236 gap=1.46 ego_v=0.38 opp_v=0.46 rel_v=-0.08 sector=1 force_trailing=0 pred_age=0.13 pred_valid=1 path=1 path_age=0.19 safe=0 left=0 right=1 state=TRAILING decision=TRAILING reason=PATH_BLOCKED
1787358403.045 [STATIC_OT] state=TRAILING path_exists=0 path_locked=0 path_ttl_ok=0 path_safe=0 on_spline=0 speed=0.31 raw_wpnts=0 raw_age=-s decision=TRAILING reason=NO_STATIC_PATH
1787358403.125 [DYNAMIC_OT] target=236 gap=1.42 ego_v=0.19 opp_v=0.46 rel_v=-0.26 sector=1 force_trailing=0 pred_age=0.09 pred_valid=1 path=1 path_age=0.21 safe=0 left=0 right=1 state=TRAILING decision=TRAILING reason=PATH_BLOCKED
1787358403.165 [OBSTACLES] cur_s=25.86 cur_d=0.04 vs=0.14 n=1 [id=236 static=0 gap=1.29m d=0.23 size=0.24]
1787358403.291 [STATIC_OT] state=TRAILING path_exists=0 path_locked=0 path_ttl_ok=0 path_safe=0 on_spline=0 speed=0.22 raw_wpnts=0 raw_age=-s decision=TRAILING reason=NO_STATIC_PATH
1787358403.332 [DYNAMIC_OT] target=236 gap=1.38 ego_v=0.23 opp_v=0.46 rel_v=-0.23 sector=1 force_trailing=0 pred_age=0.16 pred_valid=1 path=1 path_age=0.10 safe=0 left=0 right=1 state=TRAILING decision=TRAILING reason=PATH_BLOCKED
1787358403.430 [OPP_MEM_DBG] state=GB_TRACK src=GB_TRACK n_obs=0 last_gap=1.38 age=0.01 window=3.00 ebh=8.00 track_len=39.52 active=1
1787358403.430 [STATE_CHANGE] TRAILING -> GB_TRACK src=GB_TRACK s=25.94 d=0.03 vs=0.21
1787358403.432 [OPP_MEMORY] opponent id=236 lost 0.01s ago at gap=1.38m -- holding speed cap 1.57 m/s (raceline 3.40) state=GB_TRACK
1787358403.676 [OBSTACLES] cur_s=25.99 cur_d=0.02 vs=0.04 n=0 [none]
1787358403.935 [OPP_MEMORY] opponent id=236 lost 0.51s ago at gap=1.38m -- holding speed cap 1.53 m/s (raceline 3.31) state=GB_TRACK
1787358404.190 [OBSTACLES] cur_s=26.41 cur_d=0.01 vs=1.15 n=0 [none]
1787358404.449 [OPP_MEM_DBG] state=GB_TRACK src=GB_TRACK n_obs=0 last_gap=1.38 age=1.03 window=3.00 ebh=8.00 track_len=39.52 active=1
1787358404.453 [OPP_MEMORY] opponent id=236 lost 1.03s ago at gap=1.38m -- holding speed cap 1.41 m/s (raceline 3.04) state=GB_TRACK
1787358404.708 [OBSTACLES] cur_s=27.11 cur_d=0.18 vs=1.37 n=0 [none]
1787358404.910 [STATIC_OT] state=GB_TRACK path_exists=0 path_locked=0 path_ttl_ok=0 path_safe=0 on_spline=0 speed=1.35 raw_wpnts=0 raw_age=-s decision=TRAILING reason=NO_STATIC_PATH
1787358404.911 [DYNAMIC_OT] target=241 gap=4.43 ego_v=1.35 opp_v=0.00 rel_v=1.35 sector=1 force_trailing=0 pred_age=0.90 pred_valid=0 path=1 path_age=1.68 safe=0 left=- right=- state=TRAILING decision=TRAILING reason=PATH_BLOCKED
1787358404.911 [STATE_CHANGE] GB_TRACK -> TRAILING src=GB_TRACK s=27.51 d=0.19 vs=1.35
1787358405.115 [STATIC_OT] state=TRAILING path_exists=0 path_locked=0 path_ttl_ok=0 path_safe=0 on_spline=0 speed=1.23 raw_wpnts=0 raw_age=-s decision=TRAILING reason=NO_STATIC_PATH
1787358405.117 [DYNAMIC_OT] target=241 gap=4.41 ego_v=1.23 opp_v=1.50 rel_v=-0.27 sector=1 force_trailing=0 pred_age=1.10 pred_valid=0 path=1 path_age=1.88 safe=0 left=- right=- state=TRAILING decision=TRAILING reason=PATH_BLOCKED
1787358405.210 [OBSTACLES] cur_s=28.00 cur_d=0.26 vs=1.27 n=1 [id=241 static=0 gap=4.31m d=-0.03 size=0.17]
1787358405.329 [STATIC_OT] state=TRAILING path_exists=0 path_locked=0 path_ttl_ok=0 path_safe=0 on_spline=0 speed=1.29 raw_wpnts=0 raw_age=-s decision=TRAILING reason=NO_STATIC_PATH
1787358405.331 [DYNAMIC_OT] target=241 gap=4.39 ego_v=1.29 opp_v=1.36 rel_v=-0.06 sector=1 force_trailing=0 pred_age=1.32 pred_valid=0 path=1 path_age=2.10 safe=0 left=- right=- state=TRAILING decision=TRAILING reason=PATH_BLOCKED
1787358405.532 [STATIC_OT] state=TRAILING path_exists=0 path_locked=0 path_ttl_ok=0 path_safe=0 on_spline=0 speed=1.53 raw_wpnts=0 raw_age=-s decision=TRAILING reason=NO_STATIC_PATH
1787358405.534 [DYNAMIC_OT] target=241 gap=4.48 ego_v=1.53 opp_v=1.50 rel_v=0.03 sector=1 force_trailing=0 pred_age=1.52 pred_valid=0 path=0 path_age=2.30 safe=0 left=- right=- state=TRAILING decision=TRAILING reason=PREDICTION_STALE
1787358405.713 [OBSTACLES] cur_s=28.82 cur_d=0.15 vs=1.98 n=1 [id=241 static=0 gap=4.19m d=0.07 size=0.17]
1787358405.734 [STATIC_OT] state=TRAILING path_exists=0 path_locked=0 path_ttl_ok=0 path_safe=0 on_spline=0 speed=1.98 raw_wpnts=0 raw_age=-s decision=TRAILING reason=NO_STATIC_PATH
1787358405.740 [DYNAMIC_OT] target=241 gap=4.28 ego_v=1.98 opp_v=1.50 rel_v=0.49 sector=1 force_trailing=0 pred_age=0.04 pred_valid=1 path=0 path_age=2.51 safe=0 left=- right=- state=TRAILING decision=TRAILING reason=PREDICTION_STALE
1787358405.951 [STATIC_OT] state=TRAILING path_exists=0 path_locked=0 path_ttl_ok=0 path_safe=0 on_spline=0 speed=2.25 raw_wpnts=0 raw_age=-s decision=TRAILING reason=NO_STATIC_PATH
1787358405.966 [DYNAMIC_OT] target=241 gap=4.16 ego_v=2.25 opp_v=1.50 rel_v=0.75 sector=1 force_trailing=0 pred_age=0.14 pred_valid=1 path=1 path_age=0.16 safe=0 left=0 right=1 state=TRAILING decision=TRAILING reason=PATH_BLOCKED
1787358406.166 [STATIC_OT] state=TRAILING path_exists=0 path_locked=0 path_ttl_ok=0 path_safe=0 on_spline=0 speed=2.35 raw_wpnts=0 raw_age=-s decision=TRAILING reason=NO_STATIC_PATH
1787358406.169 [DYNAMIC_OT] target=241 gap=4.12 ego_v=2.35 opp_v=1.50 rel_v=0.86 sector=1 force_trailing=0 pred_age=0.08 pred_valid=1 path=1 path_age=0.15 safe=0 left=0 right=1 state=TRAILING decision=TRAILING reason=PATH_BLOCKED
1787358406.232 [OBSTACLES] cur_s=29.68 cur_d=0.03 vs=2.38 n=1 [id=241 static=0 gap=4.09m d=0.11 size=0.17]
1787358406.395 [STATIC_OT] state=TRAILING path_exists=0 path_locked=0 path_ttl_ok=0 path_safe=0 on_spline=0 speed=2.39 raw_wpnts=0 raw_age=-s decision=TRAILING reason=NO_STATIC_PATH
1787358406.397 [DYNAMIC_OT] target=241 gap=4.18 ego_v=2.39 opp_v=1.50 rel_v=0.89 sector=1 force_trailing=0 pred_age=0.13 pred_valid=1 path=1 path_age=0.07 safe=0 left=0 right=1 state=TRAILING decision=TRAILING reason=PATH_BLOCKED
1787358406.607 [STATIC_OT] state=TRAILING path_exists=0 path_locked=0 path_ttl_ok=0 path_safe=0 on_spline=0 speed=2.35 raw_wpnts=0 raw_age=-s decision=TRAILING reason=NO_STATIC_PATH
1787358406.609 [DYNAMIC_OT] target=241 gap=4.02 ego_v=2.35 opp_v=1.50 rel_v=0.85 sector=1 force_trailing=0 pred_age=0.05 pred_valid=1 path=1 path_age=0.14 safe=0 left=1 right=1 state=TRAILING decision=TRAILING reason=PATH_BLOCKED
1787358406.747 [OBSTACLES] cur_s=30.64 cur_d=-0.01 vs=2.29 n=1 [id=241 static=0 gap=3.89m d=0.10 size=0.17]
1787358406.821 [STATIC_OT] state=TRAILING path_exists=0 path_locked=0 path_ttl_ok=0 path_safe=0 on_spline=0 speed=2.26 raw_wpnts=0 raw_age=-s decision=TRAILING reason=NO_STATIC_PATH
1787358406.823 [DYNAMIC_OT] target=241 gap=3.96 ego_v=2.26 opp_v=1.50 rel_v=0.76 sector=1 force_trailing=0 pred_age=0.13 pred_valid=1 path=1 path_age=0.35 safe=0 left=1 right=1 state=TRAILING decision=TRAILING reason=PATH_BLOCKED
1787358407.028 [STATIC_OT] state=TRAILING path_exists=0 path_locked=0 path_ttl_ok=0 path_safe=0 on_spline=0 speed=2.21 raw_wpnts=0 raw_age=-s decision=TRAILING reason=NO_STATIC_PATH
1787358407.030 [DYNAMIC_OT] target=241 gap=3.76 ego_v=2.21 opp_v=1.50 rel_v=0.71 sector=1 force_trailing=0 pred_age=0.07 pred_valid=1 path=1 path_age=0.56 safe=0 left=1 right=1 state=TRAILING decision=TRAILING reason=PATH_BLOCKED
1787358407.056 [OPP_MEM_DBG] state=GB_TRACK src=GB_TRACK n_obs=0 last_gap=3.76 age=0.03 window=3.00 ebh=8.00 track_len=39.52 active=1
1787358407.056 [STATE_CHANGE] TRAILING -> GB_TRACK src=GB_TRACK s=31.27 d=0.01 vs=2.19
1787358407.058 [OPP_MEMORY] opponent id=241 lost 0.03s ago at gap=3.76m -- holding speed cap 1.90 m/s (raceline 2.90) state=GB_TRACK
1787358407.078 [STATE_CHANGE] GB_TRACK -> TRAILING src=GB_TRACK s=31.37 d=0.01 vs=2.18
1787358407.159 [STATE_CHANGE] TRAILING -> OVERTAKE src=OVERTAKE s=31.48 d=0.02 vs=2.17
1787358407.252 [OBSTACLES] cur_s=31.71 cur_d=0.03 vs=2.10 n=1 [id=241 static=0 gap=3.28m d=-0.05 size=0.44]
1787358407.255 [DYNAMIC_OT] target=241 gap=3.50 ego_v=2.10 opp_v=1.75 rel_v=0.36 sector=1 force_trailing=0 pred_age=0.16 pred_valid=1 path=1 path_age=0.17 safe=1 left=1 right=0 state=OVERTAKE decision=OVERTAKE
1787358407.470 [DYNAMIC_OT] target=241 gap=3.50 ego_v=1.82 opp_v=1.93 rel_v=-0.11 sector=1 force_trailing=0 pred_age=0.09 pred_valid=1 path=1 path_age=0.38 safe=1 left=1 right=0 state=OVERTAKE decision=OVERTAKE
1787358407.674 [DYNAMIC_OT] target=241 gap=3.38 ego_v=1.90 opp_v=2.08 rel_v=-0.18 sector=1 force_trailing=0 pred_age=0.02 pred_valid=1 path=1 path_age=0.58 safe=1 left=1 right=0 state=OVERTAKE decision=OVERTAKE
1787358407.768 [OBSTACLES] cur_s=32.96 cur_d=0.20 vs=2.03 n=1 [id=241 static=0 gap=3.22m d=-0.17 size=0.44]
1787358407.891 [DYNAMIC_OT] target=241 gap=3.28 ego_v=2.31 opp_v=2.09 rel_v=0.22 sector=1 force_trailing=0 pred_age=0.11 pred_valid=1 path=1 path_age=0.80 safe=1 left=1 right=0 state=OVERTAKE decision=OVERTAKE
1787358408.111 [DYNAMIC_OT] target=241 gap=3.14 ego_v=2.79 opp_v=1.87 rel_v=0.93 sector=1 force_trailing=0 pred_age=0.08 pred_valid=1 path=1 path_age=1.02 safe=1 left=1 right=0 state=OVERTAKE decision=OVERTAKE
1787358408.268 [OBSTACLES] cur_s=34.38 cur_d=0.60 vs=3.20 n=1 [id=241 static=0 gap=2.68m d=-0.17 size=0.44]
1787358408.312 [DYNAMIC_OT] target=241 gap=2.89 ego_v=3.30 opp_v=1.93 rel_v=1.38 sector=1 force_trailing=0 pred_age=0.12 pred_valid=1 path=1 path_age=1.22 safe=1 left=1 right=0 state=OVERTAKE decision=OVERTAKE
1787358408.513 [DYNAMIC_OT] target=241 gap=2.50 ego_v=3.77 opp_v=2.07 rel_v=1.71 sector=1 force_trailing=0 pred_age=0.18 pred_valid=1 path=1 path_age=1.42 safe=1 left=1 right=0 state=OVERTAKE decision=OVERTAKE
1787358408.717 [DYNAMIC_OT] target=241 gap=2.34 ego_v=4.12 opp_v=2.19 rel_v=1.94 sector=1 force_trailing=0 pred_age=0.22 pred_valid=1 path=1 path_age=1.63 safe=1 left=1 right=0 state=OVERTAKE decision=OVERTAKE
1787358408.773 [OBSTACLES] cur_s=36.19 cur_d=0.57 vs=4.22 n=1 [id=241 static=0 gap=1.89m d=-0.19 size=0.44]
1787358408.935 [DYNAMIC_OT] target=241 gap=1.54 ego_v=4.31 opp_v=2.90 rel_v=1.41 sector=1 force_trailing=0 pred_age=0.10 pred_valid=1 path=1 path_age=1.84 safe=1 left=1 right=0 state=OVERTAKE decision=OVERTAKE
1787358409.147 [DYNAMIC_OT] target=241 gap=1.48 ego_v=4.41 opp_v=3.35 rel_v=1.06 sector=1 force_trailing=0 pred_age=0.05 pred_valid=1 path=1 path_age=2.05 safe=1 left=1 right=0 state=OVERTAKE decision=OVERTAKE
1787358409.290 [OBSTACLES] cur_s=38.81 cur_d=0.35 vs=4.53 n=1 [id=241 static=0 gap=1.14m d=-0.39 size=0.44]
1787358409.370 [DYNAMIC_OT] target=241 gap=1.50 ego_v=4.59 opp_v=3.74 rel_v=0.85 sector=1 force_trailing=0 pred_age=0.11 pred_valid=1 path=1 path_age=2.27 safe=1 left=1 right=0 state=OVERTAKE decision=OVERTAKE
1787358409.533 [OPP_MEM_DBG] state=OVERTAKE src=OVERTAKE n_obs=0 last_gap=1.61 age=0.02 window=3.00 ebh=8.00 track_len=39.52 active=1
1787358409.535 [OPP_MEMORY] opponent id=241 lost 0.02s ago at gap=1.61m -- holding speed cap 4.19 m/s (raceline 8.71) state=OVERTAKE
1787358409.580 [DYNAMIC_OT] target=241 gap=1.19 ego_v=4.75 opp_v=3.30 rel_v=1.45 sector=1 force_trailing=0 pred_age=0.05 pred_valid=1 path=1 path_age=2.49 safe=1 left=1 right=0 state=OVERTAKE decision=OVERTAKE
1787358409.769 [STATE_CHANGE] OVERTAKE -> GB_TRACK src=GB_TRACK s=1.55 d=0.02 vs=4.78
1787358409.807 [OBSTACLES] cur_s=1.55 cur_d=0.02 vs=4.78 n=0 [none]
1787358409.891 [STATE_CHANGE] GB_TRACK -> LOSTLINE src=GB_TRACK s=2.45 d=-0.60 vs=3.83
1787358410.039 [OPP_MEMORY] opponent id=241 lost 0.29s ago at gap=0.20m -- holding speed cap 2.44 m/s (raceline 6.67) state=LOSTLINE
1787358410.312 [OBSTACLES] cur_s=3.47 cur_d=-1.40 vs=-0.81 n=0 [none]
1787358410.538 [STATIC_OT] state=GB_TRACK path_exists=0 path_locked=0 path_ttl_ok=0 path_safe=0 on_spline=0 speed=-5.19 raw_wpnts=0 raw_age=-s decision=TRAILING reason=NO_STATIC_PATH
1787358410.553 [DYNAMIC_OT] target=241 gap=0.44 ego_v=-5.19 opp_v=2.10 rel_v=-7.29 sector=1 force_trailing=0 pred_age=0.19 pred_valid=1 path=0 path_age=1.10 safe=1 left=1 right=0 state=TRAILING decision=TRAILING reason=REL_SPEED
1787358410.553 [STATE_CHANGE] LOSTLINE -> TRAILING src=GB_TRACK s=2.72 d=-1.27 vs=-5.19
1787358410.754 [DYNAMIC_OT] target=241 gap=1.43 ego_v=-5.24 opp_v=2.10 rel_v=-7.34 sector=1 force_trailing=0 pred_age=0.23 pred_valid=1 path=0 path_age=1.30 safe=1 left=1 right=0 state=TRAILING decision=TRAILING reason=REL_SPEED
1787358410.809 [STATIC_OT] state=TRAILING path_exists=0 path_locked=0 path_ttl_ok=0 path_safe=0 on_spline=0 speed=-5.18 raw_wpnts=0 raw_age=-s decision=TRAILING reason=NO_STATIC_PATH
1787358410.856 [OBSTACLES] cur_s=1.81 cur_d=-1.64 vs=-5.13 n=1 [id=241 static=0 gap=1.59m d=-0.17 size=0.55]
1787358411.000 [DYNAMIC_OT] target=241 gap=2.36 ego_v=-4.98 opp_v=2.10 rel_v=-7.08 sector=1 force_trailing=0 pred_age=0.16 pred_valid=1 path=0 path_age=1.55 safe=1 left=1 right=0 state=TRAILING decision=TRAILING reason=REL_SPEED
1787358411.034 [STATIC_OT] state=TRAILING path_exists=0 path_locked=0 path_ttl_ok=0 path_safe=0 on_spline=0 speed=-4.92 raw_wpnts=0 raw_age=-s decision=TRAILING reason=NO_STATIC_PATH
1787358411.208 [DYNAMIC_OT] target=241 gap=3.41 ego_v=-4.59 opp_v=2.10 rel_v=-6.69 sector=1 force_trailing=0 pred_age=0.08 pred_valid=1 path=0 path_age=1.76 safe=1 left=1 right=0 state=TRAILING decision=TRAILING reason=REL_SPEED
1787358411.243 [STATIC_OT] state=TRAILING path_exists=0 path_locked=0 path_ttl_ok=0 path_safe=0 on_spline=0 speed=-4.51 raw_wpnts=0 raw_age=-s decision=TRAILING reason=NO_STATIC_PATH
1787358411.372 [OBSTACLES] cur_s=0.56 cur_d=-2.47 vs=-4.29 n=1 [id=241 static=0 gap=3.85m d=-0.14 size=0.55]
1787358411.443 [DYNAMIC_OT] target=241 gap=4.34 ego_v=-4.12 opp_v=2.10 rel_v=-6.22 sector=1 force_trailing=0 pred_age=0.14 pred_valid=1 path=0 path_age=1.98 safe=1 left=- right=- state=TRAILING decision=TRAILING reason=REL_SPEED
1787358411.519 [STATIC_OT] state=TRAILING path_exists=0 path_locked=0 path_ttl_ok=0 path_safe=0 on_spline=0 speed=-3.69 raw_wpnts=0 raw_age=-s decision=TRAILING reason=NO_STATIC_PATH
1787358411.651 [DYNAMIC_OT] target=241 gap=4.88 ego_v=-3.19 opp_v=2.10 rel_v=-5.29 sector=1 force_trailing=0 pred_age=0.09 pred_valid=1 path=0 path_age=2.19 safe=1 left=- right=- state=TRAILING decision=TRAILING reason=REL_SPEED
1787358411.745 [STATIC_OT] state=TRAILING path_exists=0 path_locked=0 path_ttl_ok=0 path_safe=0 on_spline=0 speed=-3.70 raw_wpnts=0 raw_age=-s decision=TRAILING reason=NO_STATIC_PATH
1787358411.813 [OPP_MEM_DBG] state=LOSTLINE src=GB_TRACK n_obs=0 last_gap=5.54 age=0.02 window=3.00 ebh=8.00 track_len=39.52 active=1
1787358411.813 [STATE_CHANGE] TRAILING -> LOSTLINE src=GB_TRACK s=0.03 d=-3.28 vs=-3.62
1787358411.816 [OPP_MEMORY] opponent id=241 lost 0.02s ago at gap=5.54m -- holding speed cap 7.08 m/s (raceline 8.85) state=LOSTLINE
1787358411.872 [OBSTACLES] cur_s=39.43 cur_d=-3.12 vs=-3.43 n=0 [none]
1787358412.330 [OPP_MEMORY] opponent id=241 lost 0.54s ago at gap=5.54m -- holding speed cap 6.55 m/s (raceline 8.18) state=LOSTLINE
1787358412.415 [OBSTACLES] cur_s=0.87 cur_d=-0.97 vs=0.42 n=0 [none]
1787358412.836 [OPP_MEM_DBG] state=LOSTLINE src=GB_TRACK n_obs=0 last_gap=5.54 age=1.05 window=3.00 ebh=8.00 track_len=39.52 active=1
1787358412.850 [OPP_MEMORY] opponent id=241 lost 1.06s ago at gap=5.54m -- holding speed cap 6.55 m/s (raceline 8.18) state=LOSTLINE
1787358412.948 [OBSTACLES] cur_s=0.88 cur_d=-0.98 vs=0.43 n=0 [none]
1787358413.356 [OPP_MEMORY] opponent id=241 lost 1.57s ago at gap=5.54m -- holding speed cap 6.55 m/s (raceline 8.18) state=LOSTLINE
1787358413.469 [OBSTACLES] cur_s=0.89 cur_d=-0.97 vs=0.22 n=0 [none]
1787358413.838 [OPP_MEM_DBG] state=LOSTLINE src=GB_TRACK n_obs=0 last_gap=5.54 age=2.05 window=3.00 ebh=8.00 track_len=39.52 active=1
1787358413.873 [OPP_MEMORY] opponent id=241 lost 2.08s ago at gap=5.54m -- holding speed cap 6.55 m/s (raceline 8.18) state=LOSTLINE
1787358413.975 [OBSTACLES] cur_s=0.86 cur_d=-0.99 vs=0.05 n=0 [none]
1787358414.393 [OPP_MEMORY] opponent id=241 lost 2.60s ago at gap=5.54m -- holding speed cap 6.55 m/s (raceline 8.18) state=LOSTLINE
1787358414.489 [OBSTACLES] cur_s=0.86 cur_d=-1.00 vs=0.17 n=0 [none]
1787358414.849 [OPP_MEM_DBG] state=LOSTLINE src=GB_TRACK n_obs=0 last_gap=5.54 age=3.06 window=3.00 ebh=8.00 track_len=39.52 active=0
1787358415.014 [OBSTACLES] cur_s=0.52 cur_d=-1.46 vs=-1.07 n=0 [none]
1787358415.210 [STATIC_OT] state=GB_TRACK path_exists=0 path_locked=0 path_ttl_ok=0 path_safe=0 on_spline=0 speed=-2.21 raw_wpnts=0 raw_age=-s decision=TRAILING reason=NO_STATIC_PATH
1787358415.212 [STATE_CHANGE] LOSTLINE -> TRAILING src=GB_TRACK s=39.19 d=-1.72 vs=-2.21
1787358415.335 [DYNAMIC_OT] target=249 gap=0.87 ego_v=-2.27 opp_v=0.00 rel_v=-2.27 sector=1 force_trailing=0 pred_age=2.94 pred_valid=0 path=0 path_age=5.88 safe=1 left=- right=- state=TRAILING decision=TRAILING reason=REL_SPEED
1787358415.368 [STATE_CHANGE] TRAILING -> LOSTLINE src=GB_TRACK s=38.45 d=-1.78 vs=-2.20
1787358415.370 [OPP_MEMORY] opponent id=249 lost 0.02s ago at gap=0.97m -- holding speed cap 3.45 m/s (raceline 8.04) state=LOSTLINE
1787358415.410 [STATE_CHANGE] LOSTLINE -> TRAILING src=GB_TRACK s=38.33 d=-1.79 vs=-2.09
1787358415.429 [STATIC_OT] state=TRAILING path_exists=0 path_locked=0 path_ttl_ok=0 path_safe=0 on_spline=0 speed=-1.97 raw_wpnts=0 raw_age=-s decision=TRAILING reason=NO_STATIC_PATH
1787358415.531 [OBSTACLES] cur_s=38.02 cur_d=-1.81 vs=-1.77 n=1 [id=249 static=0 gap=0.56m d=-0.31 size=0.56]
1787358415.535 [DYNAMIC_OT] target=249 gap=0.84 ego_v=-1.77 opp_v=0.00 rel_v=-1.77 sector=1 force_trailing=0 pred_age=3.14 pred_valid=0 path=0 path_age=6.08 safe=1 left=- right=- state=TRAILING decision=TRAILING reason=REL_SPEED
1787358415.633 [STATE_CHANGE] TRAILING -> LOSTLINE src=GB_TRACK s=37.83 d=-1.80 vs=-1.49
1787358415.670 [STATIC_OT] state=GB_TRACK path_exists=0 path_locked=0 path_ttl_ok=0 path_safe=0 on_spline=0 speed=-1.35 raw_wpnts=0 raw_age=-s decision=TRAILING reason=NO_STATIC_PATH
1787358415.671 [STATE_CHANGE] LOSTLINE -> TRAILING src=GB_TRACK s=37.78 d=-1.79 vs=-1.35
1787358415.745 [DYNAMIC_OT] target=249 gap=1.06 ego_v=-1.16 opp_v=0.00 rel_v=-1.16 sector=1 force_trailing=0 pred_age=3.35 pred_valid=0 path=0 path_age=6.29 safe=1 left=- right=- state=TRAILING decision=TRAILING reason=REL_SPEED
