# static_avoidance_node debug log started 20260816_215415
1786884860.212 [STATIC_AVOID] obs_id=- obs_dist=-m obs_s=- ego_s=7.89 side=- | left_clearance=- right_clearance=- candidate_valid=false rung=- | cache_used=false path_age=- path_points=0 planning_time_ms=0.2 | reason=no_static_obstacle_in_range | cache_reason=no_cache
1786884860.761 [STATIC_AVOID] obs_id=- obs_dist=-m obs_s=- ego_s=7.89 side=- | left_clearance=- right_clearance=- candidate_valid=false rung=- | cache_used=false path_age=- path_points=0 planning_time_ms=0.1 | reason=no_static_obstacle_in_range | cache_reason=no_cache
1786884861.308 [STATIC_AVOID] obs_id=- obs_dist=-m obs_s=- ego_s=7.89 side=- | left_clearance=- right_clearance=- candidate_valid=false rung=- | cache_used=false path_age=- path_points=0 planning_time_ms=0.1 | reason=no_static_obstacle_in_range | cache_reason=no_cache
1786884861.817 [STATIC_AVOID] obs_id=- obs_dist=-m obs_s=- ego_s=7.89 side=- | left_clearance=- right_clearance=- candidate_valid=false rung=- | cache_used=false path_age=- path_points=0 planning_time_ms=0.1 | reason=no_static_obstacle_in_range | cache_reason=no_cache
1786884862.356 [STATIC_AVOID] obs_id=- obs_dist=-m obs_s=- ego_s=7.89 side=- | left_clearance=- right_clearance=- candidate_valid=false rung=- | cache_used=false path_age=- path_points=0 planning_time_ms=0.1 | reason=no_static_obstacle_in_range | cache_reason=no_cache
1786884862.857 [STATIC_AVOID] obs_id=- obs_dist=-m obs_s=- ego_s=7.89 side=- | left_clearance=- right_clearance=- candidate_valid=false rung=- | cache_used=false path_age=- path_points=0 planning_time_ms=0.1 | reason=no_static_obstacle_in_range | cache_reason=no_cache
1786884863.362 [STATIC_AVOID] obs_id=- obs_dist=-m obs_s=- ego_s=7.89 side=- | left_clearance=- right_clearance=- candidate_valid=false rung=- | cache_used=false path_age=- path_points=0 planning_time_ms=0.2 | reason=no_static_obstacle_in_range | cache_reason=no_cache
1786884863.867 [STATIC_AVOID] obs_id=- obs_dist=-m obs_s=- ego_s=7.88 side=- | left_clearance=- right_clearance=- candidate_valid=false rung=- | cache_used=false path_age=- path_points=0 planning_time_ms=0.2 | reason=no_static_obstacle_in_range | cache_reason=no_cache
1786884864.419 [STATIC_AVOID] obs_id=- obs_dist=-m obs_s=- ego_s=7.89 side=- | left_clearance=- right_clearance=- candidate_valid=false rung=- | cache_used=false path_age=- path_points=0 planning_time_ms=0.1 | reason=no_static_obstacle_in_range | cache_reason=no_cache
1786884864.957 [STATIC_AVOID] obs_id=- obs_dist=-m obs_s=- ego_s=7.89 side=- | left_clearance=- right_clearance=- candidate_valid=false rung=- | cache_used=false path_age=- path_points=0 planning_time_ms=0.1 | reason=no_static_obstacle_in_range | cache_reason=no_cache
1786884865.459 [STATIC_AVOID] obs_id=- obs_dist=-m obs_s=- ego_s=7.89 side=- | left_clearance=- right_clearance=- candidate_valid=false rung=- | cache_used=false path_age=- path_points=0 planning_time_ms=0.1 | reason=no_static_obstacle_in_range | cache_reason=no_cache
1786884865.970 [STATIC_AVOID] obs_id=- obs_dist=-m obs_s=- ego_s=7.89 side=- | left_clearance=- right_clearance=- candidate_valid=false rung=- | cache_used=false path_age=- path_points=0 planning_time_ms=0.2 | reason=no_static_obstacle_in_range | cache_reason=no_cache
1786884866.471 [STATIC_AVOID] obs_id=- obs_dist=-m obs_s=- ego_s=7.89 side=- | left_clearance=- right_clearance=- candidate_valid=false rung=- | cache_used=false path_age=- path_points=0 planning_time_ms=0.1 | reason=no_static_obstacle_in_range | cache_reason=no_cache
1786884867.013 [STATIC_AVOID] obs_id=- obs_dist=-m obs_s=- ego_s=7.89 side=- | left_clearance=- right_clearance=- candidate_valid=false rung=- | cache_used=false path_age=- path_points=0 planning_time_ms=0.3 | reason=no_static_obstacle_in_range | cache_reason=no_cache
1786884867.556 [STATIC_AVOID] obs_id=- obs_dist=-m obs_s=- ego_s=7.89 side=- | left_clearance=- right_clearance=- candidate_valid=false rung=- | cache_used=false path_age=- path_points=0 planning_time_ms=0.2 | reason=no_static_obstacle_in_range | cache_reason=no_cache
1786884868.059 [STATIC_AVOID] obs_id=- obs_dist=-m obs_s=- ego_s=7.88 side=- | left_clearance=- right_clearance=- candidate_valid=false rung=- | cache_used=false path_age=- path_points=0 planning_time_ms=0.1 | reason=no_static_obstacle_in_range | cache_reason=no_cache
1786884868.610 [STATIC_AVOID] obs_id=- obs_dist=-m obs_s=- ego_s=7.89 side=- | left_clearance=- right_clearance=- candidate_valid=false rung=- | cache_used=false path_age=- path_points=0 planning_time_ms=0.1 | reason=no_static_obstacle_in_range | cache_reason=no_cache
1786884869.132 [STATIC_AVOID] obs_id=- obs_dist=-m obs_s=- ego_s=7.88 side=- | left_clearance=- right_clearance=- candidate_valid=false rung=- | cache_used=false path_age=- path_points=0 planning_time_ms=0.2 | reason=no_static_obstacle_in_range | cache_reason=no_cache
1786884869.656 [STATIC_AVOID] obs_id=- obs_dist=-m obs_s=- ego_s=7.89 side=- | left_clearance=- right_clearance=- candidate_valid=false rung=- | cache_used=false path_age=- path_points=0 planning_time_ms=0.3 | reason=no_static_obstacle_in_range | cache_reason=no_cache
1786884870.181 [STATIC_AVOID] obs_id=- obs_dist=-m obs_s=- ego_s=7.89 side=- | left_clearance=- right_clearance=- candidate_valid=false rung=- | cache_used=false path_age=- path_points=0 planning_time_ms=0.1 | reason=no_static_obstacle_in_range | cache_reason=no_cache
1786884870.719 [STATIC_AVOID] obs_id=- obs_dist=-m obs_s=- ego_s=7.89 side=- | left_clearance=- right_clearance=- candidate_valid=false rung=- | cache_used=false path_age=- path_points=0 planning_time_ms=0.1 | reason=no_static_obstacle_in_range | cache_reason=no_cache
1786884871.256 [STATIC_AVOID] obs_id=- obs_dist=-m obs_s=- ego_s=7.88 side=- | left_clearance=- right_clearance=- candidate_valid=false rung=- | cache_used=false path_age=- path_points=0 planning_time_ms=0.1 | reason=no_static_obstacle_in_range | cache_reason=no_cache
1786884871.762 [STATIC_AVOID] obs_id=- obs_dist=-m obs_s=- ego_s=7.89 side=- | left_clearance=- right_clearance=- candidate_valid=false rung=- | cache_used=false path_age=- path_points=0 planning_time_ms=0.1 | reason=no_static_obstacle_in_range | cache_reason=no_cache
1786884872.306 [STATIC_AVOID] obs_id=- obs_dist=-m obs_s=- ego_s=7.89 side=- | left_clearance=- right_clearance=- candidate_valid=false rung=- | cache_used=false path_age=- path_points=0 planning_time_ms=0.2 | reason=no_static_obstacle_in_range | cache_reason=no_cache
1786884872.811 [STATIC_AVOID] obs_id=- obs_dist=-m obs_s=- ego_s=7.89 side=- | left_clearance=- right_clearance=- candidate_valid=false rung=- | cache_used=false path_age=- path_points=0 planning_time_ms=0.1 | reason=no_static_obstacle_in_range | cache_reason=no_cache
1786884873.358 [STATIC_AVOID] obs_id=- obs_dist=-m obs_s=- ego_s=7.89 side=- | left_clearance=- right_clearance=- candidate_valid=false rung=- | cache_used=false path_age=- path_points=0 planning_time_ms=0.1 | reason=no_static_obstacle_in_range | cache_reason=no_cache
1786884873.859 [STATIC_AVOID] obs_id=- obs_dist=-m obs_s=- ego_s=7.89 side=- | left_clearance=- right_clearance=- candidate_valid=false rung=- | cache_used=false path_age=- path_points=0 planning_time_ms=0.1 | reason=no_static_obstacle_in_range | cache_reason=no_cache
1786884874.363 [STATIC_AVOID] obs_id=- obs_dist=-m obs_s=- ego_s=7.89 side=- | left_clearance=- right_clearance=- candidate_valid=false rung=- | cache_used=false path_age=- path_points=0 planning_time_ms=0.1 | reason=no_static_obstacle_in_range | cache_reason=no_cache
1786884874.864 [STATIC_AVOID] obs_id=- obs_dist=-m obs_s=- ego_s=7.89 side=- | left_clearance=- right_clearance=- candidate_valid=false rung=- | cache_used=false path_age=- path_points=0 planning_time_ms=0.1 | reason=no_static_obstacle_in_range | cache_reason=no_cache
1786884875.416 [STATIC_AVOID] obs_id=- obs_dist=-m obs_s=- ego_s=7.89 side=- | left_clearance=- right_clearance=- candidate_valid=false rung=- | cache_used=false path_age=- path_points=0 planning_time_ms=0.1 | reason=no_static_obstacle_in_range | cache_reason=no_cache
1786884875.958 [STATIC_AVOID] obs_id=- obs_dist=-m obs_s=- ego_s=7.89 side=- | left_clearance=- right_clearance=- candidate_valid=false rung=- | cache_used=false path_age=- path_points=0 planning_time_ms=0.2 | reason=no_static_obstacle_in_range | cache_reason=no_cache
1786884876.518 [STATIC_AVOID] obs_id=- obs_dist=-m obs_s=- ego_s=7.89 side=- | left_clearance=- right_clearance=- candidate_valid=false rung=- | cache_used=false path_age=- path_points=0 planning_time_ms=0.1 | reason=no_static_obstacle_in_range | cache_reason=no_cache
1786884877.026 [STATIC_AVOID] obs_id=- obs_dist=-m obs_s=- ego_s=7.88 side=- | left_clearance=- right_clearance=- candidate_valid=false rung=- | cache_used=false path_age=- path_points=0 planning_time_ms=0.1 | reason=no_static_obstacle_in_range | cache_reason=no_cache
1786884877.560 [STATIC_AVOID] obs_id=- obs_dist=-m obs_s=- ego_s=7.89 side=- | left_clearance=- right_clearance=- candidate_valid=false rung=- | cache_used=false path_age=- path_points=0 planning_time_ms=0.1 | reason=no_static_obstacle_in_range | cache_reason=no_cache
1786884878.063 [STATIC_AVOID] obs_id=- obs_dist=-m obs_s=- ego_s=7.89 side=- | left_clearance=- right_clearance=- candidate_valid=false rung=- | cache_used=false path_age=- path_points=0 planning_time_ms=0.2 | reason=no_static_obstacle_in_range | cache_reason=no_cache
1786884878.616 [STATIC_AVOID] obs_id=- obs_dist=-m obs_s=- ego_s=7.89 side=- | left_clearance=- right_clearance=- candidate_valid=false rung=- | cache_used=false path_age=- path_points=0 planning_time_ms=0.1 | reason=no_static_obstacle_in_range | cache_reason=no_cache
1786884879.160 [STATIC_AVOID] obs_id=- obs_dist=-m obs_s=- ego_s=7.89 side=- | left_clearance=- right_clearance=- candidate_valid=false rung=- | cache_used=false path_age=- path_points=0 planning_time_ms=0.1 | reason=no_static_obstacle_in_range | cache_reason=no_cache
1786884879.663 [STATIC_AVOID] obs_id=- obs_dist=-m obs_s=- ego_s=7.89 side=- | left_clearance=- right_clearance=- candidate_valid=false rung=- | cache_used=false path_age=- path_points=0 planning_time_ms=0.1 | reason=no_static_obstacle_in_range | cache_reason=no_cache
1786884880.214 [STATIC_AVOID] obs_id=- obs_dist=-m obs_s=- ego_s=7.88 side=- | left_clearance=- right_clearance=- candidate_valid=false rung=- | cache_used=false path_age=- path_points=0 planning_time_ms=0.1 | reason=no_static_obstacle_in_range | cache_reason=no_cache
1786884880.761 [STATIC_AVOID] obs_id=- obs_dist=-m obs_s=- ego_s=7.89 side=- | left_clearance=- right_clearance=- candidate_valid=false rung=- | cache_used=false path_age=- path_points=0 planning_time_ms=0.2 | reason=no_static_obstacle_in_range | cache_reason=no_cache
1786884881.264 [STATIC_AVOID] obs_id=- obs_dist=-m obs_s=- ego_s=7.89 side=- | left_clearance=- right_clearance=- candidate_valid=false rung=- | cache_used=false path_age=- path_points=0 planning_time_ms=0.1 | reason=no_static_obstacle_in_range | cache_reason=no_cache
1786884881.807 [STATIC_AVOID] obs_id=- obs_dist=-m obs_s=- ego_s=7.89 side=- | left_clearance=- right_clearance=- candidate_valid=false rung=- | cache_used=false path_age=- path_points=0 planning_time_ms=0.1 | reason=no_static_obstacle_in_range | cache_reason=no_cache
1786884882.324 [STATIC_AVOID] obs_id=- obs_dist=-m obs_s=- ego_s=7.89 side=- | left_clearance=- right_clearance=- candidate_valid=false rung=- | cache_used=false path_age=- path_points=0 planning_time_ms=4.3 | reason=no_static_obstacle_in_range | cache_reason=no_cache
1786884882.863 [STATIC_AVOID] obs_id=- obs_dist=-m obs_s=- ego_s=7.89 side=- | left_clearance=- right_clearance=- candidate_valid=false rung=- | cache_used=false path_age=- path_points=0 planning_time_ms=0.1 | reason=no_static_obstacle_in_range | cache_reason=no_cache
1786884883.371 [STATIC_AVOID] obs_id=- obs_dist=-m obs_s=- ego_s=7.88 side=- | left_clearance=- right_clearance=- candidate_valid=false rung=- | cache_used=false path_age=- path_points=0 planning_time_ms=0.2 | reason=no_static_obstacle_in_range | cache_reason=no_cache
1786884883.914 [STATIC_AVOID] obs_id=- obs_dist=-m obs_s=- ego_s=7.89 side=- | left_clearance=- right_clearance=- candidate_valid=false rung=- | cache_used=false path_age=- path_points=0 planning_time_ms=0.1 | reason=no_static_obstacle_in_range | cache_reason=no_cache
1786884884.467 [STATIC_AVOID] obs_id=- obs_dist=-m obs_s=- ego_s=7.88 side=- | left_clearance=- right_clearance=- candidate_valid=false rung=- | cache_used=false path_age=- path_points=0 planning_time_ms=0.1 | reason=no_static_obstacle_in_range | cache_reason=no_cache
1786884885.021 [STATIC_AVOID] obs_id=- obs_dist=-m obs_s=- ego_s=7.89 side=- | left_clearance=- right_clearance=- candidate_valid=false rung=- | cache_used=false path_age=- path_points=0 planning_time_ms=0.1 | reason=no_static_obstacle_in_range | cache_reason=no_cache
1786884885.563 [STATIC_AVOID] obs_id=- obs_dist=-m obs_s=- ego_s=7.89 side=- | left_clearance=- right_clearance=- candidate_valid=false rung=- | cache_used=false path_age=- path_points=0 planning_time_ms=0.1 | reason=no_static_obstacle_in_range | cache_reason=no_cache
1786884886.065 [STATIC_AVOID] obs_id=- obs_dist=-m obs_s=- ego_s=7.88 side=- | left_clearance=- right_clearance=- candidate_valid=false rung=- | cache_used=false path_age=- path_points=0 planning_time_ms=0.2 | reason=no_static_obstacle_in_range | cache_reason=no_cache
1786884886.622 [STATIC_AVOID] obs_id=- obs_dist=-m obs_s=- ego_s=7.89 side=- | left_clearance=- right_clearance=- candidate_valid=false rung=- | cache_used=false path_age=- path_points=0 planning_time_ms=2.5 | reason=no_static_obstacle_in_range | cache_reason=no_cache
1786884887.160 [STATIC_AVOID] obs_id=- obs_dist=-m obs_s=- ego_s=7.89 side=- | left_clearance=- right_clearance=- candidate_valid=false rung=- | cache_used=false path_age=- path_points=0 planning_time_ms=0.1 | reason=no_static_obstacle_in_range | cache_reason=no_cache
1786884887.673 [STATIC_AVOID] obs_id=- obs_dist=-m obs_s=- ego_s=7.89 side=- | left_clearance=- right_clearance=- candidate_valid=false rung=- | cache_used=false path_age=- path_points=0 planning_time_ms=0.1 | reason=no_static_obstacle_in_range | cache_reason=no_cache
1786884888.178 [STATIC_AVOID] obs_id=- obs_dist=-m obs_s=- ego_s=7.89 side=- | left_clearance=- right_clearance=- candidate_valid=false rung=- | cache_used=false path_age=- path_points=0 planning_time_ms=0.1 | reason=no_static_obstacle_in_range | cache_reason=no_cache
1786884888.730 [STATIC_AVOID] obs_id=- obs_dist=-m obs_s=- ego_s=7.89 side=- | left_clearance=- right_clearance=- candidate_valid=false rung=- | cache_used=false path_age=- path_points=0 planning_time_ms=0.1 | reason=no_static_obstacle_in_range | cache_reason=no_cache
1786884889.266 [STATIC_AVOID] obs_id=- obs_dist=-m obs_s=- ego_s=7.89 side=- | left_clearance=- right_clearance=- candidate_valid=false rung=- | cache_used=false path_age=- path_points=0 planning_time_ms=0.1 | reason=no_static_obstacle_in_range | cache_reason=no_cache
1786884889.817 [STATIC_AVOID] obs_id=- obs_dist=-m obs_s=- ego_s=7.89 side=- | left_clearance=- right_clearance=- candidate_valid=false rung=- | cache_used=false path_age=- path_points=0 planning_time_ms=0.1 | reason=no_static_obstacle_in_range | cache_reason=no_cache
1786884890.364 [STATIC_AVOID] obs_id=- obs_dist=-m obs_s=- ego_s=7.89 side=- | left_clearance=- right_clearance=- candidate_valid=false rung=- | cache_used=false path_age=- path_points=0 planning_time_ms=0.1 | reason=no_static_obstacle_in_range | cache_reason=no_cache
1786884890.914 [STATIC_AVOID] obs_id=- obs_dist=-m obs_s=- ego_s=7.88 side=- | left_clearance=- right_clearance=- candidate_valid=false rung=- | cache_used=false path_age=- path_points=0 planning_time_ms=0.2 | reason=no_static_obstacle_in_range | cache_reason=no_cache
1786884891.460 [STATIC_AVOID] obs_id=- obs_dist=-m obs_s=- ego_s=7.88 side=- | left_clearance=- right_clearance=- candidate_valid=false rung=- | cache_used=false path_age=- path_points=0 planning_time_ms=0.1 | reason=no_static_obstacle_in_range | cache_reason=no_cache
1786884891.963 [STATIC_AVOID] obs_id=- obs_dist=-m obs_s=- ego_s=7.89 side=- | left_clearance=- right_clearance=- candidate_valid=false rung=- | cache_used=false path_age=- path_points=0 planning_time_ms=0.1 | reason=no_static_obstacle_in_range | cache_reason=no_cache
1786884892.467 [STATIC_AVOID] obs_id=- obs_dist=-m obs_s=- ego_s=7.89 side=- | left_clearance=- right_clearance=- candidate_valid=false rung=- | cache_used=false path_age=- path_points=0 planning_time_ms=0.1 | reason=no_static_obstacle_in_range | cache_reason=no_cache
1786884893.015 [STATIC_AVOID] obs_id=- obs_dist=-m obs_s=- ego_s=7.89 side=- | left_clearance=- right_clearance=- candidate_valid=false rung=- | cache_used=false path_age=- path_points=0 planning_time_ms=2.7 | reason=no_static_obstacle_in_range | cache_reason=no_cache
1786884893.557 [STATIC_AVOID] obs_id=- obs_dist=-m obs_s=- ego_s=7.89 side=- | left_clearance=- right_clearance=- candidate_valid=false rung=- | cache_used=false path_age=- path_points=0 planning_time_ms=0.5 | reason=no_static_obstacle_in_range | cache_reason=no_cache
1786884894.120 [STATIC_AVOID] obs_id=- obs_dist=-m obs_s=- ego_s=7.89 side=- | left_clearance=- right_clearance=- candidate_valid=false rung=- | cache_used=false path_age=- path_points=0 planning_time_ms=13.7 | reason=no_static_obstacle_in_range | cache_reason=no_cache
1786884894.629 [STATIC_AVOID] obs_id=- obs_dist=-m obs_s=- ego_s=7.89 side=- | left_clearance=- right_clearance=- candidate_valid=false rung=- | cache_used=false path_age=- path_points=0 planning_time_ms=0.1 | reason=no_static_obstacle_in_range | cache_reason=no_cache
1786884895.162 [STATIC_AVOID] obs_id=- obs_dist=-m obs_s=- ego_s=7.89 side=- | left_clearance=- right_clearance=- candidate_valid=false rung=- | cache_used=false path_age=- path_points=0 planning_time_ms=0.1 | reason=no_static_obstacle_in_range | cache_reason=no_cache
1786884895.672 [STATIC_AVOID] obs_id=- obs_dist=-m obs_s=- ego_s=7.88 side=- | left_clearance=- right_clearance=- candidate_valid=false rung=- | cache_used=false path_age=- path_points=0 planning_time_ms=0.1 | reason=no_static_obstacle_in_range | cache_reason=no_cache
1786884896.207 [STATIC_AVOID] obs_id=- obs_dist=-m obs_s=- ego_s=7.88 side=- | left_clearance=- right_clearance=- candidate_valid=false rung=- | cache_used=false path_age=- path_points=0 planning_time_ms=0.1 | reason=no_static_obstacle_in_range | cache_reason=no_cache
1786884896.711 [STATIC_AVOID] obs_id=- obs_dist=-m obs_s=- ego_s=7.88 side=- | left_clearance=- right_clearance=- candidate_valid=false rung=- | cache_used=false path_age=- path_points=0 planning_time_ms=0.1 | reason=no_static_obstacle_in_range | cache_reason=no_cache
1786884897.266 [STATIC_AVOID] obs_id=- obs_dist=-m obs_s=- ego_s=7.88 side=- | left_clearance=- right_clearance=- candidate_valid=false rung=- | cache_used=false path_age=- path_points=0 planning_time_ms=5.5 | reason=no_static_obstacle_in_range | cache_reason=no_cache
1786884897.780 [STATIC_AVOID] obs_id=- obs_dist=-m obs_s=- ego_s=7.88 side=- | left_clearance=- right_clearance=- candidate_valid=false rung=- | cache_used=false path_age=- path_points=0 planning_time_ms=0.2 | reason=no_static_obstacle_in_range | cache_reason=no_cache
1786884898.311 [STATIC_AVOID] obs_id=- obs_dist=-m obs_s=- ego_s=7.89 side=- | left_clearance=- right_clearance=- candidate_valid=false rung=- | cache_used=false path_age=- path_points=0 planning_time_ms=0.1 | reason=no_static_obstacle_in_range | cache_reason=no_cache
1786884898.815 [STATIC_AVOID] obs_id=- obs_dist=-m obs_s=- ego_s=7.89 side=- | left_clearance=- right_clearance=- candidate_valid=false rung=- | cache_used=false path_age=- path_points=0 planning_time_ms=0.1 | reason=no_static_obstacle_in_range | cache_reason=no_cache
1786884899.364 [STATIC_AVOID] obs_id=- obs_dist=-m obs_s=- ego_s=7.89 side=- | left_clearance=- right_clearance=- candidate_valid=false rung=- | cache_used=false path_age=- path_points=0 planning_time_ms=0.2 | reason=no_static_obstacle_in_range | cache_reason=no_cache
1786884899.913 [STATIC_AVOID] obs_id=- obs_dist=-m obs_s=- ego_s=7.89 side=- | left_clearance=- right_clearance=- candidate_valid=false rung=- | cache_used=false path_age=- path_points=0 planning_time_ms=0.1 | reason=no_static_obstacle_in_range | cache_reason=no_cache
1786884900.461 [STATIC_AVOID] obs_id=- obs_dist=-m obs_s=- ego_s=7.89 side=- | left_clearance=- right_clearance=- candidate_valid=false rung=- | cache_used=false path_age=- path_points=0 planning_time_ms=0.1 | reason=no_static_obstacle_in_range | cache_reason=no_cache
1786884900.967 [STATIC_AVOID] obs_id=- obs_dist=-m obs_s=- ego_s=7.89 side=- | left_clearance=- right_clearance=- candidate_valid=false rung=- | cache_used=false path_age=- path_points=0 planning_time_ms=0.1 | reason=no_static_obstacle_in_range | cache_reason=no_cache
1786884901.511 [STATIC_AVOID] obs_id=- obs_dist=-m obs_s=- ego_s=7.90 side=- | left_clearance=- right_clearance=- candidate_valid=false rung=- | cache_used=false path_age=- path_points=0 planning_time_ms=0.2 | reason=no_static_obstacle_in_range | cache_reason=no_cache
1786884902.011 [STATIC_AVOID] obs_id=- obs_dist=-m obs_s=- ego_s=7.89 side=- | left_clearance=- right_clearance=- candidate_valid=false rung=- | cache_used=false path_age=- path_points=0 planning_time_ms=0.1 | reason=no_static_obstacle_in_range | cache_reason=no_cache
1786884902.517 [STATIC_AVOID] obs_id=- obs_dist=-m obs_s=- ego_s=7.88 side=- | left_clearance=- right_clearance=- candidate_valid=false rung=- | cache_used=false path_age=- path_points=0 planning_time_ms=0.1 | reason=no_static_obstacle_in_range | cache_reason=no_cache
1786884903.022 [STATIC_AVOID] obs_id=- obs_dist=-m obs_s=- ego_s=7.89 side=- | left_clearance=- right_clearance=- candidate_valid=false rung=- | cache_used=false path_age=- path_points=0 planning_time_ms=0.1 | reason=no_static_obstacle_in_range | cache_reason=no_cache
1786884903.558 [STATIC_AVOID] obs_id=- obs_dist=-m obs_s=- ego_s=7.88 side=- | left_clearance=- right_clearance=- candidate_valid=false rung=- | cache_used=false path_age=- path_points=0 planning_time_ms=0.1 | reason=no_static_obstacle_in_range | cache_reason=no_cache
1786884904.061 [STATIC_AVOID] obs_id=- obs_dist=-m obs_s=- ego_s=7.89 side=- | left_clearance=- right_clearance=- candidate_valid=false rung=- | cache_used=false path_age=- path_points=0 planning_time_ms=0.1 | reason=no_static_obstacle_in_range | cache_reason=no_cache
1786884904.562 [STATIC_AVOID] obs_id=- obs_dist=-m obs_s=- ego_s=7.88 side=- | left_clearance=- right_clearance=- candidate_valid=false rung=- | cache_used=false path_age=- path_points=0 planning_time_ms=0.8 | reason=no_static_obstacle_in_range | cache_reason=no_cache
1786884905.107 [STATIC_AVOID] obs_id=- obs_dist=-m obs_s=- ego_s=7.89 side=- | left_clearance=- right_clearance=- candidate_valid=false rung=- | cache_used=false path_age=- path_points=0 planning_time_ms=0.2 | reason=no_static_obstacle_in_range | cache_reason=no_cache
1786884905.609 [STATIC_AVOID] obs_id=- obs_dist=-m obs_s=- ego_s=7.89 side=- | left_clearance=- right_clearance=- candidate_valid=false rung=- | cache_used=false path_age=- path_points=0 planning_time_ms=0.1 | reason=no_static_obstacle_in_range | cache_reason=no_cache
1786884906.117 [STATIC_AVOID] obs_id=- obs_dist=-m obs_s=- ego_s=7.88 side=- | left_clearance=- right_clearance=- candidate_valid=false rung=- | cache_used=false path_age=- path_points=0 planning_time_ms=0.1 | reason=no_static_obstacle_in_range | cache_reason=no_cache
1786884906.669 [STATIC_AVOID] obs_id=- obs_dist=-m obs_s=- ego_s=7.89 side=- | left_clearance=- right_clearance=- candidate_valid=false rung=- | cache_used=false path_age=- path_points=0 planning_time_ms=3.2 | reason=no_static_obstacle_in_range | cache_reason=no_cache
1786884907.219 [STATIC_AVOID] obs_id=- obs_dist=-m obs_s=- ego_s=7.88 side=- | left_clearance=- right_clearance=- candidate_valid=false rung=- | cache_used=false path_age=- path_points=0 planning_time_ms=0.4 | reason=no_static_obstacle_in_range | cache_reason=no_cache
1786884907.757 [STATIC_AVOID] obs_id=- obs_dist=-m obs_s=- ego_s=7.89 side=- | left_clearance=- right_clearance=- candidate_valid=false rung=- | cache_used=false path_age=- path_points=0 planning_time_ms=0.1 | reason=no_static_obstacle_in_range | cache_reason=no_cache
1786884908.258 [STATIC_AVOID] obs_id=- obs_dist=-m obs_s=- ego_s=7.89 side=- | left_clearance=- right_clearance=- candidate_valid=false rung=- | cache_used=false path_age=- path_points=0 planning_time_ms=0.1 | reason=no_static_obstacle_in_range | cache_reason=no_cache
1786884908.766 [STATIC_AVOID] obs_id=- obs_dist=-m obs_s=- ego_s=7.89 side=- | left_clearance=- right_clearance=- candidate_valid=false rung=- | cache_used=false path_age=- path_points=0 planning_time_ms=0.1 | reason=no_static_obstacle_in_range | cache_reason=no_cache
1786884909.313 [STATIC_AVOID] obs_id=- obs_dist=-m obs_s=- ego_s=7.89 side=- | left_clearance=- right_clearance=- candidate_valid=false rung=- | cache_used=false path_age=- path_points=0 planning_time_ms=0.2 | reason=no_static_obstacle_in_range | cache_reason=no_cache
1786884909.857 [STATIC_AVOID] obs_id=- obs_dist=-m obs_s=- ego_s=7.89 side=- | left_clearance=- right_clearance=- candidate_valid=false rung=- | cache_used=false path_age=- path_points=0 planning_time_ms=0.1 | reason=no_static_obstacle_in_range | cache_reason=no_cache
1786884910.357 [STATIC_AVOID] obs_id=- obs_dist=-m obs_s=- ego_s=7.88 side=- | left_clearance=- right_clearance=- candidate_valid=false rung=- | cache_used=false path_age=- path_points=0 planning_time_ms=0.1 | reason=no_static_obstacle_in_range | cache_reason=no_cache
1786884910.861 [STATIC_AVOID] obs_id=- obs_dist=-m obs_s=- ego_s=7.89 side=- | left_clearance=- right_clearance=- candidate_valid=false rung=- | cache_used=false path_age=- path_points=0 planning_time_ms=0.1 | reason=no_static_obstacle_in_range | cache_reason=no_cache
1786884911.362 [STATIC_AVOID] obs_id=- obs_dist=-m obs_s=- ego_s=7.89 side=- | left_clearance=- right_clearance=- candidate_valid=false rung=- | cache_used=false path_age=- path_points=0 planning_time_ms=0.1 | reason=no_static_obstacle_in_range | cache_reason=no_cache
1786884911.873 [STATIC_AVOID] obs_id=- obs_dist=-m obs_s=- ego_s=7.89 side=- | left_clearance=- right_clearance=- candidate_valid=false rung=- | cache_used=false path_age=- path_points=0 planning_time_ms=0.1 | reason=no_static_obstacle_in_range | cache_reason=no_cache
1786884912.409 [STATIC_AVOID] obs_id=- obs_dist=-m obs_s=- ego_s=7.88 side=- | left_clearance=- right_clearance=- candidate_valid=false rung=- | cache_used=false path_age=- path_points=0 planning_time_ms=0.1 | reason=no_static_obstacle_in_range | cache_reason=no_cache
1786884912.921 [STATIC_AVOID] obs_id=- obs_dist=-m obs_s=- ego_s=7.88 side=- | left_clearance=- right_clearance=- candidate_valid=false rung=- | cache_used=false path_age=- path_points=0 planning_time_ms=0.1 | reason=no_static_obstacle_in_range | cache_reason=no_cache
1786884913.465 [STATIC_AVOID] obs_id=- obs_dist=-m obs_s=- ego_s=7.88 side=- | left_clearance=- right_clearance=- candidate_valid=false rung=- | cache_used=false path_age=- path_points=0 planning_time_ms=0.2 | reason=no_static_obstacle_in_range | cache_reason=no_cache
1786884913.979 [STATIC_AVOID] obs_id=- obs_dist=-m obs_s=- ego_s=7.88 side=- | left_clearance=- right_clearance=- candidate_valid=false rung=- | cache_used=false path_age=- path_points=0 planning_time_ms=0.1 | reason=no_static_obstacle_in_range | cache_reason=no_cache
1786884914.515 [STATIC_AVOID] obs_id=- obs_dist=-m obs_s=- ego_s=7.88 side=- | left_clearance=- right_clearance=- candidate_valid=false rung=- | cache_used=false path_age=- path_points=0 planning_time_ms=0.1 | reason=no_static_obstacle_in_range | cache_reason=no_cache
1786884915.022 [STATIC_AVOID] obs_id=- obs_dist=-m obs_s=- ego_s=7.88 side=- | left_clearance=- right_clearance=- candidate_valid=false rung=- | cache_used=false path_age=- path_points=0 planning_time_ms=0.1 | reason=no_static_obstacle_in_range | cache_reason=no_cache
1786884915.557 [STATIC_AVOID] obs_id=- obs_dist=-m obs_s=- ego_s=7.89 side=- | left_clearance=- right_clearance=- candidate_valid=false rung=- | cache_used=false path_age=- path_points=0 planning_time_ms=0.1 | reason=no_static_obstacle_in_range | cache_reason=no_cache
1786884916.062 [STATIC_AVOID] obs_id=- obs_dist=-m obs_s=- ego_s=7.89 side=- | left_clearance=- right_clearance=- candidate_valid=false rung=- | cache_used=false path_age=- path_points=0 planning_time_ms=0.1 | reason=no_static_obstacle_in_range | cache_reason=no_cache
1786884916.564 [STATIC_AVOID] obs_id=- obs_dist=-m obs_s=- ego_s=7.89 side=- | left_clearance=- right_clearance=- candidate_valid=false rung=- | cache_used=false path_age=- path_points=0 planning_time_ms=0.1 | reason=no_static_obstacle_in_range | cache_reason=no_cache
1786884917.070 [STATIC_AVOID] obs_id=- obs_dist=-m obs_s=- ego_s=7.88 side=- | left_clearance=- right_clearance=- candidate_valid=false rung=- | cache_used=false path_age=- path_points=0 planning_time_ms=0.1 | reason=no_static_obstacle_in_range | cache_reason=no_cache
1786884917.612 [STATIC_AVOID] obs_id=- obs_dist=-m obs_s=- ego_s=7.89 side=- | left_clearance=- right_clearance=- candidate_valid=false rung=- | cache_used=false path_age=- path_points=0 planning_time_ms=0.1 | reason=no_static_obstacle_in_range | cache_reason=no_cache
1786884918.130 [STATIC_AVOID] obs_id=- obs_dist=-m obs_s=- ego_s=7.89 side=- | left_clearance=- right_clearance=- candidate_valid=false rung=- | cache_used=false path_age=- path_points=0 planning_time_ms=0.1 | reason=no_static_obstacle_in_range | cache_reason=no_cache
1786884918.658 [STATIC_AVOID] obs_id=- obs_dist=-m obs_s=- ego_s=7.89 side=- | left_clearance=- right_clearance=- candidate_valid=false rung=- | cache_used=false path_age=- path_points=0 planning_time_ms=0.1 | reason=no_static_obstacle_in_range | cache_reason=no_cache
1786884919.164 [STATIC_AVOID] obs_id=- obs_dist=-m obs_s=- ego_s=7.88 side=- | left_clearance=- right_clearance=- candidate_valid=false rung=- | cache_used=false path_age=- path_points=0 planning_time_ms=0.1 | reason=no_static_obstacle_in_range | cache_reason=no_cache
1786884919.692 [STATIC_AVOID] obs_id=- obs_dist=-m obs_s=- ego_s=7.89 side=- | left_clearance=- right_clearance=- candidate_valid=false rung=- | cache_used=false path_age=- path_points=0 planning_time_ms=0.2 | reason=no_static_obstacle_in_range | cache_reason=no_cache
1786884920.217 [STATIC_AVOID] obs_id=- obs_dist=-m obs_s=- ego_s=7.88 side=- | left_clearance=- right_clearance=- candidate_valid=false rung=- | cache_used=false path_age=- path_points=0 planning_time_ms=0.1 | reason=no_static_obstacle_in_range | cache_reason=no_cache
1786884920.719 [STATIC_AVOID] obs_id=- obs_dist=-m obs_s=- ego_s=7.89 side=- | left_clearance=- right_clearance=- candidate_valid=false rung=- | cache_used=false path_age=- path_points=0 planning_time_ms=0.2 | reason=no_static_obstacle_in_range | cache_reason=no_cache
1786884921.268 [STATIC_AVOID] obs_id=- obs_dist=-m obs_s=- ego_s=7.88 side=- | left_clearance=- right_clearance=- candidate_valid=false rung=- | cache_used=false path_age=- path_points=0 planning_time_ms=0.2 | reason=no_static_obstacle_in_range | cache_reason=no_cache
1786884921.775 [STATIC_AVOID] obs_id=- obs_dist=-m obs_s=- ego_s=7.89 side=- | left_clearance=- right_clearance=- candidate_valid=false rung=- | cache_used=false path_age=- path_points=0 planning_time_ms=0.1 | reason=no_static_obstacle_in_range | cache_reason=no_cache
1786884922.312 [STATIC_AVOID] obs_id=- obs_dist=-m obs_s=- ego_s=7.89 side=- | left_clearance=- right_clearance=- candidate_valid=false rung=- | cache_used=false path_age=- path_points=0 planning_time_ms=0.1 | reason=no_static_obstacle_in_range | cache_reason=no_cache
1786884922.864 [STATIC_AVOID] obs_id=- obs_dist=-m obs_s=- ego_s=7.89 side=- | left_clearance=- right_clearance=- candidate_valid=false rung=- | cache_used=false path_age=- path_points=0 planning_time_ms=0.1 | reason=no_static_obstacle_in_range | cache_reason=no_cache
1786884923.407 [STATIC_AVOID] obs_id=- obs_dist=-m obs_s=- ego_s=7.89 side=- | left_clearance=- right_clearance=- candidate_valid=false rung=- | cache_used=false path_age=- path_points=0 planning_time_ms=0.1 | reason=no_static_obstacle_in_range | cache_reason=no_cache
1786884923.918 [STATIC_AVOID] obs_id=- obs_dist=-m obs_s=- ego_s=7.89 side=- | left_clearance=- right_clearance=- candidate_valid=false rung=- | cache_used=false path_age=- path_points=0 planning_time_ms=0.2 | reason=no_static_obstacle_in_range | cache_reason=no_cache
1786884924.458 [STATIC_AVOID] obs_id=- obs_dist=-m obs_s=- ego_s=7.89 side=- | left_clearance=- right_clearance=- candidate_valid=false rung=- | cache_used=false path_age=- path_points=0 planning_time_ms=0.1 | reason=no_static_obstacle_in_range | cache_reason=no_cache
1786884924.961 [STATIC_AVOID] obs_id=- obs_dist=-m obs_s=- ego_s=7.89 side=- | left_clearance=- right_clearance=- candidate_valid=false rung=- | cache_used=false path_age=- path_points=0 planning_time_ms=0.1 | reason=no_static_obstacle_in_range | cache_reason=no_cache
1786884925.511 [STATIC_AVOID] obs_id=- obs_dist=-m obs_s=- ego_s=7.89 side=- | left_clearance=- right_clearance=- candidate_valid=false rung=- | cache_used=false path_age=- path_points=0 planning_time_ms=1.3 | reason=no_static_obstacle_in_range | cache_reason=no_cache
1786884926.065 [STATIC_AVOID] obs_id=- obs_dist=-m obs_s=- ego_s=7.88 side=- | left_clearance=- right_clearance=- candidate_valid=false rung=- | cache_used=false path_age=- path_points=0 planning_time_ms=0.2 | reason=no_static_obstacle_in_range | cache_reason=no_cache
1786884926.606 [STATIC_AVOID] obs_id=- obs_dist=-m obs_s=- ego_s=7.89 side=- | left_clearance=- right_clearance=- candidate_valid=false rung=- | cache_used=false path_age=- path_points=0 planning_time_ms=0.2 | reason=no_static_obstacle_in_range | cache_reason=no_cache
1786884927.106 [STATIC_AVOID] obs_id=- obs_dist=-m obs_s=- ego_s=17.39 side=- | left_clearance=- right_clearance=- candidate_valid=false rung=- | cache_used=false path_age=- path_points=0 planning_time_ms=0.1 | reason=no_static_obstacle_in_range | cache_reason=no_cache
1786884927.607 [STATIC_AVOID] obs_id=- obs_dist=-m obs_s=- ego_s=17.49 side=- | left_clearance=- right_clearance=- candidate_valid=false rung=- | cache_used=false path_age=- path_points=0 planning_time_ms=0.1 | reason=no_static_obstacle_in_range | cache_reason=no_cache
1786884928.118 [STATIC_AVOID] obs_id=- obs_dist=-m obs_s=- ego_s=17.50 side=- | left_clearance=- right_clearance=- candidate_valid=false rung=- | cache_used=false path_age=- path_points=0 planning_time_ms=0.1 | reason=no_static_obstacle_in_range | cache_reason=no_cache
1786884928.666 [STATIC_AVOID] obs_id=- obs_dist=-m obs_s=- ego_s=17.50 side=- | left_clearance=- right_clearance=- candidate_valid=false rung=- | cache_used=false path_age=- path_points=0 planning_time_ms=0.1 | reason=no_static_obstacle_in_range | cache_reason=no_cache
1786884929.181 [STATIC_AVOID] obs_id=- obs_dist=-m obs_s=- ego_s=17.50 side=- | left_clearance=- right_clearance=- candidate_valid=false rung=- | cache_used=false path_age=- path_points=0 planning_time_ms=0.1 | reason=no_static_obstacle_in_range | cache_reason=no_cache
1786884929.711 [STATIC_AVOID] obs_id=- obs_dist=-m obs_s=- ego_s=17.50 side=- | left_clearance=- right_clearance=- candidate_valid=false rung=- | cache_used=false path_age=- path_points=0 planning_time_ms=0.1 | reason=no_static_obstacle_in_range | cache_reason=no_cache
1786884930.212 [STATIC_AVOID] obs_id=- obs_dist=-m obs_s=- ego_s=17.50 side=- | left_clearance=- right_clearance=- candidate_valid=false rung=- | cache_used=false path_age=- path_points=0 planning_time_ms=0.1 | reason=no_static_obstacle_in_range | cache_reason=no_cache
1786884930.777 [STATIC_AVOID] obs_id=- obs_dist=-m obs_s=- ego_s=16.33 side=- | left_clearance=- right_clearance=- candidate_valid=false rung=- | cache_used=false path_age=- path_points=0 planning_time_ms=0.1 | reason=no_static_obstacle_in_range | cache_reason=no_cache
1786884931.311 [STATIC_AVOID] obs_id=- obs_dist=-m obs_s=- ego_s=16.33 side=- | left_clearance=- right_clearance=- candidate_valid=false rung=- | cache_used=false path_age=- path_points=0 planning_time_ms=0.1 | reason=no_static_obstacle_in_range | cache_reason=no_cache
1786884931.830 [STATIC_AVOID] obs_id=7 obs_dist=5.92m obs_s=22.26 ego_s=16.34 side=- | left_clearance=0.42 right_clearance=0.32 candidate_valid=false rung=- | cache_used=false path_age=- path_points=0 planning_time_ms=11.7 | reason=track_too_narrow | cache_reason=no_cache
1786884932.347 [STATIC_AVOID] obs_id=7 obs_dist=5.93m obs_s=22.26 ego_s=16.33 side=- | left_clearance=0.41 right_clearance=0.31 candidate_valid=false rung=- | cache_used=false path_age=- path_points=0 planning_time_ms=18.0 | reason=track_too_narrow | cache_reason=no_cache
1786884932.882 [STATIC_AVOID] obs_id=7 obs_dist=5.91m obs_s=22.26 ego_s=16.35 side=- | left_clearance=0.38 right_clearance=0.29 candidate_valid=false rung=- | cache_used=false path_age=- path_points=0 planning_time_ms=17.0 | reason=track_too_narrow | cache_reason=no_cache
1786884933.424 [STATIC_AVOID] obs_id=7 obs_dist=5.73m obs_s=22.27 ego_s=16.54 side=- | left_clearance=0.37 right_clearance=0.29 candidate_valid=false rung=- | cache_used=false path_age=- path_points=0 planning_time_ms=15.6 | reason=track_too_narrow | cache_reason=no_cache
1786884933.960 [STATIC_AVOID] obs_id=7 obs_dist=5.44m obs_s=22.26 ego_s=16.82 side=RIGHT | left_clearance=0.36 right_clearance=0.28 candidate_valid=true rung=0 | cache_used=false path_age=0.000 path_points=110 planning_time_ms=20.6
1786884934.483 [STATIC_AVOID] obs_id=7 obs_dist=4.79m obs_s=22.23 ego_s=17.44 side=LEFT | left_clearance=0.39 right_clearance=0.31 candidate_valid=true rung=2 | cache_used=false path_age=0.000 path_points=109 planning_time_ms=20.3
1786884935.023 [STATIC_AVOID] obs_id=7 obs_dist=3.86m obs_s=22.21 ego_s=18.35 side=LEFT | left_clearance=0.37 right_clearance=0.31 candidate_valid=true rung=2 | cache_used=false path_age=0.000 path_points=100 planning_time_ms=37.5
1786884935.524 [STATIC_AVOID] obs_id=7 obs_dist=3.19m obs_s=22.22 ego_s=19.04 side=LEFT | left_clearance=0.40 right_clearance=0.32 candidate_valid=true rung=2 | cache_used=false path_age=0.000 path_points=93 planning_time_ms=12.2
1786884936.030 [STATIC_AVOID] obs_id=10 obs_dist=5.92m obs_s=25.08 ego_s=19.16 side=LEFT | left_clearance=0.89 right_clearance=-0.26 candidate_valid=true rung=0 | cache_used=false path_age=0.000 path_points=115 planning_time_ms=14.3
1786884936.531 [STATIC_AVOID] obs_id=7 obs_dist=2.95m obs_s=22.32 ego_s=19.37 side=LEFT | left_clearance=0.36 right_clearance=0.36 candidate_valid=true rung=0 | cache_used=false path_age=0.000 path_points=85 planning_time_ms=5.1
1786884937.068 [STATIC_AVOID] obs_id=7 obs_dist=2.41m obs_s=22.20 ego_s=19.78 side=LEFT | left_clearance=0.38 right_clearance=0.34 candidate_valid=true rung=0 | cache_used=false path_age=0.000 path_points=81 planning_time_ms=5.2
1786884937.581 [STATIC_AVOID] obs_id=7 obs_dist=2.33m obs_s=22.19 ego_s=19.85 side=LEFT | left_clearance=0.38 right_clearance=0.35 candidate_valid=true rung=0 | cache_used=false path_age=0.000 path_points=81 planning_time_ms=20.0
1786884938.120 [STATIC_AVOID] obs_id=7 obs_dist=1.75m obs_s=22.18 ego_s=20.44 side=LEFT | left_clearance=0.39 right_clearance=0.36 candidate_valid=true rung=1 | cache_used=false path_age=0.000 path_points=81 planning_time_ms=20.7
1786884938.640 [STATIC_AVOID] obs_id=7 obs_dist=0.63m obs_s=22.17 ego_s=21.54 side=LEFT | left_clearance=0.40 right_clearance=0.35 candidate_valid=true rung=1 | cache_used=false path_age=0.000 path_points=81 planning_time_ms=17.5
1786884939.162 [STATIC_AVOID] obs_id=12 obs_dist=2.09m obs_s=24.78 ego_s=22.69 side=LEFT | left_clearance=0.71 right_clearance=-0.12 candidate_valid=true rung=0 | cache_used=false path_age=0.000 path_points=81 planning_time_ms=3.0
1786884939.672 [STATIC_AVOID] obs_id=12 obs_dist=0.89m obs_s=24.88 ego_s=23.98 side=LEFT | left_clearance=0.72 right_clearance=-0.13 candidate_valid=true rung=0 | cache_used=false path_age=0.000 path_points=81 planning_time_ms=10.5
1786884940.265 [STATIC_AVOID] obs_id=12 obs_dist=0.24m obs_s=24.94 ego_s=24.71 side=LEFT | left_clearance=0.58 right_clearance=-0.16 candidate_valid=true rung=0 | cache_used=false path_age=0.000 path_points=81 planning_time_ms=3.2
1786884940.813 [STATIC_AVOID] obs_id=- obs_dist=-m obs_s=- ego_s=26.56 side=- | left_clearance=- right_clearance=- candidate_valid=false rung=- | cache_used=false path_age=- path_points=0 planning_time_ms=1.3 | reason=no_static_obstacle_in_range | cache_reason=no_cache
1786884941.359 [STATIC_AVOID] obs_id=- obs_dist=-m obs_s=- ego_s=28.03 side=- | left_clearance=- right_clearance=- candidate_valid=false rung=- | cache_used=false path_age=- path_points=0 planning_time_ms=0.1 | reason=no_static_obstacle_in_range | cache_reason=no_cache
1786884941.870 [STATIC_AVOID] obs_id=- obs_dist=-m obs_s=- ego_s=29.54 side=- | left_clearance=- right_clearance=- candidate_valid=false rung=- | cache_used=false path_age=- path_points=0 planning_time_ms=0.2 | reason=no_static_obstacle_in_range | cache_reason=no_cache
1786884942.393 [STATIC_AVOID] obs_id=- obs_dist=-m obs_s=- ego_s=31.18 side=- | left_clearance=- right_clearance=- candidate_valid=false rung=- | cache_used=false path_age=- path_points=0 planning_time_ms=0.1 | reason=no_static_obstacle_in_range | cache_reason=no_cache
1786884942.910 [STATIC_AVOID] obs_id=- obs_dist=-m obs_s=- ego_s=33.52 side=- | left_clearance=- right_clearance=- candidate_valid=false rung=- | cache_used=false path_age=- path_points=0 planning_time_ms=0.1 | reason=no_static_obstacle_in_range | cache_reason=no_cache
1786884943.413 [STATIC_AVOID] obs_id=- obs_dist=-m obs_s=- ego_s=1.07 side=- | left_clearance=- right_clearance=- candidate_valid=false rung=- | cache_used=false path_age=- path_points=0 planning_time_ms=0.1 | reason=no_static_obstacle_in_range | cache_reason=no_cache
1786884943.925 [STATIC_AVOID] obs_id=- obs_dist=-m obs_s=- ego_s=3.09 side=- | left_clearance=- right_clearance=- candidate_valid=false rung=- | cache_used=false path_age=- path_points=0 planning_time_ms=0.1 | reason=no_static_obstacle_in_range | cache_reason=no_cache
1786884944.464 [STATIC_AVOID] obs_id=- obs_dist=-m obs_s=- ego_s=5.13 side=- | left_clearance=- right_clearance=- candidate_valid=false rung=- | cache_used=false path_age=- path_points=0 planning_time_ms=0.1 | reason=no_static_obstacle_in_range | cache_reason=no_cache
1786884945.015 [STATIC_AVOID] obs_id=- obs_dist=-m obs_s=- ego_s=7.95 side=- | left_clearance=- right_clearance=- candidate_valid=false rung=- | cache_used=false path_age=- path_points=0 planning_time_ms=0.1 | reason=no_static_obstacle_in_range | cache_reason=no_cache
1786884945.557 [STATIC_AVOID] obs_id=- obs_dist=-m obs_s=- ego_s=10.28 side=- | left_clearance=- right_clearance=- candidate_valid=false rung=- | cache_used=false path_age=- path_points=0 planning_time_ms=0.1 | reason=no_static_obstacle_in_range | cache_reason=no_cache
1786884946.095 [STATIC_AVOID] obs_id=13 obs_dist=4.06m obs_s=15.20 ego_s=11.15 side=RIGHT | left_clearance=-0.04 right_clearance=0.22 candidate_valid=false rung=- | cache_used=true path_age=0.123 path_points=109 planning_time_ms=19.1 | reason=obstacle_clearance
1786884946.660 [STATIC_AVOID] obs_id=13 obs_dist=2.51m obs_s=15.16 ego_s=12.65 side=RIGHT | left_clearance=0.05 right_clearance=0.09 candidate_valid=true rung=0 | cache_used=false path_age=0.000 path_points=90 planning_time_ms=14.8
1786884947.186 [STATIC_AVOID] obs_id=13 obs_dist=1.12m obs_s=15.14 ego_s=14.02 side=LEFT | left_clearance=0.17 right_clearance=-0.04 candidate_valid=false rung=- | cache_used=true path_age=0.073 path_points=81 planning_time_ms=11.1 | reason=track_too_narrow
1786884947.687 [STATIC_AVOID] obs_id=13 obs_dist=-0.12m obs_s=15.13 ego_s=15.25 side=RIGHT | left_clearance=0.10 right_clearance=-0.14 candidate_valid=true rung=1 | cache_used=false path_age=0.000 path_points=81 planning_time_ms=15.6
1786884948.188 [STATIC_AVOID] obs_id=15 obs_dist=5.54m obs_s=21.95 ego_s=16.41 side=LEFT | left_clearance=0.38 right_clearance=0.35 candidate_valid=true rung=0 | cache_used=false path_age=0.000 path_points=115 planning_time_ms=7.5
1786884948.844 [STATIC_AVOID] obs_id=15 obs_dist=3.86m obs_s=21.98 ego_s=18.13 side=RIGHT | left_clearance=0.40 right_clearance=0.28 candidate_valid=true rung=1 | cache_used=false path_age=0.000 path_points=103 planning_time_ms=16.9
1786884949.351 [STATIC_AVOID] obs_id=15 obs_dist=2.61m obs_s=22.00 ego_s=19.39 side=LEFT | left_clearance=0.41 right_clearance=0.33 candidate_valid=true rung=0 | cache_used=false path_age=0.000 path_points=82 planning_time_ms=15.0
1786884949.929 [STATIC_AVOID] obs_id=15 obs_dist=1.49m obs_s=21.99 ego_s=20.50 side=RIGHT | left_clearance=0.42 right_clearance=0.32 candidate_valid=true rung=1 | cache_used=false path_age=0.000 path_points=81 planning_time_ms=21.1
1786884950.451 [STATIC_AVOID] obs_id=15 obs_dist=0.70m obs_s=21.98 ego_s=21.28 side=LEFT | left_clearance=0.41 right_clearance=0.34 candidate_valid=false rung=- | cache_used=true path_age=0.209 path_points=81 planning_time_ms=3.7 | reason=obstacle_clearance
1786884951.019 [STATIC_AVOID] obs_id=15 obs_dist=-0.18m obs_s=21.99 ego_s=22.18 side=LEFT | left_clearance=0.33 right_clearance=0.25 candidate_valid=true rung=0 | cache_used=false path_age=0.000 path_points=81 planning_time_ms=17.5
1786884951.570 [STATIC_AVOID] obs_id=- obs_dist=-m obs_s=- ego_s=23.25 side=- | left_clearance=- right_clearance=- candidate_valid=false rung=- | cache_used=false path_age=- path_points=0 planning_time_ms=0.1 | reason=no_static_obstacle_in_range | cache_reason=no_cache
1786884952.117 [STATIC_AVOID] obs_id=- obs_dist=-m obs_s=- ego_s=25.76 side=- | left_clearance=- right_clearance=- candidate_valid=false rung=- | cache_used=false path_age=- path_points=0 planning_time_ms=0.1 | reason=no_static_obstacle_in_range | cache_reason=no_cache
1786884952.664 [STATIC_AVOID] obs_id=- obs_dist=-m obs_s=- ego_s=27.76 side=- | left_clearance=- right_clearance=- candidate_valid=false rung=- | cache_used=false path_age=- path_points=0 planning_time_ms=0.1 | reason=no_static_obstacle_in_range | cache_reason=no_cache
1786884953.171 [STATIC_AVOID] obs_id=- obs_dist=-m obs_s=- ego_s=29.26 side=- | left_clearance=- right_clearance=- candidate_valid=false rung=- | cache_used=false path_age=- path_points=0 planning_time_ms=0.1 | reason=no_static_obstacle_in_range | cache_reason=no_cache
1786884953.708 [STATIC_AVOID] obs_id=- obs_dist=-m obs_s=- ego_s=31.70 side=- | left_clearance=- right_clearance=- candidate_valid=false rung=- | cache_used=false path_age=- path_points=0 planning_time_ms=0.1 | reason=no_static_obstacle_in_range | cache_reason=no_cache
1786884954.216 [STATIC_AVOID] obs_id=- obs_dist=-m obs_s=- ego_s=33.15 side=- | left_clearance=- right_clearance=- candidate_valid=false rung=- | cache_used=false path_age=- path_points=0 planning_time_ms=0.1 | reason=no_static_obstacle_in_range | cache_reason=no_cache
1786884954.731 [STATIC_AVOID] obs_id=- obs_dist=-m obs_s=- ego_s=0.74 side=- | left_clearance=- right_clearance=- candidate_valid=false rung=- | cache_used=false path_age=- path_points=0 planning_time_ms=0.1 | reason=no_static_obstacle_in_range | cache_reason=no_cache
1786884955.262 [STATIC_AVOID] obs_id=- obs_dist=-m obs_s=- ego_s=2.96 side=- | left_clearance=- right_clearance=- candidate_valid=false rung=- | cache_used=false path_age=- path_points=0 planning_time_ms=0.1 | reason=no_static_obstacle_in_range | cache_reason=no_cache
1786884955.806 [STATIC_AVOID] obs_id=- obs_dist=-m obs_s=- ego_s=5.20 side=- | left_clearance=- right_clearance=- candidate_valid=false rung=- | cache_used=false path_age=- path_points=0 planning_time_ms=0.1 | reason=no_static_obstacle_in_range | cache_reason=no_cache
1786884956.308 [STATIC_AVOID] obs_id=- obs_dist=-m obs_s=- ego_s=8.05 side=- | left_clearance=- right_clearance=- candidate_valid=false rung=- | cache_used=false path_age=- path_points=0 planning_time_ms=0.1 | reason=no_static_obstacle_in_range | cache_reason=no_cache
1786884956.812 [STATIC_AVOID] obs_id=- obs_dist=-m obs_s=- ego_s=9.89 side=- | left_clearance=- right_clearance=- candidate_valid=false rung=- | cache_used=false path_age=- path_points=0 planning_time_ms=0.1 | reason=no_static_obstacle_in_range | cache_reason=no_cache
1786884957.362 [STATIC_AVOID] obs_id=- obs_dist=-m obs_s=- ego_s=11.40 side=- | left_clearance=- right_clearance=- candidate_valid=false rung=- | cache_used=false path_age=- path_points=0 planning_time_ms=0.1 | reason=no_static_obstacle_in_range | cache_reason=no_cache
1786884957.912 [STATIC_AVOID] obs_id=- obs_dist=-m obs_s=- ego_s=12.74 side=- | left_clearance=- right_clearance=- candidate_valid=false rung=- | cache_used=false path_age=- path_points=0 planning_time_ms=0.1 | reason=no_static_obstacle_in_range | cache_reason=no_cache
1786884958.413 [STATIC_AVOID] obs_id=- obs_dist=-m obs_s=- ego_s=14.48 side=- | left_clearance=- right_clearance=- candidate_valid=false rung=- | cache_used=false path_age=- path_points=0 planning_time_ms=0.1 | reason=no_static_obstacle_in_range | cache_reason=no_cache
1786884958.916 [STATIC_AVOID] obs_id=- obs_dist=-m obs_s=- ego_s=16.16 side=- | left_clearance=- right_clearance=- candidate_valid=false rung=- | cache_used=false path_age=- path_points=0 planning_time_ms=0.1 | reason=no_static_obstacle_in_range | cache_reason=no_cache
1786884959.422 [STATIC_AVOID] obs_id=- obs_dist=-m obs_s=- ego_s=17.74 side=- | left_clearance=- right_clearance=- candidate_valid=false rung=- | cache_used=false path_age=- path_points=0 planning_time_ms=0.1 | reason=no_static_obstacle_in_range | cache_reason=no_cache
1786884959.957 [STATIC_AVOID] obs_id=- obs_dist=-m obs_s=- ego_s=20.01 side=- | left_clearance=- right_clearance=- candidate_valid=false rung=- | cache_used=false path_age=- path_points=0 planning_time_ms=0.1 | reason=no_static_obstacle_in_range | cache_reason=no_cache
1786884960.468 [STATIC_AVOID] obs_id=20 obs_dist=2.50m obs_s=24.44 ego_s=21.94 side=LEFT | left_clearance=0.43 right_clearance=-0.25 candidate_valid=true rung=0 | cache_used=false path_age=0.000 path_points=105 planning_time_ms=9.3
1786884961.018 [STATIC_AVOID] obs_id=- obs_dist=-m obs_s=- ego_s=24.75 side=- | left_clearance=- right_clearance=- candidate_valid=false rung=- | cache_used=false path_age=- path_points=0 planning_time_ms=0.1 | reason=no_static_obstacle_in_range | cache_reason=no_cache
1786884961.567 [STATIC_AVOID] obs_id=- obs_dist=-m obs_s=- ego_s=26.83 side=- | left_clearance=- right_clearance=- candidate_valid=false rung=- | cache_used=false path_age=- path_points=0 planning_time_ms=0.1 | reason=no_static_obstacle_in_range | cache_reason=no_cache
1786884962.114 [STATIC_AVOID] obs_id=- obs_dist=-m obs_s=- ego_s=28.88 side=- | left_clearance=- right_clearance=- candidate_valid=false rung=- | cache_used=false path_age=- path_points=0 planning_time_ms=0.1 | reason=no_static_obstacle_in_range | cache_reason=no_cache
1786884962.622 [STATIC_AVOID] obs_id=- obs_dist=-m obs_s=- ego_s=30.93 side=- | left_clearance=- right_clearance=- candidate_valid=false rung=- | cache_used=false path_age=- path_points=0 planning_time_ms=0.1 | reason=no_static_obstacle_in_range | cache_reason=no_cache
1786884963.169 [STATIC_AVOID] obs_id=- obs_dist=-m obs_s=- ego_s=32.71 side=- | left_clearance=- right_clearance=- candidate_valid=false rung=- | cache_used=false path_age=- path_points=0 planning_time_ms=2.6 | reason=no_static_obstacle_in_range | cache_reason=no_cache
1786884963.717 [STATIC_AVOID] obs_id=- obs_dist=-m obs_s=- ego_s=0.56 side=- | left_clearance=- right_clearance=- candidate_valid=false rung=- | cache_used=false path_age=- path_points=0 planning_time_ms=0.1 | reason=no_static_obstacle_in_range | cache_reason=no_cache
1786884964.262 [STATIC_AVOID] obs_id=- obs_dist=-m obs_s=- ego_s=2.74 side=- | left_clearance=- right_clearance=- candidate_valid=false rung=- | cache_used=false path_age=- path_points=0 planning_time_ms=0.1 | reason=no_static_obstacle_in_range | cache_reason=no_cache
1786884964.768 [STATIC_AVOID] obs_id=- obs_dist=-m obs_s=- ego_s=4.77 side=- | left_clearance=- right_clearance=- candidate_valid=false rung=- | cache_used=false path_age=- path_points=0 planning_time_ms=0.1 | reason=no_static_obstacle_in_range | cache_reason=no_cache
1786884965.317 [STATIC_AVOID] obs_id=- obs_dist=-m obs_s=- ego_s=7.67 side=- | left_clearance=- right_clearance=- candidate_valid=false rung=- | cache_used=false path_age=- path_points=0 planning_time_ms=0.1 | reason=no_static_obstacle_in_range | cache_reason=no_cache
1786884965.862 [STATIC_AVOID] obs_id=- obs_dist=-m obs_s=- ego_s=9.72 side=- | left_clearance=- right_clearance=- candidate_valid=false rung=- | cache_used=false path_age=- path_points=0 planning_time_ms=0.1 | reason=no_static_obstacle_in_range | cache_reason=no_cache
1786884966.363 [STATIC_AVOID] obs_id=- obs_dist=-m obs_s=- ego_s=11.07 side=- | left_clearance=- right_clearance=- candidate_valid=false rung=- | cache_used=false path_age=- path_points=0 planning_time_ms=0.1 | reason=no_static_obstacle_in_range | cache_reason=no_cache
1786884966.907 [STATIC_AVOID] obs_id=- obs_dist=-m obs_s=- ego_s=12.42 side=- | left_clearance=- right_clearance=- candidate_valid=false rung=- | cache_used=false path_age=- path_points=0 planning_time_ms=0.2 | reason=no_static_obstacle_in_range | cache_reason=no_cache
1786884967.411 [STATIC_AVOID] obs_id=- obs_dist=-m obs_s=- ego_s=14.31 side=- | left_clearance=- right_clearance=- candidate_valid=false rung=- | cache_used=false path_age=- path_points=0 planning_time_ms=0.9 | reason=no_static_obstacle_in_range | cache_reason=no_cache
1786884967.928 [STATIC_AVOID] obs_id=- obs_dist=-m obs_s=- ego_s=15.77 side=- | left_clearance=- right_clearance=- candidate_valid=false rung=- | cache_used=false path_age=- path_points=0 planning_time_ms=0.1 | reason=no_static_obstacle_in_range | cache_reason=no_cache
1786884968.457 [STATIC_AVOID] obs_id=- obs_dist=-m obs_s=- ego_s=17.39 side=- | left_clearance=- right_clearance=- candidate_valid=false rung=- | cache_used=false path_age=- path_points=0 planning_time_ms=0.2 | reason=no_static_obstacle_in_range | cache_reason=no_cache
1786884969.011 [STATIC_AVOID] obs_id=- obs_dist=-m obs_s=- ego_s=19.47 side=- | left_clearance=- right_clearance=- candidate_valid=false rung=- | cache_used=false path_age=- path_points=0 planning_time_ms=2.2 | reason=no_static_obstacle_in_range | cache_reason=no_cache
1786884969.525 [STATIC_AVOID] obs_id=21 obs_dist=2.90m obs_s=24.32 ego_s=21.41 side=LEFT | left_clearance=0.46 right_clearance=-0.24 candidate_valid=true rung=0 | cache_used=false path_age=0.000 path_points=109 planning_time_ms=5.5
1786884970.065 [STATIC_AVOID] obs_id=- obs_dist=-m obs_s=- ego_s=24.55 side=- | left_clearance=- right_clearance=- candidate_valid=false rung=- | cache_used=false path_age=- path_points=0 planning_time_ms=0.1 | reason=no_static_obstacle_in_range | cache_reason=no_cache
1786884970.609 [STATIC_AVOID] obs_id=- obs_dist=-m obs_s=- ego_s=26.72 side=- | left_clearance=- right_clearance=- candidate_valid=false rung=- | cache_used=false path_age=- path_points=0 planning_time_ms=0.1 | reason=no_static_obstacle_in_range | cache_reason=no_cache
1786884971.121 [STATIC_AVOID] obs_id=- obs_dist=-m obs_s=- ego_s=28.41 side=- | left_clearance=- right_clearance=- candidate_valid=false rung=- | cache_used=false path_age=- path_points=0 planning_time_ms=1.8 | reason=no_static_obstacle_in_range | cache_reason=no_cache
1786884971.659 [STATIC_AVOID] obs_id=- obs_dist=-m obs_s=- ego_s=30.56 side=- | left_clearance=- right_clearance=- candidate_valid=false rung=- | cache_used=false path_age=- path_points=0 planning_time_ms=0.1 | reason=no_static_obstacle_in_range | cache_reason=no_cache
1786884972.208 [STATIC_AVOID] obs_id=- obs_dist=-m obs_s=- ego_s=32.63 side=- | left_clearance=- right_clearance=- candidate_valid=false rung=- | cache_used=false path_age=- path_points=0 planning_time_ms=0.1 | reason=no_static_obstacle_in_range | cache_reason=no_cache
1786884972.708 [STATIC_AVOID] obs_id=- obs_dist=-m obs_s=- ego_s=0.11 side=- | left_clearance=- right_clearance=- candidate_valid=false rung=- | cache_used=false path_age=- path_points=0 planning_time_ms=0.1 | reason=no_static_obstacle_in_range | cache_reason=no_cache
1786884973.220 [STATIC_AVOID] obs_id=- obs_dist=-m obs_s=- ego_s=2.12 side=- | left_clearance=- right_clearance=- candidate_valid=false rung=- | cache_used=false path_age=- path_points=0 planning_time_ms=0.1 | reason=no_static_obstacle_in_range | cache_reason=no_cache
1786884973.766 [STATIC_AVOID] obs_id=- obs_dist=-m obs_s=- ego_s=4.03 side=- | left_clearance=- right_clearance=- candidate_valid=false rung=- | cache_used=false path_age=- path_points=0 planning_time_ms=0.1 | reason=no_static_obstacle_in_range | cache_reason=no_cache
1786884974.269 [STATIC_AVOID] obs_id=- obs_dist=-m obs_s=- ego_s=6.48 side=- | left_clearance=- right_clearance=- candidate_valid=false rung=- | cache_used=false path_age=- path_points=0 planning_time_ms=0.1 | reason=no_static_obstacle_in_range | cache_reason=no_cache
1786884974.822 [STATIC_AVOID] obs_id=- obs_dist=-m obs_s=- ego_s=9.10 side=- | left_clearance=- right_clearance=- candidate_valid=false rung=- | cache_used=false path_age=- path_points=0 planning_time_ms=0.1 | reason=no_static_obstacle_in_range | cache_reason=no_cache
1786884975.371 [STATIC_AVOID] obs_id=- obs_dist=-m obs_s=- ego_s=10.93 side=- | left_clearance=- right_clearance=- candidate_valid=false rung=- | cache_used=false path_age=- path_points=0 planning_time_ms=0.1 | reason=no_static_obstacle_in_range | cache_reason=no_cache
1786884975.910 [STATIC_AVOID] obs_id=22 obs_dist=2.35m obs_s=14.42 ego_s=12.07 side=RIGHT | left_clearance=-0.17 right_clearance=0.31 candidate_valid=true rung=0 | cache_used=false path_age=0.000 path_points=85 planning_time_ms=3.1
1786884976.412 [STATIC_AVOID] obs_id=22 obs_dist=0.66m obs_s=14.42 ego_s=13.76 side=RIGHT | left_clearance=-0.08 right_clearance=0.21 candidate_valid=true rung=0 | cache_used=false path_age=0.000 path_points=81 planning_time_ms=3.3
1786884976.923 [STATIC_AVOID] obs_id=22 obs_dist=-0.24m obs_s=14.43 ego_s=14.67 side=RIGHT | left_clearance=-0.16 right_clearance=0.14 candidate_valid=true rung=0 | cache_used=false path_age=0.000 path_points=81 planning_time_ms=38.3
1786884977.472 [STATIC_AVOID] obs_id=- obs_dist=-m obs_s=- ego_s=17.03 side=- | left_clearance=- right_clearance=- candidate_valid=false rung=- | cache_used=false path_age=- path_points=0 planning_time_ms=0.1 | reason=no_static_obstacle_in_range | cache_reason=no_cache
1786884978.013 [STATIC_AVOID] obs_id=- obs_dist=-m obs_s=- ego_s=18.84 side=- | left_clearance=- right_clearance=- candidate_valid=false rung=- | cache_used=false path_age=- path_points=0 planning_time_ms=0.1 | reason=no_static_obstacle_in_range | cache_reason=no_cache
1786884978.520 [STATIC_AVOID] obs_id=25 obs_dist=4.12m obs_s=24.46 ego_s=20.34 side=LEFT | left_clearance=0.58 right_clearance=-0.25 candidate_valid=true rung=0 | cache_used=false path_age=0.000 path_points=115 planning_time_ms=5.3
1786884979.027 [STATIC_AVOID] obs_id=25 obs_dist=1.76m obs_s=24.45 ego_s=22.69 side=LEFT | left_clearance=0.49 right_clearance=-0.24 candidate_valid=true rung=0 | cache_used=false path_age=0.000 path_points=95 planning_time_ms=3.3
1786884979.558 [STATIC_AVOID] obs_id=- obs_dist=-m obs_s=- ego_s=25.51 side=- | left_clearance=- right_clearance=- candidate_valid=false rung=- | cache_used=false path_age=- path_points=0 planning_time_ms=0.1 | reason=no_static_obstacle_in_range | cache_reason=no_cache
1786884980.068 [STATIC_AVOID] obs_id=- obs_dist=-m obs_s=- ego_s=27.36 side=- | left_clearance=- right_clearance=- candidate_valid=false rung=- | cache_used=false path_age=- path_points=0 planning_time_ms=0.1 | reason=no_static_obstacle_in_range | cache_reason=no_cache
1786884980.607 [STATIC_AVOID] obs_id=- obs_dist=-m obs_s=- ego_s=29.50 side=- | left_clearance=- right_clearance=- candidate_valid=false rung=- | cache_used=false path_age=- path_points=0 planning_time_ms=0.1 | reason=no_static_obstacle_in_range | cache_reason=no_cache
1786884981.117 [STATIC_AVOID] obs_id=- obs_dist=-m obs_s=- ego_s=31.25 side=- | left_clearance=- right_clearance=- candidate_valid=false rung=- | cache_used=false path_age=- path_points=0 planning_time_ms=0.1 | reason=no_static_obstacle_in_range | cache_reason=no_cache
1786884981.666 [STATIC_AVOID] obs_id=- obs_dist=-m obs_s=- ego_s=33.17 side=- | left_clearance=- right_clearance=- candidate_valid=false rung=- | cache_used=false path_age=- path_points=0 planning_time_ms=0.1 | reason=no_static_obstacle_in_range | cache_reason=no_cache
1786884982.206 [STATIC_AVOID] obs_id=- obs_dist=-m obs_s=- ego_s=0.88 side=- | left_clearance=- right_clearance=- candidate_valid=false rung=- | cache_used=false path_age=- path_points=0 planning_time_ms=0.1 | reason=no_static_obstacle_in_range | cache_reason=no_cache
1786884982.734 [STATIC_AVOID] obs_id=- obs_dist=-m obs_s=- ego_s=2.90 side=- | left_clearance=- right_clearance=- candidate_valid=false rung=- | cache_used=false path_age=- path_points=0 planning_time_ms=0.1 | reason=no_static_obstacle_in_range | cache_reason=no_cache
1786884983.261 [STATIC_AVOID] obs_id=- obs_dist=-m obs_s=- ego_s=5.40 side=- | left_clearance=- right_clearance=- candidate_valid=false rung=- | cache_used=false path_age=- path_points=0 planning_time_ms=0.1 | reason=no_static_obstacle_in_range | cache_reason=no_cache
1786884983.768 [STATIC_AVOID] obs_id=- obs_dist=-m obs_s=- ego_s=7.72 side=- | left_clearance=- right_clearance=- candidate_valid=false rung=- | cache_used=false path_age=- path_points=0 planning_time_ms=0.1 | reason=no_static_obstacle_in_range | cache_reason=no_cache
1786884984.312 [STATIC_AVOID] obs_id=- obs_dist=-m obs_s=- ego_s=9.80 side=- | left_clearance=- right_clearance=- candidate_valid=false rung=- | cache_used=false path_age=- path_points=0 planning_time_ms=0.1 | reason=no_static_obstacle_in_range | cache_reason=no_cache
1786884984.865 [STATIC_AVOID] obs_id=- obs_dist=-m obs_s=- ego_s=11.31 side=- | left_clearance=- right_clearance=- candidate_valid=false rung=- | cache_used=false path_age=- path_points=0 planning_time_ms=0.3 | reason=no_static_obstacle_in_range | cache_reason=no_cache
1786884985.423 [STATIC_AVOID] obs_id=- obs_dist=-m obs_s=- ego_s=12.44 side=- | left_clearance=- right_clearance=- candidate_valid=false rung=- | cache_used=false path_age=- path_points=0 planning_time_ms=0.1 | reason=no_static_obstacle_in_range | cache_reason=no_cache
1786884985.961 [STATIC_AVOID] obs_id=- obs_dist=-m obs_s=- ego_s=14.06 side=- | left_clearance=- right_clearance=- candidate_valid=false rung=- | cache_used=false path_age=- path_points=0 planning_time_ms=0.1 | reason=no_static_obstacle_in_range | cache_reason=no_cache
1786884986.461 [STATIC_AVOID] obs_id=- obs_dist=-m obs_s=- ego_s=15.87 side=- | left_clearance=- right_clearance=- candidate_valid=false rung=- | cache_used=false path_age=- path_points=0 planning_time_ms=0.2 | reason=no_static_obstacle_in_range | cache_reason=no_cache
1786884986.963 [STATIC_AVOID] obs_id=- obs_dist=-m obs_s=- ego_s=16.81 side=- | left_clearance=- right_clearance=- candidate_valid=false rung=- | cache_used=false path_age=- path_points=0 planning_time_ms=1.3 | reason=no_static_obstacle_in_range | cache_reason=no_cache
1786884987.509 [STATIC_AVOID] obs_id=- obs_dist=-m obs_s=- ego_s=17.63 side=- | left_clearance=- right_clearance=- candidate_valid=false rung=- | cache_used=false path_age=- path_points=0 planning_time_ms=0.1 | reason=no_static_obstacle_in_range | cache_reason=no_cache
1786884988.017 [STATIC_AVOID] obs_id=- obs_dist=-m obs_s=- ego_s=18.82 side=- | left_clearance=- right_clearance=- candidate_valid=false rung=- | cache_used=false path_age=- path_points=0 planning_time_ms=0.1 | reason=no_static_obstacle_in_range | cache_reason=no_cache
1786884988.559 [STATIC_AVOID] obs_id=- obs_dist=-m obs_s=- ego_s=21.44 side=- | left_clearance=- right_clearance=- candidate_valid=false rung=- | cache_used=false path_age=- path_points=0 planning_time_ms=0.1 | reason=no_static_obstacle_in_range | cache_reason=no_cache
1786884989.060 [STATIC_AVOID] obs_id=- obs_dist=-m obs_s=- ego_s=24.22 side=- | left_clearance=- right_clearance=- candidate_valid=false rung=- | cache_used=false path_age=- path_points=0 planning_time_ms=0.1 | reason=no_static_obstacle_in_range | cache_reason=no_cache
1786884989.613 [STATIC_AVOID] obs_id=- obs_dist=-m obs_s=- ego_s=26.41 side=- | left_clearance=- right_clearance=- candidate_valid=false rung=- | cache_used=false path_age=- path_points=0 planning_time_ms=0.1 | reason=no_static_obstacle_in_range | cache_reason=no_cache
1786884990.114 [STATIC_AVOID] obs_id=- obs_dist=-m obs_s=- ego_s=27.91 side=- | left_clearance=- right_clearance=- candidate_valid=false rung=- | cache_used=false path_age=- path_points=0 planning_time_ms=0.1 | reason=no_static_obstacle_in_range | cache_reason=no_cache
1786884990.617 [STATIC_AVOID] obs_id=- obs_dist=-m obs_s=- ego_s=29.57 side=- | left_clearance=- right_clearance=- candidate_valid=false rung=- | cache_used=false path_age=- path_points=0 planning_time_ms=0.1 | reason=no_static_obstacle_in_range | cache_reason=no_cache
1786884991.138 [STATIC_AVOID] obs_id=- obs_dist=-m obs_s=- ego_s=30.75 side=- | left_clearance=- right_clearance=- candidate_valid=false rung=- | cache_used=false path_age=- path_points=0 planning_time_ms=0.1 | reason=no_static_obstacle_in_range | cache_reason=no_cache
1786884991.639 [STATIC_AVOID] obs_id=- obs_dist=-m obs_s=- ego_s=32.31 side=- | left_clearance=- right_clearance=- candidate_valid=false rung=- | cache_used=false path_age=- path_points=0 planning_time_ms=0.1 | reason=no_static_obstacle_in_range | cache_reason=no_cache
1786884992.164 [STATIC_AVOID] obs_id=- obs_dist=-m obs_s=- ego_s=34.15 side=- | left_clearance=- right_clearance=- candidate_valid=false rung=- | cache_used=false path_age=- path_points=0 planning_time_ms=0.1 | reason=no_static_obstacle_in_range | cache_reason=no_cache
1786884992.681 [STATIC_AVOID] obs_id=- obs_dist=-m obs_s=- ego_s=2.00 side=- | left_clearance=- right_clearance=- candidate_valid=false rung=- | cache_used=false path_age=- path_points=0 planning_time_ms=11.7 | reason=no_static_obstacle_in_range | cache_reason=no_cache
1786884993.206 [STATIC_AVOID] obs_id=- obs_dist=-m obs_s=- ego_s=3.78 side=- | left_clearance=- right_clearance=- candidate_valid=false rung=- | cache_used=false path_age=- path_points=0 planning_time_ms=0.1 | reason=no_static_obstacle_in_range | cache_reason=no_cache
1786884993.712 [STATIC_AVOID] obs_id=- obs_dist=-m obs_s=- ego_s=6.18 side=- | left_clearance=- right_clearance=- candidate_valid=false rung=- | cache_used=false path_age=- path_points=0 planning_time_ms=0.5 | reason=no_static_obstacle_in_range | cache_reason=no_cache
1786884994.215 [STATIC_AVOID] obs_id=- obs_dist=-m obs_s=- ego_s=8.51 side=- | left_clearance=- right_clearance=- candidate_valid=false rung=- | cache_used=false path_age=- path_points=0 planning_time_ms=0.1 | reason=no_static_obstacle_in_range | cache_reason=no_cache
1786884994.756 [STATIC_AVOID] obs_id=- obs_dist=-m obs_s=- ego_s=10.59 side=- | left_clearance=- right_clearance=- candidate_valid=false rung=- | cache_used=false path_age=- path_points=0 planning_time_ms=0.2 | reason=no_static_obstacle_in_range | cache_reason=no_cache
1786884995.264 [STATIC_AVOID] obs_id=- obs_dist=-m obs_s=- ego_s=11.61 side=- | left_clearance=- right_clearance=- candidate_valid=false rung=- | cache_used=false path_age=- path_points=0 planning_time_ms=0.1 | reason=no_static_obstacle_in_range | cache_reason=no_cache
1786884995.769 [STATIC_AVOID] obs_id=- obs_dist=-m obs_s=- ego_s=13.06 side=- | left_clearance=- right_clearance=- candidate_valid=false rung=- | cache_used=false path_age=- path_points=0 planning_time_ms=0.1 | reason=no_static_obstacle_in_range | cache_reason=no_cache
1786884996.311 [STATIC_AVOID] obs_id=- obs_dist=-m obs_s=- ego_s=14.74 side=- | left_clearance=- right_clearance=- candidate_valid=false rung=- | cache_used=false path_age=- path_points=0 planning_time_ms=0.2 | reason=no_static_obstacle_in_range | cache_reason=no_cache
1786884996.813 [STATIC_AVOID] obs_id=- obs_dist=-m obs_s=- ego_s=16.32 side=- | left_clearance=- right_clearance=- candidate_valid=false rung=- | cache_used=false path_age=- path_points=0 planning_time_ms=0.1 | reason=no_static_obstacle_in_range | cache_reason=no_cache
1786884997.368 [STATIC_AVOID] obs_id=- obs_dist=-m obs_s=- ego_s=17.44 side=- | left_clearance=- right_clearance=- candidate_valid=false rung=- | cache_used=false path_age=- path_points=0 planning_time_ms=0.1 | reason=no_static_obstacle_in_range | cache_reason=no_cache
1786884997.924 [STATIC_AVOID] obs_id=- obs_dist=-m obs_s=- ego_s=19.06 side=- | left_clearance=- right_clearance=- candidate_valid=false rung=- | cache_used=false path_age=- path_points=0 planning_time_ms=0.1 | reason=no_static_obstacle_in_range | cache_reason=no_cache
1786884998.465 [STATIC_AVOID] obs_id=30 obs_dist=3.30m obs_s=24.45 ego_s=21.15 side=LEFT | left_clearance=0.22 right_clearance=-0.10 candidate_valid=true rung=0 | cache_used=false path_age=0.000 path_points=112 planning_time_ms=8.6
1786884999.014 [STATIC_AVOID] obs_id=- obs_dist=-m obs_s=- ego_s=23.90 side=- | left_clearance=- right_clearance=- candidate_valid=false rung=- | cache_used=false path_age=- path_points=0 planning_time_ms=0.1 | reason=no_static_obstacle_in_range | cache_reason=no_cache
1786884999.556 [STATIC_AVOID] obs_id=- obs_dist=-m obs_s=- ego_s=25.81 side=- | left_clearance=- right_clearance=- candidate_valid=false rung=- | cache_used=false path_age=- path_points=0 planning_time_ms=0.1 | reason=no_static_obstacle_in_range | cache_reason=no_cache
1786885000.064 [STATIC_AVOID] obs_id=- obs_dist=-m obs_s=- ego_s=27.99 side=- | left_clearance=- right_clearance=- candidate_valid=false rung=- | cache_used=false path_age=- path_points=0 planning_time_ms=0.1 | reason=no_static_obstacle_in_range | cache_reason=no_cache
1786885000.564 [STATIC_AVOID] obs_id=- obs_dist=-m obs_s=- ego_s=29.40 side=- | left_clearance=- right_clearance=- candidate_valid=false rung=- | cache_used=false path_age=- path_points=0 planning_time_ms=0.1 | reason=no_static_obstacle_in_range | cache_reason=no_cache
1786885001.130 [STATIC_AVOID] obs_id=- obs_dist=-m obs_s=- ego_s=31.36 side=- | left_clearance=- right_clearance=- candidate_valid=false rung=- | cache_used=false path_age=- path_points=0 planning_time_ms=0.1 | reason=no_static_obstacle_in_range | cache_reason=no_cache
1786885001.660 [STATIC_AVOID] obs_id=- obs_dist=-m obs_s=- ego_s=33.40 side=- | left_clearance=- right_clearance=- candidate_valid=false rung=- | cache_used=false path_age=- path_points=0 planning_time_ms=0.1 | reason=no_static_obstacle_in_range | cache_reason=no_cache
1786885002.213 [STATIC_AVOID] obs_id=- obs_dist=-m obs_s=- ego_s=1.28 side=- | left_clearance=- right_clearance=- candidate_valid=false rung=- | cache_used=false path_age=- path_points=0 planning_time_ms=0.1 | reason=no_static_obstacle_in_range | cache_reason=no_cache
1786885002.760 [STATIC_AVOID] obs_id=- obs_dist=-m obs_s=- ego_s=3.33 side=- | left_clearance=- right_clearance=- candidate_valid=false rung=- | cache_used=false path_age=- path_points=0 planning_time_ms=0.1 | reason=no_static_obstacle_in_range | cache_reason=no_cache
1786885003.266 [STATIC_AVOID] obs_id=- obs_dist=-m obs_s=- ego_s=5.51 side=- | left_clearance=- right_clearance=- candidate_valid=false rung=- | cache_used=false path_age=- path_points=0 planning_time_ms=0.2 | reason=no_static_obstacle_in_range | cache_reason=no_cache
1786885003.821 [STATIC_AVOID] obs_id=- obs_dist=-m obs_s=- ego_s=7.97 side=- | left_clearance=- right_clearance=- candidate_valid=false rung=- | cache_used=false path_age=- path_points=0 planning_time_ms=0.1 | reason=no_static_obstacle_in_range | cache_reason=no_cache
1786885004.356 [STATIC_AVOID] obs_id=- obs_dist=-m obs_s=- ego_s=10.24 side=- | left_clearance=- right_clearance=- candidate_valid=false rung=- | cache_used=false path_age=- path_points=0 planning_time_ms=0.1 | reason=no_static_obstacle_in_range | cache_reason=no_cache
1786885004.859 [STATIC_AVOID] obs_id=- obs_dist=-m obs_s=- ego_s=11.40 side=- | left_clearance=- right_clearance=- candidate_valid=false rung=- | cache_used=false path_age=- path_points=0 planning_time_ms=0.1 | reason=no_static_obstacle_in_range | cache_reason=no_cache
1786885005.409 [STATIC_AVOID] obs_id=- obs_dist=-m obs_s=- ego_s=12.64 side=- | left_clearance=- right_clearance=- candidate_valid=false rung=- | cache_used=false path_age=- path_points=0 planning_time_ms=0.1 | reason=no_static_obstacle_in_range | cache_reason=no_cache
1786885005.924 [STATIC_AVOID] obs_id=- obs_dist=-m obs_s=- ego_s=14.34 side=- | left_clearance=- right_clearance=- candidate_valid=false rung=- | cache_used=false path_age=- path_points=0 planning_time_ms=0.1 | reason=no_static_obstacle_in_range | cache_reason=no_cache
1786885006.479 [STATIC_AVOID] obs_id=- obs_dist=-m obs_s=- ego_s=16.03 side=- | left_clearance=- right_clearance=- candidate_valid=false rung=- | cache_used=false path_age=- path_points=0 planning_time_ms=0.1 | reason=no_static_obstacle_in_range | cache_reason=no_cache
1786885007.016 [STATIC_AVOID] obs_id=- obs_dist=-m obs_s=- ego_s=17.15 side=- | left_clearance=- right_clearance=- candidate_valid=false rung=- | cache_used=false path_age=- path_points=0 planning_time_ms=0.2 | reason=no_static_obstacle_in_range | cache_reason=no_cache
1786885007.518 [STATIC_AVOID] obs_id=- obs_dist=-m obs_s=- ego_s=18.56 side=- | left_clearance=- right_clearance=- candidate_valid=false rung=- | cache_used=false path_age=- path_points=0 planning_time_ms=0.1 | reason=no_static_obstacle_in_range | cache_reason=no_cache
1786885008.064 [STATIC_AVOID] obs_id=- obs_dist=-m obs_s=- ego_s=19.73 side=- | left_clearance=- right_clearance=- candidate_valid=false rung=- | cache_used=false path_age=- path_points=0 planning_time_ms=0.1 | reason=no_static_obstacle_in_range | cache_reason=no_cache
1786885008.564 [STATIC_AVOID] obs_id=- obs_dist=-m obs_s=- ego_s=20.68 side=- | left_clearance=- right_clearance=- candidate_valid=false rung=- | cache_used=false path_age=- path_points=0 planning_time_ms=0.1 | reason=no_static_obstacle_in_range | cache_reason=no_cache
1786885009.120 [STATIC_AVOID] obs_id=- obs_dist=-m obs_s=- ego_s=23.20 side=- | left_clearance=- right_clearance=- candidate_valid=false rung=- | cache_used=false path_age=- path_points=0 planning_time_ms=0.1 | reason=no_static_obstacle_in_range | cache_reason=no_cache
1786885009.668 [STATIC_AVOID] obs_id=- obs_dist=-m obs_s=- ego_s=25.78 side=- | left_clearance=- right_clearance=- candidate_valid=false rung=- | cache_used=false path_age=- path_points=0 planning_time_ms=0.8 | reason=no_static_obstacle_in_range | cache_reason=no_cache
1786885010.206 [STATIC_AVOID] obs_id=- obs_dist=-m obs_s=- ego_s=27.55 side=- | left_clearance=- right_clearance=- candidate_valid=false rung=- | cache_used=false path_age=- path_points=0 planning_time_ms=0.1 | reason=no_static_obstacle_in_range | cache_reason=no_cache
1786885010.712 [STATIC_AVOID] obs_id=- obs_dist=-m obs_s=- ego_s=29.12 side=- | left_clearance=- right_clearance=- candidate_valid=false rung=- | cache_used=false path_age=- path_points=0 planning_time_ms=0.1 | reason=no_static_obstacle_in_range | cache_reason=no_cache
1786885011.227 [STATIC_AVOID] obs_id=- obs_dist=-m obs_s=- ego_s=31.21 side=- | left_clearance=- right_clearance=- candidate_valid=false rung=- | cache_used=false path_age=- path_points=0 planning_time_ms=0.1 | reason=no_static_obstacle_in_range | cache_reason=no_cache
1786885011.821 [STATIC_AVOID] obs_id=- obs_dist=-m obs_s=- ego_s=32.06 side=- | left_clearance=- right_clearance=- candidate_valid=false rung=- | cache_used=false path_age=- path_points=0 planning_time_ms=0.1 | reason=no_static_obstacle_in_range | cache_reason=no_cache
1786885012.368 [STATIC_AVOID] obs_id=- obs_dist=-m obs_s=- ego_s=34.02 side=- | left_clearance=- right_clearance=- candidate_valid=false rung=- | cache_used=false path_age=- path_points=0 planning_time_ms=0.1 | reason=no_static_obstacle_in_range | cache_reason=no_cache
1786885012.869 [STATIC_AVOID] obs_id=- obs_dist=-m obs_s=- ego_s=1.64 side=- | left_clearance=- right_clearance=- candidate_valid=false rung=- | cache_used=false path_age=- path_points=0 planning_time_ms=0.1 | reason=no_static_obstacle_in_range | cache_reason=no_cache
1786885013.406 [STATIC_AVOID] obs_id=- obs_dist=-m obs_s=- ego_s=4.39 side=- | left_clearance=- right_clearance=- candidate_valid=false rung=- | cache_used=false path_age=- path_points=0 planning_time_ms=0.1 | reason=no_static_obstacle_in_range | cache_reason=no_cache
1786885013.916 [STATIC_AVOID] obs_id=- obs_dist=-m obs_s=- ego_s=6.36 side=- | left_clearance=- right_clearance=- candidate_valid=false rung=- | cache_used=false path_age=- path_points=0 planning_time_ms=0.2 | reason=no_static_obstacle_in_range | cache_reason=no_cache
1786885014.470 [STATIC_AVOID] obs_id=- obs_dist=-m obs_s=- ego_s=9.02 side=- | left_clearance=- right_clearance=- candidate_valid=false rung=- | cache_used=false path_age=- path_points=0 planning_time_ms=0.1 | reason=no_static_obstacle_in_range | cache_reason=no_cache
1786885015.012 [STATIC_AVOID] obs_id=- obs_dist=-m obs_s=- ego_s=10.79 side=- | left_clearance=- right_clearance=- candidate_valid=false rung=- | cache_used=false path_age=- path_points=0 planning_time_ms=0.1 | reason=no_static_obstacle_in_range | cache_reason=no_cache
1786885015.570 [STATIC_AVOID] obs_id=- obs_dist=-m obs_s=- ego_s=12.14 side=- | left_clearance=- right_clearance=- candidate_valid=false rung=- | cache_used=false path_age=- path_points=0 planning_time_ms=1.5 | reason=no_static_obstacle_in_range | cache_reason=no_cache
1786885016.107 [STATIC_AVOID] obs_id=- obs_dist=-m obs_s=- ego_s=13.71 side=- | left_clearance=- right_clearance=- candidate_valid=false rung=- | cache_used=false path_age=- path_points=0 planning_time_ms=0.1 | reason=no_static_obstacle_in_range | cache_reason=no_cache
1786885016.610 [STATIC_AVOID] obs_id=- obs_dist=-m obs_s=- ego_s=15.68 side=- | left_clearance=- right_clearance=- candidate_valid=false rung=- | cache_used=false path_age=- path_points=0 planning_time_ms=0.1 | reason=no_static_obstacle_in_range | cache_reason=no_cache
1786885017.124 [STATIC_AVOID] obs_id=- obs_dist=-m obs_s=- ego_s=16.84 side=- | left_clearance=- right_clearance=- candidate_valid=false rung=- | cache_used=false path_age=- path_points=0 planning_time_ms=0.1 | reason=no_static_obstacle_in_range | cache_reason=no_cache
1786885017.634 [STATIC_AVOID] obs_id=- obs_dist=-m obs_s=- ego_s=17.76 side=- | left_clearance=- right_clearance=- candidate_valid=false rung=- | cache_used=false path_age=- path_points=0 planning_time_ms=0.1 | reason=no_static_obstacle_in_range | cache_reason=no_cache
1786885018.162 [STATIC_AVOID] obs_id=34 obs_dist=5.81m obs_s=24.73 ego_s=18.93 side=LEFT | left_clearance=0.48 right_clearance=0.11 candidate_valid=true rung=0 | cache_used=false path_age=0.000 path_points=115 planning_time_ms=10.0
1786885018.674 [STATIC_AVOID] obs_id=34 obs_dist=4.82m obs_s=24.73 ego_s=19.91 side=LEFT | left_clearance=0.45 right_clearance=0.15 candidate_valid=true rung=0 | cache_used=false path_age=0.000 path_points=104 planning_time_ms=7.6
1786885019.313 [STATIC_AVOID] obs_id=34 obs_dist=3.12m obs_s=24.73 ego_s=21.61 side=LEFT | left_clearance=0.19 right_clearance=0.22 candidate_valid=true rung=0 | cache_used=false path_age=0.000 path_points=97 planning_time_ms=12.8
1786885019.819 [STATIC_AVOID] obs_id=34 obs_dist=1.87m obs_s=24.73 ego_s=22.86 side=RIGHT | left_clearance=0.31 right_clearance=0.28 candidate_valid=true rung=1 | cache_used=false path_age=0.000 path_points=81 planning_time_ms=6.2
1786885020.326 [STATIC_AVOID] obs_id=34 obs_dist=0.79m obs_s=24.73 ego_s=23.94 side=RIGHT | left_clearance=0.39 right_clearance=0.30 candidate_valid=true rung=0 | cache_used=false path_age=0.000 path_points=81 planning_time_ms=6.8
1786885020.830 [STATIC_AVOID] obs_id=34 obs_dist=-0.35m obs_s=24.74 ego_s=25.09 side=RIGHT | left_clearance=0.10 right_clearance=0.25 candidate_valid=true rung=0 | cache_used=false path_age=0.000 path_points=81 planning_time_ms=7.4
1786885021.363 [STATIC_AVOID] obs_id=- obs_dist=-m obs_s=- ego_s=25.57 side=- | left_clearance=- right_clearance=- candidate_valid=false rung=- | cache_used=false path_age=- path_points=0 planning_time_ms=0.1 | reason=no_static_obstacle_in_range | cache_reason=no_cache
1786885021.866 [STATIC_AVOID] obs_id=- obs_dist=-m obs_s=- ego_s=26.67 side=- | left_clearance=- right_clearance=- candidate_valid=false rung=- | cache_used=false path_age=- path_points=0 planning_time_ms=0.1 | reason=no_static_obstacle_in_range | cache_reason=no_cache
1786885022.374 [STATIC_AVOID] obs_id=- obs_dist=-m obs_s=- ego_s=28.17 side=- | left_clearance=- right_clearance=- candidate_valid=false rung=- | cache_used=false path_age=- path_points=0 planning_time_ms=0.1 | reason=no_static_obstacle_in_range | cache_reason=no_cache
1786885022.912 [STATIC_AVOID] obs_id=- obs_dist=-m obs_s=- ego_s=30.40 side=- | left_clearance=- right_clearance=- candidate_valid=false rung=- | cache_used=false path_age=- path_points=0 planning_time_ms=0.1 | reason=no_static_obstacle_in_range | cache_reason=no_cache
1786885023.412 [STATIC_AVOID] obs_id=- obs_dist=-m obs_s=- ego_s=32.22 side=- | left_clearance=- right_clearance=- candidate_valid=false rung=- | cache_used=false path_age=- path_points=0 planning_time_ms=0.1 | reason=no_static_obstacle_in_range | cache_reason=no_cache
1786885023.918 [STATIC_AVOID] obs_id=- obs_dist=-m obs_s=- ego_s=34.22 side=- | left_clearance=- right_clearance=- candidate_valid=false rung=- | cache_used=false path_age=- path_points=0 planning_time_ms=0.2 | reason=no_static_obstacle_in_range | cache_reason=no_cache
1786885024.464 [STATIC_AVOID] obs_id=- obs_dist=-m obs_s=- ego_s=1.77 side=- | left_clearance=- right_clearance=- candidate_valid=false rung=- | cache_used=false path_age=- path_points=0 planning_time_ms=0.1 | reason=no_static_obstacle_in_range | cache_reason=no_cache
1786885024.964 [STATIC_AVOID] obs_id=- obs_dist=-m obs_s=- ego_s=3.44 side=- | left_clearance=- right_clearance=- candidate_valid=false rung=- | cache_used=false path_age=- path_points=0 planning_time_ms=0.1 | reason=no_static_obstacle_in_range | cache_reason=no_cache
1786885025.508 [STATIC_AVOID] obs_id=- obs_dist=-m obs_s=- ego_s=6.14 side=- | left_clearance=- right_clearance=- candidate_valid=false rung=- | cache_used=false path_age=- path_points=0 planning_time_ms=0.1 | reason=no_static_obstacle_in_range | cache_reason=no_cache
1786885026.056 [STATIC_AVOID] obs_id=- obs_dist=-m obs_s=- ego_s=8.84 side=- | left_clearance=- right_clearance=- candidate_valid=false rung=- | cache_used=false path_age=- path_points=0 planning_time_ms=0.1 | reason=no_static_obstacle_in_range | cache_reason=no_cache
1786885026.557 [STATIC_AVOID] obs_id=- obs_dist=-m obs_s=- ego_s=10.55 side=- | left_clearance=- right_clearance=- candidate_valid=false rung=- | cache_used=false path_age=- path_points=0 planning_time_ms=0.1 | reason=no_static_obstacle_in_range | cache_reason=no_cache
1786885027.067 [STATIC_AVOID] obs_id=- obs_dist=-m obs_s=- ego_s=11.62 side=- | left_clearance=- right_clearance=- candidate_valid=false rung=- | cache_used=false path_age=- path_points=0 planning_time_ms=0.1 | reason=no_static_obstacle_in_range | cache_reason=no_cache
1786885027.609 [STATIC_AVOID] obs_id=- obs_dist=-m obs_s=- ego_s=13.16 side=- | left_clearance=- right_clearance=- candidate_valid=false rung=- | cache_used=false path_age=- path_points=0 planning_time_ms=0.1 | reason=no_static_obstacle_in_range | cache_reason=no_cache
1786885028.158 [STATIC_AVOID] obs_id=- obs_dist=-m obs_s=- ego_s=14.76 side=- | left_clearance=- right_clearance=- candidate_valid=false rung=- | cache_used=false path_age=- path_points=0 planning_time_ms=0.1 | reason=no_static_obstacle_in_range | cache_reason=no_cache
1786885028.680 [STATIC_AVOID] obs_id=- obs_dist=-m obs_s=- ego_s=16.17 side=- | left_clearance=- right_clearance=- candidate_valid=false rung=- | cache_used=false path_age=- path_points=0 planning_time_ms=0.1 | reason=no_static_obstacle_in_range | cache_reason=no_cache
1786885029.236 [STATIC_AVOID] obs_id=- obs_dist=-m obs_s=- ego_s=17.28 side=- | left_clearance=- right_clearance=- candidate_valid=false rung=- | cache_used=false path_age=- path_points=0 planning_time_ms=0.1 | reason=no_static_obstacle_in_range | cache_reason=no_cache
1786885029.772 [STATIC_AVOID] obs_id=- obs_dist=-m obs_s=- ego_s=19.27 side=- | left_clearance=- right_clearance=- candidate_valid=false rung=- | cache_used=false path_age=- path_points=0 planning_time_ms=3.5 | reason=no_static_obstacle_in_range | cache_reason=no_cache
1786885030.305 [STATIC_AVOID] obs_id=- obs_dist=-m obs_s=- ego_s=21.58 side=- | left_clearance=- right_clearance=- candidate_valid=false rung=- | cache_used=false path_age=- path_points=0 planning_time_ms=0.1 | reason=no_static_obstacle_in_range | cache_reason=no_cache
1786885030.810 [STATIC_AVOID] obs_id=- obs_dist=-m obs_s=- ego_s=24.36 side=- | left_clearance=- right_clearance=- candidate_valid=false rung=- | cache_used=false path_age=- path_points=0 planning_time_ms=0.1 | reason=no_static_obstacle_in_range | cache_reason=no_cache
1786885031.356 [STATIC_AVOID] obs_id=- obs_dist=-m obs_s=- ego_s=26.52 side=- | left_clearance=- right_clearance=- candidate_valid=false rung=- | cache_used=false path_age=- path_points=0 planning_time_ms=0.2 | reason=no_static_obstacle_in_range | cache_reason=no_cache
1786885031.857 [STATIC_AVOID] obs_id=- obs_dist=-m obs_s=- ego_s=27.77 side=- | left_clearance=- right_clearance=- candidate_valid=false rung=- | cache_used=false path_age=- path_points=0 planning_time_ms=0.1 | reason=no_static_obstacle_in_range | cache_reason=no_cache
1786885032.408 [STATIC_AVOID] obs_id=- obs_dist=-m obs_s=- ego_s=27.77 side=- | left_clearance=- right_clearance=- candidate_valid=false rung=- | cache_used=false path_age=- path_points=0 planning_time_ms=0.3 | reason=no_static_obstacle_in_range | cache_reason=no_cache
1786885032.957 [STATIC_AVOID] obs_id=- obs_dist=-m obs_s=- ego_s=28.88 side=- | left_clearance=- right_clearance=- candidate_valid=false rung=- | cache_used=false path_age=- path_points=0 planning_time_ms=0.1 | reason=no_static_obstacle_in_range | cache_reason=no_cache
1786885033.458 [STATIC_AVOID] obs_id=- obs_dist=-m obs_s=- ego_s=28.88 side=- | left_clearance=- right_clearance=- candidate_valid=false rung=- | cache_used=false path_age=- path_points=0 planning_time_ms=0.2 | reason=no_static_obstacle_in_range | cache_reason=no_cache
1786885034.006 [STATIC_AVOID] obs_id=- obs_dist=-m obs_s=- ego_s=29.34 side=- | left_clearance=- right_clearance=- candidate_valid=false rung=- | cache_used=false path_age=- path_points=0 planning_time_ms=0.1 | reason=no_static_obstacle_in_range | cache_reason=no_cache
1786885034.507 [STATIC_AVOID] obs_id=- obs_dist=-m obs_s=- ego_s=29.34 side=- | left_clearance=- right_clearance=- candidate_valid=false rung=- | cache_used=false path_age=- path_points=0 planning_time_ms=0.1 | reason=no_static_obstacle_in_range | cache_reason=no_cache
1786885035.016 [STATIC_AVOID] obs_id=- obs_dist=-m obs_s=- ego_s=28.59 side=- | left_clearance=- right_clearance=- candidate_valid=false rung=- | cache_used=false path_age=- path_points=0 planning_time_ms=0.1 | reason=no_static_obstacle_in_range | cache_reason=no_cache
1786885035.555 [STATIC_AVOID] obs_id=- obs_dist=-m obs_s=- ego_s=30.20 side=- | left_clearance=- right_clearance=- candidate_valid=false rung=- | cache_used=false path_age=- path_points=0 planning_time_ms=0.1 | reason=no_static_obstacle_in_range | cache_reason=no_cache
1786885036.063 [STATIC_AVOID] obs_id=- obs_dist=-m obs_s=- ego_s=29.65 side=- | left_clearance=- right_clearance=- candidate_valid=false rung=- | cache_used=false path_age=- path_points=0 planning_time_ms=0.3 | reason=no_static_obstacle_in_range | cache_reason=no_cache
1786885036.614 [STATIC_AVOID] obs_id=- obs_dist=-m obs_s=- ego_s=30.06 side=- | left_clearance=- right_clearance=- candidate_valid=false rung=- | cache_used=false path_age=- path_points=0 planning_time_ms=0.1 | reason=no_static_obstacle_in_range | cache_reason=no_cache
1786885037.158 [STATIC_AVOID] obs_id=- obs_dist=-m obs_s=- ego_s=29.55 side=- | left_clearance=- right_clearance=- candidate_valid=false rung=- | cache_used=false path_age=- path_points=0 planning_time_ms=0.1 | reason=no_static_obstacle_in_range | cache_reason=no_cache
1786885037.707 [STATIC_AVOID] obs_id=- obs_dist=-m obs_s=- ego_s=29.56 side=- | left_clearance=- right_clearance=- candidate_valid=false rung=- | cache_used=false path_age=- path_points=0 planning_time_ms=0.1 | reason=no_static_obstacle_in_range | cache_reason=no_cache
1786885038.214 [STATIC_AVOID] obs_id=- obs_dist=-m obs_s=- ego_s=29.64 side=- | left_clearance=- right_clearance=- candidate_valid=false rung=- | cache_used=false path_age=- path_points=0 planning_time_ms=0.1 | reason=no_static_obstacle_in_range | cache_reason=no_cache
1786885038.757 [STATIC_AVOID] obs_id=- obs_dist=-m obs_s=- ego_s=29.71 side=- | left_clearance=- right_clearance=- candidate_valid=false rung=- | cache_used=false path_age=- path_points=0 planning_time_ms=0.1 | reason=no_static_obstacle_in_range | cache_reason=no_cache
1786885039.264 [STATIC_AVOID] obs_id=- obs_dist=-m obs_s=- ego_s=29.74 side=- | left_clearance=- right_clearance=- candidate_valid=false rung=- | cache_used=false path_age=- path_points=0 planning_time_ms=0.1 | reason=no_static_obstacle_in_range | cache_reason=no_cache
1786885039.807 [STATIC_AVOID] obs_id=- obs_dist=-m obs_s=- ego_s=29.80 side=- | left_clearance=- right_clearance=- candidate_valid=false rung=- | cache_used=false path_age=- path_points=0 planning_time_ms=0.1 | reason=no_static_obstacle_in_range | cache_reason=no_cache
1786885040.313 [STATIC_AVOID] obs_id=- obs_dist=-m obs_s=- ego_s=29.84 side=- | left_clearance=- right_clearance=- candidate_valid=false rung=- | cache_used=false path_age=- path_points=0 planning_time_ms=0.1 | reason=no_static_obstacle_in_range | cache_reason=no_cache
1786885040.864 [STATIC_AVOID] obs_id=- obs_dist=-m obs_s=- ego_s=29.87 side=- | left_clearance=- right_clearance=- candidate_valid=false rung=- | cache_used=false path_age=- path_points=0 planning_time_ms=0.1 | reason=no_static_obstacle_in_range | cache_reason=no_cache
1786885041.413 [STATIC_AVOID] obs_id=- obs_dist=-m obs_s=- ego_s=29.90 side=- | left_clearance=- right_clearance=- candidate_valid=false rung=- | cache_used=false path_age=- path_points=0 planning_time_ms=0.1 | reason=no_static_obstacle_in_range | cache_reason=no_cache
1786885041.963 [STATIC_AVOID] obs_id=- obs_dist=-m obs_s=- ego_s=29.94 side=- | left_clearance=- right_clearance=- candidate_valid=false rung=- | cache_used=false path_age=- path_points=0 planning_time_ms=0.1 | reason=no_static_obstacle_in_range | cache_reason=no_cache
1786885042.464 [STATIC_AVOID] obs_id=- obs_dist=-m obs_s=- ego_s=29.97 side=- | left_clearance=- right_clearance=- candidate_valid=false rung=- | cache_used=false path_age=- path_points=0 planning_time_ms=0.1 | reason=no_static_obstacle_in_range | cache_reason=no_cache
1786885043.009 [STATIC_AVOID] obs_id=- obs_dist=-m obs_s=- ego_s=30.00 side=- | left_clearance=- right_clearance=- candidate_valid=false rung=- | cache_used=false path_age=- path_points=0 planning_time_ms=0.1 | reason=no_static_obstacle_in_range | cache_reason=no_cache
1786885043.561 [STATIC_AVOID] obs_id=- obs_dist=-m obs_s=- ego_s=30.01 side=- | left_clearance=- right_clearance=- candidate_valid=false rung=- | cache_used=false path_age=- path_points=0 planning_time_ms=0.1 | reason=no_static_obstacle_in_range | cache_reason=no_cache
1786885044.122 [STATIC_AVOID] obs_id=- obs_dist=-m obs_s=- ego_s=30.01 side=- | left_clearance=- right_clearance=- candidate_valid=false rung=- | cache_used=false path_age=- path_points=0 planning_time_ms=0.1 | reason=no_static_obstacle_in_range | cache_reason=no_cache
1786885044.664 [STATIC_AVOID] obs_id=- obs_dist=-m obs_s=- ego_s=30.01 side=- | left_clearance=- right_clearance=- candidate_valid=false rung=- | cache_used=false path_age=- path_points=0 planning_time_ms=7.8 | reason=no_static_obstacle_in_range | cache_reason=no_cache
1786885045.217 [STATIC_AVOID] obs_id=- obs_dist=-m obs_s=- ego_s=29.45 side=- | left_clearance=- right_clearance=- candidate_valid=false rung=- | cache_used=false path_age=- path_points=0 planning_time_ms=0.1 | reason=no_static_obstacle_in_range | cache_reason=no_cache
1786885045.772 [STATIC_AVOID] obs_id=- obs_dist=-m obs_s=- ego_s=29.11 side=- | left_clearance=- right_clearance=- candidate_valid=false rung=- | cache_used=false path_age=- path_points=0 planning_time_ms=0.1 | reason=no_static_obstacle_in_range | cache_reason=no_cache
1786885046.310 [STATIC_AVOID] obs_id=- obs_dist=-m obs_s=- ego_s=28.42 side=- | left_clearance=- right_clearance=- candidate_valid=false rung=- | cache_used=false path_age=- path_points=0 planning_time_ms=0.1 | reason=no_static_obstacle_in_range | cache_reason=no_cache
1786885046.811 [STATIC_AVOID] obs_id=- obs_dist=-m obs_s=- ego_s=28.67 side=- | left_clearance=- right_clearance=- candidate_valid=false rung=- | cache_used=false path_age=- path_points=0 planning_time_ms=0.1 | reason=no_static_obstacle_in_range | cache_reason=no_cache
1786885047.358 [STATIC_AVOID] obs_id=- obs_dist=-m obs_s=- ego_s=29.44 side=- | left_clearance=- right_clearance=- candidate_valid=false rung=- | cache_used=false path_age=- path_points=0 planning_time_ms=0.1 | reason=no_static_obstacle_in_range | cache_reason=no_cache
1786885047.910 [STATIC_AVOID] obs_id=- obs_dist=-m obs_s=- ego_s=29.60 side=- | left_clearance=- right_clearance=- candidate_valid=false rung=- | cache_used=false path_age=- path_points=0 planning_time_ms=0.1 | reason=no_static_obstacle_in_range | cache_reason=no_cache
1786885048.462 [STATIC_AVOID] obs_id=- obs_dist=-m obs_s=- ego_s=29.57 side=- | left_clearance=- right_clearance=- candidate_valid=false rung=- | cache_used=false path_age=- path_points=0 planning_time_ms=0.1 | reason=no_static_obstacle_in_range | cache_reason=no_cache
1786885048.962 [STATIC_AVOID] obs_id=- obs_dist=-m obs_s=- ego_s=29.57 side=- | left_clearance=- right_clearance=- candidate_valid=false rung=- | cache_used=false path_age=- path_points=0 planning_time_ms=0.1 | reason=no_static_obstacle_in_range | cache_reason=no_cache
1786885049.506 [STATIC_AVOID] obs_id=- obs_dist=-m obs_s=- ego_s=29.57 side=- | left_clearance=- right_clearance=- candidate_valid=false rung=- | cache_used=false path_age=- path_points=0 planning_time_ms=0.1 | reason=no_static_obstacle_in_range | cache_reason=no_cache
1786885050.056 [STATIC_AVOID] obs_id=- obs_dist=-m obs_s=- ego_s=29.57 side=- | left_clearance=- right_clearance=- candidate_valid=false rung=- | cache_used=false path_age=- path_points=0 planning_time_ms=0.1 | reason=no_static_obstacle_in_range | cache_reason=no_cache
1786885050.557 [STATIC_AVOID] obs_id=- obs_dist=-m obs_s=- ego_s=29.57 side=- | left_clearance=- right_clearance=- candidate_valid=false rung=- | cache_used=false path_age=- path_points=0 planning_time_ms=0.1 | reason=no_static_obstacle_in_range | cache_reason=no_cache
1786885051.057 [STATIC_AVOID] obs_id=- obs_dist=-m obs_s=- ego_s=29.57 side=- | left_clearance=- right_clearance=- candidate_valid=false rung=- | cache_used=false path_age=- path_points=0 planning_time_ms=0.2 | reason=no_static_obstacle_in_range | cache_reason=no_cache
1786885051.558 [STATIC_AVOID] obs_id=- obs_dist=-m obs_s=- ego_s=29.57 side=- | left_clearance=- right_clearance=- candidate_valid=false rung=- | cache_used=false path_age=- path_points=0 planning_time_ms=0.2 | reason=no_static_obstacle_in_range | cache_reason=no_cache
1786885052.106 [STATIC_AVOID] obs_id=- obs_dist=-m obs_s=- ego_s=29.57 side=- | left_clearance=- right_clearance=- candidate_valid=false rung=- | cache_used=false path_age=- path_points=0 planning_time_ms=0.1 | reason=no_static_obstacle_in_range | cache_reason=no_cache
1786885052.607 [STATIC_AVOID] obs_id=- obs_dist=-m obs_s=- ego_s=29.57 side=- | left_clearance=- right_clearance=- candidate_valid=false rung=- | cache_used=false path_age=- path_points=0 planning_time_ms=0.1 | reason=no_static_obstacle_in_range | cache_reason=no_cache
1786885053.156 [STATIC_AVOID] obs_id=- obs_dist=-m obs_s=- ego_s=29.57 side=- | left_clearance=- right_clearance=- candidate_valid=false rung=- | cache_used=false path_age=- path_points=0 planning_time_ms=0.1 | reason=no_static_obstacle_in_range | cache_reason=no_cache
1786885053.666 [STATIC_AVOID] obs_id=- obs_dist=-m obs_s=- ego_s=29.58 side=- | left_clearance=- right_clearance=- candidate_valid=false rung=- | cache_used=false path_age=- path_points=0 planning_time_ms=0.1 | reason=no_static_obstacle_in_range | cache_reason=no_cache
1786885054.206 [STATIC_AVOID] obs_id=- obs_dist=-m obs_s=- ego_s=33.34 side=- | left_clearance=- right_clearance=- candidate_valid=false rung=- | cache_used=false path_age=- path_points=0 planning_time_ms=0.1 | reason=no_static_obstacle_in_range | cache_reason=no_cache
1786885054.717 [STATIC_AVOID] obs_id=- obs_dist=-m obs_s=- ego_s=33.30 side=- | left_clearance=- right_clearance=- candidate_valid=false rung=- | cache_used=false path_age=- path_points=0 planning_time_ms=0.1 | reason=no_static_obstacle_in_range | cache_reason=no_cache
1786885055.220 [STATIC_AVOID] obs_id=- obs_dist=-m obs_s=- ego_s=33.31 side=- | left_clearance=- right_clearance=- candidate_valid=false rung=- | cache_used=false path_age=- path_points=0 planning_time_ms=7.3 | reason=no_static_obstacle_in_range | cache_reason=no_cache
1786885055.767 [STATIC_AVOID] obs_id=- obs_dist=-m obs_s=- ego_s=33.30 side=- | left_clearance=- right_clearance=- candidate_valid=false rung=- | cache_used=false path_age=- path_points=0 planning_time_ms=0.1 | reason=no_static_obstacle_in_range | cache_reason=no_cache
1786885056.318 [STATIC_AVOID] obs_id=- obs_dist=-m obs_s=- ego_s=33.30 side=- | left_clearance=- right_clearance=- candidate_valid=false rung=- | cache_used=false path_age=- path_points=0 planning_time_ms=1.1 | reason=no_static_obstacle_in_range | cache_reason=no_cache
1786885056.858 [STATIC_AVOID] obs_id=- obs_dist=-m obs_s=- ego_s=33.30 side=- | left_clearance=- right_clearance=- candidate_valid=false rung=- | cache_used=false path_age=- path_points=0 planning_time_ms=0.1 | reason=no_static_obstacle_in_range | cache_reason=no_cache
1786885057.366 [STATIC_AVOID] obs_id=- obs_dist=-m obs_s=- ego_s=33.30 side=- | left_clearance=- right_clearance=- candidate_valid=false rung=- | cache_used=false path_age=- path_points=0 planning_time_ms=0.1 | reason=no_static_obstacle_in_range | cache_reason=no_cache
1786885057.874 [STATIC_AVOID] obs_id=- obs_dist=-m obs_s=- ego_s=33.30 side=- | left_clearance=- right_clearance=- candidate_valid=false rung=- | cache_used=false path_age=- path_points=0 planning_time_ms=0.2 | reason=no_static_obstacle_in_range | cache_reason=no_cache
1786885058.407 [STATIC_AVOID] obs_id=- obs_dist=-m obs_s=- ego_s=33.30 side=- | left_clearance=- right_clearance=- candidate_valid=false rung=- | cache_used=false path_age=- path_points=0 planning_time_ms=0.1 | reason=no_static_obstacle_in_range | cache_reason=no_cache
1786885058.931 [STATIC_AVOID] obs_id=- obs_dist=-m obs_s=- ego_s=33.30 side=- | left_clearance=- right_clearance=- candidate_valid=false rung=- | cache_used=false path_age=- path_points=0 planning_time_ms=0.5 | reason=no_static_obstacle_in_range | cache_reason=no_cache
1786885059.458 [STATIC_AVOID] obs_id=- obs_dist=-m obs_s=- ego_s=33.31 side=- | left_clearance=- right_clearance=- candidate_valid=false rung=- | cache_used=false path_age=- path_points=0 planning_time_ms=0.1 | reason=no_static_obstacle_in_range | cache_reason=no_cache
1786885060.006 [STATIC_AVOID] obs_id=- obs_dist=-m obs_s=- ego_s=33.30 side=- | left_clearance=- right_clearance=- candidate_valid=false rung=- | cache_used=false path_age=- path_points=0 planning_time_ms=0.1 | reason=no_static_obstacle_in_range | cache_reason=no_cache
1786885060.506 [STATIC_AVOID] obs_id=- obs_dist=-m obs_s=- ego_s=33.30 side=- | left_clearance=- right_clearance=- candidate_valid=false rung=- | cache_used=false path_age=- path_points=0 planning_time_ms=0.1 | reason=no_static_obstacle_in_range | cache_reason=no_cache
1786885061.033 [STATIC_AVOID] obs_id=- obs_dist=-m obs_s=- ego_s=33.29 side=- | left_clearance=- right_clearance=- candidate_valid=false rung=- | cache_used=false path_age=- path_points=0 planning_time_ms=0.1 | reason=no_static_obstacle_in_range | cache_reason=no_cache
1786885061.562 [STATIC_AVOID] obs_id=- obs_dist=-m obs_s=- ego_s=33.30 side=- | left_clearance=- right_clearance=- candidate_valid=false rung=- | cache_used=false path_age=- path_points=0 planning_time_ms=0.1 | reason=no_static_obstacle_in_range | cache_reason=no_cache
1786885062.106 [STATIC_AVOID] obs_id=- obs_dist=-m obs_s=- ego_s=33.29 side=- | left_clearance=- right_clearance=- candidate_valid=false rung=- | cache_used=false path_age=- path_points=0 planning_time_ms=0.1 | reason=no_static_obstacle_in_range | cache_reason=no_cache
1786885062.656 [STATIC_AVOID] obs_id=- obs_dist=-m obs_s=- ego_s=33.29 side=- | left_clearance=- right_clearance=- candidate_valid=false rung=- | cache_used=false path_age=- path_points=0 planning_time_ms=0.1 | reason=no_static_obstacle_in_range | cache_reason=no_cache
1786885063.156 [STATIC_AVOID] obs_id=- obs_dist=-m obs_s=- ego_s=33.30 side=- | left_clearance=- right_clearance=- candidate_valid=false rung=- | cache_used=false path_age=- path_points=0 planning_time_ms=0.1 | reason=no_static_obstacle_in_range | cache_reason=no_cache
1786885063.663 [STATIC_AVOID] obs_id=- obs_dist=-m obs_s=- ego_s=33.30 side=- | left_clearance=- right_clearance=- candidate_valid=false rung=- | cache_used=false path_age=- path_points=0 planning_time_ms=0.2 | reason=no_static_obstacle_in_range | cache_reason=no_cache
1786885064.167 [STATIC_AVOID] obs_id=- obs_dist=-m obs_s=- ego_s=33.30 side=- | left_clearance=- right_clearance=- candidate_valid=false rung=- | cache_used=false path_age=- path_points=0 planning_time_ms=0.1 | reason=no_static_obstacle_in_range | cache_reason=no_cache
1786885064.672 [STATIC_AVOID] obs_id=- obs_dist=-m obs_s=- ego_s=33.32 side=- | left_clearance=- right_clearance=- candidate_valid=false rung=- | cache_used=false path_age=- path_points=0 planning_time_ms=2.4 | reason=no_static_obstacle_in_range | cache_reason=no_cache
1786885065.210 [STATIC_AVOID] obs_id=- obs_dist=-m obs_s=- ego_s=33.63 side=- | left_clearance=- right_clearance=- candidate_valid=false rung=- | cache_used=false path_age=- path_points=0 planning_time_ms=0.1 | reason=no_static_obstacle_in_range | cache_reason=no_cache
1786885065.713 [STATIC_AVOID] obs_id=- obs_dist=-m obs_s=- ego_s=34.16 side=- | left_clearance=- right_clearance=- candidate_valid=false rung=- | cache_used=false path_age=- path_points=0 planning_time_ms=0.1 | reason=no_static_obstacle_in_range | cache_reason=no_cache
1786885066.262 [STATIC_AVOID] obs_id=- obs_dist=-m obs_s=- ego_s=0.56 side=- | left_clearance=- right_clearance=- candidate_valid=false rung=- | cache_used=false path_age=- path_points=0 planning_time_ms=0.1 | reason=no_static_obstacle_in_range | cache_reason=no_cache
1786885066.763 [STATIC_AVOID] obs_id=- obs_dist=-m obs_s=- ego_s=2.34 side=- | left_clearance=- right_clearance=- candidate_valid=false rung=- | cache_used=false path_age=- path_points=0 planning_time_ms=0.1 | reason=no_static_obstacle_in_range | cache_reason=no_cache
1786885067.306 [STATIC_AVOID] obs_id=- obs_dist=-m obs_s=- ego_s=4.98 side=- | left_clearance=- right_clearance=- candidate_valid=false rung=- | cache_used=false path_age=- path_points=0 planning_time_ms=0.1 | reason=no_static_obstacle_in_range | cache_reason=no_cache
1786885067.858 [STATIC_AVOID] obs_id=- obs_dist=-m obs_s=- ego_s=7.77 side=- | left_clearance=- right_clearance=- candidate_valid=false rung=- | cache_used=false path_age=- path_points=0 planning_time_ms=0.1 | reason=no_static_obstacle_in_range | cache_reason=no_cache
1786885068.358 [STATIC_AVOID] obs_id=- obs_dist=-m obs_s=- ego_s=9.82 side=- | left_clearance=- right_clearance=- candidate_valid=false rung=- | cache_used=false path_age=- path_points=0 planning_time_ms=0.1 | reason=no_static_obstacle_in_range | cache_reason=no_cache
1786885068.860 [STATIC_AVOID] obs_id=- obs_dist=-m obs_s=- ego_s=11.21 side=- | left_clearance=- right_clearance=- candidate_valid=false rung=- | cache_used=false path_age=- path_points=0 planning_time_ms=0.1 | reason=no_static_obstacle_in_range | cache_reason=no_cache
1786885069.360 [STATIC_AVOID] obs_id=- obs_dist=-m obs_s=- ego_s=12.27 side=- | left_clearance=- right_clearance=- candidate_valid=false rung=- | cache_used=false path_age=- path_points=0 planning_time_ms=0.1 | reason=no_static_obstacle_in_range | cache_reason=no_cache
1786885069.923 [STATIC_AVOID] obs_id=- obs_dist=-m obs_s=- ego_s=14.00 side=- | left_clearance=- right_clearance=- candidate_valid=false rung=- | cache_used=false path_age=- path_points=0 planning_time_ms=0.1 | reason=no_static_obstacle_in_range | cache_reason=no_cache
1786885070.478 [STATIC_AVOID] obs_id=- obs_dist=-m obs_s=- ego_s=15.74 side=- | left_clearance=- right_clearance=- candidate_valid=false rung=- | cache_used=false path_age=- path_points=0 planning_time_ms=0.1 | reason=no_static_obstacle_in_range | cache_reason=no_cache
1786885071.006 [STATIC_AVOID] obs_id=- obs_dist=-m obs_s=- ego_s=16.87 side=- | left_clearance=- right_clearance=- candidate_valid=false rung=- | cache_used=false path_age=- path_points=0 planning_time_ms=0.1 | reason=no_static_obstacle_in_range | cache_reason=no_cache
1786885071.507 [STATIC_AVOID] obs_id=- obs_dist=-m obs_s=- ego_s=18.48 side=- | left_clearance=- right_clearance=- candidate_valid=false rung=- | cache_used=false path_age=- path_points=0 planning_time_ms=0.1 | reason=no_static_obstacle_in_range | cache_reason=no_cache
1786885072.015 [STATIC_AVOID] obs_id=- obs_dist=-m obs_s=- ego_s=20.93 side=- | left_clearance=- right_clearance=- candidate_valid=false rung=- | cache_used=false path_age=- path_points=0 planning_time_ms=0.1 | reason=no_static_obstacle_in_range | cache_reason=no_cache
1786885072.522 [STATIC_AVOID] obs_id=- obs_dist=-m obs_s=- ego_s=22.73 side=- | left_clearance=- right_clearance=- candidate_valid=false rung=- | cache_used=false path_age=- path_points=0 planning_time_ms=0.2 | reason=no_static_obstacle_in_range | cache_reason=no_cache
1786885073.061 [STATIC_AVOID] obs_id=- obs_dist=-m obs_s=- ego_s=25.12 side=- | left_clearance=- right_clearance=- candidate_valid=false rung=- | cache_used=false path_age=- path_points=0 planning_time_ms=3.0 | reason=no_static_obstacle_in_range | cache_reason=no_cache
1786885073.564 [STATIC_AVOID] obs_id=- obs_dist=-m obs_s=- ego_s=27.36 side=- | left_clearance=- right_clearance=- candidate_valid=false rung=- | cache_used=false path_age=- path_points=0 planning_time_ms=0.3 | reason=no_static_obstacle_in_range | cache_reason=no_cache
1786885074.078 [STATIC_AVOID] obs_id=- obs_dist=-m obs_s=- ego_s=29.24 side=- | left_clearance=- right_clearance=- candidate_valid=false rung=- | cache_used=false path_age=- path_points=0 planning_time_ms=0.1 | reason=no_static_obstacle_in_range | cache_reason=no_cache
1786885074.623 [STATIC_AVOID] obs_id=- obs_dist=-m obs_s=- ego_s=30.75 side=- | left_clearance=- right_clearance=- candidate_valid=false rung=- | cache_used=false path_age=- path_points=0 planning_time_ms=0.2 | reason=no_static_obstacle_in_range | cache_reason=no_cache
1786885075.168 [STATIC_AVOID] obs_id=- obs_dist=-m obs_s=- ego_s=33.04 side=- | left_clearance=- right_clearance=- candidate_valid=false rung=- | cache_used=false path_age=- path_points=0 planning_time_ms=0.1 | reason=no_static_obstacle_in_range | cache_reason=no_cache
1786885075.708 [STATIC_AVOID] obs_id=- obs_dist=-m obs_s=- ego_s=1.05 side=- | left_clearance=- right_clearance=- candidate_valid=false rung=- | cache_used=false path_age=- path_points=0 planning_time_ms=0.1 | reason=no_static_obstacle_in_range | cache_reason=no_cache
1786885076.210 [STATIC_AVOID] obs_id=- obs_dist=-m obs_s=- ego_s=3.19 side=- | left_clearance=- right_clearance=- candidate_valid=false rung=- | cache_used=false path_age=- path_points=0 planning_time_ms=1.0 | reason=no_static_obstacle_in_range | cache_reason=no_cache
1786885076.762 [STATIC_AVOID] obs_id=- obs_dist=-m obs_s=- ego_s=4.94 side=- | left_clearance=- right_clearance=- candidate_valid=false rung=- | cache_used=false path_age=- path_points=0 planning_time_ms=0.1 | reason=no_static_obstacle_in_range | cache_reason=no_cache
1786885077.310 [STATIC_AVOID] obs_id=- obs_dist=-m obs_s=- ego_s=7.72 side=- | left_clearance=- right_clearance=- candidate_valid=false rung=- | cache_used=false path_age=- path_points=0 planning_time_ms=0.1 | reason=no_static_obstacle_in_range | cache_reason=no_cache
1786885077.865 [STATIC_AVOID] obs_id=- obs_dist=-m obs_s=- ego_s=9.90 side=- | left_clearance=- right_clearance=- candidate_valid=false rung=- | cache_used=false path_age=- path_points=0 planning_time_ms=0.1 | reason=no_static_obstacle_in_range | cache_reason=no_cache
1786885078.372 [STATIC_AVOID] obs_id=- obs_dist=-m obs_s=- ego_s=11.24 side=- | left_clearance=- right_clearance=- candidate_valid=false rung=- | cache_used=false path_age=- path_points=0 planning_time_ms=0.1 | reason=no_static_obstacle_in_range | cache_reason=no_cache
1786885078.894 [STATIC_AVOID] obs_id=- obs_dist=-m obs_s=- ego_s=12.13 side=- | left_clearance=- right_clearance=- candidate_valid=false rung=- | cache_used=false path_age=- path_points=0 planning_time_ms=0.1 | reason=no_static_obstacle_in_range | cache_reason=no_cache
1786885079.406 [STATIC_AVOID] obs_id=- obs_dist=-m obs_s=- ego_s=14.03 side=- | left_clearance=- right_clearance=- candidate_valid=false rung=- | cache_used=false path_age=- path_points=0 planning_time_ms=0.1 | reason=no_static_obstacle_in_range | cache_reason=no_cache
1786885079.911 [STATIC_AVOID] obs_id=- obs_dist=-m obs_s=- ego_s=15.69 side=- | left_clearance=- right_clearance=- candidate_valid=false rung=- | cache_used=false path_age=- path_points=0 planning_time_ms=1.7 | reason=no_static_obstacle_in_range | cache_reason=no_cache
1786885080.460 [STATIC_AVOID] obs_id=- obs_dist=-m obs_s=- ego_s=17.07 side=- | left_clearance=- right_clearance=- candidate_valid=false rung=- | cache_used=false path_age=- path_points=0 planning_time_ms=0.1 | reason=no_static_obstacle_in_range | cache_reason=no_cache
1786885080.967 [STATIC_AVOID] obs_id=- obs_dist=-m obs_s=- ego_s=18.73 side=- | left_clearance=- right_clearance=- candidate_valid=false rung=- | cache_used=false path_age=- path_points=0 planning_time_ms=0.2 | reason=no_static_obstacle_in_range | cache_reason=no_cache
1786885081.509 [STATIC_AVOID] obs_id=- obs_dist=-m obs_s=- ego_s=21.44 side=- | left_clearance=- right_clearance=- candidate_valid=false rung=- | cache_used=false path_age=- path_points=0 planning_time_ms=0.1 | reason=no_static_obstacle_in_range | cache_reason=no_cache
1786885082.056 [STATIC_AVOID] obs_id=- obs_dist=-m obs_s=- ego_s=24.34 side=- | left_clearance=- right_clearance=- candidate_valid=false rung=- | cache_used=false path_age=- path_points=0 planning_time_ms=0.1 | reason=no_static_obstacle_in_range | cache_reason=no_cache
1786885082.561 [STATIC_AVOID] obs_id=- obs_dist=-m obs_s=- ego_s=26.29 side=- | left_clearance=- right_clearance=- candidate_valid=false rung=- | cache_used=false path_age=- path_points=0 planning_time_ms=0.1 | reason=no_static_obstacle_in_range | cache_reason=no_cache
1786885083.115 [STATIC_AVOID] obs_id=- obs_dist=-m obs_s=- ego_s=28.50 side=- | left_clearance=- right_clearance=- candidate_valid=false rung=- | cache_used=false path_age=- path_points=0 planning_time_ms=0.1 | reason=no_static_obstacle_in_range | cache_reason=no_cache
1786885083.627 [STATIC_AVOID] obs_id=- obs_dist=-m obs_s=- ego_s=30.17 side=- | left_clearance=- right_clearance=- candidate_valid=false rung=- | cache_used=false path_age=- path_points=0 planning_time_ms=0.1 | reason=no_static_obstacle_in_range | cache_reason=no_cache
1786885084.163 [STATIC_AVOID] obs_id=- obs_dist=-m obs_s=- ego_s=32.14 side=- | left_clearance=- right_clearance=- candidate_valid=false rung=- | cache_used=false path_age=- path_points=0 planning_time_ms=1.3 | reason=no_static_obstacle_in_range | cache_reason=no_cache
1786885084.710 [STATIC_AVOID] obs_id=- obs_dist=-m obs_s=- ego_s=34.43 side=- | left_clearance=- right_clearance=- candidate_valid=false rung=- | cache_used=false path_age=- path_points=0 planning_time_ms=0.1 | reason=no_static_obstacle_in_range | cache_reason=no_cache
1786885085.220 [STATIC_AVOID] obs_id=- obs_dist=-m obs_s=- ego_s=1.89 side=- | left_clearance=- right_clearance=- candidate_valid=false rung=- | cache_used=false path_age=- path_points=0 planning_time_ms=0.1 | reason=no_static_obstacle_in_range | cache_reason=no_cache
1786885085.766 [STATIC_AVOID] obs_id=- obs_dist=-m obs_s=- ego_s=4.27 side=- | left_clearance=- right_clearance=- candidate_valid=false rung=- | cache_used=false path_age=- path_points=0 planning_time_ms=0.1 | reason=no_static_obstacle_in_range | cache_reason=no_cache
1786885086.315 [STATIC_AVOID] obs_id=- obs_dist=-m obs_s=- ego_s=6.88 side=- | left_clearance=- right_clearance=- candidate_valid=false rung=- | cache_used=false path_age=- path_points=0 planning_time_ms=0.1 | reason=no_static_obstacle_in_range | cache_reason=no_cache
1786885086.869 [STATIC_AVOID] obs_id=- obs_dist=-m obs_s=- ego_s=8.87 side=- | left_clearance=- right_clearance=- candidate_valid=false rung=- | cache_used=false path_age=- path_points=0 planning_time_ms=0.1 | reason=no_static_obstacle_in_range | cache_reason=no_cache
1786885087.409 [STATIC_AVOID] obs_id=- obs_dist=-m obs_s=- ego_s=10.69 side=- | left_clearance=- right_clearance=- candidate_valid=false rung=- | cache_used=false path_age=- path_points=0 planning_time_ms=0.1 | reason=no_static_obstacle_in_range | cache_reason=no_cache
1786885087.912 [STATIC_AVOID] obs_id=- obs_dist=-m obs_s=- ego_s=11.73 side=- | left_clearance=- right_clearance=- candidate_valid=false rung=- | cache_used=false path_age=- path_points=0 planning_time_ms=0.1 | reason=no_static_obstacle_in_range | cache_reason=no_cache
1786885088.415 [STATIC_AVOID] obs_id=- obs_dist=-m obs_s=- ego_s=13.11 side=- | left_clearance=- right_clearance=- candidate_valid=false rung=- | cache_used=false path_age=- path_points=0 planning_time_ms=2.0 | reason=no_static_obstacle_in_range | cache_reason=no_cache
1786885088.960 [STATIC_AVOID] obs_id=- obs_dist=-m obs_s=- ego_s=14.99 side=- | left_clearance=- right_clearance=- candidate_valid=false rung=- | cache_used=false path_age=- path_points=0 planning_time_ms=0.2 | reason=no_static_obstacle_in_range | cache_reason=no_cache
1786885089.466 [STATIC_AVOID] obs_id=- obs_dist=-m obs_s=- ego_s=16.32 side=- | left_clearance=- right_clearance=- candidate_valid=false rung=- | cache_used=false path_age=- path_points=0 planning_time_ms=0.1 | reason=no_static_obstacle_in_range | cache_reason=no_cache
1786885089.966 [STATIC_AVOID] obs_id=- obs_dist=-m obs_s=- ego_s=17.77 side=- | left_clearance=- right_clearance=- candidate_valid=false rung=- | cache_used=false path_age=- path_points=0 planning_time_ms=0.1 | reason=no_static_obstacle_in_range | cache_reason=no_cache
1786885090.524 [STATIC_AVOID] obs_id=- obs_dist=-m obs_s=- ego_s=19.82 side=- | left_clearance=- right_clearance=- candidate_valid=false rung=- | cache_used=false path_age=- path_points=0 planning_time_ms=0.1 | reason=no_static_obstacle_in_range | cache_reason=no_cache
1786885091.060 [STATIC_AVOID] obs_id=- obs_dist=-m obs_s=- ego_s=21.84 side=- | left_clearance=- right_clearance=- candidate_valid=false rung=- | cache_used=false path_age=- path_points=0 planning_time_ms=0.1 | reason=no_static_obstacle_in_range | cache_reason=no_cache
1786885091.610 [STATIC_AVOID] obs_id=- obs_dist=-m obs_s=- ego_s=24.26 side=- | left_clearance=- right_clearance=- candidate_valid=false rung=- | cache_used=false path_age=- path_points=0 planning_time_ms=0.1 | reason=no_static_obstacle_in_range | cache_reason=no_cache
1786885092.115 [STATIC_AVOID] obs_id=- obs_dist=-m obs_s=- ego_s=26.25 side=- | left_clearance=- right_clearance=- candidate_valid=false rung=- | cache_used=false path_age=- path_points=0 planning_time_ms=0.3 | reason=no_static_obstacle_in_range | cache_reason=no_cache
1786885092.627 [STATIC_AVOID] obs_id=- obs_dist=-m obs_s=- ego_s=28.22 side=- | left_clearance=- right_clearance=- candidate_valid=false rung=- | cache_used=false path_age=- path_points=0 planning_time_ms=0.1 | reason=no_static_obstacle_in_range | cache_reason=no_cache
1786885093.161 [STATIC_AVOID] obs_id=- obs_dist=-m obs_s=- ego_s=30.19 side=- | left_clearance=- right_clearance=- candidate_valid=false rung=- | cache_used=false path_age=- path_points=0 planning_time_ms=1.4 | reason=no_static_obstacle_in_range | cache_reason=no_cache
1786885093.665 [STATIC_AVOID] obs_id=- obs_dist=-m obs_s=- ego_s=31.86 side=- | left_clearance=- right_clearance=- candidate_valid=false rung=- | cache_used=false path_age=- path_points=0 planning_time_ms=0.1 | reason=no_static_obstacle_in_range | cache_reason=no_cache
1786885094.171 [STATIC_AVOID] obs_id=- obs_dist=-m obs_s=- ego_s=33.74 side=- | left_clearance=- right_clearance=- candidate_valid=false rung=- | cache_used=false path_age=- path_points=0 planning_time_ms=1.6 | reason=no_static_obstacle_in_range | cache_reason=no_cache
1786885094.717 [STATIC_AVOID] obs_id=- obs_dist=-m obs_s=- ego_s=1.37 side=- | left_clearance=- right_clearance=- candidate_valid=false rung=- | cache_used=false path_age=- path_points=0 planning_time_ms=0.1 | reason=no_static_obstacle_in_range | cache_reason=no_cache
1786885095.271 [STATIC_AVOID] obs_id=- obs_dist=-m obs_s=- ego_s=3.73 side=- | left_clearance=- right_clearance=- candidate_valid=false rung=- | cache_used=false path_age=- path_points=0 planning_time_ms=0.1 | reason=no_static_obstacle_in_range | cache_reason=no_cache
1786885095.813 [STATIC_AVOID] obs_id=- obs_dist=-m obs_s=- ego_s=6.03 side=- | left_clearance=- right_clearance=- candidate_valid=false rung=- | cache_used=false path_age=- path_points=0 planning_time_ms=0.1 | reason=no_static_obstacle_in_range | cache_reason=no_cache
1786885096.364 [STATIC_AVOID] obs_id=- obs_dist=-m obs_s=- ego_s=8.64 side=- | left_clearance=- right_clearance=- candidate_valid=false rung=- | cache_used=false path_age=- path_points=0 planning_time_ms=0.2 | reason=no_static_obstacle_in_range | cache_reason=no_cache
1786885096.910 [STATIC_AVOID] obs_id=- obs_dist=-m obs_s=- ego_s=10.65 side=- | left_clearance=- right_clearance=- candidate_valid=false rung=- | cache_used=false path_age=- path_points=0 planning_time_ms=0.5 | reason=no_static_obstacle_in_range | cache_reason=no_cache
1786885097.464 [STATIC_AVOID] obs_id=- obs_dist=-m obs_s=- ego_s=11.83 side=- | left_clearance=- right_clearance=- candidate_valid=false rung=- | cache_used=false path_age=- path_points=0 planning_time_ms=0.2 | reason=no_static_obstacle_in_range | cache_reason=no_cache
1786885098.009 [STATIC_AVOID] obs_id=- obs_dist=-m obs_s=- ego_s=13.45 side=- | left_clearance=- right_clearance=- candidate_valid=false rung=- | cache_used=false path_age=- path_points=0 planning_time_ms=0.1 | reason=no_static_obstacle_in_range | cache_reason=no_cache
1786885098.558 [STATIC_AVOID] obs_id=- obs_dist=-m obs_s=- ego_s=15.07 side=- | left_clearance=- right_clearance=- candidate_valid=false rung=- | cache_used=false path_age=- path_points=0 planning_time_ms=0.1 | reason=no_static_obstacle_in_range | cache_reason=no_cache
1786885099.065 [STATIC_AVOID] obs_id=- obs_dist=-m obs_s=- ego_s=16.28 side=- | left_clearance=- right_clearance=- candidate_valid=false rung=- | cache_used=false path_age=- path_points=0 planning_time_ms=0.4 | reason=no_static_obstacle_in_range | cache_reason=no_cache
1786885099.606 [STATIC_AVOID] obs_id=- obs_dist=-m obs_s=- ego_s=17.71 side=- | left_clearance=- right_clearance=- candidate_valid=false rung=- | cache_used=false path_age=- path_points=0 planning_time_ms=0.1 | reason=no_static_obstacle_in_range | cache_reason=no_cache
1786885100.120 [STATIC_AVOID] obs_id=- obs_dist=-m obs_s=- ego_s=19.17 side=- | left_clearance=- right_clearance=- candidate_valid=false rung=- | cache_used=false path_age=- path_points=0 planning_time_ms=13.5 | reason=no_static_obstacle_in_range | cache_reason=no_cache
1786885100.659 [STATIC_AVOID] obs_id=- obs_dist=-m obs_s=- ego_s=21.82 side=- | left_clearance=- right_clearance=- candidate_valid=false rung=- | cache_used=false path_age=- path_points=0 planning_time_ms=0.1 | reason=no_static_obstacle_in_range | cache_reason=no_cache
1786885101.169 [STATIC_AVOID] obs_id=- obs_dist=-m obs_s=- ego_s=24.44 side=- | left_clearance=- right_clearance=- candidate_valid=false rung=- | cache_used=false path_age=- path_points=0 planning_time_ms=0.1 | reason=no_static_obstacle_in_range | cache_reason=no_cache
1786885101.712 [STATIC_AVOID] obs_id=- obs_dist=-m obs_s=- ego_s=26.65 side=- | left_clearance=- right_clearance=- candidate_valid=false rung=- | cache_used=false path_age=- path_points=0 planning_time_ms=0.1 | reason=no_static_obstacle_in_range | cache_reason=no_cache
1786885102.258 [STATIC_AVOID] obs_id=- obs_dist=-m obs_s=- ego_s=28.80 side=- | left_clearance=- right_clearance=- candidate_valid=false rung=- | cache_used=false path_age=- path_points=0 planning_time_ms=0.2 | reason=no_static_obstacle_in_range | cache_reason=no_cache
1786885102.765 [STATIC_AVOID] obs_id=- obs_dist=-m obs_s=- ego_s=30.43 side=- | left_clearance=- right_clearance=- candidate_valid=false rung=- | cache_used=false path_age=- path_points=0 planning_time_ms=1.8 | reason=no_static_obstacle_in_range | cache_reason=no_cache
1786885103.307 [STATIC_AVOID] obs_id=- obs_dist=-m obs_s=- ego_s=32.66 side=- | left_clearance=- right_clearance=- candidate_valid=false rung=- | cache_used=false path_age=- path_points=0 planning_time_ms=0.1 | reason=no_static_obstacle_in_range | cache_reason=no_cache
1786885103.823 [STATIC_AVOID] obs_id=- obs_dist=-m obs_s=- ego_s=34.42 side=- | left_clearance=- right_clearance=- candidate_valid=false rung=- | cache_used=false path_age=- path_points=0 planning_time_ms=0.1 | reason=no_static_obstacle_in_range | cache_reason=no_cache
1786885104.368 [STATIC_AVOID] obs_id=- obs_dist=-m obs_s=- ego_s=2.15 side=- | left_clearance=- right_clearance=- candidate_valid=false rung=- | cache_used=false path_age=- path_points=0 planning_time_ms=4.6 | reason=no_static_obstacle_in_range | cache_reason=no_cache
1786885104.869 [STATIC_AVOID] obs_id=- obs_dist=-m obs_s=- ego_s=3.65 side=- | left_clearance=- right_clearance=- candidate_valid=false rung=- | cache_used=false path_age=- path_points=0 planning_time_ms=0.1 | reason=no_static_obstacle_in_range | cache_reason=no_cache
1786885105.414 [STATIC_AVOID] obs_id=- obs_dist=-m obs_s=- ego_s=6.44 side=- | left_clearance=- right_clearance=- candidate_valid=false rung=- | cache_used=false path_age=- path_points=0 planning_time_ms=0.1 | reason=no_static_obstacle_in_range | cache_reason=no_cache
1786885105.965 [STATIC_AVOID] obs_id=- obs_dist=-m obs_s=- ego_s=8.98 side=- | left_clearance=- right_clearance=- candidate_valid=false rung=- | cache_used=false path_age=- path_points=0 planning_time_ms=0.1 | reason=no_static_obstacle_in_range | cache_reason=no_cache
1786885106.518 [STATIC_AVOID] obs_id=- obs_dist=-m obs_s=- ego_s=10.76 side=- | left_clearance=- right_clearance=- candidate_valid=false rung=- | cache_used=false path_age=- path_points=0 planning_time_ms=7.2 | reason=no_static_obstacle_in_range | cache_reason=no_cache
1786885107.063 [STATIC_AVOID] obs_id=- obs_dist=-m obs_s=- ego_s=11.94 side=- | left_clearance=- right_clearance=- candidate_valid=false rung=- | cache_used=false path_age=- path_points=0 planning_time_ms=0.2 | reason=no_static_obstacle_in_range | cache_reason=no_cache
1786885107.566 [STATIC_AVOID] obs_id=- obs_dist=-m obs_s=- ego_s=13.58 side=- | left_clearance=- right_clearance=- candidate_valid=false rung=- | cache_used=false path_age=- path_points=0 planning_time_ms=0.1 | reason=no_static_obstacle_in_range | cache_reason=no_cache
1786885108.068 [STATIC_AVOID] obs_id=- obs_dist=-m obs_s=- ego_s=15.31 side=- | left_clearance=- right_clearance=- candidate_valid=false rung=- | cache_used=false path_age=- path_points=0 planning_time_ms=0.1 | reason=no_static_obstacle_in_range | cache_reason=no_cache
1786885108.620 [STATIC_AVOID] obs_id=- obs_dist=-m obs_s=- ego_s=17.04 side=- | left_clearance=- right_clearance=- candidate_valid=false rung=- | cache_used=false path_age=- path_points=0 planning_time_ms=0.7 | reason=no_static_obstacle_in_range | cache_reason=no_cache
1786885109.126 [STATIC_AVOID] obs_id=- obs_dist=-m obs_s=- ego_s=18.58 side=- | left_clearance=- right_clearance=- candidate_valid=false rung=- | cache_used=false path_age=- path_points=0 planning_time_ms=0.2 | reason=no_static_obstacle_in_range | cache_reason=no_cache
1786885109.658 [STATIC_AVOID] obs_id=- obs_dist=-m obs_s=- ego_s=20.64 side=- | left_clearance=- right_clearance=- candidate_valid=false rung=- | cache_used=false path_age=- path_points=0 planning_time_ms=0.1 | reason=no_static_obstacle_in_range | cache_reason=no_cache
1786885110.171 [STATIC_AVOID] obs_id=- obs_dist=-m obs_s=- ego_s=21.53 side=- | left_clearance=- right_clearance=- candidate_valid=false rung=- | cache_used=false path_age=- path_points=0 planning_time_ms=0.1 | reason=no_static_obstacle_in_range | cache_reason=no_cache
1786885110.721 [STATIC_AVOID] obs_id=- obs_dist=-m obs_s=- ego_s=22.55 side=- | left_clearance=- right_clearance=- candidate_valid=false rung=- | cache_used=false path_age=- path_points=0 planning_time_ms=0.1 | reason=no_static_obstacle_in_range | cache_reason=no_cache
1786885111.221 [STATIC_AVOID] obs_id=- obs_dist=-m obs_s=- ego_s=24.51 side=- | left_clearance=- right_clearance=- candidate_valid=false rung=- | cache_used=false path_age=- path_points=0 planning_time_ms=0.1 | reason=no_static_obstacle_in_range | cache_reason=no_cache
1786885111.777 [STATIC_AVOID] obs_id=- obs_dist=-m obs_s=- ego_s=27.04 side=- | left_clearance=- right_clearance=- candidate_valid=false rung=- | cache_used=false path_age=- path_points=0 planning_time_ms=0.1 | reason=no_static_obstacle_in_range | cache_reason=no_cache
1786885112.312 [STATIC_AVOID] obs_id=- obs_dist=-m obs_s=- ego_s=28.97 side=- | left_clearance=- right_clearance=- candidate_valid=false rung=- | cache_used=false path_age=- path_points=0 planning_time_ms=2.3 | reason=no_static_obstacle_in_range | cache_reason=no_cache
1786885112.814 [STATIC_AVOID] obs_id=49 obs_dist=3.71m obs_s=34.25 ego_s=30.54 side=- | left_clearance=- right_clearance=- candidate_valid=false rung=- | cache_used=false path_age=- path_points=0 planning_time_ms=0.2 | reason=raceline_already_clear | cache_reason=no_cache
1786885113.365 [STATIC_AVOID] obs_id=49 obs_dist=1.76m obs_s=34.18 ego_s=32.41 side=- | left_clearance=- right_clearance=- candidate_valid=false rung=- | cache_used=false path_age=- path_points=0 planning_time_ms=0.2 | reason=raceline_already_clear | cache_reason=no_cache
1786885113.876 [STATIC_AVOID] obs_id=49 obs_dist=-0.34m obs_s=34.19 ego_s=0.01 side=- | left_clearance=- right_clearance=- candidate_valid=false rung=- | cache_used=false path_age=- path_points=0 planning_time_ms=0.1 | reason=raceline_already_clear | cache_reason=no_cache
1786885114.405 [STATIC_AVOID] obs_id=- obs_dist=-m obs_s=- ego_s=1.85 side=- | left_clearance=- right_clearance=- candidate_valid=false rung=- | cache_used=false path_age=- path_points=0 planning_time_ms=0.1 | reason=no_static_obstacle_in_range | cache_reason=no_cache
1786885114.927 [STATIC_AVOID] obs_id=- obs_dist=-m obs_s=- ego_s=3.42 side=- | left_clearance=- right_clearance=- candidate_valid=false rung=- | cache_used=false path_age=- path_points=0 planning_time_ms=0.1 | reason=no_static_obstacle_in_range | cache_reason=no_cache
1786885115.464 [STATIC_AVOID] obs_id=- obs_dist=-m obs_s=- ego_s=6.40 side=- | left_clearance=- right_clearance=- candidate_valid=false rung=- | cache_used=false path_age=- path_points=0 planning_time_ms=0.1 | reason=no_static_obstacle_in_range | cache_reason=no_cache
1786885115.967 [STATIC_AVOID] obs_id=- obs_dist=-m obs_s=- ego_s=8.75 side=- | left_clearance=- right_clearance=- candidate_valid=false rung=- | cache_used=false path_age=- path_points=0 planning_time_ms=0.1 | reason=no_static_obstacle_in_range | cache_reason=no_cache
1786885116.479 [STATIC_AVOID] obs_id=- obs_dist=-m obs_s=- ego_s=10.56 side=- | left_clearance=- right_clearance=- candidate_valid=false rung=- | cache_used=false path_age=- path_points=0 planning_time_ms=0.2 | reason=no_static_obstacle_in_range | cache_reason=no_cache
1786885117.019 [STATIC_AVOID] obs_id=- obs_dist=-m obs_s=- ego_s=11.78 side=- | left_clearance=- right_clearance=- candidate_valid=false rung=- | cache_used=false path_age=- path_points=0 planning_time_ms=0.1 | reason=no_static_obstacle_in_range | cache_reason=no_cache
1786885117.521 [STATIC_AVOID] obs_id=- obs_dist=-m obs_s=- ego_s=13.05 side=- | left_clearance=- right_clearance=- candidate_valid=false rung=- | cache_used=false path_age=- path_points=0 planning_time_ms=0.1 | reason=no_static_obstacle_in_range | cache_reason=no_cache
1786885118.064 [STATIC_AVOID] obs_id=- obs_dist=-m obs_s=- ego_s=14.86 side=- | left_clearance=- right_clearance=- candidate_valid=false rung=- | cache_used=false path_age=- path_points=0 planning_time_ms=4.7 | reason=no_static_obstacle_in_range | cache_reason=no_cache
1786885118.628 [STATIC_AVOID] obs_id=- obs_dist=-m obs_s=- ego_s=16.27 side=- | left_clearance=- right_clearance=- candidate_valid=false rung=- | cache_used=false path_age=- path_points=0 planning_time_ms=0.2 | reason=no_static_obstacle_in_range | cache_reason=no_cache
1786885119.158 [STATIC_AVOID] obs_id=- obs_dist=-m obs_s=- ego_s=18.00 side=- | left_clearance=- right_clearance=- candidate_valid=false rung=- | cache_used=false path_age=- path_points=0 planning_time_ms=0.1 | reason=no_static_obstacle_in_range | cache_reason=no_cache
1786885119.662 [STATIC_AVOID] obs_id=- obs_dist=-m obs_s=- ego_s=20.12 side=- | left_clearance=- right_clearance=- candidate_valid=false rung=- | cache_used=false path_age=- path_points=0 planning_time_ms=0.1 | reason=no_static_obstacle_in_range | cache_reason=no_cache
1786885120.165 [STATIC_AVOID] obs_id=- obs_dist=-m obs_s=- ego_s=21.80 side=- | left_clearance=- right_clearance=- candidate_valid=false rung=- | cache_used=false path_age=- path_points=0 planning_time_ms=0.1 | reason=no_static_obstacle_in_range | cache_reason=no_cache
1786885120.720 [STATIC_AVOID] obs_id=- obs_dist=-m obs_s=- ego_s=23.52 side=- | left_clearance=- right_clearance=- candidate_valid=false rung=- | cache_used=false path_age=- path_points=0 planning_time_ms=4.2 | reason=no_static_obstacle_in_range | cache_reason=no_cache
1786885121.280 [STATIC_AVOID] obs_id=- obs_dist=-m obs_s=- ego_s=26.07 side=- | left_clearance=- right_clearance=- candidate_valid=false rung=- | cache_used=false path_age=- path_points=0 planning_time_ms=0.1 | reason=no_static_obstacle_in_range | cache_reason=no_cache
1786885121.786 [STATIC_AVOID] obs_id=- obs_dist=-m obs_s=- ego_s=28.02 side=- | left_clearance=- right_clearance=- candidate_valid=false rung=- | cache_used=false path_age=- path_points=0 planning_time_ms=0.1 | reason=no_static_obstacle_in_range | cache_reason=no_cache
1786885122.307 [STATIC_AVOID] obs_id=- obs_dist=-m obs_s=- ego_s=30.09 side=- | left_clearance=- right_clearance=- candidate_valid=false rung=- | cache_used=false path_age=- path_points=0 planning_time_ms=0.1 | reason=no_static_obstacle_in_range | cache_reason=no_cache
1786885122.856 [STATIC_AVOID] obs_id=- obs_dist=-m obs_s=- ego_s=31.41 side=- | left_clearance=- right_clearance=- candidate_valid=false rung=- | cache_used=false path_age=- path_points=0 planning_time_ms=0.2 | reason=no_static_obstacle_in_range | cache_reason=no_cache
1786885123.364 [STATIC_AVOID] obs_id=- obs_dist=-m obs_s=- ego_s=31.48 side=- | left_clearance=- right_clearance=- candidate_valid=false rung=- | cache_used=false path_age=- path_points=0 planning_time_ms=0.1 | reason=no_static_obstacle_in_range | cache_reason=no_cache
1786885123.916 [STATIC_AVOID] obs_id=53 obs_dist=5.05m obs_s=2.27 ego_s=31.74 side=- | left_clearance=- right_clearance=- candidate_valid=false rung=- | cache_used=false path_age=- path_points=0 planning_time_ms=0.2 | reason=raceline_already_clear | cache_reason=no_cache
1786885124.461 [STATIC_AVOID] obs_id=55 obs_dist=1.46m obs_s=0.67 ego_s=33.74 side=RIGHT | left_clearance=-0.04 right_clearance=0.24 candidate_valid=false rung=- | cache_used=true path_age=0.074 path_points=81 planning_time_ms=12.8 | reason=obstacle_clearance
1786885125.007 [STATIC_AVOID] obs_id=- obs_dist=-m obs_s=- ego_s=0.53 side=- | left_clearance=- right_clearance=- candidate_valid=false rung=- | cache_used=false path_age=- path_points=0 planning_time_ms=0.1 | reason=no_static_obstacle_in_range | cache_reason=no_cache
1786885125.556 [STATIC_AVOID] obs_id=- obs_dist=-m obs_s=- ego_s=0.77 side=- | left_clearance=- right_clearance=- candidate_valid=false rung=- | cache_used=false path_age=- path_points=0 planning_time_ms=0.1 | reason=no_static_obstacle_in_range | cache_reason=no_cache
1786885126.105 [STATIC_AVOID] obs_id=- obs_dist=-m obs_s=- ego_s=0.59 side=- | left_clearance=- right_clearance=- candidate_valid=false rung=- | cache_used=false path_age=- path_points=0 planning_time_ms=0.1 | reason=no_static_obstacle_in_range | cache_reason=no_cache
1786885126.608 [STATIC_AVOID] obs_id=61 obs_dist=-0.01m obs_s=0.97 ego_s=0.98 side=RIGHT | left_clearance=-0.25 right_clearance=0.33 candidate_valid=true rung=0 | cache_used=false path_age=0.000 path_points=81 planning_time_ms=3.0
1786885127.111 [STATIC_AVOID] obs_id=61 obs_dist=-0.01m obs_s=0.97 ego_s=0.98 side=RIGHT | left_clearance=-0.25 right_clearance=0.33 candidate_valid=true rung=0 | cache_used=false path_age=0.000 path_points=81 planning_time_ms=4.2
1786885127.612 [STATIC_AVOID] obs_id=61 obs_dist=-0.01m obs_s=0.97 ego_s=0.98 side=RIGHT | left_clearance=-0.25 right_clearance=0.33 candidate_valid=true rung=0 | cache_used=false path_age=0.000 path_points=81 planning_time_ms=5.6
1786885128.159 [STATIC_AVOID] obs_id=61 obs_dist=-0.02m obs_s=0.95 ego_s=0.98 side=RIGHT | left_clearance=-0.31 right_clearance=0.30 candidate_valid=true rung=0 | cache_used=false path_age=0.000 path_points=81 planning_time_ms=3.4
1786885128.660 [STATIC_AVOID] obs_id=61 obs_dist=-0.04m obs_s=0.94 ego_s=0.98 side=RIGHT | left_clearance=-0.35 right_clearance=0.35 candidate_valid=true rung=0 | cache_used=false path_age=0.000 path_points=81 planning_time_ms=3.5
1786885129.200 [STATIC_AVOID] obs_id=61 obs_dist=-0.04m obs_s=0.94 ego_s=0.98 side=RIGHT | left_clearance=-0.36 right_clearance=0.38 candidate_valid=true rung=0 | cache_used=false path_age=0.000 path_points=81 planning_time_ms=11.2
1786885129.712 [STATIC_AVOID] obs_id=- obs_dist=-m obs_s=- ego_s=1.00 side=- | left_clearance=- right_clearance=- candidate_valid=false rung=- | cache_used=false path_age=- path_points=0 planning_time_ms=1.3 | reason=no_static_obstacle_in_range | cache_reason=no_cache
1786885130.267 [STATIC_AVOID] obs_id=- obs_dist=-m obs_s=- ego_s=1.40 side=- | left_clearance=- right_clearance=- candidate_valid=false rung=- | cache_used=false path_age=- path_points=0 planning_time_ms=0.2 | reason=no_static_obstacle_in_range | cache_reason=no_cache
1786885130.806 [STATIC_AVOID] obs_id=- obs_dist=-m obs_s=- ego_s=0.70 side=- | left_clearance=- right_clearance=- candidate_valid=false rung=- | cache_used=false path_age=- path_points=0 planning_time_ms=0.1 | reason=no_static_obstacle_in_range | cache_reason=no_cache
1786885131.317 [STATIC_AVOID] obs_id=- obs_dist=-m obs_s=- ego_s=0.93 side=- | left_clearance=- right_clearance=- candidate_valid=false rung=- | cache_used=false path_age=- path_points=0 planning_time_ms=0.1 | reason=no_static_obstacle_in_range | cache_reason=no_cache
1786885131.867 [STATIC_AVOID] obs_id=- obs_dist=-m obs_s=- ego_s=1.04 side=- | left_clearance=- right_clearance=- candidate_valid=false rung=- | cache_used=false path_age=- path_points=0 planning_time_ms=0.1 | reason=no_static_obstacle_in_range | cache_reason=no_cache
1786885132.413 [STATIC_AVOID] obs_id=- obs_dist=-m obs_s=- ego_s=1.10 side=- | left_clearance=- right_clearance=- candidate_valid=false rung=- | cache_used=false path_age=- path_points=0 planning_time_ms=0.1 | reason=no_static_obstacle_in_range | cache_reason=no_cache
1786885132.918 [STATIC_AVOID] obs_id=- obs_dist=-m obs_s=- ego_s=1.60 side=- | left_clearance=- right_clearance=- candidate_valid=false rung=- | cache_used=false path_age=- path_points=0 planning_time_ms=0.1 | reason=no_static_obstacle_in_range | cache_reason=no_cache
1786885133.460 [STATIC_AVOID] obs_id=- obs_dist=-m obs_s=- ego_s=2.01 side=- | left_clearance=- right_clearance=- candidate_valid=false rung=- | cache_used=false path_age=- path_points=0 planning_time_ms=0.1 | reason=no_static_obstacle_in_range | cache_reason=no_cache
1786885134.010 [STATIC_AVOID] obs_id=- obs_dist=-m obs_s=- ego_s=1.90 side=- | left_clearance=- right_clearance=- candidate_valid=false rung=- | cache_used=false path_age=- path_points=0 planning_time_ms=0.1 | reason=no_static_obstacle_in_range | cache_reason=no_cache
1786885134.562 [STATIC_AVOID] obs_id=- obs_dist=-m obs_s=- ego_s=2.47 side=- | left_clearance=- right_clearance=- candidate_valid=false rung=- | cache_used=false path_age=- path_points=0 planning_time_ms=0.1 | reason=no_static_obstacle_in_range | cache_reason=no_cache
1786885135.072 [STATIC_AVOID] obs_id=- obs_dist=-m obs_s=- ego_s=2.05 side=- | left_clearance=- right_clearance=- candidate_valid=false rung=- | cache_used=false path_age=- path_points=0 planning_time_ms=0.1 | reason=no_static_obstacle_in_range | cache_reason=no_cache
1786885135.606 [STATIC_AVOID] obs_id=- obs_dist=-m obs_s=- ego_s=1.87 side=- | left_clearance=- right_clearance=- candidate_valid=false rung=- | cache_used=false path_age=- path_points=0 planning_time_ms=0.1 | reason=no_static_obstacle_in_range | cache_reason=no_cache
