# static_avoidance_node debug log started 20260815_214826
1786798111.150 [STATIC_AVOID] obs_id=- obs_dist=-m obs_s=- ego_s=5.40 side=- | left_clearance=- right_clearance=- candidate_valid=false rung=- | cache_used=false path_age=- path_points=0 planning_time_ms=0.1 | reason=no_static_obstacle_in_range | cache_reason=no_cache
1786798111.660 [STATIC_AVOID] obs_id=- obs_dist=-m obs_s=- ego_s=5.44 side=- | left_clearance=- right_clearance=- candidate_valid=false rung=- | cache_used=false path_age=- path_points=0 planning_time_ms=0.1 | reason=no_static_obstacle_in_range | cache_reason=no_cache
1786798112.163 [STATIC_AVOID] obs_id=- obs_dist=-m obs_s=- ego_s=5.41 side=- | left_clearance=- right_clearance=- candidate_valid=false rung=- | cache_used=false path_age=- path_points=0 planning_time_ms=0.1 | reason=no_static_obstacle_in_range | cache_reason=no_cache
1786798112.704 [STATIC_AVOID] obs_id=- obs_dist=-m obs_s=- ego_s=5.47 side=- | left_clearance=- right_clearance=- candidate_valid=false rung=- | cache_used=false path_age=- path_points=0 planning_time_ms=0.1 | reason=no_static_obstacle_in_range | cache_reason=no_cache
1786798113.211 [STATIC_AVOID] obs_id=- obs_dist=-m obs_s=- ego_s=5.49 side=- | left_clearance=- right_clearance=- candidate_valid=false rung=- | cache_used=false path_age=- path_points=0 planning_time_ms=0.1 | reason=no_static_obstacle_in_range | cache_reason=no_cache
1786798113.751 [STATIC_AVOID] obs_id=- obs_dist=-m obs_s=- ego_s=5.45 side=- | left_clearance=- right_clearance=- candidate_valid=false rung=- | cache_used=false path_age=- path_points=0 planning_time_ms=0.1 | reason=no_static_obstacle_in_range | cache_reason=no_cache
1786798114.260 [STATIC_AVOID] obs_id=- obs_dist=-m obs_s=- ego_s=5.32 side=- | left_clearance=- right_clearance=- candidate_valid=false rung=- | cache_used=false path_age=- path_points=0 planning_time_ms=0.1 | reason=no_static_obstacle_in_range | cache_reason=no_cache
1786798114.801 [STATIC_AVOID] obs_id=- obs_dist=-m obs_s=- ego_s=5.31 side=- | left_clearance=- right_clearance=- candidate_valid=false rung=- | cache_used=false path_age=- path_points=0 planning_time_ms=0.1 | reason=no_static_obstacle_in_range | cache_reason=no_cache
1786798115.303 [STATIC_AVOID] obs_id=- obs_dist=-m obs_s=- ego_s=5.29 side=- | left_clearance=- right_clearance=- candidate_valid=false rung=- | cache_used=false path_age=- path_points=0 planning_time_ms=0.1 | reason=no_static_obstacle_in_range | cache_reason=no_cache
1786798115.808 [STATIC_AVOID] obs_id=- obs_dist=-m obs_s=- ego_s=5.31 side=- | left_clearance=- right_clearance=- candidate_valid=false rung=- | cache_used=false path_age=- path_points=0 planning_time_ms=0.1 | reason=no_static_obstacle_in_range | cache_reason=no_cache
1786798116.357 [STATIC_AVOID] obs_id=- obs_dist=-m obs_s=- ego_s=5.23 side=- | left_clearance=- right_clearance=- candidate_valid=false rung=- | cache_used=false path_age=- path_points=0 planning_time_ms=0.1 | reason=no_static_obstacle_in_range | cache_reason=no_cache
1786798116.897 [STATIC_AVOID] obs_id=- obs_dist=-m obs_s=- ego_s=5.25 side=- | left_clearance=- right_clearance=- candidate_valid=false rung=- | cache_used=false path_age=- path_points=0 planning_time_ms=0.1 | reason=no_static_obstacle_in_range | cache_reason=no_cache
1786798117.402 [STATIC_AVOID] obs_id=- obs_dist=-m obs_s=- ego_s=3.77 side=- | left_clearance=- right_clearance=- candidate_valid=false rung=- | cache_used=false path_age=- path_points=0 planning_time_ms=0.1 | reason=no_static_obstacle_in_range | cache_reason=no_cache
1786798117.947 [STATIC_AVOID] obs_id=- obs_dist=-m obs_s=- ego_s=4.69 side=- | left_clearance=- right_clearance=- candidate_valid=false rung=- | cache_used=false path_age=- path_points=0 planning_time_ms=0.1 | reason=no_static_obstacle_in_range | cache_reason=no_cache
1786798118.454 [STATIC_AVOID] obs_id=- obs_dist=-m obs_s=- ego_s=5.78 side=- | left_clearance=- right_clearance=- candidate_valid=false rung=- | cache_used=false path_age=- path_points=0 planning_time_ms=0.1 | reason=no_static_obstacle_in_range | cache_reason=no_cache
1786798118.997 [STATIC_AVOID] obs_id=- obs_dist=-m obs_s=- ego_s=5.85 side=- | left_clearance=- right_clearance=- candidate_valid=false rung=- | cache_used=false path_age=- path_points=0 planning_time_ms=0.1 | reason=no_static_obstacle_in_range | cache_reason=no_cache
1786798119.554 [STATIC_AVOID] obs_id=- obs_dist=-m obs_s=- ego_s=21.33 side=- | left_clearance=- right_clearance=- candidate_valid=false rung=- | cache_used=false path_age=- path_points=0 planning_time_ms=0.1 | reason=no_static_obstacle_in_range | cache_reason=no_cache
1786798120.104 [STATIC_AVOID] obs_id=- obs_dist=-m obs_s=- ego_s=21.08 side=- | left_clearance=- right_clearance=- candidate_valid=false rung=- | cache_used=false path_age=- path_points=0 planning_time_ms=0.1 | reason=no_static_obstacle_in_range | cache_reason=no_cache
1786798120.639 [STATIC_AVOID] obs_id=- obs_dist=-m obs_s=- ego_s=21.09 side=- | left_clearance=- right_clearance=- candidate_valid=false rung=- | cache_used=false path_age=- path_points=0 planning_time_ms=1.0 | reason=no_static_obstacle_in_range | cache_reason=no_cache
1786798121.167 [STATIC_AVOID] obs_id=- obs_dist=-m obs_s=- ego_s=21.07 side=- | left_clearance=- right_clearance=- candidate_valid=false rung=- | cache_used=false path_age=- path_points=0 planning_time_ms=0.2 | reason=no_static_obstacle_in_range | cache_reason=no_cache
1786798121.671 [STATIC_AVOID] obs_id=- obs_dist=-m obs_s=- ego_s=21.11 side=- | left_clearance=- right_clearance=- candidate_valid=false rung=- | cache_used=false path_age=- path_points=0 planning_time_ms=0.2 | reason=no_static_obstacle_in_range | cache_reason=no_cache
1786798122.204 [STATIC_AVOID] obs_id=- obs_dist=-m obs_s=- ego_s=21.13 side=- | left_clearance=- right_clearance=- candidate_valid=false rung=- | cache_used=false path_age=- path_points=0 planning_time_ms=2.9 | reason=no_static_obstacle_in_range | cache_reason=no_cache
1786798122.752 [STATIC_AVOID] obs_id=- obs_dist=-m obs_s=- ego_s=21.12 side=- | left_clearance=- right_clearance=- candidate_valid=false rung=- | cache_used=false path_age=- path_points=0 planning_time_ms=0.1 | reason=no_static_obstacle_in_range | cache_reason=no_cache
1786798123.302 [STATIC_AVOID] obs_id=- obs_dist=-m obs_s=- ego_s=21.12 side=- | left_clearance=- right_clearance=- candidate_valid=false rung=- | cache_used=false path_age=- path_points=0 planning_time_ms=0.1 | reason=no_static_obstacle_in_range | cache_reason=no_cache
1786798123.804 [STATIC_AVOID] obs_id=- obs_dist=-m obs_s=- ego_s=21.12 side=- | left_clearance=- right_clearance=- candidate_valid=false rung=- | cache_used=false path_age=- path_points=0 planning_time_ms=0.1 | reason=no_static_obstacle_in_range | cache_reason=no_cache
1786798124.310 [STATIC_AVOID] obs_id=- obs_dist=-m obs_s=- ego_s=21.12 side=- | left_clearance=- right_clearance=- candidate_valid=false rung=- | cache_used=false path_age=- path_points=0 planning_time_ms=0.1 | reason=no_static_obstacle_in_range | cache_reason=no_cache
1786798124.855 [STATIC_AVOID] obs_id=- obs_dist=-m obs_s=- ego_s=21.13 side=- | left_clearance=- right_clearance=- candidate_valid=false rung=- | cache_used=false path_age=- path_points=0 planning_time_ms=0.2 | reason=no_static_obstacle_in_range | cache_reason=no_cache
1786798125.362 [STATIC_AVOID] obs_id=- obs_dist=-m obs_s=- ego_s=21.13 side=- | left_clearance=- right_clearance=- candidate_valid=false rung=- | cache_used=false path_age=- path_points=0 planning_time_ms=0.1 | reason=no_static_obstacle_in_range | cache_reason=no_cache
1786798125.865 [STATIC_AVOID] obs_id=- obs_dist=-m obs_s=- ego_s=21.15 side=- | left_clearance=- right_clearance=- candidate_valid=false rung=- | cache_used=false path_age=- path_points=0 planning_time_ms=0.2 | reason=no_static_obstacle_in_range | cache_reason=no_cache
1786798126.401 [STATIC_AVOID] obs_id=- obs_dist=-m obs_s=- ego_s=21.13 side=- | left_clearance=- right_clearance=- candidate_valid=false rung=- | cache_used=false path_age=- path_points=0 planning_time_ms=0.1 | reason=no_static_obstacle_in_range | cache_reason=no_cache
1786798126.949 [STATIC_AVOID] obs_id=- obs_dist=-m obs_s=- ego_s=16.59 side=- | left_clearance=- right_clearance=- candidate_valid=false rung=- | cache_used=false path_age=- path_points=0 planning_time_ms=0.1 | reason=no_static_obstacle_in_range | cache_reason=no_cache
1786798127.473 [STATIC_AVOID] obs_id=8 obs_dist=-0.98m obs_s=16.03 ego_s=17.00 side=RIGHT | left_clearance=0.03 right_clearance=0.25 candidate_valid=true rung=0 | cache_used=false path_age=0.000 path_points=81 planning_time_ms=12.6
1786798127.997 [STATIC_AVOID] obs_id=- obs_dist=-m obs_s=- ego_s=17.00 side=- | left_clearance=- right_clearance=- candidate_valid=false rung=- | cache_used=false path_age=- path_points=0 planning_time_ms=0.1 | reason=no_static_obstacle_in_range | cache_reason=no_cache
1786798128.550 [STATIC_AVOID] obs_id=- obs_dist=-m obs_s=- ego_s=17.00 side=- | left_clearance=- right_clearance=- candidate_valid=false rung=- | cache_used=false path_age=- path_points=0 planning_time_ms=0.1 | reason=no_static_obstacle_in_range | cache_reason=no_cache
1786798129.097 [STATIC_AVOID] obs_id=- obs_dist=-m obs_s=- ego_s=17.00 side=- | left_clearance=- right_clearance=- candidate_valid=false rung=- | cache_used=false path_age=- path_points=0 planning_time_ms=0.1 | reason=no_static_obstacle_in_range | cache_reason=no_cache
1786798129.648 [STATIC_AVOID] obs_id=- obs_dist=-m obs_s=- ego_s=17.00 side=- | left_clearance=- right_clearance=- candidate_valid=false rung=- | cache_used=false path_age=- path_points=0 planning_time_ms=0.1 | reason=no_static_obstacle_in_range | cache_reason=no_cache
1786798130.153 [STATIC_AVOID] obs_id=- obs_dist=-m obs_s=- ego_s=17.00 side=- | left_clearance=- right_clearance=- candidate_valid=false rung=- | cache_used=false path_age=- path_points=0 planning_time_ms=0.1 | reason=no_static_obstacle_in_range | cache_reason=no_cache
1786798130.707 [STATIC_AVOID] obs_id=- obs_dist=-m obs_s=- ego_s=17.00 side=- | left_clearance=- right_clearance=- candidate_valid=false rung=- | cache_used=false path_age=- path_points=0 planning_time_ms=0.1 | reason=no_static_obstacle_in_range | cache_reason=no_cache
1786798131.258 [STATIC_AVOID] obs_id=- obs_dist=-m obs_s=- ego_s=17.01 side=- | left_clearance=- right_clearance=- candidate_valid=false rung=- | cache_used=false path_age=- path_points=0 planning_time_ms=0.1 | reason=no_static_obstacle_in_range | cache_reason=no_cache
1786798131.807 [STATIC_AVOID] obs_id=- obs_dist=-m obs_s=- ego_s=17.01 side=- | left_clearance=- right_clearance=- candidate_valid=false rung=- | cache_used=false path_age=- path_points=0 planning_time_ms=0.1 | reason=no_static_obstacle_in_range | cache_reason=no_cache
1786798132.358 [STATIC_AVOID] obs_id=- obs_dist=-m obs_s=- ego_s=17.00 side=- | left_clearance=- right_clearance=- candidate_valid=false rung=- | cache_used=false path_age=- path_points=0 planning_time_ms=0.1 | reason=no_static_obstacle_in_range | cache_reason=no_cache
1786798132.904 [STATIC_AVOID] obs_id=- obs_dist=-m obs_s=- ego_s=17.01 side=- | left_clearance=- right_clearance=- candidate_valid=false rung=- | cache_used=false path_age=- path_points=0 planning_time_ms=0.2 | reason=no_static_obstacle_in_range | cache_reason=no_cache
1786798133.408 [STATIC_AVOID] obs_id=- obs_dist=-m obs_s=- ego_s=17.00 side=- | left_clearance=- right_clearance=- candidate_valid=false rung=- | cache_used=false path_age=- path_points=0 planning_time_ms=0.2 | reason=no_static_obstacle_in_range | cache_reason=no_cache
1786798133.967 [STATIC_AVOID] obs_id=- obs_dist=-m obs_s=- ego_s=17.00 side=- | left_clearance=- right_clearance=- candidate_valid=false rung=- | cache_used=false path_age=- path_points=0 planning_time_ms=0.1 | reason=no_static_obstacle_in_range | cache_reason=no_cache
1786798134.499 [STATIC_AVOID] obs_id=- obs_dist=-m obs_s=- ego_s=17.00 side=- | left_clearance=- right_clearance=- candidate_valid=false rung=- | cache_used=false path_age=- path_points=0 planning_time_ms=0.2 | reason=no_static_obstacle_in_range | cache_reason=no_cache
1786798135.077 [STATIC_AVOID] obs_id=- obs_dist=-m obs_s=- ego_s=17.00 side=- | left_clearance=- right_clearance=- candidate_valid=false rung=- | cache_used=false path_age=- path_points=0 planning_time_ms=0.4 | reason=no_static_obstacle_in_range | cache_reason=no_cache
1786798135.598 [STATIC_AVOID] obs_id=- obs_dist=-m obs_s=- ego_s=16.98 side=- | left_clearance=- right_clearance=- candidate_valid=false rung=- | cache_used=false path_age=- path_points=0 planning_time_ms=0.1 | reason=no_static_obstacle_in_range | cache_reason=no_cache
1786798136.098 [STATIC_AVOID] obs_id=- obs_dist=-m obs_s=- ego_s=16.92 side=- | left_clearance=- right_clearance=- candidate_valid=false rung=- | cache_used=false path_age=- path_points=0 planning_time_ms=0.1 | reason=no_static_obstacle_in_range | cache_reason=no_cache
1786798136.621 [STATIC_AVOID] obs_id=10 obs_dist=-0.72m obs_s=16.10 ego_s=16.82 side=RIGHT | left_clearance=-0.07 right_clearance=0.28 candidate_valid=true rung=0 | cache_used=false path_age=0.000 path_points=81 planning_time_ms=5.7
1786798137.125 [STATIC_AVOID] obs_id=10 obs_dist=-0.75m obs_s=16.09 ego_s=16.84 side=RIGHT | left_clearance=-0.19 right_clearance=0.19 candidate_valid=true rung=0 | cache_used=false path_age=0.000 path_points=81 planning_time_ms=22.5
1786798137.647 [STATIC_AVOID] obs_id=- obs_dist=-m obs_s=- ego_s=16.61 side=- | left_clearance=- right_clearance=- candidate_valid=false rung=- | cache_used=false path_age=- path_points=0 planning_time_ms=0.1 | reason=no_static_obstacle_in_range | cache_reason=no_cache
1786798138.155 [STATIC_AVOID] obs_id=- obs_dist=-m obs_s=- ego_s=16.57 side=- | left_clearance=- right_clearance=- candidate_valid=false rung=- | cache_used=false path_age=- path_points=0 planning_time_ms=0.1 | reason=no_static_obstacle_in_range | cache_reason=no_cache
1786798138.662 [STATIC_AVOID] obs_id=- obs_dist=-m obs_s=- ego_s=16.57 side=- | left_clearance=- right_clearance=- candidate_valid=false rung=- | cache_used=false path_age=- path_points=0 planning_time_ms=0.1 | reason=no_static_obstacle_in_range | cache_reason=no_cache
1786798139.198 [STATIC_AVOID] obs_id=- obs_dist=-m obs_s=- ego_s=16.45 side=- | left_clearance=- right_clearance=- candidate_valid=false rung=- | cache_used=false path_age=- path_points=0 planning_time_ms=0.1 | reason=no_static_obstacle_in_range | cache_reason=no_cache
1786798139.699 [STATIC_AVOID] obs_id=- obs_dist=-m obs_s=- ego_s=16.33 side=- | left_clearance=- right_clearance=- candidate_valid=false rung=- | cache_used=false path_age=- path_points=0 planning_time_ms=0.1 | reason=no_static_obstacle_in_range | cache_reason=no_cache
1786798140.256 [STATIC_AVOID] obs_id=- obs_dist=-m obs_s=- ego_s=16.34 side=- | left_clearance=- right_clearance=- candidate_valid=false rung=- | cache_used=false path_age=- path_points=0 planning_time_ms=0.1 | reason=no_static_obstacle_in_range | cache_reason=no_cache
1786798140.759 [STATIC_AVOID] obs_id=- obs_dist=-m obs_s=- ego_s=16.34 side=- | left_clearance=- right_clearance=- candidate_valid=false rung=- | cache_used=false path_age=- path_points=0 planning_time_ms=0.1 | reason=no_static_obstacle_in_range | cache_reason=no_cache
1786798141.306 [STATIC_AVOID] obs_id=- obs_dist=-m obs_s=- ego_s=16.34 side=- | left_clearance=- right_clearance=- candidate_valid=false rung=- | cache_used=false path_age=- path_points=0 planning_time_ms=0.1 | reason=no_static_obstacle_in_range | cache_reason=no_cache
1786798141.864 [STATIC_AVOID] obs_id=- obs_dist=-m obs_s=- ego_s=16.38 side=- | left_clearance=- right_clearance=- candidate_valid=false rung=- | cache_used=false path_age=- path_points=0 planning_time_ms=0.1 | reason=no_static_obstacle_in_range | cache_reason=no_cache
1786798142.400 [STATIC_AVOID] obs_id=- obs_dist=-m obs_s=- ego_s=16.38 side=- | left_clearance=- right_clearance=- candidate_valid=false rung=- | cache_used=false path_age=- path_points=0 planning_time_ms=0.1 | reason=no_static_obstacle_in_range | cache_reason=no_cache
1786798142.902 [STATIC_AVOID] obs_id=- obs_dist=-m obs_s=- ego_s=16.38 side=- | left_clearance=- right_clearance=- candidate_valid=false rung=- | cache_used=false path_age=- path_points=0 planning_time_ms=0.1 | reason=no_static_obstacle_in_range | cache_reason=no_cache
1786798143.430 [STATIC_AVOID] obs_id=- obs_dist=-m obs_s=- ego_s=16.38 side=- | left_clearance=- right_clearance=- candidate_valid=false rung=- | cache_used=false path_age=- path_points=0 planning_time_ms=0.1 | reason=no_static_obstacle_in_range | cache_reason=no_cache
1786798143.953 [STATIC_AVOID] obs_id=- obs_dist=-m obs_s=- ego_s=16.38 side=- | left_clearance=- right_clearance=- candidate_valid=false rung=- | cache_used=false path_age=- path_points=0 planning_time_ms=0.2 | reason=no_static_obstacle_in_range | cache_reason=no_cache
1786798144.462 [STATIC_AVOID] obs_id=- obs_dist=-m obs_s=- ego_s=16.38 side=- | left_clearance=- right_clearance=- candidate_valid=false rung=- | cache_used=false path_age=- path_points=0 planning_time_ms=0.1 | reason=no_static_obstacle_in_range | cache_reason=no_cache
1786798144.969 [STATIC_AVOID] obs_id=- obs_dist=-m obs_s=- ego_s=16.38 side=- | left_clearance=- right_clearance=- candidate_valid=false rung=- | cache_used=false path_age=- path_points=0 planning_time_ms=0.1 | reason=no_static_obstacle_in_range | cache_reason=no_cache
1786798145.508 [STATIC_AVOID] obs_id=- obs_dist=-m obs_s=- ego_s=16.38 side=- | left_clearance=- right_clearance=- candidate_valid=false rung=- | cache_used=false path_age=- path_points=0 planning_time_ms=4.8 | reason=no_static_obstacle_in_range | cache_reason=no_cache
1786798146.013 [STATIC_AVOID] obs_id=- obs_dist=-m obs_s=- ego_s=16.38 side=- | left_clearance=- right_clearance=- candidate_valid=false rung=- | cache_used=false path_age=- path_points=0 planning_time_ms=0.2 | reason=no_static_obstacle_in_range | cache_reason=no_cache
1786798146.558 [STATIC_AVOID] obs_id=- obs_dist=-m obs_s=- ego_s=16.58 side=- | left_clearance=- right_clearance=- candidate_valid=false rung=- | cache_used=false path_age=- path_points=0 planning_time_ms=0.1 | reason=no_static_obstacle_in_range | cache_reason=no_cache
1786798147.113 [STATIC_AVOID] obs_id=- obs_dist=-m obs_s=- ego_s=17.21 side=- | left_clearance=- right_clearance=- candidate_valid=false rung=- | cache_used=false path_age=- path_points=0 planning_time_ms=0.1 | reason=no_static_obstacle_in_range | cache_reason=no_cache
1786798147.660 [STATIC_AVOID] obs_id=- obs_dist=-m obs_s=- ego_s=18.44 side=- | left_clearance=- right_clearance=- candidate_valid=false rung=- | cache_used=false path_age=- path_points=0 planning_time_ms=0.2 | reason=no_static_obstacle_in_range | cache_reason=no_cache
1786798148.198 [STATIC_AVOID] obs_id=- obs_dist=-m obs_s=- ego_s=20.37 side=- | left_clearance=- right_clearance=- candidate_valid=false rung=- | cache_used=false path_age=- path_points=0 planning_time_ms=0.1 | reason=no_static_obstacle_in_range | cache_reason=no_cache
1786798148.750 [STATIC_AVOID] obs_id=- obs_dist=-m obs_s=- ego_s=22.02 side=- | left_clearance=- right_clearance=- candidate_valid=false rung=- | cache_used=false path_age=- path_points=0 planning_time_ms=0.1 | reason=no_static_obstacle_in_range | cache_reason=no_cache
1786798149.258 [STATIC_AVOID] obs_id=11 obs_dist=5.23m obs_s=28.14 ego_s=22.90 side=LEFT | left_clearance=0.17 right_clearance=0.10 candidate_valid=true rung=0 | cache_used=false path_age=0.000 path_points=108 planning_time_ms=3.5
1786798149.813 [STATIC_AVOID] obs_id=11 obs_dist=4.35m obs_s=28.17 ego_s=23.81 side=LEFT | left_clearance=0.20 right_clearance=0.10 candidate_valid=true rung=2 | cache_used=false path_age=0.000 path_points=105 planning_time_ms=15.8
1786798150.318 [STATIC_AVOID] obs_id=11 obs_dist=3.52m obs_s=28.18 ego_s=24.66 side=LEFT | left_clearance=0.19 right_clearance=-0.02 candidate_valid=true rung=0 | cache_used=false path_age=0.000 path_points=99 planning_time_ms=13.7
1786798150.821 [STATIC_AVOID] obs_id=11 obs_dist=2.39m obs_s=28.16 ego_s=25.77 side=LEFT | left_clearance=0.20 right_clearance=0.14 candidate_valid=true rung=2 | cache_used=false path_age=0.000 path_points=89 planning_time_ms=16.6
1786798151.377 [STATIC_AVOID] obs_id=11 obs_dist=0.94m obs_s=28.14 ego_s=27.20 side=LEFT | left_clearance=0.19 right_clearance=0.02 candidate_valid=true rung=0 | cache_used=false path_age=0.000 path_points=81 planning_time_ms=16.2
1786798151.895 [STATIC_AVOID] obs_id=11 obs_dist=-0.99m obs_s=28.13 ego_s=29.12 side=RIGHT | left_clearance=0.16 right_clearance=0.37 candidate_valid=true rung=0 | cache_used=false path_age=0.000 path_points=81 planning_time_ms=7.6
1786798152.400 [STATIC_AVOID] obs_id=- obs_dist=-m obs_s=- ego_s=30.52 side=- | left_clearance=- right_clearance=- candidate_valid=false rung=- | cache_used=false path_age=- path_points=0 planning_time_ms=0.2 | reason=no_static_obstacle_in_range | cache_reason=no_cache
1786798152.901 [STATIC_AVOID] obs_id=- obs_dist=-m obs_s=- ego_s=32.22 side=- | left_clearance=- right_clearance=- candidate_valid=false rung=- | cache_used=false path_age=- path_points=0 planning_time_ms=0.1 | reason=no_static_obstacle_in_range | cache_reason=no_cache
1786798153.401 [STATIC_AVOID] obs_id=- obs_dist=-m obs_s=- ego_s=33.81 side=- | left_clearance=- right_clearance=- candidate_valid=false rung=- | cache_used=false path_age=- path_points=0 planning_time_ms=0.1 | reason=no_static_obstacle_in_range | cache_reason=no_cache
1786798153.974 [STATIC_AVOID] obs_id=- obs_dist=-m obs_s=- ego_s=0.94 side=- | left_clearance=- right_clearance=- candidate_valid=false rung=- | cache_used=false path_age=- path_points=0 planning_time_ms=0.1 | reason=no_static_obstacle_in_range | cache_reason=no_cache
1786798154.511 [STATIC_AVOID] obs_id=12 obs_dist=5.87m obs_s=8.45 ego_s=2.57 side=- | left_clearance=0.40 right_clearance=0.06 candidate_valid=false rung=- | cache_used=false path_age=- path_points=0 planning_time_ms=9.0 | reason=obstacle_clearance | cache_reason=no_cache
1786798155.066 [STATIC_AVOID] obs_id=12 obs_dist=5.08m obs_s=8.44 ego_s=3.36 side=LEFT | left_clearance=0.50 right_clearance=0.07 candidate_valid=true rung=2 | cache_used=false path_age=0.000 path_points=112 planning_time_ms=32.8
1786798155.568 [STATIC_AVOID] obs_id=12 obs_dist=4.35m obs_s=8.43 ego_s=4.09 side=LEFT | left_clearance=0.49 right_clearance=0.07 candidate_valid=true rung=0 | cache_used=false path_age=0.000 path_points=99 planning_time_ms=23.2
1786798156.089 [STATIC_AVOID] obs_id=12 obs_dist=3.24m obs_s=8.43 ego_s=5.18 side=LEFT | left_clearance=0.23 right_clearance=0.11 candidate_valid=true rung=0 | cache_used=false path_age=0.000 path_points=95 planning_time_ms=15.7
1786798156.592 [STATIC_AVOID] obs_id=12 obs_dist=2.01m obs_s=8.42 ego_s=6.41 side=LEFT | left_clearance=0.23 right_clearance=0.13 candidate_valid=true rung=0 | cache_used=false path_age=0.000 path_points=82 planning_time_ms=9.3
1786798157.169 [STATIC_AVOID] obs_id=12 obs_dist=0.70m obs_s=8.40 ego_s=7.70 side=LEFT | left_clearance=0.30 right_clearance=0.06 candidate_valid=true rung=0 | cache_used=false path_age=0.000 path_points=81 planning_time_ms=3.0
1786798157.740 [STATIC_AVOID] obs_id=13 obs_dist=-0.32m obs_s=8.61 ego_s=8.93 side=LEFT | left_clearance=0.36 right_clearance=-0.15 candidate_valid=true rung=0 | cache_used=false path_age=0.000 path_points=81 planning_time_ms=33.5
1786798158.261 [STATIC_AVOID] obs_id=- obs_dist=-m obs_s=- ego_s=10.40 side=- | left_clearance=- right_clearance=- candidate_valid=false rung=- | cache_used=false path_age=- path_points=0 planning_time_ms=0.1 | reason=no_static_obstacle_in_range | cache_reason=no_cache
1786798158.800 [STATIC_AVOID] obs_id=- obs_dist=-m obs_s=- ego_s=11.92 side=- | left_clearance=- right_clearance=- candidate_valid=false rung=- | cache_used=false path_age=- path_points=0 planning_time_ms=0.1 | reason=no_static_obstacle_in_range | cache_reason=no_cache
1786798159.347 [STATIC_AVOID] obs_id=- obs_dist=-m obs_s=- ego_s=13.61 side=- | left_clearance=- right_clearance=- candidate_valid=false rung=- | cache_used=false path_age=- path_points=0 planning_time_ms=0.1 | reason=no_static_obstacle_in_range | cache_reason=no_cache
1786798159.859 [STATIC_AVOID] obs_id=- obs_dist=-m obs_s=- ego_s=15.16 side=- | left_clearance=- right_clearance=- candidate_valid=false rung=- | cache_used=false path_age=- path_points=0 planning_time_ms=0.4 | reason=no_static_obstacle_in_range | cache_reason=no_cache
1786798160.397 [STATIC_AVOID] obs_id=- obs_dist=-m obs_s=- ego_s=16.55 side=- | left_clearance=- right_clearance=- candidate_valid=false rung=- | cache_used=false path_age=- path_points=0 planning_time_ms=0.1 | reason=no_static_obstacle_in_range | cache_reason=no_cache
1786798160.909 [STATIC_AVOID] obs_id=- obs_dist=-m obs_s=- ego_s=17.63 side=- | left_clearance=- right_clearance=- candidate_valid=false rung=- | cache_used=false path_age=- path_points=0 planning_time_ms=0.1 | reason=no_static_obstacle_in_range | cache_reason=no_cache
1786798161.455 [STATIC_AVOID] obs_id=- obs_dist=-m obs_s=- ego_s=19.37 side=- | left_clearance=- right_clearance=- candidate_valid=false rung=- | cache_used=false path_age=- path_points=0 planning_time_ms=0.1 | reason=no_static_obstacle_in_range | cache_reason=no_cache
1786798162.011 [STATIC_AVOID] obs_id=- obs_dist=-m obs_s=- ego_s=21.43 side=- | left_clearance=- right_clearance=- candidate_valid=false rung=- | cache_used=false path_age=- path_points=0 planning_time_ms=0.1 | reason=no_static_obstacle_in_range | cache_reason=no_cache
1786798162.530 [STATIC_AVOID] obs_id=14 obs_dist=5.60m obs_s=28.07 ego_s=22.47 side=LEFT | left_clearance=0.19 right_clearance=0.08 candidate_valid=true rung=0 | cache_used=false path_age=0.000 path_points=112 planning_time_ms=16.0
1786798163.073 [STATIC_AVOID] obs_id=14 obs_dist=4.51m obs_s=28.10 ego_s=23.58 side=LEFT | left_clearance=0.20 right_clearance=0.10 candidate_valid=true rung=0 | cache_used=false path_age=0.000 path_points=101 planning_time_ms=3.7
1786798163.599 [STATIC_AVOID] obs_id=- obs_dist=-m obs_s=- ego_s=25.20 side=- | left_clearance=- right_clearance=- candidate_valid=false rung=- | cache_used=false path_age=- path_points=0 planning_time_ms=0.1 | reason=no_static_obstacle_in_range | cache_reason=no_cache
1786798164.138 [STATIC_AVOID] obs_id=14 obs_dist=2.05m obs_s=28.30 ego_s=26.24 side=RIGHT | left_clearance=0.26 right_clearance=-0.05 candidate_valid=true rung=1 | cache_used=false path_age=0.000 path_points=87 planning_time_ms=25.5
1786798164.692 [STATIC_AVOID] obs_id=14 obs_dist=0.56m obs_s=28.26 ego_s=27.71 side=RIGHT | left_clearance=0.22 right_clearance=-0.06 candidate_valid=true rung=1 | cache_used=false path_age=0.000 path_points=81 planning_time_ms=20.8
1786798165.202 [STATIC_AVOID] obs_id=- obs_dist=-m obs_s=- ego_s=29.22 side=- | left_clearance=- right_clearance=- candidate_valid=false rung=- | cache_used=false path_age=- path_points=0 planning_time_ms=0.1 | reason=no_static_obstacle_in_range | cache_reason=no_cache
1786798165.754 [STATIC_AVOID] obs_id=- obs_dist=-m obs_s=- ego_s=30.58 side=- | left_clearance=- right_clearance=- candidate_valid=false rung=- | cache_used=false path_age=- path_points=0 planning_time_ms=0.1 | reason=no_static_obstacle_in_range | cache_reason=no_cache
1786798166.263 [STATIC_AVOID] obs_id=- obs_dist=-m obs_s=- ego_s=32.04 side=- | left_clearance=- right_clearance=- candidate_valid=false rung=- | cache_used=false path_age=- path_points=0 planning_time_ms=0.1 | reason=no_static_obstacle_in_range | cache_reason=no_cache
1786798166.797 [STATIC_AVOID] obs_id=- obs_dist=-m obs_s=- ego_s=33.68 side=- | left_clearance=- right_clearance=- candidate_valid=false rung=- | cache_used=false path_age=- path_points=0 planning_time_ms=0.1 | reason=no_static_obstacle_in_range | cache_reason=no_cache
1786798167.311 [STATIC_AVOID] obs_id=- obs_dist=-m obs_s=- ego_s=0.62 side=- | left_clearance=- right_clearance=- candidate_valid=false rung=- | cache_used=false path_age=- path_points=0 planning_time_ms=0.1 | reason=no_static_obstacle_in_range | cache_reason=no_cache
1786798167.855 [STATIC_AVOID] obs_id=- obs_dist=-m obs_s=- ego_s=2.31 side=- | left_clearance=- right_clearance=- candidate_valid=false rung=- | cache_used=false path_age=- path_points=0 planning_time_ms=0.1 | reason=no_static_obstacle_in_range | cache_reason=no_cache
1786798168.361 [STATIC_AVOID] obs_id=15 obs_dist=5.27m obs_s=8.68 ego_s=3.41 side=LEFT | left_clearance=0.35 right_clearance=0.14 candidate_valid=false rung=- | cache_used=false path_age=- path_points=0 planning_time_ms=8.5 | reason=obstacle_clearance | cache_reason=no_cache
1786798168.923 [STATIC_AVOID] obs_id=15 obs_dist=4.13m obs_s=8.67 ego_s=4.54 side=RIGHT | left_clearance=-0.04 right_clearance=0.17 candidate_valid=true rung=0 | cache_used=false path_age=0.000 path_points=107 planning_time_ms=8.0
1786798169.444 [STATIC_AVOID] obs_id=15 obs_dist=2.67m obs_s=8.65 ego_s=5.98 side=RIGHT | left_clearance=-0.04 right_clearance=0.18 candidate_valid=true rung=0 | cache_used=false path_age=0.000 path_points=94 planning_time_ms=18.9
1786798169.981 [STATIC_AVOID] obs_id=15 obs_dist=1.06m obs_s=8.63 ego_s=7.56 side=RIGHT | left_clearance=0.14 right_clearance=0.20 candidate_valid=true rung=0 | cache_used=false path_age=0.000 path_points=81 planning_time_ms=11.4
1786798170.503 [STATIC_AVOID] obs_id=16 obs_dist=-0.25m obs_s=8.67 ego_s=8.92 side=LEFT | left_clearance=0.21 right_clearance=-0.11 candidate_valid=true rung=0 | cache_used=false path_age=0.000 path_points=81 planning_time_ms=4.8
1786798171.051 [STATIC_AVOID] obs_id=- obs_dist=-m obs_s=- ego_s=10.25 side=- | left_clearance=- right_clearance=- candidate_valid=false rung=- | cache_used=false path_age=- path_points=0 planning_time_ms=0.1 | reason=no_static_obstacle_in_range | cache_reason=no_cache
1786798171.553 [STATIC_AVOID] obs_id=- obs_dist=-m obs_s=- ego_s=11.70 side=- | left_clearance=- right_clearance=- candidate_valid=false rung=- | cache_used=false path_age=- path_points=0 planning_time_ms=0.1 | reason=no_static_obstacle_in_range | cache_reason=no_cache
1786798172.054 [STATIC_AVOID] obs_id=- obs_dist=-m obs_s=- ego_s=12.97 side=- | left_clearance=- right_clearance=- candidate_valid=false rung=- | cache_used=false path_age=- path_points=0 planning_time_ms=0.1 | reason=no_static_obstacle_in_range | cache_reason=no_cache
1786798172.603 [STATIC_AVOID] obs_id=- obs_dist=-m obs_s=- ego_s=14.83 side=- | left_clearance=- right_clearance=- candidate_valid=false rung=- | cache_used=false path_age=- path_points=0 planning_time_ms=0.1 | reason=no_static_obstacle_in_range | cache_reason=no_cache
1786798173.104 [STATIC_AVOID] obs_id=- obs_dist=-m obs_s=- ego_s=16.01 side=- | left_clearance=- right_clearance=- candidate_valid=false rung=- | cache_used=false path_age=- path_points=0 planning_time_ms=3.8 | reason=no_static_obstacle_in_range | cache_reason=no_cache
1786798173.647 [STATIC_AVOID] obs_id=- obs_dist=-m obs_s=- ego_s=17.16 side=- | left_clearance=- right_clearance=- candidate_valid=false rung=- | cache_used=false path_age=- path_points=0 planning_time_ms=0.1 | reason=no_static_obstacle_in_range | cache_reason=no_cache
1786798174.198 [STATIC_AVOID] obs_id=- obs_dist=-m obs_s=- ego_s=18.89 side=- | left_clearance=- right_clearance=- candidate_valid=false rung=- | cache_used=false path_age=- path_points=0 planning_time_ms=0.1 | reason=no_static_obstacle_in_range | cache_reason=no_cache
1786798174.704 [STATIC_AVOID] obs_id=- obs_dist=-m obs_s=- ego_s=20.36 side=- | left_clearance=- right_clearance=- candidate_valid=false rung=- | cache_used=false path_age=- path_points=0 planning_time_ms=0.1 | reason=no_static_obstacle_in_range | cache_reason=no_cache
1786798175.255 [STATIC_AVOID] obs_id=17 obs_dist=5.90m obs_s=28.06 ego_s=22.16 side=LEFT | left_clearance=0.23 right_clearance=-0.03 candidate_valid=true rung=0 | cache_used=false path_age=0.000 path_points=125 planning_time_ms=10.2
1786798175.844 [STATIC_AVOID] obs_id=17 obs_dist=4.26m obs_s=28.08 ego_s=23.82 side=LEFT | left_clearance=0.21 right_clearance=0.11 candidate_valid=true rung=2 | cache_used=false path_age=0.000 path_points=104 planning_time_ms=22.2
1786798176.375 [STATIC_AVOID] obs_id=17 obs_dist=3.97m obs_s=28.10 ego_s=24.14 side=LEFT | left_clearance=0.20 right_clearance=0.10 candidate_valid=true rung=2 | cache_used=false path_age=0.000 path_points=101 planning_time_ms=18.7
1786798176.939 [STATIC_AVOID] obs_id=17 obs_dist=3.28m obs_s=28.09 ego_s=24.81 side=LEFT | left_clearance=0.18 right_clearance=0.06 candidate_valid=true rung=2 | cache_used=false path_age=0.000 path_points=100 planning_time_ms=27.6
1786798177.450 [STATIC_AVOID] obs_id=- obs_dist=-m obs_s=- ego_s=27.21 side=- | left_clearance=- right_clearance=- candidate_valid=false rung=- | cache_used=false path_age=- path_points=0 planning_time_ms=0.1 | reason=no_static_obstacle_in_range | cache_reason=no_cache
1786798177.953 [STATIC_AVOID] obs_id=- obs_dist=-m obs_s=- ego_s=29.08 side=- | left_clearance=- right_clearance=- candidate_valid=false rung=- | cache_used=false path_age=- path_points=0 planning_time_ms=0.1 | reason=no_static_obstacle_in_range | cache_reason=no_cache
1786798178.503 [STATIC_AVOID] obs_id=- obs_dist=-m obs_s=- ego_s=30.86 side=- | left_clearance=- right_clearance=- candidate_valid=false rung=- | cache_used=false path_age=- path_points=0 planning_time_ms=0.1 | reason=no_static_obstacle_in_range | cache_reason=no_cache
1786798179.050 [STATIC_AVOID] obs_id=- obs_dist=-m obs_s=- ego_s=32.86 side=- | left_clearance=- right_clearance=- candidate_valid=false rung=- | cache_used=false path_age=- path_points=0 planning_time_ms=0.1 | reason=no_static_obstacle_in_range | cache_reason=no_cache
1786798179.600 [STATIC_AVOID] obs_id=- obs_dist=-m obs_s=- ego_s=0.13 side=- | left_clearance=- right_clearance=- candidate_valid=false rung=- | cache_used=false path_age=- path_points=0 planning_time_ms=0.1 | reason=no_static_obstacle_in_range | cache_reason=no_cache
1786798180.107 [STATIC_AVOID] obs_id=- obs_dist=-m obs_s=- ego_s=1.54 side=- | left_clearance=- right_clearance=- candidate_valid=false rung=- | cache_used=false path_age=- path_points=0 planning_time_ms=0.3 | reason=no_static_obstacle_in_range | cache_reason=no_cache
1786798180.633 [STATIC_AVOID] obs_id=20 obs_dist=5.84m obs_s=8.78 ego_s=2.95 side=RIGHT | left_clearance=0.29 right_clearance=0.04 candidate_valid=false rung=- | cache_used=false path_age=- path_points=0 planning_time_ms=1.8 | reason=left_side_occupied | cache_reason=different_obstacle
1786798181.196 [STATIC_AVOID] obs_id=20 obs_dist=4.91m obs_s=8.77 ego_s=3.87 side=LEFT | left_clearance=0.39 right_clearance=0.06 candidate_valid=true rung=0 | cache_used=false path_age=0.000 path_points=105 planning_time_ms=4.1
1786798181.714 [STATIC_AVOID] obs_id=23 obs_dist=4.29m obs_s=8.84 ego_s=4.54 side=RIGHT | left_clearance=0.23 right_clearance=0.19 candidate_valid=true rung=1 | cache_used=false path_age=0.000 path_points=98 planning_time_ms=15.9
1786798182.233 [STATIC_AVOID] obs_id=23 obs_dist=3.39m obs_s=8.73 ego_s=5.34 side=LEFT | left_clearance=0.23 right_clearance=0.21 candidate_valid=true rung=0 | cache_used=false path_age=0.000 path_points=90 planning_time_ms=8.2
1786798182.754 [STATIC_AVOID] obs_id=23 obs_dist=2.42m obs_s=8.70 ego_s=6.28 side=LEFT | left_clearance=0.21 right_clearance=0.19 candidate_valid=true rung=0 | cache_used=false path_age=0.000 path_points=83 planning_time_ms=4.2
1786798183.272 [STATIC_AVOID] obs_id=23 obs_dist=1.22m obs_s=8.66 ego_s=7.44 side=RIGHT | left_clearance=0.34 right_clearance=0.18 candidate_valid=true rung=1 | cache_used=false path_age=0.000 path_points=81 planning_time_ms=9.5
1786798183.910 [STATIC_AVOID] obs_id=23 obs_dist=0.25m obs_s=8.62 ego_s=8.37 side=LEFT | left_clearance=0.31 right_clearance=0.20 candidate_valid=true rung=0 | cache_used=false path_age=0.000 path_points=81 planning_time_ms=4.1
1786798184.464 [STATIC_AVOID] obs_id=- obs_dist=-m obs_s=- ego_s=9.40 side=- | left_clearance=- right_clearance=- candidate_valid=false rung=- | cache_used=false path_age=- path_points=0 planning_time_ms=0.3 | reason=no_static_obstacle_in_range | cache_reason=no_cache
1786798185.007 [STATIC_AVOID] obs_id=- obs_dist=-m obs_s=- ego_s=10.08 side=- | left_clearance=- right_clearance=- candidate_valid=false rung=- | cache_used=false path_age=- path_points=0 planning_time_ms=0.1 | reason=no_static_obstacle_in_range | cache_reason=no_cache
1786798185.515 [STATIC_AVOID] obs_id=- obs_dist=-m obs_s=- ego_s=10.93 side=- | left_clearance=- right_clearance=- candidate_valid=false rung=- | cache_used=false path_age=- path_points=0 planning_time_ms=0.1 | reason=no_static_obstacle_in_range | cache_reason=no_cache
1786798186.061 [STATIC_AVOID] obs_id=- obs_dist=-m obs_s=- ego_s=12.29 side=- | left_clearance=- right_clearance=- candidate_valid=false rung=- | cache_used=false path_age=- path_points=0 planning_time_ms=0.1 | reason=no_static_obstacle_in_range | cache_reason=no_cache
1786798186.565 [STATIC_AVOID] obs_id=- obs_dist=-m obs_s=- ego_s=14.02 side=- | left_clearance=- right_clearance=- candidate_valid=false rung=- | cache_used=false path_age=- path_points=0 planning_time_ms=0.1 | reason=no_static_obstacle_in_range | cache_reason=no_cache
1786798187.104 [STATIC_AVOID] obs_id=- obs_dist=-m obs_s=- ego_s=15.65 side=- | left_clearance=- right_clearance=- candidate_valid=false rung=- | cache_used=false path_age=- path_points=0 planning_time_ms=0.3 | reason=no_static_obstacle_in_range | cache_reason=no_cache
1786798187.655 [STATIC_AVOID] obs_id=- obs_dist=-m obs_s=- ego_s=16.99 side=- | left_clearance=- right_clearance=- candidate_valid=false rung=- | cache_used=false path_age=- path_points=0 planning_time_ms=0.1 | reason=no_static_obstacle_in_range | cache_reason=no_cache
1786798188.204 [STATIC_AVOID] obs_id=- obs_dist=-m obs_s=- ego_s=18.52 side=- | left_clearance=- right_clearance=- candidate_valid=false rung=- | cache_used=false path_age=- path_points=0 planning_time_ms=0.1 | reason=no_static_obstacle_in_range | cache_reason=no_cache
1786798188.705 [STATIC_AVOID] obs_id=- obs_dist=-m obs_s=- ego_s=20.19 side=- | left_clearance=- right_clearance=- candidate_valid=false rung=- | cache_used=false path_age=- path_points=0 planning_time_ms=0.1 | reason=no_static_obstacle_in_range | cache_reason=no_cache
1786798189.247 [STATIC_AVOID] obs_id=- obs_dist=-m obs_s=- ego_s=21.87 side=- | left_clearance=- right_clearance=- candidate_valid=false rung=- | cache_used=false path_age=- path_points=0 planning_time_ms=0.1 | reason=no_static_obstacle_in_range | cache_reason=no_cache
1786798189.754 [STATIC_AVOID] obs_id=- obs_dist=-m obs_s=- ego_s=23.05 side=- | left_clearance=- right_clearance=- candidate_valid=false rung=- | cache_used=false path_age=- path_points=0 planning_time_ms=0.1 | reason=no_static_obstacle_in_range | cache_reason=no_cache
1786798190.301 [STATIC_AVOID] obs_id=29 obs_dist=5.35m obs_s=29.74 ego_s=24.39 side=- | left_clearance=- right_clearance=- candidate_valid=false rung=- | cache_used=false path_age=- path_points=0 planning_time_ms=0.1 | reason=raceline_already_clear | cache_reason=no_cache
1786798190.815 [STATIC_AVOID] obs_id=28 obs_dist=3.20m obs_s=28.54 ego_s=25.34 side=LEFT | left_clearance=0.47 right_clearance=-0.14 candidate_valid=true rung=0 | cache_used=false path_age=0.000 path_points=91 planning_time_ms=12.7
1786798191.317 [STATIC_AVOID] obs_id=28 obs_dist=2.04m obs_s=28.53 ego_s=26.49 side=LEFT | left_clearance=0.43 right_clearance=-0.09 candidate_valid=true rung=0 | cache_used=false path_age=0.000 path_points=81 planning_time_ms=9.5
1786798191.906 [STATIC_AVOID] obs_id=28 obs_dist=0.94m obs_s=28.50 ego_s=27.56 side=LEFT | left_clearance=0.41 right_clearance=-0.17 candidate_valid=true rung=0 | cache_used=false path_age=0.000 path_points=81 planning_time_ms=9.2
1786798192.416 [STATIC_AVOID] obs_id=28 obs_dist=-0.50m obs_s=28.47 ego_s=28.96 side=LEFT | left_clearance=0.35 right_clearance=-0.08 candidate_valid=false rung=- | cache_used=true path_age=0.208 path_points=81 planning_time_ms=20.8 | reason=map_occupied
1786798192.949 [STATIC_AVOID] obs_id=- obs_dist=-m obs_s=- ego_s=31.28 side=- | left_clearance=- right_clearance=- candidate_valid=false rung=- | cache_used=false path_age=- path_points=0 planning_time_ms=0.1 | reason=no_static_obstacle_in_range | cache_reason=no_cache
1786798193.457 [STATIC_AVOID] obs_id=- obs_dist=-m obs_s=- ego_s=32.87 side=- | left_clearance=- right_clearance=- candidate_valid=false rung=- | cache_used=false path_age=- path_points=0 planning_time_ms=0.1 | reason=no_static_obstacle_in_range | cache_reason=no_cache
1786798193.963 [STATIC_AVOID] obs_id=- obs_dist=-m obs_s=- ego_s=0.04 side=- | left_clearance=- right_clearance=- candidate_valid=false rung=- | cache_used=false path_age=- path_points=0 planning_time_ms=0.1 | reason=no_static_obstacle_in_range | cache_reason=no_cache
1786798194.508 [STATIC_AVOID] obs_id=- obs_dist=-m obs_s=- ego_s=1.82 side=- | left_clearance=- right_clearance=- candidate_valid=false rung=- | cache_used=false path_age=- path_points=0 planning_time_ms=0.1 | reason=no_static_obstacle_in_range | cache_reason=no_cache
1786798195.070 [STATIC_AVOID] obs_id=30 obs_dist=5.26m obs_s=8.71 ego_s=3.45 side=LEFT | left_clearance=0.31 right_clearance=0.05 candidate_valid=false rung=- | cache_used=true path_age=0.107 path_points=116 planning_time_ms=22.9 | reason=obstacle_clearance
1786798195.611 [STATIC_AVOID] obs_id=- obs_dist=-m obs_s=- ego_s=4.28 side=- | left_clearance=- right_clearance=- candidate_valid=false rung=- | cache_used=false path_age=- path_points=0 planning_time_ms=5.4 | reason=no_static_obstacle_in_range | cache_reason=no_cache
1786798196.176 [STATIC_AVOID] obs_id=33 obs_dist=3.99m obs_s=8.70 ego_s=4.71 side=LEFT | left_clearance=0.37 right_clearance=0.09 candidate_valid=true rung=2 | cache_used=false path_age=0.000 path_points=101 planning_time_ms=18.2
1786798196.693 [STATIC_AVOID] obs_id=33 obs_dist=2.99m obs_s=8.69 ego_s=5.70 side=LEFT | left_clearance=0.37 right_clearance=0.14 candidate_valid=false rung=- | cache_used=false path_age=- path_points=0 planning_time_ms=2.0 | reason=left_side_occupied | cache_reason=cache_collision
1786798197.251 [STATIC_AVOID] obs_id=33 obs_dist=2.10m obs_s=8.67 ego_s=6.57 side=LEFT | left_clearance=0.40 right_clearance=0.16 candidate_valid=true rung=0 | cache_used=false path_age=0.000 path_points=81 planning_time_ms=10.5
1786798197.823 [STATIC_AVOID] obs_id=33 obs_dist=1.36m obs_s=8.65 ego_s=7.29 side=LEFT | left_clearance=0.38 right_clearance=0.17 candidate_valid=true rung=0 | cache_used=false path_age=0.000 path_points=81 planning_time_ms=12.9
1786798198.364 [STATIC_AVOID] obs_id=33 obs_dist=0.41m obs_s=8.61 ego_s=8.20 side=LEFT | left_clearance=0.32 right_clearance=0.15 candidate_valid=true rung=0 | cache_used=false path_age=0.000 path_points=81 planning_time_ms=3.0
1786798198.898 [STATIC_AVOID] obs_id=- obs_dist=-m obs_s=- ego_s=9.74 side=- | left_clearance=- right_clearance=- candidate_valid=false rung=- | cache_used=false path_age=- path_points=0 planning_time_ms=0.1 | reason=no_static_obstacle_in_range | cache_reason=no_cache
1786798199.404 [STATIC_AVOID] obs_id=- obs_dist=-m obs_s=- ego_s=11.20 side=- | left_clearance=- right_clearance=- candidate_valid=false rung=- | cache_used=false path_age=- path_points=0 planning_time_ms=0.1 | reason=no_static_obstacle_in_range | cache_reason=no_cache
1786798199.913 [STATIC_AVOID] obs_id=- obs_dist=-m obs_s=- ego_s=12.45 side=- | left_clearance=- right_clearance=- candidate_valid=false rung=- | cache_used=false path_age=- path_points=0 planning_time_ms=1.0 | reason=no_static_obstacle_in_range | cache_reason=no_cache
1786798200.451 [STATIC_AVOID] obs_id=- obs_dist=-m obs_s=- ego_s=14.15 side=- | left_clearance=- right_clearance=- candidate_valid=false rung=- | cache_used=false path_age=- path_points=0 planning_time_ms=0.1 | reason=no_static_obstacle_in_range | cache_reason=no_cache
1786798200.997 [STATIC_AVOID] obs_id=- obs_dist=-m obs_s=- ego_s=15.93 side=- | left_clearance=- right_clearance=- candidate_valid=false rung=- | cache_used=false path_age=- path_points=0 planning_time_ms=0.1 | reason=no_static_obstacle_in_range | cache_reason=no_cache
1786798201.501 [STATIC_AVOID] obs_id=- obs_dist=-m obs_s=- ego_s=17.24 side=- | left_clearance=- right_clearance=- candidate_valid=false rung=- | cache_used=false path_age=- path_points=0 planning_time_ms=0.1 | reason=no_static_obstacle_in_range | cache_reason=no_cache
1786798202.067 [STATIC_AVOID] obs_id=- obs_dist=-m obs_s=- ego_s=18.52 side=- | left_clearance=- right_clearance=- candidate_valid=false rung=- | cache_used=false path_age=- path_points=0 planning_time_ms=0.1 | reason=no_static_obstacle_in_range | cache_reason=no_cache
1786798202.597 [STATIC_AVOID] obs_id=- obs_dist=-m obs_s=- ego_s=19.64 side=- | left_clearance=- right_clearance=- candidate_valid=false rung=- | cache_used=false path_age=- path_points=0 planning_time_ms=0.1 | reason=no_static_obstacle_in_range | cache_reason=no_cache
1786798203.105 [STATIC_AVOID] obs_id=- obs_dist=-m obs_s=- ego_s=22.81 side=- | left_clearance=- right_clearance=- candidate_valid=false rung=- | cache_used=false path_age=- path_points=0 planning_time_ms=0.1 | reason=no_static_obstacle_in_range | cache_reason=no_cache
1786798203.608 [STATIC_AVOID] obs_id=- obs_dist=-m obs_s=- ego_s=24.39 side=- | left_clearance=- right_clearance=- candidate_valid=false rung=- | cache_used=false path_age=- path_points=0 planning_time_ms=0.1 | reason=no_static_obstacle_in_range | cache_reason=no_cache
1786798204.119 [STATIC_AVOID] obs_id=37 obs_dist=2.68m obs_s=28.37 ego_s=25.69 side=LEFT | left_clearance=0.23 right_clearance=0.06 candidate_valid=true rung=0 | cache_used=false path_age=0.000 path_points=87 planning_time_ms=14.8
1786798204.736 [STATIC_AVOID] obs_id=- obs_dist=-m obs_s=- ego_s=26.71 side=- | left_clearance=- right_clearance=- candidate_valid=false rung=- | cache_used=false path_age=- path_points=0 planning_time_ms=9.6 | reason=no_static_obstacle_in_range | cache_reason=obstacle_gone
1786798205.246 [STATIC_AVOID] obs_id=41 obs_dist=0.66m obs_s=28.40 ego_s=27.74 side=RIGHT | left_clearance=0.32 right_clearance=-0.10 candidate_valid=true rung=1 | cache_used=false path_age=0.000 path_points=81 planning_time_ms=28.6
1786798205.751 [STATIC_AVOID] obs_id=41 obs_dist=-0.63m obs_s=28.37 ego_s=29.00 side=LEFT | left_clearance=0.37 right_clearance=0.12 candidate_valid=false rung=- | cache_used=false path_age=- path_points=0 planning_time_ms=31.6 | reason=left_side_occupied | cache_reason=cache_collision
1786798206.274 [STATIC_AVOID] obs_id=- obs_dist=-m obs_s=- ego_s=30.36 side=- | left_clearance=- right_clearance=- candidate_valid=false rung=- | cache_used=false path_age=- path_points=0 planning_time_ms=0.1 | reason=no_static_obstacle_in_range | cache_reason=no_cache
1786798206.799 [STATIC_AVOID] obs_id=- obs_dist=-m obs_s=- ego_s=31.56 side=- | left_clearance=- right_clearance=- candidate_valid=false rung=- | cache_used=false path_age=- path_points=0 planning_time_ms=0.1 | reason=no_static_obstacle_in_range | cache_reason=no_cache
1786798207.304 [STATIC_AVOID] obs_id=- obs_dist=-m obs_s=- ego_s=32.26 side=- | left_clearance=- right_clearance=- candidate_valid=false rung=- | cache_used=false path_age=- path_points=0 planning_time_ms=0.1 | reason=no_static_obstacle_in_range | cache_reason=no_cache
1786798207.816 [STATIC_AVOID] obs_id=- obs_dist=-m obs_s=- ego_s=33.42 side=- | left_clearance=- right_clearance=- candidate_valid=false rung=- | cache_used=false path_age=- path_points=0 planning_time_ms=0.1 | reason=no_static_obstacle_in_range | cache_reason=no_cache
1786798208.411 [STATIC_AVOID] obs_id=44 obs_dist=1.73m obs_s=2.20 ego_s=0.47 side=LEFT | left_clearance=0.15 right_clearance=-0.01 candidate_valid=true rung=0 | cache_used=false path_age=0.000 path_points=84 planning_time_ms=8.5
1786798208.973 [STATIC_AVOID] obs_id=43 obs_dist=5.97m obs_s=8.62 ego_s=2.65 side=- | left_clearance=0.09 right_clearance=0.03 candidate_valid=false rung=- | cache_used=false path_age=- path_points=0 planning_time_ms=16.2 | reason=obstacle_clearance | cache_reason=no_cache
1786798209.481 [STATIC_AVOID] obs_id=43 obs_dist=4.43m obs_s=8.62 ego_s=4.20 side=LEFT | left_clearance=0.10 right_clearance=0.07 candidate_valid=false rung=- | cache_used=false path_age=- path_points=0 planning_time_ms=3.6 | reason=obstacle_clearance | cache_reason=cache_collision
1786798210.006 [STATIC_AVOID] obs_id=43 obs_dist=3.24m obs_s=8.62 ego_s=5.39 side=LEFT | left_clearance=0.51 right_clearance=0.15 candidate_valid=true rung=0 | cache_used=false path_age=0.000 path_points=88 planning_time_ms=13.4
1786798210.555 [STATIC_AVOID] obs_id=47 obs_dist=2.11m obs_s=8.70 ego_s=6.59 side=LEFT | left_clearance=0.03 right_clearance=0.16 candidate_valid=true rung=1 | cache_used=false path_age=0.000 path_points=85 planning_time_ms=5.8
1786798211.102 [STATIC_AVOID] obs_id=47 obs_dist=0.91m obs_s=8.68 ego_s=7.76 side=LEFT | left_clearance=0.20 right_clearance=0.15 candidate_valid=false rung=- | cache_used=false path_age=- path_points=0 planning_time_ms=17.1 | reason=obstacle_clearance | cache_reason=cache_collision
1786798211.884 [STATIC_AVOID] obs_id=- obs_dist=-m obs_s=- ego_s=8.81 side=- | left_clearance=- right_clearance=- candidate_valid=false rung=- | cache_used=false path_age=- path_points=0 planning_time_ms=0.2 | reason=no_static_obstacle_in_range | cache_reason=obstacle_gone
1786798212.401 [STATIC_AVOID] obs_id=- obs_dist=-m obs_s=- ego_s=10.03 side=- | left_clearance=- right_clearance=- candidate_valid=false rung=- | cache_used=false path_age=- path_points=0 planning_time_ms=0.1 | reason=no_static_obstacle_in_range | cache_reason=no_cache
1786798212.909 [STATIC_AVOID] obs_id=- obs_dist=-m obs_s=- ego_s=11.44 side=- | left_clearance=- right_clearance=- candidate_valid=false rung=- | cache_used=false path_age=- path_points=0 planning_time_ms=2.5 | reason=no_static_obstacle_in_range | cache_reason=no_cache
1786798213.455 [STATIC_AVOID] obs_id=- obs_dist=-m obs_s=- ego_s=12.19 side=- | left_clearance=- right_clearance=- candidate_valid=false rung=- | cache_used=false path_age=- path_points=0 planning_time_ms=0.1 | reason=no_static_obstacle_in_range | cache_reason=no_cache
1786798213.956 [STATIC_AVOID] obs_id=- obs_dist=-m obs_s=- ego_s=12.31 side=- | left_clearance=- right_clearance=- candidate_valid=false rung=- | cache_used=false path_age=- path_points=0 planning_time_ms=0.1 | reason=no_static_obstacle_in_range | cache_reason=no_cache
1786798214.497 [STATIC_AVOID] obs_id=- obs_dist=-m obs_s=- ego_s=12.40 side=- | left_clearance=- right_clearance=- candidate_valid=false rung=- | cache_used=false path_age=- path_points=0 planning_time_ms=0.1 | reason=no_static_obstacle_in_range | cache_reason=no_cache
1786798215.003 [STATIC_AVOID] obs_id=- obs_dist=-m obs_s=- ego_s=12.89 side=- | left_clearance=- right_clearance=- candidate_valid=false rung=- | cache_used=false path_age=- path_points=0 planning_time_ms=0.1 | reason=no_static_obstacle_in_range | cache_reason=no_cache
1786798215.550 [STATIC_AVOID] obs_id=- obs_dist=-m obs_s=- ego_s=13.76 side=- | left_clearance=- right_clearance=- candidate_valid=false rung=- | cache_used=false path_age=- path_points=0 planning_time_ms=0.1 | reason=no_static_obstacle_in_range | cache_reason=no_cache
1786798216.106 [STATIC_AVOID] obs_id=- obs_dist=-m obs_s=- ego_s=14.21 side=- | left_clearance=- right_clearance=- candidate_valid=false rung=- | cache_used=false path_age=- path_points=0 planning_time_ms=0.4 | reason=no_static_obstacle_in_range | cache_reason=no_cache
1786798216.654 [STATIC_AVOID] obs_id=- obs_dist=-m obs_s=- ego_s=14.55 side=- | left_clearance=- right_clearance=- candidate_valid=false rung=- | cache_used=false path_age=- path_points=0 planning_time_ms=0.1 | reason=no_static_obstacle_in_range | cache_reason=no_cache
1786798217.206 [STATIC_AVOID] obs_id=- obs_dist=-m obs_s=- ego_s=15.72 side=- | left_clearance=- right_clearance=- candidate_valid=false rung=- | cache_used=false path_age=- path_points=0 planning_time_ms=0.1 | reason=no_static_obstacle_in_range | cache_reason=no_cache
1786798217.711 [STATIC_AVOID] obs_id=- obs_dist=-m obs_s=- ego_s=16.35 side=- | left_clearance=- right_clearance=- candidate_valid=false rung=- | cache_used=false path_age=- path_points=0 planning_time_ms=4.4 | reason=no_static_obstacle_in_range | cache_reason=no_cache
1786798218.249 [STATIC_AVOID] obs_id=- obs_dist=-m obs_s=- ego_s=17.09 side=- | left_clearance=- right_clearance=- candidate_valid=false rung=- | cache_used=false path_age=- path_points=0 planning_time_ms=0.1 | reason=no_static_obstacle_in_range | cache_reason=no_cache
1786798218.751 [STATIC_AVOID] obs_id=- obs_dist=-m obs_s=- ego_s=18.41 side=- | left_clearance=- right_clearance=- candidate_valid=false rung=- | cache_used=false path_age=- path_points=0 planning_time_ms=0.1 | reason=no_static_obstacle_in_range | cache_reason=no_cache
1786798219.264 [STATIC_AVOID] obs_id=- obs_dist=-m obs_s=- ego_s=20.06 side=- | left_clearance=- right_clearance=- candidate_valid=false rung=- | cache_used=false path_age=- path_points=0 planning_time_ms=0.4 | reason=no_static_obstacle_in_range | cache_reason=no_cache
1786798219.800 [STATIC_AVOID] obs_id=- obs_dist=-m obs_s=- ego_s=22.03 side=- | left_clearance=- right_clearance=- candidate_valid=false rung=- | cache_used=false path_age=- path_points=0 planning_time_ms=0.1 | reason=no_static_obstacle_in_range | cache_reason=no_cache
1786798220.331 [STATIC_AVOID] obs_id=56 obs_dist=5.00m obs_s=28.20 ego_s=23.20 side=LEFT | left_clearance=0.25 right_clearance=-0.11 candidate_valid=true rung=0 | cache_used=false path_age=0.000 path_points=112 planning_time_ms=27.1
1786798220.864 [STATIC_AVOID] obs_id=62 obs_dist=3.93m obs_s=28.01 ego_s=24.08 side=RIGHT | left_clearance=0.08 right_clearance=0.19 candidate_valid=true rung=0 | cache_used=false path_age=0.000 path_points=96 planning_time_ms=13.7
1786798221.479 [STATIC_AVOID] obs_id=62 obs_dist=2.25m obs_s=27.98 ego_s=25.73 side=RIGHT | left_clearance=0.05 right_clearance=0.18 candidate_valid=false rung=- | cache_used=true path_age=0.130 path_points=88 planning_time_ms=47.4 | reason=obstacle_clearance
1786798222.040 [STATIC_AVOID] obs_id=62 obs_dist=0.83m obs_s=27.97 ego_s=27.14 side=RIGHT | left_clearance=0.04 right_clearance=0.30 candidate_valid=true rung=0 | cache_used=false path_age=0.000 path_points=81 planning_time_ms=18.7
1786798222.587 [STATIC_AVOID] obs_id=62 obs_dist=0.08m obs_s=27.97 ego_s=27.88 side=RIGHT | left_clearance=-0.07 right_clearance=0.23 candidate_valid=false rung=- | cache_used=true path_age=0.114 path_points=81 planning_time_ms=18.5 | reason=obstacle_clearance
1786798223.095 [STATIC_AVOID] obs_id=62 obs_dist=-0.95m obs_s=27.97 ego_s=28.92 side=RIGHT | left_clearance=-0.08 right_clearance=0.24 candidate_valid=true rung=0 | cache_used=false path_age=0.000 path_points=81 planning_time_ms=4.9
1786798223.606 [STATIC_AVOID] obs_id=- obs_dist=-m obs_s=- ego_s=30.95 side=- | left_clearance=- right_clearance=- candidate_valid=false rung=- | cache_used=false path_age=- path_points=0 planning_time_ms=0.1 | reason=no_static_obstacle_in_range | cache_reason=no_cache
1786798224.153 [STATIC_AVOID] obs_id=- obs_dist=-m obs_s=- ego_s=32.79 side=- | left_clearance=- right_clearance=- candidate_valid=false rung=- | cache_used=false path_age=- path_points=0 planning_time_ms=0.7 | reason=no_static_obstacle_in_range | cache_reason=no_cache
1786798224.659 [STATIC_AVOID] obs_id=- obs_dist=-m obs_s=- ego_s=34.48 side=- | left_clearance=- right_clearance=- candidate_valid=false rung=- | cache_used=false path_age=- path_points=0 planning_time_ms=0.1 | reason=no_static_obstacle_in_range | cache_reason=no_cache
1786798225.198 [STATIC_AVOID] obs_id=- obs_dist=-m obs_s=- ego_s=1.65 side=- | left_clearance=- right_clearance=- candidate_valid=false rung=- | cache_used=false path_age=- path_points=0 planning_time_ms=0.2 | reason=no_static_obstacle_in_range | cache_reason=no_cache
1786798225.748 [STATIC_AVOID] obs_id=- obs_dist=-m obs_s=- ego_s=3.56 side=- | left_clearance=- right_clearance=- candidate_valid=false rung=- | cache_used=false path_age=- path_points=0 planning_time_ms=0.1 | reason=no_static_obstacle_in_range | cache_reason=no_cache
1786798226.281 [STATIC_AVOID] obs_id=65 obs_dist=5.26m obs_s=9.91 ego_s=4.65 side=RIGHT | left_clearance=-0.11 right_clearance=0.17 candidate_valid=false rung=- | cache_used=true path_age=0.054 path_points=109 planning_time_ms=7.6 | reason=obstacle_clearance
1786798226.781 [STATIC_AVOID] obs_id=65 obs_dist=4.67m obs_s=9.91 ego_s=5.24 side=RIGHT | left_clearance=-0.11 right_clearance=0.18 candidate_valid=false rung=- | cache_used=false path_age=- path_points=0 planning_time_ms=5.0 | reason=obstacle_clearance | cache_reason=cache_collision
1786798227.315 [STATIC_AVOID] obs_id=65 obs_dist=3.56m obs_s=9.91 ego_s=6.35 side=RIGHT | left_clearance=-0.10 right_clearance=0.21 candidate_valid=true rung=2 | cache_used=false path_age=0.000 path_points=99 planning_time_ms=17.2
1786798227.837 [STATIC_AVOID] obs_id=68 obs_dist=2.29m obs_s=9.81 ego_s=7.52 side=RIGHT | left_clearance=-0.21 right_clearance=0.31 candidate_valid=true rung=0 | cache_used=false path_age=0.000 path_points=90 planning_time_ms=3.5
1786798228.362 [STATIC_AVOID] obs_id=68 obs_dist=0.53m obs_s=9.72 ego_s=9.19 side=RIGHT | left_clearance=-0.26 right_clearance=0.31 candidate_valid=true rung=0 | cache_used=false path_age=0.000 path_points=81 planning_time_ms=3.5
1786798228.883 [STATIC_AVOID] obs_id=68 obs_dist=-0.54m obs_s=9.73 ego_s=10.27 side=RIGHT | left_clearance=-0.31 right_clearance=0.27 candidate_valid=true rung=0 | cache_used=false path_age=0.000 path_points=81 planning_time_ms=9.6
1786798229.386 [STATIC_AVOID] obs_id=70 obs_dist=1.70m obs_s=13.26 ego_s=11.56 side=LEFT | left_clearance=0.16 right_clearance=-0.00 candidate_valid=true rung=0 | cache_used=false path_age=0.000 path_points=81 planning_time_ms=3.7
1786798229.901 [STATIC_AVOID] obs_id=- obs_dist=-m obs_s=- ego_s=12.82 side=- | left_clearance=- right_clearance=- candidate_valid=false rung=- | cache_used=false path_age=- path_points=0 planning_time_ms=0.1 | reason=no_static_obstacle_in_range | cache_reason=no_cache
1786798230.452 [STATIC_AVOID] obs_id=71 obs_dist=1.05m obs_s=15.07 ego_s=14.02 side=LEFT | left_clearance=0.40 right_clearance=-0.26 candidate_valid=true rung=0 | cache_used=false path_age=0.000 path_points=81 planning_time_ms=18.1
1786798230.974 [STATIC_AVOID] obs_id=72 obs_dist=1.82m obs_s=17.12 ego_s=15.30 side=RIGHT | left_clearance=-0.16 right_clearance=0.37 candidate_valid=true rung=0 | cache_used=false path_age=0.000 path_points=81 planning_time_ms=10.5
1786798231.475 [STATIC_AVOID] obs_id=72 obs_dist=0.87m obs_s=17.21 ego_s=16.34 side=RIGHT | left_clearance=-0.21 right_clearance=0.24 candidate_valid=true rung=0 | cache_used=false path_age=0.000 path_points=81 planning_time_ms=19.8
1786798231.998 [STATIC_AVOID] obs_id=- obs_dist=-m obs_s=- ego_s=17.16 side=- | left_clearance=- right_clearance=- candidate_valid=false rung=- | cache_used=false path_age=- path_points=0 planning_time_ms=0.1 | reason=no_static_obstacle_in_range | cache_reason=no_cache
1786798232.499 [STATIC_AVOID] obs_id=- obs_dist=-m obs_s=- ego_s=18.12 side=- | left_clearance=- right_clearance=- candidate_valid=false rung=- | cache_used=false path_age=- path_points=0 planning_time_ms=0.1 | reason=no_static_obstacle_in_range | cache_reason=no_cache
1786798233.004 [STATIC_AVOID] obs_id=- obs_dist=-m obs_s=- ego_s=19.98 side=- | left_clearance=- right_clearance=- candidate_valid=false rung=- | cache_used=false path_age=- path_points=0 planning_time_ms=0.1 | reason=no_static_obstacle_in_range | cache_reason=no_cache
1786798233.504 [STATIC_AVOID] obs_id=- obs_dist=-m obs_s=- ego_s=21.47 side=- | left_clearance=- right_clearance=- candidate_valid=false rung=- | cache_used=false path_age=- path_points=0 planning_time_ms=2.5 | reason=no_static_obstacle_in_range | cache_reason=no_cache
1786798234.013 [STATIC_AVOID] obs_id=74 obs_dist=5.26m obs_s=28.21 ego_s=22.94 side=LEFT | left_clearance=0.34 right_clearance=-0.14 candidate_valid=true rung=0 | cache_used=false path_age=0.000 path_points=118 planning_time_ms=11.0
1786798234.565 [STATIC_AVOID] obs_id=74 obs_dist=3.28m obs_s=28.36 ego_s=25.08 side=LEFT | left_clearance=0.29 right_clearance=-0.01 candidate_valid=true rung=0 | cache_used=false path_age=0.000 path_points=93 planning_time_ms=16.2
1786798235.066 [STATIC_AVOID] obs_id=74 obs_dist=2.50m obs_s=28.43 ego_s=25.94 side=LEFT | left_clearance=0.37 right_clearance=-0.03 candidate_valid=true rung=0 | cache_used=false path_age=0.000 path_points=81 planning_time_ms=19.7
1786798235.616 [STATIC_AVOID] obs_id=74 obs_dist=1.24m obs_s=28.45 ego_s=27.21 side=LEFT | left_clearance=0.38 right_clearance=-0.16 candidate_valid=true rung=0 | cache_used=false path_age=0.000 path_points=81 planning_time_ms=13.8
1786798236.120 [STATIC_AVOID] obs_id=- obs_dist=-m obs_s=- ego_s=28.60 side=- | left_clearance=- right_clearance=- candidate_valid=false rung=- | cache_used=false path_age=- path_points=0 planning_time_ms=0.1 | reason=no_static_obstacle_in_range | cache_reason=no_cache
1786798236.679 [STATIC_AVOID] obs_id=- obs_dist=-m obs_s=- ego_s=30.87 side=- | left_clearance=- right_clearance=- candidate_valid=false rung=- | cache_used=false path_age=- path_points=0 planning_time_ms=0.1 | reason=no_static_obstacle_in_range | cache_reason=no_cache
1786798237.208 [STATIC_AVOID] obs_id=- obs_dist=-m obs_s=- ego_s=32.61 side=- | left_clearance=- right_clearance=- candidate_valid=false rung=- | cache_used=false path_age=- path_points=0 planning_time_ms=0.3 | reason=no_static_obstacle_in_range | cache_reason=no_cache
1786798237.752 [STATIC_AVOID] obs_id=- obs_dist=-m obs_s=- ego_s=34.20 side=- | left_clearance=- right_clearance=- candidate_valid=false rung=- | cache_used=false path_age=- path_points=0 planning_time_ms=0.1 | reason=no_static_obstacle_in_range | cache_reason=no_cache
1786798238.265 [STATIC_AVOID] obs_id=- obs_dist=-m obs_s=- ego_s=1.29 side=- | left_clearance=- right_clearance=- candidate_valid=false rung=- | cache_used=false path_age=- path_points=0 planning_time_ms=0.1 | reason=no_static_obstacle_in_range | cache_reason=no_cache
1786798238.799 [STATIC_AVOID] obs_id=- obs_dist=-m obs_s=- ego_s=3.60 side=- | left_clearance=- right_clearance=- candidate_valid=false rung=- | cache_used=false path_age=- path_points=0 planning_time_ms=0.1 | reason=no_static_obstacle_in_range | cache_reason=no_cache
1786798239.353 [STATIC_AVOID] obs_id=79 obs_dist=4.80m obs_s=9.73 ego_s=4.93 side=RIGHT | left_clearance=-0.13 right_clearance=0.21 candidate_valid=true rung=0 | cache_used=false path_age=0.000 path_points=109 planning_time_ms=12.9
1786798239.864 [STATIC_AVOID] obs_id=79 obs_dist=3.95m obs_s=9.76 ego_s=5.81 side=RIGHT | left_clearance=-0.12 right_clearance=0.23 candidate_valid=false rung=- | cache_used=false path_age=- path_points=0 planning_time_ms=7.7 | reason=obstacle_clearance | cache_reason=cache_collision
1786798240.460 [STATIC_AVOID] obs_id=79 obs_dist=3.27m obs_s=9.77 ego_s=6.50 side=RIGHT | left_clearance=-0.13 right_clearance=0.25 candidate_valid=true rung=2 | cache_used=false path_age=0.000 path_points=95 planning_time_ms=26.8
1786798240.996 [STATIC_AVOID] obs_id=79 obs_dist=1.60m obs_s=9.77 ego_s=8.17 side=RIGHT | left_clearance=-0.15 right_clearance=0.29 candidate_valid=true rung=0 | cache_used=false path_age=0.000 path_points=84 planning_time_ms=10.8
1786798241.536 [STATIC_AVOID] obs_id=79 obs_dist=-0.15m obs_s=9.76 ego_s=9.91 side=RIGHT | left_clearance=-0.24 right_clearance=0.21 candidate_valid=true rung=0 | cache_used=false path_age=0.000 path_points=81 planning_time_ms=8.5
1786798242.056 [STATIC_AVOID] obs_id=- obs_dist=-m obs_s=- ego_s=11.50 side=- | left_clearance=- right_clearance=- candidate_valid=false rung=- | cache_used=false path_age=- path_points=0 planning_time_ms=0.1 | reason=no_static_obstacle_in_range | cache_reason=no_cache
1786798242.620 [STATIC_AVOID] obs_id=- obs_dist=-m obs_s=- ego_s=13.02 side=- | left_clearance=- right_clearance=- candidate_valid=false rung=- | cache_used=false path_age=- path_points=0 planning_time_ms=1.1 | reason=no_static_obstacle_in_range | cache_reason=no_cache
1786798243.161 [STATIC_AVOID] obs_id=- obs_dist=-m obs_s=- ego_s=14.86 side=- | left_clearance=- right_clearance=- candidate_valid=false rung=- | cache_used=false path_age=- path_points=0 planning_time_ms=4.1 | reason=no_static_obstacle_in_range | cache_reason=no_cache
1786798243.664 [STATIC_AVOID] obs_id=- obs_dist=-m obs_s=- ego_s=15.93 side=- | left_clearance=- right_clearance=- candidate_valid=false rung=- | cache_used=false path_age=- path_points=0 planning_time_ms=0.3 | reason=no_static_obstacle_in_range | cache_reason=no_cache
1786798244.197 [STATIC_AVOID] obs_id=- obs_dist=-m obs_s=- ego_s=17.07 side=- | left_clearance=- right_clearance=- candidate_valid=false rung=- | cache_used=false path_age=- path_points=0 planning_time_ms=0.1 | reason=no_static_obstacle_in_range | cache_reason=no_cache
1786798244.703 [STATIC_AVOID] obs_id=- obs_dist=-m obs_s=- ego_s=18.40 side=- | left_clearance=- right_clearance=- candidate_valid=false rung=- | cache_used=false path_age=- path_points=0 planning_time_ms=0.1 | reason=no_static_obstacle_in_range | cache_reason=no_cache
1786798245.251 [STATIC_AVOID] obs_id=- obs_dist=-m obs_s=- ego_s=20.48 side=- | left_clearance=- right_clearance=- candidate_valid=false rung=- | cache_used=false path_age=- path_points=0 planning_time_ms=0.1 | reason=no_static_obstacle_in_range | cache_reason=no_cache
1786798245.766 [STATIC_AVOID] obs_id=80 obs_dist=5.98m obs_s=28.14 ego_s=22.16 side=LEFT | left_clearance=0.24 right_clearance=-0.09 candidate_valid=true rung=0 | cache_used=false path_age=0.000 path_points=126 planning_time_ms=16.6
1786798246.284 [STATIC_AVOID] obs_id=80 obs_dist=4.88m obs_s=28.15 ego_s=23.27 side=LEFT | left_clearance=0.22 right_clearance=0.01 candidate_valid=true rung=2 | cache_used=false path_age=0.000 path_points=115 planning_time_ms=17.7
1786798246.814 [STATIC_AVOID] obs_id=80 obs_dist=4.21m obs_s=28.14 ego_s=23.93 side=LEFT | left_clearance=0.20 right_clearance=0.10 candidate_valid=true rung=0 | cache_used=false path_age=0.000 path_points=98 planning_time_ms=17.0
1786798247.350 [STATIC_AVOID] obs_id=80 obs_dist=2.70m obs_s=28.10 ego_s=25.40 side=LEFT | left_clearance=0.18 right_clearance=0.02 candidate_valid=true rung=0 | cache_used=false path_age=0.000 path_points=94 planning_time_ms=3.4
1786798247.860 [STATIC_AVOID] obs_id=80 obs_dist=1.42m obs_s=28.09 ego_s=26.67 side=LEFT | left_clearance=0.17 right_clearance=0.06 candidate_valid=true rung=0 | cache_used=false path_age=0.000 path_points=81 planning_time_ms=7.7
1786798248.375 [STATIC_AVOID] obs_id=80 obs_dist=-0.65m obs_s=28.07 ego_s=28.72 side=RIGHT | left_clearance=0.17 right_clearance=0.29 candidate_valid=false rung=- | cache_used=true path_age=0.065 path_points=81 planning_time_ms=15.3 | reason=map_occupied
1786798248.901 [STATIC_AVOID] obs_id=- obs_dist=-m obs_s=- ego_s=29.77 side=- | left_clearance=- right_clearance=- candidate_valid=false rung=- | cache_used=false path_age=- path_points=0 planning_time_ms=0.1 | reason=no_static_obstacle_in_range | cache_reason=no_cache
1786798249.451 [STATIC_AVOID] obs_id=- obs_dist=-m obs_s=- ego_s=31.48 side=- | left_clearance=- right_clearance=- candidate_valid=false rung=- | cache_used=false path_age=- path_points=0 planning_time_ms=0.1 | reason=no_static_obstacle_in_range | cache_reason=no_cache
1786798249.953 [STATIC_AVOID] obs_id=- obs_dist=-m obs_s=- ego_s=33.27 side=- | left_clearance=- right_clearance=- candidate_valid=false rung=- | cache_used=false path_age=- path_points=0 planning_time_ms=0.1 | reason=no_static_obstacle_in_range | cache_reason=no_cache
1786798250.502 [STATIC_AVOID] obs_id=- obs_dist=-m obs_s=- ego_s=0.08 side=- | left_clearance=- right_clearance=- candidate_valid=false rung=- | cache_used=false path_age=- path_points=0 planning_time_ms=0.1 | reason=no_static_obstacle_in_range | cache_reason=no_cache
1786798251.002 [STATIC_AVOID] obs_id=- obs_dist=-m obs_s=- ego_s=1.99 side=- | left_clearance=- right_clearance=- candidate_valid=false rung=- | cache_used=false path_age=- path_points=0 planning_time_ms=0.1 | reason=no_static_obstacle_in_range | cache_reason=no_cache
1786798251.547 [STATIC_AVOID] obs_id=- obs_dist=-m obs_s=- ego_s=3.84 side=- | left_clearance=- right_clearance=- candidate_valid=false rung=- | cache_used=false path_age=- path_points=0 planning_time_ms=0.1 | reason=no_static_obstacle_in_range | cache_reason=no_cache
1786798252.078 [STATIC_AVOID] obs_id=82 obs_dist=4.73m obs_s=9.92 ego_s=5.19 side=LEFT | left_clearance=0.16 right_clearance=-0.07 candidate_valid=true rung=0 | cache_used=false path_age=0.000 path_points=105 planning_time_ms=11.7
1786798252.598 [STATIC_AVOID] obs_id=82 obs_dist=4.03m obs_s=9.93 ego_s=5.90 side=LEFT | left_clearance=0.12 right_clearance=0.02 candidate_valid=true rung=0 | cache_used=false path_age=0.000 path_points=96 planning_time_ms=13.0
1786798253.121 [STATIC_AVOID] obs_id=82 obs_dist=3.58m obs_s=9.92 ego_s=6.34 side=LEFT | left_clearance=0.07 right_clearance=0.05 candidate_valid=true rung=2 | cache_used=false path_age=0.000 path_points=97 planning_time_ms=13.5
1786798253.677 [STATIC_AVOID] obs_id=82 obs_dist=2.42m obs_s=9.90 ego_s=7.48 side=LEFT | left_clearance=0.07 right_clearance=0.07 candidate_valid=true rung=0 | cache_used=false path_age=0.000 path_points=82 planning_time_ms=6.5
1786798254.228 [STATIC_AVOID] obs_id=82 obs_dist=1.23m obs_s=9.88 ego_s=8.65 side=LEFT | left_clearance=0.06 right_clearance=0.09 candidate_valid=false rung=- | cache_used=true path_age=0.067 path_points=81 planning_time_ms=12.5 | reason=obstacle_clearance
1786798254.733 [STATIC_AVOID] obs_id=82 obs_dist=-0.02m obs_s=9.87 ego_s=9.89 side=LEFT | left_clearance=-0.04 right_clearance=-0.02 candidate_valid=true rung=0 | cache_used=false path_age=0.000 path_points=81 planning_time_ms=3.2
1786798255.248 [STATIC_AVOID] obs_id=- obs_dist=-m obs_s=- ego_s=11.24 side=- | left_clearance=- right_clearance=- candidate_valid=false rung=- | cache_used=false path_age=- path_points=0 planning_time_ms=0.1 | reason=no_static_obstacle_in_range | cache_reason=no_cache
1786798255.754 [STATIC_AVOID] obs_id=- obs_dist=-m obs_s=- ego_s=12.39 side=- | left_clearance=- right_clearance=- candidate_valid=false rung=- | cache_used=false path_age=- path_points=0 planning_time_ms=0.1 | reason=no_static_obstacle_in_range | cache_reason=no_cache
1786798256.263 [STATIC_AVOID] obs_id=- obs_dist=-m obs_s=- ego_s=13.87 side=- | left_clearance=- right_clearance=- candidate_valid=false rung=- | cache_used=false path_age=- path_points=0 planning_time_ms=0.1 | reason=no_static_obstacle_in_range | cache_reason=no_cache
1786798256.801 [STATIC_AVOID] obs_id=- obs_dist=-m obs_s=- ego_s=15.47 side=- | left_clearance=- right_clearance=- candidate_valid=false rung=- | cache_used=false path_age=- path_points=0 planning_time_ms=0.1 | reason=no_static_obstacle_in_range | cache_reason=no_cache
1786798257.312 [STATIC_AVOID] obs_id=- obs_dist=-m obs_s=- ego_s=16.89 side=- | left_clearance=- right_clearance=- candidate_valid=false rung=- | cache_used=false path_age=- path_points=0 planning_time_ms=0.2 | reason=no_static_obstacle_in_range | cache_reason=no_cache
1786798257.864 [STATIC_AVOID] obs_id=- obs_dist=-m obs_s=- ego_s=18.44 side=- | left_clearance=- right_clearance=- candidate_valid=false rung=- | cache_used=false path_age=- path_points=0 planning_time_ms=0.1 | reason=no_static_obstacle_in_range | cache_reason=no_cache
1786798258.423 [STATIC_AVOID] obs_id=- obs_dist=-m obs_s=- ego_s=20.53 side=- | left_clearance=- right_clearance=- candidate_valid=false rung=- | cache_used=false path_age=- path_points=0 planning_time_ms=0.2 | reason=no_static_obstacle_in_range | cache_reason=no_cache
1786798258.947 [STATIC_AVOID] obs_id=- obs_dist=-m obs_s=- ego_s=22.09 side=- | left_clearance=- right_clearance=- candidate_valid=false rung=- | cache_used=false path_age=- path_points=0 planning_time_ms=0.1 | reason=no_static_obstacle_in_range | cache_reason=no_cache
1786798259.460 [STATIC_AVOID] obs_id=83 obs_dist=5.31m obs_s=28.28 ego_s=22.97 side=LEFT | left_clearance=0.20 right_clearance=0.04 candidate_valid=true rung=0 | cache_used=false path_age=0.000 path_points=109 planning_time_ms=33.6
1786798259.970 [STATIC_AVOID] obs_id=83 obs_dist=4.42m obs_s=28.30 ego_s=23.89 side=LEFT | left_clearance=0.26 right_clearance=0.04 candidate_valid=true rung=0 | cache_used=false path_age=0.000 path_points=100 planning_time_ms=26.9
1786798260.494 [STATIC_AVOID] obs_id=83 obs_dist=3.78m obs_s=28.34 ego_s=24.56 side=LEFT | left_clearance=0.29 right_clearance=0.03 candidate_valid=true rung=0 | cache_used=false path_age=0.000 path_points=93 planning_time_ms=16.8
1786798261.093 [STATIC_AVOID] obs_id=83 obs_dist=2.83m obs_s=28.38 ego_s=25.55 side=LEFT | left_clearance=0.32 right_clearance=-0.03 candidate_valid=true rung=0 | cache_used=false path_age=0.000 path_points=89 planning_time_ms=7.5
1786798261.604 [STATIC_AVOID] obs_id=- obs_dist=-m obs_s=- ego_s=27.05 side=- | left_clearance=- right_clearance=- candidate_valid=false rung=- | cache_used=false path_age=- path_points=0 planning_time_ms=0.1 | reason=no_static_obstacle_in_range | cache_reason=no_cache
1786798262.163 [STATIC_AVOID] obs_id=83 obs_dist=-0.15m obs_s=28.41 ego_s=28.56 side=LEFT | left_clearance=0.26 right_clearance=-0.11 candidate_valid=false rung=- | cache_used=false path_age=- path_points=0 planning_time_ms=11.8 | reason=map_occupied | cache_reason=no_cache
1786798262.702 [STATIC_AVOID] obs_id=- obs_dist=-m obs_s=- ego_s=30.14 side=- | left_clearance=- right_clearance=- candidate_valid=false rung=- | cache_used=false path_age=- path_points=0 planning_time_ms=0.1 | reason=no_static_obstacle_in_range | cache_reason=no_cache
1786798263.251 [STATIC_AVOID] obs_id=- obs_dist=-m obs_s=- ego_s=31.61 side=- | left_clearance=- right_clearance=- candidate_valid=false rung=- | cache_used=false path_age=- path_points=0 planning_time_ms=0.1 | reason=no_static_obstacle_in_range | cache_reason=no_cache
1786798263.762 [STATIC_AVOID] obs_id=- obs_dist=-m obs_s=- ego_s=33.33 side=- | left_clearance=- right_clearance=- candidate_valid=false rung=- | cache_used=false path_age=- path_points=0 planning_time_ms=5.4 | reason=no_static_obstacle_in_range | cache_reason=no_cache
1786798264.310 [STATIC_AVOID] obs_id=- obs_dist=-m obs_s=- ego_s=0.55 side=- | left_clearance=- right_clearance=- candidate_valid=false rung=- | cache_used=false path_age=- path_points=0 planning_time_ms=0.6 | reason=no_static_obstacle_in_range | cache_reason=no_cache
1786798264.810 [STATIC_AVOID] obs_id=- obs_dist=-m obs_s=- ego_s=1.59 side=- | left_clearance=- right_clearance=- candidate_valid=false rung=- | cache_used=false path_age=- path_points=0 planning_time_ms=0.1 | reason=no_static_obstacle_in_range | cache_reason=no_cache
1786798265.354 [STATIC_AVOID] obs_id=- obs_dist=-m obs_s=- ego_s=3.91 side=- | left_clearance=- right_clearance=- candidate_valid=false rung=- | cache_used=false path_age=- path_points=0 planning_time_ms=0.1 | reason=no_static_obstacle_in_range | cache_reason=no_cache
1786798265.875 [STATIC_AVOID] obs_id=85 obs_dist=5.31m obs_s=9.99 ego_s=4.68 side=LEFT | left_clearance=0.14 right_clearance=-0.04 candidate_valid=true rung=0 | cache_used=false path_age=0.000 path_points=109 planning_time_ms=17.7
1786798266.396 [STATIC_AVOID] obs_id=85 obs_dist=4.53m obs_s=9.98 ego_s=5.46 side=LEFT | left_clearance=0.14 right_clearance=-0.02 candidate_valid=true rung=0 | cache_used=false path_age=0.000 path_points=101 planning_time_ms=9.1
1786798266.921 [STATIC_AVOID] obs_id=85 obs_dist=3.11m obs_s=9.98 ego_s=6.87 side=LEFT | left_clearance=0.10 right_clearance=0.01 candidate_valid=true rung=0 | cache_used=false path_age=0.000 path_points=95 planning_time_ms=14.1
1786798267.426 [STATIC_AVOID] obs_id=85 obs_dist=1.99m obs_s=9.96 ego_s=7.98 side=RIGHT | left_clearance=0.10 right_clearance=0.04 candidate_valid=true rung=1 | cache_used=false path_age=0.000 path_points=81 planning_time_ms=25.6
1786798268.040 [STATIC_AVOID] obs_id=85 obs_dist=0.22m obs_s=9.95 ego_s=9.73 side=LEFT | left_clearance=0.02 right_clearance=-0.04 candidate_valid=true rung=1 | cache_used=false path_age=0.000 path_points=81 planning_time_ms=35.5
1786798268.578 [STATIC_AVOID] obs_id=- obs_dist=-m obs_s=- ego_s=11.29 side=- | left_clearance=- right_clearance=- candidate_valid=false rung=- | cache_used=false path_age=- path_points=0 planning_time_ms=0.1 | reason=no_static_obstacle_in_range | cache_reason=no_cache
1786798269.106 [STATIC_AVOID] obs_id=- obs_dist=-m obs_s=- ego_s=12.46 side=- | left_clearance=- right_clearance=- candidate_valid=false rung=- | cache_used=false path_age=- path_points=0 planning_time_ms=0.1 | reason=no_static_obstacle_in_range | cache_reason=no_cache
1786798269.658 [STATIC_AVOID] obs_id=- obs_dist=-m obs_s=- ego_s=14.39 side=- | left_clearance=- right_clearance=- candidate_valid=false rung=- | cache_used=false path_age=- path_points=0 planning_time_ms=0.1 | reason=no_static_obstacle_in_range | cache_reason=no_cache
1786798270.201 [STATIC_AVOID] obs_id=- obs_dist=-m obs_s=- ego_s=16.03 side=- | left_clearance=- right_clearance=- candidate_valid=false rung=- | cache_used=false path_age=- path_points=0 planning_time_ms=0.1 | reason=no_static_obstacle_in_range | cache_reason=no_cache
1786798270.707 [STATIC_AVOID] obs_id=- obs_dist=-m obs_s=- ego_s=17.12 side=- | left_clearance=- right_clearance=- candidate_valid=false rung=- | cache_used=false path_age=- path_points=0 planning_time_ms=0.1 | reason=no_static_obstacle_in_range | cache_reason=no_cache
1786798271.247 [STATIC_AVOID] obs_id=- obs_dist=-m obs_s=- ego_s=18.97 side=- | left_clearance=- right_clearance=- candidate_valid=false rung=- | cache_used=false path_age=- path_points=0 planning_time_ms=0.1 | reason=no_static_obstacle_in_range | cache_reason=no_cache
1786798271.750 [STATIC_AVOID] obs_id=- obs_dist=-m obs_s=- ego_s=21.00 side=- | left_clearance=- right_clearance=- candidate_valid=false rung=- | cache_used=false path_age=- path_points=0 planning_time_ms=0.1 | reason=no_static_obstacle_in_range | cache_reason=no_cache
1786798272.255 [STATIC_AVOID] obs_id=- obs_dist=-m obs_s=- ego_s=22.71 side=- | left_clearance=- right_clearance=- candidate_valid=false rung=- | cache_used=false path_age=- path_points=0 planning_time_ms=0.1 | reason=no_static_obstacle_in_range | cache_reason=no_cache
1786798272.802 [STATIC_AVOID] obs_id=- obs_dist=-m obs_s=- ego_s=24.68 side=- | left_clearance=- right_clearance=- candidate_valid=false rung=- | cache_used=false path_age=- path_points=0 planning_time_ms=1.2 | reason=no_static_obstacle_in_range | cache_reason=no_cache
1786798273.305 [STATIC_AVOID] obs_id=- obs_dist=-m obs_s=- ego_s=25.62 side=- | left_clearance=- right_clearance=- candidate_valid=false rung=- | cache_used=false path_age=- path_points=0 planning_time_ms=3.4 | reason=no_static_obstacle_in_range | cache_reason=no_cache
1786798273.849 [STATIC_AVOID] obs_id=- obs_dist=-m obs_s=- ego_s=26.96 side=- | left_clearance=- right_clearance=- candidate_valid=false rung=- | cache_used=false path_age=- path_points=0 planning_time_ms=0.1 | reason=no_static_obstacle_in_range | cache_reason=no_cache
1786798274.362 [STATIC_AVOID] obs_id=- obs_dist=-m obs_s=- ego_s=27.86 side=- | left_clearance=- right_clearance=- candidate_valid=false rung=- | cache_used=false path_age=- path_points=0 planning_time_ms=0.1 | reason=no_static_obstacle_in_range | cache_reason=no_cache
1786798274.909 [STATIC_AVOID] obs_id=- obs_dist=-m obs_s=- ego_s=29.15 side=- | left_clearance=- right_clearance=- candidate_valid=false rung=- | cache_used=false path_age=- path_points=0 planning_time_ms=0.1 | reason=no_static_obstacle_in_range | cache_reason=no_cache
1786798275.457 [STATIC_AVOID] obs_id=- obs_dist=-m obs_s=- ego_s=30.74 side=- | left_clearance=- right_clearance=- candidate_valid=false rung=- | cache_used=false path_age=- path_points=0 planning_time_ms=0.1 | reason=no_static_obstacle_in_range | cache_reason=no_cache
1786798275.959 [STATIC_AVOID] obs_id=- obs_dist=-m obs_s=- ego_s=32.57 side=- | left_clearance=- right_clearance=- candidate_valid=false rung=- | cache_used=false path_age=- path_points=0 planning_time_ms=0.1 | reason=no_static_obstacle_in_range | cache_reason=no_cache
1786798276.514 [STATIC_AVOID] obs_id=- obs_dist=-m obs_s=- ego_s=34.39 side=- | left_clearance=- right_clearance=- candidate_valid=false rung=- | cache_used=false path_age=- path_points=0 planning_time_ms=0.1 | reason=no_static_obstacle_in_range | cache_reason=no_cache
1786798277.062 [STATIC_AVOID] obs_id=- obs_dist=-m obs_s=- ego_s=1.28 side=- | left_clearance=- right_clearance=- candidate_valid=false rung=- | cache_used=false path_age=- path_points=0 planning_time_ms=3.7 | reason=no_static_obstacle_in_range | cache_reason=no_cache
1786798277.563 [STATIC_AVOID] obs_id=- obs_dist=-m obs_s=- ego_s=3.20 side=- | left_clearance=- right_clearance=- candidate_valid=false rung=- | cache_used=false path_age=- path_points=0 planning_time_ms=0.1 | reason=no_static_obstacle_in_range | cache_reason=no_cache
1786798278.107 [STATIC_AVOID] obs_id=- obs_dist=-m obs_s=- ego_s=4.69 side=- | left_clearance=- right_clearance=- candidate_valid=false rung=- | cache_used=false path_age=- path_points=0 planning_time_ms=0.1 | reason=no_static_obstacle_in_range | cache_reason=no_cache
1786798278.617 [STATIC_AVOID] obs_id=87 obs_dist=4.32m obs_s=9.94 ego_s=5.63 side=LEFT | left_clearance=0.07 right_clearance=0.03 candidate_valid=true rung=0 | cache_used=false path_age=0.000 path_points=99 planning_time_ms=3.4
1786798279.206 [STATIC_AVOID] obs_id=87 obs_dist=3.87m obs_s=9.92 ego_s=6.05 side=LEFT | left_clearance=0.07 right_clearance=0.06 candidate_valid=true rung=2 | cache_used=false path_age=0.000 path_points=100 planning_time_ms=27.8
1786798279.818 [STATIC_AVOID] obs_id=87 obs_dist=3.10m obs_s=9.91 ego_s=6.81 side=LEFT | left_clearance=0.05 right_clearance=0.06 candidate_valid=true rung=0 | cache_used=false path_age=0.000 path_points=91 planning_time_ms=8.8
1786798280.334 [STATIC_AVOID] obs_id=87 obs_dist=1.66m obs_s=9.89 ego_s=8.23 side=RIGHT | left_clearance=0.07 right_clearance=0.10 candidate_valid=true rung=0 | cache_used=false path_age=0.000 path_points=81 planning_time_ms=4.0
1786798280.928 [STATIC_AVOID] obs_id=87 obs_dist=0.21m obs_s=9.87 ego_s=9.67 side=LEFT | left_clearance=-0.02 right_clearance=-0.00 candidate_valid=true rung=0 | cache_used=false path_age=0.000 path_points=81 planning_time_ms=11.2
1786798281.449 [STATIC_AVOID] obs_id=- obs_dist=-m obs_s=- ego_s=10.79 side=- | left_clearance=- right_clearance=- candidate_valid=false rung=- | cache_used=false path_age=- path_points=0 planning_time_ms=0.1 | reason=no_static_obstacle_in_range | cache_reason=no_cache
1786798281.997 [STATIC_AVOID] obs_id=- obs_dist=-m obs_s=- ego_s=11.80 side=- | left_clearance=- right_clearance=- candidate_valid=false rung=- | cache_used=false path_age=- path_points=0 planning_time_ms=0.1 | reason=no_static_obstacle_in_range | cache_reason=no_cache
1786798282.504 [STATIC_AVOID] obs_id=- obs_dist=-m obs_s=- ego_s=13.06 side=- | left_clearance=- right_clearance=- candidate_valid=false rung=- | cache_used=false path_age=- path_points=0 planning_time_ms=0.1 | reason=no_static_obstacle_in_range | cache_reason=no_cache
1786798283.054 [STATIC_AVOID] obs_id=- obs_dist=-m obs_s=- ego_s=15.09 side=- | left_clearance=- right_clearance=- candidate_valid=false rung=- | cache_used=false path_age=- path_points=0 planning_time_ms=0.1 | reason=no_static_obstacle_in_range | cache_reason=no_cache
1786798283.556 [STATIC_AVOID] obs_id=- obs_dist=-m obs_s=- ego_s=16.44 side=- | left_clearance=- right_clearance=- candidate_valid=false rung=- | cache_used=false path_age=- path_points=0 planning_time_ms=1.0 | reason=no_static_obstacle_in_range | cache_reason=no_cache
1786798284.103 [STATIC_AVOID] obs_id=- obs_dist=-m obs_s=- ego_s=17.62 side=- | left_clearance=- right_clearance=- candidate_valid=false rung=- | cache_used=false path_age=- path_points=0 planning_time_ms=0.1 | reason=no_static_obstacle_in_range | cache_reason=no_cache
1786798284.659 [STATIC_AVOID] obs_id=- obs_dist=-m obs_s=- ego_s=19.47 side=- | left_clearance=- right_clearance=- candidate_valid=false rung=- | cache_used=false path_age=- path_points=0 planning_time_ms=0.1 | reason=no_static_obstacle_in_range | cache_reason=no_cache
1786798285.211 [STATIC_AVOID] obs_id=- obs_dist=-m obs_s=- ego_s=21.17 side=- | left_clearance=- right_clearance=- candidate_valid=false rung=- | cache_used=false path_age=- path_points=0 planning_time_ms=0.1 | reason=no_static_obstacle_in_range | cache_reason=no_cache
1786798285.747 [STATIC_AVOID] obs_id=- obs_dist=-m obs_s=- ego_s=23.24 side=- | left_clearance=- right_clearance=- candidate_valid=false rung=- | cache_used=false path_age=- path_points=0 planning_time_ms=0.1 | reason=no_static_obstacle_in_range | cache_reason=no_cache
1786798286.250 [STATIC_AVOID] obs_id=- obs_dist=-m obs_s=- ego_s=24.86 side=- | left_clearance=- right_clearance=- candidate_valid=false rung=- | cache_used=false path_age=- path_points=0 planning_time_ms=0.1 | reason=no_static_obstacle_in_range | cache_reason=no_cache
1786798286.798 [STATIC_AVOID] obs_id=89 obs_dist=2.00m obs_s=28.03 ego_s=26.03 side=RIGHT | left_clearance=-0.11 right_clearance=0.41 candidate_valid=true rung=0 | cache_used=false path_age=0.000 path_points=81 planning_time_ms=3.0
1786798287.312 [STATIC_AVOID] obs_id=89 obs_dist=0.67m obs_s=28.00 ego_s=27.33 side=RIGHT | left_clearance=-0.09 right_clearance=0.33 candidate_valid=true rung=0 | cache_used=false path_age=0.000 path_points=81 planning_time_ms=12.3
1786798287.814 [STATIC_AVOID] obs_id=89 obs_dist=-0.56m obs_s=28.00 ego_s=28.56 side=RIGHT | left_clearance=-0.11 right_clearance=0.48 candidate_valid=true rung=0 | cache_used=false path_age=0.000 path_points=81 planning_time_ms=6.8
1786798288.363 [STATIC_AVOID] obs_id=- obs_dist=-m obs_s=- ego_s=30.03 side=- | left_clearance=- right_clearance=- candidate_valid=false rung=- | cache_used=false path_age=- path_points=0 planning_time_ms=0.1 | reason=no_static_obstacle_in_range | cache_reason=no_cache
1786798288.865 [STATIC_AVOID] obs_id=- obs_dist=-m obs_s=- ego_s=31.66 side=- | left_clearance=- right_clearance=- candidate_valid=false rung=- | cache_used=false path_age=- path_points=0 planning_time_ms=0.1 | reason=no_static_obstacle_in_range | cache_reason=no_cache
1786798289.407 [STATIC_AVOID] obs_id=- obs_dist=-m obs_s=- ego_s=33.38 side=- | left_clearance=- right_clearance=- candidate_valid=false rung=- | cache_used=false path_age=- path_points=0 planning_time_ms=0.1 | reason=no_static_obstacle_in_range | cache_reason=no_cache
1786798289.953 [STATIC_AVOID] obs_id=- obs_dist=-m obs_s=- ego_s=0.72 side=- | left_clearance=- right_clearance=- candidate_valid=false rung=- | cache_used=false path_age=- path_points=0 planning_time_ms=0.1 | reason=no_static_obstacle_in_range | cache_reason=no_cache
1786798290.502 [STATIC_AVOID] obs_id=- obs_dist=-m obs_s=- ego_s=2.48 side=- | left_clearance=- right_clearance=- candidate_valid=false rung=- | cache_used=false path_age=- path_points=0 planning_time_ms=0.1 | reason=no_static_obstacle_in_range | cache_reason=no_cache
1786798291.003 [STATIC_AVOID] obs_id=- obs_dist=-m obs_s=- ego_s=3.95 side=- | left_clearance=- right_clearance=- candidate_valid=false rung=- | cache_used=false path_age=- path_points=0 planning_time_ms=0.1 | reason=no_static_obstacle_in_range | cache_reason=no_cache
1786798291.570 [STATIC_AVOID] obs_id=91 obs_dist=5.11m obs_s=9.95 ego_s=4.85 side=LEFT | left_clearance=0.18 right_clearance=-0.13 candidate_valid=true rung=0 | cache_used=false path_age=0.000 path_points=107 planning_time_ms=20.8
1786798292.160 [STATIC_AVOID] obs_id=91 obs_dist=3.97m obs_s=9.95 ego_s=5.98 side=LEFT | left_clearance=0.17 right_clearance=-0.06 candidate_valid=true rung=2 | cache_used=false path_age=0.000 path_points=112 planning_time_ms=22.9
1786798292.691 [STATIC_AVOID] obs_id=91 obs_dist=2.58m obs_s=9.95 ego_s=7.36 side=LEFT | left_clearance=0.15 right_clearance=-0.02 candidate_valid=true rung=0 | cache_used=false path_age=0.000 path_points=89 planning_time_ms=6.3
1786798293.241 [STATIC_AVOID] obs_id=91 obs_dist=1.03m obs_s=9.93 ego_s=8.90 side=LEFT | left_clearance=0.15 right_clearance=0.00 candidate_valid=true rung=0 | cache_used=false path_age=0.000 path_points=81 planning_time_ms=5.4
1786798293.772 [STATIC_AVOID] obs_id=- obs_dist=-m obs_s=- ego_s=10.55 side=- | left_clearance=- right_clearance=- candidate_valid=false rung=- | cache_used=false path_age=- path_points=0 planning_time_ms=0.3 | reason=no_static_obstacle_in_range | cache_reason=obstacle_gone
1786798294.313 [STATIC_AVOID] obs_id=- obs_dist=-m obs_s=- ego_s=11.64 side=- | left_clearance=- right_clearance=- candidate_valid=false rung=- | cache_used=false path_age=- path_points=0 planning_time_ms=0.8 | reason=no_static_obstacle_in_range | cache_reason=no_cache
1786798294.848 [STATIC_AVOID] obs_id=- obs_dist=-m obs_s=- ego_s=13.04 side=- | left_clearance=- right_clearance=- candidate_valid=false rung=- | cache_used=false path_age=- path_points=0 planning_time_ms=0.1 | reason=no_static_obstacle_in_range | cache_reason=no_cache
1786798295.401 [STATIC_AVOID] obs_id=- obs_dist=-m obs_s=- ego_s=14.79 side=- | left_clearance=- right_clearance=- candidate_valid=false rung=- | cache_used=false path_age=- path_points=0 planning_time_ms=0.1 | reason=no_static_obstacle_in_range | cache_reason=no_cache
1786798295.952 [STATIC_AVOID] obs_id=- obs_dist=-m obs_s=- ego_s=16.34 side=- | left_clearance=- right_clearance=- candidate_valid=false rung=- | cache_used=false path_age=- path_points=0 planning_time_ms=0.1 | reason=no_static_obstacle_in_range | cache_reason=no_cache
1786798296.503 [STATIC_AVOID] obs_id=- obs_dist=-m obs_s=- ego_s=17.60 side=- | left_clearance=- right_clearance=- candidate_valid=false rung=- | cache_used=false path_age=- path_points=0 planning_time_ms=0.1 | reason=no_static_obstacle_in_range | cache_reason=no_cache
1786798297.049 [STATIC_AVOID] obs_id=- obs_dist=-m obs_s=- ego_s=19.47 side=- | left_clearance=- right_clearance=- candidate_valid=false rung=- | cache_used=false path_age=- path_points=0 planning_time_ms=0.1 | reason=no_static_obstacle_in_range | cache_reason=no_cache
1786798297.559 [STATIC_AVOID] obs_id=- obs_dist=-m obs_s=- ego_s=21.39 side=- | left_clearance=- right_clearance=- candidate_valid=false rung=- | cache_used=false path_age=- path_points=0 planning_time_ms=0.1 | reason=no_static_obstacle_in_range | cache_reason=no_cache
1786798298.099 [STATIC_AVOID] obs_id=- obs_dist=-m obs_s=- ego_s=22.62 side=- | left_clearance=- right_clearance=- candidate_valid=false rung=- | cache_used=false path_age=- path_points=0 planning_time_ms=0.1 | reason=no_static_obstacle_in_range | cache_reason=no_cache
1786798298.659 [STATIC_AVOID] obs_id=96 obs_dist=4.11m obs_s=28.31 ego_s=24.20 side=RIGHT | left_clearance=0.09 right_clearance=0.09 candidate_valid=true rung=0 | cache_used=false path_age=0.000 path_points=107 planning_time_ms=3.6
1786798299.169 [STATIC_AVOID] obs_id=96 obs_dist=3.27m obs_s=28.27 ego_s=25.00 side=RIGHT | left_clearance=0.09 right_clearance=0.22 candidate_valid=true rung=2 | cache_used=false path_age=0.000 path_points=99 planning_time_ms=17.8
1786798299.746 [STATIC_AVOID] obs_id=96 obs_dist=1.93m obs_s=28.19 ego_s=26.26 side=RIGHT | left_clearance=0.03 right_clearance=0.19 candidate_valid=true rung=0 | cache_used=false path_age=0.000 path_points=84 planning_time_ms=19.6
1786798300.273 [STATIC_AVOID] obs_id=96 obs_dist=0.36m obs_s=28.14 ego_s=27.78 side=RIGHT | left_clearance=-0.12 right_clearance=0.14 candidate_valid=true rung=0 | cache_used=false path_age=0.000 path_points=81 planning_time_ms=18.1
1786798300.795 [STATIC_AVOID] obs_id=96 obs_dist=-0.92m obs_s=28.13 ego_s=29.04 side=RIGHT | left_clearance=-0.09 right_clearance=0.33 candidate_valid=true rung=0 | cache_used=false path_age=0.000 path_points=81 planning_time_ms=13.0
1786798301.302 [STATIC_AVOID] obs_id=- obs_dist=-m obs_s=- ego_s=31.11 side=- | left_clearance=- right_clearance=- candidate_valid=false rung=- | cache_used=false path_age=- path_points=0 planning_time_ms=0.1 | reason=no_static_obstacle_in_range | cache_reason=no_cache
1786798301.854 [STATIC_AVOID] obs_id=- obs_dist=-m obs_s=- ego_s=33.12 side=- | left_clearance=- right_clearance=- candidate_valid=false rung=- | cache_used=false path_age=- path_points=0 planning_time_ms=0.1 | reason=no_static_obstacle_in_range | cache_reason=no_cache
1786798302.402 [STATIC_AVOID] obs_id=- obs_dist=-m obs_s=- ego_s=0.18 side=- | left_clearance=- right_clearance=- candidate_valid=false rung=- | cache_used=false path_age=- path_points=0 planning_time_ms=0.1 | reason=no_static_obstacle_in_range | cache_reason=no_cache
1786798302.908 [STATIC_AVOID] obs_id=- obs_dist=-m obs_s=- ego_s=1.92 side=- | left_clearance=- right_clearance=- candidate_valid=false rung=- | cache_used=false path_age=- path_points=0 planning_time_ms=0.2 | reason=no_static_obstacle_in_range | cache_reason=no_cache
1786798303.448 [STATIC_AVOID] obs_id=- obs_dist=-m obs_s=- ego_s=3.70 side=- | left_clearance=- right_clearance=- candidate_valid=false rung=- | cache_used=false path_age=- path_points=0 planning_time_ms=0.3 | reason=no_static_obstacle_in_range | cache_reason=no_cache
1786798303.969 [STATIC_AVOID] obs_id=97 obs_dist=5.38m obs_s=9.88 ego_s=4.50 side=LEFT | left_clearance=0.23 right_clearance=0.00 candidate_valid=true rung=2 | cache_used=false path_age=0.000 path_points=115 planning_time_ms=20.7
1786798304.507 [STATIC_AVOID] obs_id=97 obs_dist=4.25m obs_s=9.89 ego_s=5.63 side=LEFT | left_clearance=0.14 right_clearance=-0.05 candidate_valid=true rung=2 | cache_used=false path_age=0.000 path_points=111 planning_time_ms=7.7
1786798305.017 [STATIC_AVOID] obs_id=98 obs_dist=2.01m obs_s=8.58 ego_s=6.57 side=LEFT | left_clearance=0.30 right_clearance=0.09 candidate_valid=false rung=- | cache_used=false path_age=- path_points=0 planning_time_ms=8.7 | reason=obstacle_clearance | cache_reason=no_cache
1786798305.566 [STATIC_AVOID] obs_id=97 obs_dist=2.36m obs_s=9.88 ego_s=7.51 side=LEFT | left_clearance=0.16 right_clearance=0.00 candidate_valid=false rung=- | cache_used=false path_age=- path_points=0 planning_time_ms=2.8 | reason=left_side_occupied | cache_reason=no_cache
1786798306.293 [STATIC_AVOID] obs_id=97 obs_dist=1.19m obs_s=9.86 ego_s=8.68 side=LEFT | left_clearance=0.14 right_clearance=0.02 candidate_valid=true rung=0 | cache_used=false path_age=0.000 path_points=81 planning_time_ms=16.2
1786798306.836 [STATIC_AVOID] obs_id=97 obs_dist=0.72m obs_s=9.86 ego_s=9.14 side=LEFT | left_clearance=0.13 right_clearance=0.02 candidate_valid=false rung=- | cache_used=true path_age=0.078 path_points=81 planning_time_ms=28.1 | reason=obstacle_clearance
1786798307.393 [STATIC_AVOID] obs_id=97 obs_dist=-0.35m obs_s=9.86 ego_s=10.21 side=RIGHT | left_clearance=0.04 right_clearance=-0.04 candidate_valid=true rung=1 | cache_used=false path_age=0.000 path_points=81 planning_time_ms=21.7
1786798307.910 [STATIC_AVOID] obs_id=- obs_dist=-m obs_s=- ego_s=11.35 side=- | left_clearance=- right_clearance=- candidate_valid=false rung=- | cache_used=false path_age=- path_points=0 planning_time_ms=2.7 | reason=no_static_obstacle_in_range | cache_reason=no_cache
1786798308.452 [STATIC_AVOID] obs_id=- obs_dist=-m obs_s=- ego_s=12.80 side=- | left_clearance=- right_clearance=- candidate_valid=false rung=- | cache_used=false path_age=- path_points=0 planning_time_ms=0.1 | reason=no_static_obstacle_in_range | cache_reason=no_cache
1786798308.954 [STATIC_AVOID] obs_id=- obs_dist=-m obs_s=- ego_s=14.54 side=- | left_clearance=- right_clearance=- candidate_valid=false rung=- | cache_used=false path_age=- path_points=0 planning_time_ms=0.1 | reason=no_static_obstacle_in_range | cache_reason=no_cache
1786798309.506 [STATIC_AVOID] obs_id=- obs_dist=-m obs_s=- ego_s=16.09 side=- | left_clearance=- right_clearance=- candidate_valid=false rung=- | cache_used=false path_age=- path_points=0 planning_time_ms=0.2 | reason=no_static_obstacle_in_range | cache_reason=no_cache
1786798310.066 [STATIC_AVOID] obs_id=- obs_dist=-m obs_s=- ego_s=17.56 side=- | left_clearance=- right_clearance=- candidate_valid=false rung=- | cache_used=false path_age=- path_points=0 planning_time_ms=0.1 | reason=no_static_obstacle_in_range | cache_reason=no_cache
1786798310.613 [STATIC_AVOID] obs_id=- obs_dist=-m obs_s=- ego_s=19.40 side=- | left_clearance=- right_clearance=- candidate_valid=false rung=- | cache_used=false path_age=- path_points=0 planning_time_ms=0.1 | reason=no_static_obstacle_in_range | cache_reason=no_cache
1786798311.118 [STATIC_AVOID] obs_id=- obs_dist=-m obs_s=- ego_s=21.04 side=- | left_clearance=- right_clearance=- candidate_valid=false rung=- | cache_used=false path_age=- path_points=0 planning_time_ms=0.1 | reason=no_static_obstacle_in_range | cache_reason=no_cache
1786798311.625 [STATIC_AVOID] obs_id=105 obs_dist=5.81m obs_s=28.28 ego_s=22.47 side=RIGHT | left_clearance=0.02 right_clearance=0.20 candidate_valid=true rung=0 | cache_used=false path_age=0.000 path_points=117 planning_time_ms=6.4
1786798312.133 [STATIC_AVOID] obs_id=105 obs_dist=5.05m obs_s=28.30 ego_s=23.25 side=RIGHT | left_clearance=0.05 right_clearance=0.24 candidate_valid=true rung=0 | cache_used=false path_age=0.000 path_points=106 planning_time_ms=6.9
1786798312.678 [STATIC_AVOID] obs_id=105 obs_dist=3.53m obs_s=28.38 ego_s=24.85 side=RIGHT | left_clearance=0.11 right_clearance=0.10 candidate_valid=true rung=1 | cache_used=false path_age=0.000 path_points=98 planning_time_ms=17.2
1786798313.236 [STATIC_AVOID] obs_id=105 obs_dist=2.75m obs_s=28.54 ego_s=25.79 side=LEFT | left_clearance=0.21 right_clearance=0.16 candidate_valid=true rung=0 | cache_used=false path_age=0.000 path_points=84 planning_time_ms=21.7
1786798313.766 [STATIC_AVOID] obs_id=105 obs_dist=1.58m obs_s=28.41 ego_s=26.83 side=RIGHT | left_clearance=0.17 right_clearance=0.19 candidate_valid=false rung=- | cache_used=false path_age=- path_points=0 planning_time_ms=1.7 | reason=right_side_occupied | cache_reason=no_cache
1786798314.330 [STATIC_AVOID] obs_id=105 obs_dist=0.80m obs_s=28.32 ego_s=27.52 side=RIGHT | left_clearance=0.09 right_clearance=0.24 candidate_valid=false rung=- | cache_used=true path_age=0.071 path_points=81 planning_time_ms=5.8 | reason=obstacle_clearance
1786798314.853 [STATIC_AVOID] obs_id=105 obs_dist=0.42m obs_s=28.25 ego_s=27.84 side=RIGHT | left_clearance=-0.00 right_clearance=0.24 candidate_valid=true rung=0 | cache_used=false path_age=0.000 path_points=81 planning_time_ms=3.5
1786798315.360 [STATIC_AVOID] obs_id=105 obs_dist=0.32m obs_s=28.24 ego_s=27.91 side=RIGHT | left_clearance=-0.04 right_clearance=0.29 candidate_valid=true rung=0 | cache_used=false path_age=0.000 path_points=81 planning_time_ms=16.8
1786798315.873 [STATIC_AVOID] obs_id=105 obs_dist=-0.13m obs_s=28.24 ego_s=28.36 side=RIGHT | left_clearance=0.03 right_clearance=0.53 candidate_valid=true rung=0 | cache_used=false path_age=0.000 path_points=81 planning_time_ms=3.5
1786798316.411 [STATIC_AVOID] obs_id=- obs_dist=-m obs_s=- ego_s=29.05 side=- | left_clearance=- right_clearance=- candidate_valid=false rung=- | cache_used=false path_age=- path_points=0 planning_time_ms=0.1 | reason=no_static_obstacle_in_range | cache_reason=no_cache
1786798316.957 [STATIC_AVOID] obs_id=- obs_dist=-m obs_s=- ego_s=30.15 side=- | left_clearance=- right_clearance=- candidate_valid=false rung=- | cache_used=false path_age=- path_points=0 planning_time_ms=0.1 | reason=no_static_obstacle_in_range | cache_reason=no_cache
1786798317.497 [STATIC_AVOID] obs_id=- obs_dist=-m obs_s=- ego_s=31.66 side=- | left_clearance=- right_clearance=- candidate_valid=false rung=- | cache_used=false path_age=- path_points=0 planning_time_ms=0.1 | reason=no_static_obstacle_in_range | cache_reason=no_cache
1786798318.013 [STATIC_AVOID] obs_id=- obs_dist=-m obs_s=- ego_s=32.96 side=- | left_clearance=- right_clearance=- candidate_valid=false rung=- | cache_used=false path_age=- path_points=0 planning_time_ms=0.1 | reason=no_static_obstacle_in_range | cache_reason=no_cache
1786798318.553 [STATIC_AVOID] obs_id=- obs_dist=-m obs_s=- ego_s=33.79 side=- | left_clearance=- right_clearance=- candidate_valid=false rung=- | cache_used=false path_age=- path_points=0 planning_time_ms=0.1 | reason=no_static_obstacle_in_range | cache_reason=no_cache
1786798319.054 [STATIC_AVOID] obs_id=- obs_dist=-m obs_s=- ego_s=0.68 side=- | left_clearance=- right_clearance=- candidate_valid=false rung=- | cache_used=false path_age=- path_points=0 planning_time_ms=0.1 | reason=no_static_obstacle_in_range | cache_reason=no_cache
1786798319.577 [STATIC_AVOID] obs_id=- obs_dist=-m obs_s=- ego_s=2.12 side=- | left_clearance=- right_clearance=- candidate_valid=false rung=- | cache_used=false path_age=- path_points=0 planning_time_ms=0.1 | reason=no_static_obstacle_in_range | cache_reason=no_cache
1786798320.106 [STATIC_AVOID] obs_id=- obs_dist=-m obs_s=- ego_s=3.67 side=- | left_clearance=- right_clearance=- candidate_valid=false rung=- | cache_used=false path_age=- path_points=0 planning_time_ms=0.1 | reason=no_static_obstacle_in_range | cache_reason=no_cache
1786798320.671 [STATIC_AVOID] obs_id=110 obs_dist=5.03m obs_s=10.26 ego_s=5.22 side=LEFT | left_clearance=0.29 right_clearance=-0.26 candidate_valid=true rung=0 | cache_used=false path_age=0.000 path_points=109 planning_time_ms=5.1
1786798321.198 [STATIC_AVOID] obs_id=- obs_dist=-m obs_s=- ego_s=6.07 side=- | left_clearance=- right_clearance=- candidate_valid=false rung=- | cache_used=false path_age=- path_points=0 planning_time_ms=0.2 | reason=no_static_obstacle_in_range | cache_reason=obstacle_gone
1786798321.776 [STATIC_AVOID] obs_id=114 obs_dist=3.59m obs_s=10.18 ego_s=6.59 side=LEFT | left_clearance=0.11 right_clearance=-0.01 candidate_valid=true rung=2 | cache_used=false path_age=0.000 path_points=97 planning_time_ms=14.7
1786798322.329 [STATIC_AVOID] obs_id=114 obs_dist=2.70m obs_s=10.15 ego_s=7.44 side=LEFT | left_clearance=0.16 right_clearance=-0.04 candidate_valid=true rung=0 | cache_used=false path_age=0.000 path_points=83 planning_time_ms=26.9
1786798322.861 [STATIC_AVOID] obs_id=114 obs_dist=1.70m obs_s=10.13 ego_s=8.43 side=LEFT | left_clearance=0.16 right_clearance=-0.03 candidate_valid=true rung=0 | cache_used=false path_age=0.000 path_points=81 planning_time_ms=8.6
1786798323.411 [STATIC_AVOID] obs_id=114 obs_dist=-0.00m obs_s=10.12 ego_s=10.12 side=LEFT | left_clearance=0.07 right_clearance=-0.13 candidate_valid=true rung=0 | cache_used=false path_age=0.000 path_points=81 planning_time_ms=14.6
1786798323.956 [STATIC_AVOID] obs_id=- obs_dist=-m obs_s=- ego_s=11.43 side=- | left_clearance=- right_clearance=- candidate_valid=false rung=- | cache_used=false path_age=- path_points=0 planning_time_ms=0.1 | reason=no_static_obstacle_in_range | cache_reason=no_cache
1786798324.462 [STATIC_AVOID] obs_id=- obs_dist=-m obs_s=- ego_s=12.61 side=- | left_clearance=- right_clearance=- candidate_valid=false rung=- | cache_used=false path_age=- path_points=0 planning_time_ms=0.1 | reason=no_static_obstacle_in_range | cache_reason=no_cache
1786798325.002 [STATIC_AVOID] obs_id=- obs_dist=-m obs_s=- ego_s=14.34 side=- | left_clearance=- right_clearance=- candidate_valid=false rung=- | cache_used=false path_age=- path_points=0 planning_time_ms=0.8 | reason=no_static_obstacle_in_range | cache_reason=no_cache
1786798325.506 [STATIC_AVOID] obs_id=- obs_dist=-m obs_s=- ego_s=15.86 side=- | left_clearance=- right_clearance=- candidate_valid=false rung=- | cache_used=false path_age=- path_points=0 planning_time_ms=0.1 | reason=no_static_obstacle_in_range | cache_reason=no_cache
1786798326.011 [STATIC_AVOID] obs_id=- obs_dist=-m obs_s=- ego_s=17.15 side=- | left_clearance=- right_clearance=- candidate_valid=false rung=- | cache_used=false path_age=- path_points=0 planning_time_ms=0.1 | reason=no_static_obstacle_in_range | cache_reason=no_cache
1786798326.514 [STATIC_AVOID] obs_id=- obs_dist=-m obs_s=- ego_s=18.32 side=- | left_clearance=- right_clearance=- candidate_valid=false rung=- | cache_used=false path_age=- path_points=0 planning_time_ms=0.2 | reason=no_static_obstacle_in_range | cache_reason=no_cache
1786798327.071 [STATIC_AVOID] obs_id=- obs_dist=-m obs_s=- ego_s=20.18 side=- | left_clearance=- right_clearance=- candidate_valid=false rung=- | cache_used=false path_age=- path_points=0 planning_time_ms=0.1 | reason=no_static_obstacle_in_range | cache_reason=no_cache
1786798327.611 [STATIC_AVOID] obs_id=- obs_dist=-m obs_s=- ego_s=21.39 side=- | left_clearance=- right_clearance=- candidate_valid=false rung=- | cache_used=false path_age=- path_points=0 planning_time_ms=0.1 | reason=no_static_obstacle_in_range | cache_reason=no_cache
1786798328.112 [STATIC_AVOID] obs_id=- obs_dist=-m obs_s=- ego_s=22.92 side=- | left_clearance=- right_clearance=- candidate_valid=false rung=- | cache_used=false path_age=- path_points=0 planning_time_ms=0.2 | reason=no_static_obstacle_in_range | cache_reason=no_cache
1786798328.619 [STATIC_AVOID] obs_id=- obs_dist=-m obs_s=- ego_s=24.56 side=- | left_clearance=- right_clearance=- candidate_valid=false rung=- | cache_used=false path_age=- path_points=0 planning_time_ms=0.2 | reason=no_static_obstacle_in_range | cache_reason=no_cache
1786798329.156 [STATIC_AVOID] obs_id=- obs_dist=-m obs_s=- ego_s=26.45 side=- | left_clearance=- right_clearance=- candidate_valid=false rung=- | cache_used=false path_age=- path_points=0 planning_time_ms=0.5 | reason=no_static_obstacle_in_range | cache_reason=no_cache
1786798329.705 [STATIC_AVOID] obs_id=- obs_dist=-m obs_s=- ego_s=28.56 side=- | left_clearance=- right_clearance=- candidate_valid=false rung=- | cache_used=false path_age=- path_points=0 planning_time_ms=0.1 | reason=no_static_obstacle_in_range | cache_reason=no_cache
1786798330.255 [STATIC_AVOID] obs_id=- obs_dist=-m obs_s=- ego_s=30.29 side=- | left_clearance=- right_clearance=- candidate_valid=false rung=- | cache_used=false path_age=- path_points=0 planning_time_ms=0.1 | reason=no_static_obstacle_in_range | cache_reason=no_cache
1786798330.775 [STATIC_AVOID] obs_id=- obs_dist=-m obs_s=- ego_s=32.04 side=- | left_clearance=- right_clearance=- candidate_valid=false rung=- | cache_used=false path_age=- path_points=0 planning_time_ms=0.1 | reason=no_static_obstacle_in_range | cache_reason=no_cache
1786798331.297 [STATIC_AVOID] obs_id=- obs_dist=-m obs_s=- ego_s=34.10 side=- | left_clearance=- right_clearance=- candidate_valid=false rung=- | cache_used=false path_age=- path_points=0 planning_time_ms=0.1 | reason=no_static_obstacle_in_range | cache_reason=no_cache
1786798331.809 [STATIC_AVOID] obs_id=- obs_dist=-m obs_s=- ego_s=1.00 side=- | left_clearance=- right_clearance=- candidate_valid=false rung=- | cache_used=false path_age=- path_points=0 planning_time_ms=0.1 | reason=no_static_obstacle_in_range | cache_reason=no_cache
1786798332.325 [STATIC_AVOID] obs_id=- obs_dist=-m obs_s=- ego_s=2.69 side=- | left_clearance=- right_clearance=- candidate_valid=false rung=- | cache_used=false path_age=- path_points=0 planning_time_ms=0.2 | reason=no_static_obstacle_in_range | cache_reason=no_cache
1786798332.851 [STATIC_AVOID] obs_id=122 obs_dist=5.38m obs_s=9.46 ego_s=4.08 side=LEFT | left_clearance=0.31 right_clearance=-0.12 candidate_valid=true rung=0 | cache_used=false path_age=0.000 path_points=116 planning_time_ms=16.1
1786798333.404 [STATIC_AVOID] obs_id=- obs_dist=-m obs_s=- ego_s=5.32 side=- | left_clearance=- right_clearance=- candidate_valid=false rung=- | cache_used=false path_age=- path_points=0 planning_time_ms=0.1 | reason=no_static_obstacle_in_range | cache_reason=no_cache
1786798333.948 [STATIC_AVOID] obs_id=123 obs_dist=4.23m obs_s=10.41 ego_s=6.18 side=RIGHT | left_clearance=-0.13 right_clearance=0.22 candidate_valid=true rung=0 | cache_used=false path_age=0.000 path_points=103 planning_time_ms=5.2
1786798334.505 [STATIC_AVOID] obs_id=123 obs_dist=2.65m obs_s=10.33 ego_s=7.68 side=RIGHT | left_clearance=-0.16 right_clearance=0.26 candidate_valid=true rung=0 | cache_used=false path_age=0.000 path_points=91 planning_time_ms=18.7
1786798335.054 [STATIC_AVOID] obs_id=123 obs_dist=0.80m obs_s=10.24 ego_s=9.44 side=RIGHT | left_clearance=-0.15 right_clearance=0.29 candidate_valid=true rung=0 | cache_used=false path_age=0.000 path_points=81 planning_time_ms=8.5
1786798335.605 [STATIC_AVOID] obs_id=123 obs_dist=-0.18m obs_s=10.24 ego_s=10.41 side=RIGHT | left_clearance=-0.25 right_clearance=0.20 candidate_valid=true rung=0 | cache_used=false path_age=0.000 path_points=81 planning_time_ms=11.7
1786798336.117 [STATIC_AVOID] obs_id=- obs_dist=-m obs_s=- ego_s=11.81 side=- | left_clearance=- right_clearance=- candidate_valid=false rung=- | cache_used=false path_age=- path_points=0 planning_time_ms=0.1 | reason=no_static_obstacle_in_range | cache_reason=no_cache
1786798336.671 [STATIC_AVOID] obs_id=- obs_dist=-m obs_s=- ego_s=13.66 side=- | left_clearance=- right_clearance=- candidate_valid=false rung=- | cache_used=false path_age=- path_points=0 planning_time_ms=0.1 | reason=no_static_obstacle_in_range | cache_reason=no_cache
1786798337.204 [STATIC_AVOID] obs_id=- obs_dist=-m obs_s=- ego_s=15.33 side=- | left_clearance=- right_clearance=- candidate_valid=false rung=- | cache_used=false path_age=- path_points=0 planning_time_ms=4.8 | reason=no_static_obstacle_in_range | cache_reason=no_cache
1786798337.705 [STATIC_AVOID] obs_id=126 obs_dist=2.95m obs_s=19.09 ego_s=16.14 side=LEFT | left_clearance=0.11 right_clearance=0.11 candidate_valid=true rung=0 | cache_used=false path_age=0.000 path_points=87 planning_time_ms=3.0
1786798338.253 [STATIC_AVOID] obs_id=- obs_dist=-m obs_s=- ego_s=17.17 side=- | left_clearance=- right_clearance=- candidate_valid=false rung=- | cache_used=false path_age=- path_points=0 planning_time_ms=0.1 | reason=no_static_obstacle_in_range | cache_reason=no_cache
1786798338.806 [STATIC_AVOID] obs_id=- obs_dist=-m obs_s=- ego_s=18.08 side=- | left_clearance=- right_clearance=- candidate_valid=false rung=- | cache_used=false path_age=- path_points=0 planning_time_ms=0.2 | reason=no_static_obstacle_in_range | cache_reason=no_cache
1786798339.350 [STATIC_AVOID] obs_id=- obs_dist=-m obs_s=- ego_s=19.53 side=- | left_clearance=- right_clearance=- candidate_valid=false rung=- | cache_used=false path_age=- path_points=0 planning_time_ms=0.2 | reason=no_static_obstacle_in_range | cache_reason=no_cache
1786798339.901 [STATIC_AVOID] obs_id=- obs_dist=-m obs_s=- ego_s=21.22 side=- | left_clearance=- right_clearance=- candidate_valid=false rung=- | cache_used=false path_age=- path_points=0 planning_time_ms=0.1 | reason=no_static_obstacle_in_range | cache_reason=no_cache
1786798340.464 [STATIC_AVOID] obs_id=- obs_dist=-m obs_s=- ego_s=23.14 side=- | left_clearance=- right_clearance=- candidate_valid=false rung=- | cache_used=false path_age=- path_points=0 planning_time_ms=2.8 | reason=no_static_obstacle_in_range | cache_reason=no_cache
1786798340.997 [STATIC_AVOID] obs_id=- obs_dist=-m obs_s=- ego_s=25.11 side=- | left_clearance=- right_clearance=- candidate_valid=false rung=- | cache_used=false path_age=- path_points=0 planning_time_ms=0.1 | reason=no_static_obstacle_in_range | cache_reason=no_cache
1786798341.547 [STATIC_AVOID] obs_id=- obs_dist=-m obs_s=- ego_s=26.76 side=- | left_clearance=- right_clearance=- candidate_valid=false rung=- | cache_used=false path_age=- path_points=0 planning_time_ms=0.1 | reason=no_static_obstacle_in_range | cache_reason=no_cache
1786798342.058 [STATIC_AVOID] obs_id=- obs_dist=-m obs_s=- ego_s=28.57 side=- | left_clearance=- right_clearance=- candidate_valid=false rung=- | cache_used=false path_age=- path_points=0 planning_time_ms=0.1 | reason=no_static_obstacle_in_range | cache_reason=no_cache
1786798342.597 [STATIC_AVOID] obs_id=- obs_dist=-m obs_s=- ego_s=30.47 side=- | left_clearance=- right_clearance=- candidate_valid=false rung=- | cache_used=false path_age=- path_points=0 planning_time_ms=0.1 | reason=no_static_obstacle_in_range | cache_reason=no_cache
1786798343.114 [STATIC_AVOID] obs_id=- obs_dist=-m obs_s=- ego_s=32.27 side=- | left_clearance=- right_clearance=- candidate_valid=false rung=- | cache_used=false path_age=- path_points=0 planning_time_ms=0.1 | reason=no_static_obstacle_in_range | cache_reason=no_cache
1786798343.659 [STATIC_AVOID] obs_id=- obs_dist=-m obs_s=- ego_s=34.15 side=- | left_clearance=- right_clearance=- candidate_valid=false rung=- | cache_used=false path_age=- path_points=0 planning_time_ms=0.1 | reason=no_static_obstacle_in_range | cache_reason=no_cache
1786798344.198 [STATIC_AVOID] obs_id=133 obs_dist=3.97m obs_s=5.00 ego_s=1.04 side=LEFT | left_clearance=0.71 right_clearance=-0.04 candidate_valid=true rung=2 | cache_used=false path_age=0.000 path_points=118 planning_time_ms=38.3
1786798344.768 [STATIC_AVOID] obs_id=- obs_dist=-m obs_s=- ego_s=2.85 side=- | left_clearance=- right_clearance=- candidate_valid=false rung=- | cache_used=false path_age=- path_points=0 planning_time_ms=0.2 | reason=no_static_obstacle_in_range | cache_reason=obstacle_gone
1786798345.319 [STATIC_AVOID] obs_id=132 obs_dist=5.85m obs_s=10.39 ego_s=4.53 side=RIGHT | left_clearance=-0.06 right_clearance=0.12 candidate_valid=false rung=- | cache_used=true path_age=0.066 path_points=116 planning_time_ms=11.1 | reason=obstacle_clearance
1786798345.871 [STATIC_AVOID] obs_id=132 obs_dist=4.63m obs_s=10.39 ego_s=5.76 side=RIGHT | left_clearance=-0.05 right_clearance=0.13 candidate_valid=true rung=0 | cache_used=false path_age=0.000 path_points=108 planning_time_ms=15.4
1786798346.415 [STATIC_AVOID] obs_id=132 obs_dist=3.25m obs_s=10.38 ego_s=7.13 side=RIGHT | left_clearance=-0.06 right_clearance=0.16 candidate_valid=false rung=- | cache_used=true path_age=0.124 path_points=96 planning_time_ms=26.7 | reason=obstacle_clearance
1786798346.932 [STATIC_AVOID] obs_id=132 obs_dist=2.20m obs_s=10.35 ego_s=8.15 side=RIGHT | left_clearance=-0.06 right_clearance=0.19 candidate_valid=true rung=0 | cache_used=false path_age=0.000 path_points=82 planning_time_ms=4.5
1786798347.479 [STATIC_AVOID] obs_id=132 obs_dist=0.77m obs_s=10.34 ego_s=9.57 side=LEFT | left_clearance=-0.09 right_clearance=0.17 candidate_valid=true rung=1 | cache_used=false path_age=0.000 path_points=81 planning_time_ms=6.7
1786798348.002 [STATIC_AVOID] obs_id=- obs_dist=-m obs_s=- ego_s=10.95 side=- | left_clearance=- right_clearance=- candidate_valid=false rung=- | cache_used=false path_age=- path_points=0 planning_time_ms=0.1 | reason=no_static_obstacle_in_range | cache_reason=no_cache
1786798348.509 [STATIC_AVOID] obs_id=- obs_dist=-m obs_s=- ego_s=11.98 side=- | left_clearance=- right_clearance=- candidate_valid=false rung=- | cache_used=false path_age=- path_points=0 planning_time_ms=0.2 | reason=no_static_obstacle_in_range | cache_reason=no_cache
1786798349.050 [STATIC_AVOID] obs_id=- obs_dist=-m obs_s=- ego_s=13.47 side=- | left_clearance=- right_clearance=- candidate_valid=false rung=- | cache_used=false path_age=- path_points=0 planning_time_ms=0.2 | reason=no_static_obstacle_in_range | cache_reason=no_cache
1786798349.597 [STATIC_AVOID] obs_id=138 obs_dist=0.11m obs_s=15.01 ego_s=14.89 side=RIGHT | left_clearance=0.08 right_clearance=-0.05 candidate_valid=true rung=1 | cache_used=false path_age=0.000 path_points=81 planning_time_ms=20.3
1786798350.109 [STATIC_AVOID] obs_id=- obs_dist=-m obs_s=- ego_s=16.22 side=- | left_clearance=- right_clearance=- candidate_valid=false rung=- | cache_used=false path_age=- path_points=0 planning_time_ms=0.2 | reason=no_static_obstacle_in_range | cache_reason=no_cache
1786798350.657 [STATIC_AVOID] obs_id=- obs_dist=-m obs_s=- ego_s=17.06 side=- | left_clearance=- right_clearance=- candidate_valid=false rung=- | cache_used=false path_age=- path_points=0 planning_time_ms=0.1 | reason=no_static_obstacle_in_range | cache_reason=no_cache
1786798351.172 [STATIC_AVOID] obs_id=143 obs_dist=2.43m obs_s=20.48 ego_s=18.05 side=RIGHT | left_clearance=0.47 right_clearance=0.24 candidate_valid=true rung=1 | cache_used=false path_age=0.000 path_points=84 planning_time_ms=16.6
1786798351.729 [STATIC_AVOID] obs_id=147 obs_dist=-0.01m obs_s=17.83 ego_s=17.84 side=RIGHT | left_clearance=-0.03 right_clearance=0.22 candidate_valid=true rung=0 | cache_used=false path_age=0.000 path_points=81 planning_time_ms=9.6
1786798352.254 [STATIC_AVOID] obs_id=- obs_dist=-m obs_s=- ego_s=17.82 side=- | left_clearance=- right_clearance=- candidate_valid=false rung=- | cache_used=false path_age=- path_points=0 planning_time_ms=0.2 | reason=no_static_obstacle_in_range | cache_reason=no_cache
1786798352.759 [STATIC_AVOID] obs_id=- obs_dist=-m obs_s=- ego_s=17.80 side=- | left_clearance=- right_clearance=- candidate_valid=false rung=- | cache_used=false path_age=- path_points=0 planning_time_ms=0.1 | reason=no_static_obstacle_in_range | cache_reason=no_cache
1786798353.269 [STATIC_AVOID] obs_id=- obs_dist=-m obs_s=- ego_s=17.77 side=- | left_clearance=- right_clearance=- candidate_valid=false rung=- | cache_used=false path_age=- path_points=0 planning_time_ms=0.2 | reason=no_static_obstacle_in_range | cache_reason=no_cache
1786798353.812 [STATIC_AVOID] obs_id=- obs_dist=-m obs_s=- ego_s=17.77 side=- | left_clearance=- right_clearance=- candidate_valid=false rung=- | cache_used=false path_age=- path_points=0 planning_time_ms=0.2 | reason=no_static_obstacle_in_range | cache_reason=no_cache
1786798354.363 [STATIC_AVOID] obs_id=- obs_dist=-m obs_s=- ego_s=17.77 side=- | left_clearance=- right_clearance=- candidate_valid=false rung=- | cache_used=false path_age=- path_points=0 planning_time_ms=0.1 | reason=no_static_obstacle_in_range | cache_reason=no_cache
1786798354.899 [STATIC_AVOID] obs_id=- obs_dist=-m obs_s=- ego_s=17.77 side=- | left_clearance=- right_clearance=- candidate_valid=false rung=- | cache_used=false path_age=- path_points=0 planning_time_ms=0.1 | reason=no_static_obstacle_in_range | cache_reason=no_cache
1786798355.417 [STATIC_AVOID] obs_id=147 obs_dist=4.10m obs_s=21.85 ego_s=17.75 side=- | left_clearance=0.67 right_clearance=-0.05 candidate_valid=false rung=- | cache_used=false path_age=- path_points=0 planning_time_ms=16.7 | reason=map_occupied | cache_reason=no_cache
1786798355.953 [STATIC_AVOID] obs_id=- obs_dist=-m obs_s=- ego_s=17.46 side=- | left_clearance=- right_clearance=- candidate_valid=false rung=- | cache_used=false path_age=- path_points=0 planning_time_ms=0.2 | reason=no_static_obstacle_in_range | cache_reason=no_cache
1786798356.453 [STATIC_AVOID] obs_id=- obs_dist=-m obs_s=- ego_s=17.42 side=- | left_clearance=- right_clearance=- candidate_valid=false rung=- | cache_used=false path_age=- path_points=0 planning_time_ms=0.1 | reason=no_static_obstacle_in_range | cache_reason=no_cache
1786798356.956 [STATIC_AVOID] obs_id=- obs_dist=-m obs_s=- ego_s=17.41 side=- | left_clearance=- right_clearance=- candidate_valid=false rung=- | cache_used=false path_age=- path_points=0 planning_time_ms=0.1 | reason=no_static_obstacle_in_range | cache_reason=no_cache
1786798357.502 [STATIC_AVOID] obs_id=- obs_dist=-m obs_s=- ego_s=17.42 side=- | left_clearance=- right_clearance=- candidate_valid=false rung=- | cache_used=false path_age=- path_points=0 planning_time_ms=0.2 | reason=no_static_obstacle_in_range | cache_reason=no_cache
1786798358.016 [STATIC_AVOID] obs_id=- obs_dist=-m obs_s=- ego_s=17.45 side=- | left_clearance=- right_clearance=- candidate_valid=false rung=- | cache_used=false path_age=- path_points=0 planning_time_ms=0.1 | reason=no_static_obstacle_in_range | cache_reason=no_cache
1786798358.548 [STATIC_AVOID] obs_id=- obs_dist=-m obs_s=- ego_s=17.44 side=- | left_clearance=- right_clearance=- candidate_valid=false rung=- | cache_used=false path_age=- path_points=0 planning_time_ms=0.1 | reason=no_static_obstacle_in_range | cache_reason=no_cache
1786798359.055 [STATIC_AVOID] obs_id=- obs_dist=-m obs_s=- ego_s=17.45 side=- | left_clearance=- right_clearance=- candidate_valid=false rung=- | cache_used=false path_age=- path_points=0 planning_time_ms=0.1 | reason=no_static_obstacle_in_range | cache_reason=no_cache
1786798359.601 [STATIC_AVOID] obs_id=- obs_dist=-m obs_s=- ego_s=17.45 side=- | left_clearance=- right_clearance=- candidate_valid=false rung=- | cache_used=false path_age=- path_points=0 planning_time_ms=0.2 | reason=no_static_obstacle_in_range | cache_reason=no_cache
1786798360.157 [STATIC_AVOID] obs_id=- obs_dist=-m obs_s=- ego_s=17.50 side=- | left_clearance=- right_clearance=- candidate_valid=false rung=- | cache_used=false path_age=- path_points=0 planning_time_ms=0.1 | reason=no_static_obstacle_in_range | cache_reason=no_cache
1786798360.663 [STATIC_AVOID] obs_id=- obs_dist=-m obs_s=- ego_s=17.77 side=- | left_clearance=- right_clearance=- candidate_valid=false rung=- | cache_used=false path_age=- path_points=0 planning_time_ms=0.1 | reason=no_static_obstacle_in_range | cache_reason=no_cache
1786798361.204 [STATIC_AVOID] obs_id=- obs_dist=-m obs_s=- ego_s=18.61 side=- | left_clearance=- right_clearance=- candidate_valid=false rung=- | cache_used=false path_age=- path_points=0 planning_time_ms=0.1 | reason=no_static_obstacle_in_range | cache_reason=no_cache
1786798361.709 [STATIC_AVOID] obs_id=- obs_dist=-m obs_s=- ego_s=19.49 side=- | left_clearance=- right_clearance=- candidate_valid=false rung=- | cache_used=false path_age=- path_points=0 planning_time_ms=0.1 | reason=no_static_obstacle_in_range | cache_reason=no_cache
1786798362.259 [STATIC_AVOID] obs_id=- obs_dist=-m obs_s=- ego_s=20.98 side=- | left_clearance=- right_clearance=- candidate_valid=false rung=- | cache_used=false path_age=- path_points=0 planning_time_ms=0.2 | reason=no_static_obstacle_in_range | cache_reason=no_cache
1786798362.786 [STATIC_AVOID] obs_id=152 obs_dist=5.10m obs_s=27.57 ego_s=22.47 side=RIGHT | left_clearance=-0.31 right_clearance=0.47 candidate_valid=true rung=0 | cache_used=false path_age=0.000 path_points=116 planning_time_ms=18.4
1786798363.358 [STATIC_AVOID] obs_id=152 obs_dist=3.47m obs_s=27.59 ego_s=24.12 side=RIGHT | left_clearance=-0.26 right_clearance=0.45 candidate_valid=true rung=0 | cache_used=false path_age=0.000 path_points=95 planning_time_ms=10.9
1786798363.901 [STATIC_AVOID] obs_id=152 obs_dist=2.40m obs_s=27.68 ego_s=25.29 side=RIGHT | left_clearance=-0.17 right_clearance=0.39 candidate_valid=true rung=0 | cache_used=false path_age=0.000 path_points=83 planning_time_ms=3.2
1786798364.414 [STATIC_AVOID] obs_id=152 obs_dist=1.20m obs_s=27.74 ego_s=26.53 side=RIGHT | left_clearance=-0.13 right_clearance=0.34 candidate_valid=true rung=0 | cache_used=false path_age=0.000 path_points=81 planning_time_ms=6.9
1786798364.915 [STATIC_AVOID] obs_id=152 obs_dist=-0.38m obs_s=27.72 ego_s=28.10 side=RIGHT | left_clearance=-0.13 right_clearance=0.56 candidate_valid=true rung=0 | cache_used=false path_age=0.000 path_points=81 planning_time_ms=16.4
1786798365.458 [STATIC_AVOID] obs_id=155 obs_dist=-0.93m obs_s=28.30 ego_s=29.23 side=RIGHT | left_clearance=0.17 right_clearance=0.59 candidate_valid=true rung=0 | cache_used=false path_age=0.000 path_points=81 planning_time_ms=5.2
1786798366.000 [STATIC_AVOID] obs_id=- obs_dist=-m obs_s=- ego_s=29.88 side=- | left_clearance=- right_clearance=- candidate_valid=false rung=- | cache_used=false path_age=- path_points=0 planning_time_ms=0.1 | reason=no_static_obstacle_in_range | cache_reason=no_cache
1786798366.512 [STATIC_AVOID] obs_id=- obs_dist=-m obs_s=- ego_s=31.01 side=- | left_clearance=- right_clearance=- candidate_valid=false rung=- | cache_used=false path_age=- path_points=0 planning_time_ms=0.1 | reason=no_static_obstacle_in_range | cache_reason=no_cache
1786798367.047 [STATIC_AVOID] obs_id=- obs_dist=-m obs_s=- ego_s=32.30 side=- | left_clearance=- right_clearance=- candidate_valid=false rung=- | cache_used=false path_age=- path_points=0 planning_time_ms=0.1 | reason=no_static_obstacle_in_range | cache_reason=no_cache
1786798367.559 [STATIC_AVOID] obs_id=- obs_dist=-m obs_s=- ego_s=33.28 side=- | left_clearance=- right_clearance=- candidate_valid=false rung=- | cache_used=false path_age=- path_points=0 planning_time_ms=0.1 | reason=no_static_obstacle_in_range | cache_reason=no_cache
1786798368.067 [STATIC_AVOID] obs_id=- obs_dist=-m obs_s=- ego_s=34.31 side=- | left_clearance=- right_clearance=- candidate_valid=false rung=- | cache_used=false path_age=- path_points=0 planning_time_ms=0.1 | reason=no_static_obstacle_in_range | cache_reason=no_cache
1786798368.605 [STATIC_AVOID] obs_id=- obs_dist=-m obs_s=- ego_s=0.81 side=- | left_clearance=- right_clearance=- candidate_valid=false rung=- | cache_used=false path_age=- path_points=0 planning_time_ms=0.2 | reason=no_static_obstacle_in_range | cache_reason=no_cache
1786798369.110 [STATIC_AVOID] obs_id=- obs_dist=-m obs_s=- ego_s=1.91 side=- | left_clearance=- right_clearance=- candidate_valid=false rung=- | cache_used=false path_age=- path_points=0 planning_time_ms=0.3 | reason=no_static_obstacle_in_range | cache_reason=no_cache
1786798369.651 [STATIC_AVOID] obs_id=- obs_dist=-m obs_s=- ego_s=3.72 side=- | left_clearance=- right_clearance=- candidate_valid=false rung=- | cache_used=false path_age=- path_points=0 planning_time_ms=0.1 | reason=no_static_obstacle_in_range | cache_reason=no_cache
1786798370.212 [STATIC_AVOID] obs_id=164 obs_dist=5.71m obs_s=10.30 ego_s=4.60 side=RIGHT | left_clearance=-0.12 right_clearance=0.19 candidate_valid=true rung=0 | cache_used=false path_age=0.000 path_points=113 planning_time_ms=9.9
1786798370.724 [STATIC_AVOID] obs_id=164 obs_dist=5.34m obs_s=10.32 ego_s=4.98 side=LEFT | left_clearance=-0.12 right_clearance=0.20 candidate_valid=true rung=1 | cache_used=false path_age=0.000 path_points=109 planning_time_ms=19.1
1786798371.276 [STATIC_AVOID] obs_id=164 obs_dist=5.53m obs_s=10.35 ego_s=4.82 side=RIGHT | left_clearance=-0.14 right_clearance=0.19 candidate_valid=true rung=0 | cache_used=false path_age=0.000 path_points=111 planning_time_ms=14.3
1786798371.803 [STATIC_AVOID] obs_id=- obs_dist=-m obs_s=- ego_s=4.29 side=- | left_clearance=- right_clearance=- candidate_valid=false rung=- | cache_used=false path_age=- path_points=0 planning_time_ms=0.1 | reason=no_static_obstacle_in_range | cache_reason=no_cache
1786798372.315 [STATIC_AVOID] obs_id=- obs_dist=-m obs_s=- ego_s=4.57 side=- | left_clearance=- right_clearance=- candidate_valid=false rung=- | cache_used=false path_age=- path_points=0 planning_time_ms=1.1 | reason=no_static_obstacle_in_range | cache_reason=no_cache
1786798372.834 [STATIC_AVOID] obs_id=- obs_dist=-m obs_s=- ego_s=4.49 side=- | left_clearance=- right_clearance=- candidate_valid=false rung=- | cache_used=false path_age=- path_points=0 planning_time_ms=1.1 | reason=no_static_obstacle_in_range | cache_reason=no_cache
1786798373.347 [STATIC_AVOID] obs_id=- obs_dist=-m obs_s=- ego_s=4.11 side=- | left_clearance=- right_clearance=- candidate_valid=false rung=- | cache_used=false path_age=- path_points=0 planning_time_ms=0.1 | reason=no_static_obstacle_in_range | cache_reason=no_cache
1786798373.847 [STATIC_AVOID] obs_id=- obs_dist=-m obs_s=- ego_s=3.39 side=- | left_clearance=- right_clearance=- candidate_valid=false rung=- | cache_used=false path_age=- path_points=0 planning_time_ms=0.1 | reason=no_static_obstacle_in_range | cache_reason=no_cache
1786798374.349 [STATIC_AVOID] obs_id=- obs_dist=-m obs_s=- ego_s=3.05 side=- | left_clearance=- right_clearance=- candidate_valid=false rung=- | cache_used=false path_age=- path_points=0 planning_time_ms=0.4 | reason=no_static_obstacle_in_range | cache_reason=no_cache
1786798374.851 [STATIC_AVOID] obs_id=- obs_dist=-m obs_s=- ego_s=3.31 side=- | left_clearance=- right_clearance=- candidate_valid=false rung=- | cache_used=false path_age=- path_points=0 planning_time_ms=0.1 | reason=no_static_obstacle_in_range | cache_reason=no_cache
1786798375.356 [STATIC_AVOID] obs_id=- obs_dist=-m obs_s=- ego_s=3.88 side=- | left_clearance=- right_clearance=- candidate_valid=false rung=- | cache_used=false path_age=- path_points=0 planning_time_ms=0.1 | reason=no_static_obstacle_in_range | cache_reason=no_cache
1786798375.906 [STATIC_AVOID] obs_id=- obs_dist=-m obs_s=- ego_s=4.57 side=- | left_clearance=- right_clearance=- candidate_valid=false rung=- | cache_used=false path_age=- path_points=0 planning_time_ms=0.1 | reason=no_static_obstacle_in_range | cache_reason=no_cache
1786798376.449 [STATIC_AVOID] obs_id=- obs_dist=-m obs_s=- ego_s=4.68 side=- | left_clearance=- right_clearance=- candidate_valid=false rung=- | cache_used=false path_age=- path_points=0 planning_time_ms=0.1 | reason=no_static_obstacle_in_range | cache_reason=no_cache
1786798377.028 [STATIC_AVOID] obs_id=169 obs_dist=5.59m obs_s=10.28 ego_s=4.69 side=RIGHT | left_clearance=-0.12 right_clearance=0.23 candidate_valid=true rung=0 | cache_used=false path_age=0.000 path_points=111 planning_time_ms=13.7
1786798377.544 [STATIC_AVOID] obs_id=169 obs_dist=5.59m obs_s=10.29 ego_s=4.70 side=RIGHT | left_clearance=-0.14 right_clearance=0.23 candidate_valid=true rung=0 | cache_used=false path_age=0.000 path_points=111 planning_time_ms=7.9
1786798378.079 [STATIC_AVOID] obs_id=169 obs_dist=5.59m obs_s=10.29 ego_s=4.70 side=RIGHT | left_clearance=-0.14 right_clearance=0.23 candidate_valid=true rung=0 | cache_used=false path_age=0.000 path_points=111 planning_time_ms=11.8
1786798378.615 [STATIC_AVOID] obs_id=169 obs_dist=5.61m obs_s=10.29 ego_s=4.68 side=RIGHT | left_clearance=-0.14 right_clearance=0.23 candidate_valid=true rung=0 | cache_used=false path_age=0.000 path_points=112 planning_time_ms=10.2
1786798379.212 [STATIC_AVOID] obs_id=169 obs_dist=5.62m obs_s=10.29 ego_s=4.67 side=LEFT | left_clearance=-0.14 right_clearance=0.23 candidate_valid=true rung=1 | cache_used=false path_age=0.000 path_points=112 planning_time_ms=28.6
1786798379.772 [STATIC_AVOID] obs_id=169 obs_dist=5.61m obs_s=10.28 ego_s=4.67 side=RIGHT | left_clearance=-0.14 right_clearance=0.23 candidate_valid=true rung=0 | cache_used=false path_age=0.000 path_points=112 planning_time_ms=16.9
1786798380.292 [STATIC_AVOID] obs_id=169 obs_dist=5.60m obs_s=10.28 ego_s=4.68 side=RIGHT | left_clearance=-0.14 right_clearance=0.23 candidate_valid=true rung=0 | cache_used=false path_age=0.000 path_points=112 planning_time_ms=8.3
