# state_machine debug log started 20260815_193139  map='0815test3'
1786789907.278 [OBSTACLES] cur_s=8.96 cur_d=0.39 vs=0.00 n=0 [none]
1786789907.279 [STATE_CHANGE] None -> LOSTLINE src=GB_TRACK s=8.96 d=0.39 vs=0.00
1786789907.703 [STATE_CHANGE] LOSTLINE -> RECOVERY src=RECOVERY s=8.95 d=0.39 vs=0.00
1786789907.872 [OBSTACLES] cur_s=8.95 cur_d=0.39 vs=0.00 n=0 [none]
1786789908.392 [OBSTACLES] cur_s=9.03 cur_d=0.33 vs=0.00 n=0 [none]
1786789908.964 [OBSTACLES] cur_s=8.97 cur_d=0.34 vs=0.00 n=0 [none]
1786789909.547 [OBSTACLES] cur_s=8.97 cur_d=0.34 vs=0.00 n=0 [none]
1786789910.051 [OBSTACLES] cur_s=8.96 cur_d=0.34 vs=0.00 n=0 [none]
1786789910.592 [OBSTACLES] cur_s=8.96 cur_d=0.34 vs=0.00 n=0 [none]
1786789911.092 [OBSTACLES] cur_s=8.96 cur_d=0.34 vs=0.00 n=0 [none]
1786789911.626 [OBSTACLES] cur_s=8.96 cur_d=0.34 vs=0.00 n=0 [none]
1786789912.203 [OBSTACLES] cur_s=8.96 cur_d=0.35 vs=0.00 n=0 [none]
1786789912.770 [OBSTACLES] cur_s=8.96 cur_d=0.35 vs=0.00 n=0 [none]
1786789913.297 [OBSTACLES] cur_s=8.96 cur_d=0.34 vs=0.00 n=0 [none]
1786789913.798 [OBSTACLES] cur_s=8.96 cur_d=0.35 vs=0.00 n=0 [none]
1786789914.323 [OBSTACLES] cur_s=9.06 cur_d=0.34 vs=0.76 n=0 [none]
1786789914.885 [OBSTACLES] cur_s=9.92 cur_d=0.18 vs=2.12 n=0 [none]
1786789915.385 [OBSTACLES] cur_s=10.92 cur_d=0.11 vs=2.21 n=0 [none]
1786789915.454 [STATIC_OT] state=RECOVERY path_exists=0 path_locked=0 path_ttl_ok=0 path_safe=0 on_spline=0 speed=2.25 raw_wpnts=0 raw_age=-s decision=TRAILING reason=NO_STATIC_PATH
1786789915.464 [STATE_CHANGE] RECOVERY -> TRAILING src=RECOVERY s=11.01 d=0.11 vs=2.25
1786789915.693 [STATIC_OT] state=TRAILING path_exists=0 path_locked=0 path_ttl_ok=0 path_safe=0 on_spline=0 speed=2.54 raw_wpnts=0 raw_age=-s decision=TRAILING reason=NO_STATIC_PATH
1786789915.901 [OBSTACLES] cur_s=12.25 cur_d=0.28 vs=2.32 n=2 [id=1 static=1 gap=1.49m d=-0.20 size=0.28; id=2 static=1 gap=4.36m d=-0.26 size=0.28]
1786789915.935 [STATIC_OT] state=TRAILING path_exists=1 path_locked=0 path_ttl_ok=1 path_safe=0 on_spline=1 speed=2.32 raw_wpnts=95 raw_age=0.63s decision=TRAILING reason=PATH_BLOCKED blocked_obs_id=2 gap=4.5m free_dist=-0.023m branch=static/geom
1786789916.166 [STATIC_OT] state=TRAILING path_exists=1 path_locked=0 path_ttl_ok=1 path_safe=0 on_spline=1 speed=1.66 raw_wpnts=87 raw_age=0.63s decision=TRAILING reason=PATH_BLOCKED blocked_obs_id=2 gap=3.81m free_dist=-0.089m branch=static/geom
1786789916.391 [STATIC_OT] state=TRAILING path_exists=1 path_locked=0 path_ttl_ok=1 path_safe=0 on_spline=1 speed=1.11 raw_wpnts=81 raw_age=0.61s decision=TRAILING reason=PATH_BLOCKED blocked_obs_id=2 gap=3.55m free_dist=-0.038m branch=static/geom
1786789916.518 [OBSTACLES] cur_s=13.33 cur_d=0.17 vs=0.79 n=2 [id=1 static=1 gap=0.42m d=-0.20 size=0.32; id=2 static=1 gap=3.26m d=-0.31 size=0.44]
1786789916.646 [STATIC_OT] state=TRAILING path_exists=1 path_locked=0 path_ttl_ok=1 path_safe=0 on_spline=1 speed=0.54 raw_wpnts=81 raw_age=0.66s decision=TRAILING reason=PATH_BLOCKED blocked_obs_id=2 gap=3.44m free_dist=-0.026m branch=static/geom
1786789916.878 [STATIC_OT] state=TRAILING path_exists=1 path_locked=0 path_ttl_ok=1 path_safe=0 on_spline=1 speed=0.26 raw_wpnts=81 raw_age=0.63s decision=TRAILING reason=PATH_BLOCKED blocked_obs_id=2 gap=3.39m free_dist=-0.037m branch=static/geom
1786789917.024 [OBSTACLES] cur_s=13.46 cur_d=0.10 vs=0.00 n=2 [id=1 static=1 gap=0.29m d=-0.19 size=0.35; id=2 static=1 gap=3.16m d=-0.32 size=0.44]
1786789917.163 [STATIC_OT] state=TRAILING path_exists=1 path_locked=0 path_ttl_ok=1 path_safe=0 on_spline=1 speed=0.00 raw_wpnts=81 raw_age=0.65s decision=TRAILING reason=PATH_BLOCKED blocked_obs_id=2 gap=3.38m free_dist=-0.04m branch=static/geom
1786789917.385 [STATIC_OT] state=TRAILING path_exists=1 path_locked=0 path_ttl_ok=1 path_safe=0 on_spline=1 speed=0.00 raw_wpnts=81 raw_age=0.71s decision=TRAILING reason=PATH_BLOCKED blocked_obs_id=2 gap=3.39m free_dist=-0.023m branch=static/geom
1786789917.563 [OBSTACLES] cur_s=13.47 cur_d=0.10 vs=0.00 n=2 [id=1 static=1 gap=0.31m d=-0.19 size=0.31; id=2 static=1 gap=3.18m d=-0.33 size=0.43]
1786789917.650 [STATIC_OT] state=TRAILING path_exists=1 path_locked=0 path_ttl_ok=1 path_safe=0 on_spline=1 speed=0.00 raw_wpnts=81 raw_age=0.55s decision=TRAILING reason=PATH_BLOCKED blocked_obs_id=2 gap=3.4m free_dist=-0.026m branch=static/geom
1786789917.862 [STATIC_OT] state=TRAILING path_exists=1 path_locked=0 path_ttl_ok=1 path_safe=0 on_spline=1 speed=0.00 raw_wpnts=81 raw_age=0.41s decision=TRAILING reason=PATH_BLOCKED blocked_obs_id=2 gap=3.4m free_dist=-0.016m branch=static/geom
1786789918.069 [STATIC_OT] state=TRAILING path_exists=1 path_locked=0 path_ttl_ok=1 path_safe=0 on_spline=1 speed=0.00 raw_wpnts=81 raw_age=0.46s decision=TRAILING reason=PATH_BLOCKED blocked_obs_id=2 gap=3.41m free_dist=-0.014m branch=static/geom
1786789918.121 [OBSTACLES] cur_s=13.47 cur_d=0.10 vs=0.00 n=2 [id=1 static=1 gap=0.32m d=-0.18 size=0.30; id=2 static=1 gap=3.20m d=-0.33 size=0.42]
1786789918.338 [STATIC_OT] state=TRAILING path_exists=1 path_locked=0 path_ttl_ok=1 path_safe=0 on_spline=1 speed=0.00 raw_wpnts=81 raw_age=0.54s decision=TRAILING reason=PATH_BLOCKED blocked_obs_id=2 gap=3.41m free_dist=-0.007m branch=static/geom
1786789918.629 [OBSTACLES] cur_s=13.47 cur_d=0.10 vs=0.00 n=2 [id=1 static=1 gap=0.32m d=-0.18 size=0.29; id=2 static=1 gap=3.22m d=-0.34 size=0.39]
1786789918.658 [STATIC_OT] state=TRAILING path_exists=1 path_locked=0 path_ttl_ok=1 path_safe=0 on_spline=1 speed=0.00 raw_wpnts=81 raw_age=0.54s decision=TRAILING reason=PATH_BLOCKED blocked_obs_id=2 gap=3.42m free_dist=-0.002m branch=static/geom
1786789918.988 [STATIC_OT] state=TRAILING path_exists=1 path_locked=0 path_ttl_ok=1 path_safe=0 on_spline=1 speed=0.00 raw_wpnts=81 raw_age=0.57s decision=TRAILING reason=PATH_BLOCKED blocked_obs_id=2 gap=3.42m free_dist=-0.012m branch=static/geom
1786789919.205 [OBSTACLES] cur_s=13.47 cur_d=0.10 vs=0.00 n=2 [id=1 static=1 gap=0.32m d=-0.18 size=0.29; id=2 static=1 gap=3.22m d=-0.34 size=0.39]
1786789919.209 [STATIC_OT] state=TRAILING path_exists=1 path_locked=0 path_ttl_ok=1 path_safe=0 on_spline=1 speed=0.00 raw_wpnts=81 raw_age=0.59s decision=TRAILING reason=PATH_BLOCKED blocked_obs_id=2 gap=3.42m free_dist=-0.002m branch=static/geom
1786789919.431 [STATIC_OT] state=TRAILING path_exists=1 path_locked=0 path_ttl_ok=1 path_safe=0 on_spline=1 speed=0.00 raw_wpnts=81 raw_age=0.64s decision=TRAILING reason=PATH_BLOCKED blocked_obs_id=2 gap=3.42m free_dist=-0.013m branch=static/geom
1786789919.773 [OBSTACLES] cur_s=13.47 cur_d=0.10 vs=0.00 n=2 [id=1 static=1 gap=0.31m d=-0.18 size=0.32; id=2 static=1 gap=3.22m d=-0.34 size=0.40]
1786789919.785 [STATIC_OT] state=TRAILING path_exists=1 path_locked=0 path_ttl_ok=1 path_safe=0 on_spline=1 speed=0.00 raw_wpnts=81 raw_age=0.56s decision=TRAILING reason=PATH_BLOCKED blocked_obs_id=2 gap=3.42m free_dist=-0.002m branch=static/geom
1786789919.995 [STATIC_OT] state=TRAILING path_exists=1 path_locked=0 path_ttl_ok=1 path_safe=0 on_spline=1 speed=0.00 raw_wpnts=81 raw_age=0.55s decision=TRAILING reason=PATH_BLOCKED blocked_obs_id=2 gap=3.42m free_dist=-0.006m branch=static/geom
1786789920.234 [STATIC_OT] state=TRAILING path_exists=1 path_locked=0 path_ttl_ok=1 path_safe=0 on_spline=1 speed=0.00 raw_wpnts=81 raw_age=0.63s decision=TRAILING reason=PATH_BLOCKED blocked_obs_id=2 gap=3.43m free_dist=-0.009m branch=static/geom
1786789920.321 [OBSTACLES] cur_s=13.47 cur_d=0.10 vs=0.00 n=2 [id=1 static=1 gap=0.32m d=-0.18 size=0.30; id=2 static=1 gap=3.22m d=-0.34 size=0.41]
1786789920.499 [STATIC_OT] state=TRAILING path_exists=1 path_locked=0 path_ttl_ok=1 path_safe=0 on_spline=1 speed=0.00 raw_wpnts=81 raw_age=0.61s decision=TRAILING reason=PATH_BLOCKED blocked_obs_id=2 gap=3.43m free_dist=-0.008m branch=static/geom
1786789920.723 [STATIC_OT] state=TRAILING path_exists=1 path_locked=0 path_ttl_ok=1 path_safe=0 on_spline=1 speed=0.00 raw_wpnts=81 raw_age=0.55s decision=TRAILING reason=PATH_BLOCKED blocked_obs_id=2 gap=3.43m free_dist=-0.003m branch=static/geom
1786789920.825 [OBSTACLES] cur_s=13.47 cur_d=0.10 vs=0.00 n=2 [id=1 static=1 gap=0.31m d=-0.18 size=0.32; id=2 static=1 gap=3.22m d=-0.34 size=0.41]
1786789921.049 [STATIC_OT] state=TRAILING path_exists=1 path_locked=0 path_ttl_ok=1 path_safe=0 on_spline=1 speed=0.00 raw_wpnts=81 raw_age=0.63s decision=TRAILING reason=PATH_BLOCKED blocked_obs_id=2 gap=3.43m free_dist=-0.016m branch=static/geom
1786789921.328 [OBSTACLES] cur_s=13.47 cur_d=0.10 vs=0.00 n=2 [id=1 static=1 gap=0.33m d=-0.18 size=0.29; id=2 static=1 gap=3.23m d=-0.34 size=0.41]
1786789921.339 [STATIC_OT] state=TRAILING path_exists=1 path_locked=0 path_ttl_ok=1 path_safe=0 on_spline=1 speed=0.00 raw_wpnts=81 raw_age=0.79s decision=TRAILING reason=PATH_BLOCKED blocked_obs_id=2 gap=3.43m free_dist=-0.003m branch=static/geom
1786789921.623 [STATIC_OT] state=TRAILING path_exists=1 path_locked=0 path_ttl_ok=1 path_safe=0 on_spline=1 speed=0.00 raw_wpnts=81 raw_age=0.75s decision=TRAILING reason=PATH_BLOCKED blocked_obs_id=2 gap=3.43m free_dist=-0.007m branch=static/geom
1786789921.836 [OBSTACLES] cur_s=13.47 cur_d=0.10 vs=0.00 n=2 [id=1 static=1 gap=0.32m d=-0.18 size=0.31; id=2 static=1 gap=3.22m d=-0.35 size=0.42]
1786789921.848 [STATIC_OT] state=TRAILING path_exists=1 path_locked=0 path_ttl_ok=1 path_safe=0 on_spline=1 speed=0.00 raw_wpnts=81 raw_age=0.61s decision=TRAILING reason=PATH_BLOCKED blocked_obs_id=2 gap=3.43m free_dist=-0.01m branch=static/geom
1786789922.057 [STATIC_OT] state=TRAILING path_exists=1 path_locked=0 path_ttl_ok=1 path_safe=0 on_spline=1 speed=0.00 raw_wpnts=81 raw_age=0.54s decision=TRAILING reason=PATH_BLOCKED blocked_obs_id=2 gap=3.43m free_dist=0.002m branch=static/geom
1786789922.311 [STATIC_OT] state=TRAILING path_exists=1 path_locked=0 path_ttl_ok=1 path_safe=0 on_spline=1 speed=0.00 raw_wpnts=81 raw_age=0.68s decision=TRAILING reason=PATH_BLOCKED blocked_obs_id=2 gap=3.43m free_dist=-0.003m branch=static/geom
1786789922.384 [OBSTACLES] cur_s=13.47 cur_d=0.10 vs=0.00 n=2 [id=1 static=1 gap=0.33m d=-0.18 size=0.29; id=2 static=1 gap=3.22m d=-0.35 size=0.41]
1786789922.562 [STATIC_OT] state=TRAILING path_exists=1 path_locked=0 path_ttl_ok=1 path_safe=0 on_spline=1 speed=0.00 raw_wpnts=81 raw_age=0.73s decision=TRAILING reason=PATH_BLOCKED blocked_obs_id=2 gap=3.43m free_dist=0.003m branch=static/geom
1786789922.839 [STATIC_OT] state=TRAILING path_exists=1 path_locked=0 path_ttl_ok=1 path_safe=0 on_spline=1 speed=0.00 raw_wpnts=81 raw_age=0.71s decision=TRAILING reason=PATH_BLOCKED blocked_obs_id=2 gap=3.43m free_dist=-0.007m branch=static/geom
1786789922.968 [OBSTACLES] cur_s=13.46 cur_d=0.11 vs=0.00 n=2 [id=1 static=1 gap=0.34m d=-0.18 size=0.29; id=2 static=1 gap=3.23m d=-0.35 size=0.41]
1786789923.137 [STATIC_OT] state=TRAILING path_exists=1 path_locked=0 path_ttl_ok=1 path_safe=0 on_spline=1 speed=0.00 raw_wpnts=81 raw_age=0.56s decision=TRAILING reason=PATH_BLOCKED blocked_obs_id=2 gap=3.44m free_dist=-0.001m branch=static/geom
1786789923.365 [STATIC_OT] state=TRAILING path_exists=1 path_locked=0 path_ttl_ok=1 path_safe=0 on_spline=1 speed=0.00 raw_wpnts=81 raw_age=0.49s decision=TRAILING reason=PATH_BLOCKED blocked_obs_id=2 gap=3.44m free_dist=-0.016m branch=static/geom
1786789923.488 [OBSTACLES] cur_s=13.46 cur_d=0.13 vs=0.00 n=1 [id=2 static=1 gap=3.22m d=-0.34 size=0.43]
1786789923.628 [STATE_CHANGE] TRAILING -> RECOVERY src=RECOVERY s=13.46 d=0.13 vs=0.00
1786789923.718 [STATE_CHANGE] RECOVERY -> LOSTLINE src=GB_TRACK s=13.47 d=0.13 vs=0.17
1786789923.801 [STATE_CHANGE] LOSTLINE -> GB_TRACK src=GB_TRACK s=13.47 d=0.12 vs=0.14
1786789924.038 [OBSTACLES] cur_s=13.53 cur_d=0.11 vs=0.68 n=0 [none]
1786789924.112 [STATIC_OT] state=GB_TRACK path_exists=1 path_locked=0 path_ttl_ok=0 path_safe=0 on_spline=1 speed=0.74 raw_wpnts=0 raw_age=-s decision=TRAILING reason=NO_STATIC_PATH
1786789924.113 [STATE_CHANGE] GB_TRACK -> TRAILING src=GB_TRACK s=13.55 d=0.10 vs=0.74
1786789924.390 [STATIC_OT] state=TRAILING path_exists=1 path_locked=0 path_ttl_ok=0 path_safe=0 on_spline=1 speed=2.89 raw_wpnts=0 raw_age=-s decision=TRAILING reason=NO_STATIC_PATH
1786789924.584 [OBSTACLES] cur_s=14.85 cur_d=0.01 vs=2.58 n=1 [id=3 static=1 gap=1.94m d=-0.21 size=0.33]
1786789924.589 [STATIC_OT_TRANSITION] first_valid_path_to_overtake_ms=0.0
1786789924.591 [STATIC_OT] state=TRAILING path_exists=1 path_locked=0 path_ttl_ok=1 path_safe=1 on_spline=1 speed=2.58 raw_wpnts=90 raw_age=0.70s decision=OVERTAKE
1786789924.591 [STATE_CHANGE] TRAILING -> OVERTAKE src=OVERTAKE s=14.85 d=0.01 vs=2.58
1786789925.093 [OBSTACLES] cur_s=15.84 cur_d=0.03 vs=2.29 n=1 [id=3 static=1 gap=0.92m d=-0.21 size=0.41]
1786789925.650 [OBSTACLES] cur_s=17.20 cur_d=0.26 vs=2.66 n=0 [none]
1786789926.253 [OBSTACLES] cur_s=18.65 cur_d=0.12 vs=3.24 n=0 [none]
1786789926.823 [OBSTACLES] cur_s=20.70 cur_d=0.19 vs=3.43 n=0 [none]
1786789927.224 [STATE_CHANGE] OVERTAKE -> LOSTLINE src=GB_TRACK s=22.37 d=-0.16 vs=3.40
1786789927.308 [STATE_CHANGE] LOSTLINE -> GB_TRACK src=GB_TRACK s=22.63 d=-0.20 vs=3.42
1786789927.398 [OBSTACLES] cur_s=23.00 cur_d=-0.22 vs=3.44 n=0 [none]
1786789927.969 [OBSTACLES] cur_s=24.62 cur_d=0.02 vs=3.39 n=0 [none]
1786789928.478 [OBSTACLES] cur_s=26.40 cur_d=0.04 vs=3.42 n=0 [none]
1786789929.022 [OBSTACLES] cur_s=28.16 cur_d=0.16 vs=3.36 n=0 [none]
1786789929.540 [OBSTACLES] cur_s=30.10 cur_d=0.20 vs=3.44 n=0 [none]
1786789930.124 [OBSTACLES] cur_s=32.16 cur_d=0.28 vs=3.38 n=0 [none]
1786789930.191 [STATE_CHANGE] GB_TRACK -> LOSTLINE src=GB_TRACK s=32.45 d=0.31 vs=3.36
1786789930.619 [STATE_CHANGE] LOSTLINE -> GB_TRACK src=GB_TRACK s=34.36 d=0.28 vs=3.37
1786789930.708 [OBSTACLES] cur_s=34.46 cur_d=0.25 vs=3.39 n=1 [id=4 static=1 gap=7.91m d=0.42 size=0.25]
1786789930.712 [STATIC_OT] state=GB_TRACK path_exists=0 path_locked=0 path_ttl_ok=0 path_safe=0 on_spline=0 speed=3.39 raw_wpnts=0 raw_age=-s decision=TRAILING reason=NO_STATIC_PATH
1786789930.712 [STATE_CHANGE] GB_TRACK -> TRAILING src=GB_TRACK s=34.46 d=0.25 vs=3.39
1786789930.928 [STATIC_OT] state=TRAILING path_exists=0 path_locked=0 path_ttl_ok=0 path_safe=0 on_spline=0 speed=3.43 raw_wpnts=0 raw_age=-s decision=TRAILING reason=NO_STATIC_PATH
1786789931.217 [OBSTACLES] cur_s=1.63 cur_d=0.28 vs=2.87 n=1 [id=4 static=1 gap=6.16m d=0.34 size=0.33]
1786789931.221 [STATIC_OT] state=TRAILING path_exists=0 path_locked=0 path_ttl_ok=0 path_safe=0 on_spline=0 speed=2.87 raw_wpnts=0 raw_age=-s decision=TRAILING reason=NO_STATIC_PATH
1786789931.468 [STATIC_OT] state=TRAILING path_exists=0 path_locked=0 path_ttl_ok=0 path_safe=0 on_spline=0 speed=2.08 raw_wpnts=0 raw_age=-s decision=TRAILING reason=NO_STATIC_PATH
1786789931.701 [STATIC_OT] state=TRAILING path_exists=0 path_locked=0 path_ttl_ok=0 path_safe=0 on_spline=0 speed=1.76 raw_wpnts=0 raw_age=-s decision=TRAILING reason=NO_STATIC_PATH
1786789931.797 [OBSTACLES] cur_s=2.75 cur_d=0.19 vs=1.46 n=1 [id=4 static=1 gap=5.09m d=0.37 size=0.32]
1786789931.982 [STATIC_OT] state=TRAILING path_exists=0 path_locked=0 path_ttl_ok=0 path_safe=0 on_spline=0 speed=1.47 raw_wpnts=0 raw_age=-s decision=TRAILING reason=NO_STATIC_PATH
1786789932.101 [STATE_CHANGE] TRAILING -> OVERTAKE src=OVERTAKE s=3.13 d=0.08 vs=1.34
1786789932.398 [OBSTACLES] cur_s=3.60 cur_d=0.09 vs=1.37 n=1 [id=4 static=1 gap=4.23m d=0.39 size=0.32]
1786789932.900 [OBSTACLES] cur_s=4.86 cur_d=0.19 vs=2.92 n=1 [id=4 static=1 gap=3.00m d=0.39 size=0.27]
1786789933.507 [OBSTACLES] cur_s=6.64 cur_d=-0.10 vs=3.32 n=1 [id=4 static=1 gap=1.24m d=0.39 size=0.25]
1786789934.035 [OBSTACLES] cur_s=8.25 cur_d=-0.09 vs=3.34 n=0 [none]
1786789934.612 [OBSTACLES] cur_s=10.29 cur_d=0.13 vs=2.73 n=0 [none]
1786789935.113 [OBSTACLES] cur_s=11.48 cur_d=-0.01 vs=2.39 n=0 [none]
1786789935.217 [STATIC_OT] state=OVERTAKE path_exists=1 path_locked=1 path_ttl_ok=0 path_safe=0 on_spline=1 speed=2.39 raw_wpnts=0 raw_age=-s decision=TRAILING reason=NO_STATIC_PATH
1786789935.218 [STATE_CHANGE] OVERTAKE -> TRAILING src=GB_TRACK s=11.60 d=0.01 vs=2.39
1786789935.445 [STATIC_OT] state=TRAILING path_exists=0 path_locked=0 path_ttl_ok=0 path_safe=0 on_spline=0 speed=2.58 raw_wpnts=0 raw_age=-s decision=TRAILING reason=NO_STATIC_PATH
1786789935.610 [STATE_CHANGE] TRAILING -> OVERTAKE src=OVERTAKE s=12.60 d=0.31 vs=2.39
1786789935.752 [OBSTACLES] cur_s=12.91 cur_d=0.32 vs=2.18 n=1 [id=5 static=1 gap=3.63m d=-0.38 size=0.43]
1786789936.292 [OBSTACLES] cur_s=14.15 cur_d=-0.06 vs=3.18 n=1 [id=5 static=1 gap=2.49m d=-0.37 size=0.35]
1786789936.445 [STATIC_OT] state=OVERTAKE path_exists=1 path_locked=1 path_ttl_ok=1 path_safe=0 on_spline=1 speed=3.25 raw_wpnts=94 raw_age=0.65s decision=TRAILING reason=PATH_BLOCKED blocked_obs_id=5 gap=2.19m free_dist=0.084m branch=static/geom
1786789936.446 [STATE_CHANGE] OVERTAKE -> TRAILING src=GB_TRACK s=14.65 d=-0.09 vs=3.25
1786789936.535 [STATE_CHANGE] TRAILING -> OVERTAKE src=OVERTAKE s=14.83 d=-0.09 vs=3.01
1786789936.608 [STATE_CHANGE] OVERTAKE -> TRAILING src=GB_TRACK s=15.07 d=-0.06 vs=2.90
1786789936.688 [STATIC_OT] state=TRAILING path_exists=1 path_locked=0 path_ttl_ok=1 path_safe=1 on_spline=1 speed=2.70 raw_wpnts=92 raw_age=0.77s decision=OVERTAKE
1786789936.688 [STATE_CHANGE] TRAILING -> OVERTAKE src=OVERTAKE s=15.31 d=-0.01 vs=2.70
1786789936.829 [OBSTACLES] cur_s=15.75 cur_d=0.11 vs=2.34 n=1 [id=5 static=1 gap=0.87m d=-0.33 size=0.45]
1786789937.420 [OBSTACLES] cur_s=17.22 cur_d=0.18 vs=2.67 n=0 [none]
1786789937.980 [OBSTACLES] cur_s=19.11 cur_d=0.26 vs=3.40 n=0 [none]
1786789938.513 [OBSTACLES] cur_s=20.99 cur_d=0.01 vs=3.40 n=0 [none]
1786789938.852 [STATE_CHANGE] OVERTAKE -> RECOVERY src=RECOVERY s=22.02 d=-0.17 vs=3.44
1786789939.034 [OBSTACLES] cur_s=22.44 cur_d=-0.17 vs=3.44 n=0 [none]
1786789939.547 [OBSTACLES] cur_s=24.04 cur_d=-0.10 vs=3.44 n=0 [none]
1786789939.722 [STATE_CHANGE] RECOVERY -> GB_TRACK src=GB_TRACK s=25.01 d=-0.04 vs=3.44
1786789940.053 [OBSTACLES] cur_s=25.85 cur_d=0.00 vs=3.44 n=0 [none]
1786789940.642 [OBSTACLES] cur_s=27.84 cur_d=0.17 vs=3.43 n=0 [none]
1786789941.153 [OBSTACLES] cur_s=29.66 cur_d=0.19 vs=3.43 n=0 [none]
1786789941.660 [OBSTACLES] cur_s=31.33 cur_d=0.28 vs=3.41 n=0 [none]
1786789941.708 [STATE_CHANGE] GB_TRACK -> LOSTLINE src=GB_TRACK s=31.51 d=0.29 vs=3.41
1786789942.065 [STATE_CHANGE] LOSTLINE -> GB_TRACK src=GB_TRACK s=33.16 d=0.26 vs=3.27
1786789942.250 [OBSTACLES] cur_s=33.89 cur_d=0.18 vs=3.27 n=0 [none]
1786789942.383 [STATIC_OT] state=GB_TRACK path_exists=0 path_locked=0 path_ttl_ok=0 path_safe=0 on_spline=0 speed=3.36 raw_wpnts=0 raw_age=-s decision=TRAILING reason=NO_STATIC_PATH
1786789942.383 [STATE_CHANGE] GB_TRACK -> TRAILING src=GB_TRACK s=34.29 d=0.15 vs=3.36
1786789942.597 [STATIC_OT] state=TRAILING path_exists=0 path_locked=0 path_ttl_ok=0 path_safe=0 on_spline=0 speed=3.40 raw_wpnts=0 raw_age=-s decision=TRAILING reason=NO_STATIC_PATH
1786789942.768 [OBSTACLES] cur_s=1.11 cur_d=0.16 vs=2.95 n=1 [id=6 static=1 gap=6.59m d=-0.09 size=0.28]
1786789942.853 [STATIC_OT] state=TRAILING path_exists=0 path_locked=0 path_ttl_ok=0 path_safe=0 on_spline=0 speed=2.81 raw_wpnts=0 raw_age=-s decision=TRAILING reason=NO_STATIC_PATH
1786789943.055 [STATIC_OT] state=TRAILING path_exists=0 path_locked=0 path_ttl_ok=0 path_safe=0 on_spline=0 speed=2.44 raw_wpnts=0 raw_age=-s decision=TRAILING reason=NO_STATIC_PATH
1786789943.301 [OBSTACLES] cur_s=1.94 cur_d=0.21 vs=2.10 n=2 [id=6 static=1 gap=5.64m d=-0.08 size=0.33; id=8 static=1 gap=6.15m d=0.83 size=0.18]
1786789943.316 [STATIC_OT] state=TRAILING path_exists=0 path_locked=0 path_ttl_ok=0 path_safe=0 on_spline=0 speed=2.10 raw_wpnts=0 raw_age=-s decision=TRAILING reason=NO_STATIC_PATH
1786789943.588 [STATIC_OT] state=TRAILING path_exists=0 path_locked=0 path_ttl_ok=0 path_safe=0 on_spline=0 speed=1.83 raw_wpnts=0 raw_age=-s decision=TRAILING reason=NO_STATIC_PATH
1786789943.856 [OBSTACLES] cur_s=2.76 cur_d=-0.00 vs=1.44 n=0 [none]
1786789943.856 [STATE_CHANGE] TRAILING -> GB_TRACK src=GB_TRACK s=2.76 d=-0.00 vs=1.44
1786789943.952 [STATIC_OT] state=GB_TRACK path_exists=1 path_locked=0 path_ttl_ok=1 path_safe=1 on_spline=1 speed=1.31 raw_wpnts=115 raw_age=0.64s decision=OVERTAKE
1786789943.953 [STATE_CHANGE] GB_TRACK -> OVERTAKE src=OVERTAKE s=2.90 d=-0.01 vs=1.31
1786789944.369 [OBSTACLES] cur_s=3.38 cur_d=0.05 vs=1.86 n=1 [id=6 static=1 gap=3.92m d=-0.05 size=0.28]
1786789944.892 [OBSTACLES] cur_s=4.86 cur_d=0.07 vs=3.39 n=1 [id=6 static=1 gap=2.42m d=0.01 size=0.28]
1786789945.472 [OBSTACLES] cur_s=6.85 cur_d=0.19 vs=2.66 n=1 [id=6 static=1 gap=0.40m d=0.01 size=0.29]
1786789946.057 [OBSTACLES] cur_s=8.56 cur_d=-0.07 vs=2.77 n=0 [none]
1786789946.573 [OBSTACLES] cur_s=10.09 cur_d=0.05 vs=2.87 n=0 [none]
1786789947.075 [OBSTACLES] cur_s=11.44 cur_d=0.07 vs=2.39 n=0 [none]
1786789947.171 [STATIC_OT] state=OVERTAKE path_exists=1 path_locked=1 path_ttl_ok=0 path_safe=0 on_spline=1 speed=2.30 raw_wpnts=0 raw_age=-s decision=TRAILING reason=NO_STATIC_PATH
1786789947.173 [STATE_CHANGE] OVERTAKE -> TRAILING src=GB_TRACK s=11.62 d=0.05 vs=2.30
1786789947.442 [STATIC_OT] state=TRAILING path_exists=0 path_locked=0 path_ttl_ok=0 path_safe=0 on_spline=0 speed=2.69 raw_wpnts=0 raw_age=-s decision=TRAILING reason=NO_STATIC_PATH
1786789947.662 [OBSTACLES] cur_s=12.96 cur_d=0.20 vs=2.37 n=1 [id=9 static=1 gap=3.60m d=-0.31 size=0.38]
1786789947.668 [STATIC_OT] state=TRAILING path_exists=0 path_locked=0 path_ttl_ok=0 path_safe=0 on_spline=0 speed=2.37 raw_wpnts=0 raw_age=-s decision=TRAILING reason=NO_STATIC_PATH
1786789947.948 [STATIC_OT] state=TRAILING path_exists=1 path_locked=0 path_ttl_ok=1 path_safe=0 on_spline=1 speed=1.90 raw_wpnts=115 raw_age=0.95s decision=TRAILING reason=PATH_BLOCKED blocked_obs_id=9 gap=3.41m free_dist=0.094m branch=static/geom
1786789948.133 [STATE_CHANGE] TRAILING -> OVERTAKE src=OVERTAKE s=13.67 d=0.15 vs=1.39
1786789948.213 [OBSTACLES] cur_s=13.79 cur_d=0.09 vs=1.03 n=1 [id=9 static=1 gap=2.83m d=-0.32 size=0.37]
1786789948.266 [STATIC_OT] state=OVERTAKE path_exists=1 path_locked=1 path_ttl_ok=1 path_safe=1 on_spline=1 speed=0.84 raw_wpnts=99 raw_age=0.63s decision=OVERTAKE
1786789948.771 [OBSTACLES] cur_s=14.29 cur_d=-0.00 vs=2.02 n=1 [id=9 static=1 gap=2.42m d=-0.29 size=0.32]
1786789949.282 [OBSTACLES] cur_s=15.63 cur_d=0.25 vs=2.55 n=1 [id=9 static=1 gap=1.06m d=-0.27 size=0.38]
1786789949.833 [OBSTACLES] cur_s=17.15 cur_d=0.21 vs=2.81 n=0 [none]
1786789950.404 [OBSTACLES] cur_s=18.94 cur_d=0.29 vs=3.42 n=0 [none]
1786789950.946 [OBSTACLES] cur_s=20.51 cur_d=0.03 vs=3.42 n=0 [none]
1786789951.366 [STATE_CHANGE] OVERTAKE -> LOSTLINE src=GB_TRACK s=22.38 d=-0.13 vs=3.44
1786789951.505 [OBSTACLES] cur_s=22.91 cur_d=-0.12 vs=3.44 n=0 [none]
1786789951.505 [STATE_CHANGE] LOSTLINE -> GB_TRACK src=GB_TRACK s=22.91 d=-0.12 vs=3.44
1786789952.034 [OBSTACLES] cur_s=24.46 cur_d=-0.08 vs=3.44 n=0 [none]
1786789952.535 [OBSTACLES] cur_s=26.54 cur_d=0.05 vs=3.43 n=0 [none]
1786789953.063 [OBSTACLES] cur_s=28.19 cur_d=0.21 vs=3.44 n=0 [none]
1786789953.603 [OBSTACLES] cur_s=30.11 cur_d=0.15 vs=3.42 n=0 [none]
1786789954.022 [STATE_CHANGE] GB_TRACK -> LOSTLINE src=GB_TRACK s=31.77 d=0.33 vs=3.41
1786789954.113 [OBSTACLES] cur_s=32.08 cur_d=0.35 vs=3.42 n=0 [none]
1786789954.347 [STATE_CHANGE] LOSTLINE -> RECOVERY src=RECOVERY s=32.66 d=0.33 vs=3.34
1786789954.690 [OBSTACLES] cur_s=33.90 cur_d=0.12 vs=2.85 n=1 [id=11 static=1 gap=8.75m d=-0.13 size=0.23]
1786789954.697 [STATIC_OT] state=RECOVERY path_exists=0 path_locked=0 path_ttl_ok=0 path_safe=0 on_spline=0 speed=2.85 raw_wpnts=0 raw_age=-s decision=TRAILING reason=NO_STATIC_PATH
1786789954.697 [STATE_CHANGE] RECOVERY -> TRAILING src=RECOVERY s=33.90 d=0.12 vs=2.85
1786789954.906 [STATIC_OT] state=TRAILING path_exists=0 path_locked=0 path_ttl_ok=0 path_safe=0 on_spline=0 speed=2.69 raw_wpnts=0 raw_age=-s decision=TRAILING reason=NO_STATIC_PATH
1786789955.185 [STATIC_OT] state=TRAILING path_exists=0 path_locked=0 path_ttl_ok=0 path_safe=0 on_spline=0 speed=3.18 raw_wpnts=0 raw_age=-s decision=TRAILING reason=NO_STATIC_PATH
1786789955.277 [OBSTACLES] cur_s=1.17 cur_d=0.24 vs=3.32 n=1 [id=11 static=1 gap=6.93m d=-0.20 size=0.23]
1786789955.409 [STATIC_OT] state=TRAILING path_exists=0 path_locked=0 path_ttl_ok=0 path_safe=0 on_spline=0 speed=3.20 raw_wpnts=0 raw_age=-s decision=TRAILING reason=NO_STATIC_PATH
1786789955.618 [STATIC_OT] state=TRAILING path_exists=0 path_locked=0 path_ttl_ok=0 path_safe=0 on_spline=0 speed=2.84 raw_wpnts=0 raw_age=-s decision=TRAILING reason=NO_STATIC_PATH
1786789955.824 [OBSTACLES] cur_s=2.73 cur_d=0.15 vs=2.21 n=1 [id=11 static=1 gap=5.37m d=-0.18 size=0.29]
1786789955.826 [STATIC_OT] state=TRAILING path_exists=0 path_locked=0 path_ttl_ok=0 path_safe=0 on_spline=0 speed=2.21 raw_wpnts=0 raw_age=-s decision=TRAILING reason=NO_STATIC_PATH
1786789956.110 [STATIC_OT] state=TRAILING path_exists=0 path_locked=0 path_ttl_ok=0 path_safe=0 on_spline=0 speed=1.60 raw_wpnts=0 raw_age=-s decision=TRAILING reason=NO_STATIC_PATH
1786789956.339 [OBSTACLES] cur_s=3.53 cur_d=0.02 vs=1.38 n=1 [id=11 static=1 gap=4.59m d=-0.18 size=0.27]
1786789956.343 [STATIC_OT] state=TRAILING path_exists=1 path_locked=0 path_ttl_ok=1 path_safe=1 on_spline=1 speed=1.38 raw_wpnts=123 raw_age=0.82s decision=OVERTAKE
1786789956.350 [STATE_CHANGE] TRAILING -> OVERTAKE src=OVERTAKE s=3.53 d=0.02 vs=1.38
1786789956.870 [OBSTACLES] cur_s=4.33 cur_d=0.08 vs=2.26 n=1 [id=11 static=1 gap=3.78m d=-0.19 size=0.28]
1786789957.436 [OBSTACLES] cur_s=5.94 cur_d=0.19 vs=3.42 n=1 [id=11 static=1 gap=2.17m d=-0.19 size=0.27]
1786789958.009 [OBSTACLES] cur_s=7.73 cur_d=0.09 vs=3.02 n=1 [id=11 static=1 gap=0.33m d=-0.19 size=0.35]
1786789958.599 [OBSTACLES] cur_s=9.65 cur_d=0.02 vs=2.99 n=0 [none]
1786789959.372 [OBSTACLES] cur_s=11.63 cur_d=0.17 vs=2.51 n=1 [id=12 static=1 gap=4.89m d=-0.41 size=0.31]
1786789959.385 [STATIC_OT] state=OVERTAKE path_exists=1 path_locked=1 path_ttl_ok=0 path_safe=0 on_spline=1 speed=2.51 raw_wpnts=0 raw_age=-s decision=TRAILING reason=NO_STATIC_PATH
1786789959.396 [STATE_CHANGE] OVERTAKE -> TRAILING src=GB_TRACK s=11.63 d=0.17 vs=2.51
1786789959.636 [STATIC_OT] state=TRAILING path_exists=0 path_locked=0 path_ttl_ok=0 path_safe=0 on_spline=0 speed=2.65 raw_wpnts=0 raw_age=-s decision=TRAILING reason=NO_STATIC_PATH
1786789959.840 [STATIC_OT] state=TRAILING path_exists=0 path_locked=0 path_ttl_ok=0 path_safe=0 on_spline=0 speed=2.50 raw_wpnts=0 raw_age=-s decision=TRAILING reason=NO_STATIC_PATH
1786789959.961 [OBSTACLES] cur_s=13.30 cur_d=0.31 vs=2.36 n=1 [id=12 static=1 gap=3.23m d=-0.38 size=0.43]
1786789960.120 [STATIC_OT] state=TRAILING path_exists=1 path_locked=0 path_ttl_ok=1 path_safe=0 on_spline=1 speed=1.91 raw_wpnts=119 raw_age=0.74s decision=TRAILING reason=PATH_BLOCKED blocked_obs_id=12 gap=3.1m free_dist=0.098m branch=static/geom
1786789960.327 [STATIC_OT] state=TRAILING path_exists=1 path_locked=0 path_ttl_ok=1 path_safe=0 on_spline=1 speed=1.24 raw_wpnts=104 raw_age=0.75s decision=TRAILING reason=PATH_BLOCKED blocked_obs_id=12 gap=2.73m free_dist=0.06m branch=static/geom
1786789960.598 [OBSTACLES] cur_s=14.27 cur_d=0.00 vs=0.69 n=1 [id=12 static=1 gap=2.32m d=-0.34 size=0.44]
1786789960.621 [STATIC_OT] state=TRAILING path_exists=1 path_locked=0 path_ttl_ok=1 path_safe=0 on_spline=1 speed=0.69 raw_wpnts=95 raw_age=0.74s decision=TRAILING reason=PATH_BLOCKED blocked_obs_id=12 gap=2.54m free_dist=0.093m branch=static/geom
1786789960.761 [STATE_CHANGE] TRAILING -> OVERTAKE src=OVERTAKE s=14.32 d=0.01 vs=0.51
1786789960.873 [STATIC_OT] state=OVERTAKE path_exists=1 path_locked=1 path_ttl_ok=1 path_safe=1 on_spline=1 speed=0.28 raw_wpnts=83 raw_age=0.64s decision=OVERTAKE
1786789961.121 [OBSTACLES] cur_s=14.37 cur_d=0.03 vs=0.00 n=1 [id=12 static=1 gap=2.27m d=-0.32 size=0.44]
1786789961.650 [OBSTACLES] cur_s=15.00 cur_d=0.12 vs=2.45 n=1 [id=12 static=1 gap=1.69m d=-0.30 size=0.38]
1786789962.186 [OBSTACLES] cur_s=16.76 cur_d=0.22 vs=2.70 n=0 [none]
1786789962.780 [OBSTACLES] cur_s=18.39 cur_d=0.26 vs=3.15 n=0 [none]
1786789963.341 [OBSTACLES] cur_s=20.34 cur_d=0.10 vs=3.33 n=0 [none]
1786789963.682 [STATE_CHANGE] OVERTAKE -> LOSTLINE src=GB_TRACK s=21.79 d=-0.23 vs=3.44
1786789963.778 [STATE_CHANGE] LOSTLINE -> GB_TRACK src=GB_TRACK s=22.20 d=-0.21 vs=3.43
1786789963.844 [OBSTACLES] cur_s=22.34 cur_d=-0.19 vs=3.42 n=0 [none]
1786789964.413 [OBSTACLES] cur_s=24.22 cur_d=-0.05 vs=3.44 n=0 [none]
1786789964.943 [OBSTACLES] cur_s=25.42 cur_d=-0.11 vs=3.44 n=0 [none]
1786789965.364 [STATE_CHANGE] GB_TRACK -> LOSTLINE src=GB_TRACK s=27.26 d=0.31 vs=3.43
1786789965.446 [OBSTACLES] cur_s=27.47 cur_d=0.32 vs=3.44 n=0 [none]
1786789965.881 [STATE_CHANGE] LOSTLINE -> GB_TRACK src=GB_TRACK s=29.00 d=0.01 vs=3.22
1786789965.973 [OBSTACLES] cur_s=29.17 cur_d=-0.02 vs=3.24 n=0 [none]
1786789966.528 [OBSTACLES] cur_s=30.91 cur_d=-0.02 vs=3.35 n=0 [none]
1786789967.096 [OBSTACLES] cur_s=32.71 cur_d=0.29 vs=3.31 n=0 [none]
1786789967.457 [STATIC_OT] state=GB_TRACK path_exists=0 path_locked=0 path_ttl_ok=0 path_safe=0 on_spline=0 speed=3.29 raw_wpnts=0 raw_age=-s decision=TRAILING reason=NO_STATIC_PATH
1786789967.458 [STATE_CHANGE] GB_TRACK -> TRAILING src=GB_TRACK s=33.88 d=0.19 vs=3.29
1786789967.705 [OBSTACLES] cur_s=0.44 cur_d=0.11 vs=3.35 n=1 [id=13 static=1 gap=7.70m d=-0.20 size=0.18]
1786789967.713 [STATIC_OT] state=TRAILING path_exists=0 path_locked=0 path_ttl_ok=0 path_safe=0 on_spline=0 speed=3.35 raw_wpnts=0 raw_age=-s decision=TRAILING reason=NO_STATIC_PATH
1786789967.943 [STATIC_OT] state=TRAILING path_exists=0 path_locked=0 path_ttl_ok=0 path_safe=0 on_spline=0 speed=2.99 raw_wpnts=0 raw_age=-s decision=TRAILING reason=NO_STATIC_PATH
1786789968.177 [STATIC_OT] state=TRAILING path_exists=0 path_locked=0 path_ttl_ok=0 path_safe=0 on_spline=0 speed=2.56 raw_wpnts=0 raw_age=-s decision=TRAILING reason=NO_STATIC_PATH
1786789968.297 [OBSTACLES] cur_s=1.90 cur_d=0.15 vs=2.25 n=1 [id=13 static=1 gap=6.17m d=-0.23 size=0.18]
1786789968.422 [STATIC_OT] state=TRAILING path_exists=0 path_locked=0 path_ttl_ok=0 path_safe=0 on_spline=0 speed=2.16 raw_wpnts=0 raw_age=-s decision=TRAILING reason=NO_STATIC_PATH
1786789968.629 [STATIC_OT] state=TRAILING path_exists=0 path_locked=0 path_ttl_ok=0 path_safe=0 on_spline=0 speed=1.90 raw_wpnts=0 raw_age=-s decision=TRAILING reason=NO_STATIC_PATH
1786789968.843 [OBSTACLES] cur_s=2.93 cur_d=0.04 vs=1.70 n=1 [id=13 static=1 gap=4.98m d=-0.22 size=0.20]
1786789968.853 [STATIC_OT] state=TRAILING path_exists=0 path_locked=0 path_ttl_ok=0 path_safe=0 on_spline=0 speed=1.70 raw_wpnts=0 raw_age=-s decision=TRAILING reason=NO_STATIC_PATH
1786789969.087 [STATIC_OT] state=TRAILING path_exists=0 path_locked=0 path_ttl_ok=0 path_safe=0 on_spline=0 speed=1.46 raw_wpnts=0 raw_age=-s decision=TRAILING reason=NO_STATIC_PATH
1786789969.161 [STATE_CHANGE] TRAILING -> OVERTAKE src=OVERTAKE s=3.22 d=0.03 vs=1.39
1786789969.431 [OBSTACLES] cur_s=3.59 cur_d=0.04 vs=1.26 n=1 [id=13 static=1 gap=4.25m d=-0.23 size=0.21]
1786789969.948 [OBSTACLES] cur_s=4.78 cur_d=0.06 vs=3.28 n=1 [id=13 static=1 gap=3.04m d=-0.23 size=0.15]
1786789970.475 [OBSTACLES] cur_s=6.87 cur_d=0.03 vs=3.44 n=1 [id=13 static=1 gap=0.91m d=-0.24 size=0.17]
1786789970.990 [OBSTACLES] cur_s=8.49 cur_d=-0.01 vs=3.41 n=0 [none]
1786789971.509 [OBSTACLES] cur_s=10.06 cur_d=-0.01 vs=2.89 n=0 [none]
1786789972.035 [OBSTACLES] cur_s=11.68 cur_d=0.17 vs=2.49 n=1 [id=14 static=1 gap=2.13m d=-0.22 size=0.26]
1786789972.040 [STATIC_OT] state=OVERTAKE path_exists=1 path_locked=1 path_ttl_ok=0 path_safe=0 on_spline=1 speed=2.49 raw_wpnts=0 raw_age=-s decision=TRAILING reason=NO_STATIC_PATH
1786789972.046 [STATE_CHANGE] OVERTAKE -> TRAILING src=GB_TRACK s=11.68 d=0.17 vs=2.49
1786789972.360 [STATIC_OT] state=TRAILING path_exists=1 path_locked=0 path_ttl_ok=1 path_safe=0 on_spline=1 speed=2.53 raw_wpnts=85 raw_age=0.47s decision=TRAILING reason=PATH_BLOCKED blocked_obs_id=15 gap=4.14m free_dist=0.051m branch=static/geom
1786789972.583 [OBSTACLES] cur_s=13.24 cur_d=0.32 vs=2.13 n=2 [id=14 static=1 gap=0.55m d=-0.22 size=0.26; id=15 static=1 gap=3.25m d=-0.37 size=0.44]
1786789972.599 [STATIC_OT] state=TRAILING path_exists=1 path_locked=0 path_ttl_ok=1 path_safe=0 on_spline=1 speed=2.13 raw_wpnts=84 raw_age=0.60s decision=TRAILING reason=PATH_BLOCKED blocked_obs_id=15 gap=3.47m free_dist=0.006m branch=static/geom
1786789972.866 [STATIC_OT] state=TRAILING path_exists=1 path_locked=0 path_ttl_ok=1 path_safe=0 on_spline=1 speed=1.55 raw_wpnts=81 raw_age=0.68s decision=TRAILING reason=PATH_BLOCKED blocked_obs_id=15 gap=3.11m free_dist=0.003m branch=static/geom
1786789973.135 [OBSTACLES] cur_s=13.89 cur_d=0.03 vs=0.72 n=1 [id=15 static=1 gap=2.71m d=-0.36 size=0.33]
1786789973.151 [STATIC_OT] state=TRAILING path_exists=1 path_locked=0 path_ttl_ok=1 path_safe=0 on_spline=1 speed=0.72 raw_wpnts=81 raw_age=0.73s decision=TRAILING reason=PATH_BLOCKED blocked_obs_id=15 gap=2.88m free_dist=0.047m branch=static/geom
1786789973.407 [STATIC_OT] state=TRAILING path_exists=1 path_locked=0 path_ttl_ok=1 path_safe=0 on_spline=1 speed=0.11 raw_wpnts=81 raw_age=0.65s decision=TRAILING reason=PATH_BLOCKED blocked_obs_id=15 gap=2.84m free_dist=0.033m branch=static/geom
1786789973.651 [STATIC_OT] state=TRAILING path_exists=1 path_locked=0 path_ttl_ok=0 path_safe=0 on_spline=1 speed=0.26 raw_wpnts=0 raw_age=-s decision=TRAILING reason=NO_STATIC_PATH
1786789973.763 [OBSTACLES] cur_s=13.99 cur_d=0.01 vs=0.00 n=1 [id=15 static=1 gap=2.68m d=-0.33 size=0.34]
1786789973.897 [STATIC_OT] state=TRAILING path_exists=1 path_locked=0 path_ttl_ok=0 path_safe=0 on_spline=1 speed=0.00 raw_wpnts=0 raw_age=-s decision=TRAILING reason=NO_STATIC_PATH
1786789974.056 [STATE_CHANGE] TRAILING -> OVERTAKE src=OVERTAKE s=14.04 d=0.02 vs=0.00
1786789974.313 [OBSTACLES] cur_s=14.05 cur_d=0.01 vs=0.00 n=1 [id=15 static=1 gap=2.61m d=-0.32 size=0.39]
1786789974.897 [OBSTACLES] cur_s=14.63 cur_d=0.07 vs=2.20 n=1 [id=15 static=1 gap=2.11m d=-0.29 size=0.28]
1786789975.412 [OBSTACLES] cur_s=15.97 cur_d=0.22 vs=2.55 n=1 [id=15 static=1 gap=0.72m d=-0.27 size=0.39]
1786789975.949 [OBSTACLES] cur_s=17.74 cur_d=0.28 vs=2.82 n=0 [none]
1786789976.459 [OBSTACLES] cur_s=19.29 cur_d=0.27 vs=3.42 n=0 [none]
1786789977.079 [OBSTACLES] cur_s=21.10 cur_d=0.02 vs=3.41 n=0 [none]
1786789977.299 [STATE_CHANGE] OVERTAKE -> LOSTLINE src=GB_TRACK s=21.96 d=-0.08 vs=3.42
1786789977.397 [STATE_CHANGE] LOSTLINE -> GB_TRACK src=GB_TRACK s=22.32 d=-0.12 vs=3.43
1786789977.659 [OBSTACLES] cur_s=23.13 cur_d=-0.15 vs=3.44 n=0 [none]
1786789978.237 [OBSTACLES] cur_s=25.47 cur_d=-0.07 vs=3.44 n=0 [none]
1786789978.794 [OBSTACLES] cur_s=26.93 cur_d=-0.02 vs=3.42 n=0 [none]
1786789979.120 [STATE_CHANGE] GB_TRACK -> LOSTLINE src=GB_TRACK s=28.01 d=0.33 vs=3.42
1786789979.300 [OBSTACLES] cur_s=28.85 cur_d=0.35 vs=3.43 n=0 [none]
1786789979.378 [STATE_CHANGE] LOSTLINE -> GB_TRACK src=GB_TRACK s=29.29 d=0.28 vs=3.36
1786789979.833 [OBSTACLES] cur_s=30.76 cur_d=-0.00 vs=3.40 n=0 [none]
1786789980.335 [OBSTACLES] cur_s=32.47 cur_d=0.21 vs=3.29 n=0 [none]
1786789980.495 [STATE_CHANGE] GB_TRACK -> LOSTLINE src=GB_TRACK s=33.11 d=0.29 vs=3.28
1786789980.866 [OBSTACLES] cur_s=34.36 cur_d=0.25 vs=3.38 n=1 [id=18 static=1 gap=8.32m d=-0.17 size=0.23]
1786789980.876 [STATIC_OT] state=GB_TRACK path_exists=0 path_locked=0 path_ttl_ok=0 path_safe=0 on_spline=0 speed=3.38 raw_wpnts=0 raw_age=-s decision=TRAILING reason=NO_STATIC_PATH
1786789980.876 [STATE_CHANGE] LOSTLINE -> TRAILING src=GB_TRACK s=34.36 d=0.25 vs=3.38
1786789981.085 [STATIC_OT] state=TRAILING path_exists=0 path_locked=0 path_ttl_ok=0 path_safe=0 on_spline=0 speed=3.42 raw_wpnts=0 raw_age=-s decision=TRAILING reason=NO_STATIC_PATH
1786789981.300 [STATIC_OT] state=TRAILING path_exists=0 path_locked=0 path_ttl_ok=0 path_safe=0 on_spline=0 speed=3.02 raw_wpnts=0 raw_age=-s decision=TRAILING reason=NO_STATIC_PATH
1786789981.394 [OBSTACLES] cur_s=1.42 cur_d=0.18 vs=2.85 n=1 [id=18 static=1 gap=6.72m d=-0.17 size=0.27]
1786789981.651 [STATIC_OT] state=TRAILING path_exists=0 path_locked=0 path_ttl_ok=0 path_safe=0 on_spline=0 speed=2.30 raw_wpnts=0 raw_age=-s decision=TRAILING reason=NO_STATIC_PATH
1786789981.915 [OBSTACLES] cur_s=2.62 cur_d=0.19 vs=1.95 n=1 [id=18 static=1 gap=5.51m d=-0.19 size=0.30]
1786789981.926 [STATIC_OT] state=TRAILING path_exists=0 path_locked=0 path_ttl_ok=0 path_safe=0 on_spline=0 speed=1.95 raw_wpnts=0 raw_age=-s decision=TRAILING reason=NO_STATIC_PATH
1786789982.185 [STATIC_OT] state=TRAILING path_exists=0 path_locked=0 path_ttl_ok=0 path_safe=0 on_spline=0 speed=1.63 raw_wpnts=0 raw_age=-s decision=TRAILING reason=NO_STATIC_PATH
1786789982.414 [STATIC_OT] state=TRAILING path_exists=0 path_locked=0 path_ttl_ok=0 path_safe=0 on_spline=0 speed=1.42 raw_wpnts=0 raw_age=-s decision=TRAILING reason=NO_STATIC_PATH
1786789982.512 [OBSTACLES] cur_s=3.61 cur_d=0.01 vs=1.40 n=1 [id=18 static=1 gap=4.53m d=-0.17 size=0.26]
1786789982.628 [STATIC_OT] state=TRAILING path_exists=0 path_locked=0 path_ttl_ok=0 path_safe=0 on_spline=0 speed=1.29 raw_wpnts=0 raw_age=-s decision=TRAILING reason=NO_STATIC_PATH
1786789982.695 [STATE_CHANGE] TRAILING -> OVERTAKE src=OVERTAKE s=3.83 d=0.05 vs=1.26
1786789983.084 [OBSTACLES] cur_s=4.13 cur_d=0.08 vs=1.27 n=1 [id=18 static=1 gap=4.00m d=-0.18 size=0.28]
1786789983.600 [OBSTACLES] cur_s=5.41 cur_d=0.04 vs=3.26 n=1 [id=18 static=1 gap=2.73m d=-0.18 size=0.27]
1786789984.199 [OBSTACLES] cur_s=7.47 cur_d=0.15 vs=3.13 n=1 [id=18 static=1 gap=0.60m d=-0.19 size=0.38]
1786789984.739 [OBSTACLES] cur_s=8.83 cur_d=-0.04 vs=2.95 n=0 [none]
1786789985.267 [OBSTACLES] cur_s=10.59 cur_d=0.13 vs=2.66 n=0 [none]
1786789985.782 [OBSTACLES] cur_s=11.88 cur_d=0.07 vs=2.52 n=1 [id=20 static=1 gap=4.73m d=-0.32 size=0.28]
1786789985.794 [STATIC_OT] state=OVERTAKE path_exists=1 path_locked=1 path_ttl_ok=0 path_safe=0 on_spline=1 speed=2.52 raw_wpnts=0 raw_age=-s decision=TRAILING reason=NO_STATIC_PATH
1786789985.796 [STATE_CHANGE] OVERTAKE -> TRAILING src=RECOVERY s=11.88 d=0.07 vs=2.52
1786789986.039 [STATIC_OT] state=TRAILING path_exists=0 path_locked=0 path_ttl_ok=0 path_safe=0 on_spline=0 speed=2.72 raw_wpnts=0 raw_age=-s decision=TRAILING reason=NO_STATIC_PATH
1786789986.204 [STATE_CHANGE] TRAILING -> OVERTAKE src=OVERTAKE s=13.03 d=0.17 vs=2.70
1786789986.291 [OBSTACLES] cur_s=13.35 cur_d=0.21 vs=2.48 n=1 [id=20 static=1 gap=3.16m d=-0.33 size=0.40]
1786789986.312 [STATIC_OT] state=OVERTAKE path_exists=1 path_locked=1 path_ttl_ok=1 path_safe=1 on_spline=1 speed=2.48 raw_wpnts=113 raw_age=0.67s decision=OVERTAKE
1786789986.396 [STATE_CHANGE] OVERTAKE -> TRAILING src=GB_TRACK s=13.59 d=0.21 vs=2.29
1786789986.611 [STATIC_OT] state=TRAILING path_exists=1 path_locked=0 path_ttl_ok=1 path_safe=0 on_spline=1 speed=2.37 raw_wpnts=117 raw_age=0.80s decision=TRAILING reason=PATH_BLOCKED blocked_obs_id=20 gap=2.91m free_dist=0.098m branch=static/geom
1786789986.721 [STATE_CHANGE] TRAILING -> OVERTAKE src=OVERTAKE s=14.19 d=0.14 vs=2.95
1786789986.846 [OBSTACLES] cur_s=14.46 cur_d=0.07 vs=2.79 n=1 [id=20 static=1 gap=2.13m d=-0.31 size=0.35]
1786789986.960 [STATIC_OT] state=OVERTAKE path_exists=1 path_locked=1 path_ttl_ok=0 path_safe=0 on_spline=1 speed=2.57 raw_wpnts=0 raw_age=-s decision=TRAILING reason=NO_STATIC_PATH
1786789986.960 [STATE_CHANGE] OVERTAKE -> TRAILING src=GB_TRACK s=14.75 d=-0.03 vs=2.57
1786789987.086 [STATE_CHANGE] TRAILING -> OVERTAKE src=OVERTAKE s=15.18 d=-0.11 vs=2.47
1786789987.394 [OBSTACLES] cur_s=15.89 cur_d=-0.03 vs=2.08 n=1 [id=20 static=1 gap=0.73m d=-0.27 size=0.44]
1786789987.926 [OBSTACLES] cur_s=17.00 cur_d=0.24 vs=2.45 n=0 [none]
1786789988.470 [OBSTACLES] cur_s=18.70 cur_d=-0.04 vs=3.14 n=0 [none]
1786789989.002 [OBSTACLES] cur_s=20.21 cur_d=0.10 vs=3.41 n=0 [none]
1786789989.577 [OBSTACLES] cur_s=22.06 cur_d=-0.12 vs=3.39 n=0 [none]
1786789989.771 [STATE_CHANGE] OVERTAKE -> LOSTLINE src=GB_TRACK s=23.24 d=-0.22 vs=3.43
1786789989.862 [STATE_CHANGE] LOSTLINE -> GB_TRACK src=GB_TRACK s=23.54 d=-0.20 vs=3.42
1786789990.105 [OBSTACLES] cur_s=23.97 cur_d=-0.14 vs=3.39 n=0 [none]
1786789990.649 [OBSTACLES] cur_s=25.64 cur_d=0.09 vs=3.45 n=0 [none]
1786789991.161 [OBSTACLES] cur_s=27.66 cur_d=0.03 vs=3.41 n=0 [none]
1786789991.710 [OBSTACLES] cur_s=29.54 cur_d=0.23 vs=3.44 n=0 [none]
1786789992.261 [OBSTACLES] cur_s=31.53 cur_d=0.19 vs=3.42 n=0 [none]
1786789992.686 [STATE_CHANGE] GB_TRACK -> LOSTLINE src=GB_TRACK s=32.88 d=0.30 vs=3.31
1786789992.792 [OBSTACLES] cur_s=33.34 cur_d=0.33 vs=3.30 n=0 [none]
1786789992.952 [STATE_CHANGE] LOSTLINE -> RECOVERY src=RECOVERY s=34.00 d=0.36 vs=3.33
1786789993.051 [STATIC_OT] state=RECOVERY path_exists=0 path_locked=0 path_ttl_ok=0 path_safe=0 on_spline=0 speed=3.36 raw_wpnts=0 raw_age=-s decision=TRAILING reason=NO_STATIC_PATH
1786789993.052 [STATE_CHANGE] RECOVERY -> TRAILING src=RECOVERY s=34.37 d=0.33 vs=3.36
1786789993.281 [STATIC_OT] state=TRAILING path_exists=0 path_locked=0 path_ttl_ok=0 path_safe=0 on_spline=0 speed=3.42 raw_wpnts=0 raw_age=-s decision=TRAILING reason=NO_STATIC_PATH
1786789993.344 [OBSTACLES] cur_s=1.15 cur_d=0.24 vs=3.17 n=1 [id=23 static=1 gap=2.81m d=0.43 size=0.27]
1786789993.543 [STATIC_OT] state=TRAILING path_exists=0 path_locked=0 path_ttl_ok=0 path_safe=0 on_spline=0 speed=2.93 raw_wpnts=0 raw_age=-s decision=TRAILING reason=NO_STATIC_PATH
1786789993.706 [STATE_CHANGE] TRAILING -> OVERTAKE src=OVERTAKE s=1.97 d=0.32 vs=2.65
1786789993.975 [OBSTACLES] cur_s=2.57 cur_d=0.29 vs=2.00 n=1 [id=23 static=1 gap=1.41m d=0.42 size=0.26]
1786789994.589 [OBSTACLES] cur_s=4.58 cur_d=-0.15 vs=3.42 n=0 [none]
1786789995.125 [OBSTACLES] cur_s=5.93 cur_d=-0.02 vs=3.44 n=0 [none]
1786789995.668 [OBSTACLES] cur_s=7.95 cur_d=-0.11 vs=3.46 n=0 [none]
1786789996.184 [OBSTACLES] cur_s=9.75 cur_d=0.03 vs=3.10 n=0 [none]
1786789996.413 [STATE_CHANGE] OVERTAKE -> RECOVERY src=RECOVERY s=10.22 d=0.08 vs=2.80
1786789996.684 [OBSTACLES] cur_s=10.89 cur_d=0.08 vs=2.49 n=0 [none]
1786789996.971 [STATIC_OT] state=RECOVERY path_exists=0 path_locked=0 path_ttl_ok=0 path_safe=0 on_spline=0 speed=2.36 raw_wpnts=0 raw_age=-s decision=TRAILING reason=NO_STATIC_PATH
1786789996.981 [STATE_CHANGE] RECOVERY -> TRAILING src=RECOVERY s=11.57 d=0.07 vs=2.36
1786789997.200 [OBSTACLES] cur_s=12.17 cur_d=0.20 vs=2.56 n=1 [id=24 static=1 gap=4.37m d=-0.36 size=0.31]
1786789997.204 [STATIC_OT] state=TRAILING path_exists=0 path_locked=0 path_ttl_ok=0 path_safe=0 on_spline=0 speed=2.56 raw_wpnts=0 raw_age=-s decision=TRAILING reason=NO_STATIC_PATH
1786789997.406 [STATIC_OT] state=TRAILING path_exists=0 path_locked=0 path_ttl_ok=0 path_safe=0 on_spline=0 speed=2.39 raw_wpnts=0 raw_age=-s decision=TRAILING reason=NO_STATIC_PATH
1786789997.495 [STATE_CHANGE] TRAILING -> OVERTAKE src=OVERTAKE s=12.77 d=0.36 vs=2.37
1786789997.758 [OBSTACLES] cur_s=13.42 cur_d=0.23 vs=1.47 n=1 [id=24 static=1 gap=3.08m d=-0.38 size=0.41]
1786789998.080 [STATIC_OT] state=OVERTAKE path_exists=1 path_locked=1 path_ttl_ok=1 path_safe=1 on_spline=1 speed=2.31 raw_wpnts=106 raw_age=0.86s decision=OVERTAKE
1786789998.325 [OBSTACLES] cur_s=14.47 cur_d=-0.12 vs=2.81 n=1 [id=24 static=1 gap=2.16m d=-0.35 size=0.28]
1786789998.874 [OBSTACLES] cur_s=15.97 cur_d=0.32 vs=2.19 n=1 [id=24 static=1 gap=0.60m d=-0.35 size=0.39]
1786789999.389 [OBSTACLES] cur_s=17.72 cur_d=0.00 vs=2.75 n=0 [none]
1786789999.926 [OBSTACLES] cur_s=18.90 cur_d=0.15 vs=3.38 n=0 [none]
1786790000.527 [OBSTACLES] cur_s=21.20 cur_d=-0.05 vs=3.40 n=0 [none]
1786790000.844 [STATE_CHANGE] OVERTAKE -> LOSTLINE src=GB_TRACK s=22.19 d=-0.24 vs=3.44
1786790000.880 [STATE_CHANGE] LOSTLINE -> GB_TRACK src=GB_TRACK s=22.26 d=-0.24 vs=3.44
1786790001.149 [OBSTACLES] cur_s=23.14 cur_d=-0.21 vs=3.42 n=0 [none]
1786790001.669 [OBSTACLES] cur_s=24.72 cur_d=-0.02 vs=3.44 n=0 [none]
1786790002.191 [OBSTACLES] cur_s=26.50 cur_d=0.04 vs=3.45 n=0 [none]
1786790002.708 [OBSTACLES] cur_s=28.39 cur_d=0.22 vs=3.43 n=0 [none]
1786790003.253 [OBSTACLES] cur_s=30.31 cur_d=0.17 vs=3.43 n=0 [none]
1786790003.682 [STATE_CHANGE] GB_TRACK -> LOSTLINE src=GB_TRACK s=32.05 d=0.30 vs=3.41
1786790003.764 [OBSTACLES] cur_s=32.22 cur_d=0.31 vs=3.40 n=0 [none]
1786790004.144 [STATE_CHANGE] LOSTLINE -> GB_TRACK src=GB_TRACK s=33.87 d=0.23 vs=3.33
1786790004.296 [OBSTACLES] cur_s=34.33 cur_d=0.20 vs=3.40 n=1 [id=26 static=1 gap=4.14m d=0.47 size=0.25]
1786790004.728 [STATIC_OT] state=GB_TRACK path_exists=0 path_locked=0 path_ttl_ok=0 path_safe=0 on_spline=0 speed=3.41 raw_wpnts=0 raw_age=-s decision=TRAILING reason=NO_STATIC_PATH
1786790004.728 [STATE_CHANGE] GB_TRACK -> TRAILING src=GB_TRACK s=0.98 d=0.17 vs=3.41
1786790004.814 [OBSTACLES] cur_s=1.34 cur_d=0.22 vs=3.41 n=2 [id=26 static=1 gap=2.56m d=0.43 size=0.29; id=27 static=1 gap=13.55m d=0.05 size=0.24]
1786790004.943 [STATIC_OT] state=TRAILING path_exists=0 path_locked=0 path_ttl_ok=0 path_safe=0 on_spline=0 speed=3.43 raw_wpnts=0 raw_age=-s decision=TRAILING reason=NO_STATIC_PATH
1786790005.105 [STATE_CHANGE] TRAILING -> OVERTAKE src=OVERTAKE s=2.31 d=0.29 vs=3.43
1786790005.489 [OBSTACLES] cur_s=3.52 cur_d=0.04 vs=2.82 n=1 [id=26 static=1 gap=0.40m d=0.43 size=0.24]
1786790006.043 [OBSTACLES] cur_s=5.45 cur_d=-0.02 vs=3.42 n=0 [none]
1786790006.548 [OBSTACLES] cur_s=6.61 cur_d=0.05 vs=3.41 n=0 [none]
1786790007.089 [OBSTACLES] cur_s=8.56 cur_d=-0.14 vs=3.44 n=0 [none]
1786790007.607 [OBSTACLES] cur_s=10.35 cur_d=0.15 vs=2.82 n=0 [none]
1786790007.607 [STATE_CHANGE] OVERTAKE -> LOSTLINE src=GB_TRACK s=10.35 d=0.15 vs=2.82
1786790007.676 [STATE_CHANGE] LOSTLINE -> GB_TRACK src=GB_TRACK s=10.52 d=0.15 vs=2.69
1786790008.145 [OBSTACLES] cur_s=11.61 cur_d=-0.05 vs=2.40 n=1 [id=28 static=1 gap=2.44m d=-0.26 size=0.24]
1786790008.158 [STATIC_OT] state=GB_TRACK path_exists=0 path_locked=0 path_ttl_ok=0 path_safe=0 on_spline=0 speed=2.40 raw_wpnts=0 raw_age=-s decision=TRAILING reason=NO_STATIC_PATH
1786790008.159 [STATE_CHANGE] GB_TRACK -> TRAILING src=GB_TRACK s=11.61 d=-0.05 vs=2.40
1786790008.370 [STATIC_OT] state=TRAILING path_exists=0 path_locked=0 path_ttl_ok=0 path_safe=0 on_spline=0 speed=2.60 raw_wpnts=0 raw_age=-s decision=TRAILING reason=NO_STATIC_PATH
1786790008.592 [STATE_CHANGE] TRAILING -> LOSTLINE src=GB_TRACK s=12.79 d=0.14 vs=2.41
1786790008.743 [OBSTACLES] cur_s=13.24 cur_d=0.22 vs=1.97 n=0 [none]
1786790008.743 [STATE_CHANGE] LOSTLINE -> GB_TRACK src=GB_TRACK s=13.24 d=0.22 vs=1.97
1786790009.214 [STATIC_OT] state=GB_TRACK path_exists=0 path_locked=0 path_ttl_ok=0 path_safe=0 on_spline=0 speed=2.80 raw_wpnts=0 raw_age=-s decision=TRAILING reason=NO_STATIC_PATH
1786790009.214 [STATE_CHANGE] GB_TRACK -> TRAILING src=GB_TRACK s=13.99 d=0.03 vs=2.80
1786790009.317 [OBSTACLES] cur_s=14.36 cur_d=-0.11 vs=2.83 n=0 [none]
1786790009.317 [STATE_CHANGE] TRAILING -> LOSTLINE src=GB_TRACK s=14.36 d=-0.11 vs=2.83
1786790009.420 [STATE_CHANGE] LOSTLINE -> GB_TRACK src=GB_TRACK s=14.73 d=-0.18 vs=2.74
1786790009.824 [OBSTACLES] cur_s=15.60 cur_d=-0.06 vs=2.46 n=0 [none]
1786790010.383 [OBSTACLES] cur_s=17.18 cur_d=0.15 vs=2.64 n=0 [none]
1786790010.888 [OBSTACLES] cur_s=18.36 cur_d=-0.00 vs=3.22 n=0 [none]
1786790011.441 [OBSTACLES] cur_s=20.27 cur_d=0.21 vs=3.32 n=0 [none]
1786790011.983 [OBSTACLES] cur_s=22.05 cur_d=-0.15 vs=3.39 n=0 [none]
1786790012.499 [OBSTACLES] cur_s=23.72 cur_d=-0.15 vs=3.37 n=0 [none]
1786790013.001 [OBSTACLES] cur_s=25.49 cur_d=0.10 vs=3.43 n=0 [none]
1786790013.523 [OBSTACLES] cur_s=26.86 cur_d=-0.03 vs=3.43 n=0 [none]
1786790014.070 [OBSTACLES] cur_s=28.99 cur_d=0.25 vs=3.45 n=0 [none]
1786790014.594 [OBSTACLES] cur_s=30.63 cur_d=0.11 vs=3.42 n=0 [none]
1786790015.192 [OBSTACLES] cur_s=33.08 cur_d=0.34 vs=3.29 n=0 [none]
1786790015.201 [STATE_CHANGE] GB_TRACK -> LOSTLINE src=GB_TRACK s=33.08 d=0.34 vs=3.29
1786790015.564 [STATE_CHANGE] LOSTLINE -> GB_TRACK src=GB_TRACK s=0.19 d=0.23 vs=3.42
1786790015.680 [STATIC_OT] state=GB_TRACK path_exists=0 path_locked=0 path_ttl_ok=0 path_safe=0 on_spline=0 speed=3.45 raw_wpnts=0 raw_age=-s decision=TRAILING reason=NO_STATIC_PATH
1786790015.680 [STATE_CHANGE] GB_TRACK -> TRAILING src=GB_TRACK s=0.45 d=0.17 vs=3.45
1786790015.752 [OBSTACLES] cur_s=0.70 cur_d=0.16 vs=3.45 n=2 [id=30 static=1 gap=3.23m d=0.44 size=0.25; id=31 static=1 gap=5.32m d=-0.14 size=0.26]
1786790016.115 [STATIC_OT] state=TRAILING path_exists=1 path_locked=0 path_ttl_ok=1 path_safe=0 on_spline=1 speed=3.14 raw_wpnts=110 raw_age=0.62s decision=TRAILING reason=PATH_BLOCKED blocked_obs_id=31 gap=4.53m free_dist=-0.014m branch=static/geom
1786790016.270 [OBSTACLES] cur_s=2.26 cur_d=0.30 vs=2.77 n=2 [id=30 static=1 gap=1.63m d=0.41 size=0.27; id=31 static=1 gap=3.68m d=-0.16 size=0.29]
1786790016.352 [STATIC_OT] state=TRAILING path_exists=1 path_locked=0 path_ttl_ok=0 path_safe=0 on_spline=1 speed=2.57 raw_wpnts=0 raw_age=-s decision=TRAILING reason=NO_STATIC_PATH
1786790016.556 [STATIC_OT] state=TRAILING path_exists=1 path_locked=0 path_ttl_ok=0 path_safe=0 on_spline=0 speed=2.04 raw_wpnts=0 raw_age=-s decision=TRAILING reason=NO_STATIC_PATH
1786790016.792 [OBSTACLES] cur_s=3.13 cur_d=0.14 vs=1.68 n=2 [id=30 static=1 gap=0.75m d=0.42 size=0.29; id=31 static=1 gap=2.84m d=-0.13 size=0.31]
1786790016.805 [STATIC_OT] state=TRAILING path_exists=1 path_locked=0 path_ttl_ok=0 path_safe=0 on_spline=0 speed=1.68 raw_wpnts=0 raw_age=-s decision=TRAILING reason=NO_STATIC_PATH
1786790017.126 [STATIC_OT] state=TRAILING path_exists=1 path_locked=0 path_ttl_ok=1 path_safe=0 on_spline=1 speed=0.60 raw_wpnts=81 raw_age=0.72s decision=TRAILING reason=PATH_BLOCKED blocked_obs_id=31 gap=2.48m free_dist=-0.152m branch=static/geom
1786790017.333 [OBSTACLES] cur_s=3.65 cur_d=0.13 vs=0.13 n=2 [id=30 static=1 gap=0.27m d=0.43 size=0.22; id=31 static=1 gap=2.37m d=-0.13 size=0.24]
1786790017.338 [STATIC_OT] state=TRAILING path_exists=1 path_locked=0 path_ttl_ok=1 path_safe=0 on_spline=1 speed=0.13 raw_wpnts=81 raw_age=0.57s decision=TRAILING reason=PATH_BLOCKED blocked_obs_id=31 gap=2.49m free_dist=-0.129m branch=static/geom
1786790017.656 [STATIC_OT] state=TRAILING path_exists=1 path_locked=0 path_ttl_ok=1 path_safe=0 on_spline=1 speed=0.00 raw_wpnts=81 raw_age=0.73s decision=TRAILING reason=PATH_BLOCKED blocked_obs_id=31 gap=2.55m free_dist=-0.142m branch=static/geom
1786790017.908 [OBSTACLES] cur_s=3.27 cur_d=0.13 vs=0.00 n=2 [id=30 static=1 gap=0.61m d=0.44 size=0.25; id=31 static=1 gap=2.71m d=-0.14 size=0.24]
1786790017.929 [STATIC_OT] state=TRAILING path_exists=1 path_locked=0 path_ttl_ok=1 path_safe=0 on_spline=1 speed=0.00 raw_wpnts=81 raw_age=0.62s decision=TRAILING reason=PATH_BLOCKED blocked_obs_id=31 gap=2.84m free_dist=-0.127m branch=static/geom
1786790018.157 [STATIC_OT] state=TRAILING path_exists=1 path_locked=0 path_ttl_ok=0 path_safe=0 on_spline=1 speed=0.00 raw_wpnts=0 raw_age=-s decision=TRAILING reason=NO_STATIC_PATH
1786790018.193 [STATE_CHANGE] TRAILING -> RECOVERY src=RECOVERY s=3.28 d=0.13 vs=0.00
1786790018.258 [STATE_CHANGE] RECOVERY -> TRAILING src=RECOVERY s=3.29 d=0.13 vs=0.00
1786790018.423 [OBSTACLES] cur_s=3.30 cur_d=0.13 vs=0.00 n=2 [id=30 static=0 gap=0.16m d=0.46 size=0.25; id=31 static=1 gap=2.26m d=-0.15 size=0.27]
1786790018.430 [STATIC_OT] state=TRAILING path_exists=1 path_locked=0 path_ttl_ok=1 path_safe=1 on_spline=1 speed=0.00 raw_wpnts=89 raw_age=0.45s decision=OVERTAKE
1786790018.432 [STATE_CHANGE] TRAILING -> OVERTAKE src=OVERTAKE s=3.30 d=0.13 vs=0.00
1786790019.024 [OBSTACLES] cur_s=3.35 cur_d=0.14 vs=0.37 n=2 [id=30 static=1 gap=0.14m d=0.48 size=0.24; id=31 static=1 gap=2.23m d=-0.15 size=0.25]
1786790019.555 [OBSTACLES] cur_s=4.45 cur_d=0.17 vs=3.21 n=1 [id=31 static=1 gap=1.11m d=-0.16 size=0.25]
1786790020.065 [OBSTACLES] cur_s=6.31 cur_d=0.10 vs=3.45 n=0 [none]
1786790020.612 [OBSTACLES] cur_s=8.21 cur_d=-0.04 vs=3.45 n=0 [none]
1786790021.130 [OBSTACLES] cur_s=9.70 cur_d=0.08 vs=3.16 n=0 [none]
1786790021.683 [OBSTACLES] cur_s=11.33 cur_d=0.07 vs=2.42 n=0 [none]
1786790021.788 [STATE_CHANGE] OVERTAKE -> LOSTLINE src=GB_TRACK s=11.62 d=0.12 vs=2.41
1786790021.876 [STATE_CHANGE] LOSTLINE -> GB_TRACK src=GB_TRACK s=11.83 d=0.15 vs=2.45
1786790022.096 [STATE_CHANGE] GB_TRACK -> LOSTLINE src=GB_TRACK s=12.51 d=0.29 vs=2.81
1786790022.220 [OBSTACLES] cur_s=13.10 cur_d=0.34 vs=3.27 n=0 [none]
1786790022.629 [STATE_CHANGE] LOSTLINE -> GB_TRACK src=GB_TRACK s=14.54 d=0.09 vs=3.06
1786790022.769 [OBSTACLES] cur_s=14.74 cur_d=0.02 vs=2.96 n=0 [none]
1786790023.279 [OBSTACLES] cur_s=15.80 cur_d=-0.18 vs=2.42 n=0 [none]
1786790023.792 [OBSTACLES] cur_s=16.97 cur_d=0.19 vs=2.40 n=0 [none]
1786790024.319 [OBSTACLES] cur_s=18.59 cur_d=0.09 vs=3.29 n=0 [none]
1786790024.841 [OBSTACLES] cur_s=20.50 cur_d=0.07 vs=3.40 n=0 [none]
1786790025.357 [OBSTACLES] cur_s=22.29 cur_d=-0.08 vs=3.37 n=0 [none]
1786790025.867 [OBSTACLES] cur_s=23.93 cur_d=-0.23 vs=3.39 n=0 [none]
1786790026.379 [OBSTACLES] cur_s=25.62 cur_d=0.08 vs=3.44 n=0 [none]
1786790026.883 [OBSTACLES] cur_s=27.23 cur_d=0.16 vs=3.43 n=0 [none]
1786790027.451 [OBSTACLES] cur_s=29.17 cur_d=0.25 vs=3.44 n=0 [none]
1786790027.952 [OBSTACLES] cur_s=30.93 cur_d=0.25 vs=3.41 n=0 [none]
1786790028.129 [STATE_CHANGE] GB_TRACK -> LOSTLINE src=GB_TRACK s=31.56 d=0.30 vs=3.40
1786790028.442 [STATE_CHANGE] LOSTLINE -> GB_TRACK src=GB_TRACK s=33.03 d=0.25 vs=3.28
1786790028.541 [OBSTACLES] cur_s=33.37 cur_d=0.24 vs=3.27 n=0 [none]
1786790028.767 [STATIC_OT] state=GB_TRACK path_exists=0 path_locked=0 path_ttl_ok=0 path_safe=0 on_spline=0 speed=3.28 raw_wpnts=0 raw_age=-s decision=TRAILING reason=NO_STATIC_PATH
1786790028.768 [STATE_CHANGE] GB_TRACK -> TRAILING src=GB_TRACK s=33.82 d=0.22 vs=3.28
1786790029.008 [STATIC_OT] state=TRAILING path_exists=0 path_locked=0 path_ttl_ok=0 path_safe=0 on_spline=0 speed=3.25 raw_wpnts=0 raw_age=-s decision=TRAILING reason=NO_STATIC_PATH
1786790029.099 [OBSTACLES] cur_s=0.72 cur_d=0.20 vs=3.10 n=2 [id=33 static=1 gap=3.17m d=0.37 size=0.27; id=34 static=1 gap=5.23m d=-0.18 size=0.22]
1786790029.228 [STATIC_OT] state=TRAILING path_exists=0 path_locked=0 path_ttl_ok=0 path_safe=0 on_spline=0 speed=3.03 raw_wpnts=0 raw_age=-s decision=TRAILING reason=NO_STATIC_PATH
1786790029.506 [STATIC_OT] state=TRAILING path_exists=1 path_locked=0 path_ttl_ok=1 path_safe=0 on_spline=1 speed=2.35 raw_wpnts=114 raw_age=0.78s decision=TRAILING reason=PATH_BLOCKED blocked_obs_id=34 gap=4.58m free_dist=-0.088m branch=static/geom
1786790029.665 [OBSTACLES] cur_s=1.65 cur_d=0.24 vs=2.01 n=2 [id=33 static=1 gap=2.11m d=0.38 size=0.28; id=34 static=1 gap=4.09m d=-0.16 size=0.31]
1786790029.774 [STATIC_OT] state=TRAILING path_exists=1 path_locked=0 path_ttl_ok=1 path_safe=0 on_spline=1 speed=1.81 raw_wpnts=100 raw_age=0.70s decision=TRAILING reason=PATH_BLOCKED blocked_obs_id=34 gap=4.09m free_dist=-0.043m branch=static/geom
1786790030.168 [OBSTACLES] cur_s=2.29 cur_d=0.08 vs=0.87 n=2 [id=33 static=0 gap=1.17m d=0.43 size=0.25; id=34 static=1 gap=3.38m d=-0.13 size=0.30]
1786790030.190 [STATIC_OT] state=TRAILING path_exists=1 path_locked=0 path_ttl_ok=1 path_safe=0 on_spline=1 speed=0.87 raw_wpnts=88 raw_age=0.85s decision=TRAILING reason=PATH_BLOCKED blocked_obs_id=34 gap=3.53m free_dist=-0.161m branch=static/geom
1786790030.570 [STATIC_OT] state=TRAILING path_exists=1 path_locked=0 path_ttl_ok=1 path_safe=1 on_spline=1 speed=0.45 raw_wpnts=92 raw_age=0.53s decision=OVERTAKE
1786790030.570 [STATE_CHANGE] TRAILING -> OVERTAKE src=OVERTAKE s=2.47 d=0.07 vs=0.45
1786790030.704 [OBSTACLES] cur_s=2.50 cur_d=0.06 vs=0.69 n=2 [id=33 static=1 gap=0.97m d=0.42 size=0.24; id=34 static=1 gap=3.15m d=-0.13 size=0.26]
1786790031.283 [OBSTACLES] cur_s=3.25 cur_d=0.06 vs=2.51 n=2 [id=33 static=1 gap=0.20m d=0.42 size=0.22; id=34 static=1 gap=2.37m d=-0.12 size=0.27]
1786790031.791 [OBSTACLES] cur_s=4.97 cur_d=0.19 vs=2.76 n=1 [id=34 static=1 gap=0.62m d=-0.11 size=0.29]
1786790032.376 [OBSTACLES] cur_s=6.38 cur_d=0.06 vs=2.87 n=0 [none]
1786790033.001 [OBSTACLES] cur_s=8.10 cur_d=-0.09 vs=3.40 n=0 [none]
1786790033.574 [OBSTACLES] cur_s=10.16 cur_d=0.10 vs=2.84 n=0 [none]
1786790033.891 [STATE_CHANGE] OVERTAKE -> LOSTLINE src=GB_TRACK s=11.09 d=0.10 vs=2.45
1786790033.985 [STATE_CHANGE] LOSTLINE -> GB_TRACK src=GB_TRACK s=11.35 d=0.06 vs=2.40
1786790034.188 [OBSTACLES] cur_s=11.73 cur_d=0.12 vs=2.44 n=0 [none]
1786790034.489 [STATE_CHANGE] GB_TRACK -> LOSTLINE src=GB_TRACK s=12.58 d=0.30 vs=2.97
1786790034.542 [STATE_CHANGE] LOSTLINE -> RECOVERY src=RECOVERY s=12.68 d=0.31 vs=3.13
1786790034.699 [OBSTACLES] cur_s=13.16 cur_d=0.32 vs=3.33 n=0 [none]
1786790035.278 [OBSTACLES] cur_s=15.26 cur_d=-0.11 vs=2.77 n=0 [none]
1786790035.509 [STATE_CHANGE] RECOVERY -> GB_TRACK src=GB_TRACK s=15.94 d=-0.02 vs=2.44
1786790035.818 [OBSTACLES] cur_s=16.58 cur_d=0.19 vs=2.27 n=0 [none]
1786790036.347 [OBSTACLES] cur_s=17.92 cur_d=0.22 vs=3.03 n=0 [none]
1786790036.885 [OBSTACLES] cur_s=19.54 cur_d=0.11 vs=3.41 n=0 [none]
1786790037.459 [OBSTACLES] cur_s=21.64 cur_d=0.07 vs=3.38 n=0 [none]
1786790038.089 [OBSTACLES] cur_s=23.44 cur_d=-0.30 vs=3.44 n=0 [none]
1786790038.089 [STATE_CHANGE] GB_TRACK -> LOSTLINE src=GB_TRACK s=23.44 d=-0.30 vs=3.44
1786790038.186 [STATE_CHANGE] LOSTLINE -> GB_TRACK src=GB_TRACK s=23.67 d=-0.27 vs=3.41
1786790038.598 [OBSTACLES] cur_s=25.21 cur_d=0.13 vs=3.43 n=0 [none]
1786790039.123 [OBSTACLES] cur_s=26.97 cur_d=-0.03 vs=3.42 n=0 [none]
1786790039.725 [OBSTACLES] cur_s=29.22 cur_d=0.19 vs=3.36 n=0 [none]
1786790040.265 [OBSTACLES] cur_s=31.34 cur_d=0.18 vs=3.43 n=0 [none]
1786790040.771 [OBSTACLES] cur_s=32.75 cur_d=0.24 vs=3.30 n=0 [none]
1786790040.857 [STATE_CHANGE] GB_TRACK -> RECOVERY src=RECOVERY s=33.41 d=0.31 vs=3.27
1786790041.094 [STATIC_OT] state=RECOVERY path_exists=0 path_locked=0 path_ttl_ok=0 path_safe=0 on_spline=0 speed=3.39 raw_wpnts=0 raw_age=-s decision=TRAILING reason=NO_STATIC_PATH
1786790041.099 [STATE_CHANGE] RECOVERY -> TRAILING src=RECOVERY s=34.15 d=0.35 vs=3.39
1786790041.322 [OBSTACLES] cur_s=0.30 cur_d=0.30 vs=3.44 n=1 [id=35 static=1 gap=3.62m d=0.39 size=0.25]
1786790041.328 [STATIC_OT] state=TRAILING path_exists=0 path_locked=0 path_ttl_ok=0 path_safe=0 on_spline=0 speed=3.44 raw_wpnts=0 raw_age=-s decision=TRAILING reason=NO_STATIC_PATH
1786790041.588 [STATIC_OT] state=TRAILING path_exists=1 path_locked=0 path_ttl_ok=1 path_safe=0 on_spline=1 speed=3.14 raw_wpnts=116 raw_age=0.63s decision=TRAILING reason=PATH_BLOCKED blocked_obs_id=36 gap=5.22m free_dist=-0.135m branch=static/geom
1786790041.828 [OBSTACLES] cur_s=1.47 cur_d=0.33 vs=2.47 n=2 [id=35 static=1 gap=2.38m d=0.40 size=0.27; id=36 static=1 gap=4.51m d=-0.15 size=0.30]
1786790041.839 [STATIC_OT] state=TRAILING path_exists=1 path_locked=0 path_ttl_ok=1 path_safe=0 on_spline=1 speed=2.47 raw_wpnts=110 raw_age=0.68s decision=TRAILING reason=PATH_BLOCKED blocked_obs_id=36 gap=4.66m free_dist=-0.164m branch=static/geom
1786790042.053 [STATIC_OT] state=TRAILING path_exists=1 path_locked=0 path_ttl_ok=0 path_safe=0 on_spline=1 speed=1.83 raw_wpnts=0 raw_age=-s decision=TRAILING reason=NO_STATIC_PATH
1786790042.296 [STATIC_OT] state=TRAILING path_exists=1 path_locked=0 path_ttl_ok=1 path_safe=0 on_spline=1 speed=1.20 raw_wpnts=88 raw_age=0.67s decision=TRAILING reason=PATH_BLOCKED blocked_obs_id=36 gap=3.61m free_dist=-0.186m branch=static/geom
1786790042.393 [OBSTACLES] cur_s=2.49 cur_d=0.22 vs=0.98 n=1 [id=36 static=1 gap=3.30m d=-0.12 size=0.38]
1786790042.526 [STATIC_OT] state=TRAILING path_exists=1 path_locked=0 path_ttl_ok=1 path_safe=0 on_spline=1 speed=0.80 raw_wpnts=81 raw_age=0.48s decision=TRAILING reason=PATH_BLOCKED blocked_obs_id=36 gap=3.41m free_dist=-0.19m branch=static/geom
1786790042.840 [STATIC_OT] state=TRAILING path_exists=1 path_locked=0 path_ttl_ok=1 path_safe=0 on_spline=1 speed=0.10 raw_wpnts=81 raw_age=0.55s decision=TRAILING reason=PATH_BLOCKED blocked_obs_id=36 gap=3.24m free_dist=-0.198m branch=static/geom
1786790042.971 [OBSTACLES] cur_s=2.72 cur_d=0.17 vs=0.35 n=2 [id=35 static=1 gap=0.74m d=0.42 size=0.26; id=36 static=1 gap=3.06m d=-0.11 size=0.30]
1786790043.077 [STATIC_OT] state=TRAILING path_exists=1 path_locked=0 path_ttl_ok=0 path_safe=0 on_spline=1 speed=0.00 raw_wpnts=0 raw_age=-s decision=TRAILING reason=NO_STATIC_PATH
1786790043.295 [STATIC_OT] state=TRAILING path_exists=1 path_locked=0 path_ttl_ok=0 path_safe=0 on_spline=1 speed=0.00 raw_wpnts=0 raw_age=-s decision=TRAILING reason=NO_STATIC_PATH
1786790043.495 [OBSTACLES] cur_s=2.83 cur_d=0.16 vs=0.24 n=2 [id=35 static=1 gap=0.63m d=0.42 size=0.23; id=36 static=1 gap=2.92m d=-0.11 size=0.30]
1786790043.500 [STATIC_OT] state=TRAILING path_exists=1 path_locked=0 path_ttl_ok=1 path_safe=0 on_spline=1 speed=0.24 raw_wpnts=81 raw_age=0.64s decision=TRAILING reason=PATH_BLOCKED blocked_obs_id=36 gap=3.08m free_dist=-0.188m branch=static/geom
1786790043.745 [STATIC_OT] state=TRAILING path_exists=1 path_locked=0 path_ttl_ok=1 path_safe=0 on_spline=1 speed=0.00 raw_wpnts=81 raw_age=0.67s decision=TRAILING reason=PATH_BLOCKED blocked_obs_id=36 gap=3.04m free_dist=-0.189m branch=static/geom
1786790044.011 [OBSTACLES] cur_s=2.87 cur_d=0.16 vs=0.00 n=2 [id=35 static=1 gap=0.57m d=0.42 size=0.23; id=36 static=1 gap=2.86m d=-0.11 size=0.29]
1786790044.026 [STATIC_OT] state=TRAILING path_exists=1 path_locked=0 path_ttl_ok=1 path_safe=0 on_spline=1 speed=0.00 raw_wpnts=81 raw_age=0.70s decision=TRAILING reason=PATH_BLOCKED blocked_obs_id=36 gap=3.0m free_dist=-0.184m branch=static/geom
1786790044.231 [STATIC_OT] state=TRAILING path_exists=1 path_locked=0 path_ttl_ok=0 path_safe=0 on_spline=1 speed=0.00 raw_wpnts=0 raw_age=-s decision=TRAILING reason=NO_STATIC_PATH
1786790044.514 [STATIC_OT] state=TRAILING path_exists=1 path_locked=0 path_ttl_ok=1 path_safe=0 on_spline=1 speed=0.00 raw_wpnts=81 raw_age=0.63s decision=TRAILING reason=PATH_BLOCKED blocked_obs_id=36 gap=2.93m free_dist=-0.19m branch=static/geom
1786790044.593 [OBSTACLES] cur_s=2.94 cur_d=0.16 vs=0.00 n=2 [id=35 static=1 gap=0.50m d=0.42 size=0.23; id=36 static=1 gap=2.78m d=-0.10 size=0.29]
1786790044.748 [STATIC_OT] state=TRAILING path_exists=1 path_locked=0 path_ttl_ok=1 path_safe=0 on_spline=1 speed=0.00 raw_wpnts=81 raw_age=0.69s decision=TRAILING reason=PATH_BLOCKED blocked_obs_id=36 gap=2.92m free_dist=-0.187m branch=static/geom
1786790044.983 [STATIC_OT] state=TRAILING path_exists=1 path_locked=0 path_ttl_ok=1 path_safe=0 on_spline=1 speed=0.13 raw_wpnts=81 raw_age=0.92s decision=TRAILING reason=PATH_BLOCKED blocked_obs_id=36 gap=2.88m free_dist=-0.188m branch=static/geom
1786790045.193 [OBSTACLES] cur_s=3.02 cur_d=0.15 vs=0.00 n=2 [id=35 static=1 gap=0.42m d=0.42 size=0.24; id=36 static=1 gap=2.69m d=-0.10 size=0.30]
1786790045.221 [STATIC_OT] state=TRAILING path_exists=1 path_locked=0 path_ttl_ok=1 path_safe=0 on_spline=1 speed=0.00 raw_wpnts=81 raw_age=0.85s decision=TRAILING reason=PATH_BLOCKED blocked_obs_id=36 gap=2.84m free_dist=-0.196m branch=static/geom
1786790045.485 [STATIC_OT] state=TRAILING path_exists=1 path_locked=0 path_ttl_ok=1 path_safe=0 on_spline=1 speed=0.00 raw_wpnts=81 raw_age=0.77s decision=TRAILING reason=PATH_BLOCKED blocked_obs_id=36 gap=2.88m free_dist=-0.2m branch=static/geom
1786790045.738 [OBSTACLES] cur_s=2.97 cur_d=0.14 vs=0.00 n=2 [id=35 static=1 gap=0.46m d=0.43 size=0.24; id=36 static=1 gap=2.72m d=-0.10 size=0.32]
1786790045.747 [STATIC_OT] state=TRAILING path_exists=1 path_locked=0 path_ttl_ok=1 path_safe=0 on_spline=1 speed=0.00 raw_wpnts=81 raw_age=0.65s decision=TRAILING reason=PATH_BLOCKED blocked_obs_id=36 gap=2.88m free_dist=-0.204m branch=static/geom
1786790046.028 [STATIC_OT] state=TRAILING path_exists=1 path_locked=0 path_ttl_ok=1 path_safe=0 on_spline=1 speed=0.00 raw_wpnts=81 raw_age=0.74s decision=TRAILING reason=PATH_BLOCKED blocked_obs_id=36 gap=3.07m free_dist=-0.195m branch=static/geom
1786790046.281 [OBSTACLES] cur_s=2.77 cur_d=0.13 vs=0.00 n=2 [id=35 static=1 gap=0.63m d=0.43 size=0.25; id=36 static=1 gap=2.89m d=-0.10 size=0.33]
1786790046.286 [STATIC_OT] state=TRAILING path_exists=1 path_locked=0 path_ttl_ok=1 path_safe=0 on_spline=1 speed=0.00 raw_wpnts=81 raw_age=0.69s decision=TRAILING reason=PATH_BLOCKED blocked_obs_id=36 gap=3.05m free_dist=-0.209m branch=static/geom
1786790046.525 [STATIC_OT] state=TRAILING path_exists=1 path_locked=0 path_ttl_ok=1 path_safe=0 on_spline=1 speed=0.00 raw_wpnts=81 raw_age=0.75s decision=TRAILING reason=PATH_BLOCKED blocked_obs_id=36 gap=2.68m free_dist=-0.231m branch=dyn/nopred (id_mismatch or empty)
1786790046.877 [OBSTACLES] cur_s=2.77 cur_d=0.12 vs=0.00 n=2 [id=35 static=1 gap=0.30m d=0.42 size=0.23; id=36 static=1 gap=2.51m d=-0.09 size=0.30]
1786790046.885 [STATIC_OT] state=TRAILING path_exists=1 path_locked=0 path_ttl_ok=1 path_safe=0 on_spline=1 speed=0.00 raw_wpnts=81 raw_age=0.50s decision=TRAILING reason=PATH_BLOCKED blocked_obs_id=36 gap=2.66m free_dist=-0.205m branch=static/geom
1786790047.071 [STATE_CHANGE] TRAILING -> OVERTAKE src=OVERTAKE s=2.77 d=0.12 vs=0.00
1786790047.383 [OBSTACLES] cur_s=2.76 cur_d=0.12 vs=-0.13 n=2 [id=35 static=1 gap=0.27m d=0.42 size=0.26; id=36 static=1 gap=2.49m d=-0.09 size=0.31]
1786790047.942 [OBSTACLES] cur_s=2.90 cur_d=0.12 vs=0.90 n=2 [id=35 static=1 gap=0.14m d=0.42 size=0.23; id=36 static=1 gap=2.31m d=-0.09 size=0.39]
1786790047.972 [STATIC_OT] state=OVERTAKE path_exists=1 path_locked=1 path_ttl_ok=1 path_safe=0 on_spline=1 speed=0.90 raw_wpnts=81 raw_age=0.54s decision=TRAILING reason=PATH_BLOCKED blocked_obs_id=36 gap=2.5m free_dist=-0.249m branch=static/geom
1786790047.979 [STATE_CHANGE] OVERTAKE -> TRAILING src=GB_TRACK s=2.90 d=0.12 vs=0.90
1786790048.231 [STATIC_OT] state=TRAILING path_exists=1 path_locked=0 path_ttl_ok=1 path_safe=0 on_spline=1 speed=1.96 raw_wpnts=81 raw_age=0.61s decision=TRAILING reason=PATH_BLOCKED blocked_obs_id=36 gap=1.97m free_dist=-0.183m branch=static/geom
1786790048.491 [OBSTACLES] cur_s=4.07 cur_d=0.13 vs=1.79 n=1 [id=36 static=1 gap=1.19m d=-0.09 size=0.31]
1786790048.499 [STATIC_OT] state=TRAILING path_exists=1 path_locked=0 path_ttl_ok=1 path_safe=0 on_spline=1 speed=1.79 raw_wpnts=81 raw_age=0.56s decision=TRAILING reason=PATH_BLOCKED blocked_obs_id=36 gap=1.34m free_dist=-0.207m branch=static/geom
1786790048.628 [STATE_CHANGE] TRAILING -> OVERTAKE src=OVERTAKE s=4.29 d=0.11 vs=1.61
1786790049.099 [OBSTACLES] cur_s=4.87 cur_d=-0.03 vs=1.44 n=1 [id=36 static=1 gap=0.47m d=-0.10 size=0.25]
1786790049.605 [OBSTACLES] cur_s=6.49 cur_d=-0.12 vs=2.49 n=0 [none]
1786790050.178 [OBSTACLES] cur_s=8.15 cur_d=-0.22 vs=3.40 n=0 [none]
1786790050.798 [OBSTACLES] cur_s=9.82 cur_d=0.14 vs=3.06 n=0 [none]
1786790051.036 [STATE_CHANGE] OVERTAKE -> LOSTLINE src=GB_TRACK s=10.93 d=0.12 vs=2.44
1786790051.086 [STATE_CHANGE] LOSTLINE -> GB_TRACK src=GB_TRACK s=11.08 d=0.09 vs=2.31
1786790051.323 [OBSTACLES] cur_s=11.46 cur_d=-0.05 vs=2.27 n=0 [none]
1786790051.910 [OBSTACLES] cur_s=12.97 cur_d=0.27 vs=3.17 n=0 [none]
1786790051.998 [STATE_CHANGE] GB_TRACK -> LOSTLINE src=GB_TRACK s=13.29 d=0.35 vs=3.29
1786790052.476 [OBSTACLES] cur_s=14.77 cur_d=0.34 vs=2.85 n=0 [none]
1786790052.596 [STATE_CHANGE] LOSTLINE -> GB_TRACK src=GB_TRACK s=14.97 d=0.23 vs=2.56
1786790052.973 [STATE_CHANGE] GB_TRACK -> LOSTLINE src=GB_TRACK s=15.88 d=-0.30 vs=2.10
1786790053.144 [OBSTACLES] cur_s=16.20 cur_d=-0.28 vs=2.31 n=1 [id=37 static=1 gap=5.15m d=0.34 size=0.26]
1786790053.158 [STATIC_OT] state=GB_TRACK path_exists=0 path_locked=0 path_ttl_ok=0 path_safe=0 on_spline=0 speed=2.31 raw_wpnts=0 raw_age=-s decision=TRAILING reason=NO_STATIC_PATH
1786790053.167 [STATE_CHANGE] LOSTLINE -> TRAILING src=GB_TRACK s=16.20 d=-0.28 vs=2.31
1786790053.427 [STATIC_OT] state=TRAILING path_exists=0 path_locked=0 path_ttl_ok=0 path_safe=0 on_spline=0 speed=2.45 raw_wpnts=0 raw_age=-s decision=TRAILING reason=NO_STATIC_PATH
1786790053.663 [STATIC_OT] state=TRAILING path_exists=0 path_locked=0 path_ttl_ok=0 path_safe=0 on_spline=0 speed=1.98 raw_wpnts=0 raw_age=-s decision=TRAILING reason=NO_STATIC_PATH
1786790053.776 [OBSTACLES] cur_s=17.12 cur_d=0.01 vs=1.77 n=1 [id=37 static=1 gap=4.15m d=0.27 size=0.29]
1786790053.952 [STATIC_OT] state=TRAILING path_exists=1 path_locked=0 path_ttl_ok=1 path_safe=1 on_spline=1 speed=1.49 raw_wpnts=119 raw_age=0.97s decision=OVERTAKE
1786790053.955 [STATE_CHANGE] TRAILING -> OVERTAKE src=OVERTAKE s=17.33 d=-0.00 vs=1.49
1786790054.322 [OBSTACLES] cur_s=17.79 cur_d=-0.03 vs=0.95 n=1 [id=37 static=1 gap=3.37m d=0.20 size=0.28]
1786790054.824 [OBSTACLES] cur_s=18.69 cur_d=-0.15 vs=2.14 n=1 [id=37 static=1 gap=2.45m d=0.17 size=0.28]
1786790055.328 [OBSTACLES] cur_s=19.83 cur_d=0.11 vs=2.31 n=1 [id=37 static=1 gap=1.30m d=0.14 size=0.24]
1786790055.870 [OBSTACLES] cur_s=21.11 cur_d=0.72 vs=2.41 n=0 [none]
1786790056.474 [OBSTACLES] cur_s=22.59 cur_d=0.18 vs=2.53 n=0 [none]
1786790057.005 [OBSTACLES] cur_s=24.13 cur_d=-0.15 vs=3.07 n=0 [none]
1786790057.585 [OBSTACLES] cur_s=25.91 cur_d=0.08 vs=3.44 n=0 [none]
1786790058.081 [STATE_CHANGE] OVERTAKE -> LOSTLINE src=GB_TRACK s=27.48 d=0.18 vs=3.42
1786790058.197 [OBSTACLES] cur_s=27.94 cur_d=0.24 vs=3.42 n=0 [none]
1786790058.198 [STATE_CHANGE] LOSTLINE -> GB_TRACK src=GB_TRACK s=27.94 d=0.24 vs=3.42
1786790058.729 [OBSTACLES] cur_s=29.77 cur_d=0.20 vs=3.43 n=0 [none]
1786790059.268 [OBSTACLES] cur_s=31.70 cur_d=0.30 vs=3.42 n=0 [none]
1786790059.268 [STATE_CHANGE] GB_TRACK -> LOSTLINE src=GB_TRACK s=31.70 d=0.30 vs=3.42
1786790059.586 [STATE_CHANGE] LOSTLINE -> GB_TRACK src=GB_TRACK s=32.84 d=0.29 vs=3.30
1786790059.857 [OBSTACLES] cur_s=33.77 cur_d=0.24 vs=3.34 n=1 [id=38 static=1 gap=4.65m d=0.41 size=0.26]
1786790059.861 [STATIC_OT] state=GB_TRACK path_exists=0 path_locked=0 path_ttl_ok=0 path_safe=0 on_spline=0 speed=3.34 raw_wpnts=0 raw_age=-s decision=TRAILING reason=NO_STATIC_PATH
1786790059.861 [STATE_CHANGE] GB_TRACK -> TRAILING src=GB_TRACK s=33.77 d=0.24 vs=3.34
1786790060.125 [STATIC_OT] state=TRAILING path_exists=0 path_locked=0 path_ttl_ok=0 path_safe=0 on_spline=0 speed=3.41 raw_wpnts=0 raw_age=-s decision=TRAILING reason=NO_STATIC_PATH
1786790060.408 [OBSTACLES] cur_s=0.86 cur_d=0.21 vs=2.77 n=2 [id=38 static=1 gap=2.99m d=0.38 size=0.28; id=39 static=1 gap=4.97m d=-0.18 size=0.23]
1786790060.438 [STATIC_OT] state=TRAILING path_exists=1 path_locked=0 path_ttl_ok=1 path_safe=0 on_spline=1 speed=2.77 raw_wpnts=118 raw_age=0.76s decision=TRAILING reason=PATH_BLOCKED blocked_obs_id=39 gap=5.08m free_dist=-0.094m branch=static/geom
1786790060.727 [STATIC_OT] state=TRAILING path_exists=1 path_locked=0 path_ttl_ok=0 path_safe=0 on_spline=1 speed=2.13 raw_wpnts=0 raw_age=-s decision=TRAILING reason=NO_STATIC_PATH
1786790061.036 [OBSTACLES] cur_s=2.08 cur_d=0.19 vs=1.29 n=2 [id=38 static=1 gap=1.66m d=0.37 size=0.25; id=39 static=1 gap=3.56m d=-0.17 size=0.28]
1786790061.051 [STATIC_OT] state=TRAILING path_exists=1 path_locked=0 path_ttl_ok=1 path_safe=0 on_spline=1 speed=1.29 raw_wpnts=86 raw_age=0.57s decision=TRAILING reason=PATH_BLOCKED blocked_obs_id=39 gap=3.7m free_dist=-0.114m branch=static/geom
1786790061.256 [STATIC_OT] state=TRAILING path_exists=1 path_locked=0 path_ttl_ok=1 path_safe=0 on_spline=1 speed=0.88 raw_wpnts=82 raw_age=0.62s decision=TRAILING reason=PATH_BLOCKED blocked_obs_id=39 gap=3.56m free_dist=-0.147m branch=static/geom
1786790061.583 [OBSTACLES] cur_s=2.36 cur_d=0.10 vs=0.22 n=2 [id=38 static=1 gap=1.31m d=0.39 size=0.24; id=39 static=1 gap=3.22m d=-0.15 size=0.31]
1786790061.599 [STATIC_OT] state=TRAILING path_exists=1 path_locked=0 path_ttl_ok=1 path_safe=0 on_spline=1 speed=0.22 raw_wpnts=81 raw_age=0.55s decision=TRAILING reason=PATH_BLOCKED blocked_obs_id=39 gap=3.38m free_dist=-0.152m branch=static/geom
1786790061.955 [STATIC_OT] state=TRAILING path_exists=1 path_locked=0 path_ttl_ok=1 path_safe=0 on_spline=1 speed=0.00 raw_wpnts=81 raw_age=0.50s decision=TRAILING reason=PATH_BLOCKED blocked_obs_id=39 gap=3.32m free_dist=-0.171m branch=static/geom
1786790062.154 [OBSTACLES] cur_s=2.40 cur_d=0.09 vs=0.00 n=2 [id=38 static=1 gap=1.22m d=0.40 size=0.23; id=39 static=1 gap=3.14m d=-0.14 size=0.34]
1786790062.179 [STATIC_OT] state=TRAILING path_exists=1 path_locked=0 path_ttl_ok=1 path_safe=0 on_spline=1 speed=0.00 raw_wpnts=81 raw_age=0.62s decision=TRAILING reason=PATH_BLOCKED blocked_obs_id=39 gap=3.31m free_dist=-0.176m branch=static/geom
1786790062.493 [STATIC_OT] state=TRAILING path_exists=1 path_locked=0 path_ttl_ok=1 path_safe=0 on_spline=1 speed=0.00 raw_wpnts=81 raw_age=0.71s decision=TRAILING reason=PATH_BLOCKED blocked_obs_id=39 gap=3.31m free_dist=-0.179m branch=static/geom
1786790062.693 [OBSTACLES] cur_s=2.41 cur_d=0.09 vs=0.15 n=2 [id=38 static=1 gap=1.18m d=0.41 size=0.23; id=39 static=1 gap=3.11m d=-0.13 size=0.36]
1786790062.698 [STATIC_OT] state=TRAILING path_exists=1 path_locked=0 path_ttl_ok=1 path_safe=0 on_spline=1 speed=0.15 raw_wpnts=81 raw_age=0.72s decision=TRAILING reason=PATH_BLOCKED blocked_obs_id=39 gap=3.29m free_dist=-0.193m branch=static/geom
1786790062.909 [STATIC_OT] state=TRAILING path_exists=1 path_locked=0 path_ttl_ok=1 path_safe=0 on_spline=1 speed=0.21 raw_wpnts=81 raw_age=0.68s decision=TRAILING reason=PATH_BLOCKED blocked_obs_id=39 gap=3.24m free_dist=-0.191m branch=static/geom
1786790063.122 [STATIC_OT] state=TRAILING path_exists=1 path_locked=0 path_ttl_ok=1 path_safe=0 on_spline=1 speed=0.00 raw_wpnts=81 raw_age=0.65s decision=TRAILING reason=PATH_BLOCKED blocked_obs_id=39 gap=3.22m free_dist=-0.187m branch=static/geom
1786790063.292 [OBSTACLES] cur_s=2.50 cur_d=0.08 vs=0.33 n=2 [id=38 static=1 gap=1.05m d=0.41 size=0.25; id=39 static=1 gap=3.01m d=-0.13 size=0.34]
1786790063.427 [STATIC_OT] state=TRAILING path_exists=1 path_locked=0 path_ttl_ok=1 path_safe=0 on_spline=1 speed=0.64 raw_wpnts=81 raw_age=0.50s decision=TRAILING reason=PATH_BLOCKED blocked_obs_id=39 gap=3.12m free_dist=-0.18m branch=static/geom
1786790063.706 [STATIC_OT] state=TRAILING path_exists=1 path_locked=0 path_ttl_ok=0 path_safe=0 on_spline=1 speed=0.40 raw_wpnts=0 raw_age=-s decision=TRAILING reason=NO_STATIC_PATH
1786790063.802 [OBSTACLES] cur_s=2.86 cur_d=0.04 vs=0.22 n=2 [id=38 static=1 gap=0.68m d=0.41 size=0.23; id=39 static=1 gap=2.64m d=-0.12 size=0.34]
1786790063.920 [STATIC_OT] state=TRAILING path_exists=1 path_locked=0 path_ttl_ok=0 path_safe=0 on_spline=1 speed=0.00 raw_wpnts=0 raw_age=-s decision=TRAILING reason=NO_STATIC_PATH
1786790064.231 [STATIC_OT] state=TRAILING path_exists=1 path_locked=0 path_ttl_ok=0 path_safe=0 on_spline=1 speed=0.00 raw_wpnts=0 raw_age=-s decision=TRAILING reason=NO_STATIC_PATH
1786790064.343 [OBSTACLES] cur_s=2.87 cur_d=0.04 vs=0.00 n=2 [id=38 static=1 gap=0.66m d=0.41 size=0.24; id=39 static=1 gap=2.63m d=-0.12 size=0.34]
1786790064.469 [STATIC_OT] state=TRAILING path_exists=1 path_locked=0 path_ttl_ok=0 path_safe=0 on_spline=1 speed=0.00 raw_wpnts=0 raw_age=-s decision=TRAILING reason=NO_STATIC_PATH
1786790064.747 [STATIC_OT] state=TRAILING path_exists=1 path_locked=0 path_ttl_ok=0 path_safe=0 on_spline=1 speed=0.00 raw_wpnts=0 raw_age=-s decision=TRAILING reason=NO_STATIC_PATH
1786790064.848 [OBSTACLES] cur_s=2.86 cur_d=0.04 vs=0.00 n=2 [id=38 static=1 gap=0.66m d=0.42 size=0.24; id=39 static=1 gap=2.64m d=-0.12 size=0.35]
1786790064.993 [STATIC_OT] state=TRAILING path_exists=1 path_locked=0 path_ttl_ok=0 path_safe=0 on_spline=1 speed=0.06 raw_wpnts=0 raw_age=-s decision=TRAILING reason=NO_STATIC_PATH
1786790065.215 [STATIC_OT] state=TRAILING path_exists=1 path_locked=0 path_ttl_ok=0 path_safe=0 on_spline=1 speed=0.16 raw_wpnts=0 raw_age=-s decision=TRAILING reason=NO_STATIC_PATH
1786790065.407 [OBSTACLES] cur_s=2.82 cur_d=0.03 vs=0.30 n=2 [id=38 static=1 gap=0.69m d=0.42 size=0.24; id=39 static=1 gap=2.67m d=-0.12 size=0.35]
1786790065.457 [STATIC_OT] state=TRAILING path_exists=1 path_locked=0 path_ttl_ok=0 path_safe=0 on_spline=1 speed=0.10 raw_wpnts=0 raw_age=-s decision=TRAILING reason=NO_STATIC_PATH
1786790065.735 [STATIC_OT] state=TRAILING path_exists=1 path_locked=0 path_ttl_ok=0 path_safe=0 on_spline=1 speed=0.00 raw_wpnts=0 raw_age=-s decision=TRAILING reason=NO_STATIC_PATH
1786790065.971 [OBSTACLES] cur_s=2.97 cur_d=0.01 vs=0.33 n=2 [id=38 static=0 gap=0.19m d=0.43 size=0.25; id=39 static=1 gap=2.50m d=-0.12 size=0.34]
1786790065.980 [STATIC_OT] state=TRAILING path_exists=1 path_locked=0 path_ttl_ok=0 path_safe=0 on_spline=1 speed=0.33 raw_wpnts=0 raw_age=-s decision=TRAILING reason=NO_STATIC_PATH
1786790066.180 [STATE_CHANGE] TRAILING -> OVERTAKE src=OVERTAKE s=3.13 d=0.01 vs=0.00
1786790066.527 [OBSTACLES] cur_s=3.27 cur_d=0.01 vs=0.33 n=2 [id=38 static=0 gap=0.16m d=0.41 size=0.25; id=39 static=0 gap=2.23m d=-0.11 size=0.32]
1786790067.056 [OBSTACLES] cur_s=4.07 cur_d=0.14 vs=2.82 n=1 [id=39 static=0 gap=1.38m d=-0.11 size=0.29]
1786790067.622 [OBSTACLES] cur_s=5.71 cur_d=0.25 vs=2.64 n=1 [id=39 static=0 gap=0.06m d=-0.20 size=0.43]
1786790068.189 [OBSTACLES] cur_s=7.48 cur_d=-0.12 vs=3.27 n=0 [none]
1786790068.712 [OBSTACLES] cur_s=9.41 cur_d=0.09 vs=3.24 n=0 [none]
1786790069.193 [STATE_CHANGE] OVERTAKE -> GB_TRACK src=GB_TRACK s=10.63 d=0.05 vs=2.58
1786790069.262 [OBSTACLES] cur_s=10.80 cur_d=0.03 vs=2.52 n=0 [none]
1786790069.817 [OBSTACLES] cur_s=12.17 cur_d=0.28 vs=2.50 n=0 [none]
1786790069.847 [STATE_CHANGE] GB_TRACK -> LOSTLINE src=GB_TRACK s=12.25 d=0.30 vs=2.52
1786790070.308 [STATE_CHANGE] LOSTLINE -> GB_TRACK src=GB_TRACK s=14.05 d=0.27 vs=3.23
1786790070.371 [OBSTACLES] cur_s=14.16 cur_d=0.23 vs=3.05 n=0 [none]
1786790070.878 [OBSTACLES] cur_s=15.52 cur_d=-0.17 vs=2.51 n=0 [none]
1786790071.276 [STATIC_OT] state=GB_TRACK path_exists=0 path_locked=0 path_ttl_ok=0 path_safe=0 on_spline=0 speed=2.20 raw_wpnts=0 raw_age=-s decision=TRAILING reason=NO_STATIC_PATH
1786790071.276 [STATE_CHANGE] GB_TRACK -> TRAILING src=GB_TRACK s=16.25 d=0.09 vs=2.20
1786790071.418 [OBSTACLES] cur_s=16.59 cur_d=0.19 vs=2.21 n=1 [id=40 static=1 gap=4.71m d=0.22 size=0.27]
1786790071.533 [STATIC_OT] state=TRAILING path_exists=0 path_locked=0 path_ttl_ok=0 path_safe=0 on_spline=0 speed=2.33 raw_wpnts=0 raw_age=-s decision=TRAILING reason=NO_STATIC_PATH
1786790071.654 [STATE_CHANGE] TRAILING -> OVERTAKE src=OVERTAKE s=17.06 d=0.18 vs=2.19
1786790072.061 [OBSTACLES] cur_s=17.78 cur_d=0.16 vs=1.86 n=1 [id=40 static=1 gap=3.41m d=0.22 size=0.26]
1786790072.586 [OBSTACLES] cur_s=19.05 cur_d=0.28 vs=2.16 n=1 [id=40 static=1 gap=2.13m d=0.17 size=0.26]
1786790073.103 [OBSTACLES] cur_s=20.26 cur_d=0.54 vs=2.26 n=1 [id=40 static=1 gap=0.84m d=0.16 size=0.41]
1786790073.653 [OBSTACLES] cur_s=21.39 cur_d=0.49 vs=2.02 n=0 [none]
1786790074.200 [OBSTACLES] cur_s=23.00 cur_d=0.09 vs=2.51 n=0 [none]
1786790074.743 [OBSTACLES] cur_s=24.57 cur_d=0.04 vs=3.40 n=0 [none]
1786790075.258 [OBSTACLES] cur_s=26.55 cur_d=0.01 vs=3.44 n=0 [none]
1786790075.352 [STATE_CHANGE] OVERTAKE -> GB_TRACK src=GB_TRACK s=26.85 d=0.02 vs=3.44
1786790075.788 [OBSTACLES] cur_s=27.91 cur_d=0.22 vs=3.42 n=0 [none]
1786790075.956 [STATE_CHANGE] GB_TRACK -> LOSTLINE src=GB_TRACK s=28.48 d=0.30 vs=3.42
1786790076.214 [STATE_CHANGE] LOSTLINE -> GB_TRACK src=GB_TRACK s=29.49 d=0.27 vs=3.43
1786790076.328 [OBSTACLES] cur_s=29.82 cur_d=0.24 vs=3.43 n=0 [none]
1786790076.844 [OBSTACLES] cur_s=31.70 cur_d=0.28 vs=3.40 n=0 [none]
1786790076.904 [STATE_CHANGE] GB_TRACK -> LOSTLINE src=GB_TRACK s=31.83 d=0.30 vs=3.40
1786790077.368 [OBSTACLES] cur_s=33.53 cur_d=0.30 vs=3.30 n=0 [none]
1786790077.511 [STATE_CHANGE] LOSTLINE -> GB_TRACK src=GB_TRACK s=34.10 d=0.27 vs=3.32
1786790077.773 [STATIC_OT] state=GB_TRACK path_exists=0 path_locked=0 path_ttl_ok=0 path_safe=0 on_spline=0 speed=3.42 raw_wpnts=0 raw_age=-s decision=TRAILING reason=NO_STATIC_PATH
1786790077.773 [STATE_CHANGE] GB_TRACK -> TRAILING src=GB_TRACK s=0.50 d=0.18 vs=3.42
1786790077.956 [OBSTACLES] cur_s=1.10 cur_d=0.21 vs=3.40 n=1 [id=41 static=1 gap=2.80m d=0.40 size=0.27]
1786790078.068 [STATIC_OT] state=TRAILING path_exists=1 path_locked=0 path_ttl_ok=1 path_safe=1 on_spline=1 speed=3.41 raw_wpnts=119 raw_age=0.84s decision=OVERTAKE
1786790078.068 [STATE_CHANGE] TRAILING -> OVERTAKE src=OVERTAKE s=1.49 d=0.27 vs=3.41
1786790078.476 [OBSTACLES] cur_s=2.80 cur_d=0.26 vs=3.24 n=1 [id=41 static=1 gap=1.10m d=0.41 size=0.25]
1786790079.106 [OBSTACLES] cur_s=4.93 cur_d=-0.15 vs=3.43 n=0 [none]
1786790079.618 [OBSTACLES] cur_s=6.53 cur_d=0.03 vs=3.44 n=0 [none]
1786790080.134 [OBSTACLES] cur_s=8.51 cur_d=-0.13 vs=3.44 n=0 [none]
1786790080.642 [OBSTACLES] cur_s=9.75 cur_d=0.08 vs=3.18 n=0 [none]
1786790080.793 [STATE_CHANGE] OVERTAKE -> LOSTLINE src=GB_TRACK s=10.30 d=0.15 vs=2.93
1786790080.871 [STATE_CHANGE] LOSTLINE -> GB_TRACK src=GB_TRACK s=10.42 d=0.16 vs=2.80
1786790081.160 [OBSTACLES] cur_s=11.26 cur_d=-0.02 vs=2.18 n=0 [none]
1786790081.707 [OBSTACLES] cur_s=12.60 cur_d=0.12 vs=2.90 n=0 [none]
1786790082.047 [STATE_CHANGE] GB_TRACK -> LOSTLINE src=GB_TRACK s=13.76 d=0.30 vs=3.40
1786790082.114 [STATE_CHANGE] LOSTLINE -> GB_TRACK src=GB_TRACK s=14.01 d=0.29 vs=3.39
1786790082.235 [OBSTACLES] cur_s=14.58 cur_d=0.17 vs=3.11 n=0 [none]
1786790083.055 [OBSTACLES] cur_s=16.40 cur_d=-0.07 vs=2.40 n=1 [id=43 static=1 gap=4.95m d=0.28 size=0.28]
1786790083.069 [STATIC_OT] state=GB_TRACK path_exists=0 path_locked=0 path_ttl_ok=0 path_safe=0 on_spline=0 speed=2.40 raw_wpnts=0 raw_age=-s decision=TRAILING reason=NO_STATIC_PATH
1786790083.069 [STATE_CHANGE] GB_TRACK -> TRAILING src=GB_TRACK s=16.40 d=-0.07 vs=2.40
1786790083.297 [STATIC_OT] state=TRAILING path_exists=0 path_locked=0 path_ttl_ok=0 path_safe=0 on_spline=0 speed=2.15 raw_wpnts=0 raw_age=-s decision=TRAILING reason=NO_STATIC_PATH
1786790083.428 [STATE_CHANGE] TRAILING -> OVERTAKE src=OVERTAKE s=16.91 d=0.06 vs=2.02
1786790083.673 [OBSTACLES] cur_s=17.27 cur_d=0.03 vs=1.50 n=1 [id=43 static=1 gap=3.92m d=0.20 size=0.32]
1786790084.180 [OBSTACLES] cur_s=18.31 cur_d=-0.12 vs=2.37 n=1 [id=43 static=1 gap=2.81m d=0.16 size=0.25]
1786790084.805 [OBSTACLES] cur_s=19.64 cur_d=0.20 vs=2.51 n=1 [id=43 static=1 gap=1.44m d=0.12 size=0.25]
1786790085.433 [OBSTACLES] cur_s=21.27 cur_d=0.52 vs=2.52 n=0 [none]
1786790085.942 [OBSTACLES] cur_s=23.08 cur_d=0.04 vs=3.06 n=0 [none]
1786790086.552 [OBSTACLES] cur_s=25.05 cur_d=-0.00 vs=3.38 n=0 [none]
1786790087.057 [OBSTACLES] cur_s=26.37 cur_d=0.19 vs=3.44 n=0 [none]
1786790087.488 [STATE_CHANGE] OVERTAKE -> LOSTLINE src=GB_TRACK s=27.85 d=0.08 vs=3.43
1786790087.561 [OBSTACLES] cur_s=28.14 cur_d=0.10 vs=3.42 n=0 [none]
1786790087.564 [STATE_CHANGE] LOSTLINE -> GB_TRACK src=GB_TRACK s=28.14 d=0.10 vs=3.42
1786790088.096 [OBSTACLES] cur_s=30.04 cur_d=0.23 vs=3.40 n=0 [none]
1786790088.321 [STATE_CHANGE] GB_TRACK -> LOSTLINE src=GB_TRACK s=31.06 d=0.31 vs=3.44
1786790088.597 [OBSTACLES] cur_s=31.93 cur_d=0.28 vs=3.41 n=0 [none]
1786790088.597 [STATE_CHANGE] LOSTLINE -> GB_TRACK src=GB_TRACK s=31.93 d=0.28 vs=3.41
1786790089.143 [OBSTACLES] cur_s=33.93 cur_d=0.22 vs=3.31 n=0 [none]
1786790089.352 [STATIC_OT] state=GB_TRACK path_exists=0 path_locked=0 path_ttl_ok=0 path_safe=0 on_spline=0 speed=3.27 raw_wpnts=0 raw_age=-s decision=TRAILING reason=NO_STATIC_PATH
1786790089.352 [STATE_CHANGE] GB_TRACK -> TRAILING src=GB_TRACK s=0.09 d=0.22 vs=3.27
1786790089.613 [STATIC_OT] state=TRAILING path_exists=0 path_locked=0 path_ttl_ok=0 path_safe=0 on_spline=0 speed=3.21 raw_wpnts=0 raw_age=-s decision=TRAILING reason=NO_STATIC_PATH
1786790089.795 [OBSTACLES] cur_s=1.29 cur_d=0.21 vs=3.03 n=1 [id=45 static=1 gap=2.55m d=0.36 size=0.29]
1786790089.799 [STATE_CHANGE] TRAILING -> OVERTAKE src=OVERTAKE s=1.29 d=0.21 vs=3.03
1786790090.328 [OBSTACLES] cur_s=2.57 cur_d=0.08 vs=3.22 n=2 [id=45 static=1 gap=1.12m d=0.40 size=0.26; id=46 static=1 gap=6.90m d=0.18 size=0.29]
1786790090.475 [STATIC_OT] state=OVERTAKE path_exists=1 path_locked=1 path_ttl_ok=1 path_safe=0 on_spline=1 speed=3.32 raw_wpnts=82 raw_age=0.56s decision=TRAILING reason=PATH_BLOCKED blocked_obs_id=46 gap=6.66m free_dist=-0.105m branch=static/geom
1786790090.477 [STATE_CHANGE] OVERTAKE -> TRAILING src=GB_TRACK s=2.96 d=0.01 vs=3.32
1786790090.591 [STATE_CHANGE] TRAILING -> OVERTAKE src=OVERTAKE s=3.32 d=-0.06 vs=3.36
1786790090.898 [OBSTACLES] cur_s=4.58 cur_d=-0.16 vs=3.08 n=1 [id=47 static=1 gap=4.89m d=0.21 size=0.31]
1786790090.913 [STATIC_OT] state=OVERTAKE path_exists=1 path_locked=1 path_ttl_ok=1 path_safe=0 on_spline=1 speed=3.08 raw_wpnts=81 raw_age=0.63s decision=TRAILING reason=PATH_BLOCKED blocked_obs_id=47 gap=5.04m free_dist=-0.095m branch=static/geom
1786790090.919 [STATE_CHANGE] OVERTAKE -> TRAILING src=GB_TRACK s=4.58 d=-0.16 vs=3.08
1786790091.270 [STATIC_OT] state=TRAILING path_exists=1 path_locked=0 path_ttl_ok=1 path_safe=0 on_spline=1 speed=3.24 raw_wpnts=81 raw_age=0.79s decision=TRAILING reason=PATH_BLOCKED blocked_obs_id=47 gap=4.11m free_dist=-0.232m branch=static/geom
1786790091.414 [OBSTACLES] cur_s=6.22 cur_d=-0.03 vs=2.93 n=1 [id=47 static=1 gap=3.22m d=0.13 size=0.39]
1786790091.565 [STATIC_OT] state=TRAILING path_exists=1 path_locked=0 path_ttl_ok=1 path_safe=0 on_spline=1 speed=2.74 raw_wpnts=81 raw_age=0.93s decision=TRAILING reason=PATH_BLOCKED blocked_obs_id=47 gap=3.2m free_dist=-0.194m branch=static/geom
1786790091.853 [STATIC_OT] state=TRAILING path_exists=1 path_locked=0 path_ttl_ok=1 path_safe=0 on_spline=1 speed=2.02 raw_wpnts=115 raw_age=0.96s decision=TRAILING reason=PATH_BLOCKED blocked_obs_id=47 gap=2.48m free_dist=0.064m branch=static/geom
1786790092.077 [OBSTACLES] cur_s=7.46 cur_d=-0.09 vs=1.65 n=1 [id=47 static=1 gap=1.98m d=0.15 size=0.33]
1786790092.090 [STATIC_OT] state=TRAILING path_exists=1 path_locked=0 path_ttl_ok=1 path_safe=1 on_spline=1 speed=1.65 raw_wpnts=104 raw_age=0.82s decision=OVERTAKE
1786790092.091 [STATE_CHANGE] TRAILING -> OVERTAKE src=OVERTAKE s=7.46 d=-0.09 vs=1.65
1786790092.651 [OBSTACLES] cur_s=8.38 cur_d=-0.06 vs=1.47 n=1 [id=47 static=1 gap=1.06m d=0.14 size=0.37]
1786790093.206 [OBSTACLES] cur_s=9.27 cur_d=-0.40 vs=1.63 n=1 [id=47 static=1 gap=0.17m d=0.15 size=0.41]
1786790093.749 [OBSTACLES] cur_s=10.22 cur_d=-0.11 vs=2.55 n=0 [none]
1786790094.283 [OBSTACLES] cur_s=11.71 cur_d=-0.10 vs=2.86 n=0 [none]
1786790094.786 [OBSTACLES] cur_s=13.09 cur_d=-0.10 vs=3.34 n=0 [none]
1786790095.323 [OBSTACLES] cur_s=15.11 cur_d=0.07 vs=2.99 n=0 [none]
1786790095.638 [STATE_CHANGE] OVERTAKE -> LOSTLINE src=GB_TRACK s=15.86 d=-0.19 vs=2.20
1786790095.718 [STATE_CHANGE] LOSTLINE -> GB_TRACK src=GB_TRACK s=16.04 d=-0.24 vs=2.21
1786790095.818 [STATIC_OT] state=GB_TRACK path_exists=0 path_locked=0 path_ttl_ok=0 path_safe=0 on_spline=0 speed=2.21 raw_wpnts=0 raw_age=-s decision=TRAILING reason=NO_STATIC_PATH
1786790095.818 [STATE_CHANGE] GB_TRACK -> TRAILING src=GB_TRACK s=16.14 d=-0.25 vs=2.21
1786790095.923 [OBSTACLES] cur_s=16.46 cur_d=-0.25 vs=2.44 n=1 [id=48 static=1 gap=4.89m d=0.27 size=0.25]
1786790096.056 [STATIC_OT] state=TRAILING path_exists=0 path_locked=0 path_ttl_ok=0 path_safe=0 on_spline=0 speed=2.47 raw_wpnts=0 raw_age=-s decision=TRAILING reason=NO_STATIC_PATH
1786790096.336 [STATIC_OT] state=TRAILING path_exists=1 path_locked=0 path_ttl_ok=1 path_safe=0 on_spline=1 speed=2.12 raw_wpnts=113 raw_age=0.70s decision=TRAILING reason=PATH_BLOCKED blocked_obs_id=48 gap=4.34m free_dist=0.075m branch=static/geom
1786790096.410 [STATE_CHANGE] TRAILING -> OVERTAKE src=OVERTAKE s=17.33 d=-0.03 vs=1.78
1786790096.447 [OBSTACLES] cur_s=17.44 cur_d=-0.02 vs=1.66 n=1 [id=48 static=1 gap=3.85m d=0.26 size=0.30]
1786790096.958 [OBSTACLES] cur_s=18.24 cur_d=0.04 vs=2.23 n=1 [id=48 static=1 gap=3.00m d=0.17 size=0.29]
1786790097.468 [OBSTACLES] cur_s=19.25 cur_d=-0.12 vs=1.95 n=1 [id=48 static=1 gap=1.99m d=0.15 size=0.27]
1786790098.046 [OBSTACLES] cur_s=20.61 cur_d=0.57 vs=2.67 n=1 [id=48 static=1 gap=0.60m d=0.12 size=0.32]
1786790098.573 [OBSTACLES] cur_s=22.01 cur_d=0.46 vs=2.44 n=0 [none]
1786790099.096 [OBSTACLES] cur_s=23.58 cur_d=-0.13 vs=2.86 n=0 [none]
1786790099.596 [OBSTACLES] cur_s=25.44 cur_d=0.04 vs=3.40 n=0 [none]
1786790100.131 [OBSTACLES] cur_s=27.07 cur_d=0.01 vs=3.44 n=0 [none]
1786790100.413 [STATE_CHANGE] OVERTAKE -> LOSTLINE src=GB_TRACK s=27.64 d=0.19 vs=3.41
1786790100.458 [STATE_CHANGE] LOSTLINE -> GB_TRACK src=GB_TRACK s=27.89 d=0.25 vs=3.40
1786790100.548 [STATE_CHANGE] GB_TRACK -> LOSTLINE src=GB_TRACK s=28.13 d=0.32 vs=3.39
1786790100.656 [OBSTACLES] cur_s=28.42 cur_d=0.38 vs=3.41 n=0 [none]
1786790100.893 [STATE_CHANGE] LOSTLINE -> GB_TRACK src=GB_TRACK s=29.22 d=0.28 vs=3.41
1786790101.178 [OBSTACLES] cur_s=30.18 cur_d=0.06 vs=3.37 n=1 [id=50 static=1 gap=2.06m d=-0.98 size=0.38]
1786790101.734 [OBSTACLES] cur_s=32.50 cur_d=0.15 vs=3.31 n=0 [none]
1786790102.087 [STATE_CHANGE] GB_TRACK -> LOSTLINE src=GB_TRACK s=33.38 d=0.30 vs=3.27
1786790102.149 [STATE_CHANGE] LOSTLINE -> RECOVERY src=RECOVERY s=33.50 d=0.32 vs=3.27
1786790102.234 [STATIC_OT] state=RECOVERY path_exists=0 path_locked=0 path_ttl_ok=0 path_safe=0 on_spline=0 speed=3.31 raw_wpnts=0 raw_age=-s decision=TRAILING reason=NO_STATIC_PATH
1786790102.244 [STATE_CHANGE] RECOVERY -> TRAILING src=RECOVERY s=33.89 d=0.35 vs=3.31
1786790102.271 [OBSTACLES] cur_s=34.11 cur_d=0.35 vs=3.37 n=1 [id=51 static=1 gap=4.35m d=0.41 size=0.26]
1786790102.494 [STATIC_OT] state=TRAILING path_exists=1 path_locked=0 path_ttl_ok=1 path_safe=1 on_spline=1 speed=3.43 raw_wpnts=118 raw_age=0.46s decision=OVERTAKE
1786790102.497 [STATE_CHANGE] TRAILING -> OVERTAKE src=OVERTAKE s=0.30 d=0.25 vs=3.43
1786790102.791 [OBSTACLES] cur_s=1.03 cur_d=0.20 vs=3.02 n=1 [id=51 static=1 gap=2.91m d=0.44 size=0.25]
1786790103.359 [OBSTACLES] cur_s=3.17 cur_d=0.07 vs=3.35 n=1 [id=51 static=1 gap=0.76m d=0.44 size=0.26]
1786790103.830 [STATIC_OT] state=OVERTAKE path_exists=1 path_locked=1 path_ttl_ok=1 path_safe=0 on_spline=1 speed=3.44 raw_wpnts=83 raw_age=0.70s decision=TRAILING reason=PATH_BLOCKED blocked_obs_id=52 gap=5.34m free_dist=-0.241m branch=static/geom
1786790103.835 [STATE_CHANGE] OVERTAKE -> TRAILING src=GB_TRACK s=4.87 d=-0.14 vs=3.44
1786790103.897 [OBSTACLES] cur_s=5.06 cur_d=-0.13 vs=3.44 n=1 [id=52 static=1 gap=4.93m d=0.07 size=0.43]
1786790104.111 [STATIC_OT] state=TRAILING path_exists=1 path_locked=0 path_ttl_ok=1 path_safe=0 on_spline=1 speed=3.44 raw_wpnts=81 raw_age=0.67s decision=TRAILING reason=PATH_BLOCKED blocked_obs_id=52 gap=4.38m free_dist=-0.299m branch=static/geom
1786790104.412 [OBSTACLES] cur_s=6.89 cur_d=-0.02 vs=2.73 n=1 [id=52 static=1 gap=3.06m d=0.05 size=0.37]
1786790104.435 [STATIC_OT] state=TRAILING path_exists=1 path_locked=0 path_ttl_ok=1 path_safe=0 on_spline=1 speed=2.73 raw_wpnts=81 raw_age=0.80s decision=TRAILING reason=PATH_BLOCKED blocked_obs_id=52 gap=3.25m free_dist=-0.285m branch=static/geom
1786790104.578 [STATE_CHANGE] TRAILING -> OVERTAKE src=OVERTAKE s=7.23 d=-0.03 vs=2.44
1786790104.987 [OBSTACLES] cur_s=8.04 cur_d=-0.08 vs=1.89 n=1 [id=52 static=1 gap=1.92m d=0.06 size=0.36]
1786790105.581 [OBSTACLES] cur_s=8.88 cur_d=-0.36 vs=1.80 n=1 [id=52 static=1 gap=1.03m d=0.08 size=0.43]
1786790106.125 [OBSTACLES] cur_s=9.69 cur_d=-0.23 vs=2.22 n=1 [id=52 static=1 gap=0.22m d=0.08 size=0.43]
1786790106.659 [OBSTACLES] cur_s=11.17 cur_d=-0.46 vs=2.54 n=0 [none]
1786790107.201 [OBSTACLES] cur_s=12.17 cur_d=-0.09 vs=2.78 n=0 [none]
1786790107.732 [OBSTACLES] cur_s=13.77 cur_d=0.09 vs=3.41 n=0 [none]
1786790108.251 [OBSTACLES] cur_s=15.48 cur_d=-0.04 vs=2.61 n=0 [none]
1786790108.663 [STATIC_OT] state=OVERTAKE path_exists=1 path_locked=1 path_ttl_ok=0 path_safe=0 on_spline=0 speed=2.46 raw_wpnts=0 raw_age=-s decision=TRAILING reason=NO_STATIC_PATH
1786790108.673 [STATE_CHANGE] OVERTAKE -> TRAILING src=GB_TRACK s=16.54 d=0.19 vs=2.46
1786790108.812 [OBSTACLES] cur_s=16.85 cur_d=0.22 vs=2.52 n=1 [id=53 static=1 gap=4.44m d=0.23 size=0.31]
1786790108.870 [STATIC_OT] state=TRAILING path_exists=0 path_locked=0 path_ttl_ok=0 path_safe=0 on_spline=0 speed=2.69 raw_wpnts=0 raw_age=-s decision=TRAILING reason=NO_STATIC_PATH
1786790109.086 [STATIC_OT] state=TRAILING path_exists=0 path_locked=0 path_ttl_ok=0 path_safe=0 on_spline=0 speed=2.55 raw_wpnts=0 raw_age=-s decision=TRAILING reason=NO_STATIC_PATH
1786790109.229 [STATE_CHANGE] TRAILING -> OVERTAKE src=OVERTAKE s=17.69 d=0.22 vs=2.44
1786790109.404 [OBSTACLES] cur_s=18.21 cur_d=0.24 vs=1.93 n=1 [id=53 static=1 gap=3.02m d=0.21 size=0.30]
1786790109.956 [OBSTACLES] cur_s=19.28 cur_d=0.40 vs=2.77 n=1 [id=53 static=1 gap=1.96m d=0.19 size=0.24]
1786790110.558 [OBSTACLES] cur_s=21.12 cur_d=0.53 vs=2.02 n=1 [id=53 static=1 gap=0.04m d=0.16 size=0.34]
1786790111.118 [OBSTACLES] cur_s=22.30 cur_d=0.25 vs=2.51 n=0 [none]
1786790111.681 [OBSTACLES] cur_s=24.08 cur_d=-0.02 vs=3.38 n=0 [none]
1786790112.228 [OBSTACLES] cur_s=25.62 cur_d=0.01 vs=3.44 n=0 [none]
1786790112.609 [STATE_CHANGE] OVERTAKE -> GB_TRACK src=GB_TRACK s=27.08 d=0.04 vs=3.42
1786790112.832 [OBSTACLES] cur_s=27.49 cur_d=0.18 vs=3.42 n=0 [none]
1786790113.025 [STATE_CHANGE] GB_TRACK -> LOSTLINE src=GB_TRACK s=28.38 d=0.32 vs=3.44
1786790113.273 [STATE_CHANGE] LOSTLINE -> GB_TRACK src=GB_TRACK s=29.37 d=0.28 vs=3.42
1786790113.348 [OBSTACLES] cur_s=29.58 cur_d=0.25 vs=3.41 n=0 [none]
1786790113.876 [OBSTACLES] cur_s=31.57 cur_d=0.25 vs=3.39 n=0 [none]
1786790114.056 [STATE_CHANGE] GB_TRACK -> LOSTLINE src=GB_TRACK s=32.00 d=0.29 vs=3.40
1786790114.410 [OBSTACLES] cur_s=33.25 cur_d=0.33 vs=3.24 n=0 [none]
1786790114.638 [STATE_CHANGE] LOSTLINE -> GB_TRACK src=GB_TRACK s=34.14 d=0.27 vs=3.29
1786790114.865 [STATIC_OT] state=GB_TRACK path_exists=0 path_locked=0 path_ttl_ok=0 path_safe=0 on_spline=0 speed=3.32 raw_wpnts=0 raw_age=-s decision=TRAILING reason=NO_STATIC_PATH
1786790114.865 [STATE_CHANGE] GB_TRACK -> TRAILING src=GB_TRACK s=0.37 d=0.26 vs=3.32
1786790114.964 [OBSTACLES] cur_s=0.78 cur_d=0.30 vs=3.31 n=1 [id=55 static=1 gap=3.16m d=0.39 size=0.25]
1786790115.099 [STATIC_OT] state=TRAILING path_exists=0 path_locked=0 path_ttl_ok=0 path_safe=0 on_spline=0 speed=3.35 raw_wpnts=0 raw_age=-s decision=TRAILING reason=NO_STATIC_PATH
1786790115.314 [STATIC_OT] state=TRAILING path_exists=1 path_locked=0 path_ttl_ok=1 path_safe=1 on_spline=1 speed=3.19 raw_wpnts=111 raw_age=0.66s decision=OVERTAKE
1786790115.322 [STATE_CHANGE] TRAILING -> OVERTAKE src=OVERTAKE s=1.44 d=0.38 vs=3.19
1786790115.526 [OBSTACLES] cur_s=2.14 cur_d=0.25 vs=2.47 n=1 [id=55 static=1 gap=1.74m d=0.40 size=0.26]
1786790115.938 [STATIC_OT] state=OVERTAKE path_exists=1 path_locked=1 path_ttl_ok=1 path_safe=0 on_spline=0 speed=3.09 raw_wpnts=82 raw_age=0.53s decision=TRAILING reason=PATH_BLOCKED blocked_obs_id=56 gap=6.87m free_dist=-0.13m branch=static/geom
1786790115.938 [STATE_CHANGE] OVERTAKE -> TRAILING src=GB_TRACK s=2.88 d=0.03 vs=3.09
1786790116.134 [OBSTACLES] cur_s=3.75 cur_d=-0.04 vs=3.40 n=0 [none]
1786790116.143 [STATE_CHANGE] TRAILING -> GB_TRACK src=GB_TRACK s=3.75 d=-0.04 vs=3.40
1786790116.331 [STATIC_OT] state=GB_TRACK path_exists=1 path_locked=0 path_ttl_ok=1 path_safe=0 on_spline=1 speed=3.14 raw_wpnts=81 raw_age=0.67s decision=TRAILING reason=PATH_BLOCKED blocked_obs_id=57 gap=5.31m free_dist=-0.096m branch=static/geom
1786790116.334 [STATE_CHANGE] GB_TRACK -> TRAILING src=GB_TRACK s=4.32 d=-0.03 vs=3.14
1786790116.627 [STATIC_OT] state=TRAILING path_exists=1 path_locked=0 path_ttl_ok=1 path_safe=0 on_spline=0 speed=3.29 raw_wpnts=81 raw_age=0.63s decision=TRAILING reason=PATH_BLOCKED blocked_obs_id=57 gap=4.68m free_dist=-0.203m branch=static/geom
1786790116.776 [OBSTACLES] cur_s=5.74 cur_d=-0.04 vs=2.97 n=1 [id=57 static=1 gap=3.74m d=0.15 size=0.40]
1786790116.845 [STATIC_OT] state=TRAILING path_exists=1 path_locked=0 path_ttl_ok=0 path_safe=0 on_spline=1 speed=2.87 raw_wpnts=0 raw_age=-s decision=TRAILING reason=NO_STATIC_PATH
1786790117.076 [STATIC_OT] state=TRAILING path_exists=1 path_locked=0 path_ttl_ok=1 path_safe=1 on_spline=1 speed=2.41 raw_wpnts=115 raw_age=0.66s decision=OVERTAKE
1786790117.077 [STATE_CHANGE] TRAILING -> OVERTAKE src=OVERTAKE s=6.39 d=-0.06 vs=2.41
1786790117.287 [OBSTACLES] cur_s=7.01 cur_d=-0.09 vs=1.63 n=1 [id=57 static=1 gap=2.46m d=0.16 size=0.37]
1786790117.828 [OBSTACLES] cur_s=8.21 cur_d=-0.17 vs=2.70 n=1 [id=57 static=1 gap=1.27m d=0.15 size=0.34]
1786790118.376 [OBSTACLES] cur_s=9.46 cur_d=-0.38 vs=2.43 n=1 [id=57 static=1 gap=0.01m d=0.16 size=0.41]
1786790119.149 [OBSTACLES] cur_s=11.60 cur_d=0.01 vs=2.89 n=0 [none]
1786790119.711 [OBSTACLES] cur_s=13.38 cur_d=-0.00 vs=3.39 n=0 [none]
1786790120.260 [OBSTACLES] cur_s=15.12 cur_d=0.05 vs=3.00 n=0 [none]
1786790120.401 [STATE_CHANGE] OVERTAKE -> GB_TRACK src=GB_TRACK s=15.56 d=-0.00 vs=2.68
1786790120.752 [STATIC_OT] state=GB_TRACK path_exists=0 path_locked=0 path_ttl_ok=0 path_safe=0 on_spline=0 speed=2.48 raw_wpnts=0 raw_age=-s decision=TRAILING reason=NO_STATIC_PATH
1786790120.760 [STATE_CHANGE] GB_TRACK -> TRAILING src=GB_TRACK s=16.34 d=-0.01 vs=2.48
1786790120.847 [OBSTACLES] cur_s=16.51 cur_d=0.02 vs=2.52 n=1 [id=58 static=1 gap=4.83m d=0.21 size=0.27]
1786790121.049 [STATIC_OT] state=TRAILING path_exists=0 path_locked=0 path_ttl_ok=0 path_safe=0 on_spline=0 speed=2.69 raw_wpnts=0 raw_age=-s decision=TRAILING reason=NO_STATIC_PATH
1786790121.249 [STATIC_OT] state=TRAILING path_exists=0 path_locked=0 path_ttl_ok=0 path_safe=0 on_spline=0 speed=2.32 raw_wpnts=0 raw_age=-s decision=TRAILING reason=NO_STATIC_PATH
1786790121.348 [OBSTACLES] cur_s=17.77 cur_d=0.28 vs=2.19 n=1 [id=58 static=1 gap=3.50m d=0.19 size=0.29]
1786790121.363 [STATE_CHANGE] TRAILING -> OVERTAKE src=OVERTAKE s=17.77 d=0.28 vs=2.19
1786790121.927 [OBSTACLES] cur_s=18.90 cur_d=0.18 vs=1.89 n=1 [id=58 static=1 gap=2.37m d=0.18 size=0.27]
1786790122.440 [OBSTACLES] cur_s=20.13 cur_d=0.53 vs=2.41 n=1 [id=58 static=1 gap=1.14m d=0.14 size=0.24]
1786790122.956 [OBSTACLES] cur_s=21.29 cur_d=0.53 vs=2.03 n=0 [none]
1786790123.477 [OBSTACLES] cur_s=22.78 cur_d=0.01 vs=2.73 n=0 [none]
1786790123.990 [OBSTACLES] cur_s=24.42 cur_d=-0.01 vs=3.37 n=0 [none]
1786790124.579 [OBSTACLES] cur_s=26.17 cur_d=-0.04 vs=3.44 n=0 [none]
1786790124.852 [STATE_CHANGE] OVERTAKE -> LOSTLINE src=GB_TRACK s=26.95 d=0.06 vs=3.41
1786790124.976 [STATE_CHANGE] LOSTLINE -> GB_TRACK src=GB_TRACK s=27.46 d=0.15 vs=3.41
1786790125.110 [OBSTACLES] cur_s=27.96 cur_d=0.23 vs=3.42 n=0 [none]
1786790125.223 [STATE_CHANGE] GB_TRACK -> LOSTLINE src=GB_TRACK s=28.09 d=0.36 vs=3.43
1786790125.641 [OBSTACLES] cur_s=29.61 cur_d=0.36 vs=3.30 n=0 [none]
1786790125.787 [STATE_CHANGE] LOSTLINE -> GB_TRACK src=GB_TRACK s=30.00 d=0.23 vs=3.31
1786790126.193 [OBSTACLES] cur_s=31.42 cur_d=0.13 vs=3.40 n=0 [none]
1786790126.581 [STATE_CHANGE] GB_TRACK -> LOSTLINE src=GB_TRACK s=32.82 d=0.29 vs=3.29
1786790126.761 [OBSTACLES] cur_s=33.55 cur_d=0.35 vs=3.28 n=0 [none]
1786790126.826 [STATE_CHANGE] LOSTLINE -> RECOVERY src=RECOVERY s=33.94 d=0.35 vs=3.32
1786790126.985 [STATIC_OT] state=RECOVERY path_exists=0 path_locked=0 path_ttl_ok=0 path_safe=0 on_spline=0 speed=3.39 raw_wpnts=0 raw_age=-s decision=TRAILING reason=NO_STATIC_PATH
1786790126.987 [STATE_CHANGE] RECOVERY -> TRAILING src=RECOVERY s=34.44 d=0.30 vs=3.39
1786790127.254 [STATIC_OT] state=TRAILING path_exists=0 path_locked=0 path_ttl_ok=0 path_safe=0 on_spline=0 speed=3.43 raw_wpnts=0 raw_age=-s decision=TRAILING reason=NO_STATIC_PATH
1786790127.332 [OBSTACLES] cur_s=1.01 cur_d=0.21 vs=3.42 n=1 [id=60 static=1 gap=2.96m d=0.42 size=0.26]
1786790127.573 [STATIC_OT] state=TRAILING path_exists=1 path_locked=0 path_ttl_ok=1 path_safe=1 on_spline=1 speed=2.99 raw_wpnts=117 raw_age=0.84s decision=OVERTAKE
1786790127.582 [STATE_CHANGE] TRAILING -> OVERTAKE src=OVERTAKE s=1.71 d=0.29 vs=2.99
1786790127.903 [OBSTACLES] cur_s=2.56 cur_d=0.30 vs=2.21 n=1 [id=60 static=1 gap=1.42m d=0.42 size=0.26]
1786790128.437 [OBSTACLES] cur_s=3.59 cur_d=0.36 vs=2.33 n=1 [id=60 static=1 gap=0.38m d=0.42 size=0.22]
1786790128.585 [STATE_CHANGE] OVERTAKE -> LOSTLINE src=GB_TRACK s=4.93 d=0.48 vs=3.08
1786790129.020 [OBSTACLES] cur_s=6.29 cur_d=0.15 vs=2.89 n=0 [none]
1786790129.020 [STATE_CHANGE] LOSTLINE -> GB_TRACK src=GB_TRACK s=6.29 d=0.15 vs=2.89
1786790129.129 [STATIC_OT] state=GB_TRACK path_exists=1 path_locked=0 path_ttl_ok=1 path_safe=0 on_spline=1 speed=3.08 raw_wpnts=81 raw_age=0.61s decision=TRAILING reason=PATH_BLOCKED blocked_obs_id=63 gap=4.91m free_dist=-0.334m branch=static/geom
1786790129.130 [STATE_CHANGE] GB_TRACK -> TRAILING src=GB_TRACK s=6.52 d=0.05 vs=3.08
1786790129.357 [STATIC_OT] state=TRAILING path_exists=1 path_locked=0 path_ttl_ok=1 path_safe=0 on_spline=1 speed=3.40 raw_wpnts=81 raw_age=0.71s decision=TRAILING reason=PATH_BLOCKED blocked_obs_id=63 gap=4.0m free_dist=-0.343m branch=static/geom
1786790129.536 [OBSTACLES] cur_s=8.20 cur_d=-0.02 vs=3.06 n=1 [id=63 static=1 gap=3.07m d=-0.01 size=0.34]
1786790129.644 [STATIC_OT] state=TRAILING path_exists=1 path_locked=0 path_ttl_ok=0 path_safe=0 on_spline=1 speed=2.84 raw_wpnts=0 raw_age=-s decision=TRAILING reason=NO_STATIC_PATH
1786790129.760 [STATE_CHANGE] TRAILING -> OVERTAKE src=OVERTAKE s=8.89 d=0.10 vs=2.58
1786790130.083 [OBSTACLES] cur_s=9.53 cur_d=0.12 vs=2.27 n=0 [none]
1786790130.594 [OBSTACLES] cur_s=10.53 cur_d=-0.42 vs=2.09 n=2 [id=64 static=1 gap=0.75m d=-0.03 size=0.34; id=65 static=1 gap=1.52m d=0.17 size=0.16]
1786790130.840 [STATIC_OT] state=OVERTAKE path_exists=1 path_locked=1 path_ttl_ok=1 path_safe=0 on_spline=1 speed=2.30 raw_wpnts=81 raw_age=0.57s decision=TRAILING reason=PATH_BLOCKED blocked_obs_id=66 gap=1.24m free_dist=-0.107m branch=static/geom
1786790130.859 [STATE_CHANGE] OVERTAKE -> TRAILING src=GB_TRACK s=10.97 d=-0.49 vs=2.30
1786790131.148 [OBSTACLES] cur_s=11.30 cur_d=-0.41 vs=2.18 n=0 [none]
1786790131.155 [STATE_CHANGE] TRAILING -> LOSTLINE src=GB_TRACK s=11.30 d=-0.41 vs=2.18
1786790131.284 [STATE_CHANGE] LOSTLINE -> GB_TRACK src=GB_TRACK s=11.46 d=-0.14 vs=1.74
1786790131.665 [OBSTACLES] cur_s=11.38 cur_d=0.29 vs=0.13 n=0 [none]
1786790131.894 [STATIC_OT] state=GB_TRACK path_exists=1 path_locked=0 path_ttl_ok=0 path_safe=0 on_spline=0 speed=0.14 raw_wpnts=0 raw_age=-s decision=TRAILING reason=NO_STATIC_PATH
1786790131.894 [STATE_CHANGE] GB_TRACK -> TRAILING src=GB_TRACK s=11.34 d=0.29 vs=0.14
1786790132.101 [STATE_CHANGE] TRAILING -> LOSTLINE src=GB_TRACK s=11.33 d=0.31 vs=0.00
1786790132.191 [OBSTACLES] cur_s=11.31 cur_d=0.30 vs=-0.08 n=1 [id=68 static=1 gap=0.11m d=0.04 size=0.31]
1786790132.199 [STATIC_OT] state=GB_TRACK path_exists=1 path_locked=0 path_ttl_ok=0 path_safe=0 on_spline=0 speed=-0.08 raw_wpnts=0 raw_age=-s decision=TRAILING reason=NO_STATIC_PATH
1786790132.209 [STATE_CHANGE] LOSTLINE -> TRAILING src=GB_TRACK s=11.31 d=0.30 vs=-0.08
1786790132.479 [STATIC_OT] state=TRAILING path_exists=1 path_locked=0 path_ttl_ok=0 path_safe=0 on_spline=0 speed=-0.13 raw_wpnts=0 raw_age=-s decision=TRAILING reason=NO_STATIC_PATH
1786790132.580 [STATE_CHANGE] TRAILING -> OVERTAKE src=OVERTAKE s=11.28 d=0.28 vs=-0.11
1786790132.700 [STATIC_OT] state=OVERTAKE path_exists=1 path_locked=1 path_ttl_ok=1 path_safe=0 on_spline=1 speed=0.00 raw_wpnts=81 raw_age=0.68s decision=TRAILING reason=PATH_BLOCKED blocked_obs_id=68 gap=0.29m free_dist=0.005m branch=static/geom
1786790132.701 [STATE_CHANGE] OVERTAKE -> TRAILING src=GB_TRACK s=11.27 d=0.29 vs=0.00
1786790132.813 [OBSTACLES] cur_s=11.26 cur_d=0.29 vs=0.00 n=1 [id=68 static=1 gap=0.11m d=0.04 size=0.35]
1786790132.928 [STATIC_OT] state=TRAILING path_exists=1 path_locked=0 path_ttl_ok=0 path_safe=0 on_spline=1 speed=0.00 raw_wpnts=0 raw_age=-s decision=TRAILING reason=NO_STATIC_PATH
1786790133.176 [STATIC_OT] state=TRAILING path_exists=1 path_locked=0 path_ttl_ok=1 path_safe=0 on_spline=1 speed=0.00 raw_wpnts=81 raw_age=0.73s decision=TRAILING reason=PATH_BLOCKED blocked_obs_id=68 gap=0.28m free_dist=-0.013m branch=static/geom
1786790133.342 [OBSTACLES] cur_s=11.28 cur_d=0.28 vs=0.00 n=1 [id=68 static=1 gap=0.09m d=0.04 size=0.37]
1786790133.448 [STATIC_OT] state=TRAILING path_exists=1 path_locked=0 path_ttl_ok=1 path_safe=0 on_spline=1 speed=0.00 raw_wpnts=81 raw_age=0.62s decision=TRAILING reason=PATH_BLOCKED blocked_obs_id=68 gap=0.28m free_dist=0.013m branch=static/geom
1786790133.532 [STATE_CHANGE] TRAILING -> OVERTAKE src=OVERTAKE s=11.29 d=0.28 vs=0.00
1786790133.613 [STATE_CHANGE] OVERTAKE -> TRAILING src=GB_TRACK s=11.29 d=0.28 vs=0.00
1786790133.669 [STATIC_OT] state=TRAILING path_exists=1 path_locked=0 path_ttl_ok=1 path_safe=0 on_spline=1 speed=0.00 raw_wpnts=81 raw_age=0.45s decision=TRAILING reason=PATH_BLOCKED blocked_obs_id=68 gap=0.28m free_dist=-0.009m branch=static/geom
1786790133.903 [OBSTACLES] cur_s=11.28 cur_d=0.28 vs=0.00 n=1 [id=68 static=1 gap=0.10m d=0.03 size=0.37]
1786790133.912 [STATIC_OT] state=TRAILING path_exists=1 path_locked=0 path_ttl_ok=1 path_safe=0 on_spline=1 speed=0.00 raw_wpnts=81 raw_age=0.57s decision=TRAILING reason=PATH_BLOCKED blocked_obs_id=68 gap=0.28m free_dist=-0.013m branch=static/geom
1786790134.195 [STATIC_OT] state=TRAILING path_exists=1 path_locked=0 path_ttl_ok=1 path_safe=0 on_spline=1 speed=0.00 raw_wpnts=81 raw_age=0.48s decision=TRAILING reason=PATH_BLOCKED blocked_obs_id=68 gap=0.29m free_dist=-0.006m branch=static/geom
1786790134.476 [OBSTACLES] cur_s=11.25 cur_d=0.28 vs=0.00 n=1 [id=68 static=1 gap=0.14m d=0.03 size=0.36]
1786790134.487 [STATIC_OT] state=TRAILING path_exists=1 path_locked=0 path_ttl_ok=1 path_safe=0 on_spline=1 speed=0.00 raw_wpnts=81 raw_age=0.53s decision=TRAILING reason=PATH_BLOCKED blocked_obs_id=68 gap=0.32m free_dist=-0.005m branch=static/geom
1786790134.697 [STATIC_OT] state=TRAILING path_exists=1 path_locked=0 path_ttl_ok=1 path_safe=0 on_spline=1 speed=0.00 raw_wpnts=81 raw_age=0.54s decision=TRAILING reason=PATH_BLOCKED blocked_obs_id=68 gap=0.32m free_dist=-0.005m branch=static/geom
1786790134.917 [STATIC_OT] state=TRAILING path_exists=1 path_locked=0 path_ttl_ok=1 path_safe=1 on_spline=1 speed=0.00 raw_wpnts=81 raw_age=0.57s decision=OVERTAKE
1786790134.918 [STATE_CHANGE] TRAILING -> OVERTAKE src=OVERTAKE s=11.24 d=0.28 vs=0.00
1786790134.981 [OBSTACLES] cur_s=11.25 cur_d=0.28 vs=0.00 n=1 [id=68 static=1 gap=0.14m d=0.03 size=0.36]
1786790135.556 [OBSTACLES] cur_s=11.29 cur_d=0.28 vs=0.00 n=1 [id=68 static=1 gap=0.09m d=0.03 size=0.36]
1786790136.127 [OBSTACLES] cur_s=11.28 cur_d=0.28 vs=0.00 n=1 [id=68 static=1 gap=0.10m d=0.03 size=0.36]
1786790136.697 [OBSTACLES] cur_s=11.29 cur_d=0.27 vs=0.00 n=1 [id=68 static=1 gap=0.10m d=0.03 size=0.35]
1786790137.229 [OBSTACLES] cur_s=11.28 cur_d=0.28 vs=0.00 n=1 [id=68 static=1 gap=0.11m d=0.03 size=0.36]
1786790137.752 [OBSTACLES] cur_s=11.29 cur_d=0.27 vs=0.00 n=1 [id=68 static=1 gap=0.10m d=0.03 size=0.36]
1786790138.222 [STATIC_OT] state=OVERTAKE path_exists=1 path_locked=1 path_ttl_ok=1 path_safe=0 on_spline=1 speed=0.00 raw_wpnts=81 raw_age=0.58s decision=TRAILING reason=PATH_BLOCKED blocked_obs_id=68 gap=0.27m free_dist=-0.024m branch=static/geom
1786790138.224 [STATE_CHANGE] OVERTAKE -> TRAILING src=GB_TRACK s=11.30 d=0.27 vs=0.00
1786790138.311 [OBSTACLES] cur_s=11.29 cur_d=0.27 vs=0.00 n=1 [id=68 static=1 gap=0.07m d=0.03 size=0.42]
1786790138.461 [STATIC_OT] state=TRAILING path_exists=1 path_locked=0 path_ttl_ok=1 path_safe=0 on_spline=1 speed=0.00 raw_wpnts=81 raw_age=0.63s decision=TRAILING reason=PATH_BLOCKED blocked_obs_id=68 gap=0.43m free_dist=-0.025m branch=static/geom
1786790138.703 [STATIC_OT] state=TRAILING path_exists=1 path_locked=0 path_ttl_ok=1 path_safe=0 on_spline=1 speed=0.00 raw_wpnts=81 raw_age=0.55s decision=TRAILING reason=PATH_BLOCKED blocked_obs_id=68 gap=0.46m free_dist=0.022m branch=static/geom
1786790138.847 [OBSTACLES] cur_s=11.07 cur_d=0.52 vs=0.00 n=1 [id=68 static=1 gap=0.34m d=0.03 size=0.32]
1786790138.932 [STATE_CHANGE] TRAILING -> LOSTLINE src=GB_TRACK s=11.07 d=0.54 vs=0.00
1786790139.376 [OBSTACLES] cur_s=10.62 cur_d=0.40 vs=0.00 n=0 [none]
1786790139.563 [STATE_CHANGE] LOSTLINE -> GB_TRACK src=GB_TRACK s=10.46 d=0.24 vs=0.00
1786790139.937 [OBSTACLES] cur_s=10.14 cur_d=0.24 vs=0.00 n=0 [none]
1786790140.143 [STATIC_OT] state=GB_TRACK path_exists=1 path_locked=0 path_ttl_ok=0 path_safe=0 on_spline=0 speed=0.00 raw_wpnts=0 raw_age=-s decision=TRAILING reason=NO_STATIC_PATH
1786790140.144 [STATE_CHANGE] GB_TRACK -> TRAILING src=GB_TRACK s=10.14 d=0.25 vs=0.00
1786790140.378 [STATIC_OT] state=TRAILING path_exists=1 path_locked=0 path_ttl_ok=0 path_safe=0 on_spline=0 speed=0.00 raw_wpnts=0 raw_age=-s decision=TRAILING reason=NO_STATIC_PATH
1786790140.480 [OBSTACLES] cur_s=10.15 cur_d=0.24 vs=0.00 n=1 [id=73 static=0 gap=1.11m d=0.48 size=0.23]
1786790140.483 [STATE_CHANGE] TRAILING -> RECOVERY src=RECOVERY s=10.15 d=0.24 vs=0.00
1786790141.011 [OBSTACLES] cur_s=10.15 cur_d=0.24 vs=0.00 n=0 [none]
1786790141.514 [OBSTACLES] cur_s=10.15 cur_d=0.24 vs=0.00 n=0 [none]
1786790142.093 [OBSTACLES] cur_s=10.14 cur_d=0.24 vs=0.00 n=0 [none]
1786790142.674 [OBSTACLES] cur_s=10.14 cur_d=0.24 vs=0.00 n=0 [none]
1786790143.181 [OBSTACLES] cur_s=10.15 cur_d=0.25 vs=0.00 n=0 [none]
1786790143.399 [STATIC_OT] state=RECOVERY path_exists=0 path_locked=0 path_ttl_ok=0 path_safe=0 on_spline=0 speed=0.00 raw_wpnts=0 raw_age=-s decision=TRAILING reason=NO_STATIC_PATH
1786790143.401 [STATE_CHANGE] RECOVERY -> TRAILING src=RECOVERY s=10.11 d=0.25 vs=0.00
1786790143.553 [STATE_CHANGE] TRAILING -> OVERTAKE src=OVERTAKE s=10.10 d=0.25 vs=0.00
1786790143.733 [OBSTACLES] cur_s=10.10 cur_d=0.25 vs=0.00 n=1 [id=75 static=1 gap=0.46m d=0.13 size=0.16]
1786790144.248 [OBSTACLES] cur_s=10.11 cur_d=0.24 vs=0.00 n=1 [id=76 static=1 gap=0.38m d=0.09 size=0.23]
1786790144.260 [STATIC_OT] state=OVERTAKE path_exists=1 path_locked=1 path_ttl_ok=1 path_safe=1 on_spline=1 speed=0.00 raw_wpnts=81 raw_age=0.60s decision=OVERTAKE
1786790144.799 [OBSTACLES] cur_s=10.11 cur_d=0.24 vs=0.00 n=0 [none]
1786790145.331 [OBSTACLES] cur_s=10.11 cur_d=0.25 vs=0.00 n=0 [none]
1786790145.951 [OBSTACLES] cur_s=10.11 cur_d=0.25 vs=0.00 n=0 [none]
1786790146.460 [OBSTACLES] cur_s=10.11 cur_d=0.25 vs=0.00 n=0 [none]
1786790147.044 [OBSTACLES] cur_s=10.11 cur_d=0.25 vs=0.00 n=0 [none]
1786790147.605 [OBSTACLES] cur_s=10.11 cur_d=0.25 vs=0.00 n=0 [none]
1786790148.119 [OBSTACLES] cur_s=10.10 cur_d=0.24 vs=0.00 n=1 [id=80 static=0 gap=0.54m d=0.04 size=0.29]
1786790148.125 [STATIC_OT] state=OVERTAKE path_exists=1 path_locked=1 path_ttl_ok=0 path_safe=0 on_spline=1 speed=0.00 raw_wpnts=0 raw_age=-s decision=TRAILING reason=NO_STATIC_PATH
1786790148.125 [STATE_CHANGE] OVERTAKE -> TRAILING src=GB_TRACK s=10.10 d=0.24 vs=0.00
1786790148.335 [STATIC_OT] state=TRAILING path_exists=0 path_locked=0 path_ttl_ok=0 path_safe=0 on_spline=0 speed=0.00 raw_wpnts=0 raw_age=-s decision=TRAILING reason=NO_STATIC_PATH
1786790148.340 [STATE_CHANGE] TRAILING -> RECOVERY src=RECOVERY s=10.11 d=0.24 vs=0.00
1786790148.440 [STATE_CHANGE] RECOVERY -> TRAILING src=RECOVERY s=10.08 d=0.26 vs=0.00
1786790148.545 [STATIC_OT] state=TRAILING path_exists=0 path_locked=0 path_ttl_ok=0 path_safe=0 on_spline=0 speed=0.00 raw_wpnts=0 raw_age=-s decision=TRAILING reason=NO_STATIC_PATH
1786790148.624 [OBSTACLES] cur_s=10.10 cur_d=0.25 vs=0.00 n=1 [id=80 static=0 gap=0.59m d=0.13 size=0.44]
1786790148.731 [STATE_CHANGE] TRAILING -> RECOVERY src=RECOVERY s=10.10 d=0.25 vs=0.00
1786790148.763 [STATIC_OT] state=RECOVERY path_exists=0 path_locked=0 path_ttl_ok=0 path_safe=0 on_spline=0 speed=0.00 raw_wpnts=0 raw_age=-s decision=TRAILING reason=NO_STATIC_PATH
1786790148.763 [STATE_CHANGE] RECOVERY -> TRAILING src=RECOVERY s=10.10 d=0.25 vs=0.00
1786790148.970 [STATIC_OT] state=TRAILING path_exists=0 path_locked=0 path_ttl_ok=0 path_safe=0 on_spline=0 speed=0.00 raw_wpnts=0 raw_age=-s decision=TRAILING reason=NO_STATIC_PATH
1786790149.131 [OBSTACLES] cur_s=10.15 cur_d=0.24 vs=0.00 n=0 [none]
1786790149.131 [STATE_CHANGE] TRAILING -> RECOVERY src=RECOVERY s=10.15 d=0.24 vs=0.00
1786790149.152 [STATE_CHANGE] RECOVERY -> TRAILING src=RECOVERY s=10.15 d=0.24 vs=0.00
1786790149.309 [STATIC_OT] state=TRAILING path_exists=0 path_locked=0 path_ttl_ok=0 path_safe=0 on_spline=0 speed=0.00 raw_wpnts=0 raw_age=-s decision=TRAILING reason=NO_STATIC_PATH
1786790149.384 [STATE_CHANGE] TRAILING -> RECOVERY src=RECOVERY s=10.14 d=0.24 vs=0.00
1786790149.413 [STATE_CHANGE] RECOVERY -> TRAILING src=RECOVERY s=10.14 d=0.24 vs=0.00
1786790149.592 [STATE_CHANGE] TRAILING -> RECOVERY src=RECOVERY s=10.14 d=0.24 vs=0.00
1786790149.665 [OBSTACLES] cur_s=10.14 cur_d=0.24 vs=0.00 n=1 [id=80 static=0 gap=2.16m d=0.05 size=0.26]
1786790149.668 [STATIC_OT] state=RECOVERY path_exists=0 path_locked=0 path_ttl_ok=0 path_safe=0 on_spline=0 speed=0.00 raw_wpnts=0 raw_age=-s decision=TRAILING reason=NO_STATIC_PATH
1786790149.668 [STATE_CHANGE] RECOVERY -> TRAILING src=RECOVERY s=10.14 d=0.24 vs=0.00
1786790149.711 [STATE_CHANGE] TRAILING -> RECOVERY src=RECOVERY s=10.14 d=0.24 vs=0.00
1786790149.764 [STATE_CHANGE] RECOVERY -> TRAILING src=RECOVERY s=10.14 d=0.24 vs=0.00
1786790149.890 [STATIC_OT] state=TRAILING path_exists=0 path_locked=0 path_ttl_ok=0 path_safe=0 on_spline=0 speed=0.00 raw_wpnts=0 raw_age=-s decision=TRAILING reason=NO_STATIC_PATH
1786790150.091 [STATIC_OT] state=TRAILING path_exists=0 path_locked=0 path_ttl_ok=0 path_safe=0 on_spline=0 speed=0.00 raw_wpnts=0 raw_age=-s decision=TRAILING reason=NO_STATIC_PATH
1786790150.190 [OBSTACLES] cur_s=10.14 cur_d=0.24 vs=0.00 n=1 [id=80 static=0 gap=2.48m d=0.13 size=0.15]
1786790150.247 [STATE_CHANGE] TRAILING -> RECOVERY src=RECOVERY s=10.14 d=0.24 vs=0.00
1786790150.715 [OBSTACLES] cur_s=10.14 cur_d=0.24 vs=0.00 n=0 [none]
1786790151.232 [OBSTACLES] cur_s=10.14 cur_d=0.24 vs=0.00 n=0 [none]
1786790151.751 [OBSTACLES] cur_s=10.14 cur_d=0.24 vs=0.00 n=0 [none]
1786790152.290 [OBSTACLES] cur_s=10.14 cur_d=0.24 vs=0.00 n=0 [none]
1786790152.797 [OBSTACLES] cur_s=10.14 cur_d=0.24 vs=0.00 n=0 [none]
1786790153.389 [OBSTACLES] cur_s=10.14 cur_d=0.24 vs=0.00 n=0 [none]
1786790153.927 [OBSTACLES] cur_s=10.14 cur_d=0.24 vs=0.00 n=0 [none]
1786790154.433 [OBSTACLES] cur_s=10.14 cur_d=0.24 vs=0.00 n=0 [none]
1786790154.972 [OBSTACLES] cur_s=10.14 cur_d=0.24 vs=0.00 n=0 [none]
1786790155.477 [OBSTACLES] cur_s=10.14 cur_d=0.24 vs=0.00 n=0 [none]
1786790156.028 [OBSTACLES] cur_s=10.14 cur_d=0.24 vs=0.00 n=0 [none]
1786790156.529 [OBSTACLES] cur_s=10.14 cur_d=0.24 vs=0.00 n=0 [none]
1786790157.122 [OBSTACLES] cur_s=10.14 cur_d=0.24 vs=0.00 n=0 [none]
1786790157.632 [OBSTACLES] cur_s=10.14 cur_d=0.24 vs=0.00 n=0 [none]
1786790158.135 [OBSTACLES] cur_s=10.14 cur_d=0.24 vs=0.00 n=0 [none]
1786790158.136 [STATE_CHANGE] RECOVERY -> LOSTLINE src=GB_TRACK s=10.14 d=0.24 vs=0.00
