# state_machine debug log started 20260821_182540  map='0820test1'
1787304351.368 [OBSTACLES] cur_s=12.82 cur_d=-0.32 vs=0.00 n=1 [id=1 static=1 gap=2.69m d=-0.21 size=0.28]
1787304351.378 [STATIC_OT] state=GB_TRACK path_exists=0 path_locked=0 path_ttl_ok=0 path_safe=0 on_spline=0 speed=0.00 raw_wpnts=0 raw_age=-s decision=TRAILING reason=NO_STATIC_PATH
1787304351.400 [STATE_CHANGE] None -> TRAILING src=GB_TRACK s=12.82 d=-0.32 vs=0.00
1787304351.783 [STATIC_OT] state=TRAILING path_exists=0 path_locked=0 path_ttl_ok=0 path_safe=0 on_spline=0 speed=-0.01 raw_wpnts=0 raw_age=-s decision=TRAILING reason=NO_STATIC_PATH
1787304351.981 [OBSTACLES] cur_s=12.80 cur_d=-0.35 vs=-0.01 n=1 [id=1 static=1 gap=2.71m d=-0.21 size=0.28]
1787304352.007 [STATIC_OT] state=TRAILING path_exists=0 path_locked=0 path_ttl_ok=0 path_safe=0 on_spline=0 speed=-0.01 raw_wpnts=0 raw_age=-s decision=TRAILING reason=NO_STATIC_PATH
1787304352.268 [STATIC_OT] state=TRAILING path_exists=0 path_locked=0 path_ttl_ok=0 path_safe=0 on_spline=0 speed=-0.01 raw_wpnts=0 raw_age=-s decision=TRAILING reason=NO_STATIC_PATH
1787304352.488 [OBSTACLES] cur_s=12.81 cur_d=-0.35 vs=0.00 n=1 [id=1 static=1 gap=2.70m d=-0.21 size=0.28]
1787304352.541 [STATIC_OT] state=TRAILING path_exists=0 path_locked=0 path_ttl_ok=0 path_safe=0 on_spline=0 speed=0.00 raw_wpnts=0 raw_age=-s decision=TRAILING reason=NO_STATIC_PATH
1787304353.083 [OBSTACLES] cur_s=12.81 cur_d=-0.33 vs=-0.00 n=1 [id=1 static=1 gap=2.70m d=-0.21 size=0.28]
1787304353.119 [STATIC_OT] state=TRAILING path_exists=0 path_locked=0 path_ttl_ok=0 path_safe=0 on_spline=0 speed=-0.00 raw_wpnts=0 raw_age=-s decision=TRAILING reason=NO_STATIC_PATH
1787304353.434 [STATIC_OT] state=TRAILING path_exists=0 path_locked=0 path_ttl_ok=0 path_safe=0 on_spline=0 speed=0.00 raw_wpnts=0 raw_age=-s decision=TRAILING reason=NO_STATIC_PATH
1787304353.694 [OBSTACLES] cur_s=12.80 cur_d=-0.34 vs=-0.00 n=1 [id=1 static=1 gap=2.70m d=-0.21 size=0.29]
1787304353.711 [STATIC_OT] state=TRAILING path_exists=0 path_locked=0 path_ttl_ok=0 path_safe=0 on_spline=0 speed=-0.00 raw_wpnts=0 raw_age=-s decision=TRAILING reason=NO_STATIC_PATH
1787304354.148 [STATIC_OT] state=TRAILING path_exists=0 path_locked=0 path_ttl_ok=0 path_safe=0 on_spline=0 speed=0.01 raw_wpnts=0 raw_age=-s decision=TRAILING reason=NO_STATIC_PATH
1787304354.313 [OBSTACLES] cur_s=12.80 cur_d=-0.34 vs=-0.01 n=1 [id=1 static=1 gap=2.71m d=-0.21 size=0.27]
1787304354.531 [STATIC_OT] state=TRAILING path_exists=0 path_locked=0 path_ttl_ok=0 path_safe=0 on_spline=0 speed=0.00 raw_wpnts=0 raw_age=-s decision=TRAILING reason=NO_STATIC_PATH
1787304354.782 [STATIC_OT] state=TRAILING path_exists=0 path_locked=0 path_ttl_ok=0 path_safe=0 on_spline=0 speed=0.01 raw_wpnts=0 raw_age=-s decision=TRAILING reason=NO_STATIC_PATH
1787304354.829 [OBSTACLES] cur_s=12.82 cur_d=-0.35 vs=0.01 n=1 [id=1 static=1 gap=2.67m d=-0.21 size=0.30]
1787304355.062 [STATIC_OT] state=TRAILING path_exists=0 path_locked=0 path_ttl_ok=0 path_safe=0 on_spline=0 speed=-0.01 raw_wpnts=0 raw_age=-s decision=TRAILING reason=NO_STATIC_PATH
1787304355.336 [OBSTACLES] cur_s=12.80 cur_d=-0.35 vs=-0.00 n=1 [id=1 static=1 gap=2.70m d=-0.20 size=0.30]
1787304355.342 [STATIC_OT] state=TRAILING path_exists=0 path_locked=0 path_ttl_ok=0 path_safe=0 on_spline=0 speed=-0.00 raw_wpnts=0 raw_age=-s decision=TRAILING reason=NO_STATIC_PATH
1787304355.617 [STATIC_OT] state=TRAILING path_exists=0 path_locked=0 path_ttl_ok=0 path_safe=0 on_spline=0 speed=-0.03 raw_wpnts=0 raw_age=-s decision=TRAILING reason=NO_STATIC_PATH
1787304355.832 [STATIC_OT] state=TRAILING path_exists=0 path_locked=0 path_ttl_ok=0 path_safe=0 on_spline=0 speed=-0.01 raw_wpnts=0 raw_age=-s decision=TRAILING reason=NO_STATIC_PATH
1787304355.920 [OBSTACLES] cur_s=12.79 cur_d=-0.36 vs=-0.00 n=1 [id=1 static=1 gap=2.70m d=-0.20 size=0.29]
1787304356.059 [STATIC_OT] state=TRAILING path_exists=0 path_locked=0 path_ttl_ok=0 path_safe=0 on_spline=0 speed=-0.00 raw_wpnts=0 raw_age=-s decision=TRAILING reason=NO_STATIC_PATH
1787304356.281 [STATIC_OT] state=TRAILING path_exists=0 path_locked=0 path_ttl_ok=0 path_safe=0 on_spline=0 speed=0.01 raw_wpnts=0 raw_age=-s decision=TRAILING reason=NO_STATIC_PATH
1787304356.423 [OBSTACLES] cur_s=12.80 cur_d=-0.34 vs=0.01 n=1 [id=1 static=1 gap=2.70m d=-0.20 size=0.28]
1787304356.508 [STATIC_OT] state=TRAILING path_exists=0 path_locked=0 path_ttl_ok=0 path_safe=0 on_spline=0 speed=0.01 raw_wpnts=0 raw_age=-s decision=TRAILING reason=NO_STATIC_PATH
1787304356.710 [STATIC_OT] state=TRAILING path_exists=0 path_locked=0 path_ttl_ok=0 path_safe=0 on_spline=0 speed=-0.00 raw_wpnts=0 raw_age=-s decision=TRAILING reason=NO_STATIC_PATH
1787304357.159 [OBSTACLES] cur_s=12.82 cur_d=-0.35 vs=0.02 n=1 [id=1 static=1 gap=2.69m d=-0.20 size=0.27]
1787304357.176 [STATIC_OT] state=TRAILING path_exists=0 path_locked=0 path_ttl_ok=0 path_safe=0 on_spline=0 speed=0.02 raw_wpnts=0 raw_age=-s decision=TRAILING reason=NO_STATIC_PATH
1787304357.432 [STATIC_OT] state=TRAILING path_exists=0 path_locked=0 path_ttl_ok=0 path_safe=0 on_spline=0 speed=-0.00 raw_wpnts=0 raw_age=-s decision=TRAILING reason=NO_STATIC_PATH
1787304357.648 [STATIC_OT] state=TRAILING path_exists=0 path_locked=0 path_ttl_ok=0 path_safe=0 on_spline=0 speed=-0.00 raw_wpnts=0 raw_age=-s decision=TRAILING reason=NO_STATIC_PATH
1787304357.703 [OBSTACLES] cur_s=12.79 cur_d=-0.35 vs=-0.01 n=1 [id=1 static=1 gap=2.71m d=-0.20 size=0.28]
1787304357.873 [STATIC_OT] state=TRAILING path_exists=0 path_locked=0 path_ttl_ok=0 path_safe=0 on_spline=0 speed=-0.00 raw_wpnts=0 raw_age=-s decision=TRAILING reason=NO_STATIC_PATH
1787304358.083 [STATIC_OT] state=TRAILING path_exists=0 path_locked=0 path_ttl_ok=0 path_safe=0 on_spline=0 speed=-0.02 raw_wpnts=0 raw_age=-s decision=TRAILING reason=NO_STATIC_PATH
1787304358.230 [OBSTACLES] cur_s=12.79 cur_d=-0.35 vs=-0.01 n=1 [id=1 static=1 gap=2.71m d=-0.20 size=0.29]
1787304358.359 [STATIC_OT] state=TRAILING path_exists=0 path_locked=0 path_ttl_ok=0 path_safe=0 on_spline=0 speed=-0.01 raw_wpnts=0 raw_age=-s decision=TRAILING reason=NO_STATIC_PATH
1787304358.617 [STATIC_OT] state=TRAILING path_exists=0 path_locked=0 path_ttl_ok=0 path_safe=0 on_spline=0 speed=0.01 raw_wpnts=0 raw_age=-s decision=TRAILING reason=NO_STATIC_PATH
1787304358.742 [OBSTACLES] cur_s=12.82 cur_d=-0.34 vs=0.03 n=1 [id=1 static=1 gap=2.67m d=-0.20 size=0.29]
1787304358.862 [STATIC_OT] state=TRAILING path_exists=0 path_locked=0 path_ttl_ok=0 path_safe=0 on_spline=0 speed=0.02 raw_wpnts=0 raw_age=-s decision=TRAILING reason=NO_STATIC_PATH
1787304359.076 [STATIC_OT] state=TRAILING path_exists=0 path_locked=0 path_ttl_ok=0 path_safe=0 on_spline=0 speed=0.02 raw_wpnts=0 raw_age=-s decision=TRAILING reason=NO_STATIC_PATH
1787304359.274 [OBSTACLES] cur_s=12.80 cur_d=-0.34 vs=-0.01 n=1 [id=1 static=1 gap=2.70m d=-0.20 size=0.28]
1787304359.284 [STATIC_OT] state=TRAILING path_exists=0 path_locked=0 path_ttl_ok=0 path_safe=0 on_spline=0 speed=-0.01 raw_wpnts=0 raw_age=-s decision=TRAILING reason=NO_STATIC_PATH
1787304359.534 [STATIC_OT] state=TRAILING path_exists=0 path_locked=0 path_ttl_ok=0 path_safe=0 on_spline=0 speed=0.03 raw_wpnts=0 raw_age=-s decision=TRAILING reason=NO_STATIC_PATH
1787304359.767 [STATIC_OT] state=TRAILING path_exists=0 path_locked=0 path_ttl_ok=0 path_safe=0 on_spline=0 speed=0.02 raw_wpnts=0 raw_age=-s decision=TRAILING reason=NO_STATIC_PATH
1787304359.822 [OBSTACLES] cur_s=12.83 cur_d=-0.33 vs=0.02 n=1 [id=1 static=1 gap=2.67m d=-0.20 size=0.28]
1787304360.010 [STATIC_OT] state=TRAILING path_exists=0 path_locked=0 path_ttl_ok=0 path_safe=0 on_spline=0 speed=0.00 raw_wpnts=0 raw_age=-s decision=TRAILING reason=NO_STATIC_PATH
1787304360.253 [STATIC_OT] state=TRAILING path_exists=0 path_locked=0 path_ttl_ok=0 path_safe=0 on_spline=0 speed=-0.00 raw_wpnts=0 raw_age=-s decision=TRAILING reason=NO_STATIC_PATH
1787304360.430 [OBSTACLES] cur_s=12.82 cur_d=-0.34 vs=0.00 n=1 [id=1 static=1 gap=2.69m d=-0.20 size=0.27]
1787304360.553 [STATIC_OT] state=TRAILING path_exists=0 path_locked=0 path_ttl_ok=0 path_safe=0 on_spline=0 speed=-0.01 raw_wpnts=0 raw_age=-s decision=TRAILING reason=NO_STATIC_PATH
1787304360.855 [STATIC_OT] state=TRAILING path_exists=0 path_locked=0 path_ttl_ok=0 path_safe=0 on_spline=0 speed=-0.00 raw_wpnts=0 raw_age=-s decision=TRAILING reason=NO_STATIC_PATH
1787304361.044 [OBSTACLES] cur_s=12.81 cur_d=-0.33 vs=0.00 n=1 [id=1 static=1 gap=2.69m d=-0.20 size=0.28]
1787304361.064 [STATIC_OT] state=TRAILING path_exists=0 path_locked=0 path_ttl_ok=0 path_safe=0 on_spline=0 speed=0.00 raw_wpnts=0 raw_age=-s decision=TRAILING reason=NO_STATIC_PATH
1787304361.354 [STATIC_OT] state=TRAILING path_exists=0 path_locked=0 path_ttl_ok=0 path_safe=0 on_spline=0 speed=-0.01 raw_wpnts=0 raw_age=-s decision=TRAILING reason=NO_STATIC_PATH
1787304361.706 [OBSTACLES] cur_s=12.81 cur_d=-0.34 vs=-0.00 n=1 [id=1 static=1 gap=2.69m d=-0.20 size=0.29]
1787304361.710 [STATIC_OT] state=TRAILING path_exists=0 path_locked=0 path_ttl_ok=0 path_safe=0 on_spline=0 speed=-0.00 raw_wpnts=0 raw_age=-s decision=TRAILING reason=NO_STATIC_PATH
1787304361.940 [STATIC_OT] state=TRAILING path_exists=0 path_locked=0 path_ttl_ok=0 path_safe=0 on_spline=0 speed=-0.03 raw_wpnts=0 raw_age=-s decision=TRAILING reason=NO_STATIC_PATH
1787304362.207 [STATIC_OT] state=TRAILING path_exists=0 path_locked=0 path_ttl_ok=0 path_safe=0 on_spline=0 speed=-0.02 raw_wpnts=0 raw_age=-s decision=TRAILING reason=NO_STATIC_PATH
1787304362.272 [OBSTACLES] cur_s=12.79 cur_d=-0.35 vs=-0.02 n=1 [id=1 static=1 gap=2.71m d=-0.20 size=0.28]
1787304362.531 [STATIC_OT] state=TRAILING path_exists=0 path_locked=0 path_ttl_ok=0 path_safe=0 on_spline=0 speed=0.01 raw_wpnts=0 raw_age=-s decision=TRAILING reason=NO_STATIC_PATH
1787304363.000 [OBSTACLES] cur_s=12.81 cur_d=-0.34 vs=0.01 n=1 [id=1 static=1 gap=2.69m d=-0.20 size=0.28]
1787304363.002 [STATIC_OT] state=TRAILING path_exists=0 path_locked=0 path_ttl_ok=0 path_safe=0 on_spline=0 speed=0.01 raw_wpnts=0 raw_age=-s decision=TRAILING reason=NO_STATIC_PATH
1787304363.265 [STATIC_OT] state=TRAILING path_exists=0 path_locked=0 path_ttl_ok=0 path_safe=0 on_spline=0 speed=0.01 raw_wpnts=0 raw_age=-s decision=TRAILING reason=NO_STATIC_PATH
1787304363.469 [STATIC_OT] state=TRAILING path_exists=0 path_locked=0 path_ttl_ok=0 path_safe=0 on_spline=0 speed=-0.00 raw_wpnts=0 raw_age=-s decision=TRAILING reason=NO_STATIC_PATH
1787304363.504 [OBSTACLES] cur_s=12.80 cur_d=-0.34 vs=-0.01 n=1 [id=1 static=1 gap=2.70m d=-0.20 size=0.29]
1787304363.713 [STATIC_OT] state=TRAILING path_exists=0 path_locked=0 path_ttl_ok=0 path_safe=0 on_spline=0 speed=-0.01 raw_wpnts=0 raw_age=-s decision=TRAILING reason=NO_STATIC_PATH
1787304363.938 [STATIC_OT] state=TRAILING path_exists=0 path_locked=0 path_ttl_ok=0 path_safe=0 on_spline=0 speed=0.01 raw_wpnts=0 raw_age=-s decision=TRAILING reason=NO_STATIC_PATH
1787304364.070 [OBSTACLES] cur_s=12.84 cur_d=-0.32 vs=0.03 n=1 [id=1 static=1 gap=2.65m d=-0.20 size=0.31]
1787304364.199 [STATIC_OT] state=TRAILING path_exists=0 path_locked=0 path_ttl_ok=0 path_safe=0 on_spline=0 speed=0.04 raw_wpnts=0 raw_age=-s decision=TRAILING reason=NO_STATIC_PATH
1787304364.503 [STATIC_OT] state=TRAILING path_exists=0 path_locked=0 path_ttl_ok=0 path_safe=0 on_spline=0 speed=0.01 raw_wpnts=0 raw_age=-s decision=TRAILING reason=NO_STATIC_PATH
1787304364.613 [OBSTACLES] cur_s=12.82 cur_d=-0.33 vs=0.00 n=1 [id=1 static=1 gap=2.69m d=-0.20 size=0.27]
1787304364.704 [STATIC_OT] state=TRAILING path_exists=0 path_locked=0 path_ttl_ok=0 path_safe=0 on_spline=0 speed=0.00 raw_wpnts=0 raw_age=-s decision=TRAILING reason=NO_STATIC_PATH
1787304364.963 [STATIC_OT] state=TRAILING path_exists=0 path_locked=0 path_ttl_ok=0 path_safe=0 on_spline=0 speed=0.00 raw_wpnts=0 raw_age=-s decision=TRAILING reason=NO_STATIC_PATH
1787304365.129 [OBSTACLES] cur_s=12.81 cur_d=-0.33 vs=-0.00 n=1 [id=1 static=1 gap=2.69m d=-0.21 size=0.27]
1787304365.198 [STATIC_OT] state=TRAILING path_exists=0 path_locked=0 path_ttl_ok=0 path_safe=0 on_spline=0 speed=0.00 raw_wpnts=0 raw_age=-s decision=TRAILING reason=NO_STATIC_PATH
1787304365.429 [STATIC_OT] state=TRAILING path_exists=0 path_locked=0 path_ttl_ok=0 path_safe=0 on_spline=0 speed=0.01 raw_wpnts=0 raw_age=-s decision=TRAILING reason=NO_STATIC_PATH
1787304365.652 [OBSTACLES] cur_s=12.83 cur_d=-0.33 vs=0.01 n=1 [id=1 static=1 gap=2.67m d=-0.21 size=0.30]
1787304365.664 [STATIC_OT] state=TRAILING path_exists=0 path_locked=0 path_ttl_ok=0 path_safe=0 on_spline=0 speed=0.01 raw_wpnts=0 raw_age=-s decision=TRAILING reason=NO_STATIC_PATH
1787304365.883 [STATIC_OT] state=TRAILING path_exists=0 path_locked=0 path_ttl_ok=0 path_safe=0 on_spline=0 speed=-0.02 raw_wpnts=0 raw_age=-s decision=TRAILING reason=NO_STATIC_PATH
1787304366.106 [STATIC_OT] state=TRAILING path_exists=0 path_locked=0 path_ttl_ok=0 path_safe=0 on_spline=0 speed=-0.02 raw_wpnts=0 raw_age=-s decision=TRAILING reason=NO_STATIC_PATH
1787304366.249 [OBSTACLES] cur_s=12.80 cur_d=-0.35 vs=-0.02 n=1 [id=1 static=1 gap=2.71m d=-0.21 size=0.28]
1787304366.465 [STATIC_OT] state=TRAILING path_exists=0 path_locked=0 path_ttl_ok=0 path_safe=0 on_spline=0 speed=-0.00 raw_wpnts=0 raw_age=-s decision=TRAILING reason=NO_STATIC_PATH
1787304366.742 [STATIC_OT] state=TRAILING path_exists=0 path_locked=0 path_ttl_ok=0 path_safe=0 on_spline=0 speed=-0.02 raw_wpnts=0 raw_age=-s decision=TRAILING reason=NO_STATIC_PATH
1787304366.853 [OBSTACLES] cur_s=12.78 cur_d=-0.34 vs=-0.03 n=1 [id=1 static=1 gap=2.73m d=-0.21 size=0.28]
1787304366.972 [STATIC_OT] state=TRAILING path_exists=0 path_locked=0 path_ttl_ok=0 path_safe=0 on_spline=0 speed=-0.02 raw_wpnts=0 raw_age=-s decision=TRAILING reason=NO_STATIC_PATH
1787304367.213 [STATIC_OT] state=TRAILING path_exists=0 path_locked=0 path_ttl_ok=0 path_safe=0 on_spline=0 speed=0.00 raw_wpnts=0 raw_age=-s decision=TRAILING reason=NO_STATIC_PATH
1787304367.378 [OBSTACLES] cur_s=12.81 cur_d=-0.33 vs=0.01 n=1 [id=1 static=1 gap=2.69m d=-0.20 size=0.28]
1787304367.437 [STATIC_OT] state=TRAILING path_exists=0 path_locked=0 path_ttl_ok=0 path_safe=0 on_spline=0 speed=0.01 raw_wpnts=0 raw_age=-s decision=TRAILING reason=NO_STATIC_PATH
1787304367.712 [STATIC_OT] state=TRAILING path_exists=0 path_locked=0 path_ttl_ok=0 path_safe=0 on_spline=0 speed=0.01 raw_wpnts=0 raw_age=-s decision=TRAILING reason=NO_STATIC_PATH
1787304367.899 [OBSTACLES] cur_s=12.81 cur_d=-0.32 vs=0.01 n=1 [id=1 static=1 gap=2.69m d=-0.21 size=0.28]
1787304367.914 [STATIC_OT] state=TRAILING path_exists=0 path_locked=0 path_ttl_ok=0 path_safe=0 on_spline=0 speed=0.01 raw_wpnts=0 raw_age=-s decision=TRAILING reason=NO_STATIC_PATH
1787304368.401 [OBSTACLES] cur_s=12.78 cur_d=-0.36 vs=-0.02 n=1 [id=1 static=1 gap=2.72m d=-0.21 size=0.29]
1787304368.408 [STATIC_OT] state=TRAILING path_exists=0 path_locked=0 path_ttl_ok=0 path_safe=0 on_spline=0 speed=-0.02 raw_wpnts=0 raw_age=-s decision=TRAILING reason=NO_STATIC_PATH
1787304368.740 [STATIC_OT] state=TRAILING path_exists=0 path_locked=0 path_ttl_ok=0 path_safe=0 on_spline=0 speed=-0.03 raw_wpnts=0 raw_age=-s decision=TRAILING reason=NO_STATIC_PATH
1787304369.028 [OBSTACLES] cur_s=12.78 cur_d=-0.37 vs=-0.01 n=1 [id=1 static=1 gap=2.73m d=-0.20 size=0.27]
1787304369.041 [STATIC_OT] state=TRAILING path_exists=0 path_locked=0 path_ttl_ok=0 path_safe=0 on_spline=0 speed=-0.01 raw_wpnts=0 raw_age=-s decision=TRAILING reason=NO_STATIC_PATH
1787304369.260 [STATIC_OT] state=TRAILING path_exists=0 path_locked=0 path_ttl_ok=0 path_safe=0 on_spline=0 speed=0.01 raw_wpnts=0 raw_age=-s decision=TRAILING reason=NO_STATIC_PATH
1787304369.504 [STATIC_OT] state=TRAILING path_exists=0 path_locked=0 path_ttl_ok=0 path_safe=0 on_spline=0 speed=0.04 raw_wpnts=0 raw_age=-s decision=TRAILING reason=NO_STATIC_PATH
1787304369.572 [OBSTACLES] cur_s=12.84 cur_d=-0.36 vs=0.05 n=1 [id=1 static=1 gap=2.67m d=-0.20 size=0.28]
1787304369.768 [STATIC_OT] state=TRAILING path_exists=0 path_locked=0 path_ttl_ok=0 path_safe=0 on_spline=0 speed=0.05 raw_wpnts=0 raw_age=-s decision=TRAILING reason=NO_STATIC_PATH
1787304370.032 [STATIC_OT] state=TRAILING path_exists=0 path_locked=0 path_ttl_ok=0 path_safe=0 on_spline=0 speed=0.02 raw_wpnts=0 raw_age=-s decision=TRAILING reason=NO_STATIC_PATH
1787304370.121 [OBSTACLES] cur_s=12.81 cur_d=-0.33 vs=0.00 n=1 [id=1 static=1 gap=2.70m d=-0.20 size=0.27]
1787304370.319 [STATIC_OT] state=TRAILING path_exists=0 path_locked=0 path_ttl_ok=0 path_safe=0 on_spline=0 speed=0.02 raw_wpnts=0 raw_age=-s decision=TRAILING reason=NO_STATIC_PATH
1787304370.547 [STATIC_OT] state=TRAILING path_exists=0 path_locked=0 path_ttl_ok=0 path_safe=0 on_spline=0 speed=0.00 raw_wpnts=0 raw_age=-s decision=TRAILING reason=NO_STATIC_PATH
1787304370.631 [OBSTACLES] cur_s=12.81 cur_d=-0.34 vs=0.01 n=1 [id=1 static=1 gap=2.69m d=-0.20 size=0.27]
1787304370.782 [STATIC_OT] state=TRAILING path_exists=0 path_locked=0 path_ttl_ok=0 path_safe=0 on_spline=0 speed=-0.01 raw_wpnts=0 raw_age=-s decision=TRAILING reason=NO_STATIC_PATH
1787304371.031 [STATIC_OT] state=TRAILING path_exists=0 path_locked=0 path_ttl_ok=0 path_safe=0 on_spline=0 speed=0.01 raw_wpnts=0 raw_age=-s decision=TRAILING reason=NO_STATIC_PATH
1787304371.167 [OBSTACLES] cur_s=12.82 cur_d=-0.34 vs=0.01 n=1 [id=1 static=1 gap=2.69m d=-0.20 size=0.28]
1787304371.252 [STATIC_OT] state=TRAILING path_exists=0 path_locked=0 path_ttl_ok=0 path_safe=0 on_spline=0 speed=0.02 raw_wpnts=0 raw_age=-s decision=TRAILING reason=NO_STATIC_PATH
1787304371.527 [STATIC_OT] state=TRAILING path_exists=0 path_locked=0 path_ttl_ok=0 path_safe=0 on_spline=0 speed=0.04 raw_wpnts=0 raw_age=-s decision=TRAILING reason=NO_STATIC_PATH
1787304371.702 [OBSTACLES] cur_s=12.84 cur_d=-0.32 vs=0.02 n=1 [id=1 static=1 gap=2.66m d=-0.20 size=0.30]
1787304371.794 [STATIC_OT] state=TRAILING path_exists=0 path_locked=0 path_ttl_ok=0 path_safe=0 on_spline=0 speed=0.00 raw_wpnts=0 raw_age=-s decision=TRAILING reason=NO_STATIC_PATH
1787304372.029 [STATIC_OT] state=TRAILING path_exists=0 path_locked=0 path_ttl_ok=0 path_safe=0 on_spline=0 speed=-0.04 raw_wpnts=0 raw_age=-s decision=TRAILING reason=NO_STATIC_PATH
1787304372.255 [OBSTACLES] cur_s=12.81 cur_d=-0.35 vs=-0.01 n=1 [id=1 static=1 gap=2.69m d=-0.21 size=0.29]
1787304372.258 [STATIC_OT] state=TRAILING path_exists=0 path_locked=0 path_ttl_ok=0 path_safe=0 on_spline=0 speed=-0.01 raw_wpnts=0 raw_age=-s decision=TRAILING reason=NO_STATIC_PATH
1787304372.553 [STATIC_OT] state=TRAILING path_exists=0 path_locked=0 path_ttl_ok=0 path_safe=0 on_spline=0 speed=-0.02 raw_wpnts=0 raw_age=-s decision=TRAILING reason=NO_STATIC_PATH
1787304372.752 [OBSTACLES] cur_s=12.79 cur_d=-0.35 vs=-0.03 n=1 [id=1 static=1 gap=2.72m d=-0.21 size=0.28]
1787304372.757 [STATIC_OT] state=TRAILING path_exists=0 path_locked=0 path_ttl_ok=0 path_safe=0 on_spline=0 speed=-0.03 raw_wpnts=0 raw_age=-s decision=TRAILING reason=NO_STATIC_PATH
1787304373.018 [STATIC_OT] state=TRAILING path_exists=0 path_locked=0 path_ttl_ok=0 path_safe=0 on_spline=0 speed=-0.01 raw_wpnts=0 raw_age=-s decision=TRAILING reason=NO_STATIC_PATH
1787304373.241 [STATIC_OT] state=TRAILING path_exists=0 path_locked=0 path_ttl_ok=0 path_safe=0 on_spline=0 speed=-0.01 raw_wpnts=0 raw_age=-s decision=TRAILING reason=NO_STATIC_PATH
1787304373.298 [OBSTACLES] cur_s=12.81 cur_d=-0.34 vs=0.01 n=1 [id=1 static=1 gap=2.69m d=-0.20 size=0.28]
1787304373.459 [STATIC_OT] state=TRAILING path_exists=0 path_locked=0 path_ttl_ok=0 path_safe=0 on_spline=0 speed=0.00 raw_wpnts=0 raw_age=-s decision=TRAILING reason=NO_STATIC_PATH
1787304373.730 [STATIC_OT] state=TRAILING path_exists=0 path_locked=0 path_ttl_ok=0 path_safe=0 on_spline=0 speed=-0.00 raw_wpnts=0 raw_age=-s decision=TRAILING reason=NO_STATIC_PATH
1787304373.811 [OBSTACLES] cur_s=12.80 cur_d=-0.35 vs=-0.01 n=1 [id=1 static=1 gap=2.71m d=-0.20 size=0.27]
1787304374.007 [STATIC_OT] state=TRAILING path_exists=0 path_locked=0 path_ttl_ok=0 path_safe=0 on_spline=0 speed=-0.01 raw_wpnts=0 raw_age=-s decision=TRAILING reason=NO_STATIC_PATH
1787304374.258 [STATIC_OT] state=TRAILING path_exists=0 path_locked=0 path_ttl_ok=0 path_safe=0 on_spline=0 speed=-0.01 raw_wpnts=0 raw_age=-s decision=TRAILING reason=NO_STATIC_PATH
1787304374.339 [OBSTACLES] cur_s=12.80 cur_d=-0.33 vs=-0.01 n=1 [id=1 static=1 gap=2.71m d=-0.20 size=0.28]
1787304374.470 [STATIC_OT] state=TRAILING path_exists=0 path_locked=0 path_ttl_ok=0 path_safe=0 on_spline=0 speed=0.02 raw_wpnts=0 raw_age=-s decision=TRAILING reason=NO_STATIC_PATH
1787304374.691 [STATIC_OT] state=TRAILING path_exists=0 path_locked=0 path_ttl_ok=0 path_safe=0 on_spline=0 speed=0.03 raw_wpnts=0 raw_age=-s decision=TRAILING reason=NO_STATIC_PATH
1787304374.858 [OBSTACLES] cur_s=12.87 cur_d=-0.30 vs=0.06 n=1 [id=1 static=1 gap=2.64m d=-0.21 size=0.27]
1787304375.011 [STATIC_OT] state=TRAILING path_exists=0 path_locked=0 path_ttl_ok=0 path_safe=0 on_spline=0 speed=0.03 raw_wpnts=0 raw_age=-s decision=TRAILING reason=NO_STATIC_PATH
1787304375.318 [STATIC_OT] state=TRAILING path_exists=0 path_locked=0 path_ttl_ok=0 path_safe=0 on_spline=0 speed=-0.01 raw_wpnts=0 raw_age=-s decision=TRAILING reason=NO_STATIC_PATH
1787304375.463 [OBSTACLES] cur_s=12.80 cur_d=-0.34 vs=-0.03 n=1 [id=1 static=1 gap=2.71m d=-0.21 size=0.27]
1787304375.589 [STATIC_OT] state=TRAILING path_exists=0 path_locked=0 path_ttl_ok=0 path_safe=0 on_spline=0 speed=-0.03 raw_wpnts=0 raw_age=-s decision=TRAILING reason=NO_STATIC_PATH
1787304375.867 [STATIC_OT] state=TRAILING path_exists=0 path_locked=0 path_ttl_ok=0 path_safe=0 on_spline=0 speed=-0.03 raw_wpnts=0 raw_age=-s decision=TRAILING reason=NO_STATIC_PATH
1787304375.994 [OBSTACLES] cur_s=12.80 cur_d=-0.35 vs=-0.02 n=1 [id=1 static=1 gap=2.71m d=-0.21 size=0.26]
1787304376.071 [STATIC_OT] state=TRAILING path_exists=0 path_locked=0 path_ttl_ok=0 path_safe=0 on_spline=0 speed=-0.01 raw_wpnts=0 raw_age=-s decision=TRAILING reason=NO_STATIC_PATH
1787304376.313 [STATIC_OT] state=TRAILING path_exists=0 path_locked=0 path_ttl_ok=0 path_safe=0 on_spline=0 speed=-0.00 raw_wpnts=0 raw_age=-s decision=TRAILING reason=NO_STATIC_PATH
1787304376.518 [OBSTACLES] cur_s=12.84 cur_d=-0.32 vs=0.03 n=1 [id=1 static=1 gap=2.67m d=-0.21 size=0.28]
1787304376.520 [STATIC_OT] state=TRAILING path_exists=0 path_locked=0 path_ttl_ok=0 path_safe=0 on_spline=0 speed=0.03 raw_wpnts=0 raw_age=-s decision=TRAILING reason=NO_STATIC_PATH
1787304376.739 [STATIC_OT] state=TRAILING path_exists=0 path_locked=0 path_ttl_ok=0 path_safe=0 on_spline=0 speed=0.04 raw_wpnts=0 raw_age=-s decision=TRAILING reason=NO_STATIC_PATH
1787304376.979 [STATIC_OT] state=TRAILING path_exists=0 path_locked=0 path_ttl_ok=0 path_safe=0 on_spline=0 speed=-0.03 raw_wpnts=0 raw_age=-s decision=TRAILING reason=NO_STATIC_PATH
1787304377.085 [OBSTACLES] cur_s=12.79 cur_d=-0.33 vs=-0.03 n=1 [id=1 static=1 gap=2.72m d=-0.21 size=0.27]
1787304377.180 [STATIC_OT] state=TRAILING path_exists=0 path_locked=0 path_ttl_ok=0 path_safe=0 on_spline=0 speed=-0.02 raw_wpnts=0 raw_age=-s decision=TRAILING reason=NO_STATIC_PATH
1787304377.469 [STATIC_OT] state=TRAILING path_exists=0 path_locked=0 path_ttl_ok=0 path_safe=0 on_spline=0 speed=-0.02 raw_wpnts=0 raw_age=-s decision=TRAILING reason=NO_STATIC_PATH
1787304377.595 [OBSTACLES] cur_s=12.81 cur_d=-0.33 vs=-0.01 n=1 [id=1 static=1 gap=2.70m d=-0.21 size=0.28]
1787304377.731 [STATIC_OT] state=TRAILING path_exists=0 path_locked=0 path_ttl_ok=0 path_safe=0 on_spline=0 speed=-0.01 raw_wpnts=0 raw_age=-s decision=TRAILING reason=NO_STATIC_PATH
1787304377.942 [STATIC_OT] state=TRAILING path_exists=0 path_locked=0 path_ttl_ok=0 path_safe=0 on_spline=0 speed=-0.01 raw_wpnts=0 raw_age=-s decision=TRAILING reason=NO_STATIC_PATH
1787304378.132 [OBSTACLES] cur_s=12.78 cur_d=-0.36 vs=-0.03 n=1 [id=1 static=1 gap=2.73m d=-0.21 size=0.26]
1787304378.267 [STATIC_OT] state=TRAILING path_exists=0 path_locked=0 path_ttl_ok=0 path_safe=0 on_spline=0 speed=-0.03 raw_wpnts=0 raw_age=-s decision=TRAILING reason=NO_STATIC_PATH
1787304378.507 [STATIC_OT] state=TRAILING path_exists=0 path_locked=0 path_ttl_ok=0 path_safe=0 on_spline=0 speed=-0.01 raw_wpnts=0 raw_age=-s decision=TRAILING reason=NO_STATIC_PATH
1787304378.682 [OBSTACLES] cur_s=12.77 cur_d=-0.36 vs=-0.03 n=1 [id=1 static=1 gap=2.73m d=-0.21 size=0.28]
1787304378.793 [STATIC_OT] state=TRAILING path_exists=0 path_locked=0 path_ttl_ok=0 path_safe=0 on_spline=0 speed=-0.04 raw_wpnts=0 raw_age=-s decision=TRAILING reason=NO_STATIC_PATH
1787304379.014 [STATIC_OT] state=TRAILING path_exists=0 path_locked=0 path_ttl_ok=0 path_safe=0 on_spline=0 speed=0.01 raw_wpnts=0 raw_age=-s decision=TRAILING reason=NO_STATIC_PATH
1787304379.225 [OBSTACLES] cur_s=12.83 cur_d=-0.33 vs=0.04 n=1 [id=1 static=1 gap=2.68m d=-0.21 size=0.28]
1787304379.231 [STATIC_OT] state=TRAILING path_exists=0 path_locked=0 path_ttl_ok=0 path_safe=0 on_spline=0 speed=0.04 raw_wpnts=0 raw_age=-s decision=TRAILING reason=NO_STATIC_PATH
1787304379.435 [STATIC_OT] state=TRAILING path_exists=0 path_locked=0 path_ttl_ok=0 path_safe=0 on_spline=0 speed=0.04 raw_wpnts=0 raw_age=-s decision=TRAILING reason=NO_STATIC_PATH
1787304379.743 [OBSTACLES] cur_s=12.84 cur_d=-0.32 vs=0.04 n=1 [id=1 static=1 gap=2.66m d=-0.21 size=0.29]
1787304379.748 [STATIC_OT] state=TRAILING path_exists=0 path_locked=0 path_ttl_ok=0 path_safe=0 on_spline=0 speed=0.04 raw_wpnts=0 raw_age=-s decision=TRAILING reason=NO_STATIC_PATH
1787304379.957 [STATIC_OT] state=TRAILING path_exists=0 path_locked=0 path_ttl_ok=0 path_safe=0 on_spline=0 speed=0.01 raw_wpnts=0 raw_age=-s decision=TRAILING reason=NO_STATIC_PATH
1787304380.159 [STATIC_OT] state=TRAILING path_exists=0 path_locked=0 path_ttl_ok=0 path_safe=0 on_spline=0 speed=-0.00 raw_wpnts=0 raw_age=-s decision=TRAILING reason=NO_STATIC_PATH
1787304380.305 [OBSTACLES] cur_s=12.81 cur_d=-0.34 vs=-0.01 n=1 [id=1 static=1 gap=2.69m d=-0.21 size=0.29]
1787304380.413 [STATIC_OT] state=TRAILING path_exists=0 path_locked=0 path_ttl_ok=0 path_safe=0 on_spline=0 speed=-0.01 raw_wpnts=0 raw_age=-s decision=TRAILING reason=NO_STATIC_PATH
1787304380.714 [STATIC_OT] state=TRAILING path_exists=0 path_locked=0 path_ttl_ok=0 path_safe=0 on_spline=0 speed=-0.02 raw_wpnts=0 raw_age=-s decision=TRAILING reason=NO_STATIC_PATH
1787304380.935 [OBSTACLES] cur_s=12.80 cur_d=-0.34 vs=-0.01 n=1 [id=1 static=1 gap=2.70m d=-0.21 size=0.29]
1787304380.955 [STATIC_OT] state=TRAILING path_exists=0 path_locked=0 path_ttl_ok=0 path_safe=0 on_spline=0 speed=-0.01 raw_wpnts=0 raw_age=-s decision=TRAILING reason=NO_STATIC_PATH
1787304381.241 [STATIC_OT] state=TRAILING path_exists=0 path_locked=0 path_ttl_ok=0 path_safe=0 on_spline=0 speed=0.03 raw_wpnts=0 raw_age=-s decision=TRAILING reason=NO_STATIC_PATH
1787304381.479 [OBSTACLES] cur_s=12.81 cur_d=-0.38 vs=-0.01 n=1 [id=1 static=1 gap=2.70m d=-0.21 size=0.27]
1787304381.481 [STATIC_OT] state=TRAILING path_exists=0 path_locked=0 path_ttl_ok=0 path_safe=0 on_spline=0 speed=-0.01 raw_wpnts=0 raw_age=-s decision=TRAILING reason=NO_STATIC_PATH
1787304381.718 [STATIC_OT] state=TRAILING path_exists=0 path_locked=0 path_ttl_ok=0 path_safe=0 on_spline=0 speed=-0.03 raw_wpnts=0 raw_age=-s decision=TRAILING reason=NO_STATIC_PATH
1787304381.948 [STATIC_OT] state=TRAILING path_exists=0 path_locked=0 path_ttl_ok=0 path_safe=0 on_spline=0 speed=-0.02 raw_wpnts=0 raw_age=-s decision=TRAILING reason=NO_STATIC_PATH
1787304382.003 [OBSTACLES] cur_s=12.79 cur_d=-0.36 vs=-0.03 n=1 [id=1 static=1 gap=2.73m d=-0.21 size=0.26]
1787304382.195 [STATIC_OT] state=TRAILING path_exists=0 path_locked=0 path_ttl_ok=0 path_safe=0 on_spline=0 speed=-0.04 raw_wpnts=0 raw_age=-s decision=TRAILING reason=NO_STATIC_PATH
1787304382.401 [STATIC_OT] state=TRAILING path_exists=0 path_locked=0 path_ttl_ok=0 path_safe=0 on_spline=0 speed=-0.00 raw_wpnts=0 raw_age=-s decision=TRAILING reason=NO_STATIC_PATH
1787304382.568 [OBSTACLES] cur_s=12.80 cur_d=-0.34 vs=-0.00 n=1 [id=1 static=1 gap=2.71m d=-0.21 size=0.28]
1787304382.662 [STATIC_OT] state=TRAILING path_exists=0 path_locked=0 path_ttl_ok=0 path_safe=0 on_spline=0 speed=-0.01 raw_wpnts=0 raw_age=-s decision=TRAILING reason=NO_STATIC_PATH
1787304382.938 [STATIC_OT] state=TRAILING path_exists=0 path_locked=0 path_ttl_ok=0 path_safe=0 on_spline=0 speed=-0.01 raw_wpnts=0 raw_age=-s decision=TRAILING reason=NO_STATIC_PATH
1787304383.106 [OBSTACLES] cur_s=12.81 cur_d=-0.33 vs=0.01 n=1 [id=1 static=1 gap=2.70m d=-0.21 size=0.28]
1787304383.178 [STATIC_OT] state=TRAILING path_exists=0 path_locked=0 path_ttl_ok=0 path_safe=0 on_spline=0 speed=0.02 raw_wpnts=0 raw_age=-s decision=TRAILING reason=NO_STATIC_PATH
1787304383.423 [STATIC_OT] state=TRAILING path_exists=0 path_locked=0 path_ttl_ok=0 path_safe=0 on_spline=0 speed=0.03 raw_wpnts=0 raw_age=-s decision=TRAILING reason=NO_STATIC_PATH
1787304383.642 [OBSTACLES] cur_s=12.80 cur_d=-0.34 vs=0.00 n=1 [id=1 static=1 gap=2.70m d=-0.21 size=0.29]
1787304383.644 [STATIC_OT] state=TRAILING path_exists=0 path_locked=0 path_ttl_ok=0 path_safe=0 on_spline=0 speed=0.00 raw_wpnts=0 raw_age=-s decision=TRAILING reason=NO_STATIC_PATH
1787304383.860 [STATIC_OT] state=TRAILING path_exists=0 path_locked=0 path_ttl_ok=0 path_safe=0 on_spline=0 speed=0.01 raw_wpnts=0 raw_age=-s decision=TRAILING reason=NO_STATIC_PATH
1787304384.116 [STATIC_OT] state=TRAILING path_exists=0 path_locked=0 path_ttl_ok=0 path_safe=0 on_spline=0 speed=0.00 raw_wpnts=0 raw_age=-s decision=TRAILING reason=NO_STATIC_PATH
1787304384.200 [OBSTACLES] cur_s=12.81 cur_d=-0.35 vs=0.00 n=1 [id=1 static=1 gap=2.69m d=-0.21 size=0.29]
1787304384.328 [STATIC_OT] state=TRAILING path_exists=0 path_locked=0 path_ttl_ok=0 path_safe=0 on_spline=0 speed=0.00 raw_wpnts=0 raw_age=-s decision=TRAILING reason=NO_STATIC_PATH
1787304384.561 [STATIC_OT] state=TRAILING path_exists=0 path_locked=0 path_ttl_ok=0 path_safe=0 on_spline=0 speed=0.01 raw_wpnts=0 raw_age=-s decision=TRAILING reason=NO_STATIC_PATH
1787304385.016 [OBSTACLES] cur_s=12.81 cur_d=-0.35 vs=-0.00 n=1 [id=1 static=1 gap=2.69m d=-0.21 size=0.29]
1787304385.023 [STATIC_OT] state=TRAILING path_exists=0 path_locked=0 path_ttl_ok=0 path_safe=0 on_spline=0 speed=-0.00 raw_wpnts=0 raw_age=-s decision=TRAILING reason=NO_STATIC_PATH
1787304385.240 [STATIC_OT] state=TRAILING path_exists=0 path_locked=0 path_ttl_ok=0 path_safe=0 on_spline=0 speed=0.01 raw_wpnts=0 raw_age=-s decision=TRAILING reason=NO_STATIC_PATH
1787304385.497 [STATIC_OT] state=TRAILING path_exists=0 path_locked=0 path_ttl_ok=0 path_safe=0 on_spline=0 speed=0.01 raw_wpnts=0 raw_age=-s decision=TRAILING reason=NO_STATIC_PATH
1787304385.574 [OBSTACLES] cur_s=12.82 cur_d=-0.33 vs=0.01 n=1 [id=1 static=1 gap=2.69m d=-0.21 size=0.27]
1787304385.742 [STATIC_OT] state=TRAILING path_exists=0 path_locked=0 path_ttl_ok=0 path_safe=0 on_spline=0 speed=0.03 raw_wpnts=0 raw_age=-s decision=TRAILING reason=NO_STATIC_PATH
1787304385.981 [STATIC_OT] state=TRAILING path_exists=0 path_locked=0 path_ttl_ok=0 path_safe=0 on_spline=0 speed=0.03 raw_wpnts=0 raw_age=-s decision=TRAILING reason=NO_STATIC_PATH
1787304386.099 [OBSTACLES] cur_s=12.82 cur_d=-0.33 vs=0.01 n=1 [id=1 static=1 gap=2.68m d=-0.21 size=0.29]
1787304386.183 [STATIC_OT] state=TRAILING path_exists=0 path_locked=0 path_ttl_ok=0 path_safe=0 on_spline=0 speed=-0.00 raw_wpnts=0 raw_age=-s decision=TRAILING reason=NO_STATIC_PATH
1787304386.407 [STATIC_OT] state=TRAILING path_exists=0 path_locked=0 path_ttl_ok=0 path_safe=0 on_spline=0 speed=-0.04 raw_wpnts=0 raw_age=-s decision=TRAILING reason=NO_STATIC_PATH
1787304386.604 [OBSTACLES] cur_s=12.79 cur_d=-0.33 vs=-0.03 n=1 [id=1 static=1 gap=2.72m d=-0.21 size=0.28]
1787304386.607 [STATIC_OT] state=TRAILING path_exists=0 path_locked=0 path_ttl_ok=0 path_safe=0 on_spline=0 speed=-0.03 raw_wpnts=0 raw_age=-s decision=TRAILING reason=NO_STATIC_PATH
1787304386.830 [STATIC_OT] state=TRAILING path_exists=0 path_locked=0 path_ttl_ok=0 path_safe=0 on_spline=0 speed=0.01 raw_wpnts=0 raw_age=-s decision=TRAILING reason=NO_STATIC_PATH
1787304387.084 [STATIC_OT] state=TRAILING path_exists=0 path_locked=0 path_ttl_ok=0 path_safe=0 on_spline=0 speed=-0.00 raw_wpnts=0 raw_age=-s decision=TRAILING reason=NO_STATIC_PATH
1787304387.170 [OBSTACLES] cur_s=12.82 cur_d=-0.32 vs=0.01 n=1 [id=1 static=1 gap=2.70m d=-0.21 size=0.27]
1787304387.332 [STATIC_OT] state=TRAILING path_exists=0 path_locked=0 path_ttl_ok=0 path_safe=0 on_spline=0 speed=0.01 raw_wpnts=0 raw_age=-s decision=TRAILING reason=NO_STATIC_PATH
1787304387.570 [STATIC_OT] state=TRAILING path_exists=0 path_locked=0 path_ttl_ok=0 path_safe=0 on_spline=0 speed=-0.01 raw_wpnts=0 raw_age=-s decision=TRAILING reason=NO_STATIC_PATH
1787304387.752 [OBSTACLES] cur_s=12.79 cur_d=-0.35 vs=-0.03 n=1 [id=1 static=1 gap=2.72m d=-0.21 size=0.28]
1787304387.839 [STATIC_OT] state=TRAILING path_exists=0 path_locked=0 path_ttl_ok=0 path_safe=0 on_spline=0 speed=-0.03 raw_wpnts=0 raw_age=-s decision=TRAILING reason=NO_STATIC_PATH
1787304388.056 [STATIC_OT] state=TRAILING path_exists=0 path_locked=0 path_ttl_ok=0 path_safe=0 on_spline=0 speed=0.00 raw_wpnts=0 raw_age=-s decision=TRAILING reason=NO_STATIC_PATH
1787304388.267 [OBSTACLES] cur_s=12.81 cur_d=-0.34 vs=-0.00 n=1 [id=1 static=1 gap=2.69m d=-0.21 size=0.29]
1787304388.270 [STATIC_OT] state=TRAILING path_exists=0 path_locked=0 path_ttl_ok=0 path_safe=0 on_spline=0 speed=-0.00 raw_wpnts=0 raw_age=-s decision=TRAILING reason=NO_STATIC_PATH
1787304388.493 [STATIC_OT] state=TRAILING path_exists=0 path_locked=0 path_ttl_ok=0 path_safe=0 on_spline=0 speed=-0.00 raw_wpnts=0 raw_age=-s decision=TRAILING reason=NO_STATIC_PATH
1787304388.722 [STATIC_OT] state=TRAILING path_exists=0 path_locked=0 path_ttl_ok=0 path_safe=0 on_spline=0 speed=0.01 raw_wpnts=0 raw_age=-s decision=TRAILING reason=NO_STATIC_PATH
1787304388.818 [OBSTACLES] cur_s=12.84 cur_d=-0.33 vs=0.03 n=1 [id=1 static=1 gap=2.67m d=-0.21 size=0.27]
1787304389.012 [STATIC_OT] state=TRAILING path_exists=0 path_locked=0 path_ttl_ok=0 path_safe=0 on_spline=0 speed=-0.01 raw_wpnts=0 raw_age=-s decision=TRAILING reason=NO_STATIC_PATH
1787304389.290 [STATIC_OT] state=TRAILING path_exists=0 path_locked=0 path_ttl_ok=0 path_safe=0 on_spline=0 speed=-0.03 raw_wpnts=0 raw_age=-s decision=TRAILING reason=NO_STATIC_PATH
1787304389.354 [OBSTACLES] cur_s=12.79 cur_d=-0.35 vs=-0.02 n=1 [id=1 static=1 gap=2.72m d=-0.21 size=0.27]
1787304389.499 [STATIC_OT] state=TRAILING path_exists=0 path_locked=0 path_ttl_ok=0 path_safe=0 on_spline=0 speed=-0.01 raw_wpnts=0 raw_age=-s decision=TRAILING reason=NO_STATIC_PATH
1787304389.781 [STATIC_OT] state=TRAILING path_exists=0 path_locked=0 path_ttl_ok=0 path_safe=0 on_spline=0 speed=0.01 raw_wpnts=0 raw_age=-s decision=TRAILING reason=NO_STATIC_PATH
1787304389.869 [OBSTACLES] cur_s=12.83 cur_d=-0.32 vs=0.02 n=1 [id=1 static=1 gap=2.68m d=-0.21 size=0.27]
1787304390.011 [STATIC_OT] state=TRAILING path_exists=0 path_locked=0 path_ttl_ok=0 path_safe=0 on_spline=0 speed=0.01 raw_wpnts=0 raw_age=-s decision=TRAILING reason=NO_STATIC_PATH
1787304390.219 [STATIC_OT] state=TRAILING path_exists=0 path_locked=0 path_ttl_ok=0 path_safe=0 on_spline=0 speed=0.03 raw_wpnts=0 raw_age=-s decision=TRAILING reason=NO_STATIC_PATH
1787304390.451 [OBSTACLES] cur_s=12.84 cur_d=-0.32 vs=0.03 n=1 [id=1 static=1 gap=2.67m d=-0.21 size=0.28]
1787304390.453 [STATIC_OT] state=TRAILING path_exists=0 path_locked=0 path_ttl_ok=0 path_safe=0 on_spline=0 speed=0.03 raw_wpnts=0 raw_age=-s decision=TRAILING reason=NO_STATIC_PATH
1787304390.679 [STATIC_OT] state=TRAILING path_exists=0 path_locked=0 path_ttl_ok=0 path_safe=0 on_spline=0 speed=0.03 raw_wpnts=0 raw_age=-s decision=TRAILING reason=NO_STATIC_PATH
1787304390.972 [OBSTACLES] cur_s=12.87 cur_d=-0.31 vs=0.05 n=1 [id=1 static=1 gap=2.64m d=-0.21 size=0.28]
1787304390.980 [STATIC_OT] state=TRAILING path_exists=0 path_locked=0 path_ttl_ok=0 path_safe=0 on_spline=0 speed=0.05 raw_wpnts=0 raw_age=-s decision=TRAILING reason=NO_STATIC_PATH
1787304391.215 [STATIC_OT] state=TRAILING path_exists=0 path_locked=0 path_ttl_ok=0 path_safe=0 on_spline=0 speed=0.00 raw_wpnts=0 raw_age=-s decision=TRAILING reason=NO_STATIC_PATH
1787304391.510 [OBSTACLES] cur_s=12.81 cur_d=-0.35 vs=-0.03 n=1 [id=1 static=1 gap=2.70m d=-0.21 size=0.28]
1787304391.518 [STATIC_OT] state=TRAILING path_exists=0 path_locked=0 path_ttl_ok=0 path_safe=0 on_spline=0 speed=-0.03 raw_wpnts=0 raw_age=-s decision=TRAILING reason=NO_STATIC_PATH
1787304391.732 [STATIC_OT] state=TRAILING path_exists=0 path_locked=0 path_ttl_ok=0 path_safe=0 on_spline=0 speed=-0.02 raw_wpnts=0 raw_age=-s decision=TRAILING reason=NO_STATIC_PATH
1787304392.038 [OBSTACLES] cur_s=12.82 cur_d=-0.33 vs=-0.01 n=1 [id=1 static=1 gap=2.68m d=-0.21 size=0.28]
1787304392.040 [STATIC_OT] state=TRAILING path_exists=0 path_locked=0 path_ttl_ok=0 path_safe=0 on_spline=0 speed=-0.01 raw_wpnts=0 raw_age=-s decision=TRAILING reason=NO_STATIC_PATH
1787304392.496 [STATIC_OT] state=TRAILING path_exists=0 path_locked=0 path_ttl_ok=0 path_safe=0 on_spline=0 speed=-0.01 raw_wpnts=0 raw_age=-s decision=TRAILING reason=NO_STATIC_PATH
1787304392.675 [OBSTACLES] cur_s=12.81 cur_d=-0.34 vs=-0.02 n=1 [id=1 static=1 gap=2.70m d=-0.21 size=0.28]
1787304392.805 [STATIC_OT] state=TRAILING path_exists=0 path_locked=0 path_ttl_ok=0 path_safe=0 on_spline=0 speed=-0.01 raw_wpnts=0 raw_age=-s decision=TRAILING reason=NO_STATIC_PATH
1787304393.061 [STATIC_OT] state=TRAILING path_exists=0 path_locked=0 path_ttl_ok=0 path_safe=0 on_spline=0 speed=-0.01 raw_wpnts=0 raw_age=-s decision=TRAILING reason=NO_STATIC_PATH
1787304393.237 [OBSTACLES] cur_s=12.82 cur_d=-0.33 vs=-0.00 n=1 [id=1 static=1 gap=2.70m d=-0.21 size=0.27]
1787304393.341 [STATIC_OT] state=TRAILING path_exists=0 path_locked=0 path_ttl_ok=0 path_safe=0 on_spline=0 speed=-0.01 raw_wpnts=0 raw_age=-s decision=TRAILING reason=NO_STATIC_PATH
1787304393.609 [STATIC_OT] state=TRAILING path_exists=0 path_locked=0 path_ttl_ok=0 path_safe=0 on_spline=0 speed=-0.00 raw_wpnts=0 raw_age=-s decision=TRAILING reason=NO_STATIC_PATH
1787304393.788 [OBSTACLES] cur_s=12.79 cur_d=-0.35 vs=0.00 n=1 [id=1 static=1 gap=2.72m d=-0.21 size=0.27]
1787304393.851 [STATIC_OT] state=TRAILING path_exists=0 path_locked=0 path_ttl_ok=0 path_safe=0 on_spline=0 speed=0.00 raw_wpnts=0 raw_age=-s decision=TRAILING reason=NO_STATIC_PATH
1787304394.126 [STATIC_OT] state=TRAILING path_exists=0 path_locked=0 path_ttl_ok=0 path_safe=0 on_spline=0 speed=-0.00 raw_wpnts=0 raw_age=-s decision=TRAILING reason=NO_STATIC_PATH
1787304394.331 [OBSTACLES] cur_s=12.78 cur_d=-0.35 vs=-0.00 n=3 [id=1 static=1 gap=2.73m d=-0.21 size=0.27; id=9 static=1 gap=3.96m d=-0.33 size=0.30; id=10 static=1 gap=3.78m d=0.07 size=0.19]
1787304394.346 [STATIC_OT] state=TRAILING path_exists=0 path_locked=0 path_ttl_ok=0 path_safe=0 on_spline=0 speed=-0.00 raw_wpnts=0 raw_age=-s decision=TRAILING reason=NO_STATIC_PATH
1787304394.567 [STATIC_OT] state=TRAILING path_exists=0 path_locked=0 path_ttl_ok=0 path_safe=0 on_spline=0 speed=-0.00 raw_wpnts=0 raw_age=-s decision=TRAILING reason=NO_STATIC_PATH
1787304394.794 [STATIC_OT] state=TRAILING path_exists=0 path_locked=0 path_ttl_ok=0 path_safe=0 on_spline=0 speed=-0.00 raw_wpnts=0 raw_age=-s decision=TRAILING reason=NO_STATIC_PATH
1787304394.833 [OBSTACLES] cur_s=12.77 cur_d=-0.38 vs=0.01 n=3 [id=1 static=1 gap=2.74m d=-0.21 size=0.27; id=9 static=1 gap=3.98m d=-0.33 size=0.30; id=10 static=1 gap=3.79m d=0.07 size=0.19]
1787304395.121 [STATIC_OT] state=TRAILING path_exists=0 path_locked=0 path_ttl_ok=0 path_safe=0 on_spline=0 speed=-0.00 raw_wpnts=0 raw_age=-s decision=TRAILING reason=NO_STATIC_PATH
1787304395.332 [STATIC_OT] state=TRAILING path_exists=0 path_locked=0 path_ttl_ok=0 path_safe=0 on_spline=0 speed=-0.00 raw_wpnts=0 raw_age=-s decision=TRAILING reason=NO_STATIC_PATH
1787304395.363 [OBSTACLES] cur_s=12.79 cur_d=-0.34 vs=-0.01 n=1 [id=1 static=1 gap=2.72m d=-0.21 size=0.27]
1787304395.580 [STATIC_OT] state=TRAILING path_exists=0 path_locked=0 path_ttl_ok=0 path_safe=0 on_spline=0 speed=0.06 raw_wpnts=0 raw_age=-s decision=TRAILING reason=NO_STATIC_PATH
1787304395.803 [STATIC_OT] state=TRAILING path_exists=0 path_locked=0 path_ttl_ok=0 path_safe=0 on_spline=0 speed=0.17 raw_wpnts=0 raw_age=-s decision=TRAILING reason=NO_STATIC_PATH
1787304395.898 [OBSTACLES] cur_s=12.79 cur_d=-0.35 vs=-0.00 n=1 [id=1 static=1 gap=2.72m d=-0.21 size=0.27]
1787304396.043 [STATIC_OT] state=TRAILING path_exists=0 path_locked=0 path_ttl_ok=0 path_safe=0 on_spline=0 speed=0.08 raw_wpnts=0 raw_age=-s decision=TRAILING reason=NO_STATIC_PATH
1787304396.297 [STATIC_OT] state=TRAILING path_exists=0 path_locked=0 path_ttl_ok=0 path_safe=0 on_spline=0 speed=0.15 raw_wpnts=0 raw_age=-s decision=TRAILING reason=NO_STATIC_PATH
1787304396.411 [OBSTACLES] cur_s=12.78 cur_d=-0.36 vs=0.00 n=1 [id=1 static=1 gap=2.73m d=-0.21 size=0.26]
1787304396.530 [STATIC_OT] state=TRAILING path_exists=0 path_locked=0 path_ttl_ok=0 path_safe=0 on_spline=0 speed=0.00 raw_wpnts=0 raw_age=-s decision=TRAILING reason=NO_STATIC_PATH
1787304396.832 [STATIC_OT] state=TRAILING path_exists=0 path_locked=0 path_ttl_ok=0 path_safe=0 on_spline=0 speed=0.17 raw_wpnts=0 raw_age=-s decision=TRAILING reason=NO_STATIC_PATH
1787304396.982 [OBSTACLES] cur_s=12.91 cur_d=-0.28 vs=0.37 n=1 [id=1 static=1 gap=2.59m d=-0.20 size=0.28]
1787304397.064 [STATIC_OT] state=TRAILING path_exists=0 path_locked=0 path_ttl_ok=0 path_safe=0 on_spline=0 speed=0.56 raw_wpnts=0 raw_age=-s decision=TRAILING reason=NO_STATIC_PATH
1787304397.289 [STATIC_OT] state=TRAILING path_exists=0 path_locked=0 path_ttl_ok=0 path_safe=0 on_spline=0 speed=0.81 raw_wpnts=0 raw_age=-s decision=TRAILING reason=NO_STATIC_PATH
1787304397.516 [OBSTACLES] cur_s=13.28 cur_d=-0.15 vs=0.87 n=1 [id=1 static=1 gap=2.23m d=-0.20 size=0.26]
1787304397.525 [STATIC_OT] state=TRAILING path_exists=0 path_locked=0 path_ttl_ok=0 path_safe=0 on_spline=0 speed=0.87 raw_wpnts=0 raw_age=-s decision=TRAILING reason=NO_STATIC_PATH
1787304397.739 [STATIC_OT] state=TRAILING path_exists=0 path_locked=0 path_ttl_ok=0 path_safe=0 on_spline=0 speed=0.92 raw_wpnts=0 raw_age=-s decision=TRAILING reason=NO_STATIC_PATH
1787304398.014 [STATIC_OT] state=TRAILING path_exists=0 path_locked=0 path_ttl_ok=0 path_safe=0 on_spline=0 speed=0.55 raw_wpnts=0 raw_age=-s decision=TRAILING reason=NO_STATIC_PATH
1787304398.073 [OBSTACLES] cur_s=13.40 cur_d=-0.15 vs=0.42 n=3 [id=1 static=1 gap=2.11m d=-0.20 size=0.27; id=11 static=1 gap=3.22m d=-0.28 size=0.59; id=12 static=1 gap=3.17m d=0.08 size=0.15]
1787304398.291 [STATIC_OT] state=TRAILING path_exists=0 path_locked=0 path_ttl_ok=0 path_safe=0 on_spline=0 speed=0.04 raw_wpnts=0 raw_age=-s decision=TRAILING reason=NO_STATIC_PATH
1787304398.514 [STATIC_OT] state=TRAILING path_exists=0 path_locked=0 path_ttl_ok=0 path_safe=0 on_spline=0 speed=0.08 raw_wpnts=0 raw_age=-s decision=TRAILING reason=NO_STATIC_PATH
1787304398.598 [OBSTACLES] cur_s=12.87 cur_d=-0.55 vs=0.08 n=4 [id=1 static=1 gap=2.64m d=-0.20 size=0.26; id=11 static=1 gap=3.80m d=-0.23 size=0.42; id=12 static=1 gap=3.70m d=0.08 size=0.15; id=13 static=1 gap=1.84m d=0.08 size=0.26]
1787304398.738 [STATIC_OT] state=TRAILING path_exists=0 path_locked=0 path_ttl_ok=0 path_safe=0 on_spline=0 speed=0.07 raw_wpnts=0 raw_age=-s decision=TRAILING reason=NO_STATIC_PATH
1787304399.004 [STATIC_OT] state=TRAILING path_exists=0 path_locked=0 path_ttl_ok=0 path_safe=0 on_spline=0 speed=0.05 raw_wpnts=0 raw_age=-s decision=TRAILING reason=NO_STATIC_PATH
1787304399.164 [OBSTACLES] cur_s=12.79 cur_d=-0.58 vs=0.04 n=3 [id=1 static=1 gap=2.72m d=-0.20 size=0.26; id=11 static=1 gap=3.78m d=-0.08 size=0.25; id=13 static=1 gap=1.64m d=0.10 size=0.26]
1787304399.270 [STATIC_OT] state=TRAILING path_exists=0 path_locked=0 path_ttl_ok=0 path_safe=0 on_spline=0 speed=0.04 raw_wpnts=0 raw_age=-s decision=TRAILING reason=NO_STATIC_PATH
1787304399.490 [STATIC_OT] state=TRAILING path_exists=0 path_locked=0 path_ttl_ok=0 path_safe=0 on_spline=0 speed=0.02 raw_wpnts=0 raw_age=-s decision=TRAILING reason=NO_STATIC_PATH
1787304399.738 [OBSTACLES] cur_s=12.81 cur_d=-0.57 vs=0.02 n=2 [id=11 static=1 gap=3.46m d=0.18 size=0.27; id=13 static=1 gap=1.54m d=0.11 size=0.25]
1787304399.741 [STATIC_OT] state=TRAILING path_exists=0 path_locked=0 path_ttl_ok=0 path_safe=0 on_spline=0 speed=0.02 raw_wpnts=0 raw_age=-s decision=TRAILING reason=NO_STATIC_PATH
1787304400.193 [STATIC_OT] state=TRAILING path_exists=0 path_locked=0 path_ttl_ok=0 path_safe=0 on_spline=0 speed=0.01 raw_wpnts=0 raw_age=-s decision=TRAILING reason=NO_STATIC_PATH
1787304400.240 [OBSTACLES] cur_s=12.81 cur_d=-0.58 vs=0.01 n=2 [id=11 static=1 gap=3.48m d=0.18 size=0.23; id=13 static=1 gap=1.50m d=0.11 size=0.26]
1787304400.468 [STATIC_OT] state=TRAILING path_exists=0 path_locked=0 path_ttl_ok=0 path_safe=0 on_spline=0 speed=0.01 raw_wpnts=0 raw_age=-s decision=TRAILING reason=NO_STATIC_PATH
1787304400.684 [STATIC_OT] state=TRAILING path_exists=0 path_locked=0 path_ttl_ok=0 path_safe=0 on_spline=0 speed=0.00 raw_wpnts=0 raw_age=-s decision=TRAILING reason=NO_STATIC_PATH
1787304400.843 [OBSTACLES] cur_s=12.81 cur_d=-0.57 vs=0.18 n=2 [id=11 static=1 gap=3.46m d=0.17 size=0.26; id=13 static=1 gap=1.47m d=0.12 size=0.26]
1787304401.060 [STATIC_OT] state=TRAILING path_exists=0 path_locked=0 path_ttl_ok=0 path_safe=0 on_spline=0 speed=0.25 raw_wpnts=0 raw_age=-s decision=TRAILING reason=NO_STATIC_PATH
1787304401.283 [STATIC_OT] state=TRAILING path_exists=0 path_locked=0 path_ttl_ok=0 path_safe=0 on_spline=0 speed=0.01 raw_wpnts=0 raw_age=-s decision=TRAILING reason=NO_STATIC_PATH
1787304401.398 [OBSTACLES] cur_s=12.83 cur_d=-0.58 vs=0.01 n=2 [id=11 static=1 gap=3.47m d=0.19 size=0.19; id=13 static=1 gap=1.45m d=0.12 size=0.25]
1787304401.578 [STATIC_OT] state=TRAILING path_exists=0 path_locked=0 path_ttl_ok=0 path_safe=0 on_spline=0 speed=0.00 raw_wpnts=0 raw_age=-s decision=TRAILING reason=NO_STATIC_PATH
1787304401.837 [STATIC_OT] state=TRAILING path_exists=0 path_locked=0 path_ttl_ok=0 path_safe=0 on_spline=0 speed=0.01 raw_wpnts=0 raw_age=-s decision=TRAILING reason=NO_STATIC_PATH
1787304401.948 [OBSTACLES] cur_s=12.82 cur_d=-0.59 vs=0.00 n=2 [id=11 static=1 gap=3.47m d=0.20 size=0.17; id=13 static=1 gap=1.44m d=0.12 size=0.25]
1787304402.053 [STATIC_OT] state=TRAILING path_exists=0 path_locked=0 path_ttl_ok=0 path_safe=0 on_spline=0 speed=-0.00 raw_wpnts=0 raw_age=-s decision=TRAILING reason=NO_STATIC_PATH
1787304402.260 [STATIC_OT] state=TRAILING path_exists=0 path_locked=0 path_ttl_ok=0 path_safe=0 on_spline=0 speed=-0.00 raw_wpnts=0 raw_age=-s decision=TRAILING reason=NO_STATIC_PATH
1787304402.523 [OBSTACLES] cur_s=12.83 cur_d=-0.58 vs=-0.00 n=3 [id=11 static=1 gap=3.45m d=0.21 size=0.16; id=13 static=1 gap=1.39m d=0.12 size=0.27; id=16 static=1 gap=2.22m d=-0.48 size=0.15]
1787304402.533 [STATIC_OT] state=TRAILING path_exists=0 path_locked=0 path_ttl_ok=0 path_safe=0 on_spline=0 speed=-0.00 raw_wpnts=0 raw_age=-s decision=TRAILING reason=NO_STATIC_PATH
1787304402.761 [STATIC_OT] state=TRAILING path_exists=0 path_locked=0 path_ttl_ok=0 path_safe=0 on_spline=0 speed=-0.00 raw_wpnts=0 raw_age=-s decision=TRAILING reason=NO_STATIC_PATH
1787304403.000 [STATIC_OT] state=TRAILING path_exists=0 path_locked=0 path_ttl_ok=0 path_safe=0 on_spline=0 speed=0.00 raw_wpnts=0 raw_age=-s decision=TRAILING reason=NO_STATIC_PATH
1787304403.059 [OBSTACLES] cur_s=12.84 cur_d=-0.59 vs=0.00 n=3 [id=11 static=1 gap=3.43m d=0.22 size=0.16; id=13 static=1 gap=1.37m d=0.12 size=0.29; id=16 static=1 gap=2.20m d=-0.48 size=0.16]
1787304403.326 [STATIC_OT] state=TRAILING path_exists=0 path_locked=0 path_ttl_ok=0 path_safe=0 on_spline=0 speed=0.17 raw_wpnts=0 raw_age=-s decision=TRAILING reason=NO_STATIC_PATH
1787304403.554 [STATIC_OT] state=TRAILING path_exists=0 path_locked=0 path_ttl_ok=0 path_safe=0 on_spline=0 speed=0.09 raw_wpnts=0 raw_age=-s decision=TRAILING reason=NO_STATIC_PATH
1787304403.657 [OBSTACLES] cur_s=12.87 cur_d=-0.57 vs=0.23 n=3 [id=11 static=1 gap=3.39m d=0.22 size=0.16; id=13 static=1 gap=1.33m d=0.11 size=0.25; id=16 static=1 gap=2.17m d=-0.48 size=0.16]
1787304403.760 [STATIC_OT] state=TRAILING path_exists=0 path_locked=0 path_ttl_ok=0 path_safe=0 on_spline=0 speed=0.32 raw_wpnts=0 raw_age=-s decision=TRAILING reason=NO_STATIC_PATH
1787304404.011 [STATIC_OT] state=TRAILING path_exists=0 path_locked=0 path_ttl_ok=0 path_safe=0 on_spline=0 speed=0.55 raw_wpnts=0 raw_age=-s decision=TRAILING reason=NO_STATIC_PATH
1787304404.222 [OBSTACLES] cur_s=13.06 cur_d=-0.51 vs=0.61 n=1 [id=13 static=1 gap=1.13m d=0.11 size=0.25]
1787304404.233 [STATIC_OT] state=TRAILING path_exists=0 path_locked=0 path_ttl_ok=0 path_safe=0 on_spline=0 speed=0.61 raw_wpnts=0 raw_age=-s decision=TRAILING reason=NO_STATIC_PATH
1787304404.454 [STATIC_OT] state=TRAILING path_exists=0 path_locked=0 path_ttl_ok=0 path_safe=0 on_spline=0 speed=0.35 raw_wpnts=0 raw_age=-s decision=TRAILING reason=NO_STATIC_PATH
1787304404.666 [STATIC_OT] state=TRAILING path_exists=0 path_locked=0 path_ttl_ok=0 path_safe=0 on_spline=0 speed=0.01 raw_wpnts=0 raw_age=-s decision=TRAILING reason=NO_STATIC_PATH
1787304404.757 [OBSTACLES] cur_s=13.13 cur_d=-0.46 vs=0.01 n=2 [id=13 static=1 gap=1.04m d=0.11 size=0.24; id=17 static=1 gap=3.05m d=-0.73 size=0.52]
1787304405.013 [STATIC_OT] state=TRAILING path_exists=0 path_locked=0 path_ttl_ok=0 path_safe=0 on_spline=0 speed=0.00 raw_wpnts=0 raw_age=-s decision=TRAILING reason=NO_STATIC_PATH
1787304405.273 [OBSTACLES] cur_s=13.17 cur_d=-0.45 vs=0.01 n=2 [id=13 static=1 gap=0.75m d=0.06 size=0.25; id=17 static=1 gap=3.03m d=-0.73 size=0.44]
1787304405.277 [STATIC_OT] state=TRAILING path_exists=0 path_locked=0 path_ttl_ok=0 path_safe=0 on_spline=0 speed=0.01 raw_wpnts=0 raw_age=-s decision=TRAILING reason=NO_STATIC_PATH
1787304405.482 [STATIC_OT] state=TRAILING path_exists=0 path_locked=0 path_ttl_ok=0 path_safe=0 on_spline=0 speed=0.00 raw_wpnts=0 raw_age=-s decision=TRAILING reason=NO_STATIC_PATH
1787304405.713 [STATIC_OT] state=TRAILING path_exists=0 path_locked=0 path_ttl_ok=0 path_safe=0 on_spline=0 speed=0.01 raw_wpnts=0 raw_age=-s decision=TRAILING reason=NO_STATIC_PATH
1787304405.903 [OBSTACLES] cur_s=13.17 cur_d=-0.43 vs=-0.00 n=2 [id=13 static=1 gap=0.75m d=0.07 size=0.27; id=17 static=1 gap=3.04m d=-0.73 size=0.44]
1787304406.042 [STATIC_OT] state=TRAILING path_exists=0 path_locked=0 path_ttl_ok=0 path_safe=0 on_spline=0 speed=0.00 raw_wpnts=0 raw_age=-s decision=TRAILING reason=NO_STATIC_PATH
1787304406.253 [STATIC_OT] state=TRAILING path_exists=0 path_locked=0 path_ttl_ok=0 path_safe=0 on_spline=0 speed=0.00 raw_wpnts=0 raw_age=-s decision=TRAILING reason=NO_STATIC_PATH
1787304406.419 [OBSTACLES] cur_s=13.17 cur_d=-0.44 vs=0.00 n=2 [id=13 static=1 gap=0.76m d=0.07 size=0.27; id=17 static=1 gap=3.02m d=-0.73 size=0.46]
1787304406.464 [STATIC_OT] state=TRAILING path_exists=0 path_locked=0 path_ttl_ok=0 path_safe=0 on_spline=0 speed=0.00 raw_wpnts=0 raw_age=-s decision=TRAILING reason=NO_STATIC_PATH
1787304406.707 [STATIC_OT] state=TRAILING path_exists=0 path_locked=0 path_ttl_ok=0 path_safe=0 on_spline=0 speed=-0.00 raw_wpnts=0 raw_age=-s decision=TRAILING reason=NO_STATIC_PATH
1787304406.928 [OBSTACLES] cur_s=13.17 cur_d=-0.45 vs=0.00 n=2 [id=13 static=1 gap=0.76m d=0.07 size=0.26; id=17 static=1 gap=3.03m d=-0.73 size=0.44]
1787304406.932 [STATIC_OT] state=TRAILING path_exists=0 path_locked=0 path_ttl_ok=0 path_safe=0 on_spline=0 speed=0.00 raw_wpnts=0 raw_age=-s decision=TRAILING reason=NO_STATIC_PATH
1787304407.196 [STATIC_OT] state=TRAILING path_exists=0 path_locked=0 path_ttl_ok=0 path_safe=0 on_spline=0 speed=0.00 raw_wpnts=0 raw_age=-s decision=TRAILING reason=NO_STATIC_PATH
1787304407.442 [OBSTACLES] cur_s=13.15 cur_d=-0.44 vs=-0.00 n=2 [id=13 static=1 gap=0.77m d=0.07 size=0.28; id=17 static=1 gap=3.04m d=-0.73 size=0.47]
1787304407.444 [STATIC_OT] state=TRAILING path_exists=0 path_locked=0 path_ttl_ok=0 path_safe=0 on_spline=0 speed=-0.00 raw_wpnts=0 raw_age=-s decision=TRAILING reason=NO_STATIC_PATH
1787304407.662 [STATIC_OT] state=TRAILING path_exists=0 path_locked=0 path_ttl_ok=0 path_safe=0 on_spline=0 speed=-0.01 raw_wpnts=0 raw_age=-s decision=TRAILING reason=NO_STATIC_PATH
1787304407.897 [STATIC_OT] state=TRAILING path_exists=0 path_locked=0 path_ttl_ok=0 path_safe=0 on_spline=0 speed=0.00 raw_wpnts=0 raw_age=-s decision=TRAILING reason=NO_STATIC_PATH
1787304407.965 [OBSTACLES] cur_s=13.17 cur_d=-0.46 vs=0.00 n=2 [id=13 static=1 gap=0.76m d=0.07 size=0.27; id=17 static=1 gap=3.02m d=-0.73 size=0.47]
1787304408.104 [STATIC_OT] state=TRAILING path_exists=0 path_locked=0 path_ttl_ok=0 path_safe=0 on_spline=0 speed=-0.00 raw_wpnts=0 raw_age=-s decision=TRAILING reason=NO_STATIC_PATH
1787304408.336 [STATIC_OT] state=TRAILING path_exists=0 path_locked=0 path_ttl_ok=0 path_safe=0 on_spline=0 speed=-0.00 raw_wpnts=0 raw_age=-s decision=TRAILING reason=NO_STATIC_PATH
1787304408.518 [OBSTACLES] cur_s=13.16 cur_d=-0.44 vs=-0.00 n=2 [id=13 static=1 gap=0.76m d=0.07 size=0.28; id=17 static=1 gap=3.02m d=-0.73 size=0.47]
1787304408.606 [STATIC_OT] state=TRAILING path_exists=0 path_locked=0 path_ttl_ok=0 path_safe=0 on_spline=0 speed=-0.00 raw_wpnts=0 raw_age=-s decision=TRAILING reason=NO_STATIC_PATH
1787304408.813 [STATIC_OT] state=TRAILING path_exists=0 path_locked=0 path_ttl_ok=0 path_safe=0 on_spline=0 speed=-0.00 raw_wpnts=0 raw_age=-s decision=TRAILING reason=NO_STATIC_PATH
1787304409.031 [OBSTACLES] cur_s=13.17 cur_d=-0.44 vs=-0.00 n=2 [id=13 static=1 gap=0.75m d=0.07 size=0.29; id=17 static=1 gap=3.04m d=-0.73 size=0.42]
1787304409.043 [STATIC_OT] state=TRAILING path_exists=0 path_locked=0 path_ttl_ok=0 path_safe=0 on_spline=0 speed=-0.00 raw_wpnts=0 raw_age=-s decision=TRAILING reason=NO_STATIC_PATH
1787304409.283 [STATIC_OT] state=TRAILING path_exists=0 path_locked=0 path_ttl_ok=0 path_safe=0 on_spline=0 speed=-0.01 raw_wpnts=0 raw_age=-s decision=TRAILING reason=NO_STATIC_PATH
1787304409.505 [STATIC_OT] state=TRAILING path_exists=0 path_locked=0 path_ttl_ok=0 path_safe=0 on_spline=0 speed=-0.00 raw_wpnts=0 raw_age=-s decision=TRAILING reason=NO_STATIC_PATH
1787304409.553 [OBSTACLES] cur_s=13.16 cur_d=-0.45 vs=-0.00 n=2 [id=13 static=1 gap=0.77m d=0.07 size=0.28; id=17 static=1 gap=3.02m d=-0.73 size=0.49]
1787304409.786 [STATIC_OT] state=TRAILING path_exists=0 path_locked=0 path_ttl_ok=0 path_safe=0 on_spline=0 speed=-0.00 raw_wpnts=0 raw_age=-s decision=TRAILING reason=NO_STATIC_PATH
1787304409.993 [STATIC_OT] state=TRAILING path_exists=0 path_locked=0 path_ttl_ok=0 path_safe=0 on_spline=0 speed=0.00 raw_wpnts=0 raw_age=-s decision=TRAILING reason=NO_STATIC_PATH
1787304410.078 [OBSTACLES] cur_s=13.17 cur_d=-0.45 vs=0.00 n=2 [id=13 static=1 gap=0.75m d=0.07 size=0.28; id=17 static=1 gap=3.04m d=-0.73 size=0.43]
1787304410.274 [STATIC_OT] state=TRAILING path_exists=0 path_locked=0 path_ttl_ok=0 path_safe=0 on_spline=0 speed=-0.00 raw_wpnts=0 raw_age=-s decision=TRAILING reason=NO_STATIC_PATH
1787304410.524 [STATIC_OT] state=TRAILING path_exists=0 path_locked=0 path_ttl_ok=0 path_safe=0 on_spline=0 speed=0.00 raw_wpnts=0 raw_age=-s decision=TRAILING reason=NO_STATIC_PATH
1787304410.596 [OBSTACLES] cur_s=13.16 cur_d=-0.45 vs=0.00 n=2 [id=13 static=1 gap=0.76m d=0.07 size=0.28; id=17 static=1 gap=3.04m d=-0.73 size=0.43]
1787304410.730 [STATIC_OT] state=TRAILING path_exists=0 path_locked=0 path_ttl_ok=0 path_safe=0 on_spline=0 speed=0.00 raw_wpnts=0 raw_age=-s decision=TRAILING reason=NO_STATIC_PATH
1787304410.958 [STATIC_OT] state=TRAILING path_exists=0 path_locked=0 path_ttl_ok=0 path_safe=0 on_spline=0 speed=0.00 raw_wpnts=0 raw_age=-s decision=TRAILING reason=NO_STATIC_PATH
1787304411.117 [OBSTACLES] cur_s=13.19 cur_d=-0.44 vs=0.00 n=2 [id=13 static=1 gap=0.73m d=0.07 size=0.28; id=17 static=1 gap=2.99m d=-0.73 size=0.47]
1787304411.160 [STATIC_OT] state=TRAILING path_exists=0 path_locked=0 path_ttl_ok=0 path_safe=0 on_spline=0 speed=0.00 raw_wpnts=0 raw_age=-s decision=TRAILING reason=NO_STATIC_PATH
1787304411.421 [STATIC_OT] state=TRAILING path_exists=0 path_locked=0 path_ttl_ok=0 path_safe=0 on_spline=0 speed=-0.00 raw_wpnts=0 raw_age=-s decision=TRAILING reason=NO_STATIC_PATH
1787304411.671 [OBSTACLES] cur_s=13.16 cur_d=-0.45 vs=0.00 n=2 [id=13 static=1 gap=0.75m d=0.07 size=0.30; id=17 static=1 gap=3.02m d=-0.73 size=0.49]
1787304411.677 [STATIC_OT] state=TRAILING path_exists=0 path_locked=0 path_ttl_ok=0 path_safe=0 on_spline=0 speed=0.00 raw_wpnts=0 raw_age=-s decision=TRAILING reason=NO_STATIC_PATH
1787304411.958 [STATIC_OT] state=TRAILING path_exists=0 path_locked=0 path_ttl_ok=0 path_safe=0 on_spline=0 speed=-0.00 raw_wpnts=0 raw_age=-s decision=TRAILING reason=NO_STATIC_PATH
1787304412.184 [OBSTACLES] cur_s=13.18 cur_d=-0.44 vs=-0.00 n=2 [id=13 static=1 gap=0.74m d=0.07 size=0.28; id=17 static=1 gap=3.00m d=-0.73 size=0.47]
1787304412.192 [STATIC_OT] state=TRAILING path_exists=0 path_locked=0 path_ttl_ok=0 path_safe=0 on_spline=0 speed=-0.00 raw_wpnts=0 raw_age=-s decision=TRAILING reason=NO_STATIC_PATH
1787304412.494 [STATIC_OT] state=TRAILING path_exists=0 path_locked=0 path_ttl_ok=0 path_safe=0 on_spline=0 speed=0.00 raw_wpnts=0 raw_age=-s decision=TRAILING reason=NO_STATIC_PATH
1787304412.715 [OBSTACLES] cur_s=13.19 cur_d=-0.43 vs=-0.00 n=2 [id=13 static=1 gap=0.71m d=0.07 size=0.33; id=17 static=1 gap=3.02m d=-0.73 size=0.42]
1787304412.720 [STATIC_OT] state=TRAILING path_exists=0 path_locked=0 path_ttl_ok=0 path_safe=0 on_spline=0 speed=-0.00 raw_wpnts=0 raw_age=-s decision=TRAILING reason=NO_STATIC_PATH
1787304412.941 [STATIC_OT] state=TRAILING path_exists=0 path_locked=0 path_ttl_ok=0 path_safe=0 on_spline=0 speed=-0.00 raw_wpnts=0 raw_age=-s decision=TRAILING reason=NO_STATIC_PATH
1787304413.173 [STATIC_OT] state=TRAILING path_exists=0 path_locked=0 path_ttl_ok=0 path_safe=0 on_spline=0 speed=0.00 raw_wpnts=0 raw_age=-s decision=TRAILING reason=NO_STATIC_PATH
1787304413.222 [OBSTACLES] cur_s=13.17 cur_d=-0.44 vs=0.00 n=2 [id=13 static=1 gap=0.76m d=0.07 size=0.27; id=17 static=1 gap=3.04m d=-0.73 size=0.41]
1787304413.410 [STATIC_OT] state=TRAILING path_exists=0 path_locked=0 path_ttl_ok=0 path_safe=0 on_spline=0 speed=-0.00 raw_wpnts=0 raw_age=-s decision=TRAILING reason=NO_STATIC_PATH
1787304413.651 [STATIC_OT] state=TRAILING path_exists=0 path_locked=0 path_ttl_ok=0 path_safe=0 on_spline=0 speed=-0.00 raw_wpnts=0 raw_age=-s decision=TRAILING reason=NO_STATIC_PATH
1787304413.724 [OBSTACLES] cur_s=13.17 cur_d=-0.43 vs=-0.00 n=2 [id=13 static=1 gap=0.76m d=0.07 size=0.27; id=17 static=1 gap=3.01m d=-0.73 size=0.47]
1787304413.888 [STATIC_OT] state=TRAILING path_exists=0 path_locked=0 path_ttl_ok=0 path_safe=0 on_spline=0 speed=-0.00 raw_wpnts=0 raw_age=-s decision=TRAILING reason=NO_STATIC_PATH
1787304414.115 [STATIC_OT] state=TRAILING path_exists=0 path_locked=0 path_ttl_ok=0 path_safe=0 on_spline=0 speed=-0.00 raw_wpnts=0 raw_age=-s decision=TRAILING reason=NO_STATIC_PATH
1787304414.248 [OBSTACLES] cur_s=13.17 cur_d=-0.44 vs=-0.00 n=2 [id=13 static=1 gap=0.76m d=0.07 size=0.27; id=17 static=1 gap=3.02m d=-0.73 size=0.46]
1787304414.406 [STATIC_OT] state=TRAILING path_exists=0 path_locked=0 path_ttl_ok=0 path_safe=0 on_spline=0 speed=0.00 raw_wpnts=0 raw_age=-s decision=TRAILING reason=NO_STATIC_PATH
1787304414.710 [STATIC_OT] state=TRAILING path_exists=0 path_locked=0 path_ttl_ok=0 path_safe=0 on_spline=0 speed=-0.00 raw_wpnts=0 raw_age=-s decision=TRAILING reason=NO_STATIC_PATH
1787304414.750 [OBSTACLES] cur_s=13.18 cur_d=-0.43 vs=-0.00 n=2 [id=13 static=1 gap=0.75m d=0.07 size=0.27; id=17 static=1 gap=3.01m d=-0.73 size=0.46]
1787304414.956 [STATIC_OT] state=TRAILING path_exists=0 path_locked=0 path_ttl_ok=0 path_safe=0 on_spline=0 speed=-0.00 raw_wpnts=0 raw_age=-s decision=TRAILING reason=NO_STATIC_PATH
1787304415.194 [STATIC_OT] state=TRAILING path_exists=0 path_locked=0 path_ttl_ok=0 path_safe=0 on_spline=0 speed=-0.00 raw_wpnts=0 raw_age=-s decision=TRAILING reason=NO_STATIC_PATH
1787304415.291 [OBSTACLES] cur_s=13.15 cur_d=-0.45 vs=0.00 n=2 [id=13 static=1 gap=0.77m d=0.07 size=0.29; id=17 static=1 gap=3.04m d=-0.73 size=0.44]
1787304415.412 [STATIC_OT] state=TRAILING path_exists=0 path_locked=0 path_ttl_ok=0 path_safe=0 on_spline=0 speed=-0.00 raw_wpnts=0 raw_age=-s decision=TRAILING reason=NO_STATIC_PATH
1787304415.621 [STATIC_OT] state=TRAILING path_exists=0 path_locked=0 path_ttl_ok=0 path_safe=0 on_spline=0 speed=0.00 raw_wpnts=0 raw_age=-s decision=TRAILING reason=NO_STATIC_PATH
1787304415.798 [OBSTACLES] cur_s=13.14 cur_d=-0.45 vs=-0.00 n=2 [id=13 static=1 gap=0.78m d=0.07 size=0.28; id=17 static=1 gap=3.03m d=-0.73 size=0.49]
1787304415.843 [STATIC_OT] state=TRAILING path_exists=0 path_locked=0 path_ttl_ok=0 path_safe=0 on_spline=0 speed=-0.00 raw_wpnts=0 raw_age=-s decision=TRAILING reason=NO_STATIC_PATH
1787304416.095 [STATIC_OT] state=TRAILING path_exists=0 path_locked=0 path_ttl_ok=0 path_safe=0 on_spline=0 speed=-0.00 raw_wpnts=0 raw_age=-s decision=TRAILING reason=NO_STATIC_PATH
1787304416.313 [OBSTACLES] cur_s=13.13 cur_d=-0.46 vs=-0.00 n=2 [id=13 static=1 gap=0.80m d=0.07 size=0.28; id=17 static=1 gap=3.05m d=-0.73 size=0.49]
1787304416.315 [STATIC_OT] state=TRAILING path_exists=0 path_locked=0 path_ttl_ok=0 path_safe=0 on_spline=0 speed=-0.00 raw_wpnts=0 raw_age=-s decision=TRAILING reason=NO_STATIC_PATH
1787304416.554 [STATIC_OT] state=TRAILING path_exists=0 path_locked=0 path_ttl_ok=0 path_safe=0 on_spline=0 speed=0.00 raw_wpnts=0 raw_age=-s decision=TRAILING reason=NO_STATIC_PATH
1787304416.788 [STATIC_OT] state=TRAILING path_exists=0 path_locked=0 path_ttl_ok=0 path_safe=0 on_spline=0 speed=-0.00 raw_wpnts=0 raw_age=-s decision=TRAILING reason=NO_STATIC_PATH
1787304416.841 [OBSTACLES] cur_s=13.16 cur_d=-0.45 vs=0.00 n=2 [id=13 static=1 gap=0.76m d=0.07 size=0.28; id=17 static=1 gap=3.01m d=-0.73 size=0.51]
1787304417.021 [STATIC_OT] state=TRAILING path_exists=0 path_locked=0 path_ttl_ok=0 path_safe=0 on_spline=0 speed=0.00 raw_wpnts=0 raw_age=-s decision=TRAILING reason=NO_STATIC_PATH
1787304417.243 [STATIC_OT] state=TRAILING path_exists=0 path_locked=0 path_ttl_ok=0 path_safe=0 on_spline=0 speed=-0.00 raw_wpnts=0 raw_age=-s decision=TRAILING reason=NO_STATIC_PATH
1787304417.348 [OBSTACLES] cur_s=13.18 cur_d=-0.43 vs=-0.00 n=2 [id=13 static=1 gap=0.71m d=0.07 size=0.35; id=17 static=1 gap=3.02m d=-0.73 size=0.44]
1787304417.449 [STATIC_OT] state=TRAILING path_exists=0 path_locked=0 path_ttl_ok=0 path_safe=0 on_spline=0 speed=-0.00 raw_wpnts=0 raw_age=-s decision=TRAILING reason=NO_STATIC_PATH
1787304417.651 [STATIC_OT] state=TRAILING path_exists=0 path_locked=0 path_ttl_ok=0 path_safe=0 on_spline=0 speed=0.00 raw_wpnts=0 raw_age=-s decision=TRAILING reason=NO_STATIC_PATH
1787304417.874 [OBSTACLES] cur_s=13.15 cur_d=-0.44 vs=-0.00 n=2 [id=13 static=1 gap=0.77m d=0.07 size=0.27; id=17 static=1 gap=3.04m d=-0.73 size=0.46]
1787304417.876 [STATIC_OT] state=TRAILING path_exists=0 path_locked=0 path_ttl_ok=0 path_safe=0 on_spline=0 speed=-0.00 raw_wpnts=0 raw_age=-s decision=TRAILING reason=NO_STATIC_PATH
1787304418.164 [STATIC_OT] state=TRAILING path_exists=0 path_locked=0 path_ttl_ok=0 path_safe=0 on_spline=0 speed=-0.00 raw_wpnts=0 raw_age=-s decision=TRAILING reason=NO_STATIC_PATH
1787304418.371 [STATIC_OT] state=TRAILING path_exists=0 path_locked=0 path_ttl_ok=0 path_safe=0 on_spline=0 speed=-0.00 raw_wpnts=0 raw_age=-s decision=TRAILING reason=NO_STATIC_PATH
1787304418.426 [OBSTACLES] cur_s=13.19 cur_d=-0.43 vs=-0.05 n=2 [id=13 static=1 gap=0.74m d=0.07 size=0.27; id=17 static=1 gap=3.01m d=-0.73 size=0.43]
1787304418.612 [STATIC_OT] state=TRAILING path_exists=0 path_locked=0 path_ttl_ok=0 path_safe=0 on_spline=0 speed=-0.16 raw_wpnts=0 raw_age=-s decision=TRAILING reason=NO_STATIC_PATH
1787304418.862 [STATIC_OT] state=TRAILING path_exists=0 path_locked=0 path_ttl_ok=0 path_safe=0 on_spline=0 speed=-0.51 raw_wpnts=0 raw_age=-s decision=TRAILING reason=NO_STATIC_PATH
1787304418.982 [OBSTACLES] cur_s=13.04 cur_d=-0.51 vs=-0.46 n=2 [id=13 static=1 gap=0.90m d=0.07 size=0.24; id=17 static=1 gap=3.18m d=-0.73 size=0.40]
1787304419.093 [STATIC_OT] state=TRAILING path_exists=0 path_locked=0 path_ttl_ok=0 path_safe=0 on_spline=0 speed=-0.65 raw_wpnts=0 raw_age=-s decision=TRAILING reason=NO_STATIC_PATH
1787304419.322 [STATIC_OT] state=TRAILING path_exists=0 path_locked=0 path_ttl_ok=0 path_safe=0 on_spline=0 speed=-1.20 raw_wpnts=0 raw_age=-s decision=TRAILING reason=NO_STATIC_PATH
1787304419.512 [OBSTACLES] cur_s=12.74 cur_d=-0.66 vs=-1.46 n=2 [id=13 static=1 gap=1.20m d=0.07 size=0.25; id=17 static=1 gap=3.58m d=-0.73 size=0.19]
1787304419.599 [STATIC_OT] state=TRAILING path_exists=0 path_locked=0 path_ttl_ok=0 path_safe=0 on_spline=0 speed=-1.52 raw_wpnts=0 raw_age=-s decision=TRAILING reason=NO_STATIC_PATH
1787304419.859 [STATIC_OT] state=TRAILING path_exists=0 path_locked=0 path_ttl_ok=0 path_safe=0 on_spline=0 speed=-1.77 raw_wpnts=101 raw_age=0.56s decision=TRAILING reason=NO_STATIC_PATH
1787304420.049 [OBSTACLES] cur_s=12.42 cur_d=-0.58 vs=-1.78 n=3 [id=13 static=1 gap=1.52m d=0.07 size=0.25; id=17 static=1 gap=3.90m d=-0.73 size=0.19; id=18 static=1 gap=3.63m d=0.20 size=0.57]
1787304420.090 [STATIC_OT] state=TRAILING path_exists=0 path_locked=0 path_ttl_ok=0 path_safe=0 on_spline=0 speed=-1.74 raw_wpnts=101 raw_age=0.55s decision=TRAILING reason=NO_STATIC_PATH
1787304420.298 [STATIC_OT] state=TRAILING path_exists=0 path_locked=0 path_ttl_ok=0 path_safe=0 on_spline=0 speed=-1.29 raw_wpnts=0 raw_age=-s decision=TRAILING reason=NO_STATIC_PATH
1787304420.544 [STATIC_OT] state=TRAILING path_exists=0 path_locked=0 path_ttl_ok=0 path_safe=0 on_spline=0 speed=-1.17 raw_wpnts=0 raw_age=-s decision=TRAILING reason=NO_STATIC_PATH
1787304420.604 [OBSTACLES] cur_s=12.22 cur_d=-0.44 vs=-1.16 n=3 [id=13 static=1 gap=1.72m d=0.07 size=0.25; id=18 static=1 gap=3.83m d=0.20 size=0.57; id=19 static=1 gap=2.76m d=-0.04 size=0.29]
1787304420.751 [STATIC_OT] state=TRAILING path_exists=0 path_locked=0 path_ttl_ok=0 path_safe=0 on_spline=0 speed=-1.29 raw_wpnts=0 raw_age=-s decision=TRAILING reason=NO_STATIC_PATH
1787304420.956 [STATIC_OT] state=TRAILING path_exists=0 path_locked=0 path_ttl_ok=0 path_safe=0 on_spline=0 speed=-1.96 raw_wpnts=0 raw_age=-s decision=TRAILING reason=NO_STATIC_PATH
1787304421.128 [OBSTACLES] cur_s=12.04 cur_d=-0.25 vs=-1.82 n=3 [id=18 static=1 gap=4.24m d=0.16 size=0.39; id=19 static=1 gap=3.00m d=-0.08 size=0.22; id=21 static=1 gap=3.61m d=-0.45 size=0.24]
1787304421.191 [STATIC_OT] state=TRAILING path_exists=0 path_locked=0 path_ttl_ok=0 path_safe=0 on_spline=0 speed=-1.59 raw_wpnts=0 raw_age=-s decision=TRAILING reason=NO_STATIC_PATH
1787304421.445 [STATIC_OT] state=TRAILING path_exists=0 path_locked=0 path_ttl_ok=0 path_safe=0 on_spline=0 speed=-0.77 raw_wpnts=0 raw_age=-s decision=TRAILING reason=NO_STATIC_PATH
1787304421.638 [OBSTACLES] cur_s=12.33 cur_d=0.01 vs=-0.51 n=3 [id=18 static=1 gap=4.04m d=0.16 size=0.25; id=19 static=1 gap=2.72m d=-0.08 size=0.22; id=21 static=1 gap=3.34m d=-0.46 size=0.22]
1787304421.649 [STATIC_OT] state=TRAILING path_exists=0 path_locked=0 path_ttl_ok=0 path_safe=0 on_spline=0 speed=-0.51 raw_wpnts=0 raw_age=-s decision=TRAILING reason=NO_STATIC_PATH
1787304421.861 [STATIC_OT] state=TRAILING path_exists=0 path_locked=0 path_ttl_ok=0 path_safe=0 on_spline=0 speed=-0.38 raw_wpnts=0 raw_age=-s decision=TRAILING reason=NO_STATIC_PATH
1787304422.066 [STATIC_OT] state=TRAILING path_exists=0 path_locked=0 path_ttl_ok=0 path_safe=0 on_spline=0 speed=-0.36 raw_wpnts=0 raw_age=-s decision=TRAILING reason=NO_STATIC_PATH
1787304422.156 [OBSTACLES] cur_s=12.37 cur_d=0.02 vs=-0.12 n=3 [id=18 static=1 gap=4.00m d=0.16 size=0.25; id=21 static=1 gap=3.30m d=-0.46 size=0.22; id=23 static=1 gap=4.38m d=-0.04 size=0.51]
1787304422.297 [STATIC_OT] state=TRAILING path_exists=0 path_locked=0 path_ttl_ok=0 path_safe=0 on_spline=0 speed=-0.15 raw_wpnts=0 raw_age=-s decision=TRAILING reason=NO_STATIC_PATH
1787304422.625 [STATIC_OT] state=TRAILING path_exists=0 path_locked=0 path_ttl_ok=0 path_safe=0 on_spline=0 speed=-0.05 raw_wpnts=0 raw_age=-s decision=TRAILING reason=NO_STATIC_PATH
1787304422.667 [OBSTACLES] cur_s=12.38 cur_d=0.02 vs=-0.05 n=1 [id=23 static=1 gap=4.34m d=-0.06 size=0.55]
1787304422.865 [STATIC_OT] state=TRAILING path_exists=0 path_locked=0 path_ttl_ok=0 path_safe=0 on_spline=0 speed=-0.02 raw_wpnts=0 raw_age=-s decision=TRAILING reason=NO_STATIC_PATH
1787304423.099 [STATIC_OT] state=TRAILING path_exists=0 path_locked=0 path_ttl_ok=0 path_safe=0 on_spline=0 speed=-0.01 raw_wpnts=0 raw_age=-s decision=TRAILING reason=NO_STATIC_PATH
1787304423.194 [OBSTACLES] cur_s=12.42 cur_d=0.02 vs=0.02 n=1 [id=23 static=1 gap=4.41m d=-0.07 size=0.35]
1787304423.314 [STATIC_OT] state=TRAILING path_exists=0 path_locked=0 path_ttl_ok=0 path_safe=0 on_spline=0 speed=0.04 raw_wpnts=0 raw_age=-s decision=TRAILING reason=NO_STATIC_PATH
1787304423.534 [STATIC_OT] state=TRAILING path_exists=0 path_locked=0 path_ttl_ok=0 path_safe=0 on_spline=0 speed=0.03 raw_wpnts=0 raw_age=-s decision=TRAILING reason=NO_STATIC_PATH
1787304423.703 [OBSTACLES] cur_s=12.44 cur_d=0.03 vs=0.04 n=1 [id=23 static=1 gap=4.36m d=-0.08 size=0.40]
1787304423.753 [STATIC_OT] state=TRAILING path_exists=0 path_locked=0 path_ttl_ok=0 path_safe=0 on_spline=0 speed=0.04 raw_wpnts=0 raw_age=-s decision=TRAILING reason=NO_STATIC_PATH
1787304423.973 [STATIC_OT] state=TRAILING path_exists=0 path_locked=0 path_ttl_ok=0 path_safe=0 on_spline=0 speed=0.06 raw_wpnts=0 raw_age=-s decision=TRAILING reason=NO_STATIC_PATH
1787304424.186 [STATIC_OT] state=TRAILING path_exists=0 path_locked=0 path_ttl_ok=0 path_safe=0 on_spline=0 speed=0.02 raw_wpnts=0 raw_age=-s decision=TRAILING reason=NO_STATIC_PATH
1787304424.212 [OBSTACLES] cur_s=12.41 cur_d=0.02 vs=0.02 n=1 [id=23 static=1 gap=4.42m d=-0.09 size=0.36]
1787304424.399 [STATIC_OT] state=TRAILING path_exists=0 path_locked=0 path_ttl_ok=0 path_safe=0 on_spline=0 speed=0.05 raw_wpnts=0 raw_age=-s decision=TRAILING reason=NO_STATIC_PATH
1787304424.627 [STATIC_OT] state=TRAILING path_exists=0 path_locked=0 path_ttl_ok=0 path_safe=0 on_spline=0 speed=0.04 raw_wpnts=0 raw_age=-s decision=TRAILING reason=NO_STATIC_PATH
1787304424.713 [OBSTACLES] cur_s=12.44 cur_d=0.02 vs=0.04 n=1 [id=23 static=1 gap=4.36m d=-0.09 size=0.41]
1787304424.851 [STATIC_OT] state=TRAILING path_exists=0 path_locked=0 path_ttl_ok=0 path_safe=0 on_spline=0 speed=0.03 raw_wpnts=0 raw_age=-s decision=TRAILING reason=NO_STATIC_PATH
1787304425.079 [STATIC_OT] state=TRAILING path_exists=0 path_locked=0 path_ttl_ok=0 path_safe=0 on_spline=0 speed=0.03 raw_wpnts=0 raw_age=-s decision=TRAILING reason=NO_STATIC_PATH
1787304425.264 [OBSTACLES] cur_s=12.45 cur_d=0.00 vs=0.05 n=1 [id=23 static=1 gap=4.35m d=-0.09 size=0.41]
1787304425.343 [STATIC_OT] state=TRAILING path_exists=0 path_locked=0 path_ttl_ok=0 path_safe=0 on_spline=0 speed=0.06 raw_wpnts=0 raw_age=-s decision=TRAILING reason=NO_STATIC_PATH
1787304425.699 [STATIC_OT] state=TRAILING path_exists=0 path_locked=0 path_ttl_ok=0 path_safe=0 on_spline=0 speed=0.04 raw_wpnts=0 raw_age=-s decision=TRAILING reason=NO_STATIC_PATH
1787304425.808 [OBSTACLES] cur_s=12.48 cur_d=0.04 vs=0.05 n=1 [id=23 static=1 gap=4.28m d=-0.09 size=0.49]
1787304425.937 [STATIC_OT] state=TRAILING path_exists=0 path_locked=0 path_ttl_ok=0 path_safe=0 on_spline=0 speed=0.03 raw_wpnts=0 raw_age=-s decision=TRAILING reason=NO_STATIC_PATH
1787304426.156 [STATIC_OT] state=TRAILING path_exists=0 path_locked=0 path_ttl_ok=0 path_safe=0 on_spline=0 speed=0.04 raw_wpnts=0 raw_age=-s decision=TRAILING reason=NO_STATIC_PATH
1787304426.351 [OBSTACLES] cur_s=12.49 cur_d=0.05 vs=0.04 n=1 [id=23 static=1 gap=4.30m d=-0.09 size=0.44]
1787304426.394 [STATIC_OT] state=TRAILING path_exists=0 path_locked=0 path_ttl_ok=0 path_safe=0 on_spline=0 speed=0.04 raw_wpnts=0 raw_age=-s decision=TRAILING reason=NO_STATIC_PATH
1787304426.633 [STATIC_OT] state=TRAILING path_exists=0 path_locked=0 path_ttl_ok=0 path_safe=0 on_spline=0 speed=0.03 raw_wpnts=0 raw_age=-s decision=TRAILING reason=NO_STATIC_PATH
1787304426.850 [STATIC_OT] state=TRAILING path_exists=0 path_locked=0 path_ttl_ok=0 path_safe=0 on_spline=0 speed=0.03 raw_wpnts=0 raw_age=-s decision=TRAILING reason=NO_STATIC_PATH
1787304426.900 [OBSTACLES] cur_s=12.47 cur_d=0.04 vs=0.01 n=1 [id=23 static=1 gap=4.28m d=-0.09 size=0.51]
1787304427.081 [STATIC_OT] state=TRAILING path_exists=0 path_locked=0 path_ttl_ok=0 path_safe=0 on_spline=0 speed=0.02 raw_wpnts=0 raw_age=-s decision=TRAILING reason=NO_STATIC_PATH
1787304427.303 [STATIC_OT] state=TRAILING path_exists=0 path_locked=0 path_ttl_ok=0 path_safe=0 on_spline=0 speed=0.01 raw_wpnts=0 raw_age=-s decision=TRAILING reason=NO_STATIC_PATH
1787304427.422 [OBSTACLES] cur_s=12.46 cur_d=0.03 vs=0.01 n=0 [none]
1787304427.422 [STATE_CHANGE] TRAILING -> GB_TRACK src=GB_TRACK s=12.46 d=0.03 vs=0.01
1787304427.934 [OBSTACLES] cur_s=12.46 cur_d=0.03 vs=0.01 n=0 [none]
1787304428.464 [OBSTACLES] cur_s=12.47 cur_d=0.03 vs=0.01 n=0 [none]
1787304428.993 [OBSTACLES] cur_s=12.45 cur_d=0.02 vs=-0.15 n=0 [none]
1787304429.561 [OBSTACLES] cur_s=12.43 cur_d=0.00 vs=-0.01 n=0 [none]
1787304429.935 [STATIC_OT] state=GB_TRACK path_exists=0 path_locked=0 path_ttl_ok=0 path_safe=0 on_spline=0 speed=-0.00 raw_wpnts=0 raw_age=-s decision=TRAILING reason=NO_STATIC_PATH
1787304429.935 [STATE_CHANGE] GB_TRACK -> TRAILING src=GB_TRACK s=12.43 d=-0.01 vs=-0.00
1787304430.074 [OBSTACLES] cur_s=12.46 cur_d=-0.00 vs=0.01 n=1 [id=24 static=1 gap=4.28m d=-0.10 size=0.50]
1787304430.141 [STATIC_OT] state=TRAILING path_exists=0 path_locked=0 path_ttl_ok=0 path_safe=0 on_spline=0 speed=0.02 raw_wpnts=0 raw_age=-s decision=TRAILING reason=NO_STATIC_PATH
1787304430.358 [STATIC_OT] state=TRAILING path_exists=0 path_locked=0 path_ttl_ok=0 path_safe=0 on_spline=0 speed=-0.10 raw_wpnts=0 raw_age=-s decision=TRAILING reason=NO_STATIC_PATH
1787304430.593 [OBSTACLES] cur_s=12.35 cur_d=-0.12 vs=-0.46 n=1 [id=24 static=1 gap=4.40m d=-0.10 size=0.48]
1787304430.595 [STATIC_OT] state=TRAILING path_exists=0 path_locked=0 path_ttl_ok=0 path_safe=0 on_spline=0 speed=-0.46 raw_wpnts=0 raw_age=-s decision=TRAILING reason=NO_STATIC_PATH
1787304430.821 [STATIC_OT] state=TRAILING path_exists=0 path_locked=0 path_ttl_ok=0 path_safe=0 on_spline=0 speed=-0.78 raw_wpnts=0 raw_age=-s decision=TRAILING reason=NO_STATIC_PATH
1787304431.051 [STATIC_OT] state=TRAILING path_exists=0 path_locked=0 path_ttl_ok=0 path_safe=0 on_spline=0 speed=-0.52 raw_wpnts=0 raw_age=-s decision=TRAILING reason=NO_STATIC_PATH
1787304431.107 [OBSTACLES] cur_s=11.92 cur_d=-0.29 vs=-0.37 n=1 [id=24 static=1 gap=4.89m d=-0.13 size=0.35]
1787304431.267 [STATIC_OT] state=TRAILING path_exists=0 path_locked=0 path_ttl_ok=0 path_safe=0 on_spline=0 speed=0.00 raw_wpnts=0 raw_age=-s decision=TRAILING reason=NO_STATIC_PATH
1787304431.519 [STATIC_OT] state=TRAILING path_exists=0 path_locked=0 path_ttl_ok=0 path_safe=0 on_spline=0 speed=-0.00 raw_wpnts=0 raw_age=-s decision=TRAILING reason=NO_STATIC_PATH
1787304431.643 [OBSTACLES] cur_s=12.02 cur_d=-0.25 vs=-0.01 n=1 [id=24 static=1 gap=4.72m d=-0.09 size=0.47]
1787304431.752 [STATIC_OT] state=TRAILING path_exists=0 path_locked=0 path_ttl_ok=0 path_safe=0 on_spline=0 speed=-0.01 raw_wpnts=0 raw_age=-s decision=TRAILING reason=NO_STATIC_PATH
1787304431.959 [STATIC_OT] state=TRAILING path_exists=0 path_locked=0 path_ttl_ok=0 path_safe=0 on_spline=0 speed=-0.02 raw_wpnts=0 raw_age=-s decision=TRAILING reason=NO_STATIC_PATH
1787304432.153 [OBSTACLES] cur_s=12.01 cur_d=-0.20 vs=-0.02 n=1 [id=24 static=1 gap=4.67m d=-0.09 size=0.56]
1787304432.182 [STATIC_OT] state=TRAILING path_exists=0 path_locked=0 path_ttl_ok=0 path_safe=0 on_spline=0 speed=-0.02 raw_wpnts=0 raw_age=-s decision=TRAILING reason=NO_STATIC_PATH
1787304432.507 [STATIC_OT] state=TRAILING path_exists=0 path_locked=0 path_ttl_ok=0 path_safe=0 on_spline=0 speed=0.00 raw_wpnts=0 raw_age=-s decision=TRAILING reason=NO_STATIC_PATH
1787304432.710 [OBSTACLES] cur_s=11.99 cur_d=-0.25 vs=0.00 n=1 [id=24 static=1 gap=4.82m d=-0.11 size=0.29]
1787304432.719 [STATIC_OT] state=TRAILING path_exists=0 path_locked=0 path_ttl_ok=0 path_safe=0 on_spline=0 speed=0.00 raw_wpnts=0 raw_age=-s decision=TRAILING reason=NO_STATIC_PATH
1787304432.990 [STATIC_OT] state=TRAILING path_exists=0 path_locked=0 path_ttl_ok=0 path_safe=0 on_spline=0 speed=0.12 raw_wpnts=0 raw_age=-s decision=TRAILING reason=NO_STATIC_PATH
1787304433.190 [STATIC_OT] state=TRAILING path_exists=0 path_locked=0 path_ttl_ok=0 path_safe=0 on_spline=0 speed=-0.02 raw_wpnts=0 raw_age=-s decision=TRAILING reason=NO_STATIC_PATH
1787304433.232 [OBSTACLES] cur_s=12.04 cur_d=-0.18 vs=-0.02 n=1 [id=24 static=1 gap=4.71m d=-0.12 size=0.43]
1787304433.442 [STATIC_OT] state=TRAILING path_exists=0 path_locked=0 path_ttl_ok=0 path_safe=0 on_spline=0 speed=-0.02 raw_wpnts=0 raw_age=-s decision=TRAILING reason=NO_STATIC_PATH
1787304433.648 [STATIC_OT] state=TRAILING path_exists=0 path_locked=0 path_ttl_ok=0 path_safe=0 on_spline=0 speed=-0.01 raw_wpnts=0 raw_age=-s decision=TRAILING reason=NO_STATIC_PATH
1787304433.758 [OBSTACLES] cur_s=12.09 cur_d=-0.16 vs=-0.01 n=1 [id=24 static=1 gap=4.69m d=-0.14 size=0.33]
1787304433.888 [STATIC_OT] state=TRAILING path_exists=0 path_locked=0 path_ttl_ok=0 path_safe=0 on_spline=0 speed=-0.01 raw_wpnts=0 raw_age=-s decision=TRAILING reason=NO_STATIC_PATH
1787304434.097 [STATIC_OT] state=TRAILING path_exists=0 path_locked=0 path_ttl_ok=0 path_safe=0 on_spline=0 speed=-0.01 raw_wpnts=0 raw_age=-s decision=TRAILING reason=NO_STATIC_PATH
1787304434.261 [OBSTACLES] cur_s=12.06 cur_d=-0.17 vs=-0.01 n=1 [id=24 static=1 gap=4.66m d=-0.14 size=0.46]
1787304434.300 [STATIC_OT] state=TRAILING path_exists=0 path_locked=0 path_ttl_ok=0 path_safe=0 on_spline=0 speed=-0.01 raw_wpnts=0 raw_age=-s decision=TRAILING reason=NO_STATIC_PATH
1787304434.503 [STATIC_OT] state=TRAILING path_exists=0 path_locked=0 path_ttl_ok=0 path_safe=0 on_spline=0 speed=-0.00 raw_wpnts=0 raw_age=-s decision=TRAILING reason=NO_STATIC_PATH
1787304434.710 [STATIC_OT] state=TRAILING path_exists=0 path_locked=0 path_ttl_ok=0 path_safe=0 on_spline=0 speed=0.00 raw_wpnts=0 raw_age=-s decision=TRAILING reason=NO_STATIC_PATH
1787304434.800 [OBSTACLES] cur_s=12.08 cur_d=-0.17 vs=-0.00 n=1 [id=24 static=1 gap=4.63m d=-0.14 size=0.47]
1787304434.914 [STATIC_OT] state=TRAILING path_exists=0 path_locked=0 path_ttl_ok=0 path_safe=0 on_spline=0 speed=0.00 raw_wpnts=0 raw_age=-s decision=TRAILING reason=NO_STATIC_PATH
1787304435.127 [STATIC_OT] state=TRAILING path_exists=0 path_locked=0 path_ttl_ok=0 path_safe=0 on_spline=0 speed=-0.00 raw_wpnts=0 raw_age=-s decision=TRAILING reason=NO_STATIC_PATH
1787304435.321 [OBSTACLES] cur_s=12.09 cur_d=-0.17 vs=0.00 n=1 [id=24 static=1 gap=4.61m d=-0.14 size=0.47]
1787304435.397 [STATIC_OT] state=TRAILING path_exists=0 path_locked=0 path_ttl_ok=0 path_safe=0 on_spline=0 speed=0.00 raw_wpnts=0 raw_age=-s decision=TRAILING reason=NO_STATIC_PATH
1787304435.609 [STATIC_OT] state=TRAILING path_exists=0 path_locked=0 path_ttl_ok=0 path_safe=0 on_spline=0 speed=0.00 raw_wpnts=0 raw_age=-s decision=TRAILING reason=NO_STATIC_PATH
1787304435.850 [OBSTACLES] cur_s=12.09 cur_d=-0.16 vs=0.00 n=1 [id=24 static=1 gap=4.62m d=-0.14 size=0.46]
1787304435.854 [STATIC_OT] state=TRAILING path_exists=0 path_locked=0 path_ttl_ok=0 path_safe=0 on_spline=0 speed=0.00 raw_wpnts=0 raw_age=-s decision=TRAILING reason=NO_STATIC_PATH
1787304436.070 [STATIC_OT] state=TRAILING path_exists=0 path_locked=0 path_ttl_ok=0 path_safe=0 on_spline=0 speed=0.00 raw_wpnts=0 raw_age=-s decision=TRAILING reason=NO_STATIC_PATH
1787304436.319 [STATIC_OT] state=TRAILING path_exists=0 path_locked=0 path_ttl_ok=0 path_safe=0 on_spline=0 speed=-0.00 raw_wpnts=0 raw_age=-s decision=TRAILING reason=NO_STATIC_PATH
1787304436.363 [OBSTACLES] cur_s=12.05 cur_d=-0.17 vs=-0.00 n=1 [id=24 static=1 gap=4.65m d=-0.15 size=0.46]
1787304436.569 [STATIC_OT] state=TRAILING path_exists=0 path_locked=0 path_ttl_ok=0 path_safe=0 on_spline=0 speed=0.01 raw_wpnts=0 raw_age=-s decision=TRAILING reason=NO_STATIC_PATH
1787304436.813 [STATIC_OT] state=TRAILING path_exists=0 path_locked=0 path_ttl_ok=0 path_safe=0 on_spline=0 speed=-0.00 raw_wpnts=0 raw_age=-s decision=TRAILING reason=NO_STATIC_PATH
1787304436.871 [OBSTACLES] cur_s=12.05 cur_d=-0.17 vs=-0.00 n=1 [id=24 static=1 gap=4.64m d=-0.15 size=0.48]
1787304437.033 [STATIC_OT] state=TRAILING path_exists=0 path_locked=0 path_ttl_ok=0 path_safe=0 on_spline=0 speed=-0.00 raw_wpnts=0 raw_age=-s decision=TRAILING reason=NO_STATIC_PATH
1787304437.307 [STATIC_OT] state=TRAILING path_exists=0 path_locked=0 path_ttl_ok=0 path_safe=0 on_spline=0 speed=-0.00 raw_wpnts=0 raw_age=-s decision=TRAILING reason=NO_STATIC_PATH
1787304437.400 [OBSTACLES] cur_s=12.05 cur_d=-0.17 vs=-0.00 n=1 [id=24 static=1 gap=4.65m d=-0.15 size=0.47]
1787304437.557 [STATIC_OT] state=TRAILING path_exists=0 path_locked=0 path_ttl_ok=0 path_safe=0 on_spline=0 speed=0.00 raw_wpnts=0 raw_age=-s decision=TRAILING reason=NO_STATIC_PATH
1787304437.780 [STATIC_OT] state=TRAILING path_exists=0 path_locked=0 path_ttl_ok=0 path_safe=0 on_spline=0 speed=0.00 raw_wpnts=0 raw_age=-s decision=TRAILING reason=NO_STATIC_PATH
1787304437.922 [OBSTACLES] cur_s=12.05 cur_d=-0.18 vs=0.00 n=1 [id=24 static=1 gap=4.62m d=-0.15 size=0.51]
1787304437.989 [STATIC_OT] state=TRAILING path_exists=0 path_locked=0 path_ttl_ok=0 path_safe=0 on_spline=0 speed=0.00 raw_wpnts=0 raw_age=-s decision=TRAILING reason=NO_STATIC_PATH
1787304438.241 [STATIC_OT] state=TRAILING path_exists=0 path_locked=0 path_ttl_ok=0 path_safe=0 on_spline=0 speed=0.00 raw_wpnts=0 raw_age=-s decision=TRAILING reason=NO_STATIC_PATH
1787304438.450 [OBSTACLES] cur_s=12.06 cur_d=-0.17 vs=-0.00 n=1 [id=24 static=1 gap=4.65m d=-0.15 size=0.44]
1787304438.454 [STATIC_OT] state=TRAILING path_exists=0 path_locked=0 path_ttl_ok=0 path_safe=0 on_spline=0 speed=-0.00 raw_wpnts=0 raw_age=-s decision=TRAILING reason=NO_STATIC_PATH
1787304438.664 [STATIC_OT] state=TRAILING path_exists=0 path_locked=0 path_ttl_ok=0 path_safe=0 on_spline=0 speed=0.00 raw_wpnts=0 raw_age=-s decision=TRAILING reason=NO_STATIC_PATH
1787304438.885 [STATIC_OT] state=TRAILING path_exists=0 path_locked=0 path_ttl_ok=0 path_safe=0 on_spline=0 speed=-0.00 raw_wpnts=0 raw_age=-s decision=TRAILING reason=NO_STATIC_PATH
1787304438.952 [OBSTACLES] cur_s=12.07 cur_d=-0.17 vs=0.00 n=1 [id=24 static=1 gap=4.62m d=-0.15 size=0.48]
1787304439.135 [STATIC_OT] state=TRAILING path_exists=0 path_locked=0 path_ttl_ok=0 path_safe=0 on_spline=0 speed=0.00 raw_wpnts=0 raw_age=-s decision=TRAILING reason=NO_STATIC_PATH
1787304439.393 [STATIC_OT] state=TRAILING path_exists=0 path_locked=0 path_ttl_ok=0 path_safe=0 on_spline=0 speed=0.00 raw_wpnts=0 raw_age=-s decision=TRAILING reason=NO_STATIC_PATH
1787304439.462 [OBSTACLES] cur_s=12.08 cur_d=-0.18 vs=0.01 n=1 [id=24 static=1 gap=4.59m d=-0.15 size=0.53]
1787304439.628 [STATIC_OT] state=TRAILING path_exists=0 path_locked=0 path_ttl_ok=0 path_safe=0 on_spline=0 speed=0.00 raw_wpnts=0 raw_age=-s decision=TRAILING reason=NO_STATIC_PATH
1787304439.841 [STATIC_OT] state=TRAILING path_exists=0 path_locked=0 path_ttl_ok=0 path_safe=0 on_spline=0 speed=-0.00 raw_wpnts=0 raw_age=-s decision=TRAILING reason=NO_STATIC_PATH
1787304439.990 [OBSTACLES] cur_s=12.07 cur_d=-0.17 vs=-0.00 n=1 [id=24 static=1 gap=4.64m d=-0.15 size=0.43]
1787304440.209 [STATIC_OT] state=TRAILING path_exists=0 path_locked=0 path_ttl_ok=0 path_safe=0 on_spline=0 speed=0.00 raw_wpnts=0 raw_age=-s decision=TRAILING reason=NO_STATIC_PATH
1787304440.410 [STATIC_OT] state=TRAILING path_exists=0 path_locked=0 path_ttl_ok=0 path_safe=0 on_spline=0 speed=0.00 raw_wpnts=0 raw_age=-s decision=TRAILING reason=NO_STATIC_PATH
1787304440.529 [OBSTACLES] cur_s=12.08 cur_d=-0.16 vs=0.00 n=1 [id=24 static=1 gap=4.61m d=-0.15 size=0.47]
1787304440.613 [STATIC_OT] state=TRAILING path_exists=0 path_locked=0 path_ttl_ok=0 path_safe=0 on_spline=0 speed=0.01 raw_wpnts=0 raw_age=-s decision=TRAILING reason=NO_STATIC_PATH
1787304440.924 [STATIC_OT] state=TRAILING path_exists=0 path_locked=0 path_ttl_ok=0 path_safe=0 on_spline=0 speed=0.00 raw_wpnts=0 raw_age=-s decision=TRAILING reason=NO_STATIC_PATH
1787304441.049 [OBSTACLES] cur_s=12.08 cur_d=-0.17 vs=0.00 n=1 [id=24 static=1 gap=4.62m d=-0.15 size=0.45]
1787304441.131 [STATIC_OT] state=TRAILING path_exists=0 path_locked=0 path_ttl_ok=0 path_safe=0 on_spline=0 speed=-0.00 raw_wpnts=0 raw_age=-s decision=TRAILING reason=NO_STATIC_PATH
1787304441.339 [STATIC_OT] state=TRAILING path_exists=0 path_locked=0 path_ttl_ok=0 path_safe=0 on_spline=0 speed=0.00 raw_wpnts=0 raw_age=-s decision=TRAILING reason=NO_STATIC_PATH
1787304441.564 [OBSTACLES] cur_s=12.07 cur_d=-0.17 vs=-0.00 n=1 [id=24 static=1 gap=4.63m d=-0.15 size=0.46]
1787304441.570 [STATIC_OT] state=TRAILING path_exists=0 path_locked=0 path_ttl_ok=0 path_safe=0 on_spline=0 speed=-0.00 raw_wpnts=0 raw_age=-s decision=TRAILING reason=NO_STATIC_PATH
1787304441.790 [STATIC_OT] state=TRAILING path_exists=0 path_locked=0 path_ttl_ok=0 path_safe=0 on_spline=0 speed=-0.00 raw_wpnts=0 raw_age=-s decision=TRAILING reason=NO_STATIC_PATH
1787304442.016 [STATIC_OT] state=TRAILING path_exists=0 path_locked=0 path_ttl_ok=0 path_safe=0 on_spline=0 speed=-0.01 raw_wpnts=0 raw_age=-s decision=TRAILING reason=NO_STATIC_PATH
1787304442.076 [OBSTACLES] cur_s=12.06 cur_d=-0.18 vs=-0.00 n=1 [id=24 static=1 gap=4.64m d=-0.15 size=0.46]
1787304442.243 [STATIC_OT] state=TRAILING path_exists=0 path_locked=0 path_ttl_ok=0 path_safe=0 on_spline=0 speed=0.00 raw_wpnts=0 raw_age=-s decision=TRAILING reason=NO_STATIC_PATH
1787304442.481 [STATIC_OT] state=TRAILING path_exists=0 path_locked=0 path_ttl_ok=0 path_safe=0 on_spline=0 speed=-0.00 raw_wpnts=0 raw_age=-s decision=TRAILING reason=NO_STATIC_PATH
1787304442.588 [OBSTACLES] cur_s=12.06 cur_d=-0.17 vs=-0.00 n=1 [id=24 static=1 gap=4.60m d=-0.15 size=0.52]
1787304442.761 [STATIC_OT] state=TRAILING path_exists=0 path_locked=0 path_ttl_ok=0 path_safe=0 on_spline=0 speed=-0.00 raw_wpnts=0 raw_age=-s decision=TRAILING reason=NO_STATIC_PATH
1787304443.010 [STATIC_OT] state=TRAILING path_exists=0 path_locked=0 path_ttl_ok=0 path_safe=0 on_spline=0 speed=-0.00 raw_wpnts=0 raw_age=-s decision=TRAILING reason=NO_STATIC_PATH
1787304443.142 [OBSTACLES] cur_s=12.09 cur_d=-0.17 vs=0.00 n=1 [id=24 static=1 gap=4.58m d=-0.15 size=0.51]
1787304443.230 [STATIC_OT] state=TRAILING path_exists=0 path_locked=0 path_ttl_ok=0 path_safe=0 on_spline=0 speed=0.01 raw_wpnts=0 raw_age=-s decision=TRAILING reason=NO_STATIC_PATH
1787304443.447 [STATIC_OT] state=TRAILING path_exists=0 path_locked=0 path_ttl_ok=0 path_safe=0 on_spline=0 speed=0.00 raw_wpnts=0 raw_age=-s decision=TRAILING reason=NO_STATIC_PATH
1787304443.671 [OBSTACLES] cur_s=12.07 cur_d=-0.17 vs=0.00 n=1 [id=24 static=1 gap=4.62m d=-0.15 size=0.47]
1787304443.673 [STATIC_OT] state=TRAILING path_exists=0 path_locked=0 path_ttl_ok=0 path_safe=0 on_spline=0 speed=0.00 raw_wpnts=0 raw_age=-s decision=TRAILING reason=NO_STATIC_PATH
1787304443.882 [STATIC_OT] state=TRAILING path_exists=0 path_locked=0 path_ttl_ok=0 path_safe=0 on_spline=0 speed=-0.00 raw_wpnts=0 raw_age=-s decision=TRAILING reason=NO_STATIC_PATH
1787304444.110 [STATIC_OT] state=TRAILING path_exists=0 path_locked=0 path_ttl_ok=0 path_safe=0 on_spline=0 speed=-0.00 raw_wpnts=0 raw_age=-s decision=TRAILING reason=NO_STATIC_PATH
1787304444.214 [OBSTACLES] cur_s=12.09 cur_d=-0.17 vs=0.00 n=1 [id=24 static=1 gap=4.62m d=-0.15 size=0.45]
1787304444.327 [STATIC_OT] state=TRAILING path_exists=0 path_locked=0 path_ttl_ok=0 path_safe=0 on_spline=0 speed=0.00 raw_wpnts=0 raw_age=-s decision=TRAILING reason=NO_STATIC_PATH
1787304444.542 [STATIC_OT] state=TRAILING path_exists=0 path_locked=0 path_ttl_ok=0 path_safe=0 on_spline=0 speed=0.00 raw_wpnts=0 raw_age=-s decision=TRAILING reason=NO_STATIC_PATH
1787304444.737 [OBSTACLES] cur_s=12.06 cur_d=-0.18 vs=0.00 n=1 [id=24 static=1 gap=4.65m d=-0.15 size=0.44]
1787304444.747 [STATIC_OT] state=TRAILING path_exists=0 path_locked=0 path_ttl_ok=0 path_safe=0 on_spline=0 speed=0.00 raw_wpnts=0 raw_age=-s decision=TRAILING reason=NO_STATIC_PATH
1787304444.996 [STATIC_OT] state=TRAILING path_exists=0 path_locked=0 path_ttl_ok=0 path_safe=0 on_spline=0 speed=-0.00 raw_wpnts=0 raw_age=-s decision=TRAILING reason=NO_STATIC_PATH
1787304445.201 [STATIC_OT] state=TRAILING path_exists=0 path_locked=0 path_ttl_ok=0 path_safe=0 on_spline=0 speed=-0.00 raw_wpnts=0 raw_age=-s decision=TRAILING reason=NO_STATIC_PATH
1787304445.271 [OBSTACLES] cur_s=12.06 cur_d=-0.17 vs=-0.00 n=1 [id=24 static=1 gap=4.64m d=-0.15 size=0.45]
1787304445.434 [STATIC_OT] state=TRAILING path_exists=0 path_locked=0 path_ttl_ok=0 path_safe=0 on_spline=0 speed=0.00 raw_wpnts=0 raw_age=-s decision=TRAILING reason=NO_STATIC_PATH
1787304445.642 [STATIC_OT] state=TRAILING path_exists=0 path_locked=0 path_ttl_ok=0 path_safe=0 on_spline=0 speed=-0.00 raw_wpnts=0 raw_age=-s decision=TRAILING reason=NO_STATIC_PATH
1787304445.791 [OBSTACLES] cur_s=12.06 cur_d=-0.17 vs=-0.00 n=1 [id=24 static=1 gap=4.64m d=-0.15 size=0.47]
1787304445.864 [STATIC_OT] state=TRAILING path_exists=0 path_locked=0 path_ttl_ok=0 path_safe=0 on_spline=0 speed=-0.00 raw_wpnts=0 raw_age=-s decision=TRAILING reason=NO_STATIC_PATH
1787304446.094 [STATIC_OT] state=TRAILING path_exists=0 path_locked=0 path_ttl_ok=0 path_safe=0 on_spline=0 speed=-0.00 raw_wpnts=0 raw_age=-s decision=TRAILING reason=NO_STATIC_PATH
1787304446.296 [OBSTACLES] cur_s=12.07 cur_d=-0.17 vs=-0.00 n=1 [id=24 static=1 gap=4.63m d=-0.15 size=0.45]
1787304446.322 [STATIC_OT] state=TRAILING path_exists=0 path_locked=0 path_ttl_ok=0 path_safe=0 on_spline=0 speed=-0.00 raw_wpnts=0 raw_age=-s decision=TRAILING reason=NO_STATIC_PATH
1787304446.541 [STATIC_OT] state=TRAILING path_exists=0 path_locked=0 path_ttl_ok=0 path_safe=0 on_spline=0 speed=0.01 raw_wpnts=0 raw_age=-s decision=TRAILING reason=NO_STATIC_PATH
1787304446.777 [STATIC_OT] state=TRAILING path_exists=0 path_locked=0 path_ttl_ok=0 path_safe=0 on_spline=0 speed=-0.00 raw_wpnts=0 raw_age=-s decision=TRAILING reason=NO_STATIC_PATH
1787304446.818 [OBSTACLES] cur_s=12.07 cur_d=-0.17 vs=-0.00 n=1 [id=24 static=1 gap=4.62m d=-0.15 size=0.48]
1787304447.050 [STATIC_OT] state=TRAILING path_exists=0 path_locked=0 path_ttl_ok=0 path_safe=0 on_spline=0 speed=-0.00 raw_wpnts=0 raw_age=-s decision=TRAILING reason=NO_STATIC_PATH
1787304447.290 [STATIC_OT] state=TRAILING path_exists=0 path_locked=0 path_ttl_ok=0 path_safe=0 on_spline=0 speed=0.00 raw_wpnts=0 raw_age=-s decision=TRAILING reason=NO_STATIC_PATH
1787304447.333 [OBSTACLES] cur_s=12.07 cur_d=-0.17 vs=0.00 n=1 [id=24 static=1 gap=4.63m d=-0.15 size=0.45]
1787304447.510 [STATIC_OT] state=TRAILING path_exists=0 path_locked=0 path_ttl_ok=0 path_safe=0 on_spline=0 speed=0.00 raw_wpnts=0 raw_age=-s decision=TRAILING reason=NO_STATIC_PATH
1787304447.713 [STATIC_OT] state=TRAILING path_exists=0 path_locked=0 path_ttl_ok=0 path_safe=0 on_spline=0 speed=0.00 raw_wpnts=0 raw_age=-s decision=TRAILING reason=NO_STATIC_PATH
1787304447.842 [OBSTACLES] cur_s=12.08 cur_d=-0.16 vs=-0.00 n=1 [id=24 static=1 gap=4.59m d=-0.15 size=0.52]
1787304447.962 [STATIC_OT] state=TRAILING path_exists=0 path_locked=0 path_ttl_ok=0 path_safe=0 on_spline=0 speed=-0.00 raw_wpnts=0 raw_age=-s decision=TRAILING reason=NO_STATIC_PATH
1787304448.202 [STATIC_OT] state=TRAILING path_exists=0 path_locked=0 path_ttl_ok=0 path_safe=0 on_spline=0 speed=-0.00 raw_wpnts=0 raw_age=-s decision=TRAILING reason=NO_STATIC_PATH
1787304448.372 [OBSTACLES] cur_s=12.07 cur_d=-0.17 vs=-0.00 n=1 [id=24 static=1 gap=4.69m d=-0.15 size=0.33]
1787304448.442 [STATIC_OT] state=TRAILING path_exists=0 path_locked=0 path_ttl_ok=0 path_safe=0 on_spline=0 speed=-0.01 raw_wpnts=0 raw_age=-s decision=TRAILING reason=NO_STATIC_PATH
1787304448.671 [STATIC_OT] state=TRAILING path_exists=0 path_locked=0 path_ttl_ok=0 path_safe=0 on_spline=0 speed=0.00 raw_wpnts=0 raw_age=-s decision=TRAILING reason=NO_STATIC_PATH
1787304448.875 [OBSTACLES] cur_s=12.06 cur_d=-0.17 vs=-0.00 n=1 [id=24 static=1 gap=4.65m d=-0.15 size=0.42]
1787304448.883 [STATIC_OT] state=TRAILING path_exists=0 path_locked=0 path_ttl_ok=0 path_safe=0 on_spline=0 speed=-0.00 raw_wpnts=0 raw_age=-s decision=TRAILING reason=NO_STATIC_PATH
1787304449.095 [STATIC_OT] state=TRAILING path_exists=0 path_locked=0 path_ttl_ok=0 path_safe=0 on_spline=0 speed=0.00 raw_wpnts=0 raw_age=-s decision=TRAILING reason=NO_STATIC_PATH
1787304449.310 [STATIC_OT] state=TRAILING path_exists=0 path_locked=0 path_ttl_ok=0 path_safe=0 on_spline=0 speed=0.00 raw_wpnts=0 raw_age=-s decision=TRAILING reason=NO_STATIC_PATH
1787304449.409 [OBSTACLES] cur_s=12.07 cur_d=-0.18 vs=0.00 n=1 [id=24 static=1 gap=4.62m d=-0.15 size=0.46]
1787304449.540 [STATIC_OT] state=TRAILING path_exists=0 path_locked=0 path_ttl_ok=0 path_safe=0 on_spline=0 speed=0.00 raw_wpnts=0 raw_age=-s decision=TRAILING reason=NO_STATIC_PATH
1787304449.774 [STATIC_OT] state=TRAILING path_exists=0 path_locked=0 path_ttl_ok=0 path_safe=0 on_spline=0 speed=-0.00 raw_wpnts=0 raw_age=-s decision=TRAILING reason=NO_STATIC_PATH
1787304449.928 [OBSTACLES] cur_s=12.08 cur_d=-0.16 vs=-0.00 n=1 [id=24 static=1 gap=4.58m d=-0.15 size=0.52]
1787304450.000 [STATIC_OT] state=TRAILING path_exists=0 path_locked=0 path_ttl_ok=0 path_safe=0 on_spline=0 speed=0.00 raw_wpnts=0 raw_age=-s decision=TRAILING reason=NO_STATIC_PATH
1787304450.238 [STATIC_OT] state=TRAILING path_exists=0 path_locked=0 path_ttl_ok=0 path_safe=0 on_spline=0 speed=-0.00 raw_wpnts=0 raw_age=-s decision=TRAILING reason=NO_STATIC_PATH
1787304450.449 [OBSTACLES] cur_s=12.07 cur_d=-0.17 vs=0.00 n=1 [id=24 static=1 gap=4.62m d=-0.15 size=0.47]
1787304450.453 [STATIC_OT] state=TRAILING path_exists=0 path_locked=0 path_ttl_ok=0 path_safe=0 on_spline=0 speed=0.00 raw_wpnts=0 raw_age=-s decision=TRAILING reason=NO_STATIC_PATH
1787304450.670 [STATIC_OT] state=TRAILING path_exists=0 path_locked=0 path_ttl_ok=0 path_safe=0 on_spline=0 speed=0.00 raw_wpnts=0 raw_age=-s decision=TRAILING reason=NO_STATIC_PATH
1787304450.939 [STATIC_OT] state=TRAILING path_exists=0 path_locked=0 path_ttl_ok=0 path_safe=0 on_spline=0 speed=0.00 raw_wpnts=0 raw_age=-s decision=TRAILING reason=NO_STATIC_PATH
1787304451.013 [OBSTACLES] cur_s=12.09 cur_d=-0.16 vs=0.00 n=1 [id=24 static=1 gap=4.61m d=-0.15 size=0.45]
1787304451.169 [STATIC_OT] state=TRAILING path_exists=0 path_locked=0 path_ttl_ok=0 path_safe=0 on_spline=0 speed=-0.00 raw_wpnts=0 raw_age=-s decision=TRAILING reason=NO_STATIC_PATH
1787304451.386 [STATIC_OT] state=TRAILING path_exists=0 path_locked=0 path_ttl_ok=0 path_safe=0 on_spline=0 speed=-0.00 raw_wpnts=0 raw_age=-s decision=TRAILING reason=NO_STATIC_PATH
1787304451.519 [OBSTACLES] cur_s=12.09 cur_d=-0.16 vs=-0.00 n=1 [id=24 static=1 gap=4.59m d=-0.15 size=0.48]
1787304451.606 [STATIC_OT] state=TRAILING path_exists=0 path_locked=0 path_ttl_ok=0 path_safe=0 on_spline=0 speed=0.00 raw_wpnts=0 raw_age=-s decision=TRAILING reason=NO_STATIC_PATH
1787304451.840 [STATIC_OT] state=TRAILING path_exists=0 path_locked=0 path_ttl_ok=0 path_safe=0 on_spline=0 speed=0.00 raw_wpnts=0 raw_age=-s decision=TRAILING reason=NO_STATIC_PATH
1787304452.029 [OBSTACLES] cur_s=12.07 cur_d=-0.17 vs=-0.00 n=1 [id=24 static=1 gap=4.64m d=-0.15 size=0.43]
1787304452.091 [STATIC_OT] state=TRAILING path_exists=0 path_locked=0 path_ttl_ok=0 path_safe=0 on_spline=0 speed=-0.00 raw_wpnts=0 raw_age=-s decision=TRAILING reason=NO_STATIC_PATH
1787304452.344 [STATIC_OT] state=TRAILING path_exists=0 path_locked=0 path_ttl_ok=0 path_safe=0 on_spline=0 speed=-0.00 raw_wpnts=0 raw_age=-s decision=TRAILING reason=NO_STATIC_PATH
1787304452.539 [OBSTACLES] cur_s=12.08 cur_d=-0.16 vs=-0.00 n=1 [id=24 static=1 gap=4.61m d=-0.15 size=0.47]
1787304452.572 [STATIC_OT] state=TRAILING path_exists=0 path_locked=0 path_ttl_ok=0 path_safe=0 on_spline=0 speed=-0.00 raw_wpnts=0 raw_age=-s decision=TRAILING reason=NO_STATIC_PATH
1787304452.777 [STATIC_OT] state=TRAILING path_exists=0 path_locked=0 path_ttl_ok=0 path_safe=0 on_spline=0 speed=-0.00 raw_wpnts=0 raw_age=-s decision=TRAILING reason=NO_STATIC_PATH
1787304453.000 [STATIC_OT] state=TRAILING path_exists=0 path_locked=0 path_ttl_ok=0 path_safe=0 on_spline=0 speed=-0.00 raw_wpnts=0 raw_age=-s decision=TRAILING reason=NO_STATIC_PATH
1787304453.065 [OBSTACLES] cur_s=12.08 cur_d=-0.17 vs=0.00 n=1 [id=24 static=1 gap=4.62m d=-0.15 size=0.45]
1787304453.223 [STATIC_OT] state=TRAILING path_exists=0 path_locked=0 path_ttl_ok=0 path_safe=0 on_spline=0 speed=-0.00 raw_wpnts=0 raw_age=-s decision=TRAILING reason=NO_STATIC_PATH
1787304453.476 [STATIC_OT] state=TRAILING path_exists=0 path_locked=0 path_ttl_ok=0 path_safe=0 on_spline=0 speed=0.00 raw_wpnts=0 raw_age=-s decision=TRAILING reason=NO_STATIC_PATH
1787304453.605 [OBSTACLES] cur_s=12.08 cur_d=-0.16 vs=-0.00 n=1 [id=24 static=1 gap=4.61m d=-0.15 size=0.47]
1787304453.807 [STATIC_OT] state=TRAILING path_exists=0 path_locked=0 path_ttl_ok=0 path_safe=0 on_spline=0 speed=-0.00 raw_wpnts=0 raw_age=-s decision=TRAILING reason=NO_STATIC_PATH
1787304454.025 [STATIC_OT] state=TRAILING path_exists=0 path_locked=0 path_ttl_ok=0 path_safe=0 on_spline=0 speed=0.00 raw_wpnts=0 raw_age=-s decision=TRAILING reason=NO_STATIC_PATH
1787304454.127 [OBSTACLES] cur_s=12.06 cur_d=-0.17 vs=-0.00 n=1 [id=24 static=1 gap=4.63m d=-0.15 size=0.46]
1787304454.227 [STATIC_OT] state=TRAILING path_exists=0 path_locked=0 path_ttl_ok=0 path_safe=0 on_spline=0 speed=0.00 raw_wpnts=0 raw_age=-s decision=TRAILING reason=NO_STATIC_PATH
1787304454.437 [STATIC_OT] state=TRAILING path_exists=0 path_locked=0 path_ttl_ok=0 path_safe=0 on_spline=0 speed=-0.00 raw_wpnts=0 raw_age=-s decision=TRAILING reason=NO_STATIC_PATH
1787304454.634 [OBSTACLES] cur_s=12.07 cur_d=-0.17 vs=-0.00 n=1 [id=24 static=1 gap=4.63m d=-0.15 size=0.46]
1787304454.669 [STATIC_OT] state=TRAILING path_exists=0 path_locked=0 path_ttl_ok=0 path_safe=0 on_spline=0 speed=-0.00 raw_wpnts=0 raw_age=-s decision=TRAILING reason=NO_STATIC_PATH
1787304454.886 [STATIC_OT] state=TRAILING path_exists=0 path_locked=0 path_ttl_ok=0 path_safe=0 on_spline=0 speed=-0.00 raw_wpnts=0 raw_age=-s decision=TRAILING reason=NO_STATIC_PATH
1787304455.093 [STATIC_OT] state=TRAILING path_exists=0 path_locked=0 path_ttl_ok=0 path_safe=0 on_spline=0 speed=0.00 raw_wpnts=0 raw_age=-s decision=TRAILING reason=NO_STATIC_PATH
1787304455.139 [OBSTACLES] cur_s=12.08 cur_d=-0.17 vs=0.00 n=1 [id=24 static=1 gap=4.61m d=-0.15 size=0.47]
1787304455.317 [STATIC_OT] state=TRAILING path_exists=0 path_locked=0 path_ttl_ok=0 path_safe=0 on_spline=0 speed=0.00 raw_wpnts=0 raw_age=-s decision=TRAILING reason=NO_STATIC_PATH
1787304455.522 [STATIC_OT] state=TRAILING path_exists=0 path_locked=0 path_ttl_ok=0 path_safe=0 on_spline=0 speed=-0.00 raw_wpnts=0 raw_age=-s decision=TRAILING reason=NO_STATIC_PATH
1787304455.639 [OBSTACLES] cur_s=12.07 cur_d=-0.17 vs=-0.00 n=1 [id=24 static=1 gap=4.60m d=-0.15 size=0.51]
1787304455.735 [STATIC_OT] state=TRAILING path_exists=0 path_locked=0 path_ttl_ok=0 path_safe=0 on_spline=0 speed=-0.00 raw_wpnts=0 raw_age=-s decision=TRAILING reason=NO_STATIC_PATH
1787304455.974 [STATIC_OT] state=TRAILING path_exists=0 path_locked=0 path_ttl_ok=0 path_safe=0 on_spline=0 speed=0.00 raw_wpnts=0 raw_age=-s decision=TRAILING reason=NO_STATIC_PATH
1787304456.148 [OBSTACLES] cur_s=12.08 cur_d=-0.18 vs=0.00 n=1 [id=24 static=1 gap=4.61m d=-0.15 size=0.46]
1787304456.179 [STATIC_OT] state=TRAILING path_exists=0 path_locked=0 path_ttl_ok=0 path_safe=0 on_spline=0 speed=0.00 raw_wpnts=0 raw_age=-s decision=TRAILING reason=NO_STATIC_PATH
1787304456.439 [STATIC_OT] state=TRAILING path_exists=0 path_locked=0 path_ttl_ok=0 path_safe=0 on_spline=0 speed=0.00 raw_wpnts=0 raw_age=-s decision=TRAILING reason=NO_STATIC_PATH
1787304456.656 [OBSTACLES] cur_s=12.08 cur_d=-0.16 vs=-0.00 n=1 [id=24 static=1 gap=4.60m d=-0.15 size=0.49]
1787304456.658 [STATIC_OT] state=TRAILING path_exists=0 path_locked=0 path_ttl_ok=0 path_safe=0 on_spline=0 speed=-0.00 raw_wpnts=0 raw_age=-s decision=TRAILING reason=NO_STATIC_PATH
1787304456.932 [STATIC_OT] state=TRAILING path_exists=0 path_locked=0 path_ttl_ok=0 path_safe=0 on_spline=0 speed=0.00 raw_wpnts=0 raw_age=-s decision=TRAILING reason=NO_STATIC_PATH
1787304457.140 [STATIC_OT] state=TRAILING path_exists=0 path_locked=0 path_ttl_ok=0 path_safe=0 on_spline=0 speed=-0.01 raw_wpnts=0 raw_age=-s decision=TRAILING reason=NO_STATIC_PATH
1787304457.190 [OBSTACLES] cur_s=12.06 cur_d=-0.17 vs=-0.00 n=1 [id=24 static=1 gap=4.63m d=-0.15 size=0.46]
1787304457.396 [STATIC_OT] state=TRAILING path_exists=0 path_locked=0 path_ttl_ok=0 path_safe=0 on_spline=0 speed=-0.00 raw_wpnts=0 raw_age=-s decision=TRAILING reason=NO_STATIC_PATH
1787304457.720 [OBSTACLES] cur_s=12.08 cur_d=-0.16 vs=-0.00 n=1 [id=24 static=1 gap=4.61m d=-0.15 size=0.46]
1787304457.727 [STATIC_OT] state=TRAILING path_exists=0 path_locked=0 path_ttl_ok=0 path_safe=0 on_spline=0 speed=-0.00 raw_wpnts=0 raw_age=-s decision=TRAILING reason=NO_STATIC_PATH
1787304457.973 [STATIC_OT] state=TRAILING path_exists=0 path_locked=0 path_ttl_ok=0 path_safe=0 on_spline=0 speed=-0.00 raw_wpnts=0 raw_age=-s decision=TRAILING reason=NO_STATIC_PATH
1787304458.211 [STATIC_OT] state=TRAILING path_exists=0 path_locked=0 path_ttl_ok=0 path_safe=0 on_spline=0 speed=-0.00 raw_wpnts=0 raw_age=-s decision=TRAILING reason=NO_STATIC_PATH
1787304458.257 [OBSTACLES] cur_s=12.07 cur_d=-0.16 vs=-0.00 n=1 [id=24 static=1 gap=4.61m d=-0.15 size=0.47]
1787304458.449 [STATIC_OT] state=TRAILING path_exists=0 path_locked=0 path_ttl_ok=0 path_safe=0 on_spline=0 speed=0.00 raw_wpnts=0 raw_age=-s decision=TRAILING reason=NO_STATIC_PATH
1787304458.652 [STATIC_OT] state=TRAILING path_exists=0 path_locked=0 path_ttl_ok=0 path_safe=0 on_spline=0 speed=-0.00 raw_wpnts=0 raw_age=-s decision=TRAILING reason=NO_STATIC_PATH
1787304458.777 [OBSTACLES] cur_s=12.08 cur_d=-0.17 vs=-0.00 n=1 [id=24 static=1 gap=4.62m d=-0.15 size=0.45]
1787304458.872 [STATIC_OT] state=TRAILING path_exists=0 path_locked=0 path_ttl_ok=0 path_safe=0 on_spline=0 speed=0.00 raw_wpnts=0 raw_age=-s decision=TRAILING reason=NO_STATIC_PATH
1787304459.102 [STATIC_OT] state=TRAILING path_exists=0 path_locked=0 path_ttl_ok=0 path_safe=0 on_spline=0 speed=-0.00 raw_wpnts=0 raw_age=-s decision=TRAILING reason=NO_STATIC_PATH
1787304459.330 [OBSTACLES] cur_s=12.08 cur_d=-0.16 vs=-0.00 n=1 [id=24 static=1 gap=4.60m d=-0.15 size=0.49]
1787304459.332 [STATIC_OT] state=TRAILING path_exists=0 path_locked=0 path_ttl_ok=0 path_safe=0 on_spline=0 speed=-0.00 raw_wpnts=0 raw_age=-s decision=TRAILING reason=NO_STATIC_PATH
1787304459.542 [STATIC_OT] state=TRAILING path_exists=0 path_locked=0 path_ttl_ok=0 path_safe=0 on_spline=0 speed=0.00 raw_wpnts=0 raw_age=-s decision=TRAILING reason=NO_STATIC_PATH
1787304459.753 [STATIC_OT] state=TRAILING path_exists=0 path_locked=0 path_ttl_ok=0 path_safe=0 on_spline=0 speed=0.00 raw_wpnts=0 raw_age=-s decision=TRAILING reason=NO_STATIC_PATH
1787304459.859 [OBSTACLES] cur_s=12.08 cur_d=-0.15 vs=-0.01 n=1 [id=24 static=1 gap=4.61m d=-0.15 size=0.46]
1787304459.973 [STATIC_OT] state=TRAILING path_exists=0 path_locked=0 path_ttl_ok=0 path_safe=0 on_spline=0 speed=-0.00 raw_wpnts=0 raw_age=-s decision=TRAILING reason=NO_STATIC_PATH
1787304460.196 [STATIC_OT] state=TRAILING path_exists=0 path_locked=0 path_ttl_ok=0 path_safe=0 on_spline=0 speed=0.00 raw_wpnts=0 raw_age=-s decision=TRAILING reason=NO_STATIC_PATH
1787304460.417 [OBSTACLES] cur_s=12.08 cur_d=-0.17 vs=0.00 n=1 [id=24 static=1 gap=4.63m d=-0.15 size=0.44]
1787304460.419 [STATIC_OT] state=TRAILING path_exists=0 path_locked=0 path_ttl_ok=0 path_safe=0 on_spline=0 speed=0.00 raw_wpnts=0 raw_age=-s decision=TRAILING reason=NO_STATIC_PATH
1787304460.707 [STATIC_OT] state=TRAILING path_exists=0 path_locked=0 path_ttl_ok=0 path_safe=0 on_spline=0 speed=0.00 raw_wpnts=0 raw_age=-s decision=TRAILING reason=NO_STATIC_PATH
1787304461.043 [OBSTACLES] cur_s=12.06 cur_d=-0.17 vs=-0.00 n=1 [id=24 static=1 gap=4.62m d=-0.15 size=0.48]
1787304461.046 [STATIC_OT] state=TRAILING path_exists=0 path_locked=0 path_ttl_ok=0 path_safe=0 on_spline=0 speed=-0.00 raw_wpnts=0 raw_age=-s decision=TRAILING reason=NO_STATIC_PATH
1787304461.285 [STATIC_OT] state=TRAILING path_exists=0 path_locked=0 path_ttl_ok=0 path_safe=0 on_spline=0 speed=-0.00 raw_wpnts=0 raw_age=-s decision=TRAILING reason=NO_STATIC_PATH
1787304461.512 [STATIC_OT] state=TRAILING path_exists=0 path_locked=0 path_ttl_ok=0 path_safe=0 on_spline=0 speed=-0.00 raw_wpnts=0 raw_age=-s decision=TRAILING reason=NO_STATIC_PATH
1787304461.574 [OBSTACLES] cur_s=12.07 cur_d=-0.16 vs=-0.00 n=1 [id=24 static=1 gap=4.61m d=-0.15 size=0.49]
1787304461.715 [STATIC_OT] state=TRAILING path_exists=0 path_locked=0 path_ttl_ok=0 path_safe=0 on_spline=0 speed=-0.00 raw_wpnts=0 raw_age=-s decision=TRAILING reason=NO_STATIC_PATH
1787304461.934 [STATIC_OT] state=TRAILING path_exists=0 path_locked=0 path_ttl_ok=0 path_safe=0 on_spline=0 speed=0.00 raw_wpnts=0 raw_age=-s decision=TRAILING reason=NO_STATIC_PATH
1787304462.097 [OBSTACLES] cur_s=12.08 cur_d=-0.17 vs=0.00 n=1 [id=24 static=1 gap=4.61m d=-0.15 size=0.47]
1787304462.139 [STATIC_OT] state=TRAILING path_exists=0 path_locked=0 path_ttl_ok=0 path_safe=0 on_spline=0 speed=0.01 raw_wpnts=0 raw_age=-s decision=TRAILING reason=NO_STATIC_PATH
1787304462.344 [STATIC_OT] state=TRAILING path_exists=0 path_locked=0 path_ttl_ok=0 path_safe=0 on_spline=0 speed=0.00 raw_wpnts=0 raw_age=-s decision=TRAILING reason=NO_STATIC_PATH
1787304462.573 [STATIC_OT] state=TRAILING path_exists=0 path_locked=0 path_ttl_ok=0 path_safe=0 on_spline=0 speed=0.00 raw_wpnts=0 raw_age=-s decision=TRAILING reason=NO_STATIC_PATH
1787304462.609 [OBSTACLES] cur_s=12.06 cur_d=-0.17 vs=-0.00 n=1 [id=24 static=1 gap=4.64m d=-0.15 size=0.44]
1787304462.796 [STATIC_OT] state=TRAILING path_exists=0 path_locked=0 path_ttl_ok=0 path_safe=0 on_spline=0 speed=-0.00 raw_wpnts=0 raw_age=-s decision=TRAILING reason=NO_STATIC_PATH
1787304463.053 [STATIC_OT] state=TRAILING path_exists=0 path_locked=0 path_ttl_ok=0 path_safe=0 on_spline=0 speed=-0.00 raw_wpnts=0 raw_age=-s decision=TRAILING reason=NO_STATIC_PATH
1787304463.118 [OBSTACLES] cur_s=12.07 cur_d=-0.17 vs=-0.00 n=1 [id=24 static=1 gap=4.60m d=-0.15 size=0.50]
1787304463.258 [STATIC_OT] state=TRAILING path_exists=0 path_locked=0 path_ttl_ok=0 path_safe=0 on_spline=0 speed=-0.01 raw_wpnts=0 raw_age=-s decision=TRAILING reason=NO_STATIC_PATH
1787304463.486 [STATIC_OT] state=TRAILING path_exists=0 path_locked=0 path_ttl_ok=0 path_safe=0 on_spline=0 speed=0.00 raw_wpnts=0 raw_age=-s decision=TRAILING reason=NO_STATIC_PATH
1787304463.648 [OBSTACLES] cur_s=12.06 cur_d=-0.18 vs=0.00 n=1 [id=24 static=1 gap=4.62m d=-0.15 size=0.50]
1787304463.716 [STATIC_OT] state=TRAILING path_exists=0 path_locked=0 path_ttl_ok=0 path_safe=0 on_spline=0 speed=-0.00 raw_wpnts=0 raw_age=-s decision=TRAILING reason=NO_STATIC_PATH
1787304463.934 [STATIC_OT] state=TRAILING path_exists=0 path_locked=0 path_ttl_ok=0 path_safe=0 on_spline=0 speed=-0.00 raw_wpnts=0 raw_age=-s decision=TRAILING reason=NO_STATIC_PATH
1787304464.150 [OBSTACLES] cur_s=12.07 cur_d=-0.17 vs=-0.00 n=1 [id=24 static=1 gap=4.62m d=-0.15 size=0.47]
1787304464.157 [STATIC_OT] state=TRAILING path_exists=0 path_locked=0 path_ttl_ok=0 path_safe=0 on_spline=0 speed=-0.00 raw_wpnts=0 raw_age=-s decision=TRAILING reason=NO_STATIC_PATH
1787304464.394 [STATIC_OT] state=TRAILING path_exists=0 path_locked=0 path_ttl_ok=0 path_safe=0 on_spline=0 speed=0.00 raw_wpnts=0 raw_age=-s decision=TRAILING reason=NO_STATIC_PATH
1787304464.598 [STATIC_OT] state=TRAILING path_exists=0 path_locked=0 path_ttl_ok=0 path_safe=0 on_spline=0 speed=0.00 raw_wpnts=0 raw_age=-s decision=TRAILING reason=NO_STATIC_PATH
1787304464.693 [OBSTACLES] cur_s=12.08 cur_d=-0.17 vs=0.00 n=1 [id=24 static=1 gap=4.61m d=-0.15 size=0.46]
1787304464.802 [STATIC_OT] state=TRAILING path_exists=0 path_locked=0 path_ttl_ok=0 path_safe=0 on_spline=0 speed=0.00 raw_wpnts=0 raw_age=-s decision=TRAILING reason=NO_STATIC_PATH
1787304465.024 [STATIC_OT] state=TRAILING path_exists=0 path_locked=0 path_ttl_ok=0 path_safe=0 on_spline=0 speed=-0.00 raw_wpnts=0 raw_age=-s decision=TRAILING reason=NO_STATIC_PATH
1787304465.243 [OBSTACLES] cur_s=12.08 cur_d=-0.16 vs=0.00 n=1 [id=24 static=1 gap=4.61m d=-0.15 size=0.46]
1787304465.247 [STATIC_OT] state=TRAILING path_exists=0 path_locked=0 path_ttl_ok=0 path_safe=0 on_spline=0 speed=0.00 raw_wpnts=0 raw_age=-s decision=TRAILING reason=NO_STATIC_PATH
1787304465.463 [STATIC_OT] state=TRAILING path_exists=0 path_locked=0 path_ttl_ok=0 path_safe=0 on_spline=0 speed=0.00 raw_wpnts=0 raw_age=-s decision=TRAILING reason=NO_STATIC_PATH
1787304465.696 [STATIC_OT] state=TRAILING path_exists=0 path_locked=0 path_ttl_ok=0 path_safe=0 on_spline=0 speed=-0.00 raw_wpnts=0 raw_age=-s decision=TRAILING reason=NO_STATIC_PATH
1787304465.761 [OBSTACLES] cur_s=12.08 cur_d=-0.16 vs=-0.00 n=1 [id=24 static=1 gap=4.61m d=-0.15 size=0.47]
1787304465.899 [STATIC_OT] state=TRAILING path_exists=0 path_locked=0 path_ttl_ok=0 path_safe=0 on_spline=0 speed=0.00 raw_wpnts=0 raw_age=-s decision=TRAILING reason=NO_STATIC_PATH
1787304466.118 [STATIC_OT] state=TRAILING path_exists=0 path_locked=0 path_ttl_ok=0 path_safe=0 on_spline=0 speed=-0.00 raw_wpnts=0 raw_age=-s decision=TRAILING reason=NO_STATIC_PATH
1787304466.281 [OBSTACLES] cur_s=12.07 cur_d=-0.17 vs=0.00 n=1 [id=24 static=1 gap=4.62m d=-0.15 size=0.47]
1787304466.330 [STATIC_OT] state=TRAILING path_exists=0 path_locked=0 path_ttl_ok=0 path_safe=0 on_spline=0 speed=0.00 raw_wpnts=0 raw_age=-s decision=TRAILING reason=NO_STATIC_PATH
1787304466.543 [STATIC_OT] state=TRAILING path_exists=0 path_locked=0 path_ttl_ok=0 path_safe=0 on_spline=0 speed=-0.00 raw_wpnts=0 raw_age=-s decision=TRAILING reason=NO_STATIC_PATH
1787304466.788 [OBSTACLES] cur_s=12.08 cur_d=-0.17 vs=0.00 n=1 [id=24 static=1 gap=4.59m d=-0.15 size=0.51]
1787304466.790 [STATIC_OT] state=TRAILING path_exists=0 path_locked=0 path_ttl_ok=0 path_safe=0 on_spline=0 speed=0.00 raw_wpnts=0 raw_age=-s decision=TRAILING reason=NO_STATIC_PATH
1787304467.018 [STATIC_OT] state=TRAILING path_exists=0 path_locked=0 path_ttl_ok=0 path_safe=0 on_spline=0 speed=0.00 raw_wpnts=0 raw_age=-s decision=TRAILING reason=NO_STATIC_PATH
1787304467.237 [STATIC_OT] state=TRAILING path_exists=0 path_locked=0 path_ttl_ok=0 path_safe=0 on_spline=0 speed=-0.00 raw_wpnts=0 raw_age=-s decision=TRAILING reason=NO_STATIC_PATH
1787304467.353 [OBSTACLES] cur_s=12.06 cur_d=-0.17 vs=-0.00 n=1 [id=24 static=1 gap=4.63m d=-0.15 size=0.46]
1787304467.623 [STATIC_OT] state=TRAILING path_exists=0 path_locked=0 path_ttl_ok=0 path_safe=0 on_spline=0 speed=-0.00 raw_wpnts=0 raw_age=-s decision=TRAILING reason=NO_STATIC_PATH
1787304467.850 [STATIC_OT] state=TRAILING path_exists=0 path_locked=0 path_ttl_ok=0 path_safe=0 on_spline=0 speed=-0.00 raw_wpnts=0 raw_age=-s decision=TRAILING reason=NO_STATIC_PATH
1787304467.886 [OBSTACLES] cur_s=12.08 cur_d=-0.16 vs=-0.00 n=1 [id=24 static=1 gap=4.61m d=-0.15 size=0.46]
1787304468.053 [STATIC_OT] state=TRAILING path_exists=0 path_locked=0 path_ttl_ok=0 path_safe=0 on_spline=0 speed=-0.00 raw_wpnts=0 raw_age=-s decision=TRAILING reason=NO_STATIC_PATH
1787304468.283 [STATIC_OT] state=TRAILING path_exists=0 path_locked=0 path_ttl_ok=0 path_safe=0 on_spline=0 speed=0.00 raw_wpnts=0 raw_age=-s decision=TRAILING reason=NO_STATIC_PATH
1787304468.403 [OBSTACLES] cur_s=12.07 cur_d=-0.18 vs=0.01 n=1 [id=24 static=1 gap=4.62m d=-0.15 size=0.48]
1787304468.508 [STATIC_OT] state=TRAILING path_exists=0 path_locked=0 path_ttl_ok=0 path_safe=0 on_spline=0 speed=0.00 raw_wpnts=0 raw_age=-s decision=TRAILING reason=NO_STATIC_PATH
1787304468.768 [STATIC_OT] state=TRAILING path_exists=0 path_locked=0 path_ttl_ok=0 path_safe=0 on_spline=0 speed=0.00 raw_wpnts=0 raw_age=-s decision=TRAILING reason=NO_STATIC_PATH
1787304468.979 [OBSTACLES] cur_s=12.09 cur_d=-0.17 vs=0.00 n=1 [id=24 static=1 gap=4.60m d=-0.15 size=0.48]
1787304468.982 [STATIC_OT] state=TRAILING path_exists=0 path_locked=0 path_ttl_ok=0 path_safe=0 on_spline=0 speed=0.00 raw_wpnts=0 raw_age=-s decision=TRAILING reason=NO_STATIC_PATH
1787304469.207 [STATIC_OT] state=TRAILING path_exists=0 path_locked=0 path_ttl_ok=0 path_safe=0 on_spline=0 speed=-0.00 raw_wpnts=0 raw_age=-s decision=TRAILING reason=NO_STATIC_PATH
1787304469.480 [STATIC_OT] state=TRAILING path_exists=0 path_locked=0 path_ttl_ok=0 path_safe=0 on_spline=0 speed=0.00 raw_wpnts=0 raw_age=-s decision=TRAILING reason=NO_STATIC_PATH
1787304469.508 [OBSTACLES] cur_s=12.09 cur_d=-0.16 vs=0.00 n=1 [id=24 static=1 gap=4.67m d=-0.15 size=0.33]
1787304469.718 [STATIC_OT] state=TRAILING path_exists=0 path_locked=0 path_ttl_ok=0 path_safe=0 on_spline=0 speed=0.00 raw_wpnts=0 raw_age=-s decision=TRAILING reason=NO_STATIC_PATH
1787304469.944 [STATIC_OT] state=TRAILING path_exists=0 path_locked=0 path_ttl_ok=0 path_safe=0 on_spline=0 speed=0.00 raw_wpnts=0 raw_age=-s decision=TRAILING reason=NO_STATIC_PATH
1787304470.014 [OBSTACLES] cur_s=12.07 cur_d=-0.18 vs=0.00 n=1 [id=24 static=1 gap=4.62m d=-0.15 size=0.46]
1787304470.193 [STATIC_OT] state=TRAILING path_exists=0 path_locked=0 path_ttl_ok=0 path_safe=0 on_spline=0 speed=-0.00 raw_wpnts=0 raw_age=-s decision=TRAILING reason=NO_STATIC_PATH
1787304470.445 [STATIC_OT] state=TRAILING path_exists=0 path_locked=0 path_ttl_ok=0 path_safe=0 on_spline=0 speed=-0.00 raw_wpnts=0 raw_age=-s decision=TRAILING reason=NO_STATIC_PATH
1787304470.568 [OBSTACLES] cur_s=12.08 cur_d=-0.16 vs=-0.00 n=1 [id=24 static=1 gap=4.60m d=-0.15 size=0.48]
1787304470.694 [STATIC_OT] state=TRAILING path_exists=0 path_locked=0 path_ttl_ok=0 path_safe=0 on_spline=0 speed=0.00 raw_wpnts=0 raw_age=-s decision=TRAILING reason=NO_STATIC_PATH
1787304470.939 [STATIC_OT] state=TRAILING path_exists=0 path_locked=0 path_ttl_ok=0 path_safe=0 on_spline=0 speed=0.00 raw_wpnts=0 raw_age=-s decision=TRAILING reason=NO_STATIC_PATH
1787304471.107 [OBSTACLES] cur_s=12.08 cur_d=-0.18 vs=0.00 n=1 [id=24 static=1 gap=4.62m d=-0.15 size=0.46]
1787304471.183 [STATIC_OT] state=TRAILING path_exists=0 path_locked=0 path_ttl_ok=0 path_safe=0 on_spline=0 speed=-0.00 raw_wpnts=0 raw_age=-s decision=TRAILING reason=NO_STATIC_PATH
1787304471.426 [STATIC_OT] state=TRAILING path_exists=0 path_locked=0 path_ttl_ok=0 path_safe=0 on_spline=0 speed=-0.00 raw_wpnts=0 raw_age=-s decision=TRAILING reason=NO_STATIC_PATH
1787304471.643 [OBSTACLES] cur_s=12.08 cur_d=-0.17 vs=0.00 n=1 [id=24 static=1 gap=4.61m d=-0.15 size=0.47]
1787304471.652 [STATIC_OT] state=TRAILING path_exists=0 path_locked=0 path_ttl_ok=0 path_safe=0 on_spline=0 speed=0.00 raw_wpnts=0 raw_age=-s decision=TRAILING reason=NO_STATIC_PATH
1787304471.872 [STATIC_OT] state=TRAILING path_exists=0 path_locked=0 path_ttl_ok=0 path_safe=0 on_spline=0 speed=0.00 raw_wpnts=0 raw_age=-s decision=TRAILING reason=NO_STATIC_PATH
1787304472.109 [STATIC_OT] state=TRAILING path_exists=0 path_locked=0 path_ttl_ok=0 path_safe=0 on_spline=0 speed=-0.00 raw_wpnts=0 raw_age=-s decision=TRAILING reason=NO_STATIC_PATH
1787304472.173 [OBSTACLES] cur_s=12.07 cur_d=-0.18 vs=0.00 n=1 [id=24 static=1 gap=4.63m d=-0.15 size=0.45]
1787304472.379 [STATIC_OT] state=TRAILING path_exists=0 path_locked=0 path_ttl_ok=0 path_safe=0 on_spline=0 speed=-0.01 raw_wpnts=0 raw_age=-s decision=TRAILING reason=NO_STATIC_PATH
1787304472.582 [STATIC_OT] state=TRAILING path_exists=0 path_locked=0 path_ttl_ok=0 path_safe=0 on_spline=0 speed=-0.00 raw_wpnts=0 raw_age=-s decision=TRAILING reason=NO_STATIC_PATH
1787304472.698 [OBSTACLES] cur_s=12.08 cur_d=-0.17 vs=0.00 n=1 [id=24 static=1 gap=4.58m d=-0.15 size=0.53]
1787304472.791 [STATIC_OT] state=TRAILING path_exists=0 path_locked=0 path_ttl_ok=0 path_safe=0 on_spline=0 speed=-0.00 raw_wpnts=0 raw_age=-s decision=TRAILING reason=NO_STATIC_PATH
1787304473.000 [STATIC_OT] state=TRAILING path_exists=0 path_locked=0 path_ttl_ok=0 path_safe=0 on_spline=0 speed=-0.00 raw_wpnts=0 raw_age=-s decision=TRAILING reason=NO_STATIC_PATH
1787304473.213 [OBSTACLES] cur_s=12.06 cur_d=-0.17 vs=-0.00 n=1 [id=24 static=1 gap=4.64m d=-0.15 size=0.46]
1787304473.218 [STATIC_OT] state=TRAILING path_exists=0 path_locked=0 path_ttl_ok=0 path_safe=0 on_spline=0 speed=-0.00 raw_wpnts=0 raw_age=-s decision=TRAILING reason=NO_STATIC_PATH
1787304473.425 [STATIC_OT] state=TRAILING path_exists=0 path_locked=0 path_ttl_ok=0 path_safe=0 on_spline=0 speed=0.00 raw_wpnts=0 raw_age=-s decision=TRAILING reason=NO_STATIC_PATH
1787304473.633 [STATIC_OT] state=TRAILING path_exists=0 path_locked=0 path_ttl_ok=0 path_safe=0 on_spline=0 speed=-0.00 raw_wpnts=0 raw_age=-s decision=TRAILING reason=NO_STATIC_PATH
1787304473.717 [OBSTACLES] cur_s=12.07 cur_d=-0.17 vs=-0.00 n=1 [id=24 static=1 gap=4.64m d=-0.15 size=0.44]
1787304473.843 [STATIC_OT] state=TRAILING path_exists=0 path_locked=0 path_ttl_ok=0 path_safe=0 on_spline=0 speed=0.00 raw_wpnts=0 raw_age=-s decision=TRAILING reason=NO_STATIC_PATH
1787304474.068 [STATIC_OT] state=TRAILING path_exists=0 path_locked=0 path_ttl_ok=0 path_safe=0 on_spline=0 speed=0.00 raw_wpnts=0 raw_age=-s decision=TRAILING reason=NO_STATIC_PATH
1787304474.253 [OBSTACLES] cur_s=12.05 cur_d=-0.16 vs=-0.01 n=1 [id=24 static=1 gap=4.65m d=-0.15 size=0.46]
1787304474.328 [STATIC_OT] state=TRAILING path_exists=0 path_locked=0 path_ttl_ok=0 path_safe=0 on_spline=0 speed=0.00 raw_wpnts=0 raw_age=-s decision=TRAILING reason=NO_STATIC_PATH
1787304474.543 [STATIC_OT] state=TRAILING path_exists=0 path_locked=0 path_ttl_ok=0 path_safe=0 on_spline=0 speed=0.01 raw_wpnts=0 raw_age=-s decision=TRAILING reason=NO_STATIC_PATH
1787304474.762 [STATIC_OT] state=TRAILING path_exists=0 path_locked=0 path_ttl_ok=0 path_safe=0 on_spline=0 speed=0.00 raw_wpnts=0 raw_age=-s decision=TRAILING reason=NO_STATIC_PATH
1787304474.802 [OBSTACLES] cur_s=12.05 cur_d=-0.19 vs=0.00 n=1 [id=24 static=1 gap=4.65m d=-0.15 size=0.45]
1787304474.975 [STATIC_OT] state=TRAILING path_exists=0 path_locked=0 path_ttl_ok=0 path_safe=0 on_spline=0 speed=-0.00 raw_wpnts=0 raw_age=-s decision=TRAILING reason=NO_STATIC_PATH
1787304475.229 [STATIC_OT] state=TRAILING path_exists=0 path_locked=0 path_ttl_ok=0 path_safe=0 on_spline=0 speed=-0.00 raw_wpnts=0 raw_age=-s decision=TRAILING reason=NO_STATIC_PATH
1787304475.381 [OBSTACLES] cur_s=12.06 cur_d=-0.17 vs=-0.00 n=1 [id=24 static=1 gap=4.63m d=-0.15 size=0.48]
1787304475.631 [STATIC_OT] state=TRAILING path_exists=0 path_locked=0 path_ttl_ok=0 path_safe=0 on_spline=0 speed=-0.00 raw_wpnts=0 raw_age=-s decision=TRAILING reason=NO_STATIC_PATH
1787304475.864 [STATIC_OT] state=TRAILING path_exists=0 path_locked=0 path_ttl_ok=0 path_safe=0 on_spline=0 speed=0.00 raw_wpnts=0 raw_age=-s decision=TRAILING reason=NO_STATIC_PATH
1787304475.945 [OBSTACLES] cur_s=12.09 cur_d=-0.16 vs=0.00 n=1 [id=24 static=1 gap=4.61m d=-0.15 size=0.45]
1787304476.092 [STATIC_OT] state=TRAILING path_exists=0 path_locked=0 path_ttl_ok=0 path_safe=0 on_spline=0 speed=-0.00 raw_wpnts=0 raw_age=-s decision=TRAILING reason=NO_STATIC_PATH
1787304476.304 [STATIC_OT] state=TRAILING path_exists=0 path_locked=0 path_ttl_ok=0 path_safe=0 on_spline=0 speed=-0.00 raw_wpnts=0 raw_age=-s decision=TRAILING reason=NO_STATIC_PATH
1787304476.460 [OBSTACLES] cur_s=12.06 cur_d=-0.17 vs=0.00 n=1 [id=24 static=1 gap=4.64m d=-0.15 size=0.45]
1787304476.515 [STATIC_OT] state=TRAILING path_exists=0 path_locked=0 path_ttl_ok=0 path_safe=0 on_spline=0 speed=-0.00 raw_wpnts=0 raw_age=-s decision=TRAILING reason=NO_STATIC_PATH
1787304476.783 [STATIC_OT] state=TRAILING path_exists=0 path_locked=0 path_ttl_ok=0 path_safe=0 on_spline=0 speed=0.00 raw_wpnts=0 raw_age=-s decision=TRAILING reason=NO_STATIC_PATH
1787304477.008 [OBSTACLES] cur_s=12.08 cur_d=-0.15 vs=-0.00 n=1 [id=24 static=1 gap=4.61m d=-0.15 size=0.47]
1787304477.014 [STATIC_OT] state=TRAILING path_exists=0 path_locked=0 path_ttl_ok=0 path_safe=0 on_spline=0 speed=-0.00 raw_wpnts=0 raw_age=-s decision=TRAILING reason=NO_STATIC_PATH
1787304477.305 [STATIC_OT] state=TRAILING path_exists=0 path_locked=0 path_ttl_ok=0 path_safe=0 on_spline=0 speed=0.00 raw_wpnts=0 raw_age=-s decision=TRAILING reason=NO_STATIC_PATH
1787304477.553 [OBSTACLES] cur_s=12.07 cur_d=-0.17 vs=0.00 n=1 [id=24 static=1 gap=4.62m d=-0.15 size=0.47]
1787304477.559 [STATIC_OT] state=TRAILING path_exists=0 path_locked=0 path_ttl_ok=0 path_safe=0 on_spline=0 speed=0.00 raw_wpnts=0 raw_age=-s decision=TRAILING reason=NO_STATIC_PATH
1787304477.765 [STATIC_OT] state=TRAILING path_exists=0 path_locked=0 path_ttl_ok=0 path_safe=0 on_spline=0 speed=0.01 raw_wpnts=0 raw_age=-s decision=TRAILING reason=NO_STATIC_PATH
1787304477.970 [STATIC_OT] state=TRAILING path_exists=0 path_locked=0 path_ttl_ok=0 path_safe=0 on_spline=0 speed=0.00 raw_wpnts=0 raw_age=-s decision=TRAILING reason=NO_STATIC_PATH
1787304478.053 [OBSTACLES] cur_s=12.08 cur_d=-0.17 vs=0.00 n=1 [id=24 static=1 gap=4.61m d=-0.15 size=0.47]
1787304478.172 [STATIC_OT] state=TRAILING path_exists=0 path_locked=0 path_ttl_ok=0 path_safe=0 on_spline=0 speed=0.00 raw_wpnts=0 raw_age=-s decision=TRAILING reason=NO_STATIC_PATH
1787304478.390 [STATIC_OT] state=TRAILING path_exists=0 path_locked=0 path_ttl_ok=0 path_safe=0 on_spline=0 speed=-0.00 raw_wpnts=0 raw_age=-s decision=TRAILING reason=NO_STATIC_PATH
1787304478.612 [OBSTACLES] cur_s=12.07 cur_d=-0.18 vs=0.00 n=1 [id=24 static=1 gap=4.61m d=-0.15 size=0.50]
1787304478.621 [STATIC_OT] state=TRAILING path_exists=0 path_locked=0 path_ttl_ok=0 path_safe=0 on_spline=0 speed=0.00 raw_wpnts=0 raw_age=-s decision=TRAILING reason=NO_STATIC_PATH
1787304478.859 [STATIC_OT] state=TRAILING path_exists=0 path_locked=0 path_ttl_ok=0 path_safe=0 on_spline=0 speed=0.00 raw_wpnts=0 raw_age=-s decision=TRAILING reason=NO_STATIC_PATH
1787304479.093 [STATIC_OT] state=TRAILING path_exists=0 path_locked=0 path_ttl_ok=0 path_safe=0 on_spline=0 speed=-0.00 raw_wpnts=0 raw_age=-s decision=TRAILING reason=NO_STATIC_PATH
1787304479.130 [OBSTACLES] cur_s=12.06 cur_d=-0.17 vs=-0.00 n=1 [id=24 static=1 gap=4.62m d=-0.15 size=0.49]
1787304479.307 [STATIC_OT] state=TRAILING path_exists=0 path_locked=0 path_ttl_ok=0 path_safe=0 on_spline=0 speed=-0.00 raw_wpnts=0 raw_age=-s decision=TRAILING reason=NO_STATIC_PATH
1787304479.510 [STATIC_OT] state=TRAILING path_exists=0 path_locked=0 path_ttl_ok=0 path_safe=0 on_spline=0 speed=-0.00 raw_wpnts=0 raw_age=-s decision=TRAILING reason=NO_STATIC_PATH
1787304479.720 [OBSTACLES] cur_s=12.09 cur_d=-0.17 vs=0.00 n=1 [id=24 static=1 gap=4.61m d=-0.15 size=0.45]
1787304479.723 [STATIC_OT] state=TRAILING path_exists=0 path_locked=0 path_ttl_ok=0 path_safe=0 on_spline=0 speed=0.00 raw_wpnts=0 raw_age=-s decision=TRAILING reason=NO_STATIC_PATH
1787304479.970 [STATIC_OT] state=TRAILING path_exists=0 path_locked=0 path_ttl_ok=0 path_safe=0 on_spline=0 speed=-0.00 raw_wpnts=0 raw_age=-s decision=TRAILING reason=NO_STATIC_PATH
1787304480.194 [STATIC_OT] state=TRAILING path_exists=0 path_locked=0 path_ttl_ok=0 path_safe=0 on_spline=0 speed=0.00 raw_wpnts=0 raw_age=-s decision=TRAILING reason=NO_STATIC_PATH
1787304480.242 [OBSTACLES] cur_s=12.08 cur_d=-0.17 vs=0.00 n=1 [id=24 static=1 gap=4.60m d=-0.15 size=0.48]
1787304480.443 [STATIC_OT] state=TRAILING path_exists=0 path_locked=0 path_ttl_ok=0 path_safe=0 on_spline=0 speed=0.00 raw_wpnts=0 raw_age=-s decision=TRAILING reason=NO_STATIC_PATH
1787304480.664 [STATIC_OT] state=TRAILING path_exists=0 path_locked=0 path_ttl_ok=0 path_safe=0 on_spline=0 speed=-0.00 raw_wpnts=0 raw_age=-s decision=TRAILING reason=NO_STATIC_PATH
1787304480.757 [OBSTACLES] cur_s=12.08 cur_d=-0.17 vs=-0.00 n=1 [id=24 static=1 gap=4.62m d=-0.15 size=0.45]
1787304480.872 [STATIC_OT] state=TRAILING path_exists=0 path_locked=0 path_ttl_ok=0 path_safe=0 on_spline=0 speed=-0.00 raw_wpnts=0 raw_age=-s decision=TRAILING reason=NO_STATIC_PATH
1787304481.074 [STATIC_OT] state=TRAILING path_exists=0 path_locked=0 path_ttl_ok=0 path_safe=0 on_spline=0 speed=-0.00 raw_wpnts=0 raw_age=-s decision=TRAILING reason=NO_STATIC_PATH
1787304481.304 [OBSTACLES] cur_s=12.07 cur_d=-0.17 vs=-0.00 n=1 [id=24 static=1 gap=4.63m d=-0.15 size=0.47]
1787304481.309 [STATIC_OT] state=TRAILING path_exists=0 path_locked=0 path_ttl_ok=0 path_safe=0 on_spline=0 speed=-0.00 raw_wpnts=0 raw_age=-s decision=TRAILING reason=NO_STATIC_PATH
1787304481.529 [STATIC_OT] state=TRAILING path_exists=0 path_locked=0 path_ttl_ok=0 path_safe=0 on_spline=0 speed=0.00 raw_wpnts=0 raw_age=-s decision=TRAILING reason=NO_STATIC_PATH
1787304481.729 [STATIC_OT] state=TRAILING path_exists=0 path_locked=0 path_ttl_ok=0 path_safe=0 on_spline=0 speed=0.00 raw_wpnts=0 raw_age=-s decision=TRAILING reason=NO_STATIC_PATH
1787304481.812 [OBSTACLES] cur_s=12.09 cur_d=-0.16 vs=-0.00 n=1 [id=24 static=1 gap=4.61m d=-0.15 size=0.46]
1787304481.950 [STATIC_OT] state=TRAILING path_exists=0 path_locked=0 path_ttl_ok=0 path_safe=0 on_spline=0 speed=-0.01 raw_wpnts=0 raw_age=-s decision=TRAILING reason=NO_STATIC_PATH
1787304482.152 [STATIC_OT] state=TRAILING path_exists=0 path_locked=0 path_ttl_ok=0 path_safe=0 on_spline=0 speed=-0.00 raw_wpnts=0 raw_age=-s decision=TRAILING reason=NO_STATIC_PATH
1787304482.322 [OBSTACLES] cur_s=12.08 cur_d=-0.17 vs=0.00 n=1 [id=24 static=1 gap=4.63m d=-0.15 size=0.44]
1787304482.426 [STATIC_OT] state=TRAILING path_exists=0 path_locked=0 path_ttl_ok=0 path_safe=0 on_spline=0 speed=0.00 raw_wpnts=0 raw_age=-s decision=TRAILING reason=NO_STATIC_PATH
1787304482.650 [STATIC_OT] state=TRAILING path_exists=0 path_locked=0 path_ttl_ok=0 path_safe=0 on_spline=0 speed=0.00 raw_wpnts=0 raw_age=-s decision=TRAILING reason=NO_STATIC_PATH
1787304482.864 [OBSTACLES] cur_s=12.06 cur_d=-0.18 vs=0.00 n=1 [id=24 static=1 gap=4.63m d=-0.15 size=0.47]
1787304482.868 [STATIC_OT] state=TRAILING path_exists=0 path_locked=0 path_ttl_ok=0 path_safe=0 on_spline=0 speed=0.00 raw_wpnts=0 raw_age=-s decision=TRAILING reason=NO_STATIC_PATH
1787304483.068 [STATIC_OT] state=TRAILING path_exists=0 path_locked=0 path_ttl_ok=0 path_safe=0 on_spline=0 speed=-0.00 raw_wpnts=0 raw_age=-s decision=TRAILING reason=NO_STATIC_PATH
1787304483.360 [STATIC_OT] state=TRAILING path_exists=0 path_locked=0 path_ttl_ok=0 path_safe=0 on_spline=0 speed=0.00 raw_wpnts=0 raw_age=-s decision=TRAILING reason=NO_STATIC_PATH
1787304483.413 [OBSTACLES] cur_s=12.09 cur_d=-0.17 vs=0.00 n=1 [id=24 static=1 gap=4.60m d=-0.15 size=0.47]
1787304483.578 [STATIC_OT] state=TRAILING path_exists=0 path_locked=0 path_ttl_ok=0 path_safe=0 on_spline=0 speed=0.01 raw_wpnts=0 raw_age=-s decision=TRAILING reason=NO_STATIC_PATH
1787304483.809 [STATIC_OT] state=TRAILING path_exists=0 path_locked=0 path_ttl_ok=0 path_safe=0 on_spline=0 speed=0.00 raw_wpnts=0 raw_age=-s decision=TRAILING reason=NO_STATIC_PATH
1787304483.929 [OBSTACLES] cur_s=12.07 cur_d=-0.17 vs=-0.00 n=1 [id=24 static=1 gap=4.63m d=-0.15 size=0.44]
1787304484.048 [STATIC_OT] state=TRAILING path_exists=0 path_locked=0 path_ttl_ok=0 path_safe=0 on_spline=0 speed=-0.00 raw_wpnts=0 raw_age=-s decision=TRAILING reason=NO_STATIC_PATH
1787304484.290 [STATIC_OT] state=TRAILING path_exists=0 path_locked=0 path_ttl_ok=0 path_safe=0 on_spline=0 speed=0.00 raw_wpnts=0 raw_age=-s decision=TRAILING reason=NO_STATIC_PATH
1787304484.435 [OBSTACLES] cur_s=12.08 cur_d=-0.16 vs=-0.00 n=1 [id=24 static=1 gap=4.61m d=-0.15 size=0.46]
1787304484.512 [STATIC_OT] state=TRAILING path_exists=0 path_locked=0 path_ttl_ok=0 path_safe=0 on_spline=0 speed=-0.00 raw_wpnts=0 raw_age=-s decision=TRAILING reason=NO_STATIC_PATH
1787304484.762 [STATIC_OT] state=TRAILING path_exists=0 path_locked=0 path_ttl_ok=0 path_safe=0 on_spline=0 speed=-0.00 raw_wpnts=0 raw_age=-s decision=TRAILING reason=NO_STATIC_PATH
1787304484.983 [OBSTACLES] cur_s=12.08 cur_d=-0.17 vs=-0.00 n=1 [id=24 static=1 gap=4.61m d=-0.15 size=0.47]
1787304484.998 [STATIC_OT] state=TRAILING path_exists=0 path_locked=0 path_ttl_ok=0 path_safe=0 on_spline=0 speed=-0.00 raw_wpnts=0 raw_age=-s decision=TRAILING reason=NO_STATIC_PATH
1787304485.208 [STATIC_OT] state=TRAILING path_exists=0 path_locked=0 path_ttl_ok=0 path_safe=0 on_spline=0 speed=0.00 raw_wpnts=0 raw_age=-s decision=TRAILING reason=NO_STATIC_PATH
1787304485.430 [STATIC_OT] state=TRAILING path_exists=0 path_locked=0 path_ttl_ok=0 path_safe=0 on_spline=0 speed=0.00 raw_wpnts=0 raw_age=-s decision=TRAILING reason=NO_STATIC_PATH
1787304485.492 [OBSTACLES] cur_s=12.10 cur_d=-0.16 vs=0.00 n=1 [id=24 static=1 gap=4.60m d=-0.15 size=0.46]
1787304485.638 [STATIC_OT] state=TRAILING path_exists=0 path_locked=0 path_ttl_ok=0 path_safe=0 on_spline=0 speed=0.00 raw_wpnts=0 raw_age=-s decision=TRAILING reason=NO_STATIC_PATH
1787304485.881 [STATIC_OT] state=TRAILING path_exists=0 path_locked=0 path_ttl_ok=0 path_safe=0 on_spline=0 speed=-0.00 raw_wpnts=0 raw_age=-s decision=TRAILING reason=NO_STATIC_PATH
1787304486.039 [OBSTACLES] cur_s=12.07 cur_d=-0.17 vs=-0.00 n=1 [id=24 static=1 gap=4.63m d=-0.15 size=0.45]
1787304486.092 [STATIC_OT] state=TRAILING path_exists=0 path_locked=0 path_ttl_ok=0 path_safe=0 on_spline=0 speed=-0.00 raw_wpnts=0 raw_age=-s decision=TRAILING reason=NO_STATIC_PATH
1787304486.331 [STATIC_OT] state=TRAILING path_exists=0 path_locked=0 path_ttl_ok=0 path_safe=0 on_spline=0 speed=0.00 raw_wpnts=0 raw_age=-s decision=TRAILING reason=NO_STATIC_PATH
1787304486.543 [OBSTACLES] cur_s=12.08 cur_d=-0.17 vs=-0.00 n=1 [id=24 static=1 gap=4.62m d=-0.15 size=0.46]
1787304486.549 [STATIC_OT] state=TRAILING path_exists=0 path_locked=0 path_ttl_ok=0 path_safe=0 on_spline=0 speed=-0.00 raw_wpnts=0 raw_age=-s decision=TRAILING reason=NO_STATIC_PATH
1787304486.763 [STATIC_OT] state=TRAILING path_exists=0 path_locked=0 path_ttl_ok=0 path_safe=0 on_spline=0 speed=-0.00 raw_wpnts=0 raw_age=-s decision=TRAILING reason=NO_STATIC_PATH
1787304487.019 [STATIC_OT] state=TRAILING path_exists=0 path_locked=0 path_ttl_ok=0 path_safe=0 on_spline=0 speed=-0.00 raw_wpnts=0 raw_age=-s decision=TRAILING reason=NO_STATIC_PATH
1787304487.060 [OBSTACLES] cur_s=12.05 cur_d=-0.17 vs=-0.00 n=1 [id=24 static=1 gap=4.64m d=-0.15 size=0.47]
1787304487.246 [STATIC_OT] state=TRAILING path_exists=0 path_locked=0 path_ttl_ok=0 path_safe=0 on_spline=0 speed=0.00 raw_wpnts=0 raw_age=-s decision=TRAILING reason=NO_STATIC_PATH
1787304487.494 [STATIC_OT] state=TRAILING path_exists=0 path_locked=0 path_ttl_ok=0 path_safe=0 on_spline=0 speed=0.01 raw_wpnts=0 raw_age=-s decision=TRAILING reason=NO_STATIC_PATH
1787304487.620 [OBSTACLES] cur_s=12.08 cur_d=-0.17 vs=-0.00 n=1 [id=24 static=1 gap=4.60m d=-0.15 size=0.50]
1787304487.748 [STATIC_OT] state=TRAILING path_exists=0 path_locked=0 path_ttl_ok=0 path_safe=0 on_spline=0 speed=0.00 raw_wpnts=0 raw_age=-s decision=TRAILING reason=NO_STATIC_PATH
1787304488.010 [STATIC_OT] state=TRAILING path_exists=0 path_locked=0 path_ttl_ok=0 path_safe=0 on_spline=0 speed=0.00 raw_wpnts=0 raw_age=-s decision=TRAILING reason=NO_STATIC_PATH
1787304488.125 [OBSTACLES] cur_s=12.06 cur_d=-0.18 vs=-0.00 n=1 [id=24 static=1 gap=4.65m d=-0.15 size=0.43]
1787304488.244 [STATIC_OT] state=TRAILING path_exists=0 path_locked=0 path_ttl_ok=0 path_safe=0 on_spline=0 speed=-0.00 raw_wpnts=0 raw_age=-s decision=TRAILING reason=NO_STATIC_PATH
1787304488.449 [STATIC_OT] state=TRAILING path_exists=0 path_locked=0 path_ttl_ok=0 path_safe=0 on_spline=0 speed=-0.00 raw_wpnts=0 raw_age=-s decision=TRAILING reason=NO_STATIC_PATH
1787304488.662 [OBSTACLES] cur_s=12.06 cur_d=-0.19 vs=0.00 n=1 [id=24 static=1 gap=4.63m d=-0.15 size=0.47]
1787304488.664 [STATIC_OT] state=TRAILING path_exists=0 path_locked=0 path_ttl_ok=0 path_safe=0 on_spline=0 speed=0.00 raw_wpnts=0 raw_age=-s decision=TRAILING reason=NO_STATIC_PATH
1787304488.875 [STATIC_OT] state=TRAILING path_exists=0 path_locked=0 path_ttl_ok=0 path_safe=0 on_spline=0 speed=0.00 raw_wpnts=0 raw_age=-s decision=TRAILING reason=NO_STATIC_PATH
1787304489.141 [STATIC_OT] state=TRAILING path_exists=0 path_locked=0 path_ttl_ok=0 path_safe=0 on_spline=0 speed=-0.00 raw_wpnts=0 raw_age=-s decision=TRAILING reason=NO_STATIC_PATH
1787304489.191 [OBSTACLES] cur_s=12.05 cur_d=-0.18 vs=-0.00 n=1 [id=24 static=1 gap=4.61m d=-0.15 size=0.52]
1787304489.353 [STATIC_OT] state=TRAILING path_exists=0 path_locked=0 path_ttl_ok=0 path_safe=0 on_spline=0 speed=-0.00 raw_wpnts=0 raw_age=-s decision=TRAILING reason=NO_STATIC_PATH
1787304489.572 [STATIC_OT] state=TRAILING path_exists=0 path_locked=0 path_ttl_ok=0 path_safe=0 on_spline=0 speed=0.00 raw_wpnts=0 raw_age=-s decision=TRAILING reason=NO_STATIC_PATH
1787304489.720 [OBSTACLES] cur_s=12.06 cur_d=-0.18 vs=0.00 n=1 [id=24 static=1 gap=4.65m d=-0.15 size=0.43]
1787304489.811 [STATIC_OT] state=TRAILING path_exists=0 path_locked=0 path_ttl_ok=0 path_safe=0 on_spline=0 speed=0.00 raw_wpnts=0 raw_age=-s decision=TRAILING reason=NO_STATIC_PATH
1787304490.048 [STATIC_OT] state=TRAILING path_exists=0 path_locked=0 path_ttl_ok=0 path_safe=0 on_spline=0 speed=0.00 raw_wpnts=0 raw_age=-s decision=TRAILING reason=NO_STATIC_PATH
1787304490.232 [OBSTACLES] cur_s=12.09 cur_d=-0.16 vs=-0.00 n=1 [id=24 static=1 gap=4.61m d=-0.15 size=0.46]
1787304490.267 [STATIC_OT] state=TRAILING path_exists=0 path_locked=0 path_ttl_ok=0 path_safe=0 on_spline=0 speed=0.00 raw_wpnts=0 raw_age=-s decision=TRAILING reason=NO_STATIC_PATH
1787304490.514 [STATIC_OT] state=TRAILING path_exists=0 path_locked=0 path_ttl_ok=0 path_safe=0 on_spline=0 speed=0.00 raw_wpnts=0 raw_age=-s decision=TRAILING reason=NO_STATIC_PATH
1787304490.732 [STATIC_OT] state=TRAILING path_exists=0 path_locked=0 path_ttl_ok=0 path_safe=0 on_spline=0 speed=-0.00 raw_wpnts=0 raw_age=-s decision=TRAILING reason=NO_STATIC_PATH
1787304490.803 [OBSTACLES] cur_s=12.05 cur_d=-0.18 vs=-0.00 n=1 [id=24 static=1 gap=4.65m d=-0.15 size=0.45]
1787304490.957 [STATIC_OT] state=TRAILING path_exists=0 path_locked=0 path_ttl_ok=0 path_safe=0 on_spline=0 speed=-0.00 raw_wpnts=0 raw_age=-s decision=TRAILING reason=NO_STATIC_PATH
1787304491.194 [STATIC_OT] state=TRAILING path_exists=0 path_locked=0 path_ttl_ok=0 path_safe=0 on_spline=0 speed=-0.00 raw_wpnts=0 raw_age=-s decision=TRAILING reason=NO_STATIC_PATH
1787304491.351 [OBSTACLES] cur_s=12.06 cur_d=-0.18 vs=0.00 n=1 [id=24 static=1 gap=4.63m d=-0.15 size=0.46]
1787304491.399 [STATIC_OT] state=TRAILING path_exists=0 path_locked=0 path_ttl_ok=0 path_safe=0 on_spline=0 speed=0.00 raw_wpnts=0 raw_age=-s decision=TRAILING reason=NO_STATIC_PATH
1787304491.610 [STATIC_OT] state=TRAILING path_exists=0 path_locked=0 path_ttl_ok=0 path_safe=0 on_spline=0 speed=0.00 raw_wpnts=0 raw_age=-s decision=TRAILING reason=NO_STATIC_PATH
1787304491.822 [STATIC_OT] state=TRAILING path_exists=0 path_locked=0 path_ttl_ok=0 path_safe=0 on_spline=0 speed=-0.00 raw_wpnts=0 raw_age=-s decision=TRAILING reason=NO_STATIC_PATH
1787304492.054 [OBSTACLES] cur_s=12.08 cur_d=-0.18 vs=0.01 n=1 [id=24 static=1 gap=4.60m d=-0.15 size=0.48]
1787304492.061 [STATIC_OT] state=TRAILING path_exists=0 path_locked=0 path_ttl_ok=0 path_safe=0 on_spline=0 speed=0.01 raw_wpnts=0 raw_age=-s decision=TRAILING reason=NO_STATIC_PATH
1787304492.284 [STATIC_OT] state=TRAILING path_exists=0 path_locked=0 path_ttl_ok=0 path_safe=0 on_spline=0 speed=-0.00 raw_wpnts=0 raw_age=-s decision=TRAILING reason=NO_STATIC_PATH
1787304492.524 [STATIC_OT] state=TRAILING path_exists=0 path_locked=0 path_ttl_ok=0 path_safe=0 on_spline=0 speed=0.00 raw_wpnts=0 raw_age=-s decision=TRAILING reason=NO_STATIC_PATH
1787304492.578 [OBSTACLES] cur_s=12.08 cur_d=-0.17 vs=-0.00 n=1 [id=24 static=1 gap=4.61m d=-0.15 size=0.47]
1787304492.759 [STATIC_OT] state=TRAILING path_exists=0 path_locked=0 path_ttl_ok=0 path_safe=0 on_spline=0 speed=0.00 raw_wpnts=0 raw_age=-s decision=TRAILING reason=NO_STATIC_PATH
1787304492.983 [STATIC_OT] state=TRAILING path_exists=0 path_locked=0 path_ttl_ok=0 path_safe=0 on_spline=0 speed=0.00 raw_wpnts=0 raw_age=-s decision=TRAILING reason=NO_STATIC_PATH
1787304493.092 [OBSTACLES] cur_s=12.08 cur_d=-0.18 vs=0.00 n=1 [id=24 static=1 gap=4.61m d=-0.15 size=0.48]
1787304493.223 [STATIC_OT] state=TRAILING path_exists=0 path_locked=0 path_ttl_ok=0 path_safe=0 on_spline=0 speed=0.00 raw_wpnts=0 raw_age=-s decision=TRAILING reason=NO_STATIC_PATH
1787304493.453 [STATIC_OT] state=TRAILING path_exists=0 path_locked=0 path_ttl_ok=0 path_safe=0 on_spline=0 speed=0.00 raw_wpnts=0 raw_age=-s decision=TRAILING reason=NO_STATIC_PATH
1787304493.644 [OBSTACLES] cur_s=12.06 cur_d=-0.17 vs=-0.00 n=1 [id=24 static=1 gap=4.63m d=-0.15 size=0.47]
1787304493.664 [STATIC_OT] state=TRAILING path_exists=0 path_locked=0 path_ttl_ok=0 path_safe=0 on_spline=0 speed=-0.00 raw_wpnts=0 raw_age=-s decision=TRAILING reason=NO_STATIC_PATH
1787304493.884 [STATIC_OT] state=TRAILING path_exists=0 path_locked=0 path_ttl_ok=0 path_safe=0 on_spline=0 speed=0.00 raw_wpnts=0 raw_age=-s decision=TRAILING reason=NO_STATIC_PATH
1787304494.113 [STATIC_OT] state=TRAILING path_exists=0 path_locked=0 path_ttl_ok=0 path_safe=0 on_spline=0 speed=0.00 raw_wpnts=0 raw_age=-s decision=TRAILING reason=NO_STATIC_PATH
1787304494.151 [OBSTACLES] cur_s=12.07 cur_d=-0.17 vs=-0.00 n=1 [id=24 static=1 gap=4.63m d=-0.15 size=0.46]
1787304494.332 [STATIC_OT] state=TRAILING path_exists=0 path_locked=0 path_ttl_ok=0 path_safe=0 on_spline=0 speed=0.00 raw_wpnts=0 raw_age=-s decision=TRAILING reason=NO_STATIC_PATH
1787304494.569 [STATIC_OT] state=TRAILING path_exists=0 path_locked=0 path_ttl_ok=0 path_safe=0 on_spline=0 speed=-0.00 raw_wpnts=0 raw_age=-s decision=TRAILING reason=NO_STATIC_PATH
1787304494.684 [OBSTACLES] cur_s=12.07 cur_d=-0.16 vs=-0.00 n=1 [id=24 static=1 gap=4.62m d=-0.15 size=0.47]
1787304494.824 [STATIC_OT] state=TRAILING path_exists=0 path_locked=0 path_ttl_ok=0 path_safe=0 on_spline=0 speed=-0.00 raw_wpnts=0 raw_age=-s decision=TRAILING reason=NO_STATIC_PATH
1787304495.046 [STATIC_OT] state=TRAILING path_exists=0 path_locked=0 path_ttl_ok=0 path_safe=0 on_spline=0 speed=-0.00 raw_wpnts=0 raw_age=-s decision=TRAILING reason=NO_STATIC_PATH
1787304495.197 [OBSTACLES] cur_s=12.07 cur_d=-0.17 vs=0.00 n=1 [id=24 static=1 gap=4.62m d=-0.15 size=0.46]
1787304495.292 [STATIC_OT] state=TRAILING path_exists=0 path_locked=0 path_ttl_ok=0 path_safe=0 on_spline=0 speed=0.01 raw_wpnts=0 raw_age=-s decision=TRAILING reason=NO_STATIC_PATH
1787304495.501 [STATIC_OT] state=TRAILING path_exists=0 path_locked=0 path_ttl_ok=0 path_safe=0 on_spline=0 speed=-0.00 raw_wpnts=0 raw_age=-s decision=TRAILING reason=NO_STATIC_PATH
1787304495.747 [OBSTACLES] cur_s=12.06 cur_d=-0.17 vs=-0.00 n=1 [id=24 static=1 gap=4.63m d=-0.15 size=0.46]
1787304495.750 [STATIC_OT] state=TRAILING path_exists=0 path_locked=0 path_ttl_ok=0 path_safe=0 on_spline=0 speed=-0.00 raw_wpnts=0 raw_age=-s decision=TRAILING reason=NO_STATIC_PATH
1787304495.988 [STATIC_OT] state=TRAILING path_exists=0 path_locked=0 path_ttl_ok=0 path_safe=0 on_spline=0 speed=-0.00 raw_wpnts=0 raw_age=-s decision=TRAILING reason=NO_STATIC_PATH
1787304496.208 [STATIC_OT] state=TRAILING path_exists=0 path_locked=0 path_ttl_ok=0 path_safe=0 on_spline=0 speed=0.00 raw_wpnts=0 raw_age=-s decision=TRAILING reason=NO_STATIC_PATH
1787304496.267 [OBSTACLES] cur_s=12.06 cur_d=-0.18 vs=0.00 n=1 [id=24 static=1 gap=4.63m d=-0.15 size=0.47]
1787304496.414 [STATIC_OT] state=TRAILING path_exists=0 path_locked=0 path_ttl_ok=0 path_safe=0 on_spline=0 speed=-0.00 raw_wpnts=0 raw_age=-s decision=TRAILING reason=NO_STATIC_PATH
1787304496.638 [STATIC_OT] state=TRAILING path_exists=0 path_locked=0 path_ttl_ok=0 path_safe=0 on_spline=0 speed=-0.00 raw_wpnts=0 raw_age=-s decision=TRAILING reason=NO_STATIC_PATH
1787304496.821 [OBSTACLES] cur_s=12.07 cur_d=-0.17 vs=0.00 n=1 [id=24 static=1 gap=4.62m d=-0.15 size=0.47]
1787304496.923 [STATIC_OT] state=TRAILING path_exists=0 path_locked=0 path_ttl_ok=0 path_safe=0 on_spline=0 speed=-0.00 raw_wpnts=0 raw_age=-s decision=TRAILING reason=NO_STATIC_PATH
1787304497.162 [STATIC_OT] state=TRAILING path_exists=0 path_locked=0 path_ttl_ok=0 path_safe=0 on_spline=0 speed=-0.00 raw_wpnts=0 raw_age=-s decision=TRAILING reason=NO_STATIC_PATH
1787304497.350 [OBSTACLES] cur_s=12.06 cur_d=-0.18 vs=0.00 n=1 [id=24 static=1 gap=4.63m d=-0.15 size=0.46]
1787304497.425 [STATIC_OT] state=TRAILING path_exists=0 path_locked=0 path_ttl_ok=0 path_safe=0 on_spline=0 speed=-0.00 raw_wpnts=0 raw_age=-s decision=TRAILING reason=NO_STATIC_PATH
1787304497.653 [STATIC_OT] state=TRAILING path_exists=0 path_locked=0 path_ttl_ok=0 path_safe=0 on_spline=0 speed=0.00 raw_wpnts=0 raw_age=-s decision=TRAILING reason=NO_STATIC_PATH
1787304497.888 [OBSTACLES] cur_s=12.07 cur_d=-0.18 vs=0.00 n=1 [id=24 static=1 gap=4.62m d=-0.15 size=0.47]
1787304497.892 [STATIC_OT] state=TRAILING path_exists=0 path_locked=0 path_ttl_ok=0 path_safe=0 on_spline=0 speed=0.00 raw_wpnts=0 raw_age=-s decision=TRAILING reason=NO_STATIC_PATH
1787304498.114 [STATIC_OT] state=TRAILING path_exists=0 path_locked=0 path_ttl_ok=0 path_safe=0 on_spline=0 speed=-0.00 raw_wpnts=0 raw_age=-s decision=TRAILING reason=NO_STATIC_PATH
1787304498.369 [STATIC_OT] state=TRAILING path_exists=0 path_locked=0 path_ttl_ok=0 path_safe=0 on_spline=0 speed=-0.00 raw_wpnts=0 raw_age=-s decision=TRAILING reason=NO_STATIC_PATH
1787304498.422 [OBSTACLES] cur_s=12.01 cur_d=-0.19 vs=-0.00 n=1 [id=24 static=1 gap=4.69m d=-0.15 size=0.45]
1787304498.590 [STATIC_OT] state=TRAILING path_exists=0 path_locked=0 path_ttl_ok=0 path_safe=0 on_spline=0 speed=-0.00 raw_wpnts=0 raw_age=-s decision=TRAILING reason=NO_STATIC_PATH
1787304498.829 [STATIC_OT] state=TRAILING path_exists=0 path_locked=0 path_ttl_ok=0 path_safe=0 on_spline=0 speed=-0.00 raw_wpnts=0 raw_age=-s decision=TRAILING reason=NO_STATIC_PATH
1787304498.949 [OBSTACLES] cur_s=11.98 cur_d=-0.21 vs=-0.00 n=1 [id=24 static=1 gap=4.66m d=-0.15 size=0.56]
1787304499.080 [STATIC_OT] state=TRAILING path_exists=0 path_locked=0 path_ttl_ok=0 path_safe=0 on_spline=0 speed=-0.01 raw_wpnts=0 raw_age=-s decision=TRAILING reason=NO_STATIC_PATH
1787304499.288 [STATIC_OT] state=TRAILING path_exists=0 path_locked=0 path_ttl_ok=0 path_safe=0 on_spline=0 speed=0.00 raw_wpnts=0 raw_age=-s decision=TRAILING reason=NO_STATIC_PATH
1787304499.452 [OBSTACLES] cur_s=12.07 cur_d=-0.17 vs=0.00 n=1 [id=24 static=1 gap=4.62m d=-0.15 size=0.47]
1787304499.490 [STATIC_OT] state=TRAILING path_exists=0 path_locked=0 path_ttl_ok=0 path_safe=0 on_spline=0 speed=-0.00 raw_wpnts=0 raw_age=-s decision=TRAILING reason=NO_STATIC_PATH
1787304499.734 [STATIC_OT] state=TRAILING path_exists=0 path_locked=0 path_ttl_ok=0 path_safe=0 on_spline=0 speed=0.01 raw_wpnts=0 raw_age=-s decision=TRAILING reason=NO_STATIC_PATH
1787304499.965 [OBSTACLES] cur_s=12.07 cur_d=-0.18 vs=0.01 n=1 [id=24 static=1 gap=4.61m d=-0.15 size=0.48]
1787304499.972 [STATIC_OT] state=TRAILING path_exists=0 path_locked=0 path_ttl_ok=0 path_safe=0 on_spline=0 speed=0.01 raw_wpnts=0 raw_age=-s decision=TRAILING reason=NO_STATIC_PATH
1787304500.192 [STATIC_OT] state=TRAILING path_exists=0 path_locked=0 path_ttl_ok=0 path_safe=0 on_spline=0 speed=0.00 raw_wpnts=0 raw_age=-s decision=TRAILING reason=NO_STATIC_PATH
1787304500.418 [STATIC_OT] state=TRAILING path_exists=0 path_locked=0 path_ttl_ok=0 path_safe=0 on_spline=0 speed=0.00 raw_wpnts=0 raw_age=-s decision=TRAILING reason=NO_STATIC_PATH
1787304500.493 [OBSTACLES] cur_s=12.05 cur_d=-0.19 vs=0.00 n=1 [id=24 static=1 gap=4.64m d=-0.15 size=0.47]
1787304500.701 [STATIC_OT] state=TRAILING path_exists=0 path_locked=0 path_ttl_ok=0 path_safe=0 on_spline=0 speed=-0.00 raw_wpnts=0 raw_age=-s decision=TRAILING reason=NO_STATIC_PATH
1787304500.930 [STATIC_OT] state=TRAILING path_exists=0 path_locked=0 path_ttl_ok=0 path_safe=0 on_spline=0 speed=-0.00 raw_wpnts=0 raw_age=-s decision=TRAILING reason=NO_STATIC_PATH
1787304501.021 [OBSTACLES] cur_s=12.06 cur_d=-0.18 vs=0.00 n=1 [id=24 static=1 gap=4.65m d=-0.15 size=0.42]
1787304501.137 [STATIC_OT] state=TRAILING path_exists=0 path_locked=0 path_ttl_ok=0 path_safe=0 on_spline=0 speed=-0.00 raw_wpnts=0 raw_age=-s decision=TRAILING reason=NO_STATIC_PATH
1787304501.378 [STATIC_OT] state=TRAILING path_exists=0 path_locked=0 path_ttl_ok=0 path_safe=0 on_spline=0 speed=-0.00 raw_wpnts=0 raw_age=-s decision=TRAILING reason=NO_STATIC_PATH
1787304501.553 [OBSTACLES] cur_s=12.07 cur_d=-0.16 vs=-0.00 n=1 [id=24 static=1 gap=4.61m d=-0.15 size=0.47]
1787304501.598 [STATIC_OT] state=TRAILING path_exists=0 path_locked=0 path_ttl_ok=0 path_safe=0 on_spline=0 speed=-0.00 raw_wpnts=0 raw_age=-s decision=TRAILING reason=NO_STATIC_PATH
1787304501.807 [STATIC_OT] state=TRAILING path_exists=0 path_locked=0 path_ttl_ok=0 path_safe=0 on_spline=0 speed=-0.00 raw_wpnts=0 raw_age=-s decision=TRAILING reason=NO_STATIC_PATH
1787304502.015 [STATIC_OT] state=TRAILING path_exists=0 path_locked=0 path_ttl_ok=0 path_safe=0 on_spline=0 speed=0.00 raw_wpnts=0 raw_age=-s decision=TRAILING reason=NO_STATIC_PATH
1787304502.054 [OBSTACLES] cur_s=12.08 cur_d=-0.17 vs=-0.00 n=1 [id=24 static=1 gap=4.60m d=-0.15 size=0.50]
1787304502.249 [STATIC_OT] state=TRAILING path_exists=0 path_locked=0 path_ttl_ok=0 path_safe=0 on_spline=0 speed=-0.00 raw_wpnts=0 raw_age=-s decision=TRAILING reason=NO_STATIC_PATH
1787304502.454 [STATIC_OT] state=TRAILING path_exists=0 path_locked=0 path_ttl_ok=0 path_safe=0 on_spline=0 speed=0.00 raw_wpnts=0 raw_age=-s decision=TRAILING reason=NO_STATIC_PATH
1787304502.567 [OBSTACLES] cur_s=12.07 cur_d=-0.18 vs=0.00 n=1 [id=24 static=1 gap=4.62m d=-0.15 size=0.47]
1787304502.680 [STATIC_OT] state=TRAILING path_exists=0 path_locked=0 path_ttl_ok=0 path_safe=0 on_spline=0 speed=0.00 raw_wpnts=0 raw_age=-s decision=TRAILING reason=NO_STATIC_PATH
1787304502.896 [STATIC_OT] state=TRAILING path_exists=0 path_locked=0 path_ttl_ok=0 path_safe=0 on_spline=0 speed=-0.00 raw_wpnts=0 raw_age=-s decision=TRAILING reason=NO_STATIC_PATH
1787304503.076 [OBSTACLES] cur_s=12.08 cur_d=-0.17 vs=0.00 n=1 [id=24 static=1 gap=4.61m d=-0.15 size=0.47]
1787304503.212 [STATIC_OT] state=TRAILING path_exists=0 path_locked=0 path_ttl_ok=0 path_safe=0 on_spline=0 speed=0.00 raw_wpnts=0 raw_age=-s decision=TRAILING reason=NO_STATIC_PATH
1787304503.420 [STATIC_OT] state=TRAILING path_exists=0 path_locked=0 path_ttl_ok=0 path_safe=0 on_spline=0 speed=0.00 raw_wpnts=0 raw_age=-s decision=TRAILING reason=NO_STATIC_PATH
1787304503.668 [OBSTACLES] cur_s=12.07 cur_d=-0.16 vs=-0.00 n=1 [id=24 static=1 gap=4.61m d=-0.15 size=0.48]
1787304503.674 [STATIC_OT] state=TRAILING path_exists=0 path_locked=0 path_ttl_ok=0 path_safe=0 on_spline=0 speed=-0.00 raw_wpnts=0 raw_age=-s decision=TRAILING reason=NO_STATIC_PATH
1787304503.880 [STATIC_OT] state=TRAILING path_exists=0 path_locked=0 path_ttl_ok=0 path_safe=0 on_spline=0 speed=0.00 raw_wpnts=0 raw_age=-s decision=TRAILING reason=NO_STATIC_PATH
1787304504.084 [STATIC_OT] state=TRAILING path_exists=0 path_locked=0 path_ttl_ok=0 path_safe=0 on_spline=0 speed=0.00 raw_wpnts=0 raw_age=-s decision=TRAILING reason=NO_STATIC_PATH
1787304504.172 [OBSTACLES] cur_s=12.08 cur_d=-0.17 vs=0.00 n=1 [id=24 static=1 gap=4.61m d=-0.15 size=0.45]
1787304504.301 [STATIC_OT] state=TRAILING path_exists=0 path_locked=0 path_ttl_ok=0 path_safe=0 on_spline=0 speed=0.00 raw_wpnts=0 raw_age=-s decision=TRAILING reason=NO_STATIC_PATH
1787304504.526 [STATIC_OT] state=TRAILING path_exists=0 path_locked=0 path_ttl_ok=0 path_safe=0 on_spline=0 speed=-0.00 raw_wpnts=0 raw_age=-s decision=TRAILING reason=NO_STATIC_PATH
1787304504.712 [OBSTACLES] cur_s=12.07 cur_d=-0.17 vs=0.00 n=1 [id=24 static=1 gap=4.64m d=-0.15 size=0.42]
1787304504.730 [STATIC_OT] state=TRAILING path_exists=0 path_locked=0 path_ttl_ok=0 path_safe=0 on_spline=0 speed=0.00 raw_wpnts=0 raw_age=-s decision=TRAILING reason=NO_STATIC_PATH
1787304504.959 [STATIC_OT] state=TRAILING path_exists=0 path_locked=0 path_ttl_ok=0 path_safe=0 on_spline=0 speed=-0.00 raw_wpnts=0 raw_age=-s decision=TRAILING reason=NO_STATIC_PATH
1787304505.193 [STATIC_OT] state=TRAILING path_exists=0 path_locked=0 path_ttl_ok=0 path_safe=0 on_spline=0 speed=0.00 raw_wpnts=0 raw_age=-s decision=TRAILING reason=NO_STATIC_PATH
1787304505.249 [OBSTACLES] cur_s=12.09 cur_d=-0.16 vs=-0.00 n=1 [id=24 static=1 gap=4.60m d=-0.15 size=0.47]
1787304505.418 [STATIC_OT] state=TRAILING path_exists=0 path_locked=0 path_ttl_ok=0 path_safe=0 on_spline=0 speed=0.00 raw_wpnts=0 raw_age=-s decision=TRAILING reason=NO_STATIC_PATH
1787304505.619 [STATIC_OT] state=TRAILING path_exists=0 path_locked=0 path_ttl_ok=0 path_safe=0 on_spline=0 speed=0.00 raw_wpnts=0 raw_age=-s decision=TRAILING reason=NO_STATIC_PATH
1787304505.776 [OBSTACLES] cur_s=12.08 cur_d=-0.17 vs=-0.00 n=1 [id=24 static=1 gap=4.63m d=-0.15 size=0.42]
1787304505.854 [STATIC_OT] state=TRAILING path_exists=0 path_locked=0 path_ttl_ok=0 path_safe=0 on_spline=0 speed=0.00 raw_wpnts=0 raw_age=-s decision=TRAILING reason=NO_STATIC_PATH
1787304506.214 [STATIC_OT] state=TRAILING path_exists=0 path_locked=0 path_ttl_ok=0 path_safe=0 on_spline=0 speed=0.00 raw_wpnts=0 raw_age=-s decision=TRAILING reason=NO_STATIC_PATH
1787304506.311 [OBSTACLES] cur_s=12.07 cur_d=-0.18 vs=0.00 n=1 [id=24 static=1 gap=4.62m d=-0.15 size=0.46]
1787304506.429 [STATIC_OT] state=TRAILING path_exists=0 path_locked=0 path_ttl_ok=0 path_safe=0 on_spline=0 speed=-0.00 raw_wpnts=0 raw_age=-s decision=TRAILING reason=NO_STATIC_PATH
1787304506.642 [STATIC_OT] state=TRAILING path_exists=0 path_locked=0 path_ttl_ok=0 path_safe=0 on_spline=0 speed=-0.00 raw_wpnts=0 raw_age=-s decision=TRAILING reason=NO_STATIC_PATH
1787304506.835 [OBSTACLES] cur_s=12.07 cur_d=-0.16 vs=-0.01 n=1 [id=24 static=1 gap=4.64m d=-0.15 size=0.43]
1787304506.852 [STATIC_OT] state=TRAILING path_exists=0 path_locked=0 path_ttl_ok=0 path_safe=0 on_spline=0 speed=-0.01 raw_wpnts=0 raw_age=-s decision=TRAILING reason=NO_STATIC_PATH
1787304507.074 [STATIC_OT] state=TRAILING path_exists=0 path_locked=0 path_ttl_ok=0 path_safe=0 on_spline=0 speed=0.00 raw_wpnts=0 raw_age=-s decision=TRAILING reason=NO_STATIC_PATH
1787304507.315 [STATIC_OT] state=TRAILING path_exists=0 path_locked=0 path_ttl_ok=0 path_safe=0 on_spline=0 speed=0.00 raw_wpnts=0 raw_age=-s decision=TRAILING reason=NO_STATIC_PATH
1787304507.357 [OBSTACLES] cur_s=12.06 cur_d=-0.18 vs=0.00 n=1 [id=24 static=1 gap=4.62m d=-0.15 size=0.48]
1787304507.543 [STATIC_OT] state=TRAILING path_exists=0 path_locked=0 path_ttl_ok=0 path_safe=0 on_spline=0 speed=0.00 raw_wpnts=0 raw_age=-s decision=TRAILING reason=NO_STATIC_PATH
1787304507.759 [STATIC_OT] state=TRAILING path_exists=0 path_locked=0 path_ttl_ok=0 path_safe=0 on_spline=0 speed=0.00 raw_wpnts=0 raw_age=-s decision=TRAILING reason=NO_STATIC_PATH
1787304507.874 [OBSTACLES] cur_s=12.08 cur_d=-0.17 vs=0.00 n=1 [id=24 static=1 gap=4.61m d=-0.15 size=0.47]
1787304507.992 [STATIC_OT] state=TRAILING path_exists=0 path_locked=0 path_ttl_ok=0 path_safe=0 on_spline=0 speed=0.00 raw_wpnts=0 raw_age=-s decision=TRAILING reason=NO_STATIC_PATH
1787304508.241 [STATIC_OT] state=TRAILING path_exists=0 path_locked=0 path_ttl_ok=0 path_safe=0 on_spline=0 speed=0.00 raw_wpnts=0 raw_age=-s decision=TRAILING reason=NO_STATIC_PATH
1787304508.380 [OBSTACLES] cur_s=12.07 cur_d=-0.17 vs=0.00 n=1 [id=24 static=1 gap=4.62m d=-0.15 size=0.47]
1787304508.456 [STATIC_OT] state=TRAILING path_exists=0 path_locked=0 path_ttl_ok=0 path_safe=0 on_spline=0 speed=0.00 raw_wpnts=0 raw_age=-s decision=TRAILING reason=NO_STATIC_PATH
1787304508.704 [STATIC_OT] state=TRAILING path_exists=0 path_locked=0 path_ttl_ok=0 path_safe=0 on_spline=0 speed=-0.00 raw_wpnts=0 raw_age=-s decision=TRAILING reason=NO_STATIC_PATH
1787304508.950 [OBSTACLES] cur_s=12.07 cur_d=-0.17 vs=-0.00 n=1 [id=24 static=1 gap=4.62m d=-0.15 size=0.47]
1787304508.953 [STATIC_OT] state=TRAILING path_exists=0 path_locked=0 path_ttl_ok=0 path_safe=0 on_spline=0 speed=-0.00 raw_wpnts=0 raw_age=-s decision=TRAILING reason=NO_STATIC_PATH
1787304509.172 [STATIC_OT] state=TRAILING path_exists=0 path_locked=0 path_ttl_ok=0 path_safe=0 on_spline=0 speed=-0.00 raw_wpnts=0 raw_age=-s decision=TRAILING reason=NO_STATIC_PATH
1787304509.372 [STATIC_OT] state=TRAILING path_exists=0 path_locked=0 path_ttl_ok=0 path_safe=0 on_spline=0 speed=-0.00 raw_wpnts=0 raw_age=-s decision=TRAILING reason=NO_STATIC_PATH
1787304509.482 [OBSTACLES] cur_s=12.08 cur_d=-0.17 vs=0.00 n=1 [id=24 static=1 gap=4.61m d=-0.15 size=0.47]
1787304509.593 [STATIC_OT] state=TRAILING path_exists=0 path_locked=0 path_ttl_ok=0 path_safe=0 on_spline=0 speed=-0.00 raw_wpnts=0 raw_age=-s decision=TRAILING reason=NO_STATIC_PATH
1787304509.794 [STATIC_OT] state=TRAILING path_exists=0 path_locked=0 path_ttl_ok=0 path_safe=0 on_spline=0 speed=0.00 raw_wpnts=0 raw_age=-s decision=TRAILING reason=NO_STATIC_PATH
1787304510.015 [OBSTACLES] cur_s=12.08 cur_d=-0.17 vs=0.00 n=1 [id=24 static=1 gap=4.62m d=-0.15 size=0.45]
1787304510.028 [STATIC_OT] state=TRAILING path_exists=0 path_locked=0 path_ttl_ok=0 path_safe=0 on_spline=0 speed=0.00 raw_wpnts=0 raw_age=-s decision=TRAILING reason=NO_STATIC_PATH
1787304510.237 [STATIC_OT] state=TRAILING path_exists=0 path_locked=0 path_ttl_ok=0 path_safe=0 on_spline=0 speed=-0.00 raw_wpnts=0 raw_age=-s decision=TRAILING reason=NO_STATIC_PATH
1787304510.455 [STATIC_OT] state=TRAILING path_exists=0 path_locked=0 path_ttl_ok=0 path_safe=0 on_spline=0 speed=-0.00 raw_wpnts=0 raw_age=-s decision=TRAILING reason=NO_STATIC_PATH
1787304510.523 [OBSTACLES] cur_s=12.07 cur_d=-0.17 vs=-0.00 n=1 [id=24 static=1 gap=4.63m d=-0.15 size=0.44]
1787304510.675 [STATIC_OT] state=TRAILING path_exists=0 path_locked=0 path_ttl_ok=0 path_safe=0 on_spline=0 speed=0.00 raw_wpnts=0 raw_age=-s decision=TRAILING reason=NO_STATIC_PATH
1787304510.941 [STATIC_OT] state=TRAILING path_exists=0 path_locked=0 path_ttl_ok=0 path_safe=0 on_spline=0 speed=0.00 raw_wpnts=0 raw_age=-s decision=TRAILING reason=NO_STATIC_PATH
1787304511.053 [OBSTACLES] cur_s=12.08 cur_d=-0.16 vs=-0.00 n=1 [id=24 static=1 gap=4.61m d=-0.15 size=0.46]
1787304511.170 [STATIC_OT] state=TRAILING path_exists=0 path_locked=0 path_ttl_ok=0 path_safe=0 on_spline=0 speed=-0.00 raw_wpnts=0 raw_age=-s decision=TRAILING reason=NO_STATIC_PATH
1787304511.372 [STATIC_OT] state=TRAILING path_exists=0 path_locked=0 path_ttl_ok=0 path_safe=0 on_spline=0 speed=0.00 raw_wpnts=0 raw_age=-s decision=TRAILING reason=NO_STATIC_PATH
1787304511.591 [OBSTACLES] cur_s=12.08 cur_d=-0.18 vs=0.00 n=1 [id=24 static=1 gap=4.60m d=-0.15 size=0.48]
1787304511.593 [STATIC_OT] state=TRAILING path_exists=0 path_locked=0 path_ttl_ok=0 path_safe=0 on_spline=0 speed=0.00 raw_wpnts=0 raw_age=-s decision=TRAILING reason=NO_STATIC_PATH
1787304511.822 [STATIC_OT] state=TRAILING path_exists=0 path_locked=0 path_ttl_ok=0 path_safe=0 on_spline=0 speed=0.00 raw_wpnts=0 raw_age=-s decision=TRAILING reason=NO_STATIC_PATH
1787304512.036 [STATIC_OT] state=TRAILING path_exists=0 path_locked=0 path_ttl_ok=0 path_safe=0 on_spline=0 speed=-0.00 raw_wpnts=0 raw_age=-s decision=TRAILING reason=NO_STATIC_PATH
1787304512.108 [OBSTACLES] cur_s=12.09 cur_d=-0.17 vs=0.00 n=1 [id=24 static=1 gap=4.61m d=-0.15 size=0.45]
1787304512.262 [STATIC_OT] state=TRAILING path_exists=0 path_locked=0 path_ttl_ok=0 path_safe=0 on_spline=0 speed=-0.00 raw_wpnts=0 raw_age=-s decision=TRAILING reason=NO_STATIC_PATH
1787304512.473 [STATIC_OT] state=TRAILING path_exists=0 path_locked=0 path_ttl_ok=0 path_safe=0 on_spline=0 speed=-0.00 raw_wpnts=0 raw_age=-s decision=TRAILING reason=NO_STATIC_PATH
1787304512.624 [OBSTACLES] cur_s=12.08 cur_d=-0.17 vs=-0.00 n=1 [id=24 static=1 gap=4.61m d=-0.15 size=0.47]
1787304512.701 [STATIC_OT] state=TRAILING path_exists=0 path_locked=0 path_ttl_ok=0 path_safe=0 on_spline=0 speed=0.00 raw_wpnts=0 raw_age=-s decision=TRAILING reason=NO_STATIC_PATH
1787304512.946 [STATIC_OT] state=TRAILING path_exists=0 path_locked=0 path_ttl_ok=0 path_safe=0 on_spline=0 speed=-0.00 raw_wpnts=0 raw_age=-s decision=TRAILING reason=NO_STATIC_PATH
1787304513.221 [OBSTACLES] cur_s=12.08 cur_d=-0.17 vs=0.00 n=1 [id=24 static=1 gap=4.61m d=-0.15 size=0.47]
1787304513.225 [STATIC_OT] state=TRAILING path_exists=0 path_locked=0 path_ttl_ok=0 path_safe=0 on_spline=0 speed=0.00 raw_wpnts=0 raw_age=-s decision=TRAILING reason=NO_STATIC_PATH
1787304513.428 [STATIC_OT] state=TRAILING path_exists=0 path_locked=0 path_ttl_ok=0 path_safe=0 on_spline=0 speed=-0.00 raw_wpnts=0 raw_age=-s decision=TRAILING reason=NO_STATIC_PATH
1787304513.666 [STATIC_OT] state=TRAILING path_exists=0 path_locked=0 path_ttl_ok=0 path_safe=0 on_spline=0 speed=-0.00 raw_wpnts=0 raw_age=-s decision=TRAILING reason=NO_STATIC_PATH
1787304513.754 [OBSTACLES] cur_s=12.07 cur_d=-0.17 vs=-0.00 n=1 [id=24 static=1 gap=4.63m d=-0.15 size=0.46]
1787304513.882 [STATIC_OT] state=TRAILING path_exists=0 path_locked=0 path_ttl_ok=0 path_safe=0 on_spline=0 speed=-0.00 raw_wpnts=0 raw_age=-s decision=TRAILING reason=NO_STATIC_PATH
1787304514.105 [STATIC_OT] state=TRAILING path_exists=0 path_locked=0 path_ttl_ok=0 path_safe=0 on_spline=0 speed=-0.00 raw_wpnts=0 raw_age=-s decision=TRAILING reason=NO_STATIC_PATH
1787304514.289 [OBSTACLES] cur_s=12.07 cur_d=-0.17 vs=-0.00 n=1 [id=24 static=1 gap=4.62m d=-0.15 size=0.47]
1787304514.382 [STATIC_OT] state=TRAILING path_exists=0 path_locked=0 path_ttl_ok=0 path_safe=0 on_spline=0 speed=0.00 raw_wpnts=0 raw_age=-s decision=TRAILING reason=NO_STATIC_PATH
1787304514.586 [STATIC_OT] state=TRAILING path_exists=0 path_locked=0 path_ttl_ok=0 path_safe=0 on_spline=0 speed=-0.00 raw_wpnts=0 raw_age=-s decision=TRAILING reason=NO_STATIC_PATH
1787304514.811 [OBSTACLES] cur_s=12.08 cur_d=-0.16 vs=-0.00 n=1 [id=24 static=1 gap=4.61m d=-0.15 size=0.46]
1787304514.813 [STATIC_OT] state=TRAILING path_exists=0 path_locked=0 path_ttl_ok=0 path_safe=0 on_spline=0 speed=-0.00 raw_wpnts=0 raw_age=-s decision=TRAILING reason=NO_STATIC_PATH
1787304515.038 [STATIC_OT] state=TRAILING path_exists=0 path_locked=0 path_ttl_ok=0 path_safe=0 on_spline=0 speed=-0.00 raw_wpnts=0 raw_age=-s decision=TRAILING reason=NO_STATIC_PATH
1787304515.253 [STATIC_OT] state=TRAILING path_exists=0 path_locked=0 path_ttl_ok=0 path_safe=0 on_spline=0 speed=-0.00 raw_wpnts=0 raw_age=-s decision=TRAILING reason=NO_STATIC_PATH
1787304515.318 [OBSTACLES] cur_s=12.05 cur_d=-0.17 vs=-0.00 n=1 [id=24 static=1 gap=4.64m d=-0.15 size=0.46]
1787304515.510 [STATIC_OT] state=TRAILING path_exists=0 path_locked=0 path_ttl_ok=0 path_safe=0 on_spline=0 speed=-0.00 raw_wpnts=0 raw_age=-s decision=TRAILING reason=NO_STATIC_PATH
1787304515.751 [STATIC_OT] state=TRAILING path_exists=0 path_locked=0 path_ttl_ok=0 path_safe=0 on_spline=0 speed=-0.00 raw_wpnts=0 raw_age=-s decision=TRAILING reason=NO_STATIC_PATH
1787304515.854 [OBSTACLES] cur_s=12.08 cur_d=-0.16 vs=-0.00 n=1 [id=24 static=1 gap=4.61m d=-0.15 size=0.46]
1787304515.974 [STATIC_OT] state=TRAILING path_exists=0 path_locked=0 path_ttl_ok=0 path_safe=0 on_spline=0 speed=0.00 raw_wpnts=0 raw_age=-s decision=TRAILING reason=NO_STATIC_PATH
1787304516.203 [STATIC_OT] state=TRAILING path_exists=0 path_locked=0 path_ttl_ok=0 path_safe=0 on_spline=0 speed=0.00 raw_wpnts=0 raw_age=-s decision=TRAILING reason=NO_STATIC_PATH
1787304516.401 [OBSTACLES] cur_s=12.08 cur_d=-0.17 vs=0.00 n=1 [id=24 static=1 gap=4.62m d=-0.15 size=0.45]
1787304516.407 [STATIC_OT] state=TRAILING path_exists=0 path_locked=0 path_ttl_ok=0 path_safe=0 on_spline=0 speed=0.00 raw_wpnts=0 raw_age=-s decision=TRAILING reason=NO_STATIC_PATH
1787304516.644 [STATIC_OT] state=TRAILING path_exists=0 path_locked=0 path_ttl_ok=0 path_safe=0 on_spline=0 speed=-0.00 raw_wpnts=0 raw_age=-s decision=TRAILING reason=NO_STATIC_PATH
1787304516.869 [STATIC_OT] state=TRAILING path_exists=0 path_locked=0 path_ttl_ok=0 path_safe=0 on_spline=0 speed=-0.00 raw_wpnts=0 raw_age=-s decision=TRAILING reason=NO_STATIC_PATH
1787304516.943 [OBSTACLES] cur_s=12.07 cur_d=-0.17 vs=-0.00 n=1 [id=24 static=1 gap=4.60m d=-0.15 size=0.51]
1787304517.099 [STATIC_OT] state=TRAILING path_exists=0 path_locked=0 path_ttl_ok=0 path_safe=0 on_spline=0 speed=0.00 raw_wpnts=0 raw_age=-s decision=TRAILING reason=NO_STATIC_PATH
1787304517.315 [STATIC_OT] state=TRAILING path_exists=0 path_locked=0 path_ttl_ok=0 path_safe=0 on_spline=0 speed=-0.00 raw_wpnts=0 raw_age=-s decision=TRAILING reason=NO_STATIC_PATH
1787304517.465 [OBSTACLES] cur_s=12.09 cur_d=-0.17 vs=0.00 n=1 [id=24 static=1 gap=4.59m d=-0.15 size=0.49]
1787304517.726 [STATIC_OT] state=TRAILING path_exists=0 path_locked=0 path_ttl_ok=0 path_safe=0 on_spline=0 speed=0.01 raw_wpnts=0 raw_age=-s decision=TRAILING reason=NO_STATIC_PATH
1787304517.943 [STATIC_OT] state=TRAILING path_exists=0 path_locked=0 path_ttl_ok=0 path_safe=0 on_spline=0 speed=-0.00 raw_wpnts=0 raw_age=-s decision=TRAILING reason=NO_STATIC_PATH
1787304517.983 [OBSTACLES] cur_s=12.09 cur_d=-0.16 vs=-0.00 n=1 [id=24 static=1 gap=4.60m d=-0.15 size=0.47]
1787304518.159 [STATIC_OT] state=TRAILING path_exists=0 path_locked=0 path_ttl_ok=0 path_safe=0 on_spline=0 speed=0.00 raw_wpnts=0 raw_age=-s decision=TRAILING reason=NO_STATIC_PATH
1787304518.390 [STATIC_OT] state=TRAILING path_exists=0 path_locked=0 path_ttl_ok=0 path_safe=0 on_spline=0 speed=0.00 raw_wpnts=0 raw_age=-s decision=TRAILING reason=NO_STATIC_PATH
1787304518.503 [OBSTACLES] cur_s=12.08 cur_d=-0.17 vs=0.00 n=1 [id=24 static=1 gap=4.62m d=-0.15 size=0.46]
1787304518.631 [STATIC_OT] state=TRAILING path_exists=0 path_locked=0 path_ttl_ok=0 path_safe=0 on_spline=0 speed=-0.00 raw_wpnts=0 raw_age=-s decision=TRAILING reason=NO_STATIC_PATH
1787304518.887 [STATIC_OT] state=TRAILING path_exists=0 path_locked=0 path_ttl_ok=0 path_safe=0 on_spline=0 speed=-0.00 raw_wpnts=0 raw_age=-s decision=TRAILING reason=NO_STATIC_PATH
1787304519.009 [OBSTACLES] cur_s=12.07 cur_d=-0.16 vs=-0.00 n=1 [id=24 static=1 gap=4.60m d=-0.15 size=0.49]
1787304519.096 [STATIC_OT] state=TRAILING path_exists=0 path_locked=0 path_ttl_ok=0 path_safe=0 on_spline=0 speed=-0.00 raw_wpnts=0 raw_age=-s decision=TRAILING reason=NO_STATIC_PATH
1787304519.375 [STATIC_OT] state=TRAILING path_exists=0 path_locked=0 path_ttl_ok=0 path_safe=0 on_spline=0 speed=0.00 raw_wpnts=0 raw_age=-s decision=TRAILING reason=NO_STATIC_PATH
1787304519.567 [OBSTACLES] cur_s=12.07 cur_d=-0.17 vs=-0.00 n=1 [id=24 static=1 gap=4.62m d=-0.15 size=0.47]
1787304519.643 [STATIC_OT] state=TRAILING path_exists=0 path_locked=0 path_ttl_ok=0 path_safe=0 on_spline=0 speed=-0.00 raw_wpnts=0 raw_age=-s decision=TRAILING reason=NO_STATIC_PATH
1787304519.891 [STATIC_OT] state=TRAILING path_exists=0 path_locked=0 path_ttl_ok=0 path_safe=0 on_spline=0 speed=-0.00 raw_wpnts=0 raw_age=-s decision=TRAILING reason=NO_STATIC_PATH
1787304520.079 [OBSTACLES] cur_s=12.16 cur_d=-0.12 vs=-0.00 n=2 [id=25 static=0 gap=4.13m d=-0.10 size=0.21; id=24 static=1 gap=4.59m d=-0.15 size=0.35]
1787304520.105 [STATIC_OT] state=TRAILING path_exists=0 path_locked=0 path_ttl_ok=0 path_safe=0 on_spline=0 speed=-0.00 raw_wpnts=0 raw_age=-s decision=TRAILING reason=NO_STATIC_PATH
1787304520.321 [STATIC_OT] state=TRAILING path_exists=0 path_locked=0 path_ttl_ok=0 path_safe=0 on_spline=0 speed=-0.00 raw_wpnts=0 raw_age=-s decision=TRAILING reason=NO_STATIC_PATH
1787304520.738 [OBSTACLES] cur_s=12.14 cur_d=-0.13 vs=-0.00 n=3 [id=25 static=0 gap=4.68m d=-0.21 size=0.29; id=24 static=1 gap=4.62m d=-0.15 size=0.34; id=26 static=1 gap=3.51m d=-0.11 size=0.31]
1787304520.744 [STATIC_OT] state=TRAILING path_exists=0 path_locked=0 path_ttl_ok=0 path_safe=0 on_spline=0 speed=-0.00 raw_wpnts=0 raw_age=-s decision=TRAILING reason=NO_STATIC_PATH
1787304520.977 [STATIC_OT] state=TRAILING path_exists=0 path_locked=0 path_ttl_ok=0 path_safe=0 on_spline=0 speed=-0.00 raw_wpnts=0 raw_age=-s decision=TRAILING reason=NO_STATIC_PATH
1787304521.188 [STATIC_OT] state=TRAILING path_exists=0 path_locked=0 path_ttl_ok=0 path_safe=0 on_spline=0 speed=-0.00 raw_wpnts=0 raw_age=-s decision=TRAILING reason=NO_STATIC_PATH
1787304521.305 [OBSTACLES] cur_s=12.14 cur_d=-0.12 vs=-0.01 n=4 [id=25 static=1 gap=4.51m d=-0.17 size=0.57; id=24 static=1 gap=4.62m d=-0.15 size=0.34; id=26 static=1 gap=3.52m d=-0.06 size=0.18; id=28 static=1 gap=2.87m d=0.10 size=0.28]
1787304521.434 [STATIC_OT] state=TRAILING path_exists=0 path_locked=0 path_ttl_ok=0 path_safe=0 on_spline=0 speed=-0.06 raw_wpnts=0 raw_age=-s decision=TRAILING reason=NO_STATIC_PATH
1787304521.670 [STATIC_OT] state=TRAILING path_exists=0 path_locked=0 path_ttl_ok=0 path_safe=0 on_spline=0 speed=-0.03 raw_wpnts=0 raw_age=-s decision=TRAILING reason=NO_STATIC_PATH
1787304521.841 [OBSTACLES] cur_s=11.95 cur_d=-0.14 vs=-0.02 n=4 [id=25 static=1 gap=4.61m d=-0.24 size=0.55; id=26 static=1 gap=3.71m d=-0.06 size=0.18; id=28 static=1 gap=3.07m d=0.07 size=0.15; id=29 static=1 gap=2.27m d=-0.20 size=0.36]
1787304521.901 [STATIC_OT] state=TRAILING path_exists=0 path_locked=0 path_ttl_ok=0 path_safe=0 on_spline=0 speed=-0.02 raw_wpnts=0 raw_age=-s decision=TRAILING reason=NO_STATIC_PATH
1787304522.130 [STATIC_OT] state=TRAILING path_exists=0 path_locked=0 path_ttl_ok=0 path_safe=0 on_spline=0 speed=-0.03 raw_wpnts=0 raw_age=-s decision=TRAILING reason=NO_STATIC_PATH
1787304522.340 [STATIC_OT] state=TRAILING path_exists=0 path_locked=0 path_ttl_ok=0 path_safe=0 on_spline=0 speed=-0.00 raw_wpnts=0 raw_age=-s decision=TRAILING reason=NO_STATIC_PATH
1787304522.397 [OBSTACLES] cur_s=11.99 cur_d=-0.17 vs=0.01 n=4 [id=25 static=1 gap=4.47m d=-0.27 size=0.60; id=28 static=1 gap=3.03m d=0.07 size=0.15; id=29 static=1 gap=2.26m d=-0.17 size=0.16; id=30 static=1 gap=1.62m d=-0.28 size=0.23]
1787304522.543 [STATIC_OT] state=TRAILING path_exists=0 path_locked=0 path_ttl_ok=0 path_safe=0 on_spline=0 speed=0.02 raw_wpnts=0 raw_age=-s decision=TRAILING reason=NO_STATIC_PATH
1787304522.751 [STATIC_OT] state=TRAILING path_exists=0 path_locked=0 path_ttl_ok=0 path_safe=0 on_spline=0 speed=0.02 raw_wpnts=0 raw_age=-s decision=TRAILING reason=NO_STATIC_PATH
1787304522.923 [OBSTACLES] cur_s=12.06 cur_d=-0.20 vs=0.03 n=3 [id=25 static=1 gap=4.48m d=-0.26 size=0.47; id=29 static=1 gap=2.06m d=-0.18 size=0.32; id=30 static=1 gap=1.52m d=-0.32 size=0.28]
1787304522.968 [STATIC_OT] state=TRAILING path_exists=0 path_locked=0 path_ttl_ok=0 path_safe=0 on_spline=0 speed=0.03 raw_wpnts=0 raw_age=-s decision=TRAILING reason=NO_STATIC_PATH
1787304523.201 [STATIC_OT] state=TRAILING path_exists=0 path_locked=0 path_ttl_ok=0 path_safe=0 on_spline=0 speed=0.02 raw_wpnts=0 raw_age=-s decision=TRAILING reason=NO_STATIC_PATH
1787304523.422 [STATIC_OT] state=TRAILING path_exists=0 path_locked=0 path_ttl_ok=0 path_safe=0 on_spline=0 speed=0.02 raw_wpnts=0 raw_age=-s decision=TRAILING reason=NO_STATIC_PATH
1787304523.461 [OBSTACLES] cur_s=12.09 cur_d=-0.17 vs=0.02 n=3 [id=25 static=1 gap=4.49m d=-0.23 size=0.45; id=29 static=1 gap=2.03m d=-0.18 size=0.32; id=30 static=1 gap=1.50m d=-0.33 size=0.23]
1787304523.640 [STATIC_OT] state=TRAILING path_exists=0 path_locked=0 path_ttl_ok=0 path_safe=0 on_spline=0 speed=0.02 raw_wpnts=0 raw_age=-s decision=TRAILING reason=NO_STATIC_PATH
1787304523.853 [STATIC_OT] state=TRAILING path_exists=0 path_locked=0 path_ttl_ok=0 path_safe=0 on_spline=0 speed=0.01 raw_wpnts=0 raw_age=-s decision=TRAILING reason=NO_STATIC_PATH
1787304523.980 [OBSTACLES] cur_s=12.08 cur_d=-0.17 vs=0.01 n=1 [id=25 static=1 gap=4.52m d=-0.22 size=0.46]
1787304524.077 [STATIC_OT] state=TRAILING path_exists=0 path_locked=0 path_ttl_ok=0 path_safe=0 on_spline=0 speed=0.01 raw_wpnts=0 raw_age=-s decision=TRAILING reason=NO_STATIC_PATH
1787304524.326 [STATIC_OT] state=TRAILING path_exists=0 path_locked=0 path_ttl_ok=0 path_safe=0 on_spline=0 speed=0.00 raw_wpnts=0 raw_age=-s decision=TRAILING reason=NO_STATIC_PATH
1787304524.502 [OBSTACLES] cur_s=12.06 cur_d=-0.16 vs=0.00 n=1 [id=25 static=1 gap=4.54m d=-0.21 size=0.47]
1787304524.539 [STATIC_OT] state=TRAILING path_exists=0 path_locked=0 path_ttl_ok=0 path_safe=0 on_spline=0 speed=0.00 raw_wpnts=0 raw_age=-s decision=TRAILING reason=NO_STATIC_PATH
1787304524.759 [STATIC_OT] state=TRAILING path_exists=0 path_locked=0 path_ttl_ok=0 path_safe=0 on_spline=0 speed=0.00 raw_wpnts=0 raw_age=-s decision=TRAILING reason=NO_STATIC_PATH
1787304524.975 [STATIC_OT] state=TRAILING path_exists=0 path_locked=0 path_ttl_ok=0 path_safe=0 on_spline=0 speed=0.00 raw_wpnts=0 raw_age=-s decision=TRAILING reason=NO_STATIC_PATH
1787304525.003 [OBSTACLES] cur_s=12.06 cur_d=-0.17 vs=0.00 n=1 [id=25 static=1 gap=4.56m d=-0.20 size=0.46]
1787304525.194 [STATIC_OT] state=TRAILING path_exists=0 path_locked=0 path_ttl_ok=0 path_safe=0 on_spline=0 speed=-0.01 raw_wpnts=0 raw_age=-s decision=TRAILING reason=NO_STATIC_PATH
1787304525.433 [STATIC_OT] state=TRAILING path_exists=0 path_locked=0 path_ttl_ok=0 path_safe=0 on_spline=0 speed=-0.00 raw_wpnts=0 raw_age=-s decision=TRAILING reason=NO_STATIC_PATH
1787304525.524 [OBSTACLES] cur_s=12.03 cur_d=-0.17 vs=-0.00 n=1 [id=25 static=1 gap=4.56m d=-0.19 size=0.52]
1787304525.663 [STATIC_OT] state=TRAILING path_exists=0 path_locked=0 path_ttl_ok=0 path_safe=0 on_spline=0 speed=0.00 raw_wpnts=0 raw_age=-s decision=TRAILING reason=NO_STATIC_PATH
1787304525.908 [STATIC_OT] state=TRAILING path_exists=0 path_locked=0 path_ttl_ok=0 path_safe=0 on_spline=0 speed=0.00 raw_wpnts=0 raw_age=-s decision=TRAILING reason=NO_STATIC_PATH
1787304526.031 [OBSTACLES] cur_s=12.04 cur_d=-0.17 vs=-0.00 n=1 [id=25 static=1 gap=4.57m d=-0.19 size=0.51]
1787304526.149 [STATIC_OT] state=TRAILING path_exists=0 path_locked=0 path_ttl_ok=0 path_safe=0 on_spline=0 speed=0.00 raw_wpnts=0 raw_age=-s decision=TRAILING reason=NO_STATIC_PATH
1787304526.355 [STATIC_OT] state=TRAILING path_exists=0 path_locked=0 path_ttl_ok=0 path_safe=0 on_spline=0 speed=0.00 raw_wpnts=0 raw_age=-s decision=TRAILING reason=NO_STATIC_PATH
1787304526.556 [OBSTACLES] cur_s=12.08 cur_d=-0.16 vs=0.00 n=1 [id=25 static=1 gap=4.55m d=-0.19 size=0.47]
1787304526.559 [STATIC_OT] state=TRAILING path_exists=0 path_locked=0 path_ttl_ok=0 path_safe=0 on_spline=0 speed=0.00 raw_wpnts=0 raw_age=-s decision=TRAILING reason=NO_STATIC_PATH
1787304526.799 [STATIC_OT] state=TRAILING path_exists=0 path_locked=0 path_ttl_ok=0 path_safe=0 on_spline=0 speed=-0.00 raw_wpnts=0 raw_age=-s decision=TRAILING reason=NO_STATIC_PATH
1787304527.057 [STATIC_OT] state=TRAILING path_exists=0 path_locked=0 path_ttl_ok=0 path_safe=0 on_spline=0 speed=-0.00 raw_wpnts=0 raw_age=-s decision=TRAILING reason=NO_STATIC_PATH
1787304527.107 [OBSTACLES] cur_s=12.06 cur_d=-0.17 vs=-0.00 n=1 [id=25 static=1 gap=4.58m d=-0.18 size=0.46]
1787304527.295 [STATIC_OT] state=TRAILING path_exists=0 path_locked=0 path_ttl_ok=0 path_safe=0 on_spline=0 speed=0.00 raw_wpnts=0 raw_age=-s decision=TRAILING reason=NO_STATIC_PATH
1787304527.497 [STATIC_OT] state=TRAILING path_exists=0 path_locked=0 path_ttl_ok=0 path_safe=0 on_spline=0 speed=-0.00 raw_wpnts=0 raw_age=-s decision=TRAILING reason=NO_STATIC_PATH
1787304527.662 [OBSTACLES] cur_s=12.06 cur_d=-0.17 vs=0.00 n=1 [id=25 static=1 gap=4.58m d=-0.18 size=0.46]
1787304527.729 [STATIC_OT] state=TRAILING path_exists=0 path_locked=0 path_ttl_ok=0 path_safe=0 on_spline=0 speed=-0.00 raw_wpnts=0 raw_age=-s decision=TRAILING reason=NO_STATIC_PATH
1787304528.012 [STATIC_OT] state=TRAILING path_exists=0 path_locked=0 path_ttl_ok=0 path_safe=0 on_spline=0 speed=-0.00 raw_wpnts=0 raw_age=-s decision=TRAILING reason=NO_STATIC_PATH
1787304528.199 [OBSTACLES] cur_s=12.05 cur_d=-0.16 vs=-0.00 n=1 [id=25 static=1 gap=4.59m d=-0.18 size=0.47]
1787304528.243 [STATIC_OT] state=TRAILING path_exists=0 path_locked=0 path_ttl_ok=0 path_safe=0 on_spline=0 speed=-0.00 raw_wpnts=0 raw_age=-s decision=TRAILING reason=NO_STATIC_PATH
1787304528.454 [STATIC_OT] state=TRAILING path_exists=0 path_locked=0 path_ttl_ok=0 path_safe=0 on_spline=0 speed=0.00 raw_wpnts=0 raw_age=-s decision=TRAILING reason=NO_STATIC_PATH
1787304528.675 [STATIC_OT] state=TRAILING path_exists=0 path_locked=0 path_ttl_ok=0 path_safe=0 on_spline=0 speed=0.00 raw_wpnts=0 raw_age=-s decision=TRAILING reason=NO_STATIC_PATH
1787304528.699 [OBSTACLES] cur_s=12.08 cur_d=-0.16 vs=0.00 n=1 [id=25 static=1 gap=4.58m d=-0.18 size=0.44]
1787304528.887 [STATIC_OT] state=TRAILING path_exists=0 path_locked=0 path_ttl_ok=0 path_safe=0 on_spline=0 speed=0.00 raw_wpnts=0 raw_age=-s decision=TRAILING reason=NO_STATIC_PATH
1787304529.129 [STATIC_OT] state=TRAILING path_exists=0 path_locked=0 path_ttl_ok=0 path_safe=0 on_spline=0 speed=-0.00 raw_wpnts=0 raw_age=-s decision=TRAILING reason=NO_STATIC_PATH
1787304529.242 [OBSTACLES] cur_s=12.07 cur_d=-0.15 vs=-0.00 n=1 [id=25 static=1 gap=4.57m d=-0.18 size=0.47]
1787304529.399 [STATIC_OT] state=TRAILING path_exists=0 path_locked=0 path_ttl_ok=0 path_safe=0 on_spline=0 speed=-0.00 raw_wpnts=0 raw_age=-s decision=TRAILING reason=NO_STATIC_PATH
1787304529.674 [STATIC_OT] state=TRAILING path_exists=0 path_locked=0 path_ttl_ok=0 path_safe=0 on_spline=0 speed=0.00 raw_wpnts=0 raw_age=-s decision=TRAILING reason=NO_STATIC_PATH
1787304529.742 [OBSTACLES] cur_s=12.07 cur_d=-0.16 vs=-0.00 n=1 [id=25 static=1 gap=4.61m d=-0.18 size=0.41]
1787304529.938 [STATIC_OT] state=TRAILING path_exists=0 path_locked=0 path_ttl_ok=0 path_safe=0 on_spline=0 speed=-0.01 raw_wpnts=0 raw_age=-s decision=TRAILING reason=NO_STATIC_PATH
1787304530.167 [STATIC_OT] state=TRAILING path_exists=0 path_locked=0 path_ttl_ok=0 path_safe=0 on_spline=0 speed=-0.00 raw_wpnts=0 raw_age=-s decision=TRAILING reason=NO_STATIC_PATH
1787304530.255 [OBSTACLES] cur_s=12.06 cur_d=-0.17 vs=0.00 n=1 [id=25 static=1 gap=4.57m d=-0.18 size=0.51]
1787304530.373 [STATIC_OT] state=TRAILING path_exists=0 path_locked=0 path_ttl_ok=0 path_safe=0 on_spline=0 speed=0.00 raw_wpnts=0 raw_age=-s decision=TRAILING reason=NO_STATIC_PATH
1787304530.612 [STATIC_OT] state=TRAILING path_exists=0 path_locked=0 path_ttl_ok=0 path_safe=0 on_spline=0 speed=-0.00 raw_wpnts=0 raw_age=-s decision=TRAILING reason=NO_STATIC_PATH
1787304530.787 [OBSTACLES] cur_s=12.05 cur_d=-0.16 vs=-0.00 n=1 [id=25 static=1 gap=4.61m d=-0.17 size=0.45]
1787304530.829 [STATIC_OT] state=TRAILING path_exists=0 path_locked=0 path_ttl_ok=0 path_safe=0 on_spline=0 speed=-0.00 raw_wpnts=0 raw_age=-s decision=TRAILING reason=NO_STATIC_PATH
1787304531.044 [STATIC_OT] state=TRAILING path_exists=0 path_locked=0 path_ttl_ok=0 path_safe=0 on_spline=0 speed=0.00 raw_wpnts=0 raw_age=-s decision=TRAILING reason=NO_STATIC_PATH
1787304531.361 [OBSTACLES] cur_s=12.03 cur_d=-0.18 vs=-0.00 n=1 [id=25 static=1 gap=4.63m d=-0.17 size=0.46]
1787304531.368 [STATIC_OT] state=TRAILING path_exists=0 path_locked=0 path_ttl_ok=0 path_safe=0 on_spline=0 speed=-0.00 raw_wpnts=0 raw_age=-s decision=TRAILING reason=NO_STATIC_PATH
1787304531.583 [STATIC_OT] state=TRAILING path_exists=0 path_locked=0 path_ttl_ok=0 path_safe=0 on_spline=0 speed=-0.00 raw_wpnts=0 raw_age=-s decision=TRAILING reason=NO_STATIC_PATH
1787304531.802 [STATIC_OT] state=TRAILING path_exists=0 path_locked=0 path_ttl_ok=0 path_safe=0 on_spline=0 speed=-0.00 raw_wpnts=0 raw_age=-s decision=TRAILING reason=NO_STATIC_PATH
1787304531.914 [OBSTACLES] cur_s=12.05 cur_d=-0.15 vs=-0.01 n=1 [id=25 static=1 gap=4.61m d=-0.17 size=0.47]
1787304532.063 [STATIC_OT] state=TRAILING path_exists=0 path_locked=0 path_ttl_ok=0 path_safe=0 on_spline=0 speed=-0.01 raw_wpnts=0 raw_age=-s decision=TRAILING reason=NO_STATIC_PATH
1787304532.280 [STATIC_OT] state=TRAILING path_exists=0 path_locked=0 path_ttl_ok=0 path_safe=0 on_spline=0 speed=0.00 raw_wpnts=0 raw_age=-s decision=TRAILING reason=NO_STATIC_PATH
1787304532.431 [OBSTACLES] cur_s=12.05 cur_d=-0.16 vs=-0.00 n=1 [id=25 static=1 gap=4.60m d=-0.17 size=0.47]
1787304532.537 [STATIC_OT] state=TRAILING path_exists=0 path_locked=0 path_ttl_ok=0 path_safe=0 on_spline=0 speed=0.00 raw_wpnts=0 raw_age=-s decision=TRAILING reason=NO_STATIC_PATH
1787304532.744 [STATIC_OT] state=TRAILING path_exists=0 path_locked=0 path_ttl_ok=0 path_safe=0 on_spline=0 speed=-0.00 raw_wpnts=0 raw_age=-s decision=TRAILING reason=NO_STATIC_PATH
1787304532.983 [OBSTACLES] cur_s=12.04 cur_d=-0.18 vs=0.00 n=1 [id=25 static=1 gap=4.61m d=-0.17 size=0.47]
1787304532.990 [STATIC_OT] state=TRAILING path_exists=0 path_locked=0 path_ttl_ok=0 path_safe=0 on_spline=0 speed=0.00 raw_wpnts=0 raw_age=-s decision=TRAILING reason=NO_STATIC_PATH
1787304533.248 [STATIC_OT] state=TRAILING path_exists=0 path_locked=0 path_ttl_ok=0 path_safe=0 on_spline=0 speed=0.00 raw_wpnts=0 raw_age=-s decision=TRAILING reason=NO_STATIC_PATH
1787304533.469 [STATIC_OT] state=TRAILING path_exists=0 path_locked=0 path_ttl_ok=0 path_safe=0 on_spline=0 speed=0.00 raw_wpnts=0 raw_age=-s decision=TRAILING reason=NO_STATIC_PATH
1787304533.515 [OBSTACLES] cur_s=12.04 cur_d=-0.17 vs=0.00 n=1 [id=25 static=1 gap=4.60m d=-0.17 size=0.50]
1787304533.725 [STATIC_OT] state=TRAILING path_exists=0 path_locked=0 path_ttl_ok=0 path_safe=0 on_spline=0 speed=-0.00 raw_wpnts=0 raw_age=-s decision=TRAILING reason=NO_STATIC_PATH
1787304533.979 [STATIC_OT] state=TRAILING path_exists=0 path_locked=0 path_ttl_ok=0 path_safe=0 on_spline=0 speed=0.00 raw_wpnts=0 raw_age=-s decision=TRAILING reason=NO_STATIC_PATH
1787304534.076 [OBSTACLES] cur_s=12.05 cur_d=-0.15 vs=-0.01 n=1 [id=25 static=1 gap=4.60m d=-0.17 size=0.47]
1787304534.208 [STATIC_OT] state=TRAILING path_exists=0 path_locked=0 path_ttl_ok=0 path_safe=0 on_spline=0 speed=0.00 raw_wpnts=0 raw_age=-s decision=TRAILING reason=NO_STATIC_PATH
1787304534.414 [STATIC_OT] state=TRAILING path_exists=0 path_locked=0 path_ttl_ok=0 path_safe=0 on_spline=0 speed=0.00 raw_wpnts=0 raw_age=-s decision=TRAILING reason=NO_STATIC_PATH
1787304534.592 [OBSTACLES] cur_s=12.04 cur_d=-0.18 vs=0.00 n=1 [id=25 static=1 gap=4.61m d=-0.17 size=0.47]
1787304534.648 [STATIC_OT] state=TRAILING path_exists=0 path_locked=0 path_ttl_ok=0 path_safe=0 on_spline=0 speed=0.00 raw_wpnts=0 raw_age=-s decision=TRAILING reason=NO_STATIC_PATH
1787304534.858 [STATIC_OT] state=TRAILING path_exists=0 path_locked=0 path_ttl_ok=0 path_safe=0 on_spline=0 speed=0.01 raw_wpnts=0 raw_age=-s decision=TRAILING reason=NO_STATIC_PATH
1787304535.159 [OBSTACLES] cur_s=12.06 cur_d=-0.16 vs=-0.00 n=1 [id=25 static=1 gap=4.60m d=-0.17 size=0.47]
1787304535.163 [STATIC_OT] state=TRAILING path_exists=0 path_locked=0 path_ttl_ok=0 path_safe=0 on_spline=0 speed=-0.00 raw_wpnts=0 raw_age=-s decision=TRAILING reason=NO_STATIC_PATH
1787304535.384 [STATIC_OT] state=TRAILING path_exists=0 path_locked=0 path_ttl_ok=0 path_safe=0 on_spline=0 speed=-0.00 raw_wpnts=0 raw_age=-s decision=TRAILING reason=NO_STATIC_PATH
1787304535.610 [STATIC_OT] state=TRAILING path_exists=0 path_locked=0 path_ttl_ok=0 path_safe=0 on_spline=0 speed=-0.00 raw_wpnts=0 raw_age=-s decision=TRAILING reason=NO_STATIC_PATH
1787304535.670 [OBSTACLES] cur_s=12.06 cur_d=-0.16 vs=-0.00 n=1 [id=25 static=1 gap=4.57m d=-0.17 size=0.52]
1787304535.842 [STATIC_OT] state=TRAILING path_exists=0 path_locked=0 path_ttl_ok=0 path_safe=0 on_spline=0 speed=0.01 raw_wpnts=0 raw_age=-s decision=TRAILING reason=NO_STATIC_PATH
1787304536.062 [STATIC_OT] state=TRAILING path_exists=0 path_locked=0 path_ttl_ok=0 path_safe=0 on_spline=0 speed=0.00 raw_wpnts=0 raw_age=-s decision=TRAILING reason=NO_STATIC_PATH
1787304536.198 [OBSTACLES] cur_s=12.07 cur_d=-0.16 vs=-0.00 n=1 [id=25 static=1 gap=4.59m d=-0.17 size=0.46]
1787304536.266 [STATIC_OT] state=TRAILING path_exists=0 path_locked=0 path_ttl_ok=0 path_safe=0 on_spline=0 speed=-0.01 raw_wpnts=0 raw_age=-s decision=TRAILING reason=NO_STATIC_PATH
1787304536.498 [STATIC_OT] state=TRAILING path_exists=0 path_locked=0 path_ttl_ok=0 path_safe=0 on_spline=0 speed=-0.00 raw_wpnts=0 raw_age=-s decision=TRAILING reason=NO_STATIC_PATH
1787304536.701 [OBSTACLES] cur_s=12.03 cur_d=-0.18 vs=0.00 n=1 [id=25 static=1 gap=4.61m d=-0.17 size=0.52]
1787304536.708 [STATIC_OT] state=TRAILING path_exists=0 path_locked=0 path_ttl_ok=0 path_safe=0 on_spline=0 speed=0.00 raw_wpnts=0 raw_age=-s decision=TRAILING reason=NO_STATIC_PATH
1787304536.911 [STATIC_OT] state=TRAILING path_exists=0 path_locked=0 path_ttl_ok=0 path_safe=0 on_spline=0 speed=-0.00 raw_wpnts=0 raw_age=-s decision=TRAILING reason=NO_STATIC_PATH
1787304537.139 [STATIC_OT] state=TRAILING path_exists=0 path_locked=0 path_ttl_ok=0 path_safe=0 on_spline=0 speed=0.00 raw_wpnts=0 raw_age=-s decision=TRAILING reason=NO_STATIC_PATH
1787304537.269 [OBSTACLES] cur_s=12.03 cur_d=-0.17 vs=-0.00 n=1 [id=25 static=1 gap=4.63m d=-0.17 size=0.45]
1787304537.382 [STATIC_OT] state=TRAILING path_exists=0 path_locked=0 path_ttl_ok=0 path_safe=0 on_spline=0 speed=0.00 raw_wpnts=0 raw_age=-s decision=TRAILING reason=NO_STATIC_PATH
1787304537.597 [STATIC_OT] state=TRAILING path_exists=0 path_locked=0 path_ttl_ok=0 path_safe=0 on_spline=0 speed=0.00 raw_wpnts=0 raw_age=-s decision=TRAILING reason=NO_STATIC_PATH
1787304537.793 [OBSTACLES] cur_s=12.05 cur_d=-0.17 vs=0.00 n=1 [id=25 static=1 gap=4.60m d=-0.17 size=0.47]
1787304537.838 [STATIC_OT] state=TRAILING path_exists=0 path_locked=0 path_ttl_ok=0 path_safe=0 on_spline=0 speed=-0.00 raw_wpnts=0 raw_age=-s decision=TRAILING reason=NO_STATIC_PATH
1787304538.061 [STATIC_OT] state=TRAILING path_exists=0 path_locked=0 path_ttl_ok=0 path_safe=0 on_spline=0 speed=-0.00 raw_wpnts=0 raw_age=-s decision=TRAILING reason=NO_STATIC_PATH
1787304538.296 [STATIC_OT] state=TRAILING path_exists=0 path_locked=0 path_ttl_ok=0 path_safe=0 on_spline=0 speed=0.00 raw_wpnts=0 raw_age=-s decision=TRAILING reason=NO_STATIC_PATH
1787304538.352 [OBSTACLES] cur_s=12.05 cur_d=-0.17 vs=0.00 n=1 [id=25 static=1 gap=4.61m d=-0.17 size=0.46]
1787304538.597 [STATIC_OT] state=TRAILING path_exists=0 path_locked=0 path_ttl_ok=0 path_safe=0 on_spline=0 speed=-0.00 raw_wpnts=0 raw_age=-s decision=TRAILING reason=NO_STATIC_PATH
1787304538.808 [STATIC_OT] state=TRAILING path_exists=0 path_locked=0 path_ttl_ok=0 path_safe=0 on_spline=0 speed=0.00 raw_wpnts=0 raw_age=-s decision=TRAILING reason=NO_STATIC_PATH
1787304538.855 [OBSTACLES] cur_s=12.04 cur_d=-0.17 vs=-0.00 n=1 [id=25 static=1 gap=4.63m d=-0.17 size=0.45]
1787304539.018 [STATIC_OT] state=TRAILING path_exists=0 path_locked=0 path_ttl_ok=0 path_safe=0 on_spline=0 speed=0.00 raw_wpnts=0 raw_age=-s decision=TRAILING reason=NO_STATIC_PATH
1787304539.232 [STATIC_OT] state=TRAILING path_exists=0 path_locked=0 path_ttl_ok=0 path_safe=0 on_spline=0 speed=-0.00 raw_wpnts=0 raw_age=-s decision=TRAILING reason=NO_STATIC_PATH
1787304539.422 [OBSTACLES] cur_s=12.04 cur_d=-0.17 vs=-0.00 n=1 [id=25 static=1 gap=4.61m d=-0.17 size=0.48]
1787304539.524 [STATIC_OT] state=TRAILING path_exists=0 path_locked=0 path_ttl_ok=0 path_safe=0 on_spline=0 speed=-0.00 raw_wpnts=0 raw_age=-s decision=TRAILING reason=NO_STATIC_PATH
1787304539.765 [STATIC_OT] state=TRAILING path_exists=0 path_locked=0 path_ttl_ok=0 path_safe=0 on_spline=0 speed=-0.00 raw_wpnts=0 raw_age=-s decision=TRAILING reason=NO_STATIC_PATH
1787304539.940 [OBSTACLES] cur_s=12.05 cur_d=-0.17 vs=0.00 n=1 [id=25 static=1 gap=4.62m d=-0.17 size=0.44]
1787304539.977 [STATIC_OT] state=TRAILING path_exists=0 path_locked=0 path_ttl_ok=0 path_safe=0 on_spline=0 speed=-0.00 raw_wpnts=0 raw_age=-s decision=TRAILING reason=NO_STATIC_PATH
1787304540.193 [STATIC_OT] state=TRAILING path_exists=0 path_locked=0 path_ttl_ok=0 path_safe=0 on_spline=0 speed=-0.00 raw_wpnts=0 raw_age=-s decision=TRAILING reason=NO_STATIC_PATH
1787304540.420 [STATIC_OT] state=TRAILING path_exists=0 path_locked=0 path_ttl_ok=0 path_safe=0 on_spline=0 speed=-0.00 raw_wpnts=0 raw_age=-s decision=TRAILING reason=NO_STATIC_PATH
1787304540.461 [OBSTACLES] cur_s=12.06 cur_d=-0.16 vs=-0.00 n=1 [id=25 static=1 gap=4.60m d=-0.17 size=0.46]
1787304540.653 [STATIC_OT] state=TRAILING path_exists=0 path_locked=0 path_ttl_ok=0 path_safe=0 on_spline=0 speed=0.00 raw_wpnts=0 raw_age=-s decision=TRAILING reason=NO_STATIC_PATH
1787304540.891 [STATIC_OT] state=TRAILING path_exists=0 path_locked=0 path_ttl_ok=0 path_safe=0 on_spline=0 speed=-0.00 raw_wpnts=0 raw_age=-s decision=TRAILING reason=NO_STATIC_PATH
1787304541.042 [OBSTACLES] cur_s=12.05 cur_d=-0.17 vs=-0.00 n=1 [id=25 static=1 gap=4.61m d=-0.17 size=0.47]
1787304541.158 [STATIC_OT] state=TRAILING path_exists=0 path_locked=0 path_ttl_ok=0 path_safe=0 on_spline=0 speed=-0.00 raw_wpnts=0 raw_age=-s decision=TRAILING reason=NO_STATIC_PATH
1787304541.407 [STATIC_OT] state=TRAILING path_exists=0 path_locked=0 path_ttl_ok=0 path_safe=0 on_spline=0 speed=0.00 raw_wpnts=0 raw_age=-s decision=TRAILING reason=NO_STATIC_PATH
1787304541.554 [OBSTACLES] cur_s=12.06 cur_d=-0.17 vs=0.00 n=1 [id=25 static=1 gap=4.61m d=-0.17 size=0.45]
1787304541.617 [STATIC_OT] state=TRAILING path_exists=0 path_locked=0 path_ttl_ok=0 path_safe=0 on_spline=0 speed=0.00 raw_wpnts=0 raw_age=-s decision=TRAILING reason=NO_STATIC_PATH
1787304541.833 [STATIC_OT] state=TRAILING path_exists=0 path_locked=0 path_ttl_ok=0 path_safe=0 on_spline=0 speed=-0.00 raw_wpnts=0 raw_age=-s decision=TRAILING reason=NO_STATIC_PATH
1787304542.186 [OBSTACLES] cur_s=12.03 cur_d=-0.17 vs=-0.00 n=1 [id=25 static=1 gap=4.63m d=-0.16 size=0.46]
1787304542.190 [STATIC_OT] state=TRAILING path_exists=0 path_locked=0 path_ttl_ok=0 path_safe=0 on_spline=0 speed=-0.00 raw_wpnts=0 raw_age=-s decision=TRAILING reason=NO_STATIC_PATH
1787304542.397 [STATIC_OT] state=TRAILING path_exists=0 path_locked=0 path_ttl_ok=0 path_safe=0 on_spline=0 speed=-0.00 raw_wpnts=0 raw_age=-s decision=TRAILING reason=NO_STATIC_PATH
1787304542.642 [STATIC_OT] state=TRAILING path_exists=0 path_locked=0 path_ttl_ok=0 path_safe=0 on_spline=0 speed=0.00 raw_wpnts=0 raw_age=-s decision=TRAILING reason=NO_STATIC_PATH
1787304542.745 [OBSTACLES] cur_s=12.06 cur_d=-0.16 vs=-0.00 n=1 [id=25 static=1 gap=4.59m d=-0.16 size=0.47]
1787304542.946 [STATIC_OT] state=TRAILING path_exists=0 path_locked=0 path_ttl_ok=0 path_safe=0 on_spline=0 speed=-0.00 raw_wpnts=0 raw_age=-s decision=TRAILING reason=NO_STATIC_PATH
1787304543.170 [STATIC_OT] state=TRAILING path_exists=0 path_locked=0 path_ttl_ok=0 path_safe=0 on_spline=0 speed=-0.00 raw_wpnts=0 raw_age=-s decision=TRAILING reason=NO_STATIC_PATH
1787304543.248 [OBSTACLES] cur_s=12.05 cur_d=-0.18 vs=0.01 n=1 [id=25 static=1 gap=4.57m d=-0.17 size=0.55]
1787304543.392 [STATIC_OT] state=TRAILING path_exists=0 path_locked=0 path_ttl_ok=0 path_safe=0 on_spline=0 speed=0.00 raw_wpnts=0 raw_age=-s decision=TRAILING reason=NO_STATIC_PATH
1787304543.636 [STATIC_OT] state=TRAILING path_exists=0 path_locked=0 path_ttl_ok=0 path_safe=0 on_spline=0 speed=0.00 raw_wpnts=0 raw_age=-s decision=TRAILING reason=NO_STATIC_PATH
1787304543.765 [OBSTACLES] cur_s=12.05 cur_d=-0.17 vs=0.00 n=1 [id=25 static=1 gap=4.61m d=-0.16 size=0.45]
1787304543.880 [STATIC_OT] state=TRAILING path_exists=0 path_locked=0 path_ttl_ok=0 path_safe=0 on_spline=0 speed=0.00 raw_wpnts=0 raw_age=-s decision=TRAILING reason=NO_STATIC_PATH
1787304544.113 [STATIC_OT] state=TRAILING path_exists=0 path_locked=0 path_ttl_ok=0 path_safe=0 on_spline=0 speed=-0.00 raw_wpnts=0 raw_age=-s decision=TRAILING reason=NO_STATIC_PATH
1787304544.274 [OBSTACLES] cur_s=12.03 cur_d=-0.18 vs=0.00 n=1 [id=25 static=1 gap=4.60m d=-0.16 size=0.52]
1787304544.362 [STATIC_OT] state=TRAILING path_exists=0 path_locked=0 path_ttl_ok=0 path_safe=0 on_spline=0 speed=-0.00 raw_wpnts=0 raw_age=-s decision=TRAILING reason=NO_STATIC_PATH
1787304544.569 [STATIC_OT] state=TRAILING path_exists=0 path_locked=0 path_ttl_ok=0 path_safe=0 on_spline=0 speed=0.00 raw_wpnts=0 raw_age=-s decision=TRAILING reason=NO_STATIC_PATH
1787304544.813 [OBSTACLES] cur_s=12.06 cur_d=-0.17 vs=0.00 n=1 [id=25 static=1 gap=4.60m d=-0.16 size=0.46]
1787304544.829 [STATIC_OT] state=TRAILING path_exists=0 path_locked=0 path_ttl_ok=0 path_safe=0 on_spline=0 speed=0.00 raw_wpnts=0 raw_age=-s decision=TRAILING reason=NO_STATIC_PATH
1787304545.061 [STATIC_OT] state=TRAILING path_exists=0 path_locked=0 path_ttl_ok=0 path_safe=0 on_spline=0 speed=0.00 raw_wpnts=0 raw_age=-s decision=TRAILING reason=NO_STATIC_PATH
1787304545.262 [STATIC_OT] state=TRAILING path_exists=0 path_locked=0 path_ttl_ok=0 path_safe=0 on_spline=0 speed=0.00 raw_wpnts=0 raw_age=-s decision=TRAILING reason=NO_STATIC_PATH
1787304545.384 [OBSTACLES] cur_s=12.06 cur_d=-0.15 vs=-0.01 n=1 [id=25 static=1 gap=4.61m d=-0.16 size=0.44]
1787304545.464 [STATIC_OT] state=TRAILING path_exists=0 path_locked=0 path_ttl_ok=0 path_safe=0 on_spline=0 speed=-0.00 raw_wpnts=0 raw_age=-s decision=TRAILING reason=NO_STATIC_PATH
1787304545.706 [STATIC_OT] state=TRAILING path_exists=0 path_locked=0 path_ttl_ok=0 path_safe=0 on_spline=0 speed=-0.00 raw_wpnts=0 raw_age=-s decision=TRAILING reason=NO_STATIC_PATH
1787304546.024 [OBSTACLES] cur_s=12.06 cur_d=-0.16 vs=-0.00 n=1 [id=25 static=1 gap=4.62m d=-0.16 size=0.43]
1787304546.030 [STATIC_OT] state=TRAILING path_exists=0 path_locked=0 path_ttl_ok=0 path_safe=0 on_spline=0 speed=-0.00 raw_wpnts=0 raw_age=-s decision=TRAILING reason=NO_STATIC_PATH
1787304546.231 [STATIC_OT] state=TRAILING path_exists=0 path_locked=0 path_ttl_ok=0 path_safe=0 on_spline=0 speed=0.00 raw_wpnts=0 raw_age=-s decision=TRAILING reason=NO_STATIC_PATH
1787304546.450 [STATIC_OT] state=TRAILING path_exists=0 path_locked=0 path_ttl_ok=0 path_safe=0 on_spline=0 speed=-0.00 raw_wpnts=0 raw_age=-s decision=TRAILING reason=NO_STATIC_PATH
1787304546.552 [OBSTACLES] cur_s=12.04 cur_d=-0.16 vs=-0.00 n=1 [id=25 static=1 gap=4.63m d=-0.16 size=0.45]
1787304546.683 [STATIC_OT] state=TRAILING path_exists=0 path_locked=0 path_ttl_ok=0 path_safe=0 on_spline=0 speed=-0.00 raw_wpnts=0 raw_age=-s decision=TRAILING reason=NO_STATIC_PATH
1787304546.894 [STATIC_OT] state=TRAILING path_exists=0 path_locked=0 path_ttl_ok=0 path_safe=0 on_spline=0 speed=-0.00 raw_wpnts=0 raw_age=-s decision=TRAILING reason=NO_STATIC_PATH
1787304547.053 [OBSTACLES] cur_s=12.04 cur_d=-0.18 vs=0.00 n=1 [id=25 static=1 gap=4.62m d=-0.16 size=0.46]
1787304547.101 [STATIC_OT] state=TRAILING path_exists=0 path_locked=0 path_ttl_ok=0 path_safe=0 on_spline=0 speed=-0.00 raw_wpnts=0 raw_age=-s decision=TRAILING reason=NO_STATIC_PATH
1787304547.329 [STATIC_OT] state=TRAILING path_exists=0 path_locked=0 path_ttl_ok=0 path_safe=0 on_spline=0 speed=0.00 raw_wpnts=0 raw_age=-s decision=TRAILING reason=NO_STATIC_PATH
1787304547.553 [STATIC_OT] state=TRAILING path_exists=0 path_locked=0 path_ttl_ok=0 path_safe=0 on_spline=0 speed=0.00 raw_wpnts=0 raw_age=-s decision=TRAILING reason=NO_STATIC_PATH
1787304547.602 [OBSTACLES] cur_s=12.08 cur_d=-0.16 vs=0.00 n=1 [id=25 static=1 gap=4.54m d=-0.16 size=0.54]
1787304547.763 [STATIC_OT] state=TRAILING path_exists=0 path_locked=0 path_ttl_ok=0 path_safe=0 on_spline=0 speed=0.00 raw_wpnts=0 raw_age=-s decision=TRAILING reason=NO_STATIC_PATH
1787304547.963 [STATIC_OT] state=TRAILING path_exists=0 path_locked=0 path_ttl_ok=0 path_safe=0 on_spline=0 speed=0.00 raw_wpnts=0 raw_age=-s decision=TRAILING reason=NO_STATIC_PATH
1787304548.167 [OBSTACLES] cur_s=12.06 cur_d=-0.17 vs=0.00 n=1 [id=25 static=1 gap=4.60m d=-0.16 size=0.46]
1787304548.177 [STATIC_OT] state=TRAILING path_exists=0 path_locked=0 path_ttl_ok=0 path_safe=0 on_spline=0 speed=0.00 raw_wpnts=0 raw_age=-s decision=TRAILING reason=NO_STATIC_PATH
1787304548.388 [STATIC_OT] state=TRAILING path_exists=0 path_locked=0 path_ttl_ok=0 path_safe=0 on_spline=0 speed=0.01 raw_wpnts=0 raw_age=-s decision=TRAILING reason=NO_STATIC_PATH
1787304548.593 [STATIC_OT] state=TRAILING path_exists=0 path_locked=0 path_ttl_ok=0 path_safe=0 on_spline=0 speed=-0.00 raw_wpnts=0 raw_age=-s decision=TRAILING reason=NO_STATIC_PATH
1787304548.683 [OBSTACLES] cur_s=12.05 cur_d=-0.17 vs=-0.00 n=1 [id=25 static=1 gap=4.62m d=-0.16 size=0.45]
1787304548.876 [STATIC_OT] state=TRAILING path_exists=0 path_locked=0 path_ttl_ok=0 path_safe=0 on_spline=0 speed=-0.00 raw_wpnts=0 raw_age=-s decision=TRAILING reason=NO_STATIC_PATH
1787304549.105 [STATIC_OT] state=TRAILING path_exists=0 path_locked=0 path_ttl_ok=0 path_safe=0 on_spline=0 speed=-0.01 raw_wpnts=0 raw_age=-s decision=TRAILING reason=NO_STATIC_PATH
1787304549.222 [OBSTACLES] cur_s=12.06 cur_d=-0.16 vs=-0.00 n=1 [id=25 static=1 gap=4.61m d=-0.16 size=0.45]
1787304549.323 [STATIC_OT] state=TRAILING path_exists=0 path_locked=0 path_ttl_ok=0 path_safe=0 on_spline=0 speed=0.00 raw_wpnts=0 raw_age=-s decision=TRAILING reason=NO_STATIC_PATH
1787304549.580 [STATIC_OT] state=TRAILING path_exists=0 path_locked=0 path_ttl_ok=0 path_safe=0 on_spline=0 speed=-0.00 raw_wpnts=0 raw_age=-s decision=TRAILING reason=NO_STATIC_PATH
1787304549.786 [OBSTACLES] cur_s=12.04 cur_d=-0.17 vs=-0.00 n=1 [id=25 static=1 gap=4.63m d=-0.16 size=0.45]
1787304549.806 [STATIC_OT] state=TRAILING path_exists=0 path_locked=0 path_ttl_ok=0 path_safe=0 on_spline=0 speed=-0.00 raw_wpnts=0 raw_age=-s decision=TRAILING reason=NO_STATIC_PATH
1787304550.044 [STATIC_OT] state=TRAILING path_exists=0 path_locked=0 path_ttl_ok=0 path_safe=0 on_spline=0 speed=-0.00 raw_wpnts=0 raw_age=-s decision=TRAILING reason=NO_STATIC_PATH
1787304550.299 [OBSTACLES] cur_s=12.05 cur_d=-0.17 vs=0.00 n=1 [id=25 static=1 gap=4.61m d=-0.16 size=0.47]
1787304550.306 [STATIC_OT] state=TRAILING path_exists=0 path_locked=0 path_ttl_ok=0 path_safe=0 on_spline=0 speed=0.00 raw_wpnts=0 raw_age=-s decision=TRAILING reason=NO_STATIC_PATH
1787304550.568 [STATIC_OT] state=TRAILING path_exists=0 path_locked=0 path_ttl_ok=0 path_safe=0 on_spline=0 speed=-0.00 raw_wpnts=0 raw_age=-s decision=TRAILING reason=NO_STATIC_PATH
1787304550.805 [OBSTACLES] cur_s=12.05 cur_d=-0.17 vs=-0.00 n=1 [id=25 static=1 gap=4.62m d=-0.16 size=0.47]
1787304550.813 [STATIC_OT] state=TRAILING path_exists=0 path_locked=0 path_ttl_ok=0 path_safe=0 on_spline=0 speed=-0.00 raw_wpnts=0 raw_age=-s decision=TRAILING reason=NO_STATIC_PATH
1787304551.047 [STATIC_OT] state=TRAILING path_exists=0 path_locked=0 path_ttl_ok=0 path_safe=0 on_spline=0 speed=0.00 raw_wpnts=0 raw_age=-s decision=TRAILING reason=NO_STATIC_PATH
1787304551.570 [OBSTACLES] cur_s=12.04 cur_d=-0.17 vs=-0.00 n=1 [id=25 static=1 gap=4.62m d=-0.16 size=0.45]
1787304551.572 [STATIC_OT] state=TRAILING path_exists=0 path_locked=0 path_ttl_ok=0 path_safe=0 on_spline=0 speed=-0.00 raw_wpnts=0 raw_age=-s decision=TRAILING reason=NO_STATIC_PATH
1787304551.869 [STATIC_OT] state=TRAILING path_exists=0 path_locked=0 path_ttl_ok=0 path_safe=0 on_spline=0 speed=0.00 raw_wpnts=0 raw_age=-s decision=TRAILING reason=NO_STATIC_PATH
1787304552.124 [OBSTACLES] cur_s=12.04 cur_d=-0.17 vs=-0.00 n=1 [id=25 static=1 gap=4.61m d=-0.16 size=0.48]
1787304552.147 [STATIC_OT] state=TRAILING path_exists=0 path_locked=0 path_ttl_ok=0 path_safe=0 on_spline=0 speed=-0.00 raw_wpnts=0 raw_age=-s decision=TRAILING reason=NO_STATIC_PATH
1787304552.426 [STATIC_OT] state=TRAILING path_exists=0 path_locked=0 path_ttl_ok=0 path_safe=0 on_spline=0 speed=-0.00 raw_wpnts=0 raw_age=-s decision=TRAILING reason=NO_STATIC_PATH
1787304552.685 [OBSTACLES] cur_s=12.06 cur_d=-0.17 vs=0.00 n=1 [id=25 static=1 gap=4.61m d=-0.16 size=0.46]
1787304552.689 [STATIC_OT] state=TRAILING path_exists=0 path_locked=0 path_ttl_ok=0 path_safe=0 on_spline=0 speed=0.00 raw_wpnts=0 raw_age=-s decision=TRAILING reason=NO_STATIC_PATH
1787304552.911 [STATIC_OT] state=TRAILING path_exists=0 path_locked=0 path_ttl_ok=0 path_safe=0 on_spline=0 speed=0.00 raw_wpnts=0 raw_age=-s decision=TRAILING reason=NO_STATIC_PATH
1787304553.160 [STATIC_OT] state=TRAILING path_exists=0 path_locked=0 path_ttl_ok=0 path_safe=0 on_spline=0 speed=0.00 raw_wpnts=0 raw_age=-s decision=TRAILING reason=NO_STATIC_PATH
1787304553.308 [OBSTACLES] cur_s=12.06 cur_d=-0.18 vs=0.01 n=1 [id=25 static=1 gap=4.60m d=-0.16 size=0.46]
1787304553.464 [STATIC_OT] state=TRAILING path_exists=0 path_locked=0 path_ttl_ok=0 path_safe=0 on_spline=0 speed=0.00 raw_wpnts=0 raw_age=-s decision=TRAILING reason=NO_STATIC_PATH
1787304553.710 [STATIC_OT] state=TRAILING path_exists=0 path_locked=0 path_ttl_ok=0 path_safe=0 on_spline=0 speed=-0.00 raw_wpnts=0 raw_age=-s decision=TRAILING reason=NO_STATIC_PATH
1787304553.817 [OBSTACLES] cur_s=12.06 cur_d=-0.16 vs=-0.00 n=1 [id=25 static=1 gap=4.60m d=-0.16 size=0.46]
1787304553.930 [STATIC_OT] state=TRAILING path_exists=0 path_locked=0 path_ttl_ok=0 path_safe=0 on_spline=0 speed=0.00 raw_wpnts=0 raw_age=-s decision=TRAILING reason=NO_STATIC_PATH
1787304554.187 [STATIC_OT] state=TRAILING path_exists=0 path_locked=0 path_ttl_ok=0 path_safe=0 on_spline=0 speed=-0.00 raw_wpnts=0 raw_age=-s decision=TRAILING reason=NO_STATIC_PATH
1787304554.453 [OBSTACLES] cur_s=12.04 cur_d=-0.16 vs=-0.01 n=1 [id=25 static=1 gap=4.61m d=-0.16 size=0.50]
1787304554.480 [STATIC_OT] state=TRAILING path_exists=0 path_locked=0 path_ttl_ok=0 path_safe=0 on_spline=0 speed=-0.01 raw_wpnts=0 raw_age=-s decision=TRAILING reason=NO_STATIC_PATH
1787304554.817 [STATIC_OT] state=TRAILING path_exists=0 path_locked=0 path_ttl_ok=0 path_safe=0 on_spline=0 speed=-0.00 raw_wpnts=0 raw_age=-s decision=TRAILING reason=NO_STATIC_PATH
1787304555.030 [OBSTACLES] cur_s=12.05 cur_d=-0.16 vs=-0.00 n=1 [id=25 static=1 gap=4.61m d=-0.16 size=0.46]
1787304555.070 [STATIC_OT] state=TRAILING path_exists=0 path_locked=0 path_ttl_ok=0 path_safe=0 on_spline=0 speed=-0.00 raw_wpnts=0 raw_age=-s decision=TRAILING reason=NO_STATIC_PATH
1787304555.483 [STATIC_OT] state=TRAILING path_exists=0 path_locked=0 path_ttl_ok=0 path_safe=0 on_spline=0 speed=0.00 raw_wpnts=0 raw_age=-s decision=TRAILING reason=NO_STATIC_PATH
1787304555.748 [OBSTACLES] cur_s=12.06 cur_d=-0.17 vs=0.00 n=1 [id=25 static=1 gap=4.61m d=-0.16 size=0.46]
1787304555.796 [STATIC_OT] state=TRAILING path_exists=0 path_locked=0 path_ttl_ok=0 path_safe=0 on_spline=0 speed=0.00 raw_wpnts=0 raw_age=-s decision=TRAILING reason=NO_STATIC_PATH
1787304556.161 [STATIC_OT] state=TRAILING path_exists=0 path_locked=0 path_ttl_ok=0 path_safe=0 on_spline=0 speed=-0.00 raw_wpnts=0 raw_age=-s decision=TRAILING reason=NO_STATIC_PATH
1787304556.465 [OBSTACLES] cur_s=12.05 cur_d=-0.17 vs=0.00 n=1 [id=25 static=1 gap=4.61m d=-0.16 size=0.47]
1787304556.528 [STATIC_OT] state=TRAILING path_exists=0 path_locked=0 path_ttl_ok=0 path_safe=0 on_spline=0 speed=0.00 raw_wpnts=0 raw_age=-s decision=TRAILING reason=NO_STATIC_PATH
1787304556.929 [STATIC_OT] state=TRAILING path_exists=0 path_locked=0 path_ttl_ok=0 path_safe=0 on_spline=0 speed=-0.00 raw_wpnts=0 raw_age=-s decision=TRAILING reason=NO_STATIC_PATH
1787304557.174 [OBSTACLES] cur_s=12.05 cur_d=-0.16 vs=-0.00 n=1 [id=25 static=1 gap=4.61m d=-0.16 size=0.48]
1787304557.212 [STATIC_OT] state=TRAILING path_exists=0 path_locked=0 path_ttl_ok=0 path_safe=0 on_spline=0 speed=-0.00 raw_wpnts=0 raw_age=-s decision=TRAILING reason=NO_STATIC_PATH
1787304557.400 [STATIC_OT] state=TRAILING path_exists=0 path_locked=0 path_ttl_ok=0 path_safe=0 on_spline=0 speed=-0.00 raw_wpnts=0 raw_age=-s decision=TRAILING reason=NO_STATIC_PATH
1787304557.710 [OBSTACLES] cur_s=12.05 cur_d=-0.17 vs=0.00 n=1 [id=25 static=1 gap=4.62m d=-0.16 size=0.46]
1787304557.723 [STATIC_OT] state=TRAILING path_exists=0 path_locked=0 path_ttl_ok=0 path_safe=0 on_spline=0 speed=0.00 raw_wpnts=0 raw_age=-s decision=TRAILING reason=NO_STATIC_PATH
1787304558.046 [STATIC_OT] state=TRAILING path_exists=0 path_locked=0 path_ttl_ok=0 path_safe=0 on_spline=0 speed=0.00 raw_wpnts=0 raw_age=-s decision=TRAILING reason=NO_STATIC_PATH
1787304558.211 [OBSTACLES] cur_s=12.04 cur_d=-0.15 vs=-0.01 n=1 [id=25 static=1 gap=4.62m d=-0.16 size=0.47]
1787304558.309 [STATIC_OT] state=TRAILING path_exists=0 path_locked=0 path_ttl_ok=0 path_safe=0 on_spline=0 speed=-0.00 raw_wpnts=0 raw_age=-s decision=TRAILING reason=NO_STATIC_PATH
1787304558.570 [STATIC_OT] state=TRAILING path_exists=0 path_locked=0 path_ttl_ok=0 path_safe=0 on_spline=0 speed=-0.00 raw_wpnts=0 raw_age=-s decision=TRAILING reason=NO_STATIC_PATH
1787304558.799 [OBSTACLES] cur_s=12.05 cur_d=-0.18 vs=0.01 n=1 [id=25 static=1 gap=4.55m d=-0.16 size=0.59]
1787304558.814 [STATIC_OT] state=TRAILING path_exists=0 path_locked=0 path_ttl_ok=0 path_safe=0 on_spline=0 speed=0.01 raw_wpnts=0 raw_age=-s decision=TRAILING reason=NO_STATIC_PATH
1787304559.115 [STATIC_OT] state=TRAILING path_exists=0 path_locked=0 path_ttl_ok=0 path_safe=0 on_spline=0 speed=0.01 raw_wpnts=0 raw_age=-s decision=TRAILING reason=NO_STATIC_PATH
1787304559.306 [OBSTACLES] cur_s=12.05 cur_d=-0.18 vs=0.00 n=1 [id=25 static=1 gap=4.62m d=-0.16 size=0.46]
1787304559.315 [STATIC_OT] state=TRAILING path_exists=0 path_locked=0 path_ttl_ok=0 path_safe=0 on_spline=0 speed=0.00 raw_wpnts=0 raw_age=-s decision=TRAILING reason=NO_STATIC_PATH
1787304559.572 [STATIC_OT] state=TRAILING path_exists=0 path_locked=0 path_ttl_ok=0 path_safe=0 on_spline=0 speed=0.00 raw_wpnts=0 raw_age=-s decision=TRAILING reason=NO_STATIC_PATH
1787304559.807 [OBSTACLES] cur_s=12.04 cur_d=-0.16 vs=-0.00 n=1 [id=25 static=1 gap=4.64m d=-0.16 size=0.43]
1787304559.837 [STATIC_OT] state=TRAILING path_exists=0 path_locked=0 path_ttl_ok=0 path_safe=0 on_spline=0 speed=-0.00 raw_wpnts=0 raw_age=-s decision=TRAILING reason=NO_STATIC_PATH
1787304560.083 [STATIC_OT] state=TRAILING path_exists=0 path_locked=0 path_ttl_ok=0 path_safe=0 on_spline=0 speed=-0.00 raw_wpnts=0 raw_age=-s decision=TRAILING reason=NO_STATIC_PATH
1787304560.309 [OBSTACLES] cur_s=12.12 cur_d=-0.12 vs=-0.00 n=1 [id=25 static=1 gap=4.60m d=-0.16 size=0.34]
1787304560.321 [STATIC_OT] state=TRAILING path_exists=0 path_locked=0 path_ttl_ok=0 path_safe=0 on_spline=0 speed=-0.00 raw_wpnts=0 raw_age=-s decision=TRAILING reason=NO_STATIC_PATH
1787304560.530 [STATIC_OT] state=TRAILING path_exists=0 path_locked=0 path_ttl_ok=0 path_safe=0 on_spline=0 speed=0.06 raw_wpnts=0 raw_age=-s decision=TRAILING reason=NO_STATIC_PATH
1787304560.779 [STATIC_OT] state=TRAILING path_exists=0 path_locked=0 path_ttl_ok=0 path_safe=0 on_spline=0 speed=-0.01 raw_wpnts=0 raw_age=-s decision=TRAILING reason=NO_STATIC_PATH
1787304560.870 [OBSTACLES] cur_s=12.12 cur_d=-0.09 vs=0.06 n=1 [id=25 static=1 gap=4.63m d=-0.16 size=0.28]
1787304561.032 [STATIC_OT] state=TRAILING path_exists=0 path_locked=0 path_ttl_ok=0 path_safe=0 on_spline=0 speed=0.04 raw_wpnts=0 raw_age=-s decision=TRAILING reason=NO_STATIC_PATH
1787304561.281 [STATIC_OT] state=TRAILING path_exists=0 path_locked=0 path_ttl_ok=0 path_safe=0 on_spline=0 speed=0.23 raw_wpnts=0 raw_age=-s decision=TRAILING reason=NO_STATIC_PATH
1787304561.492 [OBSTACLES] cur_s=12.19 cur_d=-0.12 vs=0.31 n=1 [id=25 static=1 gap=4.47m d=-0.16 size=0.47]
1787304561.498 [STATIC_OT] state=TRAILING path_exists=0 path_locked=0 path_ttl_ok=0 path_safe=0 on_spline=0 speed=0.31 raw_wpnts=0 raw_age=-s decision=TRAILING reason=NO_STATIC_PATH
1787304561.803 [STATIC_OT] state=TRAILING path_exists=0 path_locked=0 path_ttl_ok=0 path_safe=0 on_spline=0 speed=0.40 raw_wpnts=0 raw_age=-s decision=TRAILING reason=NO_STATIC_PATH
1787304562.017 [OBSTACLES] cur_s=12.40 cur_d=-0.09 vs=0.42 n=1 [id=25 static=1 gap=4.27m d=-0.16 size=0.45]
1787304562.028 [STATIC_OT] state=TRAILING path_exists=0 path_locked=0 path_ttl_ok=0 path_safe=0 on_spline=0 speed=0.42 raw_wpnts=0 raw_age=-s decision=TRAILING reason=NO_STATIC_PATH
1787304562.251 [STATIC_OT] state=TRAILING path_exists=0 path_locked=0 path_ttl_ok=0 path_safe=0 on_spline=0 speed=0.44 raw_wpnts=0 raw_age=-s decision=TRAILING reason=NO_STATIC_PATH
1787304562.527 [OBSTACLES] cur_s=12.43 cur_d=-0.10 vs=0.45 n=1 [id=25 static=1 gap=4.18m d=-0.16 size=0.57]
1787304562.536 [STATIC_OT] state=TRAILING path_exists=0 path_locked=0 path_ttl_ok=0 path_safe=0 on_spline=0 speed=0.45 raw_wpnts=0 raw_age=-s decision=TRAILING reason=NO_STATIC_PATH
1787304562.745 [STATIC_OT] state=TRAILING path_exists=0 path_locked=0 path_ttl_ok=0 path_safe=0 on_spline=0 speed=0.43 raw_wpnts=0 raw_age=-s decision=TRAILING reason=NO_STATIC_PATH
1787304562.984 [STATIC_OT] state=TRAILING path_exists=0 path_locked=0 path_ttl_ok=0 path_safe=0 on_spline=0 speed=0.44 raw_wpnts=0 raw_age=-s decision=TRAILING reason=NO_STATIC_PATH
1787304563.084 [OBSTACLES] cur_s=12.46 cur_d=-0.05 vs=0.39 n=1 [id=25 static=1 gap=4.15m d=-0.16 size=0.58]
1787304563.188 [STATIC_OT] state=TRAILING path_exists=0 path_locked=0 path_ttl_ok=0 path_safe=0 on_spline=0 speed=0.41 raw_wpnts=0 raw_age=-s decision=TRAILING reason=NO_STATIC_PATH
1787304563.461 [STATIC_OT] state=TRAILING path_exists=0 path_locked=0 path_ttl_ok=0 path_safe=0 on_spline=0 speed=0.41 raw_wpnts=0 raw_age=-s decision=TRAILING reason=NO_STATIC_PATH
1787304563.633 [OBSTACLES] cur_s=12.63 cur_d=0.02 vs=0.41 n=1 [id=25 static=1 gap=3.97m d=-0.16 size=0.60]
1787304563.733 [STATIC_OT] state=TRAILING path_exists=0 path_locked=0 path_ttl_ok=0 path_safe=0 on_spline=0 speed=0.44 raw_wpnts=0 raw_age=-s decision=TRAILING reason=NO_STATIC_PATH
1787304564.008 [STATIC_OT] state=TRAILING path_exists=0 path_locked=0 path_ttl_ok=0 path_safe=0 on_spline=0 speed=0.42 raw_wpnts=0 raw_age=-s decision=TRAILING reason=NO_STATIC_PATH
1787304564.176 [OBSTACLES] cur_s=12.69 cur_d=0.02 vs=0.43 n=1 [id=25 static=1 gap=3.91m d=-0.16 size=0.60]
1787304564.276 [STATIC_OT] state=TRAILING path_exists=0 path_locked=0 path_ttl_ok=0 path_safe=0 on_spline=0 speed=0.43 raw_wpnts=0 raw_age=-s decision=TRAILING reason=NO_STATIC_PATH
1787304564.494 [STATIC_OT] state=TRAILING path_exists=0 path_locked=0 path_ttl_ok=0 path_safe=0 on_spline=0 speed=0.42 raw_wpnts=0 raw_age=-s decision=TRAILING reason=NO_STATIC_PATH
1787304564.703 [OBSTACLES] cur_s=12.58 cur_d=-0.10 vs=0.43 n=1 [id=25 static=1 gap=4.02m d=-0.16 size=0.60]
1787304564.708 [STATIC_OT] state=TRAILING path_exists=0 path_locked=0 path_ttl_ok=0 path_safe=0 on_spline=0 speed=0.43 raw_wpnts=0 raw_age=-s decision=TRAILING reason=NO_STATIC_PATH
1787304564.917 [STATIC_OT] state=TRAILING path_exists=0 path_locked=0 path_ttl_ok=0 path_safe=0 on_spline=0 speed=0.04 raw_wpnts=0 raw_age=-s decision=TRAILING reason=NO_STATIC_PATH
1787304565.150 [STATIC_OT] state=TRAILING path_exists=0 path_locked=0 path_ttl_ok=0 path_safe=0 on_spline=0 speed=0.04 raw_wpnts=0 raw_age=-s decision=TRAILING reason=NO_STATIC_PATH
1787304565.204 [OBSTACLES] cur_s=12.55 cur_d=-0.15 vs=0.03 n=2 [id=25 static=1 gap=4.05m d=-0.16 size=0.60; id=31 static=1 gap=3.59m d=-0.81 size=0.34]
1787304565.443 [STATIC_OT] state=TRAILING path_exists=0 path_locked=0 path_ttl_ok=0 path_safe=0 on_spline=0 speed=0.01 raw_wpnts=0 raw_age=-s decision=TRAILING reason=NO_STATIC_PATH
1787304565.662 [STATIC_OT] state=TRAILING path_exists=0 path_locked=0 path_ttl_ok=0 path_safe=0 on_spline=0 speed=0.01 raw_wpnts=0 raw_age=-s decision=TRAILING reason=NO_STATIC_PATH
1787304565.741 [OBSTACLES] cur_s=12.53 cur_d=-0.16 vs=0.01 n=2 [id=25 static=1 gap=4.08m d=-0.16 size=0.59; id=31 static=1 gap=3.60m d=-0.80 size=0.32]
1787304565.963 [STATIC_OT] state=TRAILING path_exists=0 path_locked=0 path_ttl_ok=0 path_safe=0 on_spline=0 speed=0.01 raw_wpnts=0 raw_age=-s decision=TRAILING reason=NO_STATIC_PATH
1787304566.312 [OBSTACLES] cur_s=12.52 cur_d=-0.16 vs=0.00 n=2 [id=25 static=1 gap=4.09m d=-0.16 size=0.59; id=31 static=1 gap=3.60m d=-0.79 size=0.32]
1787304566.317 [STATIC_OT] state=TRAILING path_exists=0 path_locked=0 path_ttl_ok=0 path_safe=0 on_spline=0 speed=0.00 raw_wpnts=0 raw_age=-s decision=TRAILING reason=NO_STATIC_PATH
1787304566.554 [STATIC_OT] state=TRAILING path_exists=0 path_locked=0 path_ttl_ok=0 path_safe=0 on_spline=0 speed=0.00 raw_wpnts=0 raw_age=-s decision=TRAILING reason=NO_STATIC_PATH
1787304566.803 [STATIC_OT] state=TRAILING path_exists=0 path_locked=0 path_ttl_ok=0 path_safe=0 on_spline=0 speed=0.00 raw_wpnts=0 raw_age=-s decision=TRAILING reason=NO_STATIC_PATH
1787304566.928 [OBSTACLES] cur_s=12.53 cur_d=-0.16 vs=-0.00 n=2 [id=25 static=1 gap=4.09m d=-0.16 size=0.57; id=31 static=1 gap=3.60m d=-0.79 size=0.32]
1787304567.082 [STATIC_OT] state=TRAILING path_exists=0 path_locked=0 path_ttl_ok=0 path_safe=0 on_spline=0 speed=-0.00 raw_wpnts=0 raw_age=-s decision=TRAILING reason=NO_STATIC_PATH
1787304567.310 [STATIC_OT] state=TRAILING path_exists=0 path_locked=0 path_ttl_ok=0 path_safe=0 on_spline=0 speed=-0.00 raw_wpnts=0 raw_age=-s decision=TRAILING reason=NO_STATIC_PATH
1787304567.442 [OBSTACLES] cur_s=12.53 cur_d=-0.17 vs=0.00 n=2 [id=25 static=1 gap=4.08m d=-0.16 size=0.60; id=31 static=1 gap=3.59m d=-0.79 size=0.33]
1787304567.574 [STATIC_OT] state=TRAILING path_exists=0 path_locked=0 path_ttl_ok=0 path_safe=0 on_spline=0 speed=0.00 raw_wpnts=0 raw_age=-s decision=TRAILING reason=NO_STATIC_PATH
1787304567.899 [STATIC_OT] state=TRAILING path_exists=0 path_locked=0 path_ttl_ok=0 path_safe=0 on_spline=0 speed=-0.01 raw_wpnts=0 raw_age=-s decision=TRAILING reason=NO_STATIC_PATH
1787304567.950 [OBSTACLES] cur_s=12.52 cur_d=-0.16 vs=-0.01 n=2 [id=25 static=1 gap=4.09m d=-0.16 size=0.59; id=31 static=1 gap=3.59m d=-0.79 size=0.33]
1787304568.101 [STATIC_OT] state=TRAILING path_exists=0 path_locked=0 path_ttl_ok=0 path_safe=0 on_spline=0 speed=-0.01 raw_wpnts=0 raw_age=-s decision=TRAILING reason=NO_STATIC_PATH
1787304568.379 [STATIC_OT] state=TRAILING path_exists=0 path_locked=0 path_ttl_ok=0 path_safe=0 on_spline=0 speed=-0.00 raw_wpnts=0 raw_age=-s decision=TRAILING reason=NO_STATIC_PATH
1787304568.480 [OBSTACLES] cur_s=12.52 cur_d=-0.16 vs=-0.01 n=2 [id=25 static=1 gap=4.09m d=-0.16 size=0.58; id=31 static=1 gap=3.60m d=-0.78 size=0.33]
1787304568.613 [STATIC_OT] state=TRAILING path_exists=0 path_locked=0 path_ttl_ok=0 path_safe=0 on_spline=0 speed=-0.01 raw_wpnts=0 raw_age=-s decision=TRAILING reason=NO_STATIC_PATH
1787304568.827 [STATIC_OT] state=TRAILING path_exists=0 path_locked=0 path_ttl_ok=0 path_safe=0 on_spline=0 speed=-0.01 raw_wpnts=0 raw_age=-s decision=TRAILING reason=NO_STATIC_PATH
1787304569.039 [OBSTACLES] cur_s=12.52 cur_d=-0.16 vs=-0.01 n=2 [id=25 static=1 gap=4.10m d=-0.15 size=0.57; id=31 static=1 gap=3.59m d=-0.78 size=0.32]
1787304569.048 [STATIC_OT] state=TRAILING path_exists=0 path_locked=0 path_ttl_ok=0 path_safe=0 on_spline=0 speed=-0.01 raw_wpnts=0 raw_age=-s decision=TRAILING reason=NO_STATIC_PATH
1787304569.260 [STATIC_OT] state=TRAILING path_exists=0 path_locked=0 path_ttl_ok=0 path_safe=0 on_spline=0 speed=-0.00 raw_wpnts=0 raw_age=-s decision=TRAILING reason=NO_STATIC_PATH
1787304569.476 [STATIC_OT] state=TRAILING path_exists=0 path_locked=0 path_ttl_ok=0 path_safe=0 on_spline=0 speed=-0.00 raw_wpnts=0 raw_age=-s decision=TRAILING reason=NO_STATIC_PATH
1787304569.570 [OBSTACLES] cur_s=12.54 cur_d=-0.15 vs=-0.00 n=2 [id=25 static=1 gap=4.08m d=-0.15 size=0.57; id=31 static=1 gap=3.56m d=-0.78 size=0.35]
1787304569.764 [STATIC_OT] state=TRAILING path_exists=0 path_locked=0 path_ttl_ok=0 path_safe=0 on_spline=0 speed=-0.01 raw_wpnts=0 raw_age=-s decision=TRAILING reason=NO_STATIC_PATH
1787304570.043 [STATIC_OT] state=TRAILING path_exists=0 path_locked=0 path_ttl_ok=0 path_safe=0 on_spline=0 speed=0.00 raw_wpnts=0 raw_age=-s decision=TRAILING reason=NO_STATIC_PATH
1787304570.122 [OBSTACLES] cur_s=12.56 cur_d=-0.15 vs=0.00 n=2 [id=25 static=1 gap=4.06m d=-0.15 size=0.58; id=31 static=1 gap=3.55m d=-0.79 size=0.34]
1787304570.244 [STATIC_OT] state=TRAILING path_exists=0 path_locked=0 path_ttl_ok=0 path_safe=0 on_spline=0 speed=0.00 raw_wpnts=0 raw_age=-s decision=TRAILING reason=NO_STATIC_PATH
1787304570.453 [STATIC_OT] state=TRAILING path_exists=0 path_locked=0 path_ttl_ok=0 path_safe=0 on_spline=0 speed=0.00 raw_wpnts=0 raw_age=-s decision=TRAILING reason=NO_STATIC_PATH
1787304570.669 [OBSTACLES] cur_s=12.51 cur_d=-0.17 vs=-0.01 n=2 [id=25 static=1 gap=4.11m d=-0.15 size=0.58; id=31 static=1 gap=3.60m d=-0.79 size=0.34]
1787304570.673 [STATIC_OT] state=TRAILING path_exists=0 path_locked=0 path_ttl_ok=0 path_safe=0 on_spline=0 speed=-0.01 raw_wpnts=0 raw_age=-s decision=TRAILING reason=NO_STATIC_PATH
1787304570.934 [STATIC_OT] state=TRAILING path_exists=0 path_locked=0 path_ttl_ok=0 path_safe=0 on_spline=0 speed=0.00 raw_wpnts=0 raw_age=-s decision=TRAILING reason=NO_STATIC_PATH
1787304571.150 [STATIC_OT] state=TRAILING path_exists=0 path_locked=0 path_ttl_ok=0 path_safe=0 on_spline=0 speed=-0.01 raw_wpnts=0 raw_age=-s decision=TRAILING reason=NO_STATIC_PATH
1787304571.204 [OBSTACLES] cur_s=12.52 cur_d=-0.15 vs=-0.01 n=2 [id=25 static=1 gap=4.10m d=-0.15 size=0.57; id=31 static=1 gap=3.60m d=-0.79 size=0.31]
1787304571.488 [STATIC_OT] state=TRAILING path_exists=0 path_locked=0 path_ttl_ok=0 path_safe=0 on_spline=0 speed=0.16 raw_wpnts=0 raw_age=-s decision=TRAILING reason=NO_STATIC_PATH
1787304571.733 [OBSTACLES] cur_s=12.59 cur_d=-0.12 vs=0.20 n=2 [id=25 static=1 gap=4.03m d=-0.15 size=0.57; id=31 static=1 gap=3.52m d=-0.79 size=0.33]
1787304571.743 [STATIC_OT] state=TRAILING path_exists=0 path_locked=0 path_ttl_ok=0 path_safe=0 on_spline=0 speed=0.20 raw_wpnts=0 raw_age=-s decision=TRAILING reason=NO_STATIC_PATH
1787304571.974 [STATIC_OT] state=TRAILING path_exists=0 path_locked=0 path_ttl_ok=0 path_safe=0 on_spline=0 speed=0.21 raw_wpnts=0 raw_age=-s decision=TRAILING reason=NO_STATIC_PATH
1787304572.182 [STATIC_OT] state=TRAILING path_exists=0 path_locked=0 path_ttl_ok=0 path_safe=0 on_spline=0 speed=0.42 raw_wpnts=0 raw_age=-s decision=TRAILING reason=NO_STATIC_PATH
1787304572.253 [OBSTACLES] cur_s=12.62 cur_d=-0.09 vs=0.50 n=2 [id=25 static=1 gap=3.99m d=-0.15 size=0.58; id=31 static=1 gap=3.49m d=-0.78 size=0.33]
1787304572.443 [STATIC_OT] state=TRAILING path_exists=0 path_locked=0 path_ttl_ok=0 path_safe=0 on_spline=0 speed=0.62 raw_wpnts=0 raw_age=-s decision=TRAILING reason=NO_STATIC_PATH
1787304572.674 [STATIC_OT] state=TRAILING path_exists=0 path_locked=0 path_ttl_ok=0 path_safe=0 on_spline=0 speed=0.66 raw_wpnts=0 raw_age=-s decision=TRAILING reason=NO_STATIC_PATH
1787304572.772 [OBSTACLES] cur_s=12.71 cur_d=-0.04 vs=0.66 n=2 [id=25 static=1 gap=3.91m d=-0.15 size=0.58; id=31 static=1 gap=3.42m d=-0.77 size=0.28]
1787304572.882 [STATIC_OT] state=TRAILING path_exists=0 path_locked=0 path_ttl_ok=0 path_safe=0 on_spline=0 speed=0.66 raw_wpnts=0 raw_age=-s decision=TRAILING reason=NO_STATIC_PATH
1787304573.082 [STATIC_OT] state=TRAILING path_exists=0 path_locked=0 path_ttl_ok=0 path_safe=0 on_spline=0 speed=0.68 raw_wpnts=0 raw_age=-s decision=TRAILING reason=NO_STATIC_PATH
1787304573.284 [OBSTACLES] cur_s=12.66 cur_d=-0.07 vs=0.68 n=2 [id=25 static=1 gap=3.94m d=-0.15 size=0.59; id=31 static=1 gap=3.46m d=-0.77 size=0.28]
1787304573.292 [STATIC_OT] state=TRAILING path_exists=0 path_locked=0 path_ttl_ok=0 path_safe=0 on_spline=0 speed=0.68 raw_wpnts=0 raw_age=-s decision=TRAILING reason=NO_STATIC_PATH
1787304573.538 [STATIC_OT] state=TRAILING path_exists=0 path_locked=0 path_ttl_ok=0 path_safe=0 on_spline=0 speed=0.70 raw_wpnts=0 raw_age=-s decision=TRAILING reason=NO_STATIC_PATH
1787304573.777 [STATIC_OT] state=TRAILING path_exists=0 path_locked=0 path_ttl_ok=0 path_safe=0 on_spline=0 speed=0.72 raw_wpnts=0 raw_age=-s decision=TRAILING reason=NO_STATIC_PATH
1787304573.854 [OBSTACLES] cur_s=12.89 cur_d=0.02 vs=0.72 n=3 [id=25 static=1 gap=3.89m d=-0.15 size=0.23; id=31 static=1 gap=3.22m d=-0.77 size=0.28; id=32 static=1 gap=2.67m d=-0.25 size=0.28]
1787304574.039 [STATIC_OT] state=TRAILING path_exists=0 path_locked=0 path_ttl_ok=0 path_safe=0 on_spline=0 speed=0.74 raw_wpnts=0 raw_age=-s decision=TRAILING reason=NO_STATIC_PATH
1787304574.358 [OBSTACLES] cur_s=13.01 cur_d=0.07 vs=0.67 n=2 [id=25 static=1 gap=3.64m d=-0.15 size=0.52; id=32 static=1 gap=2.44m d=-0.19 size=0.28]
1787304574.370 [STATIC_OT] state=TRAILING path_exists=0 path_locked=0 path_ttl_ok=0 path_safe=0 on_spline=0 speed=0.67 raw_wpnts=0 raw_age=-s decision=TRAILING reason=NO_STATIC_PATH
1787304574.710 [STATIC_OT] state=TRAILING path_exists=0 path_locked=0 path_ttl_ok=0 path_safe=0 on_spline=0 speed=0.57 raw_wpnts=0 raw_age=-s decision=TRAILING reason=NO_STATIC_PATH
1787304574.866 [OBSTACLES] cur_s=13.39 cur_d=0.17 vs=0.28 n=2 [id=25 static=1 gap=3.24m d=-0.15 size=0.54; id=32 static=1 gap=1.99m d=-0.16 size=0.26]
1787304575.002 [STATIC_OT] state=TRAILING path_exists=0 path_locked=0 path_ttl_ok=0 path_safe=0 on_spline=0 speed=0.01 raw_wpnts=0 raw_age=-s decision=TRAILING reason=NO_STATIC_PATH
1787304575.235 [STATIC_OT] state=TRAILING path_exists=0 path_locked=0 path_ttl_ok=0 path_safe=0 on_spline=0 speed=0.00 raw_wpnts=0 raw_age=-s decision=TRAILING reason=NO_STATIC_PATH
1787304575.429 [OBSTACLES] cur_s=13.42 cur_d=0.18 vs=0.00 n=2 [id=25 static=1 gap=3.21m d=-0.15 size=0.56; id=32 static=1 gap=1.91m d=-0.14 size=0.28]
1787304575.442 [STATIC_OT] state=TRAILING path_exists=0 path_locked=0 path_ttl_ok=0 path_safe=0 on_spline=0 speed=0.00 raw_wpnts=0 raw_age=-s decision=TRAILING reason=NO_STATIC_PATH
1787304575.743 [STATIC_OT] state=TRAILING path_exists=0 path_locked=0 path_ttl_ok=0 path_safe=0 on_spline=0 speed=0.00 raw_wpnts=0 raw_age=-s decision=TRAILING reason=NO_STATIC_PATH
1787304576.052 [OBSTACLES] cur_s=13.42 cur_d=0.20 vs=-0.00 n=2 [id=25 static=1 gap=3.20m d=-0.15 size=0.56; id=32 static=1 gap=1.90m d=-0.13 size=0.26]
1787304576.054 [STATIC_OT] state=TRAILING path_exists=0 path_locked=0 path_ttl_ok=0 path_safe=0 on_spline=0 speed=-0.00 raw_wpnts=0 raw_age=-s decision=TRAILING reason=NO_STATIC_PATH
1787304576.295 [STATIC_OT] state=TRAILING path_exists=0 path_locked=0 path_ttl_ok=0 path_safe=0 on_spline=0 speed=-0.01 raw_wpnts=0 raw_age=-s decision=TRAILING reason=NO_STATIC_PATH
1787304576.499 [STATIC_OT] state=TRAILING path_exists=0 path_locked=0 path_ttl_ok=0 path_safe=0 on_spline=0 speed=0.00 raw_wpnts=0 raw_age=-s decision=TRAILING reason=NO_STATIC_PATH
1787304576.799 [OBSTACLES] cur_s=13.39 cur_d=0.18 vs=-0.00 n=1 [id=32 static=1 gap=1.91m d=-0.12 size=0.26]
1787304576.804 [STATIC_OT] state=TRAILING path_exists=0 path_locked=0 path_ttl_ok=0 path_safe=0 on_spline=0 speed=-0.00 raw_wpnts=0 raw_age=-s decision=TRAILING reason=NO_STATIC_PATH
1787304577.030 [STATIC_OT] state=TRAILING path_exists=0 path_locked=0 path_ttl_ok=0 path_safe=0 on_spline=0 speed=-0.00 raw_wpnts=0 raw_age=-s decision=TRAILING reason=NO_STATIC_PATH
1787304577.250 [STATIC_OT] state=TRAILING path_exists=0 path_locked=0 path_ttl_ok=0 path_safe=0 on_spline=0 speed=-0.00 raw_wpnts=0 raw_age=-s decision=TRAILING reason=NO_STATIC_PATH
1787304577.424 [OBSTACLES] cur_s=13.40 cur_d=0.19 vs=-0.00 n=1 [id=32 static=1 gap=1.89m d=-0.11 size=0.24]
1787304577.500 [STATIC_OT] state=TRAILING path_exists=0 path_locked=0 path_ttl_ok=0 path_safe=0 on_spline=0 speed=-0.00 raw_wpnts=0 raw_age=-s decision=TRAILING reason=NO_STATIC_PATH
1787304577.783 [STATIC_OT] state=TRAILING path_exists=0 path_locked=0 path_ttl_ok=0 path_safe=0 on_spline=0 speed=-0.00 raw_wpnts=0 raw_age=-s decision=TRAILING reason=NO_STATIC_PATH
1787304577.952 [OBSTACLES] cur_s=13.40 cur_d=0.19 vs=-0.00 n=1 [id=32 static=1 gap=1.88m d=-0.11 size=0.25]
1787304577.994 [STATIC_OT] state=TRAILING path_exists=0 path_locked=0 path_ttl_ok=0 path_safe=0 on_spline=0 speed=-0.00 raw_wpnts=0 raw_age=-s decision=TRAILING reason=NO_STATIC_PATH
1787304578.230 [STATIC_OT] state=TRAILING path_exists=0 path_locked=0 path_ttl_ok=0 path_safe=0 on_spline=0 speed=0.00 raw_wpnts=0 raw_age=-s decision=TRAILING reason=NO_STATIC_PATH
1787304578.453 [STATIC_OT] state=TRAILING path_exists=0 path_locked=0 path_ttl_ok=0 path_safe=0 on_spline=0 speed=-0.00 raw_wpnts=0 raw_age=-s decision=TRAILING reason=NO_STATIC_PATH
1787304578.484 [OBSTACLES] cur_s=13.42 cur_d=0.19 vs=-0.00 n=1 [id=32 static=1 gap=1.87m d=-0.11 size=0.25]
1787304578.673 [STATIC_OT] state=TRAILING path_exists=0 path_locked=0 path_ttl_ok=0 path_safe=0 on_spline=0 speed=-0.00 raw_wpnts=0 raw_age=-s decision=TRAILING reason=NO_STATIC_PATH
1787304578.926 [STATIC_OT] state=TRAILING path_exists=0 path_locked=0 path_ttl_ok=0 path_safe=0 on_spline=0 speed=-0.00 raw_wpnts=0 raw_age=-s decision=TRAILING reason=NO_STATIC_PATH
1787304579.027 [OBSTACLES] cur_s=13.41 cur_d=0.18 vs=0.00 n=1 [id=32 static=1 gap=1.87m d=-0.11 size=0.25]
1787304579.145 [STATIC_OT] state=TRAILING path_exists=0 path_locked=0 path_ttl_ok=0 path_safe=0 on_spline=0 speed=0.00 raw_wpnts=0 raw_age=-s decision=TRAILING reason=NO_STATIC_PATH
1787304579.428 [STATIC_OT] state=TRAILING path_exists=0 path_locked=0 path_ttl_ok=0 path_safe=0 on_spline=0 speed=-0.00 raw_wpnts=0 raw_age=-s decision=TRAILING reason=NO_STATIC_PATH
1787304579.583 [OBSTACLES] cur_s=13.38 cur_d=0.17 vs=0.00 n=1 [id=32 static=1 gap=1.89m d=-0.11 size=0.26]
1787304579.742 [STATIC_OT] state=TRAILING path_exists=0 path_locked=0 path_ttl_ok=0 path_safe=0 on_spline=0 speed=-0.00 raw_wpnts=0 raw_age=-s decision=TRAILING reason=NO_STATIC_PATH
1787304579.969 [STATIC_OT] state=TRAILING path_exists=0 path_locked=0 path_ttl_ok=0 path_safe=0 on_spline=0 speed=-0.00 raw_wpnts=0 raw_age=-s decision=TRAILING reason=NO_STATIC_PATH
1787304580.099 [OBSTACLES] cur_s=13.38 cur_d=0.18 vs=0.00 n=1 [id=32 static=1 gap=1.89m d=-0.10 size=0.26]
1787304580.188 [STATIC_OT] state=TRAILING path_exists=0 path_locked=0 path_ttl_ok=0 path_safe=0 on_spline=0 speed=0.00 raw_wpnts=0 raw_age=-s decision=TRAILING reason=NO_STATIC_PATH
1787304580.412 [STATIC_OT] state=TRAILING path_exists=0 path_locked=0 path_ttl_ok=0 path_safe=0 on_spline=0 speed=0.00 raw_wpnts=0 raw_age=-s decision=TRAILING reason=NO_STATIC_PATH
1787304580.686 [OBSTACLES] cur_s=13.41 cur_d=0.19 vs=-0.00 n=1 [id=32 static=1 gap=1.85m d=-0.10 size=0.26]
1787304580.688 [STATIC_OT] state=TRAILING path_exists=0 path_locked=0 path_ttl_ok=0 path_safe=0 on_spline=0 speed=-0.00 raw_wpnts=0 raw_age=-s decision=TRAILING reason=NO_STATIC_PATH
1787304580.934 [STATIC_OT] state=TRAILING path_exists=0 path_locked=0 path_ttl_ok=0 path_safe=0 on_spline=0 speed=-0.00 raw_wpnts=0 raw_age=-s decision=TRAILING reason=NO_STATIC_PATH
1787304581.194 [STATIC_OT] state=TRAILING path_exists=0 path_locked=0 path_ttl_ok=0 path_safe=0 on_spline=0 speed=-0.00 raw_wpnts=0 raw_age=-s decision=TRAILING reason=NO_STATIC_PATH
1787304581.291 [OBSTACLES] cur_s=13.41 cur_d=0.19 vs=-0.00 n=1 [id=32 static=1 gap=1.85m d=-0.10 size=0.26]
1787304581.407 [STATIC_OT] state=TRAILING path_exists=0 path_locked=0 path_ttl_ok=0 path_safe=0 on_spline=0 speed=0.00 raw_wpnts=0 raw_age=-s decision=TRAILING reason=NO_STATIC_PATH
1787304581.831 [OBSTACLES] cur_s=13.41 cur_d=0.18 vs=-0.00 n=1 [id=32 static=1 gap=1.86m d=-0.10 size=0.25]
1787304581.833 [STATIC_OT] state=TRAILING path_exists=0 path_locked=0 path_ttl_ok=0 path_safe=0 on_spline=0 speed=-0.00 raw_wpnts=0 raw_age=-s decision=TRAILING reason=NO_STATIC_PATH
1787304582.044 [STATIC_OT] state=TRAILING path_exists=0 path_locked=0 path_ttl_ok=0 path_safe=0 on_spline=0 speed=0.00 raw_wpnts=0 raw_age=-s decision=TRAILING reason=NO_STATIC_PATH
1787304582.257 [STATIC_OT] state=TRAILING path_exists=0 path_locked=0 path_ttl_ok=0 path_safe=0 on_spline=0 speed=0.00 raw_wpnts=0 raw_age=-s decision=TRAILING reason=NO_STATIC_PATH
1787304582.365 [OBSTACLES] cur_s=13.41 cur_d=0.17 vs=0.00 n=1 [id=32 static=1 gap=1.85m d=-0.10 size=0.26]
1787304582.520 [STATIC_OT] state=TRAILING path_exists=0 path_locked=0 path_ttl_ok=0 path_safe=0 on_spline=0 speed=-0.00 raw_wpnts=0 raw_age=-s decision=TRAILING reason=NO_STATIC_PATH
1787304582.728 [STATIC_OT] state=TRAILING path_exists=0 path_locked=0 path_ttl_ok=0 path_safe=0 on_spline=0 speed=0.00 raw_wpnts=0 raw_age=-s decision=TRAILING reason=NO_STATIC_PATH
1787304582.909 [OBSTACLES] cur_s=13.40 cur_d=0.19 vs=-0.00 n=1 [id=32 static=1 gap=1.86m d=-0.10 size=0.26]
1787304583.071 [STATIC_OT] state=TRAILING path_exists=0 path_locked=0 path_ttl_ok=0 path_safe=0 on_spline=0 speed=0.00 raw_wpnts=0 raw_age=-s decision=TRAILING reason=NO_STATIC_PATH
1787304583.320 [STATIC_OT] state=TRAILING path_exists=0 path_locked=0 path_ttl_ok=0 path_safe=0 on_spline=0 speed=0.00 raw_wpnts=0 raw_age=-s decision=TRAILING reason=NO_STATIC_PATH
1787304583.470 [OBSTACLES] cur_s=13.39 cur_d=0.18 vs=-0.00 n=1 [id=32 static=1 gap=1.86m d=-0.10 size=0.26]
1787304583.649 [STATIC_OT] state=TRAILING path_exists=0 path_locked=0 path_ttl_ok=0 path_safe=0 on_spline=0 speed=-0.08 raw_wpnts=0 raw_age=-s decision=TRAILING reason=NO_STATIC_PATH
1787304583.982 [STATIC_OT] state=TRAILING path_exists=0 path_locked=0 path_ttl_ok=0 path_safe=0 on_spline=0 speed=-0.09 raw_wpnts=0 raw_age=-s decision=TRAILING reason=NO_STATIC_PATH
1787304584.162 [OBSTACLES] cur_s=13.36 cur_d=0.18 vs=-0.00 n=2 [id=32 static=1 gap=1.91m d=-0.10 size=0.24; id=34 static=1 gap=3.28m d=-0.20 size=0.54]
1787304584.301 [STATIC_OT] state=TRAILING path_exists=0 path_locked=0 path_ttl_ok=0 path_safe=0 on_spline=0 speed=-0.11 raw_wpnts=0 raw_age=-s decision=TRAILING reason=NO_STATIC_PATH
1787304584.502 [STATIC_OT] state=TRAILING path_exists=0 path_locked=0 path_ttl_ok=0 path_safe=0 on_spline=0 speed=-0.22 raw_wpnts=0 raw_age=-s decision=TRAILING reason=NO_STATIC_PATH
1787304584.690 [OBSTACLES] cur_s=13.25 cur_d=0.14 vs=-0.44 n=2 [id=32 static=1 gap=2.00m d=-0.10 size=0.26; id=34 static=1 gap=3.44m d=-0.23 size=0.43]
1787304584.752 [STATIC_OT] state=TRAILING path_exists=0 path_locked=0 path_ttl_ok=0 path_safe=0 on_spline=0 speed=-0.48 raw_wpnts=0 raw_age=-s decision=TRAILING reason=NO_STATIC_PATH
1787304584.952 [STATIC_OT] state=TRAILING path_exists=0 path_locked=0 path_ttl_ok=0 path_safe=0 on_spline=0 speed=-0.07 raw_wpnts=0 raw_age=-s decision=TRAILING reason=NO_STATIC_PATH
1787304585.214 [OBSTACLES] cur_s=13.15 cur_d=0.10 vs=-0.14 n=2 [id=32 static=1 gap=2.11m d=-0.10 size=0.26; id=34 static=1 gap=3.55m d=-0.26 size=0.42]
1787304585.217 [STATIC_OT] state=TRAILING path_exists=0 path_locked=0 path_ttl_ok=0 path_safe=0 on_spline=0 speed=-0.14 raw_wpnts=0 raw_age=-s decision=TRAILING reason=NO_STATIC_PATH
1787304585.437 [STATIC_OT] state=TRAILING path_exists=0 path_locked=0 path_ttl_ok=0 path_safe=0 on_spline=0 speed=-0.26 raw_wpnts=0 raw_age=-s decision=TRAILING reason=NO_STATIC_PATH
1787304585.676 [STATIC_OT] state=TRAILING path_exists=0 path_locked=0 path_ttl_ok=0 path_safe=0 on_spline=0 speed=-0.65 raw_wpnts=0 raw_age=-s decision=TRAILING reason=NO_STATIC_PATH
1787304585.765 [OBSTACLES] cur_s=12.98 cur_d=0.06 vs=-0.69 n=2 [id=32 static=1 gap=2.28m d=-0.10 size=0.25; id=34 static=1 gap=3.75m d=-0.27 size=0.33]
1787304585.892 [STATIC_OT] state=TRAILING path_exists=0 path_locked=0 path_ttl_ok=0 path_safe=0 on_spline=0 speed=-0.74 raw_wpnts=0 raw_age=-s decision=TRAILING reason=NO_STATIC_PATH
1787304586.233 [STATIC_OT] state=TRAILING path_exists=0 path_locked=0 path_ttl_ok=0 path_safe=0 on_spline=0 speed=-0.82 raw_wpnts=0 raw_age=-s decision=TRAILING reason=NO_STATIC_PATH
1787304586.296 [OBSTACLES] cur_s=12.50 cur_d=-0.20 vs=-0.78 n=3 [id=32 static=1 gap=2.77m d=-0.10 size=0.27; id=34 static=1 gap=4.26m d=-0.24 size=0.22; id=35 static=1 gap=4.00m d=0.10 size=0.24]
1787304586.473 [STATIC_OT] state=TRAILING path_exists=0 path_locked=0 path_ttl_ok=0 path_safe=0 on_spline=0 speed=-0.79 raw_wpnts=0 raw_age=-s decision=TRAILING reason=NO_STATIC_PATH
1787304586.718 [STATIC_OT] state=TRAILING path_exists=0 path_locked=0 path_ttl_ok=0 path_safe=0 on_spline=0 speed=-0.81 raw_wpnts=0 raw_age=-s decision=TRAILING reason=NO_STATIC_PATH
1787304586.828 [OBSTACLES] cur_s=12.29 cur_d=-0.25 vs=-0.59 n=3 [id=32 static=1 gap=2.97m d=-0.11 size=0.29; id=34 static=1 gap=4.27m d=-0.26 size=0.59; id=35 static=1 gap=4.16m d=0.09 size=0.34]
1787304586.991 [STATIC_OT] state=TRAILING path_exists=0 path_locked=0 path_ttl_ok=0 path_safe=0 on_spline=0 speed=-0.54 raw_wpnts=0 raw_age=-s decision=TRAILING reason=NO_STATIC_PATH
1787304587.255 [STATIC_OT] state=TRAILING path_exists=0 path_locked=0 path_ttl_ok=0 path_safe=0 on_spline=0 speed=-0.32 raw_wpnts=0 raw_age=-s decision=TRAILING reason=NO_STATIC_PATH
1787304587.371 [OBSTACLES] cur_s=12.38 cur_d=-0.12 vs=-0.31 n=4 [id=34 static=0 gap=4.27m d=-0.00 size=0.59; id=32 static=1 gap=2.88m d=-0.11 size=0.29; id=35 static=1 gap=4.07m d=0.09 size=0.34; id=36 static=1 gap=3.33m d=-0.42 size=0.33]
1787304587.494 [STATIC_OT] state=TRAILING path_exists=0 path_locked=0 path_ttl_ok=0 path_safe=0 on_spline=0 speed=-0.31 raw_wpnts=0 raw_age=-s decision=TRAILING reason=NO_STATIC_PATH
1787304587.714 [STATIC_OT] state=TRAILING path_exists=0 path_locked=0 path_ttl_ok=0 path_safe=0 on_spline=0 speed=-0.31 raw_wpnts=0 raw_age=-s decision=TRAILING reason=NO_STATIC_PATH
1787304587.931 [OBSTACLES] cur_s=12.35 cur_d=-0.12 vs=-0.04 n=3 [id=34 static=1 gap=4.21m d=-0.23 size=0.58; id=32 static=1 gap=2.91m d=-0.11 size=0.29; id=36 static=1 gap=3.46m d=-0.48 size=0.32]
1787304587.936 [STATIC_OT] state=TRAILING path_exists=0 path_locked=0 path_ttl_ok=0 path_safe=0 on_spline=0 speed=-0.04 raw_wpnts=0 raw_age=-s decision=TRAILING reason=NO_STATIC_PATH
1787304588.148 [STATIC_OT] state=TRAILING path_exists=0 path_locked=0 path_ttl_ok=0 path_safe=0 on_spline=0 speed=-0.04 raw_wpnts=0 raw_age=-s decision=TRAILING reason=NO_STATIC_PATH
1787304588.540 [OBSTACLES] cur_s=12.49 cur_d=-0.01 vs=-0.03 n=2 [id=34 static=1 gap=4.07m d=-0.23 size=0.58; id=36 static=1 gap=3.38m d=-0.54 size=0.32]
1787304588.552 [STATIC_OT] state=TRAILING path_exists=0 path_locked=0 path_ttl_ok=0 path_safe=0 on_spline=0 speed=-0.03 raw_wpnts=0 raw_age=-s decision=TRAILING reason=NO_STATIC_PATH
1787304588.854 [STATIC_OT] state=TRAILING path_exists=0 path_locked=0 path_ttl_ok=0 path_safe=0 on_spline=0 speed=-0.02 raw_wpnts=0 raw_age=-s decision=TRAILING reason=NO_STATIC_PATH
1787304589.074 [OBSTACLES] cur_s=12.55 cur_d=0.02 vs=-0.02 n=2 [id=34 static=1 gap=4.03m d=-0.22 size=0.56; id=36 static=1 gap=3.29m d=-0.60 size=0.47]
1787304589.082 [STATIC_OT] state=TRAILING path_exists=0 path_locked=0 path_ttl_ok=0 path_safe=0 on_spline=0 speed=-0.02 raw_wpnts=0 raw_age=-s decision=TRAILING reason=NO_STATIC_PATH
1787304589.295 [STATIC_OT] state=TRAILING path_exists=0 path_locked=0 path_ttl_ok=0 path_safe=0 on_spline=0 speed=-0.01 raw_wpnts=0 raw_age=-s decision=TRAILING reason=NO_STATIC_PATH
1787304589.534 [STATIC_OT] state=TRAILING path_exists=0 path_locked=0 path_ttl_ok=0 path_safe=0 on_spline=0 speed=-0.01 raw_wpnts=0 raw_age=-s decision=TRAILING reason=NO_STATIC_PATH
1787304589.580 [OBSTACLES] cur_s=12.57 cur_d=0.03 vs=-0.00 n=2 [id=34 static=1 gap=4.02m d=-0.21 size=0.56; id=36 static=1 gap=3.30m d=-0.65 size=0.47]
1787304589.743 [STATIC_OT] state=TRAILING path_exists=0 path_locked=0 path_ttl_ok=0 path_safe=0 on_spline=0 speed=-0.00 raw_wpnts=0 raw_age=-s decision=TRAILING reason=NO_STATIC_PATH
1787304589.983 [STATIC_OT] state=TRAILING path_exists=0 path_locked=0 path_ttl_ok=0 path_safe=0 on_spline=0 speed=0.00 raw_wpnts=0 raw_age=-s decision=TRAILING reason=NO_STATIC_PATH
1787304590.092 [OBSTACLES] cur_s=12.62 cur_d=0.07 vs=-0.00 n=2 [id=34 static=1 gap=3.96m d=-0.20 size=0.58; id=36 static=1 gap=3.27m d=-0.69 size=0.48]
1787304590.184 [STATIC_OT] state=TRAILING path_exists=0 path_locked=0 path_ttl_ok=0 path_safe=0 on_spline=0 speed=-0.00 raw_wpnts=0 raw_age=-s decision=TRAILING reason=NO_STATIC_PATH
1787304590.452 [STATIC_OT] state=TRAILING path_exists=0 path_locked=0 path_ttl_ok=0 path_safe=0 on_spline=0 speed=-0.00 raw_wpnts=0 raw_age=-s decision=TRAILING reason=NO_STATIC_PATH
1787304590.596 [OBSTACLES] cur_s=12.60 cur_d=0.06 vs=-0.00 n=2 [id=34 static=1 gap=3.99m d=-0.19 size=0.58; id=36 static=1 gap=3.32m d=-0.70 size=0.44]
1787304590.676 [STATIC_OT] state=TRAILING path_exists=0 path_locked=0 path_ttl_ok=0 path_safe=0 on_spline=0 speed=-0.00 raw_wpnts=0 raw_age=-s decision=TRAILING reason=NO_STATIC_PATH
1787304590.929 [STATIC_OT] state=TRAILING path_exists=0 path_locked=0 path_ttl_ok=0 path_safe=0 on_spline=0 speed=0.00 raw_wpnts=0 raw_age=-s decision=TRAILING reason=NO_STATIC_PATH
1787304591.151 [OBSTACLES] cur_s=12.66 cur_d=0.09 vs=0.00 n=2 [id=34 static=1 gap=3.99m d=-0.18 size=0.45; id=36 static=1 gap=3.26m d=-0.71 size=0.46]
1787304591.153 [STATIC_OT] state=TRAILING path_exists=0 path_locked=0 path_ttl_ok=0 path_safe=0 on_spline=0 speed=0.00 raw_wpnts=0 raw_age=-s decision=TRAILING reason=NO_STATIC_PATH
1787304591.394 [STATIC_OT] state=TRAILING path_exists=0 path_locked=0 path_ttl_ok=0 path_safe=0 on_spline=0 speed=0.00 raw_wpnts=0 raw_age=-s decision=TRAILING reason=NO_STATIC_PATH
1787304591.609 [STATIC_OT] state=TRAILING path_exists=0 path_locked=0 path_ttl_ok=0 path_safe=0 on_spline=0 speed=-0.00 raw_wpnts=0 raw_age=-s decision=TRAILING reason=NO_STATIC_PATH
1787304591.653 [OBSTACLES] cur_s=12.67 cur_d=0.11 vs=-0.00 n=2 [id=34 static=1 gap=3.92m d=-0.16 size=0.59; id=36 static=1 gap=3.24m d=-0.72 size=0.47]
1787304591.923 [STATIC_OT] state=TRAILING path_exists=0 path_locked=0 path_ttl_ok=0 path_safe=0 on_spline=0 speed=0.01 raw_wpnts=0 raw_age=-s decision=TRAILING reason=NO_STATIC_PATH
1787304592.151 [STATIC_OT] state=TRAILING path_exists=0 path_locked=0 path_ttl_ok=0 path_safe=0 on_spline=0 speed=0.01 raw_wpnts=0 raw_age=-s decision=TRAILING reason=NO_STATIC_PATH
1787304592.179 [OBSTACLES] cur_s=12.62 cur_d=0.06 vs=0.01 n=2 [id=34 static=1 gap=4.00m d=-0.15 size=0.53; id=36 static=1 gap=3.30m d=-0.72 size=0.47]
1787304592.747 [OBSTACLES] cur_s=12.61 cur_d=0.07 vs=-0.00 n=2 [id=34 static=1 gap=4.00m d=-0.15 size=0.57; id=36 static=1 gap=3.33m d=-0.74 size=0.46]
1787304592.764 [STATIC_OT] state=TRAILING path_exists=0 path_locked=0 path_ttl_ok=0 path_safe=0 on_spline=0 speed=-0.00 raw_wpnts=0 raw_age=-s decision=TRAILING reason=NO_STATIC_PATH
1787304593.025 [STATIC_OT] state=TRAILING path_exists=0 path_locked=0 path_ttl_ok=0 path_safe=0 on_spline=0 speed=0.00 raw_wpnts=0 raw_age=-s decision=TRAILING reason=NO_STATIC_PATH
1787304593.299 [OBSTACLES] cur_s=12.63 cur_d=0.06 vs=0.01 n=2 [id=34 static=1 gap=4.06m d=-0.14 size=0.40; id=36 static=1 gap=3.31m d=-0.75 size=0.47]
1787304593.302 [STATIC_OT] state=TRAILING path_exists=0 path_locked=0 path_ttl_ok=0 path_safe=0 on_spline=0 speed=0.01 raw_wpnts=0 raw_age=-s decision=TRAILING reason=NO_STATIC_PATH
1787304593.550 [STATIC_OT] state=TRAILING path_exists=0 path_locked=0 path_ttl_ok=0 path_safe=0 on_spline=0 speed=0.01 raw_wpnts=0 raw_age=-s decision=TRAILING reason=NO_STATIC_PATH
1787304593.752 [STATIC_OT] state=TRAILING path_exists=0 path_locked=0 path_ttl_ok=0 path_safe=0 on_spline=0 speed=-0.00 raw_wpnts=0 raw_age=-s decision=TRAILING reason=NO_STATIC_PATH
1787304593.844 [OBSTACLES] cur_s=12.65 cur_d=0.09 vs=-0.00 n=2 [id=34 static=1 gap=3.95m d=-0.14 size=0.59; id=36 static=1 gap=3.30m d=-0.75 size=0.47]
1787304593.969 [STATIC_OT] state=TRAILING path_exists=0 path_locked=0 path_ttl_ok=0 path_safe=0 on_spline=0 speed=-0.00 raw_wpnts=0 raw_age=-s decision=TRAILING reason=NO_STATIC_PATH
1787304594.216 [STATIC_OT] state=TRAILING path_exists=0 path_locked=0 path_ttl_ok=0 path_safe=0 on_spline=0 speed=0.01 raw_wpnts=0 raw_age=-s decision=TRAILING reason=NO_STATIC_PATH
1787304594.377 [OBSTACLES] cur_s=12.61 cur_d=0.06 vs=0.00 n=2 [id=34 static=1 gap=4.01m d=-0.14 size=0.55; id=36 static=1 gap=3.33m d=-0.76 size=0.47]
1787304594.427 [STATIC_OT] state=TRAILING path_exists=0 path_locked=0 path_ttl_ok=0 path_safe=0 on_spline=0 speed=0.00 raw_wpnts=0 raw_age=-s decision=TRAILING reason=NO_STATIC_PATH
1787304594.637 [STATIC_OT] state=TRAILING path_exists=0 path_locked=0 path_ttl_ok=0 path_safe=0 on_spline=0 speed=0.00 raw_wpnts=0 raw_age=-s decision=TRAILING reason=NO_STATIC_PATH
1787304594.949 [OBSTACLES] cur_s=12.61 cur_d=0.05 vs=0.01 n=2 [id=34 static=1 gap=4.00m d=-0.14 size=0.59; id=36 static=1 gap=3.34m d=-0.76 size=0.47]
1787304594.979 [STATIC_OT] state=TRAILING path_exists=0 path_locked=0 path_ttl_ok=0 path_safe=0 on_spline=0 speed=0.01 raw_wpnts=0 raw_age=-s decision=TRAILING reason=NO_STATIC_PATH
1787304595.213 [STATIC_OT] state=TRAILING path_exists=0 path_locked=0 path_ttl_ok=0 path_safe=0 on_spline=0 speed=0.01 raw_wpnts=0 raw_age=-s decision=TRAILING reason=NO_STATIC_PATH
1787304595.552 [OBSTACLES] cur_s=12.65 cur_d=0.07 vs=0.00 n=2 [id=34 static=1 gap=3.96m d=-0.13 size=0.58; id=36 static=1 gap=3.30m d=-0.76 size=0.47]
1787304595.573 [STATIC_OT] state=TRAILING path_exists=0 path_locked=0 path_ttl_ok=0 path_safe=0 on_spline=0 speed=0.00 raw_wpnts=0 raw_age=-s decision=TRAILING reason=NO_STATIC_PATH
1787304595.819 [STATIC_OT] state=TRAILING path_exists=0 path_locked=0 path_ttl_ok=0 path_safe=0 on_spline=0 speed=-0.01 raw_wpnts=0 raw_age=-s decision=TRAILING reason=NO_STATIC_PATH
1787304596.033 [STATIC_OT] state=TRAILING path_exists=0 path_locked=0 path_ttl_ok=0 path_safe=0 on_spline=0 speed=0.00 raw_wpnts=0 raw_age=-s decision=TRAILING reason=NO_STATIC_PATH
1787304596.076 [OBSTACLES] cur_s=12.65 cur_d=0.08 vs=0.00 n=2 [id=34 static=1 gap=4.01m d=-0.13 size=0.48; id=36 static=1 gap=3.31m d=-0.77 size=0.46]
1787304596.259 [STATIC_OT] state=TRAILING path_exists=0 path_locked=0 path_ttl_ok=0 path_safe=0 on_spline=0 speed=-0.00 raw_wpnts=0 raw_age=-s decision=TRAILING reason=NO_STATIC_PATH
1787304596.541 [STATIC_OT] state=TRAILING path_exists=0 path_locked=0 path_ttl_ok=0 path_safe=0 on_spline=0 speed=-0.00 raw_wpnts=0 raw_age=-s decision=TRAILING reason=NO_STATIC_PATH
1787304596.590 [OBSTACLES] cur_s=12.70 cur_d=0.10 vs=-0.00 n=2 [id=34 static=1 gap=3.92m d=-0.12 size=0.58; id=36 static=1 gap=3.26m d=-0.77 size=0.46]
1787304596.748 [STATIC_OT] state=TRAILING path_exists=0 path_locked=0 path_ttl_ok=0 path_safe=0 on_spline=0 speed=-0.00 raw_wpnts=0 raw_age=-s decision=TRAILING reason=NO_STATIC_PATH
1787304596.982 [STATIC_OT] state=TRAILING path_exists=0 path_locked=0 path_ttl_ok=0 path_safe=0 on_spline=0 speed=-0.01 raw_wpnts=0 raw_age=-s decision=TRAILING reason=NO_STATIC_PATH
1787304597.113 [OBSTACLES] cur_s=12.67 cur_d=0.10 vs=-0.01 n=2 [id=34 static=1 gap=3.97m d=-0.11 size=0.57; id=36 static=1 gap=3.29m d=-0.77 size=0.48]
1787304597.183 [STATIC_OT] state=TRAILING path_exists=0 path_locked=0 path_ttl_ok=0 path_safe=0 on_spline=0 speed=-0.00 raw_wpnts=0 raw_age=-s decision=TRAILING reason=NO_STATIC_PATH
1787304597.441 [STATIC_OT] state=TRAILING path_exists=0 path_locked=0 path_ttl_ok=0 path_safe=0 on_spline=0 speed=0.00 raw_wpnts=0 raw_age=-s decision=TRAILING reason=NO_STATIC_PATH
1787304597.627 [OBSTACLES] cur_s=12.65 cur_d=0.09 vs=-0.00 n=2 [id=34 static=1 gap=4.00m d=-0.11 size=0.53; id=36 static=1 gap=3.31m d=-0.77 size=0.48]
1787304597.697 [STATIC_OT] state=TRAILING path_exists=0 path_locked=0 path_ttl_ok=0 path_safe=0 on_spline=0 speed=-0.00 raw_wpnts=0 raw_age=-s decision=TRAILING reason=NO_STATIC_PATH
1787304597.927 [STATIC_OT] state=TRAILING path_exists=0 path_locked=0 path_ttl_ok=0 path_safe=0 on_spline=0 speed=0.00 raw_wpnts=0 raw_age=-s decision=TRAILING reason=NO_STATIC_PATH
1787304598.130 [OBSTACLES] cur_s=12.67 cur_d=0.10 vs=-0.00 n=2 [id=34 static=1 gap=3.97m d=-0.10 size=0.54; id=36 static=1 gap=3.29m d=-0.78 size=0.47]
1787304598.137 [STATIC_OT] state=TRAILING path_exists=0 path_locked=0 path_ttl_ok=0 path_safe=0 on_spline=0 speed=-0.00 raw_wpnts=0 raw_age=-s decision=TRAILING reason=NO_STATIC_PATH
1787304598.392 [STATIC_OT] state=TRAILING path_exists=0 path_locked=0 path_ttl_ok=0 path_safe=0 on_spline=0 speed=0.01 raw_wpnts=0 raw_age=-s decision=TRAILING reason=NO_STATIC_PATH
1787304598.636 [OBSTACLES] cur_s=12.66 cur_d=0.09 vs=0.00 n=2 [id=34 static=1 gap=3.98m d=-0.10 size=0.56; id=36 static=1 gap=3.31m d=-0.78 size=0.46]
1787304598.639 [STATIC_OT] state=TRAILING path_exists=0 path_locked=0 path_ttl_ok=0 path_safe=0 on_spline=0 speed=0.00 raw_wpnts=0 raw_age=-s decision=TRAILING reason=NO_STATIC_PATH
1787304598.881 [STATIC_OT] state=TRAILING path_exists=0 path_locked=0 path_ttl_ok=0 path_safe=0 on_spline=0 speed=-0.00 raw_wpnts=0 raw_age=-s decision=TRAILING reason=NO_STATIC_PATH
1787304599.138 [STATIC_OT] state=TRAILING path_exists=0 path_locked=0 path_ttl_ok=0 path_safe=0 on_spline=0 speed=0.00 raw_wpnts=0 raw_age=-s decision=TRAILING reason=NO_STATIC_PATH
1787304599.223 [OBSTACLES] cur_s=12.68 cur_d=0.10 vs=-0.00 n=2 [id=34 static=1 gap=3.95m d=-0.10 size=0.59; id=36 static=1 gap=3.28m d=-0.78 size=0.48]
1787304599.428 [STATIC_OT] state=TRAILING path_exists=0 path_locked=0 path_ttl_ok=0 path_safe=0 on_spline=0 speed=0.01 raw_wpnts=0 raw_age=-s decision=TRAILING reason=NO_STATIC_PATH
1787304599.644 [STATIC_OT] state=TRAILING path_exists=0 path_locked=0 path_ttl_ok=0 path_safe=0 on_spline=0 speed=0.01 raw_wpnts=0 raw_age=-s decision=TRAILING reason=NO_STATIC_PATH
1787304599.798 [OBSTACLES] cur_s=12.63 cur_d=0.05 vs=0.01 n=2 [id=34 static=1 gap=4.06m d=-0.09 size=0.47; id=36 static=1 gap=3.35m d=-0.78 size=0.45]
1787304599.893 [STATIC_OT] state=TRAILING path_exists=0 path_locked=0 path_ttl_ok=0 path_safe=0 on_spline=0 speed=0.00 raw_wpnts=0 raw_age=-s decision=TRAILING reason=NO_STATIC_PATH
1787304600.103 [STATIC_OT] state=TRAILING path_exists=0 path_locked=0 path_ttl_ok=0 path_safe=0 on_spline=0 speed=0.00 raw_wpnts=0 raw_age=-s decision=TRAILING reason=NO_STATIC_PATH
1787304600.323 [OBSTACLES] cur_s=12.62 cur_d=0.06 vs=0.00 n=2 [id=34 static=1 gap=4.03m d=-0.08 size=0.56; id=36 static=1 gap=3.37m d=-0.79 size=0.45]
1787304600.327 [STATIC_OT] state=TRAILING path_exists=0 path_locked=0 path_ttl_ok=0 path_safe=0 on_spline=0 speed=0.00 raw_wpnts=0 raw_age=-s decision=TRAILING reason=NO_STATIC_PATH
1787304600.538 [STATIC_OT] state=TRAILING path_exists=0 path_locked=0 path_ttl_ok=0 path_safe=0 on_spline=0 speed=-0.01 raw_wpnts=0 raw_age=-s decision=TRAILING reason=NO_STATIC_PATH
1787304600.739 [STATIC_OT] state=TRAILING path_exists=0 path_locked=0 path_ttl_ok=0 path_safe=0 on_spline=0 speed=-0.01 raw_wpnts=0 raw_age=-s decision=TRAILING reason=NO_STATIC_PATH
1787304600.852 [OBSTACLES] cur_s=12.69 cur_d=0.11 vs=-0.00 n=2 [id=34 static=1 gap=3.95m d=-0.08 size=0.58; id=36 static=1 gap=3.29m d=-0.79 size=0.47]
1787304600.960 [STATIC_OT] state=TRAILING path_exists=0 path_locked=0 path_ttl_ok=0 path_safe=0 on_spline=0 speed=-0.00 raw_wpnts=0 raw_age=-s decision=TRAILING reason=NO_STATIC_PATH
1787304601.182 [STATIC_OT] state=TRAILING path_exists=0 path_locked=0 path_ttl_ok=0 path_safe=0 on_spline=0 speed=0.00 raw_wpnts=0 raw_age=-s decision=TRAILING reason=NO_STATIC_PATH
1787304601.379 [OBSTACLES] cur_s=12.69 cur_d=0.10 vs=0.00 n=2 [id=34 static=1 gap=3.97m d=-0.08 size=0.54; id=36 static=1 gap=3.29m d=-0.79 size=0.47]
1787304601.432 [STATIC_OT] state=TRAILING path_exists=0 path_locked=0 path_ttl_ok=0 path_safe=0 on_spline=0 speed=0.00 raw_wpnts=0 raw_age=-s decision=TRAILING reason=NO_STATIC_PATH
1787304601.723 [STATIC_OT] state=TRAILING path_exists=0 path_locked=0 path_ttl_ok=0 path_safe=0 on_spline=0 speed=0.01 raw_wpnts=0 raw_age=-s decision=TRAILING reason=NO_STATIC_PATH
1787304601.919 [OBSTACLES] cur_s=12.61 cur_d=0.06 vs=-0.00 n=2 [id=34 static=1 gap=4.02m d=-0.08 size=0.60; id=36 static=1 gap=3.36m d=-0.79 size=0.47]
1787304601.924 [STATIC_OT] state=TRAILING path_exists=0 path_locked=0 path_ttl_ok=0 path_safe=0 on_spline=0 speed=-0.00 raw_wpnts=0 raw_age=-s decision=TRAILING reason=NO_STATIC_PATH
1787304602.193 [STATIC_OT] state=TRAILING path_exists=0 path_locked=0 path_ttl_ok=0 path_safe=0 on_spline=0 speed=0.01 raw_wpnts=0 raw_age=-s decision=TRAILING reason=NO_STATIC_PATH
1787304602.419 [STATIC_OT] state=TRAILING path_exists=0 path_locked=0 path_ttl_ok=0 path_safe=0 on_spline=0 speed=-0.00 raw_wpnts=0 raw_age=-s decision=TRAILING reason=NO_STATIC_PATH
1787304602.457 [OBSTACLES] cur_s=12.64 cur_d=0.08 vs=-0.00 n=2 [id=34 static=1 gap=4.08m d=-0.07 size=0.42; id=36 static=1 gap=3.33m d=-0.79 size=0.47]
1787304602.681 [STATIC_OT] state=TRAILING path_exists=0 path_locked=0 path_ttl_ok=0 path_safe=0 on_spline=0 speed=-0.01 raw_wpnts=0 raw_age=-s decision=TRAILING reason=NO_STATIC_PATH
