# state_machine debug log started 20260815_213942  map='0815test3'
1786797591.246 [OBSTACLES] cur_s=8.22 cur_d=-0.08 vs=0.00 n=1 [id=1 static=1 gap=10.98m d=0.87 size=0.30]
1786797591.247 [STATE_CHANGE] None -> GB_TRACK src=GB_TRACK s=8.22 d=-0.08 vs=0.00
1786797591.770 [OBSTACLES] cur_s=8.23 cur_d=-0.07 vs=0.00 n=1 [id=1 static=1 gap=10.99m d=0.88 size=0.27]
1786797592.302 [OBSTACLES] cur_s=8.21 cur_d=-0.07 vs=0.00 n=1 [id=1 static=1 gap=10.98m d=0.87 size=0.31]
1786797592.806 [OBSTACLES] cur_s=8.23 cur_d=-0.06 vs=0.00 n=1 [id=1 static=1 gap=10.96m d=0.87 size=0.33]
1786797593.468 [OBSTACLES] cur_s=8.24 cur_d=-0.07 vs=0.00 n=1 [id=1 static=1 gap=10.99m d=0.87 size=0.26]
1786797594.014 [OBSTACLES] cur_s=8.23 cur_d=-0.06 vs=0.00 n=1 [id=1 static=1 gap=10.96m d=0.87 size=0.33]
1786797594.585 [OBSTACLES] cur_s=8.23 cur_d=-0.06 vs=0.00 n=1 [id=1 static=1 gap=10.96m d=0.87 size=0.33]
1786797595.226 [OBSTACLES] cur_s=8.23 cur_d=-0.07 vs=0.00 n=1 [id=1 static=1 gap=10.97m d=0.87 size=0.30]
1786797595.772 [OBSTACLES] cur_s=8.23 cur_d=-0.07 vs=0.00 n=1 [id=1 static=1 gap=10.98m d=0.87 size=0.29]
1786797596.288 [OBSTACLES] cur_s=8.23 cur_d=-0.07 vs=0.00 n=1 [id=1 static=1 gap=11.00m d=0.88 size=0.24]
1786797596.822 [OBSTACLES] cur_s=8.23 cur_d=-0.07 vs=0.00 n=1 [id=1 static=1 gap=10.96m d=0.88 size=0.34]
1786797597.337 [OBSTACLES] cur_s=8.23 cur_d=-0.07 vs=0.00 n=1 [id=1 static=1 gap=10.97m d=0.88 size=0.30]
1786797597.962 [OBSTACLES] cur_s=8.26 cur_d=-0.08 vs=0.00 n=1 [id=1 static=1 gap=10.98m d=0.88 size=0.24]
1786797598.488 [OBSTACLES] cur_s=8.23 cur_d=-0.07 vs=0.00 n=1 [id=1 static=1 gap=10.99m d=0.88 size=0.26]
1786797598.993 [OBSTACLES] cur_s=8.23 cur_d=-0.07 vs=0.00 n=1 [id=1 static=1 gap=10.98m d=0.88 size=0.30]
1786797599.586 [OBSTACLES] cur_s=8.24 cur_d=-0.07 vs=0.00 n=0 [none]
1786797600.107 [OBSTACLES] cur_s=25.84 cur_d=-0.13 vs=0.00 n=0 [none]
1786797600.436 [STATIC_OT] state=GB_TRACK path_exists=0 path_locked=0 path_ttl_ok=0 path_safe=0 on_spline=0 speed=0.00 raw_wpnts=0 raw_age=-s decision=TRAILING reason=NO_STATIC_PATH
1786797600.438 [STATE_CHANGE] GB_TRACK -> TRAILING src=GB_TRACK s=25.64 d=-0.21 vs=0.00
1786797600.658 [OBSTACLES] cur_s=25.64 cur_d=-0.21 vs=0.00 n=1 [id=5 static=0 gap=10.05m d=-0.23 size=0.39]
1786797600.677 [STATIC_OT] state=TRAILING path_exists=0 path_locked=0 path_ttl_ok=0 path_safe=0 on_spline=0 speed=0.00 raw_wpnts=0 raw_age=-s decision=TRAILING reason=NO_STATIC_PATH
1786797600.951 [STATIC_OT] state=TRAILING path_exists=0 path_locked=0 path_ttl_ok=0 path_safe=0 on_spline=0 speed=0.00 raw_wpnts=0 raw_age=-s decision=TRAILING reason=NO_STATIC_PATH
1786797601.274 [OBSTACLES] cur_s=25.63 cur_d=-0.20 vs=0.00 n=1 [id=5 static=0 gap=10.15m d=-0.19 size=0.39]
1786797601.296 [STATIC_OT] state=TRAILING path_exists=0 path_locked=0 path_ttl_ok=0 path_safe=0 on_spline=0 speed=0.00 raw_wpnts=0 raw_age=-s decision=TRAILING reason=NO_STATIC_PATH
1786797601.396 [STATE_CHANGE] TRAILING -> RECOVERY src=RECOVERY s=25.63 d=-0.20 vs=0.00
1786797601.450 [STATE_CHANGE] RECOVERY -> TRAILING src=RECOVERY s=25.63 d=-0.20 vs=0.00
1786797601.577 [STATIC_OT] state=TRAILING path_exists=0 path_locked=0 path_ttl_ok=0 path_safe=0 on_spline=0 speed=0.00 raw_wpnts=0 raw_age=-s decision=TRAILING reason=NO_STATIC_PATH
1786797601.779 [OBSTACLES] cur_s=25.64 cur_d=-0.20 vs=0.00 n=1 [id=5 static=0 gap=10.18m d=-0.17 size=0.31]
1786797601.782 [STATIC_OT] state=TRAILING path_exists=0 path_locked=0 path_ttl_ok=0 path_safe=0 on_spline=0 speed=0.00 raw_wpnts=0 raw_age=-s decision=TRAILING reason=NO_STATIC_PATH
1786797601.861 [STATE_CHANGE] TRAILING -> RECOVERY src=RECOVERY s=25.63 d=-0.20 vs=0.00
1786797602.325 [OBSTACLES] cur_s=25.64 cur_d=-0.20 vs=0.00 n=0 [none]
1786797602.658 [STATE_CHANGE] RECOVERY -> LOSTLINE src=GB_TRACK s=25.64 d=-0.20 vs=0.00
1786797602.834 [OBSTACLES] cur_s=28.02 cur_d=-0.72 vs=0.00 n=0 [none]
1786797602.835 [STATE_CHANGE] LOSTLINE -> RECOVERY src=RECOVERY s=28.02 d=-0.72 vs=0.00
1786797603.038 [STATIC_OT] state=RECOVERY path_exists=0 path_locked=0 path_ttl_ok=0 path_safe=0 on_spline=0 speed=0.00 raw_wpnts=0 raw_age=-s decision=TRAILING reason=NO_STATIC_PATH
1786797603.039 [STATE_CHANGE] RECOVERY -> TRAILING src=RECOVERY s=28.04 d=-1.03 vs=0.00
1786797603.409 [OBSTACLES] cur_s=28.04 cur_d=-1.02 vs=0.00 n=1 [id=9 static=0 gap=5.58m d=-0.07 size=0.30]
1786797603.414 [STATIC_OT] state=TRAILING path_exists=0 path_locked=0 path_ttl_ok=0 path_safe=0 on_spline=0 speed=0.00 raw_wpnts=0 raw_age=-s decision=TRAILING reason=NO_STATIC_PATH
1786797603.626 [STATIC_OT] state=TRAILING path_exists=0 path_locked=0 path_ttl_ok=0 path_safe=0 on_spline=0 speed=0.00 raw_wpnts=0 raw_age=-s decision=TRAILING reason=NO_STATIC_PATH
1786797603.755 [STATE_CHANGE] TRAILING -> RECOVERY src=RECOVERY s=28.04 d=-1.02 vs=0.05
1786797603.814 [STATE_CHANGE] RECOVERY -> TRAILING src=RECOVERY s=28.04 d=-1.04 vs=0.13
1786797603.859 [STATIC_OT] state=TRAILING path_exists=0 path_locked=0 path_ttl_ok=0 path_safe=0 on_spline=0 speed=0.20 raw_wpnts=0 raw_age=-s decision=TRAILING reason=NO_STATIC_PATH
1786797603.911 [OBSTACLES] cur_s=28.06 cur_d=-1.06 vs=0.48 n=1 [id=9 static=1 gap=5.57m d=-0.06 size=0.28]
1786797604.092 [STATIC_OT] state=TRAILING path_exists=0 path_locked=0 path_ttl_ok=0 path_safe=0 on_spline=0 speed=1.34 raw_wpnts=0 raw_age=-s decision=TRAILING reason=NO_STATIC_PATH
1786797604.147 [STATIC_OT_TRANSITION] first_valid_path_to_overtake_ms=0.0
1786797604.156 [STATE_CHANGE] TRAILING -> OVERTAKE src=OVERTAKE s=28.27 d=-1.18 vs=1.38
1786797604.420 [OBSTACLES] cur_s=28.53 cur_d=-1.13 vs=0.97 n=1 [id=9 static=1 gap=5.06m d=-0.02 size=0.28]
1786797604.920 [STATIC_OT] state=OVERTAKE path_exists=1 path_locked=1 path_ttl_ok=1 path_safe=0 on_spline=1 speed=0.00 raw_wpnts=106 raw_age=0.09s decision=TRAILING reason=PATH_BLOCKED blocked_obs_id=12 gap=4.94m free_dist=-0.074m branch=static/geom
1786797604.925 [STATE_CHANGE] OVERTAKE -> TRAILING src=GB_TRACK s=28.63 d=-0.99 vs=0.00
1786797605.017 [OBSTACLES] cur_s=28.64 cur_d=-0.99 vs=0.00 n=2 [id=9 static=1 gap=4.87m d=-0.04 size=0.33; id=12 static=1 gap=4.86m d=-0.71 size=0.16]
1786797605.158 [STATIC_OT] state=TRAILING path_exists=1 path_locked=0 path_ttl_ok=1 path_safe=0 on_spline=1 speed=0.00 raw_wpnts=106 raw_age=0.25s decision=TRAILING reason=PATH_BLOCKED blocked_obs_id=12 gap=4.94m free_dist=-0.078m branch=static/geom
1786797605.412 [STATIC_OT] state=TRAILING path_exists=1 path_locked=0 path_ttl_ok=1 path_safe=1 on_spline=1 speed=0.00 raw_wpnts=106 raw_age=0.43s decision=OVERTAKE
1786797605.412 [STATE_CHANGE] TRAILING -> OVERTAKE src=OVERTAKE s=28.63 d=-0.98 vs=0.00
1786797605.544 [OBSTACLES] cur_s=28.63 cur_d=-0.99 vs=0.00 n=1 [id=9 static=1 gap=4.89m d=-0.03 size=0.29]
1786797606.081 [OBSTACLES] cur_s=28.64 cur_d=-0.98 vs=0.00 n=1 [id=9 static=1 gap=4.87m d=-0.03 size=0.32]
1786797606.694 [OBSTACLES] cur_s=28.64 cur_d=-0.98 vs=0.00 n=1 [id=9 static=1 gap=4.88m d=-0.02 size=0.30]
1786797607.275 [OBSTACLES] cur_s=28.64 cur_d=-0.98 vs=0.00 n=1 [id=9 static=1 gap=4.87m d=-0.02 size=0.33]
1786797607.819 [OBSTACLES] cur_s=28.64 cur_d=-0.98 vs=0.00 n=1 [id=9 static=1 gap=4.88m d=-0.02 size=0.30]
1786797608.430 [OBSTACLES] cur_s=28.64 cur_d=-0.98 vs=0.00 n=1 [id=9 static=1 gap=4.87m d=-0.02 size=0.32]
1786797608.933 [OBSTACLES] cur_s=28.64 cur_d=-0.98 vs=0.00 n=1 [id=9 static=1 gap=4.87m d=-0.02 size=0.32]
1786797609.476 [OBSTACLES] cur_s=28.64 cur_d=-0.98 vs=0.00 n=1 [id=9 static=1 gap=4.87m d=-0.02 size=0.33]
1786797610.030 [OBSTACLES] cur_s=28.64 cur_d=-0.98 vs=0.00 n=1 [id=9 static=1 gap=4.89m d=-0.01 size=0.29]
1786797610.566 [OBSTACLES] cur_s=28.64 cur_d=-0.98 vs=0.00 n=1 [id=9 static=1 gap=4.89m d=-0.01 size=0.28]
1786797611.120 [OBSTACLES] cur_s=28.65 cur_d=-0.98 vs=0.00 n=1 [id=9 static=1 gap=4.88m d=-0.01 size=0.32]
1786797611.628 [OBSTACLES] cur_s=28.64 cur_d=-0.98 vs=0.00 n=1 [id=9 static=1 gap=4.88m d=-0.01 size=0.32]
1786797612.153 [OBSTACLES] cur_s=28.64 cur_d=-0.98 vs=0.00 n=1 [id=9 static=1 gap=4.88m d=-0.01 size=0.32]
1786797612.660 [OBSTACLES] cur_s=28.65 cur_d=-0.98 vs=0.00 n=1 [id=9 static=1 gap=4.87m d=-0.01 size=0.33]
1786797613.218 [OBSTACLES] cur_s=28.64 cur_d=-0.98 vs=0.00 n=2 [id=13 static=0 gap=4.89m d=-0.02 size=0.32; id=9 static=1 gap=4.89m d=-0.01 size=0.30]
1786797613.498 [STATIC_OT] state=OVERTAKE path_exists=1 path_locked=1 path_ttl_ok=1 path_safe=0 on_spline=1 speed=0.00 raw_wpnts=106 raw_age=0.53s decision=TRAILING reason=PATH_BLOCKED blocked_obs_id=13 gap=5.21m free_dist=0.061m branch=dyn/nopred (id_mismatch or empty)
1786797613.498 [STATE_CHANGE] OVERTAKE -> TRAILING src=GB_TRACK s=28.64 d=-0.98 vs=0.00
1786797613.964 [OBSTACLES] cur_s=28.64 cur_d=-0.98 vs=0.00 n=1 [id=13 static=0 gap=5.32m d=-0.04 size=0.40]
1786797613.971 [STATIC_OT] state=TRAILING path_exists=1 path_locked=0 path_ttl_ok=1 path_safe=0 on_spline=1 speed=0.00 raw_wpnts=106 raw_age=0.52s decision=TRAILING reason=PATH_BLOCKED blocked_obs_id=13 gap=5.52m free_dist=-0.116m branch=dyn/nopred (id_mismatch or empty)
1786797614.236 [STATIC_OT] state=TRAILING path_exists=1 path_locked=0 path_ttl_ok=0 path_safe=0 on_spline=1 speed=0.00 raw_wpnts=0 raw_age=-s decision=TRAILING reason=NO_STATIC_PATH
1786797614.397 [STATE_CHANGE] TRAILING -> LOSTLINE src=GB_TRACK s=28.64 d=-0.98 vs=0.00
1786797614.482 [OBSTACLES] cur_s=28.65 cur_d=-0.98 vs=0.00 n=0 [none]
1786797614.556 [STATE_CHANGE] LOSTLINE -> RECOVERY src=RECOVERY s=28.65 d=-0.98 vs=0.00
1786797614.984 [OBSTACLES] cur_s=28.65 cur_d=-0.99 vs=0.00 n=0 [none]
1786797615.523 [OBSTACLES] cur_s=28.64 cur_d=-0.99 vs=0.00 n=0 [none]
1786797616.063 [OBSTACLES] cur_s=28.64 cur_d=-0.99 vs=0.00 n=0 [none]
1786797616.571 [OBSTACLES] cur_s=28.64 cur_d=-0.99 vs=0.00 n=0 [none]
1786797617.095 [OBSTACLES] cur_s=28.64 cur_d=-0.99 vs=0.00 n=0 [none]
1786797617.610 [OBSTACLES] cur_s=28.65 cur_d=-0.98 vs=0.00 n=0 [none]
1786797618.125 [OBSTACLES] cur_s=28.64 cur_d=-0.99 vs=0.00 n=0 [none]
1786797618.645 [OBSTACLES] cur_s=28.63 cur_d=-0.99 vs=0.00 n=0 [none]
1786797619.176 [OBSTACLES] cur_s=28.63 cur_d=-0.99 vs=0.00 n=0 [none]
1786797619.727 [OBSTACLES] cur_s=28.63 cur_d=-0.99 vs=0.00 n=0 [none]
1786797620.297 [OBSTACLES] cur_s=28.64 cur_d=-0.99 vs=0.00 n=0 [none]
1786797620.809 [OBSTACLES] cur_s=28.63 cur_d=-0.99 vs=0.00 n=0 [none]
1786797621.332 [OBSTACLES] cur_s=28.63 cur_d=-0.99 vs=0.00 n=0 [none]
1786797621.872 [OBSTACLES] cur_s=28.63 cur_d=-0.99 vs=0.00 n=0 [none]
1786797622.374 [OBSTACLES] cur_s=28.63 cur_d=-0.99 vs=0.00 n=0 [none]
1786797622.883 [OBSTACLES] cur_s=28.63 cur_d=-0.99 vs=0.00 n=0 [none]
1786797623.437 [OBSTACLES] cur_s=28.64 cur_d=-0.98 vs=0.00 n=0 [none]
1786797623.956 [OBSTACLES] cur_s=28.64 cur_d=-0.98 vs=0.00 n=0 [none]
1786797624.351 [STATIC_OT] state=RECOVERY path_exists=0 path_locked=0 path_ttl_ok=0 path_safe=0 on_spline=0 speed=0.00 raw_wpnts=0 raw_age=-s decision=TRAILING reason=NO_STATIC_PATH
1786797624.356 [STATE_CHANGE] RECOVERY -> TRAILING src=RECOVERY s=28.64 d=-0.98 vs=0.00
1786797624.460 [OBSTACLES] cur_s=28.64 cur_d=-0.98 vs=0.00 n=1 [id=15 static=1 gap=5.70m d=-0.44 size=0.32]
1786797624.608 [STATIC_OT] state=TRAILING path_exists=1 path_locked=0 path_ttl_ok=1 path_safe=0 on_spline=1 speed=0.00 raw_wpnts=114 raw_age=0.25s decision=TRAILING reason=PATH_BLOCKED blocked_obs_id=15 gap=5.86m free_dist=0.086m branch=static/geom
1786797624.720 [STATE_CHANGE] TRAILING -> OVERTAKE src=OVERTAKE s=28.64 d=-0.98 vs=0.00
1786797624.840 [STATIC_OT] state=OVERTAKE path_exists=1 path_locked=1 path_ttl_ok=1 path_safe=0 on_spline=1 speed=0.00 raw_wpnts=114 raw_age=0.30s decision=TRAILING reason=PATH_BLOCKED blocked_obs_id=15 gap=5.82m free_dist=0.1m branch=static/geom
1786797624.851 [STATE_CHANGE] OVERTAKE -> TRAILING src=GB_TRACK s=28.64 d=-0.98 vs=0.00
1786797624.966 [OBSTACLES] cur_s=28.63 cur_d=-0.98 vs=0.00 n=1 [id=15 static=1 gap=5.60m d=-0.40 size=0.35]
1786797625.120 [STATIC_OT] state=TRAILING path_exists=1 path_locked=0 path_ttl_ok=1 path_safe=0 on_spline=1 speed=0.00 raw_wpnts=114 raw_age=0.46s decision=TRAILING reason=PATH_BLOCKED blocked_obs_id=15 gap=5.74m free_dist=-0.01m branch=static/geom
1786797625.422 [STATIC_OT] state=TRAILING path_exists=1 path_locked=0 path_ttl_ok=0 path_safe=0 on_spline=1 speed=0.00 raw_wpnts=0 raw_age=-s decision=TRAILING reason=NO_STATIC_PATH
1786797625.501 [OBSTACLES] cur_s=28.64 cur_d=-0.98 vs=0.00 n=0 [none]
1786797625.501 [STATE_CHANGE] TRAILING -> LOSTLINE src=GB_TRACK s=28.64 d=-0.98 vs=0.00
1786797625.693 [STATIC_OT] state=GB_TRACK path_exists=1 path_locked=0 path_ttl_ok=0 path_safe=0 on_spline=1 speed=0.00 raw_wpnts=0 raw_age=-s decision=TRAILING reason=NO_STATIC_PATH
1786797625.695 [STATE_CHANGE] LOSTLINE -> TRAILING src=GB_TRACK s=28.64 d=-0.98 vs=0.00
1786797625.964 [STATIC_OT] state=TRAILING path_exists=1 path_locked=0 path_ttl_ok=0 path_safe=0 on_spline=1 speed=0.00 raw_wpnts=0 raw_age=-s decision=TRAILING reason=NO_STATIC_PATH
1786797626.031 [OBSTACLES] cur_s=28.64 cur_d=-0.98 vs=0.00 n=1 [id=18 static=1 gap=4.78m d=0.21 size=0.18]
1786797626.106 [STATE_CHANGE] TRAILING -> OVERTAKE src=OVERTAKE s=28.64 d=-0.98 vs=0.00
1786797626.542 [OBSTACLES] cur_s=28.64 cur_d=-0.98 vs=0.00 n=1 [id=18 static=1 gap=4.77m d=0.22 size=0.18]
1786797627.042 [OBSTACLES] cur_s=28.64 cur_d=-0.98 vs=0.00 n=1 [id=18 static=1 gap=4.76m d=0.21 size=0.21]
1786797627.574 [OBSTACLES] cur_s=28.64 cur_d=-0.98 vs=0.00 n=1 [id=18 static=1 gap=4.76m d=0.21 size=0.21]
1786797628.106 [OBSTACLES] cur_s=28.64 cur_d=-0.98 vs=0.00 n=1 [id=18 static=1 gap=4.70m d=0.21 size=0.33]
1786797628.609 [OBSTACLES] cur_s=28.64 cur_d=-0.98 vs=0.00 n=1 [id=18 static=1 gap=4.77m d=0.21 size=0.18]
1786797629.114 [OBSTACLES] cur_s=28.63 cur_d=-0.98 vs=0.00 n=1 [id=18 static=1 gap=4.77m d=0.21 size=0.18]
1786797629.707 [OBSTACLES] cur_s=28.64 cur_d=-0.99 vs=0.00 n=1 [id=18 static=1 gap=4.77m d=0.21 size=0.17]
1786797630.215 [OBSTACLES] cur_s=28.63 cur_d=-0.98 vs=0.00 n=1 [id=18 static=1 gap=4.77m d=0.21 size=0.18]
1786797630.749 [OBSTACLES] cur_s=28.63 cur_d=-0.98 vs=0.00 n=1 [id=18 static=1 gap=4.77m d=0.21 size=0.18]
1786797631.340 [OBSTACLES] cur_s=28.62 cur_d=-0.98 vs=0.00 n=1 [id=18 static=1 gap=4.77m d=0.21 size=0.18]
1786797631.878 [OBSTACLES] cur_s=28.63 cur_d=-0.98 vs=0.00 n=1 [id=18 static=1 gap=4.76m d=0.21 size=0.18]
1786797632.385 [OBSTACLES] cur_s=28.63 cur_d=-0.98 vs=0.00 n=1 [id=18 static=1 gap=4.77m d=0.21 size=0.18]
1786797633.351 [OBSTACLES] cur_s=28.63 cur_d=-0.98 vs=0.00 n=1 [id=18 static=1 gap=4.76m d=0.21 size=0.18]
1786797663.275 [OBSTACLES] cur_s=28.63 cur_d=-0.98 vs=0.00 n=1 [id=18 static=1 gap=4.76m d=0.21 size=0.19]
1786797663.307 [STATIC_OT] state=OVERTAKE path_exists=0 path_locked=1 path_ttl_ok=0 path_safe=0 on_spline=0 speed=0.00 raw_wpnts=0 raw_age=-s decision=TRAILING reason=NO_STATIC_PATH
1786797663.312 [STATE_CHANGE] OVERTAKE -> TRAILING src=GB_TRACK s=28.63 d=-0.98 vs=0.00
1786797663.568 [STATIC_OT] state=TRAILING path_exists=0 path_locked=0 path_ttl_ok=0 path_safe=0 on_spline=0 speed=0.00 raw_wpnts=0 raw_age=-s decision=TRAILING reason=NO_STATIC_PATH
1786797663.800 [OBSTACLES] cur_s=28.64 cur_d=-0.98 vs=0.00 n=1 [id=18 static=1 gap=4.76m d=0.21 size=0.19]
1786797663.803 [STATIC_OT] state=TRAILING path_exists=0 path_locked=0 path_ttl_ok=0 path_safe=0 on_spline=0 speed=0.00 raw_wpnts=0 raw_age=-s decision=TRAILING reason=NO_STATIC_PATH
1786797664.014 [STATIC_OT] state=TRAILING path_exists=0 path_locked=0 path_ttl_ok=0 path_safe=0 on_spline=0 speed=0.00 raw_wpnts=0 raw_age=-s decision=TRAILING reason=NO_STATIC_PATH
1786797664.224 [STATIC_OT] state=TRAILING path_exists=0 path_locked=0 path_ttl_ok=0 path_safe=0 on_spline=0 speed=0.00 raw_wpnts=0 raw_age=-s decision=TRAILING reason=NO_STATIC_PATH
1786797664.308 [OBSTACLES] cur_s=28.64 cur_d=-0.98 vs=0.00 n=1 [id=18 static=1 gap=4.76m d=0.21 size=0.19]
1786797664.439 [STATIC_OT] state=TRAILING path_exists=0 path_locked=0 path_ttl_ok=0 path_safe=0 on_spline=0 speed=0.00 raw_wpnts=0 raw_age=-s decision=TRAILING reason=NO_STATIC_PATH
1786797664.652 [STATIC_OT] state=TRAILING path_exists=0 path_locked=0 path_ttl_ok=0 path_safe=0 on_spline=0 speed=0.00 raw_wpnts=0 raw_age=-s decision=TRAILING reason=NO_STATIC_PATH
1786797664.814 [OBSTACLES] cur_s=28.64 cur_d=-0.98 vs=0.00 n=1 [id=18 static=1 gap=4.76m d=0.21 size=0.19]
1786797664.861 [STATIC_OT] state=TRAILING path_exists=0 path_locked=0 path_ttl_ok=0 path_safe=0 on_spline=0 speed=0.00 raw_wpnts=0 raw_age=-s decision=TRAILING reason=NO_STATIC_PATH
1786797665.078 [STATIC_OT] state=TRAILING path_exists=0 path_locked=0 path_ttl_ok=0 path_safe=0 on_spline=0 speed=0.00 raw_wpnts=0 raw_age=-s decision=TRAILING reason=NO_STATIC_PATH
1786797665.286 [STATIC_OT] state=TRAILING path_exists=0 path_locked=0 path_ttl_ok=0 path_safe=0 on_spline=0 speed=0.00 raw_wpnts=0 raw_age=-s decision=TRAILING reason=NO_STATIC_PATH
1786797665.341 [OBSTACLES] cur_s=28.64 cur_d=-0.98 vs=0.00 n=1 [id=18 static=1 gap=4.76m d=0.21 size=0.19]
1786797665.512 [STATIC_OT] state=TRAILING path_exists=0 path_locked=0 path_ttl_ok=0 path_safe=0 on_spline=0 speed=0.00 raw_wpnts=0 raw_age=-s decision=TRAILING reason=NO_STATIC_PATH
1786797665.731 [STATIC_OT] state=TRAILING path_exists=0 path_locked=0 path_ttl_ok=0 path_safe=0 on_spline=0 speed=0.00 raw_wpnts=0 raw_age=-s decision=TRAILING reason=NO_STATIC_PATH
1786797701.071 [OBSTACLES] cur_s=28.64 cur_d=-0.98 vs=0.00 n=1 [id=21 static=1 gap=4.77m d=0.21 size=0.19]
1786797701.074 [STATIC_OT] state=TRAILING path_exists=0 path_locked=0 path_ttl_ok=0 path_safe=0 on_spline=0 speed=0.00 raw_wpnts=0 raw_age=-s decision=TRAILING reason=NO_STATIC_PATH
1786797701.624 [OBSTACLES] cur_s=28.64 cur_d=-0.98 vs=0.00 n=1 [id=21 static=1 gap=4.76m d=0.21 size=0.19]
1786797701.627 [STATIC_OT] state=TRAILING path_exists=0 path_locked=0 path_ttl_ok=0 path_safe=0 on_spline=0 speed=0.00 raw_wpnts=0 raw_age=-s decision=TRAILING reason=NO_STATIC_PATH
1786797701.838 [STATIC_OT] state=TRAILING path_exists=0 path_locked=0 path_ttl_ok=0 path_safe=0 on_spline=0 speed=0.00 raw_wpnts=0 raw_age=-s decision=TRAILING reason=NO_STATIC_PATH
1786797702.243 [OBSTACLES] cur_s=28.71 cur_d=-0.95 vs=1.50 n=1 [id=21 static=1 gap=4.70m d=0.21 size=0.19]
1786797702.266 [STATIC_OT] state=TRAILING path_exists=0 path_locked=0 path_ttl_ok=0 path_safe=0 on_spline=0 speed=1.50 raw_wpnts=0 raw_age=-s decision=TRAILING reason=NO_STATIC_PATH
1786797702.491 [STATIC_OT] state=TRAILING path_exists=1 path_locked=0 path_ttl_ok=1 path_safe=1 on_spline=1 speed=1.47 raw_wpnts=104 raw_age=0.61s decision=OVERTAKE
1786797702.493 [STATE_CHANGE] TRAILING -> OVERTAKE src=OVERTAKE s=28.73 d=-0.95 vs=1.47
1786797702.771 [OBSTACLES] cur_s=28.72 cur_d=-0.95 vs=1.48 n=1 [id=21 static=1 gap=4.63m d=0.21 size=0.29]
1786797703.112 [STATE_CHANGE] OVERTAKE -> LOSTLINE src=GB_TRACK s=29.51 d=-0.37 vs=0.00
1786797703.211 [STATE_CHANGE] LOSTLINE -> GB_TRACK src=GB_TRACK s=29.49 d=-0.28 vs=-0.21
1786797703.288 [OBSTACLES] cur_s=29.48 cur_d=-0.27 vs=-0.24 n=0 [none]
1786797703.527 [STATE_CHANGE] GB_TRACK -> LOSTLINE src=GB_TRACK s=28.70 d=-0.59 vs=0.26
1786797703.626 [STATE_CHANGE] LOSTLINE -> RECOVERY src=RECOVERY s=28.69 d=-0.55 vs=0.22
1786797703.803 [OBSTACLES] cur_s=28.64 cur_d=-0.55 vs=0.22 n=0 [none]
1786797704.143 [STATE_CHANGE] RECOVERY -> LOSTLINE src=GB_TRACK s=28.60 d=-1.12 vs=0.00
1786797704.285 [STATE_CHANGE] LOSTLINE -> RECOVERY src=RECOVERY s=28.60 d=-1.12 vs=0.00
1786797704.403 [OBSTACLES] cur_s=28.64 cur_d=-1.29 vs=0.00 n=0 [none]
1786797704.924 [OBSTACLES] cur_s=29.33 cur_d=-0.59 vs=0.00 n=0 [none]
1786797705.424 [OBSTACLES] cur_s=29.94 cur_d=-0.52 vs=0.00 n=0 [none]
1786797705.851 [STATE_CHANGE] RECOVERY -> LOSTLINE src=GB_TRACK s=29.66 d=-0.79 vs=0.00
1786797705.935 [OBSTACLES] cur_s=30.07 cur_d=-1.01 vs=0.00 n=0 [none]
1786797706.116 [STATE_CHANGE] LOSTLINE -> RECOVERY src=RECOVERY s=30.32 d=-0.83 vs=0.00
1786797706.440 [OBSTACLES] cur_s=30.43 cur_d=0.02 vs=0.00 n=0 [none]
1786797706.442 [STATE_CHANGE] RECOVERY -> GB_TRACK src=GB_TRACK s=30.43 d=0.02 vs=0.00
1786797706.503 [STATE_CHANGE] GB_TRACK -> LOSTLINE src=GB_TRACK s=30.90 d=0.34 vs=0.00
1786797706.949 [OBSTACLES] cur_s=31.27 cur_d=0.88 vs=0.00 n=0 [none]
1786797707.459 [OBSTACLES] cur_s=30.96 cur_d=0.82 vs=0.00 n=0 [none]
1786797708.002 [OBSTACLES] cur_s=28.65 cur_d=0.71 vs=0.00 n=0 [none]
1786797708.508 [OBSTACLES] cur_s=28.45 cur_d=0.73 vs=0.00 n=0 [none]
1786797709.011 [OBSTACLES] cur_s=28.43 cur_d=0.64 vs=0.00 n=0 [none]
1786797709.556 [OBSTACLES] cur_s=28.79 cur_d=0.40 vs=-0.00 n=0 [none]
1786797710.065 [OBSTACLES] cur_s=28.92 cur_d=0.32 vs=-0.00 n=0 [none]
1786797710.573 [OBSTACLES] cur_s=28.91 cur_d=0.33 vs=-0.00 n=0 [none]
1786797711.124 [OBSTACLES] cur_s=28.97 cur_d=0.30 vs=-0.00 n=0 [none]
1786797711.629 [OBSTACLES] cur_s=28.97 cur_d=0.31 vs=-0.00 n=0 [none]
1786797712.147 [OBSTACLES] cur_s=28.97 cur_d=0.30 vs=-0.00 n=0 [none]
1786797712.666 [OBSTACLES] cur_s=28.97 cur_d=0.31 vs=-0.00 n=0 [none]
1786797713.177 [OBSTACLES] cur_s=28.96 cur_d=0.31 vs=-0.00 n=0 [none]
1786797713.702 [OBSTACLES] cur_s=28.97 cur_d=0.30 vs=-0.00 n=0 [none]
1786797714.216 [OBSTACLES] cur_s=28.97 cur_d=0.31 vs=-0.00 n=0 [none]
1786797714.760 [OBSTACLES] cur_s=28.97 cur_d=0.30 vs=-0.00 n=0 [none]
1786797715.268 [OBSTACLES] cur_s=28.97 cur_d=0.31 vs=-0.00 n=0 [none]
1786797715.769 [OBSTACLES] cur_s=28.97 cur_d=0.30 vs=-0.00 n=0 [none]
1786797716.276 [OBSTACLES] cur_s=28.98 cur_d=0.30 vs=-0.00 n=0 [none]
1786797716.800 [OBSTACLES] cur_s=28.98 cur_d=0.30 vs=-0.00 n=0 [none]
1786797717.330 [OBSTACLES] cur_s=28.97 cur_d=0.31 vs=-0.00 n=0 [none]
1786797717.839 [OBSTACLES] cur_s=28.98 cur_d=0.31 vs=-0.00 n=0 [none]
1786797718.356 [OBSTACLES] cur_s=28.98 cur_d=0.31 vs=-0.00 n=0 [none]
1786797718.856 [OBSTACLES] cur_s=28.98 cur_d=0.31 vs=-0.00 n=0 [none]
1786797719.383 [OBSTACLES] cur_s=28.98 cur_d=0.30 vs=-0.00 n=0 [none]
1786797719.898 [OBSTACLES] cur_s=28.98 cur_d=0.31 vs=-0.00 n=0 [none]
1786797720.400 [OBSTACLES] cur_s=28.98 cur_d=0.30 vs=-0.00 n=0 [none]
1786797720.917 [OBSTACLES] cur_s=28.98 cur_d=0.31 vs=-0.00 n=0 [none]
1786797721.419 [OBSTACLES] cur_s=28.98 cur_d=0.30 vs=-0.00 n=0 [none]
1786797721.964 [OBSTACLES] cur_s=28.99 cur_d=0.30 vs=-0.00 n=0 [none]
1786797722.484 [OBSTACLES] cur_s=28.99 cur_d=0.30 vs=-0.00 n=0 [none]
1786797722.593 [STATE_CHANGE] LOSTLINE -> GB_TRACK src=GB_TRACK s=28.99 d=0.29 vs=-0.00
1786797722.625 [STATE_CHANGE] GB_TRACK -> LOSTLINE src=GB_TRACK s=28.99 d=0.29 vs=-0.00
1786797722.643 [STATE_CHANGE] LOSTLINE -> GB_TRACK src=GB_TRACK s=28.99 d=0.29 vs=-0.00
1786797722.709 [STATE_CHANGE] GB_TRACK -> LOSTLINE src=GB_TRACK s=28.99 d=0.29 vs=-0.00
1786797722.986 [OBSTACLES] cur_s=28.96 cur_d=0.32 vs=-0.00 n=0 [none]
1786797723.064 [STATE_CHANGE] LOSTLINE -> GB_TRACK src=GB_TRACK s=28.93 d=0.29 vs=-0.00
1786797723.400 [STATIC_OT] state=GB_TRACK path_exists=1 path_locked=0 path_ttl_ok=1 path_safe=1 on_spline=1 speed=0.00 raw_wpnts=81 raw_age=0.17s decision=OVERTAKE
1786797723.400 [STATE_CHANGE] GB_TRACK -> OVERTAKE src=OVERTAKE s=28.74 d=0.16 vs=0.00
1786797723.530 [OBSTACLES] cur_s=28.67 cur_d=0.07 vs=0.00 n=1 [id=31 static=1 gap=0.46m d=0.10 size=0.41]
1786797724.141 [OBSTACLES] cur_s=28.71 cur_d=0.35 vs=0.00 n=1 [id=32 static=1 gap=0.47m d=0.06 size=0.38]
1786797724.667 [OBSTACLES] cur_s=28.69 cur_d=0.41 vs=0.00 n=0 [none]
1786797725.204 [OBSTACLES] cur_s=28.70 cur_d=0.41 vs=0.00 n=0 [none]
1786797725.788 [OBSTACLES] cur_s=28.77 cur_d=0.37 vs=0.00 n=0 [none]
1786797726.309 [OBSTACLES] cur_s=28.74 cur_d=0.39 vs=0.00 n=0 [none]
1786797726.829 [OBSTACLES] cur_s=28.78 cur_d=0.39 vs=0.11 n=0 [none]
1786797727.342 [OBSTACLES] cur_s=28.67 cur_d=0.52 vs=0.55 n=0 [none]
1786797727.859 [OBSTACLES] cur_s=28.66 cur_d=0.50 vs=0.37 n=0 [none]
1786797728.400 [OBSTACLES] cur_s=28.65 cur_d=0.39 vs=0.00 n=0 [none]
1786797728.901 [OBSTACLES] cur_s=28.90 cur_d=0.44 vs=0.00 n=0 [none]
1786797729.331 [STATIC_OT] state=OVERTAKE path_exists=1 path_locked=1 path_ttl_ok=1 path_safe=0 on_spline=1 speed=0.00 raw_wpnts=81 raw_age=0.21s decision=TRAILING reason=PATH_BLOCKED blocked_obs_id=34 gap=0.39m free_dist=0.003m branch=static/geom
1786797729.341 [STATE_CHANGE] OVERTAKE -> TRAILING src=GB_TRACK s=28.61 d=-0.07 vs=0.00
1786797729.410 [OBSTACLES] cur_s=28.55 cur_d=-0.26 vs=0.00 n=1 [id=34 static=1 gap=0.26m d=0.03 size=0.37]
1786797729.420 [STATE_CHANGE] TRAILING -> OVERTAKE src=OVERTAKE s=28.55 d=-0.26 vs=0.00
1786797729.580 [STATIC_OT] state=OVERTAKE path_exists=1 path_locked=1 path_ttl_ok=1 path_safe=1 on_spline=0 speed=0.00 raw_wpnts=81 raw_age=0.23s decision=OVERTAKE
1786797729.655 [STATE_CHANGE] OVERTAKE -> LOSTLINE src=GB_TRACK s=27.14 d=0.34 vs=0.00
1786797729.915 [OBSTACLES] cur_s=27.53 cur_d=0.62 vs=0.00 n=1 [id=36 static=1 gap=0.07m d=0.39 size=0.20]
1786797729.921 [STATIC_OT] state=GB_TRACK path_exists=0 path_locked=0 path_ttl_ok=0 path_safe=0 on_spline=0 speed=0.00 raw_wpnts=0 raw_age=-s decision=TRAILING reason=NO_STATIC_PATH
1786797729.921 [STATE_CHANGE] LOSTLINE -> TRAILING src=GB_TRACK s=27.53 d=0.62 vs=0.00
1786797730.154 [STATIC_OT] state=TRAILING path_exists=0 path_locked=0 path_ttl_ok=0 path_safe=0 on_spline=0 speed=0.00 raw_wpnts=0 raw_age=-s decision=TRAILING reason=NO_STATIC_PATH
1786797730.255 [STATE_CHANGE] TRAILING -> LOSTLINE src=GB_TRACK s=27.59 d=0.69 vs=0.00
1786797730.445 [OBSTACLES] cur_s=27.61 cur_d=0.70 vs=0.00 n=0 [none]
1786797730.962 [OBSTACLES] cur_s=27.61 cur_d=0.71 vs=-0.12 n=0 [none]
1786797731.411 [STATIC_OT] state=GB_TRACK path_exists=0 path_locked=0 path_ttl_ok=0 path_safe=0 on_spline=0 speed=-1.34 raw_wpnts=0 raw_age=-s decision=TRAILING reason=NO_STATIC_PATH
1786797731.414 [STATE_CHANGE] LOSTLINE -> TRAILING src=GB_TRACK s=27.52 d=0.64 vs=-1.34
1786797731.485 [OBSTACLES] cur_s=27.50 cur_d=0.62 vs=-1.43 n=1 [id=38 static=1 gap=0.81m d=0.04 size=0.27]
1786797731.488 [STATE_CHANGE] TRAILING -> OVERTAKE src=OVERTAKE s=27.50 d=0.62 vs=-1.43
1786797732.010 [OBSTACLES] cur_s=27.54 cur_d=0.67 vs=-0.41 n=0 [none]
1786797732.521 [OBSTACLES] cur_s=27.57 cur_d=0.72 vs=0.00 n=0 [none]
1786797733.045 [OBSTACLES] cur_s=27.59 cur_d=0.74 vs=0.26 n=0 [none]
1786797733.550 [OBSTACLES] cur_s=27.62 cur_d=0.72 vs=0.88 n=1 [id=41 static=1 gap=16.45m d=-0.21 size=0.27]
1786797733.847 [STATE_CHANGE] OVERTAKE -> LOSTLINE src=GB_TRACK s=26.64 d=0.59 vs=0.86
1786797734.060 [OBSTACLES] cur_s=25.84 cur_d=0.60 vs=0.41 n=0 [none]
1786797734.343 [STATE_CHANGE] LOSTLINE -> GB_TRACK src=GB_TRACK s=26.75 d=0.19 vs=0.00
1786797734.564 [OBSTACLES] cur_s=26.89 cur_d=0.03 vs=0.00 n=0 [none]
1786797735.069 [OBSTACLES] cur_s=25.51 cur_d=0.15 vs=0.00 n=0 [none]
1786797735.606 [OBSTACLES] cur_s=24.98 cur_d=0.28 vs=0.00 n=0 [none]
1786797735.740 [STATE_CHANGE] GB_TRACK -> LOSTLINE src=GB_TRACK s=24.99 d=0.30 vs=0.00
1786797735.813 [STATE_CHANGE] LOSTLINE -> RECOVERY src=RECOVERY s=25.02 d=0.31 vs=0.00
1786797736.110 [OBSTACLES] cur_s=25.01 cur_d=0.32 vs=0.00 n=0 [none]
1786797736.617 [OBSTACLES] cur_s=24.88 cur_d=0.32 vs=0.00 n=0 [none]
1786797737.118 [OBSTACLES] cur_s=24.75 cur_d=0.29 vs=0.00 n=0 [none]
1786797737.440 [STATIC_OT] state=RECOVERY path_exists=1 path_locked=0 path_ttl_ok=1 path_safe=1 on_spline=1 speed=0.00 raw_wpnts=81 raw_age=0.16s decision=OVERTAKE
1786797737.442 [STATE_CHANGE] RECOVERY -> OVERTAKE src=OVERTAKE s=24.65 d=0.29 vs=0.00
1786797737.649 [OBSTACLES] cur_s=24.57 cur_d=0.27 vs=0.00 n=1 [id=48 static=1 gap=0.41m d=-0.35 size=0.39]
1786797738.185 [OBSTACLES] cur_s=24.53 cur_d=0.21 vs=0.00 n=0 [none]
1786797738.498 [STATE_CHANGE] OVERTAKE -> RECOVERY src=RECOVERY s=24.22 d=0.05 vs=0.00
1786797738.530 [STATE_CHANGE] RECOVERY -> GB_TRACK src=GB_TRACK s=24.17 d=0.01 vs=0.00
1786797738.602 [STATE_CHANGE] GB_TRACK -> RECOVERY src=RECOVERY s=23.98 d=0.29 vs=0.00
1786797738.635 [STATE_CHANGE] RECOVERY -> LOSTLINE src=GB_TRACK s=23.82 d=0.54 vs=0.00
1786797738.687 [OBSTACLES] cur_s=23.72 cur_d=0.85 vs=0.00 n=0 [none]
1786797739.055 [STATE_CHANGE] LOSTLINE -> RECOVERY src=RECOVERY s=23.63 d=1.14 vs=0.00
1786797739.210 [OBSTACLES] cur_s=23.63 cur_d=1.16 vs=0.00 n=0 [none]
1786797739.648 [STATE_CHANGE] RECOVERY -> LOSTLINE src=GB_TRACK s=24.08 d=1.26 vs=0.00
1786797739.711 [OBSTACLES] cur_s=24.26 cur_d=1.32 vs=0.00 n=0 [none]
1786797740.256 [OBSTACLES] cur_s=25.42 cur_d=1.62 vs=0.00 n=0 [none]
1786797740.761 [OBSTACLES] cur_s=24.99 cur_d=1.64 vs=0.00 n=0 [none]
1786797741.265 [OBSTACLES] cur_s=24.96 cur_d=1.63 vs=0.00 n=0 [none]
1786797741.769 [OBSTACLES] cur_s=24.76 cur_d=1.56 vs=0.00 n=0 [none]
1786797742.286 [OBSTACLES] cur_s=25.09 cur_d=1.71 vs=0.00 n=0 [none]
1786797742.793 [OBSTACLES] cur_s=25.43 cur_d=1.72 vs=0.00 n=0 [none]
1786797743.303 [OBSTACLES] cur_s=25.27 cur_d=1.74 vs=0.00 n=0 [none]
1786797743.748 [STATE_CHANGE] LOSTLINE -> GB_TRACK src=GB_TRACK s=33.88 d=-0.06 vs=0.24
1786797743.810 [OBSTACLES] cur_s=34.14 cur_d=-0.10 vs=0.29 n=0 [none]
1786797744.316 [OBSTACLES] cur_s=34.42 cur_d=-0.08 vs=1.34 n=0 [none]
1786797744.826 [OBSTACLES] cur_s=34.08 cur_d=-0.31 vs=1.24 n=0 [none]
1786797744.827 [STATE_CHANGE] GB_TRACK -> RECOVERY src=RECOVERY s=34.08 d=-0.31 vs=1.24
1786797744.895 [STATE_CHANGE] RECOVERY -> LOSTLINE src=GB_TRACK s=33.89 d=-0.50 vs=0.85
1786797745.078 [STATE_CHANGE] LOSTLINE -> RECOVERY src=RECOVERY s=33.83 d=-0.59 vs=0.74
1786797745.330 [OBSTACLES] cur_s=33.86 cur_d=-0.51 vs=0.94 n=0 [none]
1786797745.841 [OBSTACLES] cur_s=33.80 cur_d=-0.61 vs=0.00 n=0 [none]
1786797746.414 [OBSTACLES] cur_s=33.80 cur_d=-0.61 vs=0.00 n=0 [none]
1786797746.923 [OBSTACLES] cur_s=33.73 cur_d=-0.74 vs=-0.37 n=0 [none]
1786797747.435 [OBSTACLES] cur_s=34.01 cur_d=-0.93 vs=0.23 n=0 [none]
1786797747.494 [STATE_CHANGE] RECOVERY -> LOSTLINE src=GB_TRACK s=34.19 d=-1.03 vs=0.31
1786797747.956 [OBSTACLES] cur_s=0.57 cur_d=-0.71 vs=1.09 n=0 [none]
1786797748.459 [OBSTACLES] cur_s=34.25 cur_d=-1.75 vs=1.53 n=0 [none]
1786797748.972 [OBSTACLES] cur_s=34.45 cur_d=-1.45 vs=0.22 n=0 [none]
1786797749.539 [OBSTACLES] cur_s=34.47 cur_d=-1.30 vs=-0.00 n=0 [none]
1786797750.055 [OBSTACLES] cur_s=34.47 cur_d=-1.29 vs=-0.00 n=0 [none]
1786797750.562 [OBSTACLES] cur_s=0.11 cur_d=-1.19 vs=0.11 n=0 [none]
1786797751.066 [OBSTACLES] cur_s=34.30 cur_d=-1.58 vs=-0.00 n=0 [none]
1786797751.700 [OBSTACLES] cur_s=33.96 cur_d=-1.93 vs=-0.00 n=0 [none]
1786797752.301 [OBSTACLES] cur_s=0.32 cur_d=-1.38 vs=-0.00 n=0 [none]
1786797752.819 [OBSTACLES] cur_s=2.04 cur_d=-1.50 vs=0.00 n=0 [none]
1786797753.367 [OBSTACLES] cur_s=2.08 cur_d=-1.99 vs=0.00 n=0 [none]
1786797753.907 [OBSTACLES] cur_s=2.07 cur_d=-1.98 vs=0.00 n=0 [none]
1786797754.530 [OBSTACLES] cur_s=2.05 cur_d=-2.01 vs=0.00 n=0 [none]
1786797755.091 [OBSTACLES] cur_s=1.87 cur_d=-1.63 vs=0.00 n=0 [none]
1786797755.605 [OBSTACLES] cur_s=1.76 cur_d=-1.61 vs=0.00 n=0 [none]
1786797755.785 [STATIC_OT] state=GB_TRACK path_exists=0 path_locked=0 path_ttl_ok=0 path_safe=0 on_spline=0 speed=0.00 raw_wpnts=0 raw_age=-s decision=TRAILING reason=NO_STATIC_PATH
1786797755.787 [STATE_CHANGE] LOSTLINE -> TRAILING src=GB_TRACK s=1.59 d=-1.45 vs=0.00
1786797756.031 [STATIC_OT] state=TRAILING path_exists=0 path_locked=0 path_ttl_ok=0 path_safe=0 on_spline=0 speed=0.00 raw_wpnts=0 raw_age=-s decision=TRAILING reason=NO_STATIC_PATH
1786797756.135 [OBSTACLES] cur_s=1.59 cur_d=-1.46 vs=0.00 n=1 [id=64 static=1 gap=8.68m d=0.50 size=0.35]
1786797756.268 [STATIC_OT] state=TRAILING path_exists=0 path_locked=0 path_ttl_ok=0 path_safe=0 on_spline=0 speed=0.00 raw_wpnts=0 raw_age=-s decision=TRAILING reason=NO_STATIC_PATH
1786797756.502 [STATIC_OT] state=TRAILING path_exists=0 path_locked=0 path_ttl_ok=0 path_safe=0 on_spline=0 speed=0.00 raw_wpnts=0 raw_age=-s decision=TRAILING reason=NO_STATIC_PATH
1786797756.682 [OBSTACLES] cur_s=1.52 cur_d=-1.40 vs=0.00 n=1 [id=64 static=1 gap=8.74m d=0.50 size=0.35]
1786797756.724 [STATIC_OT] state=TRAILING path_exists=0 path_locked=0 path_ttl_ok=0 path_safe=0 on_spline=0 speed=0.00 raw_wpnts=0 raw_age=-s decision=TRAILING reason=NO_STATIC_PATH
1786797756.961 [STATIC_OT] state=TRAILING path_exists=0 path_locked=0 path_ttl_ok=0 path_safe=0 on_spline=0 speed=0.00 raw_wpnts=0 raw_age=-s decision=TRAILING reason=NO_STATIC_PATH
1786797757.211 [OBSTACLES] cur_s=1.53 cur_d=-1.39 vs=0.00 n=1 [id=64 static=1 gap=8.71m d=0.50 size=0.35]
1786797757.249 [STATIC_OT] state=TRAILING path_exists=0 path_locked=0 path_ttl_ok=0 path_safe=0 on_spline=0 speed=0.00 raw_wpnts=0 raw_age=-s decision=TRAILING reason=NO_STATIC_PATH
1786797757.516 [STATIC_OT] state=TRAILING path_exists=0 path_locked=0 path_ttl_ok=0 path_safe=0 on_spline=0 speed=0.00 raw_wpnts=0 raw_age=-s decision=TRAILING reason=NO_STATIC_PATH
1786797757.747 [OBSTACLES] cur_s=1.55 cur_d=-1.37 vs=0.00 n=1 [id=64 static=1 gap=8.68m d=0.50 size=0.34]
1786797757.774 [STATIC_OT] state=TRAILING path_exists=0 path_locked=0 path_ttl_ok=0 path_safe=0 on_spline=0 speed=0.00 raw_wpnts=0 raw_age=-s decision=TRAILING reason=NO_STATIC_PATH
1786797758.015 [STATIC_OT] state=TRAILING path_exists=0 path_locked=0 path_ttl_ok=0 path_safe=0 on_spline=0 speed=0.00 raw_wpnts=0 raw_age=-s decision=TRAILING reason=NO_STATIC_PATH
1786797758.276 [OBSTACLES] cur_s=1.55 cur_d=-1.38 vs=0.00 n=1 [id=64 static=1 gap=8.68m d=0.49 size=0.35]
1786797758.285 [STATIC_OT] state=TRAILING path_exists=0 path_locked=0 path_ttl_ok=0 path_safe=0 on_spline=0 speed=0.00 raw_wpnts=0 raw_age=-s decision=TRAILING reason=NO_STATIC_PATH
1786797758.502 [STATIC_OT] state=TRAILING path_exists=0 path_locked=0 path_ttl_ok=0 path_safe=0 on_spline=0 speed=0.00 raw_wpnts=0 raw_age=-s decision=TRAILING reason=NO_STATIC_PATH
1786797758.749 [STATIC_OT] state=TRAILING path_exists=0 path_locked=0 path_ttl_ok=0 path_safe=0 on_spline=0 speed=0.00 raw_wpnts=0 raw_age=-s decision=TRAILING reason=NO_STATIC_PATH
1786797758.789 [OBSTACLES] cur_s=1.56 cur_d=-1.37 vs=0.00 n=1 [id=64 static=1 gap=8.68m d=0.49 size=0.35]
1786797758.994 [STATIC_OT] state=TRAILING path_exists=0 path_locked=0 path_ttl_ok=0 path_safe=0 on_spline=0 speed=0.00 raw_wpnts=0 raw_age=-s decision=TRAILING reason=NO_STATIC_PATH
1786797759.283 [STATIC_OT] state=TRAILING path_exists=0 path_locked=0 path_ttl_ok=0 path_safe=0 on_spline=0 speed=0.00 raw_wpnts=0 raw_age=-s decision=TRAILING reason=NO_STATIC_PATH
1786797759.352 [OBSTACLES] cur_s=1.56 cur_d=-1.37 vs=0.00 n=1 [id=64 static=1 gap=8.68m d=0.49 size=0.35]
1786797759.553 [STATIC_OT] state=TRAILING path_exists=0 path_locked=0 path_ttl_ok=0 path_safe=0 on_spline=0 speed=0.00 raw_wpnts=0 raw_age=-s decision=TRAILING reason=NO_STATIC_PATH
1786797759.760 [STATIC_OT] state=TRAILING path_exists=0 path_locked=0 path_ttl_ok=0 path_safe=0 on_spline=0 speed=0.00 raw_wpnts=0 raw_age=-s decision=TRAILING reason=NO_STATIC_PATH
1786797759.892 [OBSTACLES] cur_s=1.56 cur_d=-1.37 vs=0.00 n=1 [id=64 static=1 gap=8.69m d=0.49 size=0.35]
1786797759.985 [STATIC_OT] state=TRAILING path_exists=0 path_locked=0 path_ttl_ok=0 path_safe=0 on_spline=0 speed=0.00 raw_wpnts=0 raw_age=-s decision=TRAILING reason=NO_STATIC_PATH
1786797760.204 [STATIC_OT] state=TRAILING path_exists=0 path_locked=0 path_ttl_ok=0 path_safe=0 on_spline=0 speed=0.00 raw_wpnts=0 raw_age=-s decision=TRAILING reason=NO_STATIC_PATH
1786797760.413 [OBSTACLES] cur_s=1.55 cur_d=-1.34 vs=0.00 n=1 [id=64 static=1 gap=8.69m d=0.48 size=0.35]
1786797760.422 [STATIC_OT] state=TRAILING path_exists=0 path_locked=0 path_ttl_ok=0 path_safe=0 on_spline=0 speed=0.00 raw_wpnts=0 raw_age=-s decision=TRAILING reason=NO_STATIC_PATH
1786797760.672 [STATIC_OT] state=TRAILING path_exists=0 path_locked=0 path_ttl_ok=0 path_safe=0 on_spline=0 speed=0.00 raw_wpnts=0 raw_age=-s decision=TRAILING reason=NO_STATIC_PATH
1786797760.904 [STATIC_OT] state=TRAILING path_exists=0 path_locked=0 path_ttl_ok=0 path_safe=0 on_spline=0 speed=0.00 raw_wpnts=0 raw_age=-s decision=TRAILING reason=NO_STATIC_PATH
1786797761.057 [OBSTACLES] cur_s=1.55 cur_d=-1.35 vs=0.00 n=1 [id=64 static=1 gap=8.69m d=0.48 size=0.35]
1786797761.133 [STATIC_OT] state=TRAILING path_exists=0 path_locked=0 path_ttl_ok=0 path_safe=0 on_spline=0 speed=0.00 raw_wpnts=0 raw_age=-s decision=TRAILING reason=NO_STATIC_PATH
1786797761.337 [STATIC_OT] state=TRAILING path_exists=0 path_locked=0 path_ttl_ok=0 path_safe=0 on_spline=0 speed=0.00 raw_wpnts=0 raw_age=-s decision=TRAILING reason=NO_STATIC_PATH
1786797761.545 [STATIC_OT] state=TRAILING path_exists=0 path_locked=0 path_ttl_ok=0 path_safe=0 on_spline=0 speed=0.00 raw_wpnts=0 raw_age=-s decision=TRAILING reason=NO_STATIC_PATH
1786797761.587 [OBSTACLES] cur_s=1.66 cur_d=-1.32 vs=0.00 n=1 [id=64 static=1 gap=8.58m d=0.48 size=0.35]
1786797761.702 [STATE_CHANGE] TRAILING -> LOSTLINE src=GB_TRACK s=1.73 d=-1.31 vs=0.00
1786797762.133 [OBSTACLES] cur_s=1.54 cur_d=-1.42 vs=0.00 n=0 [none]
1786797762.379 [STATIC_OT] state=GB_TRACK path_exists=0 path_locked=0 path_ttl_ok=0 path_safe=0 on_spline=0 speed=0.00 raw_wpnts=0 raw_age=-s decision=TRAILING reason=NO_STATIC_PATH
1786797762.384 [STATE_CHANGE] LOSTLINE -> TRAILING src=GB_TRACK s=1.53 d=-1.42 vs=0.00
1786797762.625 [STATIC_OT] state=TRAILING path_exists=0 path_locked=0 path_ttl_ok=0 path_safe=0 on_spline=0 speed=0.00 raw_wpnts=0 raw_age=-s decision=TRAILING reason=NO_STATIC_PATH
1786797762.663 [OBSTACLES] cur_s=1.57 cur_d=-1.41 vs=0.00 n=1 [id=68 static=1 gap=8.61m d=0.36 size=0.35]
1786797762.869 [STATIC_OT] state=TRAILING path_exists=0 path_locked=0 path_ttl_ok=0 path_safe=0 on_spline=0 speed=0.00 raw_wpnts=0 raw_age=-s decision=TRAILING reason=NO_STATIC_PATH
1786797763.096 [STATIC_OT] state=TRAILING path_exists=0 path_locked=0 path_ttl_ok=0 path_safe=0 on_spline=0 speed=0.00 raw_wpnts=0 raw_age=-s decision=TRAILING reason=NO_STATIC_PATH
1786797763.219 [OBSTACLES] cur_s=1.58 cur_d=-1.40 vs=0.00 n=1 [id=68 static=1 gap=8.66m d=0.42 size=0.35]
1786797763.318 [STATIC_OT] state=TRAILING path_exists=0 path_locked=0 path_ttl_ok=0 path_safe=0 on_spline=0 speed=0.00 raw_wpnts=0 raw_age=-s decision=TRAILING reason=NO_STATIC_PATH
1786797763.536 [STATIC_OT] state=TRAILING path_exists=0 path_locked=0 path_ttl_ok=0 path_safe=0 on_spline=0 speed=0.00 raw_wpnts=0 raw_age=-s decision=TRAILING reason=NO_STATIC_PATH
1786797763.745 [OBSTACLES] cur_s=1.58 cur_d=-1.40 vs=0.00 n=1 [id=68 static=1 gap=8.67m d=0.44 size=0.35]
1786797763.748 [STATIC_OT] state=TRAILING path_exists=0 path_locked=0 path_ttl_ok=0 path_safe=0 on_spline=0 speed=0.00 raw_wpnts=0 raw_age=-s decision=TRAILING reason=NO_STATIC_PATH
1786797763.967 [STATIC_OT] state=TRAILING path_exists=0 path_locked=0 path_ttl_ok=0 path_safe=0 on_spline=0 speed=0.00 raw_wpnts=0 raw_age=-s decision=TRAILING reason=NO_STATIC_PATH
1786797764.200 [STATIC_OT] state=TRAILING path_exists=0 path_locked=0 path_ttl_ok=0 path_safe=0 on_spline=0 speed=0.00 raw_wpnts=0 raw_age=-s decision=TRAILING reason=NO_STATIC_PATH
1786797764.265 [OBSTACLES] cur_s=1.58 cur_d=-1.40 vs=0.00 n=1 [id=68 static=1 gap=8.68m d=0.44 size=0.35]
1786797764.416 [STATIC_OT] state=TRAILING path_exists=0 path_locked=0 path_ttl_ok=0 path_safe=0 on_spline=0 speed=0.00 raw_wpnts=0 raw_age=-s decision=TRAILING reason=NO_STATIC_PATH
1786797764.626 [STATIC_OT] state=TRAILING path_exists=0 path_locked=0 path_ttl_ok=0 path_safe=0 on_spline=0 speed=0.00 raw_wpnts=0 raw_age=-s decision=TRAILING reason=NO_STATIC_PATH
1786797764.787 [OBSTACLES] cur_s=1.58 cur_d=-1.41 vs=0.00 n=1 [id=68 static=1 gap=8.69m d=0.45 size=0.35]
1786797764.858 [STATIC_OT] state=TRAILING path_exists=0 path_locked=0 path_ttl_ok=0 path_safe=0 on_spline=0 speed=0.00 raw_wpnts=0 raw_age=-s decision=TRAILING reason=NO_STATIC_PATH
1786797765.083 [STATIC_OT] state=TRAILING path_exists=0 path_locked=0 path_ttl_ok=0 path_safe=0 on_spline=0 speed=0.00 raw_wpnts=0 raw_age=-s decision=TRAILING reason=NO_STATIC_PATH
1786797765.298 [OBSTACLES] cur_s=1.58 cur_d=-1.40 vs=0.00 n=1 [id=68 static=1 gap=8.69m d=0.45 size=0.35]
1786797765.303 [STATIC_OT] state=TRAILING path_exists=0 path_locked=0 path_ttl_ok=0 path_safe=0 on_spline=0 speed=0.00 raw_wpnts=0 raw_age=-s decision=TRAILING reason=NO_STATIC_PATH
1786797765.587 [STATIC_OT] state=TRAILING path_exists=0 path_locked=0 path_ttl_ok=0 path_safe=0 on_spline=0 speed=0.00 raw_wpnts=0 raw_age=-s decision=TRAILING reason=NO_STATIC_PATH
1786797765.806 [OBSTACLES] cur_s=1.57 cur_d=-1.40 vs=0.00 n=1 [id=68 static=1 gap=8.69m d=0.46 size=0.35]
1786797765.809 [STATIC_OT] state=TRAILING path_exists=0 path_locked=0 path_ttl_ok=0 path_safe=0 on_spline=0 speed=0.00 raw_wpnts=0 raw_age=-s decision=TRAILING reason=NO_STATIC_PATH
1786797766.106 [STATIC_OT] state=TRAILING path_exists=0 path_locked=0 path_ttl_ok=0 path_safe=0 on_spline=0 speed=0.00 raw_wpnts=0 raw_age=-s decision=TRAILING reason=NO_STATIC_PATH
1786797766.345 [OBSTACLES] cur_s=1.56 cur_d=-1.38 vs=0.00 n=1 [id=68 static=1 gap=8.72m d=0.46 size=0.31]
1786797766.354 [STATIC_OT] state=TRAILING path_exists=0 path_locked=0 path_ttl_ok=0 path_safe=0 on_spline=0 speed=0.00 raw_wpnts=0 raw_age=-s decision=TRAILING reason=NO_STATIC_PATH
1786797766.594 [STATIC_OT] state=TRAILING path_exists=0 path_locked=0 path_ttl_ok=0 path_safe=0 on_spline=0 speed=0.00 raw_wpnts=0 raw_age=-s decision=TRAILING reason=NO_STATIC_PATH
1786797766.810 [STATIC_OT] state=TRAILING path_exists=0 path_locked=0 path_ttl_ok=0 path_safe=0 on_spline=0 speed=0.00 raw_wpnts=0 raw_age=-s decision=TRAILING reason=NO_STATIC_PATH
1786797766.838 [STATE_CHANGE] TRAILING -> LOSTLINE src=GB_TRACK s=1.67 d=-1.30 vs=0.00
1786797766.877 [OBSTACLES] cur_s=1.74 cur_d=-1.26 vs=0.00 n=0 [none]
1786797766.940 [STATE_CHANGE] LOSTLINE -> TRAILING src=GB_TRACK s=1.76 d=-1.26 vs=0.00
1786797767.048 [STATIC_OT] state=TRAILING path_exists=0 path_locked=0 path_ttl_ok=0 path_safe=0 on_spline=0 speed=0.00 raw_wpnts=0 raw_age=-s decision=TRAILING reason=NO_STATIC_PATH
1786797767.261 [STATE_CHANGE] TRAILING -> LOSTLINE src=GB_TRACK s=1.67 d=-1.29 vs=0.00
1786797767.392 [OBSTACLES] cur_s=1.56 cur_d=-1.34 vs=0.00 n=0 [none]
1786797767.486 [STATIC_OT] state=GB_TRACK path_exists=0 path_locked=0 path_ttl_ok=0 path_safe=0 on_spline=0 speed=0.00 raw_wpnts=0 raw_age=-s decision=TRAILING reason=NO_STATIC_PATH
1786797767.486 [STATE_CHANGE] LOSTLINE -> TRAILING src=GB_TRACK s=1.54 d=-1.35 vs=0.00
1786797767.704 [STATIC_OT] state=TRAILING path_exists=0 path_locked=0 path_ttl_ok=0 path_safe=0 on_spline=0 speed=0.00 raw_wpnts=0 raw_age=-s decision=TRAILING reason=NO_STATIC_PATH
1786797767.905 [OBSTACLES] cur_s=1.56 cur_d=-1.35 vs=0.00 n=1 [id=72 static=1 gap=8.70m d=0.47 size=0.35]
1786797767.916 [STATIC_OT] state=TRAILING path_exists=0 path_locked=0 path_ttl_ok=0 path_safe=0 on_spline=0 speed=0.00 raw_wpnts=0 raw_age=-s decision=TRAILING reason=NO_STATIC_PATH
1786797768.167 [STATIC_OT] state=TRAILING path_exists=0 path_locked=0 path_ttl_ok=0 path_safe=0 on_spline=0 speed=0.00 raw_wpnts=0 raw_age=-s decision=TRAILING reason=NO_STATIC_PATH
1786797768.372 [STATIC_OT] state=TRAILING path_exists=0 path_locked=0 path_ttl_ok=0 path_safe=0 on_spline=0 speed=0.00 raw_wpnts=0 raw_age=-s decision=TRAILING reason=NO_STATIC_PATH
1786797768.408 [OBSTACLES] cur_s=1.57 cur_d=-1.39 vs=0.00 n=1 [id=72 static=1 gap=8.69m d=0.47 size=0.35]
1786797768.574 [STATIC_OT] state=TRAILING path_exists=0 path_locked=0 path_ttl_ok=0 path_safe=0 on_spline=0 speed=0.00 raw_wpnts=0 raw_age=-s decision=TRAILING reason=NO_STATIC_PATH
1786797768.797 [STATIC_OT] state=TRAILING path_exists=0 path_locked=0 path_ttl_ok=0 path_safe=0 on_spline=0 speed=0.00 raw_wpnts=0 raw_age=-s decision=TRAILING reason=NO_STATIC_PATH
1786797768.944 [OBSTACLES] cur_s=1.57 cur_d=-1.38 vs=0.00 n=1 [id=72 static=1 gap=8.69m d=0.47 size=0.35]
1786797769.037 [STATIC_OT] state=TRAILING path_exists=0 path_locked=0 path_ttl_ok=0 path_safe=0 on_spline=0 speed=0.00 raw_wpnts=0 raw_age=-s decision=TRAILING reason=NO_STATIC_PATH
1786797769.251 [STATIC_OT] state=TRAILING path_exists=0 path_locked=0 path_ttl_ok=0 path_safe=0 on_spline=0 speed=0.00 raw_wpnts=0 raw_age=-s decision=TRAILING reason=NO_STATIC_PATH
1786797769.512 [OBSTACLES] cur_s=1.56 cur_d=-1.37 vs=0.00 n=1 [id=72 static=1 gap=8.70m d=0.47 size=0.35]
1786797769.517 [STATIC_OT] state=TRAILING path_exists=0 path_locked=0 path_ttl_ok=0 path_safe=0 on_spline=0 speed=0.00 raw_wpnts=0 raw_age=-s decision=TRAILING reason=NO_STATIC_PATH
1786797769.730 [STATIC_OT] state=TRAILING path_exists=0 path_locked=0 path_ttl_ok=0 path_safe=0 on_spline=0 speed=0.00 raw_wpnts=0 raw_age=-s decision=TRAILING reason=NO_STATIC_PATH
1786797769.930 [STATIC_OT] state=TRAILING path_exists=0 path_locked=0 path_ttl_ok=0 path_safe=0 on_spline=0 speed=0.00 raw_wpnts=0 raw_age=-s decision=TRAILING reason=NO_STATIC_PATH
1786797770.023 [OBSTACLES] cur_s=34.36 cur_d=0.08 vs=0.00 n=1 [id=75 static=1 gap=9.05m d=0.12 size=0.35]
1786797770.184 [STATIC_OT] state=TRAILING path_exists=0 path_locked=0 path_ttl_ok=0 path_safe=0 on_spline=0 speed=0.00 raw_wpnts=0 raw_age=-s decision=TRAILING reason=NO_STATIC_PATH
1786797770.391 [STATIC_OT] state=TRAILING path_exists=1 path_locked=0 path_ttl_ok=1 path_safe=1 on_spline=1 speed=0.00 raw_wpnts=81 raw_age=0.50s decision=OVERTAKE
1786797770.392 [STATE_CHANGE] TRAILING -> OVERTAKE src=OVERTAKE s=34.35 d=0.09 vs=0.00
1786797770.541 [OBSTACLES] cur_s=34.38 cur_d=0.06 vs=0.00 n=2 [id=75 static=1 gap=9.02m d=0.10 size=0.35; id=76 static=1 gap=1.10m d=0.30 size=0.21]
1786797770.565 [STATE_CHANGE] OVERTAKE -> TRAILING src=GB_TRACK s=34.38 d=0.06 vs=0.00
1786797770.742 [STATIC_OT] state=TRAILING path_exists=1 path_locked=0 path_ttl_ok=1 path_safe=0 on_spline=1 speed=0.00 raw_wpnts=81 raw_age=0.56s decision=TRAILING reason=PATH_BLOCKED blocked_obs_id=76 gap=1.12m free_dist=-0.011m branch=static/geom
1786797770.851 [STATE_CHANGE] TRAILING -> OVERTAKE src=OVERTAKE s=34.42 d=0.02 vs=0.00
1786797771.066 [OBSTACLES] cur_s=34.41 cur_d=0.04 vs=0.00 n=3 [id=75 static=1 gap=9.00m d=0.09 size=0.35; id=76 static=1 gap=1.08m d=0.21 size=0.33; id=77 static=1 gap=1.55m d=-0.31 size=0.37]
1786797771.633 [OBSTACLES] cur_s=34.40 cur_d=0.05 vs=0.00 n=2 [id=75 static=1 gap=9.02m d=0.13 size=0.35; id=77 static=1 gap=1.68m d=-0.33 size=0.19]
1786797772.140 [OBSTACLES] cur_s=34.39 cur_d=0.06 vs=0.00 n=1 [id=75 static=1 gap=9.03m d=0.15 size=0.35]
1786797772.744 [OBSTACLES] cur_s=34.36 cur_d=0.06 vs=0.00 n=1 [id=75 static=1 gap=9.06m d=0.16 size=0.35]
1786797773.356 [OBSTACLES] cur_s=34.38 cur_d=0.06 vs=0.00 n=1 [id=75 static=1 gap=9.04m d=0.17 size=0.35]
1786797773.858 [OBSTACLES] cur_s=34.36 cur_d=0.05 vs=0.00 n=1 [id=75 static=1 gap=9.06m d=0.18 size=0.35]
1786797774.439 [OBSTACLES] cur_s=34.35 cur_d=0.05 vs=0.00 n=1 [id=75 static=1 gap=9.07m d=0.18 size=0.35]
1786797774.970 [OBSTACLES] cur_s=34.35 cur_d=0.05 vs=0.00 n=1 [id=75 static=1 gap=9.07m d=0.19 size=0.35]
1786797775.565 [OBSTACLES] cur_s=34.34 cur_d=0.04 vs=0.00 n=1 [id=75 static=1 gap=9.07m d=0.19 size=0.35]
1786797776.092 [OBSTACLES] cur_s=34.37 cur_d=0.06 vs=0.00 n=1 [id=75 static=1 gap=9.05m d=0.19 size=0.35]
1786797776.673 [OBSTACLES] cur_s=34.34 cur_d=0.04 vs=0.00 n=1 [id=75 static=1 gap=9.09m d=0.19 size=0.31]
1786797777.205 [OBSTACLES] cur_s=34.36 cur_d=0.06 vs=0.00 n=1 [id=75 static=1 gap=9.05m d=0.19 size=0.35]
1786797777.763 [OBSTACLES] cur_s=34.29 cur_d=0.07 vs=0.16 n=1 [id=75 static=1 gap=9.15m d=0.19 size=0.27]
1786797778.277 [OBSTACLES] cur_s=34.41 cur_d=0.00 vs=0.00 n=1 [id=75 static=1 gap=8.97m d=0.20 size=0.38]
1786797778.796 [OBSTACLES] cur_s=34.44 cur_d=-0.00 vs=0.00 n=1 [id=75 static=1 gap=8.95m d=0.21 size=0.34]
1786797779.384 [OBSTACLES] cur_s=34.43 cur_d=0.00 vs=0.00 n=1 [id=75 static=1 gap=8.95m d=0.21 size=0.34]
1786797779.903 [OBSTACLES] cur_s=34.43 cur_d=-0.00 vs=0.00 n=1 [id=75 static=1 gap=8.94m d=0.22 size=0.34]
1786797780.394 [STATIC_OT] state=OVERTAKE path_exists=0 path_locked=1 path_ttl_ok=0 path_safe=0 on_spline=0 speed=0.00 raw_wpnts=0 raw_age=-s decision=TRAILING reason=NO_STATIC_PATH
1786797780.394 [STATE_CHANGE] OVERTAKE -> TRAILING src=GB_TRACK s=34.43 d=0.00 vs=0.00
1786797780.436 [OBSTACLES] cur_s=34.43 cur_d=-0.00 vs=0.00 n=1 [id=75 static=1 gap=8.93m d=0.22 size=0.34]
1786797780.611 [STATIC_OT] state=TRAILING path_exists=0 path_locked=0 path_ttl_ok=0 path_safe=0 on_spline=0 speed=0.00 raw_wpnts=0 raw_age=-s decision=TRAILING reason=NO_STATIC_PATH
1786797780.819 [STATIC_OT] state=TRAILING path_exists=0 path_locked=0 path_ttl_ok=0 path_safe=0 on_spline=0 speed=0.00 raw_wpnts=0 raw_age=-s decision=TRAILING reason=NO_STATIC_PATH
1786797780.944 [OBSTACLES] cur_s=34.43 cur_d=-0.01 vs=0.00 n=1 [id=75 static=1 gap=8.91m d=0.22 size=0.38]
1786797781.043 [STATIC_OT] state=TRAILING path_exists=0 path_locked=0 path_ttl_ok=0 path_safe=0 on_spline=0 speed=0.00 raw_wpnts=0 raw_age=-s decision=TRAILING reason=NO_STATIC_PATH
1786797781.291 [STATIC_OT] state=TRAILING path_exists=0 path_locked=0 path_ttl_ok=0 path_safe=0 on_spline=0 speed=0.00 raw_wpnts=0 raw_age=-s decision=TRAILING reason=NO_STATIC_PATH
1786797781.452 [OBSTACLES] cur_s=34.43 cur_d=-0.01 vs=0.00 n=1 [id=75 static=1 gap=8.90m d=0.23 size=0.38]
1786797781.532 [STATIC_OT] state=TRAILING path_exists=0 path_locked=0 path_ttl_ok=0 path_safe=0 on_spline=0 speed=0.00 raw_wpnts=0 raw_age=-s decision=TRAILING reason=NO_STATIC_PATH
1786797781.738 [STATIC_OT] state=TRAILING path_exists=0 path_locked=0 path_ttl_ok=0 path_safe=0 on_spline=0 speed=0.00 raw_wpnts=0 raw_age=-s decision=TRAILING reason=NO_STATIC_PATH
1786797781.984 [OBSTACLES] cur_s=34.46 cur_d=0.03 vs=0.68 n=1 [id=75 static=1 gap=8.89m d=0.23 size=0.34]
1786797781.987 [STATIC_OT] state=TRAILING path_exists=0 path_locked=0 path_ttl_ok=0 path_safe=0 on_spline=0 speed=0.68 raw_wpnts=0 raw_age=-s decision=TRAILING reason=NO_STATIC_PATH
1786797782.264 [STATIC_OT] state=TRAILING path_exists=0 path_locked=0 path_ttl_ok=0 path_safe=0 on_spline=0 speed=2.17 raw_wpnts=0 raw_age=-s decision=TRAILING reason=NO_STATIC_PATH
1786797782.485 [OBSTACLES] cur_s=1.25 cur_d=-0.02 vs=3.30 n=1 [id=75 static=1 gap=7.60m d=0.23 size=0.27]
1786797782.496 [STATIC_OT] state=TRAILING path_exists=0 path_locked=0 path_ttl_ok=0 path_safe=0 on_spline=0 speed=3.30 raw_wpnts=0 raw_age=-s decision=TRAILING reason=NO_STATIC_PATH
1786797782.724 [STATIC_OT] state=TRAILING path_exists=0 path_locked=0 path_ttl_ok=0 path_safe=0 on_spline=0 speed=3.14 raw_wpnts=0 raw_age=-s decision=TRAILING reason=NO_STATIC_PATH
1786797782.931 [STATIC_OT] state=TRAILING path_exists=0 path_locked=0 path_ttl_ok=0 path_safe=0 on_spline=0 speed=2.57 raw_wpnts=0 raw_age=-s decision=TRAILING reason=NO_STATIC_PATH
1786797782.986 [OBSTACLES] cur_s=2.94 cur_d=-0.04 vs=2.42 n=1 [id=75 static=1 gap=5.88m d=0.23 size=0.33]
1786797783.168 [STATIC_OT] state=TRAILING path_exists=0 path_locked=0 path_ttl_ok=0 path_safe=0 on_spline=0 speed=2.13 raw_wpnts=0 raw_age=-s decision=TRAILING reason=NO_STATIC_PATH
1786797783.424 [STATIC_OT] state=TRAILING path_exists=0 path_locked=0 path_ttl_ok=0 path_safe=0 on_spline=0 speed=1.73 raw_wpnts=0 raw_age=-s decision=TRAILING reason=NO_STATIC_PATH
1786797783.472 [STATE_CHANGE] TRAILING -> OVERTAKE src=OVERTAKE s=3.64 d=0.08 vs=1.72
1786797783.691 [OBSTACLES] cur_s=4.00 cur_d=0.04 vs=1.75 n=1 [id=75 static=1 gap=4.83m d=0.23 size=0.31]
1786797784.334 [OBSTACLES] cur_s=5.82 cur_d=-0.05 vs=3.12 n=1 [id=75 static=1 gap=3.01m d=0.23 size=0.30]
1786797784.876 [OBSTACLES] cur_s=7.34 cur_d=-0.23 vs=3.42 n=1 [id=75 static=1 gap=1.48m d=0.24 size=0.32]
1786797785.433 [OBSTACLES] cur_s=9.30 cur_d=-0.15 vs=3.13 n=0 [none]
1786797786.014 [OBSTACLES] cur_s=10.98 cur_d=0.14 vs=2.59 n=0 [none]
1786797786.573 [OBSTACLES] cur_s=12.20 cur_d=-0.09 vs=2.36 n=0 [none]
1786797787.080 [OBSTACLES] cur_s=13.91 cur_d=0.23 vs=3.34 n=0 [none]
1786797787.335 [STATE_CHANGE] OVERTAKE -> RECOVERY src=RECOVERY s=14.45 d=0.27 vs=3.13
1786797787.656 [OBSTACLES] cur_s=15.29 cur_d=-0.04 vs=2.36 n=0 [none]
1786797787.659 [STATE_CHANGE] RECOVERY -> GB_TRACK src=GB_TRACK s=15.29 d=-0.04 vs=2.36
1786797788.150 [STATIC_OT] state=GB_TRACK path_exists=0 path_locked=0 path_ttl_ok=0 path_safe=0 on_spline=0 speed=2.39 raw_wpnts=0 raw_age=-s decision=TRAILING reason=NO_STATIC_PATH
1786797788.150 [STATE_CHANGE] GB_TRACK -> TRAILING src=GB_TRACK s=16.38 d=-0.18 vs=2.39
1786797788.182 [OBSTACLES] cur_s=16.47 cur_d=-0.16 vs=2.42 n=1 [id=78 static=1 gap=6.06m d=0.33 size=0.30]
1786797788.411 [STATIC_OT] state=TRAILING path_exists=0 path_locked=0 path_ttl_ok=0 path_safe=0 on_spline=0 speed=2.52 raw_wpnts=0 raw_age=-s decision=TRAILING reason=NO_STATIC_PATH
1786797788.615 [STATIC_OT] state=TRAILING path_exists=0 path_locked=0 path_ttl_ok=0 path_safe=0 on_spline=0 speed=2.15 raw_wpnts=0 raw_age=-s decision=TRAILING reason=NO_STATIC_PATH
1786797788.730 [OBSTACLES] cur_s=17.34 cur_d=0.14 vs=1.91 n=1 [id=78 static=1 gap=5.13m d=0.28 size=0.32]
1786797788.827 [STATIC_OT] state=TRAILING path_exists=0 path_locked=0 path_ttl_ok=0 path_safe=0 on_spline=0 speed=1.66 raw_wpnts=0 raw_age=-s decision=TRAILING reason=NO_STATIC_PATH
1786797789.110 [STATIC_OT] state=TRAILING path_exists=1 path_locked=0 path_ttl_ok=1 path_safe=0 on_spline=1 speed=1.15 raw_wpnts=127 raw_age=0.73s decision=TRAILING reason=PATH_BLOCKED blocked_obs_id=78 gap=4.38m free_dist=0.068m branch=static/geom
1786797789.426 [OBSTACLES] cur_s=18.49 cur_d=0.20 vs=0.83 n=1 [id=78 static=1 gap=3.90m d=0.24 size=0.30]
1786797789.439 [STATIC_OT] state=TRAILING path_exists=1 path_locked=0 path_ttl_ok=1 path_safe=1 on_spline=1 speed=0.83 raw_wpnts=107 raw_age=0.58s decision=OVERTAKE
1786797789.440 [STATE_CHANGE] TRAILING -> OVERTAKE src=OVERTAKE s=18.49 d=0.20 vs=0.83
1786797789.951 [OBSTACLES] cur_s=18.88 cur_d=0.16 vs=1.52 n=1 [id=78 static=1 gap=3.53m d=0.20 size=0.28]
1786797790.474 [OBSTACLES] cur_s=20.09 cur_d=0.30 vs=3.16 n=1 [id=78 static=1 gap=2.30m d=0.16 size=0.26]
1786797791.022 [OBSTACLES] cur_s=21.62 cur_d=0.65 vs=2.35 n=0 [none]
1786797791.587 [OBSTACLES] cur_s=22.55 cur_d=0.44 vs=1.58 n=0 [none]
1786797792.102 [OBSTACLES] cur_s=23.74 cur_d=0.09 vs=1.85 n=0 [none]
1786797792.629 [OBSTACLES] cur_s=25.00 cur_d=0.03 vs=3.28 n=0 [none]
1786797793.149 [OBSTACLES] cur_s=26.99 cur_d=0.15 vs=3.44 n=0 [none]
1786797793.453 [STATE_CHANGE] OVERTAKE -> LOSTLINE src=GB_TRACK s=27.80 d=0.12 vs=3.44
1786797793.505 [STATE_CHANGE] LOSTLINE -> GB_TRACK src=GB_TRACK s=27.90 d=0.13 vs=3.44
1786797793.655 [OBSTACLES] cur_s=28.56 cur_d=0.17 vs=3.43 n=0 [none]
1786797794.153 [STATE_CHANGE] GB_TRACK -> LOSTLINE src=GB_TRACK s=30.54 d=0.30 vs=3.41
1786797794.173 [OBSTACLES] cur_s=30.56 cur_d=0.30 vs=3.42 n=0 [none]
1786797794.566 [STATE_CHANGE] LOSTLINE -> GB_TRACK src=GB_TRACK s=31.99 d=0.26 vs=3.42
1786797794.799 [OBSTACLES] cur_s=32.83 cur_d=0.23 vs=3.32 n=0 [none]
1786797795.353 [OBSTACLES] cur_s=34.27 cur_d=0.27 vs=3.36 n=0 [none]
1786797795.421 [STATE_CHANGE] GB_TRACK -> LOSTLINE src=GB_TRACK s=0.34 d=0.37 vs=3.40
1786797795.516 [STATE_CHANGE] LOSTLINE -> RECOVERY src=RECOVERY s=0.81 d=0.38 vs=3.37
1786797795.549 [STATIC_OT] state=RECOVERY path_exists=1 path_locked=0 path_ttl_ok=1 path_safe=1 on_spline=0 speed=3.36 raw_wpnts=81 raw_age=0.42s decision=OVERTAKE
1786797795.551 [STATE_CHANGE] RECOVERY -> OVERTAKE src=OVERTAKE s=0.87 d=0.39 vs=3.36
1786797795.628 [STATE_CHANGE] OVERTAKE -> TRAILING src=GB_TRACK s=1.27 d=0.40 vs=3.37
1786797795.791 [STATIC_OT] state=TRAILING path_exists=1 path_locked=0 path_ttl_ok=1 path_safe=0 on_spline=0 speed=3.21 raw_wpnts=81 raw_age=0.44s decision=TRAILING reason=PATH_BLOCKED blocked_obs_id=83 gap=7.26m free_dist=Nonem branch=dyn/nopred/beyond_path
1786797795.873 [OBSTACLES] cur_s=2.68 cur_d=0.37 vs=3.35 n=1 [id=83 static=0 gap=6.90m d=0.10 size=0.30]
1786797795.953 [STATE_CHANGE] TRAILING -> LOSTLINE src=GB_TRACK s=2.80 d=0.34 vs=3.35
1786797795.979 [STATE_CHANGE] LOSTLINE -> TRAILING src=GB_TRACK s=2.91 d=0.33 vs=3.34
1786797796.008 [STATIC_OT] state=TRAILING path_exists=1 path_locked=0 path_ttl_ok=0 path_safe=0 on_spline=1 speed=3.33 raw_wpnts=0 raw_age=-s decision=TRAILING reason=NO_STATIC_PATH
1786797796.074 [STATE_CHANGE] TRAILING -> LOSTLINE src=GB_TRACK s=3.28 d=0.27 vs=3.34
1786797796.110 [STATE_CHANGE] LOSTLINE -> TRAILING src=GB_TRACK s=3.34 d=0.24 vs=3.34
1786797796.141 [STATE_CHANGE] TRAILING -> LOSTLINE src=GB_TRACK s=3.44 d=0.22 vs=3.34
1786797796.226 [STATIC_OT] state=GB_TRACK path_exists=1 path_locked=0 path_ttl_ok=0 path_safe=0 on_spline=1 speed=3.35 raw_wpnts=0 raw_age=-s decision=TRAILING reason=NO_STATIC_PATH
1786797796.228 [STATE_CHANGE] LOSTLINE -> TRAILING src=GB_TRACK s=3.67 d=0.14 vs=3.35
1786797796.397 [OBSTACLES] cur_s=3.71 cur_d=0.01 vs=3.40 n=1 [id=83 static=0 gap=5.76m d=0.27 size=0.28]
1786797796.474 [STATIC_OT] state=TRAILING path_exists=1 path_locked=0 path_ttl_ok=0 path_safe=0 on_spline=1 speed=3.42 raw_wpnts=0 raw_age=-s decision=TRAILING reason=NO_STATIC_PATH
1786797796.519 [STATE_CHANGE] TRAILING -> GB_TRACK src=GB_TRACK s=3.97 d=-0.04 vs=3.43
1786797796.623 [STATE_CHANGE] GB_TRACK -> TRAILING src=GB_TRACK s=4.18 d=-0.04 vs=3.44
1786797796.690 [STATE_CHANGE] TRAILING -> GB_TRACK src=GB_TRACK s=4.68 d=-0.03 vs=3.20
1786797796.785 [STATIC_OT] state=GB_TRACK path_exists=1 path_locked=0 path_ttl_ok=0 path_safe=0 on_spline=1 speed=3.46 raw_wpnts=0 raw_age=-s decision=TRAILING reason=NO_STATIC_PATH
1786797796.785 [STATE_CHANGE] GB_TRACK -> TRAILING src=GB_TRACK s=4.98 d=-0.00 vs=3.46
1786797796.900 [OBSTACLES] cur_s=5.32 cur_d=0.02 vs=3.46 n=1 [id=83 static=1 gap=3.93m d=0.18 size=0.27]
1786797796.981 [STATE_CHANGE] TRAILING -> GB_TRACK src=GB_TRACK s=5.55 d=0.03 vs=3.45
1786797797.028 [STATIC_OT] state=GB_TRACK path_exists=1 path_locked=0 path_ttl_ok=0 path_safe=0 on_spline=1 speed=3.33 raw_wpnts=0 raw_age=-s decision=TRAILING reason=NO_STATIC_PATH
1786797797.028 [STATE_CHANGE] GB_TRACK -> TRAILING src=GB_TRACK s=5.62 d=0.03 vs=3.33
1786797797.249 [STATIC_OT] state=TRAILING path_exists=1 path_locked=0 path_ttl_ok=1 path_safe=1 on_spline=1 speed=3.10 raw_wpnts=114 raw_age=0.57s decision=OVERTAKE
1786797797.250 [STATE_CHANGE] TRAILING -> OVERTAKE src=OVERTAKE s=6.14 d=0.04 vs=3.10
1786797797.415 [OBSTACLES] cur_s=6.68 cur_d=-0.03 vs=2.72 n=1 [id=83 static=1 gap=2.05m d=0.29 size=0.28]
1786797797.995 [OBSTACLES] cur_s=8.22 cur_d=-0.22 vs=3.39 n=1 [id=83 static=1 gap=0.41m d=0.31 size=0.33]
1786797798.532 [OBSTACLES] cur_s=10.06 cur_d=-0.15 vs=3.08 n=0 [none]
1786797799.064 [OBSTACLES] cur_s=11.93 cur_d=0.26 vs=2.71 n=0 [none]
1786797799.617 [OBSTACLES] cur_s=13.31 cur_d=0.05 vs=3.38 n=0 [none]
1786797800.143 [OBSTACLES] cur_s=15.18 cur_d=0.08 vs=2.88 n=0 [none]
1786797800.271 [STATE_CHANGE] OVERTAKE -> GB_TRACK src=GB_TRACK s=15.56 d=0.01 vs=2.57
1786797800.686 [OBSTACLES] cur_s=16.47 cur_d=0.08 vs=2.50 n=1 [id=84 static=1 gap=6.04m d=0.32 size=0.29]
1786797800.698 [STATIC_OT] state=GB_TRACK path_exists=0 path_locked=0 path_ttl_ok=0 path_safe=0 on_spline=0 speed=2.50 raw_wpnts=0 raw_age=-s decision=TRAILING reason=NO_STATIC_PATH
1786797800.698 [STATE_CHANGE] GB_TRACK -> TRAILING src=GB_TRACK s=16.47 d=0.08 vs=2.50
1786797801.017 [STATIC_OT] state=TRAILING path_exists=0 path_locked=0 path_ttl_ok=0 path_safe=0 on_spline=0 speed=2.70 raw_wpnts=0 raw_age=-s decision=TRAILING reason=NO_STATIC_PATH
1786797801.231 [OBSTACLES] cur_s=17.85 cur_d=0.21 vs=2.45 n=1 [id=84 static=1 gap=4.61m d=0.20 size=0.31]
1786797801.234 [STATIC_OT] state=TRAILING path_exists=1 path_locked=0 path_ttl_ok=1 path_safe=1 on_spline=1 speed=2.45 raw_wpnts=120 raw_age=0.50s decision=OVERTAKE
1786797801.234 [STATE_CHANGE] TRAILING -> OVERTAKE src=OVERTAKE s=17.85 d=0.21 vs=2.45
1786797801.732 [OBSTACLES] cur_s=18.75 cur_d=0.17 vs=2.54 n=1 [id=84 static=1 gap=3.64m d=0.17 size=0.27]
1786797802.267 [OBSTACLES] cur_s=20.74 cur_d=0.48 vs=3.11 n=1 [id=84 static=1 gap=1.60m d=0.13 size=0.26]
1786797802.786 [OBSTACLES] cur_s=21.99 cur_d=0.55 vs=2.14 n=1 [id=84 static=1 gap=0.30m d=0.13 size=0.32]
1786797803.295 [OBSTACLES] cur_s=23.18 cur_d=0.40 vs=2.72 n=0 [none]
1786797803.863 [OBSTACLES] cur_s=24.61 cur_d=-0.04 vs=2.75 n=0 [none]
1786797804.405 [OBSTACLES] cur_s=26.46 cur_d=0.14 vs=3.42 n=0 [none]
1786797804.928 [OBSTACLES] cur_s=28.39 cur_d=0.17 vs=3.43 n=0 [none]
1786797804.934 [STATE_CHANGE] OVERTAKE -> RECOVERY src=RECOVERY s=28.39 d=0.17 vs=3.43
1786797805.432 [OBSTACLES] cur_s=29.87 cur_d=0.20 vs=3.13 n=0 [none]
1786797806.023 [OBSTACLES] cur_s=31.87 cur_d=0.26 vs=3.41 n=1 [id=87 static=1 gap=2.79m d=0.05 size=0.35]
1786797806.042 [STATIC_OT] state=RECOVERY path_exists=0 path_locked=0 path_ttl_ok=0 path_safe=0 on_spline=0 speed=3.41 raw_wpnts=0 raw_age=-s decision=TRAILING reason=NO_STATIC_PATH
1786797806.046 [STATE_CHANGE] RECOVERY -> TRAILING src=RECOVERY s=31.87 d=0.26 vs=3.41
1786797806.320 [STATIC_OT] state=TRAILING path_exists=1 path_locked=0 path_ttl_ok=1 path_safe=1 on_spline=1 speed=3.30 raw_wpnts=104 raw_age=0.58s decision=OVERTAKE
1786797806.329 [STATE_CHANGE] TRAILING -> OVERTAKE src=OVERTAKE s=32.91 d=0.23 vs=3.30
1786797806.530 [STATIC_OT] state=OVERTAKE path_exists=1 path_locked=1 path_ttl_ok=1 path_safe=1 on_spline=0 speed=2.83 raw_wpnts=101 raw_age=0.62s decision=OVERTAKE
1786797806.646 [OBSTACLES] cur_s=34.04 cur_d=0.29 vs=2.43 n=2 [id=87 static=1 gap=0.62m d=0.05 size=0.37; id=88 static=1 gap=9.48m d=0.15 size=0.24]
1786797807.020 [STATIC_OT] state=OVERTAKE path_exists=1 path_locked=1 path_ttl_ok=1 path_safe=1 on_spline=0 speed=1.64 raw_wpnts=81 raw_age=0.51s decision=OVERTAKE
1786797807.126 [STATE_CHANGE] OVERTAKE -> TRAILING src=GB_TRACK s=0.26 d=-0.16 vs=1.73
1786797807.163 [OBSTACLES] cur_s=0.25 cur_d=-0.20 vs=1.73 n=1 [id=88 static=1 gap=8.60m d=0.25 size=0.30]
1786797807.265 [STATIC_OT] state=TRAILING path_exists=0 path_locked=0 path_ttl_ok=0 path_safe=0 on_spline=0 speed=1.71 raw_wpnts=0 raw_age=-s decision=TRAILING reason=NO_STATIC_PATH
1786797807.534 [STATIC_OT] state=TRAILING path_exists=0 path_locked=0 path_ttl_ok=0 path_safe=0 on_spline=0 speed=2.32 raw_wpnts=0 raw_age=-s decision=TRAILING reason=NO_STATIC_PATH
1786797807.681 [OBSTACLES] cur_s=1.09 cur_d=-0.30 vs=3.10 n=1 [id=88 static=0 gap=7.36m d=0.48 size=0.27]
1786797807.742 [STATIC_OT] state=TRAILING path_exists=0 path_locked=0 path_ttl_ok=0 path_safe=0 on_spline=0 speed=3.09 raw_wpnts=0 raw_age=-s decision=TRAILING reason=NO_STATIC_PATH
1786797807.743 [STATE_CHANGE] TRAILING -> RECOVERY src=RECOVERY s=1.23 d=-0.26 vs=3.09
1786797807.937 [STATE_CHANGE] RECOVERY -> GB_TRACK src=GB_TRACK s=1.91 d=-0.03 vs=2.73
1786797808.063 [STATIC_OT] state=GB_TRACK path_exists=0 path_locked=0 path_ttl_ok=0 path_safe=0 on_spline=0 speed=2.91 raw_wpnts=0 raw_age=-s decision=TRAILING reason=NO_STATIC_PATH
1786797808.074 [STATE_CHANGE] GB_TRACK -> TRAILING src=GB_TRACK s=2.21 d=0.06 vs=2.91
1786797808.280 [OBSTACLES] cur_s=3.15 cur_d=0.06 vs=3.33 n=0 [none]
1786797808.286 [STATE_CHANGE] TRAILING -> LOSTLINE src=GB_TRACK s=3.15 d=0.06 vs=3.33
1786797808.370 [STATIC_OT] state=GB_TRACK path_exists=0 path_locked=0 path_ttl_ok=0 path_safe=0 on_spline=0 speed=3.32 raw_wpnts=0 raw_age=-s decision=TRAILING reason=NO_STATIC_PATH
1786797808.377 [STATE_CHANGE] LOSTLINE -> TRAILING src=GB_TRACK s=3.37 d=0.02 vs=3.32
1786797808.599 [STATIC_OT] state=TRAILING path_exists=0 path_locked=0 path_ttl_ok=0 path_safe=0 on_spline=0 speed=3.40 raw_wpnts=0 raw_age=-s decision=TRAILING reason=NO_STATIC_PATH
1786797808.952 [OBSTACLES] cur_s=5.52 cur_d=-0.14 vs=3.09 n=1 [id=88 static=0 gap=3.28m d=0.25 size=0.27]
1786797808.976 [STATIC_OT] state=TRAILING path_exists=0 path_locked=0 path_ttl_ok=0 path_safe=0 on_spline=0 speed=3.09 raw_wpnts=0 raw_age=-s decision=TRAILING reason=NO_STATIC_PATH
1786797809.252 [STATIC_OT] state=TRAILING path_exists=0 path_locked=0 path_ttl_ok=0 path_safe=0 on_spline=0 speed=2.60 raw_wpnts=0 raw_age=-s decision=TRAILING reason=NO_STATIC_PATH
1786797809.511 [OBSTACLES] cur_s=6.65 cur_d=-0.01 vs=2.03 n=1 [id=88 static=0 gap=2.07m d=0.28 size=0.30]
1786797809.534 [STATIC_OT] state=TRAILING path_exists=0 path_locked=0 path_ttl_ok=0 path_safe=0 on_spline=0 speed=2.03 raw_wpnts=0 raw_age=-s decision=TRAILING reason=NO_STATIC_PATH
1786797809.738 [STATIC_OT] state=TRAILING path_exists=0 path_locked=0 path_ttl_ok=0 path_safe=0 on_spline=0 speed=1.51 raw_wpnts=0 raw_age=-s decision=TRAILING reason=NO_STATIC_PATH
1786797810.015 [OBSTACLES] cur_s=7.26 cur_d=-0.10 vs=0.85 n=1 [id=88 static=1 gap=1.31m d=0.32 size=0.27]
1786797810.022 [STATIC_OT] state=TRAILING path_exists=0 path_locked=0 path_ttl_ok=0 path_safe=0 on_spline=0 speed=0.85 raw_wpnts=0 raw_age=-s decision=TRAILING reason=NO_STATIC_PATH
1786797810.251 [STATIC_OT] state=TRAILING path_exists=0 path_locked=0 path_ttl_ok=0 path_safe=0 on_spline=0 speed=0.00 raw_wpnts=0 raw_age=-s decision=TRAILING reason=NO_STATIC_PATH
1786797810.367 [STATE_CHANGE] TRAILING -> OVERTAKE src=OVERTAKE s=7.39 d=-0.08 vs=0.00
1786797810.626 [OBSTACLES] cur_s=7.42 cur_d=-0.08 vs=0.08 n=1 [id=88 static=1 gap=1.14m d=0.32 size=0.29]
1786797811.155 [OBSTACLES] cur_s=8.18 cur_d=-0.14 vs=2.66 n=1 [id=88 static=1 gap=0.31m d=0.32 size=0.42]
1786797811.690 [OBSTACLES] cur_s=9.56 cur_d=-0.13 vs=3.16 n=0 [none]
1786797812.208 [OBSTACLES] cur_s=11.45 cur_d=0.17 vs=2.44 n=0 [none]
1786797812.725 [OBSTACLES] cur_s=12.71 cur_d=0.11 vs=3.19 n=0 [none]
1786797813.263 [OBSTACLES] cur_s=14.49 cur_d=0.09 vs=3.26 n=0 [none]
1786797813.264 [STATE_CHANGE] OVERTAKE -> LOSTLINE src=GB_TRACK s=14.49 d=0.09 vs=3.26
1786797813.349 [STATE_CHANGE] LOSTLINE -> GB_TRACK src=GB_TRACK s=14.77 d=0.07 vs=3.18
1786797813.767 [OBSTACLES] cur_s=15.83 cur_d=-0.13 vs=2.35 n=0 [none]
1786797814.084 [STATIC_OT] state=GB_TRACK path_exists=0 path_locked=0 path_ttl_ok=0 path_safe=0 on_spline=0 speed=2.49 raw_wpnts=0 raw_age=-s decision=TRAILING reason=NO_STATIC_PATH
1786797814.085 [STATE_CHANGE] GB_TRACK -> TRAILING src=GB_TRACK s=16.62 d=0.01 vs=2.49
1786797814.370 [OBSTACLES] cur_s=17.24 cur_d=0.17 vs=2.40 n=1 [id=90 static=1 gap=5.23m d=0.26 size=0.30]
1786797814.381 [STATIC_OT] state=TRAILING path_exists=0 path_locked=0 path_ttl_ok=0 path_safe=0 on_spline=0 speed=2.40 raw_wpnts=0 raw_age=-s decision=TRAILING reason=NO_STATIC_PATH
1786797814.671 [STATIC_OT] state=TRAILING path_exists=0 path_locked=0 path_ttl_ok=0 path_safe=0 on_spline=0 speed=1.95 raw_wpnts=0 raw_age=-s decision=TRAILING reason=NO_STATIC_PATH
1786797814.974 [OBSTACLES] cur_s=18.36 cur_d=0.13 vs=1.39 n=1 [id=90 static=1 gap=4.04m d=0.20 size=0.30]
1786797814.982 [STATIC_OT] state=TRAILING path_exists=1 path_locked=0 path_ttl_ok=1 path_safe=0 on_spline=1 speed=1.39 raw_wpnts=117 raw_age=0.73s decision=TRAILING reason=PATH_BLOCKED blocked_obs_id=90 gap=4.19m free_dist=0.088m branch=static/geom
1786797815.083 [STATE_CHANGE] TRAILING -> OVERTAKE src=OVERTAKE s=18.48 d=0.12 vs=1.12
1786797815.284 [STATIC_OT] state=OVERTAKE path_exists=1 path_locked=1 path_ttl_ok=1 path_safe=1 on_spline=1 speed=0.75 raw_wpnts=104 raw_age=0.62s decision=OVERTAKE
1786797815.524 [OBSTACLES] cur_s=18.82 cur_d=0.10 vs=1.33 n=1 [id=90 static=1 gap=3.55m d=0.17 size=0.30]
1786797816.047 [OBSTACLES] cur_s=20.17 cur_d=0.23 vs=3.28 n=1 [id=90 static=1 gap=2.19m d=0.15 size=0.25]
1786797816.605 [OBSTACLES] cur_s=21.95 cur_d=0.60 vs=2.09 n=1 [id=90 static=1 gap=0.34m d=0.14 size=0.36]
1786797817.161 [OBSTACLES] cur_s=22.72 cur_d=0.34 vs=2.01 n=0 [none]
1786797817.752 [OBSTACLES] cur_s=24.03 cur_d=0.00 vs=2.27 n=0 [none]
1786797818.357 [OBSTACLES] cur_s=25.87 cur_d=0.07 vs=3.41 n=0 [none]
1786797818.887 [OBSTACLES] cur_s=27.77 cur_d=0.10 vs=3.44 n=0 [none]
1786797818.887 [STATE_CHANGE] OVERTAKE -> LOSTLINE src=GB_TRACK s=27.77 d=0.10 vs=3.44
1786797818.977 [STATE_CHANGE] LOSTLINE -> GB_TRACK src=GB_TRACK s=28.21 d=0.09 vs=3.43
1786797819.403 [OBSTACLES] cur_s=29.46 cur_d=0.07 vs=3.40 n=1 [id=92 static=1 gap=3.63m d=-0.52 size=0.25]
1786797819.930 [OBSTACLES] cur_s=31.09 cur_d=0.29 vs=3.44 n=1 [id=92 static=1 gap=1.90m d=-0.50 size=0.28]
1786797819.935 [STATIC_OT] state=GB_TRACK path_exists=0 path_locked=0 path_ttl_ok=0 path_safe=0 on_spline=0 speed=3.44 raw_wpnts=0 raw_age=-s decision=TRAILING reason=NO_STATIC_PATH
1786797819.936 [STATE_CHANGE] GB_TRACK -> TRAILING src=GB_TRACK s=31.09 d=0.29 vs=3.44
1786797820.170 [STATIC_OT] state=TRAILING path_exists=0 path_locked=0 path_ttl_ok=0 path_safe=0 on_spline=0 speed=3.41 raw_wpnts=0 raw_age=-s decision=TRAILING reason=NO_STATIC_PATH
1786797820.400 [STATIC_OT] state=TRAILING path_exists=0 path_locked=0 path_ttl_ok=0 path_safe=0 on_spline=0 speed=3.14 raw_wpnts=0 raw_age=-s decision=TRAILING reason=NO_STATIC_PATH
1786797820.471 [OBSTACLES] cur_s=32.88 cur_d=0.20 vs=2.93 n=1 [id=92 static=1 gap=0.04m d=-0.49 size=0.34]
1786797820.479 [STATE_CHANGE] TRAILING -> OVERTAKE src=OVERTAKE s=32.88 d=0.20 vs=2.93
1786797821.005 [OBSTACLES] cur_s=34.17 cur_d=0.09 vs=2.74 n=1 [id=93 static=1 gap=9.22m d=0.08 size=0.24]
1786797821.586 [OBSTACLES] cur_s=1.46 cur_d=0.08 vs=3.41 n=1 [id=93 static=1 gap=7.29m d=0.16 size=0.29]
1786797821.945 [STATIC_OT] state=OVERTAKE path_exists=1 path_locked=1 path_ttl_ok=0 path_safe=0 on_spline=1 speed=3.43 raw_wpnts=0 raw_age=-s decision=TRAILING reason=NO_STATIC_PATH
1786797821.957 [STATE_CHANGE] OVERTAKE -> TRAILING src=GB_TRACK s=2.45 d=0.06 vs=3.43
1786797822.090 [OBSTACLES] cur_s=3.31 cur_d=0.04 vs=3.44 n=1 [id=93 static=1 gap=5.37m d=0.17 size=0.26]
1786797822.230 [STATIC_OT] state=TRAILING path_exists=0 path_locked=0 path_ttl_ok=0 path_safe=0 on_spline=0 speed=3.33 raw_wpnts=0 raw_age=-s decision=TRAILING reason=NO_STATIC_PATH
1786797822.463 [STATIC_OT] state=TRAILING path_exists=0 path_locked=0 path_ttl_ok=0 path_safe=0 on_spline=0 speed=2.81 raw_wpnts=0 raw_age=-s decision=TRAILING reason=NO_STATIC_PATH
1786797822.613 [OBSTACLES] cur_s=4.97 cur_d=-0.13 vs=2.53 n=1 [id=93 static=1 gap=3.71m d=0.21 size=0.29]
1786797822.616 [STATE_CHANGE] TRAILING -> OVERTAKE src=OVERTAKE s=4.97 d=-0.13 vs=2.53
1786797823.141 [OBSTACLES] cur_s=6.29 cur_d=-0.10 vs=3.15 n=1 [id=93 static=1 gap=2.41m d=0.23 size=0.27]
1786797823.645 [OBSTACLES] cur_s=7.59 cur_d=-0.38 vs=3.40 n=1 [id=93 static=1 gap=1.07m d=0.25 size=0.32]
1786797824.206 [OBSTACLES] cur_s=9.55 cur_d=-0.18 vs=3.22 n=0 [none]
1786797824.801 [OBSTACLES] cur_s=11.20 cur_d=0.11 vs=2.38 n=0 [none]
1786797825.335 [OBSTACLES] cur_s=12.78 cur_d=0.09 vs=3.10 n=0 [none]
1786797825.845 [OBSTACLES] cur_s=14.09 cur_d=0.12 vs=3.41 n=0 [none]
1786797826.122 [STATE_CHANGE] OVERTAKE -> LOSTLINE src=GB_TRACK s=15.05 d=0.13 vs=2.89
1786797826.155 [STATE_CHANGE] LOSTLINE -> GB_TRACK src=GB_TRACK s=15.30 d=0.03 vs=2.74
1786797826.472 [OBSTACLES] cur_s=16.08 cur_d=-0.16 vs=2.27 n=0 [none]
1786797826.692 [STATIC_OT] state=GB_TRACK path_exists=0 path_locked=0 path_ttl_ok=0 path_safe=0 on_spline=0 speed=2.47 raw_wpnts=0 raw_age=-s decision=TRAILING reason=NO_STATIC_PATH
1786797826.700 [STATE_CHANGE] GB_TRACK -> TRAILING src=GB_TRACK s=16.52 d=-0.08 vs=2.47
1786797826.901 [STATIC_OT] state=TRAILING path_exists=0 path_locked=0 path_ttl_ok=0 path_safe=0 on_spline=0 speed=2.67 raw_wpnts=0 raw_age=-s decision=TRAILING reason=NO_STATIC_PATH
1786797826.977 [OBSTACLES] cur_s=17.14 cur_d=0.04 vs=2.44 n=1 [id=94 static=1 gap=5.35m d=0.25 size=0.31]
1786797827.202 [STATIC_OT] state=TRAILING path_exists=0 path_locked=0 path_ttl_ok=0 path_safe=0 on_spline=0 speed=2.17 raw_wpnts=0 raw_age=-s decision=TRAILING reason=NO_STATIC_PATH
1786797827.387 [STATE_CHANGE] TRAILING -> OVERTAKE src=OVERTAKE s=17.98 d=0.17 vs=1.87
1786797827.540 [OBSTACLES] cur_s=18.29 cur_d=0.17 vs=1.46 n=1 [id=94 static=1 gap=4.12m d=0.18 size=0.33]
1786797828.081 [OBSTACLES] cur_s=19.09 cur_d=0.01 vs=2.49 n=1 [id=94 static=1 gap=3.33m d=0.17 size=0.24]
1786797828.647 [OBSTACLES] cur_s=20.37 cur_d=0.20 vs=2.34 n=1 [id=94 static=1 gap=1.97m d=0.14 size=0.29]
1786797829.152 [OBSTACLES] cur_s=22.07 cur_d=0.58 vs=2.89 n=1 [id=94 static=1 gap=0.24m d=0.14 size=0.33]
1786797829.707 [OBSTACLES] cur_s=23.34 cur_d=0.50 vs=3.20 n=0 [none]
1786797830.247 [OBSTACLES] cur_s=25.02 cur_d=-0.11 vs=2.90 n=0 [none]
1786797830.790 [OBSTACLES] cur_s=26.67 cur_d=0.14 vs=3.37 n=0 [none]
1786797831.367 [OBSTACLES] cur_s=28.79 cur_d=0.11 vs=3.41 n=0 [none]
1786797831.921 [OBSTACLES] cur_s=30.49 cur_d=0.16 vs=3.17 n=1 [id=95 static=1 gap=2.26m d=0.10 size=0.27]
1786797832.432 [OBSTACLES] cur_s=32.23 cur_d=-0.29 vs=2.61 n=1 [id=95 static=1 gap=0.46m d=0.12 size=0.22]
1786797832.971 [OBSTACLES] cur_s=33.50 cur_d=-0.39 vs=2.90 n=1 [id=96 static=1 gap=10.04m d=0.22 size=0.27]
1786797833.507 [OBSTACLES] cur_s=34.51 cur_d=0.03 vs=3.11 n=1 [id=96 static=1 gap=8.90m d=0.18 size=0.36]
1786797834.012 [OBSTACLES] cur_s=1.79 cur_d=0.06 vs=3.39 n=1 [id=96 static=1 gap=7.05m d=0.18 size=0.25]
1786797834.085 [STATIC_OT] state=OVERTAKE path_exists=1 path_locked=1 path_ttl_ok=0 path_safe=0 on_spline=1 speed=3.38 raw_wpnts=0 raw_age=-s decision=TRAILING reason=NO_STATIC_PATH
1786797834.085 [STATE_CHANGE] OVERTAKE -> TRAILING src=GB_TRACK s=2.05 d=-0.01 vs=3.38
1786797834.291 [STATIC_OT] state=TRAILING path_exists=0 path_locked=0 path_ttl_ok=0 path_safe=0 on_spline=0 speed=3.42 raw_wpnts=0 raw_age=-s decision=TRAILING reason=NO_STATIC_PATH
1786797834.507 [STATIC_OT] state=TRAILING path_exists=0 path_locked=0 path_ttl_ok=0 path_safe=0 on_spline=0 speed=3.03 raw_wpnts=0 raw_age=-s decision=TRAILING reason=NO_STATIC_PATH
1786797834.568 [OBSTACLES] cur_s=3.70 cur_d=-0.12 vs=2.84 n=1 [id=96 static=1 gap=5.05m d=0.22 size=0.33]
1786797834.720 [STATIC_OT] state=TRAILING path_exists=0 path_locked=0 path_ttl_ok=0 path_safe=0 on_spline=0 speed=2.46 raw_wpnts=0 raw_age=-s decision=TRAILING reason=NO_STATIC_PATH
1786797834.922 [STATIC_OT] state=TRAILING path_exists=1 path_locked=0 path_ttl_ok=1 path_safe=1 on_spline=1 speed=2.17 raw_wpnts=123 raw_age=0.53s decision=OVERTAKE
1786797834.929 [STATE_CHANGE] TRAILING -> OVERTAKE src=OVERTAKE s=4.39 d=-0.09 vs=2.17
1786797835.119 [OBSTACLES] cur_s=4.97 cur_d=-0.12 vs=1.61 n=1 [id=96 static=1 gap=3.79m d=0.23 size=0.28]
1786797835.642 [OBSTACLES] cur_s=5.99 cur_d=-0.21 vs=3.23 n=1 [id=96 static=1 gap=2.77m d=0.24 size=0.28]
1786797836.150 [OBSTACLES] cur_s=7.51 cur_d=-0.39 vs=3.44 n=1 [id=96 static=1 gap=1.21m d=0.26 size=0.33]
1786797836.718 [OBSTACLES] cur_s=9.74 cur_d=-0.08 vs=3.18 n=0 [none]
1786797837.242 [OBSTACLES] cur_s=11.10 cur_d=0.04 vs=2.51 n=0 [none]
1786797837.778 [OBSTACLES] cur_s=12.51 cur_d=0.01 vs=2.96 n=0 [none]
1786797838.281 [OBSTACLES] cur_s=13.98 cur_d=0.05 vs=3.40 n=0 [none]
1786797838.592 [STATE_CHANGE] OVERTAKE -> GB_TRACK src=GB_TRACK s=15.04 d=0.05 vs=2.99
1786797838.827 [OBSTACLES] cur_s=15.79 cur_d=-0.13 vs=2.35 n=0 [none]
1786797839.140 [STATIC_OT] state=GB_TRACK path_exists=0 path_locked=0 path_ttl_ok=0 path_safe=0 on_spline=0 speed=2.47 raw_wpnts=0 raw_age=-s decision=TRAILING reason=NO_STATIC_PATH
1786797839.140 [STATE_CHANGE] GB_TRACK -> TRAILING src=GB_TRACK s=16.38 d=-0.09 vs=2.47
1786797839.352 [OBSTACLES] cur_s=16.83 cur_d=-0.02 vs=2.62 n=1 [id=97 static=1 gap=5.68m d=0.28 size=0.32]
1786797839.356 [STATIC_OT] state=TRAILING path_exists=0 path_locked=0 path_ttl_ok=0 path_safe=0 on_spline=0 speed=2.62 raw_wpnts=0 raw_age=-s decision=TRAILING reason=NO_STATIC_PATH
1786797839.511 [STATE_CHANGE] TRAILING -> OVERTAKE src=OVERTAKE s=17.12 d=0.06 vs=2.43
1786797839.877 [OBSTACLES] cur_s=18.05 cur_d=0.16 vs=2.64 n=1 [id=97 static=1 gap=4.37m d=0.20 size=0.32]
1786797840.442 [OBSTACLES] cur_s=19.72 cur_d=-0.06 vs=3.10 n=1 [id=97 static=1 gap=2.66m d=0.17 size=0.29]
1786797840.961 [OBSTACLES] cur_s=21.69 cur_d=-0.18 vs=3.43 n=1 [id=97 static=1 gap=0.67m d=0.15 size=0.25]
1786797841.630 [OBSTACLES] cur_s=23.73 cur_d=-0.21 vs=3.44 n=0 [none]
1786797842.199 [OBSTACLES] cur_s=25.47 cur_d=-0.10 vs=3.42 n=0 [none]
1786797842.791 [OBSTACLES] cur_s=27.58 cur_d=0.06 vs=3.42 n=0 [none]
1786797842.997 [STATE_CHANGE] OVERTAKE -> LOSTLINE src=GB_TRACK s=28.40 d=0.14 vs=3.43
1786797843.076 [STATE_CHANGE] LOSTLINE -> GB_TRACK src=GB_TRACK s=28.88 d=0.16 vs=3.44
1786797843.309 [OBSTACLES] cur_s=29.32 cur_d=0.16 vs=3.43 n=1 [id=98 static=1 gap=4.85m d=-0.44 size=0.26]
1786797843.470 [STATIC_OT] state=GB_TRACK path_exists=1 path_locked=0 path_ttl_ok=1 path_safe=1 on_spline=1 speed=3.41 raw_wpnts=118 raw_age=0.14s decision=OVERTAKE
1786797843.470 [STATE_CHANGE] GB_TRACK -> OVERTAKE src=OVERTAKE s=29.68 d=0.10 vs=3.41
1786797843.672 [STATIC_OT] state=OVERTAKE path_exists=1 path_locked=1 path_ttl_ok=1 path_safe=0 on_spline=1 speed=3.41 raw_wpnts=111 raw_age=0.14s decision=TRAILING reason=PATH_BLOCKED blocked_obs_id=98 gap=3.87m free_dist=0.068m branch=static/geom
1786797843.674 [STATE_CHANGE] OVERTAKE -> TRAILING src=GB_TRACK s=30.39 d=0.18 vs=3.41
1786797843.747 [STATE_CHANGE] TRAILING -> OVERTAKE src=OVERTAKE s=30.65 d=0.22 vs=3.40
1786797843.922 [OBSTACLES] cur_s=31.18 cur_d=0.27 vs=3.42 n=1 [id=98 static=1 gap=2.85m d=-0.40 size=0.43]
1786797843.943 [STATIC_OT] state=OVERTAKE path_exists=1 path_locked=1 path_ttl_ok=1 path_safe=1 on_spline=1 speed=3.42 raw_wpnts=107 raw_age=0.32s decision=OVERTAKE
1786797844.454 [OBSTACLES] cur_s=33.67 cur_d=0.21 vs=3.30 n=1 [id=98 static=1 gap=0.39m d=-0.38 size=0.39]
1786797844.967 [OBSTACLES] cur_s=0.84 cur_d=0.22 vs=3.43 n=1 [id=99 static=1 gap=8.13m d=0.19 size=0.30]
1786797845.493 [OBSTACLES] cur_s=2.05 cur_d=0.10 vs=3.44 n=1 [id=99 static=1 gap=6.83m d=0.19 size=0.27]
1786797845.495 [STATIC_OT] state=OVERTAKE path_exists=1 path_locked=1 path_ttl_ok=0 path_safe=0 on_spline=1 speed=3.44 raw_wpnts=0 raw_age=-s decision=TRAILING reason=NO_STATIC_PATH
1786797845.497 [STATE_CHANGE] OVERTAKE -> TRAILING src=GB_TRACK s=2.05 d=0.10 vs=3.44
1786797845.746 [STATIC_OT] state=TRAILING path_exists=0 path_locked=0 path_ttl_ok=0 path_safe=0 on_spline=0 speed=3.43 raw_wpnts=0 raw_age=-s decision=TRAILING reason=NO_STATIC_PATH
1786797845.989 [STATIC_OT] state=TRAILING path_exists=0 path_locked=0 path_ttl_ok=0 path_safe=0 on_spline=0 speed=3.17 raw_wpnts=0 raw_age=-s decision=TRAILING reason=NO_STATIC_PATH
1786797846.080 [OBSTACLES] cur_s=4.33 cur_d=-0.10 vs=2.92 n=1 [id=99 static=0 gap=4.44m d=0.30 size=0.27]
1786797846.221 [STATIC_OT] state=TRAILING path_exists=0 path_locked=0 path_ttl_ok=0 path_safe=0 on_spline=0 speed=2.68 raw_wpnts=0 raw_age=-s decision=TRAILING reason=NO_STATIC_PATH
1786797846.521 [STATE_CHANGE] TRAILING -> LOSTLINE src=GB_TRACK s=5.39 d=-0.13 vs=1.79
1786797846.643 [OBSTACLES] cur_s=5.51 cur_d=-0.13 vs=1.65 n=1 [id=99 static=1 gap=3.20m d=0.28 size=0.29]
1786797846.665 [STATIC_OT] state=GB_TRACK path_exists=0 path_locked=0 path_ttl_ok=0 path_safe=0 on_spline=0 speed=1.65 raw_wpnts=0 raw_age=-s decision=TRAILING reason=NO_STATIC_PATH
1786797846.665 [STATE_CHANGE] LOSTLINE -> TRAILING src=GB_TRACK s=5.51 d=-0.13 vs=1.65
1786797846.935 [STATIC_OT] state=TRAILING path_exists=1 path_locked=0 path_ttl_ok=1 path_safe=1 on_spline=1 speed=1.54 raw_wpnts=102 raw_age=0.70s decision=OVERTAKE
1786797846.936 [STATE_CHANGE] TRAILING -> OVERTAKE src=OVERTAKE s=5.84 d=-0.10 vs=1.54
1786797847.245 [OBSTACLES] cur_s=6.22 cur_d=-0.06 vs=1.50 n=1 [id=99 static=1 gap=2.50m d=0.29 size=0.28]
1786797847.778 [OBSTACLES] cur_s=7.45 cur_d=-0.21 vs=3.27 n=1 [id=99 static=1 gap=1.26m d=0.30 size=0.28]
1786797848.312 [OBSTACLES] cur_s=9.23 cur_d=-0.27 vs=3.35 n=0 [none]
1786797848.832 [OBSTACLES] cur_s=10.89 cur_d=0.17 vs=2.53 n=0 [none]
1786797849.335 [OBSTACLES] cur_s=12.21 cur_d=-0.04 vs=2.43 n=0 [none]
1786797849.841 [OBSTACLES] cur_s=13.33 cur_d=0.04 vs=3.32 n=0 [none]
1786797850.114 [STATE_CHANGE] OVERTAKE -> LOSTLINE src=GB_TRACK s=14.42 d=0.16 vs=3.17
1786797850.203 [STATE_CHANGE] LOSTLINE -> GB_TRACK src=GB_TRACK s=14.67 d=0.17 vs=3.11
1786797850.451 [OBSTACLES] cur_s=15.57 cur_d=-0.14 vs=2.32 n=0 [none]
1786797851.035 [OBSTACLES] cur_s=16.63 cur_d=-0.09 vs=2.50 n=1 [id=100 static=1 gap=5.85m d=0.18 size=0.35]
1786797851.040 [STATIC_OT] state=GB_TRACK path_exists=0 path_locked=0 path_ttl_ok=0 path_safe=0 on_spline=0 speed=2.50 raw_wpnts=0 raw_age=-s decision=TRAILING reason=NO_STATIC_PATH
1786797851.040 [STATE_CHANGE] GB_TRACK -> TRAILING src=GB_TRACK s=16.63 d=-0.09 vs=2.50
1786797851.260 [STATIC_OT] state=TRAILING path_exists=0 path_locked=0 path_ttl_ok=0 path_safe=0 on_spline=0 speed=2.57 raw_wpnts=0 raw_age=-s decision=TRAILING reason=NO_STATIC_PATH
1786797851.518 [STATIC_OT] state=TRAILING path_exists=0 path_locked=0 path_ttl_ok=0 path_safe=0 on_spline=0 speed=2.26 raw_wpnts=0 raw_age=-s decision=TRAILING reason=NO_STATIC_PATH
1786797851.581 [OBSTACLES] cur_s=17.80 cur_d=0.14 vs=2.02 n=1 [id=100 static=1 gap=4.62m d=0.15 size=0.33]
1786797851.739 [STATIC_OT] state=TRAILING path_exists=1 path_locked=0 path_ttl_ok=1 path_safe=1 on_spline=1 speed=1.74 raw_wpnts=128 raw_age=0.76s decision=OVERTAKE
1786797851.740 [STATE_CHANGE] TRAILING -> OVERTAKE src=OVERTAKE s=18.02 d=0.14 vs=1.74
1786797852.136 [OBSTACLES] cur_s=18.61 cur_d=0.08 vs=1.68 n=1 [id=100 static=1 gap=3.77m d=0.16 size=0.32]
1786797852.645 [OBSTACLES] cur_s=19.73 cur_d=-0.01 vs=2.50 n=1 [id=100 static=1 gap=2.63m d=0.14 size=0.29]
1786797853.176 [OBSTACLES] cur_s=21.41 cur_d=0.43 vs=3.11 n=1 [id=100 static=1 gap=0.94m d=0.13 size=0.25]
1786797853.779 [OBSTACLES] cur_s=22.93 cur_d=0.50 vs=2.96 n=0 [none]
1786797854.382 [OBSTACLES] cur_s=24.91 cur_d=-0.15 vs=2.98 n=0 [none]
1786797854.907 [OBSTACLES] cur_s=26.52 cur_d=0.16 vs=3.41 n=0 [none]
1786797855.438 [OBSTACLES] cur_s=28.48 cur_d=0.02 vs=3.42 n=0 [none]
1786797855.661 [STATE_CHANGE] OVERTAKE -> GB_TRACK src=GB_TRACK s=29.15 d=-0.02 vs=3.40
1786797855.922 [STATIC_OT] state=GB_TRACK path_exists=0 path_locked=0 path_ttl_ok=0 path_safe=0 on_spline=0 speed=3.38 raw_wpnts=0 raw_age=-s decision=TRAILING reason=NO_STATIC_PATH
1786797855.922 [STATE_CHANGE] GB_TRACK -> TRAILING src=GB_TRACK s=30.02 d=0.10 vs=3.38
1786797856.010 [OBSTACLES] cur_s=30.28 cur_d=0.15 vs=3.37 n=1 [id=101 static=1 gap=4.05m d=-0.33 size=0.24]
1786797856.153 [STATIC_OT] state=TRAILING path_exists=0 path_locked=0 path_ttl_ok=0 path_safe=0 on_spline=0 speed=3.27 raw_wpnts=0 raw_age=-s decision=TRAILING reason=NO_STATIC_PATH
1786797856.420 [STATIC_OT] state=TRAILING path_exists=1 path_locked=0 path_ttl_ok=1 path_safe=0 on_spline=1 speed=3.02 raw_wpnts=117 raw_age=0.63s decision=TRAILING reason=PATH_BLOCKED blocked_obs_id=101 gap=3.11m free_dist=0.073m branch=static/geom
1786797856.519 [OBSTACLES] cur_s=31.85 cur_d=0.26 vs=2.69 n=1 [id=101 static=1 gap=2.47m d=-0.32 size=0.33]
1786797856.676 [STATIC_OT] state=TRAILING path_exists=1 path_locked=0 path_ttl_ok=1 path_safe=0 on_spline=1 speed=2.44 raw_wpnts=105 raw_age=0.54s decision=TRAILING reason=PATH_BLOCKED blocked_obs_id=101 gap=2.36m free_dist=0.068m branch=static/geom
1786797856.906 [STATIC_OT] state=TRAILING path_exists=1 path_locked=0 path_ttl_ok=1 path_safe=1 on_spline=1 speed=1.71 raw_wpnts=99 raw_age=0.59s decision=OVERTAKE
1786797856.908 [STATE_CHANGE] TRAILING -> OVERTAKE src=OVERTAKE s=32.74 d=0.18 vs=1.71
1786797857.076 [OBSTACLES] cur_s=33.05 cur_d=0.19 vs=1.23 n=1 [id=101 static=1 gap=1.25m d=-0.31 size=0.43]
1786797857.590 [OBSTACLES] cur_s=33.85 cur_d=0.20 vs=2.71 n=1 [id=101 static=1 gap=0.47m d=-0.31 size=0.41]
1786797858.127 [OBSTACLES] cur_s=0.95 cur_d=0.13 vs=3.43 n=1 [id=102 static=1 gap=9.73m d=-0.47 size=0.27]
1786797858.663 [OBSTACLES] cur_s=2.89 cur_d=0.06 vs=3.44 n=1 [id=102 static=1 gap=7.66m d=-0.35 size=0.28]
1786797858.890 [STATIC_OT] state=OVERTAKE path_exists=1 path_locked=1 path_ttl_ok=0 path_safe=0 on_spline=1 speed=3.44 raw_wpnts=0 raw_age=-s decision=TRAILING reason=NO_STATIC_PATH
1786797858.891 [STATE_CHANGE] OVERTAKE -> TRAILING src=GB_TRACK s=3.75 d=-0.00 vs=3.44
1786797859.167 [OBSTACLES] cur_s=4.87 cur_d=-0.10 vs=3.22 n=1 [id=102 static=1 gap=5.70m d=-0.30 size=0.28]
1786797859.176 [STATIC_OT] state=TRAILING path_exists=0 path_locked=0 path_ttl_ok=0 path_safe=0 on_spline=0 speed=3.22 raw_wpnts=0 raw_age=-s decision=TRAILING reason=NO_STATIC_PATH
1786797859.404 [STATIC_OT] state=TRAILING path_exists=0 path_locked=0 path_ttl_ok=0 path_safe=0 on_spline=0 speed=2.80 raw_wpnts=0 raw_age=-s decision=TRAILING reason=NO_STATIC_PATH
1786797859.647 [STATIC_OT] state=TRAILING path_exists=0 path_locked=0 path_ttl_ok=0 path_safe=0 on_spline=0 speed=2.31 raw_wpnts=0 raw_age=-s decision=TRAILING reason=NO_STATIC_PATH
1786797859.738 [OBSTACLES] cur_s=6.10 cur_d=-0.14 vs=2.17 n=1 [id=102 static=1 gap=4.48m d=-0.29 size=0.29]
1786797859.966 [STATIC_OT] state=TRAILING path_exists=1 path_locked=0 path_ttl_ok=1 path_safe=1 on_spline=1 speed=1.64 raw_wpnts=120 raw_age=0.68s decision=OVERTAKE
1786797859.966 [STATE_CHANGE] TRAILING -> OVERTAKE src=OVERTAKE s=6.48 d=-0.11 vs=1.64
1786797860.333 [OBSTACLES] cur_s=6.94 cur_d=-0.08 vs=1.27 n=1 [id=102 static=1 gap=3.64m d=-0.28 size=0.27]
1786797860.901 [OBSTACLES] cur_s=8.41 cur_d=-0.17 vs=3.36 n=1 [id=102 static=1 gap=2.17m d=-0.26 size=0.27]
1786797861.451 [OBSTACLES] cur_s=10.14 cur_d=0.08 vs=3.04 n=1 [id=102 static=1 gap=0.45m d=-0.25 size=0.23]
1786797862.007 [OBSTACLES] cur_s=11.74 cur_d=0.21 vs=2.26 n=0 [none]
1786797862.535 [OBSTACLES] cur_s=13.10 cur_d=0.06 vs=3.21 n=0 [none]
1786797863.147 [OBSTACLES] cur_s=15.09 cur_d=0.15 vs=2.74 n=0 [none]
1786797863.707 [OBSTACLES] cur_s=16.44 cur_d=-0.13 vs=2.46 n=1 [id=103 static=1 gap=6.05m d=0.16 size=0.30]
1786797863.728 [STATIC_OT] state=OVERTAKE path_exists=1 path_locked=1 path_ttl_ok=0 path_safe=0 on_spline=1 speed=2.46 raw_wpnts=0 raw_age=-s decision=TRAILING reason=NO_STATIC_PATH
1786797863.731 [STATE_CHANGE] OVERTAKE -> TRAILING src=GB_TRACK s=16.44 d=-0.13 vs=2.46
1786797863.976 [STATIC_OT] state=TRAILING path_exists=0 path_locked=0 path_ttl_ok=0 path_safe=0 on_spline=0 speed=2.38 raw_wpnts=0 raw_age=-s decision=TRAILING reason=NO_STATIC_PATH
1786797864.185 [STATIC_OT] state=TRAILING path_exists=0 path_locked=0 path_ttl_ok=0 path_safe=0 on_spline=0 speed=2.11 raw_wpnts=0 raw_age=-s decision=TRAILING reason=NO_STATIC_PATH
1786797864.315 [OBSTACLES] cur_s=17.65 cur_d=0.11 vs=1.91 n=1 [id=103 static=1 gap=4.81m d=0.18 size=0.32]
1786797864.318 [STATE_CHANGE] TRAILING -> OVERTAKE src=OVERTAKE s=17.65 d=0.11 vs=1.91
1786797864.847 [OBSTACLES] cur_s=18.70 cur_d=0.03 vs=2.89 n=1 [id=103 static=1 gap=3.73m d=0.16 size=0.29]
1786797865.424 [OBSTACLES] cur_s=20.16 cur_d=-0.00 vs=2.09 n=1 [id=103 static=1 gap=2.23m d=0.14 size=0.29]
1786797865.937 [OBSTACLES] cur_s=21.39 cur_d=0.46 vs=3.05 n=1 [id=103 static=1 gap=1.00m d=0.13 size=0.25]
1786797866.439 [OBSTACLES] cur_s=22.62 cur_d=0.50 vs=2.75 n=0 [none]
1786797866.992 [OBSTACLES] cur_s=24.46 cur_d=-0.07 vs=2.90 n=0 [none]
1786797867.518 [OBSTACLES] cur_s=25.88 cur_d=0.09 vs=3.24 n=0 [none]
1786797868.042 [OBSTACLES] cur_s=27.59 cur_d=0.09 vs=3.42 n=0 [none]
1786797868.626 [OBSTACLES] cur_s=29.88 cur_d=0.17 vs=3.41 n=0 [none]
1786797868.699 [STATE_CHANGE] OVERTAKE -> LOSTLINE src=GB_TRACK s=30.01 d=0.19 vs=3.41
1786797868.776 [STATE_CHANGE] LOSTLINE -> GB_TRACK src=GB_TRACK s=30.25 d=0.21 vs=3.42
1786797868.991 [STATIC_OT] state=GB_TRACK path_exists=0 path_locked=0 path_ttl_ok=0 path_safe=0 on_spline=0 speed=3.44 raw_wpnts=0 raw_age=-s decision=TRAILING reason=NO_STATIC_PATH
1786797868.995 [STATE_CHANGE] GB_TRACK -> TRAILING src=GB_TRACK s=30.87 d=0.24 vs=3.44
1786797869.167 [OBSTACLES] cur_s=31.79 cur_d=0.19 vs=3.43 n=1 [id=104 static=1 gap=2.73m d=-0.05 size=0.33]
1786797869.291 [STATIC_OT] state=TRAILING path_exists=0 path_locked=0 path_ttl_ok=0 path_safe=0 on_spline=0 speed=3.23 raw_wpnts=0 raw_age=-s decision=TRAILING reason=NO_STATIC_PATH
1786797869.507 [STATIC_OT] state=TRAILING path_exists=1 path_locked=0 path_ttl_ok=1 path_safe=1 on_spline=1 speed=3.00 raw_wpnts=110 raw_age=0.70s decision=OVERTAKE
1786797869.507 [STATE_CHANGE] TRAILING -> OVERTAKE src=OVERTAKE s=32.59 d=0.20 vs=3.00
1786797869.683 [OBSTACLES] cur_s=33.11 cur_d=0.24 vs=2.55 n=1 [id=104 static=1 gap=1.38m d=-0.04 size=0.45]
1786797870.245 [OBSTACLES] cur_s=34.18 cur_d=0.28 vs=2.16 n=2 [id=104 static=1 gap=0.34m d=-0.05 size=0.41; id=105 static=1 gap=11.13m d=-0.53 size=0.24]
1786797870.819 [OBSTACLES] cur_s=1.29 cur_d=0.18 vs=3.33 n=1 [id=105 static=1 gap=9.34m d=-0.44 size=0.25]
1786797871.361 [OBSTACLES] cur_s=3.26 cur_d=-0.08 vs=3.43 n=1 [id=105 static=1 gap=7.30m d=-0.37 size=0.30]
1786797871.566 [STATIC_OT] state=OVERTAKE path_exists=1 path_locked=1 path_ttl_ok=0 path_safe=0 on_spline=1 speed=3.44 raw_wpnts=0 raw_age=-s decision=TRAILING reason=NO_STATIC_PATH
1786797871.567 [STATE_CHANGE] OVERTAKE -> TRAILING src=GB_TRACK s=4.27 d=-0.02 vs=3.44
1786797871.773 [STATIC_OT] state=TRAILING path_exists=0 path_locked=0 path_ttl_ok=0 path_safe=0 on_spline=0 speed=3.45 raw_wpnts=0 raw_age=-s decision=TRAILING reason=NO_STATIC_PATH
1786797871.947 [OBSTACLES] cur_s=5.35 cur_d=-0.06 vs=3.15 n=1 [id=105 static=1 gap=5.22m d=-0.33 size=0.30]
1786797872.061 [STATIC_OT] state=TRAILING path_exists=0 path_locked=0 path_ttl_ok=0 path_safe=0 on_spline=0 speed=2.98 raw_wpnts=0 raw_age=-s decision=TRAILING reason=NO_STATIC_PATH
1786797872.290 [STATIC_OT] state=TRAILING path_exists=0 path_locked=0 path_ttl_ok=0 path_safe=0 on_spline=0 speed=2.41 raw_wpnts=0 raw_age=-s decision=TRAILING reason=NO_STATIC_PATH
1786797872.506 [OBSTACLES] cur_s=6.77 cur_d=-0.11 vs=1.74 n=1 [id=105 static=1 gap=3.82m d=-0.31 size=0.28]
1786797872.519 [STATIC_OT] state=TRAILING path_exists=1 path_locked=0 path_ttl_ok=1 path_safe=1 on_spline=1 speed=1.74 raw_wpnts=127 raw_age=0.83s decision=OVERTAKE
1786797872.520 [STATE_CHANGE] TRAILING -> OVERTAKE src=OVERTAKE s=6.77 d=-0.11 vs=1.74
1786797873.047 [OBSTACLES] cur_s=7.54 cur_d=-0.07 vs=2.53 n=1 [id=105 static=1 gap=3.03m d=-0.30 size=0.29]
1786797873.630 [OBSTACLES] cur_s=9.24 cur_d=-0.03 vs=3.41 n=1 [id=105 static=1 gap=1.34m d=-0.28 size=0.26]
1786797874.156 [OBSTACLES] cur_s=10.95 cur_d=0.17 vs=2.46 n=0 [none]
1786797874.755 [OBSTACLES] cur_s=12.66 cur_d=0.22 vs=2.99 n=0 [none]
1786797875.327 [OBSTACLES] cur_s=14.71 cur_d=0.06 vs=3.16 n=0 [none]
1786797875.839 [OBSTACLES] cur_s=16.07 cur_d=0.02 vs=2.51 n=0 [none]
1786797876.062 [STATIC_OT] state=OVERTAKE path_exists=1 path_locked=1 path_ttl_ok=0 path_safe=0 on_spline=1 speed=2.56 raw_wpnts=0 raw_age=-s decision=TRAILING reason=NO_STATIC_PATH
1786797876.067 [STATE_CHANGE] OVERTAKE -> TRAILING src=GB_TRACK s=16.55 d=0.10 vs=2.56
1786797876.400 [OBSTACLES] cur_s=17.59 cur_d=0.20 vs=2.72 n=1 [id=106 static=1 gap=4.94m d=0.34 size=0.33]
1786797876.402 [STATIC_OT] state=TRAILING path_exists=0 path_locked=0 path_ttl_ok=0 path_safe=0 on_spline=0 speed=2.72 raw_wpnts=0 raw_age=-s decision=TRAILING reason=NO_STATIC_PATH
1786797876.634 [STATIC_OT] state=TRAILING path_exists=0 path_locked=0 path_ttl_ok=0 path_safe=0 on_spline=0 speed=2.27 raw_wpnts=0 raw_age=-s decision=TRAILING reason=NO_STATIC_PATH
1786797876.891 [STATIC_OT] state=TRAILING path_exists=1 path_locked=0 path_ttl_ok=1 path_safe=0 on_spline=1 speed=1.73 raw_wpnts=120 raw_age=0.72s decision=TRAILING reason=PATH_BLOCKED blocked_obs_id=106 gap=3.88m free_dist=0.043m branch=static/geom
1786797876.951 [OBSTACLES] cur_s=18.98 cur_d=0.32 vs=1.50 n=1 [id=106 static=1 gap=3.58m d=0.24 size=0.30]
1786797877.140 [STATIC_OT] state=TRAILING path_exists=1 path_locked=0 path_ttl_ok=1 path_safe=0 on_spline=1 speed=1.04 raw_wpnts=109 raw_age=0.63s decision=TRAILING reason=PATH_BLOCKED blocked_obs_id=106 gap=3.47m free_dist=0.078m branch=static/geom
1786797877.206 [STATE_CHANGE] TRAILING -> OVERTAKE src=OVERTAKE s=19.29 d=0.25 vs=1.00
1786797877.499 [OBSTACLES] cur_s=19.55 cur_d=0.18 vs=0.58 n=1 [id=106 static=1 gap=3.07m d=0.23 size=0.29]
1786797878.149 [OBSTACLES] cur_s=20.60 cur_d=0.06 vs=2.60 n=1 [id=106 static=1 gap=2.08m d=0.20 size=0.25]
1786797878.682 [OBSTACLES] cur_s=22.43 cur_d=-0.22 vs=3.41 n=1 [id=106 static=1 gap=0.19m d=0.18 size=0.41]
1786797879.196 [OBSTACLES] cur_s=23.88 cur_d=-0.20 vs=3.40 n=0 [none]
1786797879.721 [OBSTACLES] cur_s=26.02 cur_d=0.08 vs=3.45 n=0 [none]
1786797880.321 [OBSTACLES] cur_s=27.46 cur_d=0.18 vs=3.39 n=0 [none]
1786797880.464 [STATE_CHANGE] OVERTAKE -> LOSTLINE src=GB_TRACK s=28.09 d=0.40 vs=3.40
1786797880.872 [OBSTACLES] cur_s=29.64 cur_d=0.29 vs=3.32 n=0 [none]
1786797880.872 [STATE_CHANGE] LOSTLINE -> RECOVERY src=RECOVERY s=29.64 d=0.29 vs=3.32
1786797881.182 [STATE_CHANGE] RECOVERY -> GB_TRACK src=GB_TRACK s=30.39 d=0.05 vs=3.02
1786797881.434 [OBSTACLES] cur_s=31.14 cur_d=0.10 vs=2.73 n=0 [none]
1786797881.607 [STATIC_OT] state=GB_TRACK path_exists=0 path_locked=0 path_ttl_ok=0 path_safe=0 on_spline=0 speed=3.04 raw_wpnts=0 raw_age=-s decision=TRAILING reason=NO_STATIC_PATH
1786797881.607 [STATE_CHANGE] GB_TRACK -> TRAILING src=GB_TRACK s=31.51 d=0.12 vs=3.04
1786797881.819 [STATIC_OT] state=TRAILING path_exists=0 path_locked=0 path_ttl_ok=0 path_safe=0 on_spline=0 speed=3.19 raw_wpnts=0 raw_age=-s decision=TRAILING reason=NO_STATIC_PATH
1786797881.978 [OBSTACLES] cur_s=32.76 cur_d=0.25 vs=3.04 n=1 [id=107 static=1 gap=1.99m d=0.05 size=0.38]
1786797882.122 [STATIC_OT] state=TRAILING path_exists=1 path_locked=0 path_ttl_ok=1 path_safe=1 on_spline=1 speed=2.54 raw_wpnts=98 raw_age=0.54s decision=OVERTAKE
1786797882.123 [STATE_CHANGE] TRAILING -> OVERTAKE src=OVERTAKE s=33.42 d=0.16 vs=2.54
1786797882.566 [OBSTACLES] cur_s=34.17 cur_d=0.09 vs=2.31 n=2 [id=107 static=1 gap=0.59m d=0.06 size=0.43; id=108 static=1 gap=11.18m d=-0.52 size=0.25]
1786797882.812 [STATIC_OT] state=OVERTAKE path_exists=1 path_locked=1 path_ttl_ok=1 path_safe=0 on_spline=1 speed=2.31 raw_wpnts=81 raw_age=0.62s decision=TRAILING reason=PATH_BLOCKED blocked_obs_id=109 gap=6.4m free_dist=0.01m branch=static/geom
1786797882.813 [STATE_CHANGE] OVERTAKE -> TRAILING src=GB_TRACK s=0.07 d=0.02 vs=2.31
1786797883.067 [STATIC_OT] state=TRAILING path_exists=0 path_locked=0 path_ttl_ok=0 path_safe=0 on_spline=0 speed=2.01 raw_wpnts=0 raw_age=-s decision=TRAILING reason=NO_STATIC_PATH
1786797883.102 [OBSTACLES] cur_s=0.76 cur_d=-0.21 vs=1.97 n=2 [id=108 static=1 gap=9.95m d=-0.39 size=0.31; id=109 static=1 gap=5.45m d=0.54 size=0.42]
1786797883.115 [STATE_CHANGE] TRAILING -> OVERTAKE src=OVERTAKE s=0.76 d=-0.21 vs=1.97
1786797883.644 [OBSTACLES] cur_s=1.74 cur_d=0.05 vs=2.02 n=1 [id=109 static=1 gap=4.48m d=0.47 size=0.40]
1786797884.183 [OBSTACLES] cur_s=3.09 cur_d=-0.05 vs=3.15 n=1 [id=111 static=1 gap=7.47m d=-0.40 size=0.28]
1786797884.400 [STATIC_OT] state=OVERTAKE path_exists=1 path_locked=1 path_ttl_ok=1 path_safe=1 on_spline=1 speed=3.37 raw_wpnts=100 raw_age=0.60s decision=OVERTAKE
1786797884.714 [OBSTACLES] cur_s=4.89 cur_d=-0.11 vs=3.43 n=2 [id=111 static=1 gap=5.67m d=-0.40 size=0.27; id=112 static=1 gap=1.27m d=0.47 size=0.41]
1786797884.773 [STATIC_OT] state=OVERTAKE path_exists=1 path_locked=1 path_ttl_ok=1 path_safe=0 on_spline=1 speed=3.44 raw_wpnts=95 raw_age=0.53s decision=TRAILING reason=PATH_BLOCKED blocked_obs_id=111 gap=5.62m free_dist=0.079m branch=static/geom
1786797884.776 [STATE_CHANGE] OVERTAKE -> TRAILING src=GB_TRACK s=5.08 d=-0.09 vs=3.44
1786797884.977 [STATIC_OT] state=TRAILING path_exists=1 path_locked=0 path_ttl_ok=1 path_safe=0 on_spline=0 speed=3.44 raw_wpnts=89 raw_age=0.47s decision=TRAILING reason=PATH_BLOCKED blocked_obs_id=111 gap=4.68m free_dist=0.072m branch=static/geom
1786797885.227 [STATIC_OT] state=TRAILING path_exists=1 path_locked=0 path_ttl_ok=1 path_safe=0 on_spline=1 speed=3.11 raw_wpnts=83 raw_age=0.59s decision=TRAILING reason=PATH_BLOCKED blocked_obs_id=111 gap=4.18m free_dist=0.057m branch=static/geom
1786797885.326 [OBSTACLES] cur_s=6.90 cur_d=-0.12 vs=2.83 n=1 [id=111 static=1 gap=3.69m d=-0.34 size=0.27]
1786797885.480 [STATIC_OT] state=TRAILING path_exists=1 path_locked=0 path_ttl_ok=1 path_safe=0 on_spline=0 speed=2.59 raw_wpnts=81 raw_age=0.64s decision=TRAILING reason=PATH_BLOCKED blocked_obs_id=111 gap=3.58m free_dist=0.05m branch=static/geom
1786797885.761 [STATIC_OT] state=TRAILING path_exists=1 path_locked=0 path_ttl_ok=1 path_safe=1 on_spline=1 speed=1.97 raw_wpnts=110 raw_age=0.65s decision=OVERTAKE
1786797885.767 [STATE_CHANGE] TRAILING -> OVERTAKE src=OVERTAKE s=7.75 d=-0.16 vs=1.97
1786797885.875 [OBSTACLES] cur_s=8.00 cur_d=-0.17 vs=1.59 n=1 [id=111 static=1 gap=2.58m d=-0.30 size=0.28]
1786797886.466 [OBSTACLES] cur_s=8.98 cur_d=-0.02 vs=2.89 n=1 [id=111 static=1 gap=1.59m d=-0.28 size=0.27]
1786797887.005 [OBSTACLES] cur_s=10.83 cur_d=0.08 vs=2.49 n=0 [none]
1786797887.537 [OBSTACLES] cur_s=12.18 cur_d=0.23 vs=2.63 n=0 [none]
1786797888.072 [OBSTACLES] cur_s=13.74 cur_d=0.06 vs=3.42 n=0 [none]
1786797888.624 [OBSTACLES] cur_s=15.60 cur_d=0.02 vs=2.56 n=0 [none]
1786797888.997 [STATIC_OT] state=OVERTAKE path_exists=1 path_locked=1 path_ttl_ok=0 path_safe=0 on_spline=1 speed=2.67 raw_wpnts=0 raw_age=-s decision=TRAILING reason=NO_STATIC_PATH
1786797888.999 [STATE_CHANGE] OVERTAKE -> TRAILING src=GB_TRACK s=16.72 d=0.08 vs=2.67
1786797889.214 [OBSTACLES] cur_s=17.23 cur_d=0.14 vs=2.82 n=1 [id=113 static=1 gap=5.29m d=0.39 size=0.33]
1786797889.226 [STATIC_OT] state=TRAILING path_exists=0 path_locked=0 path_ttl_ok=0 path_safe=0 on_spline=0 speed=2.82 raw_wpnts=0 raw_age=-s decision=TRAILING reason=NO_STATIC_PATH
1786797889.427 [STATIC_OT] state=TRAILING path_exists=0 path_locked=0 path_ttl_ok=0 path_safe=0 on_spline=0 speed=2.45 raw_wpnts=0 raw_age=-s decision=TRAILING reason=NO_STATIC_PATH
1786797889.719 [STATIC_OT] state=TRAILING path_exists=1 path_locked=0 path_ttl_ok=1 path_safe=0 on_spline=1 speed=1.86 raw_wpnts=121 raw_age=0.72s decision=TRAILING reason=PATH_BLOCKED blocked_obs_id=113 gap=4.32m free_dist=0.022m branch=static/geom
1786797889.825 [OBSTACLES] cur_s=18.68 cur_d=0.31 vs=1.52 n=1 [id=113 static=1 gap=3.84m d=0.27 size=0.33]
1786797889.974 [STATIC_OT] state=TRAILING path_exists=1 path_locked=0 path_ttl_ok=1 path_safe=0 on_spline=1 speed=1.08 raw_wpnts=116 raw_age=0.74s decision=TRAILING reason=PATH_BLOCKED blocked_obs_id=113 gap=3.76m free_dist=0.05m branch=static/geom
1786797890.197 [STATIC_OT] state=TRAILING path_exists=1 path_locked=0 path_ttl_ok=1 path_safe=0 on_spline=1 speed=0.61 raw_wpnts=107 raw_age=0.72s decision=TRAILING reason=PATH_BLOCKED blocked_obs_id=113 gap=3.64m free_dist=0.082m branch=static/geom
1786797890.295 [STATE_CHANGE] TRAILING -> OVERTAKE src=OVERTAKE s=19.14 d=0.16 vs=0.46
1786797890.389 [OBSTACLES] cur_s=19.18 cur_d=0.15 vs=0.56 n=1 [id=113 static=1 gap=3.38m d=0.24 size=0.31]
1786797891.024 [OBSTACLES] cur_s=20.21 cur_d=0.23 vs=2.34 n=1 [id=113 static=1 gap=2.40m d=0.21 size=0.28]
1786797891.533 [OBSTACLES] cur_s=21.59 cur_d=-0.09 vs=3.13 n=1 [id=113 static=1 gap=1.03m d=0.19 size=0.30]
1786797891.796 [STATIC_OT] state=OVERTAKE path_exists=1 path_locked=1 path_ttl_ok=1 path_safe=1 on_spline=0 speed=3.09 raw_wpnts=84 raw_age=0.81s decision=OVERTAKE
1786797891.946 [STATE_CHANGE] OVERTAKE -> LOSTLINE src=GB_TRACK s=22.68 d=-0.34 vs=3.28
1786797892.040 [OBSTACLES] cur_s=23.10 cur_d=-0.30 vs=3.35 n=0 [none]
1786797892.109 [STATE_CHANGE] LOSTLINE -> GB_TRACK src=GB_TRACK s=23.31 d=-0.28 vs=3.06
1786797892.604 [OBSTACLES] cur_s=24.98 cur_d=-0.06 vs=3.41 n=0 [none]
1786797893.138 [OBSTACLES] cur_s=26.51 cur_d=-0.09 vs=3.40 n=0 [none]
1786797893.517 [STATE_CHANGE] GB_TRACK -> RECOVERY src=RECOVERY s=27.57 d=0.34 vs=3.39
1786797893.660 [OBSTACLES] cur_s=28.25 cur_d=0.39 vs=3.43 n=0 [none]
1786797894.106 [STATE_CHANGE] RECOVERY -> GB_TRACK src=GB_TRACK s=29.57 d=0.01 vs=2.80
1786797894.165 [OBSTACLES] cur_s=29.69 cur_d=-0.01 vs=2.83 n=0 [none]
1786797894.686 [OBSTACLES] cur_s=31.16 cur_d=0.09 vs=3.32 n=0 [none]
1786797894.796 [STATIC_OT] state=GB_TRACK path_exists=0 path_locked=0 path_ttl_ok=0 path_safe=0 on_spline=0 speed=3.32 raw_wpnts=0 raw_age=-s decision=TRAILING reason=NO_STATIC_PATH
1786797894.798 [STATE_CHANGE] GB_TRACK -> TRAILING src=GB_TRACK s=31.34 d=0.10 vs=3.32
1786797895.038 [STATIC_OT] state=TRAILING path_exists=1 path_locked=0 path_ttl_ok=1 path_safe=1 on_spline=1 speed=3.17 raw_wpnts=102 raw_age=0.22s decision=OVERTAKE
1786797895.048 [STATE_CHANGE] TRAILING -> OVERTAKE src=OVERTAKE s=32.48 d=0.26 vs=3.17
1786797895.275 [OBSTACLES] cur_s=33.10 cur_d=0.21 vs=2.79 n=1 [id=114 static=1 gap=1.75m d=-0.02 size=0.39]
1786797895.831 [OBSTACLES] cur_s=34.43 cur_d=-0.31 vs=1.94 n=3 [id=114 static=1 gap=0.44m d=-0.02 size=0.41; id=115 static=1 gap=11.25m d=-0.54 size=0.17; id=117 static=1 gap=6.61m d=0.57 size=0.39]
1786797896.551 [OBSTACLES] cur_s=1.03 cur_d=-0.44 vs=2.57 n=1 [id=118 static=0 gap=10.53m d=-0.35 size=0.23]
1786797896.558 [STATIC_OT] state=OVERTAKE path_exists=1 path_locked=1 path_ttl_ok=1 path_safe=0 on_spline=1 speed=2.57 raw_wpnts=81 raw_age=0.55s decision=TRAILING reason=PATH_BLOCKED blocked_obs_id=118 gap=10.64m free_dist=Nonem branch=dyn/nopred/beyond_path
1786797896.558 [STATE_CHANGE] OVERTAKE -> TRAILING src=GB_TRACK s=1.03 d=-0.44 vs=2.57
1786797896.798 [STATIC_OT] state=TRAILING path_exists=1 path_locked=0 path_ttl_ok=1 path_safe=0 on_spline=1 speed=2.86 raw_wpnts=81 raw_age=0.60s decision=TRAILING reason=PATH_BLOCKED blocked_obs_id=121 gap=5.11m free_dist=-0.314m branch=static/geom
1786797897.065 [OBSTACLES] cur_s=2.53 cur_d=0.08 vs=3.10 n=2 [id=121 static=1 gap=3.59m d=0.11 size=0.33; id=122 static=1 gap=8.27m d=-0.20 size=0.29]
1786797897.079 [STATIC_OT] state=TRAILING path_exists=1 path_locked=0 path_ttl_ok=1 path_safe=0 on_spline=1 speed=3.10 raw_wpnts=81 raw_age=0.62s decision=TRAILING reason=PATH_BLOCKED blocked_obs_id=121 gap=3.76m free_dist=-0.2m branch=static/geom
1786797897.282 [STATIC_OT] state=TRAILING path_exists=1 path_locked=0 path_ttl_ok=1 path_safe=0 on_spline=1 speed=2.85 raw_wpnts=81 raw_age=0.70s decision=TRAILING reason=PATH_BLOCKED blocked_obs_id=121 gap=3.4m free_dist=-0.145m branch=static/geom
1786797897.576 [OBSTACLES] cur_s=3.85 cur_d=-0.16 vs=1.93 n=2 [id=121 static=0 gap=2.35m d=0.49 size=0.35; id=122 static=1 gap=7.08m d=-0.26 size=0.35]
1786797897.595 [STATIC_OT] state=TRAILING path_exists=1 path_locked=0 path_ttl_ok=1 path_safe=0 on_spline=1 speed=1.93 raw_wpnts=106 raw_age=0.63s decision=TRAILING reason=PATH_BLOCKED blocked_obs_id=121 gap=2.52m free_dist=-0.243m branch=dyn/nopred (id_mismatch or empty)
1786797897.849 [STATIC_OT] state=TRAILING path_exists=1 path_locked=0 path_ttl_ok=0 path_safe=0 on_spline=1 speed=2.36 raw_wpnts=0 raw_age=-s decision=TRAILING reason=NO_STATIC_PATH
1786797898.056 [STATIC_OT] state=TRAILING path_exists=1 path_locked=0 path_ttl_ok=0 path_safe=0 on_spline=1 speed=2.70 raw_wpnts=0 raw_age=-s decision=TRAILING reason=NO_STATIC_PATH
1786797898.153 [OBSTACLES] cur_s=5.17 cur_d=-0.03 vs=2.62 n=2 [id=121 static=0 gap=1.09m d=0.51 size=0.35; id=122 static=1 gap=5.80m d=-0.28 size=0.31]
1786797898.356 [STATIC_OT] state=TRAILING path_exists=1 path_locked=0 path_ttl_ok=0 path_safe=0 on_spline=0 speed=2.25 raw_wpnts=0 raw_age=-s decision=TRAILING reason=NO_STATIC_PATH
1786797898.577 [STATIC_OT] state=TRAILING path_exists=1 path_locked=0 path_ttl_ok=0 path_safe=0 on_spline=0 speed=1.69 raw_wpnts=0 raw_age=-s decision=TRAILING reason=NO_STATIC_PATH
1786797898.722 [OBSTACLES] cur_s=6.20 cur_d=-0.07 vs=1.34 n=1 [id=122 static=1 gap=4.79m d=-0.26 size=0.30]
1786797898.731 [STATE_CHANGE] TRAILING -> OVERTAKE src=OVERTAKE s=6.20 d=-0.07 vs=1.34
1786797899.252 [OBSTACLES] cur_s=6.91 cur_d=-0.03 vs=2.32 n=1 [id=122 static=1 gap=4.07m d=-0.25 size=0.31]
1786797899.754 [OBSTACLES] cur_s=8.53 cur_d=-0.16 vs=3.42 n=1 [id=122 static=1 gap=2.45m d=-0.22 size=0.29]
1786797900.325 [OBSTACLES] cur_s=10.38 cur_d=0.21 vs=2.69 n=1 [id=122 static=1 gap=0.59m d=-0.21 size=0.28]
1786797900.843 [OBSTACLES] cur_s=11.98 cur_d=0.25 vs=2.27 n=0 [none]
1786797901.434 [OBSTACLES] cur_s=13.53 cur_d=0.00 vs=3.38 n=0 [none]
1786797901.969 [OBSTACLES] cur_s=15.53 cur_d=-0.02 vs=2.56 n=0 [none]
1786797902.516 [OBSTACLES] cur_s=16.73 cur_d=-0.12 vs=2.54 n=1 [id=124 static=1 gap=5.83m d=0.37 size=0.28]
1786797902.522 [STATIC_OT] state=OVERTAKE path_exists=1 path_locked=1 path_ttl_ok=0 path_safe=0 on_spline=1 speed=2.54 raw_wpnts=0 raw_age=-s decision=TRAILING reason=NO_STATIC_PATH
1786797902.524 [STATE_CHANGE] OVERTAKE -> TRAILING src=GB_TRACK s=16.73 d=-0.12 vs=2.54
1786797902.782 [STATIC_OT] state=TRAILING path_exists=0 path_locked=0 path_ttl_ok=0 path_safe=0 on_spline=0 speed=2.47 raw_wpnts=0 raw_age=-s decision=TRAILING reason=NO_STATIC_PATH
1786797903.020 [STATIC_OT] state=TRAILING path_exists=0 path_locked=0 path_ttl_ok=0 path_safe=0 on_spline=0 speed=2.15 raw_wpnts=0 raw_age=-s decision=TRAILING reason=NO_STATIC_PATH
1786797903.126 [OBSTACLES] cur_s=17.89 cur_d=0.08 vs=1.97 n=1 [id=124 static=1 gap=4.59m d=0.31 size=0.32]
1786797903.250 [STATIC_OT] state=TRAILING path_exists=1 path_locked=0 path_ttl_ok=1 path_safe=0 on_spline=1 speed=1.84 raw_wpnts=120 raw_age=0.70s decision=TRAILING reason=PATH_BLOCKED blocked_obs_id=124 gap=4.66m free_dist=0.047m branch=static/geom
1786797903.463 [STATIC_OT] state=TRAILING path_exists=1 path_locked=0 path_ttl_ok=1 path_safe=0 on_spline=1 speed=1.35 raw_wpnts=120 raw_age=0.62s decision=TRAILING reason=PATH_BLOCKED blocked_obs_id=124 gap=4.25m free_dist=0.038m branch=static/geom
1786797903.684 [OBSTACLES] cur_s=18.64 cur_d=0.09 vs=0.76 n=1 [id=124 static=1 gap=3.79m d=0.24 size=0.31]
1786797903.694 [STATIC_OT] state=TRAILING path_exists=1 path_locked=0 path_ttl_ok=1 path_safe=1 on_spline=1 speed=0.76 raw_wpnts=105 raw_age=0.71s decision=OVERTAKE
1786797903.695 [STATE_CHANGE] TRAILING -> OVERTAKE src=OVERTAKE s=18.64 d=0.09 vs=0.76
1786797903.807 [STATE_CHANGE] OVERTAKE -> TRAILING src=GB_TRACK s=18.75 d=0.08 vs=0.85
1786797904.022 [STATIC_OT] state=TRAILING path_exists=1 path_locked=0 path_ttl_ok=1 path_safe=1 on_spline=1 speed=0.85 raw_wpnts=102 raw_age=0.79s decision=OVERTAKE
1786797904.023 [STATE_CHANGE] TRAILING -> OVERTAKE src=OVERTAKE s=18.86 d=0.07 vs=0.85
1786797904.225 [OBSTACLES] cur_s=19.20 cur_d=0.04 vs=0.92 n=1 [id=124 static=1 gap=3.24m d=0.21 size=0.29]
1786797904.417 [STATIC_OT] state=OVERTAKE path_exists=1 path_locked=1 path_ttl_ok=1 path_safe=1 on_spline=1 speed=0.95 raw_wpnts=96 raw_age=0.83s decision=OVERTAKE
1786797904.767 [OBSTACLES] cur_s=19.80 cur_d=0.04 vs=2.21 n=1 [id=124 static=1 gap=2.61m d=0.19 size=0.31]
1786797905.373 [OBSTACLES] cur_s=21.25 cur_d=0.55 vs=2.39 n=1 [id=124 static=1 gap=1.17m d=0.17 size=0.25]
1786797905.964 [OBSTACLES] cur_s=22.20 cur_d=0.47 vs=1.59 n=1 [id=124 static=1 gap=0.12m d=0.16 size=0.42]
1786797906.489 [OBSTACLES] cur_s=23.24 cur_d=0.34 vs=1.87 n=0 [none]
1786797906.991 [OBSTACLES] cur_s=24.31 cur_d=-0.02 vs=2.63 n=0 [none]
1786797907.517 [OBSTACLES] cur_s=25.87 cur_d=0.12 vs=3.42 n=0 [none]
1786797908.115 [OBSTACLES] cur_s=27.88 cur_d=0.02 vs=3.43 n=0 [none]
1786797908.116 [STATE_CHANGE] OVERTAKE -> GB_TRACK src=GB_TRACK s=27.88 d=0.02 vs=3.43
1786797908.670 [OBSTACLES] cur_s=29.82 cur_d=0.18 vs=3.40 n=0 [none]
1786797909.002 [STATE_CHANGE] GB_TRACK -> RECOVERY src=RECOVERY s=31.03 d=0.30 vs=3.44
1786797909.227 [OBSTACLES] cur_s=31.49 cur_d=0.27 vs=3.44 n=0 [none]
1786797909.401 [STATIC_OT] state=RECOVERY path_exists=0 path_locked=0 path_ttl_ok=0 path_safe=0 on_spline=0 speed=3.22 raw_wpnts=0 raw_age=-s decision=TRAILING reason=NO_STATIC_PATH
1786797909.405 [STATE_CHANGE] RECOVERY -> TRAILING src=RECOVERY s=32.26 d=0.20 vs=3.22
1786797909.531 [STATE_CHANGE] TRAILING -> OVERTAKE src=OVERTAKE s=32.66 d=0.18 vs=3.17
1786797909.752 [OBSTACLES] cur_s=33.46 cur_d=0.18 vs=2.88 n=1 [id=125 static=1 gap=1.36m d=0.01 size=0.43]
1786797910.279 [OBSTACLES] cur_s=0.03 cur_d=-0.18 vs=2.46 n=3 [id=125 static=1 gap=0.29m d=-0.00 size=0.39; id=126 static=1 gap=11.06m d=-0.59 size=0.26; id=127 static=1 gap=6.21m d=0.56 size=0.38]
1786797910.813 [OBSTACLES] cur_s=0.92 cur_d=-0.47 vs=2.43 n=0 [none]
1786797911.435 [OBSTACLES] cur_s=3.05 cur_d=-0.15 vs=3.32 n=0 [none]
1786797911.858 [STATIC_OT] state=OVERTAKE path_exists=1 path_locked=1 path_ttl_ok=0 path_safe=0 on_spline=1 speed=3.40 raw_wpnts=0 raw_age=-s decision=TRAILING reason=NO_STATIC_PATH
1786797911.869 [STATE_CHANGE] OVERTAKE -> TRAILING src=GB_TRACK s=4.64 d=-0.40 vs=3.40
1786797911.945 [OBSTACLES] cur_s=4.98 cur_d=-0.34 vs=3.32 n=2 [id=130 static=1 gap=6.12m d=-0.27 size=0.30; id=131 static=1 gap=1.26m d=0.51 size=0.43]
1786797912.095 [STATIC_OT] state=TRAILING path_exists=0 path_locked=0 path_ttl_ok=0 path_safe=0 on_spline=0 speed=3.25 raw_wpnts=0 raw_age=-s decision=TRAILING reason=NO_STATIC_PATH
1786797912.427 [STATIC_OT] state=TRAILING path_exists=1 path_locked=0 path_ttl_ok=1 path_safe=0 on_spline=1 speed=2.92 raw_wpnts=92 raw_age=0.70s decision=TRAILING reason=PATH_BLOCKED blocked_obs_id=130 gap=5.11m free_dist=0.002m branch=static/geom
1786797912.556 [OBSTACLES] cur_s=6.31 cur_d=0.14 vs=2.69 n=1 [id=130 static=1 gap=4.75m d=-0.29 size=0.30]
1786797912.752 [STATIC_OT] state=TRAILING path_exists=1 path_locked=0 path_ttl_ok=1 path_safe=0 on_spline=1 speed=2.00 raw_wpnts=81 raw_age=0.67s decision=TRAILING reason=PATH_BLOCKED blocked_obs_id=130 gap=4.41m free_dist=-0.031m branch=static/geom
1786797913.023 [STATIC_OT] state=TRAILING path_exists=1 path_locked=0 path_ttl_ok=1 path_safe=0 on_spline=1 speed=1.46 raw_wpnts=81 raw_age=0.75s decision=TRAILING reason=PATH_BLOCKED blocked_obs_id=130 gap=4.01m free_dist=-0.052m branch=static/geom
1786797913.245 [OBSTACLES] cur_s=7.31 cur_d=-0.13 vs=1.25 n=1 [id=130 static=1 gap=3.72m d=-0.21 size=0.27]
1786797913.255 [STATIC_OT] state=TRAILING path_exists=1 path_locked=0 path_ttl_ok=1 path_safe=0 on_spline=1 speed=1.25 raw_wpnts=81 raw_age=0.75s decision=TRAILING reason=PATH_BLOCKED blocked_obs_id=130 gap=3.86m free_dist=-0.067m branch=static/geom
1786797913.631 [STATIC_OT] state=TRAILING path_exists=1 path_locked=0 path_ttl_ok=1 path_safe=1 on_spline=1 speed=0.70 raw_wpnts=98 raw_age=0.84s decision=OVERTAKE
1786797913.631 [STATE_CHANGE] TRAILING -> OVERTAKE src=OVERTAKE s=7.68 d=-0.02 vs=0.70
1786797913.771 [OBSTACLES] cur_s=7.75 cur_d=-0.02 vs=0.85 n=1 [id=130 static=1 gap=3.26m d=-0.20 size=0.25]
1786797914.278 [OBSTACLES] cur_s=8.39 cur_d=-0.11 vs=2.08 n=1 [id=130 static=1 gap=2.61m d=-0.18 size=0.25]
1786797914.507 [STATIC_OT] state=OVERTAKE path_exists=1 path_locked=1 path_ttl_ok=1 path_safe=1 on_spline=1 speed=2.26 raw_wpnts=88 raw_age=0.65s decision=OVERTAKE
1786797914.852 [OBSTACLES] cur_s=10.02 cur_d=0.17 vs=3.10 n=1 [id=130 static=1 gap=0.97m d=-0.16 size=0.24]
1786797915.506 [OBSTACLES] cur_s=12.14 cur_d=0.17 vs=1.96 n=0 [none]
1786797916.090 [OBSTACLES] cur_s=13.27 cur_d=0.12 vs=3.16 n=0 [none]
1786797916.633 [OBSTACLES] cur_s=14.91 cur_d=0.32 vs=2.90 n=0 [none]
1786797917.123 [STATE_CHANGE] OVERTAKE -> LOSTLINE src=GB_TRACK s=16.13 d=-0.36 vs=2.14
1786797917.290 [OBSTACLES] cur_s=16.40 cur_d=-0.33 vs=2.29 n=1 [id=132 static=1 gap=6.16m d=0.36 size=0.26]
1786797917.305 [STATIC_OT] state=GB_TRACK path_exists=0 path_locked=0 path_ttl_ok=0 path_safe=0 on_spline=0 speed=2.29 raw_wpnts=0 raw_age=-s decision=TRAILING reason=NO_STATIC_PATH
1786797917.308 [STATE_CHANGE] LOSTLINE -> TRAILING src=GB_TRACK s=16.40 d=-0.33 vs=2.29
1786797917.559 [STATIC_OT] state=TRAILING path_exists=0 path_locked=0 path_ttl_ok=0 path_safe=0 on_spline=0 speed=2.43 raw_wpnts=0 raw_age=-s decision=TRAILING reason=NO_STATIC_PATH
1786797917.817 [OBSTACLES] cur_s=17.31 cur_d=0.03 vs=2.05 n=1 [id=132 static=1 gap=5.19m d=0.34 size=0.33]
1786797917.829 [STATIC_OT] state=TRAILING path_exists=0 path_locked=0 path_ttl_ok=0 path_safe=0 on_spline=0 speed=2.05 raw_wpnts=0 raw_age=-s decision=TRAILING reason=NO_STATIC_PATH
1786797918.086 [STATIC_OT] state=TRAILING path_exists=1 path_locked=0 path_ttl_ok=1 path_safe=0 on_spline=1 speed=1.60 raw_wpnts=117 raw_age=0.54s decision=TRAILING reason=PATH_BLOCKED blocked_obs_id=132 gap=4.91m free_dist=0.093m branch=static/geom
1786797918.319 [OBSTACLES] cur_s=17.95 cur_d=0.23 vs=1.37 n=1 [id=132 static=1 gap=4.50m d=0.24 size=0.35]
1786797918.322 [STATIC_OT] state=TRAILING path_exists=1 path_locked=0 path_ttl_ok=1 path_safe=1 on_spline=1 speed=1.37 raw_wpnts=110 raw_age=0.59s decision=OVERTAKE
1786797918.324 [STATE_CHANGE] TRAILING -> OVERTAKE src=OVERTAKE s=17.95 d=0.23 vs=1.37
1786797918.421 [STATE_CHANGE] OVERTAKE -> TRAILING src=GB_TRACK s=18.04 d=0.22 vs=1.20
1786797918.529 [STATIC_OT] state=TRAILING path_exists=0 path_locked=0 path_ttl_ok=0 path_safe=0 on_spline=0 speed=1.04 raw_wpnts=0 raw_age=-s decision=TRAILING reason=NO_STATIC_PATH
1786797918.793 [STATIC_OT] state=TRAILING path_exists=0 path_locked=0 path_ttl_ok=0 path_safe=0 on_spline=0 speed=1.56 raw_wpnts=0 raw_age=-s decision=TRAILING reason=NO_STATIC_PATH
1786797918.898 [OBSTACLES] cur_s=18.94 cur_d=0.14 vs=1.39 n=1 [id=132 static=1 gap=3.53m d=0.24 size=0.30]
1786797919.020 [STATIC_OT] state=TRAILING path_exists=0 path_locked=0 path_ttl_ok=0 path_safe=0 on_spline=0 speed=1.07 raw_wpnts=0 raw_age=-s decision=TRAILING reason=NO_STATIC_PATH
1786797919.320 [STATIC_OT] state=TRAILING path_exists=0 path_locked=0 path_ttl_ok=0 path_safe=0 on_spline=0 speed=0.69 raw_wpnts=0 raw_age=-s decision=TRAILING reason=NO_STATIC_PATH
1786797919.497 [OBSTACLES] cur_s=19.50 cur_d=0.03 vs=0.16 n=1 [id=132 static=1 gap=2.96m d=0.21 size=0.31]
1786797919.520 [STATE_CHANGE] TRAILING -> OVERTAKE src=OVERTAKE s=19.50 d=0.03 vs=0.16
1786797920.155 [OBSTACLES] cur_s=19.77 cur_d=0.04 vs=1.66 n=1 [id=132 static=1 gap=2.72m d=0.19 size=0.28]
1786797920.792 [OBSTACLES] cur_s=21.52 cur_d=0.72 vs=2.28 n=1 [id=132 static=1 gap=0.98m d=0.16 size=0.25]
1786797921.562 [OBSTACLES] cur_s=22.39 cur_d=0.32 vs=1.22 n=1 [id=132 static=1 gap=0.05m d=0.16 size=0.37]
1786797922.095 [OBSTACLES] cur_s=23.50 cur_d=0.55 vs=2.12 n=0 [none]
1786797922.771 [OBSTACLES] cur_s=24.84 cur_d=-0.22 vs=2.23 n=0 [none]
1786797923.091 [STATE_CHANGE] OVERTAKE -> LOSTLINE src=GB_TRACK s=25.85 d=-0.52 vs=3.29
1786797923.310 [OBSTACLES] cur_s=26.26 cur_d=-0.49 vs=3.09 n=0 [none]
1786797923.513 [STATE_CHANGE] LOSTLINE -> GB_TRACK src=GB_TRACK s=26.68 d=-0.03 vs=2.87
1786797923.667 [STATE_CHANGE] GB_TRACK -> LOSTLINE src=GB_TRACK s=27.27 d=0.33 vs=2.96
1786797923.926 [OBSTACLES] cur_s=28.18 cur_d=0.50 vs=3.20 n=0 [none]
1786797924.236 [STATE_CHANGE] LOSTLINE -> GB_TRACK src=GB_TRACK s=28.81 d=0.12 vs=2.63
1786797924.533 [OBSTACLES] cur_s=29.54 cur_d=-0.33 vs=2.78 n=0 [none]
1786797924.538 [STATE_CHANGE] GB_TRACK -> LOSTLINE src=GB_TRACK s=29.54 d=-0.33 vs=2.78
1786797925.115 [OBSTACLES] cur_s=30.84 cur_d=-0.38 vs=2.64 n=0 [none]
1786797925.257 [STATE_CHANGE] LOSTLINE -> GB_TRACK src=GB_TRACK s=31.15 d=-0.25 vs=2.84
1786797925.636 [OBSTACLES] cur_s=32.24 cur_d=0.28 vs=2.77 n=0 [none]
1786797925.659 [STATE_CHANGE] GB_TRACK -> LOSTLINE src=GB_TRACK s=32.36 d=0.33 vs=2.90
1786797925.891 [STATE_CHANGE] LOSTLINE -> GB_TRACK src=GB_TRACK s=33.12 d=0.24 vs=2.81
1786797926.170 [OBSTACLES] cur_s=33.87 cur_d=-0.31 vs=2.38 n=1 [id=135 static=1 gap=7.27m d=0.64 size=0.25]
1786797926.180 [STATIC_OT] state=GB_TRACK path_exists=0 path_locked=0 path_ttl_ok=0 path_safe=0 on_spline=0 speed=2.38 raw_wpnts=0 raw_age=-s decision=TRAILING reason=NO_STATIC_PATH
1786797926.186 [STATE_CHANGE] GB_TRACK -> TRAILING src=GB_TRACK s=33.87 d=-0.31 vs=2.38
1786797926.474 [STATIC_OT] state=TRAILING path_exists=0 path_locked=0 path_ttl_ok=0 path_safe=0 on_spline=0 speed=2.95 raw_wpnts=0 raw_age=-s decision=TRAILING reason=NO_STATIC_PATH
1786797926.623 [STATE_CHANGE] TRAILING -> LOSTLINE src=GB_TRACK s=0.04 d=-0.61 vs=2.71
1786797926.683 [OBSTACLES] cur_s=0.16 cur_d=-0.59 vs=2.61 n=1 [id=136 static=0 gap=10.80m d=-0.40 size=0.26]
1786797926.685 [STATIC_OT] state=GB_TRACK path_exists=0 path_locked=0 path_ttl_ok=0 path_safe=0 on_spline=0 speed=2.61 raw_wpnts=0 raw_age=-s decision=TRAILING reason=NO_STATIC_PATH
1786797926.686 [STATE_CHANGE] LOSTLINE -> TRAILING src=GB_TRACK s=0.16 d=-0.59 vs=2.61
1786797926.843 [STATE_CHANGE] TRAILING -> LOSTLINE src=GB_TRACK s=0.52 d=-0.42 vs=1.83
1786797926.932 [STATIC_OT] state=GB_TRACK path_exists=0 path_locked=0 path_ttl_ok=0 path_safe=0 on_spline=0 speed=1.74 raw_wpnts=0 raw_age=-s decision=TRAILING reason=NO_STATIC_PATH
1786797926.935 [STATE_CHANGE] LOSTLINE -> TRAILING src=GB_TRACK s=0.71 d=-0.31 vs=1.74
1786797927.235 [OBSTACLES] cur_s=1.27 cur_d=0.06 vs=2.61 n=2 [id=136 static=0 gap=9.75m d=-0.44 size=0.30; id=138 static=1 gap=4.84m d=0.35 size=0.39]
1786797927.250 [STATIC_OT] state=TRAILING path_exists=0 path_locked=0 path_ttl_ok=0 path_safe=0 on_spline=0 speed=2.61 raw_wpnts=0 raw_age=-s decision=TRAILING reason=NO_STATIC_PATH
1786797927.515 [STATIC_OT] state=TRAILING path_exists=0 path_locked=0 path_ttl_ok=0 path_safe=0 on_spline=0 speed=2.56 raw_wpnts=0 raw_age=-s decision=TRAILING reason=NO_STATIC_PATH
1786797927.729 [STATIC_OT] state=TRAILING path_exists=0 path_locked=0 path_ttl_ok=0 path_safe=0 on_spline=0 speed=2.36 raw_wpnts=0 raw_age=-s decision=TRAILING reason=NO_STATIC_PATH
1786797927.938 [OBSTACLES] cur_s=2.59 cur_d=-0.17 vs=1.57 n=2 [id=136 static=0 gap=8.36m d=-0.28 size=0.37; id=138 static=1 gap=3.55m d=0.48 size=0.38]
1786797927.955 [STATIC_OT] state=TRAILING path_exists=1 path_locked=0 path_ttl_ok=1 path_safe=0 on_spline=1 speed=1.57 raw_wpnts=124 raw_age=1.27s decision=TRAILING reason=PATH_BLOCKED blocked_obs_id=138 gap=3.74m free_dist=0.008m branch=static/geom
1786797928.208 [STATIC_OT] state=TRAILING path_exists=1 path_locked=0 path_ttl_ok=1 path_safe=0 on_spline=1 speed=1.14 raw_wpnts=115 raw_age=1.12s decision=TRAILING reason=PATH_BLOCKED blocked_obs_id=138 gap=3.47m free_dist=-0.004m branch=static/geom
1786797928.566 [OBSTACLES] cur_s=3.23 cur_d=-0.19 vs=0.00 n=2 [id=136 static=1 gap=7.73m d=-0.40 size=0.35; id=138 static=1 gap=2.96m d=0.45 size=0.38]
1786797928.576 [STATIC_OT] state=TRAILING path_exists=1 path_locked=0 path_ttl_ok=1 path_safe=1 on_spline=1 speed=0.00 raw_wpnts=104 raw_age=0.95s decision=OVERTAKE
1786797928.576 [STATE_CHANGE] TRAILING -> OVERTAKE src=OVERTAKE s=3.23 d=-0.19 vs=0.00
1786797929.170 [OBSTACLES] cur_s=3.61 cur_d=-0.11 vs=1.73 n=2 [id=136 static=1 gap=7.37m d=-0.40 size=0.36; id=138 static=1 gap=2.64m d=0.45 size=0.35]
1786797929.744 [OBSTACLES] cur_s=5.47 cur_d=-0.13 vs=3.39 n=2 [id=136 static=1 gap=5.53m d=-0.40 size=0.34; id=138 static=1 gap=0.75m d=0.45 size=0.42]
1786797929.769 [STATIC_OT] state=OVERTAKE path_exists=1 path_locked=1 path_ttl_ok=0 path_safe=0 on_spline=1 speed=3.39 raw_wpnts=0 raw_age=-s decision=TRAILING reason=NO_STATIC_PATH
1786797929.782 [STATE_CHANGE] OVERTAKE -> TRAILING src=GB_TRACK s=5.47 d=-0.13 vs=3.39
1786797930.240 [STATIC_OT] state=TRAILING path_exists=1 path_locked=0 path_ttl_ok=1 path_safe=0 on_spline=1 speed=3.02 raw_wpnts=83 raw_age=1.03s decision=TRAILING reason=PATH_BLOCKED blocked_obs_id=136 gap=4.36m free_dist=0.092m branch=static/geom
1786797930.405 [OBSTACLES] cur_s=7.11 cur_d=-0.16 vs=2.84 n=1 [id=136 static=1 gap=3.92m d=-0.37 size=0.29]
1786797930.592 [STATIC_OT] state=TRAILING path_exists=1 path_locked=0 path_ttl_ok=1 path_safe=0 on_spline=1 speed=3.09 raw_wpnts=81 raw_age=0.90s decision=TRAILING reason=PATH_BLOCKED blocked_obs_id=136 gap=3.82m free_dist=0.06m branch=static/geom
1786797930.814 [STATIC_OT] state=TRAILING path_exists=1 path_locked=0 path_ttl_ok=1 path_safe=0 on_spline=1 speed=2.90 raw_wpnts=81 raw_age=0.99s decision=TRAILING reason=PATH_BLOCKED blocked_obs_id=136 gap=2.82m free_dist=0.065m branch=static/geom
1786797930.940 [OBSTACLES] cur_s=8.67 cur_d=-0.05 vs=2.62 n=1 [id=136 static=1 gap=2.37m d=-0.34 size=0.25]
1786797931.123 [STATIC_OT] state=TRAILING path_exists=1 path_locked=0 path_ttl_ok=1 path_safe=0 on_spline=1 speed=2.27 raw_wpnts=81 raw_age=1.00s decision=TRAILING reason=PATH_BLOCKED blocked_obs_id=136 gap=2.14m free_dist=0.064m branch=static/geom
1786797931.333 [STATIC_OT] state=TRAILING path_exists=1 path_locked=0 path_ttl_ok=1 path_safe=0 on_spline=1 speed=1.89 raw_wpnts=81 raw_age=1.05s decision=TRAILING reason=PATH_BLOCKED blocked_obs_id=136 gap=1.8m free_dist=0.016m branch=static/geom
1786797931.569 [OBSTACLES] cur_s=9.76 cur_d=-0.04 vs=1.30 n=1 [id=136 static=1 gap=1.22m d=-0.31 size=0.34]
1786797931.592 [STATIC_OT] state=TRAILING path_exists=1 path_locked=0 path_ttl_ok=1 path_safe=1 on_spline=1 speed=1.30 raw_wpnts=101 raw_age=0.98s decision=OVERTAKE
1786797931.597 [STATE_CHANGE] TRAILING -> OVERTAKE src=OVERTAKE s=9.76 d=-0.04 vs=1.30
1786797932.252 [OBSTACLES] cur_s=10.30 cur_d=0.08 vs=1.53 n=1 [id=136 static=1 gap=0.71m d=-0.29 size=0.27]
1786797932.772 [OBSTACLES] cur_s=11.09 cur_d=0.15 vs=2.43 n=0 [none]
1786797933.311 [OBSTACLES] cur_s=12.70 cur_d=0.12 vs=3.05 n=0 [none]
1786797933.982 [OBSTACLES] cur_s=14.54 cur_d=0.15 vs=3.24 n=0 [none]
1786797934.514 [OBSTACLES] cur_s=15.82 cur_d=-0.18 vs=2.11 n=0 [none]
1786797935.139 [OBSTACLES] cur_s=17.36 cur_d=-0.13 vs=2.31 n=0 [none]
1786797935.139 [STATE_CHANGE] OVERTAKE -> LOSTLINE src=GB_TRACK s=17.36 d=-0.13 vs=2.31
1786797935.261 [STATE_CHANGE] LOSTLINE -> GB_TRACK src=GB_TRACK s=17.59 d=0.02 vs=2.32
1786797935.389 [STATIC_OT] state=GB_TRACK path_exists=0 path_locked=0 path_ttl_ok=0 path_safe=0 on_spline=0 speed=2.58 raw_wpnts=0 raw_age=-s decision=TRAILING reason=NO_STATIC_PATH
1786797935.393 [STATE_CHANGE] GB_TRACK -> TRAILING src=GB_TRACK s=17.93 d=0.21 vs=2.58
1786797935.681 [OBSTACLES] cur_s=18.86 cur_d=0.16 vs=3.19 n=3 [id=143 static=1 gap=9.63m d=-0.23 size=0.34; id=142 static=1 gap=9.23m d=-0.79 size=0.33; id=144 static=1 gap=3.83m d=-0.18 size=0.29]
1786797935.697 [STATIC_OT] state=TRAILING path_exists=0 path_locked=0 path_ttl_ok=0 path_safe=0 on_spline=0 speed=3.19 raw_wpnts=0 raw_age=-s decision=TRAILING reason=NO_STATIC_PATH
1786797936.037 [STATIC_OT] state=TRAILING path_exists=0 path_locked=0 path_ttl_ok=0 path_safe=0 on_spline=0 speed=2.55 raw_wpnts=0 raw_age=-s decision=TRAILING reason=NO_STATIC_PATH
1786797936.382 [OBSTACLES] cur_s=20.47 cur_d=-0.20 vs=1.90 n=2 [id=143 static=1 gap=8.07m d=-0.14 size=0.24; id=144 static=1 gap=2.16m d=-0.15 size=0.33]
1786797936.385 [STATIC_OT] state=TRAILING path_exists=1 path_locked=0 path_ttl_ok=1 path_safe=1 on_spline=1 speed=1.90 raw_wpnts=110 raw_age=0.94s decision=OVERTAKE
1786797936.390 [STATE_CHANGE] TRAILING -> OVERTAKE src=OVERTAKE s=20.47 d=-0.20 vs=1.90
1786797936.976 [OBSTACLES] cur_s=21.16 cur_d=-0.04 vs=1.60 n=2 [id=143 static=1 gap=7.35m d=-0.13 size=0.32; id=144 static=1 gap=1.46m d=-0.16 size=0.37]
1786797937.402 [STATIC_OT] state=OVERTAKE path_exists=1 path_locked=1 path_ttl_ok=1 path_safe=0 on_spline=1 speed=3.01 raw_wpnts=82 raw_age=1.16s decision=TRAILING reason=PATH_BLOCKED blocked_obs_id=143 gap=6.35m free_dist=Nonem branch=static/beyond_path
1786797937.427 [STATE_CHANGE] OVERTAKE -> TRAILING src=GB_TRACK s=22.32 d=0.09 vs=3.01
1786797937.621 [OBSTACLES] cur_s=23.13 cur_d=0.13 vs=2.91 n=1 [id=143 static=1 gap=5.38m d=-0.11 size=0.33]
1786797937.644 [STATIC_OT] state=TRAILING path_exists=1 path_locked=0 path_ttl_ok=1 path_safe=0 on_spline=1 speed=2.91 raw_wpnts=81 raw_age=0.84s decision=TRAILING reason=PATH_BLOCKED blocked_obs_id=143 gap=5.54m free_dist=-0.201m branch=static/geom
1786797937.882 [STATIC_OT] state=TRAILING path_exists=1 path_locked=0 path_ttl_ok=1 path_safe=0 on_spline=1 speed=3.18 raw_wpnts=81 raw_age=0.72s decision=TRAILING reason=PATH_BLOCKED blocked_obs_id=143 gap=4.89m free_dist=-0.171m branch=static/geom
1786797938.153 [OBSTACLES] cur_s=24.59 cur_d=0.13 vs=3.15 n=1 [id=143 static=1 gap=3.95m d=-0.12 size=0.30]
1786797938.174 [STATIC_OT] state=TRAILING path_exists=1 path_locked=0 path_ttl_ok=1 path_safe=0 on_spline=1 speed=3.15 raw_wpnts=81 raw_age=0.76s decision=TRAILING reason=PATH_BLOCKED blocked_obs_id=143 gap=4.1m free_dist=-0.179m branch=static/geom
1786797938.407 [STATIC_OT] state=TRAILING path_exists=1 path_locked=0 path_ttl_ok=1 path_safe=0 on_spline=1 speed=2.52 raw_wpnts=81 raw_age=0.91s decision=TRAILING reason=PATH_BLOCKED blocked_obs_id=143 gap=3.3m free_dist=-0.157m branch=static/geom
1786797938.802 [OBSTACLES] cur_s=26.18 cur_d=0.07 vs=1.60 n=1 [id=143 static=1 gap=2.37m d=-0.08 size=0.24]
1786797938.807 [STATIC_OT] state=TRAILING path_exists=1 path_locked=0 path_ttl_ok=1 path_safe=1 on_spline=1 speed=1.60 raw_wpnts=112 raw_age=0.91s decision=OVERTAKE
1786797938.813 [STATE_CHANGE] TRAILING -> OVERTAKE src=OVERTAKE s=26.18 d=0.07 vs=1.60
1786797939.408 [OBSTACLES] cur_s=26.64 cur_d=0.09 vs=1.03 n=1 [id=143 static=1 gap=1.89m d=-0.05 size=0.25]
1786797939.916 [OBSTACLES] cur_s=27.75 cur_d=-0.58 vs=2.34 n=1 [id=143 static=1 gap=0.77m d=-0.03 size=0.26]
1786797940.423 [OBSTACLES] cur_s=28.86 cur_d=-0.71 vs=2.64 n=0 [none]
1786797941.058 [OBSTACLES] cur_s=30.20 cur_d=0.12 vs=3.01 n=0 [none]
1786797941.839 [OBSTACLES] cur_s=32.82 cur_d=-0.21 vs=3.21 n=0 [none]
1786797942.350 [OBSTACLES] cur_s=34.13 cur_d=-0.06 vs=3.26 n=1 [id=147 static=1 gap=11.55m d=-0.47 size=0.23]
1786797942.555 [STATIC_OT] state=OVERTAKE path_exists=1 path_locked=1 path_ttl_ok=0 path_safe=0 on_spline=0 speed=3.32 raw_wpnts=0 raw_age=-s decision=TRAILING reason=NO_STATIC_PATH
1786797942.562 [STATE_CHANGE] OVERTAKE -> TRAILING src=GB_TRACK s=0.22 d=0.07 vs=3.32
1786797942.760 [STATIC_OT] state=TRAILING path_exists=0 path_locked=0 path_ttl_ok=0 path_safe=0 on_spline=0 speed=3.45 raw_wpnts=0 raw_age=-s decision=TRAILING reason=NO_STATIC_PATH
1786797942.877 [OBSTACLES] cur_s=1.46 cur_d=0.15 vs=3.19 n=2 [id=147 static=0 gap=9.35m d=-0.27 size=0.24; id=148 static=1 gap=4.66m d=0.50 size=0.37]
1786797943.085 [STATIC_OT] state=TRAILING path_exists=0 path_locked=0 path_ttl_ok=0 path_safe=0 on_spline=0 speed=3.13 raw_wpnts=0 raw_age=-s decision=TRAILING reason=NO_STATIC_PATH
1786797943.433 [OBSTACLES] cur_s=3.00 cur_d=-0.03 vs=3.40 n=2 [id=147 static=1 gap=7.93m d=-0.37 size=0.29; id=148 static=1 gap=3.13m d=0.52 size=0.39]
1786797943.448 [STATIC_OT] state=TRAILING path_exists=0 path_locked=0 path_ttl_ok=0 path_safe=0 on_spline=0 speed=3.40 raw_wpnts=0 raw_age=-s decision=TRAILING reason=NO_STATIC_PATH
1786797943.729 [STATIC_OT] state=TRAILING path_exists=1 path_locked=0 path_ttl_ok=1 path_safe=1 on_spline=1 speed=3.43 raw_wpnts=126 raw_age=1.09s decision=OVERTAKE
1786797943.730 [STATE_CHANGE] TRAILING -> OVERTAKE src=OVERTAKE s=3.80 d=-0.05 vs=3.43
1786797943.903 [STATE_CHANGE] OVERTAKE -> TRAILING src=GB_TRACK s=4.63 d=-0.02 vs=3.43
1786797944.039 [OBSTACLES] cur_s=5.19 cur_d=-0.01 vs=3.12 n=2 [id=147 static=1 gap=5.76m d=-0.33 size=0.32; id=148 static=1 gap=0.94m d=0.52 size=0.44]
1786797944.064 [STATIC_OT] state=TRAILING path_exists=1 path_locked=0 path_ttl_ok=1 path_safe=0 on_spline=1 speed=3.12 raw_wpnts=111 raw_age=0.98s decision=TRAILING reason=PATH_BLOCKED blocked_obs_id=147 gap=5.92m free_dist=0.022m branch=static/geom
1786797944.422 [STATIC_OT] state=TRAILING path_exists=1 path_locked=0 path_ttl_ok=1 path_safe=0 on_spline=1 speed=3.20 raw_wpnts=101 raw_age=0.99s decision=TRAILING reason=PATH_BLOCKED blocked_obs_id=147 gap=4.72m free_dist=0.018m branch=static/geom
1786797944.665 [OBSTACLES] cur_s=6.72 cur_d=-0.13 vs=2.99 n=1 [id=147 static=1 gap=4.25m d=-0.30 size=0.29]
1786797944.681 [STATIC_OT] state=TRAILING path_exists=1 path_locked=0 path_ttl_ok=1 path_safe=0 on_spline=1 speed=2.99 raw_wpnts=98 raw_age=1.17s decision=TRAILING reason=PATH_BLOCKED blocked_obs_id=147 gap=4.4m free_dist=0.009m branch=static/geom
1786797945.000 [STATIC_OT] state=TRAILING path_exists=1 path_locked=0 path_ttl_ok=1 path_safe=0 on_spline=1 speed=1.94 raw_wpnts=92 raw_age=1.32s decision=TRAILING reason=PATH_BLOCKED blocked_obs_id=147 gap=3.35m free_dist=0.003m branch=static/geom
1786797945.249 [OBSTACLES] cur_s=8.15 cur_d=-0.15 vs=1.47 n=1 [id=147 static=1 gap=2.82m d=-0.27 size=0.30]
1786797945.267 [STATIC_OT] state=TRAILING path_exists=1 path_locked=0 path_ttl_ok=1 path_safe=1 on_spline=1 speed=1.47 raw_wpnts=125 raw_age=1.29s decision=OVERTAKE
1786797945.271 [STATE_CHANGE] TRAILING -> OVERTAKE src=OVERTAKE s=8.15 d=-0.15 vs=1.47
1786797945.786 [OBSTACLES] cur_s=8.59 cur_d=-0.10 vs=0.71 n=1 [id=147 static=1 gap=2.40m d=-0.25 size=0.24]
1786797946.127 [STATIC_OT] state=OVERTAKE path_exists=1 path_locked=1 path_ttl_ok=1 path_safe=1 on_spline=1 speed=2.58 raw_wpnts=88 raw_age=1.12s decision=OVERTAKE
1786797946.435 [OBSTACLES] cur_s=10.04 cur_d=0.11 vs=3.00 n=1 [id=147 static=1 gap=0.94m d=-0.23 size=0.25]
1786797946.972 [OBSTACLES] cur_s=12.08 cur_d=0.21 vs=2.36 n=0 [none]
1786797947.571 [OBSTACLES] cur_s=13.42 cur_d=0.21 vs=3.31 n=0 [none]
1786797948.151 [OBSTACLES] cur_s=15.38 cur_d=-0.09 vs=2.76 n=0 [none]
1786797948.504 [STATE_CHANGE] OVERTAKE -> LOSTLINE src=GB_TRACK s=16.28 d=0.06 vs=2.41
1786797948.660 [STATIC_OT] state=GB_TRACK path_exists=0 path_locked=0 path_ttl_ok=0 path_safe=0 on_spline=0 speed=2.42 raw_wpnts=0 raw_age=-s decision=TRAILING reason=NO_STATIC_PATH
1786797948.663 [STATE_CHANGE] LOSTLINE -> TRAILING src=GB_TRACK s=16.60 d=0.12 vs=2.42
1786797948.776 [OBSTACLES] cur_s=16.81 cur_d=0.17 vs=2.49 n=2 [id=150 static=1 gap=6.29m d=-0.04 size=0.33; id=151 static=1 gap=11.93m d=-0.13 size=0.22]
1786797948.920 [STATIC_OT] state=TRAILING path_exists=0 path_locked=0 path_ttl_ok=0 path_safe=0 on_spline=0 speed=2.63 raw_wpnts=0 raw_age=-s decision=TRAILING reason=NO_STATIC_PATH
1786797949.124 [STATIC_OT] state=TRAILING path_exists=0 path_locked=0 path_ttl_ok=0 path_safe=0 on_spline=0 speed=2.46 raw_wpnts=0 raw_age=-s decision=TRAILING reason=NO_STATIC_PATH
1786797949.302 [OBSTACLES] cur_s=18.15 cur_d=0.12 vs=2.04 n=2 [id=150 static=1 gap=4.87m d=-0.07 size=0.33; id=151 static=1 gap=10.46m d=-0.10 size=0.35]
1786797949.391 [STATIC_OT] state=TRAILING path_exists=0 path_locked=0 path_ttl_ok=0 path_safe=0 on_spline=0 speed=1.86 raw_wpnts=0 raw_age=-s decision=TRAILING reason=NO_STATIC_PATH
1786797949.675 [STATIC_OT] state=TRAILING path_exists=0 path_locked=0 path_ttl_ok=0 path_safe=0 on_spline=0 speed=1.22 raw_wpnts=0 raw_age=-s decision=TRAILING reason=NO_STATIC_PATH
1786797950.016 [OBSTACLES] cur_s=19.02 cur_d=0.10 vs=1.01 n=2 [id=150 static=1 gap=3.94m d=-0.11 size=0.32; id=151 static=1 gap=9.54m d=-0.08 size=0.35]
1786797950.033 [STATIC_OT] state=TRAILING path_exists=1 path_locked=0 path_ttl_ok=1 path_safe=1 on_spline=1 speed=1.01 raw_wpnts=121 raw_age=1.10s decision=OVERTAKE
1786797950.034 [STATE_CHANGE] TRAILING -> OVERTAKE src=OVERTAKE s=19.02 d=0.10 vs=1.01
1786797950.701 [OBSTACLES] cur_s=19.84 cur_d=0.07 vs=2.34 n=2 [id=150 static=1 gap=3.11m d=-0.12 size=0.26; id=151 static=1 gap=8.70m d=-0.06 size=0.33]
1786797951.281 [OBSTACLES] cur_s=21.53 cur_d=0.37 vs=3.25 n=2 [id=150 static=1 gap=1.37m d=-0.13 size=0.26; id=151 static=1 gap=7.00m d=-0.06 size=0.24]
1786797951.450 [STATIC_OT] state=OVERTAKE path_exists=1 path_locked=1 path_ttl_ok=1 path_safe=0 on_spline=1 speed=3.37 raw_wpnts=97 raw_age=0.85s decision=TRAILING reason=PATH_BLOCKED blocked_obs_id=151 gap=6.78m free_dist=-0.22m branch=static/geom
1786797951.457 [STATE_CHANGE] OVERTAKE -> TRAILING src=GB_TRACK s=21.86 d=0.38 vs=3.37
1786797951.663 [STATIC_OT] state=TRAILING path_exists=1 path_locked=0 path_ttl_ok=1 path_safe=0 on_spline=1 speed=2.98 raw_wpnts=94 raw_age=0.87s decision=TRAILING reason=PATH_BLOCKED blocked_obs_id=151 gap=6.08m free_dist=-0.238m branch=static/geom
1786797951.890 [OBSTACLES] cur_s=23.22 cur_d=0.16 vs=2.56 n=1 [id=151 static=1 gap=5.29m d=-0.04 size=0.26]
1786797951.912 [STATIC_OT] state=TRAILING path_exists=1 path_locked=0 path_ttl_ok=1 path_safe=0 on_spline=1 speed=2.56 raw_wpnts=88 raw_age=0.88s decision=TRAILING reason=PATH_BLOCKED blocked_obs_id=151 gap=5.41m free_dist=-0.236m branch=static/geom
1786797952.113 [STATIC_OT] state=TRAILING path_exists=1 path_locked=0 path_ttl_ok=1 path_safe=0 on_spline=1 speed=2.40 raw_wpnts=88 raw_age=1.08s decision=TRAILING reason=PATH_BLOCKED blocked_obs_id=151 gap=4.76m free_dist=-0.221m branch=static/geom
1786797952.319 [STATIC_OT] state=TRAILING path_exists=1 path_locked=0 path_ttl_ok=1 path_safe=0 on_spline=1 speed=2.91 raw_wpnts=81 raw_age=1.01s decision=TRAILING reason=PATH_BLOCKED blocked_obs_id=151 gap=4.18m free_dist=-0.245m branch=static/geom
1786797952.696 [OBSTACLES] cur_s=25.49 cur_d=0.06 vs=2.23 n=1 [id=151 static=1 gap=3.01m d=-0.01 size=0.24]
1786797952.728 [STATIC_OT] state=TRAILING path_exists=1 path_locked=0 path_ttl_ok=1 path_safe=0 on_spline=1 speed=2.23 raw_wpnts=81 raw_age=1.07s decision=TRAILING reason=PATH_BLOCKED blocked_obs_id=151 gap=3.13m free_dist=-0.252m branch=static/geom
1786797953.165 [STATIC_OT] state=TRAILING path_exists=1 path_locked=0 path_ttl_ok=1 path_safe=0 on_spline=1 speed=1.17 raw_wpnts=81 raw_age=1.19s decision=TRAILING reason=PATH_BLOCKED blocked_obs_id=151 gap=2.38m free_dist=-0.265m branch=static/geom
1786797953.385 [OBSTACLES] cur_s=26.41 cur_d=0.06 vs=0.64 n=1 [id=151 static=1 gap=2.09m d=0.01 size=0.24]
1786797953.397 [STATIC_OT] state=TRAILING path_exists=1 path_locked=0 path_ttl_ok=1 path_safe=1 on_spline=1 speed=0.64 raw_wpnts=108 raw_age=1.22s decision=OVERTAKE
1786797953.401 [STATE_CHANGE] TRAILING -> OVERTAKE src=OVERTAKE s=26.41 d=0.06 vs=0.64
1786797953.924 [OBSTACLES] cur_s=26.54 cur_d=0.07 vs=0.70 n=1 [id=151 static=1 gap=1.96m d=0.02 size=0.24]
1786797954.522 [OBSTACLES] cur_s=27.59 cur_d=-0.57 vs=2.22 n=1 [id=151 static=1 gap=0.91m d=0.03 size=0.23]
1786797955.053 [OBSTACLES] cur_s=28.54 cur_d=-0.46 vs=2.38 n=0 [none]
1786797955.595 [OBSTACLES] cur_s=29.93 cur_d=0.04 vs=3.22 n=0 [none]
1786797956.132 [OBSTACLES] cur_s=31.55 cur_d=-0.11 vs=3.34 n=0 [none]
1786797956.709 [OBSTACLES] cur_s=33.66 cur_d=0.09 vs=3.14 n=0 [none]
1786797957.098 [STATIC_OT] state=OVERTAKE path_exists=1 path_locked=1 path_ttl_ok=0 path_safe=0 on_spline=0 speed=3.42 raw_wpnts=0 raw_age=-s decision=TRAILING reason=NO_STATIC_PATH
1786797957.099 [STATE_CHANGE] OVERTAKE -> TRAILING src=GB_TRACK s=0.39 d=0.13 vs=3.42
1786797957.280 [OBSTACLES] cur_s=0.68 cur_d=0.12 vs=3.43 n=1 [id=153 static=1 gap=10.28m d=-0.42 size=0.25]
1786797957.393 [STATIC_OT] state=TRAILING path_exists=0 path_locked=0 path_ttl_ok=0 path_safe=0 on_spline=0 speed=3.32 raw_wpnts=0 raw_age=-s decision=TRAILING reason=NO_STATIC_PATH
1786797957.644 [STATIC_OT] state=TRAILING path_exists=0 path_locked=0 path_ttl_ok=0 path_safe=0 on_spline=0 speed=3.35 raw_wpnts=0 raw_age=-s decision=TRAILING reason=NO_STATIC_PATH
1786797957.824 [OBSTACLES] cur_s=2.85 cur_d=0.09 vs=3.39 n=2 [id=153 static=1 gap=8.05m d=-0.39 size=0.29; id=154 static=1 gap=3.28m d=0.49 size=0.34]
1786797957.869 [STATIC_OT] state=TRAILING path_exists=0 path_locked=0 path_ttl_ok=0 path_safe=0 on_spline=0 speed=3.40 raw_wpnts=0 raw_age=-s decision=TRAILING reason=NO_STATIC_PATH
1786797958.073 [STATIC_OT] state=TRAILING path_exists=1 path_locked=0 path_ttl_ok=1 path_safe=1 on_spline=1 speed=3.45 raw_wpnts=117 raw_age=0.68s decision=OVERTAKE
1786797958.074 [STATE_CHANGE] TRAILING -> OVERTAKE src=OVERTAKE s=3.43 d=0.04 vs=3.45
1786797958.353 [OBSTACLES] cur_s=4.31 cur_d=-0.01 vs=3.09 n=2 [id=153 static=1 gap=6.64m d=-0.38 size=0.37; id=155 static=1 gap=1.95m d=0.55 size=0.38]
1786797958.379 [STATIC_OT] state=OVERTAKE path_exists=1 path_locked=1 path_ttl_ok=1 path_safe=0 on_spline=1 speed=3.09 raw_wpnts=112 raw_age=0.75s decision=TRAILING reason=PATH_BLOCKED blocked_obs_id=153 gap=6.82m free_dist=0.051m branch=static/geom
1786797958.379 [STATE_CHANGE] OVERTAKE -> TRAILING src=GB_TRACK s=4.31 d=-0.01 vs=3.09
1786797958.622 [STATIC_OT] state=TRAILING path_exists=1 path_locked=0 path_ttl_ok=0 path_safe=0 on_spline=0 speed=3.37 raw_wpnts=0 raw_age=-s decision=TRAILING reason=NO_STATIC_PATH
1786797958.895 [OBSTACLES] cur_s=6.01 cur_d=-0.15 vs=2.85 n=2 [id=153 static=1 gap=5.00m d=-0.34 size=0.27; id=155 static=1 gap=0.19m d=0.55 size=0.40]
1786797958.905 [STATIC_OT] state=TRAILING path_exists=1 path_locked=0 path_ttl_ok=0 path_safe=0 on_spline=0 speed=2.85 raw_wpnts=0 raw_age=-s decision=TRAILING reason=NO_STATIC_PATH
1786797959.144 [STATIC_OT] state=TRAILING path_exists=1 path_locked=0 path_ttl_ok=1 path_safe=0 on_spline=1 speed=2.31 raw_wpnts=86 raw_age=0.74s decision=TRAILING reason=PATH_BLOCKED blocked_obs_id=153 gap=4.61m free_dist=0.042m branch=static/geom
1786797959.477 [OBSTACLES] cur_s=7.07 cur_d=-0.10 vs=1.65 n=1 [id=153 static=1 gap=3.92m d=-0.31 size=0.29]
1786797959.499 [STATIC_OT] state=TRAILING path_exists=1 path_locked=0 path_ttl_ok=1 path_safe=0 on_spline=1 speed=1.65 raw_wpnts=84 raw_age=0.98s decision=TRAILING reason=PATH_BLOCKED blocked_obs_id=153 gap=4.06m free_dist=0.025m branch=static/geom
1786797959.800 [STATIC_OT] state=TRAILING path_exists=1 path_locked=0 path_ttl_ok=1 path_safe=1 on_spline=1 speed=0.86 raw_wpnts=124 raw_age=1.12s decision=OVERTAKE
1786797959.800 [STATE_CHANGE] TRAILING -> OVERTAKE src=OVERTAKE s=7.46 d=-0.09 vs=0.86
1786797960.099 [OBSTACLES] cur_s=7.59 cur_d=-0.09 vs=0.59 n=1 [id=153 static=1 gap=3.41m d=-0.29 size=0.24]
1786797960.529 [STATIC_OT] state=OVERTAKE path_exists=1 path_locked=1 path_ttl_ok=1 path_safe=1 on_spline=1 speed=2.10 raw_wpnts=92 raw_age=0.77s decision=OVERTAKE
1786797960.618 [OBSTACLES] cur_s=8.51 cur_d=-0.14 vs=2.94 n=1 [id=153 static=1 gap=2.49m d=-0.26 size=0.26]
1786797961.378 [OBSTACLES] cur_s=10.91 cur_d=0.20 vs=2.85 n=1 [id=153 static=1 gap=0.04m d=-0.24 size=0.31]
1786797961.867 [OBSTACLES] cur_s=12.46 cur_d=0.17 vs=2.38 n=0 [none]
1786797962.481 [OBSTACLES] cur_s=14.21 cur_d=0.25 vs=3.29 n=0 [none]
1786797963.004 [OBSTACLES] cur_s=15.61 cur_d=-0.12 vs=2.13 n=0 [none]
1786797963.206 [STATE_CHANGE] OVERTAKE -> RECOVERY src=RECOVERY s=16.07 d=-0.25 vs=2.19
1786797963.366 [STATIC_OT] state=RECOVERY path_exists=0 path_locked=0 path_ttl_ok=0 path_safe=0 on_spline=0 speed=2.31 raw_wpnts=0 raw_age=-s decision=TRAILING reason=NO_STATIC_PATH
1786797963.368 [STATE_CHANGE] RECOVERY -> TRAILING src=RECOVERY s=16.31 d=-0.24 vs=2.31
1786797963.505 [OBSTACLES] cur_s=16.63 cur_d=-0.19 vs=2.38 n=1 [id=156 static=1 gap=6.52m d=0.11 size=0.29]
1786797963.567 [STATIC_OT] state=TRAILING path_exists=0 path_locked=0 path_ttl_ok=0 path_safe=0 on_spline=0 speed=2.49 raw_wpnts=0 raw_age=-s decision=TRAILING reason=NO_STATIC_PATH
1786797963.789 [STATIC_OT] state=TRAILING path_exists=0 path_locked=0 path_ttl_ok=0 path_safe=0 on_spline=0 speed=2.34 raw_wpnts=0 raw_age=-s decision=TRAILING reason=NO_STATIC_PATH
1786797964.065 [OBSTACLES] cur_s=17.65 cur_d=0.07 vs=1.92 n=2 [id=157 static=0 gap=10.85m d=-0.17 size=0.33; id=156 static=1 gap=5.40m d=0.03 size=0.33]
1786797964.068 [STATIC_OT] state=TRAILING path_exists=1 path_locked=0 path_ttl_ok=1 path_safe=1 on_spline=1 speed=1.92 raw_wpnts=117 raw_age=0.29s decision=OVERTAKE
1786797964.068 [STATE_CHANGE] TRAILING -> OVERTAKE src=OVERTAKE s=17.65 d=0.07 vs=1.92
1786797964.577 [OBSTACLES] cur_s=18.76 cur_d=0.01 vs=2.62 n=2 [id=157 static=1 gap=9.89m d=-0.06 size=0.24; id=156 static=1 gap=4.27m d=-0.02 size=0.28]
1786797965.244 [OBSTACLES] cur_s=20.30 cur_d=0.01 vs=2.82 n=2 [id=157 static=1 gap=8.26m d=-0.06 size=0.34; id=156 static=1 gap=2.68m d=-0.06 size=0.30]
1786797965.753 [OBSTACLES] cur_s=21.77 cur_d=0.25 vs=2.92 n=2 [id=157 static=1 gap=6.82m d=-0.06 size=0.27; id=156 static=1 gap=1.22m d=-0.08 size=0.24]
1786797965.781 [STATIC_OT] state=OVERTAKE path_exists=1 path_locked=1 path_ttl_ok=1 path_safe=0 on_spline=1 speed=2.92 raw_wpnts=102 raw_age=0.92s decision=TRAILING reason=PATH_BLOCKED blocked_obs_id=157 gap=6.95m free_dist=-0.216m branch=static/geom
1786797965.784 [STATE_CHANGE] OVERTAKE -> TRAILING src=GB_TRACK s=21.77 d=0.25 vs=2.92
1786797966.102 [STATIC_OT] state=TRAILING path_exists=1 path_locked=0 path_ttl_ok=1 path_safe=0 on_spline=1 speed=2.42 raw_wpnts=89 raw_age=0.76s decision=TRAILING reason=PATH_BLOCKED blocked_obs_id=157 gap=6.14m free_dist=-0.225m branch=static/geom
1786797966.414 [OBSTACLES] cur_s=23.13 cur_d=0.38 vs=1.59 n=1 [id=157 static=1 gap=5.42m d=-0.05 size=0.33]
1786797966.436 [STATIC_OT] state=TRAILING path_exists=1 path_locked=0 path_ttl_ok=1 path_safe=0 on_spline=1 speed=1.59 raw_wpnts=81 raw_age=0.81s decision=TRAILING reason=PATH_BLOCKED blocked_obs_id=157 gap=5.58m free_dist=-0.255m branch=static/geom
1786797966.778 [STATIC_OT] state=TRAILING path_exists=1 path_locked=0 path_ttl_ok=1 path_safe=0 on_spline=1 speed=1.36 raw_wpnts=81 raw_age=0.92s decision=TRAILING reason=PATH_BLOCKED blocked_obs_id=157 gap=5.18m free_dist=-0.175m branch=static/geom
1786797966.914 [OBSTACLES] cur_s=23.79 cur_d=-0.16 vs=1.49 n=1 [id=158 static=1 gap=4.71m d=0.08 size=0.25]
1786797967.079 [STATIC_OT] state=TRAILING path_exists=1 path_locked=0 path_ttl_ok=1 path_safe=0 on_spline=1 speed=1.42 raw_wpnts=81 raw_age=0.91s decision=TRAILING reason=PATH_BLOCKED blocked_obs_id=158 gap=4.58m free_dist=-0.254m branch=static/geom
1786797967.368 [STATIC_OT] state=TRAILING path_exists=1 path_locked=0 path_ttl_ok=1 path_safe=1 on_spline=1 speed=0.99 raw_wpnts=111 raw_age=0.99s decision=OVERTAKE
1786797967.368 [STATE_CHANGE] TRAILING -> OVERTAKE src=OVERTAKE s=24.28 d=-0.07 vs=0.99
1786797967.654 [OBSTACLES] cur_s=24.60 cur_d=0.05 vs=1.09 n=1 [id=158 static=1 gap=3.80m d=0.01 size=0.27]
1786797968.305 [OBSTACLES] cur_s=25.92 cur_d=0.12 vs=2.52 n=1 [id=158 static=1 gap=2.52m d=0.05 size=0.24]
1786797968.886 [OBSTACLES] cur_s=27.28 cur_d=0.02 vs=1.92 n=1 [id=158 static=1 gap=1.19m d=0.07 size=0.19]
1786797969.454 [OBSTACLES] cur_s=28.03 cur_d=-0.65 vs=1.88 n=1 [id=158 static=1 gap=0.43m d=0.08 size=0.23]
1786797970.046 [OBSTACLES] cur_s=28.85 cur_d=-0.24 vs=1.67 n=0 [none]
1786797970.620 [OBSTACLES] cur_s=30.14 cur_d=-0.03 vs=2.59 n=0 [none]
1786797971.141 [OBSTACLES] cur_s=31.72 cur_d=-0.16 vs=3.33 n=0 [none]
1786797971.669 [OBSTACLES] cur_s=33.42 cur_d=0.23 vs=3.12 n=0 [none]
1786797972.228 [OBSTACLES] cur_s=0.31 cur_d=-0.13 vs=3.42 n=1 [id=159 static=1 gap=10.78m d=-0.39 size=0.22]
1786797972.500 [STATE_CHANGE] OVERTAKE -> GB_TRACK src=GB_TRACK s=1.31 d=0.00 vs=3.36
1786797972.676 [STATIC_OT] state=GB_TRACK path_exists=0 path_locked=0 path_ttl_ok=0 path_safe=0 on_spline=0 speed=3.38 raw_wpnts=0 raw_age=-s decision=TRAILING reason=NO_STATIC_PATH
1786797972.676 [STATE_CHANGE] GB_TRACK -> TRAILING src=GB_TRACK s=1.80 d=0.11 vs=3.38
1786797972.756 [OBSTACLES] cur_s=2.08 cur_d=0.14 vs=3.40 n=2 [id=159 static=0 gap=8.79m d=-0.44 size=0.23; id=160 static=1 gap=3.95m d=0.36 size=0.31]
1786797972.912 [STATIC_OT] state=TRAILING path_exists=0 path_locked=0 path_ttl_ok=0 path_safe=0 on_spline=0 speed=3.42 raw_wpnts=0 raw_age=-s decision=TRAILING reason=NO_STATIC_PATH
1786797973.175 [STATIC_OT] state=TRAILING path_exists=0 path_locked=0 path_ttl_ok=0 path_safe=0 on_spline=0 speed=3.20 raw_wpnts=0 raw_age=-s decision=TRAILING reason=NO_STATIC_PATH
1786797973.295 [OBSTACLES] cur_s=3.70 cur_d=0.00 vs=2.98 n=1 [id=160 static=1 gap=2.32m d=0.45 size=0.38]
1786797973.322 [STATE_CHANGE] TRAILING -> OVERTAKE src=OVERTAKE s=3.70 d=0.00 vs=2.98
1786797973.543 [STATIC_OT] state=OVERTAKE path_exists=1 path_locked=1 path_ttl_ok=1 path_safe=0 on_spline=1 speed=2.29 raw_wpnts=126 raw_age=1.04s decision=TRAILING reason=PATH_BLOCKED blocked_obs_id=159 gap=6.71m free_dist=-0.07m branch=dyn/nopred (id_mismatch or empty)
1786797973.576 [STATE_CHANGE] OVERTAKE -> TRAILING src=GB_TRACK s=4.46 d=-0.19 vs=2.29
1786797973.811 [OBSTACLES] cur_s=5.02 cur_d=-0.17 vs=2.49 n=1 [id=160 static=1 gap=1.06m d=0.50 size=0.39]
1786797973.817 [STATIC_OT] state=TRAILING path_exists=1 path_locked=0 path_ttl_ok=1 path_safe=1 on_spline=1 speed=2.49 raw_wpnts=111 raw_age=1.13s decision=OVERTAKE
1786797973.817 [STATE_CHANGE] TRAILING -> OVERTAKE src=OVERTAKE s=5.02 d=-0.17 vs=2.49
1786797974.122 [STATIC_OT] state=OVERTAKE path_exists=1 path_locked=1 path_ttl_ok=1 path_safe=0 on_spline=1 speed=2.75 raw_wpnts=106 raw_age=1.17s decision=TRAILING reason=PATH_BLOCKED blocked_obs_id=159 gap=5.33m free_dist=0.051m branch=static/geom
1786797974.135 [STATE_CHANGE] OVERTAKE -> TRAILING src=GB_TRACK s=5.77 d=-0.05 vs=2.75
1786797974.350 [OBSTACLES] cur_s=6.37 cur_d=-0.02 vs=3.15 n=1 [id=159 static=1 gap=4.61m d=-0.30 size=0.28]
1786797974.402 [STATIC_OT] state=TRAILING path_exists=1 path_locked=0 path_ttl_ok=1 path_safe=0 on_spline=0 speed=3.15 raw_wpnts=85 raw_age=1.01s decision=TRAILING reason=PATH_BLOCKED blocked_obs_id=159 gap=4.75m free_dist=0.011m branch=static/geom
1786797974.850 [STATIC_OT] state=TRAILING path_exists=1 path_locked=0 path_ttl_ok=1 path_safe=0 on_spline=1 speed=2.82 raw_wpnts=81 raw_age=0.84s decision=TRAILING reason=PATH_BLOCKED blocked_obs_id=159 gap=3.35m free_dist=-0.046m branch=static/geom
1786797975.079 [OBSTACLES] cur_s=8.41 cur_d=-0.23 vs=2.16 n=1 [id=159 static=1 gap=2.56m d=-0.20 size=0.26]
1786797975.090 [STATIC_OT] state=TRAILING path_exists=1 path_locked=0 path_ttl_ok=1 path_safe=0 on_spline=1 speed=2.16 raw_wpnts=81 raw_age=0.99s decision=TRAILING reason=PATH_BLOCKED blocked_obs_id=159 gap=2.69m free_dist=-0.073m branch=static/geom
1786797975.517 [STATIC_OT] state=TRAILING path_exists=1 path_locked=0 path_ttl_ok=1 path_safe=0 on_spline=1 speed=1.21 raw_wpnts=123 raw_age=1.21s decision=TRAILING reason=PATH_BLOCKED blocked_obs_id=159 gap=2.02m free_dist=0.071m branch=static/geom
1786797975.658 [OBSTACLES] cur_s=9.29 cur_d=-0.04 vs=0.79 n=1 [id=159 static=1 gap=1.64m d=-0.18 size=0.30]
1786797975.899 [STATIC_OT] state=TRAILING path_exists=1 path_locked=0 path_ttl_ok=1 path_safe=1 on_spline=1 speed=0.40 raw_wpnts=101 raw_age=1.17s decision=OVERTAKE
1786797975.901 [STATE_CHANGE] TRAILING -> OVERTAKE src=OVERTAKE s=9.39 d=-0.04 vs=0.40
1786797976.129 [STATIC_OT] state=OVERTAKE path_exists=1 path_locked=1 path_ttl_ok=1 path_safe=1 on_spline=1 speed=0.00 raw_wpnts=86 raw_age=0.97s decision=OVERTAKE
1786797976.273 [OBSTACLES] cur_s=9.47 cur_d=-0.04 vs=0.06 n=1 [id=159 static=1 gap=1.47m d=-0.18 size=0.33]
1786797976.875 [OBSTACLES] cur_s=10.13 cur_d=0.24 vs=2.77 n=1 [id=159 static=1 gap=0.85m d=-0.17 size=0.23]
1786797977.430 [OBSTACLES] cur_s=11.85 cur_d=0.14 vs=2.02 n=0 [none]
1786797977.962 [OBSTACLES] cur_s=13.10 cur_d=-0.11 vs=3.05 n=0 [none]
1786797978.485 [OBSTACLES] cur_s=14.92 cur_d=0.37 vs=2.89 n=0 [none]
1786797978.991 [OBSTACLES] cur_s=15.97 cur_d=-0.25 vs=1.93 n=0 [none]
1786797979.291 [STATIC_OT] state=OVERTAKE path_exists=1 path_locked=1 path_ttl_ok=0 path_safe=0 on_spline=1 speed=2.18 raw_wpnts=0 raw_age=-s decision=TRAILING reason=NO_STATIC_PATH
1786797979.293 [STATE_CHANGE] OVERTAKE -> TRAILING src=GB_TRACK s=16.37 d=-0.32 vs=2.18
1786797979.647 [OBSTACLES] cur_s=16.90 cur_d=-0.27 vs=2.53 n=1 [id=161 static=1 gap=6.24m d=0.14 size=0.30]
1786797979.658 [STATIC_OT] state=TRAILING path_exists=1 path_locked=0 path_ttl_ok=1 path_safe=0 on_spline=1 speed=2.53 raw_wpnts=129 raw_age=0.72s decision=TRAILING reason=PATH_BLOCKED blocked_obs_id=161 gap=6.39m free_dist=0.08m branch=static/geom
1786797979.855 [STATE_CHANGE] TRAILING -> OVERTAKE src=OVERTAKE s=17.34 d=-0.10 vs=2.24
1786797980.173 [OBSTACLES] cur_s=18.04 cur_d=0.19 vs=1.59 n=2 [id=161 static=1 gap=5.02m d=0.02 size=0.33; id=163 static=1 gap=10.47m d=-0.15 size=0.41]
1786797980.698 [OBSTACLES] cur_s=19.70 cur_d=-0.13 vs=3.07 n=2 [id=161 static=1 gap=3.36m d=-0.01 size=0.29; id=163 static=1 gap=8.90m d=-0.10 size=0.33]
1786797981.266 [OBSTACLES] cur_s=20.82 cur_d=-0.28 vs=2.36 n=2 [id=161 static=1 gap=2.21m d=-0.04 size=0.27; id=163 static=1 gap=7.77m d=-0.12 size=0.24]
1786797981.722 [STATIC_OT] state=OVERTAKE path_exists=1 path_locked=1 path_ttl_ok=1 path_safe=0 on_spline=1 speed=2.39 raw_wpnts=92 raw_age=0.71s decision=TRAILING reason=PATH_BLOCKED blocked_obs_id=163 gap=6.83m free_dist=-0.186m branch=static/geom
1786797981.737 [STATE_CHANGE] OVERTAKE -> TRAILING src=GB_TRACK s=21.87 d=0.17 vs=2.39
1786797981.882 [OBSTACLES] cur_s=22.40 cur_d=0.32 vs=2.43 n=2 [id=161 static=1 gap=0.60m d=-0.07 size=0.27; id=163 static=1 gap=6.17m d=-0.11 size=0.27]
1786797982.046 [STATIC_OT] state=TRAILING path_exists=1 path_locked=0 path_ttl_ok=1 path_safe=0 on_spline=1 speed=2.19 raw_wpnts=81 raw_age=0.80s decision=TRAILING reason=PATH_BLOCKED blocked_obs_id=163 gap=5.98m free_dist=-0.18m branch=static/geom
1786797982.395 [OBSTACLES] cur_s=23.24 cur_d=0.18 vs=1.13 n=1 [id=163 static=1 gap=5.34m d=-0.09 size=0.24]
1786797982.416 [STATIC_OT] state=TRAILING path_exists=1 path_locked=0 path_ttl_ok=1 path_safe=0 on_spline=1 speed=1.13 raw_wpnts=81 raw_age=0.73s decision=TRAILING reason=PATH_BLOCKED blocked_obs_id=163 gap=5.46m free_dist=-0.176m branch=static/geom
1786797982.761 [STATIC_OT] state=TRAILING path_exists=1 path_locked=0 path_ttl_ok=1 path_safe=0 on_spline=1 speed=1.78 raw_wpnts=81 raw_age=0.51s decision=TRAILING reason=PATH_BLOCKED blocked_obs_id=163 gap=5.05m free_dist=-0.178m branch=static/geom
1786797982.923 [OBSTACLES] cur_s=23.93 cur_d=-0.03 vs=1.79 n=1 [id=163 static=1 gap=4.61m d=-0.06 size=0.29]
1786797982.951 [STATE_CHANGE] TRAILING -> OVERTAKE src=OVERTAKE s=23.93 d=-0.03 vs=1.79
1786797983.582 [OBSTACLES] cur_s=24.96 cur_d=0.15 vs=2.48 n=1 [id=163 static=1 gap=3.62m d=-0.04 size=0.17]
1786797984.193 [OBSTACLES] cur_s=26.54 cur_d=0.01 vs=2.32 n=1 [id=163 static=1 gap=1.99m d=-0.02 size=0.24]
1786797984.804 [OBSTACLES] cur_s=27.98 cur_d=-0.41 vs=2.12 n=1 [id=163 static=1 gap=0.55m d=-0.00 size=0.23]
1786797985.390 [OBSTACLES] cur_s=28.94 cur_d=-0.22 vs=2.06 n=0 [none]
1786797985.918 [OBSTACLES] cur_s=30.33 cur_d=0.08 vs=3.12 n=0 [none]
1786797986.463 [OBSTACLES] cur_s=32.29 cur_d=-0.07 vs=3.33 n=0 [none]
1786797986.915 [STATE_CHANGE] OVERTAKE -> LOSTLINE src=GB_TRACK s=33.70 d=0.08 vs=3.29
1786797986.959 [STATE_CHANGE] LOSTLINE -> GB_TRACK src=GB_TRACK s=33.84 d=0.08 vs=3.32
1786797987.024 [OBSTACLES] cur_s=34.01 cur_d=0.06 vs=3.37 n=1 [id=164 static=1 gap=11.48m d=-0.55 size=0.25]
1786797987.517 [STATIC_OT] state=GB_TRACK path_exists=0 path_locked=0 path_ttl_ok=0 path_safe=0 on_spline=0 speed=3.45 raw_wpnts=0 raw_age=-s decision=TRAILING reason=NO_STATIC_PATH
1786797987.524 [STATE_CHANGE] GB_TRACK -> TRAILING src=GB_TRACK s=1.06 d=0.12 vs=3.45
1786797987.642 [OBSTACLES] cur_s=1.62 cur_d=0.11 vs=3.44 n=2 [id=164 static=1 gap=9.32m d=-0.43 size=0.15; id=165 static=1 gap=4.57m d=0.43 size=0.33]
1786797987.772 [STATIC_OT] state=TRAILING path_exists=0 path_locked=0 path_ttl_ok=0 path_safe=0 on_spline=0 speed=3.44 raw_wpnts=0 raw_age=-s decision=TRAILING reason=NO_STATIC_PATH
1786797987.990 [STATIC_OT] state=TRAILING path_exists=0 path_locked=0 path_ttl_ok=0 path_safe=0 on_spline=0 speed=3.23 raw_wpnts=0 raw_age=-s decision=TRAILING reason=NO_STATIC_PATH
1786797988.121 [STATE_CHANGE] TRAILING -> OVERTAKE src=OVERTAKE s=3.25 d=0.10 vs=3.13
1786797988.236 [OBSTACLES] cur_s=3.75 cur_d=0.05 vs=2.81 n=2 [id=164 static=1 gap=7.11m d=-0.32 size=0.31; id=166 static=1 gap=2.39m d=0.56 size=0.36]
1786797988.418 [STATIC_OT] state=OVERTAKE path_exists=1 path_locked=1 path_ttl_ok=1 path_safe=0 on_spline=1 speed=2.48 raw_wpnts=112 raw_age=0.58s decision=TRAILING reason=PATH_BLOCKED blocked_obs_id=164 gap=6.94m free_dist=-0.006m branch=static/geom
1786797988.418 [STATE_CHANGE] OVERTAKE -> TRAILING src=GB_TRACK s=4.09 d=0.00 vs=2.48
1786797988.653 [STATIC_OT] state=TRAILING path_exists=0 path_locked=0 path_ttl_ok=0 path_safe=0 on_spline=0 speed=3.12 raw_wpnts=0 raw_age=-s decision=TRAILING reason=NO_STATIC_PATH
1786797988.785 [OBSTACLES] cur_s=5.48 cur_d=-0.13 vs=3.09 n=2 [id=164 static=1 gap=5.41m d=-0.29 size=0.38; id=166 static=1 gap=0.68m d=0.54 size=0.42]
1786797988.947 [STATIC_OT] state=TRAILING path_exists=1 path_locked=0 path_ttl_ok=1 path_safe=0 on_spline=1 speed=2.78 raw_wpnts=84 raw_age=0.60s decision=TRAILING reason=PATH_BLOCKED blocked_obs_id=164 gap=5.13m free_dist=0.003m branch=static/geom
1786797989.279 [STATIC_OT] state=TRAILING path_exists=1 path_locked=0 path_ttl_ok=1 path_safe=0 on_spline=1 speed=2.14 raw_wpnts=83 raw_age=0.75s decision=TRAILING reason=PATH_BLOCKED blocked_obs_id=164 gap=4.57m free_dist=-0.012m branch=static/geom
1786797989.487 [OBSTACLES] cur_s=6.83 cur_d=-0.06 vs=1.77 n=1 [id=164 static=1 gap=4.10m d=-0.28 size=0.29]
1786797989.499 [STATIC_OT] state=TRAILING path_exists=1 path_locked=0 path_ttl_ok=1 path_safe=1 on_spline=1 speed=1.77 raw_wpnts=127 raw_age=0.88s decision=OVERTAKE
1786797989.499 [STATE_CHANGE] TRAILING -> OVERTAKE src=OVERTAKE s=6.83 d=-0.06 vs=1.77
1786797989.995 [OBSTACLES] cur_s=7.57 cur_d=-0.08 vs=1.90 n=1 [id=164 static=1 gap=3.38m d=-0.26 size=0.28]
1786797990.828 [OBSTACLES] cur_s=9.93 cur_d=0.08 vs=3.13 n=1 [id=164 static=1 gap=1.03m d=-0.22 size=0.26]
1786797991.431 [OBSTACLES] cur_s=12.26 cur_d=0.22 vs=2.48 n=0 [none]
1786797991.997 [OBSTACLES] cur_s=13.44 cur_d=0.09 vs=3.36 n=0 [none]
1786797992.634 [OBSTACLES] cur_s=15.57 cur_d=-0.11 vs=2.34 n=0 [none]
1786797993.105 [STATIC_OT] state=OVERTAKE path_exists=1 path_locked=1 path_ttl_ok=0 path_safe=0 on_spline=1 speed=2.30 raw_wpnts=0 raw_age=-s decision=TRAILING reason=NO_STATIC_PATH
1786797993.114 [STATE_CHANGE] OVERTAKE -> TRAILING src=GB_TRACK s=16.39 d=-0.34 vs=2.30
1786797993.194 [OBSTACLES] cur_s=16.66 cur_d=-0.31 vs=2.48 n=2 [id=168 static=1 gap=6.49m d=0.00 size=0.29; id=169 static=1 gap=12.14m d=-0.08 size=0.26]
1786797993.312 [STATIC_OT] state=TRAILING path_exists=0 path_locked=0 path_ttl_ok=0 path_safe=0 on_spline=0 speed=2.50 raw_wpnts=0 raw_age=-s decision=TRAILING reason=NO_STATIC_PATH
1786797993.518 [STATIC_OT] state=TRAILING path_exists=0 path_locked=0 path_ttl_ok=0 path_safe=0 on_spline=0 speed=2.26 raw_wpnts=0 raw_age=-s decision=TRAILING reason=NO_STATIC_PATH
1786797993.675 [STATE_CHANGE] TRAILING -> OVERTAKE src=OVERTAKE s=17.42 d=-0.07 vs=2.09
1786797993.809 [OBSTACLES] cur_s=17.65 cur_d=0.05 vs=1.83 n=2 [id=168 static=1 gap=5.40m d=-0.04 size=0.31; id=169 static=1 gap=10.97m d=-0.09 size=0.36]
1786797994.403 [OBSTACLES] cur_s=19.01 cur_d=-0.03 vs=2.40 n=2 [id=168 static=1 gap=4.01m d=-0.06 size=0.29; id=169 static=1 gap=9.62m d=-0.06 size=0.29]
1786797994.970 [OBSTACLES] cur_s=20.54 cur_d=-0.33 vs=2.54 n=2 [id=168 static=1 gap=2.46m d=-0.07 size=0.26; id=169 static=1 gap=8.05m d=-0.08 size=0.27]
1786797995.521 [OBSTACLES] cur_s=21.71 cur_d=0.02 vs=2.52 n=2 [id=169 static=0 gap=6.90m d=-0.03 size=0.19; id=168 static=1 gap=1.27m d=-0.09 size=0.27]
1786797995.542 [STATIC_OT] state=OVERTAKE path_exists=1 path_locked=1 path_ttl_ok=1 path_safe=0 on_spline=1 speed=2.52 raw_wpnts=99 raw_age=0.98s decision=TRAILING reason=PATH_BLOCKED blocked_obs_id=169 gap=7.0m free_dist=-0.216m branch=dyn/nopred (id_mismatch or empty)
1786797995.543 [STATE_CHANGE] OVERTAKE -> TRAILING src=GB_TRACK s=21.71 d=0.02 vs=2.52
1786797995.831 [STATIC_OT] state=TRAILING path_exists=1 path_locked=0 path_ttl_ok=1 path_safe=0 on_spline=1 speed=2.66 raw_wpnts=96 raw_age=1.08s decision=TRAILING reason=PATH_BLOCKED blocked_obs_id=169 gap=6.24m free_dist=-0.202m branch=static/geom
1786797996.092 [OBSTACLES] cur_s=22.96 cur_d=0.33 vs=2.15 n=1 [id=169 static=1 gap=5.60m d=-0.05 size=0.19]
1786797996.102 [STATIC_OT] state=TRAILING path_exists=1 path_locked=0 path_ttl_ok=1 path_safe=0 on_spline=1 speed=2.15 raw_wpnts=81 raw_age=0.97s decision=TRAILING reason=PATH_BLOCKED blocked_obs_id=169 gap=5.69m free_dist=-0.186m branch=static/geom
1786797996.317 [STATIC_OT] state=TRAILING path_exists=1 path_locked=0 path_ttl_ok=1 path_safe=0 on_spline=1 speed=1.52 raw_wpnts=81 raw_age=0.77s decision=TRAILING reason=PATH_BLOCKED blocked_obs_id=169 gap=5.47m free_dist=-0.264m branch=static/geom
1786797996.530 [STATIC_OT] state=TRAILING path_exists=1 path_locked=0 path_ttl_ok=1 path_safe=0 on_spline=1 speed=1.40 raw_wpnts=81 raw_age=0.80s decision=TRAILING reason=PATH_BLOCKED blocked_obs_id=169 gap=5.22m free_dist=-0.188m branch=static/geom
1786797996.727 [OBSTACLES] cur_s=23.74 cur_d=-0.09 vs=1.67 n=1 [id=169 static=1 gap=4.79m d=-0.01 size=0.23]
1786797996.741 [STATIC_OT] state=TRAILING path_exists=1 path_locked=0 path_ttl_ok=1 path_safe=0 on_spline=1 speed=1.67 raw_wpnts=81 raw_age=0.92s decision=TRAILING reason=PATH_BLOCKED blocked_obs_id=169 gap=4.91m free_dist=-0.255m branch=static/geom
1786797997.030 [STATIC_OT] state=TRAILING path_exists=1 path_locked=0 path_ttl_ok=1 path_safe=0 on_spline=1 speed=1.18 raw_wpnts=81 raw_age=1.01s decision=TRAILING reason=PATH_BLOCKED blocked_obs_id=169 gap=4.31m free_dist=-0.286m branch=static/geom
1786797997.283 [OBSTACLES] cur_s=24.55 cur_d=0.05 vs=0.92 n=1 [id=169 static=1 gap=3.92m d=-0.00 size=0.24]
1786797997.290 [STATIC_OT] state=TRAILING path_exists=1 path_locked=0 path_ttl_ok=1 path_safe=0 on_spline=1 speed=0.92 raw_wpnts=81 raw_age=1.06s decision=TRAILING reason=PATH_BLOCKED blocked_obs_id=169 gap=4.05m free_dist=-0.265m branch=static/geom
1786797997.455 [STATE_CHANGE] TRAILING -> OVERTAKE src=OVERTAKE s=24.65 d=0.06 vs=0.92
1786797997.941 [OBSTACLES] cur_s=25.18 cur_d=-0.03 vs=1.38 n=1 [id=169 static=1 gap=3.31m d=0.03 size=0.23]
1786797998.546 [OBSTACLES] cur_s=26.59 cur_d=0.17 vs=2.27 n=1 [id=169 static=1 gap=1.88m d=0.04 size=0.24]
1786797999.128 [OBSTACLES] cur_s=27.51 cur_d=-0.43 vs=1.87 n=1 [id=169 static=1 gap=0.96m d=0.07 size=0.22]
1786797999.629 [OBSTACLES] cur_s=28.53 cur_d=-0.58 vs=1.87 n=0 [none]
1786798000.184 [OBSTACLES] cur_s=29.25 cur_d=-0.08 vs=2.32 n=0 [none]
1786798000.738 [OBSTACLES] cur_s=30.61 cur_d=-0.14 vs=3.12 n=0 [none]
1786798001.263 [OBSTACLES] cur_s=32.45 cur_d=0.08 vs=3.25 n=0 [none]
1786798001.766 [OBSTACLES] cur_s=34.12 cur_d=0.21 vs=3.31 n=1 [id=171 static=1 gap=11.63m d=-0.45 size=0.26]
1786798002.301 [OBSTACLES] cur_s=1.13 cur_d=0.03 vs=3.41 n=1 [id=171 static=1 gap=9.97m d=-0.50 size=0.27]
1786798002.410 [STATIC_OT] state=OVERTAKE path_exists=1 path_locked=1 path_ttl_ok=0 path_safe=0 on_spline=0 speed=3.41 raw_wpnts=0 raw_age=-s decision=TRAILING reason=NO_STATIC_PATH
1786798002.415 [STATE_CHANGE] OVERTAKE -> TRAILING src=GB_TRACK s=1.36 d=0.06 vs=3.41
1786798002.615 [STATIC_OT] state=TRAILING path_exists=0 path_locked=0 path_ttl_ok=0 path_safe=0 on_spline=0 speed=3.43 raw_wpnts=0 raw_age=-s decision=TRAILING reason=NO_STATIC_PATH
1786798002.684 [STATE_CHANGE] TRAILING -> OVERTAKE src=OVERTAKE s=2.33 d=0.12 vs=3.43
1786798002.994 [OBSTACLES] cur_s=3.31 cur_d=0.06 vs=3.07 n=2 [id=171 static=1 gap=7.65m d=-0.43 size=0.34; id=172 static=1 gap=2.77m d=-0.09 size=0.29]
1786798003.294 [STATIC_OT] state=OVERTAKE path_exists=1 path_locked=1 path_ttl_ok=1 path_safe=0 on_spline=1 speed=3.29 raw_wpnts=112 raw_age=0.71s decision=TRAILING reason=PATH_BLOCKED blocked_obs_id=172 gap=2.03m free_dist=0.081m branch=static/geom
1786798003.299 [STATE_CHANGE] OVERTAKE -> TRAILING src=GB_TRACK s=4.20 d=-0.08 vs=3.29
1786798003.509 [STATIC_OT] state=TRAILING path_exists=1 path_locked=0 path_ttl_ok=1 path_safe=0 on_spline=1 speed=3.38 raw_wpnts=99 raw_age=0.68s decision=TRAILING reason=PATH_BLOCKED blocked_obs_id=172 gap=1.38m free_dist=0.039m branch=static/geom
1786798003.708 [OBSTACLES] cur_s=5.52 cur_d=0.05 vs=3.33 n=1 [id=172 static=1 gap=0.56m d=-0.03 size=0.32]
1786798003.722 [STATIC_OT] state=TRAILING path_exists=1 path_locked=0 path_ttl_ok=1 path_safe=1 on_spline=1 speed=3.33 raw_wpnts=90 raw_age=0.67s decision=OVERTAKE
1786798003.723 [STATE_CHANGE] TRAILING -> OVERTAKE src=OVERTAKE s=5.52 d=0.05 vs=3.33
1786798004.082 [STATIC_OT] state=OVERTAKE path_exists=1 path_locked=1 path_ttl_ok=0 path_safe=0 on_spline=1 speed=2.42 raw_wpnts=0 raw_age=-s decision=TRAILING reason=NO_STATIC_PATH
1786798004.090 [STATE_CHANGE] OVERTAKE -> TRAILING src=GB_TRACK s=6.70 d=0.21 vs=2.42
1786798004.354 [OBSTACLES] cur_s=7.36 cur_d=-0.03 vs=3.07 n=1 [id=173 static=1 gap=3.71m d=-0.23 size=0.29]
1786798004.374 [STATIC_OT] state=TRAILING path_exists=1 path_locked=0 path_ttl_ok=1 path_safe=0 on_spline=1 speed=3.07 raw_wpnts=84 raw_age=1.03s decision=TRAILING reason=PATH_BLOCKED blocked_obs_id=173 gap=3.85m free_dist=-0.059m branch=static/geom
1786798004.589 [STATIC_OT] state=TRAILING path_exists=1 path_locked=0 path_ttl_ok=1 path_safe=0 on_spline=1 speed=3.05 raw_wpnts=83 raw_age=1.13s decision=TRAILING reason=PATH_BLOCKED blocked_obs_id=173 gap=3.25m free_dist=-0.101m branch=static/geom
1786798004.843 [STATIC_OT] state=TRAILING path_exists=1 path_locked=0 path_ttl_ok=1 path_safe=0 on_spline=1 speed=2.54 raw_wpnts=81 raw_age=1.32s decision=TRAILING reason=PATH_BLOCKED blocked_obs_id=173 gap=2.52m free_dist=-0.102m branch=static/geom
1786798005.021 [OBSTACLES] cur_s=9.03 cur_d=-0.18 vs=2.01 n=1 [id=173 static=1 gap=1.99m d=-0.16 size=0.24]
1786798005.052 [STATIC_OT] state=TRAILING path_exists=1 path_locked=0 path_ttl_ok=1 path_safe=0 on_spline=1 speed=2.01 raw_wpnts=81 raw_age=1.39s decision=TRAILING reason=PATH_BLOCKED blocked_obs_id=173 gap=2.1m free_dist=-0.098m branch=static/geom
1786798005.278 [STATIC_OT] state=TRAILING path_exists=1 path_locked=0 path_ttl_ok=1 path_safe=0 on_spline=1 speed=1.42 raw_wpnts=81 raw_age=0.75s decision=TRAILING reason=PATH_BLOCKED blocked_obs_id=173 gap=1.62m free_dist=-0.136m branch=static/geom
1786798005.519 [STATIC_OT] state=TRAILING path_exists=1 path_locked=0 path_ttl_ok=1 path_safe=1 on_spline=1 speed=0.85 raw_wpnts=83 raw_age=0.65s decision=OVERTAKE
1786798005.521 [STATE_CHANGE] TRAILING -> OVERTAKE src=OVERTAKE s=9.78 d=0.03 vs=0.85
1786798005.676 [OBSTACLES] cur_s=9.90 cur_d=0.01 vs=0.45 n=1 [id=173 static=1 gap=1.07m d=-0.16 size=0.34]
1786798006.196 [OBSTACLES] cur_s=10.01 cur_d=0.02 vs=1.07 n=1 [id=173 static=1 gap=1.01m d=-0.16 size=0.25]
1786798006.891 [OBSTACLES] cur_s=11.94 cur_d=0.31 vs=2.25 n=0 [none]
1786798007.396 [OBSTACLES] cur_s=12.82 cur_d=-0.08 vs=2.31 n=0 [none]
1786798008.034 [OBSTACLES] cur_s=15.40 cur_d=0.29 vs=2.54 n=0 [none]
1786798008.568 [OBSTACLES] cur_s=16.01 cur_d=-0.41 vs=1.49 n=0 [none]
1786798008.568 [STATE_CHANGE] OVERTAKE -> LOSTLINE src=GB_TRACK s=16.01 d=-0.41 vs=1.49
1786798008.968 [STATIC_OT] state=GB_TRACK path_exists=0 path_locked=0 path_ttl_ok=0 path_safe=0 on_spline=0 speed=1.86 raw_wpnts=0 raw_age=-s decision=TRAILING reason=NO_STATIC_PATH
1786798008.995 [STATE_CHANGE] LOSTLINE -> TRAILING src=GB_TRACK s=16.53 d=-0.64 vs=1.86
1786798009.102 [OBSTACLES] cur_s=16.74 cur_d=-0.64 vs=1.91 n=1 [id=175 static=1 gap=6.43m d=0.02 size=0.27]
1786798009.225 [STATIC_OT] state=TRAILING path_exists=0 path_locked=0 path_ttl_ok=0 path_safe=0 on_spline=0 speed=1.84 raw_wpnts=0 raw_age=-s decision=TRAILING reason=NO_STATIC_PATH
1786798009.526 [STATIC_OT] state=TRAILING path_exists=1 path_locked=0 path_ttl_ok=1 path_safe=1 on_spline=1 speed=1.51 raw_wpnts=132 raw_age=0.87s decision=OVERTAKE
1786798009.526 [STATE_CHANGE] TRAILING -> OVERTAKE src=OVERTAKE s=17.31 d=-0.27 vs=1.51
1786798009.702 [OBSTACLES] cur_s=17.49 cur_d=-0.09 vs=1.66 n=1 [id=175 static=1 gap=5.67m d=-0.04 size=0.25]
1786798009.876 [STATIC_OT] state=OVERTAKE path_exists=1 path_locked=1 path_ttl_ok=1 path_safe=1 on_spline=0 speed=1.98 raw_wpnts=123 raw_age=0.93s decision=OVERTAKE
1786798010.203 [OBSTACLES] cur_s=18.38 cur_d=0.18 vs=1.84 n=1 [id=175 static=1 gap=4.74m d=-0.06 size=0.32]
1786798010.723 [OBSTACLES] cur_s=19.06 cur_d=-0.19 vs=1.42 n=1 [id=175 static=1 gap=4.07m d=-0.01 size=0.29]
1786798011.363 [OBSTACLES] cur_s=20.43 cur_d=-0.47 vs=1.32 n=1 [id=175 static=1 gap=2.72m d=0.01 size=0.30]
1786798011.949 [OBSTACLES] cur_s=20.46 cur_d=-0.49 vs=1.25 n=1 [id=175 static=0 gap=3.08m d=-0.05 size=0.32]
1786798012.514 [OBSTACLES] cur_s=20.97 cur_d=-0.42 vs=0.47 n=0 [none]
1786798013.044 [OBSTACLES] cur_s=21.05 cur_d=-0.63 vs=0.00 n=1 [id=179 static=1 gap=2.20m d=-0.14 size=0.28]
1786798013.573 [OBSTACLES] cur_s=21.06 cur_d=-0.63 vs=0.00 n=1 [id=179 static=1 gap=2.19m d=-0.14 size=0.28]
1786798014.190 [OBSTACLES] cur_s=21.05 cur_d=-0.63 vs=0.00 n=1 [id=179 static=1 gap=2.19m d=-0.14 size=0.29]
1786798014.761 [OBSTACLES] cur_s=21.05 cur_d=-0.63 vs=0.00 n=1 [id=179 static=1 gap=2.19m d=-0.14 size=0.29]
1786798015.347 [OBSTACLES] cur_s=21.05 cur_d=-0.63 vs=0.00 n=1 [id=179 static=1 gap=2.19m d=-0.14 size=0.29]
1786798015.893 [OBSTACLES] cur_s=21.06 cur_d=-0.63 vs=0.00 n=1 [id=179 static=1 gap=2.17m d=-0.14 size=0.32]
1786798016.442 [OBSTACLES] cur_s=21.05 cur_d=-0.63 vs=0.00 n=1 [id=179 static=1 gap=2.18m d=-0.14 size=0.30]
1786798016.974 [OBSTACLES] cur_s=21.05 cur_d=-0.63 vs=0.00 n=1 [id=179 static=1 gap=2.20m d=-0.14 size=0.27]
1786798017.519 [OBSTACLES] cur_s=21.05 cur_d=-0.63 vs=0.00 n=1 [id=179 static=1 gap=2.19m d=-0.14 size=0.28]
1786798018.104 [OBSTACLES] cur_s=21.06 cur_d=-0.63 vs=0.00 n=1 [id=179 static=1 gap=2.19m d=-0.14 size=0.28]
1786798018.613 [OBSTACLES] cur_s=21.06 cur_d=-0.63 vs=0.00 n=1 [id=179 static=1 gap=2.19m d=-0.14 size=0.27]
1786798019.120 [OBSTACLES] cur_s=21.06 cur_d=-0.63 vs=0.00 n=1 [id=179 static=1 gap=2.18m d=-0.14 size=0.29]
1786798019.483 [STATIC_OT] state=OVERTAKE path_exists=0 path_locked=1 path_ttl_ok=0 path_safe=0 on_spline=0 speed=0.00 raw_wpnts=0 raw_age=-s decision=TRAILING reason=NO_STATIC_PATH
1786798019.494 [STATE_CHANGE] OVERTAKE -> TRAILING src=GB_TRACK s=21.06 d=-0.63 vs=0.00
1786798019.704 [OBSTACLES] cur_s=21.05 cur_d=-0.63 vs=0.00 n=1 [id=179 static=1 gap=2.18m d=-0.14 size=0.31]
1786798019.723 [STATIC_OT] state=TRAILING path_exists=0 path_locked=0 path_ttl_ok=0 path_safe=0 on_spline=0 speed=0.00 raw_wpnts=0 raw_age=-s decision=TRAILING reason=NO_STATIC_PATH
1786798019.936 [STATIC_OT] state=TRAILING path_exists=0 path_locked=0 path_ttl_ok=0 path_safe=0 on_spline=0 speed=0.00 raw_wpnts=0 raw_age=-s decision=TRAILING reason=NO_STATIC_PATH
1786798020.179 [STATIC_OT] state=TRAILING path_exists=0 path_locked=0 path_ttl_ok=0 path_safe=0 on_spline=0 speed=0.00 raw_wpnts=0 raw_age=-s decision=TRAILING reason=NO_STATIC_PATH
1786798020.331 [OBSTACLES] cur_s=21.05 cur_d=-0.63 vs=0.00 n=1 [id=179 static=1 gap=2.20m d=-0.14 size=0.27]
1786798020.450 [STATIC_OT] state=TRAILING path_exists=0 path_locked=0 path_ttl_ok=0 path_safe=0 on_spline=0 speed=0.00 raw_wpnts=0 raw_age=-s decision=TRAILING reason=NO_STATIC_PATH
1786798020.702 [STATIC_OT] state=TRAILING path_exists=0 path_locked=0 path_ttl_ok=0 path_safe=0 on_spline=0 speed=0.00 raw_wpnts=0 raw_age=-s decision=TRAILING reason=NO_STATIC_PATH
1786798020.930 [OBSTACLES] cur_s=21.07 cur_d=-0.63 vs=0.00 n=1 [id=179 static=1 gap=2.18m d=-0.14 size=0.27]
1786798020.932 [STATIC_OT] state=TRAILING path_exists=0 path_locked=0 path_ttl_ok=0 path_safe=0 on_spline=0 speed=0.00 raw_wpnts=0 raw_age=-s decision=TRAILING reason=NO_STATIC_PATH
1786798021.154 [STATIC_OT] state=TRAILING path_exists=0 path_locked=0 path_ttl_ok=0 path_safe=0 on_spline=0 speed=0.00 raw_wpnts=0 raw_age=-s decision=TRAILING reason=NO_STATIC_PATH
1786798021.392 [STATIC_OT] state=TRAILING path_exists=0 path_locked=0 path_ttl_ok=0 path_safe=0 on_spline=0 speed=0.00 raw_wpnts=0 raw_age=-s decision=TRAILING reason=NO_STATIC_PATH
1786798021.446 [OBSTACLES] cur_s=21.09 cur_d=-0.60 vs=0.09 n=1 [id=179 static=1 gap=2.15m d=-0.14 size=0.28]
1786798021.607 [STATIC_OT] state=TRAILING path_exists=0 path_locked=0 path_ttl_ok=0 path_safe=0 on_spline=0 speed=0.32 raw_wpnts=0 raw_age=-s decision=TRAILING reason=NO_STATIC_PATH
1786798021.749 [STATE_CHANGE] TRAILING -> OVERTAKE src=OVERTAKE s=21.21 d=-0.55 vs=0.44
1786798021.965 [OBSTACLES] cur_s=21.36 cur_d=-0.38 vs=0.54 n=1 [id=179 static=1 gap=1.89m d=-0.14 size=0.26]
1786798022.584 [OBSTACLES] cur_s=21.52 cur_d=-0.09 vs=0.63 n=1 [id=179 static=1 gap=1.75m d=-0.14 size=0.24]
1786798023.158 [OBSTACLES] cur_s=21.95 cur_d=0.18 vs=0.82 n=1 [id=179 static=1 gap=1.33m d=-0.14 size=0.23]
1786798023.739 [OBSTACLES] cur_s=22.32 cur_d=0.24 vs=0.00 n=1 [id=179 static=1 gap=0.90m d=-0.14 size=0.35]
1786798024.320 [OBSTACLES] cur_s=22.31 cur_d=0.25 vs=0.41 n=1 [id=179 static=1 gap=0.88m d=-0.14 size=0.42]
1786798024.824 [OBSTACLES] cur_s=22.80 cur_d=0.23 vs=1.94 n=1 [id=179 static=1 gap=0.39m d=-0.14 size=0.42]
1786798025.440 [OBSTACLES] cur_s=24.16 cur_d=-0.04 vs=2.68 n=0 [none]
1786798025.954 [OBSTACLES] cur_s=25.45 cur_d=0.09 vs=3.13 n=0 [none]
1786798026.456 [OBSTACLES] cur_s=26.80 cur_d=-0.01 vs=3.34 n=0 [none]
1786798027.032 [OBSTACLES] cur_s=28.88 cur_d=0.19 vs=3.41 n=0 [none]
1786798027.581 [OBSTACLES] cur_s=30.69 cur_d=0.12 vs=3.43 n=0 [none]
1786798027.750 [STATIC_OT] state=OVERTAKE path_exists=1 path_locked=1 path_ttl_ok=0 path_safe=0 on_spline=0 speed=3.43 raw_wpnts=0 raw_age=-s decision=TRAILING reason=NO_STATIC_PATH
1786798027.755 [STATE_CHANGE] OVERTAKE -> TRAILING src=GB_TRACK s=31.05 d=0.11 vs=3.43
1786798027.950 [STATIC_OT] state=TRAILING path_exists=0 path_locked=0 path_ttl_ok=0 path_safe=0 on_spline=0 speed=3.41 raw_wpnts=0 raw_age=-s decision=TRAILING reason=NO_STATIC_PATH
1786798028.116 [OBSTACLES] cur_s=32.40 cur_d=0.14 vs=3.15 n=1 [id=180 static=1 gap=2.27m d=-0.08 size=0.32]
1786798028.119 [STATE_CHANGE] TRAILING -> OVERTAKE src=OVERTAKE s=32.40 d=0.14 vs=3.15
1786798028.690 [OBSTACLES] cur_s=33.92 cur_d=0.17 vs=2.29 n=2 [id=180 static=1 gap=0.72m d=-0.09 size=0.43; id=181 static=1 gap=11.78m d=-0.53 size=0.25]
1786798029.190 [OBSTACLES] cur_s=0.66 cur_d=0.42 vs=3.05 n=1 [id=181 static=1 gap=10.29m d=-0.47 size=0.26]
1786798029.721 [OBSTACLES] cur_s=2.95 cur_d=-0.10 vs=3.39 n=1 [id=181 static=1 gap=7.99m d=-0.38 size=0.28]
1786798030.326 [OBSTACLES] cur_s=4.86 cur_d=-0.03 vs=3.44 n=2 [id=181 static=1 gap=6.03m d=-0.37 size=0.33; id=184 static=1 gap=2.28m d=-0.19 size=0.17]
1786798030.345 [STATIC_OT] state=OVERTAKE path_exists=1 path_locked=1 path_ttl_ok=0 path_safe=0 on_spline=1 speed=3.44 raw_wpnts=0 raw_age=-s decision=TRAILING reason=NO_STATIC_PATH
1786798030.345 [STATE_CHANGE] OVERTAKE -> TRAILING src=GB_TRACK s=4.86 d=-0.03 vs=3.44
1786798030.643 [STATIC_OT] state=TRAILING path_exists=0 path_locked=0 path_ttl_ok=0 path_safe=0 on_spline=0 speed=3.25 raw_wpnts=0 raw_age=-s decision=TRAILING reason=NO_STATIC_PATH
1786798030.853 [OBSTACLES] cur_s=6.31 cur_d=-0.07 vs=2.78 n=2 [id=181 static=1 gap=4.61m d=-0.36 size=0.30; id=184 static=1 gap=0.83m d=-0.20 size=0.19]
1786798030.857 [STATIC_OT] state=TRAILING path_exists=1 path_locked=0 path_ttl_ok=1 path_safe=0 on_spline=1 speed=2.78 raw_wpnts=144 raw_age=0.96s decision=TRAILING reason=PATH_BLOCKED blocked_obs_id=184 gap=0.92m free_dist=-0.186m branch=static/geom
1786798031.136 [STATIC_OT] state=TRAILING path_exists=1 path_locked=0 path_ttl_ok=1 path_safe=0 on_spline=1 speed=2.25 raw_wpnts=140 raw_age=1.03s decision=TRAILING reason=PATH_BLOCKED blocked_obs_id=184 gap=0.36m free_dist=-0.181m branch=static/geom
1786798031.220 [STATE_CHANGE] TRAILING -> OVERTAKE src=OVERTAKE s=7.18 d=-0.17 vs=1.68
1786798031.388 [OBSTACLES] cur_s=7.38 cur_d=-0.19 vs=1.21 n=1 [id=181 static=1 gap=3.56m d=-0.34 size=0.28]
1786798031.902 [OBSTACLES] cur_s=8.07 cur_d=-0.04 vs=2.82 n=1 [id=181 static=1 gap=2.86m d=-0.32 size=0.30]
1786798032.477 [OBSTACLES] cur_s=9.92 cur_d=-0.02 vs=3.16 n=1 [id=181 static=1 gap=1.02m d=-0.29 size=0.29]
1786798032.983 [OBSTACLES] cur_s=11.37 cur_d=0.25 vs=2.40 n=0 [none]
1786798033.537 [OBSTACLES] cur_s=12.92 cur_d=0.22 vs=3.26 n=0 [none]
1786798034.064 [OBSTACLES] cur_s=14.84 cur_d=-0.02 vs=3.13 n=0 [none]
1786798034.615 [OBSTACLES] cur_s=16.23 cur_d=0.06 vs=2.46 n=0 [none]
1786798034.930 [STATIC_OT] state=OVERTAKE path_exists=1 path_locked=1 path_ttl_ok=0 path_safe=0 on_spline=1 speed=2.50 raw_wpnts=0 raw_age=-s decision=TRAILING reason=NO_STATIC_PATH
1786798034.930 [STATE_CHANGE] OVERTAKE -> TRAILING src=GB_TRACK s=16.79 d=0.17 vs=2.50
1786798035.154 [OBSTACLES] cur_s=16.90 cur_d=0.17 vs=2.52 n=1 [id=185 static=1 gap=6.60m d=0.60 size=0.31]
1786798035.155 [STATIC_OT] state=TRAILING path_exists=0 path_locked=0 path_ttl_ok=0 path_safe=0 on_spline=0 speed=2.52 raw_wpnts=0 raw_age=-s decision=TRAILING reason=NO_STATIC_PATH
1786798035.421 [STATIC_OT] state=TRAILING path_exists=0 path_locked=0 path_ttl_ok=0 path_safe=0 on_spline=0 speed=2.73 raw_wpnts=0 raw_age=-s decision=TRAILING reason=NO_STATIC_PATH
1786798035.650 [STATIC_OT] state=TRAILING path_exists=0 path_locked=0 path_ttl_ok=0 path_safe=0 on_spline=0 speed=2.30 raw_wpnts=0 raw_age=-s decision=TRAILING reason=NO_STATIC_PATH
1786798035.723 [OBSTACLES] cur_s=19.31 cur_d=0.10 vs=1.95 n=1 [id=185 static=1 gap=4.11m d=0.57 size=0.33]
1786798035.815 [STATE_CHANGE] TRAILING -> GB_TRACK src=GB_TRACK s=19.50 d=0.03 vs=1.71
1786798036.399 [OBSTACLES] cur_s=20.61 cur_d=-0.05 vs=2.61 n=1 [id=185 static=1 gap=2.87m d=0.52 size=0.29]
1786798036.908 [OBSTACLES] cur_s=22.23 cur_d=-0.09 vs=3.43 n=1 [id=185 static=1 gap=1.27m d=0.50 size=0.31]
1786798037.458 [OBSTACLES] cur_s=23.66 cur_d=-0.02 vs=3.44 n=0 [none]
1786798037.999 [OBSTACLES] cur_s=25.56 cur_d=-0.07 vs=3.45 n=0 [none]
1786798038.527 [OBSTACLES] cur_s=27.26 cur_d=0.30 vs=3.40 n=0 [none]
1786798038.527 [STATE_CHANGE] GB_TRACK -> LOSTLINE src=GB_TRACK s=27.26 d=0.30 vs=3.40
1786798038.882 [STATE_CHANGE] LOSTLINE -> GB_TRACK src=GB_TRACK s=28.82 d=0.22 vs=3.27
1786798039.037 [OBSTACLES] cur_s=29.37 cur_d=0.04 vs=3.19 n=0 [none]
1786798039.443 [STATIC_OT] state=GB_TRACK path_exists=0 path_locked=0 path_ttl_ok=0 path_safe=0 on_spline=0 speed=3.39 raw_wpnts=0 raw_age=-s decision=TRAILING reason=NO_STATIC_PATH
1786798039.443 [STATE_CHANGE] GB_TRACK -> TRAILING src=GB_TRACK s=30.21 d=-0.17 vs=3.39
1786798039.592 [OBSTACLES] cur_s=30.72 cur_d=-0.14 vs=3.38 n=1 [id=186 static=1 gap=3.92m d=-0.12 size=0.20]
1786798039.658 [STATIC_OT] state=TRAILING path_exists=0 path_locked=0 path_ttl_ok=0 path_safe=0 on_spline=0 speed=3.39 raw_wpnts=0 raw_age=-s decision=TRAILING reason=NO_STATIC_PATH
1786798039.746 [STATE_CHANGE] TRAILING -> OVERTAKE src=OVERTAKE s=31.05 d=-0.10 vs=3.38
1786798039.945 [STATIC_OT] state=OVERTAKE path_exists=1 path_locked=1 path_ttl_ok=1 path_safe=1 on_spline=1 speed=2.93 raw_wpnts=114 raw_age=0.53s decision=OVERTAKE
1786798040.107 [STATE_CHANGE] OVERTAKE -> TRAILING src=GB_TRACK s=32.10 d=0.12 vs=2.63
1786798040.223 [OBSTACLES] cur_s=32.50 cur_d=0.22 vs=2.91 n=1 [id=186 static=1 gap=2.12m d=-0.12 size=0.35]
1786798040.238 [STATIC_OT] state=TRAILING path_exists=1 path_locked=0 path_ttl_ok=1 path_safe=0 on_spline=1 speed=2.91 raw_wpnts=108 raw_age=0.66s decision=TRAILING reason=PATH_BLOCKED blocked_obs_id=186 gap=2.2m free_dist=0.082m branch=static/geom
1786798040.350 [STATE_CHANGE] TRAILING -> OVERTAKE src=OVERTAKE s=32.81 d=0.28 vs=3.10
1786798040.498 [STATIC_OT] state=OVERTAKE path_exists=1 path_locked=1 path_ttl_ok=1 path_safe=0 on_spline=1 speed=3.01 raw_wpnts=95 raw_age=0.60s decision=TRAILING reason=PATH_BLOCKED blocked_obs_id=186 gap=1.37m free_dist=0.043m branch=static/geom
1786798040.512 [STATE_CHANGE] OVERTAKE -> TRAILING src=GB_TRACK s=33.35 d=0.34 vs=3.01
1786798040.615 [STATE_CHANGE] TRAILING -> OVERTAKE src=OVERTAKE s=33.77 d=0.30 vs=2.93
1786798040.734 [STATIC_OT] state=OVERTAKE path_exists=1 path_locked=1 path_ttl_ok=1 path_safe=1 on_spline=0 speed=3.02 raw_wpnts=88 raw_age=0.66s decision=OVERTAKE
1786798040.804 [OBSTACLES] cur_s=34.23 cur_d=0.11 vs=3.25 n=2 [id=186 static=1 gap=0.36m d=-0.11 size=0.45; id=187 static=1 gap=11.42m d=-0.45 size=0.24]
1786798041.143 [STATIC_OT] state=OVERTAKE path_exists=1 path_locked=1 path_ttl_ok=1 path_safe=1 on_spline=0 speed=2.30 raw_wpnts=85 raw_age=0.79s decision=OVERTAKE
1786798041.417 [OBSTACLES] cur_s=1.27 cur_d=0.05 vs=1.97 n=1 [id=187 static=1 gap=9.63m d=-0.44 size=0.31]
1786798041.978 [OBSTACLES] cur_s=2.45 cur_d=-0.07 vs=2.04 n=1 [id=187 static=1 gap=8.48m d=-0.42 size=0.26]
1786798042.520 [OBSTACLES] cur_s=4.22 cur_d=-0.11 vs=3.39 n=1 [id=187 static=1 gap=6.65m d=-0.45 size=0.33]
1786798042.525 [STATIC_OT] state=OVERTAKE path_exists=1 path_locked=1 path_ttl_ok=0 path_safe=0 on_spline=1 speed=3.39 raw_wpnts=0 raw_age=-s decision=TRAILING reason=NO_STATIC_PATH
1786798042.527 [STATE_CHANGE] OVERTAKE -> TRAILING src=GB_TRACK s=4.22 d=-0.11 vs=3.39
1786798042.801 [STATIC_OT] state=TRAILING path_exists=0 path_locked=0 path_ttl_ok=0 path_safe=0 on_spline=0 speed=3.44 raw_wpnts=0 raw_age=-s decision=TRAILING reason=NO_STATIC_PATH
1786798042.924 [STATE_CHANGE] TRAILING -> OVERTAKE src=OVERTAKE s=5.29 d=-0.08 vs=3.24
1786798043.029 [OBSTACLES] cur_s=5.56 cur_d=-0.06 vs=3.07 n=1 [id=187 static=1 gap=5.31m d=-0.43 size=0.38]
1786798043.039 [STATIC_OT] state=OVERTAKE path_exists=1 path_locked=1 path_ttl_ok=1 path_safe=0 on_spline=1 speed=3.07 raw_wpnts=141 raw_age=0.73s decision=TRAILING reason=PATH_BLOCKED blocked_obs_id=187 gap=5.5m free_dist=0.1m branch=static/geom
1786798043.041 [STATE_CHANGE] OVERTAKE -> TRAILING src=GB_TRACK s=5.56 d=-0.06 vs=3.07
1786798043.094 [STATE_CHANGE] TRAILING -> OVERTAKE src=OVERTAKE s=5.80 d=-0.07 vs=2.88
1786798043.395 [STATIC_OT] state=OVERTAKE path_exists=1 path_locked=1 path_ttl_ok=1 path_safe=1 on_spline=1 speed=3.04 raw_wpnts=122 raw_age=0.45s decision=OVERTAKE
1786798043.546 [OBSTACLES] cur_s=6.95 cur_d=-0.10 vs=3.29 n=1 [id=187 static=1 gap=3.96m d=-0.39 size=0.34]
1786798044.064 [OBSTACLES] cur_s=8.62 cur_d=-0.20 vs=3.41 n=1 [id=187 static=1 gap=2.33m d=-0.35 size=0.26]
1786798044.659 [OBSTACLES] cur_s=10.63 cur_d=0.18 vs=2.75 n=1 [id=187 static=1 gap=0.30m d=-0.32 size=0.28]
1786798045.164 [OBSTACLES] cur_s=11.96 cur_d=0.11 vs=2.25 n=0 [none]
1786798045.671 [OBSTACLES] cur_s=13.22 cur_d=0.05 vs=3.31 n=0 [none]
1786798046.176 [OBSTACLES] cur_s=14.98 cur_d=0.14 vs=2.86 n=0 [none]
1786798046.736 [OBSTACLES] cur_s=16.28 cur_d=-0.16 vs=2.41 n=0 [none]
1786798046.930 [STATIC_OT] state=OVERTAKE path_exists=1 path_locked=1 path_ttl_ok=0 path_safe=0 on_spline=1 speed=2.53 raw_wpnts=0 raw_age=-s decision=TRAILING reason=NO_STATIC_PATH
1786798046.938 [STATE_CHANGE] OVERTAKE -> TRAILING src=GB_TRACK s=16.74 d=-0.06 vs=2.53
1786798047.004 [STATE_CHANGE] TRAILING -> GB_TRACK src=GB_TRACK s=16.82 d=-0.04 vs=2.58
1786798047.274 [OBSTACLES] cur_s=17.47 cur_d=0.09 vs=2.58 n=1 [id=188 static=1 gap=6.02m d=0.53 size=0.35]
1786798047.942 [OBSTACLES] cur_s=19.48 cur_d=0.03 vs=3.42 n=1 [id=188 static=1 gap=3.97m d=0.47 size=0.30]
1786798048.140 [STATIC_OT] state=GB_TRACK path_exists=1 path_locked=0 path_ttl_ok=1 path_safe=1 on_spline=1 speed=3.44 raw_wpnts=118 raw_age=0.51s decision=OVERTAKE
1786798048.142 [STATE_CHANGE] GB_TRACK -> OVERTAKE src=OVERTAKE s=19.82 d=0.02 vs=3.44
1786798048.600 [OBSTACLES] cur_s=21.74 cur_d=0.09 vs=3.45 n=1 [id=188 static=1 gap=1.68m d=0.45 size=0.27]
1786798049.176 [OBSTACLES] cur_s=23.26 cur_d=-0.14 vs=3.40 n=1 [id=188 static=0 gap=0.25m d=0.52 size=0.43]
1786798049.689 [OBSTACLES] cur_s=25.45 cur_d=-0.07 vs=3.27 n=0 [none]
1786798050.230 [OBSTACLES] cur_s=27.01 cur_d=0.21 vs=3.41 n=0 [none]
1786798050.734 [OBSTACLES] cur_s=28.78 cur_d=-0.07 vs=3.41 n=0 [none]
1786798051.036 [STATIC_OT] state=OVERTAKE path_exists=1 path_locked=1 path_ttl_ok=0 path_safe=0 on_spline=1 speed=3.37 raw_wpnts=0 raw_age=-s decision=TRAILING reason=NO_STATIC_PATH
1786798051.050 [STATE_CHANGE] OVERTAKE -> TRAILING src=GB_TRACK s=29.52 d=-0.11 vs=3.37
1786798051.260 [OBSTACLES] cur_s=30.26 cur_d=0.06 vs=3.37 n=1 [id=189 static=1 gap=4.01m d=-0.35 size=0.40]
1786798051.266 [STATIC_OT] state=TRAILING path_exists=0 path_locked=0 path_ttl_ok=0 path_safe=0 on_spline=0 speed=3.37 raw_wpnts=0 raw_age=-s decision=TRAILING reason=NO_STATIC_PATH
1786798051.524 [STATIC_OT] state=TRAILING path_exists=0 path_locked=0 path_ttl_ok=0 path_safe=0 on_spline=0 speed=3.07 raw_wpnts=0 raw_age=-s decision=TRAILING reason=NO_STATIC_PATH
1786798052.014 [OBSTACLES] cur_s=32.47 cur_d=0.14 vs=1.93 n=1 [id=189 static=1 gap=1.91m d=-0.29 size=0.37]
1786798052.021 [STATIC_OT] state=TRAILING path_exists=1 path_locked=0 path_ttl_ok=1 path_safe=1 on_spline=1 speed=1.93 raw_wpnts=108 raw_age=0.70s decision=OVERTAKE
1786798052.033 [STATE_CHANGE] TRAILING -> OVERTAKE src=OVERTAKE s=32.47 d=0.14 vs=1.93
1786798052.647 [OBSTACLES] cur_s=33.34 cur_d=0.18 vs=1.84 n=1 [id=189 static=1 gap=1.06m d=-0.28 size=0.39]
1786798052.987 [STATIC_OT] state=OVERTAKE path_exists=1 path_locked=1 path_ttl_ok=1 path_safe=0 on_spline=1 speed=3.21 raw_wpnts=81 raw_age=1.09s decision=TRAILING reason=PATH_BLOCKED blocked_obs_id=190 gap=11.87m free_dist=Nonem branch=dyn/nopred/beyond_path
1786798053.002 [STATE_CHANGE] OVERTAKE -> TRAILING src=GB_TRACK s=34.12 d=0.16 vs=3.21
1786798053.144 [STATE_CHANGE] TRAILING -> OVERTAKE src=OVERTAKE s=0.19 d=0.16 vs=3.38
1786798053.247 [OBSTACLES] cur_s=0.52 cur_d=0.19 vs=3.41 n=1 [id=190 static=1 gap=10.72m d=-0.41 size=0.29]
1786798053.871 [OBSTACLES] cur_s=2.78 cur_d=0.04 vs=3.42 n=1 [id=190 static=1 gap=8.33m d=-0.38 size=0.27]
1786798054.271 [STATIC_OT] state=OVERTAKE path_exists=1 path_locked=1 path_ttl_ok=0 path_safe=0 on_spline=1 speed=3.45 raw_wpnts=0 raw_age=-s decision=TRAILING reason=NO_STATIC_PATH
1786798054.274 [STATE_CHANGE] OVERTAKE -> TRAILING src=GB_TRACK s=4.65 d=-0.09 vs=3.45
1786798054.384 [STATE_CHANGE] TRAILING -> OVERTAKE src=OVERTAKE s=4.82 d=-0.09 vs=3.45
1786798054.532 [OBSTACLES] cur_s=5.26 cur_d=-0.07 vs=3.44 n=1 [id=190 static=1 gap=5.79m d=-0.39 size=0.35]
1786798055.149 [OBSTACLES] cur_s=6.91 cur_d=-0.10 vs=3.44 n=1 [id=190 static=1 gap=4.21m d=-0.36 size=0.28]
1786798055.450 [STATIC_OT] state=OVERTAKE path_exists=1 path_locked=1 path_ttl_ok=1 path_safe=1 on_spline=1 speed=3.44 raw_wpnts=125 raw_age=0.81s decision=OVERTAKE
1786798055.739 [OBSTACLES] cur_s=9.02 cur_d=-0.15 vs=3.38 n=1 [id=190 static=1 gap=2.10m d=-0.30 size=0.26]
1786798055.924 [STATIC_OT] state=OVERTAKE path_exists=1 path_locked=1 path_ttl_ok=1 path_safe=1 on_spline=1 speed=3.23 raw_wpnts=116 raw_age=0.96s decision=OVERTAKE
1786798056.335 [OBSTACLES] cur_s=10.93 cur_d=0.17 vs=2.49 n=1 [id=190 static=1 gap=0.20m d=-0.26 size=0.24]
1786798056.887 [OBSTACLES] cur_s=12.40 cur_d=0.04 vs=2.58 n=0 [none]
1786798057.391 [OBSTACLES] cur_s=13.65 cur_d=0.05 vs=3.40 n=0 [none]
1786798057.904 [OBSTACLES] cur_s=15.56 cur_d=-0.13 vs=2.50 n=0 [none]
1786798058.456 [OBSTACLES] cur_s=16.65 cur_d=-0.14 vs=2.58 n=1 [id=193 static=1 gap=6.94m d=0.76 size=0.30]
1786798058.582 [STATIC_OT] state=OVERTAKE path_exists=1 path_locked=1 path_ttl_ok=0 path_safe=0 on_spline=1 speed=2.60 raw_wpnts=0 raw_age=-s decision=TRAILING reason=NO_STATIC_PATH
1786798058.585 [STATE_CHANGE] OVERTAKE -> TRAILING src=GB_TRACK s=16.87 d=-0.13 vs=2.60
1786798058.800 [STATE_CHANGE] TRAILING -> GB_TRACK src=GB_TRACK s=17.31 d=0.01 vs=2.68
1786798059.004 [OBSTACLES] cur_s=17.84 cur_d=0.12 vs=2.55 n=1 [id=193 static=1 gap=5.66m d=0.61 size=0.35]
1786798059.527 [OBSTACLES] cur_s=19.26 cur_d=0.09 vs=3.27 n=1 [id=193 static=1 gap=4.22m d=0.54 size=0.30]
1786798060.111 [OBSTACLES] cur_s=21.37 cur_d=-0.03 vs=3.43 n=1 [id=193 static=1 gap=2.08m d=0.50 size=0.31]
1786798060.657 [OBSTACLES] cur_s=23.03 cur_d=-0.04 vs=3.43 n=1 [id=193 static=1 gap=0.38m d=0.51 size=0.34]
1786798061.085 [STATE_CHANGE] GB_TRACK -> LOSTLINE src=GB_TRACK s=24.49 d=-0.35 vs=3.44
1786798061.242 [OBSTACLES] cur_s=25.01 cur_d=-0.36 vs=3.38 n=0 [none]
1786798061.542 [STATE_CHANGE] LOSTLINE -> GB_TRACK src=GB_TRACK s=25.86 d=-0.07 vs=3.15
1786798061.772 [OBSTACLES] cur_s=26.79 cur_d=0.27 vs=3.41 n=0 [none]
1786798062.276 [OBSTACLES] cur_s=28.47 cur_d=-0.07 vs=3.24 n=0 [none]
1786798062.850 [OBSTACLES] cur_s=30.18 cur_d=-0.07 vs=3.36 n=1 [id=196 static=1 gap=4.39m d=-0.11 size=0.21]
1786798062.855 [STATIC_OT] state=GB_TRACK path_exists=0 path_locked=0 path_ttl_ok=0 path_safe=0 on_spline=0 speed=3.36 raw_wpnts=0 raw_age=-s decision=TRAILING reason=NO_STATIC_PATH
1786798062.858 [STATE_CHANGE] GB_TRACK -> TRAILING src=GB_TRACK s=30.18 d=-0.07 vs=3.36
1786798063.068 [STATIC_OT] state=TRAILING path_exists=0 path_locked=0 path_ttl_ok=0 path_safe=0 on_spline=0 speed=3.30 raw_wpnts=0 raw_age=-s decision=TRAILING reason=NO_STATIC_PATH
1786798063.343 [STATIC_OT] state=TRAILING path_exists=0 path_locked=0 path_ttl_ok=0 path_safe=0 on_spline=0 speed=3.00 raw_wpnts=0 raw_age=-s decision=TRAILING reason=NO_STATIC_PATH
1786798063.420 [OBSTACLES] cur_s=32.13 cur_d=0.23 vs=2.74 n=1 [id=196 static=1 gap=2.43m d=-0.12 size=0.33]
1786798063.563 [STATIC_OT] state=TRAILING path_exists=1 path_locked=0 path_ttl_ok=1 path_safe=0 on_spline=1 speed=2.53 raw_wpnts=119 raw_age=1.02s decision=TRAILING reason=PATH_BLOCKED blocked_obs_id=196 gap=2.26m free_dist=0.09m branch=static/geom
1786798063.859 [STATIC_OT] state=TRAILING path_exists=1 path_locked=0 path_ttl_ok=1 path_safe=0 on_spline=1 speed=1.89 raw_wpnts=113 raw_age=1.04s decision=TRAILING reason=PATH_BLOCKED blocked_obs_id=196 gap=1.7m free_dist=0.037m branch=static/geom
1786798063.956 [OBSTACLES] cur_s=33.25 cur_d=0.15 vs=1.50 n=1 [id=196 static=1 gap=1.33m d=-0.10 size=0.40]
1786798063.961 [STATE_CHANGE] TRAILING -> OVERTAKE src=OVERTAKE s=33.25 d=0.15 vs=1.50
1786798064.468 [OBSTACLES] cur_s=33.72 cur_d=0.11 vs=1.57 n=2 [id=196 static=1 gap=0.86m d=-0.11 size=0.39; id=197 static=1 gap=12.26m d=-0.30 size=0.21]
1786798064.993 [OBSTACLES] cur_s=0.12 cur_d=0.13 vs=3.27 n=1 [id=197 static=1 gap=11.20m d=-0.17 size=0.23]
1786798065.625 [OBSTACLES] cur_s=2.65 cur_d=0.09 vs=3.38 n=1 [id=197 static=1 gap=8.62m d=-0.08 size=0.23]
1786798066.142 [OBSTACLES] cur_s=4.65 cur_d=-0.15 vs=3.45 n=1 [id=197 static=1 gap=6.58m d=-0.05 size=0.33]
1786798066.153 [STATIC_OT] state=OVERTAKE path_exists=1 path_locked=1 path_ttl_ok=0 path_safe=0 on_spline=1 speed=3.45 raw_wpnts=0 raw_age=-s decision=TRAILING reason=NO_STATIC_PATH
1786798066.160 [STATE_CHANGE] OVERTAKE -> TRAILING src=GB_TRACK s=4.65 d=-0.15 vs=3.45
1786798066.491 [STATIC_OT] state=TRAILING path_exists=0 path_locked=0 path_ttl_ok=0 path_safe=0 on_spline=0 speed=3.45 raw_wpnts=0 raw_age=-s decision=TRAILING reason=NO_STATIC_PATH
1786798066.761 [OBSTACLES] cur_s=6.41 cur_d=-0.06 vs=2.94 n=1 [id=197 static=1 gap=4.90m d=-0.04 size=0.21]
1786798066.775 [STATIC_OT] state=TRAILING path_exists=0 path_locked=0 path_ttl_ok=0 path_safe=0 on_spline=0 speed=2.94 raw_wpnts=0 raw_age=-s decision=TRAILING reason=NO_STATIC_PATH
1786798066.989 [STATIC_OT] state=TRAILING path_exists=1 path_locked=0 path_ttl_ok=1 path_safe=1 on_spline=1 speed=2.40 raw_wpnts=134 raw_age=0.79s decision=OVERTAKE
1786798066.989 [STATE_CHANGE] TRAILING -> OVERTAKE src=OVERTAKE s=6.98 d=-0.11 vs=2.40
1786798067.415 [OBSTACLES] cur_s=7.73 cur_d=-0.18 vs=1.77 n=1 [id=197 static=1 gap=3.61m d=-0.01 size=0.16]
1786798068.044 [OBSTACLES] cur_s=9.20 cur_d=-0.44 vs=2.10 n=1 [id=197 static=1 gap=2.12m d=0.02 size=0.19]
1786798068.622 [OBSTACLES] cur_s=10.54 cur_d=-0.43 vs=2.49 n=1 [id=197 static=1 gap=0.74m d=0.04 size=0.28]
1786798069.299 [OBSTACLES] cur_s=11.55 cur_d=-0.34 vs=2.17 n=0 [none]
1786798069.947 [OBSTACLES] cur_s=12.89 cur_d=-0.21 vs=2.42 n=0 [none]
1786798070.480 [OBSTACLES] cur_s=14.07 cur_d=0.41 vs=2.64 n=0 [none]
1786798071.021 [OBSTACLES] cur_s=15.46 cur_d=-0.20 vs=1.85 n=0 [none]
1786798071.539 [OBSTACLES] cur_s=16.30 cur_d=-0.41 vs=2.33 n=1 [id=200 static=0 gap=7.27m d=0.52 size=0.29]
1786798071.551 [STATIC_OT] state=OVERTAKE path_exists=1 path_locked=1 path_ttl_ok=0 path_safe=0 on_spline=1 speed=2.33 raw_wpnts=0 raw_age=-s decision=TRAILING reason=NO_STATIC_PATH
1786798071.551 [STATE_CHANGE] OVERTAKE -> TRAILING src=GB_TRACK s=16.30 d=-0.41 vs=2.33
1786798071.754 [STATIC_OT] state=TRAILING path_exists=0 path_locked=0 path_ttl_ok=0 path_safe=0 on_spline=0 speed=2.47 raw_wpnts=0 raw_age=-s decision=TRAILING reason=NO_STATIC_PATH
1786798072.007 [STATIC_OT] state=TRAILING path_exists=0 path_locked=0 path_ttl_ok=0 path_safe=0 on_spline=0 speed=1.85 raw_wpnts=0 raw_age=-s decision=TRAILING reason=NO_STATIC_PATH
1786798072.075 [OBSTACLES] cur_s=17.37 cur_d=-0.04 vs=1.75 n=1 [id=200 static=1 gap=6.15m d=0.59 size=0.34]
1786798072.076 [STATE_CHANGE] TRAILING -> GB_TRACK src=GB_TRACK s=17.37 d=-0.04 vs=1.75
1786798072.632 [OBSTACLES] cur_s=17.89 cur_d=0.05 vs=0.82 n=1 [id=200 static=1 gap=5.56m d=0.53 size=0.33]
1786798073.151 [OBSTACLES] cur_s=18.12 cur_d=0.07 vs=0.00 n=1 [id=200 static=1 gap=5.33m d=0.52 size=0.33]
1786798073.678 [OBSTACLES] cur_s=18.11 cur_d=0.08 vs=0.00 n=1 [id=200 static=1 gap=5.34m d=0.51 size=0.32]
1786798074.244 [OBSTACLES] cur_s=18.12 cur_d=0.08 vs=0.00 n=1 [id=200 static=1 gap=5.34m d=0.50 size=0.32]
1786798074.763 [OBSTACLES] cur_s=18.12 cur_d=0.08 vs=0.00 n=1 [id=200 static=1 gap=5.33m d=0.50 size=0.35]
1786798075.317 [OBSTACLES] cur_s=18.12 cur_d=0.08 vs=0.00 n=1 [id=200 static=1 gap=5.34m d=0.49 size=0.32]
