# static_avoidance_node debug log started 20260822_044714
1787341640.107 [STATIC_AVOID] obs_id=- obs_dist=-m obs_s=- ego_s=10.77 side=- | left_clearance=- right_clearance=- candidate_valid=false rung=- pre_dist=-m | cache_used=false path_age=- path_points=0 planning_time_ms=0.2 | reason=no_static_obstacle_in_range | cache_reason=no_cache
1787341640.705 [STATIC_AVOID] obs_id=- obs_dist=-m obs_s=- ego_s=10.77 side=- | left_clearance=- right_clearance=- candidate_valid=false rung=- pre_dist=-m | cache_used=false path_age=- path_points=0 planning_time_ms=0.1 | reason=no_static_obstacle_in_range | cache_reason=no_cache
1787341641.206 [STATIC_AVOID] obs_id=- obs_dist=-m obs_s=- ego_s=10.77 side=- | left_clearance=- right_clearance=- candidate_valid=false rung=- pre_dist=-m | cache_used=false path_age=- path_points=0 planning_time_ms=0.1 | reason=no_static_obstacle_in_range | cache_reason=no_cache
1787341641.814 [STATIC_AVOID] obs_id=- obs_dist=-m obs_s=- ego_s=5.84 side=- | left_clearance=- right_clearance=- candidate_valid=false rung=- pre_dist=-m | cache_used=false path_age=- path_points=0 planning_time_ms=0.1 | reason=no_static_obstacle_in_range | cache_reason=no_cache
1787341642.418 [STATIC_AVOID] obs_id=- obs_dist=-m obs_s=- ego_s=6.10 side=- | left_clearance=- right_clearance=- candidate_valid=false rung=- pre_dist=-m | cache_used=false path_age=- path_points=0 planning_time_ms=0.1 | reason=no_static_obstacle_in_range | cache_reason=no_cache
1787341643.017 [STATIC_AVOID] obs_id=- obs_dist=-m obs_s=- ego_s=6.09 side=- | left_clearance=- right_clearance=- candidate_valid=false rung=- pre_dist=-m | cache_used=false path_age=- path_points=0 planning_time_ms=0.1 | reason=no_static_obstacle_in_range | cache_reason=no_cache
1787341643.606 [STATIC_AVOID] obs_id=- obs_dist=-m obs_s=- ego_s=6.08 side=- | left_clearance=- right_clearance=- candidate_valid=false rung=- pre_dist=-m | cache_used=false path_age=- path_points=0 planning_time_ms=0.1 | reason=no_static_obstacle_in_range | cache_reason=no_cache
1787341644.106 [STATIC_AVOID] obs_id=- obs_dist=-m obs_s=- ego_s=6.08 side=- | left_clearance=- right_clearance=- candidate_valid=false rung=- pre_dist=-m | cache_used=false path_age=- path_points=0 planning_time_ms=0.3 | reason=no_static_obstacle_in_range | cache_reason=no_cache
1787341644.709 [STATIC_AVOID] obs_id=- obs_dist=-m obs_s=- ego_s=6.09 side=- | left_clearance=- right_clearance=- candidate_valid=false rung=- pre_dist=-m | cache_used=false path_age=- path_points=0 planning_time_ms=0.1 | reason=no_static_obstacle_in_range | cache_reason=no_cache
1787341645.305 [STATIC_AVOID] obs_id=- obs_dist=-m obs_s=- ego_s=6.07 side=- | left_clearance=- right_clearance=- candidate_valid=false rung=- pre_dist=-m | cache_used=false path_age=- path_points=0 planning_time_ms=0.1 | reason=no_static_obstacle_in_range | cache_reason=no_cache
1787341645.813 [STATIC_AVOID] obs_id=- obs_dist=-m obs_s=- ego_s=6.09 side=- | left_clearance=- right_clearance=- candidate_valid=false rung=- pre_dist=-m | cache_used=false path_age=- path_points=0 planning_time_ms=0.1 | reason=no_static_obstacle_in_range | cache_reason=no_cache
1787341646.405 [STATIC_AVOID] obs_id=- obs_dist=-m obs_s=- ego_s=6.07 side=- | left_clearance=- right_clearance=- candidate_valid=false rung=- pre_dist=-m | cache_used=false path_age=- path_points=0 planning_time_ms=0.1 | reason=no_static_obstacle_in_range | cache_reason=no_cache
1787341646.905 [STATIC_AVOID] obs_id=- obs_dist=-m obs_s=- ego_s=6.08 side=- | left_clearance=- right_clearance=- candidate_valid=false rung=- pre_dist=-m | cache_used=false path_age=- path_points=0 planning_time_ms=0.1 | reason=no_static_obstacle_in_range | cache_reason=no_cache
1787341647.406 [STATIC_AVOID] obs_id=- obs_dist=-m obs_s=- ego_s=6.08 side=- | left_clearance=- right_clearance=- candidate_valid=false rung=- pre_dist=-m | cache_used=false path_age=- path_points=0 planning_time_ms=0.1 | reason=no_static_obstacle_in_range | cache_reason=no_cache
1787341648.017 [STATIC_AVOID] obs_id=- obs_dist=-m obs_s=- ego_s=6.08 side=- | left_clearance=- right_clearance=- candidate_valid=false rung=- pre_dist=-m | cache_used=false path_age=- path_points=0 planning_time_ms=0.1 | reason=no_static_obstacle_in_range | cache_reason=no_cache
1787341648.606 [STATIC_AVOID] obs_id=- obs_dist=-m obs_s=- ego_s=6.08 side=- | left_clearance=- right_clearance=- candidate_valid=false rung=- pre_dist=-m | cache_used=false path_age=- path_points=0 planning_time_ms=0.1 | reason=no_static_obstacle_in_range | cache_reason=no_cache
1787341649.107 [STATIC_AVOID] obs_id=- obs_dist=-m obs_s=- ego_s=6.09 side=- | left_clearance=- right_clearance=- candidate_valid=false rung=- pre_dist=-m | cache_used=false path_age=- path_points=0 planning_time_ms=0.1 | reason=no_static_obstacle_in_range | cache_reason=no_cache
1787341649.706 [STATIC_AVOID] obs_id=- obs_dist=-m obs_s=- ego_s=6.08 side=- | left_clearance=- right_clearance=- candidate_valid=false rung=- pre_dist=-m | cache_used=false path_age=- path_points=0 planning_time_ms=0.1 | reason=no_static_obstacle_in_range | cache_reason=no_cache
1787341650.211 [STATIC_AVOID] obs_id=- obs_dist=-m obs_s=- ego_s=6.08 side=- | left_clearance=- right_clearance=- candidate_valid=false rung=- pre_dist=-m | cache_used=false path_age=- path_points=0 planning_time_ms=0.1 | reason=no_static_obstacle_in_range | cache_reason=no_cache
1787341650.806 [STATIC_AVOID] obs_id=- obs_dist=-m obs_s=- ego_s=6.09 side=- | left_clearance=- right_clearance=- candidate_valid=false rung=- pre_dist=-m | cache_used=false path_age=- path_points=0 planning_time_ms=0.1 | reason=no_static_obstacle_in_range | cache_reason=no_cache
1787341651.307 [STATIC_AVOID] obs_id=- obs_dist=-m obs_s=- ego_s=6.08 side=- | left_clearance=- right_clearance=- candidate_valid=false rung=- pre_dist=-m | cache_used=false path_age=- path_points=0 planning_time_ms=0.1 | reason=no_static_obstacle_in_range | cache_reason=no_cache
1787341651.907 [STATIC_AVOID] obs_id=- obs_dist=-m obs_s=- ego_s=6.08 side=- | left_clearance=- right_clearance=- candidate_valid=false rung=- pre_dist=-m | cache_used=false path_age=- path_points=0 planning_time_ms=0.1 | reason=no_static_obstacle_in_range | cache_reason=no_cache
1787341652.407 [STATIC_AVOID] obs_id=- obs_dist=-m obs_s=- ego_s=6.08 side=- | left_clearance=- right_clearance=- candidate_valid=false rung=- pre_dist=-m | cache_used=false path_age=- path_points=0 planning_time_ms=0.1 | reason=no_static_obstacle_in_range | cache_reason=no_cache
1787341653.008 [STATIC_AVOID] obs_id=- obs_dist=-m obs_s=- ego_s=6.09 side=- | left_clearance=- right_clearance=- candidate_valid=false rung=- pre_dist=-m | cache_used=false path_age=- path_points=0 planning_time_ms=0.1 | reason=no_static_obstacle_in_range | cache_reason=no_cache
1787341653.508 [STATIC_AVOID] obs_id=- obs_dist=-m obs_s=- ego_s=6.08 side=- | left_clearance=- right_clearance=- candidate_valid=false rung=- pre_dist=-m | cache_used=false path_age=- path_points=0 planning_time_ms=0.1 | reason=no_static_obstacle_in_range | cache_reason=no_cache
1787341654.010 [STATIC_AVOID] obs_id=- obs_dist=-m obs_s=- ego_s=6.08 side=- | left_clearance=- right_clearance=- candidate_valid=false rung=- pre_dist=-m | cache_used=false path_age=- path_points=0 planning_time_ms=0.1 | reason=no_static_obstacle_in_range | cache_reason=no_cache
1787341654.607 [STATIC_AVOID] obs_id=- obs_dist=-m obs_s=- ego_s=6.08 side=- | left_clearance=- right_clearance=- candidate_valid=false rung=- pre_dist=-m | cache_used=false path_age=- path_points=0 planning_time_ms=0.1 | reason=no_static_obstacle_in_range | cache_reason=no_cache
1787341655.208 [STATIC_AVOID] obs_id=- obs_dist=-m obs_s=- ego_s=6.09 side=- | left_clearance=- right_clearance=- candidate_valid=false rung=- pre_dist=-m | cache_used=false path_age=- path_points=0 planning_time_ms=0.1 | reason=no_static_obstacle_in_range | cache_reason=no_cache
1787341655.805 [STATIC_AVOID] obs_id=- obs_dist=-m obs_s=- ego_s=6.07 side=- | left_clearance=- right_clearance=- candidate_valid=false rung=- pre_dist=-m | cache_used=false path_age=- path_points=0 planning_time_ms=0.1 | reason=no_static_obstacle_in_range | cache_reason=no_cache
1787341656.307 [STATIC_AVOID] obs_id=- obs_dist=-m obs_s=- ego_s=6.09 side=- | left_clearance=- right_clearance=- candidate_valid=false rung=- pre_dist=-m | cache_used=false path_age=- path_points=0 planning_time_ms=0.1 | reason=no_static_obstacle_in_range | cache_reason=no_cache
1787341656.905 [STATIC_AVOID] obs_id=- obs_dist=-m obs_s=- ego_s=6.09 side=- | left_clearance=- right_clearance=- candidate_valid=false rung=- pre_dist=-m | cache_used=false path_age=- path_points=0 planning_time_ms=0.1 | reason=no_static_obstacle_in_range | cache_reason=no_cache
1787341657.406 [STATIC_AVOID] obs_id=- obs_dist=-m obs_s=- ego_s=6.08 side=- | left_clearance=- right_clearance=- candidate_valid=false rung=- pre_dist=-m | cache_used=false path_age=- path_points=0 planning_time_ms=0.1 | reason=no_static_obstacle_in_range | cache_reason=no_cache
1787341658.006 [STATIC_AVOID] obs_id=- obs_dist=-m obs_s=- ego_s=6.08 side=- | left_clearance=- right_clearance=- candidate_valid=false rung=- pre_dist=-m | cache_used=false path_age=- path_points=0 planning_time_ms=0.1 | reason=no_static_obstacle_in_range | cache_reason=no_cache
1787341658.606 [STATIC_AVOID] obs_id=- obs_dist=-m obs_s=- ego_s=6.08 side=- | left_clearance=- right_clearance=- candidate_valid=false rung=- pre_dist=-m | cache_used=false path_age=- path_points=0 planning_time_ms=0.1 | reason=no_static_obstacle_in_range | cache_reason=no_cache
1787341659.107 [STATIC_AVOID] obs_id=- obs_dist=-m obs_s=- ego_s=6.08 side=- | left_clearance=- right_clearance=- candidate_valid=false rung=- pre_dist=-m | cache_used=false path_age=- path_points=0 planning_time_ms=0.1 | reason=no_static_obstacle_in_range | cache_reason=no_cache
1787341659.613 [STATIC_AVOID] obs_id=- obs_dist=-m obs_s=- ego_s=6.09 side=- | left_clearance=- right_clearance=- candidate_valid=false rung=- pre_dist=-m | cache_used=false path_age=- path_points=0 planning_time_ms=0.1 | reason=no_static_obstacle_in_range | cache_reason=no_cache
1787341660.221 [STATIC_AVOID] obs_id=- obs_dist=-m obs_s=- ego_s=6.09 side=- | left_clearance=- right_clearance=- candidate_valid=false rung=- pre_dist=-m | cache_used=false path_age=- path_points=0 planning_time_ms=0.1 | reason=no_static_obstacle_in_range | cache_reason=no_cache
1787341660.806 [STATIC_AVOID] obs_id=- obs_dist=-m obs_s=- ego_s=6.09 side=- | left_clearance=- right_clearance=- candidate_valid=false rung=- pre_dist=-m | cache_used=false path_age=- path_points=0 planning_time_ms=0.1 | reason=no_static_obstacle_in_range | cache_reason=no_cache
1787341661.307 [STATIC_AVOID] obs_id=- obs_dist=-m obs_s=- ego_s=6.08 side=- | left_clearance=- right_clearance=- candidate_valid=false rung=- pre_dist=-m | cache_used=false path_age=- path_points=0 planning_time_ms=0.1 | reason=no_static_obstacle_in_range | cache_reason=no_cache
1787341661.906 [STATIC_AVOID] obs_id=- obs_dist=-m obs_s=- ego_s=6.09 side=- | left_clearance=- right_clearance=- candidate_valid=false rung=- pre_dist=-m | cache_used=false path_age=- path_points=0 planning_time_ms=0.1 | reason=no_static_obstacle_in_range | cache_reason=no_cache
1787341662.415 [STATIC_AVOID] obs_id=- obs_dist=-m obs_s=- ego_s=6.08 side=- | left_clearance=- right_clearance=- candidate_valid=false rung=- pre_dist=-m | cache_used=false path_age=- path_points=0 planning_time_ms=0.3 | reason=no_static_obstacle_in_range | cache_reason=no_cache
1787341663.007 [STATIC_AVOID] obs_id=- obs_dist=-m obs_s=- ego_s=6.09 side=- | left_clearance=- right_clearance=- candidate_valid=false rung=- pre_dist=-m | cache_used=false path_age=- path_points=0 planning_time_ms=0.2 | reason=no_static_obstacle_in_range | cache_reason=no_cache
1787341663.605 [STATIC_AVOID] obs_id=- obs_dist=-m obs_s=- ego_s=6.08 side=- | left_clearance=- right_clearance=- candidate_valid=false rung=- pre_dist=-m | cache_used=false path_age=- path_points=0 planning_time_ms=0.1 | reason=no_static_obstacle_in_range | cache_reason=no_cache
1787341664.206 [STATIC_AVOID] obs_id=- obs_dist=-m obs_s=- ego_s=6.08 side=- | left_clearance=- right_clearance=- candidate_valid=false rung=- pre_dist=-m | cache_used=false path_age=- path_points=0 planning_time_ms=0.1 | reason=no_static_obstacle_in_range | cache_reason=no_cache
1787341664.807 [STATIC_AVOID] obs_id=- obs_dist=-m obs_s=- ego_s=6.08 side=- | left_clearance=- right_clearance=- candidate_valid=false rung=- pre_dist=-m | cache_used=false path_age=- path_points=0 planning_time_ms=0.1 | reason=no_static_obstacle_in_range | cache_reason=no_cache
1787341665.406 [STATIC_AVOID] obs_id=- obs_dist=-m obs_s=- ego_s=6.08 side=- | left_clearance=- right_clearance=- candidate_valid=false rung=- pre_dist=-m | cache_used=false path_age=- path_points=0 planning_time_ms=0.1 | reason=no_static_obstacle_in_range | cache_reason=no_cache
1787341665.907 [STATIC_AVOID] obs_id=- obs_dist=-m obs_s=- ego_s=6.13 side=- | left_clearance=- right_clearance=- candidate_valid=false rung=- pre_dist=-m | cache_used=false path_age=- path_points=0 planning_time_ms=0.1 | reason=no_static_obstacle_in_range | cache_reason=no_cache
1787341666.506 [STATIC_AVOID] obs_id=- obs_dist=-m obs_s=- ego_s=6.81 side=- | left_clearance=- right_clearance=- candidate_valid=false rung=- pre_dist=-m | cache_used=false path_age=- path_points=0 planning_time_ms=0.1 | reason=no_static_obstacle_in_range | cache_reason=no_cache
1787341667.007 [STATIC_AVOID] obs_id=- obs_dist=-m obs_s=- ego_s=8.06 side=- | left_clearance=- right_clearance=- candidate_valid=false rung=- pre_dist=-m | cache_used=false path_age=- path_points=0 planning_time_ms=0.1 | reason=no_static_obstacle_in_range | cache_reason=no_cache
1787341667.609 [STATIC_AVOID] obs_id=- obs_dist=-m obs_s=- ego_s=10.30 side=- | left_clearance=- right_clearance=- candidate_valid=false rung=- pre_dist=-m | cache_used=false path_age=- path_points=0 planning_time_ms=0.1 | reason=no_static_obstacle_in_range | cache_reason=no_cache
1787341668.207 [STATIC_AVOID] obs_id=- obs_dist=-m obs_s=- ego_s=12.37 side=- | left_clearance=- right_clearance=- candidate_valid=false rung=- pre_dist=-m | cache_used=false path_age=- path_points=0 planning_time_ms=0.1 | reason=no_static_obstacle_in_range | cache_reason=no_cache
1787341668.805 [STATIC_AVOID] obs_id=- obs_dist=-m obs_s=- ego_s=14.58 side=- | left_clearance=- right_clearance=- candidate_valid=false rung=- pre_dist=-m | cache_used=false path_age=- path_points=0 planning_time_ms=0.1 | reason=no_static_obstacle_in_range | cache_reason=no_cache
1787341669.306 [STATIC_AVOID] obs_id=- obs_dist=-m obs_s=- ego_s=16.17 side=- | left_clearance=- right_clearance=- candidate_valid=false rung=- pre_dist=-m | cache_used=false path_age=- path_points=0 planning_time_ms=0.1 | reason=no_static_obstacle_in_range | cache_reason=no_cache
1787341669.808 [STATIC_AVOID] obs_id=- obs_dist=-m obs_s=- ego_s=17.11 side=- | left_clearance=- right_clearance=- candidate_valid=false rung=- pre_dist=-m | cache_used=false path_age=- path_points=0 planning_time_ms=0.1 | reason=no_static_obstacle_in_range | cache_reason=no_cache
1787341670.325 [STATIC_AVOID] obs_id=- obs_dist=-m obs_s=- ego_s=17.36 side=- | left_clearance=- right_clearance=- candidate_valid=false rung=- pre_dist=-m | cache_used=false path_age=- path_points=0 planning_time_ms=0.1 | reason=no_static_obstacle_in_range | cache_reason=no_cache
1787341670.906 [STATIC_AVOID] obs_id=- obs_dist=-m obs_s=- ego_s=18.59 side=- | left_clearance=- right_clearance=- candidate_valid=false rung=- pre_dist=-m | cache_used=false path_age=- path_points=0 planning_time_ms=0.1 | reason=no_static_obstacle_in_range | cache_reason=no_cache
1787341671.406 [STATIC_AVOID] obs_id=- obs_dist=-m obs_s=- ego_s=19.66 side=- | left_clearance=- right_clearance=- candidate_valid=false rung=- pre_dist=-m | cache_used=false path_age=- path_points=0 planning_time_ms=0.1 | reason=no_static_obstacle_in_range | cache_reason=no_cache
1787341671.918 [STATIC_AVOID] obs_id=7 obs_dist=3.70m obs_s=24.82 ego_s=21.12 side=LEFT | left_clearance=0.15 right_clearance=-0.18 candidate_valid=true rung=0 pre_dist=3.70m | cache_used=false path_age=0.000 path_points=105 planning_time_ms=6.8
1787341672.418 [STATIC_AVOID] obs_id=7 obs_dist=2.13m obs_s=24.81 ego_s=22.69 side=LEFT | left_clearance=0.20 right_clearance=-0.20 candidate_valid=true rung=0 pre_dist=3.69m | cache_used=false path_age=0.000 path_points=101 planning_time_ms=13.3
1787341673.025 [STATIC_AVOID] obs_id=7 obs_dist=2.14m obs_s=24.83 ego_s=22.69 side=LEFT | left_clearance=0.23 right_clearance=-0.22 candidate_valid=true rung=0 pre_dist=3.71m | cache_used=false path_age=0.000 path_points=101 planning_time_ms=6.6
1787341673.612 [STATIC_AVOID] obs_id=7 obs_dist=2.43m obs_s=24.83 ego_s=22.40 side=LEFT | left_clearance=0.23 right_clearance=-0.22 candidate_valid=true rung=0 pre_dist=3.71m | cache_used=false path_age=0.000 path_points=101 planning_time_ms=6.4
1787341674.215 [STATIC_AVOID] obs_id=7 obs_dist=2.38m obs_s=24.83 ego_s=22.45 side=LEFT | left_clearance=0.23 right_clearance=-0.22 candidate_valid=true rung=2 pre_dist=3.71m | cache_used=false path_age=0.000 path_points=101 planning_time_ms=9.8
1787341674.718 [STATIC_AVOID] obs_id=7 obs_dist=2.36m obs_s=24.80 ego_s=22.45 side=LEFT | left_clearance=0.21 right_clearance=-0.25 candidate_valid=false rung=- pre_dist=3.68m | cache_used=true path_age=0.109 path_points=101 planning_time_ms=11.5 | reason=obstacle_clearance
1787341675.320 [STATIC_AVOID] obs_id=7 obs_dist=2.21m obs_s=24.71 ego_s=22.50 side=LEFT | left_clearance=0.24 right_clearance=-0.28 candidate_valid=true rung=0 pre_dist=3.59m | cache_used=false path_age=0.000 path_points=101 planning_time_ms=12.4
1787341675.917 [STATIC_AVOID] obs_id=7 obs_dist=1.97m obs_s=24.69 ego_s=22.72 side=LEFT | left_clearance=0.25 right_clearance=-0.28 candidate_valid=true rung=2 pre_dist=3.56m | cache_used=false path_age=0.000 path_points=101 planning_time_ms=12.3
1787341676.424 [STATIC_AVOID] obs_id=7 obs_dist=1.00m obs_s=24.69 ego_s=23.68 side=LEFT | left_clearance=0.25 right_clearance=-0.28 candidate_valid=true rung=0 pre_dist=3.56m | cache_used=false path_age=0.000 path_points=101 planning_time_ms=12.6
1787341677.019 [STATIC_AVOID] obs_id=7 obs_dist=-0.91m obs_s=24.69 ego_s=25.59 side=LEFT | left_clearance=0.25 right_clearance=-0.28 candidate_valid=true rung=0 pre_dist=4.97m | cache_used=false path_age=0.000 path_points=101 planning_time_ms=3.4
1787341677.607 [STATIC_AVOID] obs_id=- obs_dist=-m obs_s=- ego_s=26.95 side=- | left_clearance=- right_clearance=- candidate_valid=false rung=- pre_dist=-m | cache_used=false path_age=- path_points=0 planning_time_ms=0.1 | reason=no_static_obstacle_in_range | cache_reason=no_cache
1787341678.206 [STATIC_AVOID] obs_id=- obs_dist=-m obs_s=- ego_s=28.94 side=- | left_clearance=- right_clearance=- candidate_valid=false rung=- pre_dist=-m | cache_used=false path_age=- path_points=0 planning_time_ms=0.1 | reason=no_static_obstacle_in_range | cache_reason=no_cache
1787341678.805 [STATIC_AVOID] obs_id=- obs_dist=-m obs_s=- ego_s=30.91 side=- | left_clearance=- right_clearance=- candidate_valid=false rung=- pre_dist=-m | cache_used=false path_age=- path_points=0 planning_time_ms=0.1 | reason=no_static_obstacle_in_range | cache_reason=no_cache
1787341679.305 [STATIC_AVOID] obs_id=- obs_dist=-m obs_s=- ego_s=31.94 side=- | left_clearance=- right_clearance=- candidate_valid=false rung=- pre_dist=-m | cache_used=false path_age=- path_points=0 planning_time_ms=0.1 | reason=no_static_obstacle_in_range | cache_reason=no_cache
1787341679.805 [STATIC_AVOID] obs_id=- obs_dist=-m obs_s=- ego_s=33.37 side=- | left_clearance=- right_clearance=- candidate_valid=false rung=- pre_dist=-m | cache_used=false path_age=- path_points=0 planning_time_ms=0.1 | reason=no_static_obstacle_in_range | cache_reason=no_cache
1787341680.423 [STATIC_AVOID] obs_id=16 obs_dist=6.09m obs_s=1.90 ego_s=35.32 side=LEFT | left_clearance=0.33 right_clearance=0.02 candidate_valid=true rung=2 pre_dist=6.09m | cache_used=false path_age=0.000 path_points=147 planning_time_ms=18.6
1787341681.018 [STATIC_AVOID] obs_id=16 obs_dist=3.70m obs_s=1.90 ego_s=37.72 side=LEFT | left_clearance=0.49 right_clearance=0.02 candidate_valid=true rung=0 pre_dist=6.10m | cache_used=false path_age=0.000 path_points=110 planning_time_ms=11.8
1787341681.614 [STATIC_AVOID] obs_id=16 obs_dist=1.64m obs_s=1.85 ego_s=0.22 side=LEFT | left_clearance=0.50 right_clearance=-0.14 candidate_valid=true rung=0 pre_dist=6.05m | cache_used=false path_age=0.000 path_points=101 planning_time_ms=8.5
1787341682.209 [STATIC_AVOID] obs_id=16 obs_dist=-0.59m obs_s=1.85 ego_s=2.43 side=LEFT | left_clearance=0.62 right_clearance=-0.11 candidate_valid=true rung=0 pre_dist=7.13m | cache_used=false path_age=0.000 path_points=101 planning_time_ms=3.6
1787341682.809 [STATIC_AVOID] obs_id=20 obs_dist=1.59m obs_s=6.25 ego_s=4.66 side=RIGHT | left_clearance=-0.21 right_clearance=0.39 candidate_valid=true rung=0 pre_dist=2.69m | cache_used=false path_age=0.000 path_points=101 planning_time_ms=3.7
1787341683.315 [STATIC_AVOID] obs_id=20 obs_dist=0.25m obs_s=6.25 ego_s=6.00 side=RIGHT | left_clearance=-0.21 right_clearance=0.39 candidate_valid=true rung=0 pre_dist=2.94m | cache_used=false path_age=0.000 path_points=101 planning_time_ms=9.0
1787341683.817 [STATIC_AVOID] obs_id=20 obs_dist=-0.84m obs_s=6.25 ego_s=7.09 side=RIGHT | left_clearance=-0.21 right_clearance=0.39 candidate_valid=true rung=0 pre_dist=4.03m | cache_used=false path_age=0.000 path_points=101 planning_time_ms=3.3
1787341684.405 [STATIC_AVOID] obs_id=- obs_dist=-m obs_s=- ego_s=8.83 side=- | left_clearance=- right_clearance=- candidate_valid=false rung=- pre_dist=-m | cache_used=false path_age=- path_points=0 planning_time_ms=0.1 | reason=no_static_obstacle_in_range | cache_reason=no_cache
1787341684.905 [STATIC_AVOID] obs_id=- obs_dist=-m obs_s=- ego_s=9.69 side=- | left_clearance=- right_clearance=- candidate_valid=false rung=- pre_dist=-m | cache_used=false path_age=- path_points=0 planning_time_ms=0.1 | reason=no_static_obstacle_in_range | cache_reason=no_cache
1787341685.409 [STATIC_AVOID] obs_id=- obs_dist=-m obs_s=- ego_s=10.46 side=- | left_clearance=- right_clearance=- candidate_valid=false rung=- pre_dist=-m | cache_used=false path_age=- path_points=0 planning_time_ms=0.1 | reason=no_static_obstacle_in_range | cache_reason=no_cache
1787341686.006 [STATIC_AVOID] obs_id=- obs_dist=-m obs_s=- ego_s=11.38 side=- | left_clearance=- right_clearance=- candidate_valid=false rung=- pre_dist=-m | cache_used=false path_age=- path_points=0 planning_time_ms=0.1 | reason=no_static_obstacle_in_range | cache_reason=no_cache
1787341686.606 [STATIC_AVOID] obs_id=- obs_dist=-m obs_s=- ego_s=12.53 side=- | left_clearance=- right_clearance=- candidate_valid=false rung=- pre_dist=-m | cache_used=false path_age=- path_points=0 planning_time_ms=0.1 | reason=no_static_obstacle_in_range | cache_reason=no_cache
1787341687.208 [STATIC_AVOID] obs_id=- obs_dist=-m obs_s=- ego_s=13.86 side=- | left_clearance=- right_clearance=- candidate_valid=false rung=- pre_dist=-m | cache_used=false path_age=- path_points=0 planning_time_ms=0.1 | reason=no_static_obstacle_in_range | cache_reason=no_cache
1787341687.805 [STATIC_AVOID] obs_id=- obs_dist=-m obs_s=- ego_s=14.99 side=- | left_clearance=- right_clearance=- candidate_valid=false rung=- pre_dist=-m | cache_used=false path_age=- path_points=0 planning_time_ms=0.1 | reason=no_static_obstacle_in_range | cache_reason=no_cache
1787341688.405 [STATIC_AVOID] obs_id=- obs_dist=-m obs_s=- ego_s=15.94 side=- | left_clearance=- right_clearance=- candidate_valid=false rung=- pre_dist=-m | cache_used=false path_age=- path_points=0 planning_time_ms=0.1 | reason=no_static_obstacle_in_range | cache_reason=no_cache
1787341688.906 [STATIC_AVOID] obs_id=- obs_dist=-m obs_s=- ego_s=16.39 side=- | left_clearance=- right_clearance=- candidate_valid=false rung=- pre_dist=-m | cache_used=false path_age=- path_points=0 planning_time_ms=0.1 | reason=no_static_obstacle_in_range | cache_reason=no_cache
1787341689.505 [STATIC_AVOID] obs_id=- obs_dist=-m obs_s=- ego_s=17.27 side=- | left_clearance=- right_clearance=- candidate_valid=false rung=- pre_dist=-m | cache_used=false path_age=- path_points=0 planning_time_ms=0.1 | reason=no_static_obstacle_in_range | cache_reason=no_cache
1787341690.014 [STATIC_AVOID] obs_id=- obs_dist=-m obs_s=- ego_s=17.98 side=- | left_clearance=- right_clearance=- candidate_valid=false rung=- pre_dist=-m | cache_used=false path_age=- path_points=0 planning_time_ms=0.1 | reason=no_static_obstacle_in_range | cache_reason=no_cache
1787341690.521 [STATIC_AVOID] obs_id=28 obs_dist=6.06m obs_s=24.92 ego_s=18.86 side=LEFT | left_clearance=0.52 right_clearance=-0.02 candidate_valid=true rung=2 pre_dist=2.14m | cache_used=false path_age=0.000 path_points=122 planning_time_ms=14.4
1787341691.027 [STATIC_AVOID] obs_id=28 obs_dist=5.43m obs_s=24.96 ego_s=19.52 side=LEFT | left_clearance=0.54 right_clearance=-0.13 candidate_valid=true rung=0 pre_dist=2.17m | cache_used=false path_age=0.000 path_points=110 planning_time_ms=16.7
1787341691.627 [STATIC_AVOID] obs_id=28 obs_dist=4.08m obs_s=24.94 ego_s=20.86 side=LEFT | left_clearance=0.28 right_clearance=-0.14 candidate_valid=true rung=0 pre_dist=2.16m | cache_used=false path_age=0.000 path_points=102 planning_time_ms=5.5
1787341692.217 [STATIC_AVOID] obs_id=28 obs_dist=2.62m obs_s=24.95 ego_s=22.33 side=LEFT | left_clearance=0.62 right_clearance=-0.14 candidate_valid=true rung=0 pre_dist=2.17m | cache_used=false path_age=0.000 path_points=101 planning_time_ms=5.9
1787341692.813 [STATIC_AVOID] obs_id=28 obs_dist=2.35m obs_s=24.97 ego_s=22.61 side=LEFT | left_clearance=0.60 right_clearance=-0.18 candidate_valid=false rung=- pre_dist=2.18m | cache_used=true path_age=0.106 path_points=101 planning_time_ms=7.2 | reason=obstacle_clearance
1787341693.316 [STATIC_AVOID] obs_id=28 obs_dist=2.46m obs_s=25.04 ego_s=22.58 side=LEFT | left_clearance=0.59 right_clearance=-0.22 candidate_valid=false rung=- pre_dist=2.26m | cache_used=true path_age=0.108 path_points=101 planning_time_ms=8.7 | reason=obstacle_clearance
1787341693.925 [STATIC_AVOID] obs_id=28 obs_dist=2.48m obs_s=25.09 ego_s=22.60 side=LEFT | left_clearance=0.57 right_clearance=-0.23 candidate_valid=true rung=2 pre_dist=2.30m | cache_used=false path_age=0.000 path_points=101 planning_time_ms=6.7
1787341694.510 [STATIC_AVOID] obs_id=28 obs_dist=2.52m obs_s=25.11 ego_s=22.59 side=LEFT | left_clearance=-0.05 right_clearance=-0.25 candidate_valid=false rung=- pre_dist=2.01m | cache_used=false path_age=- path_points=0 planning_time_ms=4.0 | reason=group_track_too_narrow | cache_reason=no_cache
1787341695.109 [STATIC_AVOID] obs_id=28 obs_dist=2.56m obs_s=25.13 ego_s=22.57 side=LEFT | left_clearance=-0.08 right_clearance=-0.30 candidate_valid=false rung=- pre_dist=2.03m | cache_used=false path_age=- path_points=0 planning_time_ms=3.2 | reason=group_track_too_narrow | cache_reason=no_cache
1787341695.614 [STATIC_AVOID] obs_id=28 obs_dist=2.54m obs_s=25.13 ego_s=22.59 side=LEFT | left_clearance=-0.02 right_clearance=-0.31 candidate_valid=false rung=- pre_dist=2.03m | cache_used=false path_age=- path_points=0 planning_time_ms=6.2 | reason=group_track_too_narrow | cache_reason=no_cache
1787341696.213 [STATIC_AVOID] obs_id=28 obs_dist=2.61m obs_s=25.13 ego_s=22.52 side=LEFT | left_clearance=-0.04 right_clearance=-0.31 candidate_valid=false rung=- pre_dist=2.03m | cache_used=false path_age=- path_points=0 planning_time_ms=7.8 | reason=group_track_too_narrow | cache_reason=no_cache
1787341696.808 [STATIC_AVOID] obs_id=28 obs_dist=2.62m obs_s=25.13 ego_s=22.51 side=LEFT | left_clearance=-0.05 right_clearance=-0.32 candidate_valid=false rung=- pre_dist=2.03m | cache_used=false path_age=- path_points=0 planning_time_ms=3.4 | reason=group_track_too_narrow | cache_reason=no_cache
1787341697.317 [STATIC_AVOID] obs_id=28 obs_dist=2.68m obs_s=25.12 ego_s=22.44 side=LEFT | left_clearance=-0.05 right_clearance=-0.31 candidate_valid=false rung=- pre_dist=2.02m | cache_used=false path_age=- path_points=0 planning_time_ms=10.3 | reason=group_track_too_narrow | cache_reason=no_cache
1787341697.912 [STATIC_AVOID] obs_id=28 obs_dist=2.68m obs_s=25.10 ego_s=22.42 side=LEFT | left_clearance=-0.05 right_clearance=-0.30 candidate_valid=false rung=- pre_dist=2.01m | cache_used=false path_age=- path_points=0 planning_time_ms=3.5 | reason=group_track_too_narrow | cache_reason=no_cache
1787341698.418 [STATIC_AVOID] obs_id=28 obs_dist=2.92m obs_s=25.09 ego_s=22.17 side=LEFT | left_clearance=-0.05 right_clearance=-0.32 candidate_valid=false rung=- pre_dist=2.00m | cache_used=false path_age=- path_points=0 planning_time_ms=9.4 | reason=group_track_too_narrow | cache_reason=no_cache
1787341699.010 [STATIC_AVOID] obs_id=28 obs_dist=2.87m obs_s=25.09 ego_s=22.22 side=LEFT | left_clearance=0.56 right_clearance=-0.32 candidate_valid=true rung=0 pre_dist=2.00m | cache_used=false path_age=0.000 path_points=101 planning_time_ms=3.5
1787341699.518 [STATIC_AVOID] obs_id=28 obs_dist=2.45m obs_s=25.09 ego_s=22.64 side=LEFT | left_clearance=0.56 right_clearance=-0.32 candidate_valid=true rung=0 pre_dist=2.00m | cache_used=false path_age=0.000 path_points=101 planning_time_ms=8.1
1787341700.044 [STATIC_AVOID] obs_id=28 obs_dist=1.24m obs_s=25.09 ego_s=23.85 side=LEFT | left_clearance=0.33 right_clearance=-0.32 candidate_valid=false rung=- pre_dist=2.00m | cache_used=true path_age=0.223 path_points=101 planning_time_ms=23.3 | reason=obstacle_clearance
1787341700.607 [STATIC_AVOID] obs_id=- obs_dist=-m obs_s=- ego_s=25.68 side=- | left_clearance=- right_clearance=- candidate_valid=false rung=- pre_dist=-m | cache_used=false path_age=- path_points=0 planning_time_ms=0.1 | reason=no_static_obstacle_in_range | cache_reason=no_cache
1787341701.215 [STATIC_AVOID] obs_id=- obs_dist=-m obs_s=- ego_s=26.97 side=- | left_clearance=- right_clearance=- candidate_valid=false rung=- pre_dist=-m | cache_used=false path_age=- path_points=0 planning_time_ms=0.1 | reason=no_static_obstacle_in_range | cache_reason=no_cache
1787341701.806 [STATIC_AVOID] obs_id=- obs_dist=-m obs_s=- ego_s=28.93 side=- | left_clearance=- right_clearance=- candidate_valid=false rung=- pre_dist=-m | cache_used=false path_age=- path_points=0 planning_time_ms=0.1 | reason=no_static_obstacle_in_range | cache_reason=no_cache
1787341702.307 [STATIC_AVOID] obs_id=- obs_dist=-m obs_s=- ego_s=30.58 side=- | left_clearance=- right_clearance=- candidate_valid=false rung=- pre_dist=-m | cache_used=false path_age=- path_points=0 planning_time_ms=0.1 | reason=no_static_obstacle_in_range | cache_reason=no_cache
1787341702.907 [STATIC_AVOID] obs_id=- obs_dist=-m obs_s=- ego_s=31.92 side=- | left_clearance=- right_clearance=- candidate_valid=false rung=- pre_dist=-m | cache_used=false path_age=- path_points=0 planning_time_ms=0.1 | reason=no_static_obstacle_in_range | cache_reason=no_cache
1787341703.424 [STATIC_AVOID] obs_id=- obs_dist=-m obs_s=- ego_s=33.19 side=- | left_clearance=- right_clearance=- candidate_valid=false rung=- pre_dist=-m | cache_used=false path_age=- path_points=0 planning_time_ms=0.1 | reason=no_static_obstacle_in_range | cache_reason=no_cache
1787341704.030 [STATIC_AVOID] obs_id=33 obs_dist=6.86m obs_s=1.94 ego_s=34.60 side=LEFT | left_clearance=0.56 right_clearance=0.05 candidate_valid=false rung=- pre_dist=4.25m | cache_used=true path_age=0.120 path_points=128 planning_time_ms=14.9 | reason=obstacle_clearance
1787341704.624 [STATIC_AVOID] obs_id=33 obs_dist=5.26m obs_s=1.93 ego_s=36.19 side=LEFT | left_clearance=0.59 right_clearance=0.04 candidate_valid=true rung=2 pre_dist=4.24m | cache_used=false path_age=0.000 path_points=130 planning_time_ms=15.1
1787341705.219 [STATIC_AVOID] obs_id=33 obs_dist=3.01m obs_s=1.86 ego_s=38.37 side=LEFT | left_clearance=0.55 right_clearance=-0.11 candidate_valid=true rung=0 pre_dist=4.17m | cache_used=false path_age=0.000 path_points=101 planning_time_ms=3.6
1787341705.722 [STATIC_AVOID] obs_id=33 obs_dist=1.53m obs_s=1.79 ego_s=0.26 side=LEFT | left_clearance=0.56 right_clearance=-0.18 candidate_valid=true rung=0 pre_dist=4.10m | cache_used=false path_age=0.000 path_points=101 planning_time_ms=13.8
1787341706.351 [STATIC_AVOID] obs_id=33 obs_dist=-0.10m obs_s=1.79 ego_s=1.89 side=LEFT | left_clearance=0.70 right_clearance=-0.09 candidate_valid=true rung=0 pre_dist=4.70m | cache_used=false path_age=0.000 path_points=101 planning_time_ms=5.2
1787341706.906 [STATIC_AVOID] obs_id=- obs_dist=-m obs_s=- ego_s=3.89 side=- | left_clearance=- right_clearance=- candidate_valid=false rung=- pre_dist=-m | cache_used=false path_age=- path_points=0 planning_time_ms=0.2 | reason=no_static_obstacle_in_range | cache_reason=no_cache
1787341707.506 [STATIC_AVOID] obs_id=- obs_dist=-m obs_s=- ego_s=6.03 side=- | left_clearance=- right_clearance=- candidate_valid=false rung=- pre_dist=-m | cache_used=false path_age=- path_points=0 planning_time_ms=0.1 | reason=no_static_obstacle_in_range | cache_reason=no_cache
1787341708.112 [STATIC_AVOID] obs_id=- obs_dist=-m obs_s=- ego_s=7.95 side=- | left_clearance=- right_clearance=- candidate_valid=false rung=- pre_dist=-m | cache_used=false path_age=- path_points=0 planning_time_ms=0.1 | reason=no_static_obstacle_in_range | cache_reason=no_cache
1787341708.705 [STATIC_AVOID] obs_id=- obs_dist=-m obs_s=- ego_s=10.24 side=- | left_clearance=- right_clearance=- candidate_valid=false rung=- pre_dist=-m | cache_used=false path_age=- path_points=0 planning_time_ms=0.1 | reason=no_static_obstacle_in_range | cache_reason=no_cache
1787341709.308 [STATIC_AVOID] obs_id=- obs_dist=-m obs_s=- ego_s=12.44 side=- | left_clearance=- right_clearance=- candidate_valid=false rung=- pre_dist=-m | cache_used=false path_age=- path_points=0 planning_time_ms=0.1 | reason=no_static_obstacle_in_range | cache_reason=no_cache
1787341709.916 [STATIC_AVOID] obs_id=- obs_dist=-m obs_s=- ego_s=14.57 side=- | left_clearance=- right_clearance=- candidate_valid=false rung=- pre_dist=-m | cache_used=false path_age=- path_points=0 planning_time_ms=0.1 | reason=no_static_obstacle_in_range | cache_reason=no_cache
1787341710.419 [STATIC_AVOID] obs_id=- obs_dist=-m obs_s=- ego_s=16.14 side=- | left_clearance=- right_clearance=- candidate_valid=false rung=- pre_dist=-m | cache_used=false path_age=- path_points=0 planning_time_ms=0.1 | reason=no_static_obstacle_in_range | cache_reason=no_cache
1787341711.008 [STATIC_AVOID] obs_id=- obs_dist=-m obs_s=- ego_s=17.42 side=- | left_clearance=- right_clearance=- candidate_valid=false rung=- pre_dist=-m | cache_used=false path_age=- path_points=0 planning_time_ms=0.2 | reason=no_static_obstacle_in_range | cache_reason=no_cache
1787341711.608 [STATIC_AVOID] obs_id=- obs_dist=-m obs_s=- ego_s=19.10 side=- | left_clearance=- right_clearance=- candidate_valid=false rung=- pre_dist=-m | cache_used=false path_age=- path_points=0 planning_time_ms=0.1 | reason=no_static_obstacle_in_range | cache_reason=no_cache
1787341712.111 [STATIC_AVOID] obs_id=- obs_dist=-m obs_s=- ego_s=19.92 side=- | left_clearance=- right_clearance=- candidate_valid=false rung=- pre_dist=-m | cache_used=false path_age=- path_points=0 planning_time_ms=0.1 | reason=no_static_obstacle_in_range | cache_reason=no_cache
1787341712.706 [STATIC_AVOID] obs_id=- obs_dist=-m obs_s=- ego_s=20.35 side=- | left_clearance=- right_clearance=- candidate_valid=false rung=- pre_dist=-m | cache_used=false path_age=- path_points=0 planning_time_ms=0.1 | reason=no_static_obstacle_in_range | cache_reason=no_cache
1787341713.220 [STATIC_AVOID] obs_id=37 obs_dist=3.43m obs_s=24.37 ego_s=20.94 side=LEFT | left_clearance=0.52 right_clearance=-0.07 candidate_valid=true rung=0 pre_dist=2.00m | cache_used=false path_age=0.000 path_points=101 planning_time_ms=15.0
1787341713.820 [STATIC_AVOID] obs_id=37 obs_dist=2.55m obs_s=24.55 ego_s=22.01 side=LEFT | left_clearance=0.45 right_clearance=-0.10 candidate_valid=true rung=0 pre_dist=2.18m | cache_used=false path_age=0.000 path_points=101 planning_time_ms=11.1
1787341714.424 [STATIC_AVOID] obs_id=37 obs_dist=2.21m obs_s=24.71 ego_s=22.50 side=LEFT | left_clearance=0.42 right_clearance=-0.10 candidate_valid=true rung=0 pre_dist=2.33m | cache_used=false path_age=0.000 path_points=101 planning_time_ms=3.7
1787341715.005 [STATIC_AVOID] obs_id=- obs_dist=-m obs_s=- ego_s=22.32 side=- | left_clearance=- right_clearance=- candidate_valid=false rung=- pre_dist=-m | cache_used=false path_age=- path_points=0 planning_time_ms=0.1 | reason=no_static_obstacle_in_range | cache_reason=no_cache
1787341715.507 [STATIC_AVOID] obs_id=- obs_dist=-m obs_s=- ego_s=22.34 side=- | left_clearance=- right_clearance=- candidate_valid=false rung=- pre_dist=-m | cache_used=false path_age=- path_points=0 planning_time_ms=0.1 | reason=no_static_obstacle_in_range | cache_reason=no_cache
1787341716.107 [STATIC_AVOID] obs_id=- obs_dist=-m obs_s=- ego_s=22.86 side=- | left_clearance=- right_clearance=- candidate_valid=false rung=- pre_dist=-m | cache_used=false path_age=- path_points=0 planning_time_ms=0.1 | reason=no_static_obstacle_in_range | cache_reason=no_cache
1787341716.627 [STATIC_AVOID] obs_id=44 obs_dist=5.19m obs_s=27.76 ego_s=22.57 side=RIGHT | left_clearance=0.04 right_clearance=0.08 candidate_valid=true rung=2 pre_dist=2.00m | cache_used=false path_age=0.000 path_points=113 planning_time_ms=18.1
1787341717.210 [STATIC_AVOID] obs_id=44 obs_dist=5.54m obs_s=27.76 ego_s=22.22 side=RIGHT | left_clearance=0.04 right_clearance=0.08 candidate_valid=true rung=0 pre_dist=2.00m | cache_used=false path_age=0.000 path_points=111 planning_time_ms=3.6
1787341717.720 [STATIC_AVOID] obs_id=37 obs_dist=2.57m obs_s=24.89 ego_s=22.32 side=RIGHT | left_clearance=0.04 right_clearance=-0.10 candidate_valid=false rung=- pre_dist=2.00m | cache_used=false path_age=- path_points=0 planning_time_ms=9.2 | reason=group_track_too_narrow | cache_reason=no_cache
1787341718.322 [STATIC_AVOID] obs_id=45 obs_dist=1.79m obs_s=24.21 ego_s=22.41 side=RIGHT | left_clearance=0.04 right_clearance=-0.10 candidate_valid=false rung=- pre_dist=2.03m | cache_used=false path_age=- path_points=0 planning_time_ms=14.8 | reason=group_track_too_narrow | cache_reason=no_cache
1787341718.918 [STATIC_AVOID] obs_id=45 obs_dist=1.86m obs_s=24.22 ego_s=22.37 side=LEFT | left_clearance=0.32 right_clearance=-0.10 candidate_valid=true rung=0 pre_dist=2.00m | cache_used=false path_age=0.000 path_points=101 planning_time_ms=6.2
1787341719.521 [STATIC_AVOID] obs_id=45 obs_dist=1.58m obs_s=24.19 ego_s=22.62 side=LEFT | left_clearance=0.32 right_clearance=-0.10 candidate_valid=false rung=- pre_dist=2.00m | cache_used=false path_age=- path_points=0 planning_time_ms=8.4 | reason=group_obstacle_clearance | cache_reason=cache_expired
1787341720.028 [STATIC_AVOID] obs_id=45 obs_dist=0.63m obs_s=24.16 ego_s=23.54 side=LEFT | left_clearance=0.32 right_clearance=-0.12 candidate_valid=true rung=0 pre_dist=2.00m | cache_used=false path_age=0.000 path_points=101 planning_time_ms=6.8
1787341720.616 [STATIC_AVOID] obs_id=45 obs_dist=-0.90m obs_s=24.16 ego_s=25.06 side=LEFT | left_clearance=0.25 right_clearance=-0.06 candidate_valid=true rung=0 pre_dist=3.37m | cache_used=false path_age=0.000 path_points=101 planning_time_ms=8.7
1787341721.205 [STATIC_AVOID] obs_id=- obs_dist=-m obs_s=- ego_s=26.42 side=- | left_clearance=- right_clearance=- candidate_valid=false rung=- pre_dist=-m | cache_used=false path_age=- path_points=0 planning_time_ms=0.1 | reason=no_static_obstacle_in_range | cache_reason=no_cache
1787341721.706 [STATIC_AVOID] obs_id=- obs_dist=-m obs_s=- ego_s=28.04 side=- | left_clearance=- right_clearance=- candidate_valid=false rung=- pre_dist=-m | cache_used=false path_age=- path_points=0 planning_time_ms=0.1 | reason=no_static_obstacle_in_range | cache_reason=no_cache
1787341722.306 [STATIC_AVOID] obs_id=- obs_dist=-m obs_s=- ego_s=30.00 side=- | left_clearance=- right_clearance=- candidate_valid=false rung=- pre_dist=-m | cache_used=false path_age=- path_points=0 planning_time_ms=0.1 | reason=no_static_obstacle_in_range | cache_reason=no_cache
1787341722.807 [STATIC_AVOID] obs_id=- obs_dist=-m obs_s=- ego_s=31.41 side=- | left_clearance=- right_clearance=- candidate_valid=false rung=- pre_dist=-m | cache_used=false path_age=- path_points=0 planning_time_ms=0.9 | reason=no_static_obstacle_in_range | cache_reason=no_cache
1787341723.318 [STATIC_AVOID] obs_id=- obs_dist=-m obs_s=- ego_s=32.49 side=- | left_clearance=- right_clearance=- candidate_valid=false rung=- pre_dist=-m | cache_used=false path_age=- path_points=0 planning_time_ms=0.2 | reason=no_static_obstacle_in_range | cache_reason=no_cache
1787341723.907 [STATIC_AVOID] obs_id=- obs_dist=-m obs_s=- ego_s=34.29 side=- | left_clearance=- right_clearance=- candidate_valid=false rung=- pre_dist=-m | cache_used=false path_age=- path_points=0 planning_time_ms=0.1 | reason=no_static_obstacle_in_range | cache_reason=no_cache
1787341724.448 [STATIC_AVOID] obs_id=46 obs_dist=5.23m obs_s=1.93 ego_s=36.21 side=LEFT | left_clearance=0.42 right_clearance=-0.05 candidate_valid=true rung=0 pre_dist=5.23m | cache_used=false path_age=0.000 path_points=129 planning_time_ms=21.7
1787341725.017 [STATIC_AVOID] obs_id=46 obs_dist=2.79m obs_s=1.88 ego_s=38.61 side=LEFT | left_clearance=0.54 right_clearance=-0.05 candidate_valid=true rung=0 pre_dist=5.19m | cache_used=false path_age=0.000 path_points=101 planning_time_ms=8.4
1787341725.521 [STATIC_AVOID] obs_id=46 obs_dist=1.08m obs_s=1.81 ego_s=0.73 side=LEFT | left_clearance=0.52 right_clearance=-0.19 candidate_valid=true rung=0 pre_dist=5.11m | cache_used=false path_age=0.000 path_points=101 planning_time_ms=13.7
1787341726.077 [STATIC_AVOID] obs_id=46 obs_dist=-0.15m obs_s=1.79 ego_s=1.94 side=LEFT | left_clearance=0.69 right_clearance=-0.07 candidate_valid=true rung=0 pre_dist=5.75m | cache_used=false path_age=0.000 path_points=101 planning_time_ms=4.0
1787341726.605 [STATIC_AVOID] obs_id=- obs_dist=-m obs_s=- ego_s=4.69 side=- | left_clearance=- right_clearance=- candidate_valid=false rung=- pre_dist=-m | cache_used=false path_age=- path_points=0 planning_time_ms=0.2 | reason=no_static_obstacle_in_range | cache_reason=no_cache
1787341727.107 [STATIC_AVOID] obs_id=- obs_dist=-m obs_s=- ego_s=6.30 side=- | left_clearance=- right_clearance=- candidate_valid=false rung=- pre_dist=-m | cache_used=false path_age=- path_points=0 planning_time_ms=0.1 | reason=no_static_obstacle_in_range | cache_reason=no_cache
1787341727.618 [STATIC_AVOID] obs_id=- obs_dist=-m obs_s=- ego_s=7.98 side=- | left_clearance=- right_clearance=- candidate_valid=false rung=- pre_dist=-m | cache_used=false path_age=- path_points=0 planning_time_ms=0.1 | reason=no_static_obstacle_in_range | cache_reason=no_cache
1787341728.207 [STATIC_AVOID] obs_id=- obs_dist=-m obs_s=- ego_s=10.23 side=- | left_clearance=- right_clearance=- candidate_valid=false rung=- pre_dist=-m | cache_used=false path_age=- path_points=0 planning_time_ms=0.1 | reason=no_static_obstacle_in_range | cache_reason=no_cache
1787341728.805 [STATIC_AVOID] obs_id=- obs_dist=-m obs_s=- ego_s=12.37 side=- | left_clearance=- right_clearance=- candidate_valid=false rung=- pre_dist=-m | cache_used=false path_age=- path_points=0 planning_time_ms=0.1 | reason=no_static_obstacle_in_range | cache_reason=no_cache
1787341729.312 [STATIC_AVOID] obs_id=- obs_dist=-m obs_s=- ego_s=14.22 side=- | left_clearance=- right_clearance=- candidate_valid=false rung=- pre_dist=-m | cache_used=false path_age=- path_points=0 planning_time_ms=0.1 | reason=no_static_obstacle_in_range | cache_reason=no_cache
1787341729.816 [STATIC_AVOID] obs_id=- obs_dist=-m obs_s=- ego_s=15.90 side=- | left_clearance=- right_clearance=- candidate_valid=false rung=- pre_dist=-m | cache_used=false path_age=- path_points=0 planning_time_ms=2.2 | reason=no_static_obstacle_in_range | cache_reason=no_cache
1787341730.405 [STATIC_AVOID] obs_id=- obs_dist=-m obs_s=- ego_s=17.28 side=- | left_clearance=- right_clearance=- candidate_valid=false rung=- pre_dist=-m | cache_used=false path_age=- path_points=0 planning_time_ms=0.1 | reason=no_static_obstacle_in_range | cache_reason=no_cache
1787341730.906 [STATIC_AVOID] obs_id=- obs_dist=-m obs_s=- ego_s=18.56 side=- | left_clearance=- right_clearance=- candidate_valid=false rung=- pre_dist=-m | cache_used=false path_age=- path_points=0 planning_time_ms=0.1 | reason=no_static_obstacle_in_range | cache_reason=no_cache
1787341731.506 [STATIC_AVOID] obs_id=- obs_dist=-m obs_s=- ego_s=20.40 side=- | left_clearance=- right_clearance=- candidate_valid=false rung=- pre_dist=-m | cache_used=false path_age=- path_points=0 planning_time_ms=0.1 | reason=no_static_obstacle_in_range | cache_reason=no_cache
1787341732.105 [STATIC_AVOID] obs_id=- obs_dist=-m obs_s=- ego_s=22.59 side=- | left_clearance=- right_clearance=- candidate_valid=false rung=- pre_dist=-m | cache_used=false path_age=- path_points=0 planning_time_ms=0.1 | reason=no_static_obstacle_in_range | cache_reason=no_cache
1787341732.622 [STATIC_AVOID] obs_id=52 obs_dist=2.92m obs_s=27.14 ego_s=24.22 side=LEFT | left_clearance=0.21 right_clearance=0.03 candidate_valid=true rung=0 pre_dist=3.90m | cache_used=false path_age=0.000 path_points=101 planning_time_ms=16.4
1787341733.217 [STATIC_AVOID] obs_id=52 obs_dist=1.06m obs_s=27.14 ego_s=26.07 side=RIGHT | left_clearance=0.21 right_clearance=0.03 candidate_valid=true rung=1 pre_dist=3.90m | cache_used=false path_age=0.000 path_points=101 planning_time_ms=11.6
1787341733.718 [STATIC_AVOID] obs_id=52 obs_dist=0.27m obs_s=27.14 ego_s=26.86 side=LEFT | left_clearance=0.21 right_clearance=0.03 candidate_valid=true rung=0 pre_dist=4.12m | cache_used=false path_age=0.000 path_points=101 planning_time_ms=10.6
1787341734.313 [STATIC_AVOID] obs_id=52 obs_dist=0.35m obs_s=27.14 ego_s=26.78 side=LEFT | left_clearance=0.21 right_clearance=0.03 candidate_valid=true rung=0 pre_dist=4.04m | cache_used=false path_age=0.000 path_points=101 planning_time_ms=3.5
1787341734.906 [STATIC_AVOID] obs_id=- obs_dist=-m obs_s=- ego_s=26.80 side=- | left_clearance=- right_clearance=- candidate_valid=false rung=- pre_dist=-m | cache_used=false path_age=- path_points=0 planning_time_ms=0.1 | reason=no_static_obstacle_in_range | cache_reason=no_cache
1787341735.407 [STATIC_AVOID] obs_id=- obs_dist=-m obs_s=- ego_s=26.83 side=- | left_clearance=- right_clearance=- candidate_valid=false rung=- pre_dist=-m | cache_used=false path_age=- path_points=0 planning_time_ms=0.1 | reason=no_static_obstacle_in_range | cache_reason=no_cache
1787341736.012 [STATIC_AVOID] obs_id=- obs_dist=-m obs_s=- ego_s=26.81 side=- | left_clearance=- right_clearance=- candidate_valid=false rung=- pre_dist=-m | cache_used=false path_age=- path_points=0 planning_time_ms=0.1 | reason=no_static_obstacle_in_range | cache_reason=no_cache
1787341736.605 [STATIC_AVOID] obs_id=- obs_dist=-m obs_s=- ego_s=26.82 side=- | left_clearance=- right_clearance=- candidate_valid=false rung=- pre_dist=-m | cache_used=false path_age=- path_points=0 planning_time_ms=0.1 | reason=no_static_obstacle_in_range | cache_reason=no_cache
1787341737.106 [STATIC_AVOID] obs_id=- obs_dist=-m obs_s=- ego_s=26.84 side=- | left_clearance=- right_clearance=- candidate_valid=false rung=- pre_dist=-m | cache_used=false path_age=- path_points=0 planning_time_ms=0.1 | reason=no_static_obstacle_in_range | cache_reason=no_cache
1787341737.606 [STATIC_AVOID] obs_id=- obs_dist=-m obs_s=- ego_s=26.85 side=- | left_clearance=- right_clearance=- candidate_valid=false rung=- pre_dist=-m | cache_used=false path_age=- path_points=0 planning_time_ms=0.1 | reason=no_static_obstacle_in_range | cache_reason=no_cache
1787341738.106 [STATIC_AVOID] obs_id=- obs_dist=-m obs_s=- ego_s=26.80 side=- | left_clearance=- right_clearance=- candidate_valid=false rung=- pre_dist=-m | cache_used=false path_age=- path_points=0 planning_time_ms=0.1 | reason=no_static_obstacle_in_range | cache_reason=no_cache
1787341738.706 [STATIC_AVOID] obs_id=- obs_dist=-m obs_s=- ego_s=26.79 side=- | left_clearance=- right_clearance=- candidate_valid=false rung=- pre_dist=-m | cache_used=false path_age=- path_points=0 planning_time_ms=0.1 | reason=no_static_obstacle_in_range | cache_reason=no_cache
1787341739.216 [STATIC_AVOID] obs_id=- obs_dist=-m obs_s=- ego_s=26.76 side=- | left_clearance=- right_clearance=- candidate_valid=false rung=- pre_dist=-m | cache_used=false path_age=- path_points=0 planning_time_ms=0.1 | reason=no_static_obstacle_in_range | cache_reason=no_cache
1787341739.808 [STATIC_AVOID] obs_id=- obs_dist=-m obs_s=- ego_s=26.62 side=- | left_clearance=- right_clearance=- candidate_valid=false rung=- pre_dist=-m | cache_used=false path_age=- path_points=0 planning_time_ms=0.1 | reason=no_static_obstacle_in_range | cache_reason=no_cache
1787341740.308 [STATIC_AVOID] obs_id=- obs_dist=-m obs_s=- ego_s=26.97 side=- | left_clearance=- right_clearance=- candidate_valid=false rung=- pre_dist=-m | cache_used=false path_age=- path_points=0 planning_time_ms=0.2 | reason=no_static_obstacle_in_range | cache_reason=no_cache
1787341740.905 [STATIC_AVOID] obs_id=- obs_dist=-m obs_s=- ego_s=27.06 side=- | left_clearance=- right_clearance=- candidate_valid=false rung=- pre_dist=-m | cache_used=false path_age=- path_points=0 planning_time_ms=0.1 | reason=no_static_obstacle_in_range | cache_reason=no_cache
1787341741.406 [STATIC_AVOID] obs_id=- obs_dist=-m obs_s=- ego_s=27.66 side=- | left_clearance=- right_clearance=- candidate_valid=false rung=- pre_dist=-m | cache_used=false path_age=- path_points=0 planning_time_ms=0.1 | reason=no_static_obstacle_in_range | cache_reason=no_cache
1787341741.906 [STATIC_AVOID] obs_id=- obs_dist=-m obs_s=- ego_s=28.78 side=- | left_clearance=- right_clearance=- candidate_valid=false rung=- pre_dist=-m | cache_used=false path_age=- path_points=0 planning_time_ms=0.1 | reason=no_static_obstacle_in_range | cache_reason=no_cache
1787341742.506 [STATIC_AVOID] obs_id=- obs_dist=-m obs_s=- ego_s=30.50 side=- | left_clearance=- right_clearance=- candidate_valid=false rung=- pre_dist=-m | cache_used=false path_age=- path_points=0 planning_time_ms=0.1 | reason=no_static_obstacle_in_range | cache_reason=no_cache
1787341743.007 [STATIC_AVOID] obs_id=- obs_dist=-m obs_s=- ego_s=31.72 side=- | left_clearance=- right_clearance=- candidate_valid=false rung=- pre_dist=-m | cache_used=false path_age=- path_points=0 planning_time_ms=0.1 | reason=no_static_obstacle_in_range | cache_reason=no_cache
1787341743.608 [STATIC_AVOID] obs_id=- obs_dist=-m obs_s=- ego_s=33.09 side=- | left_clearance=- right_clearance=- candidate_valid=false rung=- pre_dist=-m | cache_used=false path_age=- path_points=0 planning_time_ms=0.1 | reason=no_static_obstacle_in_range | cache_reason=no_cache
1787341744.121 [STATIC_AVOID] obs_id=55 obs_dist=7.16m obs_s=1.94 ego_s=34.30 side=LEFT | left_clearance=0.55 right_clearance=-0.00 candidate_valid=false rung=- pre_dist=4.08m | cache_used=false path_age=- path_points=0 planning_time_ms=12.0 | reason=obstacle_clearance | cache_reason=cache_expired
1787341744.714 [STATIC_AVOID] obs_id=55 obs_dist=5.73m obs_s=1.93 ego_s=35.71 side=LEFT | left_clearance=0.58 right_clearance=0.01 candidate_valid=true rung=0 pre_dist=4.06m | cache_used=false path_age=0.000 path_points=116 planning_time_ms=6.3
1787341745.312 [STATIC_AVOID] obs_id=55 obs_dist=3.89m obs_s=1.93 ego_s=37.55 side=LEFT | left_clearance=0.59 right_clearance=0.00 candidate_valid=true rung=0 pre_dist=4.07m | cache_used=false path_age=0.000 path_points=108 planning_time_ms=3.8
1787341745.824 [STATIC_AVOID] obs_id=55 obs_dist=2.57m obs_s=1.92 ego_s=38.86 side=LEFT | left_clearance=0.51 right_clearance=-0.14 candidate_valid=false rung=- pre_dist=4.05m | cache_used=false path_age=- path_points=0 planning_time_ms=14.6 | reason=obstacle_clearance | cache_reason=no_cache
1787341746.409 [STATIC_AVOID] obs_id=55 obs_dist=1.96m obs_s=1.88 ego_s=39.44 side=LEFT | left_clearance=0.56 right_clearance=-0.18 candidate_valid=false rung=- pre_dist=4.02m | cache_used=true path_age=0.104 path_points=101 planning_time_ms=3.5 | reason=obstacle_clearance
1787341746.924 [STATIC_AVOID] obs_id=55 obs_dist=1.17m obs_s=1.85 ego_s=0.68 side=LEFT | left_clearance=0.56 right_clearance=-0.23 candidate_valid=false rung=- pre_dist=3.98m | cache_used=false path_age=- path_points=0 planning_time_ms=15.4 | reason=obstacle_clearance | cache_reason=cache_collision
1787341747.510 [STATIC_AVOID] obs_id=55 obs_dist=-0.40m obs_s=1.85 ego_s=2.25 side=LEFT | left_clearance=0.72 right_clearance=-0.11 candidate_valid=true rung=0 pre_dist=4.89m | cache_used=false path_age=0.000 path_points=101 planning_time_ms=3.3
1787341748.106 [STATIC_AVOID] obs_id=- obs_dist=-m obs_s=- ego_s=3.57 side=- | left_clearance=- right_clearance=- candidate_valid=false rung=- pre_dist=-m | cache_used=false path_age=- path_points=0 planning_time_ms=0.1 | reason=no_static_obstacle_in_range | cache_reason=no_cache
1787341748.627 [STATIC_AVOID] obs_id=- obs_dist=-m obs_s=- ego_s=5.09 side=- | left_clearance=- right_clearance=- candidate_valid=false rung=- pre_dist=-m | cache_used=false path_age=- path_points=0 planning_time_ms=0.2 | reason=no_static_obstacle_in_range | cache_reason=no_cache
1787341749.206 [STATIC_AVOID] obs_id=- obs_dist=-m obs_s=- ego_s=7.61 side=- | left_clearance=- right_clearance=- candidate_valid=false rung=- pre_dist=-m | cache_used=false path_age=- path_points=0 planning_time_ms=0.1 | reason=no_static_obstacle_in_range | cache_reason=no_cache
1787341749.806 [STATIC_AVOID] obs_id=- obs_dist=-m obs_s=- ego_s=9.91 side=- | left_clearance=- right_clearance=- candidate_valid=false rung=- pre_dist=-m | cache_used=false path_age=- path_points=0 planning_time_ms=0.1 | reason=no_static_obstacle_in_range | cache_reason=no_cache
1787341750.315 [STATIC_AVOID] obs_id=- obs_dist=-m obs_s=- ego_s=11.69 side=- | left_clearance=- right_clearance=- candidate_valid=false rung=- pre_dist=-m | cache_used=false path_age=- path_points=0 planning_time_ms=0.1 | reason=no_static_obstacle_in_range | cache_reason=no_cache
1787341750.907 [STATIC_AVOID] obs_id=- obs_dist=-m obs_s=- ego_s=13.94 side=- | left_clearance=- right_clearance=- candidate_valid=false rung=- pre_dist=-m | cache_used=false path_age=- path_points=0 planning_time_ms=0.1 | reason=no_static_obstacle_in_range | cache_reason=no_cache
1787341751.516 [STATIC_AVOID] obs_id=- obs_dist=-m obs_s=- ego_s=15.86 side=- | left_clearance=- right_clearance=- candidate_valid=false rung=- pre_dist=-m | cache_used=false path_age=- path_points=0 planning_time_ms=0.1 | reason=no_static_obstacle_in_range | cache_reason=no_cache
1787341752.027 [STATIC_AVOID] obs_id=- obs_dist=-m obs_s=- ego_s=17.13 side=- | left_clearance=- right_clearance=- candidate_valid=false rung=- pre_dist=-m | cache_used=false path_age=- path_points=0 planning_time_ms=0.1 | reason=no_static_obstacle_in_range | cache_reason=no_cache
1787341752.607 [STATIC_AVOID] obs_id=- obs_dist=-m obs_s=- ego_s=18.47 side=- | left_clearance=- right_clearance=- candidate_valid=false rung=- pre_dist=-m | cache_used=false path_age=- path_points=0 planning_time_ms=0.1 | reason=no_static_obstacle_in_range | cache_reason=no_cache
1787341753.206 [STATIC_AVOID] obs_id=- obs_dist=-m obs_s=- ego_s=20.31 side=- | left_clearance=- right_clearance=- candidate_valid=false rung=- pre_dist=-m | cache_used=false path_age=- path_points=0 planning_time_ms=0.1 | reason=no_static_obstacle_in_range | cache_reason=no_cache
1787341753.709 [STATIC_AVOID] obs_id=- obs_dist=-m obs_s=- ego_s=22.24 side=- | left_clearance=- right_clearance=- candidate_valid=false rung=- pre_dist=-m | cache_used=false path_age=- path_points=0 planning_time_ms=0.1 | reason=no_static_obstacle_in_range | cache_reason=no_cache
1787341754.305 [STATIC_AVOID] obs_id=- obs_dist=-m obs_s=- ego_s=23.52 side=- | left_clearance=- right_clearance=- candidate_valid=false rung=- pre_dist=-m | cache_used=false path_age=- path_points=0 planning_time_ms=0.1 | reason=no_static_obstacle_in_range | cache_reason=no_cache
1787341754.810 [STATIC_AVOID] obs_id=- obs_dist=-m obs_s=- ego_s=23.87 side=- | left_clearance=- right_clearance=- candidate_valid=false rung=- pre_dist=-m | cache_used=false path_age=- path_points=0 planning_time_ms=0.1 | reason=no_static_obstacle_in_range | cache_reason=no_cache
1787341755.313 [STATIC_AVOID] obs_id=- obs_dist=-m obs_s=- ego_s=24.37 side=- | left_clearance=- right_clearance=- candidate_valid=false rung=- pre_dist=-m | cache_used=false path_age=- path_points=0 planning_time_ms=0.1 | reason=no_static_obstacle_in_range | cache_reason=no_cache
1787341755.818 [STATIC_AVOID] obs_id=- obs_dist=-m obs_s=- ego_s=24.50 side=- | left_clearance=- right_clearance=- candidate_valid=false rung=- pre_dist=-m | cache_used=false path_age=- path_points=0 planning_time_ms=0.1 | reason=no_static_obstacle_in_range | cache_reason=no_cache
1787341756.409 [STATIC_AVOID] obs_id=- obs_dist=-m obs_s=- ego_s=24.93 side=- | left_clearance=- right_clearance=- candidate_valid=false rung=- pre_dist=-m | cache_used=false path_age=- path_points=0 planning_time_ms=0.1 | reason=no_static_obstacle_in_range | cache_reason=no_cache
1787341757.006 [STATIC_AVOID] obs_id=- obs_dist=-m obs_s=- ego_s=25.08 side=- | left_clearance=- right_clearance=- candidate_valid=false rung=- pre_dist=-m | cache_used=false path_age=- path_points=0 planning_time_ms=0.3 | reason=no_static_obstacle_in_range | cache_reason=no_cache
1787341757.506 [STATIC_AVOID] obs_id=- obs_dist=-m obs_s=- ego_s=25.19 side=- | left_clearance=- right_clearance=- candidate_valid=false rung=- pre_dist=-m | cache_used=false path_age=- path_points=0 planning_time_ms=0.1 | reason=no_static_obstacle_in_range | cache_reason=no_cache
1787341758.108 [STATIC_AVOID] obs_id=- obs_dist=-m obs_s=- ego_s=25.52 side=- | left_clearance=- right_clearance=- candidate_valid=false rung=- pre_dist=-m | cache_used=false path_age=- path_points=0 planning_time_ms=0.2 | reason=no_static_obstacle_in_range | cache_reason=no_cache
1787341758.706 [STATIC_AVOID] obs_id=- obs_dist=-m obs_s=- ego_s=26.99 side=- | left_clearance=- right_clearance=- candidate_valid=false rung=- pre_dist=-m | cache_used=false path_age=- path_points=0 planning_time_ms=0.1 | reason=no_static_obstacle_in_range | cache_reason=no_cache
1787341759.305 [STATIC_AVOID] obs_id=- obs_dist=-m obs_s=- ego_s=29.16 side=- | left_clearance=- right_clearance=- candidate_valid=false rung=- pre_dist=-m | cache_used=false path_age=- path_points=0 planning_time_ms=0.1 | reason=no_static_obstacle_in_range | cache_reason=no_cache
1787341759.809 [STATIC_AVOID] obs_id=- obs_dist=-m obs_s=- ego_s=30.79 side=- | left_clearance=- right_clearance=- candidate_valid=false rung=- pre_dist=-m | cache_used=false path_age=- path_points=0 planning_time_ms=0.1 | reason=no_static_obstacle_in_range | cache_reason=no_cache
1787341760.407 [STATIC_AVOID] obs_id=- obs_dist=-m obs_s=- ego_s=32.07 side=- | left_clearance=- right_clearance=- candidate_valid=false rung=- pre_dist=-m | cache_used=false path_age=- path_points=0 planning_time_ms=0.1 | reason=no_static_obstacle_in_range | cache_reason=no_cache
1787341760.910 [STATIC_AVOID] obs_id=- obs_dist=-m obs_s=- ego_s=33.34 side=- | left_clearance=- right_clearance=- candidate_valid=false rung=- pre_dist=-m | cache_used=false path_age=- path_points=0 planning_time_ms=0.1 | reason=no_static_obstacle_in_range | cache_reason=no_cache
1787341761.418 [STATIC_AVOID] obs_id=71 obs_dist=6.49m obs_s=1.88 ego_s=34.91 side=LEFT | left_clearance=0.52 right_clearance=-0.04 candidate_valid=true rung=2 pre_dist=6.22m | cache_used=false path_age=0.000 path_points=149 planning_time_ms=7.9
1787341762.017 [STATIC_AVOID] obs_id=71 obs_dist=3.84m obs_s=1.77 ego_s=37.44 side=LEFT | left_clearance=0.55 right_clearance=-0.13 candidate_valid=true rung=0 pre_dist=6.10m | cache_used=false path_age=0.000 path_points=114 planning_time_ms=3.6
1787341762.617 [STATIC_AVOID] obs_id=71 obs_dist=1.27m obs_s=1.73 ego_s=0.45 side=LEFT | left_clearance=0.54 right_clearance=-0.23 candidate_valid=true rung=0 pre_dist=6.07m | cache_used=false path_age=0.000 path_points=101 planning_time_ms=9.0
1787341763.206 [STATIC_AVOID] obs_id=- obs_dist=-m obs_s=- ego_s=2.89 side=- | left_clearance=- right_clearance=- candidate_valid=false rung=- pre_dist=-m | cache_used=false path_age=- path_points=0 planning_time_ms=0.2 | reason=no_static_obstacle_in_range | cache_reason=obstacle_gone
1787341763.809 [STATIC_AVOID] obs_id=- obs_dist=-m obs_s=- ego_s=4.96 side=- | left_clearance=- right_clearance=- candidate_valid=false rung=- pre_dist=-m | cache_used=false path_age=- path_points=0 planning_time_ms=0.2 | reason=no_static_obstacle_in_range | cache_reason=no_cache
1787341764.417 [STATIC_AVOID] obs_id=- obs_dist=-m obs_s=- ego_s=6.08 side=- | left_clearance=- right_clearance=- candidate_valid=false rung=- pre_dist=-m | cache_used=false path_age=- path_points=0 planning_time_ms=0.2 | reason=no_static_obstacle_in_range | cache_reason=no_cache
1787341764.918 [STATIC_AVOID] obs_id=- obs_dist=-m obs_s=- ego_s=7.03 side=- | left_clearance=- right_clearance=- candidate_valid=false rung=- pre_dist=-m | cache_used=false path_age=- path_points=0 planning_time_ms=0.1 | reason=no_static_obstacle_in_range | cache_reason=no_cache
1787341765.506 [STATIC_AVOID] obs_id=- obs_dist=-m obs_s=- ego_s=8.21 side=- | left_clearance=- right_clearance=- candidate_valid=false rung=- pre_dist=-m | cache_used=false path_age=- path_points=0 planning_time_ms=0.1 | reason=no_static_obstacle_in_range | cache_reason=no_cache
1787341766.119 [STATIC_AVOID] obs_id=- obs_dist=-m obs_s=- ego_s=9.42 side=- | left_clearance=- right_clearance=- candidate_valid=false rung=- pre_dist=-m | cache_used=false path_age=- path_points=0 planning_time_ms=0.1 | reason=no_static_obstacle_in_range | cache_reason=no_cache
1787341766.705 [STATIC_AVOID] obs_id=- obs_dist=-m obs_s=- ego_s=10.36 side=- | left_clearance=- right_clearance=- candidate_valid=false rung=- pre_dist=-m | cache_used=false path_age=- path_points=0 planning_time_ms=0.1 | reason=no_static_obstacle_in_range | cache_reason=no_cache
1787341767.207 [STATIC_AVOID] obs_id=- obs_dist=-m obs_s=- ego_s=11.35 side=- | left_clearance=- right_clearance=- candidate_valid=false rung=- pre_dist=-m | cache_used=false path_age=- path_points=0 planning_time_ms=0.1 | reason=no_static_obstacle_in_range | cache_reason=no_cache
1787341767.807 [STATIC_AVOID] obs_id=- obs_dist=-m obs_s=- ego_s=12.56 side=- | left_clearance=- right_clearance=- candidate_valid=false rung=- pre_dist=-m | cache_used=false path_age=- path_points=0 planning_time_ms=0.1 | reason=no_static_obstacle_in_range | cache_reason=no_cache
1787341768.316 [STATIC_AVOID] obs_id=- obs_dist=-m obs_s=- ego_s=13.68 side=- | left_clearance=- right_clearance=- candidate_valid=false rung=- pre_dist=-m | cache_used=false path_age=- path_points=0 planning_time_ms=0.1 | reason=no_static_obstacle_in_range | cache_reason=no_cache
1787341768.909 [STATIC_AVOID] obs_id=- obs_dist=-m obs_s=- ego_s=14.94 side=- | left_clearance=- right_clearance=- candidate_valid=false rung=- pre_dist=-m | cache_used=false path_age=- path_points=0 planning_time_ms=0.1 | reason=no_static_obstacle_in_range | cache_reason=no_cache
1787341769.418 [STATIC_AVOID] obs_id=- obs_dist=-m obs_s=- ego_s=15.82 side=- | left_clearance=- right_clearance=- candidate_valid=false rung=- pre_dist=-m | cache_used=false path_age=- path_points=0 planning_time_ms=0.1 | reason=no_static_obstacle_in_range | cache_reason=no_cache
1787341770.006 [STATIC_AVOID] obs_id=- obs_dist=-m obs_s=- ego_s=16.63 side=- | left_clearance=- right_clearance=- candidate_valid=false rung=- pre_dist=-m | cache_used=false path_age=- path_points=0 planning_time_ms=0.1 | reason=no_static_obstacle_in_range | cache_reason=no_cache
1787341770.605 [STATIC_AVOID] obs_id=- obs_dist=-m obs_s=- ego_s=17.34 side=- | left_clearance=- right_clearance=- candidate_valid=false rung=- pre_dist=-m | cache_used=false path_age=- path_points=0 planning_time_ms=0.1 | reason=no_static_obstacle_in_range | cache_reason=no_cache
1787341771.106 [STATIC_AVOID] obs_id=- obs_dist=-m obs_s=- ego_s=18.08 side=- | left_clearance=- right_clearance=- candidate_valid=false rung=- pre_dist=-m | cache_used=false path_age=- path_points=0 planning_time_ms=0.1 | reason=no_static_obstacle_in_range | cache_reason=no_cache
1787341771.715 [STATIC_AVOID] obs_id=- obs_dist=-m obs_s=- ego_s=18.95 side=- | left_clearance=- right_clearance=- candidate_valid=false rung=- pre_dist=-m | cache_used=false path_age=- path_points=0 planning_time_ms=2.2 | reason=no_static_obstacle_in_range | cache_reason=no_cache
1787341772.306 [STATIC_AVOID] obs_id=- obs_dist=-m obs_s=- ego_s=20.12 side=- | left_clearance=- right_clearance=- candidate_valid=false rung=- pre_dist=-m | cache_used=false path_age=- path_points=0 planning_time_ms=0.1 | reason=no_static_obstacle_in_range | cache_reason=no_cache
1787341772.806 [STATIC_AVOID] obs_id=- obs_dist=-m obs_s=- ego_s=21.26 side=- | left_clearance=- right_clearance=- candidate_valid=false rung=- pre_dist=-m | cache_used=false path_age=- path_points=0 planning_time_ms=0.1 | reason=no_static_obstacle_in_range | cache_reason=no_cache
1787341773.405 [STATIC_AVOID] obs_id=- obs_dist=-m obs_s=- ego_s=22.52 side=- | left_clearance=- right_clearance=- candidate_valid=false rung=- pre_dist=-m | cache_used=false path_age=- path_points=0 planning_time_ms=0.1 | reason=no_static_obstacle_in_range | cache_reason=no_cache
1787341773.906 [STATIC_AVOID] obs_id=- obs_dist=-m obs_s=- ego_s=23.47 side=- | left_clearance=- right_clearance=- candidate_valid=false rung=- pre_dist=-m | cache_used=false path_age=- path_points=0 planning_time_ms=0.1 | reason=no_static_obstacle_in_range | cache_reason=no_cache
1787341774.407 [STATIC_AVOID] obs_id=- obs_dist=-m obs_s=- ego_s=23.89 side=- | left_clearance=- right_clearance=- candidate_valid=false rung=- pre_dist=-m | cache_used=false path_age=- path_points=0 planning_time_ms=0.1 | reason=no_static_obstacle_in_range | cache_reason=no_cache
1787341774.918 [STATIC_AVOID] obs_id=- obs_dist=-m obs_s=- ego_s=24.73 side=- | left_clearance=- right_clearance=- candidate_valid=false rung=- pre_dist=-m | cache_used=false path_age=- path_points=0 planning_time_ms=0.1 | reason=no_static_obstacle_in_range | cache_reason=no_cache
1787341775.505 [STATIC_AVOID] obs_id=- obs_dist=-m obs_s=- ego_s=25.55 side=- | left_clearance=- right_clearance=- candidate_valid=false rung=- pre_dist=-m | cache_used=false path_age=- path_points=0 planning_time_ms=0.1 | reason=no_static_obstacle_in_range | cache_reason=no_cache
1787341776.010 [STATIC_AVOID] obs_id=- obs_dist=-m obs_s=- ego_s=26.16 side=- | left_clearance=- right_clearance=- candidate_valid=false rung=- pre_dist=-m | cache_used=false path_age=- path_points=0 planning_time_ms=0.1 | reason=no_static_obstacle_in_range | cache_reason=no_cache
1787341776.606 [STATIC_AVOID] obs_id=- obs_dist=-m obs_s=- ego_s=27.08 side=- | left_clearance=- right_clearance=- candidate_valid=false rung=- pre_dist=-m | cache_used=false path_age=- path_points=0 planning_time_ms=0.1 | reason=no_static_obstacle_in_range | cache_reason=no_cache
1787341777.106 [STATIC_AVOID] obs_id=- obs_dist=-m obs_s=- ego_s=28.55 side=- | left_clearance=- right_clearance=- candidate_valid=false rung=- pre_dist=-m | cache_used=false path_age=- path_points=0 planning_time_ms=0.1 | reason=no_static_obstacle_in_range | cache_reason=no_cache
1787341777.705 [STATIC_AVOID] obs_id=- obs_dist=-m obs_s=- ego_s=29.71 side=- | left_clearance=- right_clearance=- candidate_valid=false rung=- pre_dist=-m | cache_used=false path_age=- path_points=0 planning_time_ms=0.1 | reason=no_static_obstacle_in_range | cache_reason=no_cache
1787341778.207 [STATIC_AVOID] obs_id=- obs_dist=-m obs_s=- ego_s=31.07 side=- | left_clearance=- right_clearance=- candidate_valid=false rung=- pre_dist=-m | cache_used=false path_age=- path_points=0 planning_time_ms=0.1 | reason=no_static_obstacle_in_range | cache_reason=no_cache
1787341778.807 [STATIC_AVOID] obs_id=- obs_dist=-m obs_s=- ego_s=32.21 side=- | left_clearance=- right_clearance=- candidate_valid=false rung=- pre_dist=-m | cache_used=false path_age=- path_points=0 planning_time_ms=1.5 | reason=no_static_obstacle_in_range | cache_reason=no_cache
1787341779.405 [STATIC_AVOID] obs_id=- obs_dist=-m obs_s=- ego_s=33.35 side=- | left_clearance=- right_clearance=- candidate_valid=false rung=- pre_dist=-m | cache_used=false path_age=- path_points=0 planning_time_ms=0.2 | reason=no_static_obstacle_in_range | cache_reason=no_cache
1787341779.907 [STATIC_AVOID] obs_id=- obs_dist=-m obs_s=- ego_s=34.32 side=- | left_clearance=- right_clearance=- candidate_valid=false rung=- pre_dist=-m | cache_used=false path_age=- path_points=0 planning_time_ms=0.1 | reason=no_static_obstacle_in_range | cache_reason=no_cache
1787341780.505 [STATIC_AVOID] obs_id=- obs_dist=-m obs_s=- ego_s=35.78 side=- | left_clearance=- right_clearance=- candidate_valid=false rung=- pre_dist=-m | cache_used=false path_age=- path_points=0 planning_time_ms=0.1 | reason=no_static_obstacle_in_range | cache_reason=no_cache
1787341781.008 [STATIC_AVOID] obs_id=- obs_dist=-m obs_s=- ego_s=37.56 side=- | left_clearance=- right_clearance=- candidate_valid=false rung=- pre_dist=-m | cache_used=false path_age=- path_points=0 planning_time_ms=0.1 | reason=no_static_obstacle_in_range | cache_reason=no_cache
1787341781.612 [STATIC_AVOID] obs_id=- obs_dist=-m obs_s=- ego_s=39.51 side=- | left_clearance=- right_clearance=- candidate_valid=false rung=- pre_dist=-m | cache_used=false path_age=- path_points=0 planning_time_ms=0.1 | reason=no_static_obstacle_in_range | cache_reason=no_cache
1787341782.112 [STATIC_AVOID] obs_id=- obs_dist=-m obs_s=- ego_s=1.92 side=- | left_clearance=- right_clearance=- candidate_valid=false rung=- pre_dist=-m | cache_used=false path_age=- path_points=0 planning_time_ms=0.6 | reason=no_static_obstacle_in_range | cache_reason=no_cache
1787341782.708 [STATIC_AVOID] obs_id=- obs_dist=-m obs_s=- ego_s=4.40 side=- | left_clearance=- right_clearance=- candidate_valid=false rung=- pre_dist=-m | cache_used=false path_age=- path_points=0 planning_time_ms=0.1 | reason=no_static_obstacle_in_range | cache_reason=no_cache
1787341783.214 [STATIC_AVOID] obs_id=- obs_dist=-m obs_s=- ego_s=6.09 side=- | left_clearance=- right_clearance=- candidate_valid=false rung=- pre_dist=-m | cache_used=false path_age=- path_points=0 planning_time_ms=0.1 | reason=no_static_obstacle_in_range | cache_reason=no_cache
1787341783.806 [STATIC_AVOID] obs_id=- obs_dist=-m obs_s=- ego_s=6.83 side=- | left_clearance=- right_clearance=- candidate_valid=false rung=- pre_dist=-m | cache_used=false path_age=- path_points=0 planning_time_ms=0.1 | reason=no_static_obstacle_in_range | cache_reason=no_cache
1787341784.405 [STATIC_AVOID] obs_id=- obs_dist=-m obs_s=- ego_s=7.83 side=- | left_clearance=- right_clearance=- candidate_valid=false rung=- pre_dist=-m | cache_used=false path_age=- path_points=0 planning_time_ms=0.1 | reason=no_static_obstacle_in_range | cache_reason=no_cache
1787341784.906 [STATIC_AVOID] obs_id=- obs_dist=-m obs_s=- ego_s=8.73 side=- | left_clearance=- right_clearance=- candidate_valid=false rung=- pre_dist=-m | cache_used=false path_age=- path_points=0 planning_time_ms=0.1 | reason=no_static_obstacle_in_range | cache_reason=no_cache
1787341785.410 [STATIC_AVOID] obs_id=- obs_dist=-m obs_s=- ego_s=9.20 side=- | left_clearance=- right_clearance=- candidate_valid=false rung=- pre_dist=-m | cache_used=false path_age=- path_points=0 planning_time_ms=0.1 | reason=no_static_obstacle_in_range | cache_reason=no_cache
1787341786.005 [STATIC_AVOID] obs_id=- obs_dist=-m obs_s=- ego_s=10.42 side=- | left_clearance=- right_clearance=- candidate_valid=false rung=- pre_dist=-m | cache_used=false path_age=- path_points=0 planning_time_ms=0.1 | reason=no_static_obstacle_in_range | cache_reason=no_cache
1787341786.527 [STATIC_AVOID] obs_id=- obs_dist=-m obs_s=- ego_s=11.50 side=- | left_clearance=- right_clearance=- candidate_valid=false rung=- pre_dist=-m | cache_used=false path_age=- path_points=0 planning_time_ms=5.6 | reason=no_static_obstacle_in_range | cache_reason=no_cache
1787341787.105 [STATIC_AVOID] obs_id=- obs_dist=-m obs_s=- ego_s=12.79 side=- | left_clearance=- right_clearance=- candidate_valid=false rung=- pre_dist=-m | cache_used=false path_age=- path_points=0 planning_time_ms=0.1 | reason=no_static_obstacle_in_range | cache_reason=no_cache
1787341787.606 [STATIC_AVOID] obs_id=- obs_dist=-m obs_s=- ego_s=13.86 side=- | left_clearance=- right_clearance=- candidate_valid=false rung=- pre_dist=-m | cache_used=false path_age=- path_points=0 planning_time_ms=0.1 | reason=no_static_obstacle_in_range | cache_reason=no_cache
1787341788.108 [STATIC_AVOID] obs_id=- obs_dist=-m obs_s=- ego_s=14.98 side=- | left_clearance=- right_clearance=- candidate_valid=false rung=- pre_dist=-m | cache_used=false path_age=- path_points=0 planning_time_ms=0.1 | reason=no_static_obstacle_in_range | cache_reason=no_cache
1787341788.705 [STATIC_AVOID] obs_id=- obs_dist=-m obs_s=- ego_s=15.81 side=- | left_clearance=- right_clearance=- candidate_valid=false rung=- pre_dist=-m | cache_used=false path_age=- path_points=0 planning_time_ms=0.1 | reason=no_static_obstacle_in_range | cache_reason=no_cache
1787341789.207 [STATIC_AVOID] obs_id=- obs_dist=-m obs_s=- ego_s=16.84 side=- | left_clearance=- right_clearance=- candidate_valid=false rung=- pre_dist=-m | cache_used=false path_age=- path_points=0 planning_time_ms=0.1 | reason=no_static_obstacle_in_range | cache_reason=no_cache
1787341789.721 [STATIC_AVOID] obs_id=- obs_dist=-m obs_s=- ego_s=17.54 side=- | left_clearance=- right_clearance=- candidate_valid=false rung=- pre_dist=-m | cache_used=false path_age=- path_points=0 planning_time_ms=0.2 | reason=no_static_obstacle_in_range | cache_reason=no_cache
1787341790.305 [STATIC_AVOID] obs_id=- obs_dist=-m obs_s=- ego_s=18.64 side=- | left_clearance=- right_clearance=- candidate_valid=false rung=- pre_dist=-m | cache_used=false path_age=- path_points=0 planning_time_ms=0.1 | reason=no_static_obstacle_in_range | cache_reason=no_cache
1787341790.806 [STATIC_AVOID] obs_id=- obs_dist=-m obs_s=- ego_s=19.51 side=- | left_clearance=- right_clearance=- candidate_valid=false rung=- pre_dist=-m | cache_used=false path_age=- path_points=0 planning_time_ms=0.1 | reason=no_static_obstacle_in_range | cache_reason=no_cache
1787341791.312 [STATIC_AVOID] obs_id=- obs_dist=-m obs_s=- ego_s=20.62 side=- | left_clearance=- right_clearance=- candidate_valid=false rung=- pre_dist=-m | cache_used=false path_age=- path_points=0 planning_time_ms=0.1 | reason=no_static_obstacle_in_range | cache_reason=no_cache
1787341791.907 [STATIC_AVOID] obs_id=- obs_dist=-m obs_s=- ego_s=22.92 side=- | left_clearance=- right_clearance=- candidate_valid=false rung=- pre_dist=-m | cache_used=false path_age=- path_points=0 planning_time_ms=0.1 | reason=no_static_obstacle_in_range | cache_reason=no_cache
1787341792.529 [STATIC_AVOID] obs_id=- obs_dist=-m obs_s=- ego_s=23.93 side=- | left_clearance=- right_clearance=- candidate_valid=false rung=- pre_dist=-m | cache_used=false path_age=- path_points=0 planning_time_ms=0.1 | reason=no_static_obstacle_in_range | cache_reason=no_cache
1787341793.110 [STATIC_AVOID] obs_id=- obs_dist=-m obs_s=- ego_s=24.53 side=- | left_clearance=- right_clearance=- candidate_valid=false rung=- pre_dist=-m | cache_used=false path_age=- path_points=0 planning_time_ms=0.1 | reason=no_static_obstacle_in_range | cache_reason=no_cache
1787341793.713 [STATIC_AVOID] obs_id=- obs_dist=-m obs_s=- ego_s=25.74 side=- | left_clearance=- right_clearance=- candidate_valid=false rung=- pre_dist=-m | cache_used=false path_age=- path_points=0 planning_time_ms=0.1 | reason=no_static_obstacle_in_range | cache_reason=no_cache
1787341794.309 [STATIC_AVOID] obs_id=- obs_dist=-m obs_s=- ego_s=26.60 side=- | left_clearance=- right_clearance=- candidate_valid=false rung=- pre_dist=-m | cache_used=false path_age=- path_points=0 planning_time_ms=0.2 | reason=no_static_obstacle_in_range | cache_reason=no_cache
1787341794.907 [STATIC_AVOID] obs_id=- obs_dist=-m obs_s=- ego_s=27.46 side=- | left_clearance=- right_clearance=- candidate_valid=false rung=- pre_dist=-m | cache_used=false path_age=- path_points=0 planning_time_ms=0.1 | reason=no_static_obstacle_in_range | cache_reason=no_cache
1787341795.506 [STATIC_AVOID] obs_id=- obs_dist=-m obs_s=- ego_s=28.30 side=- | left_clearance=- right_clearance=- candidate_valid=false rung=- pre_dist=-m | cache_used=false path_age=- path_points=0 planning_time_ms=0.1 | reason=no_static_obstacle_in_range | cache_reason=no_cache
1787341796.106 [STATIC_AVOID] obs_id=- obs_dist=-m obs_s=- ego_s=28.43 side=- | left_clearance=- right_clearance=- candidate_valid=false rung=- pre_dist=-m | cache_used=false path_age=- path_points=0 planning_time_ms=0.1 | reason=no_static_obstacle_in_range | cache_reason=no_cache
1787341796.607 [STATIC_AVOID] obs_id=- obs_dist=-m obs_s=- ego_s=28.57 side=- | left_clearance=- right_clearance=- candidate_valid=false rung=- pre_dist=-m | cache_used=false path_age=- path_points=0 planning_time_ms=0.1 | reason=no_static_obstacle_in_range | cache_reason=no_cache
1787341797.205 [STATIC_AVOID] obs_id=- obs_dist=-m obs_s=- ego_s=29.38 side=- | left_clearance=- right_clearance=- candidate_valid=false rung=- pre_dist=-m | cache_used=false path_age=- path_points=0 planning_time_ms=0.1 | reason=no_static_obstacle_in_range | cache_reason=no_cache
1787341797.706 [STATIC_AVOID] obs_id=- obs_dist=-m obs_s=- ego_s=30.40 side=- | left_clearance=- right_clearance=- candidate_valid=false rung=- pre_dist=-m | cache_used=false path_age=- path_points=0 planning_time_ms=0.1 | reason=no_static_obstacle_in_range | cache_reason=no_cache
1787341798.305 [STATIC_AVOID] obs_id=- obs_dist=-m obs_s=- ego_s=31.63 side=- | left_clearance=- right_clearance=- candidate_valid=false rung=- pre_dist=-m | cache_used=false path_age=- path_points=0 planning_time_ms=0.1 | reason=no_static_obstacle_in_range | cache_reason=no_cache
1787341798.809 [STATIC_AVOID] obs_id=114 obs_dist=6.17m obs_s=38.90 ego_s=32.73 side=- | left_clearance=0.54 right_clearance=0.02 candidate_valid=false rung=- pre_dist=4.26m | cache_used=false path_age=- path_points=0 planning_time_ms=3.6 | reason=obstacle_clearance | cache_reason=no_cache
1787341799.320 [STATIC_AVOID] obs_id=114 obs_dist=4.89m obs_s=38.97 ego_s=34.08 side=LEFT | left_clearance=0.51 right_clearance=0.02 candidate_valid=false rung=- pre_dist=4.34m | cache_used=true path_age=0.113 path_points=109 planning_time_ms=13.2 | reason=obstacle_clearance
1787341799.915 [STATIC_AVOID] obs_id=114 obs_dist=3.80m obs_s=38.97 ego_s=35.17 side=LEFT | left_clearance=0.51 right_clearance=0.02 candidate_valid=true rung=0 pre_dist=4.34m | cache_used=false path_age=0.000 path_points=101 planning_time_ms=4.2
1787341800.416 [STATIC_AVOID] obs_id=114 obs_dist=3.08m obs_s=38.97 ego_s=35.89 side=LEFT | left_clearance=0.51 right_clearance=0.02 candidate_valid=false rung=- pre_dist=4.34m | cache_used=true path_age=0.103 path_points=101 planning_time_ms=4.5 | reason=obstacle_clearance
1787341801.017 [STATIC_AVOID] obs_id=114 obs_dist=2.53m obs_s=38.97 ego_s=36.44 side=LEFT | left_clearance=0.51 right_clearance=0.02 candidate_valid=true rung=0 pre_dist=4.34m | cache_used=false path_age=0.000 path_points=101 planning_time_ms=9.2
1787341801.608 [STATIC_AVOID] obs_id=- obs_dist=-m obs_s=- ego_s=36.65 side=- | left_clearance=- right_clearance=- candidate_valid=false rung=- pre_dist=-m | cache_used=false path_age=- path_points=0 planning_time_ms=0.1 | reason=no_static_obstacle_in_range | cache_reason=no_cache
1787341802.121 [STATIC_AVOID] obs_id=118 obs_dist=5.27m obs_s=3.02 ego_s=37.27 side=LEFT | left_clearance=0.74 right_clearance=-0.12 candidate_valid=true rung=2 pre_dist=2.00m | cache_used=false path_age=0.000 path_points=114 planning_time_ms=13.2
1787341802.713 [STATIC_AVOID] obs_id=118 obs_dist=4.89m obs_s=3.02 ego_s=37.65 side=LEFT | left_clearance=0.68 right_clearance=-0.15 candidate_valid=true rung=0 pre_dist=2.00m | cache_used=false path_age=0.000 path_points=104 planning_time_ms=3.7
1787341803.223 [STATIC_AVOID] obs_id=118 obs_dist=4.36m obs_s=2.87 ego_s=38.03 side=LEFT | left_clearance=0.65 right_clearance=-0.16 candidate_valid=true rung=2 pre_dist=2.00m | cache_used=false path_age=0.000 path_points=105 planning_time_ms=16.6
1787341803.814 [STATIC_AVOID] obs_id=118 obs_dist=3.31m obs_s=2.85 ego_s=39.05 side=LEFT | left_clearance=0.64 right_clearance=-0.13 candidate_valid=true rung=0 pre_dist=2.00m | cache_used=false path_age=0.000 path_points=101 planning_time_ms=5.4
1787341804.331 [STATIC_AVOID] obs_id=118 obs_dist=2.89m obs_s=2.85 ego_s=39.48 side=LEFT | left_clearance=0.64 right_clearance=-0.13 candidate_valid=true rung=0 pre_dist=2.00m | cache_used=false path_age=0.000 path_points=101 planning_time_ms=12.5
1787341804.922 [STATIC_AVOID] obs_id=118 obs_dist=2.07m obs_s=2.85 ego_s=0.77 side=LEFT | left_clearance=0.64 right_clearance=-0.13 candidate_valid=true rung=2 pre_dist=2.00m | cache_used=false path_age=0.000 path_points=101 planning_time_ms=15.9
1787341805.519 [STATIC_AVOID] obs_id=118 obs_dist=2.54m obs_s=2.85 ego_s=0.31 side=LEFT | left_clearance=0.64 right_clearance=-0.13 candidate_valid=true rung=0 pre_dist=2.00m | cache_used=false path_age=0.000 path_points=101 planning_time_ms=7.8
1787341806.108 [STATIC_AVOID] obs_id=- obs_dist=-m obs_s=- ego_s=1.14 side=- | left_clearance=- right_clearance=- candidate_valid=false rung=- pre_dist=-m | cache_used=false path_age=- path_points=0 planning_time_ms=0.1 | reason=no_static_obstacle_in_range | cache_reason=no_cache
1787341806.707 [STATIC_AVOID] obs_id=- obs_dist=-m obs_s=- ego_s=2.98 side=- | left_clearance=- right_clearance=- candidate_valid=false rung=- pre_dist=-m | cache_used=false path_age=- path_points=0 planning_time_ms=0.1 | reason=no_static_obstacle_in_range | cache_reason=no_cache
1787341807.307 [STATIC_AVOID] obs_id=- obs_dist=-m obs_s=- ego_s=4.25 side=- | left_clearance=- right_clearance=- candidate_valid=false rung=- pre_dist=-m | cache_used=false path_age=- path_points=0 planning_time_ms=0.1 | reason=no_static_obstacle_in_range | cache_reason=no_cache
1787341807.905 [STATIC_AVOID] obs_id=- obs_dist=-m obs_s=- ego_s=5.90 side=- | left_clearance=- right_clearance=- candidate_valid=false rung=- pre_dist=-m | cache_used=false path_age=- path_points=0 planning_time_ms=0.1 | reason=no_static_obstacle_in_range | cache_reason=no_cache
1787341808.506 [STATIC_AVOID] obs_id=- obs_dist=-m obs_s=- ego_s=7.91 side=- | left_clearance=- right_clearance=- candidate_valid=false rung=- pre_dist=-m | cache_used=false path_age=- path_points=0 planning_time_ms=0.1 | reason=no_static_obstacle_in_range | cache_reason=no_cache
1787341809.114 [STATIC_AVOID] obs_id=- obs_dist=-m obs_s=- ego_s=10.20 side=- | left_clearance=- right_clearance=- candidate_valid=false rung=- pre_dist=-m | cache_used=false path_age=- path_points=0 planning_time_ms=0.1 | reason=no_static_obstacle_in_range | cache_reason=no_cache
1787341809.706 [STATIC_AVOID] obs_id=- obs_dist=-m obs_s=- ego_s=12.37 side=- | left_clearance=- right_clearance=- candidate_valid=false rung=- pre_dist=-m | cache_used=false path_age=- path_points=0 planning_time_ms=0.1 | reason=no_static_obstacle_in_range | cache_reason=no_cache
1787341810.306 [STATIC_AVOID] obs_id=- obs_dist=-m obs_s=- ego_s=14.31 side=- | left_clearance=- right_clearance=- candidate_valid=false rung=- pre_dist=-m | cache_used=false path_age=- path_points=0 planning_time_ms=0.1 | reason=no_static_obstacle_in_range | cache_reason=no_cache
1787341810.906 [STATIC_AVOID] obs_id=- obs_dist=-m obs_s=- ego_s=15.44 side=- | left_clearance=- right_clearance=- candidate_valid=false rung=- pre_dist=-m | cache_used=false path_age=- path_points=0 planning_time_ms=0.1 | reason=no_static_obstacle_in_range | cache_reason=no_cache
1787341811.507 [STATIC_AVOID] obs_id=- obs_dist=-m obs_s=- ego_s=16.02 side=- | left_clearance=- right_clearance=- candidate_valid=false rung=- pre_dist=-m | cache_used=false path_age=- path_points=0 planning_time_ms=0.1 | reason=no_static_obstacle_in_range | cache_reason=no_cache
1787341812.106 [STATIC_AVOID] obs_id=- obs_dist=-m obs_s=- ego_s=16.81 side=- | left_clearance=- right_clearance=- candidate_valid=false rung=- pre_dist=-m | cache_used=false path_age=- path_points=0 planning_time_ms=0.1 | reason=no_static_obstacle_in_range | cache_reason=no_cache
1787341812.707 [STATIC_AVOID] obs_id=- obs_dist=-m obs_s=- ego_s=17.62 side=- | left_clearance=- right_clearance=- candidate_valid=false rung=- pre_dist=-m | cache_used=false path_age=- path_points=0 planning_time_ms=0.1 | reason=no_static_obstacle_in_range | cache_reason=no_cache
1787341813.309 [STATIC_AVOID] obs_id=- obs_dist=-m obs_s=- ego_s=18.69 side=- | left_clearance=- right_clearance=- candidate_valid=false rung=- pre_dist=-m | cache_used=false path_age=- path_points=0 planning_time_ms=0.1 | reason=no_static_obstacle_in_range | cache_reason=no_cache
1787341813.905 [STATIC_AVOID] obs_id=- obs_dist=-m obs_s=- ego_s=19.56 side=- | left_clearance=- right_clearance=- candidate_valid=false rung=- pre_dist=-m | cache_used=false path_age=- path_points=0 planning_time_ms=0.1 | reason=no_static_obstacle_in_range | cache_reason=no_cache
1787341814.412 [STATIC_AVOID] obs_id=- obs_dist=-m obs_s=- ego_s=20.47 side=- | left_clearance=- right_clearance=- candidate_valid=false rung=- pre_dist=-m | cache_used=false path_age=- path_points=0 planning_time_ms=0.1 | reason=no_static_obstacle_in_range | cache_reason=no_cache
1787341815.016 [STATIC_AVOID] obs_id=- obs_dist=-m obs_s=- ego_s=22.11 side=- | left_clearance=- right_clearance=- candidate_valid=false rung=- pre_dist=-m | cache_used=false path_age=- path_points=0 planning_time_ms=0.1 | reason=no_static_obstacle_in_range | cache_reason=no_cache
1787341815.606 [STATIC_AVOID] obs_id=- obs_dist=-m obs_s=- ego_s=22.97 side=- | left_clearance=- right_clearance=- candidate_valid=false rung=- pre_dist=-m | cache_used=false path_age=- path_points=0 planning_time_ms=0.1 | reason=no_static_obstacle_in_range | cache_reason=no_cache
1787341816.206 [STATIC_AVOID] obs_id=- obs_dist=-m obs_s=- ego_s=23.61 side=- | left_clearance=- right_clearance=- candidate_valid=false rung=- pre_dist=-m | cache_used=false path_age=- path_points=0 planning_time_ms=0.1 | reason=no_static_obstacle_in_range | cache_reason=no_cache
1787341816.806 [STATIC_AVOID] obs_id=- obs_dist=-m obs_s=- ego_s=24.59 side=- | left_clearance=- right_clearance=- candidate_valid=false rung=- pre_dist=-m | cache_used=false path_age=- path_points=0 planning_time_ms=0.1 | reason=no_static_obstacle_in_range | cache_reason=no_cache
1787341817.306 [STATIC_AVOID] obs_id=- obs_dist=-m obs_s=- ego_s=25.39 side=- | left_clearance=- right_clearance=- candidate_valid=false rung=- pre_dist=-m | cache_used=false path_age=- path_points=0 planning_time_ms=0.1 | reason=no_static_obstacle_in_range | cache_reason=no_cache
1787341817.906 [STATIC_AVOID] obs_id=- obs_dist=-m obs_s=- ego_s=26.26 side=- | left_clearance=- right_clearance=- candidate_valid=false rung=- pre_dist=-m | cache_used=false path_age=- path_points=0 planning_time_ms=0.1 | reason=no_static_obstacle_in_range | cache_reason=no_cache
1787341818.411 [STATIC_AVOID] obs_id=- obs_dist=-m obs_s=- ego_s=27.03 side=- | left_clearance=- right_clearance=- candidate_valid=false rung=- pre_dist=-m | cache_used=false path_age=- path_points=0 planning_time_ms=0.1 | reason=no_static_obstacle_in_range | cache_reason=no_cache
1787341818.937 [STATIC_AVOID] obs_id=- obs_dist=-m obs_s=- ego_s=27.82 side=- | left_clearance=- right_clearance=- candidate_valid=false rung=- pre_dist=-m | cache_used=false path_age=- path_points=0 planning_time_ms=0.4 | reason=no_static_obstacle_in_range | cache_reason=obstacle_gone
1787341819.505 [STATIC_AVOID] obs_id=- obs_dist=-m obs_s=- ego_s=28.77 side=- | left_clearance=- right_clearance=- candidate_valid=false rung=- pre_dist=-m | cache_used=false path_age=- path_points=0 planning_time_ms=0.1 | reason=no_static_obstacle_in_range | cache_reason=no_cache
1787341820.007 [STATIC_AVOID] obs_id=- obs_dist=-m obs_s=- ego_s=29.51 side=- | left_clearance=- right_clearance=- candidate_valid=false rung=- pre_dist=-m | cache_used=false path_age=- path_points=0 planning_time_ms=0.1 | reason=no_static_obstacle_in_range | cache_reason=no_cache
1787341820.605 [STATIC_AVOID] obs_id=- obs_dist=-m obs_s=- ego_s=31.11 side=- | left_clearance=- right_clearance=- candidate_valid=false rung=- pre_dist=-m | cache_used=false path_age=- path_points=0 planning_time_ms=0.1 | reason=no_static_obstacle_in_range | cache_reason=no_cache
1787341821.107 [STATIC_AVOID] obs_id=- obs_dist=-m obs_s=- ego_s=32.09 side=- | left_clearance=- right_clearance=- candidate_valid=false rung=- pre_dist=-m | cache_used=false path_age=- path_points=0 planning_time_ms=0.1 | reason=no_static_obstacle_in_range | cache_reason=no_cache
1787341821.607 [STATIC_AVOID] obs_id=- obs_dist=-m obs_s=- ego_s=33.01 side=- | left_clearance=- right_clearance=- candidate_valid=false rung=- pre_dist=-m | cache_used=false path_age=- path_points=0 planning_time_ms=0.2 | reason=no_static_obstacle_in_range | cache_reason=no_cache
1787341822.229 [STATIC_AVOID] obs_id=- obs_dist=-m obs_s=- ego_s=34.35 side=- | left_clearance=- right_clearance=- candidate_valid=false rung=- pre_dist=-m | cache_used=false path_age=- path_points=0 planning_time_ms=0.1 | reason=no_static_obstacle_in_range | cache_reason=no_cache
1787341822.805 [STATIC_AVOID] obs_id=- obs_dist=-m obs_s=- ego_s=36.11 side=- | left_clearance=- right_clearance=- candidate_valid=false rung=- pre_dist=-m | cache_used=false path_age=- path_points=0 planning_time_ms=0.1 | reason=no_static_obstacle_in_range | cache_reason=no_cache
1787341823.315 [STATIC_AVOID] obs_id=- obs_dist=-m obs_s=- ego_s=37.84 side=- | left_clearance=- right_clearance=- candidate_valid=false rung=- pre_dist=-m | cache_used=false path_age=- path_points=0 planning_time_ms=0.1 | reason=no_static_obstacle_in_range | cache_reason=no_cache
1787341823.906 [STATIC_AVOID] obs_id=- obs_dist=-m obs_s=- ego_s=39.12 side=- | left_clearance=- right_clearance=- candidate_valid=false rung=- pre_dist=-m | cache_used=false path_age=- path_points=0 planning_time_ms=0.1 | reason=no_static_obstacle_in_range | cache_reason=no_cache
1787341824.510 [STATIC_AVOID] obs_id=- obs_dist=-m obs_s=- ego_s=0.59 side=- | left_clearance=- right_clearance=- candidate_valid=false rung=- pre_dist=-m | cache_used=false path_age=- path_points=0 planning_time_ms=0.2 | reason=no_static_obstacle_in_range | cache_reason=no_cache
1787341825.106 [STATIC_AVOID] obs_id=- obs_dist=-m obs_s=- ego_s=2.55 side=- | left_clearance=- right_clearance=- candidate_valid=false rung=- pre_dist=-m | cache_used=false path_age=- path_points=0 planning_time_ms=0.1 | reason=no_static_obstacle_in_range | cache_reason=no_cache
1787341825.612 [STATIC_AVOID] obs_id=- obs_dist=-m obs_s=- ego_s=4.30 side=- | left_clearance=- right_clearance=- candidate_valid=false rung=- pre_dist=-m | cache_used=false path_age=- path_points=0 planning_time_ms=0.1 | reason=no_static_obstacle_in_range | cache_reason=no_cache
1787341826.211 [STATIC_AVOID] obs_id=- obs_dist=-m obs_s=- ego_s=6.47 side=- | left_clearance=- right_clearance=- candidate_valid=false rung=- pre_dist=-m | cache_used=false path_age=- path_points=0 planning_time_ms=0.1 | reason=no_static_obstacle_in_range | cache_reason=no_cache
1787341826.714 [STATIC_AVOID] obs_id=- obs_dist=-m obs_s=- ego_s=8.11 side=- | left_clearance=- right_clearance=- candidate_valid=false rung=- pre_dist=-m | cache_used=false path_age=- path_points=0 planning_time_ms=0.1 | reason=no_static_obstacle_in_range | cache_reason=no_cache
1787341827.323 [STATIC_AVOID] obs_id=- obs_dist=-m obs_s=- ego_s=9.55 side=- | left_clearance=- right_clearance=- candidate_valid=false rung=- pre_dist=-m | cache_used=false path_age=- path_points=0 planning_time_ms=0.2 | reason=no_static_obstacle_in_range | cache_reason=no_cache
1787341827.905 [STATIC_AVOID] obs_id=- obs_dist=-m obs_s=- ego_s=10.71 side=- | left_clearance=- right_clearance=- candidate_valid=false rung=- pre_dist=-m | cache_used=false path_age=- path_points=0 planning_time_ms=0.1 | reason=no_static_obstacle_in_range | cache_reason=no_cache
1787341828.506 [STATIC_AVOID] obs_id=- obs_dist=-m obs_s=- ego_s=12.05 side=- | left_clearance=- right_clearance=- candidate_valid=false rung=- pre_dist=-m | cache_used=false path_age=- path_points=0 planning_time_ms=0.1 | reason=no_static_obstacle_in_range | cache_reason=no_cache
1787341829.010 [STATIC_AVOID] obs_id=- obs_dist=-m obs_s=- ego_s=13.24 side=- | left_clearance=- right_clearance=- candidate_valid=false rung=- pre_dist=-m | cache_used=false path_age=- path_points=0 planning_time_ms=0.1 | reason=no_static_obstacle_in_range | cache_reason=no_cache
1787341829.618 [STATIC_AVOID] obs_id=- obs_dist=-m obs_s=- ego_s=14.52 side=- | left_clearance=- right_clearance=- candidate_valid=false rung=- pre_dist=-m | cache_used=false path_age=- path_points=0 planning_time_ms=0.1 | reason=no_static_obstacle_in_range | cache_reason=no_cache
1787341830.205 [STATIC_AVOID] obs_id=- obs_dist=-m obs_s=- ego_s=15.72 side=- | left_clearance=- right_clearance=- candidate_valid=false rung=- pre_dist=-m | cache_used=false path_age=- path_points=0 planning_time_ms=0.1 | reason=no_static_obstacle_in_range | cache_reason=no_cache
1787341830.708 [STATIC_AVOID] obs_id=- obs_dist=-m obs_s=- ego_s=16.27 side=- | left_clearance=- right_clearance=- candidate_valid=false rung=- pre_dist=-m | cache_used=false path_age=- path_points=0 planning_time_ms=0.1 | reason=no_static_obstacle_in_range | cache_reason=no_cache
1787341831.309 [STATIC_AVOID] obs_id=- obs_dist=-m obs_s=- ego_s=17.29 side=- | left_clearance=- right_clearance=- candidate_valid=false rung=- pre_dist=-m | cache_used=false path_age=- path_points=0 planning_time_ms=0.1 | reason=no_static_obstacle_in_range | cache_reason=no_cache
1787341831.912 [STATIC_AVOID] obs_id=- obs_dist=-m obs_s=- ego_s=18.25 side=- | left_clearance=- right_clearance=- candidate_valid=false rung=- pre_dist=-m | cache_used=false path_age=- path_points=0 planning_time_ms=0.1 | reason=no_static_obstacle_in_range | cache_reason=no_cache
1787341832.508 [STATIC_AVOID] obs_id=- obs_dist=-m obs_s=- ego_s=19.14 side=- | left_clearance=- right_clearance=- candidate_valid=false rung=- pre_dist=-m | cache_used=false path_age=- path_points=0 planning_time_ms=0.1 | reason=no_static_obstacle_in_range | cache_reason=no_cache
1787341833.005 [STATIC_AVOID] obs_id=- obs_dist=-m obs_s=- ego_s=20.10 side=- | left_clearance=- right_clearance=- candidate_valid=false rung=- pre_dist=-m | cache_used=false path_age=- path_points=0 planning_time_ms=0.1 | reason=no_static_obstacle_in_range | cache_reason=no_cache
1787341833.506 [STATIC_AVOID] obs_id=- obs_dist=-m obs_s=- ego_s=21.24 side=- | left_clearance=- right_clearance=- candidate_valid=false rung=- pre_dist=-m | cache_used=false path_age=- path_points=0 planning_time_ms=0.1 | reason=no_static_obstacle_in_range | cache_reason=no_cache
1787341834.008 [STATIC_AVOID] obs_id=- obs_dist=-m obs_s=- ego_s=22.49 side=- | left_clearance=- right_clearance=- candidate_valid=false rung=- pre_dist=-m | cache_used=false path_age=- path_points=0 planning_time_ms=0.1 | reason=no_static_obstacle_in_range | cache_reason=no_cache
1787341834.520 [STATIC_AVOID] obs_id=- obs_dist=-m obs_s=- ego_s=23.12 side=- | left_clearance=- right_clearance=- candidate_valid=false rung=- pre_dist=-m | cache_used=false path_age=- path_points=0 planning_time_ms=0.2 | reason=no_static_obstacle_in_range | cache_reason=no_cache
1787341835.116 [STATIC_AVOID] obs_id=- obs_dist=-m obs_s=- ego_s=23.65 side=- | left_clearance=- right_clearance=- candidate_valid=false rung=- pre_dist=-m | cache_used=false path_age=- path_points=0 planning_time_ms=0.1 | reason=no_static_obstacle_in_range | cache_reason=no_cache
1787341835.709 [STATIC_AVOID] obs_id=- obs_dist=-m obs_s=- ego_s=25.03 side=- | left_clearance=- right_clearance=- candidate_valid=false rung=- pre_dist=-m | cache_used=false path_age=- path_points=0 planning_time_ms=0.1 | reason=no_static_obstacle_in_range | cache_reason=no_cache
1787341836.307 [STATIC_AVOID] obs_id=- obs_dist=-m obs_s=- ego_s=26.80 side=- | left_clearance=- right_clearance=- candidate_valid=false rung=- pre_dist=-m | cache_used=false path_age=- path_points=0 planning_time_ms=0.1 | reason=no_static_obstacle_in_range | cache_reason=no_cache
1787341836.909 [STATIC_AVOID] obs_id=- obs_dist=-m obs_s=- ego_s=28.79 side=- | left_clearance=- right_clearance=- candidate_valid=false rung=- pre_dist=-m | cache_used=false path_age=- path_points=0 planning_time_ms=0.1 | reason=no_static_obstacle_in_range | cache_reason=no_cache
1787341837.415 [STATIC_AVOID] obs_id=150 obs_dist=1.11m obs_s=31.45 ego_s=30.34 side=- | left_clearance=-0.05 right_clearance=0.19 candidate_valid=false rung=- pre_dist=2.07m | cache_used=false path_age=- path_points=0 planning_time_ms=9.5 | reason=obstacle_clearance | cache_reason=no_cache
1787341838.027 [STATIC_AVOID] obs_id=150 obs_dist=0.08m obs_s=31.48 ego_s=31.40 side=RIGHT | left_clearance=-0.02 right_clearance=0.24 candidate_valid=true rung=0 pre_dist=2.52m | cache_used=false path_age=0.000 path_points=101 planning_time_ms=15.9
1787341838.615 [STATIC_AVOID] obs_id=150 obs_dist=-0.69m obs_s=31.48 ego_s=32.17 side=RIGHT | left_clearance=-0.02 right_clearance=0.24 candidate_valid=true rung=0 pre_dist=3.29m | cache_used=false path_age=0.000 path_points=101 planning_time_ms=3.5
1787341839.205 [STATIC_AVOID] obs_id=- obs_dist=-m obs_s=- ego_s=33.25 side=- | left_clearance=- right_clearance=- candidate_valid=false rung=- pre_dist=-m | cache_used=false path_age=- path_points=0 planning_time_ms=0.1 | reason=no_static_obstacle_in_range | cache_reason=no_cache
1787341839.705 [STATIC_AVOID] obs_id=- obs_dist=-m obs_s=- ego_s=34.68 side=- | left_clearance=- right_clearance=- candidate_valid=false rung=- pre_dist=-m | cache_used=false path_age=- path_points=0 planning_time_ms=0.1 | reason=no_static_obstacle_in_range | cache_reason=no_cache
1787341840.209 [STATIC_AVOID] obs_id=- obs_dist=-m obs_s=- ego_s=36.31 side=- | left_clearance=- right_clearance=- candidate_valid=false rung=- pre_dist=-m | cache_used=false path_age=- path_points=0 planning_time_ms=0.1 | reason=no_static_obstacle_in_range | cache_reason=no_cache
1787341840.814 [STATIC_AVOID] obs_id=- obs_dist=-m obs_s=- ego_s=38.89 side=- | left_clearance=- right_clearance=- candidate_valid=false rung=- pre_dist=-m | cache_used=false path_age=- path_points=0 planning_time_ms=0.1 | reason=no_static_obstacle_in_range | cache_reason=no_cache
1787341841.408 [STATIC_AVOID] obs_id=- obs_dist=-m obs_s=- ego_s=39.12 side=- | left_clearance=- right_clearance=- candidate_valid=false rung=- pre_dist=-m | cache_used=false path_age=- path_points=0 planning_time_ms=0.1 | reason=no_static_obstacle_in_range | cache_reason=no_cache
1787341841.918 [STATIC_AVOID] obs_id=- obs_dist=-m obs_s=- ego_s=39.05 side=- | left_clearance=- right_clearance=- candidate_valid=false rung=- pre_dist=-m | cache_used=false path_age=- path_points=0 planning_time_ms=0.1 | reason=no_static_obstacle_in_range | cache_reason=no_cache
1787341842.512 [STATIC_AVOID] obs_id=- obs_dist=-m obs_s=- ego_s=38.99 side=- | left_clearance=- right_clearance=- candidate_valid=false rung=- pre_dist=-m | cache_used=false path_age=- path_points=0 planning_time_ms=0.2 | reason=no_static_obstacle_in_range | cache_reason=no_cache
1787341843.108 [STATIC_AVOID] obs_id=- obs_dist=-m obs_s=- ego_s=38.90 side=- | left_clearance=- right_clearance=- candidate_valid=false rung=- pre_dist=-m | cache_used=false path_age=- path_points=0 planning_time_ms=0.1 | reason=no_static_obstacle_in_range | cache_reason=no_cache
1787341843.612 [STATIC_AVOID] obs_id=- obs_dist=-m obs_s=- ego_s=0.24 side=- | left_clearance=- right_clearance=- candidate_valid=false rung=- pre_dist=-m | cache_used=false path_age=- path_points=0 planning_time_ms=0.2 | reason=no_static_obstacle_in_range | cache_reason=no_cache
1787341844.209 [STATIC_AVOID] obs_id=- obs_dist=-m obs_s=- ego_s=1.31 side=- | left_clearance=- right_clearance=- candidate_valid=false rung=- pre_dist=-m | cache_used=false path_age=- path_points=0 planning_time_ms=0.2 | reason=no_static_obstacle_in_range | cache_reason=no_cache
1787341844.805 [STATIC_AVOID] obs_id=- obs_dist=-m obs_s=- ego_s=1.74 side=- | left_clearance=- right_clearance=- candidate_valid=false rung=- pre_dist=-m | cache_used=false path_age=- path_points=0 planning_time_ms=0.1 | reason=no_static_obstacle_in_range | cache_reason=no_cache
1787341845.306 [STATIC_AVOID] obs_id=- obs_dist=-m obs_s=- ego_s=1.76 side=- | left_clearance=- right_clearance=- candidate_valid=false rung=- pre_dist=-m | cache_used=false path_age=- path_points=0 planning_time_ms=0.1 | reason=no_static_obstacle_in_range | cache_reason=no_cache
1787341845.905 [STATIC_AVOID] obs_id=- obs_dist=-m obs_s=- ego_s=1.44 side=- | left_clearance=- right_clearance=- candidate_valid=false rung=- pre_dist=-m | cache_used=false path_age=- path_points=0 planning_time_ms=0.1 | reason=no_static_obstacle_in_range | cache_reason=no_cache
1787341846.408 [STATIC_AVOID] obs_id=- obs_dist=-m obs_s=- ego_s=1.43 side=- | left_clearance=- right_clearance=- candidate_valid=false rung=- pre_dist=-m | cache_used=false path_age=- path_points=0 planning_time_ms=0.1 | reason=no_static_obstacle_in_range | cache_reason=no_cache
1787341847.006 [STATIC_AVOID] obs_id=- obs_dist=-m obs_s=- ego_s=1.42 side=- | left_clearance=- right_clearance=- candidate_valid=false rung=- pre_dist=-m | cache_used=false path_age=- path_points=0 planning_time_ms=0.1 | reason=no_static_obstacle_in_range | cache_reason=no_cache
1787341847.506 [STATIC_AVOID] obs_id=- obs_dist=-m obs_s=- ego_s=1.39 side=- | left_clearance=- right_clearance=- candidate_valid=false rung=- pre_dist=-m | cache_used=false path_age=- path_points=0 planning_time_ms=0.2 | reason=no_static_obstacle_in_range | cache_reason=no_cache
1787341848.107 [STATIC_AVOID] obs_id=- obs_dist=-m obs_s=- ego_s=1.45 side=- | left_clearance=- right_clearance=- candidate_valid=false rung=- pre_dist=-m | cache_used=false path_age=- path_points=0 planning_time_ms=0.1 | reason=no_static_obstacle_in_range | cache_reason=no_cache
1787341848.607 [STATIC_AVOID] obs_id=- obs_dist=-m obs_s=- ego_s=1.49 side=- | left_clearance=- right_clearance=- candidate_valid=false rung=- pre_dist=-m | cache_used=false path_age=- path_points=0 planning_time_ms=0.1 | reason=no_static_obstacle_in_range | cache_reason=no_cache
1787341849.205 [STATIC_AVOID] obs_id=- obs_dist=-m obs_s=- ego_s=1.55 side=- | left_clearance=- right_clearance=- candidate_valid=false rung=- pre_dist=-m | cache_used=false path_age=- path_points=0 planning_time_ms=0.1 | reason=no_static_obstacle_in_range | cache_reason=no_cache
1787341849.806 [STATIC_AVOID] obs_id=- obs_dist=-m obs_s=- ego_s=1.59 side=- | left_clearance=- right_clearance=- candidate_valid=false rung=- pre_dist=-m | cache_used=false path_age=- path_points=0 planning_time_ms=0.1 | reason=no_static_obstacle_in_range | cache_reason=no_cache
1787341850.316 [STATIC_AVOID] obs_id=- obs_dist=-m obs_s=- ego_s=1.56 side=- | left_clearance=- right_clearance=- candidate_valid=false rung=- pre_dist=-m | cache_used=false path_age=- path_points=0 planning_time_ms=0.1 | reason=no_static_obstacle_in_range | cache_reason=no_cache
