# state_machine debug log started 20260816_150452  map='0815test3'
1786860303.602 [OBSTACLES] cur_s=12.68 cur_d=0.93 vs=-0.00 n=0 [none]
1786860303.606 [STATE_CHANGE] None -> LOSTLINE src=GB_TRACK s=12.68 d=0.93 vs=-0.00
1786860304.127 [OBSTACLES] cur_s=12.76 cur_d=0.87 vs=-0.00 n=0 [none]
1786860304.638 [OBSTACLES] cur_s=12.88 cur_d=0.76 vs=-0.00 n=0 [none]
1786860305.191 [OBSTACLES] cur_s=12.78 cur_d=0.85 vs=-0.00 n=0 [none]
1786860305.746 [OBSTACLES] cur_s=12.79 cur_d=0.89 vs=-0.00 n=0 [none]
1786860306.275 [OBSTACLES] cur_s=12.78 cur_d=0.87 vs=-0.00 n=0 [none]
1786860306.867 [OBSTACLES] cur_s=12.79 cur_d=0.87 vs=-0.00 n=0 [none]
1786860307.372 [OBSTACLES] cur_s=12.78 cur_d=0.86 vs=-0.00 n=0 [none]
1786860307.921 [OBSTACLES] cur_s=12.79 cur_d=0.86 vs=-0.00 n=0 [none]
1786860308.443 [OBSTACLES] cur_s=12.79 cur_d=0.85 vs=-0.00 n=0 [none]
1786860309.019 [OBSTACLES] cur_s=12.78 cur_d=0.86 vs=-0.00 n=0 [none]
1786860309.588 [OBSTACLES] cur_s=12.79 cur_d=0.86 vs=-0.00 n=0 [none]
1786860310.159 [OBSTACLES] cur_s=12.79 cur_d=0.85 vs=-0.00 n=0 [none]
1786860310.659 [OBSTACLES] cur_s=12.78 cur_d=0.85 vs=-0.00 n=0 [none]
1786860311.351 [OBSTACLES] cur_s=12.79 cur_d=0.85 vs=-0.00 n=0 [none]
1786860311.852 [OBSTACLES] cur_s=12.79 cur_d=0.85 vs=-0.00 n=0 [none]
1786860312.387 [OBSTACLES] cur_s=12.79 cur_d=0.85 vs=-0.00 n=0 [none]
1786860312.958 [OBSTACLES] cur_s=12.79 cur_d=0.85 vs=-0.00 n=0 [none]
1786860313.504 [OBSTACLES] cur_s=12.78 cur_d=0.84 vs=-0.00 n=0 [none]
1786860314.005 [OBSTACLES] cur_s=12.79 cur_d=0.84 vs=-0.00 n=0 [none]
1786860314.540 [OBSTACLES] cur_s=12.79 cur_d=0.85 vs=-0.00 n=0 [none]
1786860315.130 [OBSTACLES] cur_s=12.79 cur_d=0.85 vs=-0.00 n=0 [none]
1786860315.687 [OBSTACLES] cur_s=12.79 cur_d=0.85 vs=-0.00 n=0 [none]
1786860316.260 [OBSTACLES] cur_s=17.71 cur_d=0.28 vs=0.00 n=0 [none]
1786860316.263 [STATE_CHANGE] LOSTLINE -> GB_TRACK src=GB_TRACK s=17.71 d=0.28 vs=0.00
1786860316.887 [OBSTACLES] cur_s=17.68 cur_d=0.27 vs=0.00 n=0 [none]
1786860317.407 [OBSTACLES] cur_s=17.68 cur_d=0.27 vs=0.00 n=0 [none]
1786860317.945 [OBSTACLES] cur_s=17.67 cur_d=0.27 vs=0.00 n=0 [none]
1786860318.500 [OBSTACLES] cur_s=17.68 cur_d=0.27 vs=0.00 n=0 [none]
1786860319.004 [OBSTACLES] cur_s=17.68 cur_d=0.27 vs=0.00 n=0 [none]
1786860319.528 [OBSTACLES] cur_s=17.68 cur_d=0.27 vs=0.00 n=0 [none]
1786860320.056 [OBSTACLES] cur_s=17.68 cur_d=0.27 vs=0.00 n=0 [none]
1786860320.574 [OBSTACLES] cur_s=17.66 cur_d=0.27 vs=0.00 n=0 [none]
1786860321.184 [OBSTACLES] cur_s=17.66 cur_d=0.27 vs=0.00 n=0 [none]
1786860321.744 [OBSTACLES] cur_s=17.66 cur_d=0.27 vs=0.00 n=0 [none]
1786860322.262 [OBSTACLES] cur_s=17.66 cur_d=0.27 vs=0.00 n=0 [none]
1786860322.768 [OBSTACLES] cur_s=17.66 cur_d=0.26 vs=0.00 n=0 [none]
1786860323.290 [OBSTACLES] cur_s=17.66 cur_d=0.27 vs=0.00 n=0 [none]
1786860323.872 [OBSTACLES] cur_s=17.66 cur_d=0.27 vs=0.00 n=0 [none]
1786860324.439 [OBSTACLES] cur_s=17.66 cur_d=0.27 vs=0.00 n=0 [none]
1786860325.045 [OBSTACLES] cur_s=17.66 cur_d=0.27 vs=0.00 n=0 [none]
1786860325.290 [STATE_CHANGE] GB_TRACK -> LOSTLINE src=GB_TRACK s=21.65 d=0.41 vs=0.00
1786860325.612 [OBSTACLES] cur_s=21.59 cur_d=0.45 vs=0.00 n=0 [none]
1786860326.182 [OBSTACLES] cur_s=21.58 cur_d=0.45 vs=0.00 n=0 [none]
1786860326.720 [OBSTACLES] cur_s=21.58 cur_d=0.45 vs=0.00 n=0 [none]
1786860327.242 [OBSTACLES] cur_s=21.58 cur_d=0.45 vs=0.00 n=0 [none]
1786860327.960 [OBSTACLES] cur_s=21.58 cur_d=0.45 vs=0.00 n=0 [none]
1786860328.542 [OBSTACLES] cur_s=21.58 cur_d=0.44 vs=0.00 n=0 [none]
1786860329.161 [OBSTACLES] cur_s=21.58 cur_d=0.45 vs=0.00 n=0 [none]
1786860329.707 [OBSTACLES] cur_s=21.49 cur_d=0.45 vs=0.00 n=0 [none]
1786860330.279 [OBSTACLES] cur_s=21.49 cur_d=0.45 vs=0.00 n=0 [none]
1786860330.799 [OBSTACLES] cur_s=21.49 cur_d=0.45 vs=0.00 n=0 [none]
1786860331.350 [OBSTACLES] cur_s=21.49 cur_d=0.45 vs=0.00 n=0 [none]
1786860331.905 [OBSTACLES] cur_s=21.49 cur_d=0.45 vs=0.00 n=0 [none]
1786860332.406 [OBSTACLES] cur_s=21.50 cur_d=0.45 vs=0.00 n=0 [none]
1786860332.906 [OBSTACLES] cur_s=21.51 cur_d=0.45 vs=0.00 n=0 [none]
1786860333.425 [OBSTACLES] cur_s=21.50 cur_d=0.45 vs=0.00 n=0 [none]
1786860334.022 [OBSTACLES] cur_s=21.49 cur_d=0.45 vs=0.00 n=0 [none]
1786860334.535 [OBSTACLES] cur_s=21.49 cur_d=0.45 vs=0.00 n=0 [none]
1786860335.337 [OBSTACLES] cur_s=21.48 cur_d=0.45 vs=0.00 n=0 [none]
1786860335.910 [OBSTACLES] cur_s=21.49 cur_d=0.45 vs=0.00 n=0 [none]
1786860335.991 [STATE_CHANGE] LOSTLINE -> RECOVERY src=RECOVERY s=21.49 d=0.45 vs=0.00
1786860336.418 [OBSTACLES] cur_s=21.50 cur_d=0.46 vs=0.00 n=0 [none]
1786860337.034 [OBSTACLES] cur_s=21.52 cur_d=0.45 vs=0.00 n=0 [none]
1786860337.614 [OBSTACLES] cur_s=21.49 cur_d=0.45 vs=0.00 n=0 [none]
1786860338.174 [OBSTACLES] cur_s=21.49 cur_d=0.45 vs=0.00 n=0 [none]
1786860338.676 [OBSTACLES] cur_s=21.49 cur_d=0.45 vs=0.00 n=0 [none]
1786860339.194 [OBSTACLES] cur_s=21.49 cur_d=0.45 vs=0.00 n=0 [none]
1786860339.778 [OBSTACLES] cur_s=21.49 cur_d=0.45 vs=0.00 n=0 [none]
1786860340.327 [OBSTACLES] cur_s=21.50 cur_d=0.45 vs=0.00 n=0 [none]
1786860340.836 [OBSTACLES] cur_s=21.50 cur_d=0.46 vs=0.00 n=0 [none]
1786860341.389 [OBSTACLES] cur_s=21.50 cur_d=0.46 vs=0.00 n=0 [none]
1786860341.976 [OBSTACLES] cur_s=21.50 cur_d=0.46 vs=0.00 n=0 [none]
1786860342.556 [OBSTACLES] cur_s=21.49 cur_d=0.46 vs=0.00 n=0 [none]
1786860343.150 [OBSTACLES] cur_s=21.50 cur_d=0.46 vs=0.00 n=0 [none]
1786860343.737 [OBSTACLES] cur_s=21.50 cur_d=0.46 vs=0.00 n=0 [none]
1786860344.288 [OBSTACLES] cur_s=21.50 cur_d=0.46 vs=0.00 n=0 [none]
1786860344.927 [OBSTACLES] cur_s=21.50 cur_d=0.46 vs=0.00 n=0 [none]
1786860345.453 [OBSTACLES] cur_s=21.49 cur_d=0.46 vs=0.00 n=0 [none]
1786860345.924 [STATE_CHANGE] RECOVERY -> LOSTLINE src=GB_TRACK s=21.50 d=0.46 vs=0.00
1786860345.997 [OBSTACLES] cur_s=21.50 cur_d=0.46 vs=0.00 n=0 [none]
1786860346.562 [OBSTACLES] cur_s=21.50 cur_d=0.46 vs=0.00 n=0 [none]
1786860347.095 [OBSTACLES] cur_s=21.50 cur_d=0.46 vs=0.00 n=0 [none]
1786860347.722 [OBSTACLES] cur_s=21.50 cur_d=0.46 vs=0.00 n=0 [none]
1786860348.548 [OBSTACLES] cur_s=21.50 cur_d=0.46 vs=0.00 n=0 [none]
1786860349.051 [OBSTACLES] cur_s=21.50 cur_d=0.46 vs=0.00 n=0 [none]
1786860349.696 [OBSTACLES] cur_s=21.50 cur_d=0.46 vs=0.00 n=0 [none]
1786860350.251 [OBSTACLES] cur_s=21.50 cur_d=0.46 vs=0.00 n=0 [none]
1786860350.810 [OBSTACLES] cur_s=21.50 cur_d=0.46 vs=0.00 n=0 [none]
1786860351.351 [OBSTACLES] cur_s=21.53 cur_d=0.47 vs=0.00 n=0 [none]
1786860351.714 [STATE_CHANGE] LOSTLINE -> RECOVERY src=RECOVERY s=21.56 d=0.46 vs=0.74
1786860351.860 [OBSTACLES] cur_s=21.71 cur_d=0.46 vs=1.50 n=0 [none]
1786860352.433 [OBSTACLES] cur_s=22.98 cur_d=0.38 vs=1.36 n=0 [none]
1786860353.056 [OBSTACLES] cur_s=23.24 cur_d=0.35 vs=0.08 n=0 [none]
1786860353.558 [OBSTACLES] cur_s=22.95 cur_d=0.37 vs=-1.52 n=0 [none]
1786860354.077 [OBSTACLES] cur_s=22.33 cur_d=0.40 vs=-0.74 n=0 [none]
1786860354.589 [OBSTACLES] cur_s=22.26 cur_d=0.43 vs=0.00 n=0 [none]
1786860355.153 [OBSTACLES] cur_s=22.25 cur_d=0.42 vs=0.00 n=0 [none]
1786860355.674 [OBSTACLES] cur_s=22.26 cur_d=0.42 vs=0.00 n=0 [none]
1786860356.257 [OBSTACLES] cur_s=22.25 cur_d=0.42 vs=0.00 n=0 [none]
1786860356.772 [OBSTACLES] cur_s=22.26 cur_d=0.42 vs=0.00 n=0 [none]
1786860357.326 [OBSTACLES] cur_s=22.29 cur_d=0.42 vs=0.00 n=0 [none]
1786860357.865 [OBSTACLES] cur_s=22.28 cur_d=0.42 vs=0.00 n=0 [none]
1786860358.389 [OBSTACLES] cur_s=22.29 cur_d=0.42 vs=0.00 n=0 [none]
1786860358.948 [OBSTACLES] cur_s=22.29 cur_d=0.42 vs=0.00 n=0 [none]
1786860359.452 [OBSTACLES] cur_s=22.29 cur_d=0.42 vs=0.00 n=0 [none]
1786860360.012 [OBSTACLES] cur_s=22.29 cur_d=0.42 vs=0.00 n=0 [none]
1786860360.518 [OBSTACLES] cur_s=22.28 cur_d=0.42 vs=0.00 n=0 [none]
1786860361.059 [OBSTACLES] cur_s=22.29 cur_d=0.42 vs=0.00 n=0 [none]
1786860361.582 [OBSTACLES] cur_s=22.29 cur_d=0.42 vs=0.00 n=0 [none]
1786860361.757 [STATE_CHANGE] RECOVERY -> LOSTLINE src=GB_TRACK s=22.29 d=0.42 vs=0.00
1786860362.111 [OBSTACLES] cur_s=22.28 cur_d=0.42 vs=0.00 n=0 [none]
1786860362.646 [OBSTACLES] cur_s=22.29 cur_d=0.42 vs=0.00 n=0 [none]
1786860363.159 [OBSTACLES] cur_s=22.29 cur_d=0.42 vs=0.00 n=0 [none]
1786860363.725 [OBSTACLES] cur_s=22.29 cur_d=0.42 vs=0.00 n=0 [none]
1786860364.298 [OBSTACLES] cur_s=22.29 cur_d=0.42 vs=0.00 n=0 [none]
1786860364.823 [OBSTACLES] cur_s=22.29 cur_d=0.42 vs=0.00 n=0 [none]
1786860365.389 [OBSTACLES] cur_s=22.26 cur_d=0.43 vs=0.00 n=0 [none]
1786860365.957 [OBSTACLES] cur_s=22.23 cur_d=0.44 vs=-1.02 n=0 [none]
1786860366.490 [OBSTACLES] cur_s=21.41 cur_d=0.49 vs=-1.31 n=0 [none]
1786860367.044 [OBSTACLES] cur_s=20.55 cur_d=0.53 vs=-1.15 n=0 [none]
1786860367.629 [OBSTACLES] cur_s=19.83 cur_d=0.54 vs=-1.63 n=0 [none]
1786860367.936 [STATE_CHANGE] LOSTLINE -> RECOVERY src=RECOVERY s=19.39 d=0.53 vs=-1.07
1786860368.449 [OBSTACLES] cur_s=19.17 cur_d=0.51 vs=-0.73 n=0 [none]
1786860368.753 [STATE_CHANGE] RECOVERY -> LOSTLINE src=GB_TRACK s=18.95 d=0.49 vs=-0.40
1786860368.968 [OBSTACLES] cur_s=18.89 cur_d=0.48 vs=0.00 n=0 [none]
1786860369.534 [OBSTACLES] cur_s=18.90 cur_d=0.48 vs=-0.06 n=0 [none]
1786860370.090 [OBSTACLES] cur_s=18.92 cur_d=0.48 vs=0.00 n=0 [none]
1786860370.232 [STATE_CHANGE] LOSTLINE -> RECOVERY src=RECOVERY s=18.92 d=0.48 vs=0.00
1786860370.601 [OBSTACLES] cur_s=18.91 cur_d=0.48 vs=0.00 n=0 [none]
1786860371.101 [OBSTACLES] cur_s=18.92 cur_d=0.48 vs=0.00 n=0 [none]
1786860371.645 [OBSTACLES] cur_s=18.92 cur_d=0.48 vs=0.00 n=0 [none]
1786860372.201 [OBSTACLES] cur_s=18.91 cur_d=0.48 vs=0.00 n=0 [none]
1786860372.763 [OBSTACLES] cur_s=18.90 cur_d=0.48 vs=0.00 n=0 [none]
1786860373.365 [OBSTACLES] cur_s=18.91 cur_d=0.48 vs=0.00 n=0 [none]
1786860373.887 [OBSTACLES] cur_s=18.91 cur_d=0.48 vs=0.00 n=0 [none]
1786860374.674 [OBSTACLES] cur_s=18.91 cur_d=0.48 vs=0.00 n=0 [none]
1786860374.833 [STATE_CHANGE] RECOVERY -> LOSTLINE src=GB_TRACK s=17.06 d=-0.25 vs=0.00
1786860374.904 [STATE_CHANGE] LOSTLINE -> GB_TRACK src=GB_TRACK s=17.06 d=-0.05 vs=0.00
1786860375.187 [OBSTACLES] cur_s=17.08 cur_d=0.03 vs=0.00 n=0 [none]
1786860375.736 [OBSTACLES] cur_s=17.10 cur_d=0.05 vs=0.00 n=0 [none]
1786860376.356 [OBSTACLES] cur_s=17.13 cur_d=0.07 vs=0.00 n=0 [none]
1786860376.933 [OBSTACLES] cur_s=17.11 cur_d=0.06 vs=0.14 n=0 [none]
1786860377.479 [OBSTACLES] cur_s=17.90 cur_d=0.42 vs=1.80 n=0 [none]
1786860377.483 [STATE_CHANGE] GB_TRACK -> LOSTLINE src=GB_TRACK s=17.90 d=0.42 vs=1.80
1786860377.988 [OBSTACLES] cur_s=18.97 cur_d=0.65 vs=2.03 n=0 [none]
1786860378.599 [OBSTACLES] cur_s=20.12 cur_d=0.57 vs=1.86 n=0 [none]
1786860379.189 [OBSTACLES] cur_s=21.11 cur_d=0.50 vs=0.37 n=0 [none]
1786860379.692 [OBSTACLES] cur_s=21.13 cur_d=0.50 vs=-0.18 n=0 [none]
1786860379.820 [STATE_CHANGE] LOSTLINE -> RECOVERY src=RECOVERY s=21.05 d=0.52 vs=-0.39
1786860380.216 [OBSTACLES] cur_s=21.00 cur_d=0.53 vs=0.00 n=0 [none]
1786860380.745 [OBSTACLES] cur_s=21.00 cur_d=0.53 vs=0.00 n=0 [none]
1786860381.257 [OBSTACLES] cur_s=21.00 cur_d=0.53 vs=0.00 n=0 [none]
1786860381.782 [OBSTACLES] cur_s=20.98 cur_d=0.53 vs=0.00 n=0 [none]
1786860382.289 [OBSTACLES] cur_s=21.00 cur_d=0.53 vs=0.00 n=0 [none]
1786860382.893 [OBSTACLES] cur_s=21.00 cur_d=0.53 vs=0.00 n=0 [none]
1786860383.397 [OBSTACLES] cur_s=21.00 cur_d=0.53 vs=0.00 n=0 [none]
1786860383.909 [OBSTACLES] cur_s=21.00 cur_d=0.53 vs=0.00 n=0 [none]
1786860384.413 [OBSTACLES] cur_s=21.17 cur_d=0.51 vs=1.22 n=0 [none]
1786860384.942 [OBSTACLES] cur_s=21.98 cur_d=0.36 vs=1.33 n=0 [none]
1786860385.451 [OBSTACLES] cur_s=22.70 cur_d=0.44 vs=1.30 n=0 [none]
1786860385.782 [STATE_CHANGE] RECOVERY -> LOSTLINE src=GB_TRACK s=23.09 d=0.48 vs=1.30
1786860385.950 [STATE_CHANGE] LOSTLINE -> RECOVERY src=RECOVERY s=23.28 d=0.50 vs=1.30
1786860386.005 [OBSTACLES] cur_s=23.28 cur_d=0.50 vs=1.30 n=0 [none]
1786860386.606 [OBSTACLES] cur_s=24.06 cur_d=0.49 vs=1.34 n=0 [none]
1786860387.208 [OBSTACLES] cur_s=24.84 cur_d=0.37 vs=1.05 n=0 [none]
1786860387.722 [OBSTACLES] cur_s=25.29 cur_d=0.35 vs=0.62 n=0 [none]
1786860388.314 [OBSTACLES] cur_s=25.38 cur_d=0.34 vs=-0.25 n=0 [none]
1786860388.873 [OBSTACLES] cur_s=24.22 cur_d=0.40 vs=-2.24 n=0 [none]
1786860389.425 [OBSTACLES] cur_s=23.45 cur_d=0.41 vs=-1.10 n=0 [none]
1786860389.955 [OBSTACLES] cur_s=22.87 cur_d=0.45 vs=-1.71 n=0 [none]
1786860390.120 [STATE_CHANGE] RECOVERY -> LOSTLINE src=GB_TRACK s=22.48 d=0.41 vs=-1.48
1786860390.457 [OBSTACLES] cur_s=22.12 cur_d=0.38 vs=-0.80 n=0 [none]
1786860390.636 [STATE_CHANGE] LOSTLINE -> RECOVERY src=RECOVERY s=22.00 d=0.38 vs=-0.36
1786860391.072 [OBSTACLES] cur_s=22.05 cur_d=0.38 vs=0.00 n=0 [none]
1786860391.621 [OBSTACLES] cur_s=22.08 cur_d=0.38 vs=0.00 n=0 [none]
1786860392.252 [OBSTACLES] cur_s=22.08 cur_d=0.38 vs=0.00 n=0 [none]
1786860392.869 [OBSTACLES] cur_s=22.08 cur_d=0.38 vs=0.00 n=0 [none]
1786860393.400 [OBSTACLES] cur_s=22.08 cur_d=0.38 vs=0.00 n=0 [none]
1786860393.913 [OBSTACLES] cur_s=22.08 cur_d=0.38 vs=0.00 n=0 [none]
1786860394.512 [OBSTACLES] cur_s=22.08 cur_d=0.38 vs=0.00 n=0 [none]
1786860395.110 [OBSTACLES] cur_s=22.08 cur_d=0.38 vs=0.00 n=0 [none]
1786860395.624 [OBSTACLES] cur_s=22.08 cur_d=0.38 vs=0.00 n=0 [none]
1786860396.129 [OBSTACLES] cur_s=22.08 cur_d=0.38 vs=0.00 n=0 [none]
1786860396.664 [OBSTACLES] cur_s=22.08 cur_d=0.38 vs=0.00 n=0 [none]
1786860397.270 [OBSTACLES] cur_s=22.08 cur_d=0.38 vs=0.00 n=0 [none]
1786860397.946 [OBSTACLES] cur_s=22.08 cur_d=0.38 vs=0.00 n=0 [none]
1786860398.465 [OBSTACLES] cur_s=22.08 cur_d=0.38 vs=0.00 n=0 [none]
1786860398.977 [OBSTACLES] cur_s=22.22 cur_d=0.37 vs=0.90 n=0 [none]
1786860399.527 [OBSTACLES] cur_s=22.69 cur_d=0.41 vs=0.95 n=0 [none]
1786860400.143 [OBSTACLES] cur_s=23.94 cur_d=0.40 vs=2.16 n=0 [none]
1786860400.597 [STATE_CHANGE] RECOVERY -> LOSTLINE src=GB_TRACK s=24.78 d=0.34 vs=1.10
1786860400.688 [OBSTACLES] cur_s=24.84 cur_d=0.34 vs=0.92 n=0 [none]
1786860401.249 [OBSTACLES] cur_s=25.02 cur_d=0.32 vs=0.00 n=0 [none]
1786860401.540 [STATE_CHANGE] LOSTLINE -> GB_TRACK src=GB_TRACK s=25.26 d=0.29 vs=1.72
1786860401.831 [OBSTACLES] cur_s=25.64 cur_d=0.22 vs=2.07 n=0 [none]
1786860402.338 [OBSTACLES] cur_s=26.49 cur_d=-0.03 vs=0.93 n=0 [none]
1786860402.872 [OBSTACLES] cur_s=26.68 cur_d=-0.12 vs=0.00 n=0 [none]
1786860403.379 [OBSTACLES] cur_s=26.68 cur_d=-0.12 vs=0.00 n=0 [none]
1786860403.979 [OBSTACLES] cur_s=26.43 cur_d=-0.02 vs=-1.94 n=0 [none]
1786860404.547 [OBSTACLES] cur_s=24.95 cur_d=0.29 vs=-3.31 n=0 [none]
1786860404.612 [STATE_CHANGE] GB_TRACK -> LOSTLINE src=GB_TRACK s=24.69 d=0.31 vs=-3.15
1786860404.941 [STATE_CHANGE] LOSTLINE -> RECOVERY src=RECOVERY s=23.74 d=0.35 vs=-2.25
1786860405.011 [STATE_CHANGE] RECOVERY -> LOSTLINE src=GB_TRACK s=23.66 d=0.36 vs=-2.20
1786860405.146 [OBSTACLES] cur_s=23.54 cur_d=0.36 vs=-2.00 n=0 [none]
1786860405.735 [OBSTACLES] cur_s=22.71 cur_d=0.37 vs=-0.57 n=0 [none]
1786860406.332 [OBSTACLES] cur_s=22.57 cur_d=0.39 vs=-1.09 n=0 [none]
1786860406.838 [OBSTACLES] cur_s=21.61 cur_d=0.42 vs=-2.42 n=0 [none]
1786860407.414 [OBSTACLES] cur_s=20.60 cur_d=0.37 vs=-1.01 n=0 [none]
1786860408.037 [OBSTACLES] cur_s=20.33 cur_d=0.30 vs=0.00 n=0 [none]
1786860408.236 [STATE_CHANGE] LOSTLINE -> RECOVERY src=RECOVERY s=20.25 d=0.30 vs=0.00
1786860408.548 [OBSTACLES] cur_s=20.24 cur_d=0.31 vs=0.00 n=0 [none]
1786860409.231 [OBSTACLES] cur_s=20.24 cur_d=0.31 vs=0.00 n=0 [none]
1786860409.817 [OBSTACLES] cur_s=20.25 cur_d=0.31 vs=0.00 n=0 [none]
1786860410.382 [OBSTACLES] cur_s=20.24 cur_d=0.31 vs=0.00 n=0 [none]
1786860410.919 [OBSTACLES] cur_s=20.39 cur_d=0.32 vs=0.92 n=0 [none]
1786860411.466 [OBSTACLES] cur_s=20.82 cur_d=0.34 vs=0.49 n=0 [none]
1786860412.001 [OBSTACLES] cur_s=20.84 cur_d=0.34 vs=0.00 n=0 [none]
1786860412.542 [OBSTACLES] cur_s=20.88 cur_d=0.34 vs=0.85 n=0 [none]
1786860413.116 [OBSTACLES] cur_s=21.62 cur_d=0.33 vs=1.59 n=0 [none]
1786860413.691 [OBSTACLES] cur_s=22.58 cur_d=0.26 vs=1.56 n=0 [none]
1786860414.312 [OBSTACLES] cur_s=23.50 cur_d=0.23 vs=1.56 n=0 [none]
1786860414.909 [OBSTACLES] cur_s=24.72 cur_d=0.09 vs=1.93 n=0 [none]
1786860415.213 [STATE_CHANGE] RECOVERY -> GB_TRACK src=GB_TRACK s=25.17 d=-0.02 vs=1.91
1786860415.472 [OBSTACLES] cur_s=25.75 cur_d=-0.17 vs=1.66 n=0 [none]
1786860415.724 [STATE_CHANGE] GB_TRACK -> LOSTLINE src=GB_TRACK s=26.15 d=-0.35 vs=1.30
1786860416.002 [OBSTACLES] cur_s=26.46 cur_d=-0.51 vs=0.51 n=0 [none]
1786860416.554 [OBSTACLES] cur_s=26.45 cur_d=-0.51 vs=-0.76 n=0 [none]
1786860416.853 [STATE_CHANGE] LOSTLINE -> GB_TRACK src=GB_TRACK s=25.98 d=-0.29 vs=-1.68
1786860417.176 [OBSTACLES] cur_s=25.59 cur_d=-0.12 vs=-1.18 n=0 [none]
1786860417.757 [OBSTACLES] cur_s=24.77 cur_d=0.09 vs=-2.32 n=0 [none]
1786860418.360 [OBSTACLES] cur_s=23.20 cur_d=0.34 vs=-2.51 n=0 [none]
1786860418.361 [STATE_CHANGE] GB_TRACK -> LOSTLINE src=GB_TRACK s=23.20 d=0.34 vs=-2.51
1786860418.535 [STATE_CHANGE] LOSTLINE -> RECOVERY src=RECOVERY s=22.74 d=0.39 vs=-2.04
1786860418.625 [STATE_CHANGE] RECOVERY -> LOSTLINE src=GB_TRACK s=22.58 d=0.41 vs=-1.85
1786860418.657 [STATE_CHANGE] LOSTLINE -> RECOVERY src=RECOVERY s=22.50 d=0.42 vs=-1.76
1786860418.912 [OBSTACLES] cur_s=22.21 cur_d=0.46 vs=-1.22 n=0 [none]
1786860418.913 [STATE_CHANGE] RECOVERY -> LOSTLINE src=GB_TRACK s=22.21 d=0.46 vs=-1.22
1786860419.500 [OBSTACLES] cur_s=21.93 cur_d=0.53 vs=-0.70 n=0 [none]
1786860420.011 [OBSTACLES] cur_s=21.60 cur_d=0.57 vs=-0.74 n=0 [none]
1786860420.529 [OBSTACLES] cur_s=21.30 cur_d=0.64 vs=-0.65 n=0 [none]
1786860420.605 [STATE_CHANGE] LOSTLINE -> RECOVERY src=RECOVERY s=21.25 d=0.64 vs=0.00
1786860421.053 [OBSTACLES] cur_s=21.10 cur_d=0.67 vs=-0.34 n=0 [none]
1786860421.615 [OBSTACLES] cur_s=21.18 cur_d=0.69 vs=0.00 n=0 [none]
1786860422.243 [OBSTACLES] cur_s=21.21 cur_d=0.69 vs=0.00 n=0 [none]
1786860422.767 [OBSTACLES] cur_s=21.25 cur_d=0.69 vs=0.00 n=0 [none]
1786860423.304 [OBSTACLES] cur_s=21.25 cur_d=0.69 vs=0.00 n=0 [none]
1786860423.913 [OBSTACLES] cur_s=21.24 cur_d=0.69 vs=0.00 n=0 [none]
1786860424.471 [OBSTACLES] cur_s=21.26 cur_d=0.69 vs=0.00 n=0 [none]
1786860425.010 [OBSTACLES] cur_s=21.26 cur_d=0.69 vs=0.00 n=0 [none]
1786860425.522 [OBSTACLES] cur_s=21.31 cur_d=0.69 vs=0.00 n=0 [none]
1786860426.071 [OBSTACLES] cur_s=21.31 cur_d=0.68 vs=0.00 n=0 [none]
1786860426.575 [OBSTACLES] cur_s=21.35 cur_d=0.69 vs=0.00 n=0 [none]
1786860427.105 [OBSTACLES] cur_s=21.34 cur_d=0.69 vs=0.00 n=0 [none]
1786860427.938 [OBSTACLES] cur_s=21.34 cur_d=0.69 vs=0.00 n=0 [none]
1786860428.502 [OBSTACLES] cur_s=21.35 cur_d=0.69 vs=0.00 n=0 [none]
1786860429.165 [OBSTACLES] cur_s=21.34 cur_d=0.69 vs=0.00 n=0 [none]
1786860429.896 [OBSTACLES] cur_s=21.13 cur_d=0.57 vs=0.00 n=0 [none]
1786860430.430 [OBSTACLES] cur_s=21.13 cur_d=0.57 vs=0.00 n=0 [none]
1786860430.576 [STATE_CHANGE] RECOVERY -> LOSTLINE src=GB_TRACK s=21.12 d=0.57 vs=0.00
1786860431.016 [OBSTACLES] cur_s=21.13 cur_d=0.57 vs=0.00 n=0 [none]
1786860431.434 [STATE_CHANGE] LOSTLINE -> RECOVERY src=RECOVERY s=21.13 d=0.57 vs=0.00
1786860431.526 [OBSTACLES] cur_s=21.12 cur_d=0.57 vs=0.00 n=0 [none]
1786860432.126 [OBSTACLES] cur_s=21.26 cur_d=0.60 vs=0.00 n=0 [none]
1786860432.657 [OBSTACLES] cur_s=21.41 cur_d=0.67 vs=0.00 n=0 [none]
1786860433.211 [OBSTACLES] cur_s=21.46 cur_d=0.66 vs=0.55 n=0 [none]
1786860433.715 [OBSTACLES] cur_s=21.97 cur_d=0.60 vs=1.22 n=0 [none]
1786860434.220 [OBSTACLES] cur_s=22.48 cur_d=0.31 vs=0.31 n=0 [none]
1786860434.758 [OBSTACLES] cur_s=22.32 cur_d=0.43 vs=-0.99 n=0 [none]
1786860435.356 [OBSTACLES] cur_s=21.62 cur_d=0.94 vs=-1.01 n=0 [none]
1786860435.875 [OBSTACLES] cur_s=21.30 cur_d=1.08 vs=-0.39 n=0 [none]
1786860436.463 [OBSTACLES] cur_s=21.08 cur_d=0.99 vs=0.00 n=0 [none]
1786860436.980 [OBSTACLES] cur_s=21.05 cur_d=0.93 vs=0.00 n=0 [none]
1786860437.513 [OBSTACLES] cur_s=21.08 cur_d=0.93 vs=0.00 n=0 [none]
1786860438.016 [OBSTACLES] cur_s=21.57 cur_d=0.69 vs=0.00 n=0 [none]
1786860438.537 [OBSTACLES] cur_s=21.60 cur_d=0.67 vs=0.00 n=0 [none]
1786860439.039 [OBSTACLES] cur_s=21.75 cur_d=0.63 vs=0.00 n=0 [none]
1786860439.548 [OBSTACLES] cur_s=21.77 cur_d=0.61 vs=0.00 n=0 [none]
1786860440.189 [OBSTACLES] cur_s=21.61 cur_d=0.62 vs=0.00 n=0 [none]
1786860440.729 [OBSTACLES] cur_s=21.61 cur_d=0.62 vs=0.00 n=0 [none]
1786860441.242 [OBSTACLES] cur_s=21.61 cur_d=0.62 vs=0.00 n=0 [none]
1786860441.438 [STATE_CHANGE] RECOVERY -> LOSTLINE src=GB_TRACK s=21.62 d=0.62 vs=0.00
1786860441.822 [OBSTACLES] cur_s=21.60 cur_d=0.62 vs=0.00 n=0 [none]
1786860442.078 [STATE_CHANGE] LOSTLINE -> RECOVERY src=RECOVERY s=21.61 d=0.62 vs=0.00
1786860442.396 [OBSTACLES] cur_s=21.60 cur_d=0.62 vs=0.00 n=0 [none]
1786860442.938 [OBSTACLES] cur_s=21.61 cur_d=0.62 vs=0.00 n=0 [none]
1786860443.500 [OBSTACLES] cur_s=21.58 cur_d=0.65 vs=0.00 n=0 [none]
1786860444.071 [OBSTACLES] cur_s=21.71 cur_d=0.71 vs=0.00 n=0 [none]
1786860444.587 [OBSTACLES] cur_s=21.75 cur_d=0.72 vs=0.00 n=0 [none]
1786860445.120 [OBSTACLES] cur_s=21.76 cur_d=0.70 vs=0.00 n=0 [none]
1786860445.672 [OBSTACLES] cur_s=21.75 cur_d=0.69 vs=0.00 n=0 [none]
1786860446.215 [OBSTACLES] cur_s=21.77 cur_d=0.67 vs=0.00 n=0 [none]
1786860446.784 [OBSTACLES] cur_s=21.82 cur_d=0.66 vs=0.00 n=0 [none]
1786860447.552 [OBSTACLES] cur_s=21.87 cur_d=0.64 vs=0.00 n=0 [none]
1786860448.218 [OBSTACLES] cur_s=21.90 cur_d=0.65 vs=0.00 n=0 [none]
1786860448.885 [OBSTACLES] cur_s=21.88 cur_d=0.66 vs=0.00 n=0 [none]
1786860449.464 [OBSTACLES] cur_s=21.88 cur_d=0.66 vs=0.00 n=0 [none]
1786860450.084 [OBSTACLES] cur_s=21.96 cur_d=0.66 vs=0.00 n=0 [none]
1786860450.634 [OBSTACLES] cur_s=21.97 cur_d=0.66 vs=0.00 n=0 [none]
1786860451.069 [STATIC_OT] state=RECOVERY path_exists=0 path_locked=0 path_ttl_ok=0 path_safe=0 on_spline=0 speed=0.00 raw_wpnts=0 raw_age=-s decision=TRAILING reason=NO_STATIC_PATH
1786860451.086 [STATE_CHANGE] RECOVERY -> TRAILING src=RECOVERY s=21.97 d=0.65 vs=0.00
1786860451.255 [OBSTACLES] cur_s=21.97 cur_d=0.65 vs=0.00 n=1 [id=12 static=1 gap=3.15m d=0.17 size=0.19]
1786860451.432 [STATIC_OT] state=TRAILING path_exists=0 path_locked=0 path_ttl_ok=0 path_safe=0 on_spline=0 speed=0.00 raw_wpnts=0 raw_age=-s decision=TRAILING reason=NO_STATIC_PATH
1786860451.652 [STATE_CHANGE] TRAILING -> RECOVERY src=RECOVERY s=21.97 d=0.66 vs=0.00
1786860451.824 [OBSTACLES] cur_s=21.98 cur_d=0.65 vs=0.00 n=0 [none]
1786860452.140 [STATE_CHANGE] RECOVERY -> LOSTLINE src=GB_TRACK s=21.97 d=0.65 vs=0.00
1786860452.437 [OBSTACLES] cur_s=21.98 cur_d=0.65 vs=0.00 n=0 [none]
1786860452.984 [OBSTACLES] cur_s=21.98 cur_d=0.65 vs=0.00 n=0 [none]
1786860453.679 [OBSTACLES] cur_s=21.96 cur_d=0.66 vs=0.00 n=0 [none]
1786860454.222 [OBSTACLES] cur_s=21.67 cur_d=0.72 vs=0.00 n=0 [none]
1786860454.879 [OBSTACLES] cur_s=21.63 cur_d=0.73 vs=0.00 n=0 [none]
1786860455.435 [OBSTACLES] cur_s=21.44 cur_d=0.75 vs=0.00 n=0 [none]
1786860456.103 [OBSTACLES] cur_s=21.47 cur_d=0.75 vs=0.00 n=0 [none]
1786860456.618 [OBSTACLES] cur_s=21.56 cur_d=0.74 vs=0.00 n=0 [none]
1786860457.159 [OBSTACLES] cur_s=21.61 cur_d=0.74 vs=0.00 n=0 [none]
1786860457.692 [OBSTACLES] cur_s=21.47 cur_d=0.75 vs=0.00 n=0 [none]
1786860458.255 [OBSTACLES] cur_s=21.40 cur_d=0.75 vs=0.00 n=0 [none]
1786860458.813 [OBSTACLES] cur_s=21.50 cur_d=0.64 vs=0.00 n=0 [none]
1786860459.387 [OBSTACLES] cur_s=21.50 cur_d=0.64 vs=0.00 n=0 [none]
1786860459.948 [OBSTACLES] cur_s=21.52 cur_d=0.63 vs=0.00 n=0 [none]
1786860460.453 [OBSTACLES] cur_s=21.56 cur_d=0.65 vs=0.00 n=0 [none]
1786860461.143 [OBSTACLES] cur_s=21.61 cur_d=0.62 vs=0.00 n=0 [none]
1786860461.723 [OBSTACLES] cur_s=21.59 cur_d=0.63 vs=0.00 n=0 [none]
1786860462.362 [OBSTACLES] cur_s=21.50 cur_d=0.65 vs=0.00 n=0 [none]
1786860462.874 [OBSTACLES] cur_s=21.52 cur_d=0.62 vs=0.00 n=0 [none]
1786860463.206 [STATE_CHANGE] LOSTLINE -> RECOVERY src=RECOVERY s=21.51 d=0.62 vs=0.00
1786860463.420 [OBSTACLES] cur_s=21.51 cur_d=0.62 vs=0.00 n=0 [none]
1786860464.184 [OBSTACLES] cur_s=21.52 cur_d=0.62 vs=0.00 n=0 [none]
1786860464.731 [OBSTACLES] cur_s=21.52 cur_d=0.62 vs=0.00 n=0 [none]
1786860465.307 [OBSTACLES] cur_s=21.51 cur_d=0.62 vs=0.00 n=0 [none]
1786860465.835 [OBSTACLES] cur_s=21.52 cur_d=0.62 vs=0.00 n=0 [none]
1786860466.489 [OBSTACLES] cur_s=21.52 cur_d=0.62 vs=0.00 n=0 [none]
1786860467.087 [OBSTACLES] cur_s=21.52 cur_d=0.62 vs=0.00 n=0 [none]
1786860467.660 [OBSTACLES] cur_s=21.52 cur_d=0.62 vs=0.00 n=0 [none]
1786860468.188 [OBSTACLES] cur_s=21.52 cur_d=0.62 vs=0.00 n=0 [none]
1786860468.746 [OBSTACLES] cur_s=21.52 cur_d=0.62 vs=0.00 n=0 [none]
1786860469.278 [OBSTACLES] cur_s=21.52 cur_d=0.62 vs=0.00 n=0 [none]
1786860469.842 [OBSTACLES] cur_s=21.52 cur_d=0.62 vs=0.00 n=0 [none]
1786860470.455 [OBSTACLES] cur_s=21.52 cur_d=0.62 vs=0.00 n=0 [none]
1786860471.114 [OBSTACLES] cur_s=21.52 cur_d=0.62 vs=0.00 n=0 [none]
1786860471.867 [OBSTACLES] cur_s=21.52 cur_d=0.63 vs=0.00 n=0 [none]
1786860472.938 [OBSTACLES] cur_s=21.52 cur_d=0.63 vs=0.00 n=0 [none]
1786860473.179 [STATE_CHANGE] RECOVERY -> LOSTLINE src=GB_TRACK s=21.52 d=0.63 vs=0.00
1786860473.547 [OBSTACLES] cur_s=21.52 cur_d=0.63 vs=0.00 n=0 [none]
1786860474.116 [OBSTACLES] cur_s=21.52 cur_d=0.62 vs=0.00 n=0 [none]
1786860474.728 [OBSTACLES] cur_s=21.52 cur_d=0.62 vs=0.00 n=0 [none]
1786860475.679 [OBSTACLES] cur_s=21.52 cur_d=0.62 vs=0.00 n=0 [none]
1786860476.117 [STATE_CHANGE] LOSTLINE -> RECOVERY src=RECOVERY s=21.52 d=0.62 vs=0.00
1786860476.227 [OBSTACLES] cur_s=21.52 cur_d=0.62 vs=0.00 n=0 [none]
1786860476.730 [OBSTACLES] cur_s=21.52 cur_d=0.62 vs=0.00 n=0 [none]
1786860477.337 [OBSTACLES] cur_s=21.52 cur_d=0.63 vs=0.00 n=0 [none]
1786860477.893 [OBSTACLES] cur_s=21.52 cur_d=0.63 vs=0.00 n=0 [none]
1786860478.453 [OBSTACLES] cur_s=21.52 cur_d=0.63 vs=0.00 n=0 [none]
1786860479.021 [OBSTACLES] cur_s=21.52 cur_d=0.62 vs=0.00 n=0 [none]
1786860479.596 [OBSTACLES] cur_s=21.52 cur_d=0.63 vs=0.00 n=0 [none]
1786860480.112 [OBSTACLES] cur_s=21.52 cur_d=0.63 vs=0.00 n=0 [none]
1786860480.710 [OBSTACLES] cur_s=21.52 cur_d=0.63 vs=0.00 n=0 [none]
1786860481.275 [OBSTACLES] cur_s=21.52 cur_d=0.62 vs=0.00 n=0 [none]
1786860481.804 [OBSTACLES] cur_s=21.52 cur_d=0.62 vs=0.00 n=0 [none]
1786860482.363 [OBSTACLES] cur_s=21.23 cur_d=0.32 vs=0.00 n=0 [none]
1786860482.872 [OBSTACLES] cur_s=21.34 cur_d=0.66 vs=0.00 n=0 [none]
1786860483.392 [OBSTACLES] cur_s=21.38 cur_d=0.65 vs=0.00 n=0 [none]
1786860483.933 [OBSTACLES] cur_s=21.44 cur_d=0.64 vs=0.00 n=0 [none]
1786860484.545 [OBSTACLES] cur_s=21.43 cur_d=0.64 vs=0.00 n=0 [none]
1786860485.071 [OBSTACLES] cur_s=21.41 cur_d=0.64 vs=0.00 n=0 [none]
1786860485.670 [OBSTACLES] cur_s=21.41 cur_d=0.64 vs=0.00 n=0 [none]
1786860486.095 [STATE_CHANGE] RECOVERY -> LOSTLINE src=GB_TRACK s=21.43 d=0.64 vs=0.00
1786860486.216 [OBSTACLES] cur_s=21.43 cur_d=0.64 vs=0.00 n=0 [none]
1786860486.770 [OBSTACLES] cur_s=21.42 cur_d=0.62 vs=0.00 n=0 [none]
1786860487.274 [OBSTACLES] cur_s=21.42 cur_d=0.65 vs=0.00 n=0 [none]
1786860487.414 [STATE_CHANGE] LOSTLINE -> RECOVERY src=RECOVERY s=21.42 d=0.65 vs=0.00
1786860487.815 [OBSTACLES] cur_s=21.44 cur_d=0.65 vs=0.00 n=0 [none]
1786860488.335 [OBSTACLES] cur_s=21.52 cur_d=0.65 vs=0.00 n=0 [none]
1786860488.879 [OBSTACLES] cur_s=21.59 cur_d=0.64 vs=0.00 n=0 [none]
1786860489.382 [OBSTACLES] cur_s=21.62 cur_d=0.65 vs=0.00 n=0 [none]
1786860489.982 [OBSTACLES] cur_s=21.59 cur_d=0.65 vs=0.00 n=0 [none]
1786860490.518 [OBSTACLES] cur_s=21.64 cur_d=0.70 vs=0.00 n=0 [none]
1786860491.101 [OBSTACLES] cur_s=21.67 cur_d=0.70 vs=0.00 n=0 [none]
1786860491.679 [OBSTACLES] cur_s=21.69 cur_d=0.67 vs=0.00 n=0 [none]
1786860492.210 [OBSTACLES] cur_s=21.69 cur_d=0.64 vs=0.00 n=0 [none]
1786860492.829 [OBSTACLES] cur_s=21.69 cur_d=0.64 vs=0.00 n=0 [none]
1786860493.384 [OBSTACLES] cur_s=21.69 cur_d=0.64 vs=0.00 n=0 [none]
1786860493.943 [OBSTACLES] cur_s=21.68 cur_d=0.64 vs=0.00 n=0 [none]
1786860494.574 [OBSTACLES] cur_s=21.69 cur_d=0.64 vs=0.00 n=0 [none]
1786860495.101 [OBSTACLES] cur_s=21.69 cur_d=0.63 vs=0.00 n=0 [none]
1786860495.623 [OBSTACLES] cur_s=21.69 cur_d=0.64 vs=0.00 n=0 [none]
1786860496.207 [OBSTACLES] cur_s=21.68 cur_d=0.63 vs=0.00 n=0 [none]
1786860496.787 [OBSTACLES] cur_s=21.69 cur_d=0.64 vs=0.00 n=0 [none]
1786860497.331 [OBSTACLES] cur_s=21.69 cur_d=0.63 vs=0.00 n=0 [none]
1786860497.399 [STATE_CHANGE] RECOVERY -> LOSTLINE src=GB_TRACK s=21.68 d=0.63 vs=0.00
1786860497.519 [STATE_CHANGE] LOSTLINE -> RECOVERY src=RECOVERY s=21.68 d=0.63 vs=0.00
1786860497.949 [OBSTACLES] cur_s=21.68 cur_d=0.64 vs=0.00 n=0 [none]
1786860498.515 [OBSTACLES] cur_s=21.69 cur_d=0.64 vs=0.00 n=0 [none]
1786860499.063 [OBSTACLES] cur_s=21.68 cur_d=0.64 vs=0.00 n=0 [none]
1786860499.587 [OBSTACLES] cur_s=21.69 cur_d=0.63 vs=0.00 n=0 [none]
1786860500.150 [OBSTACLES] cur_s=21.69 cur_d=0.64 vs=0.00 n=0 [none]
1786860500.683 [OBSTACLES] cur_s=21.69 cur_d=0.64 vs=0.00 n=0 [none]
1786860501.263 [OBSTACLES] cur_s=21.69 cur_d=0.64 vs=0.00 n=0 [none]
1786860501.846 [OBSTACLES] cur_s=21.69 cur_d=0.64 vs=0.00 n=0 [none]
1786860502.418 [OBSTACLES] cur_s=21.69 cur_d=0.64 vs=0.00 n=0 [none]
1786860502.614 [STATE_CHANGE] RECOVERY -> LOSTLINE src=GB_TRACK s=21.68 d=0.64 vs=0.00
1786860502.970 [OBSTACLES] cur_s=20.43 cur_d=0.78 vs=0.00 n=0 [none]
1786860503.172 [STATE_CHANGE] LOSTLINE -> RECOVERY src=RECOVERY s=20.46 d=0.80 vs=0.00
1786860503.484 [OBSTACLES] cur_s=20.48 cur_d=0.81 vs=0.00 n=0 [none]
1786860504.023 [OBSTACLES] cur_s=20.49 cur_d=0.82 vs=0.00 n=0 [none]
1786860504.536 [OBSTACLES] cur_s=20.48 cur_d=0.82 vs=0.00 n=0 [none]
1786860505.072 [OBSTACLES] cur_s=20.48 cur_d=0.82 vs=0.00 n=0 [none]
1786860505.589 [OBSTACLES] cur_s=20.48 cur_d=0.83 vs=0.00 n=0 [none]
1786860506.207 [OBSTACLES] cur_s=20.50 cur_d=0.83 vs=0.00 n=0 [none]
1786860506.874 [OBSTACLES] cur_s=20.48 cur_d=0.83 vs=0.00 n=0 [none]
1786860507.477 [OBSTACLES] cur_s=20.48 cur_d=0.84 vs=0.00 n=0 [none]
1786860507.996 [OBSTACLES] cur_s=20.48 cur_d=0.84 vs=0.00 n=0 [none]
1786860508.503 [OBSTACLES] cur_s=20.48 cur_d=0.84 vs=0.00 n=0 [none]
1786860509.130 [OBSTACLES] cur_s=20.47 cur_d=0.84 vs=0.00 n=0 [none]
1786860509.729 [OBSTACLES] cur_s=20.48 cur_d=0.84 vs=0.00 n=0 [none]
1786860510.312 [OBSTACLES] cur_s=20.47 cur_d=0.84 vs=0.00 n=0 [none]
1786860510.841 [OBSTACLES] cur_s=20.49 cur_d=0.84 vs=0.00 n=0 [none]
1786860511.412 [OBSTACLES] cur_s=20.48 cur_d=0.84 vs=0.00 n=0 [none]
1786860512.015 [OBSTACLES] cur_s=20.49 cur_d=0.84 vs=0.00 n=0 [none]
1786860512.543 [OBSTACLES] cur_s=20.48 cur_d=0.84 vs=0.00 n=0 [none]
1786860513.154 [OBSTACLES] cur_s=20.47 cur_d=0.84 vs=0.00 n=0 [none]
1786860513.156 [STATE_CHANGE] RECOVERY -> LOSTLINE src=GB_TRACK s=20.47 d=0.84 vs=0.00
1786860513.670 [OBSTACLES] cur_s=20.49 cur_d=0.84 vs=0.00 n=0 [none]
1786860514.192 [OBSTACLES] cur_s=20.49 cur_d=0.84 vs=0.00 n=0 [none]
1786860514.810 [OBSTACLES] cur_s=20.50 cur_d=0.84 vs=0.00 n=0 [none]
1786860515.445 [OBSTACLES] cur_s=20.48 cur_d=0.84 vs=0.00 n=0 [none]
1786860515.962 [OBSTACLES] cur_s=20.48 cur_d=0.84 vs=0.00 n=0 [none]
1786860516.488 [OBSTACLES] cur_s=20.49 cur_d=0.84 vs=0.00 n=0 [none]
1786860517.051 [OBSTACLES] cur_s=20.47 cur_d=0.84 vs=0.00 n=0 [none]
1786860517.345 [STATE_CHANGE] LOSTLINE -> RECOVERY src=RECOVERY s=20.46 d=0.85 vs=0.00
1786860517.613 [OBSTACLES] cur_s=20.44 cur_d=0.84 vs=0.00 n=0 [none]
1786860517.924 [STATIC_OT] state=RECOVERY path_exists=0 path_locked=0 path_ttl_ok=0 path_safe=0 on_spline=0 speed=0.00 raw_wpnts=0 raw_age=-s decision=TRAILING reason=NO_STATIC_PATH
1786860517.928 [STATE_CHANGE] RECOVERY -> TRAILING src=RECOVERY s=20.47 d=0.84 vs=0.00
1786860518.165 [OBSTACLES] cur_s=20.47 cur_d=0.84 vs=0.00 n=1 [id=19 static=1 gap=7.88m d=0.10 size=0.20]
1786860518.176 [STATIC_OT] state=TRAILING path_exists=0 path_locked=0 path_ttl_ok=0 path_safe=0 on_spline=0 speed=0.00 raw_wpnts=0 raw_age=-s decision=TRAILING reason=NO_STATIC_PATH
1786860518.389 [STATIC_OT] state=TRAILING path_exists=0 path_locked=0 path_ttl_ok=0 path_safe=0 on_spline=0 speed=0.00 raw_wpnts=0 raw_age=-s decision=TRAILING reason=NO_STATIC_PATH
1786860518.597 [STATIC_OT] state=TRAILING path_exists=0 path_locked=0 path_ttl_ok=0 path_safe=0 on_spline=0 speed=0.00 raw_wpnts=0 raw_age=-s decision=TRAILING reason=NO_STATIC_PATH
1786860518.666 [OBSTACLES] cur_s=20.49 cur_d=0.84 vs=0.00 n=1 [id=19 static=1 gap=7.76m d=0.07 size=0.44]
1786860518.807 [STATIC_OT] state=TRAILING path_exists=0 path_locked=0 path_ttl_ok=0 path_safe=0 on_spline=0 speed=0.00 raw_wpnts=0 raw_age=-s decision=TRAILING reason=NO_STATIC_PATH
1786860518.928 [STATE_CHANGE] TRAILING -> RECOVERY src=RECOVERY s=20.48 d=0.84 vs=0.00
1786860519.028 [STATIC_OT] state=RECOVERY path_exists=0 path_locked=0 path_ttl_ok=0 path_safe=0 on_spline=0 speed=0.00 raw_wpnts=0 raw_age=-s decision=TRAILING reason=NO_STATIC_PATH
1786860519.030 [STATE_CHANGE] RECOVERY -> TRAILING src=RECOVERY s=20.49 d=0.84 vs=0.00
1786860519.224 [OBSTACLES] cur_s=20.49 cur_d=0.84 vs=0.00 n=2 [id=20 static=1 gap=7.61m d=-0.38 size=0.17; id=21 static=1 gap=7.95m d=0.12 size=0.20]
1786860519.349 [STATIC_OT] state=TRAILING path_exists=0 path_locked=0 path_ttl_ok=0 path_safe=0 on_spline=0 speed=0.00 raw_wpnts=0 raw_age=-s decision=TRAILING reason=NO_STATIC_PATH
1786860519.565 [STATIC_OT] state=TRAILING path_exists=0 path_locked=0 path_ttl_ok=0 path_safe=0 on_spline=0 speed=0.00 raw_wpnts=0 raw_age=-s decision=TRAILING reason=NO_STATIC_PATH
1786860519.734 [OBSTACLES] cur_s=20.49 cur_d=0.84 vs=0.00 n=1 [id=20 static=1 gap=7.60m d=-0.36 size=0.31]
1786860519.822 [STATIC_OT] state=TRAILING path_exists=0 path_locked=0 path_ttl_ok=0 path_safe=0 on_spline=0 speed=0.00 raw_wpnts=0 raw_age=-s decision=TRAILING reason=NO_STATIC_PATH
1786860520.083 [STATIC_OT] state=TRAILING path_exists=0 path_locked=0 path_ttl_ok=0 path_safe=0 on_spline=0 speed=0.00 raw_wpnts=0 raw_age=-s decision=TRAILING reason=NO_STATIC_PATH
1786860520.561 [OBSTACLES] cur_s=20.49 cur_d=0.84 vs=0.00 n=1 [id=20 static=1 gap=7.59m d=-0.35 size=0.34]
1786860520.569 [STATIC_OT] state=TRAILING path_exists=0 path_locked=0 path_ttl_ok=0 path_safe=0 on_spline=0 speed=0.00 raw_wpnts=0 raw_age=-s decision=TRAILING reason=NO_STATIC_PATH
1786860520.862 [STATIC_OT] state=TRAILING path_exists=0 path_locked=0 path_ttl_ok=0 path_safe=0 on_spline=0 speed=0.00 raw_wpnts=0 raw_age=-s decision=TRAILING reason=NO_STATIC_PATH
1786860521.171 [OBSTACLES] cur_s=20.49 cur_d=0.84 vs=0.00 n=1 [id=20 static=1 gap=7.60m d=-0.35 size=0.34]
1786860521.176 [STATIC_OT] state=TRAILING path_exists=0 path_locked=0 path_ttl_ok=0 path_safe=0 on_spline=0 speed=0.00 raw_wpnts=0 raw_age=-s decision=TRAILING reason=NO_STATIC_PATH
1786860521.409 [STATIC_OT] state=TRAILING path_exists=0 path_locked=0 path_ttl_ok=0 path_safe=0 on_spline=0 speed=0.00 raw_wpnts=0 raw_age=-s decision=TRAILING reason=NO_STATIC_PATH
1786860521.680 [OBSTACLES] cur_s=20.50 cur_d=0.84 vs=0.00 n=0 [none]
1786860521.687 [STATE_CHANGE] TRAILING -> RECOVERY src=RECOVERY s=20.50 d=0.84 vs=0.00
1786860522.190 [OBSTACLES] cur_s=20.49 cur_d=0.84 vs=0.00 n=0 [none]
1786860522.249 [STATIC_OT] state=RECOVERY path_exists=0 path_locked=0 path_ttl_ok=0 path_safe=0 on_spline=0 speed=0.00 raw_wpnts=0 raw_age=-s decision=TRAILING reason=NO_STATIC_PATH
1786860522.253 [STATE_CHANGE] RECOVERY -> TRAILING src=RECOVERY s=20.49 d=0.84 vs=0.00
1786860522.479 [STATIC_OT] state=TRAILING path_exists=0 path_locked=0 path_ttl_ok=0 path_safe=0 on_spline=0 speed=0.00 raw_wpnts=0 raw_age=-s decision=TRAILING reason=NO_STATIC_PATH
1786860522.757 [OBSTACLES] cur_s=20.48 cur_d=0.84 vs=0.00 n=0 [none]
1786860522.758 [STATE_CHANGE] TRAILING -> RECOVERY src=RECOVERY s=20.48 d=0.84 vs=0.00
1786860523.290 [OBSTACLES] cur_s=20.48 cur_d=0.84 vs=0.00 n=0 [none]
1786860523.801 [OBSTACLES] cur_s=20.47 cur_d=0.84 vs=0.00 n=0 [none]
1786860524.327 [OBSTACLES] cur_s=20.49 cur_d=0.84 vs=0.00 n=0 [none]
1786860524.877 [OBSTACLES] cur_s=20.49 cur_d=0.84 vs=0.00 n=0 [none]
1786860525.467 [OBSTACLES] cur_s=20.49 cur_d=0.84 vs=0.00 n=0 [none]
1786860525.975 [OBSTACLES] cur_s=20.49 cur_d=0.84 vs=0.00 n=0 [none]
1786860526.564 [OBSTACLES] cur_s=20.47 cur_d=0.84 vs=0.00 n=0 [none]
1786860527.105 [OBSTACLES] cur_s=20.49 cur_d=0.84 vs=0.00 n=0 [none]
1786860527.277 [STATE_CHANGE] RECOVERY -> LOSTLINE src=GB_TRACK s=20.49 d=0.84 vs=0.00
1786860527.503 [STATE_CHANGE] LOSTLINE -> RECOVERY src=RECOVERY s=20.48 d=0.84 vs=0.00
1786860527.677 [OBSTACLES] cur_s=20.49 cur_d=0.84 vs=0.00 n=0 [none]
1786860528.224 [OBSTACLES] cur_s=20.49 cur_d=0.84 vs=0.00 n=0 [none]
1786860528.825 [OBSTACLES] cur_s=20.49 cur_d=0.84 vs=0.00 n=0 [none]
1786860529.398 [OBSTACLES] cur_s=20.35 cur_d=0.82 vs=0.00 n=0 [none]
1786860529.912 [OBSTACLES] cur_s=20.32 cur_d=0.83 vs=0.00 n=0 [none]
1786860530.415 [OBSTACLES] cur_s=20.34 cur_d=0.82 vs=0.00 n=0 [none]
1786860530.970 [OBSTACLES] cur_s=20.38 cur_d=0.83 vs=0.00 n=0 [none]
1786860531.485 [OBSTACLES] cur_s=20.40 cur_d=0.84 vs=0.00 n=0 [none]
1786860531.985 [OBSTACLES] cur_s=20.30 cur_d=0.84 vs=0.00 n=0 [none]
1786860532.534 [OBSTACLES] cur_s=20.30 cur_d=0.84 vs=0.00 n=0 [none]
1786860533.100 [OBSTACLES] cur_s=20.22 cur_d=0.85 vs=0.00 n=0 [none]
1786860533.637 [OBSTACLES] cur_s=20.18 cur_d=0.85 vs=0.00 n=0 [none]
1786860534.151 [OBSTACLES] cur_s=20.17 cur_d=0.85 vs=0.00 n=0 [none]
1786860534.731 [OBSTACLES] cur_s=20.18 cur_d=0.85 vs=0.00 n=0 [none]
1786860535.296 [OBSTACLES] cur_s=20.18 cur_d=0.85 vs=0.00 n=0 [none]
1786860535.798 [OBSTACLES] cur_s=20.18 cur_d=0.85 vs=0.00 n=0 [none]
1786860536.348 [OBSTACLES] cur_s=20.16 cur_d=0.85 vs=0.00 n=0 [none]
1786860536.908 [OBSTACLES] cur_s=20.12 cur_d=0.85 vs=0.00 n=0 [none]
1786860537.420 [OBSTACLES] cur_s=20.12 cur_d=0.85 vs=0.00 n=0 [none]
1786860537.425 [STATE_CHANGE] RECOVERY -> LOSTLINE src=GB_TRACK s=20.12 d=0.85 vs=0.00
1786860537.994 [OBSTACLES] cur_s=20.06 cur_d=0.85 vs=0.00 n=0 [none]
1786860538.401 [STATE_CHANGE] LOSTLINE -> RECOVERY src=RECOVERY s=20.06 d=0.85 vs=0.00
1786860538.538 [OBSTACLES] cur_s=20.06 cur_d=0.85 vs=0.00 n=0 [none]
1786860539.124 [OBSTACLES] cur_s=20.06 cur_d=0.85 vs=0.00 n=0 [none]
1786860539.636 [OBSTACLES] cur_s=20.06 cur_d=0.85 vs=0.00 n=0 [none]
1786860540.210 [OBSTACLES] cur_s=20.10 cur_d=0.84 vs=0.00 n=0 [none]
1786860540.785 [OBSTACLES] cur_s=20.15 cur_d=0.85 vs=0.00 n=0 [none]
1786860541.308 [OBSTACLES] cur_s=20.19 cur_d=0.85 vs=0.00 n=0 [none]
1786860541.809 [OBSTACLES] cur_s=20.23 cur_d=0.85 vs=0.00 n=0 [none]
1786860542.317 [OBSTACLES] cur_s=20.18 cur_d=0.85 vs=0.00 n=0 [none]
1786860542.856 [OBSTACLES] cur_s=20.18 cur_d=0.85 vs=0.00 n=0 [none]
1786860543.382 [OBSTACLES] cur_s=20.17 cur_d=0.85 vs=0.00 n=0 [none]
1786860543.934 [OBSTACLES] cur_s=20.18 cur_d=0.85 vs=0.00 n=0 [none]
1786860544.499 [OBSTACLES] cur_s=20.18 cur_d=0.85 vs=0.00 n=0 [none]
1786860545.012 [OBSTACLES] cur_s=20.18 cur_d=0.85 vs=0.00 n=0 [none]
1786860545.553 [OBSTACLES] cur_s=20.20 cur_d=0.85 vs=0.00 n=0 [none]
1786860546.108 [OBSTACLES] cur_s=20.17 cur_d=0.85 vs=0.00 n=0 [none]
1786860546.641 [OBSTACLES] cur_s=20.13 cur_d=0.85 vs=0.00 n=0 [none]
1786860547.183 [OBSTACLES] cur_s=20.13 cur_d=0.85 vs=0.00 n=0 [none]
1786860547.740 [OBSTACLES] cur_s=20.12 cur_d=0.85 vs=0.00 n=0 [none]
1786860548.276 [OBSTACLES] cur_s=20.11 cur_d=0.85 vs=0.00 n=0 [none]
1786860548.363 [STATE_CHANGE] RECOVERY -> LOSTLINE src=GB_TRACK s=20.09 d=0.85 vs=0.00
1786860548.436 [STATE_CHANGE] LOSTLINE -> RECOVERY src=RECOVERY s=20.08 d=0.85 vs=0.00
1786860548.821 [OBSTACLES] cur_s=20.06 cur_d=0.85 vs=0.00 n=0 [none]
1786860549.464 [OBSTACLES] cur_s=20.02 cur_d=0.86 vs=0.00 n=0 [none]
1786860550.062 [OBSTACLES] cur_s=20.02 cur_d=0.85 vs=0.00 n=0 [none]
1786860550.596 [OBSTACLES] cur_s=20.02 cur_d=0.85 vs=0.00 n=0 [none]
1786860551.129 [OBSTACLES] cur_s=20.03 cur_d=0.86 vs=0.00 n=0 [none]
1786860551.679 [OBSTACLES] cur_s=20.02 cur_d=0.86 vs=0.00 n=0 [none]
1786860552.191 [OBSTACLES] cur_s=20.03 cur_d=0.86 vs=0.00 n=0 [none]
1786860552.729 [OBSTACLES] cur_s=20.03 cur_d=0.86 vs=0.00 n=0 [none]
1786860553.300 [OBSTACLES] cur_s=20.02 cur_d=0.86 vs=0.00 n=0 [none]
1786860553.892 [OBSTACLES] cur_s=20.03 cur_d=0.86 vs=0.00 n=0 [none]
1786860554.469 [OBSTACLES] cur_s=20.03 cur_d=0.86 vs=0.00 n=0 [none]
1786860555.189 [OBSTACLES] cur_s=20.02 cur_d=0.85 vs=0.00 n=0 [none]
1786860555.720 [OBSTACLES] cur_s=20.03 cur_d=0.86 vs=0.00 n=0 [none]
1786860556.238 [OBSTACLES] cur_s=20.03 cur_d=0.85 vs=0.00 n=0 [none]
1786860556.746 [OBSTACLES] cur_s=20.03 cur_d=0.86 vs=0.00 n=0 [none]
1786860557.248 [OBSTACLES] cur_s=20.03 cur_d=0.85 vs=0.00 n=0 [none]
1786860557.778 [OBSTACLES] cur_s=20.34 cur_d=0.56 vs=0.00 n=0 [none]
1786860558.568 [OBSTACLES] cur_s=20.47 cur_d=0.84 vs=0.00 n=0 [none]
1786860558.569 [STATE_CHANGE] RECOVERY -> LOSTLINE src=GB_TRACK s=20.47 d=0.84 vs=0.00
1786860558.879 [STATE_CHANGE] LOSTLINE -> RECOVERY src=RECOVERY s=20.46 d=0.84 vs=0.00
1786860559.145 [OBSTACLES] cur_s=20.46 cur_d=0.84 vs=0.00 n=0 [none]
1786860559.763 [OBSTACLES] cur_s=20.46 cur_d=0.84 vs=0.00 n=0 [none]
1786860560.332 [OBSTACLES] cur_s=20.45 cur_d=0.84 vs=0.00 n=0 [none]
1786860560.922 [OBSTACLES] cur_s=20.47 cur_d=0.83 vs=0.00 n=0 [none]
1786860561.500 [OBSTACLES] cur_s=20.48 cur_d=0.83 vs=0.00 n=0 [none]
1786860562.094 [OBSTACLES] cur_s=20.47 cur_d=0.83 vs=0.00 n=0 [none]
1786860562.649 [OBSTACLES] cur_s=20.48 cur_d=0.83 vs=0.00 n=0 [none]
1786860563.156 [OBSTACLES] cur_s=20.47 cur_d=0.83 vs=0.00 n=0 [none]
1786860563.697 [OBSTACLES] cur_s=20.46 cur_d=0.83 vs=0.00 n=0 [none]
1786860564.201 [OBSTACLES] cur_s=20.46 cur_d=0.83 vs=0.00 n=0 [none]
1786860564.719 [OBSTACLES] cur_s=20.46 cur_d=0.83 vs=0.00 n=0 [none]
1786860565.230 [OBSTACLES] cur_s=20.47 cur_d=0.83 vs=0.00 n=0 [none]
1786860565.769 [OBSTACLES] cur_s=20.47 cur_d=0.83 vs=0.00 n=0 [none]
1786860566.301 [OBSTACLES] cur_s=20.48 cur_d=0.83 vs=0.00 n=0 [none]
1786860566.812 [OBSTACLES] cur_s=20.48 cur_d=0.83 vs=0.00 n=0 [none]
1786860567.373 [OBSTACLES] cur_s=20.47 cur_d=0.83 vs=0.00 n=0 [none]
1786860568.238 [OBSTACLES] cur_s=20.45 cur_d=0.83 vs=0.00 n=0 [none]
1786860568.799 [OBSTACLES] cur_s=20.47 cur_d=0.83 vs=0.00 n=0 [none]
1786860568.880 [STATE_CHANGE] RECOVERY -> LOSTLINE src=GB_TRACK s=20.48 d=0.83 vs=0.00
1786860569.324 [OBSTACLES] cur_s=20.47 cur_d=0.83 vs=0.00 n=0 [none]
1786860569.893 [OBSTACLES] cur_s=20.47 cur_d=0.83 vs=0.00 n=0 [none]
1786860570.427 [OBSTACLES] cur_s=20.48 cur_d=0.83 vs=0.00 n=0 [none]
1786860570.957 [OBSTACLES] cur_s=20.47 cur_d=0.83 vs=0.00 n=0 [none]
1786860571.329 [STATE_CHANGE] LOSTLINE -> RECOVERY src=RECOVERY s=20.48 d=0.83 vs=0.00
1786860571.478 [OBSTACLES] cur_s=20.48 cur_d=0.83 vs=0.00 n=0 [none]
1786860572.016 [OBSTACLES] cur_s=20.47 cur_d=0.83 vs=0.00 n=0 [none]
1786860572.571 [OBSTACLES] cur_s=20.46 cur_d=0.83 vs=0.00 n=0 [none]
1786860573.109 [OBSTACLES] cur_s=20.46 cur_d=0.83 vs=0.00 n=0 [none]
1786860573.637 [OBSTACLES] cur_s=20.49 cur_d=0.83 vs=0.00 n=0 [none]
1786860574.339 [OBSTACLES] cur_s=20.48 cur_d=0.83 vs=0.00 n=0 [none]
1786860574.909 [OBSTACLES] cur_s=20.47 cur_d=0.83 vs=0.00 n=0 [none]
1786860575.449 [OBSTACLES] cur_s=20.48 cur_d=0.83 vs=0.00 n=0 [none]
1786860576.028 [OBSTACLES] cur_s=20.48 cur_d=0.83 vs=0.00 n=0 [none]
1786860576.584 [OBSTACLES] cur_s=20.48 cur_d=0.83 vs=0.00 n=0 [none]
1786860577.161 [OBSTACLES] cur_s=20.48 cur_d=0.83 vs=0.00 n=0 [none]
1786860577.679 [OBSTACLES] cur_s=20.48 cur_d=0.83 vs=0.00 n=0 [none]
1786860578.182 [OBSTACLES] cur_s=20.48 cur_d=0.83 vs=0.00 n=0 [none]
1786860578.683 [OBSTACLES] cur_s=20.48 cur_d=0.83 vs=0.00 n=0 [none]
1786860579.304 [OBSTACLES] cur_s=20.48 cur_d=0.83 vs=0.00 n=0 [none]
1786860579.842 [OBSTACLES] cur_s=20.48 cur_d=0.83 vs=0.00 n=0 [none]
1786860580.342 [OBSTACLES] cur_s=20.48 cur_d=0.83 vs=0.00 n=0 [none]
1786860580.916 [OBSTACLES] cur_s=20.47 cur_d=0.83 vs=0.00 n=0 [none]
1786860581.278 [STATE_CHANGE] RECOVERY -> LOSTLINE src=GB_TRACK s=20.48 d=0.83 vs=0.00
1786860581.483 [OBSTACLES] cur_s=20.47 cur_d=0.83 vs=0.00 n=0 [none]
1786860582.060 [OBSTACLES] cur_s=20.47 cur_d=0.83 vs=0.00 n=0 [none]
1786860582.566 [OBSTACLES] cur_s=20.47 cur_d=0.83 vs=0.00 n=0 [none]
1786860582.918 [STATE_CHANGE] LOSTLINE -> RECOVERY src=RECOVERY s=20.48 d=0.83 vs=0.00
1786860583.095 [OBSTACLES] cur_s=20.48 cur_d=0.83 vs=0.00 n=0 [none]
1786860583.695 [OBSTACLES] cur_s=20.47 cur_d=0.83 vs=0.00 n=0 [none]
1786860584.316 [OBSTACLES] cur_s=20.47 cur_d=0.83 vs=0.00 n=0 [none]
1786860584.819 [OBSTACLES] cur_s=20.46 cur_d=0.83 vs=0.00 n=0 [none]
1786860585.413 [OBSTACLES] cur_s=20.46 cur_d=0.83 vs=0.00 n=0 [none]
1786860585.915 [OBSTACLES] cur_s=20.47 cur_d=0.83 vs=0.00 n=0 [none]
1786860586.478 [OBSTACLES] cur_s=20.47 cur_d=0.83 vs=0.00 n=0 [none]
1786860586.988 [OBSTACLES] cur_s=20.45 cur_d=0.83 vs=0.00 n=0 [none]
1786860587.507 [OBSTACLES] cur_s=20.44 cur_d=0.83 vs=0.00 n=0 [none]
1786860588.074 [OBSTACLES] cur_s=20.48 cur_d=0.83 vs=0.00 n=0 [none]
1786860588.610 [OBSTACLES] cur_s=20.48 cur_d=0.83 vs=0.00 n=0 [none]
1786860589.111 [OBSTACLES] cur_s=20.47 cur_d=0.83 vs=0.00 n=0 [none]
1786860589.666 [OBSTACLES] cur_s=20.47 cur_d=0.83 vs=0.00 n=0 [none]
1786860590.220 [OBSTACLES] cur_s=20.48 cur_d=0.83 vs=0.00 n=0 [none]
1786860590.884 [OBSTACLES] cur_s=20.47 cur_d=0.83 vs=0.00 n=0 [none]
1786860591.411 [OBSTACLES] cur_s=20.44 cur_d=0.83 vs=0.00 n=0 [none]
1786860592.013 [OBSTACLES] cur_s=20.45 cur_d=0.83 vs=0.00 n=0 [none]
1786860592.600 [OBSTACLES] cur_s=20.45 cur_d=0.83 vs=0.00 n=0 [none]
1786860592.894 [STATE_CHANGE] RECOVERY -> LOSTLINE src=GB_TRACK s=20.44 d=0.83 vs=0.00
1786860593.149 [OBSTACLES] cur_s=20.44 cur_d=0.83 vs=0.00 n=0 [none]
1786860593.717 [OBSTACLES] cur_s=20.42 cur_d=0.83 vs=0.00 n=0 [none]
1786860594.251 [OBSTACLES] cur_s=20.39 cur_d=0.84 vs=0.00 n=0 [none]
1786860594.814 [OBSTACLES] cur_s=20.32 cur_d=0.84 vs=0.00 n=0 [none]
1786860595.366 [OBSTACLES] cur_s=20.32 cur_d=0.84 vs=0.00 n=0 [none]
1786860595.889 [OBSTACLES] cur_s=20.32 cur_d=0.84 vs=0.00 n=0 [none]
1786860596.408 [OBSTACLES] cur_s=20.36 cur_d=0.83 vs=0.00 n=0 [none]
1786860596.962 [OBSTACLES] cur_s=20.36 cur_d=0.83 vs=0.00 n=0 [none]
1786860597.518 [OBSTACLES] cur_s=20.36 cur_d=0.83 vs=0.00 n=0 [none]
1786860597.744 [STATE_CHANGE] LOSTLINE -> RECOVERY src=RECOVERY s=20.36 d=0.83 vs=0.00
1786860598.053 [OBSTACLES] cur_s=20.36 cur_d=0.83 vs=0.00 n=0 [none]
1786860598.691 [OBSTACLES] cur_s=20.36 cur_d=0.83 vs=0.00 n=0 [none]
1786860599.214 [OBSTACLES] cur_s=20.36 cur_d=0.83 vs=0.00 n=0 [none]
1786860599.774 [OBSTACLES] cur_s=20.34 cur_d=0.83 vs=0.00 n=0 [none]
1786860600.347 [OBSTACLES] cur_s=20.34 cur_d=0.83 vs=0.00 n=0 [none]
1786860600.877 [OBSTACLES] cur_s=20.33 cur_d=0.84 vs=0.00 n=0 [none]
1786860601.460 [OBSTACLES] cur_s=20.31 cur_d=0.84 vs=0.00 n=0 [none]
1786860602.046 [OBSTACLES] cur_s=20.31 cur_d=0.84 vs=0.00 n=0 [none]
1786860602.585 [OBSTACLES] cur_s=20.31 cur_d=0.84 vs=0.00 n=0 [none]
1786860603.207 [OBSTACLES] cur_s=20.31 cur_d=0.84 vs=0.00 n=0 [none]
1786860603.813 [OBSTACLES] cur_s=20.31 cur_d=0.84 vs=0.00 n=0 [none]
1786860604.514 [OBSTACLES] cur_s=20.32 cur_d=0.84 vs=0.00 n=0 [none]
1786860605.119 [OBSTACLES] cur_s=20.26 cur_d=0.84 vs=0.00 n=0 [none]
1786860605.627 [OBSTACLES] cur_s=20.27 cur_d=0.84 vs=0.00 n=0 [none]
1786860606.204 [OBSTACLES] cur_s=20.22 cur_d=0.85 vs=0.00 n=0 [none]
1786860606.715 [OBSTACLES] cur_s=20.20 cur_d=0.84 vs=0.00 n=0 [none]
1786860607.244 [OBSTACLES] cur_s=20.19 cur_d=0.85 vs=0.00 n=0 [none]
1786860607.676 [STATE_CHANGE] RECOVERY -> LOSTLINE src=GB_TRACK s=20.18 d=0.85 vs=0.00
1786860607.779 [OBSTACLES] cur_s=20.18 cur_d=0.85 vs=0.00 n=0 [none]
1786860608.318 [OBSTACLES] cur_s=20.17 cur_d=0.85 vs=0.00 n=0 [none]
1786860608.909 [OBSTACLES] cur_s=20.19 cur_d=0.85 vs=0.00 n=0 [none]
1786860609.436 [OBSTACLES] cur_s=20.19 cur_d=0.85 vs=0.00 n=0 [none]
1786860610.187 [OBSTACLES] cur_s=20.19 cur_d=0.85 vs=0.00 n=0 [none]
1786860610.747 [OBSTACLES] cur_s=20.19 cur_d=0.85 vs=0.00 n=0 [none]
1786860611.274 [OBSTACLES] cur_s=20.18 cur_d=0.85 vs=0.00 n=0 [none]
1786860611.789 [OBSTACLES] cur_s=20.18 cur_d=0.85 vs=0.00 n=0 [none]
1786860611.863 [STATE_CHANGE] LOSTLINE -> RECOVERY src=RECOVERY s=20.18 d=0.85 vs=0.00
1786860612.294 [OBSTACLES] cur_s=20.18 cur_d=0.85 vs=0.00 n=0 [none]
1786860612.823 [OBSTACLES] cur_s=20.18 cur_d=0.85 vs=0.00 n=0 [none]
1786860613.405 [OBSTACLES] cur_s=20.18 cur_d=0.85 vs=0.00 n=0 [none]
1786860614.004 [OBSTACLES] cur_s=20.18 cur_d=0.85 vs=0.00 n=0 [none]
1786860614.553 [OBSTACLES] cur_s=20.18 cur_d=0.85 vs=0.00 n=0 [none]
1786860615.132 [OBSTACLES] cur_s=20.18 cur_d=0.85 vs=0.00 n=0 [none]
1786860615.683 [OBSTACLES] cur_s=20.18 cur_d=0.85 vs=0.00 n=0 [none]
1786860616.266 [OBSTACLES] cur_s=20.18 cur_d=0.85 vs=0.00 n=0 [none]
1786860616.777 [OBSTACLES] cur_s=20.20 cur_d=0.85 vs=0.00 n=0 [none]
1786860617.285 [OBSTACLES] cur_s=20.22 cur_d=0.84 vs=0.00 n=0 [none]
1786860617.829 [OBSTACLES] cur_s=20.22 cur_d=0.84 vs=0.00 n=0 [none]
1786860618.327 [OBSTACLES] cur_s=20.22 cur_d=0.84 vs=0.00 n=0 [none]
1786860618.859 [OBSTACLES] cur_s=20.21 cur_d=0.85 vs=0.00 n=0 [none]
1786860619.416 [OBSTACLES] cur_s=20.20 cur_d=0.85 vs=0.00 n=0 [none]
1786860620.074 [OBSTACLES] cur_s=20.18 cur_d=0.85 vs=0.00 n=0 [none]
1786860620.575 [OBSTACLES] cur_s=20.19 cur_d=0.85 vs=0.00 n=0 [none]
1786860621.125 [OBSTACLES] cur_s=20.19 cur_d=0.85 vs=0.00 n=0 [none]
1786860621.710 [OBSTACLES] cur_s=20.19 cur_d=0.85 vs=0.00 n=0 [none]
1786860621.795 [STATE_CHANGE] RECOVERY -> LOSTLINE src=GB_TRACK s=20.19 d=0.85 vs=0.00
1786860622.298 [OBSTACLES] cur_s=20.19 cur_d=0.85 vs=0.00 n=0 [none]
1786860622.901 [OBSTACLES] cur_s=20.20 cur_d=0.84 vs=0.00 n=0 [none]
1786860623.463 [OBSTACLES] cur_s=20.19 cur_d=0.85 vs=0.00 n=0 [none]
1786860623.991 [OBSTACLES] cur_s=20.19 cur_d=0.85 vs=0.00 n=0 [none]
1786860624.579 [OBSTACLES] cur_s=20.73 cur_d=0.82 vs=1.46 n=0 [none]
1786860625.147 [OBSTACLES] cur_s=21.41 cur_d=0.76 vs=1.83 n=0 [none]
1786860625.480 [STATE_CHANGE] LOSTLINE -> RECOVERY src=RECOVERY s=22.12 d=0.68 vs=1.72
1786860625.692 [OBSTACLES] cur_s=22.63 cur_d=0.61 vs=1.81 n=0 [none]
1786860626.246 [OBSTACLES] cur_s=23.44 cur_d=0.52 vs=1.60 n=0 [none]
1786860626.907 [OBSTACLES] cur_s=24.80 cur_d=0.18 vs=2.11 n=0 [none]
1786860627.483 [OBSTACLES] cur_s=25.60 cur_d=0.15 vs=2.49 n=0 [none]
1786860627.960 [STATE_CHANGE] RECOVERY -> GB_TRACK src=GB_TRACK s=27.11 d=0.02 vs=2.40
1786860628.023 [OBSTACLES] cur_s=27.21 cur_d=-0.00 vs=2.39 n=0 [none]
1786860628.494 [STATE_CHANGE] GB_TRACK -> LOSTLINE src=GB_TRACK s=28.86 d=0.32 vs=2.59
1786860628.599 [OBSTACLES] cur_s=29.35 cur_d=0.43 vs=2.69 n=0 [none]
1786860628.710 [STATE_CHANGE] LOSTLINE -> RECOVERY src=RECOVERY s=29.64 d=0.43 vs=2.72
1786860629.116 [OBSTACLES] cur_s=30.67 cur_d=0.20 vs=2.67 n=0 [none]
1786860629.423 [STATE_CHANGE] RECOVERY -> GB_TRACK src=GB_TRACK s=31.43 d=-0.02 vs=2.73
1786860629.574 [STATE_CHANGE] GB_TRACK -> LOSTLINE src=GB_TRACK s=31.95 d=-0.32 vs=2.35
1786860629.711 [OBSTACLES] cur_s=32.09 cur_d=-0.40 vs=2.24 n=0 [none]
1786860630.153 [STATE_CHANGE] LOSTLINE -> RECOVERY src=RECOVERY s=33.08 d=-0.42 vs=2.23
1786860630.227 [OBSTACLES] cur_s=33.19 cur_d=-0.45 vs=2.21 n=0 [none]
1786860630.771 [OBSTACLES] cur_s=34.12 cur_d=-0.45 vs=1.94 n=0 [none]
1786860631.338 [OBSTACLES] cur_s=0.52 cur_d=-0.21 vs=1.91 n=0 [none]
1786860631.874 [OBSTACLES] cur_s=1.45 cur_d=0.09 vs=2.08 n=0 [none]
1786860632.377 [OBSTACLES] cur_s=2.57 cur_d=0.21 vs=1.98 n=0 [none]
1786860632.907 [OBSTACLES] cur_s=3.57 cur_d=0.20 vs=1.91 n=0 [none]
1786860633.451 [OBSTACLES] cur_s=4.54 cur_d=0.15 vs=1.89 n=0 [none]
1786860634.000 [OBSTACLES] cur_s=5.55 cur_d=0.14 vs=1.64 n=0 [none]
1786860634.515 [OBSTACLES] cur_s=6.50 cur_d=0.11 vs=2.06 n=0 [none]
1786860634.877 [STATE_CHANGE] RECOVERY -> GB_TRACK src=GB_TRACK s=7.21 d=0.05 vs=1.69
1786860635.137 [OBSTACLES] cur_s=7.74 cur_d=-0.03 vs=1.66 n=0 [none]
1786860635.762 [OBSTACLES] cur_s=8.77 cur_d=-0.11 vs=1.89 n=0 [none]
1786860636.329 [OBSTACLES] cur_s=9.80 cur_d=-0.12 vs=1.89 n=0 [none]
1786860636.877 [OBSTACLES] cur_s=10.95 cur_d=-0.02 vs=1.94 n=0 [none]
1786860637.273 [STATE_CHANGE] GB_TRACK -> LOSTLINE src=GB_TRACK s=11.49 d=-0.30 vs=1.74
1786860637.412 [OBSTACLES] cur_s=11.68 cur_d=-0.47 vs=1.57 n=0 [none]
1786860637.903 [STATE_CHANGE] LOSTLINE -> RECOVERY src=RECOVERY s=12.26 d=-0.98 vs=1.68
1786860637.933 [OBSTACLES] cur_s=12.32 cur_d=-1.01 vs=1.87 n=0 [none]
1786860638.165 [STATE_CHANGE] RECOVERY -> LOSTLINE src=GB_TRACK s=12.56 d=-1.09 vs=1.91
1786860638.434 [OBSTACLES] cur_s=12.81 cur_d=-1.13 vs=1.02 n=0 [none]
1786860638.963 [OBSTACLES] cur_s=12.84 cur_d=-1.08 vs=-0.43 n=0 [none]
1786860639.532 [OBSTACLES] cur_s=12.58 cur_d=-1.06 vs=0.07 n=0 [none]
1786860640.052 [OBSTACLES] cur_s=12.63 cur_d=-1.07 vs=0.00 n=0 [none]
1786860640.586 [OBSTACLES] cur_s=12.62 cur_d=-1.07 vs=-0.15 n=0 [none]
1786860641.168 [OBSTACLES] cur_s=12.10 cur_d=-1.07 vs=-2.57 n=0 [none]
1786860641.644 [STATE_CHANGE] LOSTLINE -> RECOVERY src=RECOVERY s=11.65 d=-1.38 vs=-1.29
1786860641.682 [OBSTACLES] cur_s=11.63 cur_d=-1.42 vs=-1.16 n=0 [none]
1786860641.861 [STATE_CHANGE] RECOVERY -> LOSTLINE src=GB_TRACK s=11.53 d=-1.52 vs=-0.84
1786860641.937 [STATE_CHANGE] LOSTLINE -> RECOVERY src=RECOVERY s=11.51 d=-1.58 vs=-0.63
1786860642.182 [OBSTACLES] cur_s=11.47 cur_d=-1.62 vs=-0.31 n=0 [none]
1786860642.761 [OBSTACLES] cur_s=11.66 cur_d=-1.37 vs=2.01 n=0 [none]
1786860642.956 [STATIC_OT] state=RECOVERY path_exists=0 path_locked=0 path_ttl_ok=0 path_safe=0 on_spline=0 speed=2.22 raw_wpnts=0 raw_age=-s decision=TRAILING reason=NO_STATIC_PATH
1786860642.962 [STATE_CHANGE] RECOVERY -> TRAILING src=RECOVERY s=11.78 d=-1.25 vs=2.22
1786860643.206 [STATIC_OT] state=TRAILING path_exists=0 path_locked=0 path_ttl_ok=0 path_safe=0 on_spline=0 speed=2.01 raw_wpnts=0 raw_age=-s decision=TRAILING reason=NO_STATIC_PATH
1786860643.271 [OBSTACLES] cur_s=12.28 cur_d=-1.06 vs=1.79 n=1 [id=27 static=1 gap=4.05m d=-0.05 size=0.44]
1786860643.424 [STATIC_OT] state=TRAILING path_exists=0 path_locked=0 path_ttl_ok=0 path_safe=0 on_spline=0 speed=1.51 raw_wpnts=0 raw_age=-s decision=TRAILING reason=NO_STATIC_PATH
1786860643.667 [STATIC_OT] state=TRAILING path_exists=0 path_locked=0 path_ttl_ok=0 path_safe=0 on_spline=0 speed=0.57 raw_wpnts=0 raw_age=-s decision=TRAILING reason=NO_STATIC_PATH
1786860643.757 [STATE_CHANGE] TRAILING -> LOSTLINE src=GB_TRACK s=12.52 d=-1.04 vs=0.00
1786860643.852 [OBSTACLES] cur_s=12.51 cur_d=-1.03 vs=-0.10 n=0 [none]
1786860644.365 [OBSTACLES] cur_s=12.14 cur_d=-1.03 vs=-2.12 n=0 [none]
1786860644.631 [STATIC_OT] state=GB_TRACK path_exists=0 path_locked=0 path_ttl_ok=0 path_safe=0 on_spline=0 speed=-1.59 raw_wpnts=0 raw_age=-s decision=TRAILING reason=NO_STATIC_PATH
1786860644.635 [STATE_CHANGE] LOSTLINE -> TRAILING src=GB_TRACK s=11.87 d=-1.12 vs=-1.59
1786860644.881 [OBSTACLES] cur_s=11.70 cur_d=-1.23 vs=-0.97 n=1 [id=28 static=0 gap=2.98m d=-0.27 size=0.19]
1786860644.888 [STATIC_OT] state=TRAILING path_exists=0 path_locked=0 path_ttl_ok=0 path_safe=0 on_spline=0 speed=-0.97 raw_wpnts=0 raw_age=-s decision=TRAILING reason=NO_STATIC_PATH
1786860645.094 [STATE_CHANGE] TRAILING -> LOSTLINE src=GB_TRACK s=11.63 d=-1.30 vs=-0.48
1786860645.431 [OBSTACLES] cur_s=11.59 cur_d=-1.32 vs=0.00 n=0 [none]
1786860646.143 [OBSTACLES] cur_s=11.75 cur_d=-1.20 vs=0.00 n=0 [none]
1786860646.667 [OBSTACLES] cur_s=11.75 cur_d=-1.19 vs=0.00 n=0 [none]
1786860647.175 [OBSTACLES] cur_s=11.75 cur_d=-1.19 vs=0.00 n=0 [none]
1786860647.406 [STATE_CHANGE] LOSTLINE -> RECOVERY src=RECOVERY s=11.75 d=-1.20 vs=0.00
1786860647.714 [OBSTACLES] cur_s=11.75 cur_d=-1.20 vs=0.00 n=0 [none]
1786860648.300 [OBSTACLES] cur_s=11.75 cur_d=-1.20 vs=0.00 n=0 [none]
1786860648.842 [OBSTACLES] cur_s=11.75 cur_d=-1.19 vs=0.23 n=0 [none]
1786860649.403 [OBSTACLES] cur_s=11.79 cur_d=-1.12 vs=0.06 n=0 [none]
1786860649.981 [OBSTACLES] cur_s=11.85 cur_d=-0.95 vs=0.24 n=0 [none]
1786860650.511 [OBSTACLES] cur_s=11.98 cur_d=-0.75 vs=0.72 n=0 [none]
1786860651.024 [OBSTACLES] cur_s=12.37 cur_d=-0.54 vs=0.90 n=0 [none]
1786860651.609 [OBSTACLES] cur_s=12.77 cur_d=-0.34 vs=0.73 n=0 [none]
1786860652.128 [OBSTACLES] cur_s=13.23 cur_d=-0.19 vs=1.32 n=0 [none]
1786860652.645 [OBSTACLES] cur_s=13.92 cur_d=-0.14 vs=0.90 n=0 [none]
1786860653.185 [OBSTACLES] cur_s=14.43 cur_d=-0.11 vs=0.99 n=0 [none]
1786860653.469 [STATE_CHANGE] RECOVERY -> GB_TRACK src=GB_TRACK s=14.77 d=-0.04 vs=0.99
1786860653.703 [OBSTACLES] cur_s=15.01 cur_d=-0.02 vs=1.00 n=0 [none]
1786860654.280 [OBSTACLES] cur_s=15.54 cur_d=0.10 vs=1.04 n=0 [none]
1786860654.852 [OBSTACLES] cur_s=16.10 cur_d=0.11 vs=0.76 n=0 [none]
1786860655.371 [OBSTACLES] cur_s=16.53 cur_d=0.14 vs=0.72 n=0 [none]
1786860655.887 [OBSTACLES] cur_s=16.91 cur_d=0.25 vs=0.81 n=0 [none]
1786860656.093 [STATE_CHANGE] GB_TRACK -> LOSTLINE src=GB_TRACK s=16.94 d=0.29 vs=0.79
1786860656.537 [OBSTACLES] cur_s=17.42 cur_d=0.57 vs=0.87 n=0 [none]
1786860657.109 [OBSTACLES] cur_s=18.03 cur_d=0.73 vs=0.96 n=0 [none]
1786860657.379 [STATE_CHANGE] LOSTLINE -> RECOVERY src=RECOVERY s=18.55 d=0.78 vs=1.07
1786860657.624 [OBSTACLES] cur_s=18.80 cur_d=0.78 vs=1.00 n=0 [none]
1786860658.163 [OBSTACLES] cur_s=19.71 cur_d=0.71 vs=1.19 n=0 [none]
1786860658.763 [OBSTACLES] cur_s=20.59 cur_d=0.58 vs=1.66 n=0 [none]
1786860658.816 [STATE_CHANGE] RECOVERY -> LOSTLINE src=GB_TRACK s=20.68 d=0.56 vs=1.66
1786860659.131 [STATE_CHANGE] LOSTLINE -> RECOVERY src=RECOVERY s=21.43 d=0.42 vs=1.81
1786860659.264 [OBSTACLES] cur_s=21.71 cur_d=0.46 vs=1.81 n=0 [none]
1786860659.788 [OBSTACLES] cur_s=22.50 cur_d=0.44 vs=1.97 n=0 [none]
1786860660.308 [OBSTACLES] cur_s=23.43 cur_d=0.41 vs=2.02 n=0 [none]
1786860660.836 [OBSTACLES] cur_s=24.52 cur_d=0.37 vs=2.02 n=0 [none]
1786860661.411 [OBSTACLES] cur_s=25.64 cur_d=0.22 vs=1.91 n=0 [none]
1786860661.928 [OBSTACLES] cur_s=26.45 cur_d=0.04 vs=0.90 n=0 [none]
1786860661.930 [STATE_CHANGE] RECOVERY -> GB_TRACK src=GB_TRACK s=26.45 d=0.04 vs=0.90
1786860662.461 [OBSTACLES] cur_s=26.58 cur_d=-0.03 vs=0.00 n=0 [none]
1786860662.967 [OBSTACLES] cur_s=26.58 cur_d=-0.03 vs=0.00 n=0 [none]
1786860663.488 [OBSTACLES] cur_s=26.58 cur_d=-0.02 vs=0.00 n=0 [none]
1786860663.998 [OBSTACLES] cur_s=26.58 cur_d=-0.03 vs=0.00 n=0 [none]
1786860664.559 [OBSTACLES] cur_s=26.58 cur_d=-0.03 vs=0.00 n=0 [none]
1786860665.070 [OBSTACLES] cur_s=26.58 cur_d=-0.03 vs=0.00 n=0 [none]
1786860665.769 [OBSTACLES] cur_s=26.58 cur_d=-0.03 vs=0.00 n=0 [none]
1786860666.302 [OBSTACLES] cur_s=26.58 cur_d=-0.03 vs=0.00 n=0 [none]
1786860666.858 [OBSTACLES] cur_s=25.80 cur_d=0.24 vs=0.00 n=0 [none]
1786860667.391 [OBSTACLES] cur_s=25.79 cur_d=0.27 vs=0.00 n=0 [none]
1786860667.943 [OBSTACLES] cur_s=25.78 cur_d=0.28 vs=0.00 n=0 [none]
1786860668.051 [STATE_CHANGE] GB_TRACK -> LOSTLINE src=GB_TRACK s=25.78 d=0.29 vs=0.00
1786860668.343 [STATE_CHANGE] LOSTLINE -> GB_TRACK src=GB_TRACK s=25.79 d=0.29 vs=0.11
1786860668.495 [OBSTACLES] cur_s=25.79 cur_d=0.29 vs=0.25 n=0 [none]
1786860668.648 [STATE_CHANGE] GB_TRACK -> LOSTLINE src=GB_TRACK s=25.85 d=0.30 vs=0.52
1786860669.079 [OBSTACLES] cur_s=26.01 cur_d=0.36 vs=0.00 n=0 [none]
1786860669.690 [OBSTACLES] cur_s=26.03 cur_d=0.37 vs=0.00 n=0 [none]
1786860670.277 [OBSTACLES] cur_s=25.90 cur_d=0.35 vs=-0.59 n=0 [none]
1786860670.855 [OBSTACLES] cur_s=25.57 cur_d=0.34 vs=-0.21 n=0 [none]
1786860670.979 [STATE_CHANGE] LOSTLINE -> RECOVERY src=RECOVERY s=25.53 d=0.36 vs=0.00
1786860671.404 [OBSTACLES] cur_s=25.51 cur_d=0.36 vs=0.00 n=0 [none]
1786860671.922 [OBSTACLES] cur_s=25.48 cur_d=0.34 vs=0.00 n=0 [none]
1786860672.492 [OBSTACLES] cur_s=25.40 cur_d=0.34 vs=-0.10 n=0 [none]
1786860672.909 [STATE_CHANGE] RECOVERY -> LOSTLINE src=GB_TRACK s=25.09 d=0.26 vs=-0.92
1786860673.008 [OBSTACLES] cur_s=25.03 cur_d=0.24 vs=-0.92 n=0 [none]
1786860673.009 [STATE_CHANGE] LOSTLINE -> GB_TRACK src=GB_TRACK s=25.03 d=0.24 vs=-0.92
1786860673.540 [OBSTACLES] cur_s=24.56 cur_d=0.09 vs=-0.89 n=0 [none]
1786860674.070 [OBSTACLES] cur_s=24.04 cur_d=0.12 vs=-0.90 n=0 [none]
1786860674.581 [OBSTACLES] cur_s=23.53 cur_d=0.15 vs=-1.15 n=0 [none]
1786860675.131 [OBSTACLES] cur_s=23.00 cur_d=0.18 vs=-1.24 n=0 [none]
1786860675.701 [OBSTACLES] cur_s=22.22 cur_d=0.21 vs=-1.24 n=0 [none]
1786860676.251 [OBSTACLES] cur_s=21.53 cur_d=0.19 vs=-1.24 n=0 [none]
1786860676.806 [OBSTACLES] cur_s=20.92 cur_d=0.14 vs=-0.87 n=0 [none]
1786860677.367 [OBSTACLES] cur_s=20.76 cur_d=0.13 vs=0.00 n=0 [none]
1786860677.879 [OBSTACLES] cur_s=20.85 cur_d=0.13 vs=0.41 n=0 [none]
1786860678.432 [OBSTACLES] cur_s=20.99 cur_d=0.15 vs=0.00 n=0 [none]
1786860678.940 [OBSTACLES] cur_s=21.00 cur_d=0.14 vs=0.06 n=0 [none]
1786860679.453 [OBSTACLES] cur_s=21.07 cur_d=0.15 vs=0.00 n=0 [none]
1786860679.959 [OBSTACLES] cur_s=21.07 cur_d=0.15 vs=-0.05 n=0 [none]
1786860680.486 [OBSTACLES] cur_s=20.68 cur_d=0.12 vs=-2.34 n=0 [none]
1786860681.036 [OBSTACLES] cur_s=19.74 cur_d=-0.07 vs=-2.17 n=0 [none]
1786860681.406 [STATE_CHANGE] GB_TRACK -> LOSTLINE src=GB_TRACK s=18.92 d=-0.32 vs=-1.44
1786860681.634 [OBSTACLES] cur_s=18.67 cur_d=-0.43 vs=-0.89 n=0 [none]
1786860681.794 [STATIC_OT] state=GB_TRACK path_exists=0 path_locked=0 path_ttl_ok=0 path_safe=0 on_spline=0 speed=-0.36 raw_wpnts=0 raw_age=-s decision=TRAILING reason=NO_STATIC_PATH
1786860681.800 [STATE_CHANGE] LOSTLINE -> TRAILING src=GB_TRACK s=18.51 d=-0.48 vs=-0.36
1786860681.867 [STATE_CHANGE] TRAILING -> LOSTLINE src=GB_TRACK s=18.49 d=-0.48 vs=0.00
1786860682.238 [OBSTACLES] cur_s=18.68 cur_d=-0.41 vs=1.22 n=0 [none]
1786860682.528 [STATE_CHANGE] LOSTLINE -> GB_TRACK src=GB_TRACK s=19.18 d=-0.24 vs=2.52
1786860682.773 [OBSTACLES] cur_s=20.02 cur_d=-0.03 vs=3.02 n=0 [none]
1786860683.346 [OBSTACLES] cur_s=21.62 cur_d=0.22 vs=1.78 n=0 [none]
1786860683.892 [OBSTACLES] cur_s=22.28 cur_d=0.28 vs=0.49 n=0 [none]
1786860684.428 [OBSTACLES] cur_s=22.28 cur_d=0.28 vs=0.00 n=0 [none]
1786860684.988 [OBSTACLES] cur_s=22.27 cur_d=0.28 vs=0.00 n=0 [none]
1786860685.491 [OBSTACLES] cur_s=22.22 cur_d=0.28 vs=0.00 n=0 [none]
1786860686.097 [OBSTACLES] cur_s=22.73 cur_d=0.03 vs=2.63 n=0 [none]
1786860686.656 [OBSTACLES] cur_s=24.35 cur_d=-0.21 vs=3.38 n=0 [none]
1786860687.236 [OBSTACLES] cur_s=26.47 cur_d=0.21 vs=3.44 n=0 [none]
1786860687.766 [OBSTACLES] cur_s=28.18 cur_d=-0.15 vs=3.36 n=0 [none]
1786860688.340 [OBSTACLES] cur_s=30.28 cur_d=-0.09 vs=3.40 n=0 [none]
1786860688.848 [OBSTACLES] cur_s=31.88 cur_d=0.16 vs=3.33 n=0 [none]
1786860689.074 [STATE_CHANGE] GB_TRACK -> LOSTLINE src=GB_TRACK s=32.33 d=0.32 vs=3.09
1786860689.396 [OBSTACLES] cur_s=33.56 cur_d=0.35 vs=3.02 n=0 [none]
1786860689.478 [STATE_CHANGE] LOSTLINE -> GB_TRACK src=GB_TRACK s=33.82 d=0.26 vs=2.87
1786860689.914 [OBSTACLES] cur_s=0.63 cur_d=-0.17 vs=3.03 n=0 [none]
1786860690.392 [STATIC_OT] state=GB_TRACK path_exists=0 path_locked=0 path_ttl_ok=0 path_safe=0 on_spline=0 speed=3.36 raw_wpnts=0 raw_age=-s decision=TRAILING reason=NO_STATIC_PATH
1786860690.392 [STATE_CHANGE] GB_TRACK -> TRAILING src=GB_TRACK s=2.02 d=-0.23 vs=3.36
1786860690.469 [OBSTACLES] cur_s=2.55 cur_d=-0.14 vs=3.32 n=1 [id=36 static=1 gap=11.21m d=0.40 size=0.17]
1786860690.598 [STATE_CHANGE] TRAILING -> GB_TRACK src=GB_TRACK s=3.03 d=-0.01 vs=3.30
1786860690.993 [OBSTACLES] cur_s=3.60 cur_d=0.12 vs=3.43 n=0 [none]
1786860691.573 [OBSTACLES] cur_s=5.57 cur_d=-0.26 vs=3.43 n=0 [none]
1786860692.118 [OBSTACLES] cur_s=7.43 cur_d=0.01 vs=3.43 n=0 [none]
1786860692.678 [OBSTACLES] cur_s=9.15 cur_d=-0.06 vs=3.36 n=0 [none]
1786860693.228 [OBSTACLES] cur_s=10.95 cur_d=0.18 vs=2.52 n=0 [none]
1786860693.752 [OBSTACLES] cur_s=12.17 cur_d=0.09 vs=2.60 n=0 [none]
1786860694.297 [OBSTACLES] cur_s=13.98 cur_d=0.10 vs=3.40 n=0 [none]
1786860694.863 [OBSTACLES] cur_s=15.39 cur_d=0.19 vs=2.43 n=0 [none]
1786860695.401 [OBSTACLES] cur_s=17.01 cur_d=-0.28 vs=2.19 n=0 [none]
1786860695.551 [STATE_CHANGE] GB_TRACK -> LOSTLINE src=GB_TRACK s=17.30 d=-0.32 vs=2.41
1786860695.921 [OBSTACLES] cur_s=17.97 cur_d=-0.22 vs=3.18 n=0 [none]
1786860695.949 [STATE_CHANGE] LOSTLINE -> GB_TRACK src=GB_TRACK s=17.97 d=-0.22 vs=3.18
1786860696.430 [OBSTACLES] cur_s=20.19 cur_d=0.07 vs=3.42 n=0 [none]
1786860697.072 [OBSTACLES] cur_s=22.10 cur_d=-0.22 vs=3.45 n=0 [none]
1786860697.636 [OBSTACLES] cur_s=24.10 cur_d=0.04 vs=3.44 n=0 [none]
1786860698.187 [OBSTACLES] cur_s=25.77 cur_d=-0.06 vs=3.44 n=0 [none]
1786860698.652 [STATIC_OT] state=GB_TRACK path_exists=0 path_locked=0 path_ttl_ok=0 path_safe=0 on_spline=0 speed=3.37 raw_wpnts=0 raw_age=-s decision=TRAILING reason=NO_STATIC_PATH
1786860698.679 [STATE_CHANGE] GB_TRACK -> TRAILING src=GB_TRACK s=27.26 d=0.05 vs=3.37
1786860698.784 [OBSTACLES] cur_s=27.79 cur_d=0.15 vs=3.38 n=1 [id=37 static=1 gap=1.26m d=0.23 size=0.18]
1786860698.897 [STATIC_OT] state=TRAILING path_exists=0 path_locked=0 path_ttl_ok=0 path_safe=0 on_spline=0 speed=3.39 raw_wpnts=0 raw_age=-s decision=TRAILING reason=NO_STATIC_PATH
1786860699.009 [STATIC_OT_TRANSITION] first_valid_path_to_overtake_ms=0.0
1786860699.029 [STATE_CHANGE] TRAILING -> OVERTAKE src=OVERTAKE s=28.46 d=0.25 vs=3.21
1786860699.265 [STATE_CHANGE] OVERTAKE -> LOSTLINE src=GB_TRACK s=28.85 d=0.32 vs=1.22
1786860699.405 [OBSTACLES] cur_s=28.48 cur_d=0.44 vs=0.51 n=0 [none]
1786860699.972 [OBSTACLES] cur_s=28.48 cur_d=0.49 vs=0.00 n=0 [none]
1786860700.465 [STATE_CHANGE] LOSTLINE -> GB_TRACK src=GB_TRACK s=28.31 d=0.29 vs=-0.48
1786860700.559 [OBSTACLES] cur_s=28.27 cur_d=0.16 vs=-0.40 n=0 [none]
1786860701.079 [OBSTACLES] cur_s=28.20 cur_d=0.02 vs=0.00 n=0 [none]
1786860701.595 [OBSTACLES] cur_s=28.20 cur_d=0.02 vs=0.00 n=0 [none]
1786860702.124 [OBSTACLES] cur_s=28.20 cur_d=0.02 vs=0.00 n=0 [none]
1786860702.643 [OBSTACLES] cur_s=28.20 cur_d=0.02 vs=0.00 n=0 [none]
1786860703.189 [OBSTACLES] cur_s=28.20 cur_d=0.03 vs=0.00 n=0 [none]
1786860703.709 [OBSTACLES] cur_s=28.20 cur_d=0.02 vs=0.00 n=0 [none]
1786860704.243 [OBSTACLES] cur_s=28.20 cur_d=0.02 vs=0.00 n=0 [none]
1786860704.757 [OBSTACLES] cur_s=28.20 cur_d=0.02 vs=0.00 n=0 [none]
1786860705.280 [OBSTACLES] cur_s=28.20 cur_d=0.02 vs=0.00 n=0 [none]
1786860705.797 [OBSTACLES] cur_s=28.20 cur_d=0.02 vs=0.00 n=0 [none]
1786860706.350 [OBSTACLES] cur_s=28.20 cur_d=0.02 vs=0.00 n=0 [none]
1786860706.895 [OBSTACLES] cur_s=28.20 cur_d=0.02 vs=0.00 n=0 [none]
1786860707.430 [OBSTACLES] cur_s=28.20 cur_d=0.02 vs=0.00 n=0 [none]
1786860707.959 [OBSTACLES] cur_s=28.20 cur_d=0.02 vs=0.00 n=0 [none]
1786860708.486 [OBSTACLES] cur_s=28.20 cur_d=0.02 vs=0.00 n=0 [none]
1786860709.047 [OBSTACLES] cur_s=28.36 cur_d=0.24 vs=0.00 n=0 [none]
1786860709.325 [STATE_CHANGE] GB_TRACK -> LOSTLINE src=GB_TRACK s=28.40 d=0.33 vs=0.00
1786860709.782 [OBSTACLES] cur_s=28.47 cur_d=0.39 vs=0.00 n=0 [none]
1786860710.328 [OBSTACLES] cur_s=28.56 cur_d=0.48 vs=0.00 n=0 [none]
1786860710.618 [STATIC_OT] state=GB_TRACK path_exists=0 path_locked=0 path_ttl_ok=0 path_safe=0 on_spline=0 speed=0.00 raw_wpnts=0 raw_age=-s decision=TRAILING reason=NO_STATIC_PATH
1786860710.620 [STATE_CHANGE] LOSTLINE -> TRAILING src=GB_TRACK s=28.40 d=0.35 vs=0.00
1786860710.856 [OBSTACLES] cur_s=28.40 cur_d=0.35 vs=0.00 n=1 [id=47 static=1 gap=0.52m d=0.09 size=0.45]
1786860710.864 [STATIC_OT] state=TRAILING path_exists=0 path_locked=0 path_ttl_ok=0 path_safe=0 on_spline=0 speed=0.00 raw_wpnts=0 raw_age=-s decision=TRAILING reason=NO_STATIC_PATH
1786860711.168 [STATIC_OT] state=TRAILING path_exists=1 path_locked=0 path_ttl_ok=1 path_safe=1 on_spline=1 speed=0.00 raw_wpnts=81 raw_age=0.54s decision=OVERTAKE
1786860711.185 [STATE_CHANGE] TRAILING -> OVERTAKE src=OVERTAKE s=28.39 d=0.35 vs=0.00
1786860711.350 [STATE_CHANGE] OVERTAKE -> TRAILING src=GB_TRACK s=28.37 d=0.35 vs=0.00
1786860711.417 [OBSTACLES] cur_s=28.37 cur_d=0.35 vs=0.00 n=1 [id=47 static=1 gap=0.52m d=0.06 size=0.29]
1786860711.430 [STATIC_OT] state=TRAILING path_exists=1 path_locked=0 path_ttl_ok=1 path_safe=1 on_spline=1 speed=0.00 raw_wpnts=81 raw_age=0.54s decision=OVERTAKE
1786860711.431 [STATE_CHANGE] TRAILING -> OVERTAKE src=OVERTAKE s=28.37 d=0.35 vs=0.00
1786860711.930 [OBSTACLES] cur_s=28.37 cur_d=0.34 vs=-0.09 n=1 [id=47 static=1 gap=0.49m d=0.05 size=0.25]
1786860712.450 [OBSTACLES] cur_s=28.24 cur_d=0.06 vs=-0.33 n=1 [id=47 static=1 gap=0.58m d=0.05 size=0.27]
1786860712.651 [STATIC_OT] state=OVERTAKE path_exists=1 path_locked=1 path_ttl_ok=0 path_safe=0 on_spline=0 speed=-0.28 raw_wpnts=0 raw_age=-s decision=TRAILING reason=NO_STATIC_PATH
1786860712.656 [STATE_CHANGE] OVERTAKE -> TRAILING src=GB_TRACK s=28.18 d=-0.07 vs=-0.28
1786860712.726 [STATE_CHANGE] TRAILING -> OVERTAKE src=OVERTAKE s=28.16 d=-0.10 vs=-0.22
1786860713.004 [OBSTACLES] cur_s=28.14 cur_d=-0.15 vs=0.00 n=1 [id=47 static=1 gap=0.70m d=0.05 size=0.22]
1786860713.385 [STATIC_OT] state=OVERTAKE path_exists=1 path_locked=1 path_ttl_ok=0 path_safe=0 on_spline=1 speed=0.00 raw_wpnts=0 raw_age=-s decision=TRAILING reason=NO_STATIC_PATH
1786860713.387 [STATE_CHANGE] OVERTAKE -> TRAILING src=GB_TRACK s=28.13 d=-0.16 vs=0.00
1786860713.587 [OBSTACLES] cur_s=28.13 cur_d=-0.16 vs=0.00 n=1 [id=47 static=1 gap=0.63m d=0.04 size=0.39]
1786860713.593 [STATIC_OT] state=TRAILING path_exists=0 path_locked=0 path_ttl_ok=0 path_safe=0 on_spline=0 speed=0.00 raw_wpnts=0 raw_age=-s decision=TRAILING reason=NO_STATIC_PATH
1786860713.807 [STATIC_OT] state=TRAILING path_exists=0 path_locked=0 path_ttl_ok=0 path_safe=0 on_spline=0 speed=0.00 raw_wpnts=0 raw_age=-s decision=TRAILING reason=NO_STATIC_PATH
1786860714.103 [OBSTACLES] cur_s=28.13 cur_d=-0.16 vs=0.00 n=1 [id=47 static=1 gap=0.66m d=0.02 size=0.35]
1786860714.113 [STATIC_OT] state=TRAILING path_exists=0 path_locked=0 path_ttl_ok=0 path_safe=0 on_spline=0 speed=0.00 raw_wpnts=0 raw_age=-s decision=TRAILING reason=NO_STATIC_PATH
1786860714.323 [STATIC_OT] state=TRAILING path_exists=0 path_locked=0 path_ttl_ok=0 path_safe=0 on_spline=0 speed=0.00 raw_wpnts=0 raw_age=-s decision=TRAILING reason=NO_STATIC_PATH
1786860714.608 [STATIC_OT] state=TRAILING path_exists=0 path_locked=0 path_ttl_ok=0 path_safe=0 on_spline=0 speed=0.00 raw_wpnts=0 raw_age=-s decision=TRAILING reason=NO_STATIC_PATH
1786860714.666 [OBSTACLES] cur_s=28.13 cur_d=-0.16 vs=0.00 n=1 [id=47 static=1 gap=0.65m d=0.01 size=0.35]
1786860715.064 [STATIC_OT] state=TRAILING path_exists=0 path_locked=0 path_ttl_ok=0 path_safe=0 on_spline=0 speed=0.00 raw_wpnts=0 raw_age=-s decision=TRAILING reason=NO_STATIC_PATH
1786860715.167 [OBSTACLES] cur_s=28.21 cur_d=-0.07 vs=0.00 n=1 [id=47 static=1 gap=0.61m d=0.01 size=0.28]
1786860715.283 [STATIC_OT] state=TRAILING path_exists=0 path_locked=0 path_ttl_ok=0 path_safe=0 on_spline=0 speed=0.00 raw_wpnts=0 raw_age=-s decision=TRAILING reason=NO_STATIC_PATH
1786860715.397 [STATE_CHANGE] TRAILING -> OVERTAKE src=OVERTAKE s=28.22 d=-0.06 vs=0.00
1786860715.717 [OBSTACLES] cur_s=28.21 cur_d=-0.07 vs=0.00 n=1 [id=47 static=1 gap=0.62m d=0.01 size=0.28]
1786860716.265 [OBSTACLES] cur_s=28.21 cur_d=-0.07 vs=0.00 n=1 [id=47 static=1 gap=0.60m d=0.02 size=0.32]
1786860716.829 [OBSTACLES] cur_s=28.21 cur_d=-0.07 vs=0.00 n=1 [id=47 static=1 gap=0.65m d=0.03 size=0.20]
1786860717.336 [OBSTACLES] cur_s=28.21 cur_d=-0.07 vs=0.00 n=0 [none]
1786860717.864 [OBSTACLES] cur_s=28.22 cur_d=-0.06 vs=0.00 n=0 [none]
1786860718.376 [OBSTACLES] cur_s=28.23 cur_d=-0.05 vs=0.00 n=0 [none]
1786860718.932 [OBSTACLES] cur_s=28.21 cur_d=-0.06 vs=0.00 n=0 [none]
1786860719.463 [OBSTACLES] cur_s=28.22 cur_d=-0.06 vs=0.00 n=0 [none]
1786860720.212 [OBSTACLES] cur_s=28.22 cur_d=-0.06 vs=0.00 n=0 [none]
1786860720.722 [OBSTACLES] cur_s=28.21 cur_d=-0.06 vs=0.00 n=0 [none]
1786860721.269 [OBSTACLES] cur_s=28.21 cur_d=-0.06 vs=0.00 n=0 [none]
1786860721.770 [OBSTACLES] cur_s=28.21 cur_d=-0.06 vs=0.00 n=0 [none]
1786860722.271 [OBSTACLES] cur_s=28.23 cur_d=-0.05 vs=0.00 n=0 [none]
1786860722.787 [OBSTACLES] cur_s=28.22 cur_d=-0.06 vs=0.00 n=0 [none]
1786860723.315 [OBSTACLES] cur_s=28.23 cur_d=-0.06 vs=0.00 n=1 [id=52 static=1 gap=0.43m d=0.20 size=0.23]
1786860723.826 [OBSTACLES] cur_s=28.24 cur_d=-0.05 vs=0.00 n=0 [none]
1786860724.330 [OBSTACLES] cur_s=28.23 cur_d=-0.05 vs=0.00 n=0 [none]
1786860724.842 [OBSTACLES] cur_s=28.24 cur_d=-0.05 vs=0.00 n=1 [id=53 static=1 gap=0.61m d=0.13 size=0.15]
1786860725.123 [STATIC_OT] state=OVERTAKE path_exists=1 path_locked=1 path_ttl_ok=0 path_safe=0 on_spline=1 speed=0.00 raw_wpnts=0 raw_age=-s decision=TRAILING reason=NO_STATIC_PATH
1786860725.129 [STATE_CHANGE] OVERTAKE -> TRAILING src=GB_TRACK s=28.24 d=-0.05 vs=0.00
1786860725.307 [STATE_CHANGE] TRAILING -> OVERTAKE src=OVERTAKE s=28.24 d=-0.06 vs=0.00
1786860725.386 [OBSTACLES] cur_s=28.24 cur_d=-0.06 vs=0.00 n=1 [id=53 static=1 gap=0.66m d=0.06 size=0.28]
1786860725.899 [OBSTACLES] cur_s=28.23 cur_d=-0.06 vs=0.00 n=1 [id=53 static=1 gap=0.65m d=0.07 size=0.28]
1786860726.410 [OBSTACLES] cur_s=28.22 cur_d=-0.06 vs=0.00 n=1 [id=53 static=1 gap=0.66m d=0.07 size=0.27]
1786860726.932 [OBSTACLES] cur_s=28.22 cur_d=-0.06 vs=0.00 n=1 [id=53 static=1 gap=0.66m d=0.08 size=0.28]
1786860727.473 [OBSTACLES] cur_s=28.13 cur_d=-0.29 vs=-0.12 n=1 [id=53 static=1 gap=0.74m d=0.08 size=0.30]
1786860727.588 [STATIC_OT] state=OVERTAKE path_exists=1 path_locked=1 path_ttl_ok=1 path_safe=1 on_spline=0 speed=0.84 raw_wpnts=81 raw_age=0.84s decision=OVERTAKE
1786860727.810 [STATIC_OT] state=OVERTAKE path_exists=1 path_locked=1 path_ttl_ok=1 path_safe=1 on_spline=0 speed=1.65 raw_wpnts=81 raw_age=0.86s decision=OVERTAKE
1786860728.125 [OBSTACLES] cur_s=28.26 cur_d=-1.27 vs=0.00 n=1 [id=53 static=1 gap=0.57m d=0.07 size=0.42]
1786860728.158 [STATIC_OT] state=OVERTAKE path_exists=1 path_locked=1 path_ttl_ok=1 path_safe=1 on_spline=0 speed=0.00 raw_wpnts=81 raw_age=0.74s decision=OVERTAKE
1786860728.342 [STATE_CHANGE] OVERTAKE -> LOSTLINE src=GB_TRACK s=28.39 d=-1.51 vs=0.05
1786860728.695 [OBSTACLES] cur_s=28.19 cur_d=-1.21 vs=0.59 n=0 [none]
1786860729.274 [OBSTACLES] cur_s=28.47 cur_d=-0.79 vs=0.70 n=0 [none]
1786860729.473 [STATE_CHANGE] LOSTLINE -> RECOVERY src=RECOVERY s=28.57 d=-0.73 vs=0.39
1786860729.793 [OBSTACLES] cur_s=28.61 cur_d=-0.71 vs=0.00 n=0 [none]
1786860730.296 [OBSTACLES] cur_s=28.61 cur_d=-0.72 vs=0.00 n=0 [none]
1786860730.811 [OBSTACLES] cur_s=28.49 cur_d=-0.73 vs=-0.85 n=0 [none]
1786860731.310 [STATE_CHANGE] RECOVERY -> LOSTLINE src=GB_TRACK s=28.02 d=-0.61 vs=-2.13
1786860731.422 [OBSTACLES] cur_s=27.88 cur_d=-0.57 vs=-1.91 n=0 [none]
1786860731.617 [STATE_CHANGE] LOSTLINE -> GB_TRACK src=GB_TRACK s=27.43 d=-0.28 vs=-1.70
1786860732.004 [OBSTACLES] cur_s=26.83 cur_d=-0.04 vs=-1.87 n=0 [none]
1786860732.276 [STATE_CHANGE] GB_TRACK -> LOSTLINE src=GB_TRACK s=26.25 d=0.29 vs=-1.95
1786860732.588 [OBSTACLES] cur_s=25.53 cur_d=0.41 vs=-2.62 n=0 [none]
1786860733.108 [OBSTACLES] cur_s=23.88 cur_d=0.32 vs=-2.48 n=0 [none]
1786860733.655 [OBSTACLES] cur_s=22.92 cur_d=0.49 vs=-1.40 n=0 [none]
1786860734.226 [OBSTACLES] cur_s=22.15 cur_d=0.61 vs=-1.12 n=0 [none]
1786860734.905 [OBSTACLES] cur_s=21.80 cur_d=0.69 vs=-0.00 n=0 [none]
1786860735.424 [OBSTACLES] cur_s=21.78 cur_d=0.69 vs=-0.00 n=0 [none]
1786860735.426 [STATE_CHANGE] LOSTLINE -> RECOVERY src=RECOVERY s=21.78 d=0.69 vs=-0.00
1786860735.942 [OBSTACLES] cur_s=21.78 cur_d=0.69 vs=-0.00 n=0 [none]
1786860736.451 [OBSTACLES] cur_s=21.79 cur_d=0.69 vs=-0.00 n=0 [none]
1786860737.009 [OBSTACLES] cur_s=21.78 cur_d=0.69 vs=-0.00 n=0 [none]
1786860737.614 [OBSTACLES] cur_s=21.78 cur_d=0.69 vs=-0.00 n=0 [none]
1786860738.120 [OBSTACLES] cur_s=21.80 cur_d=0.58 vs=-0.00 n=0 [none]
1786860738.642 [OBSTACLES] cur_s=21.79 cur_d=0.52 vs=-0.00 n=0 [none]
1786860739.249 [OBSTACLES] cur_s=21.81 cur_d=0.52 vs=-0.00 n=0 [none]
1786860739.761 [OBSTACLES] cur_s=21.80 cur_d=0.50 vs=-0.00 n=0 [none]
1786860740.363 [OBSTACLES] cur_s=21.55 cur_d=0.41 vs=-0.00 n=1 [id=70 static=1 gap=0.02m d=0.29 size=0.22]
1786860740.808 [STATIC_OT] state=RECOVERY path_exists=1 path_locked=0 path_ttl_ok=1 path_safe=0 on_spline=0 speed=-0.00 raw_wpnts=81 raw_age=0.75s decision=TRAILING reason=PATH_BLOCKED blocked_obs_id=70 gap=0.18m free_dist=-0.008m branch=dyn/nopred (id_mismatch or empty)
1786860740.809 [STATE_CHANGE] RECOVERY -> TRAILING src=RECOVERY s=21.54 d=0.66 vs=-0.00
1786860740.896 [OBSTACLES] cur_s=21.36 cur_d=0.66 vs=-0.00 n=0 [none]
1786860740.899 [STATE_CHANGE] TRAILING -> LOSTLINE src=GB_TRACK s=21.36 d=0.66 vs=-0.00
1786860741.054 [STATIC_OT] state=GB_TRACK path_exists=1 path_locked=0 path_ttl_ok=1 path_safe=0 on_spline=0 speed=-0.00 raw_wpnts=81 raw_age=0.66s decision=TRAILING reason=PATH_BLOCKED blocked_obs_id=70 gap=0.88m free_dist=-0.09m branch=dyn/nopred (id_mismatch or empty)
1786860741.071 [STATE_CHANGE] LOSTLINE -> TRAILING src=GB_TRACK s=20.91 d=0.79 vs=-0.00
1786860741.198 [STATE_CHANGE] TRAILING -> LOSTLINE src=GB_TRACK s=20.37 d=0.99 vs=-0.00
1786860741.402 [OBSTACLES] cur_s=20.14 cur_d=0.91 vs=0.00 n=0 [none]
1786860741.428 [STATIC_OT] state=GB_TRACK path_exists=1 path_locked=0 path_ttl_ok=0 path_safe=0 on_spline=0 speed=0.00 raw_wpnts=0 raw_age=-s decision=TRAILING reason=NO_STATIC_PATH
1786860741.441 [STATE_CHANGE] LOSTLINE -> TRAILING src=GB_TRACK s=20.14 d=0.91 vs=0.00
1786860741.487 [STATE_CHANGE] TRAILING -> LOSTLINE src=GB_TRACK s=20.08 d=0.94 vs=0.00
1786860741.561 [STATE_CHANGE] LOSTLINE -> TRAILING src=GB_TRACK s=19.99 d=0.95 vs=0.00
1786860741.617 [STATE_CHANGE] TRAILING -> LOSTLINE src=GB_TRACK s=19.98 d=0.96 vs=0.00
1786860741.711 [STATIC_OT] state=GB_TRACK path_exists=1 path_locked=0 path_ttl_ok=0 path_safe=0 on_spline=0 speed=0.00 raw_wpnts=0 raw_age=-s decision=TRAILING reason=NO_STATIC_PATH
1786860741.718 [STATE_CHANGE] LOSTLINE -> TRAILING src=GB_TRACK s=19.88 d=1.06 vs=0.00
1786860741.825 [STATE_CHANGE] TRAILING -> LOSTLINE src=GB_TRACK s=19.86 d=1.12 vs=0.00
1786860741.890 [STATE_CHANGE] LOSTLINE -> TRAILING src=GB_TRACK s=19.85 d=1.13 vs=0.00
1786860741.937 [OBSTACLES] cur_s=19.82 cur_d=1.16 vs=0.00 n=0 [none]
1786860741.944 [STATE_CHANGE] TRAILING -> LOSTLINE src=GB_TRACK s=19.82 d=1.16 vs=0.00
1786860742.032 [STATIC_OT] state=GB_TRACK path_exists=1 path_locked=0 path_ttl_ok=0 path_safe=0 on_spline=0 speed=0.00 raw_wpnts=0 raw_age=-s decision=TRAILING reason=NO_STATIC_PATH
1786860742.034 [STATE_CHANGE] LOSTLINE -> TRAILING src=GB_TRACK s=19.84 d=1.18 vs=0.00
1786860742.120 [STATE_CHANGE] TRAILING -> LOSTLINE src=GB_TRACK s=19.86 d=1.18 vs=0.00
1786860742.444 [OBSTACLES] cur_s=19.45 cur_d=1.24 vs=0.00 n=1 [id=70 static=0 gap=0.04m d=0.73 size=0.21]
1786860742.452 [STATIC_OT] state=GB_TRACK path_exists=1 path_locked=0 path_ttl_ok=0 path_safe=0 on_spline=0 speed=0.00 raw_wpnts=0 raw_age=-s decision=TRAILING reason=NO_STATIC_PATH
1786860742.453 [STATE_CHANGE] LOSTLINE -> TRAILING src=GB_TRACK s=19.45 d=1.24 vs=0.00
1786860742.524 [STATE_CHANGE] TRAILING -> LOSTLINE src=GB_TRACK s=19.15 d=1.27 vs=0.00
1786860743.024 [OBSTACLES] cur_s=19.93 cur_d=1.21 vs=0.00 n=0 [none]
1786860743.596 [OBSTACLES] cur_s=20.04 cur_d=1.16 vs=-0.00 n=0 [none]
1786860744.103 [OBSTACLES] cur_s=20.24 cur_d=1.00 vs=-0.00 n=0 [none]
1786860744.568 [STATIC_OT] state=GB_TRACK path_exists=0 path_locked=0 path_ttl_ok=0 path_safe=0 on_spline=0 speed=0.00 raw_wpnts=0 raw_age=-s decision=TRAILING reason=NO_STATIC_PATH
1786860744.569 [STATE_CHANGE] LOSTLINE -> TRAILING src=GB_TRACK s=20.10 d=0.94 vs=0.00
1786860744.635 [OBSTACLES] cur_s=20.04 cur_d=0.90 vs=0.00 n=1 [id=92 static=1 gap=0.33m d=0.88 size=0.18]
1786860744.789 [STATIC_OT] state=TRAILING path_exists=0 path_locked=0 path_ttl_ok=0 path_safe=0 on_spline=0 speed=0.00 raw_wpnts=0 raw_age=-s decision=TRAILING reason=NO_STATIC_PATH
1786860745.003 [STATIC_OT] state=TRAILING path_exists=0 path_locked=0 path_ttl_ok=0 path_safe=0 on_spline=0 speed=0.00 raw_wpnts=0 raw_age=-s decision=TRAILING reason=NO_STATIC_PATH
1786860745.154 [OBSTACLES] cur_s=19.97 cur_d=0.72 vs=0.00 n=1 [id=92 static=1 gap=0.20m d=0.85 size=0.39]
1786860745.243 [STATIC_OT] state=TRAILING path_exists=0 path_locked=0 path_ttl_ok=0 path_safe=0 on_spline=0 speed=0.00 raw_wpnts=0 raw_age=-s decision=TRAILING reason=NO_STATIC_PATH
1786860745.457 [STATIC_OT] state=TRAILING path_exists=0 path_locked=0 path_ttl_ok=0 path_safe=0 on_spline=0 speed=0.00 raw_wpnts=0 raw_age=-s decision=TRAILING reason=NO_STATIC_PATH
1786860745.789 [OBSTACLES] cur_s=19.66 cur_d=0.66 vs=0.00 n=1 [id=92 static=1 gap=0.48m d=0.83 size=0.39]
1786860745.812 [STATIC_OT] state=TRAILING path_exists=0 path_locked=0 path_ttl_ok=0 path_safe=0 on_spline=0 speed=0.00 raw_wpnts=0 raw_age=-s decision=TRAILING reason=NO_STATIC_PATH
1786860746.060 [STATIC_OT] state=TRAILING path_exists=0 path_locked=0 path_ttl_ok=0 path_safe=0 on_spline=0 speed=-0.00 raw_wpnts=0 raw_age=-s decision=TRAILING reason=NO_STATIC_PATH
1786860746.317 [OBSTACLES] cur_s=19.80 cur_d=0.52 vs=-0.00 n=1 [id=92 static=1 gap=0.27m d=0.80 size=0.43]
1786860746.330 [STATIC_OT] state=TRAILING path_exists=0 path_locked=0 path_ttl_ok=0 path_safe=0 on_spline=0 speed=-0.00 raw_wpnts=0 raw_age=-s decision=TRAILING reason=NO_STATIC_PATH
1786860746.475 [STATE_CHANGE] TRAILING -> RECOVERY src=RECOVERY s=20.30 d=0.75 vs=-0.00
1786860746.828 [OBSTACLES] cur_s=20.82 cur_d=0.97 vs=-0.00 n=0 [none]
1786860746.832 [STATE_CHANGE] RECOVERY -> LOSTLINE src=GB_TRACK s=20.82 d=0.97 vs=-0.00
1786860747.474 [OBSTACLES] cur_s=22.08 cur_d=0.88 vs=-0.00 n=0 [none]
1786860747.988 [OBSTACLES] cur_s=21.79 cur_d=0.86 vs=-0.00 n=0 [none]
1786860748.065 [STATE_CHANGE] LOSTLINE -> RECOVERY src=RECOVERY s=21.70 d=0.84 vs=-0.00
1786860748.574 [OBSTACLES] cur_s=21.68 cur_d=0.82 vs=-0.00 n=0 [none]
1786860749.137 [OBSTACLES] cur_s=21.00 cur_d=0.80 vs=-0.00 n=0 [none]
1786860749.138 [STATE_CHANGE] RECOVERY -> LOSTLINE src=GB_TRACK s=21.00 d=0.80 vs=-0.00
1786860749.706 [OBSTACLES] cur_s=19.96 cur_d=0.97 vs=-0.00 n=0 [none]
1786860750.234 [OBSTACLES] cur_s=19.89 cur_d=0.89 vs=0.00 n=0 [none]
1786860750.236 [STATE_CHANGE] LOSTLINE -> RECOVERY src=RECOVERY s=19.89 d=0.89 vs=0.00
1786860750.393 [STATIC_OT] state=RECOVERY path_exists=0 path_locked=0 path_ttl_ok=0 path_safe=0 on_spline=0 speed=0.00 raw_wpnts=0 raw_age=-s decision=TRAILING reason=NO_STATIC_PATH
1786860750.398 [STATE_CHANGE] RECOVERY -> TRAILING src=RECOVERY s=19.62 d=0.94 vs=0.00
1786860750.599 [STATIC_OT] state=TRAILING path_exists=0 path_locked=0 path_ttl_ok=0 path_safe=0 on_spline=0 speed=0.00 raw_wpnts=0 raw_age=-s decision=TRAILING reason=NO_STATIC_PATH
1786860750.741 [OBSTACLES] cur_s=19.09 cur_d=0.96 vs=0.00 n=4 [id=110 static=0 gap=2.71m d=0.03 size=0.38; id=92 static=0 gap=2.26m d=0.48 size=0.20; id=108 static=1 gap=3.32m d=-0.01 size=0.27; id=109 static=1 gap=2.52m d=0.52 size=0.38]
1786860750.817 [STATIC_OT] state=TRAILING path_exists=0 path_locked=0 path_ttl_ok=0 path_safe=0 on_spline=0 speed=0.00 raw_wpnts=0 raw_age=-s decision=TRAILING reason=NO_STATIC_PATH
1786860751.052 [STATIC_OT] state=TRAILING path_exists=1 path_locked=0 path_ttl_ok=1 path_safe=0 on_spline=1 speed=-0.00 raw_wpnts=83 raw_age=0.34s decision=TRAILING reason=PATH_BLOCKED blocked_obs_id=92 gap=8.62m free_dist=Nonem branch=dyn/nopred/beyond_path
1786860751.352 [OBSTACLES] cur_s=18.30 cur_d=0.76 vs=-0.00 n=2 [id=110 static=0 gap=1.97m d=0.87 size=0.25; id=92 static=0 gap=2.04m d=0.53 size=0.30]
1786860751.365 [STATIC_OT] state=TRAILING path_exists=1 path_locked=0 path_ttl_ok=0 path_safe=0 on_spline=0 speed=-0.00 raw_wpnts=0 raw_age=-s decision=TRAILING reason=NO_STATIC_PATH
1786860751.671 [STATIC_OT] state=TRAILING path_exists=1 path_locked=0 path_ttl_ok=0 path_safe=0 on_spline=0 speed=-0.00 raw_wpnts=0 raw_age=-s decision=TRAILING reason=NO_STATIC_PATH
1786860751.952 [OBSTACLES] cur_s=17.97 cur_d=0.72 vs=-0.00 n=1 [id=114 static=1 gap=0.14m d=0.76 size=0.34]
1786860751.960 [STATIC_OT] state=TRAILING path_exists=1 path_locked=0 path_ttl_ok=0 path_safe=0 on_spline=0 speed=-0.00 raw_wpnts=0 raw_age=-s decision=TRAILING reason=NO_STATIC_PATH
1786860752.163 [STATIC_OT] state=TRAILING path_exists=1 path_locked=0 path_ttl_ok=0 path_safe=0 on_spline=0 speed=-0.00 raw_wpnts=0 raw_age=-s decision=TRAILING reason=NO_STATIC_PATH
1786860752.460 [STATIC_OT] state=TRAILING path_exists=1 path_locked=0 path_ttl_ok=0 path_safe=0 on_spline=0 speed=-0.00 raw_wpnts=0 raw_age=-s decision=TRAILING reason=NO_STATIC_PATH
1786860752.581 [OBSTACLES] cur_s=18.25 cur_d=0.72 vs=-0.00 n=1 [id=110 static=1 gap=2.76m d=0.16 size=0.26]
1786860752.733 [STATIC_OT] state=TRAILING path_exists=1 path_locked=0 path_ttl_ok=0 path_safe=0 on_spline=0 speed=-0.00 raw_wpnts=0 raw_age=-s decision=TRAILING reason=NO_STATIC_PATH
1786860753.055 [STATIC_OT] state=TRAILING path_exists=1 path_locked=0 path_ttl_ok=0 path_safe=0 on_spline=0 speed=-0.00 raw_wpnts=0 raw_age=-s decision=TRAILING reason=NO_STATIC_PATH
1786860753.236 [OBSTACLES] cur_s=18.24 cur_d=0.71 vs=-0.00 n=1 [id=119 static=1 gap=2.10m d=0.71 size=0.41]
1786860753.253 [STATE_CHANGE] TRAILING -> OVERTAKE src=OVERTAKE s=18.24 d=0.71 vs=-0.00
1786860753.752 [OBSTACLES] cur_s=18.26 cur_d=0.70 vs=-0.00 n=2 [id=92 static=1 gap=2.89m d=0.19 size=0.25; id=119 static=1 gap=2.10m d=0.72 size=0.38]
1786860754.393 [OBSTACLES] cur_s=18.25 cur_d=0.70 vs=-0.00 n=2 [id=92 static=1 gap=2.89m d=0.18 size=0.25; id=119 static=1 gap=2.11m d=0.71 size=0.38]
1786860755.043 [OBSTACLES] cur_s=18.25 cur_d=0.71 vs=-0.00 n=2 [id=92 static=1 gap=2.90m d=0.18 size=0.25; id=119 static=1 gap=2.11m d=0.71 size=0.39]
1786860755.665 [OBSTACLES] cur_s=18.24 cur_d=0.72 vs=-0.00 n=2 [id=92 static=1 gap=2.90m d=0.18 size=0.26; id=119 static=1 gap=2.12m d=0.71 size=0.40]
1786860756.235 [OBSTACLES] cur_s=18.24 cur_d=0.73 vs=-0.00 n=2 [id=92 static=1 gap=2.90m d=0.17 size=0.25; id=119 static=1 gap=2.12m d=0.71 size=0.39]
1786860756.512 [STATIC_OT] state=OVERTAKE path_exists=1 path_locked=1 path_ttl_ok=1 path_safe=0 on_spline=1 speed=-0.00 raw_wpnts=81 raw_age=1.02s decision=TRAILING reason=PATH_BLOCKED blocked_obs_id=92 gap=3.02m free_dist=-0.099m branch=static/geom
1786860756.524 [STATE_CHANGE] OVERTAKE -> TRAILING src=GB_TRACK s=18.25 d=0.74 vs=-0.00
1786860756.715 [STATIC_OT] state=TRAILING path_exists=1 path_locked=0 path_ttl_ok=1 path_safe=0 on_spline=1 speed=-0.00 raw_wpnts=81 raw_age=1.06s decision=TRAILING reason=PATH_BLOCKED blocked_obs_id=92 gap=3.01m free_dist=-0.098m branch=static/geom
1786860756.941 [OBSTACLES] cur_s=18.25 cur_d=0.76 vs=-0.00 n=2 [id=92 static=1 gap=2.89m d=0.17 size=0.24; id=119 static=1 gap=2.10m d=0.72 size=0.40]
1786860756.952 [STATIC_OT] state=TRAILING path_exists=1 path_locked=0 path_ttl_ok=1 path_safe=0 on_spline=1 speed=-0.00 raw_wpnts=81 raw_age=1.12s decision=TRAILING reason=PATH_BLOCKED blocked_obs_id=92 gap=3.01m free_dist=-0.094m branch=static/geom
1786860757.249 [STATIC_OT] state=TRAILING path_exists=1 path_locked=0 path_ttl_ok=0 path_safe=0 on_spline=1 speed=-0.00 raw_wpnts=0 raw_age=-s decision=TRAILING reason=NO_STATIC_PATH
1786860757.542 [OBSTACLES] cur_s=18.24 cur_d=0.71 vs=-0.00 n=2 [id=92 static=1 gap=2.90m d=0.17 size=0.25; id=119 static=1 gap=2.12m d=0.72 size=0.38]
1786860757.551 [STATIC_OT] state=TRAILING path_exists=1 path_locked=0 path_ttl_ok=0 path_safe=0 on_spline=1 speed=-0.00 raw_wpnts=0 raw_age=-s decision=TRAILING reason=NO_STATIC_PATH
1786860757.987 [STATIC_OT] state=TRAILING path_exists=1 path_locked=0 path_ttl_ok=1 path_safe=0 on_spline=1 speed=-0.00 raw_wpnts=86 raw_age=1.02s decision=TRAILING reason=PATH_BLOCKED blocked_obs_id=119 gap=2.4m free_dist=-0.32m branch=static/geom
1786860758.206 [OBSTACLES] cur_s=18.09 cur_d=0.67 vs=-0.00 n=2 [id=92 static=1 gap=3.03m d=0.17 size=0.28; id=119 static=1 gap=2.25m d=0.71 size=0.41]
1786860758.229 [STATIC_OT] state=TRAILING path_exists=1 path_locked=0 path_ttl_ok=1 path_safe=0 on_spline=1 speed=-0.00 raw_wpnts=86 raw_age=0.75s decision=TRAILING reason=PATH_BLOCKED blocked_obs_id=119 gap=2.46m free_dist=-0.343m branch=static/geom
1786860758.480 [STATIC_OT] state=TRAILING path_exists=1 path_locked=0 path_ttl_ok=1 path_safe=0 on_spline=1 speed=-0.00 raw_wpnts=86 raw_age=0.71s decision=TRAILING reason=PATH_BLOCKED blocked_obs_id=119 gap=2.37m free_dist=-0.318m branch=static/geom
1786860758.669 [STATE_CHANGE] TRAILING -> OVERTAKE src=OVERTAKE s=18.05 d=0.73 vs=-0.00
1786860758.838 [OBSTACLES] cur_s=18.07 cur_d=0.76 vs=-0.00 n=3 [id=92 static=1 gap=3.06m d=0.17 size=0.24; id=119 static=1 gap=2.26m d=0.71 size=0.39; id=125 static=1 gap=1.63m d=0.85 size=0.38]
1786860759.402 [OBSTACLES] cur_s=18.18 cur_d=0.89 vs=-0.00 n=2 [id=92 static=1 gap=2.93m d=0.17 size=0.25; id=119 static=1 gap=2.14m d=0.72 size=0.40]
1786860759.942 [OBSTACLES] cur_s=18.28 cur_d=0.86 vs=-0.00 n=2 [id=92 static=1 gap=2.84m d=0.20 size=0.24; id=127 static=1 gap=3.92m d=0.80 size=0.39]
1786860760.511 [OBSTACLES] cur_s=18.53 cur_d=0.75 vs=-0.00 n=2 [id=92 static=1 gap=2.60m d=0.23 size=0.25; id=127 static=1 gap=3.67m d=0.80 size=0.41]
1786860761.163 [OBSTACLES] cur_s=18.64 cur_d=0.75 vs=-0.00 n=2 [id=127 static=1 gap=3.74m d=0.80 size=0.20; id=129 static=1 gap=2.71m d=0.74 size=0.26]
1786860761.668 [OBSTACLES] cur_s=18.20 cur_d=0.79 vs=-0.00 n=2 [id=127 static=0 gap=4.28m d=0.77 size=0.22; id=129 static=1 gap=3.22m d=0.71 size=0.27]
1786860762.172 [OBSTACLES] cur_s=18.00 cur_d=0.79 vs=0.00 n=2 [id=127 static=0 gap=4.07m d=0.73 size=0.30; id=129 static=1 gap=3.38m d=0.73 size=0.24]
1786860762.396 [STATIC_OT] state=OVERTAKE path_exists=1 path_locked=1 path_ttl_ok=0 path_safe=0 on_spline=1 speed=0.00 raw_wpnts=0 raw_age=-s decision=TRAILING reason=NO_STATIC_PATH
1786860762.396 [STATE_CHANGE] OVERTAKE -> TRAILING src=GB_TRACK s=17.97 d=0.81 vs=0.00
1786860762.637 [STATIC_OT] state=TRAILING path_exists=0 path_locked=0 path_ttl_ok=0 path_safe=0 on_spline=0 speed=0.00 raw_wpnts=0 raw_age=-s decision=TRAILING reason=NO_STATIC_PATH
1786860762.726 [OBSTACLES] cur_s=17.80 cur_d=0.76 vs=0.00 n=2 [id=129 static=0 gap=3.01m d=0.31 size=0.25; id=136 static=1 gap=0.81m d=0.64 size=0.19]
1786860762.960 [STATIC_OT] state=TRAILING path_exists=0 path_locked=0 path_ttl_ok=0 path_safe=0 on_spline=0 speed=0.00 raw_wpnts=0 raw_age=-s decision=TRAILING reason=NO_STATIC_PATH
1786860763.193 [STATIC_OT] state=TRAILING path_exists=0 path_locked=0 path_ttl_ok=0 path_safe=0 on_spline=0 speed=0.00 raw_wpnts=0 raw_age=-s decision=TRAILING reason=NO_STATIC_PATH
1786860763.273 [OBSTACLES] cur_s=17.84 cur_d=0.80 vs=0.00 n=4 [id=129 static=1 gap=3.31m d=0.55 size=0.23; id=136 static=1 gap=0.70m d=0.59 size=0.19; id=139 static=1 gap=1.59m d=0.78 size=0.37; id=140 static=1 gap=1.98m d=0.82 size=0.35]
1786860763.459 [STATIC_OT] state=TRAILING path_exists=0 path_locked=0 path_ttl_ok=0 path_safe=0 on_spline=0 speed=0.00 raw_wpnts=0 raw_age=-s decision=TRAILING reason=NO_STATIC_PATH
1786860763.660 [STATIC_OT] state=TRAILING path_exists=0 path_locked=0 path_ttl_ok=0 path_safe=0 on_spline=0 speed=0.00 raw_wpnts=0 raw_age=-s decision=TRAILING reason=NO_STATIC_PATH
1786860763.814 [OBSTACLES] cur_s=17.35 cur_d=0.57 vs=0.00 n=4 [id=136 static=1 gap=1.14m d=0.58 size=0.22; id=139 static=1 gap=2.08m d=0.79 size=0.33; id=140 static=1 gap=2.50m d=0.68 size=0.37; id=141 static=1 gap=3.22m d=-0.07 size=0.32]
1786860763.882 [STATIC_OT] state=TRAILING path_exists=0 path_locked=0 path_ttl_ok=0 path_safe=0 on_spline=0 speed=0.00 raw_wpnts=0 raw_age=-s decision=TRAILING reason=NO_STATIC_PATH
1786860764.093 [STATIC_OT] state=TRAILING path_exists=0 path_locked=0 path_ttl_ok=0 path_safe=0 on_spline=0 speed=0.00 raw_wpnts=0 raw_age=-s decision=TRAILING reason=NO_STATIC_PATH
1786860764.317 [STATIC_OT] state=TRAILING path_exists=0 path_locked=0 path_ttl_ok=0 path_safe=0 on_spline=0 speed=0.00 raw_wpnts=0 raw_age=-s decision=TRAILING reason=NO_STATIC_PATH
1786860764.362 [OBSTACLES] cur_s=17.49 cur_d=0.66 vs=0.00 n=7 [id=141 static=0 gap=2.78m d=-0.02 size=0.24; id=136 static=0 gap=1.56m d=0.76 size=0.36; id=139 static=1 gap=1.92m d=0.76 size=0.36; id=143 static=1 gap=3.83m d=-0.22 size=0.36; id=144 static=1 gap=1.45m d=0.72 size=0.33; id=145 static=1 gap=11.73m d=-1.00 size=0.33; id=146 static=1 gap=0.48m d=0.39 size=0.22]
1786860764.594 [STATIC_OT] state=TRAILING path_exists=0 path_locked=0 path_ttl_ok=0 path_safe=0 on_spline=0 speed=0.00 raw_wpnts=0 raw_age=-s decision=TRAILING reason=NO_STATIC_PATH
1786860764.822 [STATIC_OT] state=TRAILING path_exists=1 path_locked=0 path_ttl_ok=1 path_safe=1 on_spline=1 speed=0.00 raw_wpnts=81 raw_age=0.66s decision=OVERTAKE
1786860764.823 [STATE_CHANGE] TRAILING -> OVERTAKE src=OVERTAKE s=17.43 d=0.64 vs=0.00
1786860764.910 [OBSTACLES] cur_s=17.47 cur_d=0.66 vs=0.00 n=5 [id=129 static=0 gap=0.55m d=0.42 size=0.22; id=136 static=0 gap=0.51m d=0.39 size=0.22; id=141 static=1 gap=2.72m d=-0.22 size=0.23; id=139 static=1 gap=1.90m d=0.76 size=0.37; id=144 static=1 gap=1.49m d=0.73 size=0.36]
1786860764.949 [STATE_CHANGE] OVERTAKE -> TRAILING src=GB_TRACK s=17.47 d=0.66 vs=0.00
1786860765.081 [STATIC_OT] state=TRAILING path_exists=1 path_locked=0 path_ttl_ok=1 path_safe=0 on_spline=1 speed=0.00 raw_wpnts=81 raw_age=0.65s decision=TRAILING reason=PATH_BLOCKED blocked_obs_id=136 gap=0.52m free_dist=-0.045m branch=dyn/nopred (id_mismatch or empty)
1786860765.303 [STATIC_OT] state=TRAILING path_exists=1 path_locked=0 path_ttl_ok=0 path_safe=0 on_spline=1 speed=0.00 raw_wpnts=0 raw_age=-s decision=TRAILING reason=NO_STATIC_PATH
1786860765.437 [OBSTACLES] cur_s=17.50 cur_d=0.68 vs=0.00 n=5 [id=129 static=0 gap=2.73m d=-0.21 size=0.24; id=136 static=0 gap=0.57m d=0.42 size=0.22; id=139 static=0 gap=1.58m d=0.70 size=0.36; id=144 static=0 gap=1.99m d=0.85 size=0.37; id=141 static=1 gap=2.69m d=-0.21 size=0.26]
1786860765.517 [STATIC_OT] state=TRAILING path_exists=1 path_locked=0 path_ttl_ok=0 path_safe=0 on_spline=1 speed=0.00 raw_wpnts=0 raw_age=-s decision=TRAILING reason=NO_STATIC_PATH
1786860765.782 [STATIC_OT] state=TRAILING path_exists=1 path_locked=0 path_ttl_ok=1 path_safe=0 on_spline=1 speed=0.00 raw_wpnts=84 raw_age=0.81s decision=TRAILING reason=PATH_BLOCKED blocked_obs_id=136 gap=0.68m free_dist=-0.036m branch=static/geom
1786860765.964 [OBSTACLES] cur_s=17.49 cur_d=0.66 vs=0.00 n=3 [id=144 static=0 gap=2.01m d=0.76 size=0.36; id=136 static=1 gap=0.58m d=0.44 size=0.22; id=141 static=1 gap=2.70m d=-0.22 size=0.29]
1786860766.062 [STATIC_OT] state=TRAILING path_exists=1 path_locked=0 path_ttl_ok=0 path_safe=0 on_spline=1 speed=0.00 raw_wpnts=0 raw_age=-s decision=TRAILING reason=NO_STATIC_PATH
1786860766.298 [STATIC_OT] state=TRAILING path_exists=1 path_locked=0 path_ttl_ok=1 path_safe=0 on_spline=1 speed=0.00 raw_wpnts=81 raw_age=0.51s decision=TRAILING reason=PATH_BLOCKED blocked_obs_id=141 gap=2.84m free_dist=-0.056m branch=static/geom
1786860766.550 [OBSTACLES] cur_s=17.50 cur_d=0.66 vs=0.00 n=4 [id=139 static=0 gap=1.55m d=0.72 size=0.36; id=144 static=0 gap=1.99m d=0.83 size=0.36; id=136 static=1 gap=0.57m d=0.43 size=0.22; id=141 static=1 gap=2.72m d=-0.22 size=0.25]
1786860766.558 [STATIC_OT] state=TRAILING path_exists=1 path_locked=0 path_ttl_ok=0 path_safe=0 on_spline=1 speed=0.00 raw_wpnts=0 raw_age=-s decision=TRAILING reason=NO_STATIC_PATH
1786860766.799 [STATIC_OT] state=TRAILING path_exists=1 path_locked=0 path_ttl_ok=0 path_safe=0 on_spline=1 speed=0.00 raw_wpnts=0 raw_age=-s decision=TRAILING reason=NO_STATIC_PATH
1786860767.037 [STATIC_OT] state=TRAILING path_exists=1 path_locked=0 path_ttl_ok=0 path_safe=0 on_spline=1 speed=0.00 raw_wpnts=0 raw_age=-s decision=TRAILING reason=NO_STATIC_PATH
1786860767.094 [OBSTACLES] cur_s=17.48 cur_d=0.65 vs=0.00 n=4 [id=139 static=0 gap=2.76m d=-0.19 size=0.23; id=144 static=0 gap=1.57m d=0.76 size=0.36; id=136 static=1 gap=0.59m d=0.43 size=0.22; id=141 static=1 gap=2.74m d=-0.22 size=0.26]
1786860767.280 [STATIC_OT] state=TRAILING path_exists=1 path_locked=0 path_ttl_ok=0 path_safe=0 on_spline=1 speed=0.00 raw_wpnts=0 raw_age=-s decision=TRAILING reason=NO_STATIC_PATH
1786860767.518 [STATIC_OT] state=TRAILING path_exists=1 path_locked=0 path_ttl_ok=1 path_safe=0 on_spline=1 speed=0.00 raw_wpnts=81 raw_age=0.47s decision=TRAILING reason=PATH_BLOCKED blocked_obs_id=141 gap=2.83m free_dist=-0.069m branch=static/geom
1786860767.608 [OBSTACLES] cur_s=17.51 cur_d=0.72 vs=0.00 n=4 [id=139 static=0 gap=0.57m d=0.48 size=0.22; id=149 static=0 gap=2.07m d=0.81 size=0.36; id=136 static=1 gap=0.55m d=0.43 size=0.22; id=141 static=1 gap=2.68m d=-0.22 size=0.30]
1786860767.737 [STATIC_OT] state=TRAILING path_exists=1 path_locked=0 path_ttl_ok=0 path_safe=0 on_spline=1 speed=0.00 raw_wpnts=0 raw_age=-s decision=TRAILING reason=NO_STATIC_PATH
1786860767.938 [STATIC_OT] state=TRAILING path_exists=1 path_locked=0 path_ttl_ok=0 path_safe=0 on_spline=1 speed=0.00 raw_wpnts=0 raw_age=-s decision=TRAILING reason=NO_STATIC_PATH
1786860768.133 [OBSTACLES] cur_s=17.51 cur_d=0.71 vs=0.00 n=4 [id=149 static=0 gap=2.11m d=0.76 size=0.36; id=144 static=0 gap=1.46m d=0.75 size=0.32; id=139 static=1 gap=0.56m d=0.45 size=0.22; id=141 static=1 gap=2.70m d=-0.23 size=0.30]
1786860768.141 [STATIC_OT] state=TRAILING path_exists=1 path_locked=0 path_ttl_ok=1 path_safe=0 on_spline=1 speed=0.00 raw_wpnts=84 raw_age=0.49s decision=TRAILING reason=PATH_BLOCKED blocked_obs_id=144 gap=1.62m free_dist=-0.085m branch=dyn/nopred (id_mismatch or empty)
1786860768.365 [STATIC_OT] state=TRAILING path_exists=1 path_locked=0 path_ttl_ok=1 path_safe=0 on_spline=1 speed=0.00 raw_wpnts=84 raw_age=0.56s decision=TRAILING reason=PATH_BLOCKED blocked_obs_id=139 gap=0.67m free_dist=-0.028m branch=static/geom
1786860768.590 [STATIC_OT] state=TRAILING path_exists=1 path_locked=0 path_ttl_ok=1 path_safe=0 on_spline=1 speed=0.00 raw_wpnts=84 raw_age=0.61s decision=TRAILING reason=PATH_BLOCKED blocked_obs_id=150 gap=1.66m free_dist=-0.123m branch=static/geom
1786860768.659 [OBSTACLES] cur_s=17.51 cur_d=0.69 vs=0.00 n=5 [id=144 static=0 gap=0.58m d=0.43 size=0.22; id=149 static=0 gap=2.00m d=0.75 size=0.30; id=139 static=1 gap=0.57m d=0.46 size=0.22; id=141 static=1 gap=2.68m d=-0.23 size=0.34; id=150 static=1 gap=1.51m d=0.75 size=0.36]
1786860768.794 [STATIC_OT] state=TRAILING path_exists=1 path_locked=0 path_ttl_ok=0 path_safe=0 on_spline=1 speed=0.00 raw_wpnts=0 raw_age=-s decision=TRAILING reason=NO_STATIC_PATH
1786860769.036 [STATIC_OT] state=TRAILING path_exists=1 path_locked=0 path_ttl_ok=0 path_safe=0 on_spline=1 speed=0.00 raw_wpnts=0 raw_age=-s decision=TRAILING reason=NO_STATIC_PATH
1786860769.239 [OBSTACLES] cur_s=17.48 cur_d=0.67 vs=0.00 n=2 [id=139 static=1 gap=0.59m d=0.45 size=0.22; id=141 static=1 gap=2.71m d=-0.23 size=0.34]
1786860769.254 [STATIC_OT] state=TRAILING path_exists=1 path_locked=0 path_ttl_ok=0 path_safe=0 on_spline=1 speed=0.00 raw_wpnts=0 raw_age=-s decision=TRAILING reason=NO_STATIC_PATH
1786860769.500 [STATIC_OT] state=TRAILING path_exists=1 path_locked=0 path_ttl_ok=0 path_safe=0 on_spline=1 speed=0.00 raw_wpnts=0 raw_age=-s decision=TRAILING reason=NO_STATIC_PATH
1786860769.705 [STATIC_OT] state=TRAILING path_exists=1 path_locked=0 path_ttl_ok=0 path_safe=0 on_spline=1 speed=0.00 raw_wpnts=0 raw_age=-s decision=TRAILING reason=NO_STATIC_PATH
1786860769.754 [OBSTACLES] cur_s=17.50 cur_d=0.65 vs=0.00 n=4 [id=144 static=0 gap=2.30m d=0.84 size=0.37; id=149 static=0 gap=1.50m d=0.71 size=0.38; id=139 static=1 gap=0.56m d=0.45 size=0.22; id=141 static=1 gap=2.67m d=-0.22 size=0.37]
1786860769.933 [STATIC_OT] state=TRAILING path_exists=1 path_locked=0 path_ttl_ok=0 path_safe=0 on_spline=1 speed=0.00 raw_wpnts=0 raw_age=-s decision=TRAILING reason=NO_STATIC_PATH
1786860770.151 [STATIC_OT] state=TRAILING path_exists=1 path_locked=0 path_ttl_ok=0 path_safe=0 on_spline=1 speed=0.00 raw_wpnts=0 raw_age=-s decision=TRAILING reason=NO_STATIC_PATH
1786860770.292 [OBSTACLES] cur_s=17.10 cur_d=0.48 vs=0.00 n=2 [id=144 static=0 gap=1.86m d=0.64 size=0.38; id=139 static=1 gap=0.96m d=0.44 size=0.22]
1786860770.389 [STATIC_OT] state=TRAILING path_exists=1 path_locked=0 path_ttl_ok=0 path_safe=0 on_spline=1 speed=0.00 raw_wpnts=0 raw_age=-s decision=TRAILING reason=NO_STATIC_PATH
1786860770.645 [STATIC_OT] state=TRAILING path_exists=1 path_locked=0 path_ttl_ok=1 path_safe=0 on_spline=1 speed=0.00 raw_wpnts=81 raw_age=0.61s decision=TRAILING reason=PATH_BLOCKED blocked_obs_id=153 gap=4.07m free_dist=-0.045m branch=static/geom
1786860770.827 [OBSTACLES] cur_s=17.04 cur_d=0.45 vs=0.00 n=2 [id=144 static=0 gap=2.03m d=0.78 size=0.38; id=153 static=1 gap=3.90m d=-0.26 size=0.32]
1786860770.948 [STATIC_OT] state=TRAILING path_exists=1 path_locked=0 path_ttl_ok=0 path_safe=0 on_spline=1 speed=0.00 raw_wpnts=0 raw_age=-s decision=TRAILING reason=NO_STATIC_PATH
1786860771.151 [STATE_CHANGE] TRAILING -> LOSTLINE src=GB_TRACK s=17.04 d=0.45 vs=0.00
1786860771.333 [STATIC_OT] state=GB_TRACK path_exists=1 path_locked=0 path_ttl_ok=0 path_safe=0 on_spline=1 speed=0.00 raw_wpnts=0 raw_age=-s decision=TRAILING reason=NO_STATIC_PATH
1786860771.334 [STATE_CHANGE] LOSTLINE -> TRAILING src=GB_TRACK s=17.09 d=0.47 vs=0.00
1786860771.391 [OBSTACLES] cur_s=17.07 cur_d=0.46 vs=0.00 n=2 [id=144 static=0 gap=1.30m d=0.68 size=0.34; id=156 static=1 gap=2.03m d=0.81 size=0.37]
1786860771.567 [STATIC_OT] state=TRAILING path_exists=1 path_locked=0 path_ttl_ok=0 path_safe=0 on_spline=1 speed=0.00 raw_wpnts=0 raw_age=-s decision=TRAILING reason=NO_STATIC_PATH
1786860771.823 [STATIC_OT] state=TRAILING path_exists=1 path_locked=0 path_ttl_ok=0 path_safe=0 on_spline=1 speed=0.00 raw_wpnts=0 raw_age=-s decision=TRAILING reason=NO_STATIC_PATH
1786860771.930 [OBSTACLES] cur_s=16.95 cur_d=0.46 vs=0.00 n=3 [id=144 static=0 gap=1.66m d=0.71 size=0.38; id=156 static=0 gap=2.13m d=0.84 size=0.38; id=155 static=1 gap=0.70m d=0.32 size=0.22]
1786860772.022 [STATE_CHANGE] TRAILING -> OVERTAKE src=OVERTAKE s=17.00 d=0.46 vs=0.00
1786860772.084 [STATIC_OT] state=OVERTAKE path_exists=1 path_locked=1 path_ttl_ok=1 path_safe=0 on_spline=1 speed=0.00 raw_wpnts=81 raw_age=0.75s decision=TRAILING reason=PATH_BLOCKED blocked_obs_id=156 gap=2.27m free_dist=0.019m branch=dyn/nopred (id_mismatch or empty)
1786860772.088 [STATE_CHANGE] OVERTAKE -> TRAILING src=GB_TRACK s=17.03 d=0.46 vs=0.00
1786860772.185 [STATE_CHANGE] TRAILING -> OVERTAKE src=OVERTAKE s=16.93 d=0.46 vs=0.00
1786860772.578 [OBSTACLES] cur_s=16.92 cur_d=0.46 vs=0.00 n=2 [id=156 static=0 gap=2.19m d=0.58 size=0.36; id=155 static=1 gap=0.69m d=0.33 size=0.22]
1786860773.132 [OBSTACLES] cur_s=17.00 cur_d=0.42 vs=0.00 n=2 [id=144 static=1 gap=1.61m d=0.75 size=0.36; id=155 static=1 gap=0.58m d=0.33 size=0.22]
1786860773.648 [OBSTACLES] cur_s=17.06 cur_d=0.45 vs=0.00 n=2 [id=144 static=1 gap=1.55m d=0.75 size=0.37; id=155 static=1 gap=0.53m d=0.33 size=0.22]
1786860774.177 [OBSTACLES] cur_s=17.03 cur_d=0.44 vs=0.00 n=2 [id=144 static=0 gap=1.57m d=0.72 size=0.37; id=155 static=1 gap=0.57m d=0.32 size=0.22]
1786860774.706 [OBSTACLES] cur_s=17.05 cur_d=0.46 vs=0.00 n=2 [id=156 static=0 gap=2.00m d=0.80 size=0.37; id=155 static=1 gap=0.55m d=0.32 size=0.22]
1786860775.246 [OBSTACLES] cur_s=17.03 cur_d=0.47 vs=0.00 n=3 [id=144 static=0 gap=1.64m d=0.71 size=0.38; id=156 static=1 gap=2.06m d=0.83 size=0.32; id=155 static=1 gap=0.58m d=0.32 size=0.22]
1786860775.752 [OBSTACLES] cur_s=17.42 cur_d=0.61 vs=0.00 n=3 [id=155 static=0 gap=0.59m d=0.40 size=0.22; id=144 static=1 gap=1.27m d=0.73 size=0.35; id=156 static=1 gap=1.75m d=0.81 size=0.36]
1786860776.397 [OBSTACLES] cur_s=17.44 cur_d=0.63 vs=0.00 n=3 [id=144 static=0 gap=2.16m d=0.80 size=0.37; id=156 static=0 gap=1.55m d=0.73 size=0.37; id=155 static=1 gap=0.59m d=0.41 size=0.22]
1786860776.985 [OBSTACLES] cur_s=17.46 cur_d=0.63 vs=0.00 n=2 [id=155 static=1 gap=0.57m d=0.41 size=0.23; id=162 static=1 gap=1.54m d=0.75 size=0.37]
1786860777.507 [OBSTACLES] cur_s=17.50 cur_d=0.69 vs=0.00 n=3 [id=144 static=0 gap=1.58m d=0.73 size=0.37; id=156 static=1 gap=1.96m d=0.77 size=0.35; id=155 static=1 gap=0.53m d=0.42 size=0.23]
1786860778.069 [OBSTACLES] cur_s=17.44 cur_d=0.65 vs=0.00 n=3 [id=144 static=1 gap=1.53m d=0.74 size=0.37; id=156 static=1 gap=2.06m d=0.76 size=0.32; id=155 static=1 gap=0.60m d=0.43 size=0.22]
1786860778.526 [STATIC_OT] state=OVERTAKE path_exists=1 path_locked=1 path_ttl_ok=1 path_safe=0 on_spline=1 speed=0.00 raw_wpnts=81 raw_age=0.85s decision=TRAILING reason=PATH_BLOCKED blocked_obs_id=163 gap=3.03m free_dist=-0.34m branch=static/geom
1786860778.541 [STATE_CHANGE] OVERTAKE -> TRAILING src=GB_TRACK s=17.44 d=0.64 vs=0.00
1786860778.682 [OBSTACLES] cur_s=17.44 cur_d=0.64 vs=0.00 n=4 [id=144 static=1 gap=1.53m d=0.75 size=0.38; id=156 static=1 gap=2.04m d=0.76 size=0.31; id=155 static=1 gap=0.59m d=0.43 size=0.22; id=163 static=1 gap=2.78m d=-0.10 size=0.44]
1786860779.090 [STATIC_OT] state=TRAILING path_exists=1 path_locked=0 path_ttl_ok=1 path_safe=1 on_spline=1 speed=0.00 raw_wpnts=81 raw_age=0.62s decision=OVERTAKE
1786860779.096 [STATE_CHANGE] TRAILING -> OVERTAKE src=OVERTAKE s=17.43 d=0.65 vs=0.00
1786860779.253 [OBSTACLES] cur_s=17.50 cur_d=0.69 vs=0.00 n=3 [id=144 static=1 gap=1.47m d=0.75 size=0.39; id=156 static=1 gap=1.93m d=0.78 size=0.37; id=155 static=1 gap=0.53m d=0.43 size=0.22]
1786860779.677 [STATIC_OT] state=OVERTAKE path_exists=1 path_locked=1 path_ttl_ok=1 path_safe=0 on_spline=1 speed=0.00 raw_wpnts=81 raw_age=0.82s decision=TRAILING reason=PATH_BLOCKED blocked_obs_id=165 gap=3.06m free_dist=-0.342m branch=static/geom
1786860779.701 [STATE_CHANGE] OVERTAKE -> TRAILING src=GB_TRACK s=17.49 d=0.66 vs=0.00
1786860779.782 [OBSTACLES] cur_s=17.49 cur_d=0.67 vs=0.00 n=4 [id=144 static=1 gap=1.50m d=0.75 size=0.38; id=156 static=1 gap=1.94m d=0.79 size=0.37; id=155 static=1 gap=0.54m d=0.43 size=0.22; id=165 static=1 gap=2.83m d=0.02 size=0.44]
1786860779.902 [STATIC_OT] state=TRAILING path_exists=1 path_locked=0 path_ttl_ok=1 path_safe=0 on_spline=1 speed=0.00 raw_wpnts=81 raw_age=0.89s decision=TRAILING reason=PATH_BLOCKED blocked_obs_id=165 gap=3.06m free_dist=-0.349m branch=static/geom
1786860780.199 [STATIC_OT] state=TRAILING path_exists=1 path_locked=0 path_ttl_ok=1 path_safe=0 on_spline=1 speed=0.00 raw_wpnts=81 raw_age=0.83s decision=TRAILING reason=PATH_BLOCKED blocked_obs_id=165 gap=3.05m free_dist=-0.306m branch=static/geom
1786860780.315 [OBSTACLES] cur_s=17.58 cur_d=0.70 vs=0.00 n=4 [id=144 static=1 gap=1.40m d=0.75 size=0.44; id=156 static=1 gap=1.85m d=0.79 size=0.40; id=155 static=1 gap=0.46m d=0.43 size=0.22; id=165 static=1 gap=2.76m d=0.01 size=0.35]
1786860780.453 [STATIC_OT] state=TRAILING path_exists=1 path_locked=0 path_ttl_ok=1 path_safe=0 on_spline=1 speed=0.00 raw_wpnts=81 raw_age=0.71s decision=TRAILING reason=PATH_BLOCKED blocked_obs_id=165 gap=2.93m free_dist=-0.354m branch=static/geom
1786860780.712 [STATIC_OT] state=TRAILING path_exists=1 path_locked=0 path_ttl_ok=0 path_safe=0 on_spline=1 speed=0.00 raw_wpnts=0 raw_age=-s decision=TRAILING reason=NO_STATIC_PATH
1786860780.819 [OBSTACLES] cur_s=17.87 cur_d=0.75 vs=0.00 n=3 [id=144 static=1 gap=1.17m d=0.75 size=0.37; id=155 static=1 gap=0.19m d=0.44 size=0.21; id=165 static=1 gap=2.54m d=0.01 size=0.35]
1786860780.956 [STATIC_OT] state=TRAILING path_exists=1 path_locked=0 path_ttl_ok=0 path_safe=0 on_spline=1 speed=0.00 raw_wpnts=0 raw_age=-s decision=TRAILING reason=NO_STATIC_PATH
1786860781.278 [STATIC_OT] state=TRAILING path_exists=1 path_locked=0 path_ttl_ok=1 path_safe=0 on_spline=1 speed=0.00 raw_wpnts=83 raw_age=0.77s decision=TRAILING reason=PATH_BLOCKED blocked_obs_id=144 gap=1.63m free_dist=-0.278m branch=dyn/nopred (id_mismatch or empty)
1786860781.440 [OBSTACLES] cur_s=17.85 cur_d=0.74 vs=0.00 n=4 [id=144 static=0 gap=1.50m d=0.71 size=0.35; id=155 static=1 gap=0.53m d=0.46 size=0.22; id=166 static=1 gap=1.91m d=0.81 size=0.37; id=165 static=1 gap=2.61m d=0.01 size=0.44]
1786860781.583 [STATIC_OT] state=TRAILING path_exists=1 path_locked=0 path_ttl_ok=1 path_safe=0 on_spline=1 speed=0.00 raw_wpnts=89 raw_age=0.53s decision=TRAILING reason=PATH_BLOCKED blocked_obs_id=167 gap=1.67m free_dist=-0.239m branch=static/geom
1786860781.806 [STATIC_OT] state=TRAILING path_exists=1 path_locked=0 path_ttl_ok=0 path_safe=0 on_spline=1 speed=0.00 raw_wpnts=0 raw_age=-s decision=TRAILING reason=NO_STATIC_PATH
1786860782.030 [OBSTACLES] cur_s=17.81 cur_d=0.73 vs=0.00 n=3 [id=144 static=0 gap=0.55m d=0.43 size=0.22; id=166 static=1 gap=1.91m d=0.81 size=0.37; id=167 static=1 gap=1.50m d=0.76 size=0.38]
1786860782.035 [STATIC_OT] state=TRAILING path_exists=1 path_locked=0 path_ttl_ok=0 path_safe=0 on_spline=1 speed=0.00 raw_wpnts=0 raw_age=-s decision=TRAILING reason=NO_STATIC_PATH
1786860782.322 [STATIC_OT] state=TRAILING path_exists=1 path_locked=0 path_ttl_ok=0 path_safe=0 on_spline=1 speed=0.00 raw_wpnts=0 raw_age=-s decision=TRAILING reason=NO_STATIC_PATH
1786860782.559 [OBSTACLES] cur_s=17.92 cur_d=0.75 vs=0.00 n=4 [id=144 static=0 gap=1.47m d=0.72 size=0.37; id=166 static=1 gap=1.81m d=0.82 size=0.37; id=167 static=1 gap=1.38m d=0.76 size=0.39; id=169 static=1 gap=0.50m d=0.47 size=0.22]
1786860782.562 [STATIC_OT] state=TRAILING path_exists=1 path_locked=0 path_ttl_ok=0 path_safe=0 on_spline=1 speed=0.00 raw_wpnts=0 raw_age=-s decision=TRAILING reason=NO_STATIC_PATH
1786860782.785 [STATIC_OT] state=TRAILING path_exists=1 path_locked=0 path_ttl_ok=0 path_safe=0 on_spline=1 speed=0.00 raw_wpnts=0 raw_age=-s decision=TRAILING reason=NO_STATIC_PATH
1786860783.012 [STATIC_OT] state=TRAILING path_exists=1 path_locked=0 path_ttl_ok=0 path_safe=0 on_spline=1 speed=0.00 raw_wpnts=0 raw_age=-s decision=TRAILING reason=NO_STATIC_PATH
1786860783.097 [OBSTACLES] cur_s=17.52 cur_d=0.64 vs=0.00 n=3 [id=144 static=0 gap=1.82m d=0.70 size=0.36; id=166 static=1 gap=2.22m d=0.82 size=0.36; id=169 static=1 gap=0.91m d=0.47 size=0.22]
1786860783.246 [STATIC_OT] state=TRAILING path_exists=1 path_locked=0 path_ttl_ok=0 path_safe=0 on_spline=1 speed=0.00 raw_wpnts=0 raw_age=-s decision=TRAILING reason=NO_STATIC_PATH
1786860783.519 [STATIC_OT] state=TRAILING path_exists=1 path_locked=0 path_ttl_ok=0 path_safe=0 on_spline=1 speed=0.00 raw_wpnts=0 raw_age=-s decision=TRAILING reason=NO_STATIC_PATH
1786860783.663 [OBSTACLES] cur_s=17.52 cur_d=0.66 vs=0.00 n=3 [id=144 static=1 gap=1.84m d=0.75 size=0.30; id=166 static=1 gap=2.22m d=0.82 size=0.34; id=169 static=1 gap=0.83m d=0.46 size=0.22]
1786860783.732 [STATIC_OT] state=TRAILING path_exists=0 path_locked=0 path_ttl_ok=0 path_safe=0 on_spline=0 speed=0.00 raw_wpnts=0 raw_age=-s decision=TRAILING reason=NO_STATIC_PATH
1786860783.999 [STATIC_OT] state=TRAILING path_exists=1 path_locked=0 path_ttl_ok=1 path_safe=0 on_spline=1 speed=0.00 raw_wpnts=81 raw_age=0.70s decision=TRAILING reason=PATH_BLOCKED blocked_obs_id=170 gap=1.77m free_dist=0.047m branch=static/geom
1786860784.201 [OBSTACLES] cur_s=17.34 cur_d=0.57 vs=0.00 n=4 [id=144 static=1 gap=2.00m d=0.77 size=0.32; id=166 static=1 gap=2.37m d=0.82 size=0.37; id=169 static=1 gap=0.93m d=0.45 size=0.22; id=170 static=1 gap=1.67m d=0.76 size=0.39]
1786860784.209 [STATIC_OT] state=TRAILING path_exists=1 path_locked=0 path_ttl_ok=1 path_safe=1 on_spline=1 speed=0.00 raw_wpnts=81 raw_age=0.74s decision=OVERTAKE
1786860784.209 [STATE_CHANGE] TRAILING -> OVERTAKE src=OVERTAKE s=17.34 d=0.57 vs=0.00
1786860784.320 [STATE_CHANGE] OVERTAKE -> TRAILING src=GB_TRACK s=17.33 d=0.57 vs=0.00
1786860784.415 [STATIC_OT] state=TRAILING path_exists=1 path_locked=0 path_ttl_ok=1 path_safe=0 on_spline=1 speed=0.00 raw_wpnts=81 raw_age=0.75s decision=TRAILING reason=PATH_BLOCKED blocked_obs_id=171 gap=3.06m free_dist=-0.296m branch=static/geom
1786860784.653 [STATIC_OT] state=TRAILING path_exists=1 path_locked=0 path_ttl_ok=1 path_safe=0 on_spline=1 speed=0.00 raw_wpnts=81 raw_age=0.65s decision=TRAILING reason=PATH_BLOCKED blocked_obs_id=171 gap=3.03m free_dist=-0.334m branch=static/geom
1786860784.740 [OBSTACLES] cur_s=17.32 cur_d=0.58 vs=0.00 n=4 [id=169 static=1 gap=0.60m d=0.37 size=0.22; id=144 static=1 gap=1.98m d=0.76 size=0.42; id=170 static=1 gap=1.60m d=0.74 size=0.38; id=171 static=1 gap=2.86m d=-0.01 size=0.36]
1786860784.890 [STATIC_OT] state=TRAILING path_exists=1 path_locked=0 path_ttl_ok=1 path_safe=0 on_spline=1 speed=0.00 raw_wpnts=81 raw_age=0.60s decision=TRAILING reason=PATH_BLOCKED blocked_obs_id=171 gap=3.03m free_dist=-0.295m branch=static/geom
1786860785.238 [STATIC_OT] state=TRAILING path_exists=1 path_locked=0 path_ttl_ok=1 path_safe=0 on_spline=1 speed=0.00 raw_wpnts=81 raw_age=0.54s decision=TRAILING reason=PATH_BLOCKED blocked_obs_id=171 gap=3.0m free_dist=-0.292m branch=static/geom
1786860785.319 [OBSTACLES] cur_s=17.36 cur_d=0.59 vs=0.00 n=4 [id=169 static=1 gap=0.55m d=0.38 size=0.22; id=144 static=1 gap=1.96m d=0.76 size=0.38; id=170 static=1 gap=1.52m d=0.73 size=0.38; id=171 static=1 gap=2.82m d=-0.01 size=0.33]
1786860785.514 [STATIC_OT] state=TRAILING path_exists=1 path_locked=0 path_ttl_ok=0 path_safe=0 on_spline=1 speed=0.00 raw_wpnts=0 raw_age=-s decision=TRAILING reason=NO_STATIC_PATH
1786860785.925 [OBSTACLES] cur_s=17.39 cur_d=0.59 vs=0.00 n=4 [id=169 static=1 gap=0.53m d=0.38 size=0.22; id=144 static=1 gap=1.93m d=0.76 size=0.38; id=170 static=1 gap=1.50m d=0.73 size=0.37; id=171 static=1 gap=2.78m d=-0.01 size=0.37]
1786860785.938 [STATIC_OT] state=TRAILING path_exists=1 path_locked=0 path_ttl_ok=0 path_safe=0 on_spline=1 speed=0.00 raw_wpnts=0 raw_age=-s decision=TRAILING reason=NO_STATIC_PATH
1786860786.197 [STATIC_OT] state=TRAILING path_exists=1 path_locked=0 path_ttl_ok=0 path_safe=0 on_spline=1 speed=0.00 raw_wpnts=0 raw_age=-s decision=TRAILING reason=NO_STATIC_PATH
1786860786.436 [OBSTACLES] cur_s=17.47 cur_d=0.62 vs=0.00 n=4 [id=169 static=1 gap=0.47m d=0.38 size=0.22; id=144 static=1 gap=1.86m d=0.77 size=0.37; id=170 static=1 gap=1.43m d=0.73 size=0.37; id=171 static=1 gap=2.68m d=-0.01 size=0.43]
1786860786.447 [STATIC_OT] state=TRAILING path_exists=1 path_locked=0 path_ttl_ok=0 path_safe=0 on_spline=1 speed=0.00 raw_wpnts=0 raw_age=-s decision=TRAILING reason=NO_STATIC_PATH
1786860786.745 [STATIC_OT] state=TRAILING path_exists=1 path_locked=0 path_ttl_ok=1 path_safe=0 on_spline=1 speed=0.00 raw_wpnts=85 raw_age=0.63s decision=TRAILING reason=PATH_BLOCKED blocked_obs_id=170 gap=1.65m free_dist=-0.188m branch=static/geom
1786860786.947 [OBSTACLES] cur_s=17.51 cur_d=0.64 vs=0.00 n=3 [id=169 static=1 gap=0.44m d=0.39 size=0.22; id=144 static=1 gap=1.83m d=0.78 size=0.36; id=170 static=1 gap=1.40m d=0.74 size=0.38]
1786860787.003 [STATIC_OT] state=TRAILING path_exists=1 path_locked=0 path_ttl_ok=1 path_safe=0 on_spline=1 speed=0.00 raw_wpnts=85 raw_age=0.70s decision=TRAILING reason=PATH_BLOCKED blocked_obs_id=170 gap=1.59m free_dist=-0.202m branch=static/geom
1786860787.305 [STATIC_OT] state=TRAILING path_exists=1 path_locked=0 path_ttl_ok=1 path_safe=0 on_spline=1 speed=0.00 raw_wpnts=84 raw_age=0.84s decision=TRAILING reason=PATH_BLOCKED blocked_obs_id=144 gap=2.0m free_dist=-0.197m branch=static/geom
1786860787.515 [OBSTACLES] cur_s=17.52 cur_d=0.65 vs=0.00 n=3 [id=169 static=1 gap=0.46m d=0.40 size=0.22; id=144 static=1 gap=1.83m d=0.79 size=0.37; id=170 static=1 gap=1.42m d=0.74 size=0.37]
1786860787.543 [STATIC_OT] state=TRAILING path_exists=1 path_locked=0 path_ttl_ok=1 path_safe=0 on_spline=1 speed=0.00 raw_wpnts=85 raw_age=0.87s decision=TRAILING reason=PATH_BLOCKED blocked_obs_id=170 gap=1.6m free_dist=-0.197m branch=static/geom
1786860787.790 [STATIC_OT] state=TRAILING path_exists=1 path_locked=0 path_ttl_ok=1 path_safe=0 on_spline=1 speed=0.00 raw_wpnts=85 raw_age=0.99s decision=TRAILING reason=PATH_BLOCKED blocked_obs_id=170 gap=1.61m free_dist=-0.19m branch=static/geom
1786860787.835 [STATE_CHANGE] TRAILING -> OVERTAKE src=OVERTAKE s=17.53 d=0.65 vs=0.00
1786860788.073 [OBSTACLES] cur_s=17.52 cur_d=0.65 vs=0.00 n=3 [id=169 static=1 gap=0.48m d=0.40 size=0.22; id=144 static=1 gap=1.84m d=0.79 size=0.37; id=170 static=1 gap=1.43m d=0.74 size=0.38]
1786860788.611 [OBSTACLES] cur_s=17.53 cur_d=0.65 vs=0.00 n=3 [id=169 static=1 gap=0.48m d=0.40 size=0.22; id=144 static=1 gap=1.86m d=0.79 size=0.31; id=170 static=1 gap=1.44m d=0.74 size=0.36]
1786860789.224 [OBSTACLES] cur_s=17.55 cur_d=0.63 vs=0.00 n=3 [id=169 static=1 gap=0.47m d=0.40 size=0.22; id=144 static=1 gap=1.82m d=0.80 size=0.37; id=170 static=1 gap=1.43m d=0.74 size=0.38]
1786860789.752 [OBSTACLES] cur_s=17.53 cur_d=0.63 vs=0.00 n=3 [id=169 static=1 gap=0.49m d=0.40 size=0.22; id=144 static=1 gap=1.85m d=0.80 size=0.37; id=170 static=1 gap=1.46m d=0.74 size=0.36]
1786860790.270 [OBSTACLES] cur_s=17.54 cur_d=0.63 vs=0.00 n=3 [id=169 static=1 gap=0.50m d=0.40 size=0.22; id=144 static=1 gap=1.85m d=0.80 size=0.37; id=170 static=1 gap=1.46m d=0.74 size=0.37]
1786860790.813 [OBSTACLES] cur_s=17.55 cur_d=0.63 vs=0.00 n=3 [id=169 static=1 gap=0.49m d=0.40 size=0.22; id=144 static=1 gap=1.85m d=0.80 size=0.36; id=170 static=1 gap=1.45m d=0.74 size=0.37]
1786860791.313 [OBSTACLES] cur_s=17.54 cur_d=0.62 vs=0.00 n=3 [id=169 static=1 gap=0.51m d=0.40 size=0.22; id=144 static=1 gap=1.87m d=0.80 size=0.33; id=170 static=1 gap=1.47m d=0.74 size=0.36]
1786860791.923 [OBSTACLES] cur_s=17.54 cur_d=0.63 vs=0.00 n=3 [id=169 static=1 gap=0.51m d=0.40 size=0.22; id=144 static=1 gap=1.87m d=0.80 size=0.33; id=170 static=1 gap=1.46m d=0.74 size=0.38]
1786860792.479 [OBSTACLES] cur_s=17.54 cur_d=0.63 vs=0.00 n=3 [id=169 static=1 gap=0.51m d=0.40 size=0.22; id=144 static=1 gap=1.90m d=0.80 size=0.28; id=170 static=1 gap=1.47m d=0.74 size=0.36]
1786860792.997 [OBSTACLES] cur_s=17.54 cur_d=0.63 vs=0.00 n=3 [id=169 static=1 gap=0.52m d=0.40 size=0.22; id=144 static=1 gap=1.87m d=0.80 size=0.35; id=170 static=1 gap=1.47m d=0.74 size=0.38]
1786860793.507 [OBSTACLES] cur_s=17.53 cur_d=0.63 vs=0.00 n=3 [id=169 static=1 gap=0.53m d=0.40 size=0.22; id=144 static=1 gap=1.88m d=0.80 size=0.36; id=170 static=1 gap=1.49m d=0.74 size=0.37]
1786860794.061 [OBSTACLES] cur_s=17.54 cur_d=0.63 vs=0.00 n=3 [id=169 static=1 gap=0.52m d=0.40 size=0.22; id=144 static=1 gap=1.86m d=0.80 size=0.37; id=170 static=1 gap=1.48m d=0.74 size=0.37]
1786860794.581 [OBSTACLES] cur_s=17.53 cur_d=0.63 vs=0.00 n=3 [id=169 static=1 gap=0.53m d=0.40 size=0.22; id=144 static=1 gap=1.90m d=0.80 size=0.33; id=170 static=1 gap=1.49m d=0.74 size=0.37]
1786860795.133 [OBSTACLES] cur_s=17.53 cur_d=0.63 vs=0.00 n=3 [id=169 static=1 gap=0.53m d=0.40 size=0.22; id=144 static=1 gap=1.87m d=0.80 size=0.37; id=170 static=1 gap=1.49m d=0.74 size=0.37]
1786860795.636 [OBSTACLES] cur_s=17.53 cur_d=0.63 vs=0.00 n=3 [id=169 static=1 gap=0.53m d=0.40 size=0.22; id=144 static=1 gap=1.89m d=0.80 size=0.33; id=170 static=1 gap=1.48m d=0.74 size=0.37]
1786860796.175 [OBSTACLES] cur_s=17.53 cur_d=0.63 vs=0.00 n=4 [id=169 static=1 gap=0.53m d=0.40 size=0.22; id=144 static=1 gap=1.86m d=0.80 size=0.38; id=170 static=1 gap=1.49m d=0.74 size=0.37; id=183 static=1 gap=2.04m d=0.48 size=0.37]
1786860796.681 [STATIC_OT] state=OVERTAKE path_exists=1 path_locked=1 path_ttl_ok=1 path_safe=0 on_spline=1 speed=0.00 raw_wpnts=81 raw_age=0.67s decision=TRAILING reason=PATH_BLOCKED blocked_obs_id=184 gap=2.86m free_dist=-0.07m branch=static/geom
1786860796.684 [STATE_CHANGE] OVERTAKE -> TRAILING src=GB_TRACK s=17.53 d=0.63 vs=0.00
1786860796.745 [OBSTACLES] cur_s=17.53 cur_d=0.63 vs=0.00 n=4 [id=169 static=1 gap=0.53m d=0.40 size=0.22; id=144 static=1 gap=1.88m d=0.80 size=0.37; id=170 static=1 gap=1.49m d=0.74 size=0.38; id=184 static=1 gap=2.74m d=-0.12 size=0.32]
1786860796.891 [STATIC_OT] state=TRAILING path_exists=1 path_locked=0 path_ttl_ok=1 path_safe=0 on_spline=1 speed=0.00 raw_wpnts=81 raw_age=0.63s decision=TRAILING reason=PATH_BLOCKED blocked_obs_id=184 gap=2.9m free_dist=-0.116m branch=static/geom
1786860797.112 [STATIC_OT] state=TRAILING path_exists=1 path_locked=0 path_ttl_ok=1 path_safe=0 on_spline=1 speed=0.00 raw_wpnts=81 raw_age=0.56s decision=TRAILING reason=PATH_BLOCKED blocked_obs_id=184 gap=2.87m free_dist=-0.077m branch=static/geom
1786860797.540 [OBSTACLES] cur_s=17.53 cur_d=0.69 vs=0.00 n=4 [id=169 static=1 gap=0.53m d=0.40 size=0.24; id=144 static=1 gap=1.88m d=0.80 size=0.37; id=170 static=1 gap=1.49m d=0.74 size=0.38; id=184 static=1 gap=2.67m d=-0.16 size=0.39]
1786860797.549 [STATIC_OT] state=TRAILING path_exists=1 path_locked=0 path_ttl_ok=0 path_safe=0 on_spline=1 speed=0.00 raw_wpnts=0 raw_age=-s decision=TRAILING reason=NO_STATIC_PATH
1786860797.804 [STATIC_OT] state=TRAILING path_exists=1 path_locked=0 path_ttl_ok=0 path_safe=0 on_spline=1 speed=0.00 raw_wpnts=0 raw_age=-s decision=TRAILING reason=NO_STATIC_PATH
1786860798.024 [STATIC_OT] state=TRAILING path_exists=1 path_locked=0 path_ttl_ok=0 path_safe=0 on_spline=1 speed=0.00 raw_wpnts=0 raw_age=-s decision=TRAILING reason=NO_STATIC_PATH
1786860798.065 [OBSTACLES] cur_s=17.44 cur_d=0.57 vs=0.00 n=4 [id=169 static=1 gap=0.59m d=0.40 size=0.30; id=144 static=1 gap=1.98m d=0.80 size=0.35; id=170 static=1 gap=1.59m d=0.74 size=0.37; id=184 static=1 gap=2.77m d=-0.15 size=0.38]
1786860798.248 [STATIC_OT] state=TRAILING path_exists=1 path_locked=0 path_ttl_ok=0 path_safe=0 on_spline=1 speed=0.00 raw_wpnts=0 raw_age=-s decision=TRAILING reason=NO_STATIC_PATH
1786860798.515 [STATIC_OT] state=TRAILING path_exists=1 path_locked=0 path_ttl_ok=0 path_safe=0 on_spline=1 speed=0.00 raw_wpnts=0 raw_age=-s decision=TRAILING reason=NO_STATIC_PATH
1786860798.606 [OBSTACLES] cur_s=17.33 cur_d=0.52 vs=0.00 n=3 [id=169 static=1 gap=0.69m d=0.40 size=0.30; id=144 static=1 gap=2.08m d=0.80 size=0.36; id=170 static=1 gap=1.69m d=0.74 size=0.37]
1786860798.709 [STATE_CHANGE] TRAILING -> OVERTAKE src=OVERTAKE s=17.36 d=0.53 vs=0.00
1786860799.112 [OBSTACLES] cur_s=17.37 cur_d=0.53 vs=0.00 n=3 [id=169 static=1 gap=0.65m d=0.40 size=0.30; id=144 static=1 gap=2.04m d=0.80 size=0.36; id=170 static=1 gap=1.66m d=0.74 size=0.36]
1786860799.621 [OBSTACLES] cur_s=17.37 cur_d=0.53 vs=0.00 n=3 [id=169 static=1 gap=0.64m d=0.40 size=0.32; id=144 static=1 gap=2.04m d=0.80 size=0.37; id=170 static=1 gap=1.65m d=0.74 size=0.38]
1786860800.191 [OBSTACLES] cur_s=17.37 cur_d=0.50 vs=0.00 n=3 [id=169 static=1 gap=0.65m d=0.40 size=0.31; id=144 static=1 gap=2.04m d=0.80 size=0.36; id=170 static=1 gap=1.65m d=0.74 size=0.38]
1786860800.717 [OBSTACLES] cur_s=17.37 cur_d=0.51 vs=0.00 n=2 [id=169 static=1 gap=0.64m d=0.40 size=0.30; id=170 static=1 gap=1.64m d=0.74 size=0.37]
1786860801.029 [STATIC_OT] state=OVERTAKE path_exists=1 path_locked=1 path_ttl_ok=1 path_safe=0 on_spline=1 speed=0.00 raw_wpnts=81 raw_age=0.79s decision=TRAILING reason=PATH_BLOCKED blocked_obs_id=186 gap=2.28m free_dist=-0.258m branch=dyn/nopred (id_mismatch or empty)
1786860801.039 [STATE_CHANGE] OVERTAKE -> TRAILING src=GB_TRACK s=17.44 d=0.55 vs=0.00
1786860801.218 [OBSTACLES] cur_s=17.44 cur_d=0.56 vs=0.00 n=2 [id=144 static=0 gap=0.64m d=0.33 size=0.32; id=170 static=1 gap=1.58m d=0.74 size=0.36]
1786860801.230 [STATIC_OT] state=TRAILING path_exists=1 path_locked=0 path_ttl_ok=1 path_safe=1 on_spline=1 speed=0.00 raw_wpnts=81 raw_age=0.66s decision=OVERTAKE
1786860801.231 [STATE_CHANGE] TRAILING -> OVERTAKE src=OVERTAKE s=17.44 d=0.56 vs=0.00
1786860801.775 [OBSTACLES] cur_s=17.42 cur_d=0.54 vs=0.00 n=2 [id=170 static=1 gap=1.60m d=0.74 size=0.35; id=187 static=1 gap=3.35m d=0.84 size=0.23]
1786860801.834 [STATIC_OT] state=OVERTAKE path_exists=1 path_locked=1 path_ttl_ok=0 path_safe=0 on_spline=1 speed=0.00 raw_wpnts=0 raw_age=-s decision=TRAILING reason=NO_STATIC_PATH
1786860801.835 [STATE_CHANGE] OVERTAKE -> TRAILING src=GB_TRACK s=17.43 d=0.54 vs=0.00
1786860802.070 [STATIC_OT] state=TRAILING path_exists=0 path_locked=0 path_ttl_ok=0 path_safe=0 on_spline=0 speed=0.00 raw_wpnts=0 raw_age=-s decision=TRAILING reason=NO_STATIC_PATH
1786860802.345 [OBSTACLES] cur_s=17.37 cur_d=0.49 vs=0.00 n=5 [id=144 static=0 gap=2.25m d=0.21 size=0.40; id=186 static=0 gap=1.78m d=0.75 size=0.36; id=170 static=1 gap=1.65m d=0.74 size=0.35; id=187 static=1 gap=3.38m d=0.85 size=0.23; id=190 static=1 gap=0.59m d=0.34 size=0.31]
1786860802.347 [STATIC_OT] state=TRAILING path_exists=0 path_locked=0 path_ttl_ok=0 path_safe=0 on_spline=0 speed=0.00 raw_wpnts=0 raw_age=-s decision=TRAILING reason=NO_STATIC_PATH
1786860802.444 [STATE_CHANGE] TRAILING -> OVERTAKE src=OVERTAKE s=17.37 d=0.49 vs=0.00
1786860802.823 [STATIC_OT] state=OVERTAKE path_exists=1 path_locked=1 path_ttl_ok=0 path_safe=0 on_spline=1 speed=0.00 raw_wpnts=0 raw_age=-s decision=TRAILING reason=NO_STATIC_PATH
1786860802.825 [STATE_CHANGE] OVERTAKE -> TRAILING src=GB_TRACK s=17.38 d=0.49 vs=0.00
1786860802.853 [OBSTACLES] cur_s=17.38 cur_d=0.49 vs=0.00 n=2 [id=144 static=1 gap=2.18m d=0.61 size=0.39; id=190 static=1 gap=0.57m d=0.33 size=0.31]
1786860803.009 [STATE_CHANGE] TRAILING -> OVERTAKE src=OVERTAKE s=17.38 d=0.49 vs=0.00
1786860803.417 [OBSTACLES] cur_s=17.39 cur_d=0.49 vs=0.00 n=3 [id=186 static=0 gap=1.59m d=0.71 size=0.36; id=144 static=1 gap=2.07m d=0.58 size=0.38; id=190 static=1 gap=0.57m d=0.33 size=0.31]
1786860803.917 [OBSTACLES] cur_s=17.36 cur_d=0.47 vs=0.00 n=3 [id=186 static=1 gap=1.58m d=0.72 size=0.38; id=144 static=1 gap=2.15m d=0.56 size=0.27; id=190 static=1 gap=0.61m d=0.33 size=0.31]
1786860804.437 [OBSTACLES] cur_s=17.36 cur_d=0.47 vs=0.00 n=3 [id=186 static=1 gap=1.57m d=0.71 size=0.37; id=144 static=1 gap=2.09m d=0.54 size=0.36; id=190 static=1 gap=0.59m d=0.33 size=0.31]
1786860805.074 [OBSTACLES] cur_s=17.39 cur_d=0.48 vs=0.00 n=3 [id=186 static=1 gap=1.58m d=0.72 size=0.30; id=144 static=1 gap=2.05m d=0.55 size=0.39; id=190 static=1 gap=0.57m d=0.33 size=0.30]
1786860805.637 [OBSTACLES] cur_s=17.41 cur_d=0.49 vs=0.00 n=3 [id=186 static=1 gap=1.53m d=0.72 size=0.35; id=144 static=1 gap=2.01m d=0.56 size=0.44; id=190 static=1 gap=0.54m d=0.33 size=0.32]
1786860806.147 [OBSTACLES] cur_s=17.37 cur_d=0.47 vs=0.00 n=3 [id=186 static=1 gap=1.57m d=0.72 size=0.34; id=144 static=1 gap=2.06m d=0.57 size=0.39; id=190 static=1 gap=0.58m d=0.33 size=0.32]
1786860806.697 [OBSTACLES] cur_s=17.37 cur_d=0.46 vs=0.00 n=3 [id=186 static=1 gap=1.56m d=0.72 size=0.35; id=144 static=1 gap=2.07m d=0.60 size=0.36; id=190 static=1 gap=0.59m d=0.33 size=0.30]
1786860807.294 [OBSTACLES] cur_s=17.36 cur_d=0.46 vs=0.00 n=3 [id=186 static=1 gap=1.52m d=0.72 size=0.45; id=144 static=1 gap=2.07m d=0.60 size=0.37; id=190 static=1 gap=0.58m d=0.33 size=0.32]
1786860807.684 [STATIC_OT] state=OVERTAKE path_exists=1 path_locked=1 path_ttl_ok=1 path_safe=0 on_spline=1 speed=0.00 raw_wpnts=81 raw_age=0.53s decision=TRAILING reason=PATH_BLOCKED blocked_obs_id=144 gap=2.41m free_dist=-0.172m branch=dyn/nopred (id_mismatch or empty)
1786860807.695 [STATE_CHANGE] OVERTAKE -> TRAILING src=GB_TRACK s=17.42 d=0.50 vs=0.00
1786860807.785 [STATE_CHANGE] TRAILING -> OVERTAKE src=OVERTAKE s=17.41 d=0.50 vs=0.00
1786860807.843 [OBSTACLES] cur_s=17.44 cur_d=0.51 vs=0.00 n=2 [id=186 static=1 gap=1.48m d=0.72 size=0.36; id=190 static=1 gap=0.50m d=0.32 size=0.30]
1786860808.375 [OBSTACLES] cur_s=17.41 cur_d=0.51 vs=0.00 n=3 [id=144 static=0 gap=2.08m d=0.39 size=0.18; id=186 static=1 gap=1.48m d=0.72 size=0.43; id=190 static=1 gap=0.54m d=0.33 size=0.30]
1786860808.488 [STATIC_OT] state=OVERTAKE path_exists=1 path_locked=1 path_ttl_ok=1 path_safe=0 on_spline=1 speed=0.00 raw_wpnts=81 raw_age=0.51s decision=TRAILING reason=PATH_BLOCKED blocked_obs_id=144 gap=2.36m free_dist=-0.156m branch=dyn/nopred (id_mismatch or empty)
1786860808.514 [STATE_CHANGE] OVERTAKE -> TRAILING src=GB_TRACK s=17.40 d=0.51 vs=0.00
1786860808.595 [STATE_CHANGE] TRAILING -> OVERTAKE src=OVERTAKE s=17.39 d=0.51 vs=0.00
1786860808.877 [OBSTACLES] cur_s=17.35 cur_d=0.49 vs=0.00 n=3 [id=144 static=0 gap=2.32m d=0.34 size=0.40; id=186 static=1 gap=1.54m d=0.72 size=0.45; id=190 static=1 gap=0.61m d=0.33 size=0.30]
1786860808.880 [STATIC_OT] state=OVERTAKE path_exists=1 path_locked=1 path_ttl_ok=1 path_safe=0 on_spline=1 speed=0.00 raw_wpnts=81 raw_age=0.59s decision=TRAILING reason=PATH_BLOCKED blocked_obs_id=144 gap=2.52m free_dist=-0.003m branch=dyn/nopred (id_mismatch or empty)
1786860808.882 [STATE_CHANGE] OVERTAKE -> TRAILING src=GB_TRACK s=17.35 d=0.49 vs=0.00
1786860808.927 [STATE_CHANGE] TRAILING -> OVERTAKE src=OVERTAKE s=17.35 d=0.49 vs=0.00
1786860809.404 [OBSTACLES] cur_s=17.36 cur_d=0.49 vs=0.00 n=3 [id=144 static=0 gap=1.60m d=0.74 size=0.38; id=186 static=1 gap=1.57m d=0.72 size=0.36; id=190 static=1 gap=0.59m d=0.33 size=0.31]
1786860809.831 [STATIC_OT] state=OVERTAKE path_exists=1 path_locked=1 path_ttl_ok=0 path_safe=0 on_spline=1 speed=0.00 raw_wpnts=0 raw_age=-s decision=TRAILING reason=NO_STATIC_PATH
1786860809.833 [STATE_CHANGE] OVERTAKE -> TRAILING src=GB_TRACK s=17.38 d=0.52 vs=0.00
1786860809.944 [OBSTACLES] cur_s=17.38 cur_d=0.52 vs=0.00 n=3 [id=144 static=0 gap=2.55m d=0.38 size=0.41; id=186 static=0 gap=1.53m d=0.70 size=0.37; id=190 static=1 gap=0.57m d=0.33 size=0.32]
1786860810.034 [STATIC_OT] state=TRAILING path_exists=0 path_locked=0 path_ttl_ok=0 path_safe=0 on_spline=0 speed=0.00 raw_wpnts=0 raw_age=-s decision=TRAILING reason=NO_STATIC_PATH
1786860810.147 [STATE_CHANGE] TRAILING -> RECOVERY src=RECOVERY s=17.37 d=0.52 vs=0.00
1786860810.191 [STATE_CHANGE] RECOVERY -> TRAILING src=RECOVERY s=17.37 d=0.52 vs=0.00
1786860810.289 [STATIC_OT] state=TRAILING path_exists=1 path_locked=0 path_ttl_ok=1 path_safe=0 on_spline=1 speed=0.00 raw_wpnts=81 raw_age=0.59s decision=TRAILING reason=PATH_BLOCKED blocked_obs_id=144 gap=2.29m free_dist=0.098m branch=dyn/nopred (id_mismatch or empty)
1786860810.427 [STATE_CHANGE] TRAILING -> RECOVERY src=RECOVERY s=17.36 d=0.51 vs=0.00
1786860810.477 [OBSTACLES] cur_s=17.36 cur_d=0.51 vs=0.00 n=2 [id=186 static=0 gap=1.72m d=0.73 size=0.36; id=190 static=1 gap=0.59m d=0.33 size=0.31]
1786860810.481 [STATE_CHANGE] RECOVERY -> OVERTAKE src=OVERTAKE s=17.36 d=0.51 vs=0.00
1786860810.656 [STATIC_OT] state=OVERTAKE path_exists=1 path_locked=1 path_ttl_ok=0 path_safe=0 on_spline=1 speed=0.00 raw_wpnts=0 raw_age=-s decision=TRAILING reason=NO_STATIC_PATH
1786860810.657 [STATE_CHANGE] OVERTAKE -> TRAILING src=RECOVERY s=17.36 d=0.51 vs=0.00
1786860810.706 [STATE_CHANGE] TRAILING -> OVERTAKE src=OVERTAKE s=17.36 d=0.51 vs=0.00
1786860811.015 [OBSTACLES] cur_s=17.36 cur_d=0.47 vs=0.00 n=2 [id=186 static=1 gap=1.56m d=0.70 size=0.31; id=190 static=1 gap=0.59m d=0.33 size=0.30]
1786860811.154 [STATIC_OT] state=OVERTAKE path_exists=1 path_locked=1 path_ttl_ok=0 path_safe=0 on_spline=1 speed=0.00 raw_wpnts=0 raw_age=-s decision=TRAILING reason=NO_STATIC_PATH
1786860811.174 [STATE_CHANGE] OVERTAKE -> TRAILING src=GB_TRACK s=17.37 d=0.46 vs=0.00
1786860811.425 [STATIC_OT] state=TRAILING path_exists=0 path_locked=0 path_ttl_ok=0 path_safe=0 on_spline=0 speed=0.00 raw_wpnts=0 raw_age=-s decision=TRAILING reason=NO_STATIC_PATH
1786860811.579 [OBSTACLES] cur_s=17.37 cur_d=0.48 vs=0.00 n=2 [id=194 static=1 gap=2.07m d=0.49 size=0.39; id=190 static=1 gap=0.58m d=0.33 size=0.30]
1786860811.582 [STATE_CHANGE] TRAILING -> OVERTAKE src=OVERTAKE s=17.37 d=0.48 vs=0.00
1786860812.085 [OBSTACLES] cur_s=17.45 cur_d=0.52 vs=0.00 n=4 [id=144 static=0 gap=2.04m d=0.44 size=0.45; id=194 static=1 gap=1.98m d=0.49 size=0.41; id=196 static=1 gap=1.48m d=0.72 size=0.37; id=197 static=1 gap=0.52m d=0.35 size=0.32]
1786860812.096 [STATIC_OT] state=OVERTAKE path_exists=1 path_locked=1 path_ttl_ok=0 path_safe=0 on_spline=1 speed=0.00 raw_wpnts=0 raw_age=-s decision=TRAILING reason=NO_STATIC_PATH
1786860812.110 [STATE_CHANGE] OVERTAKE -> TRAILING src=GB_TRACK s=17.45 d=0.52 vs=0.00
1786860812.244 [STATE_CHANGE] TRAILING -> OVERTAKE src=OVERTAKE s=17.45 d=0.52 vs=0.00
1786860812.832 [OBSTACLES] cur_s=17.47 cur_d=0.52 vs=0.00 n=3 [id=144 static=0 gap=1.54m d=0.73 size=0.38; id=194 static=1 gap=1.96m d=0.51 size=0.42; id=197 static=1 gap=0.55m d=0.35 size=0.30]
1786860813.349 [OBSTACLES] cur_s=17.40 cur_d=0.49 vs=0.00 n=3 [id=144 static=0 gap=1.52m d=0.69 size=0.36; id=194 static=1 gap=2.07m d=0.51 size=0.35; id=197 static=1 gap=0.61m d=0.34 size=0.30]
1786860813.412 [STATIC_OT] state=OVERTAKE path_exists=1 path_locked=1 path_ttl_ok=0 path_safe=0 on_spline=1 speed=0.00 raw_wpnts=0 raw_age=-s decision=TRAILING reason=NO_STATIC_PATH
1786860813.414 [STATE_CHANGE] OVERTAKE -> TRAILING src=GB_TRACK s=17.37 d=0.47 vs=0.00
1786860813.471 [STATE_CHANGE] TRAILING -> OVERTAKE src=OVERTAKE s=17.37 d=0.47 vs=0.00
1786860813.886 [OBSTACLES] cur_s=17.40 cur_d=0.48 vs=0.00 n=2 [id=197 static=1 gap=0.59m d=0.34 size=0.31; id=198 static=1 gap=1.54m d=0.72 size=0.37]
1786860814.397 [OBSTACLES] cur_s=17.39 cur_d=0.48 vs=0.00 n=3 [id=144 static=1 gap=2.04m d=0.72 size=0.25; id=197 static=1 gap=0.60m d=0.33 size=0.31; id=198 static=1 gap=1.56m d=0.73 size=0.36]
1786860814.954 [OBSTACLES] cur_s=17.38 cur_d=0.48 vs=0.00 n=2 [id=197 static=1 gap=0.60m d=0.33 size=0.30; id=198 static=1 gap=1.58m d=0.73 size=0.36]
1786860815.590 [OBSTACLES] cur_s=17.38 cur_d=0.49 vs=0.00 n=3 [id=144 static=0 gap=1.59m d=0.71 size=0.36; id=198 static=0 gap=2.15m d=0.39 size=0.36; id=197 static=1 gap=0.60m d=0.33 size=0.30]
1786860816.090 [OBSTACLES] cur_s=17.41 cur_d=0.51 vs=0.00 n=3 [id=198 static=0 gap=2.67m d=0.59 size=0.28; id=144 static=1 gap=1.60m d=0.75 size=0.36; id=197 static=1 gap=0.57m d=0.33 size=0.31]
1786860816.633 [OBSTACLES] cur_s=17.47 cur_d=0.53 vs=0.00 n=3 [id=198 static=0 gap=1.54m d=0.70 size=0.37; id=144 static=1 gap=1.57m d=0.76 size=0.34; id=197 static=1 gap=0.51m d=0.33 size=0.31]
1786860817.137 [OBSTACLES] cur_s=17.47 cur_d=0.53 vs=0.00 n=3 [id=144 static=0 gap=2.02m d=0.83 size=0.36; id=197 static=1 gap=0.51m d=0.34 size=0.31; id=200 static=1 gap=2.07m d=0.47 size=0.40]
1786860817.204 [STATIC_OT] state=OVERTAKE path_exists=1 path_locked=1 path_ttl_ok=1 path_safe=0 on_spline=1 speed=0.00 raw_wpnts=81 raw_age=0.50s decision=TRAILING reason=PATH_BLOCKED blocked_obs_id=144 gap=2.26m free_dist=0.066m branch=dyn/nopred (id_mismatch or empty)
1786860817.213 [STATE_CHANGE] OVERTAKE -> TRAILING src=GB_TRACK s=17.47 d=0.53 vs=0.00
1786860817.289 [STATE_CHANGE] TRAILING -> OVERTAKE src=OVERTAKE s=17.47 d=0.53 vs=0.00
1786860817.392 [STATE_CHANGE] OVERTAKE -> TRAILING src=GB_TRACK s=17.47 d=0.53 vs=0.00
1786860817.512 [STATIC_OT] state=TRAILING path_exists=1 path_locked=0 path_ttl_ok=1 path_safe=1 on_spline=1 speed=0.00 raw_wpnts=81 raw_age=0.62s decision=OVERTAKE
1786860817.520 [STATE_CHANGE] TRAILING -> OVERTAKE src=OVERTAKE s=17.48 d=0.53 vs=0.00
1786860817.655 [OBSTACLES] cur_s=17.47 cur_d=0.53 vs=0.00 n=3 [id=144 static=0 gap=2.51m d=0.58 size=0.35; id=198 static=1 gap=1.58m d=0.75 size=0.36; id=197 static=1 gap=0.52m d=0.34 size=0.31]
1786860818.245 [OBSTACLES] cur_s=17.48 cur_d=0.53 vs=0.00 n=4 [id=144 static=0 gap=1.58m d=0.71 size=0.36; id=198 static=1 gap=1.57m d=0.74 size=0.36; id=197 static=1 gap=0.51m d=0.34 size=0.32; id=201 static=1 gap=2.08m d=0.57 size=0.43]
1786860818.788 [OBSTACLES] cur_s=17.48 cur_d=0.53 vs=0.00 n=4 [id=144 static=0 gap=1.62m d=0.68 size=0.37; id=197 static=1 gap=0.52m d=0.34 size=0.31; id=201 static=1 gap=2.07m d=0.63 size=0.36; id=202 static=1 gap=1.58m d=0.74 size=0.37]
1786860819.349 [OBSTACLES] cur_s=17.48 cur_d=0.53 vs=0.00 n=3 [id=144 static=0 gap=1.58m d=0.69 size=0.35; id=197 static=1 gap=0.52m d=0.34 size=0.31; id=201 static=1 gap=2.06m d=0.54 size=0.41]
1786860819.957 [OBSTACLES] cur_s=17.48 cur_d=0.53 vs=0.00 n=3 [id=144 static=0 gap=1.57m d=0.69 size=0.35; id=197 static=1 gap=0.53m d=0.34 size=0.30; id=201 static=1 gap=2.04m d=0.56 size=0.44]
1786860820.585 [OBSTACLES] cur_s=17.48 cur_d=0.53 vs=0.00 n=3 [id=144 static=1 gap=1.60m d=0.72 size=0.37; id=197 static=1 gap=0.52m d=0.34 size=0.31; id=201 static=1 gap=2.04m d=0.56 size=0.40]
1786860821.200 [OBSTACLES] cur_s=17.49 cur_d=0.52 vs=0.00 n=3 [id=144 static=1 gap=1.59m d=0.72 size=0.36; id=197 static=1 gap=0.52m d=0.34 size=0.31; id=201 static=1 gap=2.05m d=0.60 size=0.33]
1786860821.814 [OBSTACLES] cur_s=17.48 cur_d=0.52 vs=0.00 n=3 [id=144 static=1 gap=1.56m d=0.72 size=0.43; id=197 static=1 gap=0.53m d=0.34 size=0.30; id=201 static=1 gap=2.00m d=0.63 size=0.40]
1786860822.328 [OBSTACLES] cur_s=17.48 cur_d=0.52 vs=0.00 n=3 [id=144 static=1 gap=1.62m d=0.72 size=0.29; id=197 static=1 gap=0.53m d=0.34 size=0.32; id=201 static=1 gap=2.01m d=0.62 size=0.38]
1786860822.857 [OBSTACLES] cur_s=17.48 cur_d=0.52 vs=0.00 n=3 [id=144 static=1 gap=1.58m d=0.72 size=0.38; id=197 static=1 gap=0.54m d=0.34 size=0.31; id=201 static=1 gap=2.03m d=0.63 size=0.34]
1786860823.404 [OBSTACLES] cur_s=17.48 cur_d=0.52 vs=0.00 n=3 [id=144 static=1 gap=1.58m d=0.73 size=0.37; id=197 static=1 gap=0.53m d=0.34 size=0.31; id=201 static=1 gap=2.02m d=0.64 size=0.36]
1786860823.940 [OBSTACLES] cur_s=17.48 cur_d=0.52 vs=0.00 n=3 [id=144 static=1 gap=1.58m d=0.73 size=0.37; id=197 static=1 gap=0.54m d=0.34 size=0.30; id=201 static=1 gap=2.04m d=0.65 size=0.32]
1786860824.569 [OBSTACLES] cur_s=17.48 cur_d=0.52 vs=0.00 n=3 [id=144 static=1 gap=1.56m d=0.72 size=0.38; id=197 static=1 gap=0.54m d=0.34 size=0.30; id=201 static=1 gap=2.00m d=0.66 size=0.36]
1786860825.142 [OBSTACLES] cur_s=17.45 cur_d=0.54 vs=0.00 n=3 [id=144 static=1 gap=1.63m d=0.73 size=0.30; id=197 static=1 gap=0.57m d=0.34 size=0.31; id=201 static=1 gap=2.01m d=0.66 size=0.42]
1786860825.657 [OBSTACLES] cur_s=17.49 cur_d=0.51 vs=0.00 n=3 [id=144 static=1 gap=1.56m d=0.73 size=0.37; id=197 static=1 gap=0.53m d=0.35 size=0.31; id=201 static=1 gap=2.01m d=0.66 size=0.36]
1786860826.223 [OBSTACLES] cur_s=17.49 cur_d=0.51 vs=0.00 n=3 [id=144 static=1 gap=1.55m d=0.73 size=0.37; id=197 static=1 gap=0.53m d=0.34 size=0.31; id=201 static=1 gap=2.00m d=0.66 size=0.36]
1786860827.045 [OBSTACLES] cur_s=17.50 cur_d=0.52 vs=0.00 n=3 [id=144 static=1 gap=1.55m d=0.73 size=0.37; id=197 static=1 gap=0.52m d=0.34 size=0.32; id=201 static=1 gap=1.99m d=0.67 size=0.38]
1786860827.550 [OBSTACLES] cur_s=17.50 cur_d=0.51 vs=0.00 n=3 [id=144 static=1 gap=1.54m d=0.73 size=0.38; id=197 static=1 gap=0.52m d=0.34 size=0.31; id=201 static=1 gap=2.00m d=0.67 size=0.33]
1786860828.174 [OBSTACLES] cur_s=17.48 cur_d=0.52 vs=0.00 n=3 [id=144 static=1 gap=1.55m d=0.73 size=0.41; id=197 static=1 gap=0.55m d=0.34 size=0.30; id=201 static=1 gap=2.01m d=0.68 size=0.36]
1786860828.739 [OBSTACLES] cur_s=17.48 cur_d=0.52 vs=0.00 n=3 [id=144 static=1 gap=1.56m d=0.73 size=0.37; id=197 static=1 gap=0.54m d=0.34 size=0.30; id=201 static=1 gap=2.00m d=0.68 size=0.37]
1786860829.290 [OBSTACLES] cur_s=17.48 cur_d=0.52 vs=0.00 n=3 [id=144 static=1 gap=1.57m d=0.73 size=0.36; id=197 static=1 gap=0.55m d=0.34 size=0.30; id=201 static=1 gap=2.05m d=0.67 size=0.28]
1786860829.824 [OBSTACLES] cur_s=17.48 cur_d=0.52 vs=0.00 n=3 [id=144 static=1 gap=1.57m d=0.73 size=0.36; id=197 static=1 gap=0.54m d=0.34 size=0.31; id=201 static=1 gap=2.01m d=0.67 size=0.36]
1786860830.326 [OBSTACLES] cur_s=17.48 cur_d=0.51 vs=0.00 n=3 [id=144 static=1 gap=1.57m d=0.73 size=0.36; id=197 static=1 gap=0.54m d=0.34 size=0.31; id=201 static=1 gap=2.01m d=0.67 size=0.37]
1786860830.926 [OBSTACLES] cur_s=17.92 cur_d=0.68 vs=0.00 n=3 [id=144 static=1 gap=1.16m d=0.73 size=0.30; id=197 static=1 gap=0.11m d=0.34 size=0.31; id=201 static=1 gap=1.58m d=0.66 size=0.36]
1786860831.372 [STATIC_OT] state=OVERTAKE path_exists=1 path_locked=1 path_ttl_ok=1 path_safe=0 on_spline=1 speed=0.00 raw_wpnts=81 raw_age=0.60s decision=TRAILING reason=PATH_BLOCKED blocked_obs_id=201 gap=2.21m free_dist=0.048m branch=dyn/nopred (id_mismatch or empty)
1786860831.372 [STATE_CHANGE] OVERTAKE -> TRAILING src=GB_TRACK s=17.94 d=0.69 vs=0.00
1786860831.471 [OBSTACLES] cur_s=17.96 cur_d=0.70 vs=0.00 n=3 [id=201 static=0 gap=2.01m d=0.43 size=0.36; id=144 static=0 gap=1.55m d=0.69 size=0.35; id=197 static=1 gap=0.48m d=0.41 size=0.33]
1786860831.492 [STATE_CHANGE] TRAILING -> OVERTAKE src=OVERTAKE s=17.96 d=0.70 vs=0.00
1786860831.604 [STATIC_OT] state=OVERTAKE path_exists=1 path_locked=1 path_ttl_ok=0 path_safe=0 on_spline=1 speed=0.00 raw_wpnts=0 raw_age=-s decision=TRAILING reason=NO_STATIC_PATH
1786860831.609 [STATE_CHANGE] OVERTAKE -> TRAILING src=GB_TRACK s=17.95 d=0.69 vs=0.00
1786860831.739 [STATE_CHANGE] TRAILING -> OVERTAKE src=OVERTAKE s=17.94 d=0.68 vs=0.00
1786860832.028 [OBSTACLES] cur_s=17.92 cur_d=0.68 vs=0.00 n=4 [id=201 static=0 gap=1.49m d=0.68 size=0.36; id=205 static=1 gap=2.04m d=0.56 size=0.43; id=144 static=1 gap=1.16m d=0.72 size=0.32; id=197 static=1 gap=0.53m d=0.41 size=0.32]
1786860832.622 [OBSTACLES] cur_s=17.94 cur_d=0.68 vs=0.00 n=3 [id=201 static=1 gap=1.52m d=0.72 size=0.36; id=205 static=1 gap=1.99m d=0.61 size=0.36; id=197 static=1 gap=0.51m d=0.41 size=0.33]
1786860833.128 [OBSTACLES] cur_s=17.92 cur_d=0.67 vs=0.00 n=3 [id=201 static=1 gap=1.48m d=0.72 size=0.43; id=205 static=1 gap=1.98m d=0.63 size=0.38; id=197 static=1 gap=0.54m d=0.41 size=0.30]
1786860833.414 [STATIC_OT] state=OVERTAKE path_exists=1 path_locked=1 path_ttl_ok=1 path_safe=0 on_spline=1 speed=0.00 raw_wpnts=81 raw_age=0.84s decision=TRAILING reason=PATH_BLOCKED blocked_obs_id=209 gap=3.87m free_dist=-0.232m branch=static/geom
1786860833.417 [STATE_CHANGE] OVERTAKE -> TRAILING src=GB_TRACK s=17.93 d=0.67 vs=0.00
1786860833.629 [STATIC_OT] state=TRAILING path_exists=1 path_locked=0 path_ttl_ok=1 path_safe=0 on_spline=1 speed=0.00 raw_wpnts=81 raw_age=0.75s decision=TRAILING reason=PATH_BLOCKED blocked_obs_id=209 gap=3.87m free_dist=-0.175m branch=static/geom
1786860833.707 [OBSTACLES] cur_s=17.92 cur_d=0.67 vs=0.00 n=4 [id=201 static=1 gap=1.53m d=0.71 size=0.35; id=197 static=1 gap=0.54m d=0.41 size=0.30; id=209 static=1 gap=3.78m d=-0.05 size=0.18; id=210 static=1 gap=3.06m d=0.65 size=0.43]
1786860833.868 [STATIC_OT] state=TRAILING path_exists=1 path_locked=0 path_ttl_ok=1 path_safe=0 on_spline=1 speed=0.00 raw_wpnts=81 raw_age=0.58s decision=TRAILING reason=PATH_BLOCKED blocked_obs_id=209 gap=3.86m free_dist=-0.197m branch=static/geom
1786860834.075 [STATIC_OT] state=TRAILING path_exists=1 path_locked=0 path_ttl_ok=0 path_safe=0 on_spline=1 speed=0.00 raw_wpnts=0 raw_age=-s decision=TRAILING reason=NO_STATIC_PATH
1786860834.215 [OBSTACLES] cur_s=17.94 cur_d=0.68 vs=0.00 n=6 [id=211 static=0 gap=1.54m d=0.70 size=0.35; id=212 static=0 gap=3.09m d=0.62 size=0.44; id=201 static=1 gap=1.48m d=0.72 size=0.41; id=197 static=1 gap=0.50m d=0.41 size=0.34; id=209 static=1 gap=3.76m d=-0.06 size=0.16; id=210 static=1 gap=3.05m d=0.65 size=0.45]
1786860834.303 [STATIC_OT] state=TRAILING path_exists=1 path_locked=0 path_ttl_ok=0 path_safe=0 on_spline=1 speed=0.00 raw_wpnts=0 raw_age=-s decision=TRAILING reason=NO_STATIC_PATH
1786860834.563 [STATIC_OT] state=TRAILING path_exists=1 path_locked=0 path_ttl_ok=1 path_safe=0 on_spline=1 speed=0.00 raw_wpnts=94 raw_age=0.56s decision=TRAILING reason=PATH_BLOCKED blocked_obs_id=211 gap=1.73m free_dist=-0.274m branch=dyn/nopred (id_mismatch or empty)
1786860834.749 [OBSTACLES] cur_s=17.95 cur_d=0.69 vs=0.00 n=3 [id=211 static=0 gap=1.63m d=0.71 size=0.41; id=212 static=0 gap=0.53m d=0.40 size=0.31; id=197 static=1 gap=0.51m d=0.41 size=0.30]
1786860834.755 [STATE_CHANGE] TRAILING -> OVERTAKE src=OVERTAKE s=17.95 d=0.69 vs=0.00
1786860834.995 [STATIC_OT] state=OVERTAKE path_exists=1 path_locked=1 path_ttl_ok=1 path_safe=0 on_spline=1 speed=0.00 raw_wpnts=81 raw_age=0.53s decision=TRAILING reason=PATH_BLOCKED blocked_obs_id=211 gap=2.16m free_dist=0.098m branch=dyn/nopred (id_mismatch or empty)
1786860835.013 [STATE_CHANGE] OVERTAKE -> TRAILING src=GB_TRACK s=17.95 d=0.70 vs=0.00
1786860835.064 [STATE_CHANGE] TRAILING -> OVERTAKE src=OVERTAKE s=17.95 d=0.69 vs=0.00
1786860835.249 [STATIC_OT] state=OVERTAKE path_exists=1 path_locked=1 path_ttl_ok=1 path_safe=0 on_spline=1 speed=0.00 raw_wpnts=81 raw_age=0.56s decision=TRAILING reason=PATH_BLOCKED blocked_obs_id=216 gap=2.25m free_dist=0.041m branch=dyn/nopred (id_mismatch or empty)
1786860835.250 [STATE_CHANGE] OVERTAKE -> TRAILING src=GB_TRACK s=17.95 d=0.70 vs=0.00
1786860835.353 [OBSTACLES] cur_s=17.96 cur_d=0.70 vs=0.00 n=3 [id=212 static=0 gap=0.55m d=0.40 size=0.31; id=213 static=0 gap=1.71m d=0.79 size=0.35; id=216 static=1 gap=2.02m d=0.48 size=0.44]
1786860835.367 [STATE_CHANGE] TRAILING -> OVERTAKE src=OVERTAKE s=17.96 d=0.70 vs=0.00
1786860835.791 [STATIC_OT] state=OVERTAKE path_exists=1 path_locked=1 path_ttl_ok=1 path_safe=0 on_spline=1 speed=0.00 raw_wpnts=81 raw_age=0.65s decision=TRAILING reason=PATH_BLOCKED blocked_obs_id=212 gap=1.46m free_dist=-0.105m branch=static/geom
1786860835.796 [STATE_CHANGE] OVERTAKE -> TRAILING src=GB_TRACK s=17.95 d=0.70 vs=0.00
1786860835.896 [OBSTACLES] cur_s=17.95 cur_d=0.69 vs=0.00 n=3 [id=211 static=0 gap=0.53m d=0.43 size=0.30; id=213 static=0 gap=2.04m d=0.43 size=0.44; id=217 static=1 gap=0.54m d=0.42 size=0.31]
1786860836.103 [STATIC_OT] state=TRAILING path_exists=1 path_locked=0 path_ttl_ok=1 path_safe=0 on_spline=1 speed=0.00 raw_wpnts=81 raw_age=0.55s decision=TRAILING reason=PATH_BLOCKED blocked_obs_id=217 gap=0.69m free_dist=-0.186m branch=static/geom
1786860836.445 [OBSTACLES] cur_s=17.90 cur_d=0.65 vs=0.00 n=2 [id=213 static=0 gap=2.01m d=0.48 size=0.38; id=218 static=0 gap=1.53m d=0.75 size=0.36]
1786860836.465 [STATIC_OT] state=TRAILING path_exists=1 path_locked=0 path_ttl_ok=1 path_safe=1 on_spline=1 speed=0.00 raw_wpnts=81 raw_age=0.57s decision=OVERTAKE
1786860836.470 [STATE_CHANGE] TRAILING -> OVERTAKE src=OVERTAKE s=17.90 d=0.65 vs=0.00
1786860836.611 [STATE_CHANGE] OVERTAKE -> TRAILING src=GB_TRACK s=17.87 d=0.63 vs=0.00
1786860836.780 [STATIC_OT] state=TRAILING path_exists=0 path_locked=0 path_ttl_ok=0 path_safe=0 on_spline=0 speed=0.00 raw_wpnts=0 raw_age=-s decision=TRAILING reason=NO_STATIC_PATH
1786860836.954 [OBSTACLES] cur_s=18.28 cur_d=0.75 vs=0.00 n=3 [id=213 static=0 gap=1.59m d=0.77 size=0.36; id=218 static=0 gap=1.19m d=0.67 size=0.36; id=211 static=1 gap=0.15m d=0.41 size=0.30]
1786860837.067 [STATIC_OT] state=TRAILING path_exists=1 path_locked=0 path_ttl_ok=1 path_safe=1 on_spline=1 speed=0.00 raw_wpnts=81 raw_age=0.73s decision=OVERTAKE
1786860837.075 [STATE_CHANGE] TRAILING -> OVERTAKE src=OVERTAKE s=18.29 d=0.75 vs=0.00
1786860837.505 [OBSTACLES] cur_s=18.57 cur_d=0.82 vs=0.00 n=0 [none]
1786860837.847 [STATIC_OT] state=OVERTAKE path_exists=1 path_locked=1 path_ttl_ok=1 path_safe=0 on_spline=1 speed=0.00 raw_wpnts=81 raw_age=0.49s decision=TRAILING reason=PATH_BLOCKED blocked_obs_id=219 gap=2.23m free_dist=-0.135m branch=dyn/nopred (id_mismatch or empty)
1786860837.848 [STATE_CHANGE] OVERTAKE -> TRAILING src=RECOVERY s=18.60 d=0.83 vs=0.00
1786860838.032 [OBSTACLES] cur_s=18.60 cur_d=0.83 vs=0.00 n=4 [id=218 static=0 gap=1.83m d=0.76 size=0.36; id=211 static=0 gap=0.45m d=0.45 size=0.31; id=213 static=0 gap=1.42m d=0.72 size=0.37; id=219 static=0 gap=2.45m d=-0.06 size=0.33]
1786860838.141 [STATIC_OT] state=TRAILING path_exists=0 path_locked=0 path_ttl_ok=0 path_safe=0 on_spline=0 speed=0.00 raw_wpnts=0 raw_age=-s decision=TRAILING reason=NO_STATIC_PATH
1786860838.146 [STATE_CHANGE] TRAILING -> RECOVERY src=RECOVERY s=18.60 d=0.82 vs=0.00
1786860838.225 [STATE_CHANGE] RECOVERY -> TRAILING src=RECOVERY s=18.60 d=0.82 vs=0.00
1786860838.247 [STATE_CHANGE] TRAILING -> RECOVERY src=RECOVERY s=18.60 d=0.82 vs=0.00
1786860838.269 [STATE_CHANGE] RECOVERY -> TRAILING src=RECOVERY s=18.60 d=0.82 vs=0.00
1786860838.308 [STATE_CHANGE] TRAILING -> OVERTAKE src=OVERTAKE s=18.60 d=0.82 vs=0.00
1786860838.577 [OBSTACLES] cur_s=18.60 cur_d=0.82 vs=0.00 n=3 [id=218 static=0 gap=1.32m d=0.69 size=0.37; id=213 static=0 gap=1.85m d=0.82 size=0.38; id=211 static=1 gap=0.43m d=0.48 size=0.30]
1786860839.209 [OBSTACLES] cur_s=18.60 cur_d=0.82 vs=0.00 n=3 [id=213 static=0 gap=1.40m d=0.73 size=0.36; id=218 static=0 gap=2.03m d=0.77 size=0.37; id=211 static=1 gap=0.43m d=0.48 size=0.31]
1786860839.720 [OBSTACLES] cur_s=18.59 cur_d=0.82 vs=0.00 n=2 [id=213 static=0 gap=2.17m d=0.68 size=0.34; id=211 static=1 gap=0.44m d=0.48 size=0.31]
1786860840.206 [STATIC_OT] state=OVERTAKE path_exists=1 path_locked=1 path_ttl_ok=1 path_safe=0 on_spline=1 speed=0.00 raw_wpnts=81 raw_age=0.77s decision=TRAILING reason=PATH_BLOCKED blocked_obs_id=213 gap=2.09m free_dist=0.055m branch=dyn/nopred (id_mismatch or empty)
1786860840.211 [STATE_CHANGE] OVERTAKE -> TRAILING src=GB_TRACK s=18.60 d=0.82 vs=0.00
1786860840.347 [OBSTACLES] cur_s=18.60 cur_d=0.82 vs=0.00 n=3 [id=213 static=0 gap=1.76m d=0.79 size=0.29; id=218 static=0 gap=1.42m d=0.74 size=0.37; id=211 static=1 gap=0.43m d=0.48 size=0.31]
1786860840.354 [STATE_CHANGE] TRAILING -> OVERTAKE src=OVERTAKE s=18.60 d=0.82 vs=0.00
1786860840.723 [STATIC_OT] state=OVERTAKE path_exists=1 path_locked=1 path_ttl_ok=1 path_safe=0 on_spline=1 speed=0.00 raw_wpnts=81 raw_age=0.59s decision=TRAILING reason=PATH_BLOCKED blocked_obs_id=218 gap=2.24m free_dist=-0.053m branch=dyn/nopred (id_mismatch or empty)
1786860840.724 [STATE_CHANGE] OVERTAKE -> TRAILING src=GB_TRACK s=18.60 d=0.82 vs=0.00
1786860840.794 [STATE_CHANGE] TRAILING -> OVERTAKE src=OVERTAKE s=18.60 d=0.82 vs=0.00
1786860840.981 [OBSTACLES] cur_s=18.60 cur_d=0.82 vs=0.00 n=3 [id=218 static=0 gap=1.78m d=0.75 size=0.33; id=213 static=0 gap=1.41m d=0.70 size=0.36; id=211 static=1 gap=0.43m d=0.48 size=0.32]
1786860841.667 [OBSTACLES] cur_s=18.60 cur_d=0.83 vs=0.00 n=3 [id=218 static=0 gap=1.41m d=0.74 size=0.36; id=213 static=1 gap=1.47m d=0.75 size=0.35; id=211 static=1 gap=0.43m d=0.48 size=0.31]
1786860842.175 [STATIC_OT] state=OVERTAKE path_exists=1 path_locked=1 path_ttl_ok=1 path_safe=0 on_spline=1 speed=0.00 raw_wpnts=81 raw_age=0.60s decision=TRAILING reason=PATH_BLOCKED blocked_obs_id=213 gap=2.11m free_dist=0.067m branch=dyn/nopred (id_mismatch or empty)
1786860842.175 [STATE_CHANGE] OVERTAKE -> TRAILING src=GB_TRACK s=18.57 d=0.84 vs=0.00
1786860842.311 [OBSTACLES] cur_s=18.58 cur_d=0.84 vs=0.00 n=2 [id=218 static=0 gap=0.51m d=0.46 size=0.31; id=211 static=1 gap=0.44m d=0.48 size=0.32]
1786860842.319 [STATE_CHANGE] TRAILING -> OVERTAKE src=OVERTAKE s=18.58 d=0.84 vs=0.00
1786860842.833 [OBSTACLES] cur_s=18.57 cur_d=0.84 vs=0.00 n=3 [id=218 static=0 gap=0.43m d=0.46 size=0.30; id=213 static=0 gap=1.87m d=0.79 size=0.37; id=222 static=1 gap=1.43m d=0.74 size=0.37]
1786860843.389 [OBSTACLES] cur_s=18.58 cur_d=0.83 vs=0.00 n=3 [id=213 static=0 gap=1.86m d=0.79 size=0.37; id=218 static=1 gap=0.43m d=0.49 size=0.31; id=222 static=1 gap=1.41m d=0.74 size=0.37]
1786860843.948 [OBSTACLES] cur_s=18.67 cur_d=0.81 vs=0.00 n=3 [id=213 static=1 gap=1.68m d=0.75 size=0.37; id=218 static=1 gap=0.27m d=0.50 size=0.44; id=222 static=1 gap=1.33m d=0.74 size=0.37]
1786860844.346 [STATIC_OT] state=OVERTAKE path_exists=1 path_locked=1 path_ttl_ok=1 path_safe=0 on_spline=1 speed=0.00 raw_wpnts=81 raw_age=0.76s decision=TRAILING reason=PATH_BLOCKED blocked_obs_id=223 gap=3.65m free_dist=-0.225m branch=static/geom
1786860844.348 [STATE_CHANGE] OVERTAKE -> TRAILING src=GB_TRACK s=18.77 d=0.82 vs=0.00
1786860844.450 [OBSTACLES] cur_s=18.78 cur_d=0.83 vs=0.00 n=2 [id=223 static=1 gap=3.43m d=-0.13 size=0.42; id=226 static=1 gap=0.40m d=0.48 size=0.31]
1786860844.640 [STATIC_OT] state=TRAILING path_exists=1 path_locked=0 path_ttl_ok=1 path_safe=0 on_spline=1 speed=0.00 raw_wpnts=81 raw_age=0.94s decision=TRAILING reason=PATH_BLOCKED blocked_obs_id=223 gap=3.68m free_dist=-0.225m branch=static/geom
1786860844.797 [STATE_CHANGE] TRAILING -> OVERTAKE src=OVERTAKE s=18.63 d=0.84 vs=0.00
1786860845.128 [OBSTACLES] cur_s=18.61 cur_d=0.85 vs=0.00 n=3 [id=226 static=1 gap=0.50m d=0.50 size=0.30; id=227 static=1 gap=1.45m d=0.72 size=0.38; id=228 static=1 gap=1.93m d=0.69 size=0.36]
1786860845.666 [OBSTACLES] cur_s=18.56 cur_d=0.83 vs=0.00 n=4 [id=229 static=0 gap=2.65m d=0.85 size=0.24; id=226 static=1 gap=0.52m d=0.50 size=0.31; id=227 static=1 gap=1.52m d=0.73 size=0.30; id=228 static=1 gap=1.91m d=0.69 size=0.42]
1786860845.862 [STATIC_OT] state=OVERTAKE path_exists=1 path_locked=1 path_ttl_ok=1 path_safe=0 on_spline=1 speed=0.00 raw_wpnts=81 raw_age=0.51s decision=TRAILING reason=PATH_BLOCKED blocked_obs_id=229 gap=3.02m free_dist=-0.34m branch=dyn/nopred (id_mismatch or empty)
1786860845.862 [STATE_CHANGE] OVERTAKE -> TRAILING src=GB_TRACK s=18.43 d=0.73 vs=0.00
1786860846.196 [OBSTACLES] cur_s=19.02 cur_d=0.71 vs=0.00 n=1 [id=227 static=1 gap=1.01m d=0.74 size=0.35]
1786860846.205 [STATIC_OT] state=TRAILING path_exists=1 path_locked=0 path_ttl_ok=1 path_safe=1 on_spline=1 speed=0.00 raw_wpnts=81 raw_age=0.54s decision=OVERTAKE
1786860846.210 [STATE_CHANGE] TRAILING -> OVERTAKE src=OVERTAKE s=19.02 d=0.71 vs=0.00
1786860846.333 [STATE_CHANGE] OVERTAKE -> TRAILING src=GB_TRACK s=19.24 d=0.70 vs=0.00
1786860846.432 [STATIC_OT] state=TRAILING path_exists=0 path_locked=0 path_ttl_ok=0 path_safe=0 on_spline=0 speed=0.00 raw_wpnts=0 raw_age=-s decision=TRAILING reason=NO_STATIC_PATH
1786860846.734 [OBSTACLES] cur_s=19.11 cur_d=0.63 vs=0.00 n=2 [id=229 static=0 gap=2.64m d=0.16 size=0.28; id=227 static=0 gap=1.80m d=0.64 size=0.40]
1786860846.740 [STATIC_OT] state=TRAILING path_exists=0 path_locked=0 path_ttl_ok=0 path_safe=0 on_spline=0 speed=0.00 raw_wpnts=0 raw_age=-s decision=TRAILING reason=NO_STATIC_PATH
1786860847.071 [STATIC_OT] state=TRAILING path_exists=0 path_locked=0 path_ttl_ok=0 path_safe=0 on_spline=0 speed=0.00 raw_wpnts=0 raw_age=-s decision=TRAILING reason=NO_STATIC_PATH
1786860847.298 [OBSTACLES] cur_s=19.78 cur_d=0.55 vs=0.00 n=2 [id=229 static=0 gap=1.49m d=0.63 size=0.29; id=227 static=1 gap=0.49m d=0.76 size=0.15]
1786860847.307 [STATIC_OT] state=TRAILING path_exists=0 path_locked=0 path_ttl_ok=0 path_safe=0 on_spline=0 speed=0.00 raw_wpnts=0 raw_age=-s decision=TRAILING reason=NO_STATIC_PATH
1786860847.696 [STATIC_OT] state=TRAILING path_exists=0 path_locked=0 path_ttl_ok=0 path_safe=0 on_spline=0 speed=0.00 raw_wpnts=0 raw_age=-s decision=TRAILING reason=NO_STATIC_PATH
1786860847.829 [OBSTACLES] cur_s=19.83 cur_d=0.45 vs=0.00 n=2 [id=229 static=0 gap=1.63m d=0.76 size=0.17; id=243 static=1 gap=2.68m d=-0.04 size=0.30]
1786860847.980 [STATIC_OT] state=TRAILING path_exists=0 path_locked=0 path_ttl_ok=0 path_safe=0 on_spline=0 speed=0.00 raw_wpnts=0 raw_age=-s decision=TRAILING reason=NO_STATIC_PATH
1786860848.134 [STATE_CHANGE] TRAILING -> OVERTAKE src=OVERTAKE s=19.88 d=0.23 vs=0.00
1786860848.386 [OBSTACLES] cur_s=20.38 cur_d=-0.14 vs=0.00 n=3 [id=229 static=0 gap=1.30m d=0.79 size=0.34; id=247 static=1 gap=13.85m d=0.24 size=0.22; id=248 static=1 gap=3.02m d=0.58 size=0.42]
1786860848.392 [STATIC_OT] state=OVERTAKE path_exists=1 path_locked=1 path_ttl_ok=0 path_safe=0 on_spline=0 speed=0.00 raw_wpnts=0 raw_age=-s decision=TRAILING reason=NO_STATIC_PATH
1786860848.402 [STATE_CHANGE] OVERTAKE -> TRAILING src=GB_TRACK s=20.38 d=-0.14 vs=0.00
1786860848.707 [STATIC_OT] state=TRAILING path_exists=1 path_locked=0 path_ttl_ok=0 path_safe=0 on_spline=0 speed=0.00 raw_wpnts=0 raw_age=-s decision=TRAILING reason=NO_STATIC_PATH
1786860848.897 [OBSTACLES] cur_s=20.61 cur_d=-1.10 vs=0.00 n=2 [id=229 static=0 gap=3.06m d=0.25 size=0.18; id=248 static=1 gap=2.96m d=0.65 size=0.17]
1786860848.913 [STATIC_OT] state=TRAILING path_exists=1 path_locked=0 path_ttl_ok=0 path_safe=0 on_spline=0 speed=0.00 raw_wpnts=0 raw_age=-s decision=TRAILING reason=NO_STATIC_PATH
1786860849.187 [STATIC_OT] state=TRAILING path_exists=1 path_locked=0 path_ttl_ok=0 path_safe=0 on_spline=0 speed=0.00 raw_wpnts=0 raw_age=-s decision=TRAILING reason=NO_STATIC_PATH
1786860849.257 [STATE_CHANGE] TRAILING -> LOSTLINE src=GB_TRACK s=20.59 d=-1.08 vs=0.00
1786860849.450 [OBSTACLES] cur_s=20.60 cur_d=-1.08 vs=0.00 n=0 [none]
1786860849.994 [OBSTACLES] cur_s=20.60 cur_d=-1.09 vs=0.00 n=0 [none]
1786860850.524 [OBSTACLES] cur_s=20.61 cur_d=-1.09 vs=0.00 n=0 [none]
1786860851.039 [OBSTACLES] cur_s=20.61 cur_d=-1.09 vs=0.00 n=0 [none]
1786860851.563 [OBSTACLES] cur_s=20.61 cur_d=-1.09 vs=0.00 n=0 [none]
1786860852.073 [OBSTACLES] cur_s=20.61 cur_d=-1.09 vs=0.00 n=0 [none]
1786860852.595 [OBSTACLES] cur_s=20.61 cur_d=-1.09 vs=0.00 n=0 [none]
1786860853.142 [OBSTACLES] cur_s=20.61 cur_d=-1.08 vs=0.00 n=0 [none]
1786860853.670 [OBSTACLES] cur_s=20.61 cur_d=-1.09 vs=0.00 n=0 [none]
1786860854.194 [OBSTACLES] cur_s=20.61 cur_d=-1.09 vs=0.00 n=0 [none]
1786860854.705 [OBSTACLES] cur_s=20.61 cur_d=-1.09 vs=0.00 n=0 [none]
1786860855.232 [OBSTACLES] cur_s=20.61 cur_d=-1.09 vs=0.00 n=0 [none]
1786860855.769 [OBSTACLES] cur_s=20.61 cur_d=-1.09 vs=0.00 n=0 [none]
1786860856.319 [OBSTACLES] cur_s=20.58 cur_d=0.77 vs=0.00 n=0 [none]
1786860856.829 [OBSTACLES] cur_s=20.59 cur_d=0.78 vs=0.00 n=0 [none]
1786860857.358 [OBSTACLES] cur_s=20.59 cur_d=0.79 vs=0.00 n=0 [none]
1786860857.914 [OBSTACLES] cur_s=20.58 cur_d=0.79 vs=0.00 n=0 [none]
1786860858.338 [STATE_CHANGE] LOSTLINE -> RECOVERY src=RECOVERY s=20.58 d=0.80 vs=0.00
1786860858.438 [OBSTACLES] cur_s=20.59 cur_d=0.80 vs=0.07 n=0 [none]
1786860858.962 [OBSTACLES] cur_s=20.87 cur_d=0.77 vs=2.10 n=0 [none]
1786860859.462 [OBSTACLES] cur_s=21.89 cur_d=0.66 vs=1.89 n=0 [none]
1786860859.618 [STATE_CHANGE] RECOVERY -> LOSTLINE src=GB_TRACK s=22.27 d=0.62 vs=1.47
1786860860.007 [OBSTACLES] cur_s=22.63 cur_d=0.59 vs=0.61 n=0 [none]
1786860860.565 [OBSTACLES] cur_s=22.58 cur_d=0.60 vs=-1.22 n=0 [none]
1786860861.114 [OBSTACLES] cur_s=21.54 cur_d=0.72 vs=-1.74 n=0 [none]
1786860861.236 [STATE_CHANGE] LOSTLINE -> RECOVERY src=RECOVERY s=21.32 d=0.76 vs=-1.46
1786860861.654 [OBSTACLES] cur_s=21.02 cur_d=0.82 vs=-0.57 n=0 [none]
1786860861.654 [STATE_CHANGE] RECOVERY -> LOSTLINE src=GB_TRACK s=21.02 d=0.82 vs=-0.57
1786860861.714 [STATE_CHANGE] LOSTLINE -> RECOVERY src=RECOVERY s=21.00 d=0.82 vs=-0.46
1786860862.209 [OBSTACLES] cur_s=21.06 cur_d=0.84 vs=0.00 n=0 [none]
1786860862.739 [OBSTACLES] cur_s=21.07 cur_d=0.84 vs=0.00 n=0 [none]
1786860863.260 [OBSTACLES] cur_s=21.06 cur_d=0.84 vs=0.00 n=0 [none]
1786860863.828 [OBSTACLES] cur_s=20.97 cur_d=0.84 vs=-0.32 n=0 [none]
1786860864.052 [STATE_CHANGE] RECOVERY -> LOSTLINE src=GB_TRACK s=20.83 d=0.84 vs=-0.56
1786860864.111 [STATE_CHANGE] LOSTLINE -> RECOVERY src=RECOVERY s=20.75 d=0.85 vs=-0.78
1786860864.369 [OBSTACLES] cur_s=20.53 cur_d=0.87 vs=-0.81 n=0 [none]
1786860864.547 [STATE_CHANGE] RECOVERY -> LOSTLINE src=GB_TRACK s=20.25 d=0.86 vs=-0.39
1786860864.879 [OBSTACLES] cur_s=20.16 cur_d=0.86 vs=-0.07 n=0 [none]
1786860865.415 [OBSTACLES] cur_s=19.93 cur_d=0.89 vs=-0.57 n=0 [none]
1786860865.501 [STATE_CHANGE] LOSTLINE -> RECOVERY src=RECOVERY s=19.88 d=0.90 vs=-0.46
1786860865.948 [OBSTACLES] cur_s=19.85 cur_d=0.88 vs=0.00 n=0 [none]
1786860866.457 [OBSTACLES] cur_s=19.78 cur_d=0.88 vs=0.00 n=0 [none]
1786860866.971 [OBSTACLES] cur_s=19.79 cur_d=0.89 vs=0.00 n=0 [none]
1786860867.526 [OBSTACLES] cur_s=19.80 cur_d=0.90 vs=0.00 n=0 [none]
1786860868.030 [OBSTACLES] cur_s=19.79 cur_d=0.90 vs=0.00 n=0 [none]
1786860868.535 [OBSTACLES] cur_s=19.72 cur_d=0.90 vs=0.00 n=0 [none]
1786860869.048 [OBSTACLES] cur_s=19.69 cur_d=0.90 vs=0.00 n=0 [none]
1786860869.586 [OBSTACLES] cur_s=19.69 cur_d=0.90 vs=0.00 n=0 [none]
1786860870.102 [OBSTACLES] cur_s=19.68 cur_d=0.89 vs=0.00 n=0 [none]
1786860870.673 [OBSTACLES] cur_s=19.68 cur_d=0.89 vs=0.00 n=0 [none]
1786860871.347 [OBSTACLES] cur_s=19.70 cur_d=0.89 vs=0.00 n=0 [none]
1786860871.858 [OBSTACLES] cur_s=19.69 cur_d=0.90 vs=0.00 n=0 [none]
1786860872.405 [OBSTACLES] cur_s=19.69 cur_d=0.90 vs=0.00 n=0 [none]
1786860872.932 [OBSTACLES] cur_s=19.70 cur_d=0.90 vs=0.00 n=0 [none]
1786860873.460 [OBSTACLES] cur_s=19.70 cur_d=0.90 vs=0.00 n=0 [none]
1786860873.964 [OBSTACLES] cur_s=19.69 cur_d=0.90 vs=0.00 n=0 [none]
1786860874.499 [OBSTACLES] cur_s=19.70 cur_d=0.90 vs=0.00 n=0 [none]
1786860875.137 [OBSTACLES] cur_s=19.70 cur_d=0.90 vs=0.00 n=0 [none]
1786860875.463 [STATE_CHANGE] RECOVERY -> LOSTLINE src=GB_TRACK s=19.70 d=0.90 vs=0.00
1786860875.703 [OBSTACLES] cur_s=19.70 cur_d=0.90 vs=0.00 n=0 [none]
1786860876.343 [OBSTACLES] cur_s=19.70 cur_d=0.90 vs=0.00 n=0 [none]
1786860876.834 [STATE_CHANGE] LOSTLINE -> RECOVERY src=RECOVERY s=19.70 d=0.90 vs=0.00
1786860876.858 [OBSTACLES] cur_s=19.70 cur_d=0.90 vs=0.00 n=0 [none]
1786860877.362 [OBSTACLES] cur_s=19.69 cur_d=0.90 vs=0.00 n=0 [none]
1786860877.932 [OBSTACLES] cur_s=19.70 cur_d=0.90 vs=0.00 n=0 [none]
1786860878.527 [OBSTACLES] cur_s=19.70 cur_d=0.90 vs=0.00 n=0 [none]
1786860879.037 [OBSTACLES] cur_s=19.70 cur_d=0.90 vs=0.00 n=0 [none]
1786860879.652 [OBSTACLES] cur_s=19.70 cur_d=0.90 vs=0.00 n=0 [none]
1786860880.172 [OBSTACLES] cur_s=19.68 cur_d=0.89 vs=0.00 n=0 [none]
1786860880.683 [OBSTACLES] cur_s=19.69 cur_d=0.89 vs=0.00 n=0 [none]
1786860881.195 [OBSTACLES] cur_s=19.65 cur_d=0.86 vs=0.00 n=0 [none]
1786860881.711 [OBSTACLES] cur_s=19.64 cur_d=0.87 vs=0.00 n=0 [none]
1786860882.213 [OBSTACLES] cur_s=19.68 cur_d=0.88 vs=0.00 n=0 [none]
1786860882.767 [OBSTACLES] cur_s=19.69 cur_d=0.90 vs=0.00 n=0 [none]
1786860883.268 [OBSTACLES] cur_s=19.69 cur_d=0.90 vs=0.00 n=0 [none]
1786860883.774 [OBSTACLES] cur_s=19.69 cur_d=0.90 vs=0.00 n=0 [none]
1786860884.339 [OBSTACLES] cur_s=19.68 cur_d=0.89 vs=0.00 n=0 [none]
1786860884.880 [OBSTACLES] cur_s=19.69 cur_d=0.89 vs=0.00 n=0 [none]
1786860885.454 [OBSTACLES] cur_s=19.70 cur_d=0.89 vs=0.00 n=0 [none]
1786860886.065 [OBSTACLES] cur_s=19.69 cur_d=0.90 vs=0.00 n=0 [none]
1786860886.573 [OBSTACLES] cur_s=19.70 cur_d=0.90 vs=0.00 n=0 [none]
1786860886.829 [STATE_CHANGE] RECOVERY -> LOSTLINE src=GB_TRACK s=19.70 d=0.90 vs=0.00
1786860887.088 [OBSTACLES] cur_s=19.69 cur_d=0.90 vs=0.00 n=0 [none]
1786860887.133 [STATE_CHANGE] LOSTLINE -> RECOVERY src=RECOVERY s=19.69 d=0.90 vs=0.00
1786860887.686 [OBSTACLES] cur_s=19.70 cur_d=0.90 vs=0.00 n=0 [none]
1786860888.205 [OBSTACLES] cur_s=19.70 cur_d=0.90 vs=0.00 n=0 [none]
1786860888.713 [OBSTACLES] cur_s=19.69 cur_d=0.90 vs=0.00 n=0 [none]
1786860889.264 [OBSTACLES] cur_s=19.69 cur_d=0.90 vs=0.00 n=0 [none]
1786860889.799 [OBSTACLES] cur_s=19.70 cur_d=0.90 vs=0.00 n=0 [none]
1786860890.531 [OBSTACLES] cur_s=19.69 cur_d=0.90 vs=0.00 n=0 [none]
1786860891.041 [OBSTACLES] cur_s=19.69 cur_d=0.90 vs=0.00 n=0 [none]
1786860891.558 [OBSTACLES] cur_s=19.68 cur_d=0.90 vs=0.00 n=0 [none]
1786860892.078 [OBSTACLES] cur_s=19.69 cur_d=0.90 vs=0.00 n=0 [none]
1786860892.598 [OBSTACLES] cur_s=19.69 cur_d=0.90 vs=0.00 n=0 [none]
1786860893.135 [OBSTACLES] cur_s=19.67 cur_d=0.88 vs=0.00 n=0 [none]
1786860893.662 [OBSTACLES] cur_s=19.68 cur_d=0.89 vs=0.00 n=0 [none]
1786860894.085 [STATIC_OT] state=RECOVERY path_exists=0 path_locked=0 path_ttl_ok=0 path_safe=0 on_spline=0 speed=0.00 raw_wpnts=0 raw_age=-s decision=TRAILING reason=NO_STATIC_PATH
1786860894.093 [STATE_CHANGE] RECOVERY -> TRAILING src=RECOVERY s=19.69 d=0.90 vs=0.00
1786860894.206 [OBSTACLES] cur_s=19.69 cur_d=0.90 vs=0.00 n=0 [none]
1786860894.214 [STATE_CHANGE] TRAILING -> RECOVERY src=RECOVERY s=19.69 d=0.90 vs=0.00
1786860894.688 [STATIC_OT] state=RECOVERY path_exists=0 path_locked=0 path_ttl_ok=0 path_safe=0 on_spline=0 speed=0.00 raw_wpnts=0 raw_age=-s decision=TRAILING reason=NO_STATIC_PATH
1786860894.690 [STATE_CHANGE] RECOVERY -> TRAILING src=RECOVERY s=19.68 d=0.89 vs=0.00
1786860894.754 [OBSTACLES] cur_s=19.68 cur_d=0.89 vs=0.00 n=1 [id=263 static=1 gap=0.05m d=0.87 size=0.19]
1786860894.969 [STATIC_OT] state=TRAILING path_exists=0 path_locked=0 path_ttl_ok=0 path_safe=0 on_spline=0 speed=0.00 raw_wpnts=0 raw_age=-s decision=TRAILING reason=NO_STATIC_PATH
1786860895.207 [STATIC_OT] state=TRAILING path_exists=0 path_locked=0 path_ttl_ok=0 path_safe=0 on_spline=0 speed=0.00 raw_wpnts=0 raw_age=-s decision=TRAILING reason=NO_STATIC_PATH
1786860895.293 [OBSTACLES] cur_s=19.54 cur_d=0.76 vs=0.00 n=1 [id=263 static=1 gap=0.12m d=0.85 size=0.25]
1786860895.445 [STATIC_OT] state=TRAILING path_exists=0 path_locked=0 path_ttl_ok=0 path_safe=0 on_spline=0 speed=0.00 raw_wpnts=0 raw_age=-s decision=TRAILING reason=NO_STATIC_PATH
1786860895.488 [STATE_CHANGE] TRAILING -> RECOVERY src=RECOVERY s=19.66 d=0.75 vs=0.00
1786860895.819 [OBSTACLES] cur_s=19.66 cur_d=0.75 vs=0.00 n=0 [none]
1786860896.380 [OBSTACLES] cur_s=19.73 cur_d=0.89 vs=0.00 n=0 [none]
1786860896.892 [OBSTACLES] cur_s=19.69 cur_d=0.90 vs=0.00 n=0 [none]
1786860897.057 [STATE_CHANGE] RECOVERY -> LOSTLINE src=GB_TRACK s=19.69 d=0.90 vs=0.00
1786860897.400 [OBSTACLES] cur_s=19.69 cur_d=0.90 vs=0.00 n=0 [none]
1786860897.700 [STATE_CHANGE] LOSTLINE -> RECOVERY src=RECOVERY s=19.69 d=0.90 vs=0.00
1786860897.924 [OBSTACLES] cur_s=19.69 cur_d=0.90 vs=0.00 n=0 [none]
1786860898.516 [OBSTACLES] cur_s=19.69 cur_d=0.90 vs=0.00 n=0 [none]
1786860899.123 [OBSTACLES] cur_s=19.68 cur_d=0.90 vs=0.00 n=0 [none]
1786860899.714 [OBSTACLES] cur_s=19.69 cur_d=0.90 vs=0.00 n=0 [none]
1786860900.329 [OBSTACLES] cur_s=19.69 cur_d=0.90 vs=0.00 n=0 [none]
1786860900.930 [OBSTACLES] cur_s=19.69 cur_d=0.90 vs=0.00 n=0 [none]
1786860901.543 [OBSTACLES] cur_s=19.69 cur_d=0.90 vs=0.00 n=0 [none]
1786860902.107 [OBSTACLES] cur_s=19.69 cur_d=0.90 vs=0.00 n=0 [none]
1786860902.638 [OBSTACLES] cur_s=19.75 cur_d=0.87 vs=0.00 n=0 [none]
1786860903.182 [OBSTACLES] cur_s=19.90 cur_d=0.89 vs=0.00 n=0 [none]
1786860903.710 [OBSTACLES] cur_s=19.91 cur_d=0.89 vs=0.00 n=0 [none]
1786860904.251 [OBSTACLES] cur_s=19.95 cur_d=0.89 vs=0.00 n=0 [none]
1786860904.755 [OBSTACLES] cur_s=19.99 cur_d=0.87 vs=0.00 n=1 [id=268 static=1 gap=2.32m d=0.73 size=0.36]
1786860905.274 [OBSTACLES] cur_s=19.89 cur_d=0.89 vs=-0.28 n=0 [none]
1786860905.833 [OBSTACLES] cur_s=19.82 cur_d=0.89 vs=0.00 n=0 [none]
1786860906.364 [OBSTACLES] cur_s=19.81 cur_d=0.90 vs=0.00 n=0 [none]
1786860906.918 [OBSTACLES] cur_s=19.81 cur_d=0.90 vs=0.00 n=0 [none]
1786860907.470 [OBSTACLES] cur_s=19.81 cur_d=0.90 vs=0.00 n=0 [none]
1786860907.795 [STATE_CHANGE] RECOVERY -> LOSTLINE src=GB_TRACK s=19.81 d=0.90 vs=0.00
1786860908.035 [OBSTACLES] cur_s=19.82 cur_d=0.90 vs=0.00 n=0 [none]
1786860908.380 [STATE_CHANGE] LOSTLINE -> RECOVERY src=RECOVERY s=19.81 d=0.90 vs=0.00
1786860908.586 [OBSTACLES] cur_s=19.82 cur_d=0.90 vs=0.00 n=0 [none]
1786860909.097 [OBSTACLES] cur_s=19.81 cur_d=0.90 vs=0.00 n=0 [none]
1786860909.684 [OBSTACLES] cur_s=19.81 cur_d=0.90 vs=0.00 n=0 [none]
1786860910.220 [OBSTACLES] cur_s=19.81 cur_d=0.90 vs=0.00 n=0 [none]
1786860910.789 [OBSTACLES] cur_s=19.81 cur_d=0.90 vs=0.00 n=0 [none]
1786860911.298 [OBSTACLES] cur_s=19.81 cur_d=0.90 vs=0.00 n=0 [none]
1786860911.808 [OBSTACLES] cur_s=19.81 cur_d=0.90 vs=0.00 n=0 [none]
1786860912.359 [OBSTACLES] cur_s=19.82 cur_d=0.90 vs=0.00 n=0 [none]
1786860912.906 [OBSTACLES] cur_s=19.81 cur_d=0.90 vs=0.00 n=0 [none]
1786860913.488 [OBSTACLES] cur_s=19.82 cur_d=0.90 vs=0.00 n=0 [none]
1786860914.052 [OBSTACLES] cur_s=19.81 cur_d=0.90 vs=0.00 n=0 [none]
1786860914.620 [OBSTACLES] cur_s=19.82 cur_d=0.90 vs=0.00 n=0 [none]
1786860915.124 [OBSTACLES] cur_s=19.82 cur_d=0.90 vs=0.00 n=0 [none]
1786860915.634 [OBSTACLES] cur_s=19.81 cur_d=0.90 vs=0.00 n=0 [none]
1786860916.188 [OBSTACLES] cur_s=19.82 cur_d=0.90 vs=0.00 n=0 [none]
1786860916.700 [OBSTACLES] cur_s=19.81 cur_d=0.90 vs=0.00 n=0 [none]
1786860917.240 [OBSTACLES] cur_s=19.81 cur_d=0.90 vs=0.00 n=0 [none]
1786860917.840 [OBSTACLES] cur_s=19.82 cur_d=0.90 vs=0.00 n=0 [none]
1786860918.313 [STATE_CHANGE] RECOVERY -> LOSTLINE src=GB_TRACK s=19.82 d=0.90 vs=0.00
1786860918.433 [OBSTACLES] cur_s=19.81 cur_d=0.90 vs=0.00 n=0 [none]
1786860918.978 [OBSTACLES] cur_s=19.82 cur_d=0.90 vs=0.00 n=0 [none]
1786860919.479 [OBSTACLES] cur_s=19.82 cur_d=0.90 vs=0.00 n=0 [none]
1786860920.010 [OBSTACLES] cur_s=19.72 cur_d=0.90 vs=0.00 n=0 [none]
1786860920.519 [OBSTACLES] cur_s=19.72 cur_d=0.90 vs=0.00 n=0 [none]
1786860921.106 [OBSTACLES] cur_s=19.71 cur_d=0.90 vs=0.00 n=0 [none]
1786860921.627 [OBSTACLES] cur_s=19.71 cur_d=0.90 vs=0.00 n=0 [none]
1786860922.175 [OBSTACLES] cur_s=19.72 cur_d=0.90 vs=0.00 n=0 [none]
1786860922.733 [OBSTACLES] cur_s=19.72 cur_d=0.90 vs=0.00 n=0 [none]
1786860923.270 [OBSTACLES] cur_s=19.72 cur_d=0.90 vs=0.00 n=0 [none]
1786860923.454 [STATE_CHANGE] LOSTLINE -> RECOVERY src=RECOVERY s=19.72 d=0.90 vs=0.00
1786860923.782 [OBSTACLES] cur_s=19.72 cur_d=0.90 vs=0.00 n=0 [none]
1786860924.293 [OBSTACLES] cur_s=19.71 cur_d=0.90 vs=0.00 n=0 [none]
1786860924.919 [OBSTACLES] cur_s=19.71 cur_d=0.90 vs=0.00 n=0 [none]
1786860925.447 [OBSTACLES] cur_s=19.72 cur_d=0.90 vs=0.00 n=0 [none]
1786860925.985 [OBSTACLES] cur_s=19.72 cur_d=0.90 vs=0.00 n=0 [none]
1786860926.512 [OBSTACLES] cur_s=19.71 cur_d=0.90 vs=0.00 n=0 [none]
1786860927.016 [OBSTACLES] cur_s=19.71 cur_d=0.90 vs=0.00 n=0 [none]
1786860927.612 [OBSTACLES] cur_s=19.71 cur_d=0.90 vs=0.00 n=0 [none]
1786860928.148 [OBSTACLES] cur_s=19.71 cur_d=0.89 vs=0.00 n=0 [none]
1786860928.681 [OBSTACLES] cur_s=19.71 cur_d=0.89 vs=0.00 n=0 [none]
1786860929.199 [OBSTACLES] cur_s=19.71 cur_d=0.89 vs=0.00 n=0 [none]
1786860929.711 [OBSTACLES] cur_s=19.71 cur_d=0.90 vs=0.00 n=0 [none]
1786860930.280 [OBSTACLES] cur_s=19.71 cur_d=0.90 vs=0.00 n=0 [none]
1786860930.796 [OBSTACLES] cur_s=20.15 cur_d=0.67 vs=0.00 n=0 [none]
1786860931.313 [OBSTACLES] cur_s=19.72 cur_d=0.90 vs=0.00 n=0 [none]
1786860931.853 [OBSTACLES] cur_s=19.72 cur_d=0.90 vs=0.00 n=0 [none]
1786860932.423 [OBSTACLES] cur_s=19.72 cur_d=0.90 vs=0.00 n=0 [none]
1786860932.962 [OBSTACLES] cur_s=19.73 cur_d=0.90 vs=0.00 n=0 [none]
1786860933.451 [STATE_CHANGE] RECOVERY -> LOSTLINE src=GB_TRACK s=19.71 d=0.90 vs=0.00
1786860933.525 [OBSTACLES] cur_s=19.71 cur_d=0.90 vs=0.00 n=0 [none]
1786860933.639 [STATE_CHANGE] LOSTLINE -> RECOVERY src=RECOVERY s=19.71 d=0.90 vs=0.00
1786860934.040 [OBSTACLES] cur_s=19.72 cur_d=0.90 vs=0.00 n=0 [none]
1786860934.558 [OBSTACLES] cur_s=19.69 cur_d=0.88 vs=0.00 n=0 [none]
1786860935.068 [OBSTACLES] cur_s=19.69 cur_d=0.88 vs=0.00 n=0 [none]
1786860935.606 [OBSTACLES] cur_s=19.70 cur_d=0.90 vs=0.00 n=0 [none]
1786860936.170 [OBSTACLES] cur_s=19.68 cur_d=0.87 vs=0.00 n=0 [none]
1786860936.682 [OBSTACLES] cur_s=19.68 cur_d=0.87 vs=0.00 n=0 [none]
1786860937.183 [OBSTACLES] cur_s=19.69 cur_d=0.88 vs=0.00 n=0 [none]
1786860938.095 [OBSTACLES] cur_s=19.68 cur_d=0.88 vs=0.00 n=0 [none]
1786860938.624 [OBSTACLES] cur_s=19.68 cur_d=0.87 vs=0.00 n=0 [none]
1786860939.175 [OBSTACLES] cur_s=19.68 cur_d=0.88 vs=0.00 n=1 [id=277 static=1 gap=2.54m d=0.77 size=0.36]
1786860939.735 [OBSTACLES] cur_s=19.68 cur_d=0.88 vs=0.00 n=1 [id=277 static=1 gap=2.50m d=0.77 size=0.43]
1786860940.309 [OBSTACLES] cur_s=19.69 cur_d=0.88 vs=0.00 n=1 [id=277 static=1 gap=2.53m d=0.76 size=0.40]
1786860940.884 [OBSTACLES] cur_s=19.70 cur_d=0.89 vs=0.00 n=0 [none]
1786860941.443 [OBSTACLES] cur_s=19.71 cur_d=0.90 vs=0.00 n=0 [none]
1786860941.989 [OBSTACLES] cur_s=19.72 cur_d=0.90 vs=0.00 n=0 [none]
1786860942.542 [OBSTACLES] cur_s=19.72 cur_d=0.90 vs=0.00 n=0 [none]
1786860943.075 [OBSTACLES] cur_s=19.72 cur_d=0.90 vs=0.00 n=0 [none]
1786860943.578 [OBSTACLES] cur_s=19.71 cur_d=0.90 vs=0.00 n=0 [none]
1786860943.589 [STATE_CHANGE] RECOVERY -> LOSTLINE src=GB_TRACK s=19.71 d=0.90 vs=0.00
1786860943.825 [STATIC_OT] state=GB_TRACK path_exists=0 path_locked=0 path_ttl_ok=0 path_safe=0 on_spline=0 speed=0.00 raw_wpnts=0 raw_age=-s decision=TRAILING reason=NO_STATIC_PATH
1786860943.829 [STATE_CHANGE] LOSTLINE -> TRAILING src=GB_TRACK s=19.72 d=0.89 vs=0.00
1786860944.146 [OBSTACLES] cur_s=19.70 cur_d=0.88 vs=0.00 n=0 [none]
1786860944.147 [STATE_CHANGE] TRAILING -> LOSTLINE src=GB_TRACK s=19.70 d=0.88 vs=0.00
1786860944.490 [STATE_CHANGE] LOSTLINE -> RECOVERY src=RECOVERY s=19.71 d=0.88 vs=0.00
1786860944.855 [OBSTACLES] cur_s=19.71 cur_d=0.88 vs=0.00 n=0 [none]
1786860945.368 [OBSTACLES] cur_s=19.71 cur_d=0.88 vs=0.00 n=0 [none]
1786860945.914 [OBSTACLES] cur_s=19.71 cur_d=0.89 vs=0.00 n=0 [none]
1786860946.456 [OBSTACLES] cur_s=19.71 cur_d=0.88 vs=0.00 n=0 [none]
1786860947.003 [OBSTACLES] cur_s=19.71 cur_d=0.88 vs=0.00 n=0 [none]
1786860947.588 [OBSTACLES] cur_s=19.72 cur_d=0.89 vs=0.00 n=0 [none]
1786860947.743 [STATIC_OT] state=RECOVERY path_exists=0 path_locked=0 path_ttl_ok=0 path_safe=0 on_spline=0 speed=0.00 raw_wpnts=0 raw_age=-s decision=TRAILING reason=NO_STATIC_PATH
1786860947.753 [STATE_CHANGE] RECOVERY -> TRAILING src=RECOVERY s=19.72 d=0.89 vs=0.00
1786860947.858 [STATE_CHANGE] TRAILING -> RECOVERY src=RECOVERY s=19.72 d=0.89 vs=0.00
1786860948.164 [OBSTACLES] cur_s=19.73 cur_d=0.90 vs=0.00 n=0 [none]
1786860948.738 [OBSTACLES] cur_s=19.50 cur_d=0.90 vs=0.00 n=0 [none]
1786860949.290 [OBSTACLES] cur_s=19.70 cur_d=0.90 vs=0.00 n=0 [none]
1786860949.829 [OBSTACLES] cur_s=19.70 cur_d=0.90 vs=0.00 n=0 [none]
1786860950.365 [OBSTACLES] cur_s=19.70 cur_d=0.90 vs=0.00 n=0 [none]
1786860951.096 [OBSTACLES] cur_s=19.70 cur_d=0.91 vs=0.00 n=1 [id=286 static=0 gap=0.02m d=0.88 size=0.30]
1786860951.099 [STATIC_OT] state=RECOVERY path_exists=0 path_locked=0 path_ttl_ok=0 path_safe=0 on_spline=0 speed=0.00 raw_wpnts=0 raw_age=-s decision=TRAILING reason=NO_STATIC_PATH
1786860951.100 [STATE_CHANGE] RECOVERY -> TRAILING src=RECOVERY s=19.70 d=0.91 vs=0.00
1786860951.229 [STATE_CHANGE] TRAILING -> RECOVERY src=RECOVERY s=19.70 d=0.91 vs=0.00
1786860951.326 [STATIC_OT] state=RECOVERY path_exists=0 path_locked=0 path_ttl_ok=0 path_safe=0 on_spline=0 speed=0.00 raw_wpnts=0 raw_age=-s decision=TRAILING reason=NO_STATIC_PATH
1786860951.330 [STATE_CHANGE] RECOVERY -> TRAILING src=RECOVERY s=19.70 d=0.90 vs=0.00
1786860951.557 [STATIC_OT] state=TRAILING path_exists=0 path_locked=0 path_ttl_ok=0 path_safe=0 on_spline=0 speed=0.00 raw_wpnts=0 raw_age=-s decision=TRAILING reason=NO_STATIC_PATH
1786860951.598 [OBSTACLES] cur_s=19.62 cur_d=0.87 vs=0.00 n=1 [id=286 static=1 gap=0.05m d=0.87 size=0.33]
1786860951.758 [STATIC_OT] state=TRAILING path_exists=0 path_locked=0 path_ttl_ok=0 path_safe=0 on_spline=0 speed=0.00 raw_wpnts=0 raw_age=-s decision=TRAILING reason=NO_STATIC_PATH
1786860951.978 [STATIC_OT] state=TRAILING path_exists=0 path_locked=0 path_ttl_ok=0 path_safe=0 on_spline=0 speed=0.00 raw_wpnts=0 raw_age=-s decision=TRAILING reason=NO_STATIC_PATH
1786860952.104 [OBSTACLES] cur_s=19.60 cur_d=0.85 vs=0.00 n=1 [id=286 static=1 gap=0.01m d=0.85 size=0.36]
1786860952.210 [STATIC_OT] state=TRAILING path_exists=0 path_locked=0 path_ttl_ok=0 path_safe=0 on_spline=0 speed=0.00 raw_wpnts=0 raw_age=-s decision=TRAILING reason=NO_STATIC_PATH
1786860952.368 [STATE_CHANGE] TRAILING -> RECOVERY src=RECOVERY s=19.67 d=0.87 vs=0.00
1786860952.635 [OBSTACLES] cur_s=19.71 cur_d=0.91 vs=0.00 n=0 [none]
1786860952.943 [STATIC_OT] state=RECOVERY path_exists=0 path_locked=0 path_ttl_ok=0 path_safe=0 on_spline=0 speed=0.00 raw_wpnts=0 raw_age=-s decision=TRAILING reason=NO_STATIC_PATH
1786860952.951 [STATE_CHANGE] RECOVERY -> TRAILING src=RECOVERY s=19.63 d=0.84 vs=0.00
1786860953.070 [STATE_CHANGE] TRAILING -> RECOVERY src=RECOVERY s=19.72 d=0.75 vs=0.00
1786860953.153 [OBSTACLES] cur_s=19.69 cur_d=0.80 vs=0.00 n=0 [none]
1786860953.257 [STATIC_OT] state=RECOVERY path_exists=0 path_locked=0 path_ttl_ok=0 path_safe=0 on_spline=0 speed=0.00 raw_wpnts=0 raw_age=-s decision=TRAILING reason=NO_STATIC_PATH
1786860953.259 [STATE_CHANGE] RECOVERY -> TRAILING src=RECOVERY s=19.67 d=0.82 vs=0.00
1786860953.501 [STATIC_OT] state=TRAILING path_exists=0 path_locked=0 path_ttl_ok=0 path_safe=0 on_spline=0 speed=0.00 raw_wpnts=0 raw_age=-s decision=TRAILING reason=NO_STATIC_PATH
1786860953.645 [STATE_CHANGE] TRAILING -> RECOVERY src=RECOVERY s=19.71 d=0.83 vs=0.00
1786860953.753 [OBSTACLES] cur_s=19.72 cur_d=0.83 vs=0.00 n=0 [none]
1786860954.259 [OBSTACLES] cur_s=19.74 cur_d=0.83 vs=0.00 n=0 [none]
1786860954.405 [STATE_CHANGE] RECOVERY -> LOSTLINE src=GB_TRACK s=19.77 d=0.80 vs=0.00
1786860954.810 [OBSTACLES] cur_s=19.95 cur_d=0.88 vs=0.00 n=0 [none]
1786860954.939 [STATIC_OT] state=GB_TRACK path_exists=0 path_locked=0 path_ttl_ok=0 path_safe=0 on_spline=0 speed=0.00 raw_wpnts=0 raw_age=-s decision=TRAILING reason=NO_STATIC_PATH
1786860954.939 [STATE_CHANGE] LOSTLINE -> TRAILING src=GB_TRACK s=19.95 d=0.89 vs=0.00
1786860955.215 [STATIC_OT] state=TRAILING path_exists=0 path_locked=0 path_ttl_ok=0 path_safe=0 on_spline=0 speed=0.00 raw_wpnts=0 raw_age=-s decision=TRAILING reason=NO_STATIC_PATH
1786860955.383 [OBSTACLES] cur_s=19.96 cur_d=0.91 vs=0.00 n=1 [id=286 static=0 gap=0.04m d=0.80 size=0.28]
1786860955.466 [STATE_CHANGE] TRAILING -> LOSTLINE src=GB_TRACK s=19.98 d=0.90 vs=0.00
1786860955.976 [OBSTACLES] cur_s=20.03 cur_d=0.91 vs=0.00 n=0 [none]
1786860956.131 [STATIC_OT] state=GB_TRACK path_exists=0 path_locked=0 path_ttl_ok=0 path_safe=0 on_spline=0 speed=0.00 raw_wpnts=0 raw_age=-s decision=TRAILING reason=NO_STATIC_PATH
1786860956.131 [STATE_CHANGE] LOSTLINE -> TRAILING src=GB_TRACK s=19.92 d=0.78 vs=0.00
1786860956.365 [STATIC_OT] state=TRAILING path_exists=0 path_locked=0 path_ttl_ok=0 path_safe=0 on_spline=0 speed=0.00 raw_wpnts=0 raw_age=-s decision=TRAILING reason=NO_STATIC_PATH
1786860956.577 [OBSTACLES] cur_s=19.95 cur_d=0.89 vs=0.00 n=1 [id=286 static=1 gap=0.04m d=0.82 size=0.29]
1786860956.590 [STATIC_OT] state=TRAILING path_exists=0 path_locked=0 path_ttl_ok=0 path_safe=0 on_spline=0 speed=0.00 raw_wpnts=0 raw_age=-s decision=TRAILING reason=NO_STATIC_PATH
1786860956.684 [STATE_CHANGE] TRAILING -> LOSTLINE src=GB_TRACK s=19.98 d=0.89 vs=0.00
1786860957.194 [OBSTACLES] cur_s=19.93 cur_d=0.85 vs=0.00 n=0 [none]
1786860957.745 [OBSTACLES] cur_s=19.98 cur_d=0.82 vs=0.00 n=0 [none]
1786860958.365 [OBSTACLES] cur_s=19.93 cur_d=0.83 vs=0.00 n=0 [none]
1786860958.903 [OBSTACLES] cur_s=19.99 cur_d=0.79 vs=0.00 n=0 [none]
1786860959.461 [OBSTACLES] cur_s=19.90 cur_d=0.85 vs=0.00 n=0 [none]
1786860960.025 [OBSTACLES] cur_s=19.88 cur_d=0.88 vs=0.00 n=0 [none]
1786860960.616 [OBSTACLES] cur_s=19.94 cur_d=0.89 vs=0.00 n=0 [none]
1786860961.164 [OBSTACLES] cur_s=20.00 cur_d=0.90 vs=0.00 n=0 [none]
1786860961.739 [OBSTACLES] cur_s=20.04 cur_d=0.90 vs=0.00 n=0 [none]
1786860962.243 [OBSTACLES] cur_s=20.04 cur_d=0.90 vs=0.00 n=0 [none]
1786860962.686 [STATE_CHANGE] LOSTLINE -> RECOVERY src=RECOVERY s=20.06 d=0.90 vs=0.00
1786860962.768 [OBSTACLES] cur_s=20.05 cur_d=0.90 vs=0.00 n=0 [none]
1786860963.280 [OBSTACLES] cur_s=20.04 cur_d=0.90 vs=0.00 n=0 [none]
1786860963.855 [OBSTACLES] cur_s=20.04 cur_d=0.90 vs=0.00 n=0 [none]
1786860964.418 [OBSTACLES] cur_s=19.90 cur_d=0.87 vs=0.00 n=0 [none]
1786860964.945 [OBSTACLES] cur_s=19.89 cur_d=0.88 vs=0.00 n=0 [none]
1786860965.500 [OBSTACLES] cur_s=19.86 cur_d=0.90 vs=0.00 n=0 [none]
1786860966.072 [OBSTACLES] cur_s=20.02 cur_d=0.90 vs=0.00 n=0 [none]
1786860966.605 [OBSTACLES] cur_s=20.02 cur_d=0.90 vs=0.00 n=0 [none]
1786860967.130 [OBSTACLES] cur_s=20.00 cur_d=0.90 vs=0.00 n=0 [none]
1786860967.688 [OBSTACLES] cur_s=20.00 cur_d=0.90 vs=0.00 n=0 [none]
1786860968.195 [OBSTACLES] cur_s=19.87 cur_d=0.89 vs=0.00 n=0 [none]
1786860968.790 [OBSTACLES] cur_s=19.87 cur_d=0.90 vs=0.00 n=0 [none]
1786860969.314 [OBSTACLES] cur_s=19.82 cur_d=0.91 vs=0.00 n=0 [none]
1786860969.816 [OBSTACLES] cur_s=19.78 cur_d=0.91 vs=0.00 n=0 [none]
1786860970.366 [OBSTACLES] cur_s=19.86 cur_d=0.90 vs=0.00 n=0 [none]
1786860970.936 [OBSTACLES] cur_s=19.90 cur_d=0.91 vs=0.00 n=0 [none]
1786860971.483 [OBSTACLES] cur_s=19.85 cur_d=0.91 vs=0.00 n=0 [none]
1786860972.090 [OBSTACLES] cur_s=19.85 cur_d=0.91 vs=0.00 n=0 [none]
1786860972.313 [STATIC_OT] state=RECOVERY path_exists=0 path_locked=0 path_ttl_ok=0 path_safe=0 on_spline=0 speed=0.00 raw_wpnts=0 raw_age=-s decision=TRAILING reason=NO_STATIC_PATH
1786860972.320 [STATE_CHANGE] RECOVERY -> TRAILING src=RECOVERY s=19.85 d=0.91 vs=0.00
1786860972.452 [STATE_CHANGE] TRAILING -> RECOVERY src=RECOVERY s=20.27 d=0.79 vs=0.00
1786860972.719 [OBSTACLES] cur_s=20.83 cur_d=0.73 vs=0.00 n=0 [none]
1786860972.720 [STATE_CHANGE] RECOVERY -> LOSTLINE src=GB_TRACK s=20.83 d=0.73 vs=0.00
1786860973.289 [OBSTACLES] cur_s=20.93 cur_d=0.73 vs=0.00 n=0 [none]
1786860974.092 [OBSTACLES] cur_s=20.95 cur_d=0.78 vs=0.00 n=0 [none]
1786860974.652 [OBSTACLES] cur_s=20.51 cur_d=0.85 vs=0.00 n=0 [none]
1786860975.168 [OBSTACLES] cur_s=20.48 cur_d=0.85 vs=0.00 n=0 [none]
1786860975.731 [OBSTACLES] cur_s=20.52 cur_d=0.76 vs=0.00 n=0 [none]
1786860976.312 [OBSTACLES] cur_s=20.62 cur_d=0.75 vs=0.00 n=0 [none]
1786860976.870 [OBSTACLES] cur_s=20.90 cur_d=0.73 vs=0.00 n=0 [none]
1786860977.377 [OBSTACLES] cur_s=21.01 cur_d=0.72 vs=0.00 n=0 [none]
1786860977.897 [OBSTACLES] cur_s=21.14 cur_d=0.72 vs=0.00 n=0 [none]
1786860978.445 [OBSTACLES] cur_s=21.06 cur_d=0.72 vs=0.00 n=0 [none]
1786860978.970 [OBSTACLES] cur_s=21.07 cur_d=0.72 vs=0.00 n=0 [none]
1786860979.471 [OBSTACLES] cur_s=21.20 cur_d=0.71 vs=0.00 n=0 [none]
1786860980.055 [OBSTACLES] cur_s=21.23 cur_d=0.71 vs=0.00 n=0 [none]
1786860980.416 [STATE_CHANGE] LOSTLINE -> RECOVERY src=RECOVERY s=21.23 d=0.71 vs=0.00
1786860980.586 [OBSTACLES] cur_s=21.23 cur_d=0.71 vs=0.00 n=0 [none]
1786860981.136 [OBSTACLES] cur_s=21.22 cur_d=0.71 vs=0.00 n=0 [none]
1786860981.656 [OBSTACLES] cur_s=21.23 cur_d=0.71 vs=0.00 n=0 [none]
1786860982.178 [OBSTACLES] cur_s=21.22 cur_d=0.71 vs=0.00 n=0 [none]
1786860982.815 [OBSTACLES] cur_s=21.23 cur_d=0.71 vs=0.00 n=0 [none]
1786860983.355 [OBSTACLES] cur_s=21.22 cur_d=0.71 vs=0.00 n=0 [none]
1786860983.887 [OBSTACLES] cur_s=21.15 cur_d=0.71 vs=0.00 n=0 [none]
1786860984.392 [OBSTACLES] cur_s=21.19 cur_d=0.71 vs=0.00 n=0 [none]
1786860984.980 [OBSTACLES] cur_s=21.22 cur_d=0.71 vs=0.00 n=0 [none]
1786860985.490 [OBSTACLES] cur_s=21.21 cur_d=0.71 vs=0.00 n=0 [none]
1786860986.036 [OBSTACLES] cur_s=21.22 cur_d=0.71 vs=0.00 n=0 [none]
1786860986.611 [OBSTACLES] cur_s=21.22 cur_d=0.71 vs=0.00 n=0 [none]
1786860987.122 [OBSTACLES] cur_s=21.22 cur_d=0.71 vs=0.00 n=0 [none]
1786860987.662 [OBSTACLES] cur_s=21.22 cur_d=0.71 vs=0.00 n=0 [none]
1786860988.239 [OBSTACLES] cur_s=21.22 cur_d=0.71 vs=0.00 n=0 [none]
1786860988.816 [OBSTACLES] cur_s=21.22 cur_d=0.71 vs=0.00 n=0 [none]
1786860988.997 [STATIC_OT] state=RECOVERY path_exists=0 path_locked=0 path_ttl_ok=0 path_safe=0 on_spline=0 speed=0.00 raw_wpnts=0 raw_age=-s decision=TRAILING reason=NO_STATIC_PATH
1786860989.011 [STATE_CHANGE] RECOVERY -> TRAILING src=RECOVERY s=21.22 d=0.71 vs=0.00
1786860989.310 [STATIC_OT] state=TRAILING path_exists=0 path_locked=0 path_ttl_ok=0 path_safe=0 on_spline=0 speed=0.00 raw_wpnts=0 raw_age=-s decision=TRAILING reason=NO_STATIC_PATH
1786860989.424 [OBSTACLES] cur_s=21.34 cur_d=0.86 vs=0.00 n=1 [id=294 static=1 gap=0.05m d=0.69 size=0.21]
1786860989.564 [STATIC_OT] state=TRAILING path_exists=0 path_locked=0 path_ttl_ok=0 path_safe=0 on_spline=0 speed=0.00 raw_wpnts=0 raw_age=-s decision=TRAILING reason=NO_STATIC_PATH
1786860989.689 [STATE_CHANGE] TRAILING -> RECOVERY src=RECOVERY s=21.41 d=0.84 vs=0.00
1786860989.946 [OBSTACLES] cur_s=21.42 cur_d=0.85 vs=0.00 n=0 [none]
1786860990.360 [STATE_CHANGE] RECOVERY -> LOSTLINE src=GB_TRACK s=21.55 d=0.85 vs=0.00
1786860990.487 [OBSTACLES] cur_s=21.57 cur_d=0.88 vs=0.00 n=0 [none]
1786860991.007 [OBSTACLES] cur_s=21.66 cur_d=0.89 vs=0.00 n=0 [none]
1786860991.136 [STATE_CHANGE] LOSTLINE -> RECOVERY src=RECOVERY s=21.66 d=0.89 vs=0.00
1786860991.663 [OBSTACLES] cur_s=21.66 cur_d=0.89 vs=0.00 n=0 [none]
1786860992.164 [OBSTACLES] cur_s=21.66 cur_d=0.89 vs=0.00 n=0 [none]
1786860992.731 [OBSTACLES] cur_s=21.66 cur_d=0.89 vs=0.00 n=0 [none]
1786860993.380 [OBSTACLES] cur_s=21.65 cur_d=0.89 vs=0.00 n=0 [none]
1786860993.977 [OBSTACLES] cur_s=21.66 cur_d=0.89 vs=0.00 n=0 [none]
1786860994.556 [OBSTACLES] cur_s=21.66 cur_d=0.89 vs=0.00 n=0 [none]
1786860995.073 [OBSTACLES] cur_s=21.66 cur_d=0.89 vs=0.00 n=0 [none]
1786860995.574 [OBSTACLES] cur_s=21.66 cur_d=0.89 vs=0.00 n=0 [none]
1786860996.154 [OBSTACLES] cur_s=21.66 cur_d=0.89 vs=0.00 n=0 [none]
1786860996.695 [OBSTACLES] cur_s=21.66 cur_d=0.89 vs=0.00 n=0 [none]
1786860997.205 [OBSTACLES] cur_s=21.66 cur_d=0.88 vs=0.00 n=0 [none]
1786860997.734 [OBSTACLES] cur_s=21.66 cur_d=0.88 vs=0.00 n=0 [none]
1786860998.274 [OBSTACLES] cur_s=21.66 cur_d=0.88 vs=0.00 n=0 [none]
1786860998.825 [OBSTACLES] cur_s=21.66 cur_d=0.88 vs=0.00 n=0 [none]
1786860999.337 [OBSTACLES] cur_s=21.66 cur_d=0.88 vs=0.00 n=0 [none]
1786860999.858 [OBSTACLES] cur_s=21.66 cur_d=0.88 vs=0.00 n=0 [none]
1786861000.362 [OBSTACLES] cur_s=21.66 cur_d=0.88 vs=0.00 n=0 [none]
1786861000.887 [OBSTACLES] cur_s=21.66 cur_d=0.88 vs=0.00 n=0 [none]
1786861001.062 [STATE_CHANGE] RECOVERY -> LOSTLINE src=GB_TRACK s=21.66 d=0.88 vs=0.00
1786861001.288 [STATE_CHANGE] LOSTLINE -> RECOVERY src=RECOVERY s=21.66 d=0.88 vs=0.00
1786861001.394 [OBSTACLES] cur_s=21.69 cur_d=0.88 vs=0.00 n=0 [none]
1786861001.897 [OBSTACLES] cur_s=21.76 cur_d=0.88 vs=0.00 n=0 [none]
1786861002.409 [OBSTACLES] cur_s=21.76 cur_d=0.88 vs=0.00 n=0 [none]
1786861002.944 [OBSTACLES] cur_s=21.76 cur_d=0.87 vs=0.00 n=0 [none]
1786861003.457 [OBSTACLES] cur_s=21.76 cur_d=0.87 vs=0.00 n=0 [none]
1786861004.027 [OBSTACLES] cur_s=21.76 cur_d=0.87 vs=0.00 n=0 [none]
1786861004.586 [OBSTACLES] cur_s=21.76 cur_d=0.88 vs=0.00 n=0 [none]
1786861005.088 [OBSTACLES] cur_s=21.74 cur_d=0.87 vs=0.00 n=0 [none]
1786861005.661 [OBSTACLES] cur_s=21.76 cur_d=0.87 vs=0.00 n=0 [none]
1786861006.185 [OBSTACLES] cur_s=21.75 cur_d=0.89 vs=0.00 n=0 [none]
1786861006.737 [OBSTACLES] cur_s=21.76 cur_d=0.88 vs=0.00 n=0 [none]
1786861007.271 [OBSTACLES] cur_s=21.76 cur_d=0.85 vs=0.00 n=0 [none]
1786861007.867 [OBSTACLES] cur_s=21.76 cur_d=0.84 vs=0.00 n=0 [none]
1786861008.368 [OBSTACLES] cur_s=21.77 cur_d=0.84 vs=0.00 n=0 [none]
1786861008.937 [OBSTACLES] cur_s=21.77 cur_d=0.84 vs=0.00 n=0 [none]
1786861009.484 [OBSTACLES] cur_s=21.76 cur_d=0.84 vs=0.00 n=0 [none]
1786861010.065 [OBSTACLES] cur_s=21.84 cur_d=0.85 vs=0.00 n=0 [none]
1786861010.584 [OBSTACLES] cur_s=21.91 cur_d=0.86 vs=0.00 n=0 [none]
1786861011.154 [OBSTACLES] cur_s=21.95 cur_d=0.87 vs=0.00 n=0 [none]
1786861011.228 [STATIC_OT] state=RECOVERY path_exists=0 path_locked=0 path_ttl_ok=0 path_safe=0 on_spline=0 speed=0.00 raw_wpnts=0 raw_age=-s decision=TRAILING reason=NO_STATIC_PATH
1786861011.229 [STATE_CHANGE] RECOVERY -> TRAILING src=GB_TRACK s=21.95 d=0.87 vs=0.00
1786861011.490 [STATIC_OT] state=TRAILING path_exists=0 path_locked=0 path_ttl_ok=0 path_safe=0 on_spline=0 speed=0.00 raw_wpnts=0 raw_age=-s decision=TRAILING reason=NO_STATIC_PATH
1786861011.641 [STATE_CHANGE] TRAILING -> LOSTLINE src=GB_TRACK s=22.05 d=0.86 vs=0.00
1786861011.749 [OBSTACLES] cur_s=22.05 cur_d=0.86 vs=0.00 n=0 [none]
1786861012.337 [OBSTACLES] cur_s=22.25 cur_d=0.86 vs=0.00 n=0 [none]
1786861012.472 [STATE_CHANGE] LOSTLINE -> RECOVERY src=RECOVERY s=22.25 d=0.86 vs=0.00
1786861012.854 [OBSTACLES] cur_s=22.28 cur_d=0.87 vs=0.00 n=0 [none]
1786861013.358 [OBSTACLES] cur_s=22.26 cur_d=0.86 vs=0.00 n=0 [none]
1786861013.917 [OBSTACLES] cur_s=22.43 cur_d=0.87 vs=0.00 n=0 [none]
1786861014.473 [OBSTACLES] cur_s=22.64 cur_d=0.87 vs=0.00 n=0 [none]
1786861015.023 [OBSTACLES] cur_s=22.66 cur_d=0.86 vs=0.00 n=0 [none]
1786861015.069 [STATIC_OT] state=RECOVERY path_exists=0 path_locked=0 path_ttl_ok=0 path_safe=0 on_spline=0 speed=0.00 raw_wpnts=0 raw_age=-s decision=TRAILING reason=NO_STATIC_PATH
1786861015.070 [STATE_CHANGE] RECOVERY -> TRAILING src=RECOVERY s=22.66 d=0.86 vs=0.00
1786861015.159 [STATE_CHANGE] TRAILING -> RECOVERY src=RECOVERY s=22.66 d=0.86 vs=0.00
1786861015.526 [OBSTACLES] cur_s=22.66 cur_d=0.87 vs=0.00 n=0 [none]
1786861016.046 [OBSTACLES] cur_s=22.66 cur_d=0.86 vs=0.00 n=0 [none]
1786861016.563 [OBSTACLES] cur_s=22.66 cur_d=0.86 vs=0.00 n=0 [none]
1786861017.095 [OBSTACLES] cur_s=22.66 cur_d=0.86 vs=0.00 n=0 [none]
1786861017.645 [OBSTACLES] cur_s=22.66 cur_d=0.86 vs=0.00 n=0 [none]
1786861018.170 [OBSTACLES] cur_s=22.66 cur_d=0.86 vs=0.00 n=0 [none]
1786861018.728 [OBSTACLES] cur_s=22.66 cur_d=0.86 vs=0.00 n=0 [none]
1786861019.234 [OBSTACLES] cur_s=22.66 cur_d=0.86 vs=0.00 n=0 [none]
1786861019.768 [OBSTACLES] cur_s=22.66 cur_d=0.86 vs=0.00 n=0 [none]
1786861020.312 [OBSTACLES] cur_s=22.65 cur_d=0.86 vs=0.00 n=0 [none]
1786861020.835 [OBSTACLES] cur_s=22.64 cur_d=0.86 vs=0.00 n=0 [none]
1786861021.213 [STATIC_OT] state=RECOVERY path_exists=0 path_locked=0 path_ttl_ok=0 path_safe=0 on_spline=0 speed=0.00 raw_wpnts=0 raw_age=-s decision=TRAILING reason=NO_STATIC_PATH
1786861021.222 [STATE_CHANGE] RECOVERY -> TRAILING src=RECOVERY s=22.66 d=0.87 vs=0.00
1786861021.385 [OBSTACLES] cur_s=23.16 cur_d=0.76 vs=0.00 n=0 [none]
1786861021.387 [STATE_CHANGE] TRAILING -> RECOVERY src=RECOVERY s=23.16 d=0.76 vs=0.00
1786861021.906 [OBSTACLES] cur_s=23.15 cur_d=0.70 vs=0.00 n=0 [none]
1786861022.517 [OBSTACLES] cur_s=23.15 cur_d=0.70 vs=0.00 n=0 [none]
1786861022.518 [STATE_CHANGE] RECOVERY -> LOSTLINE src=GB_TRACK s=23.15 d=0.70 vs=0.00
1786861023.051 [OBSTACLES] cur_s=23.16 cur_d=0.70 vs=0.00 n=0 [none]
1786861023.328 [STATE_CHANGE] LOSTLINE -> RECOVERY src=RECOVERY s=23.16 d=0.70 vs=0.00
1786861023.584 [OBSTACLES] cur_s=23.16 cur_d=0.70 vs=0.00 n=0 [none]
1786861024.164 [OBSTACLES] cur_s=23.15 cur_d=0.70 vs=0.00 n=0 [none]
1786861024.694 [OBSTACLES] cur_s=23.17 cur_d=0.70 vs=0.00 n=0 [none]
1786861025.245 [OBSTACLES] cur_s=23.16 cur_d=0.70 vs=0.00 n=0 [none]
1786861025.778 [OBSTACLES] cur_s=23.15 cur_d=0.70 vs=0.00 n=0 [none]
1786861026.335 [OBSTACLES] cur_s=23.12 cur_d=0.70 vs=0.00 n=0 [none]
1786861026.838 [OBSTACLES] cur_s=23.11 cur_d=0.70 vs=0.00 n=0 [none]
1786861027.390 [OBSTACLES] cur_s=23.08 cur_d=0.70 vs=0.00 n=0 [none]
1786861027.899 [OBSTACLES] cur_s=23.09 cur_d=0.70 vs=0.00 n=0 [none]
1786861028.400 [OBSTACLES] cur_s=23.10 cur_d=0.70 vs=0.00 n=0 [none]
1786861028.970 [OBSTACLES] cur_s=23.09 cur_d=0.70 vs=0.00 n=0 [none]
1786861029.524 [OBSTACLES] cur_s=23.08 cur_d=0.70 vs=0.00 n=0 [none]
1786861030.058 [OBSTACLES] cur_s=23.09 cur_d=0.70 vs=0.00 n=0 [none]
1786861030.601 [OBSTACLES] cur_s=23.14 cur_d=0.70 vs=0.00 n=0 [none]
1786861031.129 [OBSTACLES] cur_s=23.19 cur_d=0.70 vs=0.00 n=0 [none]
1786861031.663 [OBSTACLES] cur_s=23.18 cur_d=0.70 vs=0.00 n=0 [none]
1786861032.228 [OBSTACLES] cur_s=23.19 cur_d=0.70 vs=0.00 n=0 [none]
1786861032.764 [OBSTACLES] cur_s=23.18 cur_d=0.70 vs=0.00 n=0 [none]
1786861033.347 [OBSTACLES] cur_s=23.26 cur_d=0.70 vs=0.00 n=0 [none]
1786861033.347 [STATE_CHANGE] RECOVERY -> LOSTLINE src=GB_TRACK s=23.26 d=0.70 vs=0.00
1786861033.616 [STATE_CHANGE] LOSTLINE -> RECOVERY src=RECOVERY s=23.27 d=0.70 vs=0.00
1786861033.858 [OBSTACLES] cur_s=23.28 cur_d=0.70 vs=0.00 n=0 [none]
1786861034.366 [OBSTACLES] cur_s=23.28 cur_d=0.70 vs=0.00 n=0 [none]
1786861034.972 [OBSTACLES] cur_s=23.28 cur_d=0.70 vs=0.00 n=0 [none]
1786861035.489 [OBSTACLES] cur_s=23.31 cur_d=0.69 vs=0.00 n=0 [none]
1786861035.989 [OBSTACLES] cur_s=23.37 cur_d=0.69 vs=0.00 n=0 [none]
1786861036.529 [OBSTACLES] cur_s=23.37 cur_d=0.69 vs=0.00 n=0 [none]
1786861037.099 [OBSTACLES] cur_s=23.36 cur_d=0.69 vs=0.00 n=0 [none]
1786861037.603 [OBSTACLES] cur_s=23.36 cur_d=0.69 vs=0.00 n=0 [none]
1786861038.147 [OBSTACLES] cur_s=23.37 cur_d=0.69 vs=0.00 n=0 [none]
1786861038.674 [OBSTACLES] cur_s=23.36 cur_d=0.69 vs=0.00 n=0 [none]
1786861039.269 [OBSTACLES] cur_s=23.35 cur_d=0.69 vs=0.00 n=0 [none]
1786861039.773 [OBSTACLES] cur_s=23.36 cur_d=0.69 vs=0.00 n=0 [none]
1786861040.276 [OBSTACLES] cur_s=23.39 cur_d=0.69 vs=0.00 n=0 [none]
1786861040.805 [OBSTACLES] cur_s=23.44 cur_d=0.69 vs=0.00 n=0 [none]
1786861041.374 [OBSTACLES] cur_s=23.45 cur_d=0.69 vs=0.00 n=0 [none]
1786861041.914 [OBSTACLES] cur_s=23.44 cur_d=0.69 vs=0.00 n=0 [none]
1786861042.429 [OBSTACLES] cur_s=23.45 cur_d=0.69 vs=0.00 n=0 [none]
1786861042.978 [OBSTACLES] cur_s=23.45 cur_d=0.69 vs=0.00 n=0 [none]
1786861043.510 [OBSTACLES] cur_s=23.46 cur_d=0.69 vs=0.00 n=0 [none]
1786861043.591 [STATE_CHANGE] RECOVERY -> LOSTLINE src=GB_TRACK s=23.45 d=0.69 vs=0.00
1786861043.751 [STATE_CHANGE] LOSTLINE -> RECOVERY src=RECOVERY s=23.46 d=0.69 vs=0.00
1786861044.060 [OBSTACLES] cur_s=23.46 cur_d=0.69 vs=0.00 n=0 [none]
1786861044.604 [OBSTACLES] cur_s=23.47 cur_d=0.69 vs=0.00 n=0 [none]
1786861045.127 [OBSTACLES] cur_s=23.54 cur_d=0.69 vs=0.00 n=0 [none]
1786861045.672 [OBSTACLES] cur_s=23.53 cur_d=0.69 vs=0.00 n=0 [none]
1786861046.188 [OBSTACLES] cur_s=23.50 cur_d=0.69 vs=0.00 n=0 [none]
1786861046.714 [OBSTACLES] cur_s=23.51 cur_d=0.69 vs=0.00 n=0 [none]
1786861047.238 [OBSTACLES] cur_s=23.53 cur_d=0.69 vs=0.00 n=0 [none]
1786861047.783 [OBSTACLES] cur_s=23.51 cur_d=0.69 vs=0.00 n=0 [none]
1786861048.392 [OBSTACLES] cur_s=23.53 cur_d=0.69 vs=0.00 n=0 [none]
1786861048.639 [STATE_CHANGE] RECOVERY -> LOSTLINE src=GB_TRACK s=21.94 d=0.36 vs=0.00
1786861048.936 [OBSTACLES] cur_s=21.95 cur_d=0.76 vs=0.00 n=0 [none]
1786861049.305 [STATE_CHANGE] LOSTLINE -> RECOVERY src=RECOVERY s=22.03 d=0.74 vs=0.00
1786861049.500 [OBSTACLES] cur_s=22.02 cur_d=0.71 vs=0.00 n=0 [none]
1786861050.024 [OBSTACLES] cur_s=22.00 cur_d=0.71 vs=0.00 n=0 [none]
1786861050.605 [OBSTACLES] cur_s=21.98 cur_d=0.71 vs=0.00 n=0 [none]
1786861051.107 [OBSTACLES] cur_s=21.99 cur_d=0.71 vs=0.00 n=0 [none]
1786861051.731 [OBSTACLES] cur_s=22.03 cur_d=0.71 vs=0.00 n=0 [none]
1786861051.935 [STATE_CHANGE] RECOVERY -> LOSTLINE src=GB_TRACK s=20.96 d=0.36 vs=0.00
1786861052.257 [OBSTACLES] cur_s=21.20 cur_d=0.74 vs=0.00 n=0 [none]
1786861052.763 [OBSTACLES] cur_s=21.54 cur_d=0.72 vs=0.00 n=0 [none]
1786861052.764 [STATE_CHANGE] LOSTLINE -> RECOVERY src=RECOVERY s=21.54 d=0.72 vs=0.00
1786861053.333 [OBSTACLES] cur_s=21.74 cur_d=0.72 vs=0.00 n=0 [none]
1786861053.896 [OBSTACLES] cur_s=21.74 cur_d=0.72 vs=0.00 n=0 [none]
1786861054.429 [OBSTACLES] cur_s=21.74 cur_d=0.72 vs=0.00 n=0 [none]
1786861054.945 [OBSTACLES] cur_s=21.83 cur_d=0.71 vs=0.00 n=0 [none]
1786861055.524 [OBSTACLES] cur_s=21.99 cur_d=0.70 vs=0.00 n=0 [none]
1786861056.116 [OBSTACLES] cur_s=21.99 cur_d=0.70 vs=0.00 n=0 [none]
1786861056.623 [OBSTACLES] cur_s=21.99 cur_d=0.70 vs=0.00 n=0 [none]
1786861057.128 [OBSTACLES] cur_s=21.98 cur_d=0.70 vs=0.00 n=0 [none]
1786861057.716 [OBSTACLES] cur_s=22.08 cur_d=0.70 vs=0.00 n=0 [none]
1786861058.230 [OBSTACLES] cur_s=22.09 cur_d=0.70 vs=0.00 n=0 [none]
1786861058.795 [OBSTACLES] cur_s=22.08 cur_d=0.70 vs=0.00 n=0 [none]
1786861059.613 [OBSTACLES] cur_s=22.09 cur_d=0.70 vs=0.00 n=0 [none]
1786861060.149 [OBSTACLES] cur_s=22.18 cur_d=0.69 vs=0.13 n=0 [none]
1786861060.672 [OBSTACLES] cur_s=22.48 cur_d=0.68 vs=0.71 n=0 [none]
1786861061.304 [OBSTACLES] cur_s=22.72 cur_d=0.72 vs=0.83 n=0 [none]
1786861061.366 [STATE_CHANGE] RECOVERY -> LOSTLINE src=GB_TRACK s=22.82 d=0.79 vs=0.95
1786861061.862 [OBSTACLES] cur_s=23.42 cur_d=0.78 vs=1.28 n=0 [none]
1786861062.366 [OBSTACLES] cur_s=24.10 cur_d=0.74 vs=1.28 n=0 [none]
1786861062.402 [STATE_CHANGE] LOSTLINE -> RECOVERY src=RECOVERY s=24.15 d=0.74 vs=1.28
1786861062.876 [OBSTACLES] cur_s=24.77 cur_d=0.69 vs=1.10 n=0 [none]
1786861063.174 [STATIC_OT] state=RECOVERY path_exists=0 path_locked=0 path_ttl_ok=0 path_safe=0 on_spline=0 speed=0.67 raw_wpnts=0 raw_age=-s decision=TRAILING reason=NO_STATIC_PATH
1786861063.186 [STATE_CHANGE] RECOVERY -> TRAILING src=RECOVERY s=25.01 d=0.66 vs=0.67
1786861063.503 [OBSTACLES] cur_s=25.10 cur_d=0.65 vs=0.00 n=1 [id=303 static=1 gap=4.43m d=-0.37 size=0.42]
1786861063.509 [STATIC_OT] state=TRAILING path_exists=0 path_locked=0 path_ttl_ok=0 path_safe=0 on_spline=0 speed=0.00 raw_wpnts=0 raw_age=-s decision=TRAILING reason=NO_STATIC_PATH
1786861063.666 [STATE_CHANGE] TRAILING -> RECOVERY src=RECOVERY s=25.09 d=0.65 vs=0.00
1786861064.094 [OBSTACLES] cur_s=24.90 cur_d=0.67 vs=-0.89 n=0 [none]
1786861064.449 [STATIC_OT] state=RECOVERY path_exists=0 path_locked=0 path_ttl_ok=0 path_safe=0 on_spline=0 speed=-0.91 raw_wpnts=0 raw_age=-s decision=TRAILING reason=NO_STATIC_PATH
1786861064.455 [STATE_CHANGE] RECOVERY -> TRAILING src=RECOVERY s=24.55 d=0.71 vs=-0.91
1786861064.628 [OBSTACLES] cur_s=24.38 cur_d=0.72 vs=-0.94 n=1 [id=304 static=1 gap=5.15m d=-0.45 size=0.44]
1786861064.690 [STATIC_OT] state=TRAILING path_exists=0 path_locked=0 path_ttl_ok=0 path_safe=0 on_spline=0 speed=-0.93 raw_wpnts=0 raw_age=-s decision=TRAILING reason=NO_STATIC_PATH
1786861064.764 [STATE_CHANGE] TRAILING -> RECOVERY src=RECOVERY s=24.27 d=0.73 vs=-0.91
1786861065.215 [OBSTACLES] cur_s=23.85 cur_d=0.76 vs=-0.95 n=0 [none]
1786861065.497 [STATE_CHANGE] RECOVERY -> LOSTLINE src=GB_TRACK s=23.59 d=0.78 vs=-0.92
1786861065.734 [OBSTACLES] cur_s=23.43 cur_d=0.80 vs=-0.91 n=0 [none]
1786861066.164 [STATE_CHANGE] LOSTLINE -> RECOVERY src=RECOVERY s=23.11 d=0.83 vs=-0.73
1786861066.319 [OBSTACLES] cur_s=23.01 cur_d=0.84 vs=-0.47 n=0 [none]
1786861066.836 [OBSTACLES] cur_s=23.02 cur_d=0.84 vs=0.00 n=0 [none]
1786861067.367 [OBSTACLES] cur_s=23.01 cur_d=0.84 vs=0.00 n=0 [none]
1786861067.881 [OBSTACLES] cur_s=23.01 cur_d=0.84 vs=0.00 n=0 [none]
1786861068.414 [OBSTACLES] cur_s=23.01 cur_d=0.84 vs=0.00 n=0 [none]
1786861068.972 [OBSTACLES] cur_s=23.02 cur_d=0.84 vs=0.00 n=0 [none]
1786861069.606 [OBSTACLES] cur_s=23.02 cur_d=0.84 vs=0.00 n=0 [none]
1786861069.926 [STATE_CHANGE] RECOVERY -> LOSTLINE src=GB_TRACK s=17.09 d=0.15 vs=0.00
1786861070.037 [STATE_CHANGE] LOSTLINE -> GB_TRACK src=GB_TRACK s=16.94 d=0.27 vs=0.00
1786861070.146 [OBSTACLES] cur_s=16.82 cur_d=0.23 vs=0.00 n=0 [none]
1786861070.667 [OBSTACLES] cur_s=16.75 cur_d=0.19 vs=0.00 n=0 [none]
1786861071.202 [OBSTACLES] cur_s=16.72 cur_d=0.17 vs=0.00 n=0 [none]
1786861071.839 [OBSTACLES] cur_s=16.71 cur_d=0.16 vs=0.00 n=0 [none]
1786861072.375 [OBSTACLES] cur_s=16.71 cur_d=0.17 vs=0.00 n=0 [none]
1786861072.934 [OBSTACLES] cur_s=16.71 cur_d=0.16 vs=0.00 n=0 [none]
1786861073.440 [OBSTACLES] cur_s=16.71 cur_d=0.16 vs=0.00 n=0 [none]
1786861073.605 [STATE_CHANGE] GB_TRACK -> RECOVERY src=RECOVERY s=20.15 d=0.33 vs=0.00
1786861073.873 [STATE_CHANGE] RECOVERY -> LOSTLINE src=GB_TRACK s=20.17 d=0.71 vs=0.00
1786861073.965 [OBSTACLES] cur_s=20.18 cur_d=0.77 vs=0.00 n=0 [none]
1786861074.020 [STATE_CHANGE] LOSTLINE -> RECOVERY src=RECOVERY s=20.19 d=0.79 vs=0.00
1786861074.472 [OBSTACLES] cur_s=20.19 cur_d=0.86 vs=0.00 n=0 [none]
1786861075.019 [OBSTACLES] cur_s=20.30 cur_d=0.87 vs=0.63 n=0 [none]
1786861075.541 [OBSTACLES] cur_s=21.25 cur_d=0.81 vs=0.98 n=0 [none]
1786861075.603 [STATE_CHANGE] RECOVERY -> LOSTLINE src=GB_TRACK s=21.30 d=0.81 vs=0.98
1786861075.869 [STATE_CHANGE] LOSTLINE -> RECOVERY src=RECOVERY s=21.56 d=0.79 vs=0.93
1786861076.072 [OBSTACLES] cur_s=21.68 cur_d=0.79 vs=0.92 n=0 [none]
1786861076.584 [OBSTACLES] cur_s=22.16 cur_d=0.74 vs=0.91 n=0 [none]
1786861077.187 [OBSTACLES] cur_s=22.67 cur_d=0.71 vs=0.91 n=0 [none]
1786861077.746 [OBSTACLES] cur_s=23.21 cur_d=0.67 vs=0.92 n=0 [none]
1786861077.755 [STATE_CHANGE] RECOVERY -> LOSTLINE src=GB_TRACK s=23.21 d=0.67 vs=0.92
1786861078.296 [OBSTACLES] cur_s=23.68 cur_d=0.65 vs=0.00 n=0 [none]
1786861078.464 [STATE_CHANGE] LOSTLINE -> RECOVERY src=RECOVERY s=23.72 d=0.64 vs=0.26
1786861078.854 [OBSTACLES] cur_s=23.83 cur_d=0.63 vs=0.08 n=0 [none]
1786861079.371 [OBSTACLES] cur_s=23.93 cur_d=0.61 vs=0.00 n=0 [none]
1786861079.873 [OBSTACLES] cur_s=23.94 cur_d=0.61 vs=0.00 n=0 [none]
1786861080.391 [OBSTACLES] cur_s=23.92 cur_d=0.62 vs=-0.12 n=0 [none]
1786861080.914 [OBSTACLES] cur_s=23.60 cur_d=0.66 vs=-0.79 n=0 [none]
1786861081.371 [STATE_CHANGE] RECOVERY -> LOSTLINE src=GB_TRACK s=23.19 d=0.71 vs=-0.90
1786861081.452 [OBSTACLES] cur_s=23.05 cur_d=0.70 vs=-0.95 n=0 [none]
1786861081.992 [OBSTACLES] cur_s=22.44 cur_d=0.74 vs=-0.96 n=0 [none]
1786861082.423 [STATE_CHANGE] LOSTLINE -> RECOVERY src=RECOVERY s=22.12 d=0.78 vs=-0.95
1786861082.507 [OBSTACLES] cur_s=22.02 cur_d=0.76 vs=-0.96 n=0 [none]
1786861082.807 [STATE_CHANGE] RECOVERY -> LOSTLINE src=GB_TRACK s=21.72 d=0.79 vs=-0.96
1786861082.903 [STATE_CHANGE] LOSTLINE -> RECOVERY src=RECOVERY s=21.66 d=0.79 vs=-0.96
1786861083.009 [OBSTACLES] cur_s=21.53 cur_d=0.80 vs=-0.96 n=0 [none]
1786861083.307 [STATE_CHANGE] RECOVERY -> LOSTLINE src=GB_TRACK s=21.31 d=0.81 vs=-0.96
1786861083.630 [OBSTACLES] cur_s=20.95 cur_d=0.88 vs=-0.95 n=0 [none]
1786861084.135 [OBSTACLES] cur_s=20.69 cur_d=0.91 vs=-0.47 n=0 [none]
1786861084.678 [OBSTACLES] cur_s=20.68 cur_d=0.95 vs=0.00 n=0 [none]
1786861084.884 [STATE_CHANGE] LOSTLINE -> RECOVERY src=RECOVERY s=20.68 d=0.95 vs=0.00
1786861085.208 [OBSTACLES] cur_s=20.77 cur_d=0.95 vs=0.00 n=0 [none]
1786861085.743 [OBSTACLES] cur_s=20.77 cur_d=0.95 vs=-0.12 n=0 [none]
1786861086.282 [OBSTACLES] cur_s=20.63 cur_d=0.96 vs=-0.46 n=0 [none]
1786861086.796 [OBSTACLES] cur_s=20.56 cur_d=0.98 vs=0.00 n=0 [none]
1786861087.417 [OBSTACLES] cur_s=20.57 cur_d=0.98 vs=0.00 n=0 [none]
1786861087.974 [OBSTACLES] cur_s=20.57 cur_d=0.98 vs=0.00 n=0 [none]
1786861088.596 [OBSTACLES] cur_s=20.57 cur_d=0.98 vs=0.00 n=0 [none]
1786861089.175 [OBSTACLES] cur_s=20.58 cur_d=0.98 vs=0.00 n=0 [none]
1786861089.779 [OBSTACLES] cur_s=20.57 cur_d=0.98 vs=0.00 n=0 [none]
1786861090.293 [OBSTACLES] cur_s=20.57 cur_d=0.98 vs=0.00 n=0 [none]
1786861090.838 [OBSTACLES] cur_s=20.57 cur_d=0.98 vs=0.00 n=0 [none]
1786861091.346 [OBSTACLES] cur_s=20.62 cur_d=0.98 vs=0.00 n=0 [none]
1786861091.880 [OBSTACLES] cur_s=20.68 cur_d=0.98 vs=0.00 n=0 [none]
1786861092.407 [OBSTACLES] cur_s=20.77 cur_d=0.98 vs=0.00 n=0 [none]
1786861092.922 [OBSTACLES] cur_s=20.78 cur_d=0.98 vs=0.00 n=0 [none]
1786861093.438 [OBSTACLES] cur_s=20.77 cur_d=0.98 vs=0.00 n=0 [none]
1786861094.130 [OBSTACLES] cur_s=20.77 cur_d=0.99 vs=0.00 n=0 [none]
1786861094.633 [OBSTACLES] cur_s=20.78 cur_d=0.99 vs=0.00 n=0 [none]
1786861094.839 [STATE_CHANGE] RECOVERY -> LOSTLINE src=GB_TRACK s=20.78 d=0.99 vs=0.00
1786861094.913 [STATE_CHANGE] LOSTLINE -> RECOVERY src=RECOVERY s=20.78 d=0.99 vs=0.00
1786861095.215 [OBSTACLES] cur_s=20.77 cur_d=0.98 vs=0.00 n=0 [none]
1786861095.786 [OBSTACLES] cur_s=20.78 cur_d=0.97 vs=0.00 n=0 [none]
1786861096.369 [OBSTACLES] cur_s=20.77 cur_d=0.97 vs=0.00 n=0 [none]
1786861096.899 [OBSTACLES] cur_s=20.76 cur_d=0.96 vs=0.00 n=0 [none]
1786861097.405 [OBSTACLES] cur_s=20.76 cur_d=0.97 vs=0.00 n=0 [none]
1786861097.905 [OBSTACLES] cur_s=20.76 cur_d=0.98 vs=0.00 n=0 [none]
1786861098.459 [OBSTACLES] cur_s=20.77 cur_d=0.98 vs=0.00 n=0 [none]
1786861099.184 [OBSTACLES] cur_s=20.77 cur_d=0.98 vs=0.00 n=0 [none]
1786861099.799 [OBSTACLES] cur_s=20.77 cur_d=0.98 vs=0.00 n=0 [none]
1786861100.333 [OBSTACLES] cur_s=20.75 cur_d=0.96 vs=0.00 n=0 [none]
1786861100.889 [OBSTACLES] cur_s=20.75 cur_d=0.97 vs=0.00 n=0 [none]
1786861101.466 [OBSTACLES] cur_s=20.75 cur_d=0.97 vs=0.00 n=0 [none]
1786861102.015 [OBSTACLES] cur_s=20.76 cur_d=0.97 vs=0.00 n=0 [none]
1786861102.486 [STATIC_OT] state=RECOVERY path_exists=0 path_locked=0 path_ttl_ok=0 path_safe=0 on_spline=0 speed=0.00 raw_wpnts=0 raw_age=-s decision=TRAILING reason=NO_STATIC_PATH
1786861102.486 [STATE_CHANGE] RECOVERY -> TRAILING src=RECOVERY s=20.76 d=0.98 vs=0.00
1786861102.544 [OBSTACLES] cur_s=20.76 cur_d=0.98 vs=0.00 n=1 [id=307 static=0 gap=0.37m d=0.52 size=0.26]
1786861102.754 [STATIC_OT] state=TRAILING path_exists=0 path_locked=0 path_ttl_ok=0 path_safe=0 on_spline=0 speed=0.00 raw_wpnts=0 raw_age=-s decision=TRAILING reason=NO_STATIC_PATH
1786861102.971 [STATIC_OT] state=TRAILING path_exists=0 path_locked=0 path_ttl_ok=0 path_safe=0 on_spline=0 speed=0.00 raw_wpnts=0 raw_age=-s decision=TRAILING reason=NO_STATIC_PATH
1786861103.080 [OBSTACLES] cur_s=20.76 cur_d=0.97 vs=0.00 n=1 [id=307 static=0 gap=0.51m d=0.53 size=0.26]
1786861103.171 [STATE_CHANGE] TRAILING -> RECOVERY src=RECOVERY s=20.76 d=0.98 vs=0.00
1786861103.617 [OBSTACLES] cur_s=20.76 cur_d=0.98 vs=0.00 n=0 [none]
1786861104.134 [OBSTACLES] cur_s=20.76 cur_d=0.98 vs=0.00 n=0 [none]
1786861104.669 [OBSTACLES] cur_s=20.76 cur_d=0.98 vs=0.00 n=0 [none]
1786861104.843 [STATE_CHANGE] RECOVERY -> LOSTLINE src=GB_TRACK s=20.76 d=0.98 vs=0.00
1786861105.351 [OBSTACLES] cur_s=20.77 cur_d=0.98 vs=0.00 n=0 [none]
1786861105.853 [OBSTACLES] cur_s=20.77 cur_d=0.98 vs=0.00 n=0 [none]
1786861106.369 [OBSTACLES] cur_s=20.73 cur_d=0.95 vs=0.00 n=0 [none]
1786861106.883 [OBSTACLES] cur_s=20.57 cur_d=0.77 vs=0.00 n=0 [none]
1786861107.410 [OBSTACLES] cur_s=20.58 cur_d=0.76 vs=0.00 n=0 [none]
1786861107.507 [STATE_CHANGE] LOSTLINE -> RECOVERY src=RECOVERY s=20.61 d=0.78 vs=0.00
1786861107.935 [OBSTACLES] cur_s=20.75 cur_d=0.85 vs=0.00 n=0 [none]
1786861108.510 [OBSTACLES] cur_s=20.76 cur_d=0.85 vs=0.00 n=0 [none]
1786861109.028 [OBSTACLES] cur_s=20.79 cur_d=0.85 vs=0.00 n=0 [none]
1786861109.581 [OBSTACLES] cur_s=20.58 cur_d=0.77 vs=0.00 n=0 [none]
1786861110.115 [OBSTACLES] cur_s=20.52 cur_d=0.74 vs=0.00 n=0 [none]
1786861110.643 [OBSTACLES] cur_s=20.54 cur_d=0.75 vs=0.00 n=0 [none]
1786861111.187 [OBSTACLES] cur_s=20.59 cur_d=0.76 vs=0.00 n=0 [none]
1786861111.725 [OBSTACLES] cur_s=20.55 cur_d=0.75 vs=0.00 n=0 [none]
1786861112.229 [OBSTACLES] cur_s=20.36 cur_d=0.76 vs=0.00 n=0 [none]
1786861112.743 [OBSTACLES] cur_s=20.36 cur_d=0.77 vs=0.00 n=0 [none]
1786861113.280 [OBSTACLES] cur_s=20.28 cur_d=0.77 vs=0.00 n=0 [none]
1786861113.818 [OBSTACLES] cur_s=20.22 cur_d=0.77 vs=0.00 n=0 [none]
1786861114.399 [OBSTACLES] cur_s=20.27 cur_d=0.75 vs=0.00 n=0 [none]
1786861114.956 [OBSTACLES] cur_s=20.26 cur_d=0.75 vs=0.00 n=0 [none]
1786861115.465 [OBSTACLES] cur_s=20.25 cur_d=0.75 vs=0.00 n=0 [none]
1786861116.030 [OBSTACLES] cur_s=20.39 cur_d=0.76 vs=0.00 n=0 [none]
1786861116.564 [OBSTACLES] cur_s=20.20 cur_d=0.74 vs=0.00 n=0 [none]
1786861117.122 [OBSTACLES] cur_s=20.20 cur_d=0.74 vs=0.00 n=0 [none]
1786861117.445 [STATE_CHANGE] RECOVERY -> LOSTLINE src=GB_TRACK s=20.20 d=0.74 vs=0.00
1786861117.667 [OBSTACLES] cur_s=20.21 cur_d=0.74 vs=0.00 n=0 [none]
1786861118.257 [OBSTACLES] cur_s=20.20 cur_d=0.74 vs=0.00 n=0 [none]
1786861118.825 [OBSTACLES] cur_s=20.20 cur_d=0.74 vs=0.00 n=0 [none]
1786861119.256 [STATE_CHANGE] LOSTLINE -> RECOVERY src=RECOVERY s=20.20 d=0.74 vs=0.00
1786861119.338 [OBSTACLES] cur_s=20.20 cur_d=0.74 vs=0.00 n=0 [none]
1786861119.851 [OBSTACLES] cur_s=20.20 cur_d=0.74 vs=0.00 n=0 [none]
1786861120.372 [OBSTACLES] cur_s=20.20 cur_d=0.75 vs=0.00 n=0 [none]
1786861120.915 [OBSTACLES] cur_s=20.20 cur_d=0.74 vs=0.00 n=0 [none]
1786861121.476 [OBSTACLES] cur_s=20.20 cur_d=0.74 vs=0.00 n=0 [none]
1786861122.016 [OBSTACLES] cur_s=20.20 cur_d=0.74 vs=0.00 n=0 [none]
1786861122.607 [OBSTACLES] cur_s=20.20 cur_d=0.74 vs=0.00 n=0 [none]
1786861123.124 [OBSTACLES] cur_s=20.15 cur_d=0.73 vs=0.00 n=0 [none]
1786861123.649 [OBSTACLES] cur_s=20.30 cur_d=0.85 vs=0.00 n=0 [none]
1786861124.217 [OBSTACLES] cur_s=20.29 cur_d=0.86 vs=0.00 n=0 [none]
1786861124.743 [OBSTACLES] cur_s=20.27 cur_d=0.86 vs=0.00 n=0 [none]
1786861125.319 [OBSTACLES] cur_s=20.28 cur_d=0.86 vs=0.00 n=0 [none]
1786861125.886 [OBSTACLES] cur_s=20.82 cur_d=0.75 vs=0.00 n=0 [none]
1786861126.433 [OBSTACLES] cur_s=20.81 cur_d=0.74 vs=0.00 n=0 [none]
1786861126.990 [OBSTACLES] cur_s=20.84 cur_d=0.74 vs=0.00 n=0 [none]
1786861127.540 [OBSTACLES] cur_s=20.89 cur_d=0.85 vs=0.00 n=1 [id=315 static=1 gap=1.83m d=0.75 size=0.40]
1786861128.067 [OBSTACLES] cur_s=20.95 cur_d=0.84 vs=0.00 n=0 [none]
1786861128.585 [OBSTACLES] cur_s=20.95 cur_d=0.84 vs=0.00 n=0 [none]
1786861129.142 [OBSTACLES] cur_s=20.95 cur_d=0.84 vs=0.00 n=0 [none]
1786861129.257 [STATE_CHANGE] RECOVERY -> LOSTLINE src=GB_TRACK s=20.94 d=0.84 vs=0.00
1786861129.696 [OBSTACLES] cur_s=20.95 cur_d=0.84 vs=0.00 n=0 [none]
1786861129.749 [STATE_CHANGE] LOSTLINE -> RECOVERY src=RECOVERY s=20.94 d=0.84 vs=0.00
1786861130.313 [OBSTACLES] cur_s=20.95 cur_d=0.84 vs=0.00 n=0 [none]
1786861130.847 [OBSTACLES] cur_s=20.95 cur_d=0.84 vs=0.00 n=0 [none]
1786861131.397 [OBSTACLES] cur_s=20.95 cur_d=0.84 vs=0.00 n=0 [none]
1786861131.918 [OBSTACLES] cur_s=20.95 cur_d=0.84 vs=0.00 n=0 [none]
1786861132.483 [OBSTACLES] cur_s=20.95 cur_d=0.84 vs=0.00 n=0 [none]
1786861133.025 [OBSTACLES] cur_s=20.95 cur_d=0.84 vs=0.00 n=0 [none]
1786861133.531 [OBSTACLES] cur_s=20.95 cur_d=0.84 vs=0.00 n=0 [none]
1786861134.056 [OBSTACLES] cur_s=20.95 cur_d=0.84 vs=0.00 n=0 [none]
1786861134.572 [OBSTACLES] cur_s=20.94 cur_d=0.84 vs=0.00 n=0 [none]
1786861135.079 [OBSTACLES] cur_s=20.95 cur_d=0.84 vs=0.00 n=0 [none]
1786861135.603 [OBSTACLES] cur_s=20.95 cur_d=0.84 vs=0.00 n=0 [none]
1786861136.137 [OBSTACLES] cur_s=20.95 cur_d=0.84 vs=0.00 n=0 [none]
1786861136.642 [OBSTACLES] cur_s=20.95 cur_d=0.84 vs=0.00 n=0 [none]
1786861137.199 [OBSTACLES] cur_s=20.95 cur_d=0.84 vs=0.00 n=0 [none]
1786861137.778 [OBSTACLES] cur_s=20.95 cur_d=0.84 vs=0.00 n=0 [none]
1786861138.332 [OBSTACLES] cur_s=20.95 cur_d=0.84 vs=0.00 n=0 [none]
1786861138.834 [OBSTACLES] cur_s=20.95 cur_d=0.84 vs=0.00 n=0 [none]
1786861139.334 [OBSTACLES] cur_s=20.95 cur_d=0.84 vs=0.00 n=0 [none]
1786861139.715 [STATE_CHANGE] RECOVERY -> LOSTLINE src=GB_TRACK s=20.94 d=0.84 vs=0.00
1786861139.884 [OBSTACLES] cur_s=20.94 cur_d=0.84 vs=0.00 n=0 [none]
1786861140.404 [OBSTACLES] cur_s=20.88 cur_d=0.83 vs=0.00 n=0 [none]
1786861140.904 [OBSTACLES] cur_s=20.31 cur_d=0.77 vs=0.00 n=0 [none]
1786861140.964 [STATE_CHANGE] LOSTLINE -> RECOVERY src=RECOVERY s=20.27 d=0.76 vs=0.00
1786861141.455 [OBSTACLES] cur_s=20.27 cur_d=0.76 vs=0.00 n=0 [none]
1786861142.150 [OBSTACLES] cur_s=20.26 cur_d=0.76 vs=0.00 n=0 [none]
1786861142.683 [OBSTACLES] cur_s=20.26 cur_d=0.75 vs=0.00 n=0 [none]
1786861143.214 [OBSTACLES] cur_s=20.25 cur_d=0.76 vs=0.00 n=0 [none]
1786861143.743 [OBSTACLES] cur_s=20.24 cur_d=0.76 vs=0.00 n=0 [none]
1786861144.272 [OBSTACLES] cur_s=20.24 cur_d=0.76 vs=0.00 n=0 [none]
1786861144.804 [OBSTACLES] cur_s=20.20 cur_d=0.87 vs=0.00 n=0 [none]
1786861145.313 [OBSTACLES] cur_s=20.06 cur_d=0.88 vs=0.00 n=0 [none]
1786861145.898 [OBSTACLES] cur_s=20.05 cur_d=0.88 vs=0.00 n=0 [none]
1786861146.480 [OBSTACLES] cur_s=20.05 cur_d=0.88 vs=0.00 n=0 [none]
1786861147.021 [OBSTACLES] cur_s=20.04 cur_d=0.88 vs=0.00 n=0 [none]
1786861147.545 [OBSTACLES] cur_s=20.04 cur_d=0.88 vs=0.00 n=0 [none]
1786861148.045 [OBSTACLES] cur_s=20.04 cur_d=0.88 vs=0.00 n=0 [none]
1786861148.567 [OBSTACLES] cur_s=20.05 cur_d=0.88 vs=0.00 n=0 [none]
1786861149.135 [OBSTACLES] cur_s=20.07 cur_d=0.88 vs=0.00 n=0 [none]
1786861149.677 [OBSTACLES] cur_s=20.06 cur_d=0.88 vs=0.00 n=0 [none]
1786861150.187 [OBSTACLES] cur_s=20.07 cur_d=0.88 vs=0.00 n=0 [none]
1786861150.694 [OBSTACLES] cur_s=20.08 cur_d=0.88 vs=0.00 n=0 [none]
1786861150.936 [STATE_CHANGE] RECOVERY -> LOSTLINE src=GB_TRACK s=20.07 d=0.88 vs=0.00
1786861151.000 [STATE_CHANGE] LOSTLINE -> RECOVERY src=RECOVERY s=20.06 d=0.88 vs=0.00
1786861151.222 [OBSTACLES] cur_s=20.06 cur_d=0.88 vs=0.00 n=0 [none]
1786861151.779 [OBSTACLES] cur_s=20.07 cur_d=0.88 vs=0.00 n=0 [none]
1786861152.330 [OBSTACLES] cur_s=20.07 cur_d=0.88 vs=0.00 n=0 [none]
1786861152.854 [OBSTACLES] cur_s=20.07 cur_d=0.88 vs=0.00 n=0 [none]
1786861153.444 [OBSTACLES] cur_s=20.06 cur_d=0.88 vs=0.00 n=0 [none]
1786861153.989 [OBSTACLES] cur_s=20.05 cur_d=0.88 vs=0.00 n=0 [none]
1786861154.502 [OBSTACLES] cur_s=20.07 cur_d=0.88 vs=0.00 n=0 [none]
1786861155.007 [OBSTACLES] cur_s=20.08 cur_d=0.88 vs=0.00 n=0 [none]
1786861155.554 [OBSTACLES] cur_s=20.07 cur_d=0.88 vs=0.00 n=0 [none]
1786861156.078 [OBSTACLES] cur_s=20.07 cur_d=0.88 vs=0.00 n=0 [none]
1786861156.631 [OBSTACLES] cur_s=20.07 cur_d=0.88 vs=0.00 n=0 [none]
1786861157.200 [OBSTACLES] cur_s=20.07 cur_d=0.88 vs=0.00 n=0 [none]
1786861157.800 [OBSTACLES] cur_s=20.07 cur_d=0.88 vs=0.00 n=0 [none]
1786861158.339 [OBSTACLES] cur_s=19.97 cur_d=0.84 vs=0.00 n=0 [none]
1786861158.843 [OBSTACLES] cur_s=19.92 cur_d=0.85 vs=0.00 n=0 [none]
1786861159.356 [OBSTACLES] cur_s=19.88 cur_d=0.85 vs=0.00 n=0 [none]
1786861159.864 [OBSTACLES] cur_s=19.86 cur_d=0.82 vs=0.00 n=0 [none]
1786861160.378 [OBSTACLES] cur_s=19.92 cur_d=0.88 vs=0.00 n=0 [none]
1786861161.007 [OBSTACLES] cur_s=19.92 cur_d=0.88 vs=0.00 n=0 [none]
1786861161.007 [STATE_CHANGE] RECOVERY -> LOSTLINE src=GB_TRACK s=19.92 d=0.88 vs=0.00
1786861161.560 [OBSTACLES] cur_s=19.92 cur_d=0.88 vs=0.00 n=0 [none]
1786861162.155 [OBSTACLES] cur_s=19.92 cur_d=0.88 vs=0.00 n=0 [none]
1786861162.718 [OBSTACLES] cur_s=19.92 cur_d=0.88 vs=0.00 n=0 [none]
1786861163.273 [OBSTACLES] cur_s=19.92 cur_d=0.88 vs=0.00 n=0 [none]
1786861163.789 [OBSTACLES] cur_s=19.95 cur_d=0.89 vs=0.00 n=0 [none]
1786861163.907 [STATE_CHANGE] LOSTLINE -> RECOVERY src=RECOVERY s=19.94 d=0.89 vs=0.00
1786861164.308 [OBSTACLES] cur_s=19.94 cur_d=0.89 vs=0.00 n=0 [none]
1786861164.825 [OBSTACLES] cur_s=19.96 cur_d=0.89 vs=0.00 n=0 [none]
1786861165.390 [OBSTACLES] cur_s=20.01 cur_d=0.89 vs=0.00 n=0 [none]
1786861165.918 [OBSTACLES] cur_s=20.03 cur_d=0.89 vs=0.00 n=0 [none]
1786861166.451 [OBSTACLES] cur_s=20.02 cur_d=0.89 vs=0.00 n=0 [none]
1786861167.098 [OBSTACLES] cur_s=20.02 cur_d=0.89 vs=0.00 n=0 [none]
1786861167.687 [OBSTACLES] cur_s=20.05 cur_d=0.89 vs=0.00 n=0 [none]
1786861168.215 [OBSTACLES] cur_s=20.06 cur_d=0.88 vs=0.00 n=0 [none]
1786861168.775 [OBSTACLES] cur_s=20.06 cur_d=0.88 vs=0.00 n=0 [none]
1786861169.305 [OBSTACLES] cur_s=20.06 cur_d=0.88 vs=0.00 n=0 [none]
1786861169.847 [OBSTACLES] cur_s=20.05 cur_d=0.88 vs=0.00 n=0 [none]
1786861170.435 [OBSTACLES] cur_s=20.07 cur_d=0.88 vs=0.00 n=0 [none]
1786861170.980 [OBSTACLES] cur_s=20.06 cur_d=0.88 vs=0.00 n=0 [none]
1786861171.496 [OBSTACLES] cur_s=20.08 cur_d=0.88 vs=0.00 n=0 [none]
1786861172.077 [OBSTACLES] cur_s=20.08 cur_d=0.88 vs=0.00 n=0 [none]
1786861172.627 [OBSTACLES] cur_s=20.07 cur_d=0.88 vs=0.00 n=0 [none]
1786861173.154 [OBSTACLES] cur_s=20.08 cur_d=0.88 vs=0.00 n=0 [none]
1786861173.741 [OBSTACLES] cur_s=20.07 cur_d=0.88 vs=0.00 n=0 [none]
1786861173.860 [STATE_CHANGE] RECOVERY -> LOSTLINE src=GB_TRACK s=20.07 d=0.88 vs=0.00
1786861174.272 [OBSTACLES] cur_s=20.06 cur_d=0.88 vs=0.00 n=0 [none]
1786861174.875 [OBSTACLES] cur_s=20.07 cur_d=0.88 vs=0.00 n=0 [none]
1786861175.417 [OBSTACLES] cur_s=20.07 cur_d=0.88 vs=0.00 n=0 [none]
1786861175.941 [OBSTACLES] cur_s=20.08 cur_d=0.88 vs=0.00 n=0 [none]
1786861176.511 [OBSTACLES] cur_s=20.08 cur_d=0.88 vs=0.00 n=0 [none]
1786861177.070 [OBSTACLES] cur_s=20.06 cur_d=0.88 vs=0.00 n=0 [none]
1786861177.442 [STATE_CHANGE] LOSTLINE -> RECOVERY src=RECOVERY s=20.02 d=0.88 vs=0.00
1786861177.580 [OBSTACLES] cur_s=20.02 cur_d=0.88 vs=0.00 n=0 [none]
1786861178.119 [OBSTACLES] cur_s=20.56 cur_d=0.84 vs=0.00 n=0 [none]
1786861178.752 [OBSTACLES] cur_s=20.31 cur_d=0.82 vs=0.00 n=0 [none]
1786861179.296 [OBSTACLES] cur_s=20.20 cur_d=0.82 vs=0.00 n=0 [none]
1786861179.873 [OBSTACLES] cur_s=20.32 cur_d=0.82 vs=0.00 n=0 [none]
1786861180.373 [OBSTACLES] cur_s=20.36 cur_d=0.82 vs=0.00 n=0 [none]
1786861180.884 [OBSTACLES] cur_s=20.32 cur_d=0.82 vs=0.00 n=0 [none]
1786861181.410 [OBSTACLES] cur_s=20.30 cur_d=0.82 vs=0.00 n=0 [none]
1786861181.943 [OBSTACLES] cur_s=20.34 cur_d=0.82 vs=0.00 n=0 [none]
1786861182.571 [OBSTACLES] cur_s=20.34 cur_d=0.81 vs=0.00 n=0 [none]
1786861183.073 [OBSTACLES] cur_s=20.31 cur_d=0.82 vs=0.00 n=0 [none]
1786861183.600 [OBSTACLES] cur_s=20.36 cur_d=0.81 vs=0.00 n=0 [none]
1786861184.154 [OBSTACLES] cur_s=20.36 cur_d=0.81 vs=0.00 n=0 [none]
1786861184.698 [OBSTACLES] cur_s=20.35 cur_d=0.82 vs=0.00 n=0 [none]
1786861185.232 [OBSTACLES] cur_s=20.34 cur_d=0.82 vs=0.00 n=0 [none]
1786861185.757 [OBSTACLES] cur_s=20.37 cur_d=0.81 vs=0.00 n=0 [none]
1786861186.263 [OBSTACLES] cur_s=20.51 cur_d=0.81 vs=0.00 n=0 [none]
1786861186.822 [OBSTACLES] cur_s=20.44 cur_d=0.81 vs=0.00 n=0 [none]
1786861187.362 [OBSTACLES] cur_s=20.43 cur_d=0.81 vs=0.00 n=0 [none]
1786861187.366 [STATE_CHANGE] RECOVERY -> LOSTLINE src=GB_TRACK s=20.43 d=0.81 vs=0.00
1786861187.909 [OBSTACLES] cur_s=20.43 cur_d=0.81 vs=0.00 n=0 [none]
1786861188.459 [OBSTACLES] cur_s=20.58 cur_d=0.80 vs=0.00 n=0 [none]
1786861189.021 [OBSTACLES] cur_s=20.27 cur_d=0.76 vs=0.00 n=0 [none]
1786861189.540 [OBSTACLES] cur_s=20.60 cur_d=0.73 vs=0.00 n=0 [none]
1786861190.090 [OBSTACLES] cur_s=20.87 cur_d=0.71 vs=0.00 n=0 [none]
1786861190.604 [OBSTACLES] cur_s=20.96 cur_d=0.71 vs=0.00 n=0 [none]
1786861191.113 [OBSTACLES] cur_s=20.96 cur_d=0.71 vs=0.00 n=0 [none]
1786861191.114 [STATE_CHANGE] LOSTLINE -> RECOVERY src=RECOVERY s=20.96 d=0.71 vs=0.00
1786861191.675 [OBSTACLES] cur_s=21.03 cur_d=0.71 vs=0.00 n=0 [none]
1786861192.242 [OBSTACLES] cur_s=21.05 cur_d=0.71 vs=0.00 n=0 [none]
1786861192.744 [OBSTACLES] cur_s=21.06 cur_d=0.71 vs=0.00 n=0 [none]
1786861193.277 [OBSTACLES] cur_s=21.04 cur_d=0.71 vs=0.00 n=0 [none]
1786861193.793 [OBSTACLES] cur_s=21.05 cur_d=0.71 vs=0.00 n=0 [none]
1786861194.320 [OBSTACLES] cur_s=21.05 cur_d=0.71 vs=0.00 n=0 [none]
1786861194.868 [OBSTACLES] cur_s=21.05 cur_d=0.71 vs=0.00 n=0 [none]
1786861195.404 [OBSTACLES] cur_s=21.05 cur_d=0.71 vs=0.00 n=0 [none]
1786861195.914 [OBSTACLES] cur_s=21.05 cur_d=0.71 vs=0.00 n=0 [none]
1786861196.450 [OBSTACLES] cur_s=21.05 cur_d=0.71 vs=0.00 n=0 [none]
1786861197.036 [OBSTACLES] cur_s=21.05 cur_d=0.71 vs=0.00 n=0 [none]
1786861197.554 [OBSTACLES] cur_s=21.05 cur_d=0.71 vs=0.00 n=0 [none]
1786861198.084 [OBSTACLES] cur_s=21.05 cur_d=0.71 vs=0.00 n=0 [none]
1786861198.602 [OBSTACLES] cur_s=21.05 cur_d=0.71 vs=0.00 n=0 [none]
1786861199.149 [OBSTACLES] cur_s=21.05 cur_d=0.71 vs=0.00 n=0 [none]
1786861199.721 [OBSTACLES] cur_s=21.05 cur_d=0.71 vs=0.00 n=0 [none]
1786861200.297 [OBSTACLES] cur_s=21.05 cur_d=0.71 vs=0.00 n=0 [none]
1786861200.855 [OBSTACLES] cur_s=21.05 cur_d=0.71 vs=0.00 n=0 [none]
1786861201.057 [STATE_CHANGE] RECOVERY -> LOSTLINE src=GB_TRACK s=21.05 d=0.71 vs=0.00
1786861201.425 [OBSTACLES] cur_s=21.05 cur_d=0.71 vs=0.00 n=0 [none]
1786861202.000 [OBSTACLES] cur_s=21.05 cur_d=0.71 vs=0.00 n=0 [none]
1786861202.563 [OBSTACLES] cur_s=21.05 cur_d=0.71 vs=0.00 n=0 [none]
1786861202.675 [STATE_CHANGE] LOSTLINE -> RECOVERY src=RECOVERY s=21.05 d=0.71 vs=0.00
1786861203.124 [OBSTACLES] cur_s=21.05 cur_d=0.71 vs=0.00 n=0 [none]
1786861203.754 [OBSTACLES] cur_s=21.05 cur_d=0.71 vs=0.00 n=0 [none]
1786861204.311 [OBSTACLES] cur_s=21.05 cur_d=0.71 vs=0.00 n=0 [none]
1786861204.864 [OBSTACLES] cur_s=21.05 cur_d=0.71 vs=0.00 n=0 [none]
1786861205.377 [OBSTACLES] cur_s=21.05 cur_d=0.71 vs=0.00 n=0 [none]
1786861205.892 [OBSTACLES] cur_s=21.05 cur_d=0.71 vs=0.00 n=0 [none]
1786861206.458 [OBSTACLES] cur_s=21.05 cur_d=0.71 vs=0.00 n=0 [none]
1786861207.001 [OBSTACLES] cur_s=21.05 cur_d=0.71 vs=0.00 n=0 [none]
1786861207.540 [OBSTACLES] cur_s=21.05 cur_d=0.71 vs=0.00 n=0 [none]
1786861208.059 [OBSTACLES] cur_s=21.06 cur_d=0.71 vs=0.00 n=0 [none]
1786861208.583 [OBSTACLES] cur_s=21.07 cur_d=0.71 vs=0.00 n=0 [none]
1786861209.095 [OBSTACLES] cur_s=21.15 cur_d=0.71 vs=0.00 n=0 [none]
1786861209.629 [OBSTACLES] cur_s=21.26 cur_d=0.70 vs=0.00 n=0 [none]
1786861210.189 [OBSTACLES] cur_s=21.45 cur_d=0.70 vs=0.00 n=0 [none]
1786861210.737 [OBSTACLES] cur_s=21.45 cur_d=0.70 vs=0.00 n=0 [none]
1786861211.303 [OBSTACLES] cur_s=21.45 cur_d=0.70 vs=0.00 n=0 [none]
1786861211.820 [OBSTACLES] cur_s=21.45 cur_d=0.69 vs=0.00 n=0 [none]
1786861212.352 [OBSTACLES] cur_s=21.41 cur_d=0.73 vs=0.00 n=0 [none]
1786861212.631 [STATE_CHANGE] RECOVERY -> LOSTLINE src=GB_TRACK s=21.40 d=0.74 vs=0.00
1786861212.889 [OBSTACLES] cur_s=21.38 cur_d=0.73 vs=0.00 n=0 [none]
1786861212.891 [STATE_CHANGE] LOSTLINE -> RECOVERY src=RECOVERY s=21.38 d=0.73 vs=0.00
1786861213.427 [OBSTACLES] cur_s=21.51 cur_d=0.73 vs=0.00 n=0 [none]
1786861214.115 [OBSTACLES] cur_s=21.51 cur_d=0.73 vs=0.00 n=0 [none]
1786861214.678 [OBSTACLES] cur_s=21.52 cur_d=0.73 vs=0.00 n=0 [none]
1786861215.216 [OBSTACLES] cur_s=21.53 cur_d=0.75 vs=0.00 n=0 [none]
1786861215.750 [OBSTACLES] cur_s=21.63 cur_d=0.74 vs=0.00 n=0 [none]
1786861216.273 [OBSTACLES] cur_s=21.63 cur_d=0.76 vs=0.00 n=0 [none]
1786861216.802 [OBSTACLES] cur_s=21.62 cur_d=0.75 vs=0.00 n=0 [none]
1786861217.343 [OBSTACLES] cur_s=21.68 cur_d=0.75 vs=0.00 n=0 [none]
1786861217.927 [OBSTACLES] cur_s=21.74 cur_d=0.73 vs=0.00 n=0 [none]
1786861218.483 [OBSTACLES] cur_s=21.74 cur_d=0.73 vs=0.00 n=0 [none]
1786861219.033 [OBSTACLES] cur_s=21.75 cur_d=0.73 vs=0.00 n=0 [none]
1786861219.584 [OBSTACLES] cur_s=21.69 cur_d=0.75 vs=0.00 n=0 [none]
1786861220.103 [OBSTACLES] cur_s=21.71 cur_d=0.75 vs=0.00 n=0 [none]
1786861220.649 [OBSTACLES] cur_s=21.91 cur_d=0.75 vs=0.00 n=0 [none]
1786861221.156 [OBSTACLES] cur_s=22.16 cur_d=0.74 vs=0.00 n=0 [none]
1786861221.756 [OBSTACLES] cur_s=22.15 cur_d=0.73 vs=0.00 n=0 [none]
1786861222.267 [OBSTACLES] cur_s=22.16 cur_d=0.74 vs=0.00 n=0 [none]
1786861222.787 [OBSTACLES] cur_s=22.17 cur_d=0.74 vs=0.00 n=0 [none]
1786861222.833 [STATE_CHANGE] RECOVERY -> LOSTLINE src=GB_TRACK s=22.17 d=0.74 vs=0.00
1786861222.987 [STATE_CHANGE] LOSTLINE -> RECOVERY src=RECOVERY s=22.16 d=0.74 vs=0.00
1786861223.304 [OBSTACLES] cur_s=22.16 cur_d=0.74 vs=0.00 n=0 [none]
1786861223.909 [OBSTACLES] cur_s=22.17 cur_d=0.74 vs=0.00 n=0 [none]
1786861224.410 [OBSTACLES] cur_s=22.16 cur_d=0.74 vs=0.00 n=0 [none]
1786861224.935 [OBSTACLES] cur_s=22.16 cur_d=0.74 vs=0.00 n=0 [none]
1786861225.438 [OBSTACLES] cur_s=22.15 cur_d=0.74 vs=0.00 n=0 [none]
1786861225.982 [OBSTACLES] cur_s=22.16 cur_d=0.74 vs=0.00 n=0 [none]
1786861226.527 [OBSTACLES] cur_s=22.16 cur_d=0.74 vs=0.00 n=0 [none]
1786861227.057 [OBSTACLES] cur_s=22.16 cur_d=0.74 vs=0.00 n=0 [none]
1786861227.590 [OBSTACLES] cur_s=22.16 cur_d=0.74 vs=0.00 n=0 [none]
1786861228.109 [OBSTACLES] cur_s=22.15 cur_d=0.74 vs=0.00 n=0 [none]
1786861228.655 [OBSTACLES] cur_s=22.15 cur_d=0.74 vs=0.00 n=0 [none]
1786861229.189 [OBSTACLES] cur_s=22.16 cur_d=0.74 vs=0.00 n=0 [none]
1786861229.694 [OBSTACLES] cur_s=22.14 cur_d=0.73 vs=0.00 n=0 [none]
1786861230.256 [OBSTACLES] cur_s=22.12 cur_d=0.70 vs=0.00 n=0 [none]
1786861230.756 [OBSTACLES] cur_s=22.10 cur_d=0.67 vs=0.00 n=0 [none]
1786861231.269 [OBSTACLES] cur_s=22.12 cur_d=0.67 vs=0.00 n=0 [none]
1786861231.776 [OBSTACLES] cur_s=22.11 cur_d=0.67 vs=0.00 n=0 [none]
1786861232.354 [OBSTACLES] cur_s=22.19 cur_d=0.66 vs=0.00 n=0 [none]
1786861232.873 [OBSTACLES] cur_s=22.32 cur_d=0.63 vs=0.00 n=0 [none]
1786861232.970 [STATE_CHANGE] RECOVERY -> LOSTLINE src=GB_TRACK s=22.06 d=0.62 vs=0.00
1786861233.164 [STATE_CHANGE] LOSTLINE -> RECOVERY src=RECOVERY s=21.64 d=0.44 vs=0.00
1786861233.455 [OBSTACLES] cur_s=22.62 cur_d=0.23 vs=0.00 n=0 [none]
1786861233.966 [OBSTACLES] cur_s=25.72 cur_d=0.24 vs=0.00 n=1 [id=329 static=0 gap=1.30m d=0.48 size=0.16]
1786861234.368 [STATIC_OT] state=RECOVERY path_exists=0 path_locked=0 path_ttl_ok=0 path_safe=0 on_spline=0 speed=0.00 raw_wpnts=0 raw_age=-s decision=TRAILING reason=NO_STATIC_PATH
1786861234.387 [STATE_CHANGE] RECOVERY -> TRAILING src=RECOVERY s=26.68 d=0.21 vs=0.00
1786861234.489 [OBSTACLES] cur_s=26.74 cur_d=0.21 vs=0.00 n=1 [id=329 static=0 gap=1.03m d=0.39 size=0.21]
1786861234.623 [STATIC_OT] state=TRAILING path_exists=0 path_locked=0 path_ttl_ok=0 path_safe=0 on_spline=0 speed=0.00 raw_wpnts=0 raw_age=-s decision=TRAILING reason=NO_STATIC_PATH
1786861234.689 [STATE_CHANGE] TRAILING -> RECOVERY src=RECOVERY s=26.70 d=0.29 vs=0.00
1786861235.017 [OBSTACLES] cur_s=27.25 cur_d=0.30 vs=0.00 n=0 [none]
1786861235.475 [STATIC_OT] state=RECOVERY path_exists=0 path_locked=0 path_ttl_ok=0 path_safe=0 on_spline=0 speed=0.00 raw_wpnts=0 raw_age=-s decision=TRAILING reason=NO_STATIC_PATH
1786861235.486 [STATE_CHANGE] RECOVERY -> TRAILING src=RECOVERY s=27.72 d=0.47 vs=0.00
1786861235.542 [OBSTACLES] cur_s=27.76 cur_d=0.47 vs=0.00 n=1 [id=336 static=1 gap=0.42m d=0.02 size=0.41]
1786861235.729 [STATIC_OT] state=TRAILING path_exists=0 path_locked=0 path_ttl_ok=0 path_safe=0 on_spline=0 speed=0.00 raw_wpnts=0 raw_age=-s decision=TRAILING reason=NO_STATIC_PATH
1786861235.921 [STATE_CHANGE] TRAILING -> LOSTLINE src=GB_TRACK s=27.13 d=0.58 vs=0.00
1786861236.223 [OBSTACLES] cur_s=27.25 cur_d=0.68 vs=0.00 n=0 [none]
1786861236.370 [STATIC_OT] state=GB_TRACK path_exists=1 path_locked=0 path_ttl_ok=1 path_safe=0 on_spline=1 speed=0.00 raw_wpnts=81 raw_age=0.55s decision=TRAILING reason=PATH_BLOCKED blocked_obs_id=339 gap=0.61m free_dist=-0.023m branch=static/geom
1786861236.380 [STATE_CHANGE] LOSTLINE -> TRAILING src=GB_TRACK s=27.32 d=0.67 vs=0.00
1786861236.584 [STATIC_OT] state=TRAILING path_exists=1 path_locked=0 path_ttl_ok=0 path_safe=0 on_spline=1 speed=0.00 raw_wpnts=0 raw_age=-s decision=TRAILING reason=NO_STATIC_PATH
1786861236.771 [OBSTACLES] cur_s=27.40 cur_d=0.68 vs=0.00 n=1 [id=339 static=1 gap=0.42m d=0.22 size=0.30]
1786861236.809 [STATIC_OT] state=TRAILING path_exists=1 path_locked=0 path_ttl_ok=0 path_safe=0 on_spline=1 speed=0.00 raw_wpnts=0 raw_age=-s decision=TRAILING reason=NO_STATIC_PATH
1786861236.909 [STATE_CHANGE] TRAILING -> LOSTLINE src=GB_TRACK s=28.20 d=0.39 vs=0.00
1786861237.279 [OBSTACLES] cur_s=28.16 cur_d=0.40 vs=-0.00 n=0 [none]
1786861237.795 [OBSTACLES] cur_s=28.19 cur_d=0.37 vs=-0.00 n=0 [none]
1786861238.309 [OBSTACLES] cur_s=28.16 cur_d=0.40 vs=-0.00 n=0 [none]
1786861238.849 [OBSTACLES] cur_s=28.37 cur_d=0.39 vs=-0.00 n=0 [none]
1786861239.372 [OBSTACLES] cur_s=28.01 cur_d=0.47 vs=-0.00 n=0 [none]
1786861239.901 [OBSTACLES] cur_s=28.13 cur_d=0.39 vs=-0.00 n=0 [none]
1786861240.681 [OBSTACLES] cur_s=28.12 cur_d=0.39 vs=-0.00 n=0 [none]
1786861241.204 [OBSTACLES] cur_s=28.13 cur_d=0.39 vs=-0.00 n=0 [none]
1786861241.722 [OBSTACLES] cur_s=28.12 cur_d=0.38 vs=-0.00 n=0 [none]
1786861242.223 [OBSTACLES] cur_s=28.14 cur_d=0.40 vs=-0.00 n=0 [none]
1786861242.744 [OBSTACLES] cur_s=28.13 cur_d=0.39 vs=-0.00 n=0 [none]
1786861243.288 [OBSTACLES] cur_s=28.14 cur_d=0.39 vs=-0.00 n=0 [none]
1786861243.735 [STATIC_OT] state=GB_TRACK path_exists=0 path_locked=0 path_ttl_ok=0 path_safe=0 on_spline=0 speed=-0.00 raw_wpnts=0 raw_age=-s decision=TRAILING reason=NO_STATIC_PATH
1786861243.741 [STATE_CHANGE] LOSTLINE -> TRAILING src=GB_TRACK s=28.13 d=0.39 vs=-0.00
1786861243.835 [OBSTACLES] cur_s=28.16 cur_d=0.39 vs=-0.00 n=1 [id=357 static=1 gap=6.32m d=0.33 size=0.28]
1786861243.947 [STATIC_OT] state=TRAILING path_exists=0 path_locked=0 path_ttl_ok=0 path_safe=0 on_spline=0 speed=-0.00 raw_wpnts=0 raw_age=-s decision=TRAILING reason=NO_STATIC_PATH
1786861244.156 [STATIC_OT] state=TRAILING path_exists=0 path_locked=0 path_ttl_ok=0 path_safe=0 on_spline=0 speed=-0.00 raw_wpnts=0 raw_age=-s decision=TRAILING reason=NO_STATIC_PATH
1786861244.363 [OBSTACLES] cur_s=28.14 cur_d=0.40 vs=-0.00 n=1 [id=357 static=1 gap=6.43m d=0.37 size=0.19]
1786861244.369 [STATIC_OT] state=TRAILING path_exists=0 path_locked=0 path_ttl_ok=0 path_safe=0 on_spline=0 speed=-0.00 raw_wpnts=0 raw_age=-s decision=TRAILING reason=NO_STATIC_PATH
1786861244.579 [STATIC_OT] state=TRAILING path_exists=0 path_locked=0 path_ttl_ok=0 path_safe=0 on_spline=0 speed=-0.00 raw_wpnts=0 raw_age=-s decision=TRAILING reason=NO_STATIC_PATH
1786861244.837 [STATIC_OT] state=TRAILING path_exists=0 path_locked=0 path_ttl_ok=0 path_safe=0 on_spline=0 speed=-0.00 raw_wpnts=0 raw_age=-s decision=TRAILING reason=NO_STATIC_PATH
1786861244.875 [OBSTACLES] cur_s=28.13 cur_d=0.39 vs=-0.00 n=1 [id=357 static=1 gap=6.43m d=0.36 size=0.19]
1786861245.063 [STATE_CHANGE] TRAILING -> LOSTLINE src=GB_TRACK s=28.13 d=0.39 vs=-0.00
1786861245.441 [OBSTACLES] cur_s=28.13 cur_d=0.39 vs=-0.00 n=0 [none]
1786861245.719 [STATIC_OT] state=GB_TRACK path_exists=0 path_locked=0 path_ttl_ok=0 path_safe=0 on_spline=0 speed=-0.00 raw_wpnts=0 raw_age=-s decision=TRAILING reason=NO_STATIC_PATH
1786861245.725 [STATE_CHANGE] LOSTLINE -> TRAILING src=GB_TRACK s=28.14 d=0.39 vs=-0.00
1786861245.923 [STATIC_OT] state=TRAILING path_exists=0 path_locked=0 path_ttl_ok=0 path_safe=0 on_spline=0 speed=-0.00 raw_wpnts=0 raw_age=-s decision=TRAILING reason=NO_STATIC_PATH
1786861245.967 [OBSTACLES] cur_s=28.14 cur_d=0.39 vs=-0.00 n=1 [id=360 static=1 gap=6.41m d=0.34 size=0.16]
1786861246.029 [STATE_CHANGE] TRAILING -> LOSTLINE src=GB_TRACK s=28.14 d=0.39 vs=-0.00
1786861246.237 [STATIC_OT] state=GB_TRACK path_exists=0 path_locked=0 path_ttl_ok=0 path_safe=0 on_spline=0 speed=-0.00 raw_wpnts=0 raw_age=-s decision=TRAILING reason=NO_STATIC_PATH
1786861246.242 [STATE_CHANGE] LOSTLINE -> TRAILING src=GB_TRACK s=28.13 d=0.38 vs=-0.00
1786861246.520 [OBSTACLES] cur_s=28.12 cur_d=0.39 vs=-0.00 n=1 [id=361 static=1 gap=6.43m d=0.34 size=0.18]
1786861246.532 [STATIC_OT] state=TRAILING path_exists=0 path_locked=0 path_ttl_ok=0 path_safe=0 on_spline=0 speed=-0.00 raw_wpnts=0 raw_age=-s decision=TRAILING reason=NO_STATIC_PATH
1786861246.656 [STATE_CHANGE] TRAILING -> LOSTLINE src=GB_TRACK s=28.10 d=0.39 vs=0.00
1786861247.020 [OBSTACLES] cur_s=28.13 cur_d=0.38 vs=0.00 n=0 [none]
1786861247.529 [OBSTACLES] cur_s=28.13 cur_d=0.39 vs=-0.00 n=0 [none]
1786861248.067 [OBSTACLES] cur_s=28.13 cur_d=0.38 vs=0.00 n=0 [none]
1786861248.585 [OBSTACLES] cur_s=28.13 cur_d=0.39 vs=-0.00 n=0 [none]
1786861249.120 [OBSTACLES] cur_s=28.12 cur_d=0.39 vs=-0.00 n=0 [none]
1786861249.621 [OBSTACLES] cur_s=28.12 cur_d=0.39 vs=-0.00 n=0 [none]
1786861250.150 [OBSTACLES] cur_s=28.12 cur_d=0.39 vs=-0.00 n=0 [none]
1786861250.322 [STATIC_OT] state=GB_TRACK path_exists=0 path_locked=0 path_ttl_ok=0 path_safe=0 on_spline=0 speed=-0.00 raw_wpnts=0 raw_age=-s decision=TRAILING reason=NO_STATIC_PATH
1786861250.331 [STATE_CHANGE] LOSTLINE -> TRAILING src=GB_TRACK s=28.12 d=0.39 vs=-0.00
1786861250.547 [STATIC_OT] state=TRAILING path_exists=0 path_locked=0 path_ttl_ok=0 path_safe=0 on_spline=0 speed=-0.00 raw_wpnts=0 raw_age=-s decision=TRAILING reason=NO_STATIC_PATH
1786861250.651 [OBSTACLES] cur_s=28.12 cur_d=0.39 vs=-0.00 n=1 [id=362 static=1 gap=6.41m d=0.27 size=0.17]
1786861250.756 [STATIC_OT] state=TRAILING path_exists=0 path_locked=0 path_ttl_ok=0 path_safe=0 on_spline=0 speed=-0.00 raw_wpnts=0 raw_age=-s decision=TRAILING reason=NO_STATIC_PATH
1786861250.973 [STATIC_OT] state=TRAILING path_exists=0 path_locked=0 path_ttl_ok=0 path_safe=0 on_spline=0 speed=-0.00 raw_wpnts=0 raw_age=-s decision=TRAILING reason=NO_STATIC_PATH
1786861251.216 [OBSTACLES] cur_s=28.12 cur_d=0.39 vs=-0.00 n=1 [id=362 static=1 gap=6.38m d=0.27 size=0.22]
1786861251.219 [STATIC_OT] state=TRAILING path_exists=0 path_locked=0 path_ttl_ok=0 path_safe=0 on_spline=0 speed=-0.00 raw_wpnts=0 raw_age=-s decision=TRAILING reason=NO_STATIC_PATH
1786861251.443 [STATIC_OT] state=TRAILING path_exists=0 path_locked=0 path_ttl_ok=0 path_safe=0 on_spline=0 speed=-0.00 raw_wpnts=0 raw_age=-s decision=TRAILING reason=NO_STATIC_PATH
1786861251.655 [STATE_CHANGE] TRAILING -> LOSTLINE src=GB_TRACK s=28.12 d=0.40 vs=-0.00
1786861251.755 [OBSTACLES] cur_s=28.12 cur_d=0.40 vs=-0.00 n=0 [none]
1786861252.296 [OBSTACLES] cur_s=28.11 cur_d=0.40 vs=-0.00 n=0 [none]
1786861252.830 [OBSTACLES] cur_s=28.11 cur_d=0.39 vs=-0.00 n=0 [none]
1786861253.344 [OBSTACLES] cur_s=28.12 cur_d=0.39 vs=-0.00 n=0 [none]
1786861253.871 [OBSTACLES] cur_s=28.12 cur_d=0.39 vs=-0.00 n=0 [none]
1786861254.387 [OBSTACLES] cur_s=28.12 cur_d=0.39 vs=-0.00 n=0 [none]
1786861254.905 [OBSTACLES] cur_s=28.12 cur_d=0.39 vs=-0.00 n=0 [none]
1786861255.457 [OBSTACLES] cur_s=28.12 cur_d=0.39 vs=-0.00 n=0 [none]
1786861256.011 [OBSTACLES] cur_s=28.11 cur_d=0.40 vs=-0.00 n=0 [none]
1786861256.562 [OBSTACLES] cur_s=28.13 cur_d=0.38 vs=-0.00 n=0 [none]
1786861257.068 [OBSTACLES] cur_s=28.13 cur_d=0.38 vs=0.00 n=0 [none]
1786861257.594 [OBSTACLES] cur_s=28.13 cur_d=0.39 vs=-0.00 n=0 [none]
1786861258.115 [OBSTACLES] cur_s=28.12 cur_d=0.39 vs=-0.00 n=0 [none]
1786861258.652 [OBSTACLES] cur_s=28.12 cur_d=0.39 vs=-0.00 n=0 [none]
1786861259.165 [OBSTACLES] cur_s=28.12 cur_d=0.39 vs=-0.00 n=0 [none]
1786861259.672 [OBSTACLES] cur_s=28.12 cur_d=0.39 vs=-0.00 n=0 [none]
1786861260.222 [OBSTACLES] cur_s=28.12 cur_d=0.39 vs=-0.00 n=0 [none]
1786861260.726 [OBSTACLES] cur_s=28.12 cur_d=0.39 vs=-0.00 n=0 [none]
1786861261.253 [OBSTACLES] cur_s=28.12 cur_d=0.39 vs=-0.00 n=0 [none]
1786861261.788 [OBSTACLES] cur_s=28.12 cur_d=0.39 vs=-0.00 n=0 [none]
1786861262.342 [OBSTACLES] cur_s=28.12 cur_d=0.39 vs=-0.00 n=0 [none]
1786861262.874 [OBSTACLES] cur_s=28.12 cur_d=0.39 vs=-0.00 n=0 [none]
1786861263.402 [OBSTACLES] cur_s=28.13 cur_d=0.39 vs=-0.00 n=0 [none]
1786861263.946 [OBSTACLES] cur_s=28.12 cur_d=0.39 vs=-0.00 n=0 [none]
1786861264.450 [OBSTACLES] cur_s=28.12 cur_d=0.39 vs=-0.00 n=0 [none]
1786861264.989 [OBSTACLES] cur_s=28.13 cur_d=0.39 vs=-0.00 n=0 [none]
1786861265.549 [OBSTACLES] cur_s=28.12 cur_d=0.39 vs=-0.00 n=0 [none]
