# static_avoidance_node debug log started 20260822_071649
1787350613.461 [STATIC_AVOID] obs_id=- obs_dist=-m obs_s=- ego_s=38.02 side=- | left_clearance=- right_clearance=- candidate_valid=false rung=- pre_dist=-m | cache_used=false path_age=- path_points=0 planning_time_ms=0.2 | reason=no_static_obstacle_in_range | cache_reason=no_cache
1787350613.962 [STATIC_AVOID] obs_id=- obs_dist=-m obs_s=- ego_s=38.00 side=- | left_clearance=- right_clearance=- candidate_valid=false rung=- pre_dist=-m | cache_used=false path_age=- path_points=0 planning_time_ms=0.1 | reason=no_static_obstacle_in_range | cache_reason=no_cache
1787350614.464 [STATIC_AVOID] obs_id=- obs_dist=-m obs_s=- ego_s=37.96 side=- | left_clearance=- right_clearance=- candidate_valid=false rung=- pre_dist=-m | cache_used=false path_age=- path_points=0 planning_time_ms=0.1 | reason=no_static_obstacle_in_range | cache_reason=no_cache
1787350615.062 [STATIC_AVOID] obs_id=- obs_dist=-m obs_s=- ego_s=37.96 side=- | left_clearance=- right_clearance=- candidate_valid=false rung=- pre_dist=-m | cache_used=false path_age=- path_points=0 planning_time_ms=0.1 | reason=no_static_obstacle_in_range | cache_reason=no_cache
1787350615.662 [STATIC_AVOID] obs_id=- obs_dist=-m obs_s=- ego_s=37.91 side=- | left_clearance=- right_clearance=- candidate_valid=false rung=- pre_dist=-m | cache_used=false path_age=- path_points=0 planning_time_ms=0.1 | reason=no_static_obstacle_in_range | cache_reason=no_cache
1787350616.265 [STATIC_AVOID] obs_id=- obs_dist=-m obs_s=- ego_s=37.84 side=- | left_clearance=- right_clearance=- candidate_valid=false rung=- pre_dist=-m | cache_used=false path_age=- path_points=0 planning_time_ms=0.1 | reason=no_static_obstacle_in_range | cache_reason=no_cache
1787350616.883 [STATIC_AVOID] obs_id=- obs_dist=-m obs_s=- ego_s=37.85 side=- | left_clearance=- right_clearance=- candidate_valid=false rung=- pre_dist=-m | cache_used=false path_age=- path_points=0 planning_time_ms=0.1 | reason=no_static_obstacle_in_range | cache_reason=no_cache
1787350617.473 [STATIC_AVOID] obs_id=- obs_dist=-m obs_s=- ego_s=37.97 side=- | left_clearance=- right_clearance=- candidate_valid=false rung=- pre_dist=-m | cache_used=false path_age=- path_points=0 planning_time_ms=0.2 | reason=no_static_obstacle_in_range | cache_reason=no_cache
1787350618.066 [STATIC_AVOID] obs_id=- obs_dist=-m obs_s=- ego_s=37.94 side=- | left_clearance=- right_clearance=- candidate_valid=false rung=- pre_dist=-m | cache_used=false path_age=- path_points=0 planning_time_ms=0.1 | reason=no_static_obstacle_in_range | cache_reason=no_cache
1787350618.599 [STATIC_AVOID] obs_id=- obs_dist=-m obs_s=- ego_s=37.77 side=- | left_clearance=- right_clearance=- candidate_valid=false rung=- pre_dist=-m | cache_used=false path_age=- path_points=0 planning_time_ms=0.1 | reason=no_static_obstacle_in_range | cache_reason=no_cache
1787350619.196 [STATIC_AVOID] obs_id=- obs_dist=-m obs_s=- ego_s=37.68 side=- | left_clearance=- right_clearance=- candidate_valid=false rung=- pre_dist=-m | cache_used=false path_age=- path_points=0 planning_time_ms=0.1 | reason=no_static_obstacle_in_range | cache_reason=no_cache
1787350619.780 [STATIC_AVOID] obs_id=- obs_dist=-m obs_s=- ego_s=37.86 side=- | left_clearance=- right_clearance=- candidate_valid=false rung=- pre_dist=-m | cache_used=false path_age=- path_points=0 planning_time_ms=0.1 | reason=no_static_obstacle_in_range | cache_reason=no_cache
1787350620.291 [STATIC_AVOID] obs_id=- obs_dist=-m obs_s=- ego_s=38.02 side=- | left_clearance=- right_clearance=- candidate_valid=false rung=- pre_dist=-m | cache_used=false path_age=- path_points=0 planning_time_ms=22.1 | reason=no_static_obstacle_in_range | cache_reason=no_cache
1787350620.862 [STATIC_AVOID] obs_id=- obs_dist=-m obs_s=- ego_s=38.00 side=- | left_clearance=- right_clearance=- candidate_valid=false rung=- pre_dist=-m | cache_used=false path_age=- path_points=0 planning_time_ms=0.1 | reason=no_static_obstacle_in_range | cache_reason=no_cache
1787350621.365 [STATIC_AVOID] obs_id=- obs_dist=-m obs_s=- ego_s=38.03 side=- | left_clearance=- right_clearance=- candidate_valid=false rung=- pre_dist=-m | cache_used=false path_age=- path_points=0 planning_time_ms=0.1 | reason=no_static_obstacle_in_range | cache_reason=no_cache
1787350621.963 [STATIC_AVOID] obs_id=- obs_dist=-m obs_s=- ego_s=38.01 side=- | left_clearance=- right_clearance=- candidate_valid=false rung=- pre_dist=-m | cache_used=false path_age=- path_points=0 planning_time_ms=0.1 | reason=no_static_obstacle_in_range | cache_reason=no_cache
1787350622.465 [STATIC_AVOID] obs_id=- obs_dist=-m obs_s=- ego_s=37.92 side=- | left_clearance=- right_clearance=- candidate_valid=false rung=- pre_dist=-m | cache_used=false path_age=- path_points=0 planning_time_ms=0.1 | reason=no_static_obstacle_in_range | cache_reason=no_cache
1787350623.065 [STATIC_AVOID] obs_id=- obs_dist=-m obs_s=- ego_s=37.95 side=- | left_clearance=- right_clearance=- candidate_valid=false rung=- pre_dist=-m | cache_used=false path_age=- path_points=0 planning_time_ms=0.1 | reason=no_static_obstacle_in_range | cache_reason=no_cache
1787350623.662 [STATIC_AVOID] obs_id=- obs_dist=-m obs_s=- ego_s=37.05 side=- | left_clearance=- right_clearance=- candidate_valid=false rung=- pre_dist=-m | cache_used=false path_age=- path_points=0 planning_time_ms=0.1 | reason=no_static_obstacle_in_range | cache_reason=no_cache
1787350624.272 [STATIC_AVOID] obs_id=1 obs_dist=3.08m obs_s=0.38 ego_s=36.82 side=RIGHT | left_clearance=0.51 right_clearance=-0.01 candidate_valid=true rung=1 pre_dist=2.00m | cache_used=false path_age=0.000 path_points=101 planning_time_ms=6.4
1787350624.869 [STATIC_AVOID] obs_id=1 obs_dist=3.44m obs_s=0.52 ego_s=36.60 side=LEFT | left_clearance=0.53 right_clearance=-0.02 candidate_valid=true rung=0 pre_dist=2.13m | cache_used=false path_age=0.000 path_points=101 planning_time_ms=7.5
1787350625.382 [STATIC_AVOID] obs_id=1 obs_dist=3.50m obs_s=0.52 ego_s=36.54 side=RIGHT | left_clearance=0.42 right_clearance=-0.06 candidate_valid=true rung=1 pre_dist=2.00m | cache_used=false path_age=0.000 path_points=101 planning_time_ms=20.4
1787350626.000 [STATIC_AVOID] obs_id=1 obs_dist=3.29m obs_s=0.52 ego_s=36.75 side=RIGHT | left_clearance=0.41 right_clearance=-0.06 candidate_valid=true rung=1 pre_dist=2.00m | cache_used=false path_age=0.000 path_points=101 planning_time_ms=35.9
1787350626.570 [STATIC_AVOID] obs_id=3 obs_dist=4.45m obs_s=1.51 ego_s=36.58 side=LEFT | left_clearance=0.41 right_clearance=0.19 candidate_valid=true rung=0 pre_dist=2.00m | cache_used=false path_age=0.000 path_points=101 planning_time_ms=4.1
1787350627.073 [STATIC_AVOID] obs_id=3 obs_dist=4.46m obs_s=1.51 ego_s=36.57 side=RIGHT | left_clearance=0.41 right_clearance=0.19 candidate_valid=true rung=1 pre_dist=2.00m | cache_used=false path_age=0.000 path_points=101 planning_time_ms=9.9
1787350627.663 [STATIC_AVOID] obs_id=- obs_dist=-m obs_s=- ego_s=36.34 side=- | left_clearance=- right_clearance=- candidate_valid=false rung=- pre_dist=-m | cache_used=false path_age=- path_points=0 planning_time_ms=0.1 | reason=no_static_obstacle_in_range | cache_reason=no_cache
1787350628.262 [STATIC_AVOID] obs_id=- obs_dist=-m obs_s=- ego_s=36.03 side=- | left_clearance=- right_clearance=- candidate_valid=false rung=- pre_dist=-m | cache_used=false path_age=- path_points=0 planning_time_ms=0.1 | reason=no_static_obstacle_in_range | cache_reason=no_cache
1787350628.862 [STATIC_AVOID] obs_id=- obs_dist=-m obs_s=- ego_s=35.94 side=- | left_clearance=- right_clearance=- candidate_valid=false rung=- pre_dist=-m | cache_used=false path_age=- path_points=0 planning_time_ms=0.1 | reason=no_static_obstacle_in_range | cache_reason=no_cache
1787350629.364 [STATIC_AVOID] obs_id=- obs_dist=-m obs_s=- ego_s=35.92 side=- | left_clearance=- right_clearance=- candidate_valid=false rung=- pre_dist=-m | cache_used=false path_age=- path_points=0 planning_time_ms=0.1 | reason=no_static_obstacle_in_range | cache_reason=no_cache
1787350629.962 [STATIC_AVOID] obs_id=- obs_dist=-m obs_s=- ego_s=36.11 side=- | left_clearance=- right_clearance=- candidate_valid=false rung=- pre_dist=-m | cache_used=false path_age=- path_points=0 planning_time_ms=0.1 | reason=no_static_obstacle_in_range | cache_reason=no_cache
1787350630.464 [STATIC_AVOID] obs_id=- obs_dist=-m obs_s=- ego_s=22.61 side=- | left_clearance=- right_clearance=- candidate_valid=false rung=- pre_dist=-m | cache_used=false path_age=- path_points=0 planning_time_ms=0.1 | reason=no_static_obstacle_in_range | cache_reason=no_cache
1787350631.062 [STATIC_AVOID] obs_id=- obs_dist=-m obs_s=- ego_s=21.97 side=- | left_clearance=- right_clearance=- candidate_valid=false rung=- pre_dist=-m | cache_used=false path_age=- path_points=0 planning_time_ms=0.1 | reason=no_static_obstacle_in_range | cache_reason=no_cache
1787350631.563 [STATIC_AVOID] obs_id=- obs_dist=-m obs_s=- ego_s=21.88 side=- | left_clearance=- right_clearance=- candidate_valid=false rung=- pre_dist=-m | cache_used=false path_age=- path_points=0 planning_time_ms=0.1 | reason=no_static_obstacle_in_range | cache_reason=no_cache
1787350632.075 [STATIC_AVOID] obs_id=- obs_dist=-m obs_s=- ego_s=21.82 side=- | left_clearance=- right_clearance=- candidate_valid=false rung=- pre_dist=-m | cache_used=false path_age=- path_points=0 planning_time_ms=0.1 | reason=no_static_obstacle_in_range | cache_reason=no_cache
1787350632.664 [STATIC_AVOID] obs_id=- obs_dist=-m obs_s=- ego_s=21.84 side=- | left_clearance=- right_clearance=- candidate_valid=false rung=- pre_dist=-m | cache_used=false path_age=- path_points=0 planning_time_ms=0.1 | reason=no_static_obstacle_in_range | cache_reason=no_cache
1787350633.262 [STATIC_AVOID] obs_id=- obs_dist=-m obs_s=- ego_s=21.83 side=- | left_clearance=- right_clearance=- candidate_valid=false rung=- pre_dist=-m | cache_used=false path_age=- path_points=0 planning_time_ms=0.2 | reason=no_static_obstacle_in_range | cache_reason=no_cache
1787350633.862 [STATIC_AVOID] obs_id=- obs_dist=-m obs_s=- ego_s=21.84 side=- | left_clearance=- right_clearance=- candidate_valid=false rung=- pre_dist=-m | cache_used=false path_age=- path_points=0 planning_time_ms=0.1 | reason=no_static_obstacle_in_range | cache_reason=no_cache
1787350634.462 [STATIC_AVOID] obs_id=- obs_dist=-m obs_s=- ego_s=22.20 side=- | left_clearance=- right_clearance=- candidate_valid=false rung=- pre_dist=-m | cache_used=false path_age=- path_points=0 planning_time_ms=0.1 | reason=no_static_obstacle_in_range | cache_reason=no_cache
1787350635.062 [STATIC_AVOID] obs_id=- obs_dist=-m obs_s=- ego_s=23.44 side=- | left_clearance=- right_clearance=- candidate_valid=false rung=- pre_dist=-m | cache_used=false path_age=- path_points=0 planning_time_ms=0.1 | reason=no_static_obstacle_in_range | cache_reason=no_cache
1787350635.661 [STATIC_AVOID] obs_id=- obs_dist=-m obs_s=- ego_s=25.59 side=- | left_clearance=- right_clearance=- candidate_valid=false rung=- pre_dist=-m | cache_used=false path_age=- path_points=0 planning_time_ms=0.1 | reason=no_static_obstacle_in_range | cache_reason=no_cache
1787350636.161 [STATIC_AVOID] obs_id=- obs_dist=-m obs_s=- ego_s=26.92 side=- | left_clearance=- right_clearance=- candidate_valid=false rung=- pre_dist=-m | cache_used=false path_age=- path_points=0 planning_time_ms=0.1 | reason=no_static_obstacle_in_range | cache_reason=no_cache
1787350636.661 [STATIC_AVOID] obs_id=- obs_dist=-m obs_s=- ego_s=28.62 side=- | left_clearance=- right_clearance=- candidate_valid=false rung=- pre_dist=-m | cache_used=false path_age=- path_points=0 planning_time_ms=0.1 | reason=no_static_obstacle_in_range | cache_reason=no_cache
1787350637.262 [STATIC_AVOID] obs_id=- obs_dist=-m obs_s=- ego_s=30.55 side=- | left_clearance=- right_clearance=- candidate_valid=false rung=- pre_dist=-m | cache_used=false path_age=- path_points=0 planning_time_ms=0.1 | reason=no_static_obstacle_in_range | cache_reason=no_cache
1787350637.862 [STATIC_AVOID] obs_id=- obs_dist=-m obs_s=- ego_s=31.89 side=- | left_clearance=- right_clearance=- candidate_valid=false rung=- pre_dist=-m | cache_used=false path_age=- path_points=0 planning_time_ms=0.1 | reason=no_static_obstacle_in_range | cache_reason=no_cache
1787350638.461 [STATIC_AVOID] obs_id=- obs_dist=-m obs_s=- ego_s=33.58 side=- | left_clearance=- right_clearance=- candidate_valid=false rung=- pre_dist=-m | cache_used=false path_age=- path_points=0 planning_time_ms=0.1 | reason=no_static_obstacle_in_range | cache_reason=no_cache
1787350638.966 [STATIC_AVOID] obs_id=- obs_dist=-m obs_s=- ego_s=35.46 side=- | left_clearance=- right_clearance=- candidate_valid=false rung=- pre_dist=-m | cache_used=false path_age=- path_points=0 planning_time_ms=0.1 | reason=no_static_obstacle_in_range | cache_reason=no_cache
1787350639.561 [STATIC_AVOID] obs_id=- obs_dist=-m obs_s=- ego_s=38.34 side=- | left_clearance=- right_clearance=- candidate_valid=false rung=- pre_dist=-m | cache_used=false path_age=- path_points=0 planning_time_ms=0.1 | reason=no_static_obstacle_in_range | cache_reason=no_cache
1787350640.062 [STATIC_AVOID] obs_id=- obs_dist=-m obs_s=- ego_s=0.83 side=- | left_clearance=- right_clearance=- candidate_valid=false rung=- pre_dist=-m | cache_used=false path_age=- path_points=0 planning_time_ms=0.1 | reason=no_static_obstacle_in_range | cache_reason=no_cache
1787350640.662 [STATIC_AVOID] obs_id=- obs_dist=-m obs_s=- ego_s=3.71 side=- | left_clearance=- right_clearance=- candidate_valid=false rung=- pre_dist=-m | cache_used=false path_age=- path_points=0 planning_time_ms=0.1 | reason=no_static_obstacle_in_range | cache_reason=no_cache
1787350641.170 [STATIC_AVOID] obs_id=- obs_dist=-m obs_s=- ego_s=5.52 side=- | left_clearance=- right_clearance=- candidate_valid=false rung=- pre_dist=-m | cache_used=false path_age=- path_points=0 planning_time_ms=0.1 | reason=no_static_obstacle_in_range | cache_reason=no_cache
1787350641.768 [STATIC_AVOID] obs_id=- obs_dist=-m obs_s=- ego_s=7.47 side=- | left_clearance=- right_clearance=- candidate_valid=false rung=- pre_dist=-m | cache_used=false path_age=- path_points=0 planning_time_ms=0.1 | reason=no_static_obstacle_in_range | cache_reason=no_cache
1787350642.361 [STATIC_AVOID] obs_id=- obs_dist=-m obs_s=- ego_s=9.68 side=- | left_clearance=- right_clearance=- candidate_valid=false rung=- pre_dist=-m | cache_used=false path_age=- path_points=0 planning_time_ms=0.1 | reason=no_static_obstacle_in_range | cache_reason=no_cache
1787350642.862 [STATIC_AVOID] obs_id=- obs_dist=-m obs_s=- ego_s=11.53 side=- | left_clearance=- right_clearance=- candidate_valid=false rung=- pre_dist=-m | cache_used=false path_age=- path_points=0 planning_time_ms=0.1 | reason=no_static_obstacle_in_range | cache_reason=no_cache
1787350643.464 [STATIC_AVOID] obs_id=- obs_dist=-m obs_s=- ego_s=13.76 side=- | left_clearance=- right_clearance=- candidate_valid=false rung=- pre_dist=-m | cache_used=false path_age=- path_points=0 planning_time_ms=0.3 | reason=no_static_obstacle_in_range | cache_reason=no_cache
1787350643.969 [STATIC_AVOID] obs_id=- obs_dist=-m obs_s=- ego_s=14.85 side=- | left_clearance=- right_clearance=- candidate_valid=false rung=- pre_dist=-m | cache_used=false path_age=- path_points=0 planning_time_ms=0.1 | reason=no_static_obstacle_in_range | cache_reason=no_cache
1787350644.565 [STATIC_AVOID] obs_id=- obs_dist=-m obs_s=- ego_s=15.70 side=- | left_clearance=- right_clearance=- candidate_valid=false rung=- pre_dist=-m | cache_used=false path_age=- path_points=0 planning_time_ms=0.1 | reason=no_static_obstacle_in_range | cache_reason=no_cache
1787350645.161 [STATIC_AVOID] obs_id=- obs_dist=-m obs_s=- ego_s=16.13 side=- | left_clearance=- right_clearance=- candidate_valid=false rung=- pre_dist=-m | cache_used=false path_age=- path_points=0 planning_time_ms=0.1 | reason=no_static_obstacle_in_range | cache_reason=no_cache
1787350645.664 [STATIC_AVOID] obs_id=- obs_dist=-m obs_s=- ego_s=16.92 side=- | left_clearance=- right_clearance=- candidate_valid=false rung=- pre_dist=-m | cache_used=false path_age=- path_points=0 planning_time_ms=0.1 | reason=no_static_obstacle_in_range | cache_reason=no_cache
1787350646.263 [STATIC_AVOID] obs_id=- obs_dist=-m obs_s=- ego_s=17.40 side=- | left_clearance=- right_clearance=- candidate_valid=false rung=- pre_dist=-m | cache_used=false path_age=- path_points=0 planning_time_ms=0.1 | reason=no_static_obstacle_in_range | cache_reason=no_cache
1787350646.765 [STATIC_AVOID] obs_id=- obs_dist=-m obs_s=- ego_s=18.04 side=- | left_clearance=- right_clearance=- candidate_valid=false rung=- pre_dist=-m | cache_used=false path_age=- path_points=0 planning_time_ms=0.1 | reason=no_static_obstacle_in_range | cache_reason=no_cache
1787350647.278 [STATIC_AVOID] obs_id=- obs_dist=-m obs_s=- ego_s=18.75 side=- | left_clearance=- right_clearance=- candidate_valid=false rung=- pre_dist=-m | cache_used=false path_age=- path_points=0 planning_time_ms=0.9 | reason=no_static_obstacle_in_range | cache_reason=no_cache
1787350647.864 [STATIC_AVOID] obs_id=- obs_dist=-m obs_s=- ego_s=19.52 side=- | left_clearance=- right_clearance=- candidate_valid=false rung=- pre_dist=-m | cache_used=false path_age=- path_points=0 planning_time_ms=0.3 | reason=no_static_obstacle_in_range | cache_reason=no_cache
1787350648.376 [STATIC_AVOID] obs_id=- obs_dist=-m obs_s=- ego_s=20.39 side=- | left_clearance=- right_clearance=- candidate_valid=false rung=- pre_dist=-m | cache_used=false path_age=- path_points=0 planning_time_ms=0.1 | reason=no_static_obstacle_in_range | cache_reason=no_cache
1787350648.965 [STATIC_AVOID] obs_id=- obs_dist=-m obs_s=- ego_s=21.65 side=- | left_clearance=- right_clearance=- candidate_valid=false rung=- pre_dist=-m | cache_used=false path_age=- path_points=0 planning_time_ms=0.1 | reason=no_static_obstacle_in_range | cache_reason=no_cache
1787350649.570 [STATIC_AVOID] obs_id=- obs_dist=-m obs_s=- ego_s=22.43 side=- | left_clearance=- right_clearance=- candidate_valid=false rung=- pre_dist=-m | cache_used=false path_age=- path_points=0 planning_time_ms=0.1 | reason=no_static_obstacle_in_range | cache_reason=no_cache
1787350650.168 [STATIC_AVOID] obs_id=- obs_dist=-m obs_s=- ego_s=23.10 side=- | left_clearance=- right_clearance=- candidate_valid=false rung=- pre_dist=-m | cache_used=false path_age=- path_points=0 planning_time_ms=0.1 | reason=no_static_obstacle_in_range | cache_reason=no_cache
1787350650.769 [STATIC_AVOID] obs_id=- obs_dist=-m obs_s=- ego_s=23.61 side=- | left_clearance=- right_clearance=- candidate_valid=false rung=- pre_dist=-m | cache_used=false path_age=- path_points=0 planning_time_ms=0.1 | reason=no_static_obstacle_in_range | cache_reason=no_cache
1787350651.362 [STATIC_AVOID] obs_id=- obs_dist=-m obs_s=- ego_s=24.60 side=- | left_clearance=- right_clearance=- candidate_valid=false rung=- pre_dist=-m | cache_used=false path_age=- path_points=0 planning_time_ms=0.1 | reason=no_static_obstacle_in_range | cache_reason=no_cache
1787350651.863 [STATIC_AVOID] obs_id=- obs_dist=-m obs_s=- ego_s=25.02 side=- | left_clearance=- right_clearance=- candidate_valid=false rung=- pre_dist=-m | cache_used=false path_age=- path_points=0 planning_time_ms=0.1 | reason=no_static_obstacle_in_range | cache_reason=no_cache
1787350652.364 [STATIC_AVOID] obs_id=- obs_dist=-m obs_s=- ego_s=25.57 side=- | left_clearance=- right_clearance=- candidate_valid=false rung=- pre_dist=-m | cache_used=false path_age=- path_points=0 planning_time_ms=0.1 | reason=no_static_obstacle_in_range | cache_reason=no_cache
1787350652.970 [STATIC_AVOID] obs_id=- obs_dist=-m obs_s=- ego_s=26.51 side=- | left_clearance=- right_clearance=- candidate_valid=false rung=- pre_dist=-m | cache_used=false path_age=- path_points=0 planning_time_ms=0.1 | reason=no_static_obstacle_in_range | cache_reason=no_cache
1787350653.563 [STATIC_AVOID] obs_id=- obs_dist=-m obs_s=- ego_s=27.68 side=- | left_clearance=- right_clearance=- candidate_valid=false rung=- pre_dist=-m | cache_used=false path_age=- path_points=0 planning_time_ms=0.1 | reason=no_static_obstacle_in_range | cache_reason=no_cache
1787350654.162 [STATIC_AVOID] obs_id=- obs_dist=-m obs_s=- ego_s=28.72 side=- | left_clearance=- right_clearance=- candidate_valid=false rung=- pre_dist=-m | cache_used=false path_age=- path_points=0 planning_time_ms=0.1 | reason=no_static_obstacle_in_range | cache_reason=no_cache
1787350654.763 [STATIC_AVOID] obs_id=- obs_dist=-m obs_s=- ego_s=29.38 side=- | left_clearance=- right_clearance=- candidate_valid=false rung=- pre_dist=-m | cache_used=false path_age=- path_points=0 planning_time_ms=0.1 | reason=no_static_obstacle_in_range | cache_reason=no_cache
1787350655.371 [STATIC_AVOID] obs_id=- obs_dist=-m obs_s=- ego_s=30.19 side=- | left_clearance=- right_clearance=- candidate_valid=false rung=- pre_dist=-m | cache_used=false path_age=- path_points=0 planning_time_ms=0.1 | reason=no_static_obstacle_in_range | cache_reason=no_cache
1787350655.968 [STATIC_AVOID] obs_id=- obs_dist=-m obs_s=- ego_s=30.91 side=- | left_clearance=- right_clearance=- candidate_valid=false rung=- pre_dist=-m | cache_used=false path_age=- path_points=0 planning_time_ms=0.1 | reason=no_static_obstacle_in_range | cache_reason=no_cache
1787350656.562 [STATIC_AVOID] obs_id=- obs_dist=-m obs_s=- ego_s=31.74 side=- | left_clearance=- right_clearance=- candidate_valid=false rung=- pre_dist=-m | cache_used=false path_age=- path_points=0 planning_time_ms=0.1 | reason=no_static_obstacle_in_range | cache_reason=no_cache
1787350657.161 [STATIC_AVOID] obs_id=- obs_dist=-m obs_s=- ego_s=32.57 side=- | left_clearance=- right_clearance=- candidate_valid=false rung=- pre_dist=-m | cache_used=false path_age=- path_points=0 planning_time_ms=0.1 | reason=no_static_obstacle_in_range | cache_reason=no_cache
1787350657.761 [STATIC_AVOID] obs_id=- obs_dist=-m obs_s=- ego_s=33.36 side=- | left_clearance=- right_clearance=- candidate_valid=false rung=- pre_dist=-m | cache_used=false path_age=- path_points=0 planning_time_ms=0.1 | reason=no_static_obstacle_in_range | cache_reason=no_cache
1787350658.285 [STATIC_AVOID] obs_id=- obs_dist=-m obs_s=- ego_s=34.32 side=- | left_clearance=- right_clearance=- candidate_valid=false rung=- pre_dist=-m | cache_used=false path_age=- path_points=0 planning_time_ms=0.1 | reason=no_static_obstacle_in_range | cache_reason=no_cache
1787350658.862 [STATIC_AVOID] obs_id=- obs_dist=-m obs_s=- ego_s=35.50 side=- | left_clearance=- right_clearance=- candidate_valid=false rung=- pre_dist=-m | cache_used=false path_age=- path_points=0 planning_time_ms=0.1 | reason=no_static_obstacle_in_range | cache_reason=no_cache
1787350659.368 [STATIC_AVOID] obs_id=- obs_dist=-m obs_s=- ego_s=36.80 side=- | left_clearance=- right_clearance=- candidate_valid=false rung=- pre_dist=-m | cache_used=false path_age=- path_points=0 planning_time_ms=0.1 | reason=no_static_obstacle_in_range | cache_reason=no_cache
1787350659.963 [STATIC_AVOID] obs_id=- obs_dist=-m obs_s=- ego_s=38.58 side=- | left_clearance=- right_clearance=- candidate_valid=false rung=- pre_dist=-m | cache_used=false path_age=- path_points=0 planning_time_ms=0.1 | reason=no_static_obstacle_in_range | cache_reason=no_cache
1787350660.561 [STATIC_AVOID] obs_id=- obs_dist=-m obs_s=- ego_s=1.47 side=- | left_clearance=- right_clearance=- candidate_valid=false rung=- pre_dist=-m | cache_used=false path_age=- path_points=0 planning_time_ms=0.1 | reason=no_static_obstacle_in_range | cache_reason=no_cache
1787350661.083 [STATIC_AVOID] obs_id=- obs_dist=-m obs_s=- ego_s=2.42 side=- | left_clearance=- right_clearance=- candidate_valid=false rung=- pre_dist=-m | cache_used=false path_age=- path_points=0 planning_time_ms=0.1 | reason=no_static_obstacle_in_range | cache_reason=no_cache
1787350661.673 [STATIC_AVOID] obs_id=- obs_dist=-m obs_s=- ego_s=3.97 side=- | left_clearance=- right_clearance=- candidate_valid=false rung=- pre_dist=-m | cache_used=false path_age=- path_points=0 planning_time_ms=0.1 | reason=no_static_obstacle_in_range | cache_reason=no_cache
1787350662.278 [STATIC_AVOID] obs_id=- obs_dist=-m obs_s=- ego_s=4.79 side=- | left_clearance=- right_clearance=- candidate_valid=false rung=- pre_dist=-m | cache_used=false path_age=- path_points=0 planning_time_ms=0.1 | reason=no_static_obstacle_in_range | cache_reason=no_cache
1787350662.779 [STATIC_AVOID] obs_id=- obs_dist=-m obs_s=- ego_s=5.86 side=- | left_clearance=- right_clearance=- candidate_valid=false rung=- pre_dist=-m | cache_used=false path_age=- path_points=0 planning_time_ms=0.1 | reason=no_static_obstacle_in_range | cache_reason=no_cache
1787350663.283 [STATIC_AVOID] obs_id=- obs_dist=-m obs_s=- ego_s=6.48 side=- | left_clearance=- right_clearance=- candidate_valid=false rung=- pre_dist=-m | cache_used=false path_age=- path_points=0 planning_time_ms=0.1 | reason=no_static_obstacle_in_range | cache_reason=no_cache
1787350663.862 [STATIC_AVOID] obs_id=- obs_dist=-m obs_s=- ego_s=7.35 side=- | left_clearance=- right_clearance=- candidate_valid=false rung=- pre_dist=-m | cache_used=false path_age=- path_points=0 planning_time_ms=0.1 | reason=no_static_obstacle_in_range | cache_reason=no_cache
1787350664.367 [STATIC_AVOID] obs_id=- obs_dist=-m obs_s=- ego_s=8.17 side=- | left_clearance=- right_clearance=- candidate_valid=false rung=- pre_dist=-m | cache_used=false path_age=- path_points=0 planning_time_ms=0.1 | reason=no_static_obstacle_in_range | cache_reason=no_cache
1787350664.962 [STATIC_AVOID] obs_id=- obs_dist=-m obs_s=- ego_s=9.10 side=- | left_clearance=- right_clearance=- candidate_valid=false rung=- pre_dist=-m | cache_used=false path_age=- path_points=0 planning_time_ms=0.1 | reason=no_static_obstacle_in_range | cache_reason=no_cache
1787350665.561 [STATIC_AVOID] obs_id=- obs_dist=-m obs_s=- ego_s=9.96 side=- | left_clearance=- right_clearance=- candidate_valid=false rung=- pre_dist=-m | cache_used=false path_age=- path_points=0 planning_time_ms=0.1 | reason=no_static_obstacle_in_range | cache_reason=no_cache
1787350666.063 [STATIC_AVOID] obs_id=- obs_dist=-m obs_s=- ego_s=10.61 side=- | left_clearance=- right_clearance=- candidate_valid=false rung=- pre_dist=-m | cache_used=false path_age=- path_points=0 planning_time_ms=0.1 | reason=no_static_obstacle_in_range | cache_reason=no_cache
1787350666.569 [STATIC_AVOID] obs_id=- obs_dist=-m obs_s=- ego_s=11.21 side=- | left_clearance=- right_clearance=- candidate_valid=false rung=- pre_dist=-m | cache_used=false path_age=- path_points=0 planning_time_ms=0.1 | reason=no_static_obstacle_in_range | cache_reason=no_cache
1787350667.161 [STATIC_AVOID] obs_id=- obs_dist=-m obs_s=- ego_s=12.04 side=- | left_clearance=- right_clearance=- candidate_valid=false rung=- pre_dist=-m | cache_used=false path_age=- path_points=0 planning_time_ms=0.1 | reason=no_static_obstacle_in_range | cache_reason=no_cache
1787350667.762 [STATIC_AVOID] obs_id=- obs_dist=-m obs_s=- ego_s=13.09 side=- | left_clearance=- right_clearance=- candidate_valid=false rung=- pre_dist=-m | cache_used=false path_age=- path_points=0 planning_time_ms=0.1 | reason=no_static_obstacle_in_range | cache_reason=no_cache
1787350668.281 [STATIC_AVOID] obs_id=- obs_dist=-m obs_s=- ego_s=14.11 side=- | left_clearance=- right_clearance=- candidate_valid=false rung=- pre_dist=-m | cache_used=false path_age=- path_points=0 planning_time_ms=0.1 | reason=no_static_obstacle_in_range | cache_reason=no_cache
1787350668.861 [STATIC_AVOID] obs_id=- obs_dist=-m obs_s=- ego_s=15.62 side=- | left_clearance=- right_clearance=- candidate_valid=false rung=- pre_dist=-m | cache_used=false path_age=- path_points=0 planning_time_ms=0.1 | reason=no_static_obstacle_in_range | cache_reason=no_cache
1787350669.463 [STATIC_AVOID] obs_id=- obs_dist=-m obs_s=- ego_s=16.48 side=- | left_clearance=- right_clearance=- candidate_valid=false rung=- pre_dist=-m | cache_used=false path_age=- path_points=0 planning_time_ms=0.1 | reason=no_static_obstacle_in_range | cache_reason=no_cache
1787350670.062 [STATIC_AVOID] obs_id=- obs_dist=-m obs_s=- ego_s=16.81 side=- | left_clearance=- right_clearance=- candidate_valid=false rung=- pre_dist=-m | cache_used=false path_age=- path_points=0 planning_time_ms=0.1 | reason=no_static_obstacle_in_range | cache_reason=no_cache
1787350670.662 [STATIC_AVOID] obs_id=- obs_dist=-m obs_s=- ego_s=16.92 side=- | left_clearance=- right_clearance=- candidate_valid=false rung=- pre_dist=-m | cache_used=false path_age=- path_points=0 planning_time_ms=0.1 | reason=no_static_obstacle_in_range | cache_reason=no_cache
1787350671.162 [STATIC_AVOID] obs_id=- obs_dist=-m obs_s=- ego_s=17.52 side=- | left_clearance=- right_clearance=- candidate_valid=false rung=- pre_dist=-m | cache_used=false path_age=- path_points=0 planning_time_ms=0.1 | reason=no_static_obstacle_in_range | cache_reason=no_cache
1787350671.663 [STATIC_AVOID] obs_id=- obs_dist=-m obs_s=- ego_s=17.64 side=- | left_clearance=- right_clearance=- candidate_valid=false rung=- pre_dist=-m | cache_used=false path_age=- path_points=0 planning_time_ms=0.1 | reason=no_static_obstacle_in_range | cache_reason=no_cache
1787350672.261 [STATIC_AVOID] obs_id=- obs_dist=-m obs_s=- ego_s=18.15 side=- | left_clearance=- right_clearance=- candidate_valid=false rung=- pre_dist=-m | cache_used=false path_age=- path_points=0 planning_time_ms=0.1 | reason=no_static_obstacle_in_range | cache_reason=no_cache
1787350672.815 [STATIC_AVOID] obs_id=24 obs_dist=7.85m obs_s=26.45 ego_s=18.59 side=LEFT | left_clearance=0.41 right_clearance=-0.26 candidate_valid=false rung=- pre_dist=2.00m | cache_used=true path_age=0.242 path_points=134 planning_time_ms=26.1 | reason=obstacle_clearance
1787350673.378 [STATIC_AVOID] obs_id=24 obs_dist=7.79m obs_s=26.45 ego_s=18.66 side=LEFT | left_clearance=0.41 right_clearance=-0.26 candidate_valid=true rung=2 pre_dist=2.00m | cache_used=false path_age=0.000 path_points=139 planning_time_ms=17.0
1787350673.972 [STATIC_AVOID] obs_id=24 obs_dist=6.88m obs_s=26.45 ego_s=19.57 side=LEFT | left_clearance=0.41 right_clearance=-0.26 candidate_valid=true rung=0 pre_dist=2.00m | cache_used=false path_age=0.000 path_points=124 planning_time_ms=3.8
1787350674.562 [STATIC_AVOID] obs_id=- obs_dist=-m obs_s=- ego_s=20.88 side=- | left_clearance=- right_clearance=- candidate_valid=false rung=- pre_dist=-m | cache_used=false path_age=- path_points=0 planning_time_ms=0.1 | reason=no_static_obstacle_in_range | cache_reason=no_cache
1787350675.161 [STATIC_AVOID] obs_id=- obs_dist=-m obs_s=- ego_s=22.18 side=- | left_clearance=- right_clearance=- candidate_valid=false rung=- pre_dist=-m | cache_used=false path_age=- path_points=0 planning_time_ms=0.1 | reason=no_static_obstacle_in_range | cache_reason=no_cache
1787350675.661 [STATIC_AVOID] obs_id=- obs_dist=-m obs_s=- ego_s=23.66 side=- | left_clearance=- right_clearance=- candidate_valid=false rung=- pre_dist=-m | cache_used=false path_age=- path_points=0 planning_time_ms=0.1 | reason=no_static_obstacle_in_range | cache_reason=no_cache
1787350676.264 [STATIC_AVOID] obs_id=- obs_dist=-m obs_s=- ego_s=24.06 side=- | left_clearance=- right_clearance=- candidate_valid=false rung=- pre_dist=-m | cache_used=false path_age=- path_points=0 planning_time_ms=0.1 | reason=no_static_obstacle_in_range | cache_reason=no_cache
1787350676.864 [STATIC_AVOID] obs_id=- obs_dist=-m obs_s=- ego_s=24.56 side=- | left_clearance=- right_clearance=- candidate_valid=false rung=- pre_dist=-m | cache_used=false path_age=- path_points=0 planning_time_ms=0.1 | reason=no_static_obstacle_in_range | cache_reason=no_cache
1787350677.461 [STATIC_AVOID] obs_id=- obs_dist=-m obs_s=- ego_s=25.03 side=- | left_clearance=- right_clearance=- candidate_valid=false rung=- pre_dist=-m | cache_used=false path_age=- path_points=0 planning_time_ms=0.1 | reason=no_static_obstacle_in_range | cache_reason=no_cache
1787350678.063 [STATIC_AVOID] obs_id=- obs_dist=-m obs_s=- ego_s=25.40 side=- | left_clearance=- right_clearance=- candidate_valid=false rung=- pre_dist=-m | cache_used=false path_age=- path_points=0 planning_time_ms=0.2 | reason=no_static_obstacle_in_range | cache_reason=no_cache
1787350678.661 [STATIC_AVOID] obs_id=- obs_dist=-m obs_s=- ego_s=25.79 side=- | left_clearance=- right_clearance=- candidate_valid=false rung=- pre_dist=-m | cache_used=false path_age=- path_points=0 planning_time_ms=0.1 | reason=no_static_obstacle_in_range | cache_reason=no_cache
1787350679.163 [STATIC_AVOID] obs_id=- obs_dist=-m obs_s=- ego_s=26.59 side=- | left_clearance=- right_clearance=- candidate_valid=false rung=- pre_dist=-m | cache_used=false path_age=- path_points=0 planning_time_ms=0.1 | reason=no_static_obstacle_in_range | cache_reason=no_cache
1787350679.673 [STATIC_AVOID] obs_id=29 obs_dist=3.37m obs_s=31.45 ego_s=28.08 side=RIGHT | left_clearance=-0.09 right_clearance=0.16 candidate_valid=true rung=2 pre_dist=3.37m | cache_used=false path_age=0.000 path_points=106 planning_time_ms=9.3
1787350680.266 [STATIC_AVOID] obs_id=29 obs_dist=1.63m obs_s=31.45 ego_s=29.82 side=RIGHT | left_clearance=-0.09 right_clearance=0.16 candidate_valid=true rung=0 pre_dist=3.37m | cache_used=false path_age=0.000 path_points=101 planning_time_ms=4.1
1787350680.780 [STATIC_AVOID] obs_id=29 obs_dist=0.10m obs_s=31.45 ego_s=31.35 side=RIGHT | left_clearance=-0.21 right_clearance=0.16 candidate_valid=true rung=0 pre_dist=2.00m | cache_used=false path_age=0.000 path_points=101 planning_time_ms=13.1
1787350681.286 [STATIC_AVOID] obs_id=29 obs_dist=-0.83m obs_s=31.45 ego_s=32.28 side=RIGHT | left_clearance=-0.09 right_clearance=0.16 candidate_valid=true rung=0 pre_dist=2.93m | cache_used=false path_age=0.000 path_points=101 planning_time_ms=18.2
1787350681.876 [STATIC_AVOID] obs_id=31 obs_dist=-0.32m obs_s=33.27 ego_s=33.59 side=RIGHT | left_clearance=-0.05 right_clearance=0.25 candidate_valid=true rung=0 pre_dist=2.82m | cache_used=false path_age=0.000 path_points=101 planning_time_ms=9.0
1787350682.479 [STATIC_AVOID] obs_id=34 obs_dist=-0.07m obs_s=34.98 ego_s=35.06 side=- | left_clearance=0.08 right_clearance=-0.03 candidate_valid=false rung=- pre_dist=2.56m | cache_used=false path_age=- path_points=0 planning_time_ms=13.5 | reason=map_occupied | cache_reason=no_cache
1787350683.084 [STATIC_AVOID] obs_id=34 obs_dist=-0.94m obs_s=34.98 ego_s=35.92 side=- | left_clearance=0.08 right_clearance=-0.03 candidate_valid=false rung=- pre_dist=3.43m | cache_used=false path_age=- path_points=0 planning_time_ms=14.9 | reason=map_occupied | cache_reason=no_cache
1787350683.679 [STATIC_AVOID] obs_id=34 obs_dist=-0.89m obs_s=34.98 ego_s=35.87 side=- | left_clearance=0.35 right_clearance=-0.03 candidate_valid=false rung=- pre_dist=2.00m | cache_used=false path_age=- path_points=0 planning_time_ms=16.9 | reason=map_occupied | cache_reason=no_cache
1787350684.264 [STATIC_AVOID] obs_id=- obs_dist=-m obs_s=- ego_s=36.63 side=- | left_clearance=- right_clearance=- candidate_valid=false rung=- pre_dist=-m | cache_used=false path_age=- path_points=0 planning_time_ms=0.1 | reason=no_static_obstacle_in_range | cache_reason=no_cache
1787350684.862 [STATIC_AVOID] obs_id=- obs_dist=-m obs_s=- ego_s=36.69 side=- | left_clearance=- right_clearance=- candidate_valid=false rung=- pre_dist=-m | cache_used=false path_age=- path_points=0 planning_time_ms=0.1 | reason=no_static_obstacle_in_range | cache_reason=no_cache
1787350685.461 [STATIC_AVOID] obs_id=- obs_dist=-m obs_s=- ego_s=36.96 side=- | left_clearance=- right_clearance=- candidate_valid=false rung=- pre_dist=-m | cache_used=false path_age=- path_points=0 planning_time_ms=0.1 | reason=no_static_obstacle_in_range | cache_reason=no_cache
1787350685.962 [STATIC_AVOID] obs_id=- obs_dist=-m obs_s=- ego_s=37.10 side=- | left_clearance=- right_clearance=- candidate_valid=false rung=- pre_dist=-m | cache_used=false path_age=- path_points=0 planning_time_ms=0.1 | reason=no_static_obstacle_in_range | cache_reason=no_cache
1787350686.570 [STATIC_AVOID] obs_id=- obs_dist=-m obs_s=- ego_s=37.44 side=- | left_clearance=- right_clearance=- candidate_valid=false rung=- pre_dist=-m | cache_used=false path_age=- path_points=0 planning_time_ms=0.1 | reason=no_static_obstacle_in_range | cache_reason=no_cache
1787350687.161 [STATIC_AVOID] obs_id=- obs_dist=-m obs_s=- ego_s=37.94 side=- | left_clearance=- right_clearance=- candidate_valid=false rung=- pre_dist=-m | cache_used=false path_age=- path_points=0 planning_time_ms=0.1 | reason=no_static_obstacle_in_range | cache_reason=no_cache
1787350687.665 [STATIC_AVOID] obs_id=- obs_dist=-m obs_s=- ego_s=38.32 side=- | left_clearance=- right_clearance=- candidate_valid=false rung=- pre_dist=-m | cache_used=false path_age=- path_points=0 planning_time_ms=0.1 | reason=no_static_obstacle_in_range | cache_reason=no_cache
1787350688.262 [STATIC_AVOID] obs_id=- obs_dist=-m obs_s=- ego_s=38.68 side=- | left_clearance=- right_clearance=- candidate_valid=false rung=- pre_dist=-m | cache_used=false path_age=- path_points=0 planning_time_ms=0.1 | reason=no_static_obstacle_in_range | cache_reason=no_cache
1787350688.767 [STATIC_AVOID] obs_id=- obs_dist=-m obs_s=- ego_s=38.72 side=- | left_clearance=- right_clearance=- candidate_valid=false rung=- pre_dist=-m | cache_used=false path_age=- path_points=0 planning_time_ms=0.1 | reason=no_static_obstacle_in_range | cache_reason=no_cache
1787350689.361 [STATIC_AVOID] obs_id=- obs_dist=-m obs_s=- ego_s=38.78 side=- | left_clearance=- right_clearance=- candidate_valid=false rung=- pre_dist=-m | cache_used=false path_age=- path_points=0 planning_time_ms=0.1 | reason=no_static_obstacle_in_range | cache_reason=no_cache
1787350689.861 [STATIC_AVOID] obs_id=- obs_dist=-m obs_s=- ego_s=38.92 side=- | left_clearance=- right_clearance=- candidate_valid=false rung=- pre_dist=-m | cache_used=false path_age=- path_points=0 planning_time_ms=0.1 | reason=no_static_obstacle_in_range | cache_reason=no_cache
1787350690.363 [STATIC_AVOID] obs_id=- obs_dist=-m obs_s=- ego_s=38.94 side=- | left_clearance=- right_clearance=- candidate_valid=false rung=- pre_dist=-m | cache_used=false path_age=- path_points=0 planning_time_ms=0.1 | reason=no_static_obstacle_in_range | cache_reason=no_cache
1787350690.963 [STATIC_AVOID] obs_id=- obs_dist=-m obs_s=- ego_s=39.03 side=- | left_clearance=- right_clearance=- candidate_valid=false rung=- pre_dist=-m | cache_used=false path_age=- path_points=0 planning_time_ms=0.1 | reason=no_static_obstacle_in_range | cache_reason=no_cache
1787350691.567 [STATIC_AVOID] obs_id=- obs_dist=-m obs_s=- ego_s=39.22 side=- | left_clearance=- right_clearance=- candidate_valid=false rung=- pre_dist=-m | cache_used=false path_age=- path_points=0 planning_time_ms=0.1 | reason=no_static_obstacle_in_range | cache_reason=no_cache
1787350692.161 [STATIC_AVOID] obs_id=- obs_dist=-m obs_s=- ego_s=39.22 side=- | left_clearance=- right_clearance=- candidate_valid=false rung=- pre_dist=-m | cache_used=false path_age=- path_points=0 planning_time_ms=0.1 | reason=no_static_obstacle_in_range | cache_reason=no_cache
1787350692.761 [STATIC_AVOID] obs_id=- obs_dist=-m obs_s=- ego_s=39.20 side=- | left_clearance=- right_clearance=- candidate_valid=false rung=- pre_dist=-m | cache_used=false path_age=- path_points=0 planning_time_ms=0.1 | reason=no_static_obstacle_in_range | cache_reason=no_cache
1787350693.364 [STATIC_AVOID] obs_id=- obs_dist=-m obs_s=- ego_s=39.12 side=- | left_clearance=- right_clearance=- candidate_valid=false rung=- pre_dist=-m | cache_used=false path_age=- path_points=0 planning_time_ms=0.1 | reason=no_static_obstacle_in_range | cache_reason=no_cache
1787350693.961 [STATIC_AVOID] obs_id=- obs_dist=-m obs_s=- ego_s=39.16 side=- | left_clearance=- right_clearance=- candidate_valid=false rung=- pre_dist=-m | cache_used=false path_age=- path_points=0 planning_time_ms=0.1 | reason=no_static_obstacle_in_range | cache_reason=no_cache
1787350694.461 [STATIC_AVOID] obs_id=- obs_dist=-m obs_s=- ego_s=39.31 side=- | left_clearance=- right_clearance=- candidate_valid=false rung=- pre_dist=-m | cache_used=false path_age=- path_points=0 planning_time_ms=0.1 | reason=no_static_obstacle_in_range | cache_reason=no_cache
1787350694.961 [STATIC_AVOID] obs_id=- obs_dist=-m obs_s=- ego_s=39.40 side=- | left_clearance=- right_clearance=- candidate_valid=false rung=- pre_dist=-m | cache_used=false path_age=- path_points=0 planning_time_ms=0.1 | reason=no_static_obstacle_in_range | cache_reason=no_cache
1787350695.462 [STATIC_AVOID] obs_id=- obs_dist=-m obs_s=- ego_s=39.36 side=- | left_clearance=- right_clearance=- candidate_valid=false rung=- pre_dist=-m | cache_used=false path_age=- path_points=0 planning_time_ms=0.1 | reason=no_static_obstacle_in_range | cache_reason=no_cache
1787350695.962 [STATIC_AVOID] obs_id=- obs_dist=-m obs_s=- ego_s=39.24 side=- | left_clearance=- right_clearance=- candidate_valid=false rung=- pre_dist=-m | cache_used=false path_age=- path_points=0 planning_time_ms=0.1 | reason=no_static_obstacle_in_range | cache_reason=no_cache
1787350696.567 [STATIC_AVOID] obs_id=- obs_dist=-m obs_s=- ego_s=39.44 side=- | left_clearance=- right_clearance=- candidate_valid=false rung=- pre_dist=-m | cache_used=false path_age=- path_points=0 planning_time_ms=0.1 | reason=no_static_obstacle_in_range | cache_reason=no_cache
1787350697.161 [STATIC_AVOID] obs_id=- obs_dist=-m obs_s=- ego_s=0.37 side=- | left_clearance=- right_clearance=- candidate_valid=false rung=- pre_dist=-m | cache_used=false path_age=- path_points=0 planning_time_ms=0.1 | reason=no_static_obstacle_in_range | cache_reason=no_cache
1787350697.661 [STATIC_AVOID] obs_id=- obs_dist=-m obs_s=- ego_s=0.05 side=- | left_clearance=- right_clearance=- candidate_valid=false rung=- pre_dist=-m | cache_used=false path_age=- path_points=0 planning_time_ms=0.1 | reason=no_static_obstacle_in_range | cache_reason=no_cache
1787350698.162 [STATIC_AVOID] obs_id=- obs_dist=-m obs_s=- ego_s=0.02 side=- | left_clearance=- right_clearance=- candidate_valid=false rung=- pre_dist=-m | cache_used=false path_age=- path_points=0 planning_time_ms=0.4 | reason=no_static_obstacle_in_range | cache_reason=no_cache
1787350698.672 [STATIC_AVOID] obs_id=42 obs_dist=-0.61m obs_s=37.48 ego_s=38.10 side=- | left_clearance=0.52 right_clearance=-0.07 candidate_valid=false rung=- pre_dist=2.00m | cache_used=false path_age=- path_points=0 planning_time_ms=9.5 | reason=map_occupied | cache_reason=no_cache
1787350699.264 [STATIC_AVOID] obs_id=42 obs_dist=5.58m obs_s=37.48 ego_s=31.90 side=- | left_clearance=0.53 right_clearance=-0.07 candidate_valid=false rung=- pre_dist=2.00m | cache_used=false path_age=- path_points=0 planning_time_ms=3.6 | reason=map_occupied | cache_reason=no_cache
1787350699.765 [STATIC_AVOID] obs_id=42 obs_dist=5.60m obs_s=37.48 ego_s=31.88 side=- | left_clearance=0.39 right_clearance=-0.18 candidate_valid=false rung=- pre_dist=2.00m | cache_used=false path_age=- path_points=0 planning_time_ms=3.9 | reason=map_occupied | cache_reason=no_cache
1787350700.370 [STATIC_AVOID] obs_id=42 obs_dist=5.58m obs_s=37.47 ego_s=31.89 side=- | left_clearance=0.38 right_clearance=-0.14 candidate_valid=false rung=- pre_dist=2.00m | cache_used=false path_age=- path_points=0 planning_time_ms=8.4 | reason=map_occupied | cache_reason=no_cache
1787350700.968 [STATIC_AVOID] obs_id=42 obs_dist=5.59m obs_s=37.45 ego_s=31.86 side=- | left_clearance=0.42 right_clearance=-0.17 candidate_valid=false rung=- pre_dist=2.00m | cache_used=false path_age=- path_points=0 planning_time_ms=6.3 | reason=map_occupied | cache_reason=no_cache
1787350701.468 [STATIC_AVOID] obs_id=42 obs_dist=5.58m obs_s=37.43 ego_s=31.86 side=- | left_clearance=0.44 right_clearance=-0.20 candidate_valid=false rung=- pre_dist=2.00m | cache_used=false path_age=- path_points=0 planning_time_ms=5.6 | reason=map_occupied | cache_reason=no_cache
1787350701.976 [STATIC_AVOID] obs_id=42 obs_dist=5.56m obs_s=37.41 ego_s=31.85 side=- | left_clearance=0.52 right_clearance=-0.21 candidate_valid=false rung=- pre_dist=2.00m | cache_used=false path_age=- path_points=0 planning_time_ms=13.1 | reason=map_occupied | cache_reason=no_cache
1787350702.585 [STATIC_AVOID] obs_id=42 obs_dist=5.56m obs_s=37.41 ego_s=31.85 side=- | left_clearance=0.52 right_clearance=-0.21 candidate_valid=false rung=- pre_dist=2.00m | cache_used=false path_age=- path_points=0 planning_time_ms=23.8 | reason=map_occupied | cache_reason=no_cache
1787350703.169 [STATIC_AVOID] obs_id=42 obs_dist=5.56m obs_s=37.41 ego_s=31.85 side=- | left_clearance=0.52 right_clearance=-0.21 candidate_valid=false rung=- pre_dist=2.00m | cache_used=false path_age=- path_points=0 planning_time_ms=6.0 | reason=map_occupied | cache_reason=no_cache
1787350703.679 [STATIC_AVOID] obs_id=42 obs_dist=5.57m obs_s=37.41 ego_s=31.84 side=- | left_clearance=0.52 right_clearance=-0.21 candidate_valid=false rung=- pre_dist=2.00m | cache_used=false path_age=- path_points=0 planning_time_ms=3.6 | reason=map_occupied | cache_reason=no_cache
1787350704.262 [STATIC_AVOID] obs_id=- obs_dist=-m obs_s=- ego_s=31.83 side=- | left_clearance=- right_clearance=- candidate_valid=false rung=- pre_dist=-m | cache_used=false path_age=- path_points=0 planning_time_ms=0.1 | reason=no_static_obstacle_in_range | cache_reason=no_cache
1787350704.861 [STATIC_AVOID] obs_id=- obs_dist=-m obs_s=- ego_s=31.84 side=- | left_clearance=- right_clearance=- candidate_valid=false rung=- pre_dist=-m | cache_used=false path_age=- path_points=0 planning_time_ms=0.1 | reason=no_static_obstacle_in_range | cache_reason=no_cache
1787350705.362 [STATIC_AVOID] obs_id=- obs_dist=-m obs_s=- ego_s=31.83 side=- | left_clearance=- right_clearance=- candidate_valid=false rung=- pre_dist=-m | cache_used=false path_age=- path_points=0 planning_time_ms=0.1 | reason=no_static_obstacle_in_range | cache_reason=no_cache
1787350705.862 [STATIC_AVOID] obs_id=- obs_dist=-m obs_s=- ego_s=31.91 side=- | left_clearance=- right_clearance=- candidate_valid=false rung=- pre_dist=-m | cache_used=false path_age=- path_points=0 planning_time_ms=0.1 | reason=no_static_obstacle_in_range | cache_reason=no_cache
1787350706.463 [STATIC_AVOID] obs_id=- obs_dist=-m obs_s=- ego_s=31.87 side=- | left_clearance=- right_clearance=- candidate_valid=false rung=- pre_dist=-m | cache_used=false path_age=- path_points=0 planning_time_ms=0.1 | reason=no_static_obstacle_in_range | cache_reason=no_cache
1787350707.068 [STATIC_AVOID] obs_id=- obs_dist=-m obs_s=- ego_s=32.15 side=- | left_clearance=- right_clearance=- candidate_valid=false rung=- pre_dist=-m | cache_used=false path_age=- path_points=0 planning_time_ms=0.1 | reason=no_static_obstacle_in_range | cache_reason=no_cache
1787350707.662 [STATIC_AVOID] obs_id=- obs_dist=-m obs_s=- ego_s=31.82 side=- | left_clearance=- right_clearance=- candidate_valid=false rung=- pre_dist=-m | cache_used=false path_age=- path_points=0 planning_time_ms=0.1 | reason=no_static_obstacle_in_range | cache_reason=no_cache
1787350708.262 [STATIC_AVOID] obs_id=- obs_dist=-m obs_s=- ego_s=31.99 side=- | left_clearance=- right_clearance=- candidate_valid=false rung=- pre_dist=-m | cache_used=false path_age=- path_points=0 planning_time_ms=0.1 | reason=no_static_obstacle_in_range | cache_reason=no_cache
1787350708.861 [STATIC_AVOID] obs_id=- obs_dist=-m obs_s=- ego_s=31.99 side=- | left_clearance=- right_clearance=- candidate_valid=false rung=- pre_dist=-m | cache_used=false path_age=- path_points=0 planning_time_ms=0.1 | reason=no_static_obstacle_in_range | cache_reason=no_cache
1787350709.461 [STATIC_AVOID] obs_id=- obs_dist=-m obs_s=- ego_s=31.98 side=- | left_clearance=- right_clearance=- candidate_valid=false rung=- pre_dist=-m | cache_used=false path_age=- path_points=0 planning_time_ms=0.1 | reason=no_static_obstacle_in_range | cache_reason=no_cache
1787350709.962 [STATIC_AVOID] obs_id=- obs_dist=-m obs_s=- ego_s=31.98 side=- | left_clearance=- right_clearance=- candidate_valid=false rung=- pre_dist=-m | cache_used=false path_age=- path_points=0 planning_time_ms=1.0 | reason=no_static_obstacle_in_range | cache_reason=no_cache
1787350710.562 [STATIC_AVOID] obs_id=- obs_dist=-m obs_s=- ego_s=31.99 side=- | left_clearance=- right_clearance=- candidate_valid=false rung=- pre_dist=-m | cache_used=false path_age=- path_points=0 planning_time_ms=0.1 | reason=no_static_obstacle_in_range | cache_reason=no_cache
1787350711.064 [STATIC_AVOID] obs_id=- obs_dist=-m obs_s=- ego_s=31.99 side=- | left_clearance=- right_clearance=- candidate_valid=false rung=- pre_dist=-m | cache_used=false path_age=- path_points=0 planning_time_ms=0.1 | reason=no_static_obstacle_in_range | cache_reason=no_cache
1787350711.662 [STATIC_AVOID] obs_id=- obs_dist=-m obs_s=- ego_s=31.98 side=- | left_clearance=- right_clearance=- candidate_valid=false rung=- pre_dist=-m | cache_used=false path_age=- path_points=0 planning_time_ms=0.1 | reason=no_static_obstacle_in_range | cache_reason=no_cache
1787350712.264 [STATIC_AVOID] obs_id=- obs_dist=-m obs_s=- ego_s=31.98 side=- | left_clearance=- right_clearance=- candidate_valid=false rung=- pre_dist=-m | cache_used=false path_age=- path_points=0 planning_time_ms=0.1 | reason=no_static_obstacle_in_range | cache_reason=no_cache
1787350712.861 [STATIC_AVOID] obs_id=- obs_dist=-m obs_s=- ego_s=32.00 side=- | left_clearance=- right_clearance=- candidate_valid=false rung=- pre_dist=-m | cache_used=false path_age=- path_points=0 planning_time_ms=0.4 | reason=no_static_obstacle_in_range | cache_reason=no_cache
1787350713.366 [STATIC_AVOID] obs_id=- obs_dist=-m obs_s=- ego_s=32.00 side=- | left_clearance=- right_clearance=- candidate_valid=false rung=- pre_dist=-m | cache_used=false path_age=- path_points=0 planning_time_ms=0.2 | reason=no_static_obstacle_in_range | cache_reason=no_cache
1787350713.962 [STATIC_AVOID] obs_id=- obs_dist=-m obs_s=- ego_s=32.00 side=- | left_clearance=- right_clearance=- candidate_valid=false rung=- pre_dist=-m | cache_used=false path_age=- path_points=0 planning_time_ms=0.1 | reason=no_static_obstacle_in_range | cache_reason=no_cache
1787350714.567 [STATIC_AVOID] obs_id=- obs_dist=-m obs_s=- ego_s=32.01 side=- | left_clearance=- right_clearance=- candidate_valid=false rung=- pre_dist=-m | cache_used=false path_age=- path_points=0 planning_time_ms=0.1 | reason=no_static_obstacle_in_range | cache_reason=no_cache
1787350715.165 [STATIC_AVOID] obs_id=- obs_dist=-m obs_s=- ego_s=32.00 side=- | left_clearance=- right_clearance=- candidate_valid=false rung=- pre_dist=-m | cache_used=false path_age=- path_points=0 planning_time_ms=0.1 | reason=no_static_obstacle_in_range | cache_reason=no_cache
1787350715.761 [STATIC_AVOID] obs_id=- obs_dist=-m obs_s=- ego_s=32.00 side=- | left_clearance=- right_clearance=- candidate_valid=false rung=- pre_dist=-m | cache_used=false path_age=- path_points=0 planning_time_ms=0.1 | reason=no_static_obstacle_in_range | cache_reason=no_cache
1787350716.262 [STATIC_AVOID] obs_id=- obs_dist=-m obs_s=- ego_s=32.00 side=- | left_clearance=- right_clearance=- candidate_valid=false rung=- pre_dist=-m | cache_used=false path_age=- path_points=0 planning_time_ms=0.1 | reason=no_static_obstacle_in_range | cache_reason=no_cache
1787350716.768 [STATIC_AVOID] obs_id=67 obs_dist=2.57m obs_s=34.56 ego_s=31.99 side=- | left_clearance=0.26 right_clearance=-0.01 candidate_valid=false rung=- pre_dist=2.05m | cache_used=false path_age=- path_points=0 planning_time_ms=5.8 | reason=map_occupied | cache_reason=no_cache
1787350717.365 [STATIC_AVOID] obs_id=67 obs_dist=2.67m obs_s=34.65 ego_s=31.98 side=- | left_clearance=0.17 right_clearance=0.10 candidate_valid=false rung=- pre_dist=2.15m | cache_used=false path_age=- path_points=0 planning_time_ms=4.5 | reason=map_occupied | cache_reason=no_cache
1787350717.868 [STATIC_AVOID] obs_id=67 obs_dist=2.65m obs_s=34.65 ego_s=32.00 side=- | left_clearance=0.21 right_clearance=0.10 candidate_valid=false rung=- pre_dist=2.00m | cache_used=false path_age=- path_points=0 planning_time_ms=7.1 | reason=track_too_narrow | cache_reason=no_cache
1787350718.467 [STATIC_AVOID] obs_id=67 obs_dist=2.64m obs_s=34.65 ego_s=32.01 side=- | left_clearance=0.21 right_clearance=0.10 candidate_valid=false rung=- pre_dist=2.00m | cache_used=false path_age=- path_points=0 planning_time_ms=5.9 | reason=track_too_narrow | cache_reason=no_cache
1787350718.968 [STATIC_AVOID] obs_id=67 obs_dist=2.27m obs_s=34.65 ego_s=32.38 side=- | left_clearance=0.21 right_clearance=0.10 candidate_valid=false rung=- pre_dist=2.00m | cache_used=false path_age=- path_points=0 planning_time_ms=3.9 | reason=obstacle_clearance | cache_reason=no_cache
1787350719.561 [STATIC_AVOID] obs_id=68 obs_dist=2.16m obs_s=35.15 ego_s=33.00 side=- | left_clearance=- right_clearance=- candidate_valid=false rung=- pre_dist=-m | cache_used=false path_age=- path_points=0 planning_time_ms=0.2 | reason=raceline_already_clear | cache_reason=no_cache
1787350720.061 [STATIC_AVOID] obs_id=- obs_dist=-m obs_s=- ego_s=33.15 side=- | left_clearance=- right_clearance=- candidate_valid=false rung=- pre_dist=-m | cache_used=false path_age=- path_points=0 planning_time_ms=0.1 | reason=no_static_obstacle_in_range | cache_reason=no_cache
1787350720.562 [STATIC_AVOID] obs_id=- obs_dist=-m obs_s=- ego_s=33.63 side=- | left_clearance=- right_clearance=- candidate_valid=false rung=- pre_dist=-m | cache_used=false path_age=- path_points=0 planning_time_ms=0.1 | reason=no_static_obstacle_in_range | cache_reason=no_cache
1787350721.069 [STATIC_AVOID] obs_id=- obs_dist=-m obs_s=- ego_s=34.81 side=- | left_clearance=- right_clearance=- candidate_valid=false rung=- pre_dist=-m | cache_used=false path_age=- path_points=0 planning_time_ms=0.1 | reason=no_static_obstacle_in_range | cache_reason=no_cache
1787350721.661 [STATIC_AVOID] obs_id=- obs_dist=-m obs_s=- ego_s=37.07 side=- | left_clearance=- right_clearance=- candidate_valid=false rung=- pre_dist=-m | cache_used=false path_age=- path_points=0 planning_time_ms=0.1 | reason=no_static_obstacle_in_range | cache_reason=no_cache
1787350722.164 [STATIC_AVOID] obs_id=- obs_dist=-m obs_s=- ego_s=38.68 side=- | left_clearance=- right_clearance=- candidate_valid=false rung=- pre_dist=-m | cache_used=false path_age=- path_points=0 planning_time_ms=0.1 | reason=no_static_obstacle_in_range | cache_reason=no_cache
1787350722.765 [STATIC_AVOID] obs_id=- obs_dist=-m obs_s=- ego_s=1.65 side=- | left_clearance=- right_clearance=- candidate_valid=false rung=- pre_dist=-m | cache_used=false path_age=- path_points=0 planning_time_ms=0.1 | reason=no_static_obstacle_in_range | cache_reason=no_cache
1787350723.361 [STATIC_AVOID] obs_id=- obs_dist=-m obs_s=- ego_s=4.39 side=- | left_clearance=- right_clearance=- candidate_valid=false rung=- pre_dist=-m | cache_used=false path_age=- path_points=0 planning_time_ms=0.1 | reason=no_static_obstacle_in_range | cache_reason=no_cache
1787350723.962 [STATIC_AVOID] obs_id=- obs_dist=-m obs_s=- ego_s=6.44 side=- | left_clearance=- right_clearance=- candidate_valid=false rung=- pre_dist=-m | cache_used=false path_age=- path_points=0 planning_time_ms=0.1 | reason=no_static_obstacle_in_range | cache_reason=no_cache
1787350724.561 [STATIC_AVOID] obs_id=- obs_dist=-m obs_s=- ego_s=8.48 side=- | left_clearance=- right_clearance=- candidate_valid=false rung=- pre_dist=-m | cache_used=false path_age=- path_points=0 planning_time_ms=0.1 | reason=no_static_obstacle_in_range | cache_reason=no_cache
1787350725.067 [STATIC_AVOID] obs_id=- obs_dist=-m obs_s=- ego_s=10.14 side=- | left_clearance=- right_clearance=- candidate_valid=false rung=- pre_dist=-m | cache_used=false path_age=- path_points=0 planning_time_ms=0.1 | reason=no_static_obstacle_in_range | cache_reason=no_cache
1787350725.661 [STATIC_AVOID] obs_id=- obs_dist=-m obs_s=- ego_s=12.48 side=- | left_clearance=- right_clearance=- candidate_valid=false rung=- pre_dist=-m | cache_used=false path_age=- path_points=0 planning_time_ms=0.1 | reason=no_static_obstacle_in_range | cache_reason=no_cache
1787350726.262 [STATIC_AVOID] obs_id=- obs_dist=-m obs_s=- ego_s=14.66 side=- | left_clearance=- right_clearance=- candidate_valid=false rung=- pre_dist=-m | cache_used=false path_age=- path_points=0 planning_time_ms=0.1 | reason=no_static_obstacle_in_range | cache_reason=no_cache
1787350726.862 [STATIC_AVOID] obs_id=- obs_dist=-m obs_s=- ego_s=16.43 side=- | left_clearance=- right_clearance=- candidate_valid=false rung=- pre_dist=-m | cache_used=false path_age=- path_points=0 planning_time_ms=0.1 | reason=no_static_obstacle_in_range | cache_reason=no_cache
1787350727.362 [STATIC_AVOID] obs_id=- obs_dist=-m obs_s=- ego_s=17.32 side=- | left_clearance=- right_clearance=- candidate_valid=false rung=- pre_dist=-m | cache_used=false path_age=- path_points=0 planning_time_ms=0.2 | reason=no_static_obstacle_in_range | cache_reason=no_cache
1787350727.867 [STATIC_AVOID] obs_id=- obs_dist=-m obs_s=- ego_s=18.42 side=- | left_clearance=- right_clearance=- candidate_valid=false rung=- pre_dist=-m | cache_used=false path_age=- path_points=0 planning_time_ms=0.1 | reason=no_static_obstacle_in_range | cache_reason=no_cache
1787350728.461 [STATIC_AVOID] obs_id=- obs_dist=-m obs_s=- ego_s=20.37 side=- | left_clearance=- right_clearance=- candidate_valid=false rung=- pre_dist=-m | cache_used=false path_age=- path_points=0 planning_time_ms=0.1 | reason=no_static_obstacle_in_range | cache_reason=no_cache
1787350729.061 [STATIC_AVOID] obs_id=- obs_dist=-m obs_s=- ego_s=22.43 side=- | left_clearance=- right_clearance=- candidate_valid=false rung=- pre_dist=-m | cache_used=false path_age=- path_points=0 planning_time_ms=0.1 | reason=no_static_obstacle_in_range | cache_reason=no_cache
1787350729.569 [STATIC_AVOID] obs_id=- obs_dist=-m obs_s=- ego_s=24.27 side=- | left_clearance=- right_clearance=- candidate_valid=false rung=- pre_dist=-m | cache_used=false path_age=- path_points=0 planning_time_ms=0.1 | reason=no_static_obstacle_in_range | cache_reason=no_cache
1787350730.163 [STATIC_AVOID] obs_id=- obs_dist=-m obs_s=- ego_s=26.19 side=- | left_clearance=- right_clearance=- candidate_valid=false rung=- pre_dist=-m | cache_used=false path_age=- path_points=0 planning_time_ms=0.1 | reason=no_static_obstacle_in_range | cache_reason=no_cache
1787350730.763 [STATIC_AVOID] obs_id=- obs_dist=-m obs_s=- ego_s=28.06 side=- | left_clearance=- right_clearance=- candidate_valid=false rung=- pre_dist=-m | cache_used=false path_age=- path_points=0 planning_time_ms=0.1 | reason=no_static_obstacle_in_range | cache_reason=no_cache
1787350731.263 [STATIC_AVOID] obs_id=- obs_dist=-m obs_s=- ego_s=29.61 side=- | left_clearance=- right_clearance=- candidate_valid=false rung=- pre_dist=-m | cache_used=false path_age=- path_points=0 planning_time_ms=0.1 | reason=no_static_obstacle_in_range | cache_reason=no_cache
1787350731.763 [STATIC_AVOID] obs_id=- obs_dist=-m obs_s=- ego_s=31.12 side=- | left_clearance=- right_clearance=- candidate_valid=false rung=- pre_dist=-m | cache_used=false path_age=- path_points=0 planning_time_ms=0.1 | reason=no_static_obstacle_in_range | cache_reason=no_cache
1787350732.263 [STATIC_AVOID] obs_id=- obs_dist=-m obs_s=- ego_s=32.16 side=- | left_clearance=- right_clearance=- candidate_valid=false rung=- pre_dist=-m | cache_used=false path_age=- path_points=0 planning_time_ms=0.1 | reason=no_static_obstacle_in_range | cache_reason=no_cache
1787350732.865 [STATIC_AVOID] obs_id=- obs_dist=-m obs_s=- ego_s=33.90 side=- | left_clearance=- right_clearance=- candidate_valid=false rung=- pre_dist=-m | cache_used=false path_age=- path_points=0 planning_time_ms=0.1 | reason=no_static_obstacle_in_range | cache_reason=no_cache
1787350733.463 [STATIC_AVOID] obs_id=- obs_dist=-m obs_s=- ego_s=35.37 side=- | left_clearance=- right_clearance=- candidate_valid=false rung=- pre_dist=-m | cache_used=false path_age=- path_points=0 planning_time_ms=0.1 | reason=no_static_obstacle_in_range | cache_reason=no_cache
1787350734.064 [STATIC_AVOID] obs_id=- obs_dist=-m obs_s=- ego_s=37.28 side=- | left_clearance=- right_clearance=- candidate_valid=false rung=- pre_dist=-m | cache_used=false path_age=- path_points=0 planning_time_ms=0.1 | reason=no_static_obstacle_in_range | cache_reason=no_cache
1787350734.663 [STATIC_AVOID] obs_id=- obs_dist=-m obs_s=- ego_s=38.50 side=- | left_clearance=- right_clearance=- candidate_valid=false rung=- pre_dist=-m | cache_used=false path_age=- path_points=0 planning_time_ms=0.1 | reason=no_static_obstacle_in_range | cache_reason=no_cache
1787350735.165 [STATIC_AVOID] obs_id=- obs_dist=-m obs_s=- ego_s=39.17 side=- | left_clearance=- right_clearance=- candidate_valid=false rung=- pre_dist=-m | cache_used=false path_age=- path_points=0 planning_time_ms=0.1 | reason=no_static_obstacle_in_range | cache_reason=no_cache
1787350735.763 [STATIC_AVOID] obs_id=- obs_dist=-m obs_s=- ego_s=0.90 side=- | left_clearance=- right_clearance=- candidate_valid=false rung=- pre_dist=-m | cache_used=false path_age=- path_points=0 planning_time_ms=0.1 | reason=no_static_obstacle_in_range | cache_reason=no_cache
1787350736.266 [STATIC_AVOID] obs_id=- obs_dist=-m obs_s=- ego_s=2.52 side=- | left_clearance=- right_clearance=- candidate_valid=false rung=- pre_dist=-m | cache_used=false path_age=- path_points=0 planning_time_ms=0.1 | reason=no_static_obstacle_in_range | cache_reason=no_cache
1787350736.863 [STATIC_AVOID] obs_id=- obs_dist=-m obs_s=- ego_s=4.38 side=- | left_clearance=- right_clearance=- candidate_valid=false rung=- pre_dist=-m | cache_used=false path_age=- path_points=0 planning_time_ms=0.1 | reason=no_static_obstacle_in_range | cache_reason=no_cache
1787350737.364 [STATIC_AVOID] obs_id=- obs_dist=-m obs_s=- ego_s=5.20 side=- | left_clearance=- right_clearance=- candidate_valid=false rung=- pre_dist=-m | cache_used=false path_age=- path_points=0 planning_time_ms=0.1 | reason=no_static_obstacle_in_range | cache_reason=no_cache
1787350737.963 [STATIC_AVOID] obs_id=- obs_dist=-m obs_s=- ego_s=5.93 side=- | left_clearance=- right_clearance=- candidate_valid=false rung=- pre_dist=-m | cache_used=false path_age=- path_points=0 planning_time_ms=0.1 | reason=no_static_obstacle_in_range | cache_reason=no_cache
1787350738.561 [STATIC_AVOID] obs_id=- obs_dist=-m obs_s=- ego_s=6.88 side=- | left_clearance=- right_clearance=- candidate_valid=false rung=- pre_dist=-m | cache_used=false path_age=- path_points=0 planning_time_ms=0.1 | reason=no_static_obstacle_in_range | cache_reason=no_cache
1787350739.064 [STATIC_AVOID] obs_id=- obs_dist=-m obs_s=- ego_s=7.62 side=- | left_clearance=- right_clearance=- candidate_valid=false rung=- pre_dist=-m | cache_used=false path_age=- path_points=0 planning_time_ms=0.1 | reason=no_static_obstacle_in_range | cache_reason=no_cache
1787350739.569 [STATIC_AVOID] obs_id=- obs_dist=-m obs_s=- ego_s=8.75 side=- | left_clearance=- right_clearance=- candidate_valid=false rung=- pre_dist=-m | cache_used=false path_age=- path_points=0 planning_time_ms=0.1 | reason=no_static_obstacle_in_range | cache_reason=no_cache
1787350740.170 [STATIC_AVOID] obs_id=- obs_dist=-m obs_s=- ego_s=10.95 side=- | left_clearance=- right_clearance=- candidate_valid=false rung=- pre_dist=-m | cache_used=false path_age=- path_points=0 planning_time_ms=0.1 | reason=no_static_obstacle_in_range | cache_reason=no_cache
1787350740.763 [STATIC_AVOID] obs_id=- obs_dist=-m obs_s=- ego_s=11.53 side=- | left_clearance=- right_clearance=- candidate_valid=false rung=- pre_dist=-m | cache_used=false path_age=- path_points=0 planning_time_ms=0.2 | reason=no_static_obstacle_in_range | cache_reason=no_cache
1787350741.364 [STATIC_AVOID] obs_id=- obs_dist=-m obs_s=- ego_s=11.83 side=- | left_clearance=- right_clearance=- candidate_valid=false rung=- pre_dist=-m | cache_used=false path_age=- path_points=0 planning_time_ms=0.1 | reason=no_static_obstacle_in_range | cache_reason=no_cache
1787350741.876 [STATIC_AVOID] obs_id=- obs_dist=-m obs_s=- ego_s=11.74 side=- | left_clearance=- right_clearance=- candidate_valid=false rung=- pre_dist=-m | cache_used=false path_age=- path_points=0 planning_time_ms=0.1 | reason=no_static_obstacle_in_range | cache_reason=no_cache
1787350742.464 [STATIC_AVOID] obs_id=- obs_dist=-m obs_s=- ego_s=12.37 side=- | left_clearance=- right_clearance=- candidate_valid=false rung=- pre_dist=-m | cache_used=false path_age=- path_points=0 planning_time_ms=0.1 | reason=no_static_obstacle_in_range | cache_reason=no_cache
1787350742.966 [STATIC_AVOID] obs_id=- obs_dist=-m obs_s=- ego_s=13.19 side=- | left_clearance=- right_clearance=- candidate_valid=false rung=- pre_dist=-m | cache_used=false path_age=- path_points=0 planning_time_ms=0.1 | reason=no_static_obstacle_in_range | cache_reason=no_cache
1787350743.563 [STATIC_AVOID] obs_id=- obs_dist=-m obs_s=- ego_s=14.32 side=- | left_clearance=- right_clearance=- candidate_valid=false rung=- pre_dist=-m | cache_used=false path_age=- path_points=0 planning_time_ms=0.1 | reason=no_static_obstacle_in_range | cache_reason=no_cache
1787350744.162 [STATIC_AVOID] obs_id=- obs_dist=-m obs_s=- ego_s=15.01 side=- | left_clearance=- right_clearance=- candidate_valid=false rung=- pre_dist=-m | cache_used=false path_age=- path_points=0 planning_time_ms=0.1 | reason=no_static_obstacle_in_range | cache_reason=no_cache
1787350744.761 [STATIC_AVOID] obs_id=- obs_dist=-m obs_s=- ego_s=15.65 side=- | left_clearance=- right_clearance=- candidate_valid=false rung=- pre_dist=-m | cache_used=false path_age=- path_points=0 planning_time_ms=0.1 | reason=no_static_obstacle_in_range | cache_reason=no_cache
1787350745.279 [STATIC_AVOID] obs_id=86 obs_dist=1.47m obs_s=17.57 ego_s=16.10 side=LEFT | left_clearance=0.11 right_clearance=-0.03 candidate_valid=true rung=2 pre_dist=2.08m | cache_used=false path_age=0.000 path_points=101 planning_time_ms=15.5
1787350745.865 [STATIC_AVOID] obs_id=86 obs_dist=0.62m obs_s=17.64 ego_s=17.03 side=LEFT | left_clearance=0.04 right_clearance=-0.11 candidate_valid=true rung=0 pre_dist=2.15m | cache_used=false path_age=0.000 path_points=101 planning_time_ms=3.8
1787350746.470 [STATIC_AVOID] obs_id=86 obs_dist=-0.35m obs_s=17.64 ego_s=17.99 side=LEFT | left_clearance=0.04 right_clearance=-0.11 candidate_valid=true rung=0 pre_dist=2.61m | cache_used=false path_age=0.000 path_points=101 planning_time_ms=5.0
1787350747.077 [STATIC_AVOID] obs_id=88 obs_dist=-1.00m obs_s=18.38 ego_s=19.37 side=LEFT | left_clearance=0.30 right_clearance=-0.10 candidate_valid=true rung=0 pre_dist=2.58m | cache_used=false path_age=0.000 path_points=101 planning_time_ms=7.5
1787350747.675 [STATIC_AVOID] obs_id=- obs_dist=-m obs_s=- ego_s=21.11 side=- | left_clearance=- right_clearance=- candidate_valid=false rung=- pre_dist=-m | cache_used=false path_age=- path_points=0 planning_time_ms=0.1 | reason=no_static_obstacle_in_range | cache_reason=no_cache
1787350748.264 [STATIC_AVOID] obs_id=- obs_dist=-m obs_s=- ego_s=21.76 side=- | left_clearance=- right_clearance=- candidate_valid=false rung=- pre_dist=-m | cache_used=false path_age=- path_points=0 planning_time_ms=0.1 | reason=no_static_obstacle_in_range | cache_reason=no_cache
1787350748.767 [STATIC_AVOID] obs_id=- obs_dist=-m obs_s=- ego_s=21.69 side=- | left_clearance=- right_clearance=- candidate_valid=false rung=- pre_dist=-m | cache_used=false path_age=- path_points=0 planning_time_ms=0.1 | reason=no_static_obstacle_in_range | cache_reason=no_cache
1787350749.362 [STATIC_AVOID] obs_id=- obs_dist=-m obs_s=- ego_s=21.58 side=- | left_clearance=- right_clearance=- candidate_valid=false rung=- pre_dist=-m | cache_used=false path_age=- path_points=0 planning_time_ms=0.1 | reason=no_static_obstacle_in_range | cache_reason=no_cache
1787350749.866 [STATIC_AVOID] obs_id=- obs_dist=-m obs_s=- ego_s=22.24 side=- | left_clearance=- right_clearance=- candidate_valid=false rung=- pre_dist=-m | cache_used=false path_age=- path_points=0 planning_time_ms=0.2 | reason=no_static_obstacle_in_range | cache_reason=no_cache
1787350750.473 [STATIC_AVOID] obs_id=- obs_dist=-m obs_s=- ego_s=23.12 side=- | left_clearance=- right_clearance=- candidate_valid=false rung=- pre_dist=-m | cache_used=false path_age=- path_points=0 planning_time_ms=0.1 | reason=no_static_obstacle_in_range | cache_reason=no_cache
1787350751.061 [STATIC_AVOID] obs_id=- obs_dist=-m obs_s=- ego_s=23.69 side=- | left_clearance=- right_clearance=- candidate_valid=false rung=- pre_dist=-m | cache_used=false path_age=- path_points=0 planning_time_ms=0.1 | reason=no_static_obstacle_in_range | cache_reason=no_cache
1787350751.562 [STATIC_AVOID] obs_id=- obs_dist=-m obs_s=- ego_s=24.52 side=- | left_clearance=- right_clearance=- candidate_valid=false rung=- pre_dist=-m | cache_used=false path_age=- path_points=0 planning_time_ms=0.1 | reason=no_static_obstacle_in_range | cache_reason=no_cache
1787350752.078 [STATIC_AVOID] obs_id=- obs_dist=-m obs_s=- ego_s=25.16 side=- | left_clearance=- right_clearance=- candidate_valid=false rung=- pre_dist=-m | cache_used=false path_age=- path_points=0 planning_time_ms=0.1 | reason=no_static_obstacle_in_range | cache_reason=no_cache
1787350752.665 [STATIC_AVOID] obs_id=- obs_dist=-m obs_s=- ego_s=26.13 side=- | left_clearance=- right_clearance=- candidate_valid=false rung=- pre_dist=-m | cache_used=false path_age=- path_points=0 planning_time_ms=0.1 | reason=no_static_obstacle_in_range | cache_reason=no_cache
1787350753.261 [STATIC_AVOID] obs_id=- obs_dist=-m obs_s=- ego_s=26.85 side=- | left_clearance=- right_clearance=- candidate_valid=false rung=- pre_dist=-m | cache_used=false path_age=- path_points=0 planning_time_ms=0.1 | reason=no_static_obstacle_in_range | cache_reason=no_cache
1787350753.778 [STATIC_AVOID] obs_id=- obs_dist=-m obs_s=- ego_s=27.30 side=- | left_clearance=- right_clearance=- candidate_valid=false rung=- pre_dist=-m | cache_used=false path_age=- path_points=0 planning_time_ms=0.1 | reason=no_static_obstacle_in_range | cache_reason=no_cache
1787350754.361 [STATIC_AVOID] obs_id=- obs_dist=-m obs_s=- ego_s=28.34 side=- | left_clearance=- right_clearance=- candidate_valid=false rung=- pre_dist=-m | cache_used=false path_age=- path_points=0 planning_time_ms=0.1 | reason=no_static_obstacle_in_range | cache_reason=no_cache
1787350754.961 [STATIC_AVOID] obs_id=- obs_dist=-m obs_s=- ego_s=29.22 side=- | left_clearance=- right_clearance=- candidate_valid=false rung=- pre_dist=-m | cache_used=false path_age=- path_points=0 planning_time_ms=0.1 | reason=no_static_obstacle_in_range | cache_reason=no_cache
1787350755.564 [STATIC_AVOID] obs_id=- obs_dist=-m obs_s=- ego_s=30.76 side=- | left_clearance=- right_clearance=- candidate_valid=false rung=- pre_dist=-m | cache_used=false path_age=- path_points=0 planning_time_ms=0.1 | reason=no_static_obstacle_in_range | cache_reason=no_cache
1787350756.164 [STATIC_AVOID] obs_id=- obs_dist=-m obs_s=- ego_s=31.44 side=- | left_clearance=- right_clearance=- candidate_valid=false rung=- pre_dist=-m | cache_used=false path_age=- path_points=0 planning_time_ms=0.1 | reason=no_static_obstacle_in_range | cache_reason=no_cache
1787350756.668 [STATIC_AVOID] obs_id=- obs_dist=-m obs_s=- ego_s=31.82 side=- | left_clearance=- right_clearance=- candidate_valid=false rung=- pre_dist=-m | cache_used=false path_age=- path_points=0 planning_time_ms=0.1 | reason=no_static_obstacle_in_range | cache_reason=no_cache
1787350757.264 [STATIC_AVOID] obs_id=- obs_dist=-m obs_s=- ego_s=32.71 side=- | left_clearance=- right_clearance=- candidate_valid=false rung=- pre_dist=-m | cache_used=false path_age=- path_points=0 planning_time_ms=0.1 | reason=no_static_obstacle_in_range | cache_reason=no_cache
1787350757.864 [STATIC_AVOID] obs_id=- obs_dist=-m obs_s=- ego_s=33.80 side=- | left_clearance=- right_clearance=- candidate_valid=false rung=- pre_dist=-m | cache_used=false path_age=- path_points=0 planning_time_ms=0.1 | reason=no_static_obstacle_in_range | cache_reason=no_cache
1787350758.370 [STATIC_AVOID] obs_id=- obs_dist=-m obs_s=- ego_s=34.76 side=- | left_clearance=- right_clearance=- candidate_valid=false rung=- pre_dist=-m | cache_used=false path_age=- path_points=0 planning_time_ms=0.1 | reason=no_static_obstacle_in_range | cache_reason=no_cache
1787350758.968 [STATIC_AVOID] obs_id=- obs_dist=-m obs_s=- ego_s=37.25 side=- | left_clearance=- right_clearance=- candidate_valid=false rung=- pre_dist=-m | cache_used=false path_age=- path_points=0 planning_time_ms=0.1 | reason=no_static_obstacle_in_range | cache_reason=no_cache
1787350759.575 [STATIC_AVOID] obs_id=- obs_dist=-m obs_s=- ego_s=38.69 side=- | left_clearance=- right_clearance=- candidate_valid=false rung=- pre_dist=-m | cache_used=false path_age=- path_points=0 planning_time_ms=0.1 | reason=no_static_obstacle_in_range | cache_reason=no_cache
1787350760.161 [STATIC_AVOID] obs_id=- obs_dist=-m obs_s=- ego_s=0.51 side=- | left_clearance=- right_clearance=- candidate_valid=false rung=- pre_dist=-m | cache_used=false path_age=- path_points=0 planning_time_ms=0.1 | reason=no_static_obstacle_in_range | cache_reason=no_cache
1787350760.662 [STATIC_AVOID] obs_id=- obs_dist=-m obs_s=- ego_s=1.52 side=- | left_clearance=- right_clearance=- candidate_valid=false rung=- pre_dist=-m | cache_used=false path_age=- path_points=0 planning_time_ms=0.1 | reason=no_static_obstacle_in_range | cache_reason=no_cache
1787350761.168 [STATIC_AVOID] obs_id=- obs_dist=-m obs_s=- ego_s=2.67 side=- | left_clearance=- right_clearance=- candidate_valid=false rung=- pre_dist=-m | cache_used=false path_age=- path_points=0 planning_time_ms=0.1 | reason=no_static_obstacle_in_range | cache_reason=no_cache
1787350761.761 [STATIC_AVOID] obs_id=- obs_dist=-m obs_s=- ego_s=3.80 side=- | left_clearance=- right_clearance=- candidate_valid=false rung=- pre_dist=-m | cache_used=false path_age=- path_points=0 planning_time_ms=0.1 | reason=no_static_obstacle_in_range | cache_reason=no_cache
1787350762.263 [STATIC_AVOID] obs_id=- obs_dist=-m obs_s=- ego_s=4.63 side=- | left_clearance=- right_clearance=- candidate_valid=false rung=- pre_dist=-m | cache_used=false path_age=- path_points=0 planning_time_ms=0.1 | reason=no_static_obstacle_in_range | cache_reason=no_cache
1787350762.865 [STATIC_AVOID] obs_id=- obs_dist=-m obs_s=- ego_s=5.57 side=- | left_clearance=- right_clearance=- candidate_valid=false rung=- pre_dist=-m | cache_used=false path_age=- path_points=0 planning_time_ms=0.1 | reason=no_static_obstacle_in_range | cache_reason=no_cache
1787350763.462 [STATIC_AVOID] obs_id=- obs_dist=-m obs_s=- ego_s=6.43 side=- | left_clearance=- right_clearance=- candidate_valid=false rung=- pre_dist=-m | cache_used=false path_age=- path_points=0 planning_time_ms=0.1 | reason=no_static_obstacle_in_range | cache_reason=no_cache
1787350763.981 [STATIC_AVOID] obs_id=- obs_dist=-m obs_s=- ego_s=7.08 side=- | left_clearance=- right_clearance=- candidate_valid=false rung=- pre_dist=-m | cache_used=false path_age=- path_points=0 planning_time_ms=0.1 | reason=no_static_obstacle_in_range | cache_reason=no_cache
1787350764.567 [STATIC_AVOID] obs_id=- obs_dist=-m obs_s=- ego_s=7.80 side=- | left_clearance=- right_clearance=- candidate_valid=false rung=- pre_dist=-m | cache_used=false path_age=- path_points=0 planning_time_ms=1.9 | reason=no_static_obstacle_in_range | cache_reason=no_cache
1787350765.070 [STATIC_AVOID] obs_id=- obs_dist=-m obs_s=- ego_s=8.58 side=- | left_clearance=- right_clearance=- candidate_valid=false rung=- pre_dist=-m | cache_used=false path_age=- path_points=0 planning_time_ms=0.1 | reason=no_static_obstacle_in_range | cache_reason=no_cache
1787350765.661 [STATIC_AVOID] obs_id=- obs_dist=-m obs_s=- ego_s=10.12 side=- | left_clearance=- right_clearance=- candidate_valid=false rung=- pre_dist=-m | cache_used=false path_age=- path_points=0 planning_time_ms=0.1 | reason=no_static_obstacle_in_range | cache_reason=no_cache
1787350766.165 [STATIC_AVOID] obs_id=- obs_dist=-m obs_s=- ego_s=11.29 side=- | left_clearance=- right_clearance=- candidate_valid=false rung=- pre_dist=-m | cache_used=false path_age=- path_points=0 planning_time_ms=0.1 | reason=no_static_obstacle_in_range | cache_reason=no_cache
1787350766.761 [STATIC_AVOID] obs_id=- obs_dist=-m obs_s=- ego_s=12.00 side=- | left_clearance=- right_clearance=- candidate_valid=false rung=- pre_dist=-m | cache_used=false path_age=- path_points=0 planning_time_ms=0.1 | reason=no_static_obstacle_in_range | cache_reason=no_cache
1787350767.361 [STATIC_AVOID] obs_id=- obs_dist=-m obs_s=- ego_s=12.68 side=- | left_clearance=- right_clearance=- candidate_valid=false rung=- pre_dist=-m | cache_used=false path_age=- path_points=0 planning_time_ms=0.1 | reason=no_static_obstacle_in_range | cache_reason=no_cache
1787350767.866 [STATIC_AVOID] obs_id=- obs_dist=-m obs_s=- ego_s=13.28 side=- | left_clearance=- right_clearance=- candidate_valid=false rung=- pre_dist=-m | cache_used=false path_age=- path_points=0 planning_time_ms=0.1 | reason=no_static_obstacle_in_range | cache_reason=no_cache
1787350768.474 [STATIC_AVOID] obs_id=- obs_dist=-m obs_s=- ego_s=14.31 side=- | left_clearance=- right_clearance=- candidate_valid=false rung=- pre_dist=-m | cache_used=false path_age=- path_points=0 planning_time_ms=0.1 | reason=no_static_obstacle_in_range | cache_reason=no_cache
1787350769.073 [STATIC_AVOID] obs_id=- obs_dist=-m obs_s=- ego_s=14.96 side=- | left_clearance=- right_clearance=- candidate_valid=false rung=- pre_dist=-m | cache_used=false path_age=- path_points=0 planning_time_ms=0.1 | reason=no_static_obstacle_in_range | cache_reason=no_cache
1787350769.574 [STATIC_AVOID] obs_id=- obs_dist=-m obs_s=- ego_s=15.68 side=- | left_clearance=- right_clearance=- candidate_valid=false rung=- pre_dist=-m | cache_used=false path_age=- path_points=0 planning_time_ms=0.1 | reason=no_static_obstacle_in_range | cache_reason=no_cache
1787350770.161 [STATIC_AVOID] obs_id=- obs_dist=-m obs_s=- ego_s=15.74 side=- | left_clearance=- right_clearance=- candidate_valid=false rung=- pre_dist=-m | cache_used=false path_age=- path_points=0 planning_time_ms=0.1 | reason=no_static_obstacle_in_range | cache_reason=no_cache
1787350770.765 [STATIC_AVOID] obs_id=- obs_dist=-m obs_s=- ego_s=16.27 side=- | left_clearance=- right_clearance=- candidate_valid=false rung=- pre_dist=-m | cache_used=false path_age=- path_points=0 planning_time_ms=0.1 | reason=no_static_obstacle_in_range | cache_reason=no_cache
1787350771.362 [STATIC_AVOID] obs_id=- obs_dist=-m obs_s=- ego_s=17.07 side=- | left_clearance=- right_clearance=- candidate_valid=false rung=- pre_dist=-m | cache_used=false path_age=- path_points=0 planning_time_ms=0.1 | reason=no_static_obstacle_in_range | cache_reason=no_cache
1787350771.863 [STATIC_AVOID] obs_id=- obs_dist=-m obs_s=- ego_s=17.61 side=- | left_clearance=- right_clearance=- candidate_valid=false rung=- pre_dist=-m | cache_used=false path_age=- path_points=0 planning_time_ms=0.1 | reason=no_static_obstacle_in_range | cache_reason=no_cache
1787350772.464 [STATIC_AVOID] obs_id=- obs_dist=-m obs_s=- ego_s=18.63 side=- | left_clearance=- right_clearance=- candidate_valid=false rung=- pre_dist=-m | cache_used=false path_age=- path_points=0 planning_time_ms=0.1 | reason=no_static_obstacle_in_range | cache_reason=no_cache
1787350772.967 [STATIC_AVOID] obs_id=- obs_dist=-m obs_s=- ego_s=19.39 side=- | left_clearance=- right_clearance=- candidate_valid=false rung=- pre_dist=-m | cache_used=false path_age=- path_points=0 planning_time_ms=0.1 | reason=no_static_obstacle_in_range | cache_reason=no_cache
1787350773.563 [STATIC_AVOID] obs_id=- obs_dist=-m obs_s=- ego_s=20.51 side=- | left_clearance=- right_clearance=- candidate_valid=false rung=- pre_dist=-m | cache_used=false path_age=- path_points=0 planning_time_ms=0.1 | reason=no_static_obstacle_in_range | cache_reason=no_cache
1787350774.067 [STATIC_AVOID] obs_id=- obs_dist=-m obs_s=- ego_s=21.61 side=- | left_clearance=- right_clearance=- candidate_valid=false rung=- pre_dist=-m | cache_used=false path_age=- path_points=0 planning_time_ms=0.1 | reason=no_static_obstacle_in_range | cache_reason=no_cache
1787350774.665 [STATIC_AVOID] obs_id=- obs_dist=-m obs_s=- ego_s=22.42 side=- | left_clearance=- right_clearance=- candidate_valid=false rung=- pre_dist=-m | cache_used=false path_age=- path_points=0 planning_time_ms=0.1 | reason=no_static_obstacle_in_range | cache_reason=no_cache
1787350775.263 [STATIC_AVOID] obs_id=- obs_dist=-m obs_s=- ego_s=23.44 side=- | left_clearance=- right_clearance=- candidate_valid=false rung=- pre_dist=-m | cache_used=false path_age=- path_points=0 planning_time_ms=0.2 | reason=no_static_obstacle_in_range | cache_reason=no_cache
1787350775.862 [STATIC_AVOID] obs_id=- obs_dist=-m obs_s=- ego_s=24.88 side=- | left_clearance=- right_clearance=- candidate_valid=false rung=- pre_dist=-m | cache_used=false path_age=- path_points=0 planning_time_ms=0.1 | reason=no_static_obstacle_in_range | cache_reason=no_cache
1787350776.362 [STATIC_AVOID] obs_id=- obs_dist=-m obs_s=- ego_s=26.16 side=- | left_clearance=- right_clearance=- candidate_valid=false rung=- pre_dist=-m | cache_used=false path_age=- path_points=0 planning_time_ms=0.1 | reason=no_static_obstacle_in_range | cache_reason=no_cache
1787350776.962 [STATIC_AVOID] obs_id=- obs_dist=-m obs_s=- ego_s=26.70 side=- | left_clearance=- right_clearance=- candidate_valid=false rung=- pre_dist=-m | cache_used=false path_age=- path_points=0 planning_time_ms=0.1 | reason=no_static_obstacle_in_range | cache_reason=no_cache
1787350777.462 [STATIC_AVOID] obs_id=- obs_dist=-m obs_s=- ego_s=26.71 side=- | left_clearance=- right_clearance=- candidate_valid=false rung=- pre_dist=-m | cache_used=false path_age=- path_points=0 planning_time_ms=0.1 | reason=no_static_obstacle_in_range | cache_reason=no_cache
1787350777.965 [STATIC_AVOID] obs_id=- obs_dist=-m obs_s=- ego_s=27.15 side=- | left_clearance=- right_clearance=- candidate_valid=false rung=- pre_dist=-m | cache_used=false path_age=- path_points=0 planning_time_ms=0.1 | reason=no_static_obstacle_in_range | cache_reason=no_cache
1787350778.477 [STATIC_AVOID] obs_id=- obs_dist=-m obs_s=- ego_s=27.67 side=- | left_clearance=- right_clearance=- candidate_valid=false rung=- pre_dist=-m | cache_used=false path_age=- path_points=0 planning_time_ms=0.2 | reason=no_static_obstacle_in_range | cache_reason=no_cache
1787350779.065 [STATIC_AVOID] obs_id=- obs_dist=-m obs_s=- ego_s=28.44 side=- | left_clearance=- right_clearance=- candidate_valid=false rung=- pre_dist=-m | cache_used=false path_age=- path_points=0 planning_time_ms=0.3 | reason=no_static_obstacle_in_range | cache_reason=no_cache
1787350779.664 [STATIC_AVOID] obs_id=- obs_dist=-m obs_s=- ego_s=29.09 side=- | left_clearance=- right_clearance=- candidate_valid=false rung=- pre_dist=-m | cache_used=false path_age=- path_points=0 planning_time_ms=0.1 | reason=no_static_obstacle_in_range | cache_reason=no_cache
1787350780.262 [STATIC_AVOID] obs_id=- obs_dist=-m obs_s=- ego_s=30.47 side=- | left_clearance=- right_clearance=- candidate_valid=false rung=- pre_dist=-m | cache_used=false path_age=- path_points=0 planning_time_ms=0.1 | reason=no_static_obstacle_in_range | cache_reason=no_cache
1787350780.861 [STATIC_AVOID] obs_id=- obs_dist=-m obs_s=- ego_s=31.71 side=- | left_clearance=- right_clearance=- candidate_valid=false rung=- pre_dist=-m | cache_used=false path_age=- path_points=0 planning_time_ms=0.1 | reason=no_static_obstacle_in_range | cache_reason=no_cache
1787350781.370 [STATIC_AVOID] obs_id=- obs_dist=-m obs_s=- ego_s=32.09 side=- | left_clearance=- right_clearance=- candidate_valid=false rung=- pre_dist=-m | cache_used=false path_age=- path_points=0 planning_time_ms=0.3 | reason=no_static_obstacle_in_range | cache_reason=obstacle_gone
1787350781.961 [STATIC_AVOID] obs_id=- obs_dist=-m obs_s=- ego_s=32.90 side=- | left_clearance=- right_clearance=- candidate_valid=false rung=- pre_dist=-m | cache_used=false path_age=- path_points=0 planning_time_ms=0.1 | reason=no_static_obstacle_in_range | cache_reason=no_cache
1787350782.465 [STATIC_AVOID] obs_id=- obs_dist=-m obs_s=- ego_s=33.34 side=- | left_clearance=- right_clearance=- candidate_valid=false rung=- pre_dist=-m | cache_used=false path_age=- path_points=0 planning_time_ms=0.2 | reason=no_static_obstacle_in_range | cache_reason=no_cache
1787350783.066 [STATIC_AVOID] obs_id=- obs_dist=-m obs_s=- ego_s=34.17 side=- | left_clearance=- right_clearance=- candidate_valid=false rung=- pre_dist=-m | cache_used=false path_age=- path_points=0 planning_time_ms=0.1 | reason=no_static_obstacle_in_range | cache_reason=no_cache
1787350783.661 [STATIC_AVOID] obs_id=- obs_dist=-m obs_s=- ego_s=35.52 side=- | left_clearance=- right_clearance=- candidate_valid=false rung=- pre_dist=-m | cache_used=false path_age=- path_points=0 planning_time_ms=0.1 | reason=no_static_obstacle_in_range | cache_reason=no_cache
1787350784.169 [STATIC_AVOID] obs_id=- obs_dist=-m obs_s=- ego_s=36.91 side=- | left_clearance=- right_clearance=- candidate_valid=false rung=- pre_dist=-m | cache_used=false path_age=- path_points=0 planning_time_ms=0.1 | reason=no_static_obstacle_in_range | cache_reason=no_cache
1787350784.762 [STATIC_AVOID] obs_id=- obs_dist=-m obs_s=- ego_s=39.49 side=- | left_clearance=- right_clearance=- candidate_valid=false rung=- pre_dist=-m | cache_used=false path_age=- path_points=0 planning_time_ms=0.1 | reason=no_static_obstacle_in_range | cache_reason=no_cache
1787350785.265 [STATIC_AVOID] obs_id=- obs_dist=-m obs_s=- ego_s=1.46 side=- | left_clearance=- right_clearance=- candidate_valid=false rung=- pre_dist=-m | cache_used=false path_age=- path_points=0 planning_time_ms=0.1 | reason=no_static_obstacle_in_range | cache_reason=no_cache
1787350785.767 [STATIC_AVOID] obs_id=- obs_dist=-m obs_s=- ego_s=2.38 side=- | left_clearance=- right_clearance=- candidate_valid=false rung=- pre_dist=-m | cache_used=false path_age=- path_points=0 planning_time_ms=0.1 | reason=no_static_obstacle_in_range | cache_reason=no_cache
1787350786.361 [STATIC_AVOID] obs_id=- obs_dist=-m obs_s=- ego_s=3.59 side=- | left_clearance=- right_clearance=- candidate_valid=false rung=- pre_dist=-m | cache_used=false path_age=- path_points=0 planning_time_ms=0.1 | reason=no_static_obstacle_in_range | cache_reason=no_cache
1787350786.964 [STATIC_AVOID] obs_id=- obs_dist=-m obs_s=- ego_s=4.52 side=- | left_clearance=- right_clearance=- candidate_valid=false rung=- pre_dist=-m | cache_used=false path_age=- path_points=0 planning_time_ms=0.1 | reason=no_static_obstacle_in_range | cache_reason=no_cache
1787350787.469 [STATIC_AVOID] obs_id=- obs_dist=-m obs_s=- ego_s=5.06 side=- | left_clearance=- right_clearance=- candidate_valid=false rung=- pre_dist=-m | cache_used=false path_age=- path_points=0 planning_time_ms=0.1 | reason=no_static_obstacle_in_range | cache_reason=no_cache
1787350788.066 [STATIC_AVOID] obs_id=- obs_dist=-m obs_s=- ego_s=5.97 side=- | left_clearance=- right_clearance=- candidate_valid=false rung=- pre_dist=-m | cache_used=false path_age=- path_points=0 planning_time_ms=0.1 | reason=no_static_obstacle_in_range | cache_reason=no_cache
1787350788.662 [STATIC_AVOID] obs_id=- obs_dist=-m obs_s=- ego_s=6.89 side=- | left_clearance=- right_clearance=- candidate_valid=false rung=- pre_dist=-m | cache_used=false path_age=- path_points=0 planning_time_ms=0.1 | reason=no_static_obstacle_in_range | cache_reason=no_cache
1787350789.261 [STATIC_AVOID] obs_id=- obs_dist=-m obs_s=- ego_s=7.84 side=- | left_clearance=- right_clearance=- candidate_valid=false rung=- pre_dist=-m | cache_used=false path_age=- path_points=0 planning_time_ms=0.1 | reason=no_static_obstacle_in_range | cache_reason=no_cache
1787350789.868 [STATIC_AVOID] obs_id=- obs_dist=-m obs_s=- ego_s=8.74 side=- | left_clearance=- right_clearance=- candidate_valid=false rung=- pre_dist=-m | cache_used=false path_age=- path_points=0 planning_time_ms=0.1 | reason=no_static_obstacle_in_range | cache_reason=no_cache
1787350790.374 [STATIC_AVOID] obs_id=- obs_dist=-m obs_s=- ego_s=9.60 side=- | left_clearance=- right_clearance=- candidate_valid=false rung=- pre_dist=-m | cache_used=false path_age=- path_points=0 planning_time_ms=0.1 | reason=no_static_obstacle_in_range | cache_reason=no_cache
1787350790.964 [STATIC_AVOID] obs_id=- obs_dist=-m obs_s=- ego_s=10.35 side=- | left_clearance=- right_clearance=- candidate_valid=false rung=- pre_dist=-m | cache_used=false path_age=- path_points=0 planning_time_ms=0.1 | reason=no_static_obstacle_in_range | cache_reason=no_cache
1787350791.468 [STATIC_AVOID] obs_id=- obs_dist=-m obs_s=- ego_s=10.97 side=- | left_clearance=- right_clearance=- candidate_valid=false rung=- pre_dist=-m | cache_used=false path_age=- path_points=0 planning_time_ms=0.1 | reason=no_static_obstacle_in_range | cache_reason=no_cache
1787350792.066 [STATIC_AVOID] obs_id=- obs_dist=-m obs_s=- ego_s=11.85 side=- | left_clearance=- right_clearance=- candidate_valid=false rung=- pre_dist=-m | cache_used=false path_age=- path_points=0 planning_time_ms=0.1 | reason=no_static_obstacle_in_range | cache_reason=no_cache
1787350792.662 [STATIC_AVOID] obs_id=- obs_dist=-m obs_s=- ego_s=12.89 side=- | left_clearance=- right_clearance=- candidate_valid=false rung=- pre_dist=-m | cache_used=false path_age=- path_points=0 planning_time_ms=0.1 | reason=no_static_obstacle_in_range | cache_reason=no_cache
1787350793.171 [STATIC_AVOID] obs_id=- obs_dist=-m obs_s=- ego_s=13.79 side=- | left_clearance=- right_clearance=- candidate_valid=false rung=- pre_dist=-m | cache_used=false path_age=- path_points=0 planning_time_ms=5.4 | reason=no_static_obstacle_in_range | cache_reason=no_cache
1787350793.763 [STATIC_AVOID] obs_id=- obs_dist=-m obs_s=- ego_s=14.64 side=- | left_clearance=- right_clearance=- candidate_valid=false rung=- pre_dist=-m | cache_used=false path_age=- path_points=0 planning_time_ms=0.1 | reason=no_static_obstacle_in_range | cache_reason=no_cache
1787350794.364 [STATIC_AVOID] obs_id=- obs_dist=-m obs_s=- ego_s=15.36 side=- | left_clearance=- right_clearance=- candidate_valid=false rung=- pre_dist=-m | cache_used=false path_age=- path_points=0 planning_time_ms=0.1 | reason=no_static_obstacle_in_range | cache_reason=no_cache
1787350794.962 [STATIC_AVOID] obs_id=- obs_dist=-m obs_s=- ego_s=16.08 side=- | left_clearance=- right_clearance=- candidate_valid=false rung=- pre_dist=-m | cache_used=false path_age=- path_points=0 planning_time_ms=0.1 | reason=no_static_obstacle_in_range | cache_reason=no_cache
1787350795.561 [STATIC_AVOID] obs_id=- obs_dist=-m obs_s=- ego_s=16.58 side=- | left_clearance=- right_clearance=- candidate_valid=false rung=- pre_dist=-m | cache_used=false path_age=- path_points=0 planning_time_ms=0.1 | reason=no_static_obstacle_in_range | cache_reason=no_cache
1787350796.061 [STATIC_AVOID] obs_id=- obs_dist=-m obs_s=- ego_s=17.04 side=- | left_clearance=- right_clearance=- candidate_valid=false rung=- pre_dist=-m | cache_used=false path_age=- path_points=0 planning_time_ms=0.1 | reason=no_static_obstacle_in_range | cache_reason=no_cache
1787350796.563 [STATIC_AVOID] obs_id=- obs_dist=-m obs_s=- ego_s=17.54 side=- | left_clearance=- right_clearance=- candidate_valid=false rung=- pre_dist=-m | cache_used=false path_age=- path_points=0 planning_time_ms=0.1 | reason=no_static_obstacle_in_range | cache_reason=no_cache
1787350797.161 [STATIC_AVOID] obs_id=- obs_dist=-m obs_s=- ego_s=18.15 side=- | left_clearance=- right_clearance=- candidate_valid=false rung=- pre_dist=-m | cache_used=false path_age=- path_points=0 planning_time_ms=0.1 | reason=no_static_obstacle_in_range | cache_reason=no_cache
1787350797.661 [STATIC_AVOID] obs_id=- obs_dist=-m obs_s=- ego_s=19.08 side=- | left_clearance=- right_clearance=- candidate_valid=false rung=- pre_dist=-m | cache_used=false path_age=- path_points=0 planning_time_ms=0.2 | reason=no_static_obstacle_in_range | cache_reason=no_cache
1787350798.265 [STATIC_AVOID] obs_id=- obs_dist=-m obs_s=- ego_s=20.16 side=- | left_clearance=- right_clearance=- candidate_valid=false rung=- pre_dist=-m | cache_used=false path_age=- path_points=0 planning_time_ms=0.1 | reason=no_static_obstacle_in_range | cache_reason=no_cache
1787350798.863 [STATIC_AVOID] obs_id=- obs_dist=-m obs_s=- ego_s=21.36 side=- | left_clearance=- right_clearance=- candidate_valid=false rung=- pre_dist=-m | cache_used=false path_age=- path_points=0 planning_time_ms=0.1 | reason=no_static_obstacle_in_range | cache_reason=no_cache
1787350799.464 [STATIC_AVOID] obs_id=- obs_dist=-m obs_s=- ego_s=22.48 side=- | left_clearance=- right_clearance=- candidate_valid=false rung=- pre_dist=-m | cache_used=false path_age=- path_points=0 planning_time_ms=0.1 | reason=no_static_obstacle_in_range | cache_reason=no_cache
1787350800.061 [STATIC_AVOID] obs_id=- obs_dist=-m obs_s=- ego_s=24.75 side=- | left_clearance=- right_clearance=- candidate_valid=false rung=- pre_dist=-m | cache_used=false path_age=- path_points=0 planning_time_ms=0.1 | reason=no_static_obstacle_in_range | cache_reason=no_cache
1787350800.663 [STATIC_AVOID] obs_id=- obs_dist=-m obs_s=- ego_s=26.83 side=- | left_clearance=- right_clearance=- candidate_valid=false rung=- pre_dist=-m | cache_used=false path_age=- path_points=0 planning_time_ms=0.1 | reason=no_static_obstacle_in_range | cache_reason=no_cache
1787350801.262 [STATIC_AVOID] obs_id=- obs_dist=-m obs_s=- ego_s=27.95 side=- | left_clearance=- right_clearance=- candidate_valid=false rung=- pre_dist=-m | cache_used=false path_age=- path_points=0 planning_time_ms=0.1 | reason=no_static_obstacle_in_range | cache_reason=no_cache
1787350801.861 [STATIC_AVOID] obs_id=- obs_dist=-m obs_s=- ego_s=29.54 side=- | left_clearance=- right_clearance=- candidate_valid=false rung=- pre_dist=-m | cache_used=false path_age=- path_points=0 planning_time_ms=0.1 | reason=no_static_obstacle_in_range | cache_reason=no_cache
1787350802.362 [STATIC_AVOID] obs_id=- obs_dist=-m obs_s=- ego_s=31.01 side=- | left_clearance=- right_clearance=- candidate_valid=false rung=- pre_dist=-m | cache_used=false path_age=- path_points=0 planning_time_ms=0.1 | reason=no_static_obstacle_in_range | cache_reason=no_cache
1787350802.961 [STATIC_AVOID] obs_id=- obs_dist=-m obs_s=- ego_s=32.27 side=- | left_clearance=- right_clearance=- candidate_valid=false rung=- pre_dist=-m | cache_used=false path_age=- path_points=0 planning_time_ms=0.1 | reason=no_static_obstacle_in_range | cache_reason=no_cache
1787350803.462 [STATIC_AVOID] obs_id=- obs_dist=-m obs_s=- ego_s=33.73 side=- | left_clearance=- right_clearance=- candidate_valid=false rung=- pre_dist=-m | cache_used=false path_age=- path_points=0 planning_time_ms=0.1 | reason=no_static_obstacle_in_range | cache_reason=no_cache
1787350803.964 [STATIC_AVOID] obs_id=- obs_dist=-m obs_s=- ego_s=35.58 side=- | left_clearance=- right_clearance=- candidate_valid=false rung=- pre_dist=-m | cache_used=false path_age=- path_points=0 planning_time_ms=0.1 | reason=no_static_obstacle_in_range | cache_reason=no_cache
1787350804.571 [STATIC_AVOID] obs_id=- obs_dist=-m obs_s=- ego_s=38.37 side=- | left_clearance=- right_clearance=- candidate_valid=false rung=- pre_dist=-m | cache_used=false path_age=- path_points=0 planning_time_ms=0.1 | reason=no_static_obstacle_in_range | cache_reason=no_cache
1787350805.165 [STATIC_AVOID] obs_id=- obs_dist=-m obs_s=- ego_s=1.49 side=- | left_clearance=- right_clearance=- candidate_valid=false rung=- pre_dist=-m | cache_used=false path_age=- path_points=0 planning_time_ms=0.1 | reason=no_static_obstacle_in_range | cache_reason=no_cache
1787350805.767 [STATIC_AVOID] obs_id=- obs_dist=-m obs_s=- ego_s=4.23 side=- | left_clearance=- right_clearance=- candidate_valid=false rung=- pre_dist=-m | cache_used=false path_age=- path_points=0 planning_time_ms=0.1 | reason=no_static_obstacle_in_range | cache_reason=no_cache
1787350806.363 [STATIC_AVOID] obs_id=- obs_dist=-m obs_s=- ego_s=6.30 side=- | left_clearance=- right_clearance=- candidate_valid=false rung=- pre_dist=-m | cache_used=false path_age=- path_points=0 planning_time_ms=0.4 | reason=no_static_obstacle_in_range | cache_reason=no_cache
1787350806.962 [STATIC_AVOID] obs_id=- obs_dist=-m obs_s=- ego_s=8.34 side=- | left_clearance=- right_clearance=- candidate_valid=false rung=- pre_dist=-m | cache_used=false path_age=- path_points=0 planning_time_ms=0.1 | reason=no_static_obstacle_in_range | cache_reason=no_cache
1787350807.569 [STATIC_AVOID] obs_id=- obs_dist=-m obs_s=- ego_s=10.59 side=- | left_clearance=- right_clearance=- candidate_valid=false rung=- pre_dist=-m | cache_used=false path_age=- path_points=0 planning_time_ms=0.1 | reason=no_static_obstacle_in_range | cache_reason=no_cache
1787350808.163 [STATIC_AVOID] obs_id=- obs_dist=-m obs_s=- ego_s=12.68 side=- | left_clearance=- right_clearance=- candidate_valid=false rung=- pre_dist=-m | cache_used=false path_age=- path_points=0 planning_time_ms=0.7 | reason=no_static_obstacle_in_range | cache_reason=no_cache
1787350808.664 [STATIC_AVOID] obs_id=- obs_dist=-m obs_s=- ego_s=14.55 side=- | left_clearance=- right_clearance=- candidate_valid=false rung=- pre_dist=-m | cache_used=false path_age=- path_points=0 planning_time_ms=0.1 | reason=no_static_obstacle_in_range | cache_reason=no_cache
1787350809.261 [STATIC_AVOID] obs_id=- obs_dist=-m obs_s=- ego_s=16.30 side=- | left_clearance=- right_clearance=- candidate_valid=false rung=- pre_dist=-m | cache_used=false path_age=- path_points=0 planning_time_ms=0.1 | reason=no_static_obstacle_in_range | cache_reason=no_cache
1787350809.862 [STATIC_AVOID] obs_id=- obs_dist=-m obs_s=- ego_s=17.47 side=- | left_clearance=- right_clearance=- candidate_valid=false rung=- pre_dist=-m | cache_used=false path_age=- path_points=0 planning_time_ms=0.1 | reason=no_static_obstacle_in_range | cache_reason=no_cache
1787350810.461 [STATIC_AVOID] obs_id=- obs_dist=-m obs_s=- ego_s=19.15 side=- | left_clearance=- right_clearance=- candidate_valid=false rung=- pre_dist=-m | cache_used=false path_age=- path_points=0 planning_time_ms=0.1 | reason=no_static_obstacle_in_range | cache_reason=no_cache
1787350810.964 [STATIC_AVOID] obs_id=- obs_dist=-m obs_s=- ego_s=20.69 side=- | left_clearance=- right_clearance=- candidate_valid=false rung=- pre_dist=-m | cache_used=false path_age=- path_points=0 planning_time_ms=0.1 | reason=no_static_obstacle_in_range | cache_reason=no_cache
1787350811.565 [STATIC_AVOID] obs_id=- obs_dist=-m obs_s=- ego_s=22.75 side=- | left_clearance=- right_clearance=- candidate_valid=false rung=- pre_dist=-m | cache_used=false path_age=- path_points=0 planning_time_ms=0.1 | reason=no_static_obstacle_in_range | cache_reason=no_cache
1787350812.161 [STATIC_AVOID] obs_id=- obs_dist=-m obs_s=- ego_s=24.99 side=- | left_clearance=- right_clearance=- candidate_valid=false rung=- pre_dist=-m | cache_used=false path_age=- path_points=0 planning_time_ms=0.1 | reason=no_static_obstacle_in_range | cache_reason=no_cache
1787350812.662 [STATIC_AVOID] obs_id=- obs_dist=-m obs_s=- ego_s=26.52 side=- | left_clearance=- right_clearance=- candidate_valid=false rung=- pre_dist=-m | cache_used=false path_age=- path_points=0 planning_time_ms=0.1 | reason=no_static_obstacle_in_range | cache_reason=no_cache
1787350813.261 [STATIC_AVOID] obs_id=- obs_dist=-m obs_s=- ego_s=28.41 side=- | left_clearance=- right_clearance=- candidate_valid=false rung=- pre_dist=-m | cache_used=false path_age=- path_points=0 planning_time_ms=0.1 | reason=no_static_obstacle_in_range | cache_reason=no_cache
1787350813.863 [STATIC_AVOID] obs_id=- obs_dist=-m obs_s=- ego_s=30.36 side=- | left_clearance=- right_clearance=- candidate_valid=false rung=- pre_dist=-m | cache_used=false path_age=- path_points=0 planning_time_ms=0.1 | reason=no_static_obstacle_in_range | cache_reason=no_cache
1787350814.461 [STATIC_AVOID] obs_id=- obs_dist=-m obs_s=- ego_s=31.75 side=- | left_clearance=- right_clearance=- candidate_valid=false rung=- pre_dist=-m | cache_used=false path_age=- path_points=0 planning_time_ms=0.1 | reason=no_static_obstacle_in_range | cache_reason=no_cache
1787350815.067 [STATIC_AVOID] obs_id=- obs_dist=-m obs_s=- ego_s=33.22 side=- | left_clearance=- right_clearance=- candidate_valid=false rung=- pre_dist=-m | cache_used=false path_age=- path_points=0 planning_time_ms=0.1 | reason=no_static_obstacle_in_range | cache_reason=no_cache
1787350815.661 [STATIC_AVOID] obs_id=- obs_dist=-m obs_s=- ego_s=35.55 side=- | left_clearance=- right_clearance=- candidate_valid=false rung=- pre_dist=-m | cache_used=false path_age=- path_points=0 planning_time_ms=0.1 | reason=no_static_obstacle_in_range | cache_reason=no_cache
1787350816.164 [STATIC_AVOID] obs_id=- obs_dist=-m obs_s=- ego_s=38.04 side=- | left_clearance=- right_clearance=- candidate_valid=false rung=- pre_dist=-m | cache_used=false path_age=- path_points=0 planning_time_ms=0.1 | reason=no_static_obstacle_in_range | cache_reason=no_cache
1787350816.764 [STATIC_AVOID] obs_id=- obs_dist=-m obs_s=- ego_s=0.90 side=- | left_clearance=- right_clearance=- candidate_valid=false rung=- pre_dist=-m | cache_used=false path_age=- path_points=0 planning_time_ms=0.1 | reason=no_static_obstacle_in_range | cache_reason=no_cache
1787350817.363 [STATIC_AVOID] obs_id=- obs_dist=-m obs_s=- ego_s=3.67 side=- | left_clearance=- right_clearance=- candidate_valid=false rung=- pre_dist=-m | cache_used=false path_age=- path_points=0 planning_time_ms=0.1 | reason=no_static_obstacle_in_range | cache_reason=no_cache
1787350817.961 [STATIC_AVOID] obs_id=- obs_dist=-m obs_s=- ego_s=5.83 side=- | left_clearance=- right_clearance=- candidate_valid=false rung=- pre_dist=-m | cache_used=false path_age=- path_points=0 planning_time_ms=0.1 | reason=no_static_obstacle_in_range | cache_reason=no_cache
1787350818.463 [STATIC_AVOID] obs_id=- obs_dist=-m obs_s=- ego_s=7.51 side=- | left_clearance=- right_clearance=- candidate_valid=false rung=- pre_dist=-m | cache_used=false path_age=- path_points=0 planning_time_ms=0.1 | reason=no_static_obstacle_in_range | cache_reason=no_cache
1787350819.062 [STATIC_AVOID] obs_id=- obs_dist=-m obs_s=- ego_s=9.58 side=- | left_clearance=- right_clearance=- candidate_valid=false rung=- pre_dist=-m | cache_used=false path_age=- path_points=0 planning_time_ms=0.1 | reason=no_static_obstacle_in_range | cache_reason=no_cache
1787350819.563 [STATIC_AVOID] obs_id=- obs_dist=-m obs_s=- ego_s=11.51 side=- | left_clearance=- right_clearance=- candidate_valid=false rung=- pre_dist=-m | cache_used=false path_age=- path_points=0 planning_time_ms=0.1 | reason=no_static_obstacle_in_range | cache_reason=no_cache
1787350820.065 [STATIC_AVOID] obs_id=- obs_dist=-m obs_s=- ego_s=13.33 side=- | left_clearance=- right_clearance=- candidate_valid=false rung=- pre_dist=-m | cache_used=false path_age=- path_points=0 planning_time_ms=0.2 | reason=no_static_obstacle_in_range | cache_reason=no_cache
1787350820.569 [STATIC_AVOID] obs_id=147 obs_dist=2.28m obs_s=17.28 ego_s=15.00 side=LEFT | left_clearance=0.21 right_clearance=-0.06 candidate_valid=true rung=0 pre_dist=2.52m | cache_used=false path_age=0.000 path_points=101 planning_time_ms=8.4
1787350821.174 [STATIC_AVOID] obs_id=147 obs_dist=1.07m obs_s=17.28 ego_s=16.21 side=LEFT | left_clearance=0.21 right_clearance=-0.06 candidate_valid=false rung=- pre_dist=2.52m | cache_used=true path_age=0.111 path_points=101 planning_time_ms=10.8 | reason=track_too_narrow
1787350821.860 [STATIC_AVOID] obs_id=147 obs_dist=0.47m obs_s=17.28 ego_s=16.81 side=LEFT | left_clearance=0.11 right_clearance=-0.22 candidate_valid=true rung=0 pre_dist=2.03m | cache_used=false path_age=0.000 path_points=101 planning_time_ms=7.7
1787350822.378 [STATIC_AVOID] obs_id=147 obs_dist=0.12m obs_s=17.28 ego_s=17.16 side=LEFT | left_clearance=0.11 right_clearance=-0.22 candidate_valid=false rung=- pre_dist=2.38m | cache_used=true path_age=0.110 path_points=101 planning_time_ms=10.3 | reason=group_obstacle_clearance
1787350822.878 [STATIC_AVOID] obs_id=148 obs_dist=1.30m obs_s=18.51 ego_s=17.21 side=LEFT | left_clearance=0.11 right_clearance=-0.22 candidate_valid=true rung=0 pre_dist=2.00m | cache_used=false path_age=0.000 path_points=101 planning_time_ms=15.3
1787350823.477 [STATIC_AVOID] obs_id=148 obs_dist=1.29m obs_s=18.51 ego_s=17.22 side=LEFT | left_clearance=0.11 right_clearance=-0.22 candidate_valid=true rung=0 pre_dist=2.00m | cache_used=false path_age=0.000 path_points=101 planning_time_ms=5.6
1787350824.064 [STATIC_AVOID] obs_id=- obs_dist=-m obs_s=- ego_s=17.24 side=- | left_clearance=- right_clearance=- candidate_valid=false rung=- pre_dist=-m | cache_used=false path_age=- path_points=0 planning_time_ms=0.1 | reason=no_static_obstacle_in_range | cache_reason=no_cache
1787350824.579 [STATIC_AVOID] obs_id=- obs_dist=-m obs_s=- ego_s=17.48 side=- | left_clearance=- right_clearance=- candidate_valid=false rung=- pre_dist=-m | cache_used=false path_age=- path_points=0 planning_time_ms=0.1 | reason=no_static_obstacle_in_range | cache_reason=no_cache
1787350825.163 [STATIC_AVOID] obs_id=- obs_dist=-m obs_s=- ego_s=18.43 side=- | left_clearance=- right_clearance=- candidate_valid=false rung=- pre_dist=-m | cache_used=false path_age=- path_points=0 planning_time_ms=0.1 | reason=no_static_obstacle_in_range | cache_reason=no_cache
1787350825.761 [STATIC_AVOID] obs_id=- obs_dist=-m obs_s=- ego_s=20.37 side=- | left_clearance=- right_clearance=- candidate_valid=false rung=- pre_dist=-m | cache_used=false path_age=- path_points=0 planning_time_ms=0.1 | reason=no_static_obstacle_in_range | cache_reason=no_cache
1787350826.263 [STATIC_AVOID] obs_id=- obs_dist=-m obs_s=- ego_s=22.18 side=- | left_clearance=- right_clearance=- candidate_valid=false rung=- pre_dist=-m | cache_used=false path_age=- path_points=0 planning_time_ms=0.1 | reason=no_static_obstacle_in_range | cache_reason=no_cache
1787350826.767 [STATIC_AVOID] obs_id=153 obs_dist=2.89m obs_s=26.80 ego_s=23.91 side=LEFT | left_clearance=0.28 right_clearance=-0.09 candidate_valid=true rung=0 pre_dist=3.90m | cache_used=false path_age=0.000 path_points=101 planning_time_ms=3.4
1787350827.278 [STATIC_AVOID] obs_id=153 obs_dist=2.00m obs_s=26.82 ego_s=24.82 side=LEFT | left_clearance=0.19 right_clearance=-0.16 candidate_valid=true rung=0 pre_dist=3.93m | cache_used=false path_age=0.000 path_points=101 planning_time_ms=16.5
1787350827.783 [STATIC_AVOID] obs_id=153 obs_dist=1.09m obs_s=26.85 ego_s=25.76 side=LEFT | left_clearance=0.21 right_clearance=-0.13 candidate_valid=true rung=0 pre_dist=3.95m | cache_used=false path_age=0.000 path_points=101 planning_time_ms=17.3
1787350828.378 [STATIC_AVOID] obs_id=153 obs_dist=0.13m obs_s=26.85 ego_s=26.72 side=RIGHT | left_clearance=0.21 right_clearance=-0.13 candidate_valid=true rung=1 pre_dist=4.32m | cache_used=false path_age=0.000 path_points=101 planning_time_ms=17.6
1787350828.977 [STATIC_AVOID] obs_id=153 obs_dist=-0.37m obs_s=26.85 ego_s=27.22 side=LEFT | left_clearance=0.21 right_clearance=-0.13 candidate_valid=true rung=0 pre_dist=4.82m | cache_used=false path_age=0.000 path_points=101 planning_time_ms=9.5
1787350829.581 [STATIC_AVOID] obs_id=- obs_dist=-m obs_s=- ego_s=28.18 side=- | left_clearance=- right_clearance=- candidate_valid=false rung=- pre_dist=-m | cache_used=false path_age=- path_points=0 planning_time_ms=1.6 | reason=no_static_obstacle_in_range | cache_reason=no_cache
1787350830.161 [STATIC_AVOID] obs_id=- obs_dist=-m obs_s=- ego_s=29.06 side=- | left_clearance=- right_clearance=- candidate_valid=false rung=- pre_dist=-m | cache_used=false path_age=- path_points=0 planning_time_ms=0.1 | reason=no_static_obstacle_in_range | cache_reason=no_cache
1787350830.662 [STATIC_AVOID] obs_id=- obs_dist=-m obs_s=- ego_s=30.27 side=- | left_clearance=- right_clearance=- candidate_valid=false rung=- pre_dist=-m | cache_used=false path_age=- path_points=0 planning_time_ms=0.1 | reason=no_static_obstacle_in_range | cache_reason=no_cache
1787350831.163 [STATIC_AVOID] obs_id=- obs_dist=-m obs_s=- ego_s=31.50 side=- | left_clearance=- right_clearance=- candidate_valid=false rung=- pre_dist=-m | cache_used=false path_age=- path_points=0 planning_time_ms=0.1 | reason=no_static_obstacle_in_range | cache_reason=no_cache
1787350831.761 [STATIC_AVOID] obs_id=- obs_dist=-m obs_s=- ego_s=32.10 side=- | left_clearance=- right_clearance=- candidate_valid=false rung=- pre_dist=-m | cache_used=false path_age=- path_points=0 planning_time_ms=0.1 | reason=no_static_obstacle_in_range | cache_reason=no_cache
1787350832.262 [STATIC_AVOID] obs_id=- obs_dist=-m obs_s=- ego_s=32.70 side=- | left_clearance=- right_clearance=- candidate_valid=false rung=- pre_dist=-m | cache_used=false path_age=- path_points=0 planning_time_ms=0.1 | reason=no_static_obstacle_in_range | cache_reason=no_cache
1787350832.861 [STATIC_AVOID] obs_id=- obs_dist=-m obs_s=- ego_s=33.57 side=- | left_clearance=- right_clearance=- candidate_valid=false rung=- pre_dist=-m | cache_used=false path_age=- path_points=0 planning_time_ms=0.1 | reason=no_static_obstacle_in_range | cache_reason=no_cache
1787350833.362 [STATIC_AVOID] obs_id=- obs_dist=-m obs_s=- ego_s=34.06 side=- | left_clearance=- right_clearance=- candidate_valid=false rung=- pre_dist=-m | cache_used=false path_age=- path_points=0 planning_time_ms=0.1 | reason=no_static_obstacle_in_range | cache_reason=no_cache
1787350833.862 [STATIC_AVOID] obs_id=- obs_dist=-m obs_s=- ego_s=34.70 side=- | left_clearance=- right_clearance=- candidate_valid=false rung=- pre_dist=-m | cache_used=false path_age=- path_points=0 planning_time_ms=0.1 | reason=no_static_obstacle_in_range | cache_reason=no_cache
1787350834.462 [STATIC_AVOID] obs_id=- obs_dist=-m obs_s=- ego_s=35.86 side=- | left_clearance=- right_clearance=- candidate_valid=false rung=- pre_dist=-m | cache_used=false path_age=- path_points=0 planning_time_ms=0.1 | reason=no_static_obstacle_in_range | cache_reason=no_cache
1787350834.970 [STATIC_AVOID] obs_id=- obs_dist=-m obs_s=- ego_s=37.92 side=- | left_clearance=- right_clearance=- candidate_valid=false rung=- pre_dist=-m | cache_used=false path_age=- path_points=0 planning_time_ms=0.1 | reason=no_static_obstacle_in_range | cache_reason=no_cache
1787350835.572 [STATIC_AVOID] obs_id=- obs_dist=-m obs_s=- ego_s=39.35 side=- | left_clearance=- right_clearance=- candidate_valid=false rung=- pre_dist=-m | cache_used=false path_age=- path_points=0 planning_time_ms=0.1 | reason=no_static_obstacle_in_range | cache_reason=no_cache
1787350836.161 [STATIC_AVOID] obs_id=- obs_dist=-m obs_s=- ego_s=1.45 side=- | left_clearance=- right_clearance=- candidate_valid=false rung=- pre_dist=-m | cache_used=false path_age=- path_points=0 planning_time_ms=0.2 | reason=no_static_obstacle_in_range | cache_reason=no_cache
1787350836.664 [STATIC_AVOID] obs_id=- obs_dist=-m obs_s=- ego_s=2.48 side=- | left_clearance=- right_clearance=- candidate_valid=false rung=- pre_dist=-m | cache_used=false path_age=- path_points=0 planning_time_ms=0.1 | reason=no_static_obstacle_in_range | cache_reason=no_cache
1787350837.167 [STATIC_AVOID] obs_id=- obs_dist=-m obs_s=- ego_s=3.45 side=- | left_clearance=- right_clearance=- candidate_valid=false rung=- pre_dist=-m | cache_used=false path_age=- path_points=0 planning_time_ms=0.1 | reason=no_static_obstacle_in_range | cache_reason=no_cache
1787350837.761 [STATIC_AVOID] obs_id=- obs_dist=-m obs_s=- ego_s=4.51 side=- | left_clearance=- right_clearance=- candidate_valid=false rung=- pre_dist=-m | cache_used=false path_age=- path_points=0 planning_time_ms=0.1 | reason=no_static_obstacle_in_range | cache_reason=no_cache
1787350838.276 [STATIC_AVOID] obs_id=- obs_dist=-m obs_s=- ego_s=5.30 side=- | left_clearance=- right_clearance=- candidate_valid=false rung=- pre_dist=-m | cache_used=false path_age=- path_points=0 planning_time_ms=0.1 | reason=no_static_obstacle_in_range | cache_reason=no_cache
1787350838.861 [STATIC_AVOID] obs_id=- obs_dist=-m obs_s=- ego_s=6.22 side=- | left_clearance=- right_clearance=- candidate_valid=false rung=- pre_dist=-m | cache_used=false path_age=- path_points=0 planning_time_ms=0.1 | reason=no_static_obstacle_in_range | cache_reason=no_cache
1787350839.362 [STATIC_AVOID] obs_id=- obs_dist=-m obs_s=- ego_s=6.79 side=- | left_clearance=- right_clearance=- candidate_valid=false rung=- pre_dist=-m | cache_used=false path_age=- path_points=0 planning_time_ms=0.1 | reason=no_static_obstacle_in_range | cache_reason=no_cache
1787350839.863 [STATIC_AVOID] obs_id=- obs_dist=-m obs_s=- ego_s=7.30 side=- | left_clearance=- right_clearance=- candidate_valid=false rung=- pre_dist=-m | cache_used=false path_age=- path_points=0 planning_time_ms=0.1 | reason=no_static_obstacle_in_range | cache_reason=no_cache
1787350840.462 [STATIC_AVOID] obs_id=- obs_dist=-m obs_s=- ego_s=8.33 side=- | left_clearance=- right_clearance=- candidate_valid=false rung=- pre_dist=-m | cache_used=false path_age=- path_points=0 planning_time_ms=0.1 | reason=no_static_obstacle_in_range | cache_reason=no_cache
1787350841.061 [STATIC_AVOID] obs_id=- obs_dist=-m obs_s=- ego_s=9.40 side=- | left_clearance=- right_clearance=- candidate_valid=false rung=- pre_dist=-m | cache_used=false path_age=- path_points=0 planning_time_ms=0.1 | reason=no_static_obstacle_in_range | cache_reason=no_cache
1787350841.561 [STATIC_AVOID] obs_id=- obs_dist=-m obs_s=- ego_s=10.56 side=- | left_clearance=- right_clearance=- candidate_valid=false rung=- pre_dist=-m | cache_used=false path_age=- path_points=0 planning_time_ms=0.1 | reason=no_static_obstacle_in_range | cache_reason=no_cache
1787350842.062 [STATIC_AVOID] obs_id=- obs_dist=-m obs_s=- ego_s=11.43 side=- | left_clearance=- right_clearance=- candidate_valid=false rung=- pre_dist=-m | cache_used=false path_age=- path_points=0 planning_time_ms=0.1 | reason=no_static_obstacle_in_range | cache_reason=no_cache
1787350842.563 [STATIC_AVOID] obs_id=- obs_dist=-m obs_s=- ego_s=12.10 side=- | left_clearance=- right_clearance=- candidate_valid=false rung=- pre_dist=-m | cache_used=false path_age=- path_points=0 planning_time_ms=0.1 | reason=no_static_obstacle_in_range | cache_reason=no_cache
1787350843.065 [STATIC_AVOID] obs_id=- obs_dist=-m obs_s=- ego_s=12.62 side=- | left_clearance=- right_clearance=- candidate_valid=false rung=- pre_dist=-m | cache_used=false path_age=- path_points=0 planning_time_ms=0.1 | reason=no_static_obstacle_in_range | cache_reason=no_cache
1787350843.669 [STATIC_AVOID] obs_id=- obs_dist=-m obs_s=- ego_s=13.50 side=- | left_clearance=- right_clearance=- candidate_valid=false rung=- pre_dist=-m | cache_used=false path_age=- path_points=0 planning_time_ms=0.1 | reason=no_static_obstacle_in_range | cache_reason=no_cache
1787350844.261 [STATIC_AVOID] obs_id=- obs_dist=-m obs_s=- ego_s=14.48 side=- | left_clearance=- right_clearance=- candidate_valid=false rung=- pre_dist=-m | cache_used=false path_age=- path_points=0 planning_time_ms=0.1 | reason=no_static_obstacle_in_range | cache_reason=no_cache
1787350844.761 [STATIC_AVOID] obs_id=- obs_dist=-m obs_s=- ego_s=15.03 side=- | left_clearance=- right_clearance=- candidate_valid=false rung=- pre_dist=-m | cache_used=false path_age=- path_points=0 planning_time_ms=0.1 | reason=no_static_obstacle_in_range | cache_reason=no_cache
1787350845.261 [STATIC_AVOID] obs_id=- obs_dist=-m obs_s=- ego_s=15.88 side=- | left_clearance=- right_clearance=- candidate_valid=false rung=- pre_dist=-m | cache_used=false path_age=- path_points=0 planning_time_ms=0.1 | reason=no_static_obstacle_in_range | cache_reason=no_cache
1787350845.871 [STATIC_AVOID] obs_id=- obs_dist=-m obs_s=- ego_s=16.08 side=- | left_clearance=- right_clearance=- candidate_valid=false rung=- pre_dist=-m | cache_used=false path_age=- path_points=0 planning_time_ms=0.1 | reason=no_static_obstacle_in_range | cache_reason=no_cache
1787350846.463 [STATIC_AVOID] obs_id=- obs_dist=-m obs_s=- ego_s=16.63 side=- | left_clearance=- right_clearance=- candidate_valid=false rung=- pre_dist=-m | cache_used=false path_age=- path_points=0 planning_time_ms=0.1 | reason=no_static_obstacle_in_range | cache_reason=no_cache
1787350847.064 [STATIC_AVOID] obs_id=- obs_dist=-m obs_s=- ego_s=17.44 side=- | left_clearance=- right_clearance=- candidate_valid=false rung=- pre_dist=-m | cache_used=false path_age=- path_points=0 planning_time_ms=0.1 | reason=no_static_obstacle_in_range | cache_reason=no_cache
1787350847.661 [STATIC_AVOID] obs_id=- obs_dist=-m obs_s=- ego_s=17.75 side=- | left_clearance=- right_clearance=- candidate_valid=false rung=- pre_dist=-m | cache_used=false path_age=- path_points=0 planning_time_ms=0.1 | reason=no_static_obstacle_in_range | cache_reason=no_cache
1787350848.161 [STATIC_AVOID] obs_id=- obs_dist=-m obs_s=- ego_s=18.44 side=- | left_clearance=- right_clearance=- candidate_valid=false rung=- pre_dist=-m | cache_used=false path_age=- path_points=0 planning_time_ms=0.1 | reason=no_static_obstacle_in_range | cache_reason=no_cache
1787350848.763 [STATIC_AVOID] obs_id=- obs_dist=-m obs_s=- ego_s=19.11 side=- | left_clearance=- right_clearance=- candidate_valid=false rung=- pre_dist=-m | cache_used=false path_age=- path_points=0 planning_time_ms=0.1 | reason=no_static_obstacle_in_range | cache_reason=no_cache
1787350849.263 [STATIC_AVOID] obs_id=- obs_dist=-m obs_s=- ego_s=20.02 side=- | left_clearance=- right_clearance=- candidate_valid=false rung=- pre_dist=-m | cache_used=false path_age=- path_points=0 planning_time_ms=0.1 | reason=no_static_obstacle_in_range | cache_reason=no_cache
1787350849.861 [STATIC_AVOID] obs_id=- obs_dist=-m obs_s=- ego_s=21.39 side=- | left_clearance=- right_clearance=- candidate_valid=false rung=- pre_dist=-m | cache_used=false path_age=- path_points=0 planning_time_ms=0.1 | reason=no_static_obstacle_in_range | cache_reason=no_cache
1787350850.461 [STATIC_AVOID] obs_id=- obs_dist=-m obs_s=- ego_s=22.44 side=- | left_clearance=- right_clearance=- candidate_valid=false rung=- pre_dist=-m | cache_used=false path_age=- path_points=0 planning_time_ms=0.1 | reason=no_static_obstacle_in_range | cache_reason=no_cache
1787350850.963 [STATIC_AVOID] obs_id=- obs_dist=-m obs_s=- ego_s=23.11 side=- | left_clearance=- right_clearance=- candidate_valid=false rung=- pre_dist=-m | cache_used=false path_age=- path_points=0 planning_time_ms=0.1 | reason=no_static_obstacle_in_range | cache_reason=no_cache
1787350851.570 [STATIC_AVOID] obs_id=- obs_dist=-m obs_s=- ego_s=24.68 side=- | left_clearance=- right_clearance=- candidate_valid=false rung=- pre_dist=-m | cache_used=false path_age=- path_points=0 planning_time_ms=0.1 | reason=no_static_obstacle_in_range | cache_reason=no_cache
1787350852.080 [STATIC_AVOID] obs_id=- obs_dist=-m obs_s=- ego_s=26.15 side=- | left_clearance=- right_clearance=- candidate_valid=false rung=- pre_dist=-m | cache_used=false path_age=- path_points=0 planning_time_ms=0.1 | reason=no_static_obstacle_in_range | cache_reason=no_cache
1787350852.663 [STATIC_AVOID] obs_id=- obs_dist=-m obs_s=- ego_s=26.76 side=- | left_clearance=- right_clearance=- candidate_valid=false rung=- pre_dist=-m | cache_used=false path_age=- path_points=0 planning_time_ms=0.1 | reason=no_static_obstacle_in_range | cache_reason=no_cache
1787350853.264 [STATIC_AVOID] obs_id=- obs_dist=-m obs_s=- ego_s=27.34 side=- | left_clearance=- right_clearance=- candidate_valid=false rung=- pre_dist=-m | cache_used=false path_age=- path_points=0 planning_time_ms=0.1 | reason=no_static_obstacle_in_range | cache_reason=no_cache
1787350853.861 [STATIC_AVOID] obs_id=- obs_dist=-m obs_s=- ego_s=28.01 side=- | left_clearance=- right_clearance=- candidate_valid=false rung=- pre_dist=-m | cache_used=false path_age=- path_points=0 planning_time_ms=0.1 | reason=no_static_obstacle_in_range | cache_reason=no_cache
1787350854.361 [STATIC_AVOID] obs_id=- obs_dist=-m obs_s=- ego_s=28.68 side=- | left_clearance=- right_clearance=- candidate_valid=false rung=- pre_dist=-m | cache_used=false path_age=- path_points=0 planning_time_ms=0.1 | reason=no_static_obstacle_in_range | cache_reason=no_cache
1787350854.962 [STATIC_AVOID] obs_id=- obs_dist=-m obs_s=- ego_s=29.74 side=- | left_clearance=- right_clearance=- candidate_valid=false rung=- pre_dist=-m | cache_used=false path_age=- path_points=0 planning_time_ms=0.1 | reason=no_static_obstacle_in_range | cache_reason=no_cache
1787350855.587 [STATIC_AVOID] obs_id=- obs_dist=-m obs_s=- ego_s=30.37 side=- | left_clearance=- right_clearance=- candidate_valid=false rung=- pre_dist=-m | cache_used=false path_age=- path_points=0 planning_time_ms=0.1 | reason=no_static_obstacle_in_range | cache_reason=no_cache
1787350856.162 [STATIC_AVOID] obs_id=- obs_dist=-m obs_s=- ego_s=30.72 side=- | left_clearance=- right_clearance=- candidate_valid=false rung=- pre_dist=-m | cache_used=false path_age=- path_points=0 planning_time_ms=0.1 | reason=no_static_obstacle_in_range | cache_reason=no_cache
1787350856.668 [STATIC_AVOID] obs_id=- obs_dist=-m obs_s=- ego_s=31.58 side=- | left_clearance=- right_clearance=- candidate_valid=false rung=- pre_dist=-m | cache_used=false path_age=- path_points=0 planning_time_ms=0.1 | reason=no_static_obstacle_in_range | cache_reason=no_cache
1787350857.295 [STATIC_AVOID] obs_id=- obs_dist=-m obs_s=- ego_s=32.15 side=- | left_clearance=- right_clearance=- candidate_valid=false rung=- pre_dist=-m | cache_used=false path_age=- path_points=0 planning_time_ms=0.1 | reason=no_static_obstacle_in_range | cache_reason=no_cache
1787350857.861 [STATIC_AVOID] obs_id=- obs_dist=-m obs_s=- ego_s=33.19 side=- | left_clearance=- right_clearance=- candidate_valid=false rung=- pre_dist=-m | cache_used=false path_age=- path_points=0 planning_time_ms=0.1 | reason=no_static_obstacle_in_range | cache_reason=no_cache
1787350858.463 [STATIC_AVOID] obs_id=- obs_dist=-m obs_s=- ego_s=34.18 side=- | left_clearance=- right_clearance=- candidate_valid=false rung=- pre_dist=-m | cache_used=false path_age=- path_points=0 planning_time_ms=0.1 | reason=no_static_obstacle_in_range | cache_reason=no_cache
1787350858.966 [STATIC_AVOID] obs_id=- obs_dist=-m obs_s=- ego_s=35.26 side=- | left_clearance=- right_clearance=- candidate_valid=false rung=- pre_dist=-m | cache_used=false path_age=- path_points=0 planning_time_ms=0.1 | reason=no_static_obstacle_in_range | cache_reason=no_cache
1787350859.569 [STATIC_AVOID] obs_id=- obs_dist=-m obs_s=- ego_s=37.40 side=- | left_clearance=- right_clearance=- candidate_valid=false rung=- pre_dist=-m | cache_used=false path_age=- path_points=0 planning_time_ms=0.1 | reason=no_static_obstacle_in_range | cache_reason=no_cache
1787350860.161 [STATIC_AVOID] obs_id=- obs_dist=-m obs_s=- ego_s=39.17 side=- | left_clearance=- right_clearance=- candidate_valid=false rung=- pre_dist=-m | cache_used=false path_age=- path_points=0 planning_time_ms=0.1 | reason=no_static_obstacle_in_range | cache_reason=no_cache
1787350860.664 [STATIC_AVOID] obs_id=- obs_dist=-m obs_s=- ego_s=0.43 side=- | left_clearance=- right_clearance=- candidate_valid=false rung=- pre_dist=-m | cache_used=false path_age=- path_points=0 planning_time_ms=0.1 | reason=no_static_obstacle_in_range | cache_reason=no_cache
1787350861.265 [STATIC_AVOID] obs_id=- obs_dist=-m obs_s=- ego_s=1.52 side=- | left_clearance=- right_clearance=- candidate_valid=false rung=- pre_dist=-m | cache_used=false path_age=- path_points=0 planning_time_ms=0.1 | reason=no_static_obstacle_in_range | cache_reason=no_cache
1787350861.863 [STATIC_AVOID] obs_id=- obs_dist=-m obs_s=- ego_s=2.65 side=- | left_clearance=- right_clearance=- candidate_valid=false rung=- pre_dist=-m | cache_used=false path_age=- path_points=0 planning_time_ms=0.1 | reason=no_static_obstacle_in_range | cache_reason=no_cache
1787350862.464 [STATIC_AVOID] obs_id=- obs_dist=-m obs_s=- ego_s=3.51 side=- | left_clearance=- right_clearance=- candidate_valid=false rung=- pre_dist=-m | cache_used=false path_age=- path_points=0 planning_time_ms=0.1 | reason=no_static_obstacle_in_range | cache_reason=no_cache
1787350863.063 [STATIC_AVOID] obs_id=- obs_dist=-m obs_s=- ego_s=4.48 side=- | left_clearance=- right_clearance=- candidate_valid=false rung=- pre_dist=-m | cache_used=false path_age=- path_points=0 planning_time_ms=0.1 | reason=no_static_obstacle_in_range | cache_reason=no_cache
1787350863.668 [STATIC_AVOID] obs_id=- obs_dist=-m obs_s=- ego_s=5.50 side=- | left_clearance=- right_clearance=- candidate_valid=false rung=- pre_dist=-m | cache_used=false path_age=- path_points=0 planning_time_ms=0.1 | reason=no_static_obstacle_in_range | cache_reason=no_cache
1787350864.269 [STATIC_AVOID] obs_id=- obs_dist=-m obs_s=- ego_s=6.36 side=- | left_clearance=- right_clearance=- candidate_valid=false rung=- pre_dist=-m | cache_used=false path_age=- path_points=0 planning_time_ms=0.1 | reason=no_static_obstacle_in_range | cache_reason=no_cache
1787350864.783 [STATIC_AVOID] obs_id=- obs_dist=-m obs_s=- ego_s=7.03 side=- | left_clearance=- right_clearance=- candidate_valid=false rung=- pre_dist=-m | cache_used=false path_age=- path_points=0 planning_time_ms=0.1 | reason=no_static_obstacle_in_range | cache_reason=no_cache
1787350865.371 [STATIC_AVOID] obs_id=- obs_dist=-m obs_s=- ego_s=7.79 side=- | left_clearance=- right_clearance=- candidate_valid=false rung=- pre_dist=-m | cache_used=false path_age=- path_points=0 planning_time_ms=0.6 | reason=no_static_obstacle_in_range | cache_reason=no_cache
1787350865.971 [STATIC_AVOID] obs_id=- obs_dist=-m obs_s=- ego_s=8.51 side=- | left_clearance=- right_clearance=- candidate_valid=false rung=- pre_dist=-m | cache_used=false path_age=- path_points=0 planning_time_ms=1.3 | reason=no_static_obstacle_in_range | cache_reason=no_cache
1787350866.472 [STATIC_AVOID] obs_id=- obs_dist=-m obs_s=- ego_s=9.61 side=- | left_clearance=- right_clearance=- candidate_valid=false rung=- pre_dist=-m | cache_used=false path_age=- path_points=0 planning_time_ms=0.2 | reason=no_static_obstacle_in_range | cache_reason=no_cache
1787350867.061 [STATIC_AVOID] obs_id=- obs_dist=-m obs_s=- ego_s=11.16 side=- | left_clearance=- right_clearance=- candidate_valid=false rung=- pre_dist=-m | cache_used=false path_age=- path_points=0 planning_time_ms=0.1 | reason=no_static_obstacle_in_range | cache_reason=no_cache
1787350867.591 [STATIC_AVOID] obs_id=- obs_dist=-m obs_s=- ego_s=11.75 side=- | left_clearance=- right_clearance=- candidate_valid=false rung=- pre_dist=-m | cache_used=false path_age=- path_points=0 planning_time_ms=0.1 | reason=no_static_obstacle_in_range | cache_reason=no_cache
1787350868.167 [STATIC_AVOID] obs_id=- obs_dist=-m obs_s=- ego_s=12.47 side=- | left_clearance=- right_clearance=- candidate_valid=false rung=- pre_dist=-m | cache_used=false path_age=- path_points=0 planning_time_ms=0.1 | reason=no_static_obstacle_in_range | cache_reason=no_cache
1787350868.761 [STATIC_AVOID] obs_id=- obs_dist=-m obs_s=- ego_s=13.72 side=- | left_clearance=- right_clearance=- candidate_valid=false rung=- pre_dist=-m | cache_used=false path_age=- path_points=0 planning_time_ms=0.1 | reason=no_static_obstacle_in_range | cache_reason=no_cache
1787350869.262 [STATIC_AVOID] obs_id=- obs_dist=-m obs_s=- ego_s=14.65 side=- | left_clearance=- right_clearance=- candidate_valid=false rung=- pre_dist=-m | cache_used=false path_age=- path_points=0 planning_time_ms=0.1 | reason=no_static_obstacle_in_range | cache_reason=no_cache
1787350869.763 [STATIC_AVOID] obs_id=- obs_dist=-m obs_s=- ego_s=15.31 side=- | left_clearance=- right_clearance=- candidate_valid=false rung=- pre_dist=-m | cache_used=false path_age=- path_points=0 planning_time_ms=0.1 | reason=no_static_obstacle_in_range | cache_reason=no_cache
1787350870.263 [STATIC_AVOID] obs_id=- obs_dist=-m obs_s=- ego_s=15.92 side=- | left_clearance=- right_clearance=- candidate_valid=false rung=- pre_dist=-m | cache_used=false path_age=- path_points=0 planning_time_ms=0.1 | reason=no_static_obstacle_in_range | cache_reason=no_cache
1787350870.777 [STATIC_AVOID] obs_id=- obs_dist=-m obs_s=- ego_s=16.41 side=- | left_clearance=- right_clearance=- candidate_valid=false rung=- pre_dist=-m | cache_used=false path_age=- path_points=0 planning_time_ms=0.1 | reason=no_static_obstacle_in_range | cache_reason=no_cache
1787350871.362 [STATIC_AVOID] obs_id=- obs_dist=-m obs_s=- ego_s=16.91 side=- | left_clearance=- right_clearance=- candidate_valid=false rung=- pre_dist=-m | cache_used=false path_age=- path_points=0 planning_time_ms=0.1 | reason=no_static_obstacle_in_range | cache_reason=no_cache
1787350871.862 [STATIC_AVOID] obs_id=- obs_dist=-m obs_s=- ego_s=17.31 side=- | left_clearance=- right_clearance=- candidate_valid=false rung=- pre_dist=-m | cache_used=false path_age=- path_points=0 planning_time_ms=0.1 | reason=no_static_obstacle_in_range | cache_reason=no_cache
1787350872.367 [STATIC_AVOID] obs_id=- obs_dist=-m obs_s=- ego_s=17.80 side=- | left_clearance=- right_clearance=- candidate_valid=false rung=- pre_dist=-m | cache_used=false path_age=- path_points=0 planning_time_ms=0.1 | reason=no_static_obstacle_in_range | cache_reason=no_cache
1787350872.962 [STATIC_AVOID] obs_id=- obs_dist=-m obs_s=- ego_s=18.78 side=- | left_clearance=- right_clearance=- candidate_valid=false rung=- pre_dist=-m | cache_used=false path_age=- path_points=0 planning_time_ms=0.1 | reason=no_static_obstacle_in_range | cache_reason=no_cache
1787350873.463 [STATIC_AVOID] obs_id=- obs_dist=-m obs_s=- ego_s=19.54 side=- | left_clearance=- right_clearance=- candidate_valid=false rung=- pre_dist=-m | cache_used=false path_age=- path_points=0 planning_time_ms=0.1 | reason=no_static_obstacle_in_range | cache_reason=no_cache
1787350874.061 [STATIC_AVOID] obs_id=- obs_dist=-m obs_s=- ego_s=20.55 side=- | left_clearance=- right_clearance=- candidate_valid=false rung=- pre_dist=-m | cache_used=false path_age=- path_points=0 planning_time_ms=0.1 | reason=no_static_obstacle_in_range | cache_reason=no_cache
1787350874.572 [STATIC_AVOID] obs_id=- obs_dist=-m obs_s=- ego_s=21.68 side=- | left_clearance=- right_clearance=- candidate_valid=false rung=- pre_dist=-m | cache_used=false path_age=- path_points=0 planning_time_ms=0.1 | reason=no_static_obstacle_in_range | cache_reason=no_cache
1787350875.161 [STATIC_AVOID] obs_id=- obs_dist=-m obs_s=- ego_s=22.76 side=- | left_clearance=- right_clearance=- candidate_valid=false rung=- pre_dist=-m | cache_used=false path_age=- path_points=0 planning_time_ms=0.1 | reason=no_static_obstacle_in_range | cache_reason=no_cache
1787350875.661 [STATIC_AVOID] obs_id=- obs_dist=-m obs_s=- ego_s=24.88 side=- | left_clearance=- right_clearance=- candidate_valid=false rung=- pre_dist=-m | cache_used=false path_age=- path_points=0 planning_time_ms=0.1 | reason=no_static_obstacle_in_range | cache_reason=no_cache
1787350876.261 [STATIC_AVOID] obs_id=- obs_dist=-m obs_s=- ego_s=26.78 side=- | left_clearance=- right_clearance=- candidate_valid=false rung=- pre_dist=-m | cache_used=false path_age=- path_points=0 planning_time_ms=0.1 | reason=no_static_obstacle_in_range | cache_reason=no_cache
1787350876.867 [STATIC_AVOID] obs_id=- obs_dist=-m obs_s=- ego_s=27.32 side=- | left_clearance=- right_clearance=- candidate_valid=false rung=- pre_dist=-m | cache_used=false path_age=- path_points=0 planning_time_ms=0.1 | reason=no_static_obstacle_in_range | cache_reason=no_cache
1787350877.463 [STATIC_AVOID] obs_id=- obs_dist=-m obs_s=- ego_s=28.03 side=- | left_clearance=- right_clearance=- candidate_valid=false rung=- pre_dist=-m | cache_used=false path_age=- path_points=0 planning_time_ms=0.1 | reason=no_static_obstacle_in_range | cache_reason=no_cache
1787350877.968 [STATIC_AVOID] obs_id=- obs_dist=-m obs_s=- ego_s=28.52 side=- | left_clearance=- right_clearance=- candidate_valid=false rung=- pre_dist=-m | cache_used=false path_age=- path_points=0 planning_time_ms=0.1 | reason=no_static_obstacle_in_range | cache_reason=no_cache
1787350878.577 [STATIC_AVOID] obs_id=- obs_dist=-m obs_s=- ego_s=28.68 side=- | left_clearance=- right_clearance=- candidate_valid=false rung=- pre_dist=-m | cache_used=false path_age=- path_points=0 planning_time_ms=0.1 | reason=no_static_obstacle_in_range | cache_reason=no_cache
1787350879.163 [STATIC_AVOID] obs_id=- obs_dist=-m obs_s=- ego_s=28.62 side=- | left_clearance=- right_clearance=- candidate_valid=false rung=- pre_dist=-m | cache_used=false path_age=- path_points=0 planning_time_ms=0.1 | reason=no_static_obstacle_in_range | cache_reason=no_cache
1787350879.762 [STATIC_AVOID] obs_id=- obs_dist=-m obs_s=- ego_s=28.66 side=- | left_clearance=- right_clearance=- candidate_valid=false rung=- pre_dist=-m | cache_used=false path_age=- path_points=0 planning_time_ms=0.1 | reason=no_static_obstacle_in_range | cache_reason=no_cache
1787350880.366 [STATIC_AVOID] obs_id=- obs_dist=-m obs_s=- ego_s=28.65 side=- | left_clearance=- right_clearance=- candidate_valid=false rung=- pre_dist=-m | cache_used=false path_age=- path_points=0 planning_time_ms=0.2 | reason=no_static_obstacle_in_range | cache_reason=no_cache
1787350880.962 [STATIC_AVOID] obs_id=- obs_dist=-m obs_s=- ego_s=28.66 side=- | left_clearance=- right_clearance=- candidate_valid=false rung=- pre_dist=-m | cache_used=false path_age=- path_points=0 planning_time_ms=0.1 | reason=no_static_obstacle_in_range | cache_reason=no_cache
1787350881.561 [STATIC_AVOID] obs_id=- obs_dist=-m obs_s=- ego_s=28.63 side=- | left_clearance=- right_clearance=- candidate_valid=false rung=- pre_dist=-m | cache_used=false path_age=- path_points=0 planning_time_ms=0.1 | reason=no_static_obstacle_in_range | cache_reason=no_cache
1787350882.062 [STATIC_AVOID] obs_id=- obs_dist=-m obs_s=- ego_s=28.63 side=- | left_clearance=- right_clearance=- candidate_valid=false rung=- pre_dist=-m | cache_used=false path_age=- path_points=0 planning_time_ms=0.1 | reason=no_static_obstacle_in_range | cache_reason=no_cache
1787350882.665 [STATIC_AVOID] obs_id=- obs_dist=-m obs_s=- ego_s=28.63 side=- | left_clearance=- right_clearance=- candidate_valid=false rung=- pre_dist=-m | cache_used=false path_age=- path_points=0 planning_time_ms=0.1 | reason=no_static_obstacle_in_range | cache_reason=no_cache
1787350883.261 [STATIC_AVOID] obs_id=- obs_dist=-m obs_s=- ego_s=28.64 side=- | left_clearance=- right_clearance=- candidate_valid=false rung=- pre_dist=-m | cache_used=false path_age=- path_points=0 planning_time_ms=0.1 | reason=no_static_obstacle_in_range | cache_reason=no_cache
1787350883.777 [STATIC_AVOID] obs_id=- obs_dist=-m obs_s=- ego_s=28.65 side=- | left_clearance=- right_clearance=- candidate_valid=false rung=- pre_dist=-m | cache_used=false path_age=- path_points=0 planning_time_ms=0.1 | reason=no_static_obstacle_in_range | cache_reason=no_cache
1787350884.364 [STATIC_AVOID] obs_id=- obs_dist=-m obs_s=- ego_s=28.60 side=- | left_clearance=- right_clearance=- candidate_valid=false rung=- pre_dist=-m | cache_used=false path_age=- path_points=0 planning_time_ms=0.1 | reason=no_static_obstacle_in_range | cache_reason=no_cache
1787350884.961 [STATIC_AVOID] obs_id=- obs_dist=-m obs_s=- ego_s=28.62 side=- | left_clearance=- right_clearance=- candidate_valid=false rung=- pre_dist=-m | cache_used=false path_age=- path_points=0 planning_time_ms=0.1 | reason=no_static_obstacle_in_range | cache_reason=no_cache
1787350885.462 [STATIC_AVOID] obs_id=- obs_dist=-m obs_s=- ego_s=28.51 side=- | left_clearance=- right_clearance=- candidate_valid=false rung=- pre_dist=-m | cache_used=false path_age=- path_points=0 planning_time_ms=0.1 | reason=no_static_obstacle_in_range | cache_reason=no_cache
1787350886.070 [STATIC_AVOID] obs_id=- obs_dist=-m obs_s=- ego_s=28.60 side=- | left_clearance=- right_clearance=- candidate_valid=false rung=- pre_dist=-m | cache_used=false path_age=- path_points=0 planning_time_ms=0.1 | reason=no_static_obstacle_in_range | cache_reason=no_cache
1787350886.662 [STATIC_AVOID] obs_id=- obs_dist=-m obs_s=- ego_s=29.04 side=- | left_clearance=- right_clearance=- candidate_valid=false rung=- pre_dist=-m | cache_used=false path_age=- path_points=0 planning_time_ms=0.1 | reason=no_static_obstacle_in_range | cache_reason=no_cache
1787350887.262 [STATIC_AVOID] obs_id=- obs_dist=-m obs_s=- ego_s=29.55 side=- | left_clearance=- right_clearance=- candidate_valid=false rung=- pre_dist=-m | cache_used=false path_age=- path_points=0 planning_time_ms=0.1 | reason=no_static_obstacle_in_range | cache_reason=no_cache
1787350887.776 [STATIC_AVOID] obs_id=- obs_dist=-m obs_s=- ego_s=30.01 side=- | left_clearance=- right_clearance=- candidate_valid=false rung=- pre_dist=-m | cache_used=false path_age=- path_points=0 planning_time_ms=0.1 | reason=no_static_obstacle_in_range | cache_reason=no_cache
1787350888.362 [STATIC_AVOID] obs_id=- obs_dist=-m obs_s=- ego_s=30.15 side=- | left_clearance=- right_clearance=- candidate_valid=false rung=- pre_dist=-m | cache_used=false path_age=- path_points=0 planning_time_ms=0.1 | reason=no_static_obstacle_in_range | cache_reason=no_cache
1787350888.864 [STATIC_AVOID] obs_id=- obs_dist=-m obs_s=- ego_s=30.19 side=- | left_clearance=- right_clearance=- candidate_valid=false rung=- pre_dist=-m | cache_used=false path_age=- path_points=0 planning_time_ms=0.1 | reason=no_static_obstacle_in_range | cache_reason=no_cache
1787350889.367 [STATIC_AVOID] obs_id=- obs_dist=-m obs_s=- ego_s=30.17 side=- | left_clearance=- right_clearance=- candidate_valid=false rung=- pre_dist=-m | cache_used=false path_age=- path_points=0 planning_time_ms=0.1 | reason=no_static_obstacle_in_range | cache_reason=no_cache
1787350889.961 [STATIC_AVOID] obs_id=- obs_dist=-m obs_s=- ego_s=30.10 side=- | left_clearance=- right_clearance=- candidate_valid=false rung=- pre_dist=-m | cache_used=false path_age=- path_points=0 planning_time_ms=0.1 | reason=no_static_obstacle_in_range | cache_reason=no_cache
1787350890.465 [STATIC_AVOID] obs_id=194 obs_dist=0.79m obs_s=30.97 ego_s=30.19 side=LEFT | left_clearance=0.31 right_clearance=-0.41 candidate_valid=true rung=0 pre_dist=2.07m | cache_used=false path_age=0.000 path_points=101 planning_time_ms=3.4
1787350890.975 [STATIC_AVOID] obs_id=194 obs_dist=0.60m obs_s=31.01 ego_s=30.40 side=LEFT | left_clearance=0.04 right_clearance=-0.31 candidate_valid=false rung=- pre_dist=2.00m | cache_used=false path_age=- path_points=0 planning_time_ms=10.5 | reason=group_track_too_narrow | cache_reason=cache_collision
1787350891.477 [STATIC_AVOID] obs_id=194 obs_dist=0.39m obs_s=31.01 ego_s=30.61 side=LEFT | left_clearance=0.11 right_clearance=-0.31 candidate_valid=false rung=- pre_dist=2.11m | cache_used=false path_age=- path_points=0 planning_time_ms=6.9 | reason=group_track_too_narrow | cache_reason=no_cache
1787350892.065 [STATIC_AVOID] obs_id=194 obs_dist=0.34m obs_s=31.01 ego_s=30.67 side=LEFT | left_clearance=0.11 right_clearance=-0.31 candidate_valid=false rung=- pre_dist=2.16m | cache_used=false path_age=- path_points=0 planning_time_ms=3.5 | reason=group_track_too_narrow | cache_reason=no_cache
1787350892.566 [STATIC_AVOID] obs_id=195 obs_dist=0.96m obs_s=31.72 ego_s=30.76 side=RIGHT | left_clearance=0.11 right_clearance=0.13 candidate_valid=true rung=0 pre_dist=2.00m | cache_used=false path_age=0.000 path_points=101 planning_time_ms=4.8
1787350893.168 [STATIC_AVOID] obs_id=195 obs_dist=0.96m obs_s=31.72 ego_s=30.76 side=RIGHT | left_clearance=0.11 right_clearance=0.13 candidate_valid=true rung=0 pre_dist=2.00m | cache_used=false path_age=0.000 path_points=101 planning_time_ms=4.4
1787350893.761 [STATIC_AVOID] obs_id=- obs_dist=-m obs_s=- ego_s=30.80 side=- | left_clearance=- right_clearance=- candidate_valid=false rung=- pre_dist=-m | cache_used=false path_age=- path_points=0 planning_time_ms=0.1 | reason=no_static_obstacle_in_range | cache_reason=no_cache
1787350894.263 [STATIC_AVOID] obs_id=- obs_dist=-m obs_s=- ego_s=31.26 side=- | left_clearance=- right_clearance=- candidate_valid=false rung=- pre_dist=-m | cache_used=false path_age=- path_points=0 planning_time_ms=0.1 | reason=no_static_obstacle_in_range | cache_reason=no_cache
1787350894.861 [STATIC_AVOID] obs_id=- obs_dist=-m obs_s=- ego_s=32.28 side=- | left_clearance=- right_clearance=- candidate_valid=false rung=- pre_dist=-m | cache_used=false path_age=- path_points=0 planning_time_ms=0.1 | reason=no_static_obstacle_in_range | cache_reason=no_cache
1787350895.373 [STATIC_AVOID] obs_id=- obs_dist=-m obs_s=- ego_s=33.63 side=- | left_clearance=- right_clearance=- candidate_valid=false rung=- pre_dist=-m | cache_used=false path_age=- path_points=0 planning_time_ms=0.1 | reason=no_static_obstacle_in_range | cache_reason=no_cache
1787350895.966 [STATIC_AVOID] obs_id=- obs_dist=-m obs_s=- ego_s=35.34 side=- | left_clearance=- right_clearance=- candidate_valid=false rung=- pre_dist=-m | cache_used=false path_age=- path_points=0 planning_time_ms=0.1 | reason=no_static_obstacle_in_range | cache_reason=no_cache
1787350896.471 [STATIC_AVOID] obs_id=- obs_dist=-m obs_s=- ego_s=36.20 side=- | left_clearance=- right_clearance=- candidate_valid=false rung=- pre_dist=-m | cache_used=false path_age=- path_points=0 planning_time_ms=0.1 | reason=no_static_obstacle_in_range | cache_reason=no_cache
1787350897.071 [STATIC_AVOID] obs_id=- obs_dist=-m obs_s=- ego_s=37.61 side=- | left_clearance=- right_clearance=- candidate_valid=false rung=- pre_dist=-m | cache_used=false path_age=- path_points=0 planning_time_ms=0.1 | reason=no_static_obstacle_in_range | cache_reason=no_cache
1787350897.670 [STATIC_AVOID] obs_id=- obs_dist=-m obs_s=- ego_s=39.25 side=- | left_clearance=- right_clearance=- candidate_valid=false rung=- pre_dist=-m | cache_used=false path_age=- path_points=0 planning_time_ms=0.1 | reason=no_static_obstacle_in_range | cache_reason=no_cache
1787350898.261 [STATIC_AVOID] obs_id=- obs_dist=-m obs_s=- ego_s=0.92 side=- | left_clearance=- right_clearance=- candidate_valid=false rung=- pre_dist=-m | cache_used=false path_age=- path_points=0 planning_time_ms=0.1 | reason=no_static_obstacle_in_range | cache_reason=no_cache
1787350898.761 [STATIC_AVOID] obs_id=- obs_dist=-m obs_s=- ego_s=2.38 side=- | left_clearance=- right_clearance=- candidate_valid=false rung=- pre_dist=-m | cache_used=false path_age=- path_points=0 planning_time_ms=0.1 | reason=no_static_obstacle_in_range | cache_reason=no_cache
1787350899.265 [STATIC_AVOID] obs_id=- obs_dist=-m obs_s=- ego_s=3.65 side=- | left_clearance=- right_clearance=- candidate_valid=false rung=- pre_dist=-m | cache_used=false path_age=- path_points=0 planning_time_ms=0.1 | reason=no_static_obstacle_in_range | cache_reason=no_cache
1787350899.770 [STATIC_AVOID] obs_id=207 obs_dist=0.96m obs_s=5.87 ego_s=4.90 side=RIGHT | left_clearance=-0.02 right_clearance=0.27 candidate_valid=true rung=0 pre_dist=2.00m | cache_used=false path_age=0.000 path_points=101 planning_time_ms=6.8
1787350900.301 [STATIC_AVOID] obs_id=207 obs_dist=-0.12m obs_s=5.87 ego_s=5.99 side=RIGHT | left_clearance=-0.02 right_clearance=0.27 candidate_valid=true rung=0 pre_dist=2.62m | cache_used=false path_age=0.000 path_points=101 planning_time_ms=39.9
1787350900.877 [STATIC_AVOID] obs_id=210 obs_dist=1.88m obs_s=9.29 ego_s=7.41 side=RIGHT | left_clearance=0.10 right_clearance=0.38 candidate_valid=true rung=2 pre_dist=2.24m | cache_used=false path_age=0.000 path_points=101 planning_time_ms=13.3
1787350901.465 [STATIC_AVOID] obs_id=210 obs_dist=0.83m obs_s=9.29 ego_s=8.46 side=RIGHT | left_clearance=0.10 right_clearance=0.38 candidate_valid=false rung=- pre_dist=2.24m | cache_used=false path_age=- path_points=0 planning_time_ms=3.3 | reason=obstacle_clearance | cache_reason=no_cache
1787350901.967 [STATIC_AVOID] obs_id=210 obs_dist=-0.31m obs_s=9.29 ego_s=9.60 side=RIGHT | left_clearance=-0.12 right_clearance=0.38 candidate_valid=true rung=0 pre_dist=2.58m | cache_used=false path_age=0.000 path_points=101 planning_time_ms=4.8
1787350902.566 [STATIC_AVOID] obs_id=212 obs_dist=0.34m obs_s=11.07 ego_s=10.73 side=RIGHT | left_clearance=-0.12 right_clearance=0.28 candidate_valid=true rung=0 pre_dist=2.16m | cache_used=false path_age=0.000 path_points=101 planning_time_ms=4.4
1787350903.075 [STATIC_AVOID] obs_id=212 obs_dist=-0.02m obs_s=11.07 ego_s=11.10 side=RIGHT | left_clearance=-0.12 right_clearance=0.28 candidate_valid=false rung=- pre_dist=2.52m | cache_used=true path_age=0.211 path_points=101 planning_time_ms=9.3 | reason=group_obstacle_clearance
1787350903.580 [STATIC_AVOID] obs_id=212 obs_dist=-0.44m obs_s=11.07 ego_s=11.51 side=RIGHT | left_clearance=-0.12 right_clearance=0.20 candidate_valid=true rung=0 pre_dist=2.94m | cache_used=false path_age=0.000 path_points=101 planning_time_ms=10.0
1787350904.083 [STATIC_AVOID] obs_id=213 obs_dist=0.38m obs_s=11.86 ego_s=11.48 side=RIGHT | left_clearance=0.10 right_clearance=0.20 candidate_valid=true rung=0 pre_dist=2.00m | cache_used=false path_age=0.000 path_points=101 planning_time_ms=14.5
1787350904.663 [STATIC_AVOID] obs_id=- obs_dist=-m obs_s=- ego_s=11.49 side=- | left_clearance=- right_clearance=- candidate_valid=false rung=- pre_dist=-m | cache_used=false path_age=- path_points=0 planning_time_ms=0.1 | reason=no_static_obstacle_in_range | cache_reason=no_cache
1787350905.261 [STATIC_AVOID] obs_id=- obs_dist=-m obs_s=- ego_s=11.51 side=- | left_clearance=- right_clearance=- candidate_valid=false rung=- pre_dist=-m | cache_used=false path_age=- path_points=0 planning_time_ms=0.1 | reason=no_static_obstacle_in_range | cache_reason=no_cache
1787350905.778 [STATIC_AVOID] obs_id=- obs_dist=-m obs_s=- ego_s=11.72 side=- | left_clearance=- right_clearance=- candidate_valid=false rung=- pre_dist=-m | cache_used=false path_age=- path_points=0 planning_time_ms=0.2 | reason=no_static_obstacle_in_range | cache_reason=no_cache
1787350906.364 [STATIC_AVOID] obs_id=- obs_dist=-m obs_s=- ego_s=13.14 side=- | left_clearance=- right_clearance=- candidate_valid=false rung=- pre_dist=-m | cache_used=false path_age=- path_points=0 planning_time_ms=0.1 | reason=no_static_obstacle_in_range | cache_reason=no_cache
1787350906.961 [STATIC_AVOID] obs_id=- obs_dist=-m obs_s=- ego_s=14.78 side=- | left_clearance=- right_clearance=- candidate_valid=false rung=- pre_dist=-m | cache_used=false path_age=- path_points=0 planning_time_ms=0.1 | reason=no_static_obstacle_in_range | cache_reason=no_cache
1787350907.464 [STATIC_AVOID] obs_id=- obs_dist=-m obs_s=- ego_s=15.99 side=- | left_clearance=- right_clearance=- candidate_valid=false rung=- pre_dist=-m | cache_used=false path_age=- path_points=0 planning_time_ms=0.1 | reason=no_static_obstacle_in_range | cache_reason=no_cache
1787350907.964 [STATIC_AVOID] obs_id=- obs_dist=-m obs_s=- ego_s=16.86 side=- | left_clearance=- right_clearance=- candidate_valid=false rung=- pre_dist=-m | cache_used=false path_age=- path_points=0 planning_time_ms=0.9 | reason=no_static_obstacle_in_range | cache_reason=no_cache
1787350908.564 [STATIC_AVOID] obs_id=- obs_dist=-m obs_s=- ego_s=17.47 side=- | left_clearance=- right_clearance=- candidate_valid=false rung=- pre_dist=-m | cache_used=false path_age=- path_points=0 planning_time_ms=0.1 | reason=no_static_obstacle_in_range | cache_reason=no_cache
1787350909.179 [STATIC_AVOID] obs_id=- obs_dist=-m obs_s=- ego_s=17.66 side=- | left_clearance=- right_clearance=- candidate_valid=false rung=- pre_dist=-m | cache_used=false path_age=- path_points=0 planning_time_ms=0.1 | reason=no_static_obstacle_in_range | cache_reason=no_cache
1787350909.761 [STATIC_AVOID] obs_id=- obs_dist=-m obs_s=- ego_s=18.63 side=- | left_clearance=- right_clearance=- candidate_valid=false rung=- pre_dist=-m | cache_used=false path_age=- path_points=0 planning_time_ms=0.1 | reason=no_static_obstacle_in_range | cache_reason=no_cache
1787350910.362 [STATIC_AVOID] obs_id=- obs_dist=-m obs_s=- ego_s=19.67 side=- | left_clearance=- right_clearance=- candidate_valid=false rung=- pre_dist=-m | cache_used=false path_age=- path_points=0 planning_time_ms=0.1 | reason=no_static_obstacle_in_range | cache_reason=no_cache
1787350910.862 [STATIC_AVOID] obs_id=- obs_dist=-m obs_s=- ego_s=20.69 side=- | left_clearance=- right_clearance=- candidate_valid=false rung=- pre_dist=-m | cache_used=false path_age=- path_points=0 planning_time_ms=0.1 | reason=no_static_obstacle_in_range | cache_reason=no_cache
1787350911.462 [STATIC_AVOID] obs_id=- obs_dist=-m obs_s=- ego_s=22.27 side=- | left_clearance=- right_clearance=- candidate_valid=false rung=- pre_dist=-m | cache_used=false path_age=- path_points=0 planning_time_ms=0.2 | reason=no_static_obstacle_in_range | cache_reason=no_cache
1787350912.062 [STATIC_AVOID] obs_id=- obs_dist=-m obs_s=- ego_s=23.76 side=- | left_clearance=- right_clearance=- candidate_valid=false rung=- pre_dist=-m | cache_used=false path_age=- path_points=0 planning_time_ms=0.1 | reason=no_static_obstacle_in_range | cache_reason=no_cache
1787350912.663 [STATIC_AVOID] obs_id=- obs_dist=-m obs_s=- ego_s=24.62 side=- | left_clearance=- right_clearance=- candidate_valid=false rung=- pre_dist=-m | cache_used=false path_age=- path_points=0 planning_time_ms=0.1 | reason=no_static_obstacle_in_range | cache_reason=no_cache
1787350913.261 [STATIC_AVOID] obs_id=- obs_dist=-m obs_s=- ego_s=25.13 side=- | left_clearance=- right_clearance=- candidate_valid=false rung=- pre_dist=-m | cache_used=false path_age=- path_points=0 planning_time_ms=0.1 | reason=no_static_obstacle_in_range | cache_reason=no_cache
1787350913.766 [STATIC_AVOID] obs_id=- obs_dist=-m obs_s=- ego_s=25.51 side=- | left_clearance=- right_clearance=- candidate_valid=false rung=- pre_dist=-m | cache_used=false path_age=- path_points=0 planning_time_ms=0.1 | reason=no_static_obstacle_in_range | cache_reason=no_cache
1787350914.272 [STATIC_AVOID] obs_id=- obs_dist=-m obs_s=- ego_s=25.71 side=- | left_clearance=- right_clearance=- candidate_valid=false rung=- pre_dist=-m | cache_used=false path_age=- path_points=0 planning_time_ms=0.1 | reason=no_static_obstacle_in_range | cache_reason=no_cache
1787350914.863 [STATIC_AVOID] obs_id=- obs_dist=-m obs_s=- ego_s=25.85 side=- | left_clearance=- right_clearance=- candidate_valid=false rung=- pre_dist=-m | cache_used=false path_age=- path_points=0 planning_time_ms=0.1 | reason=no_static_obstacle_in_range | cache_reason=no_cache
1787350915.462 [STATIC_AVOID] obs_id=- obs_dist=-m obs_s=- ego_s=25.99 side=- | left_clearance=- right_clearance=- candidate_valid=false rung=- pre_dist=-m | cache_used=false path_age=- path_points=0 planning_time_ms=0.1 | reason=no_static_obstacle_in_range | cache_reason=no_cache
1787350915.963 [STATIC_AVOID] obs_id=- obs_dist=-m obs_s=- ego_s=26.46 side=- | left_clearance=- right_clearance=- candidate_valid=false rung=- pre_dist=-m | cache_used=false path_age=- path_points=0 planning_time_ms=0.1 | reason=no_static_obstacle_in_range | cache_reason=no_cache
1787350916.603 [STATIC_AVOID] obs_id=226 obs_dist=3.65m obs_s=31.86 ego_s=28.21 side=RIGHT | left_clearance=-0.02 right_clearance=0.21 candidate_valid=true rung=2 pre_dist=3.65m | cache_used=false path_age=0.000 path_points=111 planning_time_ms=31.7
1787350917.163 [STATIC_AVOID] obs_id=- obs_dist=-m obs_s=- ego_s=29.63 side=- | left_clearance=- right_clearance=- candidate_valid=false rung=- pre_dist=-m | cache_used=false path_age=- path_points=0 planning_time_ms=0.1 | reason=no_static_obstacle_in_range | cache_reason=no_cache
1787350917.664 [STATIC_AVOID] obs_id=- obs_dist=-m obs_s=- ego_s=31.03 side=- | left_clearance=- right_clearance=- candidate_valid=false rung=- pre_dist=-m | cache_used=false path_age=- path_points=0 planning_time_ms=0.1 | reason=no_static_obstacle_in_range | cache_reason=no_cache
1787350918.167 [STATIC_AVOID] obs_id=- obs_dist=-m obs_s=- ego_s=31.75 side=- | left_clearance=- right_clearance=- candidate_valid=false rung=- pre_dist=-m | cache_used=false path_age=- path_points=0 planning_time_ms=0.1 | reason=no_static_obstacle_in_range | cache_reason=no_cache
1787350918.761 [STATIC_AVOID] obs_id=- obs_dist=-m obs_s=- ego_s=32.42 side=- | left_clearance=- right_clearance=- candidate_valid=false rung=- pre_dist=-m | cache_used=false path_age=- path_points=0 planning_time_ms=0.1 | reason=no_static_obstacle_in_range | cache_reason=no_cache
1787350919.366 [STATIC_AVOID] obs_id=- obs_dist=-m obs_s=- ego_s=33.29 side=- | left_clearance=- right_clearance=- candidate_valid=false rung=- pre_dist=-m | cache_used=false path_age=- path_points=0 planning_time_ms=0.8 | reason=no_static_obstacle_in_range | cache_reason=no_cache
1787350919.961 [STATIC_AVOID] obs_id=- obs_dist=-m obs_s=- ego_s=34.67 side=- | left_clearance=- right_clearance=- candidate_valid=false rung=- pre_dist=-m | cache_used=false path_age=- path_points=0 planning_time_ms=0.1 | reason=no_static_obstacle_in_range | cache_reason=no_cache
1787350920.465 [STATIC_AVOID] obs_id=- obs_dist=-m obs_s=- ego_s=35.90 side=- | left_clearance=- right_clearance=- candidate_valid=false rung=- pre_dist=-m | cache_used=false path_age=- path_points=0 planning_time_ms=0.1 | reason=no_static_obstacle_in_range | cache_reason=no_cache
1787350921.076 [STATIC_AVOID] obs_id=- obs_dist=-m obs_s=- ego_s=38.05 side=- | left_clearance=- right_clearance=- candidate_valid=false rung=- pre_dist=-m | cache_used=false path_age=- path_points=0 planning_time_ms=2.0 | reason=no_static_obstacle_in_range | cache_reason=no_cache
1787350921.588 [STATIC_AVOID] obs_id=- obs_dist=-m obs_s=- ego_s=0.04 side=- | left_clearance=- right_clearance=- candidate_valid=false rung=- pre_dist=-m | cache_used=false path_age=- path_points=0 planning_time_ms=2.0 | reason=no_static_obstacle_in_range | cache_reason=no_cache
1787350922.163 [STATIC_AVOID] obs_id=- obs_dist=-m obs_s=- ego_s=2.20 side=- | left_clearance=- right_clearance=- candidate_valid=false rung=- pre_dist=-m | cache_used=false path_age=- path_points=0 planning_time_ms=0.2 | reason=no_static_obstacle_in_range | cache_reason=no_cache
1787350922.771 [STATIC_AVOID] obs_id=- obs_dist=-m obs_s=- ego_s=4.93 side=- | left_clearance=- right_clearance=- candidate_valid=false rung=- pre_dist=-m | cache_used=false path_age=- path_points=0 planning_time_ms=0.2 | reason=no_static_obstacle_in_range | cache_reason=no_cache
1787350923.361 [STATIC_AVOID] obs_id=- obs_dist=-m obs_s=- ego_s=5.87 side=- | left_clearance=- right_clearance=- candidate_valid=false rung=- pre_dist=-m | cache_used=false path_age=- path_points=0 planning_time_ms=0.1 | reason=no_static_obstacle_in_range | cache_reason=no_cache
1787350923.863 [STATIC_AVOID] obs_id=- obs_dist=-m obs_s=- ego_s=6.34 side=- | left_clearance=- right_clearance=- candidate_valid=false rung=- pre_dist=-m | cache_used=false path_age=- path_points=0 planning_time_ms=0.1 | reason=no_static_obstacle_in_range | cache_reason=no_cache
1787350924.367 [STATIC_AVOID] obs_id=- obs_dist=-m obs_s=- ego_s=6.64 side=- | left_clearance=- right_clearance=- candidate_valid=false rung=- pre_dist=-m | cache_used=false path_age=- path_points=0 planning_time_ms=0.1 | reason=no_static_obstacle_in_range | cache_reason=no_cache
1787350924.970 [STATIC_AVOID] obs_id=- obs_dist=-m obs_s=- ego_s=7.43 side=- | left_clearance=- right_clearance=- candidate_valid=false rung=- pre_dist=-m | cache_used=false path_age=- path_points=0 planning_time_ms=0.2 | reason=no_static_obstacle_in_range | cache_reason=no_cache
1787350925.565 [STATIC_AVOID] obs_id=- obs_dist=-m obs_s=- ego_s=8.28 side=- | left_clearance=- right_clearance=- candidate_valid=false rung=- pre_dist=-m | cache_used=false path_age=- path_points=0 planning_time_ms=0.1 | reason=no_static_obstacle_in_range | cache_reason=no_cache
1787350926.165 [STATIC_AVOID] obs_id=- obs_dist=-m obs_s=- ego_s=9.18 side=- | left_clearance=- right_clearance=- candidate_valid=false rung=- pre_dist=-m | cache_used=false path_age=- path_points=0 planning_time_ms=0.1 | reason=no_static_obstacle_in_range | cache_reason=no_cache
1787350926.761 [STATIC_AVOID] obs_id=- obs_dist=-m obs_s=- ego_s=9.95 side=- | left_clearance=- right_clearance=- candidate_valid=false rung=- pre_dist=-m | cache_used=false path_age=- path_points=0 planning_time_ms=0.1 | reason=no_static_obstacle_in_range | cache_reason=no_cache
1787350927.270 [STATIC_AVOID] obs_id=- obs_dist=-m obs_s=- ego_s=10.63 side=- | left_clearance=- right_clearance=- candidate_valid=false rung=- pre_dist=-m | cache_used=false path_age=- path_points=0 planning_time_ms=0.2 | reason=no_static_obstacle_in_range | cache_reason=no_cache
1787350927.861 [STATIC_AVOID] obs_id=- obs_dist=-m obs_s=- ego_s=11.40 side=- | left_clearance=- right_clearance=- candidate_valid=false rung=- pre_dist=-m | cache_used=false path_age=- path_points=0 planning_time_ms=0.1 | reason=no_static_obstacle_in_range | cache_reason=no_cache
1787350928.364 [STATIC_AVOID] obs_id=- obs_dist=-m obs_s=- ego_s=11.99 side=- | left_clearance=- right_clearance=- candidate_valid=false rung=- pre_dist=-m | cache_used=false path_age=- path_points=0 planning_time_ms=0.1 | reason=no_static_obstacle_in_range | cache_reason=no_cache
1787350928.963 [STATIC_AVOID] obs_id=- obs_dist=-m obs_s=- ego_s=12.85 side=- | left_clearance=- right_clearance=- candidate_valid=false rung=- pre_dist=-m | cache_used=false path_age=- path_points=0 planning_time_ms=0.1 | reason=no_static_obstacle_in_range | cache_reason=no_cache
1787350929.563 [STATIC_AVOID] obs_id=- obs_dist=-m obs_s=- ego_s=13.82 side=- | left_clearance=- right_clearance=- candidate_valid=false rung=- pre_dist=-m | cache_used=false path_age=- path_points=0 planning_time_ms=0.1 | reason=no_static_obstacle_in_range | cache_reason=no_cache
1787350930.164 [STATIC_AVOID] obs_id=- obs_dist=-m obs_s=- ego_s=14.59 side=- | left_clearance=- right_clearance=- candidate_valid=false rung=- pre_dist=-m | cache_used=false path_age=- path_points=0 planning_time_ms=0.1 | reason=no_static_obstacle_in_range | cache_reason=no_cache
1787350930.763 [STATIC_AVOID] obs_id=- obs_dist=-m obs_s=- ego_s=15.38 side=- | left_clearance=- right_clearance=- candidate_valid=false rung=- pre_dist=-m | cache_used=false path_age=- path_points=0 planning_time_ms=0.1 | reason=no_static_obstacle_in_range | cache_reason=no_cache
1787350931.365 [STATIC_AVOID] obs_id=- obs_dist=-m obs_s=- ego_s=16.07 side=- | left_clearance=- right_clearance=- candidate_valid=false rung=- pre_dist=-m | cache_used=false path_age=- path_points=0 planning_time_ms=0.1 | reason=no_static_obstacle_in_range | cache_reason=no_cache
1787350931.961 [STATIC_AVOID] obs_id=- obs_dist=-m obs_s=- ego_s=16.78 side=- | left_clearance=- right_clearance=- candidate_valid=false rung=- pre_dist=-m | cache_used=false path_age=- path_points=0 planning_time_ms=0.1 | reason=no_static_obstacle_in_range | cache_reason=no_cache
1787350932.562 [STATIC_AVOID] obs_id=- obs_dist=-m obs_s=- ego_s=17.16 side=- | left_clearance=- right_clearance=- candidate_valid=false rung=- pre_dist=-m | cache_used=false path_age=- path_points=0 planning_time_ms=0.1 | reason=no_static_obstacle_in_range | cache_reason=no_cache
1787350933.063 [STATIC_AVOID] obs_id=- obs_dist=-m obs_s=- ego_s=17.62 side=- | left_clearance=- right_clearance=- candidate_valid=false rung=- pre_dist=-m | cache_used=false path_age=- path_points=0 planning_time_ms=0.1 | reason=no_static_obstacle_in_range | cache_reason=no_cache
1787350933.664 [STATIC_AVOID] obs_id=- obs_dist=-m obs_s=- ego_s=18.55 side=- | left_clearance=- right_clearance=- candidate_valid=false rung=- pre_dist=-m | cache_used=false path_age=- path_points=0 planning_time_ms=0.1 | reason=no_static_obstacle_in_range | cache_reason=no_cache
1787350934.267 [STATIC_AVOID] obs_id=- obs_dist=-m obs_s=- ego_s=19.55 side=- | left_clearance=- right_clearance=- candidate_valid=false rung=- pre_dist=-m | cache_used=false path_age=- path_points=0 planning_time_ms=0.1 | reason=no_static_obstacle_in_range | cache_reason=no_cache
1787350934.861 [STATIC_AVOID] obs_id=- obs_dist=-m obs_s=- ego_s=20.50 side=- | left_clearance=- right_clearance=- candidate_valid=false rung=- pre_dist=-m | cache_used=false path_age=- path_points=0 planning_time_ms=0.1 | reason=no_static_obstacle_in_range | cache_reason=no_cache
1787350935.461 [STATIC_AVOID] obs_id=- obs_dist=-m obs_s=- ego_s=21.77 side=- | left_clearance=- right_clearance=- candidate_valid=false rung=- pre_dist=-m | cache_used=false path_age=- path_points=0 planning_time_ms=0.1 | reason=no_static_obstacle_in_range | cache_reason=no_cache
1787350935.961 [STATIC_AVOID] obs_id=- obs_dist=-m obs_s=- ego_s=22.52 side=- | left_clearance=- right_clearance=- candidate_valid=false rung=- pre_dist=-m | cache_used=false path_age=- path_points=0 planning_time_ms=0.5 | reason=no_static_obstacle_in_range | cache_reason=no_cache
1787350936.562 [STATIC_AVOID] obs_id=- obs_dist=-m obs_s=- ego_s=23.30 side=- | left_clearance=- right_clearance=- candidate_valid=false rung=- pre_dist=-m | cache_used=false path_age=- path_points=0 planning_time_ms=0.1 | reason=no_static_obstacle_in_range | cache_reason=no_cache
1787350937.068 [STATIC_AVOID] obs_id=- obs_dist=-m obs_s=- ego_s=24.40 side=- | left_clearance=- right_clearance=- candidate_valid=false rung=- pre_dist=-m | cache_used=false path_age=- path_points=0 planning_time_ms=0.1 | reason=no_static_obstacle_in_range | cache_reason=no_cache
1787350937.661 [STATIC_AVOID] obs_id=- obs_dist=-m obs_s=- ego_s=26.22 side=- | left_clearance=- right_clearance=- candidate_valid=false rung=- pre_dist=-m | cache_used=false path_age=- path_points=0 planning_time_ms=0.1 | reason=no_static_obstacle_in_range | cache_reason=no_cache
1787350938.163 [STATIC_AVOID] obs_id=- obs_dist=-m obs_s=- ego_s=26.73 side=- | left_clearance=- right_clearance=- candidate_valid=false rung=- pre_dist=-m | cache_used=false path_age=- path_points=0 planning_time_ms=0.1 | reason=no_static_obstacle_in_range | cache_reason=no_cache
1787350938.667 [STATIC_AVOID] obs_id=- obs_dist=-m obs_s=- ego_s=27.22 side=- | left_clearance=- right_clearance=- candidate_valid=false rung=- pre_dist=-m | cache_used=false path_age=- path_points=0 planning_time_ms=0.6 | reason=no_static_obstacle_in_range | cache_reason=no_cache
1787350939.277 [STATIC_AVOID] obs_id=- obs_dist=-m obs_s=- ego_s=28.13 side=- | left_clearance=- right_clearance=- candidate_valid=false rung=- pre_dist=-m | cache_used=false path_age=- path_points=0 planning_time_ms=0.1 | reason=no_static_obstacle_in_range | cache_reason=no_cache
1787350939.864 [STATIC_AVOID] obs_id=- obs_dist=-m obs_s=- ego_s=28.73 side=- | left_clearance=- right_clearance=- candidate_valid=false rung=- pre_dist=-m | cache_used=false path_age=- path_points=0 planning_time_ms=0.1 | reason=no_static_obstacle_in_range | cache_reason=no_cache
1787350940.464 [STATIC_AVOID] obs_id=- obs_dist=-m obs_s=- ego_s=29.74 side=- | left_clearance=- right_clearance=- candidate_valid=false rung=- pre_dist=-m | cache_used=false path_age=- path_points=0 planning_time_ms=0.1 | reason=no_static_obstacle_in_range | cache_reason=no_cache
1787350941.067 [STATIC_AVOID] obs_id=- obs_dist=-m obs_s=- ego_s=30.68 side=- | left_clearance=- right_clearance=- candidate_valid=false rung=- pre_dist=-m | cache_used=false path_age=- path_points=0 planning_time_ms=0.1 | reason=no_static_obstacle_in_range | cache_reason=no_cache
1787350941.661 [STATIC_AVOID] obs_id=- obs_dist=-m obs_s=- ego_s=31.16 side=- | left_clearance=- right_clearance=- candidate_valid=false rung=- pre_dist=-m | cache_used=false path_age=- path_points=0 planning_time_ms=0.1 | reason=no_static_obstacle_in_range | cache_reason=no_cache
1787350942.262 [STATIC_AVOID] obs_id=- obs_dist=-m obs_s=- ego_s=31.64 side=- | left_clearance=- right_clearance=- candidate_valid=false rung=- pre_dist=-m | cache_used=false path_age=- path_points=0 planning_time_ms=0.2 | reason=no_static_obstacle_in_range | cache_reason=no_cache
1787350942.778 [STATIC_AVOID] obs_id=245 obs_dist=1.44m obs_s=33.57 ego_s=32.13 side=LEFT | left_clearance=-0.00 right_clearance=-0.03 candidate_valid=true rung=0 pre_dist=2.11m | cache_used=false path_age=0.000 path_points=101 planning_time_ms=17.3
1787350943.286 [STATIC_AVOID] obs_id=245 obs_dist=0.73m obs_s=33.57 ego_s=32.84 side=LEFT | left_clearance=-0.00 right_clearance=-0.03 candidate_valid=false rung=- pre_dist=2.11m | cache_used=true path_age=0.124 path_points=101 planning_time_ms=20.8 | reason=obstacle_clearance
1787350943.865 [STATIC_AVOID] obs_id=245 obs_dist=-0.39m obs_s=33.57 ego_s=33.96 side=LEFT | left_clearance=-0.00 right_clearance=-0.03 candidate_valid=true rung=0 pre_dist=3.00m | cache_used=false path_age=0.000 path_points=101 planning_time_ms=4.3
1787350944.461 [STATIC_AVOID] obs_id=- obs_dist=-m obs_s=- ego_s=34.79 side=- | left_clearance=- right_clearance=- candidate_valid=false rung=- pre_dist=-m | cache_used=false path_age=- path_points=0 planning_time_ms=0.1 | reason=no_static_obstacle_in_range | cache_reason=no_cache
1787350944.963 [STATIC_AVOID] obs_id=- obs_dist=-m obs_s=- ego_s=35.93 side=- | left_clearance=- right_clearance=- candidate_valid=false rung=- pre_dist=-m | cache_used=false path_age=- path_points=0 planning_time_ms=0.1 | reason=no_static_obstacle_in_range | cache_reason=no_cache
1787350945.561 [STATIC_AVOID] obs_id=- obs_dist=-m obs_s=- ego_s=37.51 side=- | left_clearance=- right_clearance=- candidate_valid=false rung=- pre_dist=-m | cache_used=false path_age=- path_points=0 planning_time_ms=0.1 | reason=no_static_obstacle_in_range | cache_reason=no_cache
1787350946.063 [STATIC_AVOID] obs_id=- obs_dist=-m obs_s=- ego_s=38.70 side=- | left_clearance=- right_clearance=- candidate_valid=false rung=- pre_dist=-m | cache_used=false path_age=- path_points=0 planning_time_ms=0.1 | reason=no_static_obstacle_in_range | cache_reason=no_cache
1787350946.669 [STATIC_AVOID] obs_id=- obs_dist=-m obs_s=- ego_s=0.19 side=- | left_clearance=- right_clearance=- candidate_valid=false rung=- pre_dist=-m | cache_used=false path_age=- path_points=0 planning_time_ms=0.4 | reason=no_static_obstacle_in_range | cache_reason=no_cache
1787350947.261 [STATIC_AVOID] obs_id=- obs_dist=-m obs_s=- ego_s=1.66 side=- | left_clearance=- right_clearance=- candidate_valid=false rung=- pre_dist=-m | cache_used=false path_age=- path_points=0 planning_time_ms=0.1 | reason=no_static_obstacle_in_range | cache_reason=no_cache
1787350947.768 [STATIC_AVOID] obs_id=- obs_dist=-m obs_s=- ego_s=2.80 side=- | left_clearance=- right_clearance=- candidate_valid=false rung=- pre_dist=-m | cache_used=false path_age=- path_points=0 planning_time_ms=0.1 | reason=no_static_obstacle_in_range | cache_reason=no_cache
1787350948.277 [STATIC_AVOID] obs_id=- obs_dist=-m obs_s=- ego_s=3.79 side=- | left_clearance=- right_clearance=- candidate_valid=false rung=- pre_dist=-m | cache_used=false path_age=- path_points=0 planning_time_ms=0.1 | reason=no_static_obstacle_in_range | cache_reason=no_cache
1787350948.863 [STATIC_AVOID] obs_id=- obs_dist=-m obs_s=- ego_s=4.63 side=- | left_clearance=- right_clearance=- candidate_valid=false rung=- pre_dist=-m | cache_used=false path_age=- path_points=0 planning_time_ms=0.1 | reason=no_static_obstacle_in_range | cache_reason=no_cache
1787350949.462 [STATIC_AVOID] obs_id=- obs_dist=-m obs_s=- ego_s=5.66 side=- | left_clearance=- right_clearance=- candidate_valid=false rung=- pre_dist=-m | cache_used=false path_age=- path_points=0 planning_time_ms=0.1 | reason=no_static_obstacle_in_range | cache_reason=no_cache
1787350950.062 [STATIC_AVOID] obs_id=- obs_dist=-m obs_s=- ego_s=6.61 side=- | left_clearance=- right_clearance=- candidate_valid=false rung=- pre_dist=-m | cache_used=false path_age=- path_points=0 planning_time_ms=0.1 | reason=no_static_obstacle_in_range | cache_reason=no_cache
1787350950.563 [STATIC_AVOID] obs_id=- obs_dist=-m obs_s=- ego_s=7.47 side=- | left_clearance=- right_clearance=- candidate_valid=false rung=- pre_dist=-m | cache_used=false path_age=- path_points=0 planning_time_ms=0.1 | reason=no_static_obstacle_in_range | cache_reason=no_cache
1787350951.064 [STATIC_AVOID] obs_id=- obs_dist=-m obs_s=- ego_s=8.29 side=- | left_clearance=- right_clearance=- candidate_valid=false rung=- pre_dist=-m | cache_used=false path_age=- path_points=0 planning_time_ms=0.1 | reason=no_static_obstacle_in_range | cache_reason=no_cache
1787350951.568 [STATIC_AVOID] obs_id=- obs_dist=-m obs_s=- ego_s=8.99 side=- | left_clearance=- right_clearance=- candidate_valid=false rung=- pre_dist=-m | cache_used=false path_age=- path_points=0 planning_time_ms=1.3 | reason=no_static_obstacle_in_range | cache_reason=no_cache
1787350952.161 [STATIC_AVOID] obs_id=- obs_dist=-m obs_s=- ego_s=10.54 side=- | left_clearance=- right_clearance=- candidate_valid=false rung=- pre_dist=-m | cache_used=false path_age=- path_points=0 planning_time_ms=0.1 | reason=no_static_obstacle_in_range | cache_reason=no_cache
1787350952.661 [STATIC_AVOID] obs_id=- obs_dist=-m obs_s=- ego_s=11.49 side=- | left_clearance=- right_clearance=- candidate_valid=false rung=- pre_dist=-m | cache_used=false path_age=- path_points=0 planning_time_ms=0.1 | reason=no_static_obstacle_in_range | cache_reason=no_cache
1787350953.172 [STATIC_AVOID] obs_id=- obs_dist=-m obs_s=- ego_s=12.12 side=- | left_clearance=- right_clearance=- candidate_valid=false rung=- pre_dist=-m | cache_used=false path_age=- path_points=0 planning_time_ms=0.1 | reason=no_static_obstacle_in_range | cache_reason=no_cache
1787350953.761 [STATIC_AVOID] obs_id=- obs_dist=-m obs_s=- ego_s=13.32 side=- | left_clearance=- right_clearance=- candidate_valid=false rung=- pre_dist=-m | cache_used=false path_age=- path_points=0 planning_time_ms=0.1 | reason=no_static_obstacle_in_range | cache_reason=no_cache
1787350954.264 [STATIC_AVOID] obs_id=- obs_dist=-m obs_s=- ego_s=14.11 side=- | left_clearance=- right_clearance=- candidate_valid=false rung=- pre_dist=-m | cache_used=false path_age=- path_points=0 planning_time_ms=0.1 | reason=no_static_obstacle_in_range | cache_reason=no_cache
1787350954.764 [STATIC_AVOID] obs_id=- obs_dist=-m obs_s=- ego_s=14.78 side=- | left_clearance=- right_clearance=- candidate_valid=false rung=- pre_dist=-m | cache_used=false path_age=- path_points=0 planning_time_ms=0.1 | reason=no_static_obstacle_in_range | cache_reason=no_cache
1787350955.363 [STATIC_AVOID] obs_id=- obs_dist=-m obs_s=- ego_s=15.09 side=- | left_clearance=- right_clearance=- candidate_valid=false rung=- pre_dist=-m | cache_used=false path_age=- path_points=0 planning_time_ms=0.2 | reason=no_static_obstacle_in_range | cache_reason=no_cache
1787350955.867 [STATIC_AVOID] obs_id=- obs_dist=-m obs_s=- ego_s=15.70 side=- | left_clearance=- right_clearance=- candidate_valid=false rung=- pre_dist=-m | cache_used=false path_age=- path_points=0 planning_time_ms=0.1 | reason=no_static_obstacle_in_range | cache_reason=no_cache
1787350956.463 [STATIC_AVOID] obs_id=- obs_dist=-m obs_s=- ego_s=16.03 side=- | left_clearance=- right_clearance=- candidate_valid=false rung=- pre_dist=-m | cache_used=false path_age=- path_points=0 planning_time_ms=0.1 | reason=no_static_obstacle_in_range | cache_reason=no_cache
1787350957.071 [STATIC_AVOID] obs_id=- obs_dist=-m obs_s=- ego_s=16.79 side=- | left_clearance=- right_clearance=- candidate_valid=false rung=- pre_dist=-m | cache_used=false path_age=- path_points=0 planning_time_ms=0.1 | reason=no_static_obstacle_in_range | cache_reason=no_cache
1787350957.661 [STATIC_AVOID] obs_id=- obs_dist=-m obs_s=- ego_s=17.28 side=- | left_clearance=- right_clearance=- candidate_valid=false rung=- pre_dist=-m | cache_used=false path_age=- path_points=0 planning_time_ms=0.1 | reason=no_static_obstacle_in_range | cache_reason=no_cache
1787350958.168 [STATIC_AVOID] obs_id=- obs_dist=-m obs_s=- ego_s=17.82 side=- | left_clearance=- right_clearance=- candidate_valid=false rung=- pre_dist=-m | cache_used=false path_age=- path_points=0 planning_time_ms=0.1 | reason=no_static_obstacle_in_range | cache_reason=no_cache
1787350958.761 [STATIC_AVOID] obs_id=- obs_dist=-m obs_s=- ego_s=18.84 side=- | left_clearance=- right_clearance=- candidate_valid=false rung=- pre_dist=-m | cache_used=false path_age=- path_points=0 planning_time_ms=0.1 | reason=no_static_obstacle_in_range | cache_reason=no_cache
1787350959.363 [STATIC_AVOID] obs_id=- obs_dist=-m obs_s=- ego_s=19.74 side=- | left_clearance=- right_clearance=- candidate_valid=false rung=- pre_dist=-m | cache_used=false path_age=- path_points=0 planning_time_ms=0.1 | reason=no_static_obstacle_in_range | cache_reason=no_cache
1787350959.961 [STATIC_AVOID] obs_id=- obs_dist=-m obs_s=- ego_s=20.76 side=- | left_clearance=- right_clearance=- candidate_valid=false rung=- pre_dist=-m | cache_used=false path_age=- path_points=0 planning_time_ms=0.1 | reason=no_static_obstacle_in_range | cache_reason=no_cache
1787350960.569 [STATIC_AVOID] obs_id=- obs_dist=-m obs_s=- ego_s=22.21 side=- | left_clearance=- right_clearance=- candidate_valid=false rung=- pre_dist=-m | cache_used=false path_age=- path_points=0 planning_time_ms=0.1 | reason=no_static_obstacle_in_range | cache_reason=no_cache
1787350961.161 [STATIC_AVOID] obs_id=- obs_dist=-m obs_s=- ego_s=22.88 side=- | left_clearance=- right_clearance=- candidate_valid=false rung=- pre_dist=-m | cache_used=false path_age=- path_points=0 planning_time_ms=0.1 | reason=no_static_obstacle_in_range | cache_reason=no_cache
1787350961.767 [STATIC_AVOID] obs_id=- obs_dist=-m obs_s=- ego_s=24.29 side=- | left_clearance=- right_clearance=- candidate_valid=false rung=- pre_dist=-m | cache_used=false path_age=- path_points=0 planning_time_ms=0.1 | reason=no_static_obstacle_in_range | cache_reason=no_cache
1787350962.361 [STATIC_AVOID] obs_id=- obs_dist=-m obs_s=- ego_s=25.49 side=- | left_clearance=- right_clearance=- candidate_valid=false rung=- pre_dist=-m | cache_used=false path_age=- path_points=0 planning_time_ms=0.1 | reason=no_static_obstacle_in_range | cache_reason=no_cache
1787350962.863 [STATIC_AVOID] obs_id=- obs_dist=-m obs_s=- ego_s=26.54 side=- | left_clearance=- right_clearance=- candidate_valid=false rung=- pre_dist=-m | cache_used=false path_age=- path_points=0 planning_time_ms=0.1 | reason=no_static_obstacle_in_range | cache_reason=no_cache
1787350963.461 [STATIC_AVOID] obs_id=- obs_dist=-m obs_s=- ego_s=27.14 side=- | left_clearance=- right_clearance=- candidate_valid=false rung=- pre_dist=-m | cache_used=false path_age=- path_points=0 planning_time_ms=0.1 | reason=no_static_obstacle_in_range | cache_reason=no_cache
1787350963.962 [STATIC_AVOID] obs_id=- obs_dist=-m obs_s=- ego_s=27.72 side=- | left_clearance=- right_clearance=- candidate_valid=false rung=- pre_dist=-m | cache_used=false path_age=- path_points=0 planning_time_ms=0.1 | reason=no_static_obstacle_in_range | cache_reason=no_cache
1787350964.463 [STATIC_AVOID] obs_id=- obs_dist=-m obs_s=- ego_s=28.39 side=- | left_clearance=- right_clearance=- candidate_valid=false rung=- pre_dist=-m | cache_used=false path_age=- path_points=0 planning_time_ms=0.1 | reason=no_static_obstacle_in_range | cache_reason=no_cache
1787350965.067 [STATIC_AVOID] obs_id=- obs_dist=-m obs_s=- ego_s=29.01 side=- | left_clearance=- right_clearance=- candidate_valid=false rung=- pre_dist=-m | cache_used=false path_age=- path_points=0 planning_time_ms=0.1 | reason=no_static_obstacle_in_range | cache_reason=no_cache
1787350965.671 [STATIC_AVOID] obs_id=- obs_dist=-m obs_s=- ego_s=29.77 side=- | left_clearance=- right_clearance=- candidate_valid=false rung=- pre_dist=-m | cache_used=false path_age=- path_points=0 planning_time_ms=0.1 | reason=no_static_obstacle_in_range | cache_reason=no_cache
1787350966.261 [STATIC_AVOID] obs_id=- obs_dist=-m obs_s=- ego_s=30.16 side=- | left_clearance=- right_clearance=- candidate_valid=false rung=- pre_dist=-m | cache_used=false path_age=- path_points=0 planning_time_ms=0.1 | reason=no_static_obstacle_in_range | cache_reason=no_cache
1787350966.765 [STATIC_AVOID] obs_id=- obs_dist=-m obs_s=- ego_s=30.70 side=- | left_clearance=- right_clearance=- candidate_valid=false rung=- pre_dist=-m | cache_used=false path_age=- path_points=0 planning_time_ms=0.1 | reason=no_static_obstacle_in_range | cache_reason=no_cache
1787350967.362 [STATIC_AVOID] obs_id=- obs_dist=-m obs_s=- ego_s=31.44 side=- | left_clearance=- right_clearance=- candidate_valid=false rung=- pre_dist=-m | cache_used=false path_age=- path_points=0 planning_time_ms=0.1 | reason=no_static_obstacle_in_range | cache_reason=no_cache
1787350967.862 [STATIC_AVOID] obs_id=- obs_dist=-m obs_s=- ego_s=31.95 side=- | left_clearance=- right_clearance=- candidate_valid=false rung=- pre_dist=-m | cache_used=false path_age=- path_points=0 planning_time_ms=0.1 | reason=no_static_obstacle_in_range | cache_reason=no_cache
1787350968.461 [STATIC_AVOID] obs_id=- obs_dist=-m obs_s=- ego_s=32.84 side=- | left_clearance=- right_clearance=- candidate_valid=false rung=- pre_dist=-m | cache_used=false path_age=- path_points=0 planning_time_ms=0.1 | reason=no_static_obstacle_in_range | cache_reason=no_cache
1787350968.966 [STATIC_AVOID] obs_id=- obs_dist=-m obs_s=- ego_s=33.60 side=- | left_clearance=- right_clearance=- candidate_valid=false rung=- pre_dist=-m | cache_used=false path_age=- path_points=0 planning_time_ms=0.1 | reason=no_static_obstacle_in_range | cache_reason=no_cache
1787350969.565 [STATIC_AVOID] obs_id=- obs_dist=-m obs_s=- ego_s=34.35 side=- | left_clearance=- right_clearance=- candidate_valid=false rung=- pre_dist=-m | cache_used=false path_age=- path_points=0 planning_time_ms=0.1 | reason=no_static_obstacle_in_range | cache_reason=no_cache
1787350970.165 [STATIC_AVOID] obs_id=- obs_dist=-m obs_s=- ego_s=35.60 side=- | left_clearance=- right_clearance=- candidate_valid=false rung=- pre_dist=-m | cache_used=false path_age=- path_points=0 planning_time_ms=0.1 | reason=no_static_obstacle_in_range | cache_reason=no_cache
1787350970.763 [STATIC_AVOID] obs_id=- obs_dist=-m obs_s=- ego_s=36.75 side=- | left_clearance=- right_clearance=- candidate_valid=false rung=- pre_dist=-m | cache_used=false path_age=- path_points=0 planning_time_ms=0.1 | reason=no_static_obstacle_in_range | cache_reason=no_cache
1787350971.264 [STATIC_AVOID] obs_id=- obs_dist=-m obs_s=- ego_s=38.31 side=- | left_clearance=- right_clearance=- candidate_valid=false rung=- pre_dist=-m | cache_used=false path_age=- path_points=0 planning_time_ms=0.1 | reason=no_static_obstacle_in_range | cache_reason=no_cache
1787350971.770 [STATIC_AVOID] obs_id=- obs_dist=-m obs_s=- ego_s=0.23 side=- | left_clearance=- right_clearance=- candidate_valid=false rung=- pre_dist=-m | cache_used=false path_age=- path_points=0 planning_time_ms=0.1 | reason=no_static_obstacle_in_range | cache_reason=no_cache
1787350972.275 [STATIC_AVOID] obs_id=- obs_dist=-m obs_s=- ego_s=2.25 side=- | left_clearance=- right_clearance=- candidate_valid=false rung=- pre_dist=-m | cache_used=false path_age=- path_points=0 planning_time_ms=0.1 | reason=no_static_obstacle_in_range | cache_reason=no_cache
1787350972.867 [STATIC_AVOID] obs_id=- obs_dist=-m obs_s=- ego_s=4.98 side=- | left_clearance=- right_clearance=- candidate_valid=false rung=- pre_dist=-m | cache_used=false path_age=- path_points=0 planning_time_ms=0.1 | reason=no_static_obstacle_in_range | cache_reason=no_cache
1787350973.463 [STATIC_AVOID] obs_id=- obs_dist=-m obs_s=- ego_s=6.42 side=- | left_clearance=- right_clearance=- candidate_valid=false rung=- pre_dist=-m | cache_used=false path_age=- path_points=0 planning_time_ms=0.1 | reason=no_static_obstacle_in_range | cache_reason=no_cache
1787350973.968 [STATIC_AVOID] obs_id=- obs_dist=-m obs_s=- ego_s=6.84 side=- | left_clearance=- right_clearance=- candidate_valid=false rung=- pre_dist=-m | cache_used=false path_age=- path_points=0 planning_time_ms=0.2 | reason=no_static_obstacle_in_range | cache_reason=no_cache
1787350974.565 [STATIC_AVOID] obs_id=271 obs_dist=0.87m obs_s=7.60 ego_s=6.72 side=RIGHT | left_clearance=0.06 right_clearance=0.09 candidate_valid=true rung=0 pre_dist=2.14m | cache_used=false path_age=0.000 path_points=101 planning_time_ms=3.8
1787350975.067 [STATIC_AVOID] obs_id=271 obs_dist=0.89m obs_s=7.60 ego_s=6.71 side=RIGHT | left_clearance=0.06 right_clearance=0.04 candidate_valid=true rung=1 pre_dist=2.00m | cache_used=false path_age=0.000 path_points=101 planning_time_ms=5.9
1787350975.581 [STATIC_AVOID] obs_id=271 obs_dist=0.76m obs_s=7.60 ego_s=6.84 side=RIGHT | left_clearance=0.06 right_clearance=0.14 candidate_valid=true rung=0 pre_dist=2.00m | cache_used=false path_age=0.000 path_points=101 planning_time_ms=18.1
1787350976.166 [STATIC_AVOID] obs_id=271 obs_dist=0.78m obs_s=7.60 ego_s=6.82 side=RIGHT | left_clearance=0.06 right_clearance=0.14 candidate_valid=true rung=0 pre_dist=2.00m | cache_used=false path_age=0.000 path_points=101 planning_time_ms=5.2
1787350976.762 [STATIC_AVOID] obs_id=- obs_dist=-m obs_s=- ego_s=6.81 side=- | left_clearance=- right_clearance=- candidate_valid=false rung=- pre_dist=-m | cache_used=false path_age=- path_points=0 planning_time_ms=0.1 | reason=no_static_obstacle_in_range | cache_reason=no_cache
