# state_machine debug log started 20260816_173700  map='0815test3'
1786869428.767 [OBSTACLES] cur_s=7.68 cur_d=0.51 vs=0.00 n=0 [none]
1786869428.767 [STATE_CHANGE] None -> LOSTLINE src=GB_TRACK s=7.68 d=0.51 vs=0.00
1786869429.320 [OBSTACLES] cur_s=7.68 cur_d=0.51 vs=0.00 n=0 [none]
1786869429.381 [STATE_CHANGE] LOSTLINE -> RECOVERY src=RECOVERY s=7.68 d=0.51 vs=0.00
1786869429.848 [OBSTACLES] cur_s=7.69 cur_d=0.51 vs=0.00 n=0 [none]
1786869430.383 [OBSTACLES] cur_s=7.69 cur_d=0.51 vs=0.00 n=0 [none]
1786869430.907 [OBSTACLES] cur_s=7.68 cur_d=0.51 vs=0.00 n=0 [none]
1786869431.431 [OBSTACLES] cur_s=7.68 cur_d=0.51 vs=0.00 n=0 [none]
1786869431.954 [OBSTACLES] cur_s=7.68 cur_d=0.51 vs=0.00 n=0 [none]
1786869432.509 [OBSTACLES] cur_s=7.68 cur_d=0.51 vs=0.00 n=0 [none]
1786869433.025 [OBSTACLES] cur_s=7.68 cur_d=0.51 vs=0.00 n=0 [none]
1786869433.537 [OBSTACLES] cur_s=7.68 cur_d=0.51 vs=0.00 n=0 [none]
1786869434.084 [OBSTACLES] cur_s=7.68 cur_d=0.51 vs=0.00 n=0 [none]
1786869434.633 [OBSTACLES] cur_s=7.68 cur_d=0.51 vs=0.00 n=0 [none]
1786869435.187 [OBSTACLES] cur_s=7.68 cur_d=0.51 vs=0.00 n=0 [none]
1786869435.692 [OBSTACLES] cur_s=7.68 cur_d=0.51 vs=0.00 n=0 [none]
1786869436.339 [OBSTACLES] cur_s=7.69 cur_d=0.51 vs=0.00 n=0 [none]
1786869436.849 [OBSTACLES] cur_s=7.68 cur_d=0.51 vs=0.00 n=0 [none]
1786869437.383 [OBSTACLES] cur_s=7.68 cur_d=0.51 vs=0.00 n=0 [none]
1786869437.911 [OBSTACLES] cur_s=7.69 cur_d=0.51 vs=0.00 n=0 [none]
1786869438.429 [OBSTACLES] cur_s=7.61 cur_d=0.51 vs=-0.18 n=0 [none]
1786869438.707 [STATE_CHANGE] RECOVERY -> LOSTLINE src=GB_TRACK s=7.39 d=0.50 vs=-1.50
1786869438.938 [OBSTACLES] cur_s=6.76 cur_d=0.49 vs=-2.22 n=0 [none]
1786869439.121 [STATE_CHANGE] LOSTLINE -> RECOVERY src=RECOVERY s=6.51 d=0.48 vs=-1.65
1786869439.342 [STATE_CHANGE] RECOVERY -> LOSTLINE src=GB_TRACK s=6.24 d=0.51 vs=-1.08
1786869439.464 [OBSTACLES] cur_s=6.14 cur_d=0.51 vs=-0.76 n=0 [none]
1786869439.797 [STATE_CHANGE] LOSTLINE -> RECOVERY src=RECOVERY s=5.91 d=0.56 vs=-1.33
1786869439.853 [STATE_CHANGE] RECOVERY -> LOSTLINE src=GB_TRACK s=5.82 d=0.60 vs=-1.27
1786869440.017 [OBSTACLES] cur_s=5.58 cur_d=0.73 vs=-0.91 n=0 [none]
1786869440.114 [STATE_CHANGE] LOSTLINE -> RECOVERY src=RECOVERY s=5.51 d=0.77 vs=-0.79
1786869440.518 [OBSTACLES] cur_s=5.32 cur_d=0.83 vs=0.07 n=0 [none]
1786869441.079 [OBSTACLES] cur_s=5.88 cur_d=0.67 vs=1.17 n=0 [none]
1786869441.599 [OBSTACLES] cur_s=6.02 cur_d=0.76 vs=0.00 n=0 [none]
1786869442.109 [OBSTACLES] cur_s=5.99 cur_d=0.76 vs=0.00 n=0 [none]
1786869442.627 [OBSTACLES] cur_s=6.00 cur_d=0.76 vs=0.00 n=0 [none]
1786869443.166 [OBSTACLES] cur_s=5.98 cur_d=0.76 vs=0.00 n=0 [none]
1786869443.732 [OBSTACLES] cur_s=5.94 cur_d=0.76 vs=-0.19 n=0 [none]
1786869444.016 [STATE_CHANGE] RECOVERY -> LOSTLINE src=GB_TRACK s=5.27 d=0.69 vs=-2.52
1786869444.247 [OBSTACLES] cur_s=4.37 cur_d=0.61 vs=-2.68 n=0 [none]
1786869444.773 [OBSTACLES] cur_s=3.27 cur_d=0.61 vs=-2.28 n=0 [none]
1786869445.274 [OBSTACLES] cur_s=2.08 cur_d=0.62 vs=-2.14 n=0 [none]
1786869445.275 [STATE_CHANGE] LOSTLINE -> RECOVERY src=RECOVERY s=2.08 d=0.62 vs=-2.14
1786869445.312 [STATE_CHANGE] RECOVERY -> LOSTLINE src=GB_TRACK s=1.98 d=0.58 vs=-2.13
1786869445.686 [STATE_CHANGE] LOSTLINE -> GB_TRACK src=GB_TRACK s=1.08 d=0.26 vs=-2.27
1786869445.792 [OBSTACLES] cur_s=0.96 cur_d=0.26 vs=-2.28 n=0 [none]
1786869446.339 [OBSTACLES] cur_s=34.23 cur_d=-0.13 vs=-1.92 n=0 [none]
1786869446.555 [STATE_CHANGE] GB_TRACK -> LOSTLINE src=GB_TRACK s=33.91 d=-0.39 vs=-1.75
1786869446.897 [OBSTACLES] cur_s=33.47 cur_d=-0.81 vs=-1.15 n=0 [none]
1786869447.284 [STATE_CHANGE] LOSTLINE -> RECOVERY src=RECOVERY s=33.24 d=-1.14 vs=-0.58
1786869447.546 [OBSTACLES] cur_s=33.20 cur_d=-1.17 vs=-0.23 n=0 [none]
1786869448.066 [OBSTACLES] cur_s=33.23 cur_d=-1.10 vs=0.00 n=0 [none]
1786869448.603 [OBSTACLES] cur_s=33.24 cur_d=-1.09 vs=0.00 n=0 [none]
1786869449.125 [OBSTACLES] cur_s=33.26 cur_d=-1.05 vs=0.00 n=0 [none]
1786869449.662 [OBSTACLES] cur_s=33.27 cur_d=-1.02 vs=0.00 n=0 [none]
1786869450.266 [OBSTACLES] cur_s=33.28 cur_d=-1.02 vs=0.00 n=0 [none]
1786869450.793 [OBSTACLES] cur_s=33.28 cur_d=-1.02 vs=0.00 n=0 [none]
1786869451.328 [OBSTACLES] cur_s=33.28 cur_d=-1.02 vs=0.00 n=0 [none]
1786869451.836 [OBSTACLES] cur_s=33.27 cur_d=-1.02 vs=0.00 n=0 [none]
1786869452.356 [OBSTACLES] cur_s=33.39 cur_d=-1.21 vs=-0.00 n=0 [none]
1786869453.067 [OBSTACLES] cur_s=33.57 cur_d=-0.86 vs=-0.00 n=0 [none]
1786869453.610 [OBSTACLES] cur_s=33.32 cur_d=-0.35 vs=0.00 n=0 [none]
1786869454.147 [OBSTACLES] cur_s=33.33 cur_d=-0.28 vs=0.00 n=0 [none]
1786869454.710 [OBSTACLES] cur_s=33.67 cur_d=-0.19 vs=0.00 n=0 [none]
1786869455.235 [OBSTACLES] cur_s=33.61 cur_d=-0.21 vs=-0.00 n=0 [none]
1786869455.757 [OBSTACLES] cur_s=33.46 cur_d=-0.26 vs=-0.00 n=0 [none]
1786869456.298 [STATIC_OT] state=RECOVERY path_exists=1 path_locked=0 path_ttl_ok=1 path_safe=0 on_spline=0 speed=-0.00 raw_wpnts=81 raw_age=0.74s decision=TRAILING reason=PATH_BLOCKED blocked_obs_id=12 gap=0.16m free_dist=-0.037m branch=static/geom
1786869456.373 [OBSTACLES] cur_s=33.18 cur_d=-0.42 vs=-0.00 n=0 [none]
1786869456.767 [STATE_CHANGE] RECOVERY -> LOSTLINE src=GB_TRACK s=33.29 d=-0.27 vs=0.00
1786869456.870 [STATE_CHANGE] LOSTLINE -> GB_TRACK src=GB_TRACK s=33.24 d=-0.23 vs=0.00
1786869456.959 [OBSTACLES] cur_s=33.22 cur_d=-0.20 vs=0.00 n=0 [none]
1786869457.518 [OBSTACLES] cur_s=33.30 cur_d=-0.19 vs=0.00 n=0 [none]
1786869457.851 [STATE_CHANGE] GB_TRACK -> LOSTLINE src=GB_TRACK s=33.58 d=-0.29 vs=0.00
1786869458.092 [OBSTACLES] cur_s=33.58 cur_d=-0.21 vs=0.00 n=0 [none]
1786869458.092 [STATE_CHANGE] LOSTLINE -> GB_TRACK src=GB_TRACK s=33.58 d=-0.21 vs=0.00
1786869458.705 [OBSTACLES] cur_s=33.54 cur_d=-0.02 vs=0.00 n=0 [none]
1786869459.153 [STATE_CHANGE] GB_TRACK -> LOSTLINE src=GB_TRACK s=33.64 d=-0.32 vs=0.00
1786869459.287 [OBSTACLES] cur_s=33.64 cur_d=-0.34 vs=0.00 n=0 [none]
1786869459.905 [OBSTACLES] cur_s=33.62 cur_d=-0.31 vs=0.00 n=0 [none]
1786869460.450 [OBSTACLES] cur_s=33.61 cur_d=-0.30 vs=0.00 n=0 [none]
1786869460.970 [OBSTACLES] cur_s=33.61 cur_d=-0.31 vs=0.00 n=0 [none]
1786869461.517 [OBSTACLES] cur_s=33.69 cur_d=-0.35 vs=0.00 n=0 [none]
1786869462.028 [OBSTACLES] cur_s=33.59 cur_d=-0.33 vs=0.00 n=0 [none]
1786869462.552 [OBSTACLES] cur_s=33.69 cur_d=-0.34 vs=0.00 n=0 [none]
1786869463.136 [OBSTACLES] cur_s=33.67 cur_d=-0.34 vs=0.00 n=0 [none]
1786869463.657 [OBSTACLES] cur_s=33.54 cur_d=-0.29 vs=0.00 n=0 [none]
1786869463.848 [STATE_CHANGE] LOSTLINE -> GB_TRACK src=GB_TRACK s=33.53 d=-0.29 vs=0.00
1786869464.348 [OBSTACLES] cur_s=33.54 cur_d=-0.29 vs=0.00 n=0 [none]
1786869464.348 [STATE_CHANGE] GB_TRACK -> LOSTLINE src=GB_TRACK s=33.54 d=-0.29 vs=0.00
1786869464.445 [STATE_CHANGE] LOSTLINE -> RECOVERY src=RECOVERY s=33.54 d=-0.29 vs=0.00
1786869464.863 [OBSTACLES] cur_s=33.55 cur_d=-0.19 vs=0.00 n=0 [none]
1786869465.476 [OBSTACLES] cur_s=33.67 cur_d=-0.20 vs=0.00 n=0 [none]
1786869466.080 [OBSTACLES] cur_s=33.55 cur_d=-0.27 vs=0.00 n=0 [none]
1786869466.633 [OBSTACLES] cur_s=33.55 cur_d=-0.29 vs=0.00 n=0 [none]
1786869467.239 [OBSTACLES] cur_s=33.62 cur_d=-0.23 vs=0.00 n=0 [none]
1786869467.425 [STATE_CHANGE] RECOVERY -> GB_TRACK src=GB_TRACK s=33.58 d=-0.00 vs=0.00
1786869467.774 [OBSTACLES] cur_s=33.68 cur_d=0.02 vs=0.00 n=0 [none]
1786869468.362 [OBSTACLES] cur_s=33.51 cur_d=-0.29 vs=0.00 n=0 [none]
1786869468.935 [OBSTACLES] cur_s=33.52 cur_d=-0.28 vs=0.00 n=0 [none]
1786869469.446 [OBSTACLES] cur_s=33.53 cur_d=-0.29 vs=0.00 n=0 [none]
1786869469.974 [OBSTACLES] cur_s=33.52 cur_d=-0.29 vs=0.00 n=0 [none]
1786869470.495 [OBSTACLES] cur_s=33.53 cur_d=-0.29 vs=0.00 n=0 [none]
1786869471.030 [OBSTACLES] cur_s=33.49 cur_d=-0.09 vs=0.00 n=0 [none]
1786869471.476 [STATE_CHANGE] GB_TRACK -> LOSTLINE src=GB_TRACK s=33.14 d=-0.30 vs=0.00
1786869471.556 [OBSTACLES] cur_s=33.07 cur_d=-0.33 vs=0.00 n=2 [id=65 static=0 gap=0.90m d=-0.13 size=0.42; id=72 static=0 gap=0.32m d=-0.04 size=0.24]
1786869471.559 [STATIC_OT] state=GB_TRACK path_exists=1 path_locked=0 path_ttl_ok=1 path_safe=0 on_spline=0 speed=0.00 raw_wpnts=81 raw_age=0.66s decision=TRAILING reason=PATH_BLOCKED blocked_obs_id=65 gap=1.11m free_dist=-0.119m branch=dyn/nopred (id_mismatch or empty)
1786869471.560 [STATE_CHANGE] LOSTLINE -> TRAILING src=GB_TRACK s=33.07 d=-0.33 vs=0.00
1786869471.650 [STATIC_OT_TRANSITION] first_valid_path_to_overtake_ms=0.0
1786869471.651 [STATE_CHANGE] TRAILING -> OVERTAKE src=OVERTAKE s=33.04 d=-0.33 vs=0.00
1786869471.768 [STATIC_OT] state=OVERTAKE path_exists=1 path_locked=1 path_ttl_ok=1 path_safe=0 on_spline=0 speed=-0.00 raw_wpnts=81 raw_age=0.47s decision=TRAILING reason=PATH_BLOCKED blocked_obs_id=72 gap=1.16m free_dist=0.005m branch=dyn/nopred (id_mismatch or empty)
1786869471.768 [STATE_CHANGE] OVERTAKE -> TRAILING src=GB_TRACK s=32.99 d=-0.36 vs=-0.00
1786869471.945 [STATE_CHANGE] TRAILING -> LOSTLINE src=GB_TRACK s=33.04 d=-0.46 vs=0.00
1786869472.067 [STATIC_OT] state=GB_TRACK path_exists=0 path_locked=0 path_ttl_ok=0 path_safe=0 on_spline=0 speed=0.00 raw_wpnts=0 raw_age=-s decision=TRAILING reason=NO_STATIC_PATH
1786869472.069 [STATE_CHANGE] LOSTLINE -> TRAILING src=GB_TRACK s=32.98 d=-0.52 vs=0.00
1786869472.169 [OBSTACLES] cur_s=32.99 cur_d=-0.52 vs=0.00 n=0 [none]
1786869472.169 [STATE_CHANGE] TRAILING -> LOSTLINE src=GB_TRACK s=32.99 d=-0.52 vs=0.00
1786869472.697 [OBSTACLES] cur_s=33.04 cur_d=-0.50 vs=0.00 n=0 [none]
1786869473.238 [OBSTACLES] cur_s=33.03 cur_d=-0.49 vs=0.00 n=0 [none]
1786869473.792 [OBSTACLES] cur_s=33.02 cur_d=-0.50 vs=0.00 n=0 [none]
1786869474.349 [OBSTACLES] cur_s=33.02 cur_d=-0.51 vs=0.00 n=0 [none]
1786869474.938 [OBSTACLES] cur_s=33.05 cur_d=-0.50 vs=0.00 n=0 [none]
1786869475.438 [OBSTACLES] cur_s=33.13 cur_d=-0.49 vs=0.00 n=0 [none]
1786869475.939 [OBSTACLES] cur_s=33.46 cur_d=-0.52 vs=-0.00 n=0 [none]
1786869476.394 [STATIC_OT] state=GB_TRACK path_exists=1 path_locked=0 path_ttl_ok=1 path_safe=1 on_spline=1 speed=-0.00 raw_wpnts=81 raw_age=0.54s decision=OVERTAKE
1786869476.397 [STATE_CHANGE] LOSTLINE -> OVERTAKE src=OVERTAKE s=33.50 d=-0.56 vs=-0.00
1786869476.497 [OBSTACLES] cur_s=33.49 cur_d=-0.55 vs=-0.00 n=1 [id=65 static=0 gap=0.26m d=-0.09 size=0.42]
1786869477.040 [OBSTACLES] cur_s=33.05 cur_d=-0.83 vs=0.00 n=0 [none]
1786869477.041 [STATE_CHANGE] OVERTAKE -> LOSTLINE src=GB_TRACK s=33.05 d=-0.83 vs=0.00
1786869477.202 [STATIC_OT] state=GB_TRACK path_exists=0 path_locked=0 path_ttl_ok=0 path_safe=0 on_spline=0 speed=0.00 raw_wpnts=0 raw_age=-s decision=TRAILING reason=NO_STATIC_PATH
1786869477.202 [STATE_CHANGE] LOSTLINE -> TRAILING src=GB_TRACK s=32.92 d=-0.86 vs=0.00
1786869477.415 [STATE_CHANGE] TRAILING -> LOSTLINE src=GB_TRACK s=32.52 d=-1.07 vs=0.00
1786869477.443 [STATIC_OT] state=GB_TRACK path_exists=0 path_locked=0 path_ttl_ok=0 path_safe=0 on_spline=0 speed=0.00 raw_wpnts=0 raw_age=-s decision=TRAILING reason=NO_STATIC_PATH
1786869477.444 [STATE_CHANGE] LOSTLINE -> TRAILING src=GB_TRACK s=32.52 d=-1.07 vs=0.00
1786869477.582 [OBSTACLES] cur_s=32.40 cur_d=-1.09 vs=0.00 n=1 [id=65 static=0 gap=0.01m d=-0.57 size=0.43]
1786869477.718 [STATE_CHANGE] TRAILING -> RECOVERY src=RECOVERY s=32.28 d=-1.20 vs=0.00
1786869477.814 [STATIC_OT] state=RECOVERY path_exists=0 path_locked=0 path_ttl_ok=0 path_safe=0 on_spline=0 speed=0.00 raw_wpnts=0 raw_age=-s decision=TRAILING reason=NO_STATIC_PATH
1786869477.816 [STATE_CHANGE] RECOVERY -> TRAILING src=RECOVERY s=32.27 d=-1.18 vs=0.00
1786869478.001 [STATE_CHANGE] TRAILING -> LOSTLINE src=GB_TRACK s=32.15 d=-1.30 vs=0.00
1786869478.100 [OBSTACLES] cur_s=32.15 cur_d=-1.32 vs=0.00 n=0 [none]
1786869478.208 [STATIC_OT] state=GB_TRACK path_exists=0 path_locked=0 path_ttl_ok=0 path_safe=0 on_spline=0 speed=0.00 raw_wpnts=0 raw_age=-s decision=TRAILING reason=NO_STATIC_PATH
1786869478.208 [STATE_CHANGE] LOSTLINE -> TRAILING src=GB_TRACK s=32.16 d=-1.31 vs=0.00
1786869478.356 [STATE_CHANGE] TRAILING -> LOSTLINE src=GB_TRACK s=32.11 d=-1.31 vs=0.00
1786869478.602 [OBSTACLES] cur_s=32.16 cur_d=-1.31 vs=0.00 n=0 [none]
1786869478.822 [STATIC_OT] state=GB_TRACK path_exists=0 path_locked=0 path_ttl_ok=0 path_safe=0 on_spline=0 speed=0.00 raw_wpnts=0 raw_age=-s decision=TRAILING reason=NO_STATIC_PATH
1786869478.823 [STATE_CHANGE] LOSTLINE -> TRAILING src=GB_TRACK s=32.15 d=-1.26 vs=0.00
1786869479.058 [STATE_CHANGE] TRAILING -> LOSTLINE src=GB_TRACK s=32.17 d=-1.25 vs=0.00
1786869479.115 [OBSTACLES] cur_s=32.17 cur_d=-1.24 vs=0.00 n=0 [none]
1786869479.167 [STATIC_OT] state=GB_TRACK path_exists=0 path_locked=0 path_ttl_ok=0 path_safe=0 on_spline=0 speed=0.00 raw_wpnts=0 raw_age=-s decision=TRAILING reason=NO_STATIC_PATH
1786869479.168 [STATE_CHANGE] LOSTLINE -> TRAILING src=GB_TRACK s=32.04 d=-1.20 vs=0.00
1786869479.332 [STATE_CHANGE] TRAILING -> LOSTLINE src=GB_TRACK s=31.95 d=-1.17 vs=0.00
1786869479.731 [OBSTACLES] cur_s=31.81 cur_d=-1.18 vs=0.00 n=1 [id=65 static=1 gap=0.94m d=-0.28 size=0.43]
1786869479.751 [STATIC_OT] state=GB_TRACK path_exists=0 path_locked=0 path_ttl_ok=0 path_safe=0 on_spline=0 speed=0.00 raw_wpnts=0 raw_age=-s decision=TRAILING reason=NO_STATIC_PATH
1786869479.767 [STATE_CHANGE] LOSTLINE -> TRAILING src=GB_TRACK s=31.81 d=-1.18 vs=0.00
1786869479.976 [STATIC_OT] state=TRAILING path_exists=0 path_locked=0 path_ttl_ok=0 path_safe=0 on_spline=0 speed=0.00 raw_wpnts=0 raw_age=-s decision=TRAILING reason=NO_STATIC_PATH
1786869480.003 [STATE_CHANGE] TRAILING -> RECOVERY src=RECOVERY s=31.75 d=-1.18 vs=0.00
1786869480.237 [OBSTACLES] cur_s=31.74 cur_d=-1.18 vs=0.00 n=0 [none]
1786869480.769 [OBSTACLES] cur_s=31.74 cur_d=-1.16 vs=0.00 n=0 [none]
1786869481.370 [OBSTACLES] cur_s=31.74 cur_d=-1.16 vs=0.00 n=0 [none]
1786869481.902 [OBSTACLES] cur_s=31.75 cur_d=-1.15 vs=0.00 n=0 [none]
1786869482.456 [OBSTACLES] cur_s=31.76 cur_d=-1.14 vs=0.00 n=0 [none]
1786869482.986 [OBSTACLES] cur_s=31.76 cur_d=-1.15 vs=0.00 n=0 [none]
1786869483.514 [OBSTACLES] cur_s=31.75 cur_d=-1.17 vs=0.00 n=0 [none]
1786869484.031 [OBSTACLES] cur_s=31.74 cur_d=-1.17 vs=0.00 n=0 [none]
1786869484.537 [OBSTACLES] cur_s=31.74 cur_d=-1.17 vs=0.00 n=0 [none]
1786869485.043 [OBSTACLES] cur_s=31.74 cur_d=-1.17 vs=0.00 n=0 [none]
1786869485.574 [OBSTACLES] cur_s=31.70 cur_d=-1.11 vs=0.00 n=0 [none]
1786869486.088 [OBSTACLES] cur_s=31.69 cur_d=-1.12 vs=0.00 n=0 [none]
1786869486.596 [OBSTACLES] cur_s=31.72 cur_d=-1.11 vs=0.00 n=0 [none]
1786869487.183 [OBSTACLES] cur_s=31.73 cur_d=-1.10 vs=0.00 n=0 [none]
1786869487.796 [OBSTACLES] cur_s=32.22 cur_d=-1.11 vs=0.00 n=0 [none]
1786869487.798 [STATE_CHANGE] RECOVERY -> LOSTLINE src=GB_TRACK s=32.22 d=-1.11 vs=0.00
1786869488.361 [OBSTACLES] cur_s=32.19 cur_d=-1.12 vs=0.00 n=0 [none]
1786869488.874 [OBSTACLES] cur_s=32.33 cur_d=-1.11 vs=0.00 n=0 [none]
1786869488.943 [STATE_CHANGE] LOSTLINE -> RECOVERY src=RECOVERY s=32.34 d=-1.10 vs=0.00
1786869489.393 [OBSTACLES] cur_s=32.39 cur_d=-1.11 vs=0.00 n=0 [none]
1786869489.930 [OBSTACLES] cur_s=32.36 cur_d=-1.12 vs=0.00 n=0 [none]
1786869490.458 [OBSTACLES] cur_s=32.36 cur_d=-1.09 vs=0.00 n=0 [none]
1786869490.974 [OBSTACLES] cur_s=32.35 cur_d=-1.11 vs=0.00 n=0 [none]
1786869491.492 [OBSTACLES] cur_s=32.35 cur_d=-1.12 vs=0.00 n=0 [none]
1786869492.044 [OBSTACLES] cur_s=32.36 cur_d=-1.12 vs=0.00 n=0 [none]
1786869492.593 [OBSTACLES] cur_s=32.35 cur_d=-1.12 vs=0.00 n=0 [none]
1786869493.119 [OBSTACLES] cur_s=32.35 cur_d=-1.12 vs=0.00 n=0 [none]
1786869493.652 [OBSTACLES] cur_s=32.35 cur_d=-1.12 vs=0.00 n=0 [none]
1786869494.168 [OBSTACLES] cur_s=32.35 cur_d=-1.12 vs=0.00 n=0 [none]
1786869494.698 [OBSTACLES] cur_s=32.34 cur_d=-1.14 vs=0.00 n=0 [none]
1786869495.214 [OBSTACLES] cur_s=32.35 cur_d=-1.13 vs=0.00 n=0 [none]
1786869495.778 [OBSTACLES] cur_s=32.30 cur_d=-1.20 vs=0.00 n=0 [none]
1786869496.313 [OBSTACLES] cur_s=32.30 cur_d=-1.20 vs=0.00 n=0 [none]
1786869496.947 [OBSTACLES] cur_s=32.31 cur_d=-1.19 vs=0.00 n=0 [none]
1786869497.458 [OBSTACLES] cur_s=32.33 cur_d=-1.15 vs=0.00 n=0 [none]
1786869498.024 [OBSTACLES] cur_s=32.34 cur_d=-1.14 vs=0.00 n=0 [none]
1786869498.571 [OBSTACLES] cur_s=32.33 cur_d=-1.15 vs=0.00 n=0 [none]
1786869498.896 [STATE_CHANGE] RECOVERY -> LOSTLINE src=GB_TRACK s=32.35 d=-1.13 vs=0.00
1786869498.920 [STATE_CHANGE] LOSTLINE -> RECOVERY src=RECOVERY s=32.35 d=-1.13 vs=0.00
1786869499.111 [OBSTACLES] cur_s=32.35 cur_d=-1.12 vs=0.00 n=0 [none]
1786869499.635 [OBSTACLES] cur_s=32.35 cur_d=-1.11 vs=0.00 n=0 [none]
1786869500.181 [OBSTACLES] cur_s=32.35 cur_d=-1.13 vs=0.00 n=0 [none]
1786869500.744 [OBSTACLES] cur_s=32.35 cur_d=-1.12 vs=0.00 n=0 [none]
1786869501.258 [OBSTACLES] cur_s=32.34 cur_d=-1.13 vs=0.00 n=0 [none]
1786869501.786 [OBSTACLES] cur_s=32.35 cur_d=-1.13 vs=0.00 n=0 [none]
1786869502.316 [OBSTACLES] cur_s=32.35 cur_d=-1.12 vs=0.00 n=0 [none]
1786869502.841 [OBSTACLES] cur_s=32.35 cur_d=-1.13 vs=0.00 n=0 [none]
1786869503.366 [OBSTACLES] cur_s=32.34 cur_d=-1.15 vs=0.00 n=0 [none]
1786869503.899 [OBSTACLES] cur_s=32.27 cur_d=-1.30 vs=0.00 n=0 [none]
1786869503.975 [STATIC_OT] state=RECOVERY path_exists=0 path_locked=0 path_ttl_ok=0 path_safe=0 on_spline=0 speed=0.00 raw_wpnts=0 raw_age=-s decision=TRAILING reason=NO_STATIC_PATH
1786869503.979 [STATE_CHANGE] RECOVERY -> TRAILING src=RECOVERY s=32.21 d=-1.37 vs=0.00
1786869504.216 [STATIC_OT] state=TRAILING path_exists=0 path_locked=0 path_ttl_ok=0 path_safe=0 on_spline=0 speed=0.00 raw_wpnts=0 raw_age=-s decision=TRAILING reason=NO_STATIC_PATH
1786869504.402 [OBSTACLES] cur_s=31.96 cur_d=-1.43 vs=0.00 n=1 [id=97 static=1 gap=0.25m d=-0.64 size=0.43]
1786869504.479 [STATIC_OT] state=TRAILING path_exists=0 path_locked=0 path_ttl_ok=0 path_safe=0 on_spline=0 speed=0.00 raw_wpnts=0 raw_age=-s decision=TRAILING reason=NO_STATIC_PATH
1786869504.568 [STATE_CHANGE] TRAILING -> LOSTLINE src=GB_TRACK s=31.92 d=-1.43 vs=0.00
1786869504.660 [STATE_CHANGE] LOSTLINE -> TRAILING src=GB_TRACK s=31.92 d=-1.43 vs=0.00
1786869504.757 [STATIC_OT] state=TRAILING path_exists=0 path_locked=0 path_ttl_ok=0 path_safe=0 on_spline=0 speed=0.00 raw_wpnts=0 raw_age=-s decision=TRAILING reason=NO_STATIC_PATH
1786869504.912 [OBSTACLES] cur_s=31.94 cur_d=-1.45 vs=0.00 n=1 [id=97 static=0 gap=0.05m d=-0.86 size=0.43]
1786869504.969 [STATIC_OT] state=TRAILING path_exists=0 path_locked=0 path_ttl_ok=0 path_safe=0 on_spline=0 speed=0.00 raw_wpnts=0 raw_age=-s decision=TRAILING reason=NO_STATIC_PATH
1786869505.019 [STATE_CHANGE] TRAILING -> LOSTLINE src=GB_TRACK s=31.95 d=-1.44 vs=0.00
1786869505.229 [STATE_CHANGE] LOSTLINE -> RECOVERY src=RECOVERY s=31.94 d=-1.44 vs=0.00
1786869505.458 [OBSTACLES] cur_s=31.93 cur_d=-1.45 vs=0.00 n=0 [none]
1786869505.998 [OBSTACLES] cur_s=31.83 cur_d=-1.45 vs=0.00 n=0 [none]
1786869506.529 [OBSTACLES] cur_s=31.58 cur_d=-1.53 vs=0.00 n=1 [id=97 static=1 gap=0.12m d=-0.95 size=0.45]
1786869506.533 [STATIC_OT] state=RECOVERY path_exists=0 path_locked=0 path_ttl_ok=0 path_safe=0 on_spline=0 speed=0.00 raw_wpnts=0 raw_age=-s decision=TRAILING reason=NO_STATIC_PATH
1786869506.535 [STATE_CHANGE] RECOVERY -> TRAILING src=RECOVERY s=31.58 d=-1.53 vs=0.00
1786869506.753 [STATIC_OT] state=TRAILING path_exists=0 path_locked=0 path_ttl_ok=0 path_safe=0 on_spline=0 speed=0.00 raw_wpnts=0 raw_age=-s decision=TRAILING reason=NO_STATIC_PATH
1786869506.878 [STATE_CHANGE] TRAILING -> LOSTLINE src=GB_TRACK s=31.24 d=-1.74 vs=0.00
1786869507.046 [OBSTACLES] cur_s=31.11 cur_d=-1.83 vs=0.00 n=0 [none]
1786869507.553 [OBSTACLES] cur_s=31.12 cur_d=-1.84 vs=0.00 n=0 [none]
1786869508.067 [OBSTACLES] cur_s=31.07 cur_d=-1.86 vs=0.00 n=0 [none]
1786869508.617 [OBSTACLES] cur_s=31.07 cur_d=-1.86 vs=0.00 n=0 [none]
1786869509.137 [OBSTACLES] cur_s=31.09 cur_d=-1.86 vs=0.00 n=0 [none]
1786869509.642 [OBSTACLES] cur_s=31.01 cur_d=-1.92 vs=0.00 n=0 [none]
1786869510.169 [OBSTACLES] cur_s=31.01 cur_d=-1.90 vs=0.00 n=0 [none]
1786869510.696 [OBSTACLES] cur_s=31.01 cur_d=-1.90 vs=0.00 n=0 [none]
1786869511.218 [OBSTACLES] cur_s=31.01 cur_d=-1.90 vs=0.00 n=0 [none]
1786869511.722 [OBSTACLES] cur_s=31.06 cur_d=-1.84 vs=0.00 n=0 [none]
1786869512.232 [OBSTACLES] cur_s=31.07 cur_d=-1.83 vs=0.00 n=0 [none]
1786869512.793 [OBSTACLES] cur_s=31.09 cur_d=-1.84 vs=0.00 n=0 [none]
1786869513.294 [OBSTACLES] cur_s=31.10 cur_d=-1.86 vs=0.00 n=0 [none]
1786869513.806 [OBSTACLES] cur_s=31.10 cur_d=-1.83 vs=0.00 n=0 [none]
1786869514.327 [OBSTACLES] cur_s=31.19 cur_d=-1.82 vs=0.00 n=0 [none]
1786869514.919 [OBSTACLES] cur_s=31.21 cur_d=-1.82 vs=0.00 n=0 [none]
1786869515.430 [OBSTACLES] cur_s=31.11 cur_d=-1.86 vs=0.00 n=0 [none]
1786869515.958 [OBSTACLES] cur_s=31.09 cur_d=-1.77 vs=0.00 n=0 [none]
1786869516.479 [OBSTACLES] cur_s=31.07 cur_d=-1.81 vs=0.00 n=0 [none]
1786869516.991 [OBSTACLES] cur_s=31.09 cur_d=-1.84 vs=0.00 n=0 [none]
1786869517.537 [OBSTACLES] cur_s=31.09 cur_d=-1.87 vs=0.00 n=0 [none]
1786869518.042 [OBSTACLES] cur_s=31.07 cur_d=-1.91 vs=0.00 n=0 [none]
1786869518.606 [OBSTACLES] cur_s=31.09 cur_d=-1.88 vs=0.00 n=0 [none]
1786869519.136 [OBSTACLES] cur_s=31.06 cur_d=-1.81 vs=0.00 n=0 [none]
1786869519.655 [OBSTACLES] cur_s=31.07 cur_d=-1.81 vs=0.00 n=0 [none]
1786869520.216 [OBSTACLES] cur_s=31.10 cur_d=-1.82 vs=0.00 n=0 [none]
1786869520.732 [OBSTACLES] cur_s=31.04 cur_d=-1.92 vs=0.00 n=0 [none]
1786869521.270 [OBSTACLES] cur_s=31.09 cur_d=-1.86 vs=0.00 n=0 [none]
1786869521.777 [OBSTACLES] cur_s=31.07 cur_d=-1.86 vs=0.00 n=0 [none]
1786869522.279 [OBSTACLES] cur_s=31.09 cur_d=-1.86 vs=0.00 n=0 [none]
1786869522.802 [OBSTACLES] cur_s=31.07 cur_d=-1.86 vs=0.00 n=0 [none]
1786869523.313 [OBSTACLES] cur_s=31.09 cur_d=-1.85 vs=0.00 n=0 [none]
1786869523.828 [OBSTACLES] cur_s=31.10 cur_d=-1.85 vs=0.00 n=0 [none]
1786869524.355 [OBSTACLES] cur_s=31.07 cur_d=-1.84 vs=0.00 n=0 [none]
1786869524.856 [OBSTACLES] cur_s=31.09 cur_d=-1.85 vs=0.00 n=0 [none]
1786869525.372 [OBSTACLES] cur_s=31.10 cur_d=-1.83 vs=0.00 n=0 [none]
1786869525.911 [OBSTACLES] cur_s=31.10 cur_d=-1.83 vs=0.00 n=0 [none]
1786869526.412 [OBSTACLES] cur_s=31.13 cur_d=-1.83 vs=0.00 n=0 [none]
1786869526.919 [OBSTACLES] cur_s=31.12 cur_d=-1.82 vs=0.00 n=0 [none]
1786869527.456 [OBSTACLES] cur_s=31.11 cur_d=-1.82 vs=0.00 n=0 [none]
1786869527.971 [OBSTACLES] cur_s=31.09 cur_d=-1.83 vs=0.00 n=0 [none]
1786869528.512 [OBSTACLES] cur_s=31.10 cur_d=-1.82 vs=0.00 n=0 [none]
1786869529.024 [OBSTACLES] cur_s=31.09 cur_d=-1.82 vs=0.00 n=0 [none]
1786869529.611 [OBSTACLES] cur_s=31.10 cur_d=-1.82 vs=0.00 n=0 [none]
1786869530.124 [OBSTACLES] cur_s=31.10 cur_d=-1.82 vs=0.00 n=0 [none]
1786869530.658 [OBSTACLES] cur_s=31.10 cur_d=-1.83 vs=0.00 n=0 [none]
1786869531.169 [OBSTACLES] cur_s=31.10 cur_d=-1.83 vs=0.00 n=0 [none]
1786869531.702 [OBSTACLES] cur_s=31.11 cur_d=-1.86 vs=0.00 n=0 [none]
1786869532.228 [OBSTACLES] cur_s=31.11 cur_d=-1.86 vs=0.00 n=0 [none]
1786869532.744 [OBSTACLES] cur_s=31.11 cur_d=-1.86 vs=0.00 n=0 [none]
1786869533.259 [OBSTACLES] cur_s=31.10 cur_d=-1.82 vs=0.00 n=0 [none]
1786869533.816 [OBSTACLES] cur_s=31.10 cur_d=-1.79 vs=0.00 n=0 [none]
1786869534.373 [OBSTACLES] cur_s=31.10 cur_d=-1.78 vs=0.00 n=0 [none]
1786869534.917 [OBSTACLES] cur_s=31.09 cur_d=-1.81 vs=0.00 n=0 [none]
1786869535.438 [OBSTACLES] cur_s=31.10 cur_d=-1.82 vs=0.00 n=0 [none]
1786869535.975 [OBSTACLES] cur_s=31.09 cur_d=-1.85 vs=0.00 n=0 [none]
1786869536.509 [OBSTACLES] cur_s=31.07 cur_d=-1.86 vs=0.00 n=0 [none]
1786869537.019 [OBSTACLES] cur_s=31.06 cur_d=-1.84 vs=0.00 n=0 [none]
1786869537.561 [OBSTACLES] cur_s=30.99 cur_d=-1.90 vs=0.00 n=0 [none]
1786869537.776 [STATIC_OT] state=GB_TRACK path_exists=0 path_locked=0 path_ttl_ok=0 path_safe=0 on_spline=0 speed=0.00 raw_wpnts=0 raw_age=-s decision=TRAILING reason=NO_STATIC_PATH
1786869537.776 [STATE_CHANGE] LOSTLINE -> TRAILING src=GB_TRACK s=30.93 d=-1.95 vs=0.00
1786869538.070 [OBSTACLES] cur_s=30.91 cur_d=-1.98 vs=0.00 n=1 [id=101 static=1 gap=0.03m d=-1.25 size=0.16]
1786869538.083 [STATIC_OT] state=TRAILING path_exists=0 path_locked=0 path_ttl_ok=0 path_safe=0 on_spline=0 speed=0.00 raw_wpnts=0 raw_age=-s decision=TRAILING reason=NO_STATIC_PATH
1786869538.313 [STATIC_OT] state=TRAILING path_exists=0 path_locked=0 path_ttl_ok=0 path_safe=0 on_spline=0 speed=0.00 raw_wpnts=0 raw_age=-s decision=TRAILING reason=NO_STATIC_PATH
1786869538.517 [STATIC_OT] state=TRAILING path_exists=0 path_locked=0 path_ttl_ok=0 path_safe=0 on_spline=0 speed=0.00 raw_wpnts=0 raw_age=-s decision=TRAILING reason=NO_STATIC_PATH
1786869538.633 [OBSTACLES] cur_s=30.91 cur_d=-1.98 vs=0.00 n=1 [id=101 static=1 gap=0.03m d=-1.25 size=0.15]
1786869538.831 [STATIC_OT] state=TRAILING path_exists=0 path_locked=0 path_ttl_ok=0 path_safe=0 on_spline=0 speed=0.00 raw_wpnts=0 raw_age=-s decision=TRAILING reason=NO_STATIC_PATH
1786869539.036 [STATIC_OT] state=TRAILING path_exists=0 path_locked=0 path_ttl_ok=0 path_safe=0 on_spline=0 speed=0.00 raw_wpnts=0 raw_age=-s decision=TRAILING reason=NO_STATIC_PATH
1786869539.197 [OBSTACLES] cur_s=30.90 cur_d=-1.95 vs=0.00 n=1 [id=101 static=1 gap=0.02m d=-1.26 size=0.17]
1786869539.252 [STATIC_OT] state=TRAILING path_exists=0 path_locked=0 path_ttl_ok=0 path_safe=0 on_spline=0 speed=0.00 raw_wpnts=0 raw_age=-s decision=TRAILING reason=NO_STATIC_PATH
1786869539.472 [STATIC_OT] state=TRAILING path_exists=0 path_locked=0 path_ttl_ok=0 path_safe=0 on_spline=0 speed=0.00 raw_wpnts=0 raw_age=-s decision=TRAILING reason=NO_STATIC_PATH
1786869539.786 [OBSTACLES] cur_s=30.90 cur_d=-1.96 vs=0.00 n=1 [id=101 static=1 gap=0.02m d=-1.26 size=0.16]
1786869539.796 [STATIC_OT] state=TRAILING path_exists=0 path_locked=0 path_ttl_ok=0 path_safe=0 on_spline=0 speed=0.00 raw_wpnts=0 raw_age=-s decision=TRAILING reason=NO_STATIC_PATH
1786869540.026 [STATIC_OT] state=TRAILING path_exists=0 path_locked=0 path_ttl_ok=0 path_safe=0 on_spline=0 speed=0.00 raw_wpnts=0 raw_age=-s decision=TRAILING reason=NO_STATIC_PATH
1786869540.263 [STATIC_OT] state=TRAILING path_exists=0 path_locked=0 path_ttl_ok=0 path_safe=0 on_spline=0 speed=0.00 raw_wpnts=0 raw_age=-s decision=TRAILING reason=NO_STATIC_PATH
1786869540.326 [OBSTACLES] cur_s=30.91 cur_d=-1.97 vs=0.00 n=1 [id=101 static=1 gap=0.02m d=-1.26 size=0.15]
1786869540.498 [STATIC_OT] state=TRAILING path_exists=0 path_locked=0 path_ttl_ok=0 path_safe=0 on_spline=0 speed=0.00 raw_wpnts=0 raw_age=-s decision=TRAILING reason=NO_STATIC_PATH
1786869540.811 [STATIC_OT] state=TRAILING path_exists=0 path_locked=0 path_ttl_ok=0 path_safe=0 on_spline=0 speed=0.00 raw_wpnts=0 raw_age=-s decision=TRAILING reason=NO_STATIC_PATH
1786869540.846 [OBSTACLES] cur_s=30.92 cur_d=-1.91 vs=0.00 n=0 [none]
1786869540.846 [STATE_CHANGE] TRAILING -> LOSTLINE src=GB_TRACK s=30.92 d=-1.91 vs=0.00
1786869541.349 [OBSTACLES] cur_s=30.94 cur_d=-1.90 vs=0.00 n=0 [none]
1786869541.863 [OBSTACLES] cur_s=30.93 cur_d=-1.94 vs=0.00 n=0 [none]
1786869542.410 [OBSTACLES] cur_s=30.93 cur_d=-1.95 vs=0.00 n=0 [none]
1786869542.923 [OBSTACLES] cur_s=30.92 cur_d=-1.95 vs=0.00 n=0 [none]
1786869543.473 [OBSTACLES] cur_s=30.92 cur_d=-1.95 vs=0.00 n=0 [none]
1786869543.993 [OBSTACLES] cur_s=30.95 cur_d=-1.95 vs=0.00 n=0 [none]
1786869544.512 [OBSTACLES] cur_s=30.91 cur_d=-2.03 vs=0.00 n=0 [none]
1786869545.046 [OBSTACLES] cur_s=30.91 cur_d=-2.05 vs=0.00 n=0 [none]
1786869545.558 [OBSTACLES] cur_s=30.93 cur_d=-2.04 vs=0.00 n=0 [none]
1786869546.068 [OBSTACLES] cur_s=31.00 cur_d=-1.94 vs=0.00 n=0 [none]
1786869546.601 [OBSTACLES] cur_s=31.03 cur_d=-1.91 vs=0.00 n=0 [none]
1786869547.130 [OBSTACLES] cur_s=31.67 cur_d=-1.70 vs=-0.00 n=0 [none]
1786869547.320 [STATIC_OT] state=GB_TRACK path_exists=0 path_locked=0 path_ttl_ok=0 path_safe=0 on_spline=0 speed=-0.00 raw_wpnts=0 raw_age=-s decision=TRAILING reason=NO_STATIC_PATH
1786869547.323 [STATE_CHANGE] LOSTLINE -> TRAILING src=GB_TRACK s=31.76 d=-1.69 vs=-0.00
1786869547.586 [STATIC_OT] state=TRAILING path_exists=0 path_locked=0 path_ttl_ok=0 path_safe=0 on_spline=0 speed=-0.00 raw_wpnts=0 raw_age=-s decision=TRAILING reason=NO_STATIC_PATH
1786869547.700 [OBSTACLES] cur_s=31.85 cur_d=-1.73 vs=-0.00 n=1 [id=112 static=1 gap=18.42m d=-0.24 size=0.27]
1786869547.814 [STATIC_OT] state=TRAILING path_exists=0 path_locked=0 path_ttl_ok=0 path_safe=0 on_spline=0 speed=-0.00 raw_wpnts=0 raw_age=-s decision=TRAILING reason=NO_STATIC_PATH
1786869547.980 [STATE_CHANGE] TRAILING -> LOSTLINE src=GB_TRACK s=31.53 d=-1.69 vs=-0.00
1786869548.228 [OBSTACLES] cur_s=31.60 cur_d=-1.74 vs=-0.00 n=0 [none]
1786869548.384 [STATIC_OT] state=GB_TRACK path_exists=0 path_locked=0 path_ttl_ok=0 path_safe=0 on_spline=0 speed=0.00 raw_wpnts=0 raw_age=-s decision=TRAILING reason=NO_STATIC_PATH
1786869548.384 [STATE_CHANGE] LOSTLINE -> TRAILING src=GB_TRACK s=31.60 d=-1.72 vs=0.00
1786869548.460 [STATE_CHANGE] TRAILING -> LOSTLINE src=GB_TRACK s=31.57 d=-1.70 vs=0.00
1786869548.759 [OBSTACLES] cur_s=31.57 cur_d=-1.68 vs=0.00 n=0 [none]
1786869549.321 [OBSTACLES] cur_s=31.32 cur_d=-1.68 vs=0.00 n=0 [none]
1786869549.840 [OBSTACLES] cur_s=31.60 cur_d=-1.70 vs=0.00 n=0 [none]
1786869549.919 [STATIC_OT] state=GB_TRACK path_exists=0 path_locked=0 path_ttl_ok=0 path_safe=0 on_spline=0 speed=0.00 raw_wpnts=0 raw_age=-s decision=TRAILING reason=NO_STATIC_PATH
1786869549.919 [STATE_CHANGE] LOSTLINE -> TRAILING src=GB_TRACK s=31.60 d=-1.70 vs=0.00
1786869549.982 [STATE_CHANGE] TRAILING -> LOSTLINE src=GB_TRACK s=31.35 d=-1.67 vs=0.00
1786869550.329 [STATIC_OT] state=GB_TRACK path_exists=0 path_locked=0 path_ttl_ok=0 path_safe=0 on_spline=0 speed=0.00 raw_wpnts=0 raw_age=-s decision=TRAILING reason=NO_STATIC_PATH
1786869550.330 [STATE_CHANGE] LOSTLINE -> TRAILING src=GB_TRACK s=31.33 d=-1.70 vs=0.00
1786869550.378 [OBSTACLES] cur_s=31.46 cur_d=-1.73 vs=0.00 n=0 [none]
1786869550.380 [STATE_CHANGE] TRAILING -> LOSTLINE src=GB_TRACK s=31.46 d=-1.73 vs=0.00
1786869550.821 [STATIC_OT] state=GB_TRACK path_exists=0 path_locked=0 path_ttl_ok=0 path_safe=0 on_spline=0 speed=0.00 raw_wpnts=0 raw_age=-s decision=TRAILING reason=NO_STATIC_PATH
1786869550.822 [STATE_CHANGE] LOSTLINE -> TRAILING src=GB_TRACK s=32.90 d=-2.07 vs=0.00
1786869550.894 [OBSTACLES] cur_s=32.94 cur_d=-2.09 vs=0.00 n=1 [id=117 static=0 gap=4.63m d=-3.53 size=0.45]
1786869551.004 [STATE_CHANGE] TRAILING -> LOSTLINE src=GB_TRACK s=33.00 d=-2.20 vs=0.00
1786869551.413 [OBSTACLES] cur_s=33.04 cur_d=-2.03 vs=0.00 n=0 [none]
1786869551.967 [OBSTACLES] cur_s=33.05 cur_d=-1.96 vs=0.00 n=0 [none]
1786869552.115 [STATIC_OT] state=GB_TRACK path_exists=0 path_locked=0 path_ttl_ok=0 path_safe=0 on_spline=0 speed=0.00 raw_wpnts=0 raw_age=-s decision=TRAILING reason=NO_STATIC_PATH
1786869552.122 [STATE_CHANGE] LOSTLINE -> TRAILING src=GB_TRACK s=33.05 d=-1.96 vs=0.00
1786869552.337 [STATIC_OT] state=TRAILING path_exists=0 path_locked=0 path_ttl_ok=0 path_safe=0 on_spline=0 speed=0.00 raw_wpnts=0 raw_age=-s decision=TRAILING reason=NO_STATIC_PATH
1786869552.475 [STATE_CHANGE] TRAILING -> OVERTAKE src=OVERTAKE s=33.06 d=-1.94 vs=0.00
1786869552.645 [OBSTACLES] cur_s=33.05 cur_d=-1.95 vs=0.00 n=1 [id=142 static=1 gap=0.16m d=0.24 size=0.19]
1786869553.216 [OBSTACLES] cur_s=33.06 cur_d=-1.94 vs=0.00 n=0 [none]
1786869553.749 [OBSTACLES] cur_s=33.06 cur_d=-1.94 vs=0.00 n=0 [none]
1786869554.285 [OBSTACLES] cur_s=33.07 cur_d=-1.93 vs=0.00 n=0 [none]
1786869554.809 [OBSTACLES] cur_s=33.07 cur_d=-1.93 vs=0.00 n=0 [none]
1786869555.444 [OBSTACLES] cur_s=33.07 cur_d=-1.92 vs=0.00 n=0 [none]
1786869555.834 [STATE_CHANGE] OVERTAKE -> LOSTLINE src=GB_TRACK s=33.06 d=-1.94 vs=0.00
1786869555.955 [OBSTACLES] cur_s=16.54 cur_d=-1.22 vs=0.00 n=0 [none]
1786869556.465 [OBSTACLES] cur_s=16.53 cur_d=-1.00 vs=0.00 n=0 [none]
1786869557.009 [OBSTACLES] cur_s=16.53 cur_d=-1.02 vs=0.00 n=0 [none]
1786869557.527 [OBSTACLES] cur_s=16.51 cur_d=-1.02 vs=0.00 n=0 [none]
1786869558.096 [OBSTACLES] cur_s=16.51 cur_d=-1.03 vs=0.00 n=0 [none]
1786869558.631 [OBSTACLES] cur_s=16.49 cur_d=-1.03 vs=0.00 n=0 [none]
1786869559.225 [OBSTACLES] cur_s=16.49 cur_d=-1.03 vs=0.00 n=0 [none]
1786869559.734 [OBSTACLES] cur_s=16.49 cur_d=-1.02 vs=0.00 n=0 [none]
1786869560.270 [OBSTACLES] cur_s=16.49 cur_d=-1.02 vs=0.00 n=0 [none]
1786869560.803 [OBSTACLES] cur_s=16.49 cur_d=-1.04 vs=0.00 n=0 [none]
1786869561.338 [OBSTACLES] cur_s=16.49 cur_d=-1.04 vs=0.00 n=0 [none]
1786869561.843 [OBSTACLES] cur_s=16.49 cur_d=-1.03 vs=0.00 n=0 [none]
1786869562.397 [OBSTACLES] cur_s=16.49 cur_d=-1.02 vs=0.00 n=0 [none]
1786869562.945 [OBSTACLES] cur_s=16.49 cur_d=-1.02 vs=0.00 n=0 [none]
1786869563.517 [OBSTACLES] cur_s=16.49 cur_d=-1.03 vs=0.00 n=0 [none]
1786869564.040 [OBSTACLES] cur_s=16.49 cur_d=-1.04 vs=0.00 n=0 [none]
1786869564.394 [STATE_CHANGE] LOSTLINE -> RECOVERY src=RECOVERY s=16.48 d=-1.07 vs=0.00
1786869564.611 [OBSTACLES] cur_s=16.47 cur_d=-1.08 vs=0.00 n=0 [none]
1786869565.139 [OBSTACLES] cur_s=16.46 cur_d=-1.09 vs=0.00 n=0 [none]
1786869565.658 [OBSTACLES] cur_s=16.46 cur_d=-1.08 vs=0.00 n=0 [none]
1786869566.364 [OBSTACLES] cur_s=16.46 cur_d=-1.09 vs=0.00 n=0 [none]
1786869566.946 [OBSTACLES] cur_s=16.47 cur_d=-1.08 vs=0.00 n=0 [none]
1786869567.564 [OBSTACLES] cur_s=16.47 cur_d=-1.08 vs=0.00 n=0 [none]
1786869568.128 [OBSTACLES] cur_s=16.56 cur_d=-0.89 vs=0.78 n=0 [none]
1786869568.714 [OBSTACLES] cur_s=17.38 cur_d=-0.22 vs=2.70 n=0 [none]
1786869568.953 [STATE_CHANGE] RECOVERY -> GB_TRACK src=GB_TRACK s=18.24 d=-0.05 vs=3.42
1786869569.243 [OBSTACLES] cur_s=19.55 cur_d=-0.06 vs=4.30 n=0 [none]
1786869569.821 [OBSTACLES] cur_s=22.48 cur_d=0.04 vs=4.97 n=0 [none]
1786869570.335 [OBSTACLES] cur_s=24.65 cur_d=-0.12 vs=4.95 n=0 [none]
1786869570.784 [STATIC_OT] state=GB_TRACK path_exists=0 path_locked=0 path_ttl_ok=0 path_safe=0 on_spline=0 speed=3.87 raw_wpnts=0 raw_age=-s decision=TRAILING reason=NO_STATIC_PATH
1786869570.791 [STATE_CHANGE] GB_TRACK -> TRAILING src=GB_TRACK s=26.66 d=-0.07 vs=3.87
1786869571.202 [OBSTACLES] cur_s=27.86 cur_d=0.14 vs=3.32 n=1 [id=148 static=1 gap=1.22m d=0.21 size=0.16]
1786869571.218 [STATIC_OT] state=TRAILING path_exists=0 path_locked=0 path_ttl_ok=0 path_safe=0 on_spline=0 speed=3.32 raw_wpnts=0 raw_age=-s decision=TRAILING reason=NO_STATIC_PATH
1786869571.421 [STATIC_OT] state=TRAILING path_exists=1 path_locked=0 path_ttl_ok=1 path_safe=1 on_spline=1 speed=2.77 raw_wpnts=107 raw_age=0.83s decision=OVERTAKE
1786869571.421 [STATE_CHANGE] TRAILING -> OVERTAKE src=OVERTAKE s=28.12 d=0.35 vs=2.77
1786869571.783 [OBSTACLES] cur_s=28.59 cur_d=0.60 vs=0.00 n=0 [none]
1786869572.326 [OBSTACLES] cur_s=28.58 cur_d=0.38 vs=0.55 n=0 [none]
1786869572.868 [OBSTACLES] cur_s=28.58 cur_d=0.36 vs=0.00 n=0 [none]
1786869573.371 [OBSTACLES] cur_s=28.61 cur_d=0.37 vs=0.00 n=0 [none]
1786869573.894 [OBSTACLES] cur_s=28.63 cur_d=0.38 vs=0.00 n=0 [none]
1786869574.403 [OBSTACLES] cur_s=28.63 cur_d=0.38 vs=0.00 n=0 [none]
1786869574.933 [OBSTACLES] cur_s=28.62 cur_d=0.34 vs=-0.43 n=0 [none]
1786869575.537 [OBSTACLES] cur_s=28.15 cur_d=-0.10 vs=-0.71 n=0 [none]
1786869576.057 [OBSTACLES] cur_s=27.78 cur_d=-0.09 vs=-1.61 n=0 [none]
1786869576.423 [STATE_CHANGE] OVERTAKE -> GB_TRACK src=GB_TRACK s=26.99 d=-0.01 vs=-2.65
1786869576.677 [OBSTACLES] cur_s=26.55 cur_d=0.03 vs=-2.58 n=0 [none]
1786869577.228 [OBSTACLES] cur_s=25.20 cur_d=-0.14 vs=-2.45 n=0 [none]
1786869577.828 [OBSTACLES] cur_s=24.13 cur_d=0.12 vs=-1.38 n=0 [none]
1786869578.393 [OBSTACLES] cur_s=22.92 cur_d=0.13 vs=-3.20 n=0 [none]
1786869578.922 [OBSTACLES] cur_s=21.28 cur_d=0.19 vs=-3.32 n=0 [none]
1786869579.438 [OBSTACLES] cur_s=19.58 cur_d=0.26 vs=-3.32 n=0 [none]
1786869580.003 [OBSTACLES] cur_s=17.93 cur_d=0.05 vs=-3.09 n=0 [none]
1786869580.220 [STATE_CHANGE] GB_TRACK -> LOSTLINE src=GB_TRACK s=17.21 d=-0.34 vs=-2.51
1786869580.510 [OBSTACLES] cur_s=16.84 cur_d=-0.80 vs=-1.64 n=0 [none]
1786869580.604 [STATE_CHANGE] LOSTLINE -> RECOVERY src=RECOVERY s=16.75 d=-0.96 vs=-1.40
1786869580.864 [STATE_CHANGE] RECOVERY -> LOSTLINE src=GB_TRACK s=16.54 d=-1.48 vs=-0.79
1786869581.037 [OBSTACLES] cur_s=16.49 cur_d=-1.65 vs=-0.55 n=0 [none]
1786869581.564 [OBSTACLES] cur_s=16.38 cur_d=-2.03 vs=0.00 n=0 [none]
1786869582.067 [OBSTACLES] cur_s=16.38 cur_d=-2.05 vs=0.00 n=0 [none]
1786869582.586 [OBSTACLES] cur_s=16.38 cur_d=-2.05 vs=0.00 n=0 [none]
1786869583.203 [OBSTACLES] cur_s=16.38 cur_d=-2.04 vs=0.00 n=0 [none]
1786869583.765 [OBSTACLES] cur_s=16.38 cur_d=-2.04 vs=0.00 n=0 [none]
1786869584.316 [OBSTACLES] cur_s=16.38 cur_d=-2.04 vs=0.00 n=0 [none]
1786869584.836 [OBSTACLES] cur_s=16.38 cur_d=-2.04 vs=0.00 n=0 [none]
1786869585.377 [OBSTACLES] cur_s=16.38 cur_d=-2.04 vs=0.00 n=0 [none]
1786869585.898 [OBSTACLES] cur_s=16.38 cur_d=-2.05 vs=0.00 n=0 [none]
1786869586.002 [STATE_CHANGE] LOSTLINE -> RECOVERY src=RECOVERY s=16.38 d=-2.04 vs=0.00
1786869586.408 [OBSTACLES] cur_s=16.38 cur_d=-2.04 vs=0.00 n=0 [none]
1786869586.955 [OBSTACLES] cur_s=16.38 cur_d=-2.04 vs=0.00 n=0 [none]
1786869587.484 [OBSTACLES] cur_s=16.38 cur_d=-2.04 vs=0.00 n=0 [none]
1786869588.006 [OBSTACLES] cur_s=16.38 cur_d=-2.04 vs=0.00 n=0 [none]
1786869588.596 [OBSTACLES] cur_s=16.38 cur_d=-2.04 vs=0.00 n=0 [none]
1786869589.157 [OBSTACLES] cur_s=16.38 cur_d=-2.04 vs=0.00 n=0 [none]
1786869589.719 [OBSTACLES] cur_s=16.38 cur_d=-2.04 vs=0.00 n=0 [none]
1786869590.253 [OBSTACLES] cur_s=16.38 cur_d=-2.04 vs=0.00 n=0 [none]
1786869590.819 [OBSTACLES] cur_s=16.38 cur_d=-2.04 vs=0.00 n=0 [none]
1786869591.337 [OBSTACLES] cur_s=16.38 cur_d=-2.04 vs=0.00 n=0 [none]
1786869591.881 [OBSTACLES] cur_s=16.38 cur_d=-2.04 vs=0.00 n=0 [none]
1786869592.424 [OBSTACLES] cur_s=16.38 cur_d=-2.04 vs=0.00 n=0 [none]
1786869592.978 [OBSTACLES] cur_s=16.38 cur_d=-2.04 vs=0.00 n=0 [none]
1786869593.489 [OBSTACLES] cur_s=16.38 cur_d=-2.04 vs=0.00 n=0 [none]
1786869594.118 [OBSTACLES] cur_s=16.38 cur_d=-2.04 vs=0.00 n=0 [none]
1786869594.687 [OBSTACLES] cur_s=16.38 cur_d=-2.04 vs=0.00 n=0 [none]
1786869595.202 [OBSTACLES] cur_s=16.38 cur_d=-2.04 vs=0.00 n=0 [none]
1786869595.716 [OBSTACLES] cur_s=16.38 cur_d=-2.04 vs=0.00 n=0 [none]
1786869595.929 [STATE_CHANGE] RECOVERY -> LOSTLINE src=GB_TRACK s=16.38 d=-2.04 vs=0.00
1786869596.034 [STATE_CHANGE] LOSTLINE -> RECOVERY src=RECOVERY s=16.38 d=-2.04 vs=0.00
1786869596.254 [OBSTACLES] cur_s=16.38 cur_d=-2.04 vs=0.00 n=0 [none]
1786869596.757 [OBSTACLES] cur_s=16.38 cur_d=-2.04 vs=0.00 n=0 [none]
1786869597.275 [OBSTACLES] cur_s=16.46 cur_d=-1.88 vs=0.00 n=0 [none]
1786869597.812 [OBSTACLES] cur_s=16.42 cur_d=-1.93 vs=0.00 n=0 [none]
1786869598.348 [OBSTACLES] cur_s=16.39 cur_d=-1.95 vs=0.00 n=0 [none]
1786869598.849 [OBSTACLES] cur_s=16.39 cur_d=-1.95 vs=0.00 n=0 [none]
1786869599.422 [OBSTACLES] cur_s=16.39 cur_d=-1.95 vs=0.00 n=0 [none]
1786869599.931 [OBSTACLES] cur_s=16.39 cur_d=-1.95 vs=0.00 n=0 [none]
1786869600.433 [OBSTACLES] cur_s=16.44 cur_d=-1.95 vs=0.00 n=0 [none]
1786869600.975 [OBSTACLES] cur_s=16.43 cur_d=-1.96 vs=0.00 n=0 [none]
1786869601.485 [OBSTACLES] cur_s=16.41 cur_d=-1.99 vs=0.00 n=0 [none]
1786869602.032 [OBSTACLES] cur_s=16.46 cur_d=-1.94 vs=0.00 n=0 [none]
1786869602.552 [OBSTACLES] cur_s=16.45 cur_d=-1.94 vs=0.00 n=0 [none]
1786869603.122 [OBSTACLES] cur_s=16.42 cur_d=-1.95 vs=0.00 n=0 [none]
1786869603.649 [OBSTACLES] cur_s=16.41 cur_d=-1.95 vs=0.00 n=0 [none]
1786869604.199 [OBSTACLES] cur_s=16.40 cur_d=-1.95 vs=0.00 n=0 [none]
1786869604.747 [OBSTACLES] cur_s=16.41 cur_d=-1.96 vs=0.00 n=0 [none]
1786869605.263 [OBSTACLES] cur_s=16.41 cur_d=-1.96 vs=0.00 n=0 [none]
1786869605.826 [OBSTACLES] cur_s=16.43 cur_d=-1.95 vs=0.00 n=0 [none]
1786869605.987 [STATE_CHANGE] RECOVERY -> LOSTLINE src=GB_TRACK s=16.41 d=-1.96 vs=0.00
1786869606.331 [OBSTACLES] cur_s=16.41 cur_d=-1.96 vs=0.00 n=0 [none]
1786869606.850 [OBSTACLES] cur_s=16.40 cur_d=-1.96 vs=0.00 n=0 [none]
1786869607.439 [OBSTACLES] cur_s=16.42 cur_d=-1.95 vs=0.00 n=0 [none]
1786869607.534 [STATE_CHANGE] LOSTLINE -> RECOVERY src=RECOVERY s=16.42 d=-1.95 vs=0.00
1786869607.955 [OBSTACLES] cur_s=16.44 cur_d=-1.93 vs=0.18 n=0 [none]
1786869608.461 [OBSTACLES] cur_s=16.58 cur_d=-1.43 vs=1.08 n=0 [none]
1786869608.994 [OBSTACLES] cur_s=17.42 cur_d=-0.46 vs=3.14 n=0 [none]
1786869609.514 [OBSTACLES] cur_s=19.20 cur_d=-0.05 vs=4.55 n=0 [none]
1786869609.515 [STATE_CHANGE] RECOVERY -> GB_TRACK src=GB_TRACK s=19.20 d=-0.05 vs=4.55
1786869610.090 [OBSTACLES] cur_s=21.94 cur_d=-0.04 vs=4.96 n=0 [none]
1786869610.641 [OBSTACLES] cur_s=24.06 cur_d=-0.09 vs=4.97 n=0 [none]
1786869611.207 [OBSTACLES] cur_s=26.95 cur_d=0.17 vs=3.86 n=0 [none]
1786869611.753 [OBSTACLES] cur_s=29.00 cur_d=0.16 vs=3.55 n=0 [none]
1786869612.309 [OBSTACLES] cur_s=31.16 cur_d=0.12 vs=3.52 n=0 [none]
1786869612.812 [OBSTACLES] cur_s=33.03 cur_d=0.27 vs=3.30 n=0 [none]
1786869612.857 [STATE_CHANGE] GB_TRACK -> LOSTLINE src=GB_TRACK s=33.20 d=0.29 vs=3.28
1786869613.332 [OBSTACLES] cur_s=0.79 cur_d=0.40 vs=3.30 n=0 [none]
1786869613.585 [STATE_CHANGE] LOSTLINE -> RECOVERY src=RECOVERY s=1.62 d=0.30 vs=4.01
1786869613.866 [OBSTACLES] cur_s=2.91 cur_d=0.29 vs=4.77 n=0 [none]
1786869614.391 [OBSTACLES] cur_s=4.73 cur_d=0.16 vs=4.91 n=0 [none]
1786869614.615 [STATE_CHANGE] RECOVERY -> GB_TRACK src=GB_TRACK s=5.23 d=0.02 vs=4.87
1786869614.935 [OBSTACLES] cur_s=7.16 cur_d=-0.20 vs=4.92 n=0 [none]
1786869615.461 [OBSTACLES] cur_s=9.24 cur_d=0.16 vs=3.70 n=0 [none]
1786869615.963 [OBSTACLES] cur_s=11.03 cur_d=-0.07 vs=2.18 n=0 [none]
1786869616.715 [OBSTACLES] cur_s=12.68 cur_d=0.08 vs=3.02 n=0 [none]
1786869617.256 [OBSTACLES] cur_s=13.95 cur_d=0.10 vs=3.56 n=0 [none]
1786869617.709 [STATE_CHANGE] GB_TRACK -> LOSTLINE src=GB_TRACK s=15.05 d=0.33 vs=2.87
1786869617.756 [OBSTACLES] cur_s=15.47 cur_d=0.42 vs=2.58 n=0 [none]
1786869617.898 [STATE_CHANGE] LOSTLINE -> GB_TRACK src=GB_TRACK s=16.19 d=0.28 vs=2.11
1786869618.214 [STATE_CHANGE] GB_TRACK -> LOSTLINE src=GB_TRACK s=17.00 d=-0.39 vs=1.60
1786869618.274 [OBSTACLES] cur_s=17.06 cur_d=-0.44 vs=1.60 n=0 [none]
1786869618.830 [OBSTACLES] cur_s=17.73 cur_d=-0.57 vs=1.91 n=0 [none]
1786869619.005 [STATE_CHANGE] LOSTLINE -> GB_TRACK src=GB_TRACK s=18.06 d=-0.26 vs=1.80
1786869619.377 [OBSTACLES] cur_s=18.77 cur_d=0.10 vs=3.16 n=0 [none]
1786869619.837 [STATE_CHANGE] GB_TRACK -> LOSTLINE src=GB_TRACK s=21.03 d=-0.32 vs=4.78
1786869619.880 [OBSTACLES] cur_s=21.13 cur_d=-0.34 vs=4.80 n=0 [none]
1786869619.884 [STATE_CHANGE] LOSTLINE -> RECOVERY src=RECOVERY s=21.13 d=-0.34 vs=4.80
1786869620.263 [STATIC_OT] state=RECOVERY path_exists=0 path_locked=0 path_ttl_ok=0 path_safe=0 on_spline=0 speed=4.39 raw_wpnts=0 raw_age=-s decision=TRAILING reason=NO_STATIC_PATH
1786869620.264 [STATE_CHANGE] RECOVERY -> TRAILING src=RECOVERY s=22.74 d=-0.33 vs=4.39
1786869620.637 [OBSTACLES] cur_s=24.44 cur_d=-0.03 vs=3.42 n=1 [id=159 static=1 gap=4.39m d=0.18 size=0.16]
1786869620.653 [STATIC_OT] state=TRAILING path_exists=0 path_locked=0 path_ttl_ok=0 path_safe=0 on_spline=0 speed=3.42 raw_wpnts=0 raw_age=-s decision=TRAILING reason=NO_STATIC_PATH
1786869620.955 [STATIC_OT] state=TRAILING path_exists=0 path_locked=0 path_ttl_ok=0 path_safe=0 on_spline=0 speed=2.61 raw_wpnts=0 raw_age=-s decision=TRAILING reason=NO_STATIC_PATH
1786869621.050 [STATE_CHANGE] TRAILING -> LOSTLINE src=GB_TRACK s=25.16 d=0.07 vs=2.35
1786869621.153 [OBSTACLES] cur_s=25.37 cur_d=0.06 vs=2.20 n=0 [none]
1786869621.153 [STATE_CHANGE] LOSTLINE -> GB_TRACK src=GB_TRACK s=25.37 d=0.06 vs=2.20
1786869621.700 [OBSTACLES] cur_s=26.04 cur_d=0.15 vs=2.90 n=0 [none]
1786869622.257 [OBSTACLES] cur_s=28.28 cur_d=0.07 vs=3.62 n=0 [none]
1786869622.773 [OBSTACLES] cur_s=29.92 cur_d=0.09 vs=3.58 n=0 [none]
1786869623.296 [OBSTACLES] cur_s=32.13 cur_d=0.23 vs=3.43 n=0 [none]
1786869623.751 [STATE_CHANGE] GB_TRACK -> RECOVERY src=RECOVERY s=33.79 d=0.31 vs=3.26
1786869623.804 [OBSTACLES] cur_s=34.39 cur_d=0.46 vs=3.23 n=0 [none]
1786869624.344 [OBSTACLES] cur_s=1.74 cur_d=0.29 vs=3.55 n=0 [none]
1786869624.850 [OBSTACLES] cur_s=2.98 cur_d=0.24 vs=4.64 n=0 [none]
1786869624.963 [STATE_CHANGE] RECOVERY -> GB_TRACK src=GB_TRACK s=3.80 d=0.04 vs=4.77
1786869625.373 [OBSTACLES] cur_s=5.71 cur_d=-0.26 vs=4.96 n=0 [none]
1786869625.914 [OBSTACLES] cur_s=8.47 cur_d=0.10 vs=4.34 n=0 [none]
1786869626.413 [OBSTACLES] cur_s=10.28 cur_d=0.12 vs=3.07 n=0 [none]
1786869626.978 [OBSTACLES] cur_s=11.63 cur_d=-0.08 vs=2.32 n=0 [none]
1786869627.496 [OBSTACLES] cur_s=12.84 cur_d=0.08 vs=3.21 n=0 [none]
1786869627.984 [STATE_CHANGE] GB_TRACK -> RECOVERY src=RECOVERY s=14.80 d=0.33 vs=3.47
1786869628.019 [OBSTACLES] cur_s=14.90 cur_d=0.34 vs=3.42 n=0 [none]
1786869628.435 [STATE_CHANGE] RECOVERY -> GB_TRACK src=GB_TRACK s=16.03 d=0.01 vs=1.84
1786869628.531 [OBSTACLES] cur_s=16.22 cur_d=-0.07 vs=1.73 n=0 [none]
1786869629.066 [OBSTACLES] cur_s=17.16 cur_d=-0.30 vs=2.49 n=0 [none]
1786869629.070 [STATE_CHANGE] GB_TRACK -> LOSTLINE src=GB_TRACK s=17.16 d=-0.30 vs=2.49
1786869629.161 [STATE_CHANGE] LOSTLINE -> RECOVERY src=RECOVERY s=17.24 d=-0.35 vs=2.69
1786869629.435 [STATE_CHANGE] RECOVERY -> GB_TRACK src=GB_TRACK s=18.09 d=-0.04 vs=2.92
1786869629.611 [OBSTACLES] cur_s=18.72 cur_d=0.13 vs=3.40 n=0 [none]
1786869630.211 [OBSTACLES] cur_s=20.45 cur_d=0.13 vs=4.68 n=0 [none]
1786869630.559 [STATE_CHANGE] GB_TRACK -> LOSTLINE src=GB_TRACK s=22.64 d=-0.32 vs=4.94
1786869630.724 [OBSTACLES] cur_s=23.36 cur_d=-0.30 vs=4.92 n=0 [none]
1786869630.816 [STATIC_OT] state=GB_TRACK path_exists=0 path_locked=0 path_ttl_ok=0 path_safe=0 on_spline=0 speed=4.88 raw_wpnts=0 raw_age=-s decision=TRAILING reason=NO_STATIC_PATH
1786869630.820 [STATE_CHANGE] LOSTLINE -> TRAILING src=GB_TRACK s=23.62 d=-0.28 vs=4.88
1786869631.098 [STATIC_OT] state=TRAILING path_exists=0 path_locked=0 path_ttl_ok=0 path_safe=0 on_spline=0 speed=4.43 raw_wpnts=0 raw_age=-s decision=TRAILING reason=NO_STATIC_PATH
1786869631.258 [OBSTACLES] cur_s=25.73 cur_d=0.24 vs=4.18 n=1 [id=160 static=1 gap=3.16m d=0.19 size=0.35]
1786869631.262 [STATE_CHANGE] TRAILING -> OVERTAKE src=OVERTAKE s=25.73 d=0.24 vs=4.18
1786869631.335 [STATIC_OT] state=OVERTAKE path_exists=1 path_locked=1 path_ttl_ok=1 path_safe=1 on_spline=0 speed=4.08 raw_wpnts=136 raw_age=0.61s decision=OVERTAKE
1786869631.548 [STATIC_OT] state=OVERTAKE path_exists=1 path_locked=1 path_ttl_ok=1 path_safe=1 on_spline=0 speed=3.53 raw_wpnts=127 raw_age=0.65s decision=OVERTAKE
1786869631.813 [OBSTACLES] cur_s=26.96 cur_d=0.35 vs=2.72 n=1 [id=160 static=1 gap=2.00m d=0.19 size=0.23]
1786869632.345 [OBSTACLES] cur_s=28.40 cur_d=-0.07 vs=2.69 n=0 [none]
1786869632.865 [OBSTACLES] cur_s=30.00 cur_d=-0.11 vs=3.02 n=0 [none]
1786869633.368 [OBSTACLES] cur_s=31.38 cur_d=0.12 vs=3.63 n=0 [none]
1786869633.893 [OBSTACLES] cur_s=33.57 cur_d=0.19 vs=3.28 n=0 [none]
1786869634.418 [OBSTACLES] cur_s=1.31 cur_d=0.24 vs=3.92 n=0 [none]
1786869634.487 [STATE_CHANGE] OVERTAKE -> LOSTLINE src=GB_TRACK s=1.65 d=0.21 vs=4.11
1786869634.528 [STATE_CHANGE] LOSTLINE -> GB_TRACK src=GB_TRACK s=1.83 d=0.20 vs=4.27
1786869634.932 [OBSTACLES] cur_s=3.07 cur_d=0.14 vs=4.90 n=0 [none]
1786869635.691 [OBSTACLES] cur_s=4.85 cur_d=0.10 vs=4.95 n=0 [none]
1786869636.203 [OBSTACLES] cur_s=8.45 cur_d=-0.29 vs=4.37 n=0 [none]
1786869636.203 [STATE_CHANGE] GB_TRACK -> LOSTLINE src=GB_TRACK s=8.45 d=-0.29 vs=4.37
1786869636.283 [STATE_CHANGE] LOSTLINE -> GB_TRACK src=GB_TRACK s=9.08 d=-0.27 vs=3.92
1786869636.740 [OBSTACLES] cur_s=10.57 cur_d=0.04 vs=2.54 n=0 [none]
1786869637.312 [OBSTACLES] cur_s=11.86 cur_d=-0.00 vs=2.44 n=0 [none]
1786869637.851 [OBSTACLES] cur_s=13.67 cur_d=0.05 vs=3.73 n=0 [none]
1786869638.202 [STATE_CHANGE] GB_TRACK -> LOSTLINE src=GB_TRACK s=14.67 d=0.33 vs=2.97
1786869638.425 [OBSTACLES] cur_s=15.09 cur_d=0.43 vs=2.70 n=0 [none]
1786869638.553 [STATE_CHANGE] LOSTLINE -> GB_TRACK src=GB_TRACK s=15.70 d=0.16 vs=1.70
1786869638.971 [OBSTACLES] cur_s=16.23 cur_d=-0.31 vs=1.50 n=0 [none]
1786869638.972 [STATE_CHANGE] GB_TRACK -> LOSTLINE src=GB_TRACK s=16.23 d=-0.31 vs=1.50
1786869639.029 [STATE_CHANGE] LOSTLINE -> RECOVERY src=RECOVERY s=16.38 d=-0.36 vs=1.70
1786869639.474 [OBSTACLES] cur_s=17.10 cur_d=-0.44 vs=2.27 n=0 [none]
1786869639.930 [STATE_CHANGE] RECOVERY -> GB_TRACK src=GB_TRACK s=17.79 d=-0.03 vs=2.55
1786869639.984 [OBSTACLES] cur_s=17.95 cur_d=0.06 vs=2.66 n=0 [none]
1786869640.514 [OBSTACLES] cur_s=19.87 cur_d=0.15 vs=4.03 n=0 [none]
1786869640.867 [STATE_CHANGE] GB_TRACK -> LOSTLINE src=GB_TRACK s=21.58 d=-0.35 vs=4.88
1786869641.019 [OBSTACLES] cur_s=22.16 cur_d=-0.39 vs=4.92 n=0 [none]
1786869641.089 [STATIC_OT] state=GB_TRACK path_exists=0 path_locked=0 path_ttl_ok=0 path_safe=0 on_spline=0 speed=4.89 raw_wpnts=0 raw_age=-s decision=TRAILING reason=NO_STATIC_PATH
1786869641.093 [STATE_CHANGE] LOSTLINE -> TRAILING src=GB_TRACK s=22.55 d=-0.37 vs=4.89
1786869641.313 [STATIC_OT] state=TRAILING path_exists=0 path_locked=0 path_ttl_ok=0 path_safe=0 on_spline=0 speed=4.78 raw_wpnts=0 raw_age=-s decision=TRAILING reason=NO_STATIC_PATH
1786869641.547 [OBSTACLES] cur_s=24.83 cur_d=0.08 vs=4.39 n=1 [id=163 static=1 gap=4.01m d=0.19 size=0.15]
1786869641.552 [STATIC_OT] state=TRAILING path_exists=0 path_locked=0 path_ttl_ok=0 path_safe=0 on_spline=0 speed=4.39 raw_wpnts=0 raw_age=-s decision=TRAILING reason=NO_STATIC_PATH
1786869641.771 [STATIC_OT] state=TRAILING path_exists=0 path_locked=0 path_ttl_ok=0 path_safe=0 on_spline=0 speed=3.85 raw_wpnts=0 raw_age=-s decision=TRAILING reason=NO_STATIC_PATH
1786869641.902 [STATE_CHANGE] TRAILING -> OVERTAKE src=OVERTAKE s=26.12 d=0.09 vs=3.46
1786869642.098 [OBSTACLES] cur_s=26.72 cur_d=0.05 vs=3.02 n=1 [id=163 static=1 gap=2.21m d=0.19 size=0.19]
1786869642.608 [OBSTACLES] cur_s=27.48 cur_d=0.32 vs=2.73 n=1 [id=163 static=1 gap=1.42m d=0.19 size=0.29]
1786869643.112 [OBSTACLES] cur_s=28.66 cur_d=-0.24 vs=2.31 n=0 [none]
1786869643.676 [OBSTACLES] cur_s=30.11 cur_d=-0.21 vs=3.08 n=0 [none]
1786869644.233 [OBSTACLES] cur_s=31.94 cur_d=0.15 vs=3.45 n=0 [none]
1786869644.824 [OBSTACLES] cur_s=34.00 cur_d=0.25 vs=3.27 n=0 [none]
1786869644.913 [STATE_CHANGE] OVERTAKE -> LOSTLINE src=GB_TRACK s=0.61 d=0.27 vs=3.39
1786869644.981 [STATE_CHANGE] LOSTLINE -> GB_TRACK src=GB_TRACK s=0.89 d=0.22 vs=3.54
1786869645.373 [OBSTACLES] cur_s=1.79 cur_d=0.10 vs=4.23 n=0 [none]
1786869645.949 [OBSTACLES] cur_s=4.20 cur_d=0.10 vs=4.94 n=0 [none]
1786869646.509 [OBSTACLES] cur_s=6.37 cur_d=-0.15 vs=4.96 n=0 [none]
1786869647.017 [OBSTACLES] cur_s=9.05 cur_d=0.13 vs=3.78 n=0 [none]
1786869647.538 [OBSTACLES] cur_s=10.70 cur_d=0.02 vs=2.38 n=0 [none]
1786869648.074 [OBSTACLES] cur_s=12.06 cur_d=0.03 vs=2.52 n=0 [none]
1786869648.629 [OBSTACLES] cur_s=13.63 cur_d=0.12 vs=3.76 n=0 [none]
1786869649.015 [STATE_CHANGE] GB_TRACK -> LOSTLINE src=GB_TRACK s=15.08 d=0.31 vs=2.90
1786869649.173 [OBSTACLES] cur_s=15.27 cur_d=0.32 vs=2.73 n=0 [none]
1786869649.266 [STATE_CHANGE] LOSTLINE -> GB_TRACK src=GB_TRACK s=15.70 d=0.19 vs=2.16
1786869649.705 [OBSTACLES] cur_s=16.69 cur_d=-0.04 vs=2.18 n=0 [none]
1786869650.251 [OBSTACLES] cur_s=18.01 cur_d=-0.00 vs=3.11 n=0 [none]
1786869650.754 [OBSTACLES] cur_s=19.76 cur_d=0.20 vs=4.40 n=0 [none]
1786869651.297 [OBSTACLES] cur_s=22.79 cur_d=-0.20 vs=4.94 n=0 [none]
1786869651.559 [STATIC_OT] state=GB_TRACK path_exists=0 path_locked=0 path_ttl_ok=0 path_safe=0 on_spline=0 speed=4.94 raw_wpnts=0 raw_age=-s decision=TRAILING reason=NO_STATIC_PATH
1786869651.559 [STATE_CHANGE] GB_TRACK -> TRAILING src=GB_TRACK s=23.81 d=-0.22 vs=4.94
1786869651.813 [OBSTACLES] cur_s=25.01 cur_d=-0.05 vs=4.54 n=1 [id=164 static=1 gap=3.87m d=0.19 size=0.44]
1786869651.827 [STATIC_OT] state=TRAILING path_exists=0 path_locked=0 path_ttl_ok=0 path_safe=0 on_spline=0 speed=4.54 raw_wpnts=0 raw_age=-s decision=TRAILING reason=NO_STATIC_PATH
1786869651.981 [STATE_CHANGE] TRAILING -> LOSTLINE src=GB_TRACK s=25.98 d=0.15 vs=4.01
1786869652.016 [STATE_CHANGE] LOSTLINE -> GB_TRACK src=GB_TRACK s=26.17 d=0.17 vs=3.94
1786869652.408 [OBSTACLES] cur_s=27.02 cur_d=0.20 vs=3.74 n=0 [none]
1786869652.570 [STATIC_OT] state=GB_TRACK path_exists=1 path_locked=0 path_ttl_ok=1 path_safe=1 on_spline=1 speed=3.67 raw_wpnts=113 raw_age=0.67s decision=OVERTAKE
1786869652.571 [STATE_CHANGE] GB_TRACK -> OVERTAKE src=OVERTAKE s=27.50 d=0.19 vs=3.67
1786869652.822 [STATIC_OT] state=OVERTAKE path_exists=1 path_locked=1 path_ttl_ok=0 path_safe=0 on_spline=0 speed=3.56 raw_wpnts=0 raw_age=-s decision=TRAILING reason=NO_STATIC_PATH
1786869652.829 [STATE_CHANGE] OVERTAKE -> TRAILING src=GB_TRACK s=27.68 d=0.40 vs=3.56
1786869652.934 [OBSTACLES] cur_s=28.17 cur_d=0.52 vs=0.99 n=1 [id=165 static=1 gap=0.85m d=0.24 size=0.27]
1786869653.060 [STATE_CHANGE] TRAILING -> LOSTLINE src=GB_TRACK s=28.32 d=0.56 vs=1.07
1786869653.434 [OBSTACLES] cur_s=28.54 cur_d=0.49 vs=0.25 n=0 [none]
1786869653.974 [OBSTACLES] cur_s=28.48 cur_d=0.50 vs=0.41 n=0 [none]
1786869654.485 [OBSTACLES] cur_s=28.40 cur_d=0.42 vs=0.00 n=0 [none]
1786869655.172 [OBSTACLES] cur_s=28.40 cur_d=0.41 vs=0.00 n=0 [none]
1786869655.694 [OBSTACLES] cur_s=28.36 cur_d=0.34 vs=-0.67 n=0 [none]
1786869655.800 [STATE_CHANGE] LOSTLINE -> GB_TRACK src=GB_TRACK s=28.28 d=0.26 vs=-0.69
1786869655.922 [STATIC_OT] state=GB_TRACK path_exists=0 path_locked=0 path_ttl_ok=0 path_safe=0 on_spline=0 speed=-0.58 raw_wpnts=0 raw_age=-s decision=TRAILING reason=NO_STATIC_PATH
1786869655.924 [STATE_CHANGE] GB_TRACK -> TRAILING src=GB_TRACK s=28.27 d=0.22 vs=-0.58
1786869656.133 [STATIC_OT] state=TRAILING path_exists=1 path_locked=0 path_ttl_ok=1 path_safe=1 on_spline=1 speed=-0.28 raw_wpnts=81 raw_age=0.43s decision=OVERTAKE
1786869656.138 [STATE_CHANGE] TRAILING -> OVERTAKE src=OVERTAKE s=28.27 d=0.16 vs=-0.28
1786869656.251 [OBSTACLES] cur_s=28.38 cur_d=0.26 vs=-0.34 n=1 [id=166 static=1 gap=0.40m d=0.23 size=0.18]
1786869656.809 [OBSTACLES] cur_s=28.31 cur_d=-0.02 vs=-0.25 n=0 [none]
1786869657.326 [OBSTACLES] cur_s=28.28 cur_d=-0.06 vs=0.00 n=0 [none]
1786869657.833 [OBSTACLES] cur_s=28.27 cur_d=-0.07 vs=0.00 n=0 [none]
1786869658.465 [OBSTACLES] cur_s=28.27 cur_d=-0.06 vs=0.00 n=0 [none]
1786869658.989 [OBSTACLES] cur_s=28.27 cur_d=-0.06 vs=0.00 n=0 [none]
1786869659.513 [STATIC_OT] state=OVERTAKE path_exists=1 path_locked=1 path_ttl_ok=0 path_safe=0 on_spline=1 speed=0.00 raw_wpnts=0 raw_age=-s decision=TRAILING reason=NO_STATIC_PATH
1786869659.524 [STATE_CHANGE] OVERTAKE -> TRAILING src=GB_TRACK s=28.23 d=-0.05 vs=0.00
1786869659.599 [OBSTACLES] cur_s=28.25 cur_d=-0.05 vs=0.00 n=1 [id=167 static=1 gap=0.25m d=-0.12 size=0.22]
1786869659.750 [STATIC_OT] state=TRAILING path_exists=1 path_locked=0 path_ttl_ok=1 path_safe=0 on_spline=1 speed=0.00 raw_wpnts=81 raw_age=0.50s decision=TRAILING reason=PATH_BLOCKED blocked_obs_id=167 gap=0.36m free_dist=-0.175m branch=static/geom
1786869660.009 [STATIC_OT] state=TRAILING path_exists=1 path_locked=0 path_ttl_ok=1 path_safe=0 on_spline=1 speed=0.00 raw_wpnts=81 raw_age=0.54s decision=TRAILING reason=PATH_BLOCKED blocked_obs_id=167 gap=0.37m free_dist=-0.031m branch=static/geom
1786869660.131 [OBSTACLES] cur_s=28.24 cur_d=-0.05 vs=0.00 n=1 [id=167 static=1 gap=0.24m d=-0.18 size=0.27]
1786869660.246 [STATIC_OT] state=TRAILING path_exists=1 path_locked=0 path_ttl_ok=1 path_safe=0 on_spline=1 speed=0.00 raw_wpnts=81 raw_age=0.58s decision=TRAILING reason=PATH_BLOCKED blocked_obs_id=167 gap=0.38m free_dist=-0.003m branch=static/geom
1786869660.508 [STATIC_OT] state=TRAILING path_exists=1 path_locked=0 path_ttl_ok=1 path_safe=0 on_spline=1 speed=0.00 raw_wpnts=81 raw_age=0.58s decision=TRAILING reason=PATH_BLOCKED blocked_obs_id=167 gap=0.38m free_dist=0.013m branch=static/geom
1786869660.631 [OBSTACLES] cur_s=28.25 cur_d=-0.06 vs=0.00 n=1 [id=167 static=1 gap=0.25m d=-0.20 size=0.25]
1786869660.739 [STATIC_OT] state=TRAILING path_exists=1 path_locked=0 path_ttl_ok=1 path_safe=0 on_spline=1 speed=0.00 raw_wpnts=81 raw_age=0.53s decision=TRAILING reason=PATH_BLOCKED blocked_obs_id=167 gap=0.38m free_dist=0.005m branch=static/geom
1786869660.998 [STATIC_OT] state=TRAILING path_exists=1 path_locked=0 path_ttl_ok=1 path_safe=0 on_spline=1 speed=0.00 raw_wpnts=81 raw_age=0.59s decision=TRAILING reason=PATH_BLOCKED blocked_obs_id=167 gap=0.38m free_dist=0.006m branch=static/geom
1786869661.153 [OBSTACLES] cur_s=28.25 cur_d=-0.06 vs=0.00 n=1 [id=167 static=1 gap=0.27m d=-0.20 size=0.23]
1786869661.156 [STATE_CHANGE] TRAILING -> OVERTAKE src=OVERTAKE s=28.25 d=-0.06 vs=0.00
1786869661.717 [OBSTACLES] cur_s=28.24 cur_d=-0.06 vs=0.00 n=1 [id=167 static=1 gap=0.27m d=-0.21 size=0.24]
1786869662.236 [OBSTACLES] cur_s=28.25 cur_d=-0.06 vs=0.00 n=1 [id=167 static=1 gap=0.26m d=-0.21 size=0.25]
1786869662.755 [OBSTACLES] cur_s=28.25 cur_d=-0.06 vs=0.00 n=1 [id=167 static=1 gap=0.26m d=-0.21 size=0.25]
1786869663.283 [OBSTACLES] cur_s=28.25 cur_d=-0.05 vs=0.00 n=1 [id=167 static=1 gap=0.25m d=-0.21 size=0.26]
1786869663.786 [OBSTACLES] cur_s=28.25 cur_d=-0.05 vs=0.00 n=1 [id=167 static=1 gap=0.25m d=-0.21 size=0.27]
1786869664.291 [OBSTACLES] cur_s=28.18 cur_d=-0.14 vs=-0.33 n=1 [id=167 static=1 gap=0.34m d=-0.21 size=0.23]
1786869664.589 [STATIC_OT] state=OVERTAKE path_exists=1 path_locked=1 path_ttl_ok=1 path_safe=1 on_spline=0 speed=-0.91 raw_wpnts=81 raw_age=0.52s decision=OVERTAKE
1786869664.804 [OBSTACLES] cur_s=27.98 cur_d=-0.60 vs=-0.58 n=1 [id=167 static=1 gap=0.52m d=-0.21 size=0.25]
1786869665.354 [OBSTACLES] cur_s=27.98 cur_d=-0.59 vs=1.16 n=1 [id=167 static=1 gap=0.52m d=-0.21 size=0.26]
1786869665.924 [OBSTACLES] cur_s=28.74 cur_d=-0.90 vs=1.03 n=0 [none]
1786869666.522 [OBSTACLES] cur_s=29.28 cur_d=-0.58 vs=0.92 n=0 [none]
1786869667.038 [OBSTACLES] cur_s=29.44 cur_d=-0.33 vs=0.00 n=0 [none]
1786869667.565 [OBSTACLES] cur_s=29.40 cur_d=-0.35 vs=0.00 n=0 [none]
1786869668.090 [OBSTACLES] cur_s=29.40 cur_d=-0.35 vs=0.00 n=0 [none]
1786869668.615 [OBSTACLES] cur_s=29.40 cur_d=-0.35 vs=0.00 n=0 [none]
1786869669.168 [OBSTACLES] cur_s=29.41 cur_d=-0.35 vs=0.00 n=0 [none]
1786869669.695 [OBSTACLES] cur_s=29.51 cur_d=-0.27 vs=0.77 n=0 [none]
1786869670.225 [OBSTACLES] cur_s=30.10 cur_d=-0.08 vs=2.31 n=0 [none]
1786869670.733 [OBSTACLES] cur_s=31.89 cur_d=0.01 vs=3.40 n=0 [none]
1786869671.318 [OBSTACLES] cur_s=34.38 cur_d=0.43 vs=3.32 n=0 [none]
1786869671.631 [STATE_CHANGE] OVERTAKE -> LOSTLINE src=GB_TRACK s=1.05 d=0.33 vs=3.96
1786869671.752 [STATE_CHANGE] LOSTLINE -> GB_TRACK src=GB_TRACK s=1.68 d=0.24 vs=4.38
1786869671.831 [OBSTACLES] cur_s=2.07 cur_d=0.20 vs=4.62 n=0 [none]
1786869672.361 [OBSTACLES] cur_s=3.66 cur_d=0.18 vs=4.96 n=0 [none]
1786869672.873 [OBSTACLES] cur_s=6.44 cur_d=0.00 vs=4.95 n=0 [none]
1786869673.382 [OBSTACLES] cur_s=8.82 cur_d=0.05 vs=3.85 n=0 [none]
1786869673.912 [OBSTACLES] cur_s=10.50 cur_d=0.06 vs=2.58 n=0 [none]
1786869674.474 [OBSTACLES] cur_s=11.76 cur_d=-0.01 vs=2.41 n=0 [none]
1786869675.024 [OBSTACLES] cur_s=13.24 cur_d=0.14 vs=3.59 n=0 [none]
1786869675.604 [OBSTACLES] cur_s=15.31 cur_d=0.33 vs=2.89 n=0 [none]
1786869675.604 [STATE_CHANGE] GB_TRACK -> LOSTLINE src=GB_TRACK s=15.31 d=0.33 vs=2.89
1786869675.693 [STATE_CHANGE] LOSTLINE -> GB_TRACK src=GB_TRACK s=15.65 d=0.26 vs=2.45
1786869676.119 [OBSTACLES] cur_s=16.61 cur_d=0.02 vs=2.13 n=1 [id=168 static=1 gap=12.30m d=-0.91 size=0.28]
1786869676.645 [OBSTACLES] cur_s=17.78 cur_d=-0.07 vs=3.05 n=1 [id=168 static=1 gap=11.06m d=-0.93 size=0.38]
1786869677.271 [OBSTACLES] cur_s=20.74 cur_d=0.30 vs=4.79 n=1 [id=168 static=1 gap=8.13m d=-0.93 size=0.40]
1786869677.280 [STATIC_OT] state=GB_TRACK path_exists=0 path_locked=0 path_ttl_ok=0 path_safe=0 on_spline=0 speed=4.79 raw_wpnts=0 raw_age=-s decision=TRAILING reason=NO_STATIC_PATH
1786869677.281 [STATE_CHANGE] GB_TRACK -> TRAILING src=GB_TRACK s=20.74 d=0.30 vs=4.79
1786869677.507 [STATIC_OT] state=TRAILING path_exists=0 path_locked=0 path_ttl_ok=0 path_safe=0 on_spline=0 speed=4.81 raw_wpnts=0 raw_age=-s decision=TRAILING reason=NO_STATIC_PATH
1786869677.675 [STATE_CHANGE] TRAILING -> GB_TRACK src=GB_TRACK s=22.38 d=0.03 vs=4.50
1786869677.792 [OBSTACLES] cur_s=22.88 cur_d=-0.08 vs=4.35 n=0 [none]
1786869678.299 [OBSTACLES] cur_s=25.38 cur_d=-0.08 vs=4.10 n=0 [none]
1786869678.804 [OBSTACLES] cur_s=27.24 cur_d=0.14 vs=3.72 n=1 [id=168 static=0 gap=2.08m d=-1.02 size=0.28]
1786869679.313 [OBSTACLES] cur_s=28.47 cur_d=0.30 vs=3.23 n=1 [id=168 static=1 gap=0.89m d=-1.08 size=0.25]
1786869679.315 [STATIC_OT] state=GB_TRACK path_exists=0 path_locked=0 path_ttl_ok=0 path_safe=0 on_spline=0 speed=3.23 raw_wpnts=0 raw_age=-s decision=TRAILING reason=NO_STATIC_PATH
1786869679.315 [STATE_CHANGE] GB_TRACK -> TRAILING src=GB_TRACK s=28.47 d=0.30 vs=3.23
1786869679.344 [STATE_CHANGE] TRAILING -> RECOVERY src=RECOVERY s=28.25 d=0.42 vs=3.18
1786869679.583 [STATIC_OT] state=RECOVERY path_exists=0 path_locked=0 path_ttl_ok=0 path_safe=0 on_spline=0 speed=1.22 raw_wpnts=0 raw_age=-s decision=TRAILING reason=NO_STATIC_PATH
1786869679.804 [STATE_CHANGE] RECOVERY -> LOSTLINE src=GB_TRACK s=27.82 d=0.85 vs=0.03
1786869679.860 [OBSTACLES] cur_s=28.13 cur_d=0.69 vs=0.36 n=0 [none]
1786869680.384 [OBSTACLES] cur_s=28.41 cur_d=0.70 vs=0.00 n=0 [none]
1786869680.901 [OBSTACLES] cur_s=28.41 cur_d=0.70 vs=0.00 n=0 [none]
1786869681.404 [OBSTACLES] cur_s=28.41 cur_d=0.70 vs=0.00 n=0 [none]
1786869681.915 [OBSTACLES] cur_s=28.09 cur_d=0.62 vs=0.00 n=0 [none]
1786869682.429 [OBSTACLES] cur_s=28.10 cur_d=0.53 vs=0.00 n=0 [none]
1786869682.974 [OBSTACLES] cur_s=27.87 cur_d=0.59 vs=0.00 n=0 [none]
1786869683.506 [OBSTACLES] cur_s=27.64 cur_d=0.64 vs=0.00 n=0 [none]
1786869684.078 [OBSTACLES] cur_s=27.92 cur_d=0.54 vs=0.00 n=0 [none]
1786869684.592 [OBSTACLES] cur_s=27.97 cur_d=0.48 vs=-0.09 n=0 [none]
1786869685.036 [STATIC_OT] state=GB_TRACK path_exists=1 path_locked=0 path_ttl_ok=1 path_safe=0 on_spline=1 speed=-1.29 raw_wpnts=81 raw_age=0.11s decision=TRAILING reason=PATH_BLOCKED blocked_obs_id=174 gap=0.39m free_dist=-0.02m branch=static/geom
1786869685.040 [STATE_CHANGE] LOSTLINE -> TRAILING src=GB_TRACK s=27.88 d=0.40 vs=-1.29
1786869685.129 [OBSTACLES] cur_s=27.67 cur_d=0.39 vs=-1.37 n=1 [id=174 static=1 gap=0.41m d=0.21 size=0.37]
1786869685.265 [STATIC_OT] state=TRAILING path_exists=1 path_locked=0 path_ttl_ok=1 path_safe=0 on_spline=1 speed=-1.22 raw_wpnts=81 raw_age=0.23s decision=TRAILING reason=PATH_BLOCKED blocked_obs_id=174 gap=0.5m free_dist=-0.019m branch=static/geom
1786869685.483 [STATIC_OT] state=TRAILING path_exists=1 path_locked=0 path_ttl_ok=1 path_safe=1 on_spline=1 speed=-1.01 raw_wpnts=81 raw_age=0.31s decision=OVERTAKE
1786869685.499 [STATE_CHANGE] TRAILING -> OVERTAKE src=OVERTAKE s=27.39 d=0.13 vs=-1.01
1786869685.677 [OBSTACLES] cur_s=27.15 cur_d=0.05 vs=-1.53 n=1 [id=175 static=1 gap=0.93m d=-0.66 size=0.26]
1786869685.679 [STATE_CHANGE] OVERTAKE -> GB_TRACK src=GB_TRACK s=27.15 d=0.05 vs=-1.53
1786869685.931 [STATIC_OT] state=GB_TRACK path_exists=0 path_locked=0 path_ttl_ok=0 path_safe=0 on_spline=0 speed=-2.07 raw_wpnts=0 raw_age=-s decision=TRAILING reason=NO_STATIC_PATH
1786869685.931 [STATE_CHANGE] GB_TRACK -> TRAILING src=GB_TRACK s=26.67 d=-0.22 vs=-2.07
1786869686.131 [STATIC_OT] state=TRAILING path_exists=0 path_locked=0 path_ttl_ok=0 path_safe=0 on_spline=0 speed=-1.67 raw_wpnts=0 raw_age=-s decision=TRAILING reason=NO_STATIC_PATH
1786869686.273 [OBSTACLES] cur_s=26.98 cur_d=-0.05 vs=-1.08 n=2 [id=175 static=0 gap=1.93m d=0.12 size=0.15; id=176 static=0 gap=2.69m d=0.13 size=0.40]
1786869686.357 [STATIC_OT] state=TRAILING path_exists=0 path_locked=0 path_ttl_ok=0 path_safe=0 on_spline=0 speed=-1.08 raw_wpnts=0 raw_age=-s decision=TRAILING reason=NO_STATIC_PATH
1786869686.489 [STATE_CHANGE] TRAILING -> LOSTLINE src=GB_TRACK s=26.65 d=-0.16 vs=-1.14
1786869686.506 [STATE_CHANGE] LOSTLINE -> GB_TRACK src=GB_TRACK s=26.63 d=0.02 vs=-1.16
1786869686.629 [STATE_CHANGE] GB_TRACK -> LOSTLINE src=GB_TRACK s=26.44 d=0.37 vs=-1.06
1786869686.734 [STATE_CHANGE] LOSTLINE -> RECOVERY src=RECOVERY s=26.37 d=0.41 vs=0.00
1786869686.796 [OBSTACLES] cur_s=26.33 cur_d=0.36 vs=0.00 n=0 [none]
1786869686.992 [STATIC_OT] state=RECOVERY path_exists=0 path_locked=0 path_ttl_ok=0 path_safe=0 on_spline=0 speed=0.00 raw_wpnts=0 raw_age=-s decision=TRAILING reason=NO_STATIC_PATH
1786869686.998 [STATE_CHANGE] RECOVERY -> TRAILING src=RECOVERY s=26.22 d=0.41 vs=0.00
1786869687.110 [STATE_CHANGE] TRAILING -> OVERTAKE src=OVERTAKE s=26.22 d=0.41 vs=0.00
1786869687.347 [OBSTACLES] cur_s=26.22 cur_d=0.41 vs=0.00 n=1 [id=181 static=1 gap=2.43m d=-0.05 size=0.22]
1786869687.864 [OBSTACLES] cur_s=26.21 cur_d=0.41 vs=0.00 n=1 [id=181 static=1 gap=2.42m d=-0.06 size=0.23]
1786869688.389 [OBSTACLES] cur_s=26.21 cur_d=0.41 vs=0.00 n=1 [id=181 static=1 gap=2.41m d=-0.06 size=0.24]
1786869688.989 [OBSTACLES] cur_s=26.21 cur_d=0.41 vs=0.00 n=1 [id=181 static=1 gap=2.41m d=-0.06 size=0.23]
1786869689.520 [OBSTACLES] cur_s=26.22 cur_d=0.41 vs=0.00 n=1 [id=181 static=1 gap=2.41m d=-0.06 size=0.24]
1786869690.049 [OBSTACLES] cur_s=26.21 cur_d=0.41 vs=0.00 n=1 [id=181 static=1 gap=2.41m d=-0.06 size=0.23]
1786869690.602 [OBSTACLES] cur_s=26.21 cur_d=0.41 vs=0.00 n=1 [id=181 static=1 gap=2.41m d=-0.06 size=0.24]
1786869691.192 [OBSTACLES] cur_s=26.22 cur_d=0.41 vs=0.00 n=1 [id=181 static=1 gap=2.41m d=-0.06 size=0.22]
1786869691.787 [OBSTACLES] cur_s=26.21 cur_d=0.41 vs=0.00 n=1 [id=181 static=1 gap=2.41m d=-0.06 size=0.24]
1786869692.347 [OBSTACLES] cur_s=26.31 cur_d=0.32 vs=0.66 n=1 [id=181 static=1 gap=2.31m d=-0.06 size=0.24]
1786869692.875 [OBSTACLES] cur_s=26.59 cur_d=0.03 vs=0.47 n=1 [id=181 static=1 gap=2.03m d=-0.06 size=0.25]
1786869693.448 [OBSTACLES] cur_s=27.44 cur_d=-0.19 vs=1.78 n=1 [id=181 static=1 gap=1.17m d=-0.06 size=0.24]
1786869693.958 [OBSTACLES] cur_s=28.03 cur_d=-0.48 vs=0.77 n=1 [id=181 static=1 gap=0.59m d=-0.06 size=0.23]
1786869694.469 [OBSTACLES] cur_s=28.71 cur_d=-0.48 vs=2.29 n=0 [none]
1786869694.993 [OBSTACLES] cur_s=29.74 cur_d=-0.04 vs=2.89 n=0 [none]
1786869695.505 [OBSTACLES] cur_s=31.42 cur_d=0.03 vs=3.51 n=0 [none]
1786869696.041 [OBSTACLES] cur_s=33.17 cur_d=0.07 vs=3.27 n=0 [none]
1786869696.399 [STATE_CHANGE] OVERTAKE -> LOSTLINE src=GB_TRACK s=0.67 d=0.32 vs=3.56
1786869696.434 [STATE_CHANGE] LOSTLINE -> GB_TRACK src=GB_TRACK s=0.88 d=0.29 vs=3.70
1786869696.614 [OBSTACLES] cur_s=1.26 cur_d=0.22 vs=4.10 n=0 [none]
1786869697.214 [OBSTACLES] cur_s=2.83 cur_d=0.14 vs=4.89 n=0 [none]
1786869697.728 [OBSTACLES] cur_s=5.48 cur_d=-0.04 vs=4.94 n=0 [none]
1786869698.237 [OBSTACLES] cur_s=7.76 cur_d=-0.05 vs=4.62 n=0 [none]
1786869698.733 [OBSTACLES] cur_s=9.83 cur_d=0.23 vs=3.36 n=0 [none]
1786869699.234 [OBSTACLES] cur_s=11.09 cur_d=-0.12 vs=2.09 n=0 [none]
1786869699.788 [OBSTACLES] cur_s=12.31 cur_d=-0.07 vs=2.70 n=0 [none]
1786869700.314 [OBSTACLES] cur_s=13.83 cur_d=0.15 vs=3.51 n=0 [none]
1786869700.473 [STATE_CHANGE] GB_TRACK -> RECOVERY src=RECOVERY s=14.42 d=0.34 vs=3.28
1786869700.852 [OBSTACLES] cur_s=15.60 cur_d=0.07 vs=1.81 n=0 [none]
1786869700.870 [STATE_CHANGE] RECOVERY -> GB_TRACK src=GB_TRACK s=15.64 d=0.05 vs=1.70
1786869701.352 [OBSTACLES] cur_s=16.54 cur_d=-0.16 vs=2.12 n=0 [none]
1786869701.905 [OBSTACLES] cur_s=17.58 cur_d=-0.06 vs=2.84 n=1 [id=182 static=0 gap=11.05m d=-1.12 size=0.28]
1786869702.353 [STATIC_OT] state=GB_TRACK path_exists=0 path_locked=0 path_ttl_ok=0 path_safe=0 on_spline=0 speed=3.86 raw_wpnts=0 raw_age=-s decision=TRAILING reason=NO_STATIC_PATH
1786869702.354 [STATE_CHANGE] GB_TRACK -> TRAILING src=GB_TRACK s=19.26 d=0.30 vs=3.86
1786869702.420 [OBSTACLES] cur_s=19.40 cur_d=0.29 vs=4.06 n=1 [id=182 static=0 gap=10.09m d=-0.94 size=0.38]
1786869702.556 [STATIC_OT] state=TRAILING path_exists=0 path_locked=0 path_ttl_ok=0 path_safe=0 on_spline=0 speed=4.50 raw_wpnts=0 raw_age=-s decision=TRAILING reason=NO_STATIC_PATH
1786869702.586 [STATE_CHANGE] TRAILING -> LOSTLINE src=GB_TRACK s=19.83 d=0.29 vs=4.55
1786869702.668 [STATE_CHANGE] LOSTLINE -> TRAILING src=GB_TRACK s=20.50 d=0.19 vs=4.41
1786869702.810 [STATIC_OT] state=TRAILING path_exists=0 path_locked=0 path_ttl_ok=0 path_safe=0 on_spline=0 speed=4.19 raw_wpnts=0 raw_age=-s decision=TRAILING reason=NO_STATIC_PATH
1786869703.949 [OBSTACLES] cur_s=21.81 cur_d=-0.22 vs=4.54 n=1 [id=182 static=1 gap=6.82m d=-1.19 size=0.34]
1786869703.952 [STATIC_OT] state=TRAILING path_exists=0 path_locked=0 path_ttl_ok=0 path_safe=0 on_spline=0 speed=4.54 raw_wpnts=0 raw_age=-s decision=TRAILING reason=NO_STATIC_PATH
1786869704.248 [STATIC_OT] state=TRAILING path_exists=0 path_locked=0 path_ttl_ok=0 path_safe=0 on_spline=0 speed=2.23 raw_wpnts=0 raw_age=-s decision=TRAILING reason=NO_STATIC_PATH
1786869704.450 [STATIC_OT] state=TRAILING path_exists=0 path_locked=0 path_ttl_ok=0 path_safe=0 on_spline=0 speed=1.89 raw_wpnts=0 raw_age=-s decision=TRAILING reason=NO_STATIC_PATH
1786869704.492 [OBSTACLES] cur_s=25.24 cur_d=-0.08 vs=1.89 n=1 [id=182 static=1 gap=3.39m d=-1.19 size=0.34]
1786869704.548 [STATE_CHANGE] TRAILING -> LOSTLINE src=GB_TRACK s=25.25 d=-0.07 vs=1.89
1786869704.580 [STATE_CHANGE] LOSTLINE -> GB_TRACK src=GB_TRACK s=25.27 d=-0.07 vs=1.89
1786869704.700 [STATIC_OT] state=GB_TRACK path_exists=0 path_locked=0 path_ttl_ok=0 path_safe=0 on_spline=0 speed=1.89 raw_wpnts=0 raw_age=-s decision=TRAILING reason=NO_STATIC_PATH
1786869704.701 [STATE_CHANGE] GB_TRACK -> TRAILING src=GB_TRACK s=22.68 d=-0.46 vs=1.89
1786869704.937 [STATE_CHANGE] TRAILING -> GB_TRACK src=GB_TRACK s=23.88 d=-0.05 vs=1.89
1786869705.025 [OBSTACLES] cur_s=24.56 cur_d=0.12 vs=1.71 n=1 [id=188 static=1 gap=0.61m d=0.63 size=0.26]
1786869705.538 [OBSTACLES] cur_s=25.57 cur_d=0.13 vs=2.89 n=0 [none]
1786869706.091 [OBSTACLES] cur_s=27.47 cur_d=-0.10 vs=3.68 n=0 [none]
1786869706.524 [STATE_CHANGE] GB_TRACK -> LOSTLINE src=GB_TRACK s=28.55 d=0.52 vs=3.15
1786869706.549 [STATE_CHANGE] LOSTLINE -> RECOVERY src=RECOVERY s=28.77 d=0.57 vs=3.12
1786869706.662 [OBSTACLES] cur_s=29.10 cur_d=0.55 vs=2.95 n=0 [none]
1786869706.923 [STATE_CHANGE] RECOVERY -> LOSTLINE src=GB_TRACK s=29.64 d=0.51 vs=0.24
1786869707.041 [STATE_CHANGE] LOSTLINE -> RECOVERY src=RECOVERY s=29.67 d=0.59 vs=0.18
1786869707.271 [OBSTACLES] cur_s=29.85 cur_d=0.66 vs=0.26 n=0 [none]
1786869707.787 [OBSTACLES] cur_s=29.87 cur_d=0.75 vs=0.00 n=0 [none]
1786869708.310 [OBSTACLES] cur_s=29.87 cur_d=0.76 vs=0.00 n=0 [none]
1786869708.833 [OBSTACLES] cur_s=29.88 cur_d=0.76 vs=0.00 n=0 [none]
1786869708.843 [STATE_CHANGE] RECOVERY -> LOSTLINE src=GB_TRACK s=29.88 d=0.76 vs=0.00
1786869709.368 [OBSTACLES] cur_s=29.81 cur_d=0.83 vs=-0.43 n=0 [none]
1786869709.900 [OBSTACLES] cur_s=29.20 cur_d=0.88 vs=-0.39 n=0 [none]
1786869710.464 [OBSTACLES] cur_s=28.74 cur_d=1.22 vs=0.00 n=0 [none]
1786869711.008 [OBSTACLES] cur_s=28.74 cur_d=1.21 vs=0.00 n=0 [none]
1786869711.516 [OBSTACLES] cur_s=28.82 cur_d=1.23 vs=-0.05 n=0 [none]
1786869712.038 [OBSTACLES] cur_s=28.82 cur_d=1.23 vs=0.00 n=0 [none]
1786869712.553 [OBSTACLES] cur_s=28.83 cur_d=1.23 vs=0.00 n=0 [none]
1786869713.082 [OBSTACLES] cur_s=28.83 cur_d=1.24 vs=0.00 n=0 [none]
1786869713.586 [OBSTACLES] cur_s=28.81 cur_d=1.24 vs=0.00 n=0 [none]
1786869713.935 [STATIC_OT] state=GB_TRACK path_exists=0 path_locked=0 path_ttl_ok=0 path_safe=0 on_spline=0 speed=0.00 raw_wpnts=0 raw_age=-s decision=TRAILING reason=NO_STATIC_PATH
1786869713.937 [STATE_CHANGE] LOSTLINE -> TRAILING src=GB_TRACK s=28.81 d=1.23 vs=0.00
1786869714.086 [OBSTACLES] cur_s=28.81 cur_d=1.23 vs=0.00 n=1 [id=199 static=1 gap=6.13m d=0.46 size=0.43]
1786869714.158 [STATIC_OT] state=TRAILING path_exists=0 path_locked=0 path_ttl_ok=0 path_safe=0 on_spline=0 speed=0.00 raw_wpnts=0 raw_age=-s decision=TRAILING reason=NO_STATIC_PATH
1786869714.362 [STATIC_OT] state=TRAILING path_exists=0 path_locked=0 path_ttl_ok=0 path_safe=0 on_spline=0 speed=0.00 raw_wpnts=0 raw_age=-s decision=TRAILING reason=NO_STATIC_PATH
1786869714.580 [STATIC_OT] state=TRAILING path_exists=0 path_locked=0 path_ttl_ok=0 path_safe=0 on_spline=0 speed=0.00 raw_wpnts=0 raw_age=-s decision=TRAILING reason=NO_STATIC_PATH
1786869714.672 [OBSTACLES] cur_s=28.84 cur_d=1.23 vs=0.00 n=2 [id=199 static=1 gap=6.11m d=0.45 size=0.43; id=201 static=1 gap=5.82m d=-0.41 size=0.20]
1786869714.794 [STATE_CHANGE] TRAILING -> LOSTLINE src=GB_TRACK s=28.84 d=1.23 vs=0.00
1786869715.209 [OBSTACLES] cur_s=28.81 cur_d=1.21 vs=0.00 n=0 [none]
1786869715.729 [OBSTACLES] cur_s=28.83 cur_d=1.21 vs=0.00 n=0 [none]
1786869716.274 [OBSTACLES] cur_s=28.82 cur_d=1.21 vs=0.00 n=0 [none]
1786869716.805 [OBSTACLES] cur_s=28.81 cur_d=1.15 vs=0.00 n=0 [none]
1786869717.348 [OBSTACLES] cur_s=28.85 cur_d=0.98 vs=0.00 n=0 [none]
1786869717.853 [OBSTACLES] cur_s=28.75 cur_d=0.71 vs=0.00 n=0 [none]
1786869718.382 [OBSTACLES] cur_s=28.62 cur_d=0.65 vs=0.00 n=0 [none]
1786869718.947 [OBSTACLES] cur_s=28.61 cur_d=0.65 vs=0.00 n=0 [none]
1786869719.477 [OBSTACLES] cur_s=28.61 cur_d=0.67 vs=0.00 n=0 [none]
1786869719.758 [STATIC_OT] state=GB_TRACK path_exists=0 path_locked=0 path_ttl_ok=0 path_safe=0 on_spline=0 speed=0.00 raw_wpnts=0 raw_age=-s decision=TRAILING reason=NO_STATIC_PATH
1786869719.764 [STATE_CHANGE] LOSTLINE -> TRAILING src=GB_TRACK s=28.56 d=0.62 vs=0.00
1786869719.961 [STATIC_OT] state=TRAILING path_exists=0 path_locked=0 path_ttl_ok=0 path_safe=0 on_spline=0 speed=0.00 raw_wpnts=0 raw_age=-s decision=TRAILING reason=NO_STATIC_PATH
1786869719.990 [OBSTACLES] cur_s=28.56 cur_d=0.62 vs=0.00 n=1 [id=205 static=1 gap=1.43m d=0.33 size=0.39]
1786869720.191 [STATIC_OT] state=TRAILING path_exists=0 path_locked=0 path_ttl_ok=0 path_safe=0 on_spline=0 speed=0.00 raw_wpnts=0 raw_age=-s decision=TRAILING reason=NO_STATIC_PATH
1786869720.422 [STATIC_OT] state=TRAILING path_exists=0 path_locked=0 path_ttl_ok=0 path_safe=0 on_spline=0 speed=0.00 raw_wpnts=0 raw_age=-s decision=TRAILING reason=NO_STATIC_PATH
1786869720.497 [OBSTACLES] cur_s=28.56 cur_d=0.62 vs=0.00 n=1 [id=205 static=1 gap=1.41m d=0.32 size=0.40]
1786869720.645 [STATIC_OT] state=TRAILING path_exists=0 path_locked=0 path_ttl_ok=0 path_safe=0 on_spline=0 speed=0.00 raw_wpnts=0 raw_age=-s decision=TRAILING reason=NO_STATIC_PATH
1786869720.918 [STATIC_OT] state=TRAILING path_exists=0 path_locked=0 path_ttl_ok=0 path_safe=0 on_spline=0 speed=0.00 raw_wpnts=0 raw_age=-s decision=TRAILING reason=NO_STATIC_PATH
1786869721.031 [OBSTACLES] cur_s=28.57 cur_d=0.63 vs=0.00 n=1 [id=205 static=1 gap=1.40m d=0.32 size=0.41]
1786869721.181 [STATIC_OT] state=TRAILING path_exists=0 path_locked=0 path_ttl_ok=0 path_safe=0 on_spline=0 speed=0.00 raw_wpnts=0 raw_age=-s decision=TRAILING reason=NO_STATIC_PATH
1786869721.435 [STATIC_OT] state=TRAILING path_exists=0 path_locked=0 path_ttl_ok=0 path_safe=0 on_spline=0 speed=0.00 raw_wpnts=0 raw_age=-s decision=TRAILING reason=NO_STATIC_PATH
1786869721.573 [OBSTACLES] cur_s=28.48 cur_d=0.64 vs=0.00 n=1 [id=205 static=1 gap=1.51m d=0.32 size=0.35]
1786869721.673 [STATIC_OT] state=TRAILING path_exists=0 path_locked=0 path_ttl_ok=0 path_safe=0 on_spline=0 speed=0.00 raw_wpnts=0 raw_age=-s decision=TRAILING reason=NO_STATIC_PATH
1786869721.917 [STATIC_OT] state=TRAILING path_exists=0 path_locked=0 path_ttl_ok=0 path_safe=0 on_spline=0 speed=0.00 raw_wpnts=0 raw_age=-s decision=TRAILING reason=NO_STATIC_PATH
1786869722.082 [OBSTACLES] cur_s=28.36 cur_d=0.64 vs=0.00 n=1 [id=205 static=1 gap=1.64m d=0.33 size=0.30]
1786869722.190 [STATIC_OT] state=TRAILING path_exists=0 path_locked=0 path_ttl_ok=0 path_safe=0 on_spline=0 speed=0.00 raw_wpnts=0 raw_age=-s decision=TRAILING reason=NO_STATIC_PATH
1786869722.441 [STATIC_OT] state=TRAILING path_exists=0 path_locked=0 path_ttl_ok=0 path_safe=0 on_spline=0 speed=0.00 raw_wpnts=0 raw_age=-s decision=TRAILING reason=NO_STATIC_PATH
1786869722.646 [OBSTACLES] cur_s=28.38 cur_d=0.64 vs=0.00 n=1 [id=205 static=1 gap=1.58m d=0.33 size=0.34]
1786869722.648 [STATIC_OT] state=TRAILING path_exists=0 path_locked=0 path_ttl_ok=0 path_safe=0 on_spline=0 speed=0.00 raw_wpnts=0 raw_age=-s decision=TRAILING reason=NO_STATIC_PATH
1786869722.913 [STATIC_OT] state=TRAILING path_exists=0 path_locked=0 path_ttl_ok=0 path_safe=0 on_spline=0 speed=0.00 raw_wpnts=0 raw_age=-s decision=TRAILING reason=NO_STATIC_PATH
1786869723.137 [STATIC_OT] state=TRAILING path_exists=0 path_locked=0 path_ttl_ok=0 path_safe=0 on_spline=0 speed=0.00 raw_wpnts=0 raw_age=-s decision=TRAILING reason=NO_STATIC_PATH
1786869723.201 [OBSTACLES] cur_s=28.37 cur_d=0.64 vs=0.00 n=1 [id=205 static=1 gap=1.57m d=0.33 size=0.33]
1786869723.344 [STATIC_OT] state=TRAILING path_exists=0 path_locked=0 path_ttl_ok=0 path_safe=0 on_spline=0 speed=0.00 raw_wpnts=0 raw_age=-s decision=TRAILING reason=NO_STATIC_PATH
1786869723.614 [STATIC_OT] state=TRAILING path_exists=0 path_locked=0 path_ttl_ok=0 path_safe=0 on_spline=0 speed=0.00 raw_wpnts=0 raw_age=-s decision=TRAILING reason=NO_STATIC_PATH
1786869723.718 [OBSTACLES] cur_s=28.38 cur_d=0.63 vs=0.00 n=1 [id=205 static=1 gap=1.55m d=0.33 size=0.33]
1786869723.846 [STATIC_OT] state=TRAILING path_exists=0 path_locked=0 path_ttl_ok=0 path_safe=0 on_spline=0 speed=0.00 raw_wpnts=0 raw_age=-s decision=TRAILING reason=NO_STATIC_PATH
1786869724.101 [STATIC_OT] state=TRAILING path_exists=0 path_locked=0 path_ttl_ok=0 path_safe=0 on_spline=0 speed=0.00 raw_wpnts=0 raw_age=-s decision=TRAILING reason=NO_STATIC_PATH
1786869724.267 [OBSTACLES] cur_s=28.39 cur_d=0.64 vs=0.00 n=1 [id=205 static=1 gap=1.56m d=0.33 size=0.29]
1786869724.356 [STATIC_OT] state=TRAILING path_exists=0 path_locked=0 path_ttl_ok=0 path_safe=0 on_spline=0 speed=0.00 raw_wpnts=0 raw_age=-s decision=TRAILING reason=NO_STATIC_PATH
1786869724.589 [STATIC_OT] state=TRAILING path_exists=0 path_locked=0 path_ttl_ok=0 path_safe=0 on_spline=0 speed=0.00 raw_wpnts=0 raw_age=-s decision=TRAILING reason=NO_STATIC_PATH
1786869724.780 [OBSTACLES] cur_s=28.38 cur_d=0.63 vs=0.00 n=1 [id=205 static=1 gap=1.54m d=0.33 size=0.33]
1786869724.829 [STATIC_OT] state=TRAILING path_exists=0 path_locked=0 path_ttl_ok=0 path_safe=0 on_spline=0 speed=0.00 raw_wpnts=0 raw_age=-s decision=TRAILING reason=NO_STATIC_PATH
1786869725.153 [STATIC_OT] state=TRAILING path_exists=0 path_locked=0 path_ttl_ok=0 path_safe=0 on_spline=0 speed=0.00 raw_wpnts=0 raw_age=-s decision=TRAILING reason=NO_STATIC_PATH
1786869725.301 [OBSTACLES] cur_s=28.39 cur_d=0.64 vs=0.00 n=1 [id=205 static=1 gap=1.53m d=0.33 size=0.32]
1786869725.397 [STATIC_OT] state=TRAILING path_exists=0 path_locked=0 path_ttl_ok=0 path_safe=0 on_spline=0 speed=0.00 raw_wpnts=0 raw_age=-s decision=TRAILING reason=NO_STATIC_PATH
1786869725.699 [STATIC_OT] state=TRAILING path_exists=0 path_locked=0 path_ttl_ok=0 path_safe=0 on_spline=0 speed=0.00 raw_wpnts=0 raw_age=-s decision=TRAILING reason=NO_STATIC_PATH
1786869725.820 [OBSTACLES] cur_s=28.40 cur_d=0.64 vs=0.00 n=1 [id=205 static=1 gap=1.54m d=0.33 size=0.29]
1786869725.920 [STATIC_OT] state=TRAILING path_exists=0 path_locked=0 path_ttl_ok=0 path_safe=0 on_spline=0 speed=0.00 raw_wpnts=0 raw_age=-s decision=TRAILING reason=NO_STATIC_PATH
1786869726.157 [STATIC_OT] state=TRAILING path_exists=0 path_locked=0 path_ttl_ok=0 path_safe=0 on_spline=0 speed=0.00 raw_wpnts=0 raw_age=-s decision=TRAILING reason=NO_STATIC_PATH
1786869726.330 [OBSTACLES] cur_s=28.39 cur_d=0.63 vs=0.00 n=1 [id=205 static=1 gap=1.52m d=0.33 size=0.33]
1786869726.375 [STATIC_OT] state=TRAILING path_exists=0 path_locked=0 path_ttl_ok=0 path_safe=0 on_spline=0 speed=0.00 raw_wpnts=0 raw_age=-s decision=TRAILING reason=NO_STATIC_PATH
1786869726.590 [STATIC_OT] state=TRAILING path_exists=0 path_locked=0 path_ttl_ok=0 path_safe=0 on_spline=0 speed=0.00 raw_wpnts=0 raw_age=-s decision=TRAILING reason=NO_STATIC_PATH
1786869726.792 [STATIC_OT] state=TRAILING path_exists=0 path_locked=0 path_ttl_ok=0 path_safe=0 on_spline=0 speed=0.00 raw_wpnts=0 raw_age=-s decision=TRAILING reason=NO_STATIC_PATH
1786869726.833 [OBSTACLES] cur_s=28.34 cur_d=0.66 vs=0.00 n=1 [id=205 static=1 gap=1.56m d=0.33 size=0.35]
1786869727.023 [STATIC_OT] state=TRAILING path_exists=0 path_locked=0 path_ttl_ok=0 path_safe=0 on_spline=0 speed=0.00 raw_wpnts=0 raw_age=-s decision=TRAILING reason=NO_STATIC_PATH
1786869727.262 [STATIC_OT] state=TRAILING path_exists=0 path_locked=0 path_ttl_ok=0 path_safe=0 on_spline=0 speed=0.00 raw_wpnts=0 raw_age=-s decision=TRAILING reason=NO_STATIC_PATH
1786869727.350 [OBSTACLES] cur_s=28.19 cur_d=1.47 vs=0.00 n=1 [id=205 static=1 gap=1.67m d=0.32 size=0.41]
1786869727.480 [STATIC_OT] state=TRAILING path_exists=0 path_locked=0 path_ttl_ok=0 path_safe=0 on_spline=0 speed=0.00 raw_wpnts=0 raw_age=-s decision=TRAILING reason=NO_STATIC_PATH
1786869727.686 [STATE_CHANGE] TRAILING -> LOSTLINE src=GB_TRACK s=27.90 d=1.87 vs=0.00
1786869727.853 [OBSTACLES] cur_s=26.80 cur_d=1.55 vs=0.00 n=0 [none]
1786869728.367 [OBSTACLES] cur_s=25.18 cur_d=1.12 vs=0.00 n=0 [none]
1786869728.891 [OBSTACLES] cur_s=24.53 cur_d=1.38 vs=0.00 n=0 [none]
1786869729.454 [OBSTACLES] cur_s=23.95 cur_d=1.83 vs=0.00 n=0 [none]
1786869729.968 [OBSTACLES] cur_s=22.56 cur_d=2.43 vs=0.00 n=0 [none]
1786869730.220 [STATIC_OT] state=GB_TRACK path_exists=0 path_locked=0 path_ttl_ok=0 path_safe=0 on_spline=0 speed=0.00 raw_wpnts=0 raw_age=-s decision=TRAILING reason=NO_STATIC_PATH
1786869730.226 [STATE_CHANGE] LOSTLINE -> TRAILING src=GB_TRACK s=22.40 d=2.75 vs=0.00
1786869730.473 [OBSTACLES] cur_s=21.53 cur_d=3.25 vs=0.00 n=0 [none]
1786869730.473 [STATE_CHANGE] TRAILING -> LOSTLINE src=GB_TRACK s=21.53 d=3.25 vs=0.00
1786869730.998 [OBSTACLES] cur_s=6.24 cur_d=2.93 vs=0.00 n=0 [none]
1786869731.528 [OBSTACLES] cur_s=4.24 cur_d=2.39 vs=0.00 n=0 [none]
1786869732.118 [OBSTACLES] cur_s=4.96 cur_d=2.33 vs=0.00 n=0 [none]
1786869732.626 [OBSTACLES] cur_s=4.51 cur_d=2.45 vs=0.00 n=0 [none]
1786869733.142 [OBSTACLES] cur_s=4.59 cur_d=2.69 vs=0.00 n=0 [none]
1786869733.672 [OBSTACLES] cur_s=5.28 cur_d=2.43 vs=0.00 n=0 [none]
1786869734.213 [OBSTACLES] cur_s=5.96 cur_d=2.16 vs=0.00 n=0 [none]
1786869734.725 [OBSTACLES] cur_s=6.34 cur_d=1.78 vs=0.00 n=0 [none]
1786869735.229 [OBSTACLES] cur_s=6.40 cur_d=1.69 vs=0.00 n=0 [none]
1786869735.971 [OBSTACLES] cur_s=6.69 cur_d=1.47 vs=0.00 n=0 [none]
1786869736.515 [OBSTACLES] cur_s=7.14 cur_d=1.20 vs=0.00 n=0 [none]
1786869737.019 [OBSTACLES] cur_s=6.34 cur_d=1.83 vs=0.00 n=0 [none]
1786869737.597 [OBSTACLES] cur_s=6.41 cur_d=1.77 vs=0.00 n=0 [none]
1786869738.149 [OBSTACLES] cur_s=5.17 cur_d=2.69 vs=0.00 n=0 [none]
1786869738.732 [OBSTACLES] cur_s=5.82 cur_d=2.54 vs=0.00 n=0 [none]
1786869739.236 [OBSTACLES] cur_s=5.83 cur_d=2.47 vs=0.00 n=0 [none]
1786869739.752 [OBSTACLES] cur_s=6.87 cur_d=2.38 vs=0.00 n=0 [none]
1786869740.298 [OBSTACLES] cur_s=7.66 cur_d=2.42 vs=0.00 n=0 [none]
1786869740.835 [OBSTACLES] cur_s=7.93 cur_d=2.22 vs=0.00 n=0 [none]
1786869741.356 [OBSTACLES] cur_s=8.34 cur_d=2.13 vs=-0.00 n=0 [none]
1786869741.476 [STATIC_OT] state=GB_TRACK path_exists=0 path_locked=0 path_ttl_ok=0 path_safe=0 on_spline=0 speed=-0.00 raw_wpnts=0 raw_age=-s decision=TRAILING reason=NO_STATIC_PATH
1786869741.477 [STATE_CHANGE] LOSTLINE -> TRAILING src=GB_TRACK s=8.42 d=2.11 vs=-0.00
1786869741.757 [STATIC_OT] state=TRAILING path_exists=0 path_locked=0 path_ttl_ok=0 path_safe=0 on_spline=0 speed=0.00 raw_wpnts=0 raw_age=-s decision=TRAILING reason=NO_STATIC_PATH
1786869741.895 [OBSTACLES] cur_s=12.93 cur_d=1.79 vs=0.00 n=1 [id=278 static=1 gap=3.95m d=-0.02 size=0.43]
1786869741.966 [STATIC_OT] state=TRAILING path_exists=0 path_locked=0 path_ttl_ok=0 path_safe=0 on_spline=0 speed=-0.00 raw_wpnts=0 raw_age=-s decision=TRAILING reason=NO_STATIC_PATH
1786869742.188 [STATIC_OT] state=TRAILING path_exists=0 path_locked=0 path_ttl_ok=0 path_safe=0 on_spline=0 speed=-0.00 raw_wpnts=0 raw_age=-s decision=TRAILING reason=NO_STATIC_PATH
1786869742.249 [STATE_CHANGE] TRAILING -> LOSTLINE src=GB_TRACK s=8.73 d=1.44 vs=-0.00
1786869742.429 [OBSTACLES] cur_s=8.58 cur_d=1.59 vs=-0.00 n=0 [none]
1786869742.958 [OBSTACLES] cur_s=8.67 cur_d=1.61 vs=-0.00 n=0 [none]
1786869743.483 [OBSTACLES] cur_s=8.68 cur_d=1.63 vs=-0.00 n=0 [none]
1786869743.987 [OBSTACLES] cur_s=8.57 cur_d=1.63 vs=-0.00 n=0 [none]
1786869744.525 [OBSTACLES] cur_s=8.52 cur_d=1.64 vs=-0.00 n=0 [none]
1786869745.055 [OBSTACLES] cur_s=8.52 cur_d=1.64 vs=-0.00 n=0 [none]
1786869745.439 [STATIC_OT] state=GB_TRACK path_exists=0 path_locked=0 path_ttl_ok=0 path_safe=0 on_spline=0 speed=-0.00 raw_wpnts=0 raw_age=-s decision=TRAILING reason=NO_STATIC_PATH
1786869745.442 [STATE_CHANGE] LOSTLINE -> TRAILING src=GB_TRACK s=8.84 d=1.70 vs=-0.00
1786869745.610 [OBSTACLES] cur_s=8.97 cur_d=1.63 vs=-0.00 n=1 [id=282 static=1 gap=17.02m d=0.57 size=0.44]
1786869745.688 [STATIC_OT] state=TRAILING path_exists=0 path_locked=0 path_ttl_ok=0 path_safe=0 on_spline=0 speed=-0.00 raw_wpnts=0 raw_age=-s decision=TRAILING reason=NO_STATIC_PATH
1786869745.814 [STATE_CHANGE] TRAILING -> LOSTLINE src=GB_TRACK s=9.02 d=1.63 vs=-0.00
1786869746.117 [OBSTACLES] cur_s=9.04 cur_d=1.62 vs=-0.00 n=0 [none]
1786869746.651 [OBSTACLES] cur_s=9.02 cur_d=1.65 vs=-0.00 n=0 [none]
1786869747.357 [OBSTACLES] cur_s=9.02 cur_d=1.66 vs=-0.00 n=0 [none]
1786869747.875 [OBSTACLES] cur_s=9.01 cur_d=1.66 vs=-0.00 n=0 [none]
1786869748.384 [OBSTACLES] cur_s=9.02 cur_d=1.67 vs=-0.00 n=0 [none]
1786869748.906 [OBSTACLES] cur_s=9.00 cur_d=1.63 vs=-0.00 n=0 [none]
1786869749.424 [OBSTACLES] cur_s=8.98 cur_d=1.54 vs=-0.00 n=0 [none]
1786869749.603 [STATIC_OT] state=GB_TRACK path_exists=0 path_locked=0 path_ttl_ok=0 path_safe=0 on_spline=0 speed=-0.00 raw_wpnts=0 raw_age=-s decision=TRAILING reason=NO_STATIC_PATH
1786869749.603 [STATE_CHANGE] LOSTLINE -> TRAILING src=GB_TRACK s=9.01 d=1.66 vs=-0.00
1786869749.803 [STATIC_OT] state=TRAILING path_exists=0 path_locked=0 path_ttl_ok=0 path_safe=0 on_spline=0 speed=-0.00 raw_wpnts=0 raw_age=-s decision=TRAILING reason=NO_STATIC_PATH
1786869749.935 [OBSTACLES] cur_s=9.02 cur_d=1.67 vs=-0.00 n=0 [none]
1786869749.938 [STATE_CHANGE] TRAILING -> LOSTLINE src=GB_TRACK s=9.02 d=1.67 vs=-0.00
1786869750.371 [STATIC_OT] state=GB_TRACK path_exists=0 path_locked=0 path_ttl_ok=0 path_safe=0 on_spline=0 speed=-0.00 raw_wpnts=0 raw_age=-s decision=TRAILING reason=NO_STATIC_PATH
1786869750.380 [STATE_CHANGE] LOSTLINE -> TRAILING src=GB_TRACK s=9.02 d=1.66 vs=-0.00
1786869750.444 [OBSTACLES] cur_s=9.02 cur_d=1.66 vs=-0.00 n=1 [id=284 static=1 gap=19.45m d=-0.25 size=0.23]
1786869750.576 [STATIC_OT] state=TRAILING path_exists=0 path_locked=0 path_ttl_ok=0 path_safe=0 on_spline=0 speed=-0.00 raw_wpnts=0 raw_age=-s decision=TRAILING reason=NO_STATIC_PATH
1786869750.809 [STATIC_OT] state=TRAILING path_exists=0 path_locked=0 path_ttl_ok=0 path_safe=0 on_spline=0 speed=-0.00 raw_wpnts=0 raw_age=-s decision=TRAILING reason=NO_STATIC_PATH
1786869750.902 [STATE_CHANGE] TRAILING -> LOSTLINE src=GB_TRACK s=9.03 d=1.65 vs=-0.00
1786869750.975 [OBSTACLES] cur_s=9.02 cur_d=1.66 vs=-0.00 n=0 [none]
1786869751.507 [OBSTACLES] cur_s=9.02 cur_d=1.65 vs=-0.00 n=0 [none]
1786869752.044 [OBSTACLES] cur_s=9.02 cur_d=1.65 vs=-0.00 n=0 [none]
1786869752.570 [OBSTACLES] cur_s=9.01 cur_d=1.67 vs=-0.00 n=0 [none]
1786869753.092 [OBSTACLES] cur_s=9.02 cur_d=1.66 vs=-0.00 n=0 [none]
1786869753.598 [OBSTACLES] cur_s=9.01 cur_d=1.67 vs=-0.00 n=0 [none]
1786869754.119 [OBSTACLES] cur_s=9.01 cur_d=1.65 vs=-0.00 n=0 [none]
1786869754.670 [OBSTACLES] cur_s=9.02 cur_d=1.66 vs=-0.00 n=0 [none]
1786869755.213 [OBSTACLES] cur_s=9.03 cur_d=1.64 vs=-0.00 n=0 [none]
1786869755.752 [OBSTACLES] cur_s=9.02 cur_d=1.65 vs=-0.00 n=0 [none]
1786869756.258 [OBSTACLES] cur_s=9.01 cur_d=1.67 vs=-0.00 n=0 [none]
1786869756.779 [OBSTACLES] cur_s=9.02 cur_d=1.66 vs=-0.00 n=0 [none]
1786869757.296 [OBSTACLES] cur_s=9.02 cur_d=1.65 vs=-0.00 n=0 [none]
1786869757.816 [OBSTACLES] cur_s=9.01 cur_d=1.66 vs=-0.00 n=0 [none]
1786869758.669 [OBSTACLES] cur_s=9.02 cur_d=1.66 vs=-0.00 n=0 [none]
1786869759.479 [OBSTACLES] cur_s=9.02 cur_d=1.65 vs=-0.00 n=0 [none]
1786869760.137 [OBSTACLES] cur_s=9.02 cur_d=1.65 vs=-0.00 n=0 [none]
1786869761.094 [OBSTACLES] cur_s=9.02 cur_d=1.66 vs=-0.00 n=0 [none]
1786869762.236 [OBSTACLES] cur_s=9.03 cur_d=1.65 vs=-0.00 n=0 [none]
1786869762.957 [OBSTACLES] cur_s=9.03 cur_d=1.65 vs=-0.00 n=0 [none]
1786869763.537 [OBSTACLES] cur_s=9.02 cur_d=1.67 vs=-0.00 n=0 [none]
1786869764.108 [OBSTACLES] cur_s=9.02 cur_d=1.66 vs=-0.00 n=0 [none]
1786869764.662 [OBSTACLES] cur_s=9.03 cur_d=1.66 vs=-0.00 n=0 [none]
1786869765.192 [OBSTACLES] cur_s=9.02 cur_d=1.65 vs=-0.00 n=0 [none]
1786869765.721 [OBSTACLES] cur_s=9.03 cur_d=1.66 vs=-0.00 n=0 [none]
1786869766.259 [OBSTACLES] cur_s=9.02 cur_d=1.65 vs=-0.00 n=0 [none]
1786869766.785 [OBSTACLES] cur_s=9.02 cur_d=1.66 vs=-0.00 n=0 [none]
1786869767.317 [OBSTACLES] cur_s=9.03 cur_d=1.64 vs=-0.00 n=0 [none]
1786869767.863 [OBSTACLES] cur_s=9.02 cur_d=1.66 vs=-0.00 n=0 [none]
1786869768.395 [OBSTACLES] cur_s=9.03 cur_d=1.64 vs=-0.00 n=0 [none]
1786869768.903 [OBSTACLES] cur_s=9.03 cur_d=1.62 vs=-0.00 n=0 [none]
1786869769.428 [OBSTACLES] cur_s=9.03 cur_d=1.63 vs=-0.00 n=0 [none]
1786869769.984 [OBSTACLES] cur_s=9.04 cur_d=1.61 vs=-0.00 n=0 [none]
1786869770.530 [OBSTACLES] cur_s=9.03 cur_d=1.62 vs=-0.00 n=0 [none]
1786869771.133 [OBSTACLES] cur_s=9.04 cur_d=1.60 vs=-0.00 n=0 [none]
1786869771.680 [OBSTACLES] cur_s=9.02 cur_d=1.66 vs=-0.00 n=0 [none]
1786869772.224 [OBSTACLES] cur_s=9.03 cur_d=1.65 vs=-0.00 n=0 [none]
1786869772.766 [OBSTACLES] cur_s=9.02 cur_d=1.66 vs=-0.00 n=0 [none]
1786869773.272 [OBSTACLES] cur_s=9.03 cur_d=1.64 vs=-0.00 n=0 [none]
1786869775.959 [OBSTACLES] cur_s=9.02 cur_d=1.65 vs=-0.00 n=0 [none]
1786869782.136 [OBSTACLES] cur_s=9.02 cur_d=1.65 vs=-0.00 n=0 [none]
1786869782.908 [OBSTACLES] cur_s=9.02 cur_d=1.66 vs=-0.00 n=0 [none]
1786869783.422 [OBSTACLES] cur_s=9.02 cur_d=1.65 vs=-0.00 n=0 [none]
1786869783.939 [OBSTACLES] cur_s=9.02 cur_d=1.66 vs=-0.00 n=0 [none]
1786869784.456 [OBSTACLES] cur_s=9.03 cur_d=1.64 vs=-0.00 n=0 [none]
1786869785.016 [OBSTACLES] cur_s=9.03 cur_d=1.65 vs=-0.00 n=0 [none]
1786869785.555 [OBSTACLES] cur_s=9.02 cur_d=1.65 vs=-0.00 n=0 [none]
1786869786.067 [OBSTACLES] cur_s=9.02 cur_d=1.66 vs=-0.00 n=0 [none]
1786869786.577 [OBSTACLES] cur_s=9.03 cur_d=1.66 vs=-0.00 n=0 [none]
1786869787.752 [OBSTACLES] cur_s=9.03 cur_d=1.65 vs=-0.00 n=0 [none]
1786869788.440 [OBSTACLES] cur_s=9.03 cur_d=1.62 vs=-0.00 n=0 [none]
1786869789.035 [OBSTACLES] cur_s=9.03 cur_d=1.65 vs=-0.00 n=0 [none]
1786869789.965 [OBSTACLES] cur_s=9.03 cur_d=1.61 vs=-0.00 n=0 [none]
1786869790.490 [OBSTACLES] cur_s=9.03 cur_d=1.62 vs=-0.00 n=0 [none]
1786869791.002 [OBSTACLES] cur_s=9.03 cur_d=1.62 vs=-0.00 n=0 [none]
1786869791.535 [OBSTACLES] cur_s=9.03 cur_d=1.63 vs=-0.00 n=0 [none]
1786869792.055 [OBSTACLES] cur_s=9.03 cur_d=1.63 vs=-0.00 n=0 [none]
1786869792.594 [OBSTACLES] cur_s=9.03 cur_d=1.63 vs=-0.00 n=0 [none]
1786869793.112 [OBSTACLES] cur_s=9.02 cur_d=1.65 vs=-0.00 n=0 [none]
1786869793.650 [OBSTACLES] cur_s=9.03 cur_d=1.63 vs=-0.00 n=0 [none]
1786869794.189 [OBSTACLES] cur_s=9.03 cur_d=1.60 vs=-0.00 n=0 [none]
1786869794.722 [OBSTACLES] cur_s=9.04 cur_d=1.60 vs=-0.00 n=0 [none]
1786869795.227 [OBSTACLES] cur_s=9.04 cur_d=1.62 vs=-0.00 n=0 [none]
1786869795.732 [OBSTACLES] cur_s=9.23 cur_d=1.62 vs=-0.00 n=0 [none]
1786869796.349 [OBSTACLES] cur_s=9.03 cur_d=1.62 vs=-0.00 n=0 [none]
1786869796.858 [OBSTACLES] cur_s=8.68 cur_d=1.63 vs=-0.00 n=0 [none]
1786869797.375 [OBSTACLES] cur_s=8.66 cur_d=1.61 vs=-0.00 n=0 [none]
1786869797.767 [STATIC_OT] state=GB_TRACK path_exists=0 path_locked=0 path_ttl_ok=0 path_safe=0 on_spline=0 speed=-0.00 raw_wpnts=0 raw_age=-s decision=TRAILING reason=NO_STATIC_PATH
1786869797.768 [STATE_CHANGE] LOSTLINE -> TRAILING src=GB_TRACK s=8.90 d=1.70 vs=-0.00
1786869797.910 [OBSTACLES] cur_s=9.02 cur_d=1.65 vs=-0.00 n=1 [id=291 static=0 gap=19.30m d=0.07 size=0.16]
1786869798.010 [STATIC_OT] state=TRAILING path_exists=0 path_locked=0 path_ttl_ok=0 path_safe=0 on_spline=0 speed=-0.00 raw_wpnts=0 raw_age=-s decision=TRAILING reason=NO_STATIC_PATH
1786869798.134 [STATE_CHANGE] TRAILING -> LOSTLINE src=GB_TRACK s=9.02 d=1.66 vs=-0.00
1786869798.433 [OBSTACLES] cur_s=9.02 cur_d=1.66 vs=-0.00 n=0 [none]
1786869798.962 [OBSTACLES] cur_s=9.02 cur_d=1.65 vs=-0.00 n=0 [none]
1786869799.473 [OBSTACLES] cur_s=9.03 cur_d=1.65 vs=-0.00 n=0 [none]
1786869799.997 [OBSTACLES] cur_s=9.04 cur_d=1.62 vs=-0.00 n=0 [none]
1786869800.501 [OBSTACLES] cur_s=9.03 cur_d=1.61 vs=-0.00 n=0 [none]
1786869801.012 [OBSTACLES] cur_s=9.03 cur_d=1.62 vs=-0.00 n=0 [none]
1786869801.571 [OBSTACLES] cur_s=9.03 cur_d=1.62 vs=-0.00 n=0 [none]
1786869802.090 [OBSTACLES] cur_s=9.02 cur_d=1.65 vs=-0.00 n=0 [none]
1786869802.638 [OBSTACLES] cur_s=9.03 cur_d=1.65 vs=-0.00 n=0 [none]
1786869803.302 [OBSTACLES] cur_s=9.02 cur_d=1.66 vs=-0.00 n=0 [none]
1786869803.808 [OBSTACLES] cur_s=9.03 cur_d=1.64 vs=-0.00 n=0 [none]
1786869804.316 [OBSTACLES] cur_s=9.03 cur_d=1.64 vs=-0.00 n=0 [none]
1786869804.872 [OBSTACLES] cur_s=9.03 cur_d=1.65 vs=-0.00 n=0 [none]
1786869805.393 [OBSTACLES] cur_s=9.03 cur_d=1.63 vs=-0.00 n=0 [none]
1786869805.894 [OBSTACLES] cur_s=9.02 cur_d=1.70 vs=-0.00 n=0 [none]
1786869806.412 [OBSTACLES] cur_s=9.04 cur_d=1.62 vs=-0.00 n=0 [none]
1786869806.918 [OBSTACLES] cur_s=9.50 cur_d=1.61 vs=-0.00 n=0 [none]
1786869807.344 [STATIC_OT] state=GB_TRACK path_exists=0 path_locked=0 path_ttl_ok=0 path_safe=0 on_spline=0 speed=-0.00 raw_wpnts=0 raw_age=-s decision=TRAILING reason=NO_STATIC_PATH
1786869807.345 [STATE_CHANGE] LOSTLINE -> TRAILING src=GB_TRACK s=8.67 d=1.74 vs=-0.00
1786869807.425 [OBSTACLES] cur_s=8.67 cur_d=1.74 vs=-0.00 n=1 [id=293 static=1 gap=17.19m d=0.60 size=0.41]
1786869807.561 [STATIC_OT] state=TRAILING path_exists=0 path_locked=0 path_ttl_ok=0 path_safe=0 on_spline=0 speed=-0.00 raw_wpnts=0 raw_age=-s decision=TRAILING reason=NO_STATIC_PATH
1786869807.781 [STATE_CHANGE] TRAILING -> LOSTLINE src=GB_TRACK s=8.67 d=1.60 vs=-0.00
1786869807.940 [OBSTACLES] cur_s=8.66 cur_d=1.57 vs=-0.00 n=0 [none]
1786869808.484 [OBSTACLES] cur_s=8.67 cur_d=1.58 vs=-0.00 n=0 [none]
1786869808.998 [OBSTACLES] cur_s=9.01 cur_d=1.68 vs=-0.00 n=0 [none]
1786869809.119 [STATIC_OT] state=GB_TRACK path_exists=0 path_locked=0 path_ttl_ok=0 path_safe=0 on_spline=0 speed=-0.00 raw_wpnts=0 raw_age=-s decision=TRAILING reason=NO_STATIC_PATH
1786869809.131 [STATE_CHANGE] LOSTLINE -> TRAILING src=GB_TRACK s=9.02 d=1.67 vs=-0.00
1786869809.330 [STATIC_OT] state=TRAILING path_exists=0 path_locked=0 path_ttl_ok=0 path_safe=0 on_spline=0 speed=-0.00 raw_wpnts=0 raw_age=-s decision=TRAILING reason=NO_STATIC_PATH
1786869809.349 [STATE_CHANGE] TRAILING -> LOSTLINE src=GB_TRACK s=9.03 d=1.65 vs=-0.00
1786869809.607 [OBSTACLES] cur_s=9.03 cur_d=1.65 vs=-0.00 n=0 [none]
1786869810.173 [OBSTACLES] cur_s=9.02 cur_d=1.64 vs=-0.00 n=0 [none]
1786869810.687 [OBSTACLES] cur_s=9.03 cur_d=1.64 vs=-0.00 n=0 [none]
1786869811.233 [OBSTACLES] cur_s=9.04 cur_d=1.61 vs=-0.00 n=0 [none]
1786869811.767 [OBSTACLES] cur_s=9.03 cur_d=1.64 vs=-0.00 n=0 [none]
1786869812.277 [OBSTACLES] cur_s=9.03 cur_d=1.60 vs=-0.00 n=0 [none]
1786869812.813 [OBSTACLES] cur_s=9.04 cur_d=1.64 vs=-0.00 n=0 [none]
1786869813.320 [OBSTACLES] cur_s=9.03 cur_d=1.64 vs=-0.00 n=0 [none]
1786869813.846 [OBSTACLES] cur_s=9.02 cur_d=1.65 vs=-0.00 n=0 [none]
1786869814.371 [OBSTACLES] cur_s=9.03 cur_d=1.65 vs=-0.00 n=0 [none]
1786869814.888 [OBSTACLES] cur_s=9.03 cur_d=1.64 vs=-0.00 n=0 [none]
1786869815.430 [OBSTACLES] cur_s=9.04 cur_d=1.61 vs=-0.00 n=0 [none]
1786869816.007 [OBSTACLES] cur_s=9.03 cur_d=1.61 vs=-0.00 n=0 [none]
1786869816.694 [OBSTACLES] cur_s=9.02 cur_d=1.65 vs=-0.00 n=0 [none]
1786869817.349 [OBSTACLES] cur_s=9.02 cur_d=1.67 vs=-0.00 n=0 [none]
1786869817.917 [OBSTACLES] cur_s=8.99 cur_d=1.73 vs=-0.00 n=0 [none]
1786869818.453 [OBSTACLES] cur_s=9.10 cur_d=1.62 vs=-0.00 n=0 [none]
1786869818.969 [OBSTACLES] cur_s=9.01 cur_d=1.57 vs=-0.00 n=0 [none]
1786869819.488 [OBSTACLES] cur_s=9.02 cur_d=1.64 vs=-0.00 n=0 [none]
1786869820.006 [OBSTACLES] cur_s=9.03 cur_d=1.61 vs=-0.00 n=0 [none]
1786869820.549 [OBSTACLES] cur_s=9.03 cur_d=1.63 vs=-0.00 n=0 [none]
1786869821.179 [OBSTACLES] cur_s=9.03 cur_d=1.66 vs=-0.00 n=0 [none]
1786869821.769 [OBSTACLES] cur_s=9.03 cur_d=1.64 vs=-0.00 n=0 [none]
1786869822.595 [OBSTACLES] cur_s=9.04 cur_d=1.61 vs=-0.00 n=0 [none]
1786869823.213 [OBSTACLES] cur_s=9.04 cur_d=1.59 vs=-0.00 n=0 [none]
1786869823.732 [OBSTACLES] cur_s=9.03 cur_d=1.64 vs=-0.00 n=0 [none]
1786869824.278 [OBSTACLES] cur_s=9.02 cur_d=1.65 vs=-0.00 n=0 [none]
1786869824.829 [OBSTACLES] cur_s=9.02 cur_d=1.66 vs=-0.00 n=0 [none]
1786869825.331 [OBSTACLES] cur_s=9.02 cur_d=1.65 vs=-0.00 n=0 [none]
1786869825.846 [OBSTACLES] cur_s=9.02 cur_d=1.64 vs=-0.00 n=0 [none]
1786869826.352 [OBSTACLES] cur_s=9.02 cur_d=1.65 vs=-0.00 n=0 [none]
1786869826.868 [OBSTACLES] cur_s=9.03 cur_d=1.65 vs=-0.00 n=0 [none]
1786869827.378 [OBSTACLES] cur_s=9.03 cur_d=1.65 vs=-0.00 n=0 [none]
1786869827.890 [OBSTACLES] cur_s=9.03 cur_d=1.61 vs=-0.00 n=0 [none]
1786869828.437 [OBSTACLES] cur_s=9.04 cur_d=1.60 vs=-0.00 n=0 [none]
1786869829.056 [OBSTACLES] cur_s=9.04 cur_d=1.60 vs=-0.00 n=0 [none]
1786869829.593 [OBSTACLES] cur_s=9.04 cur_d=1.59 vs=-0.00 n=0 [none]
1786869830.115 [OBSTACLES] cur_s=9.22 cur_d=1.66 vs=-0.00 n=0 [none]
1786869830.654 [OBSTACLES] cur_s=8.99 cur_d=1.69 vs=-0.00 n=0 [none]
1786869831.171 [OBSTACLES] cur_s=8.76 cur_d=1.57 vs=-0.00 n=0 [none]
1786869831.718 [OBSTACLES] cur_s=8.75 cur_d=1.58 vs=-0.00 n=0 [none]
1786869832.177 [STATIC_OT] state=GB_TRACK path_exists=0 path_locked=0 path_ttl_ok=0 path_safe=0 on_spline=0 speed=-0.00 raw_wpnts=0 raw_age=-s decision=TRAILING reason=NO_STATIC_PATH
1786869832.181 [STATE_CHANGE] LOSTLINE -> TRAILING src=GB_TRACK s=9.02 d=1.66 vs=-0.00
1786869832.314 [OBSTACLES] cur_s=9.02 cur_d=1.64 vs=-0.00 n=1 [id=305 static=0 gap=19.41m d=-0.32 size=0.18]
1786869832.398 [STATIC_OT] state=TRAILING path_exists=0 path_locked=0 path_ttl_ok=0 path_safe=0 on_spline=0 speed=-0.00 raw_wpnts=0 raw_age=-s decision=TRAILING reason=NO_STATIC_PATH
1786869832.679 [STATIC_OT] state=TRAILING path_exists=0 path_locked=0 path_ttl_ok=0 path_safe=0 on_spline=0 speed=-0.00 raw_wpnts=0 raw_age=-s decision=TRAILING reason=NO_STATIC_PATH
1786869832.736 [STATE_CHANGE] TRAILING -> LOSTLINE src=GB_TRACK s=9.03 d=1.65 vs=-0.00
1786869832.839 [OBSTACLES] cur_s=9.03 cur_d=1.61 vs=-0.00 n=0 [none]
1786869833.558 [OBSTACLES] cur_s=9.04 cur_d=1.60 vs=-0.00 n=0 [none]
1786869834.112 [OBSTACLES] cur_s=9.04 cur_d=1.61 vs=-0.00 n=0 [none]
1786869834.644 [OBSTACLES] cur_s=9.02 cur_d=1.65 vs=-0.00 n=0 [none]
1786869835.179 [OBSTACLES] cur_s=9.02 cur_d=1.66 vs=-0.00 n=0 [none]
1786869835.718 [OBSTACLES] cur_s=9.03 cur_d=1.66 vs=-0.00 n=0 [none]
1786869836.247 [OBSTACLES] cur_s=9.04 cur_d=1.60 vs=-0.00 n=0 [none]
1786869836.774 [OBSTACLES] cur_s=9.03 cur_d=1.61 vs=-0.00 n=0 [none]
1786869837.301 [OBSTACLES] cur_s=9.03 cur_d=1.63 vs=-0.00 n=0 [none]
1786869837.857 [OBSTACLES] cur_s=9.03 cur_d=1.61 vs=-0.00 n=0 [none]
1786869838.373 [OBSTACLES] cur_s=9.04 cur_d=1.60 vs=-0.00 n=0 [none]
1786869838.888 [OBSTACLES] cur_s=9.04 cur_d=1.61 vs=-0.00 n=0 [none]
1786869839.429 [OBSTACLES] cur_s=9.03 cur_d=1.61 vs=-0.00 n=0 [none]
1786869839.974 [OBSTACLES] cur_s=9.04 cur_d=1.60 vs=-0.00 n=0 [none]
1786869840.498 [OBSTACLES] cur_s=9.03 cur_d=1.63 vs=-0.00 n=0 [none]
1786869841.004 [OBSTACLES] cur_s=9.01 cur_d=1.68 vs=-0.00 n=0 [none]
1786869841.521 [OBSTACLES] cur_s=9.55 cur_d=1.58 vs=-0.00 n=0 [none]
1786869842.036 [OBSTACLES] cur_s=9.00 cur_d=1.52 vs=-0.00 n=0 [none]
1786869842.558 [OBSTACLES] cur_s=8.85 cur_d=1.55 vs=-0.00 n=0 [none]
1786869842.884 [STATIC_OT] state=GB_TRACK path_exists=0 path_locked=0 path_ttl_ok=0 path_safe=0 on_spline=0 speed=-0.00 raw_wpnts=0 raw_age=-s decision=TRAILING reason=NO_STATIC_PATH
1786869842.886 [STATE_CHANGE] LOSTLINE -> TRAILING src=GB_TRACK s=9.01 d=1.60 vs=-0.00
1786869843.086 [OBSTACLES] cur_s=9.03 cur_d=1.59 vs=-0.00 n=1 [id=307 static=1 gap=16.45m d=0.61 size=0.44]
1786869843.089 [STATIC_OT] state=TRAILING path_exists=0 path_locked=0 path_ttl_ok=0 path_safe=0 on_spline=0 speed=-0.00 raw_wpnts=0 raw_age=-s decision=TRAILING reason=NO_STATIC_PATH
1786869843.283 [STATE_CHANGE] TRAILING -> LOSTLINE src=GB_TRACK s=9.04 d=1.64 vs=-0.00
1786869843.647 [OBSTACLES] cur_s=9.04 cur_d=1.60 vs=-0.00 n=0 [none]
1786869844.200 [OBSTACLES] cur_s=9.03 cur_d=1.60 vs=-0.00 n=0 [none]
1786869844.781 [OBSTACLES] cur_s=9.03 cur_d=1.61 vs=-0.00 n=0 [none]
1786869845.327 [OBSTACLES] cur_s=9.04 cur_d=1.61 vs=-0.00 n=0 [none]
1786869845.857 [OBSTACLES] cur_s=9.04 cur_d=1.61 vs=-0.00 n=0 [none]
1786869846.377 [OBSTACLES] cur_s=9.04 cur_d=1.60 vs=-0.00 n=0 [none]
1786869846.928 [OBSTACLES] cur_s=9.04 cur_d=1.60 vs=-0.00 n=0 [none]
1786869847.429 [OBSTACLES] cur_s=9.03 cur_d=1.61 vs=-0.00 n=0 [none]
1786869847.950 [OBSTACLES] cur_s=9.04 cur_d=1.61 vs=-0.00 n=0 [none]
1786869848.490 [OBSTACLES] cur_s=9.04 cur_d=1.61 vs=-0.00 n=0 [none]
1786869849.020 [OBSTACLES] cur_s=9.04 cur_d=1.61 vs=-0.00 n=0 [none]
1786869849.527 [OBSTACLES] cur_s=9.04 cur_d=1.60 vs=-0.00 n=0 [none]
1786869850.036 [OBSTACLES] cur_s=9.04 cur_d=1.61 vs=-0.00 n=0 [none]
1786869850.540 [OBSTACLES] cur_s=9.04 cur_d=1.60 vs=-0.00 n=0 [none]
1786869851.059 [OBSTACLES] cur_s=9.02 cur_d=1.67 vs=-0.00 n=0 [none]
1786869851.577 [OBSTACLES] cur_s=9.04 cur_d=1.60 vs=-0.00 n=0 [none]
1786869852.095 [OBSTACLES] cur_s=9.03 cur_d=1.64 vs=-0.00 n=0 [none]
1786869852.670 [OBSTACLES] cur_s=9.00 cur_d=1.70 vs=-0.00 n=0 [none]
1786869853.207 [OBSTACLES] cur_s=8.75 cur_d=1.66 vs=-0.00 n=0 [none]
1786869853.779 [OBSTACLES] cur_s=8.70 cur_d=1.66 vs=-0.00 n=0 [none]
1786869854.300 [OBSTACLES] cur_s=8.68 cur_d=1.64 vs=-0.00 n=0 [none]
1786869854.806 [OBSTACLES] cur_s=8.70 cur_d=1.61 vs=-0.00 n=0 [none]
1786869854.960 [STATIC_OT] state=GB_TRACK path_exists=0 path_locked=0 path_ttl_ok=0 path_safe=0 on_spline=0 speed=-0.00 raw_wpnts=0 raw_age=-s decision=TRAILING reason=NO_STATIC_PATH
1786869854.961 [STATE_CHANGE] LOSTLINE -> TRAILING src=GB_TRACK s=8.75 d=1.58 vs=-0.00
1786869855.214 [STATIC_OT] state=TRAILING path_exists=0 path_locked=0 path_ttl_ok=0 path_safe=0 on_spline=0 speed=-0.00 raw_wpnts=0 raw_age=-s decision=TRAILING reason=NO_STATIC_PATH
1786869855.337 [OBSTACLES] cur_s=8.76 cur_d=1.58 vs=-0.00 n=1 [id=313 static=0 gap=19.85m d=-0.35 size=0.22]
1786869855.438 [STATE_CHANGE] TRAILING -> LOSTLINE src=GB_TRACK s=8.76 d=1.58 vs=-0.00
1786869855.945 [OBSTACLES] cur_s=8.75 cur_d=1.56 vs=-0.00 n=0 [none]
1786869856.472 [OBSTACLES] cur_s=8.75 cur_d=1.58 vs=-0.00 n=0 [none]
1786869856.991 [OBSTACLES] cur_s=8.76 cur_d=1.60 vs=-0.00 n=0 [none]
1786869857.504 [OBSTACLES] cur_s=8.76 cur_d=1.59 vs=-0.00 n=0 [none]
1786869858.015 [OBSTACLES] cur_s=8.76 cur_d=1.59 vs=-0.00 n=0 [none]
1786869858.545 [OBSTACLES] cur_s=8.75 cur_d=1.58 vs=-0.00 n=0 [none]
1786869859.067 [OBSTACLES] cur_s=8.77 cur_d=1.58 vs=-0.00 n=0 [none]
1786869859.582 [OBSTACLES] cur_s=8.76 cur_d=1.58 vs=-0.00 n=0 [none]
1786869860.136 [OBSTACLES] cur_s=8.75 cur_d=1.58 vs=-0.00 n=0 [none]
1786869860.646 [OBSTACLES] cur_s=8.75 cur_d=1.57 vs=-0.00 n=0 [none]
1786869861.162 [OBSTACLES] cur_s=8.76 cur_d=1.57 vs=-0.00 n=0 [none]
1786869861.678 [OBSTACLES] cur_s=8.76 cur_d=1.58 vs=-0.00 n=0 [none]
1786869862.213 [OBSTACLES] cur_s=8.75 cur_d=1.58 vs=-0.00 n=0 [none]
1786869862.741 [OBSTACLES] cur_s=8.76 cur_d=1.57 vs=-0.00 n=0 [none]
1786869863.259 [OBSTACLES] cur_s=8.76 cur_d=1.58 vs=-0.00 n=0 [none]
1786869863.915 [OBSTACLES] cur_s=8.76 cur_d=1.59 vs=-0.00 n=0 [none]
1786869864.276 [STATIC_OT] state=GB_TRACK path_exists=0 path_locked=0 path_ttl_ok=0 path_safe=0 on_spline=0 speed=-0.00 raw_wpnts=0 raw_age=-s decision=TRAILING reason=NO_STATIC_PATH
1786869864.280 [STATE_CHANGE] LOSTLINE -> TRAILING src=GB_TRACK s=8.85 d=1.71 vs=-0.00
1786869864.421 [OBSTACLES] cur_s=9.34 cur_d=1.65 vs=-0.00 n=1 [id=318 static=1 gap=16.44m d=0.68 size=0.36]
1786869864.488 [STATIC_OT] state=TRAILING path_exists=0 path_locked=0 path_ttl_ok=0 path_safe=0 on_spline=0 speed=-0.00 raw_wpnts=0 raw_age=-s decision=TRAILING reason=NO_STATIC_PATH
1786869864.666 [STATE_CHANGE] TRAILING -> LOSTLINE src=GB_TRACK s=9.52 d=1.58 vs=-0.00
1786869864.971 [OBSTACLES] cur_s=9.14 cur_d=1.55 vs=-0.00 n=0 [none]
1786869865.509 [OBSTACLES] cur_s=8.98 cur_d=1.52 vs=-0.00 n=0 [none]
1786869866.014 [OBSTACLES] cur_s=9.04 cur_d=1.59 vs=-0.00 n=0 [none]
1786869866.535 [OBSTACLES] cur_s=9.03 cur_d=1.64 vs=-0.00 n=0 [none]
1786869867.043 [OBSTACLES] cur_s=9.03 cur_d=1.63 vs=-0.00 n=0 [none]
1786869867.598 [OBSTACLES] cur_s=9.04 cur_d=1.60 vs=-0.00 n=0 [none]
1786869868.196 [OBSTACLES] cur_s=9.04 cur_d=1.60 vs=-0.00 n=0 [none]
1786869868.710 [OBSTACLES] cur_s=9.04 cur_d=1.59 vs=-0.00 n=0 [none]
1786869869.243 [OBSTACLES] cur_s=9.03 cur_d=1.61 vs=-0.00 n=0 [none]
1786869869.758 [OBSTACLES] cur_s=9.03 cur_d=1.64 vs=-0.00 n=0 [none]
1786869870.316 [OBSTACLES] cur_s=9.04 cur_d=1.60 vs=-0.00 n=0 [none]
1786869870.974 [OBSTACLES] cur_s=9.03 cur_d=1.60 vs=-0.00 n=0 [none]
1786869871.513 [OBSTACLES] cur_s=9.04 cur_d=1.60 vs=-0.00 n=0 [none]
1786869872.028 [OBSTACLES] cur_s=9.03 cur_d=1.61 vs=-0.00 n=0 [none]
1786869872.533 [OBSTACLES] cur_s=9.04 cur_d=1.61 vs=-0.00 n=0 [none]
1786869873.052 [OBSTACLES] cur_s=9.04 cur_d=1.61 vs=-0.00 n=0 [none]
1786869873.567 [OBSTACLES] cur_s=9.04 cur_d=1.59 vs=-0.00 n=0 [none]
1786869874.096 [OBSTACLES] cur_s=9.03 cur_d=1.60 vs=-0.00 n=0 [none]
1786869874.609 [OBSTACLES] cur_s=9.03 cur_d=1.64 vs=-0.00 n=0 [none]
1786869875.169 [OBSTACLES] cur_s=9.04 cur_d=1.59 vs=-0.00 n=0 [none]
1786869875.676 [OBSTACLES] cur_s=9.53 cur_d=1.59 vs=-0.00 n=0 [none]
1786869876.199 [OBSTACLES] cur_s=9.13 cur_d=1.54 vs=-0.00 n=0 [none]
1786869876.711 [OBSTACLES] cur_s=8.98 cur_d=1.52 vs=-0.00 n=0 [none]
1786869876.991 [STATIC_OT] state=GB_TRACK path_exists=0 path_locked=0 path_ttl_ok=0 path_safe=0 on_spline=0 speed=-0.00 raw_wpnts=0 raw_age=-s decision=TRAILING reason=NO_STATIC_PATH
1786869876.991 [STATE_CHANGE] LOSTLINE -> TRAILING src=GB_TRACK s=9.02 d=1.59 vs=-0.00
1786869877.210 [STATIC_OT] state=TRAILING path_exists=0 path_locked=0 path_ttl_ok=0 path_safe=0 on_spline=0 speed=-0.00 raw_wpnts=0 raw_age=-s decision=TRAILING reason=NO_STATIC_PATH
1786869877.264 [OBSTACLES] cur_s=9.03 cur_d=1.61 vs=-0.00 n=1 [id=322 static=1 gap=16.36m d=0.67 size=0.41]
1786869877.438 [STATE_CHANGE] TRAILING -> LOSTLINE src=GB_TRACK s=9.03 d=1.59 vs=-0.00
1786869877.775 [OBSTACLES] cur_s=9.04 cur_d=1.60 vs=-0.00 n=0 [none]
1786869878.314 [OBSTACLES] cur_s=9.04 cur_d=1.59 vs=-0.00 n=0 [none]
1786869878.826 [OBSTACLES] cur_s=9.04 cur_d=1.59 vs=-0.00 n=0 [none]
1786869879.344 [OBSTACLES] cur_s=9.03 cur_d=1.60 vs=-0.00 n=0 [none]
1786869879.856 [OBSTACLES] cur_s=9.04 cur_d=1.62 vs=-0.00 n=0 [none]
1786869880.417 [OBSTACLES] cur_s=9.04 cur_d=1.60 vs=-0.00 n=0 [none]
1786869880.957 [OBSTACLES] cur_s=9.04 cur_d=1.60 vs=-0.00 n=0 [none]
1786869881.580 [OBSTACLES] cur_s=9.04 cur_d=1.60 vs=-0.00 n=0 [none]
1786869882.102 [OBSTACLES] cur_s=9.04 cur_d=1.60 vs=-0.00 n=0 [none]
1786869882.609 [OBSTACLES] cur_s=9.04 cur_d=1.60 vs=-0.00 n=0 [none]
1786869883.116 [OBSTACLES] cur_s=9.03 cur_d=1.59 vs=-0.00 n=0 [none]
1786869883.642 [OBSTACLES] cur_s=9.04 cur_d=1.60 vs=-0.00 n=0 [none]
1786869884.168 [OBSTACLES] cur_s=9.03 cur_d=1.60 vs=-0.00 n=0 [none]
1786869884.721 [OBSTACLES] cur_s=9.03 cur_d=1.63 vs=-0.00 n=0 [none]
1786869885.241 [OBSTACLES] cur_s=9.04 cur_d=1.61 vs=-0.00 n=0 [none]
1786869885.745 [OBSTACLES] cur_s=9.03 cur_d=1.60 vs=-0.00 n=0 [none]
1786869886.270 [OBSTACLES] cur_s=9.06 cur_d=1.56 vs=-0.00 n=0 [none]
1786869886.780 [OBSTACLES] cur_s=9.04 cur_d=1.60 vs=-0.00 n=0 [none]
1786869887.299 [OBSTACLES] cur_s=9.25 cur_d=1.55 vs=-0.00 n=0 [none]
1786869887.835 [OBSTACLES] cur_s=8.98 cur_d=1.51 vs=-0.00 n=0 [none]
1786869888.201 [STATIC_OT] state=GB_TRACK path_exists=0 path_locked=0 path_ttl_ok=0 path_safe=0 on_spline=0 speed=-0.00 raw_wpnts=0 raw_age=-s decision=TRAILING reason=NO_STATIC_PATH
1786869888.205 [STATE_CHANGE] LOSTLINE -> TRAILING src=GB_TRACK s=9.02 d=1.58 vs=-0.00
1786869888.363 [OBSTACLES] cur_s=9.04 cur_d=1.60 vs=-0.00 n=1 [id=326 static=1 gap=16.36m d=0.70 size=0.38]
1786869888.417 [STATIC_OT] state=TRAILING path_exists=0 path_locked=0 path_ttl_ok=0 path_safe=0 on_spline=0 speed=-0.00 raw_wpnts=0 raw_age=-s decision=TRAILING reason=NO_STATIC_PATH
1786869888.566 [STATE_CHANGE] TRAILING -> LOSTLINE src=GB_TRACK s=9.04 d=1.59 vs=-0.00
1786869888.870 [OBSTACLES] cur_s=9.04 cur_d=1.62 vs=-0.00 n=0 [none]
1786869889.372 [OBSTACLES] cur_s=9.04 cur_d=1.59 vs=-0.00 n=0 [none]
1786869889.872 [OBSTACLES] cur_s=9.03 cur_d=1.60 vs=-0.00 n=0 [none]
1786869890.397 [OBSTACLES] cur_s=9.04 cur_d=1.61 vs=-0.00 n=0 [none]
1786869890.919 [OBSTACLES] cur_s=9.04 cur_d=1.60 vs=-0.00 n=0 [none]
1786869891.472 [OBSTACLES] cur_s=9.04 cur_d=1.61 vs=-0.00 n=0 [none]
1786869891.995 [OBSTACLES] cur_s=9.04 cur_d=1.60 vs=-0.00 n=0 [none]
1786869892.517 [OBSTACLES] cur_s=9.04 cur_d=1.59 vs=-0.00 n=0 [none]
1786869893.076 [OBSTACLES] cur_s=9.04 cur_d=1.61 vs=-0.00 n=0 [none]
1786869893.599 [OBSTACLES] cur_s=9.04 cur_d=1.60 vs=-0.00 n=0 [none]
1786869894.212 [OBSTACLES] cur_s=9.03 cur_d=1.62 vs=-0.00 n=0 [none]
1786869894.719 [OBSTACLES] cur_s=9.04 cur_d=1.59 vs=-0.00 n=0 [none]
1786869895.274 [OBSTACLES] cur_s=9.04 cur_d=1.59 vs=-0.00 n=0 [none]
1786869895.792 [OBSTACLES] cur_s=9.03 cur_d=1.60 vs=-0.00 n=0 [none]
1786869896.308 [OBSTACLES] cur_s=9.03 cur_d=1.61 vs=-0.00 n=0 [none]
1786869896.869 [OBSTACLES] cur_s=9.04 cur_d=1.60 vs=-0.00 n=0 [none]
1786869897.377 [OBSTACLES] cur_s=9.04 cur_d=1.60 vs=-0.00 n=0 [none]
1786869897.885 [OBSTACLES] cur_s=9.05 cur_d=1.59 vs=-0.00 n=0 [none]
1786869898.438 [OBSTACLES] cur_s=9.00 cur_d=1.69 vs=-0.00 n=0 [none]
1786869898.976 [OBSTACLES] cur_s=9.49 cur_d=1.57 vs=-0.00 n=0 [none]
1786869899.526 [OBSTACLES] cur_s=9.06 cur_d=1.54 vs=-0.00 n=0 [none]
1786869899.988 [STATIC_OT] state=GB_TRACK path_exists=0 path_locked=0 path_ttl_ok=0 path_safe=0 on_spline=0 speed=-0.00 raw_wpnts=0 raw_age=-s decision=TRAILING reason=NO_STATIC_PATH
1786869899.989 [STATE_CHANGE] LOSTLINE -> TRAILING src=GB_TRACK s=9.03 d=1.61 vs=-0.00
1786869900.033 [OBSTACLES] cur_s=9.03 cur_d=1.60 vs=-0.00 n=1 [id=329 static=1 gap=16.38m d=0.69 size=0.37]
1786869900.233 [STATIC_OT] state=TRAILING path_exists=0 path_locked=0 path_ttl_ok=0 path_safe=0 on_spline=0 speed=-0.00 raw_wpnts=0 raw_age=-s decision=TRAILING reason=NO_STATIC_PATH
1786869900.329 [STATE_CHANGE] TRAILING -> LOSTLINE src=GB_TRACK s=9.03 d=1.60 vs=-0.00
1786869900.589 [OBSTACLES] cur_s=9.03 cur_d=1.59 vs=-0.00 n=0 [none]
1786869901.113 [OBSTACLES] cur_s=9.03 cur_d=1.60 vs=-0.00 n=0 [none]
1786869901.627 [OBSTACLES] cur_s=9.04 cur_d=1.59 vs=-0.00 n=0 [none]
1786869902.195 [OBSTACLES] cur_s=9.03 cur_d=1.60 vs=-0.00 n=0 [none]
1786869902.870 [OBSTACLES] cur_s=9.04 cur_d=1.59 vs=-0.00 n=0 [none]
1786869903.416 [OBSTACLES] cur_s=9.03 cur_d=1.59 vs=-0.00 n=0 [none]
1786869903.918 [OBSTACLES] cur_s=9.04 cur_d=1.60 vs=-0.00 n=0 [none]
1786869904.418 [OBSTACLES] cur_s=9.04 cur_d=1.59 vs=-0.00 n=0 [none]
1786869904.993 [OBSTACLES] cur_s=9.04 cur_d=1.60 vs=-0.00 n=0 [none]
1786869905.500 [OBSTACLES] cur_s=9.04 cur_d=1.59 vs=-0.00 n=0 [none]
1786869906.006 [OBSTACLES] cur_s=9.03 cur_d=1.59 vs=-0.00 n=0 [none]
1786869906.524 [OBSTACLES] cur_s=9.03 cur_d=1.60 vs=-0.00 n=0 [none]
1786869907.067 [OBSTACLES] cur_s=9.03 cur_d=1.61 vs=-0.00 n=0 [none]
1786869907.589 [OBSTACLES] cur_s=9.03 cur_d=1.60 vs=-0.00 n=0 [none]
1786869908.107 [OBSTACLES] cur_s=9.03 cur_d=1.59 vs=-0.00 n=0 [none]
1786869908.627 [OBSTACLES] cur_s=9.04 cur_d=1.59 vs=-0.00 n=0 [none]
1786869909.162 [OBSTACLES] cur_s=9.04 cur_d=1.59 vs=-0.00 n=0 [none]
1786869909.697 [OBSTACLES] cur_s=9.03 cur_d=1.63 vs=-0.00 n=0 [none]
1786869910.282 [OBSTACLES] cur_s=9.01 cur_d=1.68 vs=-0.00 n=0 [none]
1786869910.790 [OBSTACLES] cur_s=9.03 cur_d=1.62 vs=-0.00 n=0 [none]
1786869911.315 [OBSTACLES] cur_s=8.99 cur_d=1.54 vs=-0.00 n=0 [none]
1786869911.853 [OBSTACLES] cur_s=9.00 cur_d=1.56 vs=-0.00 n=1 [id=332 static=1 gap=16.35m d=0.66 size=0.45]
1786869911.870 [STATIC_OT] state=GB_TRACK path_exists=0 path_locked=0 path_ttl_ok=0 path_safe=0 on_spline=0 speed=-0.00 raw_wpnts=0 raw_age=-s decision=TRAILING reason=NO_STATIC_PATH
1786869911.870 [STATE_CHANGE] LOSTLINE -> TRAILING src=GB_TRACK s=9.00 d=1.56 vs=-0.00
1786869912.098 [STATIC_OT] state=TRAILING path_exists=0 path_locked=0 path_ttl_ok=0 path_safe=0 on_spline=0 speed=-0.00 raw_wpnts=0 raw_age=-s decision=TRAILING reason=NO_STATIC_PATH
1786869912.250 [STATE_CHANGE] TRAILING -> LOSTLINE src=GB_TRACK s=9.04 d=1.60 vs=-0.00
1786869912.418 [OBSTACLES] cur_s=9.04 cur_d=1.59 vs=-0.00 n=0 [none]
1786869912.927 [OBSTACLES] cur_s=9.04 cur_d=1.59 vs=-0.00 n=0 [none]
1786869913.446 [OBSTACLES] cur_s=9.03 cur_d=1.60 vs=-0.00 n=0 [none]
1786869914.004 [OBSTACLES] cur_s=9.04 cur_d=1.60 vs=-0.00 n=0 [none]
1786869914.516 [OBSTACLES] cur_s=9.03 cur_d=1.61 vs=-0.00 n=0 [none]
1786869915.057 [OBSTACLES] cur_s=9.04 cur_d=1.59 vs=-0.00 n=0 [none]
1786869915.567 [OBSTACLES] cur_s=9.03 cur_d=1.60 vs=-0.00 n=0 [none]
1786869916.090 [OBSTACLES] cur_s=9.04 cur_d=1.59 vs=-0.00 n=0 [none]
1786869916.616 [OBSTACLES] cur_s=9.04 cur_d=1.60 vs=-0.00 n=0 [none]
1786869917.155 [OBSTACLES] cur_s=9.03 cur_d=1.60 vs=-0.00 n=0 [none]
1786869917.701 [OBSTACLES] cur_s=9.04 cur_d=1.59 vs=-0.00 n=0 [none]
1786869918.215 [OBSTACLES] cur_s=9.04 cur_d=1.59 vs=-0.00 n=0 [none]
1786869918.736 [OBSTACLES] cur_s=9.04 cur_d=1.59 vs=-0.00 n=0 [none]
1786869919.258 [OBSTACLES] cur_s=9.03 cur_d=1.61 vs=-0.00 n=0 [none]
1786869919.771 [OBSTACLES] cur_s=9.04 cur_d=1.59 vs=-0.00 n=0 [none]
1786869920.531 [OBSTACLES] cur_s=9.04 cur_d=1.59 vs=-0.00 n=0 [none]
1786869921.052 [OBSTACLES] cur_s=9.03 cur_d=1.60 vs=-0.00 n=0 [none]
1786869921.608 [OBSTACLES] cur_s=9.14 cur_d=1.54 vs=-0.00 n=0 [none]
1786869922.174 [OBSTACLES] cur_s=9.50 cur_d=1.58 vs=-0.00 n=0 [none]
1786869922.692 [OBSTACLES] cur_s=9.13 cur_d=1.51 vs=-0.00 n=0 [none]
1786869923.215 [OBSTACLES] cur_s=8.97 cur_d=1.52 vs=-0.00 n=0 [none]
1786869923.399 [STATIC_OT] state=GB_TRACK path_exists=0 path_locked=0 path_ttl_ok=0 path_safe=0 on_spline=0 speed=-0.00 raw_wpnts=0 raw_age=-s decision=TRAILING reason=NO_STATIC_PATH
1786869923.399 [STATE_CHANGE] LOSTLINE -> TRAILING src=GB_TRACK s=8.97 d=1.52 vs=-0.00
1786869923.628 [STATIC_OT] state=TRAILING path_exists=0 path_locked=0 path_ttl_ok=0 path_safe=0 on_spline=0 speed=-0.00 raw_wpnts=0 raw_age=-s decision=TRAILING reason=NO_STATIC_PATH
1786869923.717 [OBSTACLES] cur_s=9.04 cur_d=1.59 vs=-0.00 n=1 [id=335 static=1 gap=16.39m d=0.68 size=0.35]
1786869923.858 [STATIC_OT] state=TRAILING path_exists=0 path_locked=0 path_ttl_ok=0 path_safe=0 on_spline=0 speed=-0.00 raw_wpnts=0 raw_age=-s decision=TRAILING reason=NO_STATIC_PATH
1786869923.997 [STATE_CHANGE] TRAILING -> LOSTLINE src=GB_TRACK s=9.04 d=1.59 vs=-0.00
1786869924.257 [OBSTACLES] cur_s=9.04 cur_d=1.59 vs=-0.00 n=0 [none]
1786869924.361 [STATIC_OT] state=GB_TRACK path_exists=0 path_locked=0 path_ttl_ok=0 path_safe=0 on_spline=0 speed=-0.00 raw_wpnts=0 raw_age=-s decision=TRAILING reason=NO_STATIC_PATH
1786869924.378 [STATE_CHANGE] LOSTLINE -> TRAILING src=GB_TRACK s=9.03 d=1.61 vs=-0.00
1786869924.675 [STATE_CHANGE] TRAILING -> LOSTLINE src=GB_TRACK s=9.03 d=1.61 vs=-0.00
1786869924.775 [OBSTACLES] cur_s=9.03 cur_d=1.59 vs=-0.00 n=0 [none]
1786869925.303 [OBSTACLES] cur_s=9.03 cur_d=1.60 vs=-0.00 n=0 [none]
1786869925.841 [OBSTACLES] cur_s=9.04 cur_d=1.61 vs=-0.00 n=0 [none]
1786869926.362 [OBSTACLES] cur_s=9.04 cur_d=1.59 vs=-0.00 n=0 [none]
1786869926.863 [OBSTACLES] cur_s=9.03 cur_d=1.60 vs=-0.00 n=0 [none]
1786869927.392 [OBSTACLES] cur_s=9.04 cur_d=1.60 vs=-0.00 n=0 [none]
1786869927.895 [OBSTACLES] cur_s=9.04 cur_d=1.59 vs=-0.00 n=0 [none]
1786869928.408 [OBSTACLES] cur_s=9.03 cur_d=1.60 vs=-0.00 n=0 [none]
1786869929.000 [OBSTACLES] cur_s=9.04 cur_d=1.59 vs=-0.00 n=0 [none]
1786869929.591 [OBSTACLES] cur_s=9.03 cur_d=1.61 vs=-0.00 n=0 [none]
1786869930.111 [OBSTACLES] cur_s=9.04 cur_d=1.60 vs=-0.00 n=0 [none]
1786869930.696 [OBSTACLES] cur_s=9.04 cur_d=1.59 vs=-0.00 n=0 [none]
1786869931.199 [OBSTACLES] cur_s=9.03 cur_d=1.60 vs=-0.00 n=0 [none]
1786869931.856 [OBSTACLES] cur_s=9.03 cur_d=1.59 vs=-0.00 n=0 [none]
1786869932.376 [OBSTACLES] cur_s=9.03 cur_d=1.60 vs=-0.00 n=0 [none]
1786869932.898 [OBSTACLES] cur_s=9.04 cur_d=1.59 vs=-0.00 n=0 [none]
1786869933.406 [OBSTACLES] cur_s=9.04 cur_d=1.60 vs=-0.00 n=0 [none]
1786869933.925 [OBSTACLES] cur_s=9.04 cur_d=1.60 vs=-0.00 n=0 [none]
1786869934.439 [OBSTACLES] cur_s=9.04 cur_d=1.61 vs=-0.00 n=0 [none]
1786869934.959 [OBSTACLES] cur_s=9.04 cur_d=1.59 vs=-0.00 n=0 [none]
1786869935.463 [OBSTACLES] cur_s=9.03 cur_d=1.59 vs=-0.00 n=0 [none]
1786869935.970 [OBSTACLES] cur_s=9.04 cur_d=1.58 vs=-0.00 n=0 [none]
1786869936.493 [OBSTACLES] cur_s=9.04 cur_d=1.59 vs=-0.00 n=0 [none]
1786869937.009 [OBSTACLES] cur_s=9.04 cur_d=1.60 vs=-0.00 n=0 [none]
1786869937.549 [OBSTACLES] cur_s=9.04 cur_d=1.60 vs=-0.00 n=0 [none]
1786869938.102 [OBSTACLES] cur_s=9.04 cur_d=1.60 vs=-0.00 n=0 [none]
1786869938.712 [OBSTACLES] cur_s=9.04 cur_d=1.60 vs=-0.00 n=0 [none]
1786869939.231 [OBSTACLES] cur_s=9.03 cur_d=1.60 vs=-0.00 n=0 [none]
1786869939.774 [OBSTACLES] cur_s=9.03 cur_d=1.60 vs=-0.00 n=0 [none]
1786869940.328 [OBSTACLES] cur_s=9.04 cur_d=1.60 vs=-0.00 n=0 [none]
1786869940.851 [OBSTACLES] cur_s=9.04 cur_d=1.59 vs=-0.00 n=0 [none]
1786869941.378 [OBSTACLES] cur_s=9.04 cur_d=1.59 vs=-0.00 n=0 [none]
1786869941.884 [OBSTACLES] cur_s=9.04 cur_d=1.59 vs=-0.00 n=0 [none]
1786869942.396 [OBSTACLES] cur_s=9.04 cur_d=1.60 vs=-0.00 n=0 [none]
1786869942.945 [OBSTACLES] cur_s=9.03 cur_d=1.59 vs=-0.00 n=0 [none]
1786869943.447 [OBSTACLES] cur_s=9.04 cur_d=1.60 vs=-0.00 n=0 [none]
1786869943.952 [OBSTACLES] cur_s=9.04 cur_d=1.59 vs=-0.00 n=0 [none]
1786869944.484 [OBSTACLES] cur_s=9.03 cur_d=1.59 vs=-0.00 n=0 [none]
1786869945.006 [OBSTACLES] cur_s=9.03 cur_d=1.59 vs=-0.00 n=0 [none]
1786869945.576 [OBSTACLES] cur_s=9.03 cur_d=1.62 vs=-0.00 n=0 [none]
1786869946.108 [OBSTACLES] cur_s=9.04 cur_d=1.59 vs=-0.00 n=0 [none]
1786869946.665 [OBSTACLES] cur_s=9.04 cur_d=1.59 vs=-0.00 n=0 [none]
1786869947.169 [OBSTACLES] cur_s=9.04 cur_d=1.59 vs=-0.00 n=0 [none]
1786869947.741 [OBSTACLES] cur_s=9.04 cur_d=1.60 vs=-0.00 n=0 [none]
1786869948.291 [OBSTACLES] cur_s=9.04 cur_d=1.58 vs=-0.00 n=0 [none]
1786869948.795 [OBSTACLES] cur_s=9.04 cur_d=1.59 vs=-0.00 n=0 [none]
1786869949.338 [OBSTACLES] cur_s=9.03 cur_d=1.60 vs=-0.00 n=0 [none]
1786869949.892 [OBSTACLES] cur_s=9.03 cur_d=1.59 vs=-0.00 n=0 [none]
1786869950.411 [OBSTACLES] cur_s=9.04 cur_d=1.59 vs=-0.00 n=0 [none]
1786869950.915 [OBSTACLES] cur_s=9.03 cur_d=1.59 vs=-0.00 n=0 [none]
1786869951.435 [OBSTACLES] cur_s=9.03 cur_d=1.59 vs=-0.00 n=0 [none]
1786869951.949 [OBSTACLES] cur_s=9.04 cur_d=1.59 vs=-0.00 n=0 [none]
1786869952.468 [OBSTACLES] cur_s=9.04 cur_d=1.59 vs=-0.00 n=0 [none]
1786869952.976 [OBSTACLES] cur_s=9.04 cur_d=1.58 vs=-0.00 n=0 [none]
1786869953.504 [OBSTACLES] cur_s=9.03 cur_d=1.61 vs=-0.00 n=0 [none]
1786869954.012 [OBSTACLES] cur_s=9.04 cur_d=1.59 vs=-0.00 n=0 [none]
1786869954.532 [OBSTACLES] cur_s=9.04 cur_d=1.60 vs=-0.00 n=0 [none]
1786869955.049 [OBSTACLES] cur_s=9.04 cur_d=1.60 vs=-0.00 n=0 [none]
1786869955.586 [OBSTACLES] cur_s=9.03 cur_d=1.59 vs=-0.00 n=0 [none]
1786869956.156 [OBSTACLES] cur_s=9.03 cur_d=1.59 vs=-0.00 n=0 [none]
1786869956.694 [OBSTACLES] cur_s=9.04 cur_d=1.59 vs=-0.00 n=0 [none]
1786869957.221 [OBSTACLES] cur_s=9.04 cur_d=1.59 vs=-0.00 n=0 [none]
1786869957.724 [OBSTACLES] cur_s=9.04 cur_d=1.59 vs=-0.00 n=0 [none]
1786869958.232 [OBSTACLES] cur_s=9.04 cur_d=1.59 vs=-0.00 n=0 [none]
1786869958.758 [OBSTACLES] cur_s=9.03 cur_d=1.59 vs=-0.00 n=0 [none]
1786869959.328 [OBSTACLES] cur_s=9.04 cur_d=1.59 vs=-0.00 n=0 [none]
1786869959.838 [OBSTACLES] cur_s=9.03 cur_d=1.61 vs=-0.00 n=0 [none]
1786869960.357 [OBSTACLES] cur_s=9.04 cur_d=1.59 vs=-0.00 n=0 [none]
1786869960.893 [OBSTACLES] cur_s=9.04 cur_d=1.59 vs=-0.00 n=0 [none]
1786869961.404 [OBSTACLES] cur_s=9.03 cur_d=1.59 vs=-0.00 n=0 [none]
1786869961.919 [OBSTACLES] cur_s=9.04 cur_d=1.59 vs=-0.00 n=0 [none]
1786869962.423 [OBSTACLES] cur_s=9.04 cur_d=1.60 vs=-0.00 n=0 [none]
1786869962.986 [OBSTACLES] cur_s=9.03 cur_d=1.60 vs=-0.00 n=0 [none]
1786869963.508 [OBSTACLES] cur_s=9.04 cur_d=1.59 vs=-0.00 n=0 [none]
1786869964.019 [OBSTACLES] cur_s=9.04 cur_d=1.59 vs=-0.00 n=0 [none]
1786869964.573 [OBSTACLES] cur_s=9.03 cur_d=1.61 vs=-0.00 n=0 [none]
1786869965.104 [OBSTACLES] cur_s=9.03 cur_d=1.60 vs=-0.00 n=0 [none]
1786869965.757 [OBSTACLES] cur_s=9.04 cur_d=1.59 vs=-0.00 n=0 [none]
1786869966.302 [OBSTACLES] cur_s=9.04 cur_d=1.60 vs=-0.00 n=0 [none]
1786869966.822 [OBSTACLES] cur_s=9.04 cur_d=1.59 vs=-0.00 n=0 [none]
1786869967.325 [OBSTACLES] cur_s=9.03 cur_d=1.60 vs=-0.00 n=0 [none]
1786869967.834 [OBSTACLES] cur_s=9.04 cur_d=1.61 vs=-0.00 n=0 [none]
1786869968.372 [OBSTACLES] cur_s=9.04 cur_d=1.59 vs=-0.00 n=0 [none]
1786869969.127 [OBSTACLES] cur_s=9.03 cur_d=1.59 vs=-0.00 n=0 [none]
1786869969.652 [OBSTACLES] cur_s=9.04 cur_d=1.59 vs=-0.00 n=0 [none]
1786869970.178 [OBSTACLES] cur_s=9.03 cur_d=1.60 vs=-0.00 n=0 [none]
1786869970.699 [OBSTACLES] cur_s=9.04 cur_d=1.60 vs=-0.00 n=0 [none]
1786869971.228 [OBSTACLES] cur_s=9.04 cur_d=1.59 vs=-0.00 n=0 [none]
1786869971.774 [OBSTACLES] cur_s=9.04 cur_d=1.59 vs=-0.00 n=0 [none]
1786869972.296 [OBSTACLES] cur_s=9.04 cur_d=1.59 vs=-0.00 n=0 [none]
1786869972.832 [OBSTACLES] cur_s=9.03 cur_d=1.60 vs=-0.00 n=0 [none]
1786869973.433 [OBSTACLES] cur_s=9.03 cur_d=1.60 vs=-0.00 n=0 [none]
1786869973.962 [OBSTACLES] cur_s=9.03 cur_d=1.59 vs=-0.00 n=0 [none]
1786869974.472 [OBSTACLES] cur_s=9.04 cur_d=1.59 vs=-0.00 n=0 [none]
1786869974.977 [OBSTACLES] cur_s=9.04 cur_d=1.59 vs=-0.00 n=0 [none]
1786869975.498 [OBSTACLES] cur_s=9.04 cur_d=1.59 vs=-0.00 n=0 [none]
1786869976.002 [OBSTACLES] cur_s=9.04 cur_d=1.59 vs=-0.00 n=0 [none]
1786869976.512 [OBSTACLES] cur_s=9.04 cur_d=1.59 vs=-0.00 n=0 [none]
1786869977.027 [OBSTACLES] cur_s=9.04 cur_d=1.59 vs=-0.00 n=0 [none]
1786869977.578 [OBSTACLES] cur_s=9.04 cur_d=1.59 vs=-0.00 n=0 [none]
1786869978.098 [OBSTACLES] cur_s=9.04 cur_d=1.59 vs=-0.00 n=0 [none]
1786869978.698 [OBSTACLES] cur_s=9.03 cur_d=1.60 vs=-0.00 n=0 [none]
1786869979.210 [OBSTACLES] cur_s=9.04 cur_d=1.58 vs=-0.00 n=0 [none]
1786869979.715 [OBSTACLES] cur_s=9.04 cur_d=1.59 vs=-0.00 n=0 [none]
1786869980.276 [OBSTACLES] cur_s=9.04 cur_d=1.59 vs=-0.00 n=0 [none]
1786869980.777 [OBSTACLES] cur_s=9.03 cur_d=1.60 vs=-0.00 n=0 [none]
1786869981.296 [OBSTACLES] cur_s=9.04 cur_d=1.60 vs=-0.00 n=0 [none]
1786869981.836 [OBSTACLES] cur_s=9.03 cur_d=1.60 vs=-0.00 n=0 [none]
1786869982.357 [OBSTACLES] cur_s=9.03 cur_d=1.60 vs=-0.00 n=0 [none]
1786869982.875 [OBSTACLES] cur_s=9.03 cur_d=1.59 vs=-0.00 n=0 [none]
1786869983.433 [OBSTACLES] cur_s=9.04 cur_d=1.60 vs=-0.00 n=0 [none]
1786869983.946 [OBSTACLES] cur_s=9.03 cur_d=1.60 vs=-0.00 n=0 [none]
1786869984.453 [OBSTACLES] cur_s=9.04 cur_d=1.59 vs=-0.00 n=0 [none]
1786869985.011 [OBSTACLES] cur_s=9.04 cur_d=1.58 vs=-0.00 n=0 [none]
1786869985.518 [OBSTACLES] cur_s=9.04 cur_d=1.59 vs=-0.00 n=0 [none]
1786869986.026 [OBSTACLES] cur_s=9.04 cur_d=1.60 vs=-0.00 n=0 [none]
1786869986.531 [OBSTACLES] cur_s=9.04 cur_d=1.59 vs=-0.00 n=0 [none]
1786869987.037 [OBSTACLES] cur_s=9.03 cur_d=1.59 vs=-0.00 n=0 [none]
1786869987.631 [OBSTACLES] cur_s=9.03 cur_d=1.59 vs=-0.00 n=0 [none]
1786869988.188 [OBSTACLES] cur_s=9.04 cur_d=1.61 vs=-0.00 n=0 [none]
1786869988.691 [OBSTACLES] cur_s=9.03 cur_d=1.59 vs=-0.00 n=0 [none]
1786869989.222 [OBSTACLES] cur_s=9.04 cur_d=1.59 vs=-0.00 n=0 [none]
1786869989.732 [OBSTACLES] cur_s=9.04 cur_d=1.58 vs=-0.00 n=0 [none]
1786869990.282 [OBSTACLES] cur_s=9.04 cur_d=1.59 vs=-0.00 n=0 [none]
1786869990.812 [OBSTACLES] cur_s=9.04 cur_d=1.58 vs=-0.00 n=0 [none]
1786869991.372 [OBSTACLES] cur_s=9.03 cur_d=1.59 vs=-0.00 n=0 [none]
1786869991.896 [OBSTACLES] cur_s=9.04 cur_d=1.59 vs=-0.00 n=0 [none]
1786869992.402 [OBSTACLES] cur_s=9.03 cur_d=1.61 vs=-0.00 n=0 [none]
1786869992.916 [OBSTACLES] cur_s=9.04 cur_d=1.59 vs=-0.00 n=0 [none]
1786869993.469 [OBSTACLES] cur_s=9.04 cur_d=1.59 vs=-0.00 n=0 [none]
1786869993.997 [OBSTACLES] cur_s=9.04 cur_d=1.59 vs=-0.00 n=0 [none]
1786869994.549 [OBSTACLES] cur_s=9.04 cur_d=1.59 vs=-0.00 n=0 [none]
1786869995.193 [OBSTACLES] cur_s=9.03 cur_d=1.60 vs=-0.00 n=0 [none]
1786869995.757 [OBSTACLES] cur_s=9.03 cur_d=1.59 vs=-0.00 n=0 [none]
1786869996.272 [OBSTACLES] cur_s=9.04 cur_d=1.59 vs=-0.00 n=0 [none]
1786869996.818 [OBSTACLES] cur_s=9.04 cur_d=1.59 vs=-0.00 n=0 [none]
1786869997.328 [OBSTACLES] cur_s=9.03 cur_d=1.59 vs=-0.00 n=0 [none]
1786869997.855 [OBSTACLES] cur_s=9.04 cur_d=1.59 vs=-0.00 n=0 [none]
1786869998.381 [OBSTACLES] cur_s=9.04 cur_d=1.59 vs=-0.00 n=0 [none]
1786869998.910 [OBSTACLES] cur_s=9.04 cur_d=1.59 vs=-0.00 n=0 [none]
1786869999.416 [OBSTACLES] cur_s=9.04 cur_d=1.59 vs=-0.00 n=0 [none]
1786869999.933 [OBSTACLES] cur_s=9.03 cur_d=1.59 vs=-0.00 n=0 [none]
1786870000.433 [OBSTACLES] cur_s=9.03 cur_d=1.59 vs=-0.00 n=0 [none]
1786870001.014 [OBSTACLES] cur_s=9.04 cur_d=1.59 vs=-0.00 n=0 [none]
1786870001.566 [OBSTACLES] cur_s=9.04 cur_d=1.59 vs=-0.00 n=0 [none]
1786870002.099 [OBSTACLES] cur_s=9.04 cur_d=1.59 vs=-0.00 n=0 [none]
1786870002.616 [OBSTACLES] cur_s=9.04 cur_d=1.59 vs=-0.00 n=0 [none]
1786870003.189 [OBSTACLES] cur_s=9.03 cur_d=1.60 vs=-0.00 n=0 [none]
1786870003.707 [OBSTACLES] cur_s=9.04 cur_d=1.59 vs=-0.00 n=0 [none]
1786870004.244 [OBSTACLES] cur_s=9.04 cur_d=1.59 vs=-0.00 n=0 [none]
1786870004.746 [OBSTACLES] cur_s=9.03 cur_d=1.60 vs=-0.00 n=0 [none]
1786870005.264 [OBSTACLES] cur_s=9.04 cur_d=1.59 vs=-0.00 n=0 [none]
1786870005.773 [OBSTACLES] cur_s=9.04 cur_d=1.59 vs=-0.00 n=0 [none]
1786870006.358 [OBSTACLES] cur_s=9.04 cur_d=1.59 vs=-0.00 n=0 [none]
1786870006.919 [OBSTACLES] cur_s=9.04 cur_d=1.58 vs=-0.00 n=0 [none]
1786870007.459 [OBSTACLES] cur_s=9.04 cur_d=1.59 vs=-0.00 n=0 [none]
1786870007.972 [OBSTACLES] cur_s=9.04 cur_d=1.58 vs=-0.00 n=0 [none]
1786870008.472 [OBSTACLES] cur_s=9.04 cur_d=1.59 vs=-0.00 n=0 [none]
1786870008.991 [OBSTACLES] cur_s=9.04 cur_d=1.60 vs=-0.00 n=0 [none]
1786870009.526 [OBSTACLES] cur_s=9.04 cur_d=1.59 vs=-0.00 n=0 [none]
1786870010.059 [OBSTACLES] cur_s=9.04 cur_d=1.60 vs=-0.00 n=0 [none]
1786870010.618 [OBSTACLES] cur_s=9.04 cur_d=1.59 vs=-0.00 n=0 [none]
1786870011.151 [OBSTACLES] cur_s=9.03 cur_d=1.59 vs=-0.00 n=0 [none]
1786870011.821 [OBSTACLES] cur_s=9.03 cur_d=1.61 vs=-0.00 n=0 [none]
1786870012.370 [OBSTACLES] cur_s=9.03 cur_d=1.59 vs=-0.00 n=0 [none]
1786870012.888 [OBSTACLES] cur_s=9.04 cur_d=1.58 vs=-0.00 n=0 [none]
1786870013.390 [OBSTACLES] cur_s=9.04 cur_d=1.58 vs=-0.00 n=0 [none]
1786870013.908 [OBSTACLES] cur_s=9.04 cur_d=1.61 vs=-0.00 n=0 [none]
1786870014.430 [OBSTACLES] cur_s=9.04 cur_d=1.59 vs=-0.00 n=0 [none]
1786870014.959 [OBSTACLES] cur_s=9.03 cur_d=1.59 vs=-0.00 n=0 [none]
1786870015.474 [OBSTACLES] cur_s=9.04 cur_d=1.59 vs=-0.00 n=0 [none]
1786870015.975 [OBSTACLES] cur_s=9.03 cur_d=1.59 vs=-0.00 n=0 [none]
1786870016.520 [OBSTACLES] cur_s=9.03 cur_d=1.60 vs=-0.00 n=0 [none]
1786870017.054 [OBSTACLES] cur_s=9.04 cur_d=1.59 vs=-0.00 n=0 [none]
1786870017.575 [OBSTACLES] cur_s=9.04 cur_d=1.58 vs=-0.00 n=0 [none]
1786870018.090 [OBSTACLES] cur_s=9.03 cur_d=1.59 vs=-0.00 n=0 [none]
1786870018.593 [OBSTACLES] cur_s=9.03 cur_d=1.59 vs=-0.00 n=0 [none]
1786870019.105 [OBSTACLES] cur_s=9.04 cur_d=1.58 vs=-0.00 n=0 [none]
1786870019.821 [OBSTACLES] cur_s=9.04 cur_d=1.59 vs=-0.00 n=0 [none]
1786870020.350 [OBSTACLES] cur_s=9.04 cur_d=1.59 vs=-0.00 n=0 [none]
1786870020.886 [OBSTACLES] cur_s=9.03 cur_d=1.60 vs=-0.00 n=0 [none]
1786870021.396 [OBSTACLES] cur_s=9.04 cur_d=1.59 vs=-0.00 n=0 [none]
1786870021.939 [OBSTACLES] cur_s=9.04 cur_d=1.59 vs=-0.00 n=0 [none]
1786870022.483 [OBSTACLES] cur_s=9.04 cur_d=1.59 vs=-0.00 n=0 [none]
1786870023.092 [OBSTACLES] cur_s=9.04 cur_d=1.60 vs=-0.00 n=0 [none]
1786870023.670 [OBSTACLES] cur_s=9.04 cur_d=1.59 vs=-0.00 n=0 [none]
1786870024.180 [OBSTACLES] cur_s=9.04 cur_d=1.59 vs=-0.00 n=0 [none]
1786870024.689 [OBSTACLES] cur_s=9.04 cur_d=1.59 vs=-0.00 n=0 [none]
1786870025.192 [OBSTACLES] cur_s=9.04 cur_d=1.59 vs=-0.00 n=0 [none]
1786870025.724 [OBSTACLES] cur_s=9.04 cur_d=1.59 vs=-0.00 n=0 [none]
1786870026.267 [OBSTACLES] cur_s=9.04 cur_d=1.61 vs=-0.00 n=0 [none]
1786870026.784 [OBSTACLES] cur_s=9.04 cur_d=1.59 vs=-0.00 n=0 [none]
1786870027.317 [OBSTACLES] cur_s=9.03 cur_d=1.60 vs=-0.00 n=0 [none]
1786870027.854 [OBSTACLES] cur_s=9.04 cur_d=1.59 vs=-0.00 n=0 [none]
1786870028.359 [OBSTACLES] cur_s=9.03 cur_d=1.60 vs=-0.00 n=0 [none]
1786870028.879 [OBSTACLES] cur_s=9.04 cur_d=1.59 vs=-0.00 n=0 [none]
1786870029.412 [OBSTACLES] cur_s=9.03 cur_d=1.59 vs=-0.00 n=0 [none]
1786870029.942 [OBSTACLES] cur_s=9.04 cur_d=1.59 vs=-0.00 n=0 [none]
1786870030.464 [OBSTACLES] cur_s=9.04 cur_d=1.59 vs=-0.00 n=0 [none]
1786870030.973 [OBSTACLES] cur_s=9.04 cur_d=1.59 vs=-0.00 n=0 [none]
1786870031.487 [OBSTACLES] cur_s=9.04 cur_d=1.59 vs=-0.00 n=0 [none]
1786870032.004 [OBSTACLES] cur_s=9.04 cur_d=1.59 vs=-0.00 n=0 [none]
1786870032.538 [OBSTACLES] cur_s=9.04 cur_d=1.59 vs=-0.00 n=0 [none]
1786870033.044 [OBSTACLES] cur_s=9.04 cur_d=1.58 vs=-0.00 n=0 [none]
1786870033.627 [OBSTACLES] cur_s=9.05 cur_d=1.57 vs=-0.00 n=0 [none]
1786870034.137 [OBSTACLES] cur_s=9.03 cur_d=1.59 vs=-0.00 n=0 [none]
1786870034.639 [OBSTACLES] cur_s=9.03 cur_d=1.59 vs=-0.00 n=0 [none]
1786870035.159 [OBSTACLES] cur_s=9.03 cur_d=1.59 vs=-0.00 n=0 [none]
1786870035.711 [OBSTACLES] cur_s=9.04 cur_d=1.59 vs=-0.00 n=0 [none]
1786870036.307 [OBSTACLES] cur_s=9.04 cur_d=1.60 vs=-0.00 n=0 [none]
1786870036.843 [OBSTACLES] cur_s=9.04 cur_d=1.59 vs=-0.00 n=0 [none]
1786870037.376 [OBSTACLES] cur_s=9.03 cur_d=1.60 vs=-0.00 n=0 [none]
1786870037.927 [OBSTACLES] cur_s=9.03 cur_d=1.59 vs=-0.00 n=0 [none]
1786870038.461 [OBSTACLES] cur_s=9.03 cur_d=1.59 vs=-0.00 n=0 [none]
1786870038.979 [OBSTACLES] cur_s=9.03 cur_d=1.59 vs=-0.00 n=0 [none]
1786870039.490 [OBSTACLES] cur_s=9.03 cur_d=1.62 vs=-0.00 n=0 [none]
1786870039.993 [OBSTACLES] cur_s=9.04 cur_d=1.60 vs=-0.00 n=0 [none]
1786870040.516 [OBSTACLES] cur_s=9.03 cur_d=1.59 vs=-0.00 n=0 [none]
1786870041.025 [OBSTACLES] cur_s=9.03 cur_d=1.59 vs=-0.00 n=0 [none]
1786870041.546 [OBSTACLES] cur_s=9.04 cur_d=1.59 vs=-0.00 n=0 [none]
1786870042.111 [OBSTACLES] cur_s=9.03 cur_d=1.60 vs=-0.00 n=0 [none]
1786870042.636 [OBSTACLES] cur_s=9.03 cur_d=1.59 vs=-0.00 n=0 [none]
1786870043.154 [OBSTACLES] cur_s=9.04 cur_d=1.59 vs=-0.00 n=0 [none]
1786870043.677 [OBSTACLES] cur_s=9.03 cur_d=1.60 vs=-0.00 n=0 [none]
1786870044.259 [OBSTACLES] cur_s=9.04 cur_d=1.59 vs=-0.00 n=0 [none]
1786870044.790 [OBSTACLES] cur_s=9.03 cur_d=1.59 vs=-0.00 n=0 [none]
1786870045.293 [OBSTACLES] cur_s=9.03 cur_d=1.59 vs=-0.00 n=0 [none]
1786870045.802 [OBSTACLES] cur_s=9.03 cur_d=1.60 vs=-0.00 n=0 [none]
1786870046.332 [OBSTACLES] cur_s=9.03 cur_d=1.60 vs=-0.00 n=0 [none]
1786870046.859 [OBSTACLES] cur_s=9.04 cur_d=1.60 vs=-0.00 n=0 [none]
1786870047.370 [OBSTACLES] cur_s=9.03 cur_d=1.59 vs=-0.00 n=0 [none]
1786870047.912 [OBSTACLES] cur_s=9.03 cur_d=1.59 vs=-0.00 n=0 [none]
1786870048.444 [OBSTACLES] cur_s=9.03 cur_d=1.59 vs=-0.00 n=0 [none]
1786870048.963 [OBSTACLES] cur_s=9.04 cur_d=1.59 vs=-0.00 n=0 [none]
1786870049.478 [OBSTACLES] cur_s=9.04 cur_d=1.60 vs=-0.00 n=0 [none]
1786870049.985 [OBSTACLES] cur_s=9.03 cur_d=1.60 vs=-0.00 n=0 [none]
1786870050.613 [OBSTACLES] cur_s=9.04 cur_d=1.59 vs=-0.00 n=0 [none]
1786870051.165 [OBSTACLES] cur_s=9.03 cur_d=1.60 vs=-0.00 n=0 [none]
1786870051.732 [OBSTACLES] cur_s=9.03 cur_d=1.60 vs=-0.00 n=0 [none]
1786870052.233 [OBSTACLES] cur_s=9.03 cur_d=1.59 vs=-0.00 n=0 [none]
1786870052.739 [OBSTACLES] cur_s=9.03 cur_d=1.59 vs=-0.00 n=0 [none]
1786870053.243 [OBSTACLES] cur_s=9.03 cur_d=1.60 vs=-0.00 n=0 [none]
1786870053.793 [OBSTACLES] cur_s=9.03 cur_d=1.59 vs=-0.00 n=0 [none]
1786870054.319 [OBSTACLES] cur_s=9.03 cur_d=1.61 vs=-0.00 n=0 [none]
1786870054.879 [OBSTACLES] cur_s=9.03 cur_d=1.59 vs=-0.00 n=0 [none]
1786870055.414 [OBSTACLES] cur_s=9.03 cur_d=1.60 vs=-0.00 n=0 [none]
1786870055.930 [OBSTACLES] cur_s=9.03 cur_d=1.60 vs=-0.00 n=0 [none]
1786870056.432 [OBSTACLES] cur_s=9.04 cur_d=1.60 vs=-0.00 n=0 [none]
1786870056.985 [OBSTACLES] cur_s=9.04 cur_d=1.60 vs=-0.00 n=0 [none]
1786870057.524 [OBSTACLES] cur_s=9.03 cur_d=1.60 vs=-0.00 n=0 [none]
1786870058.046 [OBSTACLES] cur_s=9.03 cur_d=1.61 vs=-0.00 n=0 [none]
1786870058.566 [OBSTACLES] cur_s=9.03 cur_d=1.60 vs=-0.00 n=0 [none]
1786870059.070 [OBSTACLES] cur_s=9.03 cur_d=1.60 vs=-0.00 n=0 [none]
1786870059.605 [OBSTACLES] cur_s=9.03 cur_d=1.60 vs=-0.00 n=0 [none]
1786870060.194 [OBSTACLES] cur_s=9.03 cur_d=1.59 vs=-0.00 n=0 [none]
1786870060.750 [OBSTACLES] cur_s=9.04 cur_d=1.59 vs=-0.00 n=0 [none]
1786870061.250 [OBSTACLES] cur_s=9.03 cur_d=1.60 vs=-0.00 n=0 [none]
1786870061.758 [OBSTACLES] cur_s=9.04 cur_d=1.59 vs=-0.00 n=0 [none]
1786870062.267 [OBSTACLES] cur_s=9.03 cur_d=1.62 vs=-0.00 n=0 [none]
1786870062.773 [OBSTACLES] cur_s=9.03 cur_d=1.60 vs=-0.00 n=0 [none]
1786870063.336 [OBSTACLES] cur_s=9.04 cur_d=1.59 vs=-0.00 n=0 [none]
1786870063.839 [OBSTACLES] cur_s=9.03 cur_d=1.60 vs=-0.00 n=0 [none]
1786870064.394 [OBSTACLES] cur_s=9.03 cur_d=1.59 vs=-0.00 n=0 [none]
1786870064.937 [OBSTACLES] cur_s=9.03 cur_d=1.61 vs=-0.00 n=0 [none]
1786870065.445 [OBSTACLES] cur_s=9.03 cur_d=1.59 vs=-0.00 n=0 [none]
1786870065.985 [OBSTACLES] cur_s=9.03 cur_d=1.60 vs=-0.00 n=0 [none]
1786870066.499 [OBSTACLES] cur_s=9.03 cur_d=1.60 vs=-0.00 n=0 [none]
1786870067.055 [OBSTACLES] cur_s=9.04 cur_d=1.61 vs=-0.00 n=0 [none]
1786870067.602 [OBSTACLES] cur_s=9.03 cur_d=1.60 vs=-0.00 n=0 [none]
1786870068.134 [OBSTACLES] cur_s=9.03 cur_d=1.60 vs=-0.00 n=0 [none]
1786870068.641 [OBSTACLES] cur_s=9.03 cur_d=1.60 vs=-0.00 n=0 [none]
1786870069.173 [OBSTACLES] cur_s=9.03 cur_d=1.60 vs=-0.00 n=0 [none]
1786870069.718 [OBSTACLES] cur_s=9.03 cur_d=1.60 vs=-0.00 n=0 [none]
1786870070.264 [OBSTACLES] cur_s=9.03 cur_d=1.61 vs=-0.00 n=0 [none]
1786870070.891 [OBSTACLES] cur_s=9.04 cur_d=1.59 vs=-0.00 n=0 [none]
1786870071.394 [OBSTACLES] cur_s=9.03 cur_d=1.61 vs=-0.00 n=0 [none]
1786870071.902 [OBSTACLES] cur_s=9.03 cur_d=1.60 vs=-0.00 n=0 [none]
1786870072.417 [OBSTACLES] cur_s=9.03 cur_d=1.61 vs=-0.00 n=0 [none]
1786870072.978 [OBSTACLES] cur_s=9.04 cur_d=1.59 vs=-0.00 n=0 [none]
1786870073.509 [OBSTACLES] cur_s=9.03 cur_d=1.60 vs=-0.00 n=0 [none]
1786870074.035 [OBSTACLES] cur_s=9.04 cur_d=1.59 vs=-0.00 n=0 [none]
1786870074.590 [OBSTACLES] cur_s=9.04 cur_d=1.59 vs=-0.00 n=0 [none]
1786870075.139 [OBSTACLES] cur_s=9.04 cur_d=1.59 vs=-0.00 n=0 [none]
1786870075.740 [OBSTACLES] cur_s=9.03 cur_d=1.60 vs=-0.00 n=0 [none]
1786870076.288 [OBSTACLES] cur_s=9.03 cur_d=1.60 vs=-0.00 n=0 [none]
1786870076.816 [OBSTACLES] cur_s=9.03 cur_d=1.59 vs=-0.00 n=0 [none]
1786870077.322 [OBSTACLES] cur_s=9.04 cur_d=1.59 vs=-0.00 n=0 [none]
1786870077.843 [OBSTACLES] cur_s=9.04 cur_d=1.60 vs=-0.00 n=0 [none]
1786870078.367 [OBSTACLES] cur_s=9.03 cur_d=1.60 vs=-0.00 n=0 [none]
1786870078.889 [OBSTACLES] cur_s=9.03 cur_d=1.61 vs=-0.00 n=0 [none]
1786870079.416 [OBSTACLES] cur_s=9.03 cur_d=1.60 vs=-0.00 n=0 [none]
1786870079.951 [OBSTACLES] cur_s=9.04 cur_d=1.58 vs=-0.00 n=0 [none]
1786870080.459 [OBSTACLES] cur_s=9.03 cur_d=1.61 vs=-0.00 n=0 [none]
1786870080.960 [OBSTACLES] cur_s=9.03 cur_d=1.60 vs=-0.00 n=0 [none]
1786870081.468 [OBSTACLES] cur_s=9.03 cur_d=1.59 vs=-0.00 n=0 [none]
1786870082.015 [OBSTACLES] cur_s=9.04 cur_d=1.59 vs=-0.00 n=0 [none]
1786870082.578 [OBSTACLES] cur_s=9.03 cur_d=1.60 vs=-0.00 n=0 [none]
1786870083.131 [OBSTACLES] cur_s=9.03 cur_d=1.60 vs=-0.00 n=0 [none]
1786870083.639 [OBSTACLES] cur_s=9.03 cur_d=1.60 vs=-0.00 n=0 [none]
1786870084.204 [OBSTACLES] cur_s=9.03 cur_d=1.60 vs=-0.00 n=0 [none]
1786870084.735 [OBSTACLES] cur_s=9.03 cur_d=1.59 vs=-0.00 n=0 [none]
1786870085.278 [OBSTACLES] cur_s=9.03 cur_d=1.60 vs=-0.00 n=0 [none]
1786870085.793 [OBSTACLES] cur_s=9.03 cur_d=1.60 vs=-0.00 n=0 [none]
1786870086.319 [OBSTACLES] cur_s=9.03 cur_d=1.59 vs=-0.00 n=0 [none]
1786870086.849 [OBSTACLES] cur_s=9.03 cur_d=1.61 vs=-0.00 n=0 [none]
1786870087.370 [OBSTACLES] cur_s=9.03 cur_d=1.59 vs=-0.00 n=0 [none]
1786870087.870 [OBSTACLES] cur_s=9.04 cur_d=1.61 vs=-0.00 n=0 [none]
1786870088.427 [OBSTACLES] cur_s=9.03 cur_d=1.62 vs=-0.00 n=0 [none]
1786870089.024 [OBSTACLES] cur_s=9.04 cur_d=1.59 vs=-0.00 n=0 [none]
1786870089.541 [OBSTACLES] cur_s=9.04 cur_d=1.59 vs=-0.00 n=0 [none]
1786870090.059 [OBSTACLES] cur_s=9.04 cur_d=1.60 vs=-0.00 n=0 [none]
1786870090.575 [OBSTACLES] cur_s=16.59 cur_d=-1.12 vs=0.00 n=0 [none]
1786870090.861 [STATE_CHANGE] LOSTLINE -> RECOVERY src=RECOVERY s=16.59 d=-1.12 vs=0.00
1786870091.076 [OBSTACLES] cur_s=16.59 cur_d=-1.12 vs=0.00 n=0 [none]
1786870091.576 [OBSTACLES] cur_s=16.59 cur_d=-1.12 vs=0.00 n=0 [none]
1786870092.109 [OBSTACLES] cur_s=16.59 cur_d=-1.12 vs=0.00 n=0 [none]
1786870092.635 [OBSTACLES] cur_s=16.59 cur_d=-1.12 vs=0.00 n=0 [none]
1786870093.155 [OBSTACLES] cur_s=16.59 cur_d=-1.12 vs=0.00 n=0 [none]
1786870093.690 [OBSTACLES] cur_s=16.59 cur_d=-1.12 vs=0.00 n=0 [none]
1786870094.211 [OBSTACLES] cur_s=16.59 cur_d=-1.12 vs=0.00 n=0 [none]
1786870094.779 [OBSTACLES] cur_s=16.59 cur_d=-1.12 vs=0.00 n=0 [none]
1786870095.297 [OBSTACLES] cur_s=16.59 cur_d=-1.12 vs=0.00 n=0 [none]
1786870095.824 [OBSTACLES] cur_s=16.59 cur_d=-1.12 vs=0.00 n=0 [none]
1786870096.355 [OBSTACLES] cur_s=16.59 cur_d=-1.12 vs=0.00 n=0 [none]
1786870096.858 [OBSTACLES] cur_s=16.59 cur_d=-1.12 vs=0.00 n=0 [none]
1786870097.430 [OBSTACLES] cur_s=16.59 cur_d=-1.12 vs=0.00 n=0 [none]
1786870097.972 [OBSTACLES] cur_s=16.59 cur_d=-1.12 vs=0.00 n=0 [none]
1786870098.508 [OBSTACLES] cur_s=16.59 cur_d=-1.12 vs=0.00 n=0 [none]
1786870099.032 [OBSTACLES] cur_s=16.59 cur_d=-1.12 vs=0.00 n=0 [none]
1786870099.550 [OBSTACLES] cur_s=16.59 cur_d=-1.12 vs=0.00 n=0 [none]
1786870100.056 [OBSTACLES] cur_s=16.59 cur_d=-1.12 vs=0.00 n=0 [none]
1786870100.579 [OBSTACLES] cur_s=16.59 cur_d=-1.12 vs=0.00 n=0 [none]
1786870100.819 [STATE_CHANGE] RECOVERY -> LOSTLINE src=GB_TRACK s=16.59 d=-1.12 vs=0.00
1786870100.980 [STATE_CHANGE] LOSTLINE -> RECOVERY src=RECOVERY s=16.59 d=-1.12 vs=0.00
1786870101.204 [OBSTACLES] cur_s=16.59 cur_d=-1.12 vs=0.00 n=0 [none]
1786870101.719 [OBSTACLES] cur_s=16.59 cur_d=-1.12 vs=0.00 n=0 [none]
1786870102.239 [OBSTACLES] cur_s=16.59 cur_d=-1.12 vs=0.00 n=0 [none]
1786870102.825 [OBSTACLES] cur_s=16.59 cur_d=-1.12 vs=0.00 n=0 [none]
1786870103.329 [OBSTACLES] cur_s=16.59 cur_d=-1.12 vs=0.00 n=0 [none]
1786870103.862 [OBSTACLES] cur_s=16.59 cur_d=-1.12 vs=0.00 n=0 [none]
1786870104.392 [OBSTACLES] cur_s=16.59 cur_d=-1.12 vs=0.00 n=0 [none]
1786870104.973 [OBSTACLES] cur_s=16.59 cur_d=-1.12 vs=0.00 n=0 [none]
1786870105.533 [OBSTACLES] cur_s=16.59 cur_d=-1.12 vs=0.00 n=0 [none]
1786870106.048 [OBSTACLES] cur_s=16.59 cur_d=-1.12 vs=0.00 n=0 [none]
1786870106.589 [OBSTACLES] cur_s=16.59 cur_d=-1.12 vs=0.00 n=0 [none]
1786870107.124 [OBSTACLES] cur_s=16.59 cur_d=-1.12 vs=0.00 n=0 [none]
1786870107.710 [OBSTACLES] cur_s=16.59 cur_d=-1.12 vs=0.00 n=0 [none]
1786870108.238 [OBSTACLES] cur_s=16.59 cur_d=-1.12 vs=0.00 n=0 [none]
1786870108.870 [OBSTACLES] cur_s=16.59 cur_d=-1.12 vs=0.00 n=0 [none]
1786870109.379 [OBSTACLES] cur_s=16.59 cur_d=-1.12 vs=0.00 n=0 [none]
1786870109.922 [OBSTACLES] cur_s=16.59 cur_d=-1.12 vs=0.00 n=0 [none]
1786870110.424 [OBSTACLES] cur_s=16.59 cur_d=-1.13 vs=0.00 n=0 [none]
1786870110.926 [STATE_CHANGE] RECOVERY -> LOSTLINE src=GB_TRACK s=16.59 d=-1.13 vs=0.00
1786870110.995 [OBSTACLES] cur_s=16.56 cur_d=-1.15 vs=0.00 n=0 [none]
1786870111.201 [STATIC_OT] state=GB_TRACK path_exists=0 path_locked=0 path_ttl_ok=0 path_safe=0 on_spline=0 speed=0.00 raw_wpnts=0 raw_age=-s decision=TRAILING reason=NO_STATIC_PATH
1786870111.212 [STATE_CHANGE] LOSTLINE -> TRAILING src=GB_TRACK s=16.57 d=-1.15 vs=0.00
1786870111.497 [OBSTACLES] cur_s=16.56 cur_d=-1.16 vs=0.00 n=1 [id=337 static=1 gap=1.75m d=0.00 size=0.23]
1786870111.513 [STATIC_OT] state=TRAILING path_exists=0 path_locked=0 path_ttl_ok=0 path_safe=0 on_spline=0 speed=0.00 raw_wpnts=0 raw_age=-s decision=TRAILING reason=NO_STATIC_PATH
1786870111.661 [STATE_CHANGE] TRAILING -> OVERTAKE src=OVERTAKE s=16.56 d=-1.16 vs=0.00
1786870112.023 [OBSTACLES] cur_s=16.57 cur_d=-1.14 vs=0.00 n=1 [id=338 static=1 gap=1.54m d=-0.06 size=0.31]
1786870112.074 [STATIC_OT] state=OVERTAKE path_exists=1 path_locked=1 path_ttl_ok=1 path_safe=0 on_spline=1 speed=0.00 raw_wpnts=81 raw_age=0.46s decision=TRAILING reason=PATH_BLOCKED blocked_obs_id=338 gap=1.68m free_dist=0.043m branch=static/geom
1786870112.076 [STATE_CHANGE] OVERTAKE -> TRAILING src=GB_TRACK s=16.58 d=-1.13 vs=0.00
1786870112.285 [STATIC_OT] state=TRAILING path_exists=1 path_locked=0 path_ttl_ok=1 path_safe=0 on_spline=1 speed=0.00 raw_wpnts=81 raw_age=0.50s decision=TRAILING reason=PATH_BLOCKED blocked_obs_id=338 gap=1.67m free_dist=0.037m branch=static/geom
1786870112.408 [STATE_CHANGE] TRAILING -> LOSTLINE src=GB_TRACK s=16.59 d=-1.12 vs=0.00
1786870112.527 [OBSTACLES] cur_s=16.59 cur_d=-1.12 vs=0.00 n=0 [none]
1786870112.778 [STATE_CHANGE] LOSTLINE -> RECOVERY src=RECOVERY s=16.59 d=-1.12 vs=0.00
1786870113.008 [STATIC_OT] state=RECOVERY path_exists=1 path_locked=0 path_ttl_ok=0 path_safe=0 on_spline=1 speed=0.00 raw_wpnts=0 raw_age=-s decision=TRAILING reason=NO_STATIC_PATH
1786870113.013 [STATE_CHANGE] RECOVERY -> TRAILING src=RECOVERY s=16.59 d=-1.12 vs=0.00
1786870113.062 [OBSTACLES] cur_s=16.59 cur_d=-1.12 vs=0.00 n=1 [id=339 static=1 gap=1.49m d=0.37 size=0.24]
1786870113.205 [STATE_CHANGE] TRAILING -> OVERTAKE src=OVERTAKE s=16.60 d=-1.12 vs=0.00
1786870113.625 [OBSTACLES] cur_s=16.59 cur_d=-1.12 vs=0.00 n=0 [none]
1786870114.206 [OBSTACLES] cur_s=16.59 cur_d=-1.12 vs=0.00 n=0 [none]
1786870114.729 [OBSTACLES] cur_s=16.57 cur_d=-1.12 vs=0.00 n=0 [none]
1786870115.235 [OBSTACLES] cur_s=16.57 cur_d=-1.12 vs=0.00 n=0 [none]
1786870115.735 [OBSTACLES] cur_s=16.56 cur_d=-1.13 vs=0.00 n=0 [none]
1786870116.274 [OBSTACLES] cur_s=16.56 cur_d=-1.13 vs=0.00 n=0 [none]
1786870116.803 [OBSTACLES] cur_s=16.56 cur_d=-1.13 vs=0.00 n=0 [none]
1786870117.362 [OBSTACLES] cur_s=16.56 cur_d=-1.13 vs=0.00 n=0 [none]
1786870117.874 [OBSTACLES] cur_s=16.56 cur_d=-1.13 vs=0.00 n=0 [none]
1786870118.387 [OBSTACLES] cur_s=16.56 cur_d=-1.13 vs=0.00 n=0 [none]
1786870118.892 [OBSTACLES] cur_s=16.56 cur_d=-1.13 vs=0.00 n=0 [none]
1786870119.396 [OBSTACLES] cur_s=16.56 cur_d=-1.13 vs=0.00 n=0 [none]
1786870119.900 [OBSTACLES] cur_s=16.56 cur_d=-1.13 vs=0.00 n=0 [none]
1786870120.475 [OBSTACLES] cur_s=16.56 cur_d=-1.13 vs=0.00 n=0 [none]
1786870121.040 [OBSTACLES] cur_s=16.56 cur_d=-1.13 vs=0.00 n=0 [none]
1786870121.595 [OBSTACLES] cur_s=16.57 cur_d=-1.13 vs=0.00 n=0 [none]
1786870122.159 [OBSTACLES] cur_s=16.56 cur_d=-1.13 vs=0.00 n=0 [none]
1786870122.709 [OBSTACLES] cur_s=16.56 cur_d=-1.13 vs=0.00 n=0 [none]
1786870122.814 [STATE_CHANGE] OVERTAKE -> RECOVERY src=RECOVERY s=16.56 d=-1.13 vs=0.00
1786870123.257 [OBSTACLES] cur_s=16.56 cur_d=-1.13 vs=0.00 n=0 [none]
1786870123.764 [OBSTACLES] cur_s=16.57 cur_d=-1.13 vs=0.00 n=0 [none]
1786870124.293 [OBSTACLES] cur_s=16.57 cur_d=-1.13 vs=0.00 n=0 [none]
1786870124.810 [OBSTACLES] cur_s=16.57 cur_d=-1.13 vs=0.00 n=0 [none]
1786870125.328 [OBSTACLES] cur_s=16.56 cur_d=-1.13 vs=0.00 n=0 [none]
1786870125.891 [OBSTACLES] cur_s=16.56 cur_d=-1.13 vs=0.00 n=0 [none]
1786870126.442 [OBSTACLES] cur_s=16.57 cur_d=-1.12 vs=0.00 n=0 [none]
1786870126.967 [OBSTACLES] cur_s=16.56 cur_d=-1.13 vs=0.00 n=0 [none]
1786870127.483 [OBSTACLES] cur_s=16.56 cur_d=-1.13 vs=0.00 n=0 [none]
1786870127.992 [OBSTACLES] cur_s=16.56 cur_d=-1.12 vs=0.00 n=0 [none]
1786870128.513 [OBSTACLES] cur_s=16.56 cur_d=-1.13 vs=0.00 n=0 [none]
1786870129.057 [OBSTACLES] cur_s=16.57 cur_d=-1.12 vs=0.00 n=0 [none]
1786870129.590 [OBSTACLES] cur_s=16.59 cur_d=-1.11 vs=0.00 n=0 [none]
1786870130.187 [OBSTACLES] cur_s=16.59 cur_d=-1.11 vs=0.00 n=0 [none]
1786870130.706 [OBSTACLES] cur_s=16.59 cur_d=-1.11 vs=0.00 n=0 [none]
1786870131.211 [OBSTACLES] cur_s=16.59 cur_d=-1.11 vs=0.00 n=0 [none]
1786870131.759 [OBSTACLES] cur_s=16.59 cur_d=-1.11 vs=0.00 n=0 [none]
1786870132.272 [OBSTACLES] cur_s=16.59 cur_d=-1.11 vs=0.00 n=0 [none]
1786870132.773 [OBSTACLES] cur_s=16.59 cur_d=-1.11 vs=0.00 n=0 [none]
1786870132.781 [STATE_CHANGE] RECOVERY -> LOSTLINE src=GB_TRACK s=16.59 d=-1.11 vs=0.00
1786870133.086 [STATE_CHANGE] LOSTLINE -> RECOVERY src=RECOVERY s=16.59 d=-1.12 vs=0.00
1786870133.303 [OBSTACLES] cur_s=16.59 cur_d=-1.11 vs=0.00 n=0 [none]
1786870133.813 [OBSTACLES] cur_s=16.59 cur_d=-1.11 vs=0.00 n=0 [none]
1786870134.315 [OBSTACLES] cur_s=16.59 cur_d=-1.11 vs=0.00 n=0 [none]
1786870134.865 [OBSTACLES] cur_s=16.59 cur_d=-1.12 vs=0.00 n=0 [none]
1786870135.415 [OBSTACLES] cur_s=16.59 cur_d=-1.12 vs=0.00 n=0 [none]
1786870135.977 [OBSTACLES] cur_s=16.59 cur_d=-1.11 vs=0.00 n=0 [none]
1786870136.547 [OBSTACLES] cur_s=16.59 cur_d=-1.11 vs=0.00 n=0 [none]
1786870137.114 [OBSTACLES] cur_s=16.59 cur_d=-1.11 vs=0.00 n=0 [none]
1786870137.627 [OBSTACLES] cur_s=16.59 cur_d=-1.11 vs=0.00 n=0 [none]
1786870138.142 [OBSTACLES] cur_s=16.59 cur_d=-1.11 vs=0.00 n=0 [none]
1786870138.684 [OBSTACLES] cur_s=16.59 cur_d=-1.11 vs=0.00 n=0 [none]
1786870139.220 [OBSTACLES] cur_s=16.59 cur_d=-1.11 vs=0.00 n=0 [none]
1786870139.776 [OBSTACLES] cur_s=16.59 cur_d=-1.11 vs=0.00 n=0 [none]
1786870140.287 [OBSTACLES] cur_s=16.59 cur_d=-1.11 vs=0.00 n=0 [none]
1786870140.806 [OBSTACLES] cur_s=16.59 cur_d=-1.11 vs=0.00 n=0 [none]
1786870141.336 [OBSTACLES] cur_s=16.59 cur_d=-1.11 vs=0.00 n=0 [none]
1786870141.860 [OBSTACLES] cur_s=16.59 cur_d=-1.11 vs=0.00 n=0 [none]
1786870142.431 [OBSTACLES] cur_s=16.59 cur_d=-1.11 vs=0.00 n=0 [none]
1786870143.151 [OBSTACLES] cur_s=16.59 cur_d=-1.11 vs=0.00 n=0 [none]
1786870143.156 [STATE_CHANGE] RECOVERY -> LOSTLINE src=GB_TRACK s=16.59 d=-1.11 vs=0.00
1786870143.693 [OBSTACLES] cur_s=16.59 cur_d=-1.11 vs=0.00 n=0 [none]
1786870144.274 [OBSTACLES] cur_s=16.59 cur_d=-1.11 vs=0.00 n=0 [none]
1786870144.835 [OBSTACLES] cur_s=16.59 cur_d=-1.11 vs=0.00 n=0 [none]
1786870144.899 [STATE_CHANGE] LOSTLINE -> RECOVERY src=RECOVERY s=16.59 d=-1.11 vs=0.00
1786870145.403 [OBSTACLES] cur_s=16.59 cur_d=-1.11 vs=0.00 n=0 [none]
1786870145.917 [OBSTACLES] cur_s=16.59 cur_d=-1.11 vs=0.00 n=0 [none]
1786870146.473 [OBSTACLES] cur_s=16.59 cur_d=-1.11 vs=0.00 n=0 [none]
1786870147.024 [OBSTACLES] cur_s=16.60 cur_d=-1.11 vs=0.00 n=1 [id=341 static=1 gap=0.47m d=0.42 size=0.33]
1786870147.529 [OBSTACLES] cur_s=16.60 cur_d=-1.10 vs=0.00 n=1 [id=341 static=1 gap=0.54m d=0.40 size=0.37]
1786870148.089 [OBSTACLES] cur_s=16.59 cur_d=-1.10 vs=0.00 n=1 [id=341 static=1 gap=0.56m d=0.40 size=0.37]
1786870148.611 [OBSTACLES] cur_s=16.60 cur_d=-1.10 vs=0.00 n=1 [id=341 static=1 gap=0.55m d=0.40 size=0.35]
1786870149.129 [OBSTACLES] cur_s=16.60 cur_d=-1.10 vs=0.00 n=1 [id=341 static=1 gap=0.54m d=0.40 size=0.37]
1786870149.635 [OBSTACLES] cur_s=16.61 cur_d=-1.10 vs=0.00 n=1 [id=341 static=1 gap=0.53m d=0.40 size=0.38]
1786870150.215 [OBSTACLES] cur_s=16.61 cur_d=-1.10 vs=0.00 n=1 [id=341 static=1 gap=0.54m d=0.40 size=0.38]
1786870150.761 [OBSTACLES] cur_s=16.60 cur_d=-1.11 vs=0.00 n=1 [id=341 static=1 gap=0.55m d=0.39 size=0.39]
1786870151.264 [OBSTACLES] cur_s=16.60 cur_d=-1.11 vs=0.00 n=1 [id=341 static=1 gap=0.54m d=0.39 size=0.39]
1786870151.829 [OBSTACLES] cur_s=16.60 cur_d=-1.11 vs=0.00 n=1 [id=341 static=1 gap=0.53m d=0.39 size=0.43]
1786870152.405 [OBSTACLES] cur_s=16.60 cur_d=-1.11 vs=0.00 n=1 [id=341 static=1 gap=0.55m d=0.38 size=0.38]
1786870152.986 [OBSTACLES] cur_s=16.60 cur_d=-1.10 vs=0.00 n=1 [id=341 static=1 gap=0.55m d=0.38 size=0.39]
1786870153.505 [OBSTACLES] cur_s=16.60 cur_d=-1.10 vs=0.00 n=1 [id=341 static=1 gap=0.55m d=0.38 size=0.39]
1786870154.029 [OBSTACLES] cur_s=16.60 cur_d=-1.11 vs=0.00 n=1 [id=341 static=1 gap=0.55m d=0.38 size=0.39]
1786870154.576 [OBSTACLES] cur_s=16.59 cur_d=-1.11 vs=0.00 n=1 [id=341 static=1 gap=0.56m d=0.38 size=0.38]
1786870154.852 [STATIC_OT] state=RECOVERY path_exists=0 path_locked=0 path_ttl_ok=0 path_safe=0 on_spline=0 speed=0.00 raw_wpnts=0 raw_age=-s decision=TRAILING reason=NO_STATIC_PATH
1786870154.855 [STATE_CHANGE] RECOVERY -> TRAILING src=GB_TRACK s=16.60 d=-1.11 vs=0.00
1786870154.939 [STATE_CHANGE] TRAILING -> RECOVERY src=RECOVERY s=16.60 d=-1.11 vs=0.00
1786870155.135 [OBSTACLES] cur_s=16.60 cur_d=-1.11 vs=0.00 n=1 [id=341 static=1 gap=0.56m d=0.38 size=0.38]
1786870155.678 [OBSTACLES] cur_s=16.60 cur_d=-1.11 vs=0.00 n=1 [id=341 static=1 gap=0.56m d=0.38 size=0.39]
1786870156.189 [OBSTACLES] cur_s=16.60 cur_d=-1.11 vs=0.00 n=1 [id=341 static=1 gap=0.56m d=0.38 size=0.39]
1786870156.707 [OBSTACLES] cur_s=16.60 cur_d=-1.10 vs=0.00 n=1 [id=341 static=1 gap=0.55m d=0.38 size=0.39]
1786870157.248 [OBSTACLES] cur_s=16.60 cur_d=-1.11 vs=0.00 n=1 [id=341 static=1 gap=0.56m d=0.38 size=0.39]
1786870157.773 [OBSTACLES] cur_s=16.60 cur_d=-1.10 vs=0.00 n=1 [id=341 static=1 gap=0.55m d=0.38 size=0.39]
1786870158.342 [OBSTACLES] cur_s=16.60 cur_d=-1.11 vs=0.00 n=1 [id=341 static=1 gap=0.55m d=0.37 size=0.39]
1786870158.851 [OBSTACLES] cur_s=16.60 cur_d=-1.10 vs=0.00 n=1 [id=341 static=1 gap=0.55m d=0.37 size=0.39]
1786870159.402 [OBSTACLES] cur_s=16.60 cur_d=-1.11 vs=0.00 n=1 [id=341 static=1 gap=0.56m d=0.37 size=0.38]
1786870159.905 [OBSTACLES] cur_s=16.60 cur_d=-1.11 vs=0.00 n=1 [id=341 static=1 gap=0.56m d=0.37 size=0.36]
1786870160.454 [OBSTACLES] cur_s=16.60 cur_d=-1.11 vs=0.00 n=1 [id=341 static=1 gap=0.57m d=0.37 size=0.36]
1786870161.019 [OBSTACLES] cur_s=16.60 cur_d=-1.11 vs=0.00 n=1 [id=341 static=1 gap=0.57m d=0.37 size=0.35]
1786870161.520 [OBSTACLES] cur_s=16.60 cur_d=-1.11 vs=0.00 n=1 [id=341 static=1 gap=0.56m d=0.37 size=0.36]
1786870162.058 [OBSTACLES] cur_s=16.60 cur_d=-1.11 vs=0.00 n=1 [id=341 static=1 gap=0.54m d=0.37 size=0.39]
1786870162.605 [OBSTACLES] cur_s=16.60 cur_d=-1.11 vs=0.00 n=1 [id=341 static=1 gap=0.55m d=0.37 size=0.38]
1786870163.202 [OBSTACLES] cur_s=16.60 cur_d=-1.10 vs=0.00 n=1 [id=341 static=1 gap=0.54m d=0.37 size=0.39]
1786870163.703 [OBSTACLES] cur_s=16.60 cur_d=-1.11 vs=0.00 n=1 [id=341 static=1 gap=0.55m d=0.37 size=0.38]
1786870164.259 [OBSTACLES] cur_s=16.60 cur_d=-1.11 vs=0.00 n=1 [id=341 static=1 gap=0.52m d=0.37 size=0.43]
1786870164.798 [OBSTACLES] cur_s=16.60 cur_d=-1.11 vs=0.00 n=1 [id=341 static=1 gap=0.54m d=0.37 size=0.39]
1786870164.888 [STATIC_OT] state=RECOVERY path_exists=0 path_locked=0 path_ttl_ok=0 path_safe=0 on_spline=0 speed=0.00 raw_wpnts=0 raw_age=-s decision=TRAILING reason=NO_STATIC_PATH
1786870164.889 [STATE_CHANGE] RECOVERY -> TRAILING src=GB_TRACK s=16.60 d=-1.11 vs=0.00
1786870165.094 [STATIC_OT] state=TRAILING path_exists=0 path_locked=0 path_ttl_ok=0 path_safe=0 on_spline=0 speed=0.00 raw_wpnts=0 raw_age=-s decision=TRAILING reason=NO_STATIC_PATH
1786870165.363 [OBSTACLES] cur_s=16.60 cur_d=-1.11 vs=0.00 n=1 [id=341 static=1 gap=0.55m d=0.37 size=0.39]
1786870165.377 [STATIC_OT] state=TRAILING path_exists=0 path_locked=0 path_ttl_ok=0 path_safe=0 on_spline=0 speed=0.00 raw_wpnts=0 raw_age=-s decision=TRAILING reason=NO_STATIC_PATH
1786870165.618 [STATIC_OT] state=TRAILING path_exists=0 path_locked=0 path_ttl_ok=0 path_safe=0 on_spline=0 speed=0.00 raw_wpnts=0 raw_age=-s decision=TRAILING reason=NO_STATIC_PATH
1786870165.852 [STATIC_OT] state=TRAILING path_exists=0 path_locked=0 path_ttl_ok=0 path_safe=0 on_spline=0 speed=0.00 raw_wpnts=0 raw_age=-s decision=TRAILING reason=NO_STATIC_PATH
1786870165.905 [OBSTACLES] cur_s=16.59 cur_d=-1.11 vs=0.00 n=1 [id=341 static=1 gap=0.55m d=0.37 size=0.39]
1786870165.911 [STATE_CHANGE] TRAILING -> RECOVERY src=RECOVERY s=16.59 d=-1.11 vs=0.00
1786870166.417 [OBSTACLES] cur_s=16.60 cur_d=-1.11 vs=0.00 n=1 [id=341 static=1 gap=0.55m d=0.37 size=0.39]
1786870166.934 [OBSTACLES] cur_s=16.60 cur_d=-1.11 vs=0.00 n=1 [id=341 static=1 gap=0.56m d=0.37 size=0.36]
1786870167.442 [OBSTACLES] cur_s=16.60 cur_d=-1.11 vs=0.00 n=1 [id=341 static=1 gap=0.54m d=0.37 size=0.39]
1786870167.949 [OBSTACLES] cur_s=16.60 cur_d=-1.11 vs=0.00 n=1 [id=341 static=1 gap=0.55m d=0.37 size=0.38]
1786870168.472 [OBSTACLES] cur_s=16.60 cur_d=-1.11 vs=0.00 n=1 [id=341 static=1 gap=0.54m d=0.37 size=0.39]
1786870169.001 [OBSTACLES] cur_s=16.60 cur_d=-1.11 vs=0.00 n=1 [id=341 static=1 gap=0.55m d=0.37 size=0.39]
1786870169.591 [OBSTACLES] cur_s=16.60 cur_d=-1.11 vs=0.00 n=1 [id=341 static=1 gap=0.54m d=0.37 size=0.39]
1786870170.143 [OBSTACLES] cur_s=16.60 cur_d=-1.11 vs=0.00 n=1 [id=341 static=1 gap=0.56m d=0.37 size=0.36]
1786870170.669 [OBSTACLES] cur_s=16.59 cur_d=-1.11 vs=0.00 n=1 [id=341 static=1 gap=0.55m d=0.37 size=0.39]
1786870171.275 [OBSTACLES] cur_s=16.60 cur_d=-1.11 vs=0.00 n=1 [id=341 static=1 gap=0.55m d=0.37 size=0.38]
1786870171.798 [OBSTACLES] cur_s=16.61 cur_d=-1.11 vs=0.00 n=1 [id=341 static=1 gap=0.54m d=0.37 size=0.39]
1786870172.301 [OBSTACLES] cur_s=16.60 cur_d=-1.11 vs=0.00 n=1 [id=341 static=1 gap=0.55m d=0.37 size=0.37]
1786870172.833 [OBSTACLES] cur_s=16.60 cur_d=-1.11 vs=0.00 n=1 [id=341 static=1 gap=0.55m d=0.37 size=0.38]
1786870173.372 [OBSTACLES] cur_s=16.60 cur_d=-1.11 vs=0.00 n=1 [id=341 static=1 gap=0.56m d=0.37 size=0.37]
1786870173.895 [OBSTACLES] cur_s=16.60 cur_d=-1.11 vs=0.00 n=1 [id=341 static=1 gap=0.54m d=0.37 size=0.39]
1786870174.447 [OBSTACLES] cur_s=16.60 cur_d=-1.11 vs=0.00 n=1 [id=341 static=1 gap=0.55m d=0.37 size=0.36]
1786870174.998 [OBSTACLES] cur_s=16.60 cur_d=-1.11 vs=0.00 n=1 [id=341 static=1 gap=0.52m d=0.37 size=0.42]
1786870175.541 [OBSTACLES] cur_s=16.60 cur_d=-1.11 vs=0.00 n=1 [id=341 static=1 gap=0.54m d=0.37 size=0.39]
1786870175.856 [STATIC_OT] state=RECOVERY path_exists=0 path_locked=0 path_ttl_ok=0 path_safe=0 on_spline=0 speed=0.00 raw_wpnts=0 raw_age=-s decision=TRAILING reason=NO_STATIC_PATH
1786870175.858 [STATE_CHANGE] RECOVERY -> TRAILING src=GB_TRACK s=16.60 d=-1.11 vs=0.00
1786870176.043 [OBSTACLES] cur_s=16.60 cur_d=-1.11 vs=0.00 n=1 [id=341 static=1 gap=0.51m d=0.37 size=0.45]
1786870176.096 [STATIC_OT] state=TRAILING path_exists=0 path_locked=0 path_ttl_ok=0 path_safe=0 on_spline=0 speed=0.00 raw_wpnts=0 raw_age=-s decision=TRAILING reason=NO_STATIC_PATH
1786870176.097 [STATE_CHANGE] TRAILING -> RECOVERY src=RECOVERY s=16.60 d=-1.11 vs=0.00
1786870176.620 [OBSTACLES] cur_s=16.60 cur_d=-1.11 vs=0.00 n=1 [id=341 static=1 gap=0.55m d=0.37 size=0.38]
1786870177.179 [OBSTACLES] cur_s=16.60 cur_d=-1.11 vs=0.00 n=1 [id=341 static=1 gap=0.54m d=0.37 size=0.39]
1786870177.786 [OBSTACLES] cur_s=16.60 cur_d=-1.11 vs=0.00 n=1 [id=341 static=1 gap=0.54m d=0.37 size=0.39]
1786870178.327 [OBSTACLES] cur_s=16.60 cur_d=-1.11 vs=0.00 n=1 [id=341 static=1 gap=0.56m d=0.37 size=0.35]
1786870178.856 [OBSTACLES] cur_s=16.60 cur_d=-1.11 vs=0.00 n=1 [id=341 static=1 gap=0.53m d=0.37 size=0.40]
1786870179.413 [OBSTACLES] cur_s=16.60 cur_d=-1.11 vs=0.00 n=1 [id=341 static=1 gap=0.52m d=0.37 size=0.41]
1786870179.946 [OBSTACLES] cur_s=16.61 cur_d=-1.10 vs=0.00 n=1 [id=341 static=1 gap=0.54m d=0.37 size=0.38]
1786870180.471 [OBSTACLES] cur_s=16.61 cur_d=-1.10 vs=0.00 n=1 [id=341 static=1 gap=0.57m d=0.37 size=0.31]
1786870180.978 [OBSTACLES] cur_s=16.60 cur_d=-1.11 vs=0.00 n=1 [id=341 static=1 gap=0.62m d=0.38 size=0.24]
1786870181.516 [OBSTACLES] cur_s=16.60 cur_d=-1.11 vs=0.00 n=1 [id=341 static=1 gap=0.61m d=0.38 size=0.26]
1786870182.095 [OBSTACLES] cur_s=16.59 cur_d=-1.11 vs=0.00 n=1 [id=341 static=1 gap=0.59m d=0.38 size=0.30]
1786870182.597 [OBSTACLES] cur_s=16.59 cur_d=-1.11 vs=0.00 n=1 [id=341 static=1 gap=0.59m d=0.38 size=0.29]
1786870183.154 [OBSTACLES] cur_s=16.60 cur_d=-1.11 vs=0.00 n=1 [id=341 static=1 gap=0.57m d=0.38 size=0.33]
1786870183.709 [OBSTACLES] cur_s=16.60 cur_d=-1.11 vs=0.00 n=1 [id=341 static=1 gap=0.59m d=0.38 size=0.29]
1786870184.308 [OBSTACLES] cur_s=16.59 cur_d=-1.11 vs=0.00 n=1 [id=341 static=1 gap=0.60m d=0.38 size=0.28]
1786870184.835 [OBSTACLES] cur_s=16.59 cur_d=-1.11 vs=0.00 n=1 [id=341 static=1 gap=0.56m d=0.38 size=0.35]
1786870185.372 [OBSTACLES] cur_s=16.59 cur_d=-1.11 vs=0.00 n=1 [id=341 static=1 gap=0.59m d=0.38 size=0.29]
1786870185.908 [OBSTACLES] cur_s=16.60 cur_d=-1.11 vs=0.00 n=1 [id=341 static=1 gap=0.59m d=0.38 size=0.28]
1786870186.118 [STATIC_OT] state=RECOVERY path_exists=0 path_locked=0 path_ttl_ok=0 path_safe=0 on_spline=0 speed=0.00 raw_wpnts=0 raw_age=-s decision=TRAILING reason=NO_STATIC_PATH
1786870186.132 [STATE_CHANGE] RECOVERY -> TRAILING src=GB_TRACK s=16.60 d=-1.11 vs=0.00
1786870186.377 [STATIC_OT] state=TRAILING path_exists=0 path_locked=0 path_ttl_ok=0 path_safe=0 on_spline=0 speed=0.00 raw_wpnts=0 raw_age=-s decision=TRAILING reason=NO_STATIC_PATH
1786870186.438 [OBSTACLES] cur_s=16.60 cur_d=-1.11 vs=0.00 n=1 [id=341 static=1 gap=0.60m d=0.39 size=0.27]
1786870186.579 [STATIC_OT] state=TRAILING path_exists=0 path_locked=0 path_ttl_ok=0 path_safe=0 on_spline=0 speed=0.00 raw_wpnts=0 raw_age=-s decision=TRAILING reason=NO_STATIC_PATH
1786870186.794 [STATIC_OT] state=TRAILING path_exists=0 path_locked=0 path_ttl_ok=0 path_safe=0 on_spline=0 speed=0.00 raw_wpnts=0 raw_age=-s decision=TRAILING reason=NO_STATIC_PATH
1786870186.953 [OBSTACLES] cur_s=16.59 cur_d=-1.11 vs=0.00 n=1 [id=341 static=1 gap=0.60m d=0.39 size=0.28]
1786870187.013 [STATIC_OT] state=TRAILING path_exists=0 path_locked=0 path_ttl_ok=0 path_safe=0 on_spline=0 speed=0.00 raw_wpnts=0 raw_age=-s decision=TRAILING reason=NO_STATIC_PATH
1786870187.014 [STATE_CHANGE] TRAILING -> RECOVERY src=RECOVERY s=16.59 d=-1.11 vs=0.00
1786870187.469 [OBSTACLES] cur_s=16.59 cur_d=-1.11 vs=0.00 n=1 [id=341 static=1 gap=0.58m d=0.39 size=0.30]
1786870188.008 [OBSTACLES] cur_s=16.60 cur_d=-1.11 vs=0.00 n=1 [id=341 static=1 gap=0.60m d=0.39 size=0.27]
1786870188.578 [OBSTACLES] cur_s=16.59 cur_d=-1.11 vs=0.00 n=1 [id=341 static=1 gap=0.60m d=0.39 size=0.28]
1786870189.109 [OBSTACLES] cur_s=16.59 cur_d=-1.11 vs=0.00 n=1 [id=341 static=1 gap=0.59m d=0.39 size=0.28]
1786870189.609 [OBSTACLES] cur_s=16.60 cur_d=-1.11 vs=0.00 n=1 [id=341 static=1 gap=0.57m d=0.39 size=0.32]
1786870190.137 [OBSTACLES] cur_s=16.60 cur_d=-1.11 vs=0.00 n=1 [id=341 static=1 gap=0.59m d=0.39 size=0.29]
1786870190.664 [OBSTACLES] cur_s=16.60 cur_d=-1.11 vs=0.00 n=1 [id=341 static=1 gap=0.58m d=0.39 size=0.30]
1786870191.166 [OBSTACLES] cur_s=16.59 cur_d=-1.11 vs=0.00 n=1 [id=341 static=1 gap=0.59m d=0.39 size=0.28]
1786870191.749 [OBSTACLES] cur_s=16.59 cur_d=-1.11 vs=0.00 n=1 [id=341 static=1 gap=0.59m d=0.39 size=0.30]
1786870192.294 [OBSTACLES] cur_s=16.59 cur_d=-1.11 vs=0.00 n=1 [id=341 static=1 gap=0.55m d=0.39 size=0.36]
1786870192.805 [OBSTACLES] cur_s=16.59 cur_d=-1.11 vs=0.00 n=1 [id=341 static=1 gap=0.59m d=0.39 size=0.29]
1786870193.332 [OBSTACLES] cur_s=16.60 cur_d=-1.11 vs=0.00 n=1 [id=341 static=1 gap=0.58m d=0.39 size=0.29]
1786870193.832 [OBSTACLES] cur_s=16.59 cur_d=-1.11 vs=0.00 n=1 [id=341 static=1 gap=0.58m d=0.39 size=0.30]
1786870194.418 [OBSTACLES] cur_s=16.60 cur_d=-1.11 vs=0.00 n=1 [id=341 static=1 gap=0.59m d=0.39 size=0.28]
1786870194.921 [OBSTACLES] cur_s=16.60 cur_d=-1.11 vs=0.00 n=1 [id=341 static=1 gap=0.53m d=0.39 size=0.40]
1786870195.430 [OBSTACLES] cur_s=16.60 cur_d=-1.11 vs=0.00 n=1 [id=341 static=1 gap=0.59m d=0.39 size=0.28]
1786870195.948 [OBSTACLES] cur_s=16.60 cur_d=-1.11 vs=0.00 n=1 [id=341 static=1 gap=0.55m d=0.40 size=0.33]
1786870196.542 [OBSTACLES] cur_s=16.61 cur_d=-1.10 vs=0.00 n=1 [id=341 static=1 gap=0.52m d=0.39 size=0.39]
1786870196.950 [STATIC_OT] state=RECOVERY path_exists=1 path_locked=0 path_ttl_ok=1 path_safe=1 on_spline=1 speed=0.00 raw_wpnts=81 raw_age=0.54s decision=OVERTAKE
1786870196.951 [STATE_CHANGE] RECOVERY -> OVERTAKE src=OVERTAKE s=16.60 d=-1.10 vs=0.00
1786870197.101 [OBSTACLES] cur_s=16.59 cur_d=-1.10 vs=0.00 n=1 [id=341 static=1 gap=0.58m d=0.39 size=0.32]
1786870197.624 [OBSTACLES] cur_s=16.59 cur_d=-1.10 vs=0.00 n=1 [id=341 static=1 gap=0.61m d=0.39 size=0.27]
1786870198.158 [OBSTACLES] cur_s=16.57 cur_d=-1.10 vs=0.00 n=0 [none]
1786870198.746 [OBSTACLES] cur_s=16.57 cur_d=-1.10 vs=0.00 n=0 [none]
1786870199.318 [OBSTACLES] cur_s=16.57 cur_d=-1.10 vs=0.00 n=0 [none]
1786870199.858 [OBSTACLES] cur_s=16.57 cur_d=-1.10 vs=0.00 n=0 [none]
1786870200.381 [OBSTACLES] cur_s=16.57 cur_d=-1.10 vs=0.00 n=1 [id=358 static=1 gap=1.49m d=0.81 size=0.18]
1786870200.901 [OBSTACLES] cur_s=16.57 cur_d=-1.10 vs=0.00 n=1 [id=358 static=1 gap=1.48m d=0.81 size=0.17]
1786870201.453 [OBSTACLES] cur_s=16.57 cur_d=-1.10 vs=0.00 n=1 [id=358 static=1 gap=1.48m d=0.81 size=0.19]
1786870201.964 [OBSTACLES] cur_s=16.58 cur_d=-1.10 vs=0.00 n=0 [none]
1786870202.505 [OBSTACLES] cur_s=16.58 cur_d=-1.10 vs=0.00 n=0 [none]
1786870203.015 [OBSTACLES] cur_s=16.58 cur_d=-1.10 vs=0.00 n=1 [id=360 static=1 gap=1.48m d=0.81 size=0.21]
1786870203.516 [OBSTACLES] cur_s=16.58 cur_d=-1.10 vs=0.00 n=1 [id=360 static=1 gap=1.48m d=0.82 size=0.22]
1786870204.052 [OBSTACLES] cur_s=16.58 cur_d=-1.10 vs=0.00 n=0 [none]
1786870204.651 [OBSTACLES] cur_s=16.58 cur_d=-1.10 vs=0.00 n=0 [none]
1786870205.207 [OBSTACLES] cur_s=16.58 cur_d=-1.10 vs=0.00 n=0 [none]
1786870205.715 [OBSTACLES] cur_s=16.58 cur_d=-1.10 vs=0.00 n=0 [none]
1786870206.313 [OBSTACLES] cur_s=16.57 cur_d=-1.11 vs=0.00 n=0 [none]
1786870206.433 [STATE_CHANGE] OVERTAKE -> LOSTLINE src=GB_TRACK s=16.57 d=-1.11 vs=0.00
1786870206.830 [OBSTACLES] cur_s=16.57 cur_d=-1.11 vs=0.00 n=0 [none]
1786870206.831 [STATE_CHANGE] LOSTLINE -> RECOVERY src=RECOVERY s=16.57 d=-1.11 vs=0.00
1786870207.386 [OBSTACLES] cur_s=16.58 cur_d=-1.11 vs=0.00 n=0 [none]
1786870207.924 [OBSTACLES] cur_s=16.57 cur_d=-1.11 vs=0.00 n=0 [none]
1786870208.489 [OBSTACLES] cur_s=16.58 cur_d=-1.11 vs=0.00 n=0 [none]
1786870209.051 [OBSTACLES] cur_s=16.57 cur_d=-1.11 vs=0.00 n=0 [none]
1786870209.614 [OBSTACLES] cur_s=16.58 cur_d=-1.11 vs=0.00 n=0 [none]
1786870210.175 [OBSTACLES] cur_s=16.57 cur_d=-1.11 vs=0.00 n=0 [none]
1786870210.685 [OBSTACLES] cur_s=16.57 cur_d=-1.11 vs=0.00 n=0 [none]
1786870211.255 [OBSTACLES] cur_s=16.58 cur_d=-1.11 vs=0.00 n=0 [none]
1786870211.797 [OBSTACLES] cur_s=16.57 cur_d=-1.11 vs=0.00 n=0 [none]
1786870212.352 [OBSTACLES] cur_s=16.58 cur_d=-1.11 vs=0.00 n=0 [none]
1786870212.939 [OBSTACLES] cur_s=16.57 cur_d=-1.11 vs=0.00 n=0 [none]
1786870213.456 [OBSTACLES] cur_s=16.58 cur_d=-1.11 vs=0.00 n=0 [none]
1786870213.975 [OBSTACLES] cur_s=16.58 cur_d=-1.11 vs=0.00 n=0 [none]
1786870214.514 [OBSTACLES] cur_s=16.58 cur_d=-1.11 vs=0.00 n=0 [none]
1786870215.020 [OBSTACLES] cur_s=16.57 cur_d=-1.11 vs=0.00 n=0 [none]
1786870215.624 [OBSTACLES] cur_s=16.58 cur_d=-1.11 vs=0.00 n=0 [none]
1786870216.143 [OBSTACLES] cur_s=16.57 cur_d=-1.11 vs=0.00 n=0 [none]
1786870216.778 [OBSTACLES] cur_s=16.57 cur_d=-1.11 vs=0.00 n=0 [none]
1786870216.779 [STATE_CHANGE] RECOVERY -> LOSTLINE src=GB_TRACK s=16.57 d=-1.11 vs=0.00
1786870217.289 [OBSTACLES] cur_s=16.57 cur_d=-1.11 vs=0.00 n=0 [none]
1786870217.370 [STATE_CHANGE] LOSTLINE -> RECOVERY src=RECOVERY s=16.57 d=-1.11 vs=0.00
1786870217.869 [OBSTACLES] cur_s=16.57 cur_d=-1.11 vs=0.00 n=0 [none]
1786870218.403 [OBSTACLES] cur_s=16.57 cur_d=-1.11 vs=0.00 n=0 [none]
1786870218.952 [OBSTACLES] cur_s=16.57 cur_d=-1.11 vs=0.00 n=0 [none]
1786870219.510 [OBSTACLES] cur_s=16.58 cur_d=-1.11 vs=0.00 n=0 [none]
1786870220.082 [OBSTACLES] cur_s=16.57 cur_d=-1.11 vs=0.00 n=0 [none]
1786870220.640 [OBSTACLES] cur_s=16.58 cur_d=-1.11 vs=0.00 n=0 [none]
1786870221.166 [OBSTACLES] cur_s=16.58 cur_d=-1.11 vs=0.00 n=0 [none]
1786870221.679 [OBSTACLES] cur_s=16.58 cur_d=-1.11 vs=0.00 n=0 [none]
1786870222.329 [OBSTACLES] cur_s=16.58 cur_d=-1.11 vs=0.00 n=0 [none]
1786870222.905 [OBSTACLES] cur_s=16.58 cur_d=-1.11 vs=0.00 n=0 [none]
1786870223.427 [OBSTACLES] cur_s=16.57 cur_d=-1.11 vs=0.00 n=0 [none]
1786870223.928 [OBSTACLES] cur_s=16.57 cur_d=-1.11 vs=0.00 n=0 [none]
1786870224.445 [OBSTACLES] cur_s=16.57 cur_d=-1.11 vs=0.00 n=0 [none]
1786870224.959 [OBSTACLES] cur_s=16.57 cur_d=-1.11 vs=0.00 n=0 [none]
1786870225.507 [OBSTACLES] cur_s=16.57 cur_d=-1.11 vs=0.00 n=0 [none]
1786870226.039 [OBSTACLES] cur_s=16.58 cur_d=-1.11 vs=0.00 n=0 [none]
1786870226.609 [OBSTACLES] cur_s=16.58 cur_d=-1.11 vs=0.00 n=0 [none]
1786870227.168 [OBSTACLES] cur_s=16.58 cur_d=-1.11 vs=0.00 n=0 [none]
1786870227.290 [STATE_CHANGE] RECOVERY -> LOSTLINE src=GB_TRACK s=16.58 d=-1.11 vs=0.00
1786870227.693 [OBSTACLES] cur_s=16.57 cur_d=-1.11 vs=0.00 n=0 [none]
1786870228.269 [OBSTACLES] cur_s=16.58 cur_d=-1.11 vs=0.00 n=0 [none]
1786870228.271 [STATE_CHANGE] LOSTLINE -> RECOVERY src=RECOVERY s=16.58 d=-1.11 vs=0.00
1786870228.804 [OBSTACLES] cur_s=16.57 cur_d=-1.11 vs=0.00 n=0 [none]
1786870229.359 [OBSTACLES] cur_s=16.58 cur_d=-1.11 vs=0.00 n=0 [none]
1786870229.883 [OBSTACLES] cur_s=16.57 cur_d=-1.11 vs=0.00 n=0 [none]
1786870230.420 [OBSTACLES] cur_s=16.57 cur_d=-1.10 vs=0.00 n=0 [none]
1786870230.933 [OBSTACLES] cur_s=16.58 cur_d=-1.11 vs=0.00 n=0 [none]
1786870231.473 [OBSTACLES] cur_s=16.57 cur_d=-1.11 vs=0.00 n=0 [none]
1786870232.011 [OBSTACLES] cur_s=16.57 cur_d=-1.11 vs=0.00 n=0 [none]
1786870232.582 [OBSTACLES] cur_s=16.57 cur_d=-1.11 vs=0.00 n=0 [none]
1786870233.096 [OBSTACLES] cur_s=16.57 cur_d=-1.11 vs=0.00 n=0 [none]
1786870233.709 [OBSTACLES] cur_s=16.57 cur_d=-1.11 vs=0.00 n=0 [none]
1786870234.228 [OBSTACLES] cur_s=16.57 cur_d=-1.11 vs=0.00 n=0 [none]
1786870234.737 [OBSTACLES] cur_s=16.57 cur_d=-1.11 vs=0.00 n=0 [none]
1786870235.274 [OBSTACLES] cur_s=16.57 cur_d=-1.11 vs=0.00 n=0 [none]
1786870235.788 [OBSTACLES] cur_s=16.57 cur_d=-1.11 vs=0.00 n=0 [none]
1786870236.337 [OBSTACLES] cur_s=16.57 cur_d=-1.11 vs=0.00 n=0 [none]
1786870236.860 [OBSTACLES] cur_s=16.57 cur_d=-1.11 vs=0.00 n=0 [none]
1786870237.428 [OBSTACLES] cur_s=16.57 cur_d=-1.11 vs=0.00 n=0 [none]
1786870237.929 [OBSTACLES] cur_s=16.57 cur_d=-1.11 vs=0.00 n=0 [none]
1786870238.316 [STATE_CHANGE] RECOVERY -> LOSTLINE src=GB_TRACK s=16.57 d=-1.11 vs=0.00
1786870238.454 [OBSTACLES] cur_s=16.57 cur_d=-1.11 vs=0.00 n=0 [none]
1786870238.888 [STATE_CHANGE] LOSTLINE -> RECOVERY src=RECOVERY s=16.57 d=-1.11 vs=0.00
1786870238.965 [OBSTACLES] cur_s=16.57 cur_d=-1.11 vs=0.00 n=0 [none]
1786870239.492 [OBSTACLES] cur_s=16.57 cur_d=-1.11 vs=0.00 n=0 [none]
1786870239.995 [OBSTACLES] cur_s=16.57 cur_d=-1.11 vs=0.00 n=0 [none]
1786870240.570 [OBSTACLES] cur_s=16.58 cur_d=-1.11 vs=0.00 n=0 [none]
1786870241.090 [OBSTACLES] cur_s=16.57 cur_d=-1.11 vs=0.00 n=0 [none]
1786870241.628 [OBSTACLES] cur_s=16.57 cur_d=-1.11 vs=0.00 n=0 [none]
1786870242.158 [OBSTACLES] cur_s=16.57 cur_d=-1.11 vs=0.00 n=0 [none]
1786870242.700 [OBSTACLES] cur_s=16.58 cur_d=-1.11 vs=0.00 n=0 [none]
1786870243.225 [OBSTACLES] cur_s=16.57 cur_d=-1.11 vs=0.00 n=0 [none]
1786870243.823 [OBSTACLES] cur_s=16.57 cur_d=-1.11 vs=0.00 n=0 [none]
1786870244.324 [OBSTACLES] cur_s=16.57 cur_d=-1.11 vs=0.00 n=0 [none]
1786870244.895 [OBSTACLES] cur_s=16.57 cur_d=-1.11 vs=0.00 n=0 [none]
1786870245.399 [OBSTACLES] cur_s=16.57 cur_d=-1.11 vs=0.00 n=0 [none]
1786870245.914 [OBSTACLES] cur_s=16.57 cur_d=-1.11 vs=0.00 n=0 [none]
1786870246.417 [OBSTACLES] cur_s=16.58 cur_d=-1.11 vs=0.00 n=0 [none]
1786870246.949 [OBSTACLES] cur_s=16.57 cur_d=-1.11 vs=0.00 n=0 [none]
1786870247.518 [OBSTACLES] cur_s=16.57 cur_d=-1.11 vs=0.00 n=0 [none]
1786870248.036 [OBSTACLES] cur_s=16.57 cur_d=-1.11 vs=0.00 n=0 [none]
1786870248.539 [OBSTACLES] cur_s=16.58 cur_d=-1.11 vs=0.00 n=0 [none]
1786870248.892 [STATE_CHANGE] RECOVERY -> LOSTLINE src=GB_TRACK s=16.57 d=-1.11 vs=0.00
1786870249.013 [STATE_CHANGE] LOSTLINE -> RECOVERY src=RECOVERY s=16.57 d=-1.11 vs=0.00
1786870249.057 [OBSTACLES] cur_s=16.57 cur_d=-1.11 vs=0.00 n=0 [none]
1786870249.584 [OBSTACLES] cur_s=16.57 cur_d=-1.11 vs=0.00 n=0 [none]
1786870250.099 [OBSTACLES] cur_s=16.57 cur_d=-1.11 vs=0.00 n=0 [none]
1786870250.611 [OBSTACLES] cur_s=16.57 cur_d=-1.11 vs=0.00 n=0 [none]
1786870251.215 [OBSTACLES] cur_s=16.57 cur_d=-1.11 vs=0.00 n=0 [none]
1786870251.719 [OBSTACLES] cur_s=16.57 cur_d=-1.11 vs=0.00 n=0 [none]
1786870252.276 [OBSTACLES] cur_s=16.58 cur_d=-1.11 vs=0.00 n=0 [none]
1786870252.809 [OBSTACLES] cur_s=16.58 cur_d=-1.11 vs=0.00 n=0 [none]
1786870253.334 [OBSTACLES] cur_s=16.57 cur_d=-1.10 vs=0.00 n=0 [none]
1786870253.847 [OBSTACLES] cur_s=16.57 cur_d=-1.11 vs=0.00 n=0 [none]
1786870254.377 [OBSTACLES] cur_s=16.57 cur_d=-1.11 vs=0.00 n=0 [none]
1786870254.955 [OBSTACLES] cur_s=16.58 cur_d=-1.10 vs=0.00 n=0 [none]
1786870255.461 [OBSTACLES] cur_s=16.57 cur_d=-1.10 vs=0.00 n=0 [none]
1786870256.006 [OBSTACLES] cur_s=16.57 cur_d=-1.11 vs=0.00 n=0 [none]
1786870256.577 [OBSTACLES] cur_s=16.57 cur_d=-1.11 vs=0.00 n=0 [none]
1786870257.078 [OBSTACLES] cur_s=16.57 cur_d=-1.11 vs=0.00 n=0 [none]
1786870257.630 [OBSTACLES] cur_s=16.57 cur_d=-1.11 vs=0.00 n=0 [none]
1786870258.160 [OBSTACLES] cur_s=16.57 cur_d=-1.11 vs=0.00 n=0 [none]
1786870258.699 [OBSTACLES] cur_s=16.57 cur_d=-1.11 vs=0.00 n=0 [none]
1786870258.948 [STATE_CHANGE] RECOVERY -> LOSTLINE src=GB_TRACK s=16.57 d=-1.11 vs=0.00
1786870259.032 [STATE_CHANGE] LOSTLINE -> RECOVERY src=RECOVERY s=16.57 d=-1.11 vs=0.00
1786870259.210 [OBSTACLES] cur_s=16.57 cur_d=-1.11 vs=0.00 n=0 [none]
1786870259.770 [OBSTACLES] cur_s=16.57 cur_d=-1.11 vs=0.00 n=0 [none]
1786870260.296 [OBSTACLES] cur_s=16.58 cur_d=-1.10 vs=0.00 n=0 [none]
1786870260.849 [OBSTACLES] cur_s=16.57 cur_d=-1.11 vs=0.00 n=0 [none]
1786870261.355 [OBSTACLES] cur_s=16.57 cur_d=-1.10 vs=0.00 n=0 [none]
1786870261.913 [OBSTACLES] cur_s=16.58 cur_d=-1.11 vs=0.00 n=0 [none]
1786870262.453 [OBSTACLES] cur_s=16.58 cur_d=-1.10 vs=0.00 n=0 [none]
1786870263.039 [OBSTACLES] cur_s=16.57 cur_d=-1.11 vs=0.00 n=0 [none]
1786870263.573 [OBSTACLES] cur_s=16.58 cur_d=-1.11 vs=0.00 n=0 [none]
1786870264.248 [OBSTACLES] cur_s=16.58 cur_d=-1.11 vs=0.00 n=0 [none]
1786870264.810 [OBSTACLES] cur_s=16.57 cur_d=-1.11 vs=0.00 n=0 [none]
1786870265.316 [OBSTACLES] cur_s=16.57 cur_d=-1.11 vs=0.00 n=0 [none]
1786870265.845 [OBSTACLES] cur_s=16.57 cur_d=-1.11 vs=0.00 n=0 [none]
1786870266.383 [OBSTACLES] cur_s=16.57 cur_d=-1.11 vs=0.00 n=0 [none]
1786870266.936 [OBSTACLES] cur_s=16.58 cur_d=-1.07 vs=0.25 n=0 [none]
1786870267.208 [STATIC_OT] state=RECOVERY path_exists=0 path_locked=0 path_ttl_ok=0 path_safe=0 on_spline=0 speed=0.65 raw_wpnts=0 raw_age=-s decision=TRAILING reason=NO_STATIC_PATH
1786870267.208 [STATE_CHANGE] RECOVERY -> TRAILING src=RECOVERY s=16.63 d=-0.96 vs=0.65
1786870267.443 [STATIC_OT] state=TRAILING path_exists=0 path_locked=0 path_ttl_ok=0 path_safe=0 on_spline=0 speed=1.62 raw_wpnts=0 raw_age=-s decision=TRAILING reason=NO_STATIC_PATH
1786870267.529 [OBSTACLES] cur_s=17.01 cur_d=-0.52 vs=1.94 n=1 [id=382 static=1 gap=11.92m d=-0.36 size=0.30]
1786870267.746 [STATIC_OT] state=TRAILING path_exists=0 path_locked=0 path_ttl_ok=0 path_safe=0 on_spline=0 speed=2.63 raw_wpnts=0 raw_age=-s decision=TRAILING reason=NO_STATIC_PATH
1786870267.959 [STATIC_OT] state=TRAILING path_exists=0 path_locked=0 path_ttl_ok=0 path_safe=0 on_spline=0 speed=3.39 raw_wpnts=0 raw_age=-s decision=TRAILING reason=NO_STATIC_PATH
1786870268.111 [OBSTACLES] cur_s=18.53 cur_d=-0.04 vs=3.67 n=1 [id=382 static=1 gap=10.30m d=-0.41 size=0.41]
1786870268.239 [STATIC_OT] state=TRAILING path_exists=0 path_locked=0 path_ttl_ok=0 path_safe=0 on_spline=0 speed=3.94 raw_wpnts=0 raw_age=-s decision=TRAILING reason=NO_STATIC_PATH
1786870268.530 [STATIC_OT] state=TRAILING path_exists=0 path_locked=0 path_ttl_ok=0 path_safe=0 on_spline=0 speed=4.31 raw_wpnts=0 raw_age=-s decision=TRAILING reason=NO_STATIC_PATH
1786870268.620 [OBSTACLES] cur_s=20.75 cur_d=0.02 vs=4.14 n=1 [id=382 static=1 gap=8.06m d=-0.45 size=0.39]
1786870268.755 [STATIC_OT] state=TRAILING path_exists=0 path_locked=0 path_ttl_ok=0 path_safe=0 on_spline=0 speed=3.93 raw_wpnts=0 raw_age=-s decision=TRAILING reason=NO_STATIC_PATH
1786870268.861 [STATE_CHANGE] TRAILING -> GB_TRACK src=GB_TRACK s=21.65 d=-0.03 vs=3.51
1786870268.939 [STATE_CHANGE] GB_TRACK -> TRAILING src=GB_TRACK s=21.95 d=-0.05 vs=3.28
1786870269.018 [STATIC_OT] state=TRAILING path_exists=0 path_locked=0 path_ttl_ok=0 path_safe=0 on_spline=0 speed=2.97 raw_wpnts=0 raw_age=-s decision=TRAILING reason=NO_STATIC_PATH
1786870269.259 [OBSTACLES] cur_s=22.91 cur_d=-0.10 vs=2.66 n=1 [id=382 static=1 gap=5.90m d=-0.43 size=0.37]
1786870269.262 [STATIC_OT] state=TRAILING path_exists=0 path_locked=0 path_ttl_ok=0 path_safe=0 on_spline=0 speed=2.66 raw_wpnts=0 raw_age=-s decision=TRAILING reason=NO_STATIC_PATH
1786870269.464 [STATIC_OT] state=TRAILING path_exists=0 path_locked=0 path_ttl_ok=0 path_safe=0 on_spline=0 speed=2.10 raw_wpnts=0 raw_age=-s decision=TRAILING reason=NO_STATIC_PATH
1786870269.731 [STATIC_OT] state=TRAILING path_exists=0 path_locked=0 path_ttl_ok=0 path_safe=0 on_spline=0 speed=1.57 raw_wpnts=0 raw_age=-s decision=TRAILING reason=NO_STATIC_PATH
1786870269.815 [OBSTACLES] cur_s=23.97 cur_d=-0.04 vs=1.52 n=1 [id=382 static=1 gap=4.87m d=-0.41 size=0.34]
1786870269.963 [STATIC_OT] state=TRAILING path_exists=1 path_locked=0 path_ttl_ok=1 path_safe=1 on_spline=1 speed=1.41 raw_wpnts=120 raw_age=0.71s decision=OVERTAKE
1786870269.963 [STATE_CHANGE] TRAILING -> OVERTAKE src=OVERTAKE s=24.26 d=-0.05 vs=1.41
1786870270.344 [OBSTACLES] cur_s=24.81 cur_d=-0.06 vs=1.73 n=1 [id=382 static=1 gap=4.06m d=-0.40 size=0.32]
1786870270.925 [OBSTACLES] cur_s=26.39 cur_d=-0.01 vs=3.23 n=1 [id=382 static=1 gap=2.51m d=-0.40 size=0.27]
1786870271.430 [OBSTACLES] cur_s=28.15 cur_d=0.06 vs=3.74 n=1 [id=382 static=1 gap=0.76m d=-0.41 size=0.26]
1786870271.768 [STATIC_OT] state=OVERTAKE path_exists=1 path_locked=1 path_ttl_ok=1 path_safe=1 on_spline=0 speed=3.16 raw_wpnts=85 raw_age=0.43s decision=OVERTAKE
1786870271.834 [STATE_CHANGE] OVERTAKE -> LOSTLINE src=GB_TRACK s=29.01 d=0.63 vs=2.82
1786870271.958 [OBSTACLES] cur_s=29.66 cur_d=0.81 vs=1.92 n=0 [none]
1786870272.472 [OBSTACLES] cur_s=30.08 cur_d=1.07 vs=0.52 n=0 [none]
1786870272.990 [OBSTACLES] cur_s=30.57 cur_d=1.48 vs=0.46 n=0 [none]
1786870273.533 [OBSTACLES] cur_s=30.86 cur_d=1.82 vs=0.06 n=0 [none]
1786870274.062 [OBSTACLES] cur_s=31.01 cur_d=1.95 vs=0.09 n=0 [none]
1786870274.611 [OBSTACLES] cur_s=31.10 cur_d=2.01 vs=0.00 n=0 [none]
1786870275.158 [OBSTACLES] cur_s=30.42 cur_d=1.28 vs=0.00 n=0 [none]
1786870275.670 [OBSTACLES] cur_s=30.42 cur_d=1.28 vs=0.00 n=0 [none]
1786870276.204 [OBSTACLES] cur_s=30.42 cur_d=1.28 vs=0.00 n=0 [none]
1786870276.839 [OBSTACLES] cur_s=30.42 cur_d=1.28 vs=0.00 n=0 [none]
1786870277.361 [OBSTACLES] cur_s=30.42 cur_d=1.28 vs=0.00 n=0 [none]
1786870277.882 [OBSTACLES] cur_s=30.42 cur_d=1.28 vs=0.00 n=0 [none]
1786870278.414 [OBSTACLES] cur_s=30.42 cur_d=1.28 vs=0.00 n=0 [none]
1786870278.933 [OBSTACLES] cur_s=30.41 cur_d=1.26 vs=-0.06 n=0 [none]
1786870279.441 [OBSTACLES] cur_s=30.40 cur_d=0.85 vs=-0.44 n=0 [none]
1786870279.791 [STATE_CHANGE] LOSTLINE -> GB_TRACK src=GB_TRACK s=30.33 d=0.28 vs=-0.22
1786870279.989 [OBSTACLES] cur_s=30.29 cur_d=0.15 vs=-0.13 n=0 [none]
1786870280.357 [STATE_CHANGE] GB_TRACK -> LOSTLINE src=GB_TRACK s=30.17 d=0.32 vs=0.00
1786870280.522 [OBSTACLES] cur_s=30.14 cur_d=0.35 vs=0.00 n=0 [none]
1786870281.025 [OBSTACLES] cur_s=30.04 cur_d=0.36 vs=0.00 n=0 [none]
1786870281.544 [OBSTACLES] cur_s=30.04 cur_d=0.36 vs=0.00 n=0 [none]
1786870282.072 [OBSTACLES] cur_s=30.05 cur_d=0.30 vs=-0.06 n=0 [none]
1786870282.268 [STATE_CHANGE] LOSTLINE -> GB_TRACK src=GB_TRACK s=30.05 d=0.29 vs=0.00
1786870282.587 [OBSTACLES] cur_s=30.05 cur_d=0.27 vs=0.00 n=0 [none]
1786870283.157 [OBSTACLES] cur_s=29.98 cur_d=0.08 vs=-0.76 n=0 [none]
1786870283.276 [STATE_CHANGE] GB_TRACK -> LOSTLINE src=GB_TRACK s=29.87 d=-0.39 vs=-1.77
1786870283.721 [OBSTACLES] cur_s=29.65 cur_d=-0.83 vs=-0.47 n=0 [none]
1786870283.980 [STATE_CHANGE] LOSTLINE -> RECOVERY src=RECOVERY s=29.70 d=-0.79 vs=0.00
1786870284.244 [OBSTACLES] cur_s=29.70 cur_d=-0.79 vs=0.00 n=0 [none]
1786870284.775 [OBSTACLES] cur_s=29.70 cur_d=-0.80 vs=0.00 n=0 [none]
1786870285.345 [OBSTACLES] cur_s=29.69 cur_d=-0.80 vs=-0.10 n=0 [none]
1786870285.809 [STATE_CHANGE] RECOVERY -> LOSTLINE src=GB_TRACK s=29.36 d=-0.54 vs=-0.18
1786870285.920 [OBSTACLES] cur_s=29.33 cur_d=-0.50 vs=-0.10 n=0 [none]
1786870286.059 [STATE_CHANGE] LOSTLINE -> RECOVERY src=RECOVERY s=29.31 d=-0.44 vs=-0.04
1786870286.426 [OBSTACLES] cur_s=29.31 cur_d=-0.36 vs=-0.14 n=0 [none]
1786870286.641 [STATE_CHANGE] RECOVERY -> GB_TRACK src=GB_TRACK s=29.24 d=0.01 vs=-1.62
1786870286.865 [STATE_CHANGE] GB_TRACK -> RECOVERY src=RECOVERY s=29.04 d=0.31 vs=-3.06
1786870286.942 [OBSTACLES] cur_s=28.83 cur_d=0.50 vs=-3.16 n=0 [none]
1786870286.943 [STATE_CHANGE] RECOVERY -> LOSTLINE src=GB_TRACK s=28.83 d=0.50 vs=-3.16
1786870287.039 [STATE_CHANGE] LOSTLINE -> GB_TRACK src=GB_TRACK s=28.34 d=0.26 vs=-1.53
1786870287.410 [STATE_CHANGE] GB_TRACK -> LOSTLINE src=GB_TRACK s=27.85 d=-0.29 vs=-0.70
1786870287.473 [OBSTACLES] cur_s=27.78 cur_d=-0.27 vs=-0.69 n=0 [none]
1786870287.476 [STATE_CHANGE] LOSTLINE -> GB_TRACK src=GB_TRACK s=27.78 d=-0.27 vs=-0.69
1786870287.555 [STATE_CHANGE] GB_TRACK -> LOSTLINE src=GB_TRACK s=27.72 d=-0.41 vs=-0.99
1786870287.617 [STATIC_OT] state=GB_TRACK path_exists=0 path_locked=0 path_ttl_ok=0 path_safe=0 on_spline=0 speed=-0.91 raw_wpnts=0 raw_age=-s decision=TRAILING reason=NO_STATIC_PATH
1786870287.618 [STATE_CHANGE] LOSTLINE -> TRAILING src=GB_TRACK s=27.60 d=-0.49 vs=-0.91
1786870287.884 [STATIC_OT] state=TRAILING path_exists=0 path_locked=0 path_ttl_ok=0 path_safe=0 on_spline=0 speed=-1.18 raw_wpnts=0 raw_age=-s decision=TRAILING reason=NO_STATIC_PATH
1786870287.981 [OBSTACLES] cur_s=27.44 cur_d=-0.71 vs=-1.01 n=1 [id=388 static=0 gap=1.07m d=-0.07 size=0.24]
1786870288.091 [STATIC_OT] state=TRAILING path_exists=0 path_locked=0 path_ttl_ok=0 path_safe=0 on_spline=0 speed=-0.88 raw_wpnts=0 raw_age=-s decision=TRAILING reason=NO_STATIC_PATH
1786870288.303 [STATIC_OT] state=TRAILING path_exists=0 path_locked=0 path_ttl_ok=0 path_safe=0 on_spline=0 speed=-0.44 raw_wpnts=0 raw_age=-s decision=TRAILING reason=NO_STATIC_PATH
1786870288.495 [OBSTACLES] cur_s=27.29 cur_d=-0.82 vs=0.00 n=1 [id=388 static=0 gap=1.45m d=-0.08 size=0.24]
1786870288.565 [STATIC_OT] state=TRAILING path_exists=0 path_locked=0 path_ttl_ok=0 path_safe=0 on_spline=0 speed=0.00 raw_wpnts=0 raw_age=-s decision=TRAILING reason=NO_STATIC_PATH
1786870288.796 [STATE_CHANGE] TRAILING -> RECOVERY src=RECOVERY s=27.27 d=-0.83 vs=-0.13
1786870288.960 [STATIC_OT] state=RECOVERY path_exists=0 path_locked=0 path_ttl_ok=0 path_safe=0 on_spline=0 speed=-0.18 raw_wpnts=0 raw_age=-s decision=TRAILING reason=NO_STATIC_PATH
1786870288.962 [STATE_CHANGE] RECOVERY -> TRAILING src=RECOVERY s=27.22 d=-0.84 vs=-0.18
1786870289.032 [OBSTACLES] cur_s=27.20 cur_d=-0.84 vs=-0.28 n=1 [id=388 static=1 gap=1.50m d=-0.15 size=0.25]
1786870289.229 [STATIC_OT] state=TRAILING path_exists=0 path_locked=0 path_ttl_ok=0 path_safe=0 on_spline=0 speed=0.00 raw_wpnts=0 raw_age=-s decision=TRAILING reason=NO_STATIC_PATH
1786870289.383 [STATE_CHANGE] TRAILING -> OVERTAKE src=OVERTAKE s=27.15 d=-0.84 vs=0.00
1786870289.537 [OBSTACLES] cur_s=27.15 cur_d=-0.84 vs=0.00 n=1 [id=388 static=1 gap=1.57m d=-0.14 size=0.22]
1786870290.120 [OBSTACLES] cur_s=26.93 cur_d=-0.79 vs=-0.25 n=1 [id=388 static=1 gap=1.77m d=-0.14 size=0.25]
1786870290.691 [OBSTACLES] cur_s=26.92 cur_d=-0.76 vs=0.00 n=1 [id=388 static=1 gap=1.78m d=-0.14 size=0.24]
1786870291.203 [OBSTACLES] cur_s=26.92 cur_d=-0.76 vs=0.00 n=1 [id=388 static=1 gap=1.78m d=-0.14 size=0.25]
1786870291.756 [OBSTACLES] cur_s=26.92 cur_d=-0.76 vs=0.00 n=1 [id=388 static=1 gap=1.78m d=-0.14 size=0.24]
1786870292.324 [OBSTACLES] cur_s=26.93 cur_d=-0.76 vs=0.00 n=1 [id=388 static=1 gap=1.78m d=-0.14 size=0.24]
1786870292.868 [OBSTACLES] cur_s=27.00 cur_d=-0.77 vs=0.14 n=1 [id=388 static=1 gap=1.71m d=-0.14 size=0.23]
1786870293.441 [OBSTACLES] cur_s=27.57 cur_d=-0.50 vs=1.44 n=1 [id=388 static=1 gap=1.14m d=-0.14 size=0.23]
1786870294.004 [OBSTACLES] cur_s=27.59 cur_d=-0.05 vs=0.01 n=1 [id=388 static=1 gap=1.11m d=-0.15 size=0.24]
1786870294.097 [STATIC_OT] state=OVERTAKE path_exists=1 path_locked=1 path_ttl_ok=1 path_safe=1 on_spline=0 speed=-0.18 raw_wpnts=81 raw_age=0.62s decision=OVERTAKE
1786870294.318 [STATIC_OT] state=OVERTAKE path_exists=1 path_locked=1 path_ttl_ok=0 path_safe=0 on_spline=0 speed=-1.14 raw_wpnts=0 raw_age=-s decision=TRAILING reason=NO_STATIC_PATH
1786870294.323 [STATE_CHANGE] OVERTAKE -> TRAILING src=GB_TRACK s=27.36 d=0.29 vs=-1.14
1786870294.530 [OBSTACLES] cur_s=27.17 cur_d=0.43 vs=-2.09 n=1 [id=388 static=1 gap=1.56m d=-0.16 size=0.18]
1786870294.536 [STATIC_OT] state=TRAILING path_exists=1 path_locked=0 path_ttl_ok=1 path_safe=1 on_spline=0 speed=-2.09 raw_wpnts=81 raw_age=0.69s decision=OVERTAKE
1786870294.539 [STATE_CHANGE] TRAILING -> OVERTAKE src=OVERTAKE s=27.17 d=0.43 vs=-2.09
1786870295.005 [STATE_CHANGE] OVERTAKE -> LOSTLINE src=GB_TRACK s=26.25 d=0.55 vs=-0.78
1786870295.056 [OBSTACLES] cur_s=26.23 cur_d=0.54 vs=-0.69 n=0 [none]
1786870295.231 [STATE_CHANGE] LOSTLINE -> RECOVERY src=RECOVERY s=26.13 d=0.51 vs=-0.40
1786870295.618 [OBSTACLES] cur_s=25.94 cur_d=0.48 vs=-1.19 n=0 [none]
1786870295.756 [STATE_CHANGE] RECOVERY -> LOSTLINE src=GB_TRACK s=25.81 d=0.45 vs=-1.74
1786870296.029 [STATE_CHANGE] LOSTLINE -> GB_TRACK src=GB_TRACK s=25.10 d=0.25 vs=-3.28
1786870296.248 [OBSTACLES] cur_s=24.29 cur_d=0.02 vs=-3.68 n=0 [none]
1786870296.675 [STATE_CHANGE] GB_TRACK -> LOSTLINE src=GB_TRACK s=22.87 d=-0.30 vs=-3.21
1786870296.760 [OBSTACLES] cur_s=22.62 cur_d=-0.31 vs=-3.01 n=0 [none]
1786870296.766 [STATE_CHANGE] LOSTLINE -> RECOVERY src=RECOVERY s=22.62 d=-0.31 vs=-3.01
1786870296.819 [STATE_CHANGE] RECOVERY -> LOSTLINE src=GB_TRACK s=22.42 d=-0.32 vs=-2.86
1786870296.946 [STATE_CHANGE] LOSTLINE -> RECOVERY src=RECOVERY s=22.08 d=-0.33 vs=-2.55
1786870296.985 [STATE_CHANGE] RECOVERY -> LOSTLINE src=GB_TRACK s=21.96 d=-0.32 vs=-2.65
1786870297.341 [OBSTACLES] cur_s=20.67 cur_d=-0.28 vs=-3.79 n=0 [none]
1786870297.342 [STATE_CHANGE] LOSTLINE -> GB_TRACK src=GB_TRACK s=20.67 d=-0.28 vs=-3.79
1786870297.846 [OBSTACLES] cur_s=19.15 cur_d=-0.20 vs=-3.91 n=0 [none]
1786870298.423 [OBSTACLES] cur_s=17.41 cur_d=-0.10 vs=-2.89 n=0 [none]
1786870299.032 [OBSTACLES] cur_s=16.41 cur_d=-0.07 vs=-1.08 n=0 [none]
1786870299.577 [OBSTACLES] cur_s=16.29 cur_d=0.00 vs=0.50 n=0 [none]
1786870299.915 [STATIC_OT] state=GB_TRACK path_exists=0 path_locked=0 path_ttl_ok=0 path_safe=0 on_spline=0 speed=0.84 raw_wpnts=0 raw_age=-s decision=TRAILING reason=NO_STATIC_PATH
1786870299.915 [STATE_CHANGE] GB_TRACK -> TRAILING src=GB_TRACK s=16.60 d=-0.24 vs=0.84
1786870300.265 [OBSTACLES] cur_s=16.66 cur_d=-0.73 vs=-0.64 n=2 [id=395 static=1 gap=0.50m d=0.40 size=0.16; id=396 static=1 gap=12.77m d=-0.16 size=0.21]
1786870300.284 [STATIC_OT] state=TRAILING path_exists=1 path_locked=0 path_ttl_ok=1 path_safe=1 on_spline=0 speed=-0.64 raw_wpnts=81 raw_age=0.58s decision=OVERTAKE
1786870300.300 [STATE_CHANGE] TRAILING -> OVERTAKE src=OVERTAKE s=16.66 d=-0.73 vs=-0.64
1786870300.468 [STATE_CHANGE] OVERTAKE -> TRAILING src=GB_TRACK s=16.63 d=-0.96 vs=-0.36
1786870300.529 [STATIC_OT] state=TRAILING path_exists=1 path_locked=0 path_ttl_ok=1 path_safe=1 on_spline=0 speed=0.00 raw_wpnts=81 raw_age=0.54s decision=OVERTAKE
1786870300.529 [STATE_CHANGE] TRAILING -> OVERTAKE src=OVERTAKE s=16.63 d=-0.97 vs=0.00
1786870300.706 [STATE_CHANGE] OVERTAKE -> TRAILING src=GB_TRACK s=16.63 d=-0.97 vs=0.00
1786870300.753 [STATIC_OT] state=TRAILING path_exists=1 path_locked=0 path_ttl_ok=1 path_safe=0 on_spline=1 speed=0.00 raw_wpnts=81 raw_age=0.43s decision=TRAILING reason=PATH_BLOCKED blocked_obs_id=397 gap=12.48m free_dist=Nonem branch=dyn/nopred/beyond_path
1786870300.777 [OBSTACLES] cur_s=16.63 cur_d=-0.97 vs=0.00 n=1 [id=397 static=0 gap=12.27m d=-0.34 size=0.38]
1786870300.899 [STATE_CHANGE] TRAILING -> RECOVERY src=RECOVERY s=16.63 d=-0.96 vs=0.00
1786870300.918 [STATE_CHANGE] RECOVERY -> TRAILING src=RECOVERY s=16.63 d=-0.96 vs=0.00
1786870300.941 [STATE_CHANGE] TRAILING -> RECOVERY src=RECOVERY s=16.63 d=-0.96 vs=0.00
1786870300.961 [STATIC_OT] state=RECOVERY path_exists=1 path_locked=0 path_ttl_ok=0 path_safe=0 on_spline=1 speed=0.00 raw_wpnts=0 raw_age=-s decision=TRAILING reason=NO_STATIC_PATH
1786870300.962 [STATE_CHANGE] RECOVERY -> TRAILING src=RECOVERY s=16.63 d=-0.96 vs=0.00
1786870301.181 [STATIC_OT] state=TRAILING path_exists=1 path_locked=0 path_ttl_ok=1 path_safe=0 on_spline=1 speed=0.00 raw_wpnts=81 raw_age=0.22s decision=TRAILING reason=PATH_BLOCKED blocked_obs_id=397 gap=12.41m free_dist=Nonem branch=dyn/nopred/beyond_path
1786870301.341 [OBSTACLES] cur_s=16.64 cur_d=-0.95 vs=0.00 n=2 [id=397 static=0 gap=12.22m d=-0.36 size=0.40; id=398 static=1 gap=0.31m d=0.28 size=0.17]
1786870301.444 [STATIC_OT] state=TRAILING path_exists=1 path_locked=0 path_ttl_ok=1 path_safe=0 on_spline=1 speed=0.00 raw_wpnts=81 raw_age=0.31s decision=TRAILING reason=PATH_BLOCKED blocked_obs_id=397 gap=12.4m free_dist=Nonem branch=dyn/nopred/beyond_path
1786870301.559 [STATE_CHANGE] TRAILING -> RECOVERY src=RECOVERY s=16.64 d=-0.95 vs=0.00
1786870301.658 [STATIC_OT] state=RECOVERY path_exists=1 path_locked=0 path_ttl_ok=1 path_safe=1 on_spline=1 speed=0.00 raw_wpnts=81 raw_age=0.38s decision=OVERTAKE
1786870301.666 [STATE_CHANGE] RECOVERY -> OVERTAKE src=OVERTAKE s=16.63 d=-0.95 vs=0.00
1786870301.922 [OBSTACLES] cur_s=16.64 cur_d=-0.95 vs=0.00 n=2 [id=397 static=1 gap=12.25m d=-0.38 size=0.28; id=398 static=1 gap=0.20m d=0.30 size=0.38]
1786870302.484 [OBSTACLES] cur_s=16.63 cur_d=-0.96 vs=0.00 n=2 [id=397 static=1 gap=12.25m d=-0.39 size=0.28; id=398 static=1 gap=0.25m d=0.31 size=0.17]
1786870303.126 [OBSTACLES] cur_s=16.63 cur_d=-0.96 vs=0.00 n=1 [id=397 static=1 gap=12.24m d=-0.39 size=0.28]
1786870303.648 [OBSTACLES] cur_s=16.63 cur_d=-0.95 vs=0.00 n=1 [id=397 static=1 gap=12.23m d=-0.39 size=0.28]
1786870304.155 [OBSTACLES] cur_s=16.64 cur_d=-0.95 vs=0.00 n=1 [id=397 static=1 gap=12.23m d=-0.40 size=0.28]
1786870304.692 [OBSTACLES] cur_s=16.64 cur_d=-0.95 vs=0.00 n=1 [id=397 static=1 gap=12.20m d=-0.40 size=0.33]
1786870305.227 [OBSTACLES] cur_s=16.64 cur_d=-0.95 vs=0.00 n=1 [id=397 static=1 gap=12.22m d=-0.40 size=0.29]
1786870305.742 [OBSTACLES] cur_s=16.64 cur_d=-0.95 vs=0.00 n=1 [id=397 static=1 gap=12.20m d=-0.40 size=0.34]
1786870306.306 [OBSTACLES] cur_s=16.64 cur_d=-0.95 vs=0.00 n=1 [id=397 static=1 gap=12.22m d=-0.40 size=0.30]
1786870306.848 [OBSTACLES] cur_s=16.64 cur_d=-0.95 vs=0.00 n=1 [id=397 static=1 gap=12.23m d=-0.40 size=0.29]
1786870307.349 [OBSTACLES] cur_s=16.64 cur_d=-0.95 vs=0.00 n=1 [id=397 static=1 gap=12.23m d=-0.40 size=0.28]
1786870307.897 [OBSTACLES] cur_s=16.64 cur_d=-0.95 vs=0.00 n=1 [id=397 static=1 gap=12.23m d=-0.40 size=0.28]
1786870308.431 [OBSTACLES] cur_s=16.64 cur_d=-0.95 vs=0.00 n=1 [id=397 static=1 gap=12.21m d=-0.40 size=0.32]
1786870308.956 [OBSTACLES] cur_s=16.64 cur_d=-0.95 vs=0.00 n=1 [id=397 static=1 gap=12.23m d=-0.40 size=0.29]
1786870309.469 [OBSTACLES] cur_s=16.64 cur_d=-0.95 vs=0.00 n=1 [id=397 static=1 gap=12.23m d=-0.40 size=0.29]
1786870309.970 [OBSTACLES] cur_s=16.64 cur_d=-0.95 vs=0.00 n=1 [id=397 static=1 gap=12.23m d=-0.40 size=0.28]
1786870310.479 [OBSTACLES] cur_s=16.64 cur_d=-0.95 vs=0.00 n=1 [id=397 static=1 gap=12.23m d=-0.40 size=0.28]
1786870310.991 [OBSTACLES] cur_s=16.64 cur_d=-0.95 vs=0.00 n=1 [id=397 static=1 gap=12.24m d=-0.40 size=0.28]
1786870311.291 [STATIC_OT] state=OVERTAKE path_exists=0 path_locked=1 path_ttl_ok=0 path_safe=0 on_spline=0 speed=0.00 raw_wpnts=0 raw_age=-s decision=TRAILING reason=NO_STATIC_PATH
1786870311.298 [STATE_CHANGE] OVERTAKE -> TRAILING src=GB_TRACK s=16.64 d=-0.95 vs=0.00
1786870311.561 [OBSTACLES] cur_s=16.64 cur_d=-0.95 vs=0.00 n=1 [id=397 static=1 gap=12.22m d=-0.41 size=0.30]
1786870311.574 [STATIC_OT] state=TRAILING path_exists=0 path_locked=0 path_ttl_ok=0 path_safe=0 on_spline=0 speed=0.00 raw_wpnts=0 raw_age=-s decision=TRAILING reason=NO_STATIC_PATH
1786870311.852 [STATIC_OT] state=TRAILING path_exists=0 path_locked=0 path_ttl_ok=0 path_safe=0 on_spline=0 speed=0.00 raw_wpnts=0 raw_age=-s decision=TRAILING reason=NO_STATIC_PATH
1786870312.151 [OBSTACLES] cur_s=16.64 cur_d=-0.95 vs=0.00 n=1 [id=397 static=1 gap=12.23m d=-0.41 size=0.28]
1786870312.171 [STATIC_OT] state=TRAILING path_exists=0 path_locked=0 path_ttl_ok=0 path_safe=0 on_spline=0 speed=0.00 raw_wpnts=0 raw_age=-s decision=TRAILING reason=NO_STATIC_PATH
1786870312.430 [STATIC_OT] state=TRAILING path_exists=0 path_locked=0 path_ttl_ok=0 path_safe=0 on_spline=0 speed=0.00 raw_wpnts=0 raw_age=-s decision=TRAILING reason=NO_STATIC_PATH
1786870312.749 [OBSTACLES] cur_s=16.64 cur_d=-0.95 vs=0.00 n=1 [id=397 static=1 gap=12.23m d=-0.41 size=0.28]
1786870312.756 [STATIC_OT] state=TRAILING path_exists=0 path_locked=0 path_ttl_ok=0 path_safe=0 on_spline=0 speed=0.00 raw_wpnts=0 raw_age=-s decision=TRAILING reason=NO_STATIC_PATH
1786870313.017 [STATIC_OT] state=TRAILING path_exists=0 path_locked=0 path_ttl_ok=0 path_safe=0 on_spline=0 speed=0.00 raw_wpnts=0 raw_age=-s decision=TRAILING reason=NO_STATIC_PATH
1786870313.225 [STATIC_OT] state=TRAILING path_exists=0 path_locked=0 path_ttl_ok=0 path_safe=0 on_spline=0 speed=0.00 raw_wpnts=0 raw_age=-s decision=TRAILING reason=NO_STATIC_PATH
1786870313.300 [OBSTACLES] cur_s=16.64 cur_d=-0.95 vs=0.00 n=1 [id=397 static=1 gap=12.23m d=-0.41 size=0.29]
1786870313.462 [STATIC_OT] state=TRAILING path_exists=0 path_locked=0 path_ttl_ok=0 path_safe=0 on_spline=0 speed=0.00 raw_wpnts=0 raw_age=-s decision=TRAILING reason=NO_STATIC_PATH
1786870313.687 [STATIC_OT] state=TRAILING path_exists=0 path_locked=0 path_ttl_ok=0 path_safe=0 on_spline=0 speed=0.00 raw_wpnts=0 raw_age=-s decision=TRAILING reason=NO_STATIC_PATH
1786870313.808 [OBSTACLES] cur_s=16.64 cur_d=-0.95 vs=0.00 n=1 [id=397 static=1 gap=12.23m d=-0.41 size=0.29]
1786870313.914 [STATIC_OT] state=TRAILING path_exists=0 path_locked=0 path_ttl_ok=0 path_safe=0 on_spline=0 speed=0.00 raw_wpnts=0 raw_age=-s decision=TRAILING reason=NO_STATIC_PATH
1786870314.164 [STATIC_OT] state=TRAILING path_exists=0 path_locked=0 path_ttl_ok=0 path_safe=0 on_spline=0 speed=0.00 raw_wpnts=0 raw_age=-s decision=TRAILING reason=NO_STATIC_PATH
1786870314.346 [OBSTACLES] cur_s=16.64 cur_d=-0.95 vs=0.00 n=1 [id=397 static=1 gap=12.23m d=-0.41 size=0.28]
1786870314.410 [STATIC_OT] state=TRAILING path_exists=0 path_locked=0 path_ttl_ok=0 path_safe=0 on_spline=0 speed=0.00 raw_wpnts=0 raw_age=-s decision=TRAILING reason=NO_STATIC_PATH
1786870314.622 [STATIC_OT] state=TRAILING path_exists=0 path_locked=0 path_ttl_ok=0 path_safe=0 on_spline=0 speed=0.00 raw_wpnts=0 raw_age=-s decision=TRAILING reason=NO_STATIC_PATH
1786870314.860 [OBSTACLES] cur_s=16.64 cur_d=-0.95 vs=0.00 n=1 [id=397 static=1 gap=12.21m d=-0.41 size=0.33]
1786870314.867 [STATIC_OT] state=TRAILING path_exists=0 path_locked=0 path_ttl_ok=0 path_safe=0 on_spline=0 speed=0.00 raw_wpnts=0 raw_age=-s decision=TRAILING reason=NO_STATIC_PATH
1786870315.191 [STATIC_OT] state=TRAILING path_exists=0 path_locked=0 path_ttl_ok=0 path_safe=0 on_spline=0 speed=0.00 raw_wpnts=0 raw_age=-s decision=TRAILING reason=NO_STATIC_PATH
1786870315.369 [OBSTACLES] cur_s=16.64 cur_d=-0.95 vs=0.00 n=1 [id=397 static=1 gap=12.23m d=-0.41 size=0.29]
1786870315.487 [STATIC_OT] state=TRAILING path_exists=0 path_locked=0 path_ttl_ok=0 path_safe=0 on_spline=0 speed=0.00 raw_wpnts=0 raw_age=-s decision=TRAILING reason=NO_STATIC_PATH
1786870315.709 [STATIC_OT] state=TRAILING path_exists=0 path_locked=0 path_ttl_ok=0 path_safe=0 on_spline=0 speed=0.00 raw_wpnts=0 raw_age=-s decision=TRAILING reason=NO_STATIC_PATH
1786870315.916 [OBSTACLES] cur_s=16.64 cur_d=-0.95 vs=0.00 n=1 [id=397 static=1 gap=12.24m d=-0.41 size=0.27]
1786870315.919 [STATIC_OT] state=TRAILING path_exists=0 path_locked=0 path_ttl_ok=0 path_safe=0 on_spline=0 speed=0.00 raw_wpnts=0 raw_age=-s decision=TRAILING reason=NO_STATIC_PATH
1786870316.153 [STATIC_OT] state=TRAILING path_exists=0 path_locked=0 path_ttl_ok=0 path_safe=0 on_spline=0 speed=0.00 raw_wpnts=0 raw_age=-s decision=TRAILING reason=NO_STATIC_PATH
1786870316.392 [STATIC_OT] state=TRAILING path_exists=0 path_locked=0 path_ttl_ok=0 path_safe=0 on_spline=0 speed=0.00 raw_wpnts=0 raw_age=-s decision=TRAILING reason=NO_STATIC_PATH
1786870316.473 [OBSTACLES] cur_s=16.64 cur_d=-0.95 vs=0.00 n=1 [id=397 static=1 gap=12.23m d=-0.41 size=0.29]
1786870316.684 [STATIC_OT] state=TRAILING path_exists=0 path_locked=0 path_ttl_ok=0 path_safe=0 on_spline=0 speed=0.00 raw_wpnts=0 raw_age=-s decision=TRAILING reason=NO_STATIC_PATH
1786870316.959 [STATIC_OT] state=TRAILING path_exists=0 path_locked=0 path_ttl_ok=0 path_safe=0 on_spline=0 speed=0.00 raw_wpnts=0 raw_age=-s decision=TRAILING reason=NO_STATIC_PATH
1786870317.061 [OBSTACLES] cur_s=16.64 cur_d=-0.95 vs=0.00 n=1 [id=397 static=1 gap=12.22m d=-0.41 size=0.30]
1786870317.175 [STATIC_OT] state=TRAILING path_exists=0 path_locked=0 path_ttl_ok=0 path_safe=0 on_spline=0 speed=0.00 raw_wpnts=0 raw_age=-s decision=TRAILING reason=NO_STATIC_PATH
1786870317.397 [STATIC_OT] state=TRAILING path_exists=0 path_locked=0 path_ttl_ok=0 path_safe=0 on_spline=0 speed=0.00 raw_wpnts=0 raw_age=-s decision=TRAILING reason=NO_STATIC_PATH
1786870317.587 [OBSTACLES] cur_s=16.64 cur_d=-0.95 vs=0.00 n=1 [id=397 static=1 gap=12.23m d=-0.41 size=0.28]
1786870317.716 [STATIC_OT] state=TRAILING path_exists=0 path_locked=0 path_ttl_ok=0 path_safe=0 on_spline=0 speed=0.00 raw_wpnts=0 raw_age=-s decision=TRAILING reason=NO_STATIC_PATH
1786870317.980 [STATIC_OT] state=TRAILING path_exists=0 path_locked=0 path_ttl_ok=0 path_safe=0 on_spline=0 speed=0.00 raw_wpnts=0 raw_age=-s decision=TRAILING reason=NO_STATIC_PATH
1786870318.126 [OBSTACLES] cur_s=16.64 cur_d=-0.95 vs=0.00 n=1 [id=397 static=1 gap=12.23m d=-0.41 size=0.28]
1786870318.222 [STATIC_OT] state=TRAILING path_exists=0 path_locked=0 path_ttl_ok=0 path_safe=0 on_spline=0 speed=0.00 raw_wpnts=0 raw_age=-s decision=TRAILING reason=NO_STATIC_PATH
1786870318.468 [STATIC_OT] state=TRAILING path_exists=0 path_locked=0 path_ttl_ok=0 path_safe=0 on_spline=0 speed=0.00 raw_wpnts=0 raw_age=-s decision=TRAILING reason=NO_STATIC_PATH
1786870318.636 [OBSTACLES] cur_s=16.64 cur_d=-0.95 vs=0.00 n=1 [id=397 static=1 gap=12.23m d=-0.41 size=0.28]
1786870318.724 [STATIC_OT] state=TRAILING path_exists=0 path_locked=0 path_ttl_ok=0 path_safe=0 on_spline=0 speed=0.00 raw_wpnts=0 raw_age=-s decision=TRAILING reason=NO_STATIC_PATH
1786870318.989 [STATIC_OT] state=TRAILING path_exists=0 path_locked=0 path_ttl_ok=0 path_safe=0 on_spline=0 speed=0.00 raw_wpnts=0 raw_age=-s decision=TRAILING reason=NO_STATIC_PATH
1786870319.204 [OBSTACLES] cur_s=16.64 cur_d=-0.95 vs=0.00 n=1 [id=397 static=1 gap=12.22m d=-0.41 size=0.30]
1786870319.214 [STATIC_OT] state=TRAILING path_exists=0 path_locked=0 path_ttl_ok=0 path_safe=0 on_spline=0 speed=0.00 raw_wpnts=0 raw_age=-s decision=TRAILING reason=NO_STATIC_PATH
1786870319.454 [STATIC_OT] state=TRAILING path_exists=0 path_locked=0 path_ttl_ok=0 path_safe=0 on_spline=0 speed=0.00 raw_wpnts=0 raw_age=-s decision=TRAILING reason=NO_STATIC_PATH
1786870319.752 [OBSTACLES] cur_s=16.64 cur_d=-0.95 vs=0.00 n=1 [id=397 static=1 gap=12.23m d=-0.41 size=0.28]
1786870319.761 [STATIC_OT] state=TRAILING path_exists=0 path_locked=0 path_ttl_ok=0 path_safe=0 on_spline=0 speed=0.00 raw_wpnts=0 raw_age=-s decision=TRAILING reason=NO_STATIC_PATH
1786870319.963 [STATIC_OT] state=TRAILING path_exists=0 path_locked=0 path_ttl_ok=0 path_safe=0 on_spline=0 speed=0.00 raw_wpnts=0 raw_age=-s decision=TRAILING reason=NO_STATIC_PATH
1786870320.213 [STATIC_OT] state=TRAILING path_exists=0 path_locked=0 path_ttl_ok=0 path_safe=0 on_spline=0 speed=0.00 raw_wpnts=0 raw_age=-s decision=TRAILING reason=NO_STATIC_PATH
1786870320.331 [OBSTACLES] cur_s=16.64 cur_d=-0.95 vs=0.00 n=1 [id=397 static=1 gap=12.23m d=-0.41 size=0.28]
1786870320.485 [STATIC_OT] state=TRAILING path_exists=0 path_locked=0 path_ttl_ok=0 path_safe=0 on_spline=0 speed=0.00 raw_wpnts=0 raw_age=-s decision=TRAILING reason=NO_STATIC_PATH
1786870320.724 [STATIC_OT] state=TRAILING path_exists=0 path_locked=0 path_ttl_ok=0 path_safe=0 on_spline=0 speed=0.00 raw_wpnts=0 raw_age=-s decision=TRAILING reason=NO_STATIC_PATH
1786870320.873 [OBSTACLES] cur_s=16.64 cur_d=-0.95 vs=0.00 n=1 [id=397 static=1 gap=12.24m d=-0.41 size=0.27]
1786870320.937 [STATIC_OT] state=TRAILING path_exists=0 path_locked=0 path_ttl_ok=0 path_safe=0 on_spline=0 speed=0.00 raw_wpnts=0 raw_age=-s decision=TRAILING reason=NO_STATIC_PATH
1786870321.174 [STATIC_OT] state=TRAILING path_exists=0 path_locked=0 path_ttl_ok=0 path_safe=0 on_spline=0 speed=0.00 raw_wpnts=0 raw_age=-s decision=TRAILING reason=NO_STATIC_PATH
1786870321.375 [STATIC_OT] state=TRAILING path_exists=0 path_locked=0 path_ttl_ok=0 path_safe=0 on_spline=0 speed=0.00 raw_wpnts=0 raw_age=-s decision=TRAILING reason=NO_STATIC_PATH
1786870321.422 [OBSTACLES] cur_s=16.64 cur_d=-0.95 vs=0.00 n=1 [id=397 static=1 gap=12.24m d=-0.41 size=0.27]
1786870321.600 [STATIC_OT] state=TRAILING path_exists=0 path_locked=0 path_ttl_ok=0 path_safe=0 on_spline=0 speed=0.00 raw_wpnts=0 raw_age=-s decision=TRAILING reason=NO_STATIC_PATH
1786870321.845 [STATIC_OT] state=TRAILING path_exists=0 path_locked=0 path_ttl_ok=0 path_safe=0 on_spline=0 speed=0.00 raw_wpnts=0 raw_age=-s decision=TRAILING reason=NO_STATIC_PATH
1786870321.949 [OBSTACLES] cur_s=16.64 cur_d=-0.95 vs=0.00 n=1 [id=397 static=1 gap=12.23m d=-0.41 size=0.28]
1786870322.267 [STATIC_OT] state=TRAILING path_exists=0 path_locked=0 path_ttl_ok=0 path_safe=0 on_spline=0 speed=0.00 raw_wpnts=0 raw_age=-s decision=TRAILING reason=NO_STATIC_PATH
1786870322.472 [OBSTACLES] cur_s=16.64 cur_d=-0.95 vs=0.00 n=1 [id=397 static=1 gap=12.24m d=-0.41 size=0.26]
1786870322.477 [STATIC_OT] state=TRAILING path_exists=0 path_locked=0 path_ttl_ok=0 path_safe=0 on_spline=0 speed=0.00 raw_wpnts=0 raw_age=-s decision=TRAILING reason=NO_STATIC_PATH
1786870322.728 [STATIC_OT] state=TRAILING path_exists=0 path_locked=0 path_ttl_ok=0 path_safe=0 on_spline=0 speed=0.00 raw_wpnts=0 raw_age=-s decision=TRAILING reason=NO_STATIC_PATH
1786870322.958 [STATIC_OT] state=TRAILING path_exists=0 path_locked=0 path_ttl_ok=0 path_safe=0 on_spline=0 speed=0.00 raw_wpnts=0 raw_age=-s decision=TRAILING reason=NO_STATIC_PATH
1786870323.005 [OBSTACLES] cur_s=16.64 cur_d=-0.95 vs=0.00 n=1 [id=397 static=1 gap=12.23m d=-0.40 size=0.28]
1786870323.166 [STATIC_OT] state=TRAILING path_exists=0 path_locked=0 path_ttl_ok=0 path_safe=0 on_spline=0 speed=0.00 raw_wpnts=0 raw_age=-s decision=TRAILING reason=NO_STATIC_PATH
1786870323.373 [STATIC_OT] state=TRAILING path_exists=0 path_locked=0 path_ttl_ok=0 path_safe=0 on_spline=0 speed=0.00 raw_wpnts=0 raw_age=-s decision=TRAILING reason=NO_STATIC_PATH
1786870323.518 [OBSTACLES] cur_s=16.64 cur_d=-0.95 vs=0.00 n=1 [id=397 static=1 gap=12.21m d=-0.41 size=0.33]
1786870323.670 [STATIC_OT] state=TRAILING path_exists=0 path_locked=0 path_ttl_ok=0 path_safe=0 on_spline=0 speed=0.00 raw_wpnts=0 raw_age=-s decision=TRAILING reason=NO_STATIC_PATH
1786870323.873 [STATIC_OT] state=TRAILING path_exists=0 path_locked=0 path_ttl_ok=0 path_safe=0 on_spline=0 speed=0.00 raw_wpnts=0 raw_age=-s decision=TRAILING reason=NO_STATIC_PATH
1786870324.044 [OBSTACLES] cur_s=16.64 cur_d=-0.95 vs=0.00 n=1 [id=397 static=1 gap=12.23m d=-0.41 size=0.28]
1786870324.103 [STATIC_OT] state=TRAILING path_exists=0 path_locked=0 path_ttl_ok=0 path_safe=0 on_spline=0 speed=0.00 raw_wpnts=0 raw_age=-s decision=TRAILING reason=NO_STATIC_PATH
1786870324.382 [STATIC_OT] state=TRAILING path_exists=0 path_locked=0 path_ttl_ok=0 path_safe=0 on_spline=0 speed=0.00 raw_wpnts=0 raw_age=-s decision=TRAILING reason=NO_STATIC_PATH
1786870324.546 [OBSTACLES] cur_s=16.64 cur_d=-0.95 vs=0.00 n=1 [id=397 static=1 gap=12.23m d=-0.41 size=0.27]
1786870324.670 [STATIC_OT] state=TRAILING path_exists=0 path_locked=0 path_ttl_ok=0 path_safe=0 on_spline=0 speed=0.00 raw_wpnts=0 raw_age=-s decision=TRAILING reason=NO_STATIC_PATH
1786870324.922 [STATIC_OT] state=TRAILING path_exists=0 path_locked=0 path_ttl_ok=0 path_safe=0 on_spline=0 speed=0.00 raw_wpnts=0 raw_age=-s decision=TRAILING reason=NO_STATIC_PATH
1786870325.088 [OBSTACLES] cur_s=16.64 cur_d=-0.95 vs=0.00 n=1 [id=397 static=1 gap=12.23m d=-0.41 size=0.28]
1786870325.176 [STATIC_OT] state=TRAILING path_exists=0 path_locked=0 path_ttl_ok=0 path_safe=0 on_spline=0 speed=0.00 raw_wpnts=0 raw_age=-s decision=TRAILING reason=NO_STATIC_PATH
1786870325.414 [STATIC_OT] state=TRAILING path_exists=0 path_locked=0 path_ttl_ok=0 path_safe=0 on_spline=0 speed=0.00 raw_wpnts=0 raw_age=-s decision=TRAILING reason=NO_STATIC_PATH
1786870325.603 [OBSTACLES] cur_s=16.64 cur_d=-0.95 vs=0.00 n=1 [id=397 static=1 gap=12.23m d=-0.41 size=0.28]
1786870325.682 [STATIC_OT] state=TRAILING path_exists=0 path_locked=0 path_ttl_ok=0 path_safe=0 on_spline=0 speed=0.00 raw_wpnts=0 raw_age=-s decision=TRAILING reason=NO_STATIC_PATH
1786870325.900 [STATIC_OT] state=TRAILING path_exists=0 path_locked=0 path_ttl_ok=0 path_safe=0 on_spline=0 speed=0.00 raw_wpnts=0 raw_age=-s decision=TRAILING reason=NO_STATIC_PATH
1786870326.126 [OBSTACLES] cur_s=16.64 cur_d=-0.95 vs=0.00 n=1 [id=397 static=1 gap=12.23m d=-0.41 size=0.29]
1786870326.128 [STATIC_OT] state=TRAILING path_exists=0 path_locked=0 path_ttl_ok=0 path_safe=0 on_spline=0 speed=0.00 raw_wpnts=0 raw_age=-s decision=TRAILING reason=NO_STATIC_PATH
1786870326.358 [STATIC_OT] state=TRAILING path_exists=0 path_locked=0 path_ttl_ok=0 path_safe=0 on_spline=0 speed=0.00 raw_wpnts=0 raw_age=-s decision=TRAILING reason=NO_STATIC_PATH
1786870326.596 [STATIC_OT] state=TRAILING path_exists=0 path_locked=0 path_ttl_ok=0 path_safe=0 on_spline=0 speed=0.00 raw_wpnts=0 raw_age=-s decision=TRAILING reason=NO_STATIC_PATH
1786870326.634 [OBSTACLES] cur_s=16.64 cur_d=-0.95 vs=0.00 n=1 [id=397 static=1 gap=12.23m d=-0.41 size=0.28]
1786870326.818 [STATIC_OT] state=TRAILING path_exists=0 path_locked=0 path_ttl_ok=0 path_safe=0 on_spline=0 speed=0.00 raw_wpnts=0 raw_age=-s decision=TRAILING reason=NO_STATIC_PATH
1786870327.062 [STATIC_OT] state=TRAILING path_exists=0 path_locked=0 path_ttl_ok=0 path_safe=0 on_spline=0 speed=0.00 raw_wpnts=0 raw_age=-s decision=TRAILING reason=NO_STATIC_PATH
1786870327.226 [OBSTACLES] cur_s=16.64 cur_d=-0.95 vs=0.00 n=1 [id=397 static=1 gap=12.23m d=-0.41 size=0.28]
1786870327.293 [STATIC_OT] state=TRAILING path_exists=0 path_locked=0 path_ttl_ok=0 path_safe=0 on_spline=0 speed=0.00 raw_wpnts=0 raw_age=-s decision=TRAILING reason=NO_STATIC_PATH
1786870327.559 [STATIC_OT] state=TRAILING path_exists=0 path_locked=0 path_ttl_ok=0 path_safe=0 on_spline=0 speed=0.00 raw_wpnts=0 raw_age=-s decision=TRAILING reason=NO_STATIC_PATH
1786870327.736 [OBSTACLES] cur_s=16.64 cur_d=-0.95 vs=0.00 n=1 [id=397 static=1 gap=12.21m d=-0.41 size=0.33]
1786870327.830 [STATIC_OT] state=TRAILING path_exists=0 path_locked=0 path_ttl_ok=0 path_safe=0 on_spline=0 speed=0.00 raw_wpnts=0 raw_age=-s decision=TRAILING reason=NO_STATIC_PATH
1786870328.077 [STATIC_OT] state=TRAILING path_exists=0 path_locked=0 path_ttl_ok=0 path_safe=0 on_spline=0 speed=0.00 raw_wpnts=0 raw_age=-s decision=TRAILING reason=NO_STATIC_PATH
1786870328.297 [OBSTACLES] cur_s=16.64 cur_d=-0.95 vs=0.00 n=1 [id=397 static=1 gap=12.22m d=-0.41 size=0.31]
1786870328.299 [STATIC_OT] state=TRAILING path_exists=0 path_locked=0 path_ttl_ok=0 path_safe=0 on_spline=0 speed=0.00 raw_wpnts=0 raw_age=-s decision=TRAILING reason=NO_STATIC_PATH
1786870328.529 [STATIC_OT] state=TRAILING path_exists=0 path_locked=0 path_ttl_ok=0 path_safe=0 on_spline=0 speed=0.00 raw_wpnts=0 raw_age=-s decision=TRAILING reason=NO_STATIC_PATH
1786870328.752 [STATIC_OT] state=TRAILING path_exists=0 path_locked=0 path_ttl_ok=0 path_safe=0 on_spline=0 speed=0.00 raw_wpnts=0 raw_age=-s decision=TRAILING reason=NO_STATIC_PATH
1786870328.827 [OBSTACLES] cur_s=16.64 cur_d=-0.95 vs=0.00 n=1 [id=397 static=1 gap=12.23m d=-0.41 size=0.29]
1786870328.989 [STATIC_OT] state=TRAILING path_exists=0 path_locked=0 path_ttl_ok=0 path_safe=0 on_spline=0 speed=0.00 raw_wpnts=0 raw_age=-s decision=TRAILING reason=NO_STATIC_PATH
1786870329.265 [STATIC_OT] state=TRAILING path_exists=0 path_locked=0 path_ttl_ok=0 path_safe=0 on_spline=0 speed=0.00 raw_wpnts=0 raw_age=-s decision=TRAILING reason=NO_STATIC_PATH
1786870329.350 [OBSTACLES] cur_s=16.64 cur_d=-0.95 vs=0.00 n=1 [id=397 static=1 gap=12.23m d=-0.41 size=0.28]
1786870329.503 [STATIC_OT] state=TRAILING path_exists=0 path_locked=0 path_ttl_ok=0 path_safe=0 on_spline=0 speed=0.00 raw_wpnts=0 raw_age=-s decision=TRAILING reason=NO_STATIC_PATH
1786870329.726 [STATIC_OT] state=TRAILING path_exists=0 path_locked=0 path_ttl_ok=0 path_safe=0 on_spline=0 speed=0.00 raw_wpnts=0 raw_age=-s decision=TRAILING reason=NO_STATIC_PATH
1786870329.854 [OBSTACLES] cur_s=16.64 cur_d=-0.95 vs=0.00 n=1 [id=397 static=1 gap=12.23m d=-0.41 size=0.28]
1786870329.944 [STATIC_OT] state=TRAILING path_exists=0 path_locked=0 path_ttl_ok=0 path_safe=0 on_spline=0 speed=0.00 raw_wpnts=0 raw_age=-s decision=TRAILING reason=NO_STATIC_PATH
1786870330.159 [STATIC_OT] state=TRAILING path_exists=0 path_locked=0 path_ttl_ok=0 path_safe=0 on_spline=0 speed=0.00 raw_wpnts=0 raw_age=-s decision=TRAILING reason=NO_STATIC_PATH
1786870330.414 [OBSTACLES] cur_s=16.64 cur_d=-0.95 vs=0.00 n=1 [id=397 static=1 gap=12.22m d=-0.41 size=0.30]
1786870330.423 [STATIC_OT] state=TRAILING path_exists=0 path_locked=0 path_ttl_ok=0 path_safe=0 on_spline=0 speed=0.00 raw_wpnts=0 raw_age=-s decision=TRAILING reason=NO_STATIC_PATH
1786870330.658 [STATIC_OT] state=TRAILING path_exists=0 path_locked=0 path_ttl_ok=0 path_safe=0 on_spline=0 speed=0.00 raw_wpnts=0 raw_age=-s decision=TRAILING reason=NO_STATIC_PATH
1786870330.877 [STATIC_OT] state=TRAILING path_exists=0 path_locked=0 path_ttl_ok=0 path_safe=0 on_spline=0 speed=0.00 raw_wpnts=0 raw_age=-s decision=TRAILING reason=NO_STATIC_PATH
1786870330.925 [OBSTACLES] cur_s=16.64 cur_d=-0.95 vs=0.00 n=1 [id=397 static=1 gap=12.23m d=-0.41 size=0.28]
1786870331.126 [STATIC_OT] state=TRAILING path_exists=0 path_locked=0 path_ttl_ok=0 path_safe=0 on_spline=0 speed=0.00 raw_wpnts=0 raw_age=-s decision=TRAILING reason=NO_STATIC_PATH
1786870331.401 [STATIC_OT] state=TRAILING path_exists=0 path_locked=0 path_ttl_ok=0 path_safe=0 on_spline=0 speed=0.00 raw_wpnts=0 raw_age=-s decision=TRAILING reason=NO_STATIC_PATH
1786870331.469 [OBSTACLES] cur_s=16.64 cur_d=-0.95 vs=0.00 n=1 [id=397 static=1 gap=12.22m d=-0.41 size=0.31]
1786870331.673 [STATIC_OT] state=TRAILING path_exists=0 path_locked=0 path_ttl_ok=0 path_safe=0 on_spline=0 speed=0.00 raw_wpnts=0 raw_age=-s decision=TRAILING reason=NO_STATIC_PATH
1786870331.902 [STATIC_OT] state=TRAILING path_exists=0 path_locked=0 path_ttl_ok=0 path_safe=0 on_spline=0 speed=0.00 raw_wpnts=0 raw_age=-s decision=TRAILING reason=NO_STATIC_PATH
1786870332.028 [OBSTACLES] cur_s=16.64 cur_d=-0.95 vs=0.00 n=1 [id=397 static=1 gap=12.23m d=-0.41 size=0.29]
1786870332.125 [STATIC_OT] state=TRAILING path_exists=0 path_locked=0 path_ttl_ok=0 path_safe=0 on_spline=0 speed=0.00 raw_wpnts=0 raw_age=-s decision=TRAILING reason=NO_STATIC_PATH
1786870332.375 [STATIC_OT] state=TRAILING path_exists=0 path_locked=0 path_ttl_ok=0 path_safe=0 on_spline=0 speed=0.00 raw_wpnts=0 raw_age=-s decision=TRAILING reason=NO_STATIC_PATH
1786870332.681 [OBSTACLES] cur_s=16.64 cur_d=-0.95 vs=0.00 n=1 [id=397 static=1 gap=12.21m d=-0.41 size=0.33]
1786870332.693 [STATIC_OT] state=TRAILING path_exists=0 path_locked=0 path_ttl_ok=0 path_safe=0 on_spline=0 speed=0.00 raw_wpnts=0 raw_age=-s decision=TRAILING reason=NO_STATIC_PATH
1786870332.970 [STATIC_OT] state=TRAILING path_exists=0 path_locked=0 path_ttl_ok=0 path_safe=0 on_spline=0 speed=0.00 raw_wpnts=0 raw_age=-s decision=TRAILING reason=NO_STATIC_PATH
1786870333.228 [OBSTACLES] cur_s=16.64 cur_d=-0.95 vs=0.00 n=1 [id=397 static=1 gap=12.23m d=-0.41 size=0.29]
1786870333.239 [STATIC_OT] state=TRAILING path_exists=0 path_locked=0 path_ttl_ok=0 path_safe=0 on_spline=0 speed=0.00 raw_wpnts=0 raw_age=-s decision=TRAILING reason=NO_STATIC_PATH
1786870333.500 [STATIC_OT] state=TRAILING path_exists=0 path_locked=0 path_ttl_ok=0 path_safe=0 on_spline=0 speed=0.00 raw_wpnts=0 raw_age=-s decision=TRAILING reason=NO_STATIC_PATH
1786870333.748 [OBSTACLES] cur_s=16.64 cur_d=-0.95 vs=0.00 n=1 [id=397 static=1 gap=12.23m d=-0.41 size=0.28]
1786870333.758 [STATIC_OT] state=TRAILING path_exists=0 path_locked=0 path_ttl_ok=0 path_safe=0 on_spline=0 speed=0.00 raw_wpnts=0 raw_age=-s decision=TRAILING reason=NO_STATIC_PATH
1786870334.021 [STATIC_OT] state=TRAILING path_exists=0 path_locked=0 path_ttl_ok=0 path_safe=0 on_spline=0 speed=0.00 raw_wpnts=0 raw_age=-s decision=TRAILING reason=NO_STATIC_PATH
1786870334.243 [STATIC_OT] state=TRAILING path_exists=0 path_locked=0 path_ttl_ok=0 path_safe=0 on_spline=0 speed=0.00 raw_wpnts=0 raw_age=-s decision=TRAILING reason=NO_STATIC_PATH
1786870334.352 [OBSTACLES] cur_s=16.64 cur_d=-0.95 vs=0.00 n=1 [id=397 static=1 gap=12.23m d=-0.41 size=0.28]
1786870334.467 [STATIC_OT] state=TRAILING path_exists=0 path_locked=0 path_ttl_ok=0 path_safe=0 on_spline=0 speed=0.00 raw_wpnts=0 raw_age=-s decision=TRAILING reason=NO_STATIC_PATH
1786870334.712 [STATIC_OT] state=TRAILING path_exists=0 path_locked=0 path_ttl_ok=0 path_safe=0 on_spline=0 speed=0.00 raw_wpnts=0 raw_age=-s decision=TRAILING reason=NO_STATIC_PATH
1786870334.960 [OBSTACLES] cur_s=16.64 cur_d=-0.95 vs=0.00 n=1 [id=397 static=1 gap=12.22m d=-0.41 size=0.30]
1786870334.973 [STATIC_OT] state=TRAILING path_exists=0 path_locked=0 path_ttl_ok=0 path_safe=0 on_spline=0 speed=0.00 raw_wpnts=0 raw_age=-s decision=TRAILING reason=NO_STATIC_PATH
1786870335.200 [STATIC_OT] state=TRAILING path_exists=0 path_locked=0 path_ttl_ok=0 path_safe=0 on_spline=0 speed=0.00 raw_wpnts=0 raw_age=-s decision=TRAILING reason=NO_STATIC_PATH
1786870335.477 [OBSTACLES] cur_s=16.64 cur_d=-0.95 vs=0.00 n=1 [id=397 static=1 gap=12.20m d=-0.41 size=0.34]
1786870335.484 [STATIC_OT] state=TRAILING path_exists=0 path_locked=0 path_ttl_ok=0 path_safe=0 on_spline=0 speed=0.00 raw_wpnts=0 raw_age=-s decision=TRAILING reason=NO_STATIC_PATH
1786870335.744 [STATIC_OT] state=TRAILING path_exists=0 path_locked=0 path_ttl_ok=0 path_safe=0 on_spline=0 speed=0.00 raw_wpnts=0 raw_age=-s decision=TRAILING reason=NO_STATIC_PATH
1786870335.988 [OBSTACLES] cur_s=16.64 cur_d=-0.95 vs=0.00 n=1 [id=397 static=1 gap=12.22m d=-0.41 size=0.30]
1786870335.993 [STATIC_OT] state=TRAILING path_exists=0 path_locked=0 path_ttl_ok=0 path_safe=0 on_spline=0 speed=0.00 raw_wpnts=0 raw_age=-s decision=TRAILING reason=NO_STATIC_PATH
1786870336.324 [STATIC_OT] state=TRAILING path_exists=0 path_locked=0 path_ttl_ok=0 path_safe=0 on_spline=0 speed=0.00 raw_wpnts=0 raw_age=-s decision=TRAILING reason=NO_STATIC_PATH
1786870336.782 [OBSTACLES] cur_s=16.64 cur_d=-0.95 vs=0.00 n=1 [id=397 static=1 gap=12.23m d=-0.41 size=0.28]
1786870336.796 [STATIC_OT] state=TRAILING path_exists=0 path_locked=0 path_ttl_ok=0 path_safe=0 on_spline=0 speed=0.00 raw_wpnts=0 raw_age=-s decision=TRAILING reason=NO_STATIC_PATH
1786870337.110 [STATIC_OT] state=TRAILING path_exists=0 path_locked=0 path_ttl_ok=0 path_safe=0 on_spline=0 speed=0.00 raw_wpnts=0 raw_age=-s decision=TRAILING reason=NO_STATIC_PATH
1786870337.318 [OBSTACLES] cur_s=16.64 cur_d=-0.95 vs=0.00 n=1 [id=397 static=1 gap=12.23m d=-0.41 size=0.28]
1786870337.321 [STATIC_OT] state=TRAILING path_exists=0 path_locked=0 path_ttl_ok=0 path_safe=0 on_spline=0 speed=0.00 raw_wpnts=0 raw_age=-s decision=TRAILING reason=NO_STATIC_PATH
1786870337.580 [STATIC_OT] state=TRAILING path_exists=0 path_locked=0 path_ttl_ok=0 path_safe=0 on_spline=0 speed=0.00 raw_wpnts=0 raw_age=-s decision=TRAILING reason=NO_STATIC_PATH
1786870337.870 [OBSTACLES] cur_s=16.64 cur_d=-0.95 vs=0.00 n=1 [id=397 static=1 gap=12.23m d=-0.41 size=0.28]
1786870337.885 [STATIC_OT] state=TRAILING path_exists=0 path_locked=0 path_ttl_ok=0 path_safe=0 on_spline=0 speed=0.00 raw_wpnts=0 raw_age=-s decision=TRAILING reason=NO_STATIC_PATH
1786870338.130 [STATIC_OT] state=TRAILING path_exists=0 path_locked=0 path_ttl_ok=0 path_safe=0 on_spline=0 speed=0.00 raw_wpnts=0 raw_age=-s decision=TRAILING reason=NO_STATIC_PATH
1786870338.433 [OBSTACLES] cur_s=16.64 cur_d=-0.95 vs=0.00 n=1 [id=397 static=1 gap=12.22m d=-0.41 size=0.31]
1786870338.447 [STATIC_OT] state=TRAILING path_exists=0 path_locked=0 path_ttl_ok=0 path_safe=0 on_spline=0 speed=0.00 raw_wpnts=0 raw_age=-s decision=TRAILING reason=NO_STATIC_PATH
1786870338.733 [STATIC_OT] state=TRAILING path_exists=0 path_locked=0 path_ttl_ok=0 path_safe=0 on_spline=0 speed=0.00 raw_wpnts=0 raw_age=-s decision=TRAILING reason=NO_STATIC_PATH
1786870338.972 [OBSTACLES] cur_s=16.64 cur_d=-0.95 vs=0.00 n=1 [id=397 static=1 gap=12.23m d=-0.41 size=0.28]
1786870338.988 [STATIC_OT] state=TRAILING path_exists=0 path_locked=0 path_ttl_ok=0 path_safe=0 on_spline=0 speed=0.00 raw_wpnts=0 raw_age=-s decision=TRAILING reason=NO_STATIC_PATH
1786870339.248 [STATIC_OT] state=TRAILING path_exists=0 path_locked=0 path_ttl_ok=0 path_safe=0 on_spline=0 speed=0.00 raw_wpnts=0 raw_age=-s decision=TRAILING reason=NO_STATIC_PATH
1786870339.466 [STATIC_OT] state=TRAILING path_exists=0 path_locked=0 path_ttl_ok=0 path_safe=0 on_spline=0 speed=0.00 raw_wpnts=0 raw_age=-s decision=TRAILING reason=NO_STATIC_PATH
1786870339.540 [OBSTACLES] cur_s=16.64 cur_d=-0.95 vs=0.00 n=1 [id=397 static=1 gap=12.23m d=-0.41 size=0.28]
1786870339.716 [STATIC_OT] state=TRAILING path_exists=0 path_locked=0 path_ttl_ok=0 path_safe=0 on_spline=0 speed=0.00 raw_wpnts=0 raw_age=-s decision=TRAILING reason=NO_STATIC_PATH
1786870339.953 [STATIC_OT] state=TRAILING path_exists=0 path_locked=0 path_ttl_ok=0 path_safe=0 on_spline=0 speed=0.00 raw_wpnts=0 raw_age=-s decision=TRAILING reason=NO_STATIC_PATH
1786870340.044 [OBSTACLES] cur_s=16.64 cur_d=-0.95 vs=0.00 n=1 [id=397 static=1 gap=12.23m d=-0.41 size=0.29]
1786870340.178 [STATIC_OT] state=TRAILING path_exists=0 path_locked=0 path_ttl_ok=0 path_safe=0 on_spline=0 speed=0.00 raw_wpnts=0 raw_age=-s decision=TRAILING reason=NO_STATIC_PATH
1786870340.458 [STATIC_OT] state=TRAILING path_exists=0 path_locked=0 path_ttl_ok=0 path_safe=0 on_spline=0 speed=0.00 raw_wpnts=0 raw_age=-s decision=TRAILING reason=NO_STATIC_PATH
1786870340.565 [OBSTACLES] cur_s=16.64 cur_d=-0.95 vs=0.00 n=1 [id=397 static=1 gap=12.21m d=-0.41 size=0.33]
1786870340.724 [STATIC_OT] state=TRAILING path_exists=0 path_locked=0 path_ttl_ok=0 path_safe=0 on_spline=0 speed=0.00 raw_wpnts=0 raw_age=-s decision=TRAILING reason=NO_STATIC_PATH
1786870340.932 [STATIC_OT] state=TRAILING path_exists=0 path_locked=0 path_ttl_ok=0 path_safe=0 on_spline=0 speed=0.00 raw_wpnts=0 raw_age=-s decision=TRAILING reason=NO_STATIC_PATH
1786870341.124 [OBSTACLES] cur_s=16.64 cur_d=-0.95 vs=0.00 n=1 [id=397 static=1 gap=12.23m d=-0.41 size=0.28]
1786870341.230 [STATIC_OT] state=TRAILING path_exists=0 path_locked=0 path_ttl_ok=0 path_safe=0 on_spline=0 speed=0.00 raw_wpnts=0 raw_age=-s decision=TRAILING reason=NO_STATIC_PATH
1786870341.443 [STATIC_OT] state=TRAILING path_exists=0 path_locked=0 path_ttl_ok=0 path_safe=0 on_spline=0 speed=0.00 raw_wpnts=0 raw_age=-s decision=TRAILING reason=NO_STATIC_PATH
1786870341.652 [OBSTACLES] cur_s=16.64 cur_d=-0.95 vs=0.00 n=1 [id=397 static=1 gap=12.23m d=-0.41 size=0.28]
1786870341.654 [STATIC_OT] state=TRAILING path_exists=0 path_locked=0 path_ttl_ok=0 path_safe=0 on_spline=0 speed=0.00 raw_wpnts=0 raw_age=-s decision=TRAILING reason=NO_STATIC_PATH
1786870341.859 [STATIC_OT] state=TRAILING path_exists=0 path_locked=0 path_ttl_ok=0 path_safe=0 on_spline=0 speed=0.00 raw_wpnts=0 raw_age=-s decision=TRAILING reason=NO_STATIC_PATH
1786870342.083 [STATIC_OT] state=TRAILING path_exists=0 path_locked=0 path_ttl_ok=0 path_safe=0 on_spline=0 speed=0.00 raw_wpnts=0 raw_age=-s decision=TRAILING reason=NO_STATIC_PATH
1786870342.159 [OBSTACLES] cur_s=16.64 cur_d=-0.95 vs=0.00 n=1 [id=397 static=1 gap=12.23m d=-0.41 size=0.28]
1786870342.361 [STATIC_OT] state=TRAILING path_exists=0 path_locked=0 path_ttl_ok=0 path_safe=0 on_spline=0 speed=0.00 raw_wpnts=0 raw_age=-s decision=TRAILING reason=NO_STATIC_PATH
1786870342.619 [STATIC_OT] state=TRAILING path_exists=0 path_locked=0 path_ttl_ok=0 path_safe=0 on_spline=0 speed=0.00 raw_wpnts=0 raw_age=-s decision=TRAILING reason=NO_STATIC_PATH
1786870342.684 [OBSTACLES] cur_s=16.64 cur_d=-0.95 vs=0.00 n=1 [id=397 static=1 gap=12.23m d=-0.41 size=0.29]
1786870342.819 [STATIC_OT] state=TRAILING path_exists=0 path_locked=0 path_ttl_ok=0 path_safe=0 on_spline=0 speed=0.00 raw_wpnts=0 raw_age=-s decision=TRAILING reason=NO_STATIC_PATH
1786870343.119 [STATIC_OT] state=TRAILING path_exists=0 path_locked=0 path_ttl_ok=0 path_safe=0 on_spline=0 speed=0.00 raw_wpnts=0 raw_age=-s decision=TRAILING reason=NO_STATIC_PATH
1786870343.234 [OBSTACLES] cur_s=16.64 cur_d=-0.95 vs=0.00 n=1 [id=397 static=1 gap=12.23m d=-0.41 size=0.28]
1786870343.326 [STATIC_OT] state=TRAILING path_exists=0 path_locked=0 path_ttl_ok=0 path_safe=0 on_spline=0 speed=0.00 raw_wpnts=0 raw_age=-s decision=TRAILING reason=NO_STATIC_PATH
1786870343.564 [STATIC_OT] state=TRAILING path_exists=0 path_locked=0 path_ttl_ok=0 path_safe=0 on_spline=0 speed=0.00 raw_wpnts=0 raw_age=-s decision=TRAILING reason=NO_STATIC_PATH
1786870343.824 [OBSTACLES] cur_s=16.64 cur_d=-0.95 vs=0.00 n=1 [id=397 static=1 gap=12.22m d=-0.41 size=0.30]
1786870343.830 [STATIC_OT] state=TRAILING path_exists=0 path_locked=0 path_ttl_ok=0 path_safe=0 on_spline=0 speed=0.00 raw_wpnts=0 raw_age=-s decision=TRAILING reason=NO_STATIC_PATH
1786870344.136 [STATIC_OT] state=TRAILING path_exists=0 path_locked=0 path_ttl_ok=0 path_safe=0 on_spline=0 speed=0.00 raw_wpnts=0 raw_age=-s decision=TRAILING reason=NO_STATIC_PATH
1786870344.356 [OBSTACLES] cur_s=16.63 cur_d=-0.95 vs=0.00 n=1 [id=397 static=1 gap=12.22m d=-0.41 size=0.32]
1786870344.367 [STATIC_OT] state=TRAILING path_exists=0 path_locked=0 path_ttl_ok=0 path_safe=0 on_spline=0 speed=0.00 raw_wpnts=0 raw_age=-s decision=TRAILING reason=NO_STATIC_PATH
1786870344.598 [STATIC_OT] state=TRAILING path_exists=0 path_locked=0 path_ttl_ok=0 path_safe=0 on_spline=0 speed=0.00 raw_wpnts=0 raw_age=-s decision=TRAILING reason=NO_STATIC_PATH
1786870344.832 [STATIC_OT] state=TRAILING path_exists=0 path_locked=0 path_ttl_ok=0 path_safe=0 on_spline=0 speed=0.00 raw_wpnts=0 raw_age=-s decision=TRAILING reason=NO_STATIC_PATH
1786870344.908 [OBSTACLES] cur_s=16.63 cur_d=-0.95 vs=0.00 n=1 [id=397 static=1 gap=12.24m d=-0.41 size=0.28]
1786870345.099 [STATIC_OT] state=TRAILING path_exists=0 path_locked=0 path_ttl_ok=0 path_safe=0 on_spline=0 speed=0.00 raw_wpnts=0 raw_age=-s decision=TRAILING reason=NO_STATIC_PATH
1786870345.382 [STATIC_OT] state=TRAILING path_exists=0 path_locked=0 path_ttl_ok=0 path_safe=0 on_spline=0 speed=0.00 raw_wpnts=0 raw_age=-s decision=TRAILING reason=NO_STATIC_PATH
1786870345.488 [OBSTACLES] cur_s=16.63 cur_d=-0.96 vs=0.00 n=1 [id=397 static=1 gap=12.20m d=-0.41 size=0.34]
1786870345.628 [STATIC_OT] state=TRAILING path_exists=0 path_locked=0 path_ttl_ok=0 path_safe=0 on_spline=0 speed=0.00 raw_wpnts=0 raw_age=-s decision=TRAILING reason=NO_STATIC_PATH
1786870345.859 [STATIC_OT] state=TRAILING path_exists=0 path_locked=0 path_ttl_ok=0 path_safe=0 on_spline=0 speed=0.00 raw_wpnts=0 raw_age=-s decision=TRAILING reason=NO_STATIC_PATH
1786870346.028 [OBSTACLES] cur_s=16.63 cur_d=-0.96 vs=0.00 n=1 [id=397 static=1 gap=12.23m d=-0.41 size=0.29]
1786870346.111 [STATIC_OT] state=TRAILING path_exists=0 path_locked=0 path_ttl_ok=0 path_safe=0 on_spline=0 speed=0.00 raw_wpnts=0 raw_age=-s decision=TRAILING reason=NO_STATIC_PATH
1786870346.396 [STATIC_OT] state=TRAILING path_exists=0 path_locked=0 path_ttl_ok=0 path_safe=0 on_spline=0 speed=0.00 raw_wpnts=0 raw_age=-s decision=TRAILING reason=NO_STATIC_PATH
1786870346.581 [OBSTACLES] cur_s=16.63 cur_d=-0.96 vs=0.00 n=1 [id=397 static=1 gap=12.23m d=-0.41 size=0.28]
1786870346.754 [STATIC_OT] state=TRAILING path_exists=0 path_locked=0 path_ttl_ok=0 path_safe=0 on_spline=0 speed=0.00 raw_wpnts=0 raw_age=-s decision=TRAILING reason=NO_STATIC_PATH
1786870346.960 [STATIC_OT] state=TRAILING path_exists=0 path_locked=0 path_ttl_ok=0 path_safe=0 on_spline=0 speed=0.00 raw_wpnts=0 raw_age=-s decision=TRAILING reason=NO_STATIC_PATH
1786870347.155 [OBSTACLES] cur_s=16.63 cur_d=-0.96 vs=0.00 n=1 [id=397 static=1 gap=12.23m d=-0.41 size=0.28]
1786870347.237 [STATIC_OT] state=TRAILING path_exists=0 path_locked=0 path_ttl_ok=0 path_safe=0 on_spline=0 speed=0.00 raw_wpnts=0 raw_age=-s decision=TRAILING reason=NO_STATIC_PATH
1786870347.544 [STATIC_OT] state=TRAILING path_exists=0 path_locked=0 path_ttl_ok=0 path_safe=0 on_spline=0 speed=0.00 raw_wpnts=0 raw_age=-s decision=TRAILING reason=NO_STATIC_PATH
1786870347.717 [OBSTACLES] cur_s=16.63 cur_d=-0.96 vs=0.00 n=1 [id=397 static=1 gap=12.23m d=-0.41 size=0.29]
1786870347.834 [STATIC_OT] state=TRAILING path_exists=0 path_locked=0 path_ttl_ok=0 path_safe=0 on_spline=0 speed=0.00 raw_wpnts=0 raw_age=-s decision=TRAILING reason=NO_STATIC_PATH
1786870348.050 [STATIC_OT] state=TRAILING path_exists=0 path_locked=0 path_ttl_ok=0 path_safe=0 on_spline=0 speed=0.00 raw_wpnts=0 raw_age=-s decision=TRAILING reason=NO_STATIC_PATH
1786870348.229 [OBSTACLES] cur_s=16.63 cur_d=-0.96 vs=0.00 n=1 [id=397 static=1 gap=12.22m d=-0.41 size=0.29]
1786870348.259 [STATIC_OT] state=TRAILING path_exists=0 path_locked=0 path_ttl_ok=0 path_safe=0 on_spline=0 speed=0.00 raw_wpnts=0 raw_age=-s decision=TRAILING reason=NO_STATIC_PATH
1786870348.468 [STATIC_OT] state=TRAILING path_exists=0 path_locked=0 path_ttl_ok=0 path_safe=0 on_spline=0 speed=0.00 raw_wpnts=0 raw_age=-s decision=TRAILING reason=NO_STATIC_PATH
1786870348.719 [STATIC_OT] state=TRAILING path_exists=0 path_locked=0 path_ttl_ok=0 path_safe=0 on_spline=0 speed=0.00 raw_wpnts=0 raw_age=-s decision=TRAILING reason=NO_STATIC_PATH
1786870348.810 [OBSTACLES] cur_s=16.63 cur_d=-0.96 vs=0.00 n=1 [id=397 static=1 gap=12.23m d=-0.42 size=0.27]
1786870348.985 [STATIC_OT] state=TRAILING path_exists=0 path_locked=0 path_ttl_ok=0 path_safe=0 on_spline=0 speed=0.00 raw_wpnts=0 raw_age=-s decision=TRAILING reason=NO_STATIC_PATH
1786870349.233 [STATIC_OT] state=TRAILING path_exists=0 path_locked=0 path_ttl_ok=0 path_safe=0 on_spline=0 speed=0.00 raw_wpnts=0 raw_age=-s decision=TRAILING reason=NO_STATIC_PATH
1786870349.389 [OBSTACLES] cur_s=16.63 cur_d=-0.96 vs=0.00 n=1 [id=397 static=1 gap=12.20m d=-0.42 size=0.34]
1786870349.482 [STATIC_OT] state=TRAILING path_exists=0 path_locked=0 path_ttl_ok=0 path_safe=0 on_spline=0 speed=0.00 raw_wpnts=0 raw_age=-s decision=TRAILING reason=NO_STATIC_PATH
1786870349.720 [STATIC_OT] state=TRAILING path_exists=0 path_locked=0 path_ttl_ok=0 path_safe=0 on_spline=0 speed=0.00 raw_wpnts=0 raw_age=-s decision=TRAILING reason=NO_STATIC_PATH
1786870349.894 [OBSTACLES] cur_s=16.63 cur_d=-0.96 vs=0.00 n=1 [id=397 static=1 gap=12.20m d=-0.42 size=0.34]
1786870350.007 [STATIC_OT] state=TRAILING path_exists=0 path_locked=0 path_ttl_ok=0 path_safe=0 on_spline=0 speed=0.00 raw_wpnts=0 raw_age=-s decision=TRAILING reason=NO_STATIC_PATH
1786870350.266 [STATIC_OT] state=TRAILING path_exists=0 path_locked=0 path_ttl_ok=0 path_safe=0 on_spline=0 speed=0.00 raw_wpnts=0 raw_age=-s decision=TRAILING reason=NO_STATIC_PATH
1786870350.429 [OBSTACLES] cur_s=16.63 cur_d=-0.96 vs=0.00 n=1 [id=397 static=1 gap=12.23m d=-0.42 size=0.28]
1786870350.526 [STATIC_OT] state=TRAILING path_exists=0 path_locked=0 path_ttl_ok=0 path_safe=0 on_spline=0 speed=0.00 raw_wpnts=0 raw_age=-s decision=TRAILING reason=NO_STATIC_PATH
1786870350.780 [STATIC_OT] state=TRAILING path_exists=0 path_locked=0 path_ttl_ok=0 path_safe=0 on_spline=0 speed=0.00 raw_wpnts=0 raw_age=-s decision=TRAILING reason=NO_STATIC_PATH
1786870350.953 [OBSTACLES] cur_s=16.63 cur_d=-0.96 vs=0.00 n=1 [id=397 static=1 gap=12.23m d=-0.42 size=0.28]
1786870351.044 [STATIC_OT] state=TRAILING path_exists=0 path_locked=0 path_ttl_ok=0 path_safe=0 on_spline=0 speed=0.00 raw_wpnts=0 raw_age=-s decision=TRAILING reason=NO_STATIC_PATH
1786870351.288 [STATIC_OT] state=TRAILING path_exists=0 path_locked=0 path_ttl_ok=0 path_safe=0 on_spline=0 speed=0.00 raw_wpnts=0 raw_age=-s decision=TRAILING reason=NO_STATIC_PATH
1786870351.476 [OBSTACLES] cur_s=16.63 cur_d=-0.96 vs=0.00 n=1 [id=397 static=1 gap=12.22m d=-0.42 size=0.29]
1786870351.609 [STATIC_OT] state=TRAILING path_exists=0 path_locked=0 path_ttl_ok=0 path_safe=0 on_spline=0 speed=0.00 raw_wpnts=0 raw_age=-s decision=TRAILING reason=NO_STATIC_PATH
1786870351.828 [STATIC_OT] state=TRAILING path_exists=0 path_locked=0 path_ttl_ok=0 path_safe=0 on_spline=0 speed=0.00 raw_wpnts=0 raw_age=-s decision=TRAILING reason=NO_STATIC_PATH
1786870352.010 [OBSTACLES] cur_s=16.63 cur_d=-0.96 vs=0.00 n=1 [id=397 static=1 gap=12.22m d=-0.42 size=0.29]
1786870352.097 [STATIC_OT] state=TRAILING path_exists=0 path_locked=0 path_ttl_ok=0 path_safe=0 on_spline=0 speed=0.00 raw_wpnts=0 raw_age=-s decision=TRAILING reason=NO_STATIC_PATH
1786870352.329 [STATIC_OT] state=TRAILING path_exists=0 path_locked=0 path_ttl_ok=0 path_safe=0 on_spline=0 speed=0.00 raw_wpnts=0 raw_age=-s decision=TRAILING reason=NO_STATIC_PATH
1786870352.673 [OBSTACLES] cur_s=16.63 cur_d=-0.96 vs=0.00 n=1 [id=397 static=1 gap=12.20m d=-0.42 size=0.34]
1786870352.684 [STATIC_OT] state=TRAILING path_exists=0 path_locked=0 path_ttl_ok=0 path_safe=0 on_spline=0 speed=0.00 raw_wpnts=0 raw_age=-s decision=TRAILING reason=NO_STATIC_PATH
1786870352.952 [STATIC_OT] state=TRAILING path_exists=0 path_locked=0 path_ttl_ok=0 path_safe=0 on_spline=0 speed=0.00 raw_wpnts=0 raw_age=-s decision=TRAILING reason=NO_STATIC_PATH
1786870353.213 [OBSTACLES] cur_s=16.63 cur_d=-0.96 vs=0.00 n=1 [id=397 static=1 gap=12.22m d=-0.42 size=0.29]
1786870353.215 [STATIC_OT] state=TRAILING path_exists=0 path_locked=0 path_ttl_ok=0 path_safe=0 on_spline=0 speed=0.00 raw_wpnts=0 raw_age=-s decision=TRAILING reason=NO_STATIC_PATH
1786870353.531 [STATIC_OT] state=TRAILING path_exists=0 path_locked=0 path_ttl_ok=0 path_safe=0 on_spline=0 speed=0.00 raw_wpnts=0 raw_age=-s decision=TRAILING reason=NO_STATIC_PATH
1786870353.720 [OBSTACLES] cur_s=16.63 cur_d=-0.96 vs=0.00 n=1 [id=397 static=1 gap=12.22m d=-0.42 size=0.28]
1786870353.796 [STATIC_OT] state=TRAILING path_exists=0 path_locked=0 path_ttl_ok=0 path_safe=0 on_spline=0 speed=0.00 raw_wpnts=0 raw_age=-s decision=TRAILING reason=NO_STATIC_PATH
1786870354.024 [STATIC_OT] state=TRAILING path_exists=0 path_locked=0 path_ttl_ok=0 path_safe=0 on_spline=0 speed=0.00 raw_wpnts=0 raw_age=-s decision=TRAILING reason=NO_STATIC_PATH
1786870354.254 [OBSTACLES] cur_s=16.63 cur_d=-0.96 vs=0.00 n=1 [id=397 static=1 gap=12.21m d=-0.42 size=0.30]
1786870354.256 [STATIC_OT] state=TRAILING path_exists=0 path_locked=0 path_ttl_ok=0 path_safe=0 on_spline=0 speed=0.00 raw_wpnts=0 raw_age=-s decision=TRAILING reason=NO_STATIC_PATH
1786870354.482 [STATIC_OT] state=TRAILING path_exists=0 path_locked=0 path_ttl_ok=0 path_safe=0 on_spline=0 speed=0.00 raw_wpnts=0 raw_age=-s decision=TRAILING reason=NO_STATIC_PATH
1786870354.727 [STATIC_OT] state=TRAILING path_exists=0 path_locked=0 path_ttl_ok=0 path_safe=0 on_spline=0 speed=0.00 raw_wpnts=0 raw_age=-s decision=TRAILING reason=NO_STATIC_PATH
1786870354.802 [OBSTACLES] cur_s=16.63 cur_d=-0.96 vs=0.00 n=1 [id=397 static=1 gap=12.22m d=-0.42 size=0.29]
1786870354.903 [STATE_CHANGE] TRAILING -> RECOVERY src=RECOVERY s=16.63 d=-0.96 vs=0.00
1786870354.975 [STATIC_OT] state=RECOVERY path_exists=0 path_locked=0 path_ttl_ok=0 path_safe=0 on_spline=0 speed=0.00 raw_wpnts=0 raw_age=-s decision=TRAILING reason=NO_STATIC_PATH
1786870354.979 [STATE_CHANGE] RECOVERY -> TRAILING src=GB_TRACK s=16.63 d=-0.96 vs=0.00
1786870355.195 [STATIC_OT] state=TRAILING path_exists=0 path_locked=0 path_ttl_ok=0 path_safe=0 on_spline=0 speed=0.00 raw_wpnts=0 raw_age=-s decision=TRAILING reason=NO_STATIC_PATH
1786870355.337 [OBSTACLES] cur_s=16.63 cur_d=-0.96 vs=0.00 n=1 [id=397 static=1 gap=12.21m d=-0.43 size=0.30]
1786870355.430 [STATIC_OT] state=TRAILING path_exists=0 path_locked=0 path_ttl_ok=0 path_safe=0 on_spline=0 speed=0.00 raw_wpnts=0 raw_age=-s decision=TRAILING reason=NO_STATIC_PATH
1786870355.665 [STATIC_OT] state=TRAILING path_exists=0 path_locked=0 path_ttl_ok=0 path_safe=0 on_spline=0 speed=0.00 raw_wpnts=0 raw_age=-s decision=TRAILING reason=NO_STATIC_PATH
1786870355.898 [OBSTACLES] cur_s=16.63 cur_d=-0.96 vs=0.00 n=1 [id=397 static=1 gap=12.22m d=-0.43 size=0.28]
1786870355.908 [STATIC_OT] state=TRAILING path_exists=0 path_locked=0 path_ttl_ok=0 path_safe=0 on_spline=0 speed=0.00 raw_wpnts=0 raw_age=-s decision=TRAILING reason=NO_STATIC_PATH
1786870356.164 [STATIC_OT] state=TRAILING path_exists=0 path_locked=0 path_ttl_ok=0 path_safe=0 on_spline=0 speed=0.00 raw_wpnts=0 raw_age=-s decision=TRAILING reason=NO_STATIC_PATH
1786870356.423 [OBSTACLES] cur_s=16.63 cur_d=-0.96 vs=0.00 n=1 [id=397 static=1 gap=12.22m d=-0.43 size=0.28]
1786870356.425 [STATIC_OT] state=TRAILING path_exists=0 path_locked=0 path_ttl_ok=0 path_safe=0 on_spline=0 speed=0.00 raw_wpnts=0 raw_age=-s decision=TRAILING reason=NO_STATIC_PATH
1786870356.769 [STATIC_OT] state=TRAILING path_exists=0 path_locked=0 path_ttl_ok=0 path_safe=0 on_spline=0 speed=0.00 raw_wpnts=0 raw_age=-s decision=TRAILING reason=NO_STATIC_PATH
1786870356.955 [OBSTACLES] cur_s=16.63 cur_d=-0.96 vs=0.00 n=1 [id=397 static=1 gap=12.19m d=-0.43 size=0.33]
1786870357.082 [STATIC_OT] state=TRAILING path_exists=0 path_locked=0 path_ttl_ok=0 path_safe=0 on_spline=0 speed=0.00 raw_wpnts=0 raw_age=-s decision=TRAILING reason=NO_STATIC_PATH
1786870357.311 [STATIC_OT] state=TRAILING path_exists=0 path_locked=0 path_ttl_ok=0 path_safe=0 on_spline=0 speed=0.00 raw_wpnts=0 raw_age=-s decision=TRAILING reason=NO_STATIC_PATH
1786870357.533 [OBSTACLES] cur_s=16.63 cur_d=-0.96 vs=0.00 n=1 [id=397 static=1 gap=12.21m d=-0.43 size=0.29]
1786870357.536 [STATIC_OT] state=TRAILING path_exists=0 path_locked=0 path_ttl_ok=0 path_safe=0 on_spline=0 speed=0.00 raw_wpnts=0 raw_age=-s decision=TRAILING reason=NO_STATIC_PATH
1786870357.975 [STATIC_OT] state=TRAILING path_exists=0 path_locked=0 path_ttl_ok=0 path_safe=0 on_spline=0 speed=0.00 raw_wpnts=0 raw_age=-s decision=TRAILING reason=NO_STATIC_PATH
1786870357.975 [STATE_CHANGE] TRAILING -> RECOVERY src=RECOVERY s=16.63 d=-0.96 vs=0.00
1786870358.092 [OBSTACLES] cur_s=16.63 cur_d=-0.96 vs=0.00 n=1 [id=397 static=1 gap=12.22m d=-0.43 size=0.28]
1786870358.098 [STATE_CHANGE] RECOVERY -> TRAILING src=RECOVERY s=16.63 d=-0.96 vs=0.00
1786870358.224 [STATIC_OT] state=TRAILING path_exists=0 path_locked=0 path_ttl_ok=0 path_safe=0 on_spline=0 speed=0.00 raw_wpnts=0 raw_age=-s decision=TRAILING reason=NO_STATIC_PATH
1786870358.471 [STATIC_OT] state=TRAILING path_exists=0 path_locked=0 path_ttl_ok=0 path_safe=0 on_spline=0 speed=0.00 raw_wpnts=0 raw_age=-s decision=TRAILING reason=NO_STATIC_PATH
1786870358.665 [OBSTACLES] cur_s=16.63 cur_d=-0.96 vs=0.00 n=1 [id=397 static=1 gap=12.22m d=-0.43 size=0.28]
1786870358.726 [STATIC_OT] state=TRAILING path_exists=0 path_locked=0 path_ttl_ok=0 path_safe=0 on_spline=0 speed=0.00 raw_wpnts=0 raw_age=-s decision=TRAILING reason=NO_STATIC_PATH
1786870359.026 [STATIC_OT] state=TRAILING path_exists=0 path_locked=0 path_ttl_ok=0 path_safe=0 on_spline=0 speed=0.00 raw_wpnts=0 raw_age=-s decision=TRAILING reason=NO_STATIC_PATH
1786870359.276 [OBSTACLES] cur_s=16.63 cur_d=-0.96 vs=0.00 n=1 [id=397 static=1 gap=12.21m d=-0.43 size=0.29]
1786870359.278 [STATIC_OT] state=TRAILING path_exists=0 path_locked=0 path_ttl_ok=0 path_safe=0 on_spline=0 speed=0.00 raw_wpnts=0 raw_age=-s decision=TRAILING reason=NO_STATIC_PATH
1786870359.396 [STATE_CHANGE] TRAILING -> RECOVERY src=RECOVERY s=16.63 d=-0.96 vs=0.00
1786870359.482 [STATIC_OT] state=RECOVERY path_exists=0 path_locked=0 path_ttl_ok=0 path_safe=0 on_spline=0 speed=0.00 raw_wpnts=0 raw_age=-s decision=TRAILING reason=NO_STATIC_PATH
1786870359.490 [STATE_CHANGE] RECOVERY -> TRAILING src=RECOVERY s=16.63 d=-0.96 vs=0.00
1786870359.753 [STATIC_OT] state=TRAILING path_exists=0 path_locked=0 path_ttl_ok=0 path_safe=0 on_spline=0 speed=0.00 raw_wpnts=0 raw_age=-s decision=TRAILING reason=NO_STATIC_PATH
1786870359.820 [OBSTACLES] cur_s=16.63 cur_d=-0.96 vs=0.00 n=1 [id=397 static=1 gap=12.21m d=-0.43 size=0.28]
1786870359.985 [STATIC_OT] state=TRAILING path_exists=0 path_locked=0 path_ttl_ok=0 path_safe=0 on_spline=0 speed=0.00 raw_wpnts=0 raw_age=-s decision=TRAILING reason=NO_STATIC_PATH
1786870360.109 [STATE_CHANGE] TRAILING -> RECOVERY src=RECOVERY s=16.63 d=-0.96 vs=0.00
1786870360.158 [STATE_CHANGE] RECOVERY -> TRAILING src=RECOVERY s=16.63 d=-0.96 vs=0.00
1786870360.189 [STATIC_OT] state=TRAILING path_exists=0 path_locked=0 path_ttl_ok=0 path_safe=0 on_spline=0 speed=0.00 raw_wpnts=0 raw_age=-s decision=TRAILING reason=NO_STATIC_PATH
1786870360.330 [OBSTACLES] cur_s=16.63 cur_d=-0.96 vs=0.00 n=1 [id=397 static=1 gap=12.21m d=-0.43 size=0.29]
1786870360.365 [STATE_CHANGE] TRAILING -> RECOVERY src=RECOVERY s=16.63 d=-0.96 vs=0.00
1786870360.403 [STATIC_OT] state=RECOVERY path_exists=0 path_locked=0 path_ttl_ok=0 path_safe=0 on_spline=0 speed=0.00 raw_wpnts=0 raw_age=-s decision=TRAILING reason=NO_STATIC_PATH
1786870360.405 [STATE_CHANGE] RECOVERY -> TRAILING src=RECOVERY s=16.63 d=-0.96 vs=0.00
1786870360.638 [STATIC_OT] state=TRAILING path_exists=0 path_locked=0 path_ttl_ok=0 path_safe=0 on_spline=0 speed=0.00 raw_wpnts=0 raw_age=-s decision=TRAILING reason=NO_STATIC_PATH
1786870360.850 [OBSTACLES] cur_s=16.63 cur_d=-0.96 vs=0.00 n=1 [id=397 static=1 gap=12.21m d=-0.43 size=0.29]
1786870360.852 [STATIC_OT] state=TRAILING path_exists=0 path_locked=0 path_ttl_ok=0 path_safe=0 on_spline=0 speed=0.00 raw_wpnts=0 raw_age=-s decision=TRAILING reason=NO_STATIC_PATH
1786870361.079 [STATIC_OT] state=TRAILING path_exists=0 path_locked=0 path_ttl_ok=0 path_safe=0 on_spline=0 speed=0.00 raw_wpnts=0 raw_age=-s decision=TRAILING reason=NO_STATIC_PATH
1786870361.333 [STATIC_OT] state=TRAILING path_exists=0 path_locked=0 path_ttl_ok=0 path_safe=0 on_spline=0 speed=0.00 raw_wpnts=0 raw_age=-s decision=TRAILING reason=NO_STATIC_PATH
1786870361.416 [OBSTACLES] cur_s=16.63 cur_d=-0.96 vs=0.00 n=1 [id=397 static=1 gap=12.21m d=-0.43 size=0.29]
1786870361.685 [STATIC_OT] state=TRAILING path_exists=0 path_locked=0 path_ttl_ok=0 path_safe=0 on_spline=0 speed=0.00 raw_wpnts=0 raw_age=-s decision=TRAILING reason=NO_STATIC_PATH
1786870361.685 [STATE_CHANGE] TRAILING -> RECOVERY src=RECOVERY s=16.63 d=-0.96 vs=0.00
1786870361.816 [STATE_CHANGE] RECOVERY -> TRAILING src=RECOVERY s=16.63 d=-0.96 vs=0.00
1786870361.867 [STATE_CHANGE] TRAILING -> RECOVERY src=RECOVERY s=16.63 d=-0.96 vs=0.00
1786870361.926 [OBSTACLES] cur_s=16.63 cur_d=-0.96 vs=0.00 n=1 [id=397 static=1 gap=12.20m d=-0.43 size=0.31]
1786870361.932 [STATIC_OT] state=RECOVERY path_exists=0 path_locked=0 path_ttl_ok=0 path_safe=0 on_spline=0 speed=0.00 raw_wpnts=0 raw_age=-s decision=TRAILING reason=NO_STATIC_PATH
1786870361.934 [STATE_CHANGE] RECOVERY -> TRAILING src=RECOVERY s=16.63 d=-0.96 vs=0.00
1786870362.305 [STATIC_OT] state=TRAILING path_exists=0 path_locked=0 path_ttl_ok=0 path_safe=0 on_spline=0 speed=0.00 raw_wpnts=0 raw_age=-s decision=TRAILING reason=NO_STATIC_PATH
1786870362.502 [OBSTACLES] cur_s=16.63 cur_d=-0.96 vs=0.00 n=1 [id=397 static=1 gap=12.21m d=-0.43 size=0.28]
1786870362.647 [STATIC_OT] state=TRAILING path_exists=0 path_locked=0 path_ttl_ok=0 path_safe=0 on_spline=0 speed=0.00 raw_wpnts=0 raw_age=-s decision=TRAILING reason=NO_STATIC_PATH
1786870362.774 [STATE_CHANGE] TRAILING -> RECOVERY src=RECOVERY s=16.63 d=-0.96 vs=0.00
1786870362.870 [STATIC_OT] state=RECOVERY path_exists=0 path_locked=0 path_ttl_ok=0 path_safe=0 on_spline=0 speed=0.00 raw_wpnts=0 raw_age=-s decision=TRAILING reason=NO_STATIC_PATH
1786870362.876 [STATE_CHANGE] RECOVERY -> TRAILING src=RECOVERY s=16.63 d=-0.96 vs=0.00
1786870363.187 [OBSTACLES] cur_s=16.63 cur_d=-0.96 vs=0.00 n=1 [id=397 static=1 gap=12.21m d=-0.44 size=0.28]
1786870363.198 [STATIC_OT] state=TRAILING path_exists=0 path_locked=0 path_ttl_ok=0 path_safe=0 on_spline=0 speed=0.00 raw_wpnts=0 raw_age=-s decision=TRAILING reason=NO_STATIC_PATH
1786870363.350 [STATE_CHANGE] TRAILING -> RECOVERY src=RECOVERY s=16.63 d=-0.96 vs=0.00
1786870363.656 [STATIC_OT] state=RECOVERY path_exists=0 path_locked=0 path_ttl_ok=0 path_safe=0 on_spline=0 speed=0.00 raw_wpnts=0 raw_age=-s decision=TRAILING reason=NO_STATIC_PATH
1786870363.661 [STATE_CHANGE] RECOVERY -> TRAILING src=RECOVERY s=16.63 d=-0.96 vs=0.00
1786870363.751 [OBSTACLES] cur_s=16.63 cur_d=-0.96 vs=0.00 n=1 [id=397 static=1 gap=12.21m d=-0.44 size=0.28]
1786870363.754 [STATE_CHANGE] TRAILING -> RECOVERY src=RECOVERY s=16.63 d=-0.96 vs=0.00
1786870363.834 [STATE_CHANGE] RECOVERY -> TRAILING src=RECOVERY s=16.63 d=-0.96 vs=0.00
1786870363.875 [STATIC_OT] state=TRAILING path_exists=0 path_locked=0 path_ttl_ok=0 path_safe=0 on_spline=0 speed=0.00 raw_wpnts=0 raw_age=-s decision=TRAILING reason=NO_STATIC_PATH
1786870364.167 [STATIC_OT] state=TRAILING path_exists=0 path_locked=0 path_ttl_ok=0 path_safe=0 on_spline=0 speed=0.00 raw_wpnts=0 raw_age=-s decision=TRAILING reason=NO_STATIC_PATH
1786870364.171 [STATE_CHANGE] TRAILING -> RECOVERY src=RECOVERY s=16.63 d=-0.96 vs=0.00
1786870364.288 [OBSTACLES] cur_s=16.63 cur_d=-0.96 vs=0.00 n=1 [id=397 static=1 gap=12.18m d=-0.44 size=0.33]
1786870364.303 [STATE_CHANGE] RECOVERY -> TRAILING src=RECOVERY s=16.63 d=-0.96 vs=0.00
1786870364.380 [STATIC_OT] state=TRAILING path_exists=0 path_locked=0 path_ttl_ok=0 path_safe=0 on_spline=0 speed=0.00 raw_wpnts=0 raw_age=-s decision=TRAILING reason=NO_STATIC_PATH
1786870364.591 [STATIC_OT] state=TRAILING path_exists=0 path_locked=0 path_ttl_ok=0 path_safe=0 on_spline=0 speed=0.00 raw_wpnts=0 raw_age=-s decision=TRAILING reason=NO_STATIC_PATH
1786870364.599 [STATE_CHANGE] TRAILING -> RECOVERY src=RECOVERY s=16.63 d=-0.96 vs=0.00
1786870364.771 [STATE_CHANGE] RECOVERY -> TRAILING src=RECOVERY s=16.63 d=-0.96 vs=0.00
1786870364.836 [OBSTACLES] cur_s=16.63 cur_d=-0.96 vs=0.00 n=1 [id=397 static=1 gap=12.20m d=-0.44 size=0.30]
1786870364.843 [STATIC_OT] state=TRAILING path_exists=0 path_locked=0 path_ttl_ok=0 path_safe=0 on_spline=0 speed=0.00 raw_wpnts=0 raw_age=-s decision=TRAILING reason=NO_STATIC_PATH
1786870364.918 [STATE_CHANGE] TRAILING -> RECOVERY src=RECOVERY s=16.63 d=-0.96 vs=0.00
1786870365.031 [STATE_CHANGE] RECOVERY -> TRAILING src=RECOVERY s=16.63 d=-0.96 vs=0.00
1786870365.130 [STATIC_OT] state=TRAILING path_exists=0 path_locked=0 path_ttl_ok=0 path_safe=0 on_spline=0 speed=0.00 raw_wpnts=0 raw_age=-s decision=TRAILING reason=NO_STATIC_PATH
1786870365.131 [STATE_CHANGE] TRAILING -> RECOVERY src=RECOVERY s=16.63 d=-0.96 vs=0.00
1786870365.265 [STATE_CHANGE] RECOVERY -> TRAILING src=GB_TRACK s=16.63 d=-0.96 vs=0.00
1786870365.362 [OBSTACLES] cur_s=16.63 cur_d=-0.96 vs=0.00 n=1 [id=397 static=1 gap=12.21m d=-0.44 size=0.28]
1786870365.372 [STATIC_OT] state=TRAILING path_exists=0 path_locked=0 path_ttl_ok=0 path_safe=0 on_spline=0 speed=0.00 raw_wpnts=0 raw_age=-s decision=TRAILING reason=NO_STATIC_PATH
1786870365.641 [STATIC_OT] state=TRAILING path_exists=0 path_locked=0 path_ttl_ok=0 path_safe=0 on_spline=0 speed=0.00 raw_wpnts=0 raw_age=-s decision=TRAILING reason=NO_STATIC_PATH
1786870365.857 [STATIC_OT] state=TRAILING path_exists=0 path_locked=0 path_ttl_ok=0 path_safe=0 on_spline=0 speed=0.00 raw_wpnts=0 raw_age=-s decision=TRAILING reason=NO_STATIC_PATH
1786870365.932 [OBSTACLES] cur_s=16.63 cur_d=-0.96 vs=0.00 n=1 [id=397 static=1 gap=12.21m d=-0.44 size=0.28]
1786870366.067 [STATIC_OT] state=TRAILING path_exists=0 path_locked=0 path_ttl_ok=0 path_safe=0 on_spline=0 speed=0.00 raw_wpnts=0 raw_age=-s decision=TRAILING reason=NO_STATIC_PATH
1786870366.071 [STATE_CHANGE] TRAILING -> RECOVERY src=RECOVERY s=16.63 d=-0.96 vs=0.00
1786870366.247 [STATE_CHANGE] RECOVERY -> TRAILING src=RECOVERY s=16.63 d=-0.96 vs=0.00
1786870366.280 [STATIC_OT] state=TRAILING path_exists=0 path_locked=0 path_ttl_ok=0 path_safe=0 on_spline=0 speed=0.00 raw_wpnts=0 raw_age=-s decision=TRAILING reason=NO_STATIC_PATH
1786870366.284 [STATE_CHANGE] TRAILING -> RECOVERY src=RECOVERY s=16.63 d=-0.96 vs=0.00
1786870366.432 [OBSTACLES] cur_s=16.63 cur_d=-0.96 vs=0.00 n=1 [id=397 static=1 gap=12.19m d=-0.44 size=0.31]
1786870366.442 [STATE_CHANGE] RECOVERY -> TRAILING src=RECOVERY s=16.63 d=-0.96 vs=0.00
1786870366.478 [STATE_CHANGE] TRAILING -> RECOVERY src=RECOVERY s=16.63 d=-0.96 vs=0.00
1786870366.521 [STATIC_OT] state=RECOVERY path_exists=0 path_locked=0 path_ttl_ok=0 path_safe=0 on_spline=0 speed=0.00 raw_wpnts=0 raw_age=-s decision=TRAILING reason=NO_STATIC_PATH
1786870366.526 [STATE_CHANGE] RECOVERY -> TRAILING src=RECOVERY s=16.63 d=-0.96 vs=0.00
1786870366.563 [STATE_CHANGE] TRAILING -> RECOVERY src=RECOVERY s=16.63 d=-0.96 vs=0.00
1786870366.666 [STATE_CHANGE] RECOVERY -> TRAILING src=RECOVERY s=16.63 d=-0.96 vs=0.00
1786870366.704 [STATE_CHANGE] TRAILING -> RECOVERY src=RECOVERY s=16.63 d=-0.96 vs=0.00
1786870366.824 [STATIC_OT] state=RECOVERY path_exists=0 path_locked=0 path_ttl_ok=0 path_safe=0 on_spline=0 speed=0.00 raw_wpnts=0 raw_age=-s decision=TRAILING reason=NO_STATIC_PATH
1786870366.827 [STATE_CHANGE] RECOVERY -> TRAILING src=RECOVERY s=16.63 d=-0.96 vs=0.00
1786870366.912 [STATE_CHANGE] TRAILING -> RECOVERY src=RECOVERY s=16.63 d=-0.96 vs=0.00
1786870366.953 [OBSTACLES] cur_s=16.63 cur_d=-0.96 vs=0.00 n=1 [id=397 static=1 gap=12.21m d=-0.44 size=0.28]
1786870367.013 [STATE_CHANGE] RECOVERY -> TRAILING src=RECOVERY s=16.63 d=-0.96 vs=0.00
1786870367.075 [STATIC_OT] state=TRAILING path_exists=0 path_locked=0 path_ttl_ok=0 path_safe=0 on_spline=0 speed=0.00 raw_wpnts=0 raw_age=-s decision=TRAILING reason=NO_STATIC_PATH
1786870367.082 [STATE_CHANGE] TRAILING -> RECOVERY src=RECOVERY s=16.63 d=-0.96 vs=0.00
1786870367.306 [STATIC_OT] state=RECOVERY path_exists=0 path_locked=0 path_ttl_ok=0 path_safe=0 on_spline=0 speed=0.00 raw_wpnts=0 raw_age=-s decision=TRAILING reason=NO_STATIC_PATH
1786870367.323 [STATE_CHANGE] RECOVERY -> TRAILING src=RECOVERY s=16.63 d=-0.96 vs=0.00
1786870367.413 [STATE_CHANGE] TRAILING -> RECOVERY src=RECOVERY s=16.63 d=-0.96 vs=0.00
1786870367.542 [OBSTACLES] cur_s=16.63 cur_d=-0.96 vs=0.00 n=1 [id=397 static=1 gap=12.20m d=-0.44 size=0.28]
1786870368.057 [OBSTACLES] cur_s=16.63 cur_d=-0.96 vs=0.00 n=1 [id=397 static=1 gap=12.22m d=-0.44 size=0.25]
1786870368.349 [STATIC_OT] state=RECOVERY path_exists=0 path_locked=0 path_ttl_ok=0 path_safe=0 on_spline=0 speed=0.00 raw_wpnts=0 raw_age=-s decision=TRAILING reason=NO_STATIC_PATH
1786870368.351 [STATE_CHANGE] RECOVERY -> TRAILING src=RECOVERY s=16.63 d=-0.96 vs=0.00
1786870368.381 [STATE_CHANGE] TRAILING -> RECOVERY src=RECOVERY s=16.63 d=-0.96 vs=0.00
1786870368.581 [OBSTACLES] cur_s=16.63 cur_d=-0.96 vs=0.00 n=1 [id=397 static=1 gap=12.21m d=-0.44 size=0.28]
1786870368.990 [STATIC_OT] state=RECOVERY path_exists=0 path_locked=0 path_ttl_ok=0 path_safe=0 on_spline=0 speed=0.00 raw_wpnts=0 raw_age=-s decision=TRAILING reason=NO_STATIC_PATH
1786870368.992 [STATE_CHANGE] RECOVERY -> TRAILING src=RECOVERY s=16.63 d=-0.96 vs=0.00
1786870369.049 [STATE_CHANGE] TRAILING -> RECOVERY src=RECOVERY s=16.63 d=-0.96 vs=0.00
1786870369.096 [OBSTACLES] cur_s=16.63 cur_d=-0.96 vs=0.00 n=1 [id=397 static=1 gap=12.20m d=-0.44 size=0.28]
1786870369.709 [OBSTACLES] cur_s=16.63 cur_d=-0.96 vs=0.00 n=1 [id=397 static=1 gap=12.21m d=-0.44 size=0.28]
1786870369.813 [STATIC_OT] state=RECOVERY path_exists=0 path_locked=0 path_ttl_ok=0 path_safe=0 on_spline=0 speed=0.00 raw_wpnts=0 raw_age=-s decision=TRAILING reason=NO_STATIC_PATH
1786870369.817 [STATE_CHANGE] RECOVERY -> TRAILING src=RECOVERY s=16.63 d=-0.96 vs=0.00
1786870369.849 [STATE_CHANGE] TRAILING -> RECOVERY src=RECOVERY s=16.63 d=-0.96 vs=0.00
1786870369.888 [STATE_CHANGE] RECOVERY -> TRAILING src=RECOVERY s=16.63 d=-0.96 vs=0.00
1786870369.920 [STATE_CHANGE] TRAILING -> RECOVERY src=RECOVERY s=16.63 d=-0.96 vs=0.00
1786870370.270 [OBSTACLES] cur_s=16.63 cur_d=-0.96 vs=0.00 n=1 [id=397 static=1 gap=12.21m d=-0.44 size=0.28]
1786870370.459 [STATIC_OT] state=RECOVERY path_exists=0 path_locked=0 path_ttl_ok=0 path_safe=0 on_spline=0 speed=0.00 raw_wpnts=0 raw_age=-s decision=TRAILING reason=NO_STATIC_PATH
1786870370.470 [STATE_CHANGE] RECOVERY -> TRAILING src=RECOVERY s=16.63 d=-0.96 vs=0.00
1786870370.524 [STATE_CHANGE] TRAILING -> RECOVERY src=RECOVERY s=16.63 d=-0.96 vs=0.00
1786870370.700 [STATIC_OT] state=RECOVERY path_exists=0 path_locked=0 path_ttl_ok=0 path_safe=0 on_spline=0 speed=0.00 raw_wpnts=0 raw_age=-s decision=TRAILING reason=NO_STATIC_PATH
1786870370.702 [STATE_CHANGE] RECOVERY -> TRAILING src=RECOVERY s=16.63 d=-0.96 vs=0.00
1786870370.784 [OBSTACLES] cur_s=16.63 cur_d=-0.96 vs=0.00 n=1 [id=397 static=1 gap=12.20m d=-0.44 size=0.30]
1786870370.818 [STATE_CHANGE] TRAILING -> RECOVERY src=RECOVERY s=16.63 d=-0.96 vs=0.00
1786870370.910 [STATIC_OT] state=RECOVERY path_exists=0 path_locked=0 path_ttl_ok=0 path_safe=0 on_spline=0 speed=0.00 raw_wpnts=0 raw_age=-s decision=TRAILING reason=NO_STATIC_PATH
1786870370.912 [STATE_CHANGE] RECOVERY -> TRAILING src=RECOVERY s=16.63 d=-0.96 vs=0.00
1786870370.957 [STATE_CHANGE] TRAILING -> RECOVERY src=RECOVERY s=16.63 d=-0.96 vs=0.00
1786870371.278 [STATIC_OT] state=RECOVERY path_exists=0 path_locked=0 path_ttl_ok=0 path_safe=0 on_spline=0 speed=0.00 raw_wpnts=0 raw_age=-s decision=TRAILING reason=NO_STATIC_PATH
1786870371.279 [STATE_CHANGE] RECOVERY -> TRAILING src=RECOVERY s=16.63 d=-0.96 vs=0.00
1786870371.343 [OBSTACLES] cur_s=16.63 cur_d=-0.96 vs=0.00 n=1 [id=397 static=1 gap=12.20m d=-0.44 size=0.28]
1786870371.346 [STATE_CHANGE] TRAILING -> RECOVERY src=RECOVERY s=16.63 d=-0.96 vs=0.00
1786870371.519 [STATIC_OT] state=RECOVERY path_exists=0 path_locked=0 path_ttl_ok=0 path_safe=0 on_spline=0 speed=0.00 raw_wpnts=0 raw_age=-s decision=TRAILING reason=NO_STATIC_PATH
1786870371.527 [STATE_CHANGE] RECOVERY -> TRAILING src=RECOVERY s=16.63 d=-0.96 vs=0.00
1786870371.585 [STATE_CHANGE] TRAILING -> RECOVERY src=RECOVERY s=16.63 d=-0.96 vs=0.00
1786870371.884 [OBSTACLES] cur_s=16.63 cur_d=-0.96 vs=0.00 n=1 [id=397 static=1 gap=12.20m d=-0.44 size=0.29]
1786870372.108 [STATIC_OT] state=RECOVERY path_exists=0 path_locked=0 path_ttl_ok=0 path_safe=0 on_spline=0 speed=0.00 raw_wpnts=0 raw_age=-s decision=TRAILING reason=NO_STATIC_PATH
1786870372.109 [STATE_CHANGE] RECOVERY -> TRAILING src=RECOVERY s=16.63 d=-0.96 vs=0.00
1786870372.374 [STATIC_OT] state=TRAILING path_exists=0 path_locked=0 path_ttl_ok=0 path_safe=0 on_spline=0 speed=0.00 raw_wpnts=0 raw_age=-s decision=TRAILING reason=NO_STATIC_PATH
1786870372.376 [STATE_CHANGE] TRAILING -> RECOVERY src=RECOVERY s=16.63 d=-0.96 vs=0.00
1786870372.440 [OBSTACLES] cur_s=16.63 cur_d=-0.96 vs=0.00 n=1 [id=397 static=1 gap=12.20m d=-0.44 size=0.28]
1786870372.968 [OBSTACLES] cur_s=16.63 cur_d=-0.96 vs=0.00 n=1 [id=397 static=1 gap=12.20m d=-0.44 size=0.29]
1786870373.072 [STATIC_OT] state=RECOVERY path_exists=0 path_locked=0 path_ttl_ok=0 path_safe=0 on_spline=0 speed=0.00 raw_wpnts=0 raw_age=-s decision=TRAILING reason=NO_STATIC_PATH
1786870373.073 [STATE_CHANGE] RECOVERY -> TRAILING src=RECOVERY s=16.63 d=-0.96 vs=0.00
1786870373.130 [STATE_CHANGE] TRAILING -> RECOVERY src=RECOVERY s=16.63 d=-0.96 vs=0.00
1786870373.187 [STATE_CHANGE] RECOVERY -> TRAILING src=RECOVERY s=16.63 d=-0.96 vs=0.00
1786870373.214 [STATE_CHANGE] TRAILING -> RECOVERY src=RECOVERY s=16.63 d=-0.96 vs=0.00
1786870373.242 [STATE_CHANGE] RECOVERY -> TRAILING src=RECOVERY s=16.63 d=-0.96 vs=0.00
1786870373.282 [STATIC_OT] state=TRAILING path_exists=0 path_locked=0 path_ttl_ok=0 path_safe=0 on_spline=0 speed=0.00 raw_wpnts=0 raw_age=-s decision=TRAILING reason=NO_STATIC_PATH
1786870373.282 [STATE_CHANGE] TRAILING -> RECOVERY src=RECOVERY s=16.63 d=-0.96 vs=0.00
1786870373.372 [STATE_CHANGE] RECOVERY -> TRAILING src=RECOVERY s=16.63 d=-0.96 vs=0.00
1786870373.400 [STATE_CHANGE] TRAILING -> RECOVERY src=RECOVERY s=16.63 d=-0.96 vs=0.00
1786870373.479 [OBSTACLES] cur_s=16.63 cur_d=-0.96 vs=0.00 n=1 [id=397 static=1 gap=12.20m d=-0.44 size=0.28]
1786870373.803 [STATIC_OT] state=RECOVERY path_exists=0 path_locked=0 path_ttl_ok=0 path_safe=0 on_spline=0 speed=0.00 raw_wpnts=0 raw_age=-s decision=TRAILING reason=NO_STATIC_PATH
1786870373.804 [STATE_CHANGE] RECOVERY -> TRAILING src=RECOVERY s=16.63 d=-0.96 vs=0.00
1786870373.854 [STATE_CHANGE] TRAILING -> RECOVERY src=RECOVERY s=16.63 d=-0.96 vs=0.00
1786870373.993 [OBSTACLES] cur_s=16.63 cur_d=-0.96 vs=0.00 n=1 [id=397 static=1 gap=12.20m d=-0.44 size=0.28]
1786870374.109 [STATIC_OT] state=RECOVERY path_exists=0 path_locked=0 path_ttl_ok=0 path_safe=0 on_spline=0 speed=0.00 raw_wpnts=0 raw_age=-s decision=TRAILING reason=NO_STATIC_PATH
1786870374.112 [STATE_CHANGE] RECOVERY -> TRAILING src=RECOVERY s=16.63 d=-0.96 vs=0.00
1786870374.238 [STATE_CHANGE] TRAILING -> RECOVERY src=RECOVERY s=16.63 d=-0.96 vs=0.00
1786870374.349 [STATIC_OT] state=RECOVERY path_exists=0 path_locked=0 path_ttl_ok=0 path_safe=0 on_spline=0 speed=0.00 raw_wpnts=0 raw_age=-s decision=TRAILING reason=NO_STATIC_PATH
1786870374.351 [STATE_CHANGE] RECOVERY -> TRAILING src=RECOVERY s=16.63 d=-0.96 vs=0.00
1786870374.390 [STATE_CHANGE] TRAILING -> RECOVERY src=RECOVERY s=16.63 d=-0.96 vs=0.00
1786870374.460 [STATE_CHANGE] RECOVERY -> TRAILING src=RECOVERY s=16.63 d=-0.96 vs=0.00
1786870374.528 [OBSTACLES] cur_s=16.63 cur_d=-0.96 vs=0.00 n=1 [id=397 static=1 gap=12.18m d=-0.45 size=0.32]
1786870374.590 [STATIC_OT] state=TRAILING path_exists=0 path_locked=0 path_ttl_ok=0 path_safe=0 on_spline=0 speed=0.00 raw_wpnts=0 raw_age=-s decision=TRAILING reason=NO_STATIC_PATH
1786870374.668 [STATE_CHANGE] TRAILING -> RECOVERY src=RECOVERY s=16.63 d=-0.96 vs=0.00
1786870374.867 [STATIC_OT] state=RECOVERY path_exists=0 path_locked=0 path_ttl_ok=0 path_safe=0 on_spline=0 speed=0.00 raw_wpnts=0 raw_age=-s decision=TRAILING reason=NO_STATIC_PATH
1786870374.869 [STATE_CHANGE] RECOVERY -> TRAILING src=RECOVERY s=16.63 d=-0.96 vs=0.00
1786870374.907 [STATE_CHANGE] TRAILING -> RECOVERY src=RECOVERY s=16.63 d=-0.96 vs=0.00
1786870375.032 [OBSTACLES] cur_s=16.63 cur_d=-0.96 vs=0.00 n=1 [id=397 static=1 gap=12.18m d=-0.45 size=0.32]
1786870375.061 [STATE_CHANGE] RECOVERY -> TRAILING src=RECOVERY s=16.63 d=-0.96 vs=0.00
1786870375.110 [STATIC_OT] state=TRAILING path_exists=0 path_locked=0 path_ttl_ok=0 path_safe=0 on_spline=0 speed=0.00 raw_wpnts=0 raw_age=-s decision=TRAILING reason=NO_STATIC_PATH
1786870375.110 [STATE_CHANGE] TRAILING -> RECOVERY src=RECOVERY s=16.63 d=-0.96 vs=0.00
1786870375.603 [OBSTACLES] cur_s=16.63 cur_d=-0.96 vs=0.00 n=1 [id=397 static=1 gap=12.20m d=-0.45 size=0.28]
1786870376.035 [STATIC_OT] state=RECOVERY path_exists=0 path_locked=0 path_ttl_ok=0 path_safe=0 on_spline=0 speed=0.00 raw_wpnts=0 raw_age=-s decision=TRAILING reason=NO_STATIC_PATH
1786870376.035 [STATE_CHANGE] RECOVERY -> TRAILING src=GB_TRACK s=16.63 d=-0.96 vs=0.00
1786870376.118 [OBSTACLES] cur_s=16.63 cur_d=-0.96 vs=0.00 n=1 [id=397 static=1 gap=12.19m d=-0.45 size=0.30]
1786870376.249 [STATIC_OT] state=TRAILING path_exists=0 path_locked=0 path_ttl_ok=0 path_safe=0 on_spline=0 speed=0.00 raw_wpnts=0 raw_age=-s decision=TRAILING reason=NO_STATIC_PATH
1786870376.564 [STATIC_OT] state=TRAILING path_exists=0 path_locked=0 path_ttl_ok=0 path_safe=0 on_spline=0 speed=0.00 raw_wpnts=0 raw_age=-s decision=TRAILING reason=NO_STATIC_PATH
1786870376.674 [OBSTACLES] cur_s=16.63 cur_d=-0.96 vs=0.00 n=1 [id=397 static=1 gap=12.19m d=-0.45 size=0.29]
1786870376.801 [STATIC_OT] state=TRAILING path_exists=0 path_locked=0 path_ttl_ok=0 path_safe=0 on_spline=0 speed=0.00 raw_wpnts=0 raw_age=-s decision=TRAILING reason=NO_STATIC_PATH
1786870377.014 [STATIC_OT] state=TRAILING path_exists=0 path_locked=0 path_ttl_ok=0 path_safe=0 on_spline=0 speed=0.00 raw_wpnts=0 raw_age=-s decision=TRAILING reason=NO_STATIC_PATH
1786870377.066 [STATE_CHANGE] TRAILING -> RECOVERY src=RECOVERY s=16.63 d=-0.96 vs=0.00
1786870377.207 [OBSTACLES] cur_s=16.63 cur_d=-0.96 vs=0.00 n=1 [id=397 static=1 gap=12.19m d=-0.45 size=0.29]
1786870377.774 [OBSTACLES] cur_s=16.63 cur_d=-0.96 vs=0.00 n=1 [id=397 static=1 gap=12.21m d=-0.45 size=0.26]
1786870378.307 [OBSTACLES] cur_s=16.63 cur_d=-0.96 vs=0.00 n=1 [id=397 static=1 gap=12.19m d=-0.45 size=0.29]
1786870378.846 [OBSTACLES] cur_s=16.63 cur_d=-0.96 vs=0.00 n=1 [id=397 static=1 gap=12.18m d=-0.45 size=0.31]
1786870378.853 [STATIC_OT] state=RECOVERY path_exists=0 path_locked=0 path_ttl_ok=0 path_safe=0 on_spline=0 speed=0.00 raw_wpnts=0 raw_age=-s decision=TRAILING reason=NO_STATIC_PATH
1786870378.864 [STATE_CHANGE] RECOVERY -> TRAILING src=RECOVERY s=16.63 d=-0.96 vs=0.00
1786870378.951 [STATE_CHANGE] TRAILING -> RECOVERY src=RECOVERY s=16.63 d=-0.96 vs=0.00
1786870379.053 [STATE_CHANGE] RECOVERY -> TRAILING src=RECOVERY s=16.63 d=-0.96 vs=0.00
1786870379.094 [STATIC_OT] state=TRAILING path_exists=0 path_locked=0 path_ttl_ok=0 path_safe=0 on_spline=0 speed=0.00 raw_wpnts=0 raw_age=-s decision=TRAILING reason=NO_STATIC_PATH
1786870379.094 [STATE_CHANGE] TRAILING -> RECOVERY src=RECOVERY s=16.63 d=-0.96 vs=0.00
1786870379.234 [STATE_CHANGE] RECOVERY -> TRAILING src=RECOVERY s=16.63 d=-0.96 vs=0.00
1786870379.265 [STATE_CHANGE] TRAILING -> RECOVERY src=RECOVERY s=16.63 d=-0.96 vs=0.00
1786870379.350 [OBSTACLES] cur_s=16.63 cur_d=-0.96 vs=0.00 n=1 [id=397 static=1 gap=12.20m d=-0.45 size=0.27]
1786870379.853 [OBSTACLES] cur_s=16.63 cur_d=-0.96 vs=0.00 n=1 [id=397 static=1 gap=12.18m d=-0.45 size=0.31]
1786870380.018 [STATIC_OT] state=RECOVERY path_exists=0 path_locked=0 path_ttl_ok=0 path_safe=0 on_spline=0 speed=0.00 raw_wpnts=0 raw_age=-s decision=TRAILING reason=NO_STATIC_PATH
1786870380.022 [STATE_CHANGE] RECOVERY -> TRAILING src=RECOVERY s=16.63 d=-0.96 vs=0.00
1786870380.140 [STATE_CHANGE] TRAILING -> RECOVERY src=RECOVERY s=16.63 d=-0.96 vs=0.00
1786870380.486 [OBSTACLES] cur_s=16.63 cur_d=-0.96 vs=0.00 n=1 [id=397 static=1 gap=12.19m d=-0.45 size=0.29]
1786870380.586 [STATIC_OT] state=RECOVERY path_exists=0 path_locked=0 path_ttl_ok=0 path_safe=0 on_spline=0 speed=0.00 raw_wpnts=0 raw_age=-s decision=TRAILING reason=NO_STATIC_PATH
1786870380.609 [STATE_CHANGE] RECOVERY -> TRAILING src=RECOVERY s=16.63 d=-0.96 vs=0.00
1786870380.758 [STATE_CHANGE] TRAILING -> RECOVERY src=RECOVERY s=16.63 d=-0.96 vs=0.00
1786870381.022 [OBSTACLES] cur_s=16.63 cur_d=-0.96 vs=0.00 n=1 [id=397 static=1 gap=12.19m d=-0.45 size=0.29]
1786870381.577 [OBSTACLES] cur_s=16.63 cur_d=-0.96 vs=0.00 n=1 [id=397 static=1 gap=12.20m d=-0.45 size=0.28]
1786870382.091 [OBSTACLES] cur_s=16.63 cur_d=-0.96 vs=0.00 n=1 [id=397 static=1 gap=12.17m d=-0.45 size=0.32]
1786870382.109 [STATIC_OT] state=RECOVERY path_exists=0 path_locked=0 path_ttl_ok=0 path_safe=0 on_spline=0 speed=0.00 raw_wpnts=0 raw_age=-s decision=TRAILING reason=NO_STATIC_PATH
1786870382.117 [STATE_CHANGE] RECOVERY -> TRAILING src=RECOVERY s=16.63 d=-0.96 vs=0.00
1786870382.443 [STATIC_OT] state=TRAILING path_exists=0 path_locked=0 path_ttl_ok=0 path_safe=0 on_spline=0 speed=0.00 raw_wpnts=0 raw_age=-s decision=TRAILING reason=NO_STATIC_PATH
1786870382.447 [STATE_CHANGE] TRAILING -> RECOVERY src=RECOVERY s=16.63 d=-0.96 vs=0.00
1786870382.591 [OBSTACLES] cur_s=16.63 cur_d=-0.96 vs=0.00 n=1 [id=397 static=1 gap=12.19m d=-0.45 size=0.29]
1786870382.787 [STATIC_OT] state=RECOVERY path_exists=0 path_locked=0 path_ttl_ok=0 path_safe=0 on_spline=0 speed=0.00 raw_wpnts=0 raw_age=-s decision=TRAILING reason=NO_STATIC_PATH
1786870382.789 [STATE_CHANGE] RECOVERY -> TRAILING src=RECOVERY s=16.63 d=-0.96 vs=0.00
1786870382.868 [STATE_CHANGE] TRAILING -> RECOVERY src=RECOVERY s=16.64 d=-0.95 vs=0.00
1786870382.998 [STATIC_OT] state=RECOVERY path_exists=0 path_locked=0 path_ttl_ok=0 path_safe=0 on_spline=0 speed=0.00 raw_wpnts=0 raw_age=-s decision=TRAILING reason=NO_STATIC_PATH
1786870383.009 [STATE_CHANGE] RECOVERY -> TRAILING src=RECOVERY s=16.64 d=-0.95 vs=0.00
1786870383.145 [OBSTACLES] cur_s=16.64 cur_d=-0.95 vs=0.00 n=1 [id=397 static=1 gap=12.18m d=-0.45 size=0.28]
1786870383.154 [STATE_CHANGE] TRAILING -> RECOVERY src=RECOVERY s=16.64 d=-0.95 vs=0.00
1786870383.682 [OBSTACLES] cur_s=16.64 cur_d=-0.95 vs=0.00 n=2 [id=397 static=1 gap=12.22m d=-0.45 size=0.23; id=413 static=1 gap=4.59m d=0.20 size=0.20]
1786870383.687 [STATIC_OT] state=RECOVERY path_exists=0 path_locked=0 path_ttl_ok=0 path_safe=0 on_spline=0 speed=0.00 raw_wpnts=0 raw_age=-s decision=TRAILING reason=NO_STATIC_PATH
1786870383.688 [STATE_CHANGE] RECOVERY -> TRAILING src=RECOVERY s=16.64 d=-0.95 vs=0.00
1786870383.901 [STATIC_OT] state=TRAILING path_exists=0 path_locked=0 path_ttl_ok=0 path_safe=0 on_spline=0 speed=0.00 raw_wpnts=0 raw_age=-s decision=TRAILING reason=NO_STATIC_PATH
1786870384.112 [STATIC_OT] state=TRAILING path_exists=0 path_locked=0 path_ttl_ok=0 path_safe=0 on_spline=0 speed=0.00 raw_wpnts=0 raw_age=-s decision=TRAILING reason=NO_STATIC_PATH
1786870384.301 [OBSTACLES] cur_s=16.64 cur_d=-0.95 vs=0.00 n=2 [id=397 static=1 gap=12.19m d=-0.45 size=0.27; id=413 static=1 gap=4.61m d=0.20 size=0.16]
1786870384.317 [STATIC_OT] state=TRAILING path_exists=1 path_locked=0 path_ttl_ok=1 path_safe=1 on_spline=1 speed=0.00 raw_wpnts=102 raw_age=0.89s decision=OVERTAKE
1786870384.332 [STATE_CHANGE] TRAILING -> OVERTAKE src=OVERTAKE s=16.64 d=-0.95 vs=0.00
1786870384.860 [OBSTACLES] cur_s=16.64 cur_d=-0.95 vs=0.00 n=1 [id=397 static=1 gap=12.22m d=-0.45 size=0.22]
1786870385.427 [OBSTACLES] cur_s=16.64 cur_d=-0.95 vs=0.00 n=1 [id=397 static=1 gap=12.19m d=-0.45 size=0.28]
1786870386.008 [OBSTACLES] cur_s=16.64 cur_d=-0.95 vs=0.00 n=1 [id=397 static=1 gap=12.19m d=-0.45 size=0.27]
1786870386.537 [OBSTACLES] cur_s=16.64 cur_d=-0.95 vs=0.00 n=1 [id=397 static=1 gap=12.18m d=-0.45 size=0.29]
1786870387.223 [OBSTACLES] cur_s=16.64 cur_d=-0.95 vs=0.00 n=1 [id=397 static=1 gap=12.19m d=-0.45 size=0.28]
1786870387.778 [OBSTACLES] cur_s=16.64 cur_d=-0.95 vs=0.00 n=1 [id=397 static=1 gap=12.18m d=-0.45 size=0.30]
1786870388.281 [OBSTACLES] cur_s=16.64 cur_d=-0.95 vs=0.00 n=1 [id=397 static=1 gap=12.18m d=-0.45 size=0.30]
1786870388.885 [OBSTACLES] cur_s=16.64 cur_d=-0.95 vs=0.00 n=1 [id=397 static=1 gap=12.19m d=-0.45 size=0.28]
1786870389.520 [OBSTACLES] cur_s=16.64 cur_d=-0.95 vs=0.00 n=1 [id=397 static=1 gap=12.17m d=-0.45 size=0.32]
1786870390.103 [OBSTACLES] cur_s=16.64 cur_d=-0.95 vs=0.00 n=1 [id=397 static=1 gap=12.17m d=-0.45 size=0.33]
1786870390.676 [OBSTACLES] cur_s=16.64 cur_d=-0.95 vs=0.00 n=1 [id=397 static=1 gap=12.20m d=-0.45 size=0.27]
1786870391.270 [OBSTACLES] cur_s=16.64 cur_d=-0.95 vs=0.00 n=1 [id=397 static=1 gap=12.19m d=-0.45 size=0.28]
1786870391.918 [OBSTACLES] cur_s=16.64 cur_d=-0.95 vs=0.00 n=1 [id=397 static=1 gap=12.20m d=-0.45 size=0.27]
1786870392.436 [OBSTACLES] cur_s=16.64 cur_d=-0.95 vs=0.00 n=1 [id=397 static=1 gap=12.19m d=-0.45 size=0.28]
1786870392.962 [OBSTACLES] cur_s=16.64 cur_d=-0.95 vs=0.00 n=1 [id=397 static=1 gap=12.19m d=-0.45 size=0.28]
1786870393.440 [STATIC_OT] state=OVERTAKE path_exists=0 path_locked=1 path_ttl_ok=0 path_safe=0 on_spline=0 speed=0.00 raw_wpnts=0 raw_age=-s decision=TRAILING reason=NO_STATIC_PATH
1786870393.441 [STATE_CHANGE] OVERTAKE -> TRAILING src=GB_TRACK s=16.64 d=-0.95 vs=0.00
1786870393.500 [OBSTACLES] cur_s=16.64 cur_d=-0.95 vs=0.00 n=1 [id=397 static=1 gap=12.19m d=-0.45 size=0.28]
1786870393.661 [STATIC_OT] state=TRAILING path_exists=0 path_locked=0 path_ttl_ok=0 path_safe=0 on_spline=0 speed=0.00 raw_wpnts=0 raw_age=-s decision=TRAILING reason=NO_STATIC_PATH
1786870393.920 [STATIC_OT] state=TRAILING path_exists=0 path_locked=0 path_ttl_ok=0 path_safe=0 on_spline=0 speed=0.00 raw_wpnts=0 raw_age=-s decision=TRAILING reason=NO_STATIC_PATH
1786870394.018 [OBSTACLES] cur_s=16.64 cur_d=-0.95 vs=0.00 n=1 [id=397 static=1 gap=12.19m d=-0.45 size=0.29]
1786870394.159 [STATIC_OT] state=TRAILING path_exists=0 path_locked=0 path_ttl_ok=0 path_safe=0 on_spline=0 speed=0.00 raw_wpnts=0 raw_age=-s decision=TRAILING reason=NO_STATIC_PATH
1786870394.378 [STATIC_OT] state=TRAILING path_exists=0 path_locked=0 path_ttl_ok=0 path_safe=0 on_spline=0 speed=0.00 raw_wpnts=0 raw_age=-s decision=TRAILING reason=NO_STATIC_PATH
1786870394.652 [OBSTACLES] cur_s=16.64 cur_d=-0.95 vs=0.00 n=1 [id=397 static=1 gap=12.20m d=-0.45 size=0.27]
1786870394.669 [STATIC_OT] state=TRAILING path_exists=0 path_locked=0 path_ttl_ok=0 path_safe=0 on_spline=0 speed=0.00 raw_wpnts=0 raw_age=-s decision=TRAILING reason=NO_STATIC_PATH
1786870395.005 [STATIC_OT] state=TRAILING path_exists=0 path_locked=0 path_ttl_ok=0 path_safe=0 on_spline=0 speed=0.00 raw_wpnts=0 raw_age=-s decision=TRAILING reason=NO_STATIC_PATH
1786870395.272 [OBSTACLES] cur_s=16.64 cur_d=-0.95 vs=0.00 n=1 [id=397 static=1 gap=12.19m d=-0.44 size=0.28]
1786870395.285 [STATIC_OT] state=TRAILING path_exists=0 path_locked=0 path_ttl_ok=0 path_safe=0 on_spline=0 speed=0.00 raw_wpnts=0 raw_age=-s decision=TRAILING reason=NO_STATIC_PATH
1786870395.492 [STATIC_OT] state=TRAILING path_exists=0 path_locked=0 path_ttl_ok=0 path_safe=0 on_spline=0 speed=0.00 raw_wpnts=0 raw_age=-s decision=TRAILING reason=NO_STATIC_PATH
1786870395.572 [STATE_CHANGE] TRAILING -> RECOVERY src=RECOVERY s=16.64 d=-0.95 vs=0.00
1786870395.847 [OBSTACLES] cur_s=16.64 cur_d=-0.95 vs=0.00 n=1 [id=397 static=1 gap=12.17m d=-0.44 size=0.34]
1786870395.856 [STATIC_OT] state=RECOVERY path_exists=0 path_locked=0 path_ttl_ok=0 path_safe=0 on_spline=0 speed=0.00 raw_wpnts=0 raw_age=-s decision=TRAILING reason=NO_STATIC_PATH
1786870395.862 [STATE_CHANGE] RECOVERY -> TRAILING src=RECOVERY s=16.64 d=-0.95 vs=0.00
1786870396.036 [STATE_CHANGE] TRAILING -> RECOVERY src=RECOVERY s=16.64 d=-0.95 vs=0.00
1786870396.398 [OBSTACLES] cur_s=16.64 cur_d=-0.95 vs=0.00 n=1 [id=397 static=1 gap=12.19m d=-0.44 size=0.29]
1786870396.910 [OBSTACLES] cur_s=16.64 cur_d=-0.95 vs=0.00 n=1 [id=397 static=1 gap=12.19m d=-0.44 size=0.28]
1786870396.936 [STATIC_OT] state=RECOVERY path_exists=0 path_locked=0 path_ttl_ok=0 path_safe=0 on_spline=0 speed=0.00 raw_wpnts=0 raw_age=-s decision=TRAILING reason=NO_STATIC_PATH
1786870396.938 [STATE_CHANGE] RECOVERY -> TRAILING src=RECOVERY s=16.64 d=-0.95 vs=0.00
1786870396.979 [STATE_CHANGE] TRAILING -> RECOVERY src=RECOVERY s=16.64 d=-0.95 vs=0.00
1786870397.128 [STATE_CHANGE] RECOVERY -> TRAILING src=RECOVERY s=16.64 d=-0.95 vs=0.00
1786870397.164 [STATIC_OT] state=TRAILING path_exists=0 path_locked=0 path_ttl_ok=0 path_safe=0 on_spline=0 speed=0.00 raw_wpnts=0 raw_age=-s decision=TRAILING reason=NO_STATIC_PATH
1786870397.165 [STATE_CHANGE] TRAILING -> RECOVERY src=RECOVERY s=16.64 d=-0.95 vs=0.00
1786870397.252 [STATE_CHANGE] RECOVERY -> TRAILING src=RECOVERY s=16.64 d=-0.95 vs=0.00
1786870397.353 [STATE_CHANGE] TRAILING -> RECOVERY src=RECOVERY s=16.64 d=-0.95 vs=0.00
1786870397.411 [OBSTACLES] cur_s=16.64 cur_d=-0.95 vs=0.00 n=1 [id=397 static=1 gap=12.19m d=-0.44 size=0.29]
1786870397.438 [STATIC_OT] state=RECOVERY path_exists=0 path_locked=0 path_ttl_ok=0 path_safe=0 on_spline=0 speed=0.00 raw_wpnts=0 raw_age=-s decision=TRAILING reason=NO_STATIC_PATH
1786870397.440 [STATE_CHANGE] RECOVERY -> TRAILING src=RECOVERY s=16.64 d=-0.95 vs=0.00
1786870397.462 [STATE_CHANGE] TRAILING -> RECOVERY src=RECOVERY s=16.64 d=-0.95 vs=0.00
1786870397.642 [STATIC_OT] state=RECOVERY path_exists=0 path_locked=0 path_ttl_ok=0 path_safe=0 on_spline=0 speed=0.00 raw_wpnts=0 raw_age=-s decision=TRAILING reason=NO_STATIC_PATH
1786870397.646 [STATE_CHANGE] RECOVERY -> TRAILING src=RECOVERY s=16.64 d=-0.95 vs=0.00
1786870397.669 [STATE_CHANGE] TRAILING -> RECOVERY src=RECOVERY s=16.64 d=-0.95 vs=0.00
1786870397.863 [STATIC_OT] state=RECOVERY path_exists=0 path_locked=0 path_ttl_ok=0 path_safe=0 on_spline=0 speed=0.00 raw_wpnts=0 raw_age=-s decision=TRAILING reason=NO_STATIC_PATH
1786870397.864 [STATE_CHANGE] RECOVERY -> TRAILING src=RECOVERY s=16.64 d=-0.95 vs=0.00
1786870397.913 [OBSTACLES] cur_s=16.64 cur_d=-0.95 vs=0.00 n=1 [id=397 static=1 gap=12.19m d=-0.44 size=0.29]
1786870397.919 [STATE_CHANGE] TRAILING -> RECOVERY src=RECOVERY s=16.64 d=-0.95 vs=0.00
1786870398.498 [OBSTACLES] cur_s=16.64 cur_d=-0.95 vs=0.00 n=1 [id=397 static=1 gap=12.20m d=-0.44 size=0.28]
1786870398.650 [STATIC_OT] state=RECOVERY path_exists=0 path_locked=0 path_ttl_ok=0 path_safe=0 on_spline=0 speed=0.00 raw_wpnts=0 raw_age=-s decision=TRAILING reason=NO_STATIC_PATH
1786870398.660 [STATE_CHANGE] RECOVERY -> TRAILING src=RECOVERY s=16.64 d=-0.95 vs=0.00
1786870398.776 [STATE_CHANGE] TRAILING -> RECOVERY src=RECOVERY s=16.64 d=-0.95 vs=0.00
1786870399.060 [OBSTACLES] cur_s=16.64 cur_d=-0.95 vs=0.00 n=1 [id=397 static=1 gap=12.19m d=-0.44 size=0.28]
1786870399.637 [OBSTACLES] cur_s=16.64 cur_d=-0.95 vs=0.00 n=1 [id=397 static=1 gap=12.19m d=-0.44 size=0.29]
1786870400.225 [OBSTACLES] cur_s=16.64 cur_d=-0.95 vs=0.00 n=1 [id=397 static=1 gap=12.17m d=-0.44 size=0.34]
1786870400.234 [STATIC_OT] state=RECOVERY path_exists=0 path_locked=0 path_ttl_ok=0 path_safe=0 on_spline=0 speed=0.00 raw_wpnts=0 raw_age=-s decision=TRAILING reason=NO_STATIC_PATH
1786870400.238 [STATE_CHANGE] RECOVERY -> TRAILING src=RECOVERY s=16.64 d=-0.95 vs=0.00
1786870400.339 [STATE_CHANGE] TRAILING -> RECOVERY src=RECOVERY s=16.64 d=-0.95 vs=0.00
1786870400.473 [STATIC_OT] state=RECOVERY path_exists=0 path_locked=0 path_ttl_ok=0 path_safe=0 on_spline=0 speed=0.00 raw_wpnts=0 raw_age=-s decision=TRAILING reason=NO_STATIC_PATH
1786870400.475 [STATE_CHANGE] RECOVERY -> TRAILING src=RECOVERY s=16.64 d=-0.95 vs=0.00
1786870400.768 [OBSTACLES] cur_s=16.64 cur_d=-0.95 vs=0.00 n=1 [id=397 static=1 gap=12.18m d=-0.44 size=0.30]
1786870400.775 [STATIC_OT] state=TRAILING path_exists=0 path_locked=0 path_ttl_ok=0 path_safe=0 on_spline=0 speed=0.00 raw_wpnts=0 raw_age=-s decision=TRAILING reason=NO_STATIC_PATH
1786870400.971 [STATE_CHANGE] TRAILING -> RECOVERY src=RECOVERY s=16.64 d=-0.95 vs=0.00
1786870401.123 [STATIC_OT] state=RECOVERY path_exists=0 path_locked=0 path_ttl_ok=0 path_safe=0 on_spline=0 speed=0.00 raw_wpnts=0 raw_age=-s decision=TRAILING reason=NO_STATIC_PATH
1786870401.125 [STATE_CHANGE] RECOVERY -> TRAILING src=RECOVERY s=16.64 d=-0.95 vs=0.00
1786870401.198 [STATE_CHANGE] TRAILING -> RECOVERY src=RECOVERY s=16.64 d=-0.95 vs=0.00
1786870401.269 [OBSTACLES] cur_s=16.64 cur_d=-0.95 vs=0.00 n=1 [id=397 static=1 gap=12.19m d=-0.44 size=0.29]
1786870401.819 [OBSTACLES] cur_s=16.64 cur_d=-0.96 vs=0.00 n=1 [id=397 static=1 gap=12.20m d=-0.44 size=0.28]
1786870401.923 [STATIC_OT] state=RECOVERY path_exists=0 path_locked=0 path_ttl_ok=0 path_safe=0 on_spline=0 speed=0.00 raw_wpnts=0 raw_age=-s decision=TRAILING reason=NO_STATIC_PATH
1786870401.925 [STATE_CHANGE] RECOVERY -> TRAILING src=RECOVERY s=16.64 d=-0.96 vs=0.00
1786870402.016 [STATE_CHANGE] TRAILING -> RECOVERY src=RECOVERY s=16.64 d=-0.96 vs=0.00
1786870402.254 [STATIC_OT] state=RECOVERY path_exists=0 path_locked=0 path_ttl_ok=0 path_safe=0 on_spline=0 speed=0.00 raw_wpnts=0 raw_age=-s decision=TRAILING reason=NO_STATIC_PATH
1786870402.276 [STATE_CHANGE] RECOVERY -> TRAILING src=RECOVERY s=16.64 d=-0.96 vs=0.00
1786870402.338 [OBSTACLES] cur_s=16.64 cur_d=-0.96 vs=0.00 n=1 [id=397 static=1 gap=12.20m d=-0.44 size=0.28]
1786870402.343 [STATE_CHANGE] TRAILING -> RECOVERY src=RECOVERY s=16.64 d=-0.96 vs=0.00
1786870402.557 [STATIC_OT] state=RECOVERY path_exists=0 path_locked=0 path_ttl_ok=0 path_safe=0 on_spline=0 speed=0.00 raw_wpnts=0 raw_age=-s decision=TRAILING reason=NO_STATIC_PATH
1786870402.567 [STATE_CHANGE] RECOVERY -> TRAILING src=RECOVERY s=16.64 d=-0.95 vs=0.00
1786870402.601 [STATE_CHANGE] TRAILING -> RECOVERY src=RECOVERY s=16.64 d=-0.95 vs=0.00
1786870402.892 [OBSTACLES] cur_s=16.64 cur_d=-0.95 vs=0.00 n=1 [id=397 static=1 gap=12.20m d=-0.44 size=0.28]
1786870403.009 [STATIC_OT] state=RECOVERY path_exists=0 path_locked=0 path_ttl_ok=0 path_safe=0 on_spline=0 speed=0.00 raw_wpnts=0 raw_age=-s decision=TRAILING reason=NO_STATIC_PATH
1786870403.010 [STATE_CHANGE] RECOVERY -> TRAILING src=RECOVERY s=16.64 d=-0.95 vs=0.00
1786870403.163 [STATE_CHANGE] TRAILING -> RECOVERY src=RECOVERY s=16.64 d=-0.95 vs=0.00
1786870403.394 [OBSTACLES] cur_s=16.64 cur_d=-0.95 vs=0.00 n=1 [id=397 static=1 gap=12.20m d=-0.44 size=0.28]
1786870403.908 [OBSTACLES] cur_s=16.64 cur_d=-0.95 vs=0.00 n=1 [id=397 static=1 gap=12.20m d=-0.44 size=0.28]
1786870404.029 [STATIC_OT] state=RECOVERY path_exists=0 path_locked=0 path_ttl_ok=0 path_safe=0 on_spline=0 speed=0.00 raw_wpnts=0 raw_age=-s decision=TRAILING reason=NO_STATIC_PATH
1786870404.044 [STATE_CHANGE] RECOVERY -> TRAILING src=RECOVERY s=16.64 d=-0.95 vs=0.00
1786870404.157 [STATE_CHANGE] TRAILING -> RECOVERY src=RECOVERY s=16.64 d=-0.95 vs=0.00
1786870404.340 [STATIC_OT] state=RECOVERY path_exists=0 path_locked=0 path_ttl_ok=0 path_safe=0 on_spline=0 speed=0.00 raw_wpnts=0 raw_age=-s decision=TRAILING reason=NO_STATIC_PATH
1786870404.356 [STATE_CHANGE] RECOVERY -> TRAILING src=RECOVERY s=16.64 d=-0.95 vs=0.00
1786870404.456 [OBSTACLES] cur_s=16.64 cur_d=-0.95 vs=0.00 n=1 [id=397 static=1 gap=12.20m d=-0.44 size=0.28]
1786870404.465 [STATE_CHANGE] TRAILING -> RECOVERY src=RECOVERY s=16.64 d=-0.95 vs=0.00
1786870405.066 [OBSTACLES] cur_s=16.64 cur_d=-0.95 vs=0.00 n=1 [id=397 static=1 gap=12.20m d=-0.44 size=0.28]
1786870405.141 [STATIC_OT] state=RECOVERY path_exists=0 path_locked=0 path_ttl_ok=0 path_safe=0 on_spline=0 speed=0.00 raw_wpnts=0 raw_age=-s decision=TRAILING reason=NO_STATIC_PATH
1786870405.162 [STATE_CHANGE] RECOVERY -> TRAILING src=RECOVERY s=16.64 d=-0.95 vs=0.00
1786870405.279 [STATE_CHANGE] TRAILING -> RECOVERY src=RECOVERY s=16.64 d=-0.95 vs=0.00
1786870405.604 [OBSTACLES] cur_s=16.64 cur_d=-0.95 vs=0.00 n=1 [id=397 static=1 gap=12.20m d=-0.44 size=0.28]
1786870405.609 [STATIC_OT] state=RECOVERY path_exists=0 path_locked=0 path_ttl_ok=0 path_safe=0 on_spline=0 speed=0.00 raw_wpnts=0 raw_age=-s decision=TRAILING reason=NO_STATIC_PATH
1786870405.613 [STATE_CHANGE] RECOVERY -> TRAILING src=GB_TRACK s=16.64 d=-0.95 vs=0.00
1786870405.858 [STATIC_OT] state=TRAILING path_exists=0 path_locked=0 path_ttl_ok=0 path_safe=0 on_spline=0 speed=0.00 raw_wpnts=0 raw_age=-s decision=TRAILING reason=NO_STATIC_PATH
1786870406.139 [OBSTACLES] cur_s=16.64 cur_d=-0.95 vs=0.00 n=1 [id=397 static=1 gap=12.19m d=-0.44 size=0.29]
1786870406.141 [STATIC_OT] state=TRAILING path_exists=0 path_locked=0 path_ttl_ok=0 path_safe=0 on_spline=0 speed=0.00 raw_wpnts=0 raw_age=-s decision=TRAILING reason=NO_STATIC_PATH
1786870406.434 [STATIC_OT] state=TRAILING path_exists=0 path_locked=0 path_ttl_ok=0 path_safe=0 on_spline=0 speed=0.00 raw_wpnts=0 raw_age=-s decision=TRAILING reason=NO_STATIC_PATH
1786870406.709 [OBSTACLES] cur_s=16.64 cur_d=-0.95 vs=0.00 n=1 [id=397 static=1 gap=12.17m d=-0.44 size=0.33]
1786870406.713 [STATIC_OT] state=TRAILING path_exists=0 path_locked=0 path_ttl_ok=0 path_safe=0 on_spline=0 speed=0.00 raw_wpnts=0 raw_age=-s decision=TRAILING reason=NO_STATIC_PATH
1786870406.925 [STATIC_OT] state=TRAILING path_exists=0 path_locked=0 path_ttl_ok=0 path_safe=0 on_spline=0 speed=0.00 raw_wpnts=0 raw_age=-s decision=TRAILING reason=NO_STATIC_PATH
1786870407.298 [OBSTACLES] cur_s=16.64 cur_d=-0.95 vs=0.00 n=1 [id=397 static=1 gap=12.20m d=-0.44 size=0.28]
1786870407.323 [STATIC_OT] state=TRAILING path_exists=0 path_locked=0 path_ttl_ok=0 path_safe=0 on_spline=0 speed=0.00 raw_wpnts=0 raw_age=-s decision=TRAILING reason=NO_STATIC_PATH
1786870407.576 [STATIC_OT] state=TRAILING path_exists=0 path_locked=0 path_ttl_ok=0 path_safe=0 on_spline=0 speed=0.00 raw_wpnts=0 raw_age=-s decision=TRAILING reason=NO_STATIC_PATH
1786870407.836 [OBSTACLES] cur_s=16.64 cur_d=-0.95 vs=0.00 n=1 [id=397 static=1 gap=12.23m d=-0.44 size=0.22]
1786870407.837 [STATIC_OT] state=TRAILING path_exists=0 path_locked=0 path_ttl_ok=0 path_safe=0 on_spline=0 speed=0.00 raw_wpnts=0 raw_age=-s decision=TRAILING reason=NO_STATIC_PATH
1786870408.219 [STATIC_OT] state=TRAILING path_exists=0 path_locked=0 path_ttl_ok=0 path_safe=0 on_spline=0 speed=0.00 raw_wpnts=0 raw_age=-s decision=TRAILING reason=NO_STATIC_PATH
1786870408.471 [OBSTACLES] cur_s=16.63 cur_d=-0.96 vs=0.00 n=1 [id=397 static=1 gap=12.20m d=-0.44 size=0.28]
1786870408.500 [STATIC_OT] state=TRAILING path_exists=0 path_locked=0 path_ttl_ok=0 path_safe=0 on_spline=0 speed=0.00 raw_wpnts=0 raw_age=-s decision=TRAILING reason=NO_STATIC_PATH
1786870408.759 [STATIC_OT] state=TRAILING path_exists=0 path_locked=0 path_ttl_ok=0 path_safe=0 on_spline=0 speed=0.00 raw_wpnts=0 raw_age=-s decision=TRAILING reason=NO_STATIC_PATH
1786870408.978 [OBSTACLES] cur_s=16.63 cur_d=-0.95 vs=0.00 n=1 [id=397 static=1 gap=12.18m d=-0.44 size=0.34]
1786870408.987 [STATIC_OT] state=TRAILING path_exists=0 path_locked=0 path_ttl_ok=0 path_safe=0 on_spline=0 speed=0.00 raw_wpnts=0 raw_age=-s decision=TRAILING reason=NO_STATIC_PATH
1786870409.418 [STATIC_OT] state=TRAILING path_exists=0 path_locked=0 path_ttl_ok=0 path_safe=0 on_spline=0 speed=0.00 raw_wpnts=0 raw_age=-s decision=TRAILING reason=NO_STATIC_PATH
1786870409.607 [OBSTACLES] cur_s=16.63 cur_d=-0.96 vs=0.00 n=1 [id=397 static=1 gap=12.23m d=-0.44 size=0.23]
1786870409.906 [STATIC_OT] state=TRAILING path_exists=0 path_locked=0 path_ttl_ok=0 path_safe=0 on_spline=0 speed=0.00 raw_wpnts=0 raw_age=-s decision=TRAILING reason=NO_STATIC_PATH
1786870410.120 [OBSTACLES] cur_s=16.63 cur_d=-0.97 vs=0.00 n=1 [id=425 static=0 gap=4.79m d=0.33 size=0.36]
1786870410.124 [STATIC_OT] state=TRAILING path_exists=0 path_locked=0 path_ttl_ok=0 path_safe=0 on_spline=0 speed=0.00 raw_wpnts=0 raw_age=-s decision=TRAILING reason=NO_STATIC_PATH
1786870410.369 [STATIC_OT] state=TRAILING path_exists=1 path_locked=0 path_ttl_ok=1 path_safe=0 on_spline=1 speed=0.00 raw_wpnts=104 raw_age=0.82s decision=TRAILING reason=PATH_BLOCKED blocked_obs_id=425 gap=5.16m free_dist=-0.081m branch=dyn/nopred (id_mismatch or empty)
1786870410.509 [STATE_CHANGE] TRAILING -> LOSTLINE src=GB_TRACK s=16.60 d=-1.01 vs=0.00
1786870410.814 [OBSTACLES] cur_s=16.55 cur_d=-1.05 vs=0.00 n=1 [id=427 static=1 gap=0.10m d=-0.91 size=0.31]
1786870410.856 [STATIC_OT] state=GB_TRACK path_exists=1 path_locked=0 path_ttl_ok=1 path_safe=0 on_spline=1 speed=0.00 raw_wpnts=81 raw_age=0.88s decision=TRAILING reason=PATH_BLOCKED blocked_obs_id=427 gap=0.26m free_dist=-0.076m branch=static/geom
1786870410.857 [STATE_CHANGE] LOSTLINE -> TRAILING src=GB_TRACK s=16.55 d=-1.05 vs=0.00
1786870411.015 [STATE_CHANGE] TRAILING -> LOSTLINE src=GB_TRACK s=16.48 d=-1.09 vs=0.00
1786870411.057 [STATIC_OT] state=GB_TRACK path_exists=1 path_locked=0 path_ttl_ok=0 path_safe=0 on_spline=1 speed=0.00 raw_wpnts=0 raw_age=-s decision=TRAILING reason=NO_STATIC_PATH
1786870411.057 [STATE_CHANGE] LOSTLINE -> TRAILING src=GB_TRACK s=16.44 d=-1.08 vs=0.00
1786870411.082 [STATE_CHANGE] TRAILING -> LOSTLINE src=GB_TRACK s=16.44 d=-1.06 vs=0.00
1786870411.467 [OBSTACLES] cur_s=16.49 cur_d=-0.87 vs=-0.00 n=0 [none]
1786870411.975 [OBSTACLES] cur_s=17.29 cur_d=-0.60 vs=-0.00 n=0 [none]
1786870412.220 [STATIC_OT] state=GB_TRACK path_exists=1 path_locked=0 path_ttl_ok=0 path_safe=0 on_spline=1 speed=-0.00 raw_wpnts=0 raw_age=-s decision=TRAILING reason=NO_STATIC_PATH
1786870412.220 [STATE_CHANGE] LOSTLINE -> TRAILING src=GB_TRACK s=17.12 d=-0.57 vs=-0.00
1786870412.467 [STATIC_OT] state=TRAILING path_exists=1 path_locked=0 path_ttl_ok=0 path_safe=0 on_spline=1 speed=0.00 raw_wpnts=0 raw_age=-s decision=TRAILING reason=NO_STATIC_PATH
1786870412.612 [OBSTACLES] cur_s=16.98 cur_d=-0.39 vs=0.00 n=1 [id=433 static=1 gap=1.50m d=0.70 size=0.31]
1786870412.787 [STATE_CHANGE] TRAILING -> LOSTLINE src=GB_TRACK s=16.97 d=-0.33 vs=0.00
1786870412.954 [STATE_CHANGE] LOSTLINE -> GB_TRACK src=GB_TRACK s=16.94 d=-0.23 vs=0.00
1786870413.007 [STATE_CHANGE] GB_TRACK -> LOSTLINE src=GB_TRACK s=16.89 d=-0.29 vs=0.00
1786870413.069 [STATIC_OT] state=GB_TRACK path_exists=0 path_locked=0 path_ttl_ok=0 path_safe=0 on_spline=0 speed=0.00 raw_wpnts=0 raw_age=-s decision=TRAILING reason=NO_STATIC_PATH
1786870413.069 [STATE_CHANGE] LOSTLINE -> TRAILING src=GB_TRACK s=16.80 d=-0.34 vs=0.00
1786870413.112 [OBSTACLES] cur_s=16.80 cur_d=-0.34 vs=0.00 n=1 [id=427 static=1 gap=0.01m d=-0.63 size=0.32]
1786870413.172 [STATE_CHANGE] TRAILING -> LOSTLINE src=GB_TRACK s=16.80 d=-0.34 vs=0.00
1786870413.263 [STATE_CHANGE] LOSTLINE -> TRAILING src=GB_TRACK s=16.77 d=-0.34 vs=0.00
1786870413.381 [STATIC_OT] state=TRAILING path_exists=0 path_locked=0 path_ttl_ok=0 path_safe=0 on_spline=0 speed=0.00 raw_wpnts=0 raw_age=-s decision=TRAILING reason=NO_STATIC_PATH
1786870413.699 [OBSTACLES] cur_s=16.73 cur_d=-0.38 vs=0.00 n=1 [id=427 static=1 gap=0.05m d=-0.60 size=0.27]
1786870413.711 [STATIC_OT] state=TRAILING path_exists=0 path_locked=0 path_ttl_ok=0 path_safe=0 on_spline=0 speed=0.00 raw_wpnts=0 raw_age=-s decision=TRAILING reason=NO_STATIC_PATH
1786870413.976 [STATE_CHANGE] TRAILING -> LOSTLINE src=GB_TRACK s=16.22 d=0.40 vs=0.00
1786870414.161 [STATIC_OT] state=GB_TRACK path_exists=0 path_locked=0 path_ttl_ok=0 path_safe=0 on_spline=0 speed=0.00 raw_wpnts=0 raw_age=-s decision=TRAILING reason=NO_STATIC_PATH
1786870414.163 [STATE_CHANGE] LOSTLINE -> TRAILING src=GB_TRACK s=15.98 d=0.55 vs=0.00
1786870414.274 [OBSTACLES] cur_s=15.98 cur_d=0.55 vs=0.00 n=1 [id=439 static=1 gap=0.46m d=0.09 size=0.22]
1786870414.420 [STATIC_OT] state=TRAILING path_exists=0 path_locked=0 path_ttl_ok=0 path_safe=0 on_spline=0 speed=0.00 raw_wpnts=0 raw_age=-s decision=TRAILING reason=NO_STATIC_PATH
1786870414.511 [STATE_CHANGE] TRAILING -> LOSTLINE src=GB_TRACK s=16.49 d=0.84 vs=0.00
1786870414.786 [OBSTACLES] cur_s=16.49 cur_d=1.01 vs=0.00 n=0 [none]
1786870415.329 [OBSTACLES] cur_s=17.49 cur_d=0.68 vs=-0.00 n=0 [none]
1786870415.619 [STATIC_OT] state=GB_TRACK path_exists=0 path_locked=0 path_ttl_ok=0 path_safe=0 on_spline=0 speed=-0.00 raw_wpnts=0 raw_age=-s decision=TRAILING reason=NO_STATIC_PATH
1786870415.632 [STATE_CHANGE] LOSTLINE -> TRAILING src=GB_TRACK s=17.72 d=0.82 vs=-0.00
1786870415.854 [OBSTACLES] cur_s=17.62 cur_d=0.81 vs=0.00 n=0 [none]
1786870415.855 [STATE_CHANGE] TRAILING -> LOSTLINE src=GB_TRACK s=17.62 d=0.81 vs=0.00
1786870416.532 [OBSTACLES] cur_s=20.16 cur_d=0.70 vs=0.00 n=1 [id=451 static=0 gap=5.98m d=-0.50 size=0.36]
1786870416.548 [STATIC_OT] state=GB_TRACK path_exists=0 path_locked=0 path_ttl_ok=0 path_safe=0 on_spline=0 speed=0.00 raw_wpnts=0 raw_age=-s decision=TRAILING reason=NO_STATIC_PATH
1786870416.548 [STATE_CHANGE] LOSTLINE -> TRAILING src=GB_TRACK s=20.16 d=0.70 vs=0.00
1786870416.751 [STATIC_OT] state=TRAILING path_exists=0 path_locked=0 path_ttl_ok=0 path_safe=0 on_spline=0 speed=0.00 raw_wpnts=0 raw_age=-s decision=TRAILING reason=NO_STATIC_PATH
1786870416.913 [STATE_CHANGE] TRAILING -> LOSTLINE src=GB_TRACK s=20.15 d=0.65 vs=0.00
1786870417.096 [OBSTACLES] cur_s=20.15 cur_d=0.65 vs=0.00 n=0 [none]
1786870417.708 [OBSTACLES] cur_s=19.58 cur_d=0.40 vs=0.00 n=3 [id=458 static=0 gap=15.82m d=-0.19 size=0.31; id=456 static=1 gap=0.57m d=0.67 size=0.19; id=459 static=1 gap=10.76m d=0.36 size=0.22]
1786870417.710 [STATIC_OT] state=GB_TRACK path_exists=0 path_locked=0 path_ttl_ok=0 path_safe=0 on_spline=0 speed=0.00 raw_wpnts=0 raw_age=-s decision=TRAILING reason=NO_STATIC_PATH
1786870417.726 [STATE_CHANGE] LOSTLINE -> TRAILING src=GB_TRACK s=19.58 d=0.40 vs=0.00
1786870417.927 [STATIC_OT] state=TRAILING path_exists=0 path_locked=0 path_ttl_ok=0 path_safe=0 on_spline=0 speed=0.00 raw_wpnts=0 raw_age=-s decision=TRAILING reason=NO_STATIC_PATH
1786870418.307 [OBSTACLES] cur_s=20.39 cur_d=0.29 vs=0.00 n=2 [id=458 static=0 gap=15.42m d=-0.12 size=0.37; id=462 static=0 gap=0.13m d=0.69 size=0.34]
1786870418.312 [STATIC_OT] state=TRAILING path_exists=0 path_locked=0 path_ttl_ok=0 path_safe=0 on_spline=0 speed=0.00 raw_wpnts=0 raw_age=-s decision=TRAILING reason=NO_STATIC_PATH
1786870418.577 [STATIC_OT] state=TRAILING path_exists=0 path_locked=0 path_ttl_ok=0 path_safe=0 on_spline=0 speed=0.00 raw_wpnts=0 raw_age=-s decision=TRAILING reason=NO_STATIC_PATH
1786870418.890 [OBSTACLES] cur_s=20.38 cur_d=0.32 vs=0.00 n=1 [id=458 static=1 gap=15.49m d=-0.12 size=0.33]
1786870418.902 [STATIC_OT] state=TRAILING path_exists=0 path_locked=0 path_ttl_ok=0 path_safe=0 on_spline=0 speed=0.00 raw_wpnts=0 raw_age=-s decision=TRAILING reason=NO_STATIC_PATH
1786870419.198 [STATIC_OT] state=TRAILING path_exists=0 path_locked=0 path_ttl_ok=0 path_safe=0 on_spline=0 speed=0.00 raw_wpnts=0 raw_age=-s decision=TRAILING reason=NO_STATIC_PATH
1786870419.409 [OBSTACLES] cur_s=20.38 cur_d=0.31 vs=0.00 n=2 [id=462 static=1 gap=0.06m d=0.77 size=0.36; id=458 static=1 gap=15.48m d=-0.13 size=0.34]
1786870419.422 [STATIC_OT] state=TRAILING path_exists=0 path_locked=0 path_ttl_ok=0 path_safe=0 on_spline=0 speed=0.00 raw_wpnts=0 raw_age=-s decision=TRAILING reason=NO_STATIC_PATH
1786870419.673 [STATIC_OT] state=TRAILING path_exists=0 path_locked=0 path_ttl_ok=0 path_safe=0 on_spline=0 speed=0.00 raw_wpnts=0 raw_age=-s decision=TRAILING reason=NO_STATIC_PATH
1786870419.876 [STATIC_OT] state=TRAILING path_exists=0 path_locked=0 path_ttl_ok=0 path_safe=0 on_spline=0 speed=0.00 raw_wpnts=0 raw_age=-s decision=TRAILING reason=NO_STATIC_PATH
1786870420.063 [OBSTACLES] cur_s=20.40 cur_d=0.26 vs=0.00 n=2 [id=462 static=1 gap=0.03m d=0.77 size=0.35; id=458 static=1 gap=15.45m d=-0.12 size=0.36]
1786870420.153 [STATIC_OT] state=TRAILING path_exists=0 path_locked=0 path_ttl_ok=0 path_safe=0 on_spline=0 speed=0.00 raw_wpnts=0 raw_age=-s decision=TRAILING reason=NO_STATIC_PATH
1786870420.356 [STATIC_OT] state=TRAILING path_exists=0 path_locked=0 path_ttl_ok=0 path_safe=0 on_spline=0 speed=0.00 raw_wpnts=0 raw_age=-s decision=TRAILING reason=NO_STATIC_PATH
1786870420.561 [STATIC_OT] state=TRAILING path_exists=0 path_locked=0 path_ttl_ok=0 path_safe=0 on_spline=0 speed=0.00 raw_wpnts=0 raw_age=-s decision=TRAILING reason=NO_STATIC_PATH
1786870420.614 [OBSTACLES] cur_s=20.38 cur_d=0.31 vs=0.00 n=2 [id=462 static=1 gap=0.07m d=0.76 size=0.33; id=458 static=1 gap=15.50m d=-0.12 size=0.30]
1786870420.778 [STATIC_OT] state=TRAILING path_exists=0 path_locked=0 path_ttl_ok=0 path_safe=0 on_spline=0 speed=0.00 raw_wpnts=0 raw_age=-s decision=TRAILING reason=NO_STATIC_PATH
1786870421.008 [STATIC_OT] state=TRAILING path_exists=0 path_locked=0 path_ttl_ok=0 path_safe=0 on_spline=0 speed=0.00 raw_wpnts=0 raw_age=-s decision=TRAILING reason=NO_STATIC_PATH
1786870421.129 [OBSTACLES] cur_s=20.39 cur_d=0.31 vs=0.00 n=2 [id=462 static=1 gap=0.06m d=0.76 size=0.35; id=458 static=1 gap=15.48m d=-0.13 size=0.33]
1786870421.346 [STATIC_OT] state=TRAILING path_exists=0 path_locked=0 path_ttl_ok=0 path_safe=0 on_spline=0 speed=0.00 raw_wpnts=0 raw_age=-s decision=TRAILING reason=NO_STATIC_PATH
1786870421.627 [STATIC_OT] state=TRAILING path_exists=0 path_locked=0 path_ttl_ok=0 path_safe=0 on_spline=0 speed=0.00 raw_wpnts=0 raw_age=-s decision=TRAILING reason=NO_STATIC_PATH
1786870421.844 [OBSTACLES] cur_s=20.38 cur_d=0.31 vs=0.00 n=2 [id=462 static=1 gap=0.05m d=0.77 size=0.36; id=458 static=1 gap=15.50m d=-0.13 size=0.29]
1786870421.846 [STATIC_OT] state=TRAILING path_exists=0 path_locked=0 path_ttl_ok=0 path_safe=0 on_spline=0 speed=0.00 raw_wpnts=0 raw_age=-s decision=TRAILING reason=NO_STATIC_PATH
1786870422.112 [STATIC_OT] state=TRAILING path_exists=0 path_locked=0 path_ttl_ok=0 path_safe=0 on_spline=0 speed=0.00 raw_wpnts=0 raw_age=-s decision=TRAILING reason=NO_STATIC_PATH
1786870422.383 [OBSTACLES] cur_s=20.39 cur_d=0.30 vs=0.00 n=2 [id=462 static=1 gap=0.05m d=0.77 size=0.37; id=458 static=1 gap=15.50m d=-0.12 size=0.29]
1786870422.394 [STATIC_OT] state=TRAILING path_exists=0 path_locked=0 path_ttl_ok=0 path_safe=0 on_spline=0 speed=0.00 raw_wpnts=0 raw_age=-s decision=TRAILING reason=NO_STATIC_PATH
1786870422.631 [STATIC_OT] state=TRAILING path_exists=0 path_locked=0 path_ttl_ok=0 path_safe=0 on_spline=0 speed=0.00 raw_wpnts=0 raw_age=-s decision=TRAILING reason=NO_STATIC_PATH
1786870423.243 [OBSTACLES] cur_s=20.38 cur_d=0.31 vs=0.00 n=2 [id=462 static=1 gap=0.05m d=0.77 size=0.37; id=458 static=1 gap=15.48m d=-0.12 size=0.33]
1786870423.256 [STATIC_OT] state=TRAILING path_exists=0 path_locked=0 path_ttl_ok=0 path_safe=0 on_spline=0 speed=0.00 raw_wpnts=0 raw_age=-s decision=TRAILING reason=NO_STATIC_PATH
1786870423.569 [STATIC_OT] state=TRAILING path_exists=0 path_locked=0 path_ttl_ok=0 path_safe=0 on_spline=0 speed=0.00 raw_wpnts=0 raw_age=-s decision=TRAILING reason=NO_STATIC_PATH
1786870423.862 [OBSTACLES] cur_s=20.38 cur_d=0.30 vs=0.00 n=2 [id=462 static=1 gap=0.06m d=0.77 size=0.35; id=458 static=1 gap=15.49m d=-0.12 size=0.32]
1786870423.866 [STATIC_OT] state=TRAILING path_exists=0 path_locked=0 path_ttl_ok=0 path_safe=0 on_spline=0 speed=0.00 raw_wpnts=0 raw_age=-s decision=TRAILING reason=NO_STATIC_PATH
1786870424.136 [STATIC_OT] state=TRAILING path_exists=0 path_locked=0 path_ttl_ok=0 path_safe=0 on_spline=0 speed=0.00 raw_wpnts=0 raw_age=-s decision=TRAILING reason=NO_STATIC_PATH
1786870424.337 [STATIC_OT] state=TRAILING path_exists=0 path_locked=0 path_ttl_ok=0 path_safe=0 on_spline=0 speed=0.00 raw_wpnts=0 raw_age=-s decision=TRAILING reason=NO_STATIC_PATH
1786870424.437 [OBSTACLES] cur_s=20.39 cur_d=0.29 vs=0.00 n=2 [id=462 static=1 gap=0.05m d=0.77 size=0.36; id=458 static=1 gap=15.48m d=-0.12 size=0.33]
1786870424.538 [STATIC_OT] state=TRAILING path_exists=0 path_locked=0 path_ttl_ok=0 path_safe=0 on_spline=0 speed=0.00 raw_wpnts=0 raw_age=-s decision=TRAILING reason=NO_STATIC_PATH
1786870424.781 [STATIC_OT] state=TRAILING path_exists=0 path_locked=0 path_ttl_ok=0 path_safe=0 on_spline=0 speed=0.00 raw_wpnts=0 raw_age=-s decision=TRAILING reason=NO_STATIC_PATH
1786870424.939 [OBSTACLES] cur_s=20.38 cur_d=0.31 vs=0.00 n=2 [id=462 static=1 gap=0.06m d=0.76 size=0.35; id=458 static=1 gap=15.47m d=-0.12 size=0.36]
1786870425.051 [STATIC_OT] state=TRAILING path_exists=0 path_locked=0 path_ttl_ok=0 path_safe=0 on_spline=0 speed=0.00 raw_wpnts=0 raw_age=-s decision=TRAILING reason=NO_STATIC_PATH
1786870425.304 [STATIC_OT] state=TRAILING path_exists=0 path_locked=0 path_ttl_ok=0 path_safe=0 on_spline=0 speed=0.00 raw_wpnts=0 raw_age=-s decision=TRAILING reason=NO_STATIC_PATH
1786870425.478 [OBSTACLES] cur_s=20.38 cur_d=0.32 vs=0.00 n=2 [id=462 static=1 gap=0.07m d=0.76 size=0.33; id=458 static=1 gap=15.46m d=-0.12 size=0.36]
1786870425.524 [STATIC_OT] state=TRAILING path_exists=0 path_locked=0 path_ttl_ok=0 path_safe=0 on_spline=0 speed=0.00 raw_wpnts=0 raw_age=-s decision=TRAILING reason=NO_STATIC_PATH
1786870425.732 [STATIC_OT] state=TRAILING path_exists=0 path_locked=0 path_ttl_ok=0 path_safe=0 on_spline=0 speed=0.00 raw_wpnts=0 raw_age=-s decision=TRAILING reason=NO_STATIC_PATH
1786870425.983 [OBSTACLES] cur_s=20.39 cur_d=0.29 vs=0.00 n=2 [id=462 static=1 gap=0.05m d=0.76 size=0.35; id=458 static=1 gap=15.46m d=-0.12 size=0.37]
1786870425.996 [STATIC_OT] state=TRAILING path_exists=0 path_locked=0 path_ttl_ok=0 path_safe=0 on_spline=0 speed=0.00 raw_wpnts=0 raw_age=-s decision=TRAILING reason=NO_STATIC_PATH
1786870426.259 [STATIC_OT] state=TRAILING path_exists=0 path_locked=0 path_ttl_ok=0 path_safe=0 on_spline=0 speed=0.00 raw_wpnts=0 raw_age=-s decision=TRAILING reason=NO_STATIC_PATH
1786870426.486 [STATIC_OT] state=TRAILING path_exists=0 path_locked=0 path_ttl_ok=0 path_safe=0 on_spline=0 speed=0.00 raw_wpnts=0 raw_age=-s decision=TRAILING reason=NO_STATIC_PATH
1786870426.626 [OBSTACLES] cur_s=20.39 cur_d=0.30 vs=0.00 n=2 [id=462 static=1 gap=0.06m d=0.76 size=0.34; id=458 static=1 gap=15.47m d=-0.13 size=0.35]
1786870426.832 [STATIC_OT] state=TRAILING path_exists=0 path_locked=0 path_ttl_ok=0 path_safe=0 on_spline=0 speed=0.00 raw_wpnts=0 raw_age=-s decision=TRAILING reason=NO_STATIC_PATH
1786870427.077 [STATIC_OT] state=TRAILING path_exists=0 path_locked=0 path_ttl_ok=0 path_safe=0 on_spline=0 speed=0.00 raw_wpnts=0 raw_age=-s decision=TRAILING reason=NO_STATIC_PATH
1786870427.228 [OBSTACLES] cur_s=20.40 cur_d=0.24 vs=0.00 n=2 [id=462 static=1 gap=0.04m d=0.76 size=0.34; id=458 static=1 gap=15.45m d=-0.13 size=0.37]
1786870427.325 [STATIC_OT] state=TRAILING path_exists=0 path_locked=0 path_ttl_ok=0 path_safe=0 on_spline=0 speed=0.00 raw_wpnts=0 raw_age=-s decision=TRAILING reason=NO_STATIC_PATH
1786870427.635 [STATIC_OT] state=TRAILING path_exists=0 path_locked=0 path_ttl_ok=0 path_safe=0 on_spline=0 speed=0.00 raw_wpnts=0 raw_age=-s decision=TRAILING reason=NO_STATIC_PATH
1786870427.765 [OBSTACLES] cur_s=20.40 cur_d=0.24 vs=0.00 n=2 [id=462 static=1 gap=0.04m d=0.76 size=0.34; id=458 static=1 gap=15.45m d=-0.13 size=0.36]
1786870427.869 [STATIC_OT] state=TRAILING path_exists=0 path_locked=0 path_ttl_ok=0 path_safe=0 on_spline=0 speed=0.00 raw_wpnts=0 raw_age=-s decision=TRAILING reason=NO_STATIC_PATH
1786870428.116 [STATIC_OT] state=TRAILING path_exists=0 path_locked=0 path_ttl_ok=0 path_safe=0 on_spline=0 speed=0.00 raw_wpnts=0 raw_age=-s decision=TRAILING reason=NO_STATIC_PATH
1786870428.291 [OBSTACLES] cur_s=20.41 cur_d=0.24 vs=0.00 n=2 [id=462 static=1 gap=0.04m d=0.75 size=0.34; id=458 static=1 gap=15.44m d=-0.13 size=0.38]
1786870428.382 [STATIC_OT] state=TRAILING path_exists=0 path_locked=0 path_ttl_ok=0 path_safe=0 on_spline=0 speed=0.00 raw_wpnts=0 raw_age=-s decision=TRAILING reason=NO_STATIC_PATH
1786870428.643 [STATIC_OT] state=TRAILING path_exists=0 path_locked=0 path_ttl_ok=0 path_safe=0 on_spline=0 speed=0.00 raw_wpnts=0 raw_age=-s decision=TRAILING reason=NO_STATIC_PATH
1786870428.995 [OBSTACLES] cur_s=20.41 cur_d=0.23 vs=0.00 n=2 [id=462 static=1 gap=0.04m d=0.75 size=0.35; id=458 static=1 gap=15.44m d=-0.13 size=0.38]
1786870428.999 [STATIC_OT] state=TRAILING path_exists=0 path_locked=0 path_ttl_ok=0 path_safe=0 on_spline=0 speed=0.00 raw_wpnts=0 raw_age=-s decision=TRAILING reason=NO_STATIC_PATH
1786870429.309 [STATIC_OT] state=TRAILING path_exists=0 path_locked=0 path_ttl_ok=0 path_safe=0 on_spline=0 speed=0.00 raw_wpnts=0 raw_age=-s decision=TRAILING reason=NO_STATIC_PATH
1786870429.588 [OBSTACLES] cur_s=20.41 cur_d=0.24 vs=0.00 n=2 [id=462 static=1 gap=0.04m d=0.75 size=0.36; id=458 static=1 gap=15.46m d=-0.13 size=0.35]
1786870429.592 [STATIC_OT] state=TRAILING path_exists=0 path_locked=0 path_ttl_ok=0 path_safe=0 on_spline=0 speed=0.00 raw_wpnts=0 raw_age=-s decision=TRAILING reason=NO_STATIC_PATH
1786870429.804 [STATIC_OT] state=TRAILING path_exists=0 path_locked=0 path_ttl_ok=0 path_safe=0 on_spline=0 speed=0.00 raw_wpnts=0 raw_age=-s decision=TRAILING reason=NO_STATIC_PATH
1786870430.037 [STATIC_OT] state=TRAILING path_exists=0 path_locked=0 path_ttl_ok=0 path_safe=0 on_spline=0 speed=0.00 raw_wpnts=0 raw_age=-s decision=TRAILING reason=NO_STATIC_PATH
1786870430.095 [OBSTACLES] cur_s=20.40 cur_d=0.23 vs=0.00 n=2 [id=462 static=1 gap=0.05m d=0.74 size=0.33; id=458 static=1 gap=15.47m d=-0.12 size=0.33]
1786870430.314 [STATIC_OT] state=TRAILING path_exists=0 path_locked=0 path_ttl_ok=0 path_safe=0 on_spline=0 speed=0.00 raw_wpnts=0 raw_age=-s decision=TRAILING reason=NO_STATIC_PATH
1786870430.547 [STATIC_OT] state=TRAILING path_exists=0 path_locked=0 path_ttl_ok=0 path_safe=0 on_spline=0 speed=0.00 raw_wpnts=0 raw_age=-s decision=TRAILING reason=NO_STATIC_PATH
1786870430.651 [OBSTACLES] cur_s=20.40 cur_d=0.26 vs=0.00 n=2 [id=462 static=1 gap=0.05m d=0.74 size=0.36; id=458 static=1 gap=15.49m d=-0.12 size=0.31]
1786870430.771 [STATIC_OT] state=TRAILING path_exists=0 path_locked=0 path_ttl_ok=0 path_safe=0 on_spline=0 speed=0.00 raw_wpnts=0 raw_age=-s decision=TRAILING reason=NO_STATIC_PATH
1786870430.996 [STATIC_OT] state=TRAILING path_exists=0 path_locked=0 path_ttl_ok=0 path_safe=0 on_spline=0 speed=0.00 raw_wpnts=0 raw_age=-s decision=TRAILING reason=NO_STATIC_PATH
1786870431.270 [OBSTACLES] cur_s=20.41 cur_d=0.22 vs=0.00 n=2 [id=462 static=1 gap=0.04m d=0.74 size=0.35; id=458 static=1 gap=15.46m d=-0.12 size=0.34]
1786870431.274 [STATIC_OT] state=TRAILING path_exists=0 path_locked=0 path_ttl_ok=0 path_safe=0 on_spline=0 speed=0.00 raw_wpnts=0 raw_age=-s decision=TRAILING reason=NO_STATIC_PATH
1786870431.487 [STATIC_OT] state=TRAILING path_exists=0 path_locked=0 path_ttl_ok=0 path_safe=0 on_spline=0 speed=0.00 raw_wpnts=0 raw_age=-s decision=TRAILING reason=NO_STATIC_PATH
1786870431.722 [STATIC_OT] state=TRAILING path_exists=0 path_locked=0 path_ttl_ok=0 path_safe=0 on_spline=0 speed=0.00 raw_wpnts=0 raw_age=-s decision=TRAILING reason=NO_STATIC_PATH
1786870431.833 [OBSTACLES] cur_s=20.41 cur_d=0.23 vs=0.00 n=2 [id=462 static=1 gap=0.05m d=0.74 size=0.34; id=458 static=1 gap=15.44m d=-0.12 size=0.39]
1786870431.964 [STATIC_OT] state=TRAILING path_exists=0 path_locked=0 path_ttl_ok=0 path_safe=0 on_spline=0 speed=0.00 raw_wpnts=0 raw_age=-s decision=TRAILING reason=NO_STATIC_PATH
1786870432.168 [STATIC_OT] state=TRAILING path_exists=0 path_locked=0 path_ttl_ok=0 path_safe=0 on_spline=0 speed=0.00 raw_wpnts=0 raw_age=-s decision=TRAILING reason=NO_STATIC_PATH
1786870432.390 [OBSTACLES] cur_s=20.41 cur_d=0.23 vs=0.00 n=2 [id=462 static=1 gap=0.04m d=0.74 size=0.34; id=458 static=1 gap=15.47m d=-0.12 size=0.33]
1786870432.400 [STATIC_OT] state=TRAILING path_exists=0 path_locked=0 path_ttl_ok=0 path_safe=0 on_spline=0 speed=0.00 raw_wpnts=0 raw_age=-s decision=TRAILING reason=NO_STATIC_PATH
1786870432.723 [STATIC_OT] state=TRAILING path_exists=0 path_locked=0 path_ttl_ok=0 path_safe=0 on_spline=0 speed=0.00 raw_wpnts=0 raw_age=-s decision=TRAILING reason=NO_STATIC_PATH
1786870432.938 [OBSTACLES] cur_s=20.41 cur_d=0.23 vs=0.00 n=2 [id=462 static=1 gap=0.04m d=0.73 size=0.35; id=458 static=1 gap=15.47m d=-0.12 size=0.31]
1786870432.947 [STATIC_OT] state=TRAILING path_exists=0 path_locked=0 path_ttl_ok=0 path_safe=0 on_spline=0 speed=0.00 raw_wpnts=0 raw_age=-s decision=TRAILING reason=NO_STATIC_PATH
1786870433.205 [STATIC_OT] state=TRAILING path_exists=0 path_locked=0 path_ttl_ok=0 path_safe=0 on_spline=0 speed=0.00 raw_wpnts=0 raw_age=-s decision=TRAILING reason=NO_STATIC_PATH
1786870433.418 [STATIC_OT] state=TRAILING path_exists=0 path_locked=0 path_ttl_ok=0 path_safe=0 on_spline=0 speed=0.00 raw_wpnts=0 raw_age=-s decision=TRAILING reason=NO_STATIC_PATH
1786870433.495 [OBSTACLES] cur_s=20.41 cur_d=0.23 vs=0.00 n=2 [id=462 static=1 gap=0.02m d=0.73 size=0.39; id=458 static=1 gap=15.46m d=-0.12 size=0.34]
1786870433.667 [STATIC_OT] state=TRAILING path_exists=0 path_locked=0 path_ttl_ok=0 path_safe=0 on_spline=0 speed=0.00 raw_wpnts=0 raw_age=-s decision=TRAILING reason=NO_STATIC_PATH
1786870433.881 [STATIC_OT] state=TRAILING path_exists=0 path_locked=0 path_ttl_ok=0 path_safe=0 on_spline=0 speed=0.00 raw_wpnts=0 raw_age=-s decision=TRAILING reason=NO_STATIC_PATH
1786870434.011 [OBSTACLES] cur_s=20.41 cur_d=0.23 vs=0.00 n=2 [id=462 static=1 gap=0.05m d=0.73 size=0.34; id=458 static=1 gap=15.47m d=-0.12 size=0.34]
1786870434.098 [STATIC_OT] state=TRAILING path_exists=0 path_locked=0 path_ttl_ok=0 path_safe=0 on_spline=0 speed=0.00 raw_wpnts=0 raw_age=-s decision=TRAILING reason=NO_STATIC_PATH
1786870434.672 [OBSTACLES] cur_s=20.41 cur_d=0.24 vs=0.00 n=2 [id=462 static=1 gap=0.02m d=0.73 size=0.41; id=458 static=1 gap=15.48m d=-0.12 size=0.32]
1786870434.677 [STATIC_OT] state=TRAILING path_exists=0 path_locked=0 path_ttl_ok=0 path_safe=0 on_spline=0 speed=0.00 raw_wpnts=0 raw_age=-s decision=TRAILING reason=NO_STATIC_PATH
1786870434.902 [STATIC_OT] state=TRAILING path_exists=0 path_locked=0 path_ttl_ok=0 path_safe=0 on_spline=0 speed=0.00 raw_wpnts=0 raw_age=-s decision=TRAILING reason=NO_STATIC_PATH
1786870435.121 [STATIC_OT] state=TRAILING path_exists=0 path_locked=0 path_ttl_ok=0 path_safe=0 on_spline=0 speed=0.00 raw_wpnts=0 raw_age=-s decision=TRAILING reason=NO_STATIC_PATH
1786870435.228 [OBSTACLES] cur_s=20.41 cur_d=0.23 vs=0.00 n=2 [id=462 static=1 gap=0.04m d=0.73 size=0.36; id=458 static=1 gap=15.44m d=-0.11 size=0.37]
1786870435.418 [STATIC_OT] state=TRAILING path_exists=0 path_locked=0 path_ttl_ok=0 path_safe=0 on_spline=0 speed=0.00 raw_wpnts=0 raw_age=-s decision=TRAILING reason=NO_STATIC_PATH
1786870435.649 [STATIC_OT] state=TRAILING path_exists=0 path_locked=0 path_ttl_ok=0 path_safe=0 on_spline=0 speed=0.00 raw_wpnts=0 raw_age=-s decision=TRAILING reason=NO_STATIC_PATH
1786870435.729 [OBSTACLES] cur_s=20.41 cur_d=0.23 vs=0.00 n=2 [id=462 static=1 gap=0.01m d=0.73 size=0.41; id=458 static=1 gap=15.46m d=-0.11 size=0.34]
1786870435.907 [STATIC_OT] state=TRAILING path_exists=0 path_locked=0 path_ttl_ok=0 path_safe=0 on_spline=0 speed=0.00 raw_wpnts=0 raw_age=-s decision=TRAILING reason=NO_STATIC_PATH
1786870436.145 [STATIC_OT] state=TRAILING path_exists=0 path_locked=0 path_ttl_ok=0 path_safe=0 on_spline=0 speed=0.00 raw_wpnts=0 raw_age=-s decision=TRAILING reason=NO_STATIC_PATH
1786870436.259 [OBSTACLES] cur_s=20.41 cur_d=0.23 vs=0.00 n=2 [id=462 static=1 gap=0.04m d=0.73 size=0.36; id=458 static=1 gap=15.48m d=-0.11 size=0.31]
1786870436.359 [STATIC_OT] state=TRAILING path_exists=0 path_locked=0 path_ttl_ok=0 path_safe=0 on_spline=0 speed=0.00 raw_wpnts=0 raw_age=-s decision=TRAILING reason=NO_STATIC_PATH
1786870436.565 [STATIC_OT] state=TRAILING path_exists=0 path_locked=0 path_ttl_ok=0 path_safe=0 on_spline=0 speed=0.00 raw_wpnts=0 raw_age=-s decision=TRAILING reason=NO_STATIC_PATH
1786870436.763 [OBSTACLES] cur_s=20.41 cur_d=0.24 vs=0.00 n=2 [id=462 static=1 gap=0.04m d=0.73 size=0.37; id=458 static=1 gap=15.47m d=-0.11 size=0.33]
1786870436.871 [STATIC_OT] state=TRAILING path_exists=0 path_locked=0 path_ttl_ok=0 path_safe=0 on_spline=0 speed=0.00 raw_wpnts=0 raw_age=-s decision=TRAILING reason=NO_STATIC_PATH
1786870437.081 [STATIC_OT] state=TRAILING path_exists=0 path_locked=0 path_ttl_ok=0 path_safe=0 on_spline=0 speed=0.00 raw_wpnts=0 raw_age=-s decision=TRAILING reason=NO_STATIC_PATH
1786870437.277 [OBSTACLES] cur_s=20.41 cur_d=0.23 vs=0.00 n=2 [id=462 static=1 gap=0.05m d=0.73 size=0.34; id=458 static=1 gap=15.47m d=-0.11 size=0.33]
1786870437.353 [STATIC_OT] state=TRAILING path_exists=0 path_locked=0 path_ttl_ok=0 path_safe=0 on_spline=0 speed=0.00 raw_wpnts=0 raw_age=-s decision=TRAILING reason=NO_STATIC_PATH
1786870437.639 [STATIC_OT] state=TRAILING path_exists=0 path_locked=0 path_ttl_ok=0 path_safe=0 on_spline=0 speed=0.00 raw_wpnts=0 raw_age=-s decision=TRAILING reason=NO_STATIC_PATH
1786870437.797 [OBSTACLES] cur_s=20.42 cur_d=0.22 vs=0.00 n=2 [id=462 static=1 gap=0.02m d=0.73 size=0.39; id=458 static=1 gap=15.47m d=-0.11 size=0.31]
1786870437.896 [STATIC_OT] state=TRAILING path_exists=0 path_locked=0 path_ttl_ok=0 path_safe=0 on_spline=0 speed=0.00 raw_wpnts=0 raw_age=-s decision=TRAILING reason=NO_STATIC_PATH
1786870438.150 [STATIC_OT] state=TRAILING path_exists=0 path_locked=0 path_ttl_ok=0 path_safe=0 on_spline=0 speed=0.00 raw_wpnts=0 raw_age=-s decision=TRAILING reason=NO_STATIC_PATH
1786870438.345 [OBSTACLES] cur_s=20.42 cur_d=0.23 vs=0.00 n=2 [id=462 static=1 gap=0.02m d=0.73 size=0.39; id=458 static=1 gap=15.46m d=-0.11 size=0.33]
1786870438.351 [STATIC_OT] state=TRAILING path_exists=0 path_locked=0 path_ttl_ok=0 path_safe=0 on_spline=0 speed=0.00 raw_wpnts=0 raw_age=-s decision=TRAILING reason=NO_STATIC_PATH
1786870438.689 [STATIC_OT] state=TRAILING path_exists=0 path_locked=0 path_ttl_ok=0 path_safe=0 on_spline=0 speed=0.00 raw_wpnts=0 raw_age=-s decision=TRAILING reason=NO_STATIC_PATH
1786870438.921 [OBSTACLES] cur_s=20.42 cur_d=0.23 vs=0.00 n=2 [id=462 static=1 gap=0.04m d=0.72 size=0.36; id=458 static=1 gap=15.46m d=-0.11 size=0.33]
1786870438.950 [STATIC_OT] state=TRAILING path_exists=0 path_locked=0 path_ttl_ok=0 path_safe=0 on_spline=0 speed=0.00 raw_wpnts=0 raw_age=-s decision=TRAILING reason=NO_STATIC_PATH
1786870439.221 [STATIC_OT] state=TRAILING path_exists=0 path_locked=0 path_ttl_ok=0 path_safe=0 on_spline=0 speed=0.00 raw_wpnts=0 raw_age=-s decision=TRAILING reason=NO_STATIC_PATH
1786870439.498 [OBSTACLES] cur_s=20.41 cur_d=0.22 vs=0.00 n=2 [id=462 static=1 gap=0.05m d=0.72 size=0.34; id=458 static=1 gap=15.47m d=-0.11 size=0.32]
1786870439.519 [STATIC_OT] state=TRAILING path_exists=0 path_locked=0 path_ttl_ok=0 path_safe=0 on_spline=0 speed=0.00 raw_wpnts=0 raw_age=-s decision=TRAILING reason=NO_STATIC_PATH
1786870439.800 [STATIC_OT] state=TRAILING path_exists=0 path_locked=0 path_ttl_ok=0 path_safe=0 on_spline=0 speed=0.00 raw_wpnts=0 raw_age=-s decision=TRAILING reason=NO_STATIC_PATH
1786870440.293 [OBSTACLES] cur_s=20.41 cur_d=0.23 vs=0.00 n=2 [id=462 static=1 gap=0.04m d=0.72 size=0.37; id=458 static=1 gap=15.46m d=-0.11 size=0.35]
1786870440.302 [STATIC_OT] state=TRAILING path_exists=0 path_locked=0 path_ttl_ok=0 path_safe=0 on_spline=0 speed=0.00 raw_wpnts=0 raw_age=-s decision=TRAILING reason=NO_STATIC_PATH
1786870440.532 [STATIC_OT] state=TRAILING path_exists=0 path_locked=0 path_ttl_ok=0 path_safe=0 on_spline=0 speed=0.00 raw_wpnts=0 raw_age=-s decision=TRAILING reason=NO_STATIC_PATH
1786870440.780 [STATIC_OT] state=TRAILING path_exists=0 path_locked=0 path_ttl_ok=0 path_safe=0 on_spline=0 speed=0.00 raw_wpnts=0 raw_age=-s decision=TRAILING reason=NO_STATIC_PATH
1786870440.893 [OBSTACLES] cur_s=20.41 cur_d=0.23 vs=0.00 n=2 [id=462 static=1 gap=0.04m d=0.72 size=0.35; id=458 static=1 gap=15.46m d=-0.11 size=0.33]
1786870441.036 [STATIC_OT] state=TRAILING path_exists=0 path_locked=0 path_ttl_ok=0 path_safe=0 on_spline=0 speed=0.00 raw_wpnts=0 raw_age=-s decision=TRAILING reason=NO_STATIC_PATH
1786870441.259 [STATIC_OT] state=TRAILING path_exists=0 path_locked=0 path_ttl_ok=0 path_safe=0 on_spline=0 speed=0.00 raw_wpnts=0 raw_age=-s decision=TRAILING reason=NO_STATIC_PATH
1786870441.435 [OBSTACLES] cur_s=20.41 cur_d=0.23 vs=0.00 n=2 [id=462 static=1 gap=0.04m d=0.72 size=0.36; id=458 static=1 gap=15.45m d=-0.11 size=0.37]
1786870441.488 [STATIC_OT] state=TRAILING path_exists=0 path_locked=0 path_ttl_ok=0 path_safe=0 on_spline=0 speed=0.00 raw_wpnts=0 raw_age=-s decision=TRAILING reason=NO_STATIC_PATH
1786870441.753 [STATIC_OT] state=TRAILING path_exists=0 path_locked=0 path_ttl_ok=0 path_safe=0 on_spline=0 speed=0.00 raw_wpnts=0 raw_age=-s decision=TRAILING reason=NO_STATIC_PATH
1786870441.939 [OBSTACLES] cur_s=20.42 cur_d=0.23 vs=0.00 n=2 [id=462 static=1 gap=0.02m d=0.72 size=0.39; id=458 static=1 gap=15.47m d=-0.11 size=0.32]
1786870442.033 [STATIC_OT] state=TRAILING path_exists=0 path_locked=0 path_ttl_ok=0 path_safe=0 on_spline=0 speed=0.00 raw_wpnts=0 raw_age=-s decision=TRAILING reason=NO_STATIC_PATH
1786870442.379 [STATIC_OT] state=TRAILING path_exists=0 path_locked=0 path_ttl_ok=0 path_safe=0 on_spline=0 speed=0.00 raw_wpnts=0 raw_age=-s decision=TRAILING reason=NO_STATIC_PATH
1786870442.497 [OBSTACLES] cur_s=20.41 cur_d=0.24 vs=0.00 n=2 [id=462 static=1 gap=0.05m d=0.72 size=0.36; id=458 static=1 gap=15.47m d=-0.11 size=0.33]
1786870442.658 [STATIC_OT] state=TRAILING path_exists=0 path_locked=0 path_ttl_ok=0 path_safe=0 on_spline=0 speed=0.00 raw_wpnts=0 raw_age=-s decision=TRAILING reason=NO_STATIC_PATH
1786870442.899 [STATIC_OT] state=TRAILING path_exists=0 path_locked=0 path_ttl_ok=0 path_safe=0 on_spline=0 speed=0.00 raw_wpnts=0 raw_age=-s decision=TRAILING reason=NO_STATIC_PATH
1786870443.007 [OBSTACLES] cur_s=20.41 cur_d=0.24 vs=0.00 n=2 [id=462 static=1 gap=0.04m d=0.72 size=0.37; id=458 static=1 gap=15.47m d=-0.11 size=0.32]
1786870443.218 [STATIC_OT] state=TRAILING path_exists=0 path_locked=0 path_ttl_ok=0 path_safe=0 on_spline=0 speed=0.00 raw_wpnts=0 raw_age=-s decision=TRAILING reason=NO_STATIC_PATH
1786870443.502 [STATIC_OT] state=TRAILING path_exists=0 path_locked=0 path_ttl_ok=0 path_safe=0 on_spline=0 speed=0.00 raw_wpnts=0 raw_age=-s decision=TRAILING reason=NO_STATIC_PATH
1786870443.615 [OBSTACLES] cur_s=20.41 cur_d=0.25 vs=0.00 n=2 [id=462 static=1 gap=0.05m d=0.72 size=0.37; id=458 static=1 gap=15.46m d=-0.11 size=0.36]
1786870443.749 [STATIC_OT] state=TRAILING path_exists=0 path_locked=0 path_ttl_ok=0 path_safe=0 on_spline=0 speed=0.00 raw_wpnts=0 raw_age=-s decision=TRAILING reason=NO_STATIC_PATH
1786870444.007 [STATIC_OT] state=TRAILING path_exists=0 path_locked=0 path_ttl_ok=0 path_safe=0 on_spline=0 speed=0.00 raw_wpnts=0 raw_age=-s decision=TRAILING reason=NO_STATIC_PATH
1786870444.160 [OBSTACLES] cur_s=20.41 cur_d=0.23 vs=0.00 n=2 [id=462 static=1 gap=0.03m d=0.72 size=0.39; id=458 static=1 gap=15.46m d=-0.11 size=0.34]
1786870444.308 [STATIC_OT] state=TRAILING path_exists=0 path_locked=0 path_ttl_ok=0 path_safe=0 on_spline=0 speed=0.00 raw_wpnts=0 raw_age=-s decision=TRAILING reason=NO_STATIC_PATH
1786870444.576 [STATIC_OT] state=TRAILING path_exists=0 path_locked=0 path_ttl_ok=0 path_safe=0 on_spline=0 speed=0.00 raw_wpnts=0 raw_age=-s decision=TRAILING reason=NO_STATIC_PATH
1786870444.754 [OBSTACLES] cur_s=20.41 cur_d=0.23 vs=0.00 n=2 [id=462 static=1 gap=0.03m d=0.72 size=0.39; id=458 static=1 gap=15.46m d=-0.11 size=0.34]
1786870444.844 [STATIC_OT] state=TRAILING path_exists=0 path_locked=0 path_ttl_ok=0 path_safe=0 on_spline=0 speed=0.00 raw_wpnts=0 raw_age=-s decision=TRAILING reason=NO_STATIC_PATH
1786870445.100 [STATIC_OT] state=TRAILING path_exists=0 path_locked=0 path_ttl_ok=0 path_safe=0 on_spline=0 speed=0.00 raw_wpnts=0 raw_age=-s decision=TRAILING reason=NO_STATIC_PATH
1786870445.278 [OBSTACLES] cur_s=20.42 cur_d=0.22 vs=0.00 n=2 [id=462 static=1 gap=0.04m d=0.72 size=0.36; id=458 static=1 gap=15.45m d=-0.11 size=0.35]
1786870445.426 [STATIC_OT] state=TRAILING path_exists=0 path_locked=0 path_ttl_ok=0 path_safe=0 on_spline=0 speed=0.00 raw_wpnts=0 raw_age=-s decision=TRAILING reason=NO_STATIC_PATH
1786870445.714 [STATIC_OT] state=TRAILING path_exists=0 path_locked=0 path_ttl_ok=0 path_safe=0 on_spline=0 speed=0.00 raw_wpnts=0 raw_age=-s decision=TRAILING reason=NO_STATIC_PATH
1786870445.814 [OBSTACLES] cur_s=20.42 cur_d=0.22 vs=0.00 n=2 [id=462 static=1 gap=0.02m d=0.72 size=0.40; id=458 static=1 gap=15.46m d=-0.11 size=0.33]
1786870445.972 [STATIC_OT] state=TRAILING path_exists=0 path_locked=0 path_ttl_ok=0 path_safe=0 on_spline=0 speed=0.00 raw_wpnts=0 raw_age=-s decision=TRAILING reason=NO_STATIC_PATH
1786870446.198 [STATIC_OT] state=TRAILING path_exists=0 path_locked=0 path_ttl_ok=0 path_safe=0 on_spline=0 speed=0.00 raw_wpnts=0 raw_age=-s decision=TRAILING reason=NO_STATIC_PATH
1786870446.326 [OBSTACLES] cur_s=20.41 cur_d=0.22 vs=0.00 n=2 [id=462 static=1 gap=0.04m d=0.72 size=0.38; id=458 static=1 gap=15.47m d=-0.11 size=0.31]
1786870446.430 [STATIC_OT] state=TRAILING path_exists=0 path_locked=0 path_ttl_ok=0 path_safe=0 on_spline=0 speed=0.00 raw_wpnts=0 raw_age=-s decision=TRAILING reason=NO_STATIC_PATH
1786870446.812 [STATIC_OT] state=TRAILING path_exists=0 path_locked=0 path_ttl_ok=0 path_safe=0 on_spline=0 speed=0.00 raw_wpnts=0 raw_age=-s decision=TRAILING reason=NO_STATIC_PATH
1786870446.969 [OBSTACLES] cur_s=20.41 cur_d=0.24 vs=0.00 n=2 [id=462 static=1 gap=0.04m d=0.72 size=0.39; id=458 static=1 gap=15.47m d=-0.11 size=0.33]
1786870447.057 [STATIC_OT] state=TRAILING path_exists=0 path_locked=0 path_ttl_ok=0 path_safe=0 on_spline=0 speed=0.00 raw_wpnts=0 raw_age=-s decision=TRAILING reason=NO_STATIC_PATH
1786870447.312 [STATIC_OT] state=TRAILING path_exists=0 path_locked=0 path_ttl_ok=0 path_safe=0 on_spline=0 speed=0.00 raw_wpnts=0 raw_age=-s decision=TRAILING reason=NO_STATIC_PATH
1786870447.473 [OBSTACLES] cur_s=20.41 cur_d=0.23 vs=0.00 n=2 [id=462 static=1 gap=0.06m d=0.72 size=0.35; id=458 static=1 gap=15.48m d=-0.11 size=0.30]
1786870447.579 [STATIC_OT] state=TRAILING path_exists=0 path_locked=0 path_ttl_ok=0 path_safe=0 on_spline=0 speed=0.00 raw_wpnts=0 raw_age=-s decision=TRAILING reason=NO_STATIC_PATH
1786870447.793 [STATIC_OT] state=TRAILING path_exists=0 path_locked=0 path_ttl_ok=0 path_safe=0 on_spline=0 speed=0.00 raw_wpnts=0 raw_age=-s decision=TRAILING reason=NO_STATIC_PATH
1786870447.993 [OBSTACLES] cur_s=20.41 cur_d=0.23 vs=0.00 n=2 [id=462 static=1 gap=0.05m d=0.72 size=0.37; id=458 static=1 gap=15.47m d=-0.11 size=0.33]
1786870447.997 [STATIC_OT] state=TRAILING path_exists=0 path_locked=0 path_ttl_ok=0 path_safe=0 on_spline=0 speed=0.00 raw_wpnts=0 raw_age=-s decision=TRAILING reason=NO_STATIC_PATH
1786870448.252 [STATIC_OT] state=TRAILING path_exists=0 path_locked=0 path_ttl_ok=0 path_safe=0 on_spline=0 speed=0.00 raw_wpnts=0 raw_age=-s decision=TRAILING reason=NO_STATIC_PATH
1786870448.535 [OBSTACLES] cur_s=20.41 cur_d=0.23 vs=0.00 n=2 [id=462 static=1 gap=0.05m d=0.72 size=0.36; id=458 static=1 gap=15.47m d=-0.10 size=0.33]
1786870448.537 [STATIC_OT] state=TRAILING path_exists=0 path_locked=0 path_ttl_ok=0 path_safe=0 on_spline=0 speed=0.00 raw_wpnts=0 raw_age=-s decision=TRAILING reason=NO_STATIC_PATH
1786870448.800 [STATIC_OT] state=TRAILING path_exists=0 path_locked=0 path_ttl_ok=0 path_safe=0 on_spline=0 speed=0.00 raw_wpnts=0 raw_age=-s decision=TRAILING reason=NO_STATIC_PATH
1786870449.036 [STATIC_OT] state=TRAILING path_exists=0 path_locked=0 path_ttl_ok=0 path_safe=0 on_spline=0 speed=0.00 raw_wpnts=0 raw_age=-s decision=TRAILING reason=NO_STATIC_PATH
1786870449.105 [OBSTACLES] cur_s=20.41 cur_d=0.23 vs=0.00 n=2 [id=462 static=1 gap=0.04m d=0.72 size=0.39; id=458 static=1 gap=15.47m d=-0.10 size=0.33]
1786870449.284 [STATIC_OT] state=TRAILING path_exists=0 path_locked=0 path_ttl_ok=0 path_safe=0 on_spline=0 speed=0.00 raw_wpnts=0 raw_age=-s decision=TRAILING reason=NO_STATIC_PATH
1786870449.515 [STATIC_OT] state=TRAILING path_exists=0 path_locked=0 path_ttl_ok=0 path_safe=0 on_spline=0 speed=0.00 raw_wpnts=0 raw_age=-s decision=TRAILING reason=NO_STATIC_PATH
1786870449.652 [OBSTACLES] cur_s=20.40 cur_d=0.25 vs=0.00 n=2 [id=462 static=1 gap=0.04m d=0.72 size=0.41; id=458 static=1 gap=15.49m d=-0.10 size=0.30]
1786870449.720 [STATIC_OT] state=TRAILING path_exists=0 path_locked=0 path_ttl_ok=0 path_safe=0 on_spline=0 speed=0.00 raw_wpnts=0 raw_age=-s decision=TRAILING reason=NO_STATIC_PATH
1786870449.952 [STATIC_OT] state=TRAILING path_exists=0 path_locked=0 path_ttl_ok=0 path_safe=0 on_spline=0 speed=0.00 raw_wpnts=0 raw_age=-s decision=TRAILING reason=NO_STATIC_PATH
1786870450.241 [OBSTACLES] cur_s=20.40 cur_d=0.27 vs=0.00 n=2 [id=462 static=1 gap=0.05m d=0.72 size=0.40; id=458 static=1 gap=15.49m d=-0.10 size=0.31]
1786870450.251 [STATIC_OT] state=TRAILING path_exists=0 path_locked=0 path_ttl_ok=0 path_safe=0 on_spline=0 speed=0.00 raw_wpnts=0 raw_age=-s decision=TRAILING reason=NO_STATIC_PATH
1786870450.520 [STATIC_OT] state=TRAILING path_exists=0 path_locked=0 path_ttl_ok=0 path_safe=0 on_spline=0 speed=0.00 raw_wpnts=0 raw_age=-s decision=TRAILING reason=NO_STATIC_PATH
1786870450.765 [OBSTACLES] cur_s=20.38 cur_d=0.31 vs=0.00 n=2 [id=462 static=1 gap=0.12m d=0.72 size=0.27; id=458 static=1 gap=15.49m d=-0.10 size=0.35]
1786870450.775 [STATIC_OT] state=TRAILING path_exists=0 path_locked=0 path_ttl_ok=0 path_safe=0 on_spline=0 speed=0.00 raw_wpnts=0 raw_age=-s decision=TRAILING reason=NO_STATIC_PATH
1786870450.984 [STATIC_OT] state=TRAILING path_exists=0 path_locked=0 path_ttl_ok=0 path_safe=0 on_spline=0 speed=0.00 raw_wpnts=0 raw_age=-s decision=TRAILING reason=NO_STATIC_PATH
1786870451.257 [STATIC_OT] state=TRAILING path_exists=0 path_locked=0 path_ttl_ok=0 path_safe=0 on_spline=0 speed=0.00 raw_wpnts=0 raw_age=-s decision=TRAILING reason=NO_STATIC_PATH
1786870451.292 [OBSTACLES] cur_s=20.39 cur_d=0.31 vs=0.00 n=2 [id=462 static=0 gap=0.06m d=0.75 size=0.37; id=458 static=1 gap=15.48m d=-0.10 size=0.34]
1786870451.466 [STATIC_OT] state=TRAILING path_exists=0 path_locked=0 path_ttl_ok=0 path_safe=0 on_spline=0 speed=0.00 raw_wpnts=0 raw_age=-s decision=TRAILING reason=NO_STATIC_PATH
1786870451.695 [STATIC_OT] state=TRAILING path_exists=0 path_locked=0 path_ttl_ok=0 path_safe=0 on_spline=0 speed=0.00 raw_wpnts=0 raw_age=-s decision=TRAILING reason=NO_STATIC_PATH
1786870451.999 [OBSTACLES] cur_s=20.41 cur_d=0.23 vs=0.00 n=2 [id=462 static=1 gap=0.05m d=0.71 size=0.38; id=458 static=1 gap=15.46m d=-0.10 size=0.34]
1786870452.001 [STATIC_OT] state=TRAILING path_exists=0 path_locked=0 path_ttl_ok=0 path_safe=0 on_spline=0 speed=0.00 raw_wpnts=0 raw_age=-s decision=TRAILING reason=NO_STATIC_PATH
1786870452.248 [STATIC_OT] state=TRAILING path_exists=0 path_locked=0 path_ttl_ok=0 path_safe=0 on_spline=0 speed=0.00 raw_wpnts=0 raw_age=-s decision=TRAILING reason=NO_STATIC_PATH
1786870452.449 [STATIC_OT] state=TRAILING path_exists=0 path_locked=0 path_ttl_ok=0 path_safe=0 on_spline=0 speed=0.00 raw_wpnts=0 raw_age=-s decision=TRAILING reason=NO_STATIC_PATH
1786870452.513 [OBSTACLES] cur_s=20.40 cur_d=0.23 vs=0.00 n=2 [id=462 static=1 gap=0.06m d=0.70 size=0.39; id=458 static=1 gap=15.47m d=-0.10 size=0.34]
1786870452.659 [STATIC_OT] state=TRAILING path_exists=0 path_locked=0 path_ttl_ok=0 path_safe=0 on_spline=0 speed=0.00 raw_wpnts=0 raw_age=-s decision=TRAILING reason=NO_STATIC_PATH
1786870452.927 [STATIC_OT] state=TRAILING path_exists=0 path_locked=0 path_ttl_ok=0 path_safe=0 on_spline=0 speed=0.00 raw_wpnts=0 raw_age=-s decision=TRAILING reason=NO_STATIC_PATH
1786870453.022 [OBSTACLES] cur_s=20.41 cur_d=0.23 vs=0.00 n=2 [id=462 static=1 gap=0.05m d=0.71 size=0.38; id=458 static=1 gap=15.47m d=-0.10 size=0.33]
1786870453.196 [STATIC_OT] state=TRAILING path_exists=0 path_locked=0 path_ttl_ok=0 path_safe=0 on_spline=0 speed=0.00 raw_wpnts=0 raw_age=-s decision=TRAILING reason=NO_STATIC_PATH
1786870453.486 [STATIC_OT] state=TRAILING path_exists=0 path_locked=0 path_ttl_ok=0 path_safe=0 on_spline=0 speed=0.00 raw_wpnts=0 raw_age=-s decision=TRAILING reason=NO_STATIC_PATH
1786870453.581 [OBSTACLES] cur_s=20.41 cur_d=0.23 vs=0.00 n=2 [id=462 static=1 gap=0.04m d=0.71 size=0.41; id=458 static=1 gap=15.48m d=-0.10 size=0.32]
1786870453.725 [STATIC_OT] state=TRAILING path_exists=0 path_locked=0 path_ttl_ok=0 path_safe=0 on_spline=0 speed=0.00 raw_wpnts=0 raw_age=-s decision=TRAILING reason=NO_STATIC_PATH
1786870453.953 [STATIC_OT] state=TRAILING path_exists=0 path_locked=0 path_ttl_ok=0 path_safe=0 on_spline=0 speed=0.00 raw_wpnts=0 raw_age=-s decision=TRAILING reason=NO_STATIC_PATH
1786870454.166 [OBSTACLES] cur_s=20.42 cur_d=0.22 vs=0.00 n=2 [id=462 static=1 gap=0.05m d=0.71 size=0.38; id=458 static=1 gap=15.46m d=-0.10 size=0.34]
1786870454.168 [STATIC_OT] state=TRAILING path_exists=0 path_locked=0 path_ttl_ok=0 path_safe=0 on_spline=0 speed=0.00 raw_wpnts=0 raw_age=-s decision=TRAILING reason=NO_STATIC_PATH
1786870454.402 [STATIC_OT] state=TRAILING path_exists=0 path_locked=0 path_ttl_ok=0 path_safe=0 on_spline=0 speed=0.00 raw_wpnts=0 raw_age=-s decision=TRAILING reason=NO_STATIC_PATH
1786870454.612 [STATIC_OT] state=TRAILING path_exists=0 path_locked=0 path_ttl_ok=0 path_safe=0 on_spline=0 speed=0.00 raw_wpnts=0 raw_age=-s decision=TRAILING reason=NO_STATIC_PATH
1786870454.712 [OBSTACLES] cur_s=20.41 cur_d=0.22 vs=0.00 n=2 [id=462 static=1 gap=0.07m d=0.70 size=0.35; id=458 static=1 gap=15.47m d=-0.10 size=0.32]
1786870454.860 [STATIC_OT] state=TRAILING path_exists=0 path_locked=0 path_ttl_ok=0 path_safe=0 on_spline=0 speed=0.00 raw_wpnts=0 raw_age=-s decision=TRAILING reason=NO_STATIC_PATH
1786870455.104 [STATIC_OT] state=TRAILING path_exists=0 path_locked=0 path_ttl_ok=0 path_safe=0 on_spline=0 speed=0.00 raw_wpnts=0 raw_age=-s decision=TRAILING reason=NO_STATIC_PATH
1786870455.262 [OBSTACLES] cur_s=20.41 cur_d=0.23 vs=0.00 n=2 [id=462 static=1 gap=0.06m d=0.70 size=0.38; id=458 static=1 gap=15.46m d=-0.10 size=0.34]
1786870455.336 [STATIC_OT] state=TRAILING path_exists=0 path_locked=0 path_ttl_ok=0 path_safe=0 on_spline=0 speed=0.00 raw_wpnts=0 raw_age=-s decision=TRAILING reason=NO_STATIC_PATH
1786870455.619 [STATIC_OT] state=TRAILING path_exists=0 path_locked=0 path_ttl_ok=0 path_safe=0 on_spline=0 speed=0.00 raw_wpnts=0 raw_age=-s decision=TRAILING reason=NO_STATIC_PATH
1786870455.793 [OBSTACLES] cur_s=20.42 cur_d=0.22 vs=0.00 n=2 [id=462 static=1 gap=0.06m d=0.70 size=0.37; id=458 static=1 gap=15.47m d=-0.10 size=0.30]
1786870455.909 [STATIC_OT] state=TRAILING path_exists=0 path_locked=0 path_ttl_ok=0 path_safe=0 on_spline=0 speed=0.00 raw_wpnts=0 raw_age=-s decision=TRAILING reason=NO_STATIC_PATH
1786870456.117 [STATIC_OT] state=TRAILING path_exists=0 path_locked=0 path_ttl_ok=0 path_safe=0 on_spline=0 speed=0.00 raw_wpnts=0 raw_age=-s decision=TRAILING reason=NO_STATIC_PATH
1786870456.385 [OBSTACLES] cur_s=20.41 cur_d=0.23 vs=0.00 n=2 [id=462 static=1 gap=0.05m d=0.70 size=0.39; id=458 static=1 gap=15.47m d=-0.10 size=0.31]
1786870456.389 [STATIC_OT] state=TRAILING path_exists=0 path_locked=0 path_ttl_ok=0 path_safe=0 on_spline=0 speed=0.00 raw_wpnts=0 raw_age=-s decision=TRAILING reason=NO_STATIC_PATH
1786870456.684 [STATIC_OT] state=TRAILING path_exists=0 path_locked=0 path_ttl_ok=0 path_safe=0 on_spline=0 speed=0.00 raw_wpnts=0 raw_age=-s decision=TRAILING reason=NO_STATIC_PATH
1786870456.934 [OBSTACLES] cur_s=20.41 cur_d=0.23 vs=0.00 n=2 [id=462 static=1 gap=0.06m d=0.70 size=0.38; id=458 static=1 gap=15.46m d=-0.10 size=0.33]
1786870456.936 [STATIC_OT] state=TRAILING path_exists=0 path_locked=0 path_ttl_ok=0 path_safe=0 on_spline=0 speed=0.00 raw_wpnts=0 raw_age=-s decision=TRAILING reason=NO_STATIC_PATH
1786870457.376 [STATIC_OT] state=TRAILING path_exists=0 path_locked=0 path_ttl_ok=0 path_safe=0 on_spline=0 speed=0.00 raw_wpnts=0 raw_age=-s decision=TRAILING reason=NO_STATIC_PATH
1786870457.507 [OBSTACLES] cur_s=20.42 cur_d=0.23 vs=0.00 n=2 [id=462 static=1 gap=0.06m d=0.70 size=0.36; id=458 static=1 gap=15.45m d=-0.10 size=0.34]
1786870457.645 [STATIC_OT] state=TRAILING path_exists=0 path_locked=0 path_ttl_ok=0 path_safe=0 on_spline=0 speed=0.00 raw_wpnts=0 raw_age=-s decision=TRAILING reason=NO_STATIC_PATH
1786870457.912 [STATIC_OT] state=TRAILING path_exists=0 path_locked=0 path_ttl_ok=0 path_safe=0 on_spline=0 speed=0.00 raw_wpnts=0 raw_age=-s decision=TRAILING reason=NO_STATIC_PATH
1786870458.017 [OBSTACLES] cur_s=20.41 cur_d=0.23 vs=0.00 n=2 [id=462 static=1 gap=0.05m d=0.70 size=0.38; id=458 static=1 gap=15.47m d=-0.10 size=0.31]
1786870458.145 [STATIC_OT] state=TRAILING path_exists=0 path_locked=0 path_ttl_ok=0 path_safe=0 on_spline=0 speed=0.00 raw_wpnts=0 raw_age=-s decision=TRAILING reason=NO_STATIC_PATH
1786870458.471 [STATIC_OT] state=TRAILING path_exists=0 path_locked=0 path_ttl_ok=0 path_safe=0 on_spline=0 speed=0.00 raw_wpnts=0 raw_age=-s decision=TRAILING reason=NO_STATIC_PATH
1786870458.526 [OBSTACLES] cur_s=20.41 cur_d=0.22 vs=0.00 n=2 [id=462 static=1 gap=0.05m d=0.70 size=0.38; id=458 static=1 gap=15.46m d=-0.10 size=0.34]
1786870458.762 [STATIC_OT] state=TRAILING path_exists=0 path_locked=0 path_ttl_ok=0 path_safe=0 on_spline=0 speed=0.00 raw_wpnts=0 raw_age=-s decision=TRAILING reason=NO_STATIC_PATH
1786870459.010 [STATIC_OT] state=TRAILING path_exists=0 path_locked=0 path_ttl_ok=0 path_safe=0 on_spline=0 speed=0.00 raw_wpnts=0 raw_age=-s decision=TRAILING reason=NO_STATIC_PATH
1786870459.122 [OBSTACLES] cur_s=20.42 cur_d=0.22 vs=0.00 n=2 [id=462 static=1 gap=0.05m d=0.70 size=0.37; id=458 static=1 gap=15.46m d=-0.10 size=0.33]
1786870459.277 [STATIC_OT] state=TRAILING path_exists=0 path_locked=0 path_ttl_ok=0 path_safe=0 on_spline=0 speed=0.00 raw_wpnts=0 raw_age=-s decision=TRAILING reason=NO_STATIC_PATH
1786870459.512 [STATIC_OT] state=TRAILING path_exists=0 path_locked=0 path_ttl_ok=0 path_safe=0 on_spline=0 speed=0.00 raw_wpnts=0 raw_age=-s decision=TRAILING reason=NO_STATIC_PATH
1786870459.635 [OBSTACLES] cur_s=20.41 cur_d=0.22 vs=0.00 n=2 [id=462 static=1 gap=0.06m d=0.70 size=0.37; id=458 static=1 gap=15.47m d=-0.10 size=0.33]
1786870459.746 [STATIC_OT] state=TRAILING path_exists=0 path_locked=0 path_ttl_ok=0 path_safe=0 on_spline=0 speed=0.00 raw_wpnts=0 raw_age=-s decision=TRAILING reason=NO_STATIC_PATH
1786870459.958 [STATIC_OT] state=TRAILING path_exists=0 path_locked=0 path_ttl_ok=0 path_safe=0 on_spline=0 speed=0.00 raw_wpnts=0 raw_age=-s decision=TRAILING reason=NO_STATIC_PATH
1786870460.153 [OBSTACLES] cur_s=20.42 cur_d=0.22 vs=0.00 n=2 [id=462 static=1 gap=0.06m d=0.70 size=0.35; id=458 static=1 gap=15.46m d=-0.10 size=0.33]
1786870460.164 [STATIC_OT] state=TRAILING path_exists=0 path_locked=0 path_ttl_ok=0 path_safe=0 on_spline=0 speed=0.00 raw_wpnts=0 raw_age=-s decision=TRAILING reason=NO_STATIC_PATH
1786870460.365 [STATIC_OT] state=TRAILING path_exists=0 path_locked=0 path_ttl_ok=0 path_safe=0 on_spline=0 speed=0.00 raw_wpnts=0 raw_age=-s decision=TRAILING reason=NO_STATIC_PATH
1786870460.601 [STATIC_OT] state=TRAILING path_exists=0 path_locked=0 path_ttl_ok=0 path_safe=0 on_spline=0 speed=0.00 raw_wpnts=0 raw_age=-s decision=TRAILING reason=NO_STATIC_PATH
1786870460.736 [OBSTACLES] cur_s=20.42 cur_d=0.22 vs=0.00 n=2 [id=462 static=1 gap=0.05m d=0.70 size=0.39; id=458 static=1 gap=15.46m d=-0.10 size=0.32]
1786870460.832 [STATIC_OT] state=TRAILING path_exists=0 path_locked=0 path_ttl_ok=0 path_safe=0 on_spline=0 speed=0.00 raw_wpnts=0 raw_age=-s decision=TRAILING reason=NO_STATIC_PATH
1786870461.106 [STATIC_OT] state=TRAILING path_exists=0 path_locked=0 path_ttl_ok=0 path_safe=0 on_spline=0 speed=0.00 raw_wpnts=0 raw_age=-s decision=TRAILING reason=NO_STATIC_PATH
1786870461.284 [OBSTACLES] cur_s=20.41 cur_d=0.22 vs=0.00 n=2 [id=462 static=1 gap=0.06m d=0.70 size=0.37; id=458 static=1 gap=15.45m d=-0.10 size=0.37]
1786870461.417 [STATIC_OT] state=TRAILING path_exists=0 path_locked=0 path_ttl_ok=0 path_safe=0 on_spline=0 speed=0.00 raw_wpnts=0 raw_age=-s decision=TRAILING reason=NO_STATIC_PATH
1786870461.642 [STATIC_OT] state=TRAILING path_exists=0 path_locked=0 path_ttl_ok=0 path_safe=0 on_spline=0 speed=0.00 raw_wpnts=0 raw_age=-s decision=TRAILING reason=NO_STATIC_PATH
1786870461.810 [OBSTACLES] cur_s=20.41 cur_d=0.21 vs=0.00 n=2 [id=462 static=1 gap=0.05m d=0.70 size=0.39; id=458 static=1 gap=15.47m d=-0.10 size=0.32]
1786870461.907 [STATIC_OT] state=TRAILING path_exists=0 path_locked=0 path_ttl_ok=0 path_safe=0 on_spline=0 speed=0.00 raw_wpnts=0 raw_age=-s decision=TRAILING reason=NO_STATIC_PATH
1786870462.131 [STATIC_OT] state=TRAILING path_exists=0 path_locked=0 path_ttl_ok=0 path_safe=0 on_spline=0 speed=0.00 raw_wpnts=0 raw_age=-s decision=TRAILING reason=NO_STATIC_PATH
1786870462.367 [OBSTACLES] cur_s=20.41 cur_d=0.22 vs=0.00 n=2 [id=462 static=1 gap=0.05m d=0.70 size=0.39; id=458 static=1 gap=15.46m d=-0.10 size=0.34]
1786870462.369 [STATIC_OT] state=TRAILING path_exists=0 path_locked=0 path_ttl_ok=0 path_safe=0 on_spline=0 speed=0.00 raw_wpnts=0 raw_age=-s decision=TRAILING reason=NO_STATIC_PATH
1786870462.594 [STATIC_OT] state=TRAILING path_exists=0 path_locked=0 path_ttl_ok=0 path_safe=0 on_spline=0 speed=0.00 raw_wpnts=0 raw_age=-s decision=TRAILING reason=NO_STATIC_PATH
1786870462.799 [STATIC_OT] state=TRAILING path_exists=0 path_locked=0 path_ttl_ok=0 path_safe=0 on_spline=0 speed=0.00 raw_wpnts=0 raw_age=-s decision=TRAILING reason=NO_STATIC_PATH
1786870462.936 [OBSTACLES] cur_s=20.41 cur_d=0.22 vs=0.00 n=2 [id=462 static=1 gap=0.04m d=0.70 size=0.40; id=458 static=1 gap=15.46m d=-0.10 size=0.34]
1786870463.065 [STATIC_OT] state=TRAILING path_exists=0 path_locked=0 path_ttl_ok=0 path_safe=0 on_spline=0 speed=0.00 raw_wpnts=0 raw_age=-s decision=TRAILING reason=NO_STATIC_PATH
1786870463.292 [STATIC_OT] state=TRAILING path_exists=0 path_locked=0 path_ttl_ok=0 path_safe=0 on_spline=0 speed=0.00 raw_wpnts=0 raw_age=-s decision=TRAILING reason=NO_STATIC_PATH
1786870463.535 [OBSTACLES] cur_s=20.41 cur_d=0.24 vs=0.00 n=2 [id=462 static=1 gap=0.05m d=0.70 size=0.41; id=458 static=1 gap=15.47m d=-0.10 size=0.32]
1786870463.541 [STATIC_OT] state=TRAILING path_exists=0 path_locked=0 path_ttl_ok=0 path_safe=0 on_spline=0 speed=0.00 raw_wpnts=0 raw_age=-s decision=TRAILING reason=NO_STATIC_PATH
1786870463.796 [STATIC_OT] state=TRAILING path_exists=0 path_locked=0 path_ttl_ok=0 path_safe=0 on_spline=0 speed=0.00 raw_wpnts=0 raw_age=-s decision=TRAILING reason=NO_STATIC_PATH
1786870464.019 [STATIC_OT] state=TRAILING path_exists=0 path_locked=0 path_ttl_ok=0 path_safe=0 on_spline=0 speed=0.00 raw_wpnts=0 raw_age=-s decision=TRAILING reason=NO_STATIC_PATH
1786870464.215 [OBSTACLES] cur_s=20.41 cur_d=0.23 vs=0.00 n=2 [id=462 static=1 gap=0.06m d=0.70 size=0.37; id=458 static=1 gap=15.46m d=-0.10 size=0.34]
1786870464.225 [STATIC_OT] state=TRAILING path_exists=0 path_locked=0 path_ttl_ok=0 path_safe=0 on_spline=0 speed=0.00 raw_wpnts=0 raw_age=-s decision=TRAILING reason=NO_STATIC_PATH
1786870464.483 [STATIC_OT] state=TRAILING path_exists=0 path_locked=0 path_ttl_ok=0 path_safe=0 on_spline=0 speed=0.00 raw_wpnts=0 raw_age=-s decision=TRAILING reason=NO_STATIC_PATH
1786870464.717 [OBSTACLES] cur_s=20.41 cur_d=0.23 vs=0.00 n=2 [id=462 static=1 gap=0.06m d=0.70 size=0.37; id=458 static=1 gap=15.46m d=-0.10 size=0.34]
1786870464.733 [STATIC_OT] state=TRAILING path_exists=0 path_locked=0 path_ttl_ok=0 path_safe=0 on_spline=0 speed=0.00 raw_wpnts=0 raw_age=-s decision=TRAILING reason=NO_STATIC_PATH
1786870465.038 [STATIC_OT] state=TRAILING path_exists=0 path_locked=0 path_ttl_ok=0 path_safe=0 on_spline=0 speed=0.00 raw_wpnts=0 raw_age=-s decision=TRAILING reason=NO_STATIC_PATH
1786870465.237 [OBSTACLES] cur_s=20.41 cur_d=0.23 vs=0.00 n=2 [id=462 static=1 gap=0.06m d=0.70 size=0.36; id=458 static=1 gap=15.46m d=-0.10 size=0.33]
1786870465.249 [STATIC_OT] state=TRAILING path_exists=0 path_locked=0 path_ttl_ok=0 path_safe=0 on_spline=0 speed=0.00 raw_wpnts=0 raw_age=-s decision=TRAILING reason=NO_STATIC_PATH
1786870465.492 [STATIC_OT] state=TRAILING path_exists=0 path_locked=0 path_ttl_ok=0 path_safe=0 on_spline=0 speed=0.00 raw_wpnts=0 raw_age=-s decision=TRAILING reason=NO_STATIC_PATH
1786870465.752 [OBSTACLES] cur_s=20.42 cur_d=0.21 vs=0.00 n=2 [id=462 static=1 gap=0.06m d=0.70 size=0.36; id=458 static=1 gap=15.47m d=-0.10 size=0.32]
1786870465.759 [STATIC_OT] state=TRAILING path_exists=0 path_locked=0 path_ttl_ok=0 path_safe=0 on_spline=0 speed=0.00 raw_wpnts=0 raw_age=-s decision=TRAILING reason=NO_STATIC_PATH
1786870466.039 [STATIC_OT] state=TRAILING path_exists=0 path_locked=0 path_ttl_ok=0 path_safe=0 on_spline=0 speed=0.00 raw_wpnts=0 raw_age=-s decision=TRAILING reason=NO_STATIC_PATH
1786870466.257 [STATIC_OT] state=TRAILING path_exists=0 path_locked=0 path_ttl_ok=0 path_safe=0 on_spline=0 speed=0.00 raw_wpnts=0 raw_age=-s decision=TRAILING reason=NO_STATIC_PATH
1786870466.341 [OBSTACLES] cur_s=20.42 cur_d=0.22 vs=0.00 n=2 [id=462 static=1 gap=0.05m d=0.70 size=0.38; id=458 static=1 gap=15.46m d=-0.10 size=0.32]
1786870466.460 [STATIC_OT] state=TRAILING path_exists=0 path_locked=0 path_ttl_ok=0 path_safe=0 on_spline=0 speed=0.00 raw_wpnts=0 raw_age=-s decision=TRAILING reason=NO_STATIC_PATH
1786870466.752 [STATIC_OT] state=TRAILING path_exists=0 path_locked=0 path_ttl_ok=0 path_safe=0 on_spline=0 speed=0.00 raw_wpnts=0 raw_age=-s decision=TRAILING reason=NO_STATIC_PATH
1786870466.942 [OBSTACLES] cur_s=20.41 cur_d=0.23 vs=0.00 n=2 [id=462 static=1 gap=0.07m d=0.70 size=0.36; id=458 static=1 gap=15.47m d=-0.10 size=0.34]
1786870467.065 [STATIC_OT] state=TRAILING path_exists=0 path_locked=0 path_ttl_ok=0 path_safe=0 on_spline=0 speed=0.00 raw_wpnts=0 raw_age=-s decision=TRAILING reason=NO_STATIC_PATH
1786870467.290 [STATIC_OT] state=TRAILING path_exists=0 path_locked=0 path_ttl_ok=0 path_safe=0 on_spline=0 speed=0.00 raw_wpnts=0 raw_age=-s decision=TRAILING reason=NO_STATIC_PATH
1786870467.467 [OBSTACLES] cur_s=20.41 cur_d=0.22 vs=0.00 n=2 [id=462 static=1 gap=0.05m d=0.70 size=0.39; id=458 static=1 gap=15.47m d=-0.10 size=0.32]
1786870467.539 [STATIC_OT] state=TRAILING path_exists=0 path_locked=0 path_ttl_ok=0 path_safe=0 on_spline=0 speed=0.00 raw_wpnts=0 raw_age=-s decision=TRAILING reason=NO_STATIC_PATH
1786870467.760 [STATIC_OT] state=TRAILING path_exists=0 path_locked=0 path_ttl_ok=0 path_safe=0 on_spline=0 speed=0.00 raw_wpnts=0 raw_age=-s decision=TRAILING reason=NO_STATIC_PATH
1786870467.962 [STATIC_OT] state=TRAILING path_exists=0 path_locked=0 path_ttl_ok=0 path_safe=0 on_spline=0 speed=0.00 raw_wpnts=0 raw_age=-s decision=TRAILING reason=NO_STATIC_PATH
1786870468.032 [OBSTACLES] cur_s=20.41 cur_d=0.22 vs=0.00 n=2 [id=462 static=1 gap=0.05m d=0.70 size=0.39; id=458 static=1 gap=15.45m d=-0.10 size=0.35]
1786870468.291 [STATIC_OT] state=TRAILING path_exists=0 path_locked=0 path_ttl_ok=0 path_safe=0 on_spline=0 speed=0.00 raw_wpnts=0 raw_age=-s decision=TRAILING reason=NO_STATIC_PATH
1786870468.591 [OBSTACLES] cur_s=20.41 cur_d=0.23 vs=0.00 n=2 [id=462 static=1 gap=0.06m d=0.70 size=0.37; id=458 static=1 gap=15.47m d=-0.10 size=0.32]
1786870468.606 [STATIC_OT] state=TRAILING path_exists=0 path_locked=0 path_ttl_ok=0 path_safe=0 on_spline=0 speed=0.00 raw_wpnts=0 raw_age=-s decision=TRAILING reason=NO_STATIC_PATH
1786870468.990 [STATIC_OT] state=TRAILING path_exists=0 path_locked=0 path_ttl_ok=0 path_safe=0 on_spline=0 speed=0.00 raw_wpnts=0 raw_age=-s decision=TRAILING reason=NO_STATIC_PATH
1786870469.106 [OBSTACLES] cur_s=20.41 cur_d=0.22 vs=0.00 n=2 [id=462 static=1 gap=0.05m d=0.70 size=0.38; id=458 static=1 gap=15.46m d=-0.10 size=0.34]
1786870469.276 [STATIC_OT] state=TRAILING path_exists=0 path_locked=0 path_ttl_ok=0 path_safe=0 on_spline=0 speed=0.00 raw_wpnts=0 raw_age=-s decision=TRAILING reason=NO_STATIC_PATH
1786870469.505 [STATIC_OT] state=TRAILING path_exists=0 path_locked=0 path_ttl_ok=0 path_safe=0 on_spline=0 speed=0.00 raw_wpnts=0 raw_age=-s decision=TRAILING reason=NO_STATIC_PATH
1786870469.634 [OBSTACLES] cur_s=20.41 cur_d=0.22 vs=0.00 n=2 [id=462 static=1 gap=0.05m d=0.70 size=0.40; id=458 static=1 gap=15.47m d=-0.10 size=0.33]
1786870469.780 [STATIC_OT] state=TRAILING path_exists=0 path_locked=0 path_ttl_ok=0 path_safe=0 on_spline=0 speed=0.00 raw_wpnts=0 raw_age=-s decision=TRAILING reason=NO_STATIC_PATH
1786870470.022 [STATIC_OT] state=TRAILING path_exists=0 path_locked=0 path_ttl_ok=0 path_safe=0 on_spline=0 speed=0.00 raw_wpnts=0 raw_age=-s decision=TRAILING reason=NO_STATIC_PATH
1786870470.199 [OBSTACLES] cur_s=20.42 cur_d=0.22 vs=0.00 n=2 [id=462 static=1 gap=0.04m d=0.70 size=0.40; id=458 static=1 gap=15.46m d=-0.10 size=0.33]
1786870470.297 [STATIC_OT] state=TRAILING path_exists=0 path_locked=0 path_ttl_ok=0 path_safe=0 on_spline=0 speed=0.00 raw_wpnts=0 raw_age=-s decision=TRAILING reason=NO_STATIC_PATH
1786870470.499 [STATIC_OT] state=TRAILING path_exists=0 path_locked=0 path_ttl_ok=0 path_safe=0 on_spline=0 speed=0.00 raw_wpnts=0 raw_age=-s decision=TRAILING reason=NO_STATIC_PATH
1786870470.753 [OBSTACLES] cur_s=20.41 cur_d=0.22 vs=0.00 n=2 [id=462 static=1 gap=0.04m d=0.70 size=0.41; id=458 static=1 gap=15.46m d=-0.10 size=0.33]
1786870470.761 [STATIC_OT] state=TRAILING path_exists=0 path_locked=0 path_ttl_ok=0 path_safe=0 on_spline=0 speed=0.00 raw_wpnts=0 raw_age=-s decision=TRAILING reason=NO_STATIC_PATH
1786870471.087 [STATIC_OT] state=TRAILING path_exists=0 path_locked=0 path_ttl_ok=0 path_safe=0 on_spline=0 speed=0.00 raw_wpnts=0 raw_age=-s decision=TRAILING reason=NO_STATIC_PATH
1786870471.420 [OBSTACLES] cur_s=20.42 cur_d=0.22 vs=0.00 n=2 [id=462 static=1 gap=0.08m d=0.70 size=0.33; id=458 static=1 gap=15.46m d=-0.10 size=0.33]
1786870471.427 [STATIC_OT] state=TRAILING path_exists=0 path_locked=0 path_ttl_ok=0 path_safe=0 on_spline=0 speed=0.00 raw_wpnts=0 raw_age=-s decision=TRAILING reason=NO_STATIC_PATH
1786870471.702 [STATIC_OT] state=TRAILING path_exists=0 path_locked=0 path_ttl_ok=0 path_safe=0 on_spline=0 speed=0.00 raw_wpnts=0 raw_age=-s decision=TRAILING reason=NO_STATIC_PATH
1786870471.943 [OBSTACLES] cur_s=20.41 cur_d=0.23 vs=0.00 n=2 [id=462 static=1 gap=0.09m d=0.70 size=0.32; id=458 static=1 gap=15.47m d=-0.10 size=0.33]
1786870471.948 [STATIC_OT] state=TRAILING path_exists=0 path_locked=0 path_ttl_ok=0 path_safe=0 on_spline=0 speed=0.00 raw_wpnts=0 raw_age=-s decision=TRAILING reason=NO_STATIC_PATH
1786870472.213 [STATIC_OT] state=TRAILING path_exists=0 path_locked=0 path_ttl_ok=0 path_safe=0 on_spline=0 speed=0.00 raw_wpnts=0 raw_age=-s decision=TRAILING reason=NO_STATIC_PATH
1786870472.449 [OBSTACLES] cur_s=20.40 cur_d=0.24 vs=0.00 n=2 [id=462 static=1 gap=0.09m d=0.70 size=0.32; id=458 static=1 gap=15.45m d=-0.10 size=0.38]
1786870472.457 [STATIC_OT] state=TRAILING path_exists=0 path_locked=0 path_ttl_ok=0 path_safe=0 on_spline=0 speed=0.00 raw_wpnts=0 raw_age=-s decision=TRAILING reason=NO_STATIC_PATH
1786870472.718 [STATIC_OT] state=TRAILING path_exists=0 path_locked=0 path_ttl_ok=0 path_safe=0 on_spline=0 speed=0.00 raw_wpnts=0 raw_age=-s decision=TRAILING reason=NO_STATIC_PATH
1786870472.934 [STATIC_OT] state=TRAILING path_exists=0 path_locked=0 path_ttl_ok=0 path_safe=0 on_spline=0 speed=0.00 raw_wpnts=0 raw_age=-s decision=TRAILING reason=NO_STATIC_PATH
1786870473.051 [OBSTACLES] cur_s=20.40 cur_d=0.24 vs=0.00 n=2 [id=462 static=1 gap=0.09m d=0.70 size=0.34; id=458 static=1 gap=15.45m d=-0.10 size=0.38]
1786870473.223 [STATIC_OT] state=TRAILING path_exists=0 path_locked=0 path_ttl_ok=0 path_safe=0 on_spline=0 speed=0.00 raw_wpnts=0 raw_age=-s decision=TRAILING reason=NO_STATIC_PATH
1786870473.464 [STATIC_OT] state=TRAILING path_exists=0 path_locked=0 path_ttl_ok=0 path_safe=0 on_spline=0 speed=0.00 raw_wpnts=0 raw_age=-s decision=TRAILING reason=NO_STATIC_PATH
1786870473.632 [OBSTACLES] cur_s=20.40 cur_d=0.23 vs=0.00 n=2 [id=462 static=1 gap=0.08m d=0.70 size=0.33; id=458 static=1 gap=15.46m d=-0.10 size=0.35]
1786870473.742 [STATIC_OT] state=TRAILING path_exists=0 path_locked=0 path_ttl_ok=0 path_safe=0 on_spline=0 speed=0.00 raw_wpnts=0 raw_age=-s decision=TRAILING reason=NO_STATIC_PATH
1786870473.953 [STATIC_OT] state=TRAILING path_exists=0 path_locked=0 path_ttl_ok=0 path_safe=0 on_spline=0 speed=0.00 raw_wpnts=0 raw_age=-s decision=TRAILING reason=NO_STATIC_PATH
1786870474.158 [OBSTACLES] cur_s=20.40 cur_d=0.24 vs=0.00 n=2 [id=462 static=1 gap=0.10m d=0.70 size=0.31; id=458 static=1 gap=15.46m d=-0.10 size=0.36]
1786870474.160 [STATIC_OT] state=TRAILING path_exists=0 path_locked=0 path_ttl_ok=0 path_safe=0 on_spline=0 speed=0.00 raw_wpnts=0 raw_age=-s decision=TRAILING reason=NO_STATIC_PATH
1786870474.392 [STATIC_OT] state=TRAILING path_exists=0 path_locked=0 path_ttl_ok=0 path_safe=0 on_spline=0 speed=0.00 raw_wpnts=0 raw_age=-s decision=TRAILING reason=NO_STATIC_PATH
1786870474.619 [STATIC_OT] state=TRAILING path_exists=0 path_locked=0 path_ttl_ok=0 path_safe=0 on_spline=0 speed=0.00 raw_wpnts=0 raw_age=-s decision=TRAILING reason=NO_STATIC_PATH
1786870474.708 [OBSTACLES] cur_s=20.39 cur_d=0.27 vs=0.00 n=2 [id=462 static=1 gap=0.09m d=0.70 size=0.35; id=458 static=1 gap=15.46m d=-0.10 size=0.38]
1786870474.835 [STATIC_OT] state=TRAILING path_exists=0 path_locked=0 path_ttl_ok=0 path_safe=0 on_spline=0 speed=0.00 raw_wpnts=0 raw_age=-s decision=TRAILING reason=NO_STATIC_PATH
1786870475.093 [STATIC_OT] state=TRAILING path_exists=0 path_locked=0 path_ttl_ok=0 path_safe=0 on_spline=0 speed=0.00 raw_wpnts=0 raw_age=-s decision=TRAILING reason=NO_STATIC_PATH
1786870475.329 [OBSTACLES] cur_s=20.41 cur_d=0.23 vs=0.00 n=2 [id=462 static=1 gap=0.08m d=0.70 size=0.33; id=458 static=1 gap=15.45m d=-0.10 size=0.36]
1786870475.345 [STATIC_OT] state=TRAILING path_exists=0 path_locked=0 path_ttl_ok=0 path_safe=0 on_spline=0 speed=0.00 raw_wpnts=0 raw_age=-s decision=TRAILING reason=NO_STATIC_PATH
1786870475.575 [STATIC_OT] state=TRAILING path_exists=0 path_locked=0 path_ttl_ok=0 path_safe=0 on_spline=0 speed=0.00 raw_wpnts=0 raw_age=-s decision=TRAILING reason=NO_STATIC_PATH
1786870475.872 [OBSTACLES] cur_s=20.40 cur_d=0.24 vs=0.00 n=2 [id=462 static=1 gap=0.08m d=0.70 size=0.34; id=458 static=1 gap=15.45m d=-0.10 size=0.37]
1786870475.886 [STATIC_OT] state=TRAILING path_exists=0 path_locked=0 path_ttl_ok=0 path_safe=0 on_spline=0 speed=0.00 raw_wpnts=0 raw_age=-s decision=TRAILING reason=NO_STATIC_PATH
1786870476.228 [STATIC_OT] state=TRAILING path_exists=0 path_locked=0 path_ttl_ok=0 path_safe=0 on_spline=0 speed=0.00 raw_wpnts=0 raw_age=-s decision=TRAILING reason=NO_STATIC_PATH
1786870476.495 [OBSTACLES] cur_s=20.41 cur_d=0.24 vs=0.00 n=2 [id=462 static=1 gap=0.07m d=0.70 size=0.34; id=458 static=1 gap=15.44m d=-0.10 size=0.39]
1786870476.501 [STATIC_OT] state=TRAILING path_exists=0 path_locked=0 path_ttl_ok=0 path_safe=0 on_spline=0 speed=0.00 raw_wpnts=0 raw_age=-s decision=TRAILING reason=NO_STATIC_PATH
1786870476.807 [STATIC_OT] state=TRAILING path_exists=0 path_locked=0 path_ttl_ok=0 path_safe=0 on_spline=0 speed=0.00 raw_wpnts=0 raw_age=-s decision=TRAILING reason=NO_STATIC_PATH
1786870477.025 [OBSTACLES] cur_s=20.40 cur_d=0.24 vs=0.00 n=2 [id=462 static=1 gap=0.08m d=0.70 size=0.33; id=458 static=1 gap=15.44m d=-0.10 size=0.39]
1786870477.042 [STATIC_OT] state=TRAILING path_exists=0 path_locked=0 path_ttl_ok=0 path_safe=0 on_spline=0 speed=0.00 raw_wpnts=0 raw_age=-s decision=TRAILING reason=NO_STATIC_PATH
1786870477.250 [STATIC_OT] state=TRAILING path_exists=0 path_locked=0 path_ttl_ok=0 path_safe=0 on_spline=0 speed=0.00 raw_wpnts=0 raw_age=-s decision=TRAILING reason=NO_STATIC_PATH
1786870477.496 [STATIC_OT] state=TRAILING path_exists=0 path_locked=0 path_ttl_ok=0 path_safe=0 on_spline=0 speed=0.00 raw_wpnts=0 raw_age=-s decision=TRAILING reason=NO_STATIC_PATH
1786870477.584 [OBSTACLES] cur_s=20.40 cur_d=0.24 vs=0.00 n=2 [id=462 static=1 gap=0.09m d=0.70 size=0.33; id=458 static=1 gap=15.46m d=-0.10 size=0.36]
1786870477.704 [STATIC_OT] state=TRAILING path_exists=0 path_locked=0 path_ttl_ok=0 path_safe=0 on_spline=0 speed=0.00 raw_wpnts=0 raw_age=-s decision=TRAILING reason=NO_STATIC_PATH
1786870477.967 [STATIC_OT] state=TRAILING path_exists=0 path_locked=0 path_ttl_ok=0 path_safe=0 on_spline=0 speed=0.00 raw_wpnts=0 raw_age=-s decision=TRAILING reason=NO_STATIC_PATH
1786870478.136 [OBSTACLES] cur_s=20.41 cur_d=0.23 vs=0.00 n=2 [id=462 static=1 gap=0.08m d=0.70 size=0.32; id=458 static=1 gap=15.44m d=-0.10 size=0.38]
1786870478.329 [STATIC_OT] state=TRAILING path_exists=0 path_locked=0 path_ttl_ok=0 path_safe=0 on_spline=0 speed=0.00 raw_wpnts=0 raw_age=-s decision=TRAILING reason=NO_STATIC_PATH
1786870478.532 [STATIC_OT] state=TRAILING path_exists=0 path_locked=0 path_ttl_ok=0 path_safe=0 on_spline=0 speed=0.00 raw_wpnts=0 raw_age=-s decision=TRAILING reason=NO_STATIC_PATH
1786870478.700 [OBSTACLES] cur_s=20.41 cur_d=0.24 vs=0.00 n=2 [id=462 static=1 gap=0.08m d=0.69 size=0.34; id=458 static=1 gap=15.44m d=-0.10 size=0.39]
1786870478.768 [STATIC_OT] state=TRAILING path_exists=0 path_locked=0 path_ttl_ok=0 path_safe=0 on_spline=0 speed=0.00 raw_wpnts=0 raw_age=-s decision=TRAILING reason=NO_STATIC_PATH
1786870478.973 [STATIC_OT] state=TRAILING path_exists=0 path_locked=0 path_ttl_ok=0 path_safe=0 on_spline=0 speed=0.00 raw_wpnts=0 raw_age=-s decision=TRAILING reason=NO_STATIC_PATH
1786870479.205 [OBSTACLES] cur_s=20.41 cur_d=0.23 vs=0.00 n=2 [id=462 static=1 gap=0.07m d=0.69 size=0.32; id=458 static=1 gap=15.45m d=-0.10 size=0.37]
1786870479.207 [STATIC_OT] state=TRAILING path_exists=0 path_locked=0 path_ttl_ok=0 path_safe=0 on_spline=0 speed=0.00 raw_wpnts=0 raw_age=-s decision=TRAILING reason=NO_STATIC_PATH
1786870479.494 [STATIC_OT] state=TRAILING path_exists=0 path_locked=0 path_ttl_ok=0 path_safe=0 on_spline=0 speed=0.00 raw_wpnts=0 raw_age=-s decision=TRAILING reason=NO_STATIC_PATH
1786870479.756 [OBSTACLES] cur_s=20.42 cur_d=0.23 vs=0.00 n=2 [id=462 static=1 gap=0.07m d=0.69 size=0.34; id=458 static=1 gap=15.45m d=-0.10 size=0.36]
1786870479.759 [STATIC_OT] state=TRAILING path_exists=0 path_locked=0 path_ttl_ok=0 path_safe=0 on_spline=0 speed=0.00 raw_wpnts=0 raw_age=-s decision=TRAILING reason=NO_STATIC_PATH
1786870480.021 [STATIC_OT] state=TRAILING path_exists=0 path_locked=0 path_ttl_ok=0 path_safe=0 on_spline=0 speed=0.00 raw_wpnts=0 raw_age=-s decision=TRAILING reason=NO_STATIC_PATH
1786870480.230 [STATIC_OT] state=TRAILING path_exists=0 path_locked=0 path_ttl_ok=0 path_safe=0 on_spline=0 speed=0.00 raw_wpnts=0 raw_age=-s decision=TRAILING reason=NO_STATIC_PATH
1786870480.271 [OBSTACLES] cur_s=20.41 cur_d=0.23 vs=0.00 n=2 [id=462 static=1 gap=0.06m d=0.69 size=0.36; id=458 static=1 gap=15.45m d=-0.10 size=0.36]
1786870480.483 [STATIC_OT] state=TRAILING path_exists=0 path_locked=0 path_ttl_ok=0 path_safe=0 on_spline=0 speed=0.00 raw_wpnts=0 raw_age=-s decision=TRAILING reason=NO_STATIC_PATH
1786870480.709 [STATIC_OT] state=TRAILING path_exists=0 path_locked=0 path_ttl_ok=0 path_safe=0 on_spline=0 speed=0.00 raw_wpnts=0 raw_age=-s decision=TRAILING reason=NO_STATIC_PATH
1786870480.802 [OBSTACLES] cur_s=20.41 cur_d=0.23 vs=0.00 n=2 [id=462 static=1 gap=0.08m d=0.69 size=0.32; id=458 static=1 gap=15.46m d=-0.10 size=0.34]
1786870480.963 [STATIC_OT] state=TRAILING path_exists=0 path_locked=0 path_ttl_ok=0 path_safe=0 on_spline=0 speed=0.00 raw_wpnts=0 raw_age=-s decision=TRAILING reason=NO_STATIC_PATH
1786870481.276 [STATIC_OT] state=TRAILING path_exists=0 path_locked=0 path_ttl_ok=0 path_safe=0 on_spline=0 speed=0.00 raw_wpnts=0 raw_age=-s decision=TRAILING reason=NO_STATIC_PATH
1786870481.339 [OBSTACLES] cur_s=20.40 cur_d=0.24 vs=0.00 n=2 [id=462 static=1 gap=0.08m d=0.69 size=0.33; id=458 static=1 gap=15.45m d=-0.10 size=0.38]
1786870481.506 [STATIC_OT] state=TRAILING path_exists=0 path_locked=0 path_ttl_ok=0 path_safe=0 on_spline=0 speed=0.00 raw_wpnts=0 raw_age=-s decision=TRAILING reason=NO_STATIC_PATH
1786870481.714 [STATIC_OT] state=TRAILING path_exists=0 path_locked=0 path_ttl_ok=0 path_safe=0 on_spline=0 speed=0.00 raw_wpnts=0 raw_age=-s decision=TRAILING reason=NO_STATIC_PATH
1786870481.847 [OBSTACLES] cur_s=20.41 cur_d=0.23 vs=0.00 n=2 [id=462 static=1 gap=0.08m d=0.69 size=0.32; id=458 static=1 gap=15.46m d=-0.10 size=0.36]
1786870481.973 [STATIC_OT] state=TRAILING path_exists=0 path_locked=0 path_ttl_ok=0 path_safe=0 on_spline=0 speed=0.00 raw_wpnts=0 raw_age=-s decision=TRAILING reason=NO_STATIC_PATH
1786870482.247 [STATIC_OT] state=TRAILING path_exists=0 path_locked=0 path_ttl_ok=0 path_safe=0 on_spline=0 speed=0.00 raw_wpnts=0 raw_age=-s decision=TRAILING reason=NO_STATIC_PATH
1786870482.432 [OBSTACLES] cur_s=20.40 cur_d=0.24 vs=0.00 n=2 [id=462 static=1 gap=0.08m d=0.69 size=0.33; id=458 static=1 gap=15.45m d=-0.10 size=0.38]
1786870482.543 [STATIC_OT] state=TRAILING path_exists=0 path_locked=0 path_ttl_ok=0 path_safe=0 on_spline=0 speed=0.00 raw_wpnts=0 raw_age=-s decision=TRAILING reason=NO_STATIC_PATH
1786870482.801 [STATIC_OT] state=TRAILING path_exists=0 path_locked=0 path_ttl_ok=0 path_safe=0 on_spline=0 speed=0.00 raw_wpnts=0 raw_age=-s decision=TRAILING reason=NO_STATIC_PATH
1786870483.007 [OBSTACLES] cur_s=20.40 cur_d=0.23 vs=0.00 n=2 [id=462 static=1 gap=0.07m d=0.69 size=0.34; id=458 static=1 gap=15.46m d=-0.10 size=0.37]
1786870483.013 [STATIC_OT] state=TRAILING path_exists=0 path_locked=0 path_ttl_ok=0 path_safe=0 on_spline=0 speed=0.00 raw_wpnts=0 raw_age=-s decision=TRAILING reason=NO_STATIC_PATH
1786870483.244 [STATIC_OT] state=TRAILING path_exists=0 path_locked=0 path_ttl_ok=0 path_safe=0 on_spline=0 speed=0.00 raw_wpnts=0 raw_age=-s decision=TRAILING reason=NO_STATIC_PATH
1786870483.491 [STATIC_OT] state=TRAILING path_exists=0 path_locked=0 path_ttl_ok=0 path_safe=0 on_spline=0 speed=0.00 raw_wpnts=0 raw_age=-s decision=TRAILING reason=NO_STATIC_PATH
1786870483.600 [OBSTACLES] cur_s=20.41 cur_d=0.23 vs=0.00 n=2 [id=462 static=1 gap=0.09m d=0.69 size=0.31; id=458 static=1 gap=15.45m d=-0.10 size=0.37]
1786870483.753 [STATIC_OT] state=TRAILING path_exists=0 path_locked=0 path_ttl_ok=0 path_safe=0 on_spline=0 speed=0.00 raw_wpnts=0 raw_age=-s decision=TRAILING reason=NO_STATIC_PATH
1786870484.079 [STATIC_OT] state=TRAILING path_exists=0 path_locked=0 path_ttl_ok=0 path_safe=0 on_spline=0 speed=0.00 raw_wpnts=0 raw_age=-s decision=TRAILING reason=NO_STATIC_PATH
1786870484.213 [OBSTACLES] cur_s=20.41 cur_d=0.23 vs=0.00 n=2 [id=462 static=1 gap=0.06m d=0.69 size=0.35; id=458 static=1 gap=15.45m d=-0.10 size=0.38]
1786870484.328 [STATIC_OT] state=TRAILING path_exists=0 path_locked=0 path_ttl_ok=0 path_safe=0 on_spline=0 speed=0.00 raw_wpnts=0 raw_age=-s decision=TRAILING reason=NO_STATIC_PATH
1786870484.552 [STATIC_OT] state=TRAILING path_exists=0 path_locked=0 path_ttl_ok=0 path_safe=0 on_spline=0 speed=0.00 raw_wpnts=0 raw_age=-s decision=TRAILING reason=NO_STATIC_PATH
1786870484.813 [OBSTACLES] cur_s=20.41 cur_d=0.23 vs=0.00 n=2 [id=462 static=1 gap=0.07m d=0.69 size=0.33; id=458 static=1 gap=15.45m d=-0.10 size=0.37]
1786870484.833 [STATIC_OT] state=TRAILING path_exists=0 path_locked=0 path_ttl_ok=0 path_safe=0 on_spline=0 speed=0.00 raw_wpnts=0 raw_age=-s decision=TRAILING reason=NO_STATIC_PATH
1786870485.156 [STATIC_OT] state=TRAILING path_exists=0 path_locked=0 path_ttl_ok=0 path_safe=0 on_spline=0 speed=0.00 raw_wpnts=0 raw_age=-s decision=TRAILING reason=NO_STATIC_PATH
1786870485.339 [OBSTACLES] cur_s=20.41 cur_d=0.23 vs=0.00 n=2 [id=462 static=1 gap=0.07m d=0.69 size=0.35; id=458 static=1 gap=15.46m d=-0.10 size=0.36]
1786870485.433 [STATIC_OT] state=TRAILING path_exists=0 path_locked=0 path_ttl_ok=0 path_safe=0 on_spline=0 speed=0.00 raw_wpnts=0 raw_age=-s decision=TRAILING reason=NO_STATIC_PATH
1786870485.686 [STATIC_OT] state=TRAILING path_exists=0 path_locked=0 path_ttl_ok=0 path_safe=0 on_spline=0 speed=0.00 raw_wpnts=0 raw_age=-s decision=TRAILING reason=NO_STATIC_PATH
1786870485.909 [OBSTACLES] cur_s=20.41 cur_d=0.23 vs=0.00 n=2 [id=462 static=1 gap=0.08m d=0.69 size=0.33; id=458 static=1 gap=15.45m d=-0.10 size=0.37]
1786870485.919 [STATIC_OT] state=TRAILING path_exists=0 path_locked=0 path_ttl_ok=0 path_safe=0 on_spline=0 speed=0.00 raw_wpnts=0 raw_age=-s decision=TRAILING reason=NO_STATIC_PATH
1786870486.124 [STATIC_OT] state=TRAILING path_exists=0 path_locked=0 path_ttl_ok=0 path_safe=0 on_spline=0 speed=0.00 raw_wpnts=0 raw_age=-s decision=TRAILING reason=NO_STATIC_PATH
1786870486.343 [STATIC_OT] state=TRAILING path_exists=0 path_locked=0 path_ttl_ok=0 path_safe=0 on_spline=0 speed=0.00 raw_wpnts=0 raw_age=-s decision=TRAILING reason=NO_STATIC_PATH
1786870486.413 [OBSTACLES] cur_s=20.41 cur_d=0.25 vs=0.00 n=2 [id=462 static=1 gap=0.08m d=0.69 size=0.33; id=458 static=1 gap=15.46m d=-0.10 size=0.37]
1786870486.599 [STATIC_OT] state=TRAILING path_exists=0 path_locked=0 path_ttl_ok=0 path_safe=0 on_spline=0 speed=0.00 raw_wpnts=0 raw_age=-s decision=TRAILING reason=NO_STATIC_PATH
1786870486.815 [STATIC_OT] state=TRAILING path_exists=0 path_locked=0 path_ttl_ok=0 path_safe=0 on_spline=0 speed=0.00 raw_wpnts=0 raw_age=-s decision=TRAILING reason=NO_STATIC_PATH
1786870486.991 [OBSTACLES] cur_s=20.41 cur_d=0.24 vs=0.00 n=2 [id=462 static=1 gap=0.08m d=0.69 size=0.32; id=458 static=1 gap=15.46m d=-0.10 size=0.36]
1786870487.091 [STATIC_OT] state=TRAILING path_exists=0 path_locked=0 path_ttl_ok=0 path_safe=0 on_spline=0 speed=0.00 raw_wpnts=0 raw_age=-s decision=TRAILING reason=NO_STATIC_PATH
1786870487.332 [STATIC_OT] state=TRAILING path_exists=0 path_locked=0 path_ttl_ok=0 path_safe=0 on_spline=0 speed=0.00 raw_wpnts=0 raw_age=-s decision=TRAILING reason=NO_STATIC_PATH
1786870487.503 [OBSTACLES] cur_s=20.41 cur_d=0.22 vs=0.00 n=2 [id=462 static=1 gap=0.07m d=0.69 size=0.34; id=458 static=1 gap=15.45m d=-0.10 size=0.38]
1786870487.582 [STATIC_OT] state=TRAILING path_exists=0 path_locked=0 path_ttl_ok=0 path_safe=0 on_spline=0 speed=0.00 raw_wpnts=0 raw_age=-s decision=TRAILING reason=NO_STATIC_PATH
1786870487.872 [STATIC_OT] state=TRAILING path_exists=0 path_locked=0 path_ttl_ok=0 path_safe=0 on_spline=0 speed=0.00 raw_wpnts=0 raw_age=-s decision=TRAILING reason=NO_STATIC_PATH
1786870488.015 [OBSTACLES] cur_s=20.41 cur_d=0.24 vs=0.00 n=2 [id=462 static=1 gap=0.09m d=0.69 size=0.31; id=458 static=1 gap=15.46m d=-0.10 size=0.36]
1786870488.164 [STATIC_OT] state=TRAILING path_exists=0 path_locked=0 path_ttl_ok=0 path_safe=0 on_spline=0 speed=0.00 raw_wpnts=0 raw_age=-s decision=TRAILING reason=NO_STATIC_PATH
1786870488.398 [STATIC_OT] state=TRAILING path_exists=0 path_locked=0 path_ttl_ok=0 path_safe=0 on_spline=0 speed=0.00 raw_wpnts=0 raw_age=-s decision=TRAILING reason=NO_STATIC_PATH
1786870488.561 [OBSTACLES] cur_s=20.41 cur_d=0.23 vs=0.00 n=2 [id=462 static=1 gap=0.07m d=0.69 size=0.33; id=458 static=1 gap=15.45m d=-0.10 size=0.38]
1786870488.635 [STATIC_OT] state=TRAILING path_exists=0 path_locked=0 path_ttl_ok=0 path_safe=0 on_spline=0 speed=0.00 raw_wpnts=0 raw_age=-s decision=TRAILING reason=NO_STATIC_PATH
1786870488.842 [STATIC_OT] state=TRAILING path_exists=0 path_locked=0 path_ttl_ok=0 path_safe=0 on_spline=0 speed=0.00 raw_wpnts=0 raw_age=-s decision=TRAILING reason=NO_STATIC_PATH
1786870489.092 [OBSTACLES] cur_s=20.41 cur_d=0.22 vs=0.00 n=2 [id=462 static=1 gap=0.08m d=0.69 size=0.32; id=458 static=1 gap=15.45m d=-0.10 size=0.37]
1786870489.094 [STATIC_OT] state=TRAILING path_exists=0 path_locked=0 path_ttl_ok=0 path_safe=0 on_spline=0 speed=0.00 raw_wpnts=0 raw_age=-s decision=TRAILING reason=NO_STATIC_PATH
1786870489.338 [STATIC_OT] state=TRAILING path_exists=0 path_locked=0 path_ttl_ok=0 path_safe=0 on_spline=0 speed=0.00 raw_wpnts=0 raw_age=-s decision=TRAILING reason=NO_STATIC_PATH
1786870489.591 [STATIC_OT] state=TRAILING path_exists=0 path_locked=0 path_ttl_ok=0 path_safe=0 on_spline=0 speed=0.00 raw_wpnts=0 raw_age=-s decision=TRAILING reason=NO_STATIC_PATH
1786870489.712 [OBSTACLES] cur_s=20.41 cur_d=0.23 vs=0.00 n=2 [id=462 static=1 gap=0.06m d=0.69 size=0.35; id=458 static=1 gap=15.45m d=-0.10 size=0.38]
1786870489.836 [STATIC_OT] state=TRAILING path_exists=0 path_locked=0 path_ttl_ok=0 path_safe=0 on_spline=0 speed=0.00 raw_wpnts=0 raw_age=-s decision=TRAILING reason=NO_STATIC_PATH
1786870490.039 [STATIC_OT] state=TRAILING path_exists=0 path_locked=0 path_ttl_ok=0 path_safe=0 on_spline=0 speed=0.00 raw_wpnts=0 raw_age=-s decision=TRAILING reason=NO_STATIC_PATH
1786870490.328 [OBSTACLES] cur_s=20.41 cur_d=0.23 vs=0.00 n=2 [id=462 static=1 gap=0.08m d=0.69 size=0.33; id=458 static=1 gap=15.45m d=-0.10 size=0.37]
1786870490.337 [STATIC_OT] state=TRAILING path_exists=0 path_locked=0 path_ttl_ok=0 path_safe=0 on_spline=0 speed=0.00 raw_wpnts=0 raw_age=-s decision=TRAILING reason=NO_STATIC_PATH
1786870490.612 [STATIC_OT] state=TRAILING path_exists=0 path_locked=0 path_ttl_ok=0 path_safe=0 on_spline=0 speed=0.00 raw_wpnts=0 raw_age=-s decision=TRAILING reason=NO_STATIC_PATH
1786870490.845 [OBSTACLES] cur_s=20.40 cur_d=0.24 vs=0.00 n=2 [id=462 static=1 gap=0.08m d=0.69 size=0.33; id=458 static=1 gap=15.45m d=-0.10 size=0.37]
1786870490.851 [STATIC_OT] state=TRAILING path_exists=0 path_locked=0 path_ttl_ok=0 path_safe=0 on_spline=0 speed=0.00 raw_wpnts=0 raw_age=-s decision=TRAILING reason=NO_STATIC_PATH
1786870491.088 [STATIC_OT] state=TRAILING path_exists=0 path_locked=0 path_ttl_ok=0 path_safe=0 on_spline=0 speed=0.00 raw_wpnts=0 raw_age=-s decision=TRAILING reason=NO_STATIC_PATH
1786870491.389 [OBSTACLES] cur_s=20.41 cur_d=0.23 vs=0.00 n=2 [id=462 static=1 gap=0.07m d=0.69 size=0.33; id=458 static=1 gap=15.46m d=-0.10 size=0.37]
1786870491.392 [STATIC_OT] state=TRAILING path_exists=0 path_locked=0 path_ttl_ok=0 path_safe=0 on_spline=0 speed=0.00 raw_wpnts=0 raw_age=-s decision=TRAILING reason=NO_STATIC_PATH
1786870491.672 [STATIC_OT] state=TRAILING path_exists=0 path_locked=0 path_ttl_ok=0 path_safe=0 on_spline=0 speed=0.00 raw_wpnts=0 raw_age=-s decision=TRAILING reason=NO_STATIC_PATH
1786870491.955 [OBSTACLES] cur_s=20.42 cur_d=0.22 vs=0.00 n=2 [id=462 static=1 gap=0.07m d=0.68 size=0.33; id=458 static=1 gap=15.45m d=-0.10 size=0.36]
1786870491.958 [STATIC_OT] state=TRAILING path_exists=0 path_locked=0 path_ttl_ok=0 path_safe=0 on_spline=0 speed=0.00 raw_wpnts=0 raw_age=-s decision=TRAILING reason=NO_STATIC_PATH
1786870492.183 [STATIC_OT] state=TRAILING path_exists=0 path_locked=0 path_ttl_ok=0 path_safe=0 on_spline=0 speed=0.00 raw_wpnts=0 raw_age=-s decision=TRAILING reason=NO_STATIC_PATH
1786870492.436 [STATIC_OT] state=TRAILING path_exists=0 path_locked=0 path_ttl_ok=0 path_safe=0 on_spline=0 speed=0.00 raw_wpnts=0 raw_age=-s decision=TRAILING reason=NO_STATIC_PATH
1786870492.518 [OBSTACLES] cur_s=20.41 cur_d=0.22 vs=0.00 n=2 [id=462 static=1 gap=0.07m d=0.68 size=0.33; id=458 static=1 gap=15.45m d=-0.10 size=0.37]
1786870492.701 [STATIC_OT] state=TRAILING path_exists=0 path_locked=0 path_ttl_ok=0 path_safe=0 on_spline=0 speed=0.00 raw_wpnts=0 raw_age=-s decision=TRAILING reason=NO_STATIC_PATH
1786870492.937 [STATIC_OT] state=TRAILING path_exists=0 path_locked=0 path_ttl_ok=0 path_safe=0 on_spline=0 speed=0.00 raw_wpnts=0 raw_age=-s decision=TRAILING reason=NO_STATIC_PATH
1786870493.090 [OBSTACLES] cur_s=20.41 cur_d=0.23 vs=0.00 n=2 [id=462 static=1 gap=0.08m d=0.68 size=0.32; id=458 static=1 gap=15.45m d=-0.10 size=0.38]
1786870493.198 [STATIC_OT] state=TRAILING path_exists=0 path_locked=0 path_ttl_ok=0 path_safe=0 on_spline=0 speed=0.00 raw_wpnts=0 raw_age=-s decision=TRAILING reason=NO_STATIC_PATH
1786870493.434 [STATIC_OT] state=TRAILING path_exists=0 path_locked=0 path_ttl_ok=0 path_safe=0 on_spline=0 speed=0.00 raw_wpnts=0 raw_age=-s decision=TRAILING reason=NO_STATIC_PATH
1786870493.621 [OBSTACLES] cur_s=20.42 cur_d=0.23 vs=0.00 n=2 [id=462 static=1 gap=0.07m d=0.68 size=0.33; id=458 static=1 gap=15.44m d=-0.10 size=0.38]
1786870493.686 [STATIC_OT] state=TRAILING path_exists=0 path_locked=0 path_ttl_ok=0 path_safe=0 on_spline=0 speed=0.00 raw_wpnts=0 raw_age=-s decision=TRAILING reason=NO_STATIC_PATH
1786870493.892 [STATIC_OT] state=TRAILING path_exists=0 path_locked=0 path_ttl_ok=0 path_safe=0 on_spline=0 speed=0.00 raw_wpnts=0 raw_age=-s decision=TRAILING reason=NO_STATIC_PATH
1786870494.124 [OBSTACLES] cur_s=20.41 cur_d=0.23 vs=0.00 n=2 [id=462 static=1 gap=0.08m d=0.68 size=0.32; id=458 static=1 gap=15.45m d=-0.10 size=0.37]
1786870494.136 [STATIC_OT] state=TRAILING path_exists=0 path_locked=0 path_ttl_ok=0 path_safe=0 on_spline=0 speed=0.00 raw_wpnts=0 raw_age=-s decision=TRAILING reason=NO_STATIC_PATH
1786870494.349 [STATIC_OT] state=TRAILING path_exists=0 path_locked=0 path_ttl_ok=0 path_safe=0 on_spline=0 speed=0.00 raw_wpnts=0 raw_age=-s decision=TRAILING reason=NO_STATIC_PATH
1786870494.626 [STATIC_OT] state=TRAILING path_exists=0 path_locked=0 path_ttl_ok=0 path_safe=0 on_spline=0 speed=0.00 raw_wpnts=0 raw_age=-s decision=TRAILING reason=NO_STATIC_PATH
1786870494.732 [OBSTACLES] cur_s=20.42 cur_d=0.23 vs=0.00 n=2 [id=462 static=1 gap=0.06m d=0.68 size=0.33; id=458 static=1 gap=15.44m d=-0.10 size=0.38]
1786870494.838 [STATIC_OT] state=TRAILING path_exists=0 path_locked=0 path_ttl_ok=0 path_safe=0 on_spline=0 speed=0.00 raw_wpnts=0 raw_age=-s decision=TRAILING reason=NO_STATIC_PATH
1786870495.126 [STATIC_OT] state=TRAILING path_exists=0 path_locked=0 path_ttl_ok=0 path_safe=0 on_spline=0 speed=0.00 raw_wpnts=0 raw_age=-s decision=TRAILING reason=NO_STATIC_PATH
1786870495.269 [OBSTACLES] cur_s=20.41 cur_d=0.24 vs=0.00 n=2 [id=462 static=1 gap=0.08m d=0.68 size=0.31; id=458 static=1 gap=15.45m d=-0.10 size=0.37]
1786870495.338 [STATIC_OT] state=TRAILING path_exists=0 path_locked=0 path_ttl_ok=0 path_safe=0 on_spline=0 speed=0.00 raw_wpnts=0 raw_age=-s decision=TRAILING reason=NO_STATIC_PATH
1786870495.556 [STATIC_OT] state=TRAILING path_exists=0 path_locked=0 path_ttl_ok=0 path_safe=0 on_spline=0 speed=0.00 raw_wpnts=0 raw_age=-s decision=TRAILING reason=NO_STATIC_PATH
1786870495.808 [OBSTACLES] cur_s=20.41 cur_d=0.23 vs=0.00 n=2 [id=462 static=1 gap=0.07m d=0.68 size=0.33; id=458 static=1 gap=15.45m d=-0.10 size=0.37]
1786870495.816 [STATIC_OT] state=TRAILING path_exists=0 path_locked=0 path_ttl_ok=0 path_safe=0 on_spline=0 speed=0.00 raw_wpnts=0 raw_age=-s decision=TRAILING reason=NO_STATIC_PATH
1786870496.066 [STATIC_OT] state=TRAILING path_exists=0 path_locked=0 path_ttl_ok=0 path_safe=0 on_spline=0 speed=0.00 raw_wpnts=0 raw_age=-s decision=TRAILING reason=NO_STATIC_PATH
1786870496.282 [STATIC_OT] state=TRAILING path_exists=0 path_locked=0 path_ttl_ok=0 path_safe=0 on_spline=0 speed=0.00 raw_wpnts=0 raw_age=-s decision=TRAILING reason=NO_STATIC_PATH
1786870496.371 [OBSTACLES] cur_s=20.41 cur_d=0.23 vs=0.00 n=2 [id=462 static=1 gap=0.07m d=0.68 size=0.33; id=458 static=1 gap=15.44m d=-0.10 size=0.38]
1786870496.630 [STATIC_OT] state=TRAILING path_exists=0 path_locked=0 path_ttl_ok=0 path_safe=0 on_spline=0 speed=0.00 raw_wpnts=0 raw_age=-s decision=TRAILING reason=NO_STATIC_PATH
1786870496.853 [STATIC_OT] state=TRAILING path_exists=0 path_locked=0 path_ttl_ok=0 path_safe=0 on_spline=0 speed=0.00 raw_wpnts=0 raw_age=-s decision=TRAILING reason=NO_STATIC_PATH
1786870496.946 [OBSTACLES] cur_s=20.42 cur_d=0.23 vs=0.00 n=2 [id=462 static=1 gap=0.06m d=0.68 size=0.34; id=458 static=1 gap=15.43m d=-0.10 size=0.39]
1786870497.101 [STATIC_OT] state=TRAILING path_exists=0 path_locked=0 path_ttl_ok=0 path_safe=0 on_spline=0 speed=0.00 raw_wpnts=0 raw_age=-s decision=TRAILING reason=NO_STATIC_PATH
1786870497.392 [STATIC_OT] state=TRAILING path_exists=0 path_locked=0 path_ttl_ok=0 path_safe=0 on_spline=0 speed=0.00 raw_wpnts=0 raw_age=-s decision=TRAILING reason=NO_STATIC_PATH
1786870497.472 [OBSTACLES] cur_s=20.42 cur_d=0.23 vs=0.00 n=2 [id=462 static=1 gap=0.07m d=0.68 size=0.32; id=458 static=1 gap=15.44m d=-0.10 size=0.37]
1786870497.636 [STATIC_OT] state=TRAILING path_exists=0 path_locked=0 path_ttl_ok=0 path_safe=0 on_spline=0 speed=0.00 raw_wpnts=0 raw_age=-s decision=TRAILING reason=NO_STATIC_PATH
1786870497.901 [STATIC_OT] state=TRAILING path_exists=0 path_locked=0 path_ttl_ok=0 path_safe=0 on_spline=0 speed=0.00 raw_wpnts=0 raw_age=-s decision=TRAILING reason=NO_STATIC_PATH
1786870497.992 [OBSTACLES] cur_s=20.42 cur_d=0.23 vs=0.00 n=2 [id=462 static=1 gap=0.03m d=0.68 size=0.40; id=458 static=1 gap=15.44m d=-0.10 size=0.37]
1786870498.158 [STATIC_OT] state=TRAILING path_exists=0 path_locked=0 path_ttl_ok=0 path_safe=0 on_spline=0 speed=0.00 raw_wpnts=0 raw_age=-s decision=TRAILING reason=NO_STATIC_PATH
1786870498.390 [STATIC_OT] state=TRAILING path_exists=0 path_locked=0 path_ttl_ok=0 path_safe=0 on_spline=0 speed=0.00 raw_wpnts=0 raw_age=-s decision=TRAILING reason=NO_STATIC_PATH
1786870498.566 [OBSTACLES] cur_s=20.41 cur_d=0.23 vs=0.00 n=2 [id=462 static=1 gap=0.08m d=0.68 size=0.32; id=458 static=1 gap=15.45m d=-0.10 size=0.37]
1786870498.651 [STATIC_OT] state=TRAILING path_exists=0 path_locked=0 path_ttl_ok=0 path_safe=0 on_spline=0 speed=0.00 raw_wpnts=0 raw_age=-s decision=TRAILING reason=NO_STATIC_PATH
1786870498.865 [STATIC_OT] state=TRAILING path_exists=0 path_locked=0 path_ttl_ok=0 path_safe=0 on_spline=0 speed=0.00 raw_wpnts=0 raw_age=-s decision=TRAILING reason=NO_STATIC_PATH
1786870499.102 [OBSTACLES] cur_s=20.41 cur_d=0.23 vs=0.00 n=2 [id=462 static=1 gap=0.08m d=0.68 size=0.32; id=458 static=1 gap=15.46m d=-0.10 size=0.36]
1786870499.105 [STATIC_OT] state=TRAILING path_exists=0 path_locked=0 path_ttl_ok=0 path_safe=0 on_spline=0 speed=0.00 raw_wpnts=0 raw_age=-s decision=TRAILING reason=NO_STATIC_PATH
1786870499.350 [STATIC_OT] state=TRAILING path_exists=0 path_locked=0 path_ttl_ok=0 path_safe=0 on_spline=0 speed=0.00 raw_wpnts=0 raw_age=-s decision=TRAILING reason=NO_STATIC_PATH
1786870499.651 [OBSTACLES] cur_s=20.41 cur_d=0.23 vs=0.00 n=2 [id=462 static=1 gap=0.05m d=0.68 size=0.37; id=458 static=1 gap=15.45m d=-0.10 size=0.38]
1786870499.653 [STATIC_OT] state=TRAILING path_exists=0 path_locked=0 path_ttl_ok=0 path_safe=0 on_spline=0 speed=0.00 raw_wpnts=0 raw_age=-s decision=TRAILING reason=NO_STATIC_PATH
1786870499.913 [STATIC_OT] state=TRAILING path_exists=0 path_locked=0 path_ttl_ok=0 path_safe=0 on_spline=0 speed=0.00 raw_wpnts=0 raw_age=-s decision=TRAILING reason=NO_STATIC_PATH
1786870500.190 [OBSTACLES] cur_s=20.42 cur_d=0.23 vs=0.00 n=2 [id=462 static=1 gap=0.07m d=0.68 size=0.32; id=458 static=1 gap=15.45m d=-0.10 size=0.36]
1786870500.193 [STATIC_OT] state=TRAILING path_exists=0 path_locked=0 path_ttl_ok=0 path_safe=0 on_spline=0 speed=0.00 raw_wpnts=0 raw_age=-s decision=TRAILING reason=NO_STATIC_PATH
1786870500.451 [STATIC_OT] state=TRAILING path_exists=0 path_locked=0 path_ttl_ok=0 path_safe=0 on_spline=0 speed=0.00 raw_wpnts=0 raw_age=-s decision=TRAILING reason=NO_STATIC_PATH
1786870500.653 [STATIC_OT] state=TRAILING path_exists=0 path_locked=0 path_ttl_ok=0 path_safe=0 on_spline=0 speed=0.00 raw_wpnts=0 raw_age=-s decision=TRAILING reason=NO_STATIC_PATH
1786870500.767 [OBSTACLES] cur_s=20.41 cur_d=0.23 vs=0.00 n=2 [id=462 static=1 gap=0.08m d=0.68 size=0.32; id=458 static=1 gap=15.44m d=-0.10 size=0.40]
1786870500.919 [STATIC_OT] state=TRAILING path_exists=0 path_locked=0 path_ttl_ok=0 path_safe=0 on_spline=0 speed=0.00 raw_wpnts=0 raw_age=-s decision=TRAILING reason=NO_STATIC_PATH
1786870501.207 [STATIC_OT] state=TRAILING path_exists=0 path_locked=0 path_ttl_ok=0 path_safe=0 on_spline=0 speed=0.00 raw_wpnts=0 raw_age=-s decision=TRAILING reason=NO_STATIC_PATH
1786870501.320 [OBSTACLES] cur_s=20.41 cur_d=0.23 vs=0.00 n=2 [id=462 static=1 gap=0.07m d=0.68 size=0.34; id=458 static=1 gap=15.46m d=-0.10 size=0.36]
1786870501.409 [STATIC_OT] state=TRAILING path_exists=0 path_locked=0 path_ttl_ok=0 path_safe=0 on_spline=0 speed=0.00 raw_wpnts=0 raw_age=-s decision=TRAILING reason=NO_STATIC_PATH
1786870501.639 [STATIC_OT] state=TRAILING path_exists=0 path_locked=0 path_ttl_ok=0 path_safe=0 on_spline=0 speed=0.00 raw_wpnts=0 raw_age=-s decision=TRAILING reason=NO_STATIC_PATH
1786870501.955 [OBSTACLES] cur_s=20.41 cur_d=0.22 vs=0.00 n=2 [id=462 static=1 gap=0.07m d=0.68 size=0.33; id=458 static=1 gap=15.46m d=-0.10 size=0.35]
1786870501.959 [STATIC_OT] state=TRAILING path_exists=0 path_locked=0 path_ttl_ok=0 path_safe=0 on_spline=0 speed=0.00 raw_wpnts=0 raw_age=-s decision=TRAILING reason=NO_STATIC_PATH
1786870502.216 [STATIC_OT] state=TRAILING path_exists=0 path_locked=0 path_ttl_ok=0 path_safe=0 on_spline=0 speed=0.00 raw_wpnts=0 raw_age=-s decision=TRAILING reason=NO_STATIC_PATH
1786870502.417 [STATIC_OT] state=TRAILING path_exists=0 path_locked=0 path_ttl_ok=0 path_safe=0 on_spline=0 speed=0.00 raw_wpnts=0 raw_age=-s decision=TRAILING reason=NO_STATIC_PATH
1786870502.502 [OBSTACLES] cur_s=20.41 cur_d=0.23 vs=0.00 n=2 [id=462 static=1 gap=0.08m d=0.68 size=0.32; id=458 static=1 gap=15.45m d=-0.10 size=0.38]
1786870502.649 [STATIC_OT] state=TRAILING path_exists=0 path_locked=0 path_ttl_ok=0 path_safe=0 on_spline=0 speed=0.00 raw_wpnts=0 raw_age=-s decision=TRAILING reason=NO_STATIC_PATH
1786870502.950 [STATIC_OT] state=TRAILING path_exists=0 path_locked=0 path_ttl_ok=0 path_safe=0 on_spline=0 speed=0.00 raw_wpnts=0 raw_age=-s decision=TRAILING reason=NO_STATIC_PATH
1786870503.031 [OBSTACLES] cur_s=20.41 cur_d=0.24 vs=0.00 n=2 [id=462 static=1 gap=0.07m d=0.68 size=0.34; id=458 static=1 gap=15.45m d=-0.10 size=0.38]
1786870503.180 [STATIC_OT] state=TRAILING path_exists=0 path_locked=0 path_ttl_ok=0 path_safe=0 on_spline=0 speed=0.00 raw_wpnts=0 raw_age=-s decision=TRAILING reason=NO_STATIC_PATH
1786870503.408 [STATIC_OT] state=TRAILING path_exists=0 path_locked=0 path_ttl_ok=0 path_safe=0 on_spline=0 speed=0.00 raw_wpnts=0 raw_age=-s decision=TRAILING reason=NO_STATIC_PATH
1786870503.588 [OBSTACLES] cur_s=20.41 cur_d=0.24 vs=0.00 n=2 [id=462 static=1 gap=0.06m d=0.68 size=0.35; id=458 static=1 gap=15.45m d=-0.10 size=0.37]
1786870503.681 [STATIC_OT] state=TRAILING path_exists=0 path_locked=0 path_ttl_ok=0 path_safe=0 on_spline=0 speed=0.00 raw_wpnts=0 raw_age=-s decision=TRAILING reason=NO_STATIC_PATH
1786870503.908 [STATIC_OT] state=TRAILING path_exists=0 path_locked=0 path_ttl_ok=0 path_safe=0 on_spline=0 speed=0.00 raw_wpnts=0 raw_age=-s decision=TRAILING reason=NO_STATIC_PATH
1786870504.109 [OBSTACLES] cur_s=20.41 cur_d=0.22 vs=0.00 n=2 [id=462 static=1 gap=0.05m d=0.68 size=0.37; id=458 static=1 gap=15.45m d=-0.10 size=0.37]
1786870504.114 [STATIC_OT] state=TRAILING path_exists=0 path_locked=0 path_ttl_ok=0 path_safe=0 on_spline=0 speed=0.00 raw_wpnts=0 raw_age=-s decision=TRAILING reason=NO_STATIC_PATH
1786870504.327 [STATIC_OT] state=TRAILING path_exists=0 path_locked=0 path_ttl_ok=0 path_safe=0 on_spline=0 speed=0.00 raw_wpnts=0 raw_age=-s decision=TRAILING reason=NO_STATIC_PATH
1786870504.527 [STATIC_OT] state=TRAILING path_exists=0 path_locked=0 path_ttl_ok=0 path_safe=0 on_spline=0 speed=0.00 raw_wpnts=0 raw_age=-s decision=TRAILING reason=NO_STATIC_PATH
1786870504.625 [OBSTACLES] cur_s=20.41 cur_d=0.23 vs=0.00 n=2 [id=462 static=1 gap=0.08m d=0.68 size=0.31; id=458 static=1 gap=15.45m d=-0.10 size=0.38]
1786870504.742 [STATIC_OT] state=TRAILING path_exists=0 path_locked=0 path_ttl_ok=0 path_safe=0 on_spline=0 speed=0.00 raw_wpnts=0 raw_age=-s decision=TRAILING reason=NO_STATIC_PATH
1786870504.972 [STATIC_OT] state=TRAILING path_exists=0 path_locked=0 path_ttl_ok=0 path_safe=0 on_spline=0 speed=0.00 raw_wpnts=0 raw_age=-s decision=TRAILING reason=NO_STATIC_PATH
1786870505.139 [OBSTACLES] cur_s=20.41 cur_d=0.23 vs=0.00 n=2 [id=462 static=1 gap=0.09m d=0.68 size=0.30; id=458 static=1 gap=15.45m d=-0.10 size=0.38]
1786870505.248 [STATIC_OT] state=TRAILING path_exists=0 path_locked=0 path_ttl_ok=0 path_safe=0 on_spline=0 speed=0.00 raw_wpnts=0 raw_age=-s decision=TRAILING reason=NO_STATIC_PATH
1786870505.465 [STATIC_OT] state=TRAILING path_exists=0 path_locked=0 path_ttl_ok=0 path_safe=0 on_spline=0 speed=0.00 raw_wpnts=0 raw_age=-s decision=TRAILING reason=NO_STATIC_PATH
1786870505.658 [OBSTACLES] cur_s=20.41 cur_d=0.23 vs=0.00 n=2 [id=462 static=1 gap=0.07m d=0.68 size=0.33; id=458 static=1 gap=15.45m d=-0.10 size=0.36]
1786870505.670 [STATIC_OT] state=TRAILING path_exists=0 path_locked=0 path_ttl_ok=0 path_safe=0 on_spline=0 speed=0.00 raw_wpnts=0 raw_age=-s decision=TRAILING reason=NO_STATIC_PATH
1786870505.877 [STATIC_OT] state=TRAILING path_exists=0 path_locked=0 path_ttl_ok=0 path_safe=0 on_spline=0 speed=0.00 raw_wpnts=0 raw_age=-s decision=TRAILING reason=NO_STATIC_PATH
1786870506.091 [STATIC_OT] state=TRAILING path_exists=0 path_locked=0 path_ttl_ok=0 path_safe=0 on_spline=0 speed=0.00 raw_wpnts=0 raw_age=-s decision=TRAILING reason=NO_STATIC_PATH
1786870506.174 [OBSTACLES] cur_s=20.40 cur_d=0.27 vs=0.00 n=2 [id=462 static=1 gap=0.08m d=0.68 size=0.33; id=458 static=1 gap=15.46m d=-0.10 size=0.37]
1786870506.334 [STATIC_OT] state=TRAILING path_exists=0 path_locked=0 path_ttl_ok=0 path_safe=0 on_spline=0 speed=0.00 raw_wpnts=0 raw_age=-s decision=TRAILING reason=NO_STATIC_PATH
1786870506.535 [STATIC_OT] state=TRAILING path_exists=0 path_locked=0 path_ttl_ok=0 path_safe=0 on_spline=0 speed=0.00 raw_wpnts=0 raw_age=-s decision=TRAILING reason=NO_STATIC_PATH
1786870506.702 [OBSTACLES] cur_s=20.41 cur_d=0.24 vs=0.00 n=2 [id=462 static=1 gap=0.08m d=0.68 size=0.31; id=458 static=1 gap=15.45m d=-0.10 size=0.38]
1786870506.780 [STATIC_OT] state=TRAILING path_exists=0 path_locked=0 path_ttl_ok=0 path_safe=0 on_spline=0 speed=0.00 raw_wpnts=0 raw_age=-s decision=TRAILING reason=NO_STATIC_PATH
1786870507.004 [STATIC_OT] state=TRAILING path_exists=0 path_locked=0 path_ttl_ok=0 path_safe=0 on_spline=0 speed=0.00 raw_wpnts=0 raw_age=-s decision=TRAILING reason=NO_STATIC_PATH
1786870507.252 [OBSTACLES] cur_s=20.40 cur_d=0.27 vs=0.00 n=2 [id=462 static=1 gap=0.09m d=0.68 size=0.31; id=458 static=1 gap=15.45m d=-0.10 size=0.39]
1786870507.258 [STATIC_OT] state=TRAILING path_exists=0 path_locked=0 path_ttl_ok=0 path_safe=0 on_spline=0 speed=0.00 raw_wpnts=0 raw_age=-s decision=TRAILING reason=NO_STATIC_PATH
1786870507.515 [STATIC_OT] state=TRAILING path_exists=0 path_locked=0 path_ttl_ok=0 path_safe=0 on_spline=0 speed=0.00 raw_wpnts=0 raw_age=-s decision=TRAILING reason=NO_STATIC_PATH
1786870507.735 [STATIC_OT] state=TRAILING path_exists=0 path_locked=0 path_ttl_ok=0 path_safe=0 on_spline=0 speed=0.00 raw_wpnts=0 raw_age=-s decision=TRAILING reason=NO_STATIC_PATH
1786870507.785 [OBSTACLES] cur_s=20.40 cur_d=0.25 vs=0.00 n=2 [id=462 static=1 gap=0.07m d=0.68 size=0.35; id=458 static=1 gap=15.46m d=-0.10 size=0.38]
1786870508.004 [STATIC_OT] state=TRAILING path_exists=0 path_locked=0 path_ttl_ok=0 path_safe=0 on_spline=0 speed=0.00 raw_wpnts=0 raw_age=-s decision=TRAILING reason=NO_STATIC_PATH
1786870508.211 [STATIC_OT] state=TRAILING path_exists=0 path_locked=0 path_ttl_ok=0 path_safe=0 on_spline=0 speed=0.00 raw_wpnts=0 raw_age=-s decision=TRAILING reason=NO_STATIC_PATH
1786870508.290 [OBSTACLES] cur_s=20.40 cur_d=0.24 vs=0.00 n=2 [id=462 static=1 gap=0.08m d=0.68 size=0.33; id=458 static=1 gap=15.47m d=-0.10 size=0.35]
1786870508.519 [STATIC_OT] state=TRAILING path_exists=0 path_locked=0 path_ttl_ok=0 path_safe=0 on_spline=0 speed=0.00 raw_wpnts=0 raw_age=-s decision=TRAILING reason=NO_STATIC_PATH
1786870508.776 [STATIC_OT] state=TRAILING path_exists=0 path_locked=0 path_ttl_ok=0 path_safe=0 on_spline=0 speed=0.00 raw_wpnts=0 raw_age=-s decision=TRAILING reason=NO_STATIC_PATH
1786870508.848 [OBSTACLES] cur_s=20.38 cur_d=0.30 vs=0.00 n=2 [id=462 static=1 gap=0.10m d=0.68 size=0.33; id=458 static=1 gap=15.48m d=-0.10 size=0.37]
1786870509.012 [STATIC_OT] state=TRAILING path_exists=0 path_locked=0 path_ttl_ok=0 path_safe=0 on_spline=0 speed=0.00 raw_wpnts=0 raw_age=-s decision=TRAILING reason=NO_STATIC_PATH
1786870509.236 [STATIC_OT] state=TRAILING path_exists=0 path_locked=0 path_ttl_ok=0 path_safe=0 on_spline=0 speed=0.00 raw_wpnts=0 raw_age=-s decision=TRAILING reason=NO_STATIC_PATH
1786870509.413 [OBSTACLES] cur_s=20.38 cur_d=0.31 vs=0.00 n=2 [id=462 static=1 gap=0.10m d=0.68 size=0.32; id=458 static=1 gap=15.48m d=-0.11 size=0.38]
1786870509.534 [STATIC_OT] state=TRAILING path_exists=0 path_locked=0 path_ttl_ok=0 path_safe=0 on_spline=0 speed=0.00 raw_wpnts=0 raw_age=-s decision=TRAILING reason=NO_STATIC_PATH
1786870509.744 [STATIC_OT] state=TRAILING path_exists=0 path_locked=0 path_ttl_ok=0 path_safe=0 on_spline=0 speed=0.00 raw_wpnts=0 raw_age=-s decision=TRAILING reason=NO_STATIC_PATH
1786870509.931 [OBSTACLES] cur_s=20.38 cur_d=0.30 vs=0.00 n=2 [id=462 static=1 gap=0.10m d=0.68 size=0.33; id=458 static=1 gap=15.48m d=-0.11 size=0.37]
1786870509.954 [STATIC_OT] state=TRAILING path_exists=0 path_locked=0 path_ttl_ok=0 path_safe=0 on_spline=0 speed=0.00 raw_wpnts=0 raw_age=-s decision=TRAILING reason=NO_STATIC_PATH
1786870510.218 [STATIC_OT] state=TRAILING path_exists=0 path_locked=0 path_ttl_ok=0 path_safe=0 on_spline=0 speed=0.00 raw_wpnts=0 raw_age=-s decision=TRAILING reason=NO_STATIC_PATH
1786870510.458 [OBSTACLES] cur_s=20.38 cur_d=0.31 vs=0.00 n=2 [id=462 static=1 gap=0.10m d=0.68 size=0.34; id=458 static=1 gap=15.48m d=-0.11 size=0.38]
1786870510.461 [STATIC_OT] state=TRAILING path_exists=0 path_locked=0 path_ttl_ok=0 path_safe=0 on_spline=0 speed=0.00 raw_wpnts=0 raw_age=-s decision=TRAILING reason=NO_STATIC_PATH
1786870510.728 [STATIC_OT] state=TRAILING path_exists=0 path_locked=0 path_ttl_ok=0 path_safe=0 on_spline=0 speed=0.00 raw_wpnts=0 raw_age=-s decision=TRAILING reason=NO_STATIC_PATH
1786870510.951 [STATIC_OT] state=TRAILING path_exists=0 path_locked=0 path_ttl_ok=0 path_safe=0 on_spline=0 speed=0.00 raw_wpnts=0 raw_age=-s decision=TRAILING reason=NO_STATIC_PATH
1786870511.041 [OBSTACLES] cur_s=20.38 cur_d=0.31 vs=0.00 n=2 [id=462 static=1 gap=0.10m d=0.68 size=0.33; id=458 static=1 gap=15.48m d=-0.11 size=0.38]
1786870511.192 [STATIC_OT] state=TRAILING path_exists=0 path_locked=0 path_ttl_ok=0 path_safe=0 on_spline=0 speed=0.00 raw_wpnts=0 raw_age=-s decision=TRAILING reason=NO_STATIC_PATH
1786870511.546 [OBSTACLES] cur_s=20.38 cur_d=0.31 vs=0.00 n=2 [id=462 static=1 gap=0.10m d=0.68 size=0.33; id=458 static=1 gap=15.47m d=-0.11 size=0.39]
1786870511.549 [STATIC_OT] state=TRAILING path_exists=0 path_locked=0 path_ttl_ok=0 path_safe=0 on_spline=0 speed=0.00 raw_wpnts=0 raw_age=-s decision=TRAILING reason=NO_STATIC_PATH
1786870511.811 [STATIC_OT] state=TRAILING path_exists=0 path_locked=0 path_ttl_ok=0 path_safe=0 on_spline=0 speed=0.00 raw_wpnts=0 raw_age=-s decision=TRAILING reason=NO_STATIC_PATH
1786870512.076 [OBSTACLES] cur_s=20.39 cur_d=0.31 vs=0.00 n=2 [id=462 static=1 gap=0.09m d=0.68 size=0.33; id=458 static=1 gap=15.48m d=-0.11 size=0.37]
1786870512.087 [STATIC_OT] state=TRAILING path_exists=0 path_locked=0 path_ttl_ok=0 path_safe=0 on_spline=0 speed=0.00 raw_wpnts=0 raw_age=-s decision=TRAILING reason=NO_STATIC_PATH
1786870512.326 [STATIC_OT] state=TRAILING path_exists=0 path_locked=0 path_ttl_ok=0 path_safe=0 on_spline=0 speed=0.00 raw_wpnts=0 raw_age=-s decision=TRAILING reason=NO_STATIC_PATH
1786870512.535 [STATIC_OT] state=TRAILING path_exists=0 path_locked=0 path_ttl_ok=0 path_safe=0 on_spline=0 speed=0.00 raw_wpnts=0 raw_age=-s decision=TRAILING reason=NO_STATIC_PATH
1786870512.585 [OBSTACLES] cur_s=20.38 cur_d=0.31 vs=0.00 n=2 [id=462 static=1 gap=0.10m d=0.68 size=0.32; id=458 static=1 gap=15.48m d=-0.11 size=0.38]
1786870512.781 [STATIC_OT] state=TRAILING path_exists=0 path_locked=0 path_ttl_ok=0 path_safe=0 on_spline=0 speed=0.00 raw_wpnts=0 raw_age=-s decision=TRAILING reason=NO_STATIC_PATH
1786870512.999 [STATIC_OT] state=TRAILING path_exists=0 path_locked=0 path_ttl_ok=0 path_safe=0 on_spline=0 speed=0.00 raw_wpnts=0 raw_age=-s decision=TRAILING reason=NO_STATIC_PATH
1786870513.103 [OBSTACLES] cur_s=20.38 cur_d=0.31 vs=0.00 n=2 [id=462 static=1 gap=0.10m d=0.68 size=0.32; id=458 static=1 gap=15.47m d=-0.11 size=0.38]
1786870513.247 [STATIC_OT] state=TRAILING path_exists=0 path_locked=0 path_ttl_ok=0 path_safe=0 on_spline=0 speed=0.00 raw_wpnts=0 raw_age=-s decision=TRAILING reason=NO_STATIC_PATH
1786870513.474 [STATIC_OT] state=TRAILING path_exists=0 path_locked=0 path_ttl_ok=0 path_safe=0 on_spline=0 speed=0.00 raw_wpnts=0 raw_age=-s decision=TRAILING reason=NO_STATIC_PATH
1786870513.681 [OBSTACLES] cur_s=20.39 cur_d=0.31 vs=0.00 n=2 [id=462 static=1 gap=0.09m d=0.68 size=0.32; id=458 static=1 gap=15.47m d=-0.11 size=0.37]
1786870513.692 [STATIC_OT] state=TRAILING path_exists=0 path_locked=0 path_ttl_ok=0 path_safe=0 on_spline=0 speed=0.00 raw_wpnts=0 raw_age=-s decision=TRAILING reason=NO_STATIC_PATH
1786870513.905 [STATIC_OT] state=TRAILING path_exists=0 path_locked=0 path_ttl_ok=0 path_safe=0 on_spline=0 speed=0.00 raw_wpnts=0 raw_age=-s decision=TRAILING reason=NO_STATIC_PATH
1786870514.126 [STATIC_OT] state=TRAILING path_exists=0 path_locked=0 path_ttl_ok=0 path_safe=0 on_spline=0 speed=0.00 raw_wpnts=0 raw_age=-s decision=TRAILING reason=NO_STATIC_PATH
1786870514.197 [OBSTACLES] cur_s=20.39 cur_d=0.30 vs=0.00 n=2 [id=462 static=1 gap=0.10m d=0.68 size=0.32; id=458 static=1 gap=15.48m d=-0.11 size=0.37]
1786870514.382 [STATIC_OT] state=TRAILING path_exists=0 path_locked=0 path_ttl_ok=0 path_safe=0 on_spline=0 speed=0.00 raw_wpnts=0 raw_age=-s decision=TRAILING reason=NO_STATIC_PATH
1786870514.592 [STATIC_OT] state=TRAILING path_exists=0 path_locked=0 path_ttl_ok=0 path_safe=0 on_spline=0 speed=0.00 raw_wpnts=0 raw_age=-s decision=TRAILING reason=NO_STATIC_PATH
1786870514.717 [OBSTACLES] cur_s=20.39 cur_d=0.31 vs=0.00 n=2 [id=462 static=1 gap=0.09m d=0.68 size=0.32; id=458 static=1 gap=15.48m d=-0.11 size=0.37]
1786870514.810 [STATIC_OT] state=TRAILING path_exists=0 path_locked=0 path_ttl_ok=0 path_safe=0 on_spline=0 speed=0.00 raw_wpnts=0 raw_age=-s decision=TRAILING reason=NO_STATIC_PATH
1786870515.048 [STATIC_OT] state=TRAILING path_exists=0 path_locked=0 path_ttl_ok=0 path_safe=0 on_spline=0 speed=0.00 raw_wpnts=0 raw_age=-s decision=TRAILING reason=NO_STATIC_PATH
1786870515.260 [OBSTACLES] cur_s=20.39 cur_d=0.31 vs=0.00 n=2 [id=462 static=1 gap=0.09m d=0.69 size=0.32; id=458 static=1 gap=15.47m d=-0.11 size=0.38]
1786870515.270 [STATIC_OT] state=TRAILING path_exists=0 path_locked=0 path_ttl_ok=0 path_safe=0 on_spline=0 speed=0.00 raw_wpnts=0 raw_age=-s decision=TRAILING reason=NO_STATIC_PATH
1786870515.592 [STATIC_OT] state=TRAILING path_exists=0 path_locked=0 path_ttl_ok=0 path_safe=0 on_spline=0 speed=0.00 raw_wpnts=0 raw_age=-s decision=TRAILING reason=NO_STATIC_PATH
1786870515.828 [OBSTACLES] cur_s=20.38 cur_d=0.31 vs=0.00 n=2 [id=462 static=1 gap=0.10m d=0.69 size=0.34; id=458 static=1 gap=15.49m d=-0.11 size=0.36]
1786870515.832 [STATIC_OT] state=TRAILING path_exists=0 path_locked=0 path_ttl_ok=0 path_safe=0 on_spline=0 speed=0.00 raw_wpnts=0 raw_age=-s decision=TRAILING reason=NO_STATIC_PATH
1786870516.061 [STATIC_OT] state=TRAILING path_exists=0 path_locked=0 path_ttl_ok=0 path_safe=0 on_spline=0 speed=0.00 raw_wpnts=0 raw_age=-s decision=TRAILING reason=NO_STATIC_PATH
1786870516.361 [OBSTACLES] cur_s=20.38 cur_d=0.31 vs=0.00 n=2 [id=462 static=1 gap=0.10m d=0.69 size=0.32; id=458 static=1 gap=15.49m d=-0.11 size=0.36]
1786870516.370 [STATIC_OT] state=TRAILING path_exists=0 path_locked=0 path_ttl_ok=0 path_safe=0 on_spline=0 speed=0.00 raw_wpnts=0 raw_age=-s decision=TRAILING reason=NO_STATIC_PATH
1786870516.646 [STATIC_OT] state=TRAILING path_exists=0 path_locked=0 path_ttl_ok=0 path_safe=0 on_spline=0 speed=0.00 raw_wpnts=0 raw_age=-s decision=TRAILING reason=NO_STATIC_PATH
1786870516.970 [OBSTACLES] cur_s=20.39 cur_d=0.31 vs=0.00 n=2 [id=462 static=1 gap=0.09m d=0.69 size=0.32; id=458 static=1 gap=15.46m d=-0.11 size=0.39]
1786870516.977 [STATIC_OT] state=TRAILING path_exists=0 path_locked=0 path_ttl_ok=0 path_safe=0 on_spline=0 speed=0.00 raw_wpnts=0 raw_age=-s decision=TRAILING reason=NO_STATIC_PATH
1786870517.281 [STATIC_OT] state=TRAILING path_exists=0 path_locked=0 path_ttl_ok=0 path_safe=0 on_spline=0 speed=0.00 raw_wpnts=0 raw_age=-s decision=TRAILING reason=NO_STATIC_PATH
1786870517.526 [OBSTACLES] cur_s=20.38 cur_d=0.31 vs=0.00 n=2 [id=462 static=1 gap=0.10m d=0.69 size=0.31; id=458 static=1 gap=15.48m d=-0.11 size=0.37]
1786870517.533 [STATIC_OT] state=TRAILING path_exists=0 path_locked=0 path_ttl_ok=0 path_safe=0 on_spline=0 speed=0.00 raw_wpnts=0 raw_age=-s decision=TRAILING reason=NO_STATIC_PATH
1786870517.741 [STATIC_OT] state=TRAILING path_exists=0 path_locked=0 path_ttl_ok=0 path_safe=0 on_spline=0 speed=0.00 raw_wpnts=0 raw_age=-s decision=TRAILING reason=NO_STATIC_PATH
1786870517.969 [STATIC_OT] state=TRAILING path_exists=0 path_locked=0 path_ttl_ok=0 path_safe=0 on_spline=0 speed=0.00 raw_wpnts=0 raw_age=-s decision=TRAILING reason=NO_STATIC_PATH
1786870518.027 [OBSTACLES] cur_s=20.38 cur_d=0.31 vs=0.00 n=2 [id=462 static=1 gap=0.10m d=0.69 size=0.33; id=458 static=1 gap=15.48m d=-0.11 size=0.37]
1786870518.248 [STATIC_OT] state=TRAILING path_exists=0 path_locked=0 path_ttl_ok=0 path_safe=0 on_spline=0 speed=0.00 raw_wpnts=0 raw_age=-s decision=TRAILING reason=NO_STATIC_PATH
1786870518.492 [STATIC_OT] state=TRAILING path_exists=0 path_locked=0 path_ttl_ok=0 path_safe=0 on_spline=0 speed=0.00 raw_wpnts=0 raw_age=-s decision=TRAILING reason=NO_STATIC_PATH
1786870518.577 [OBSTACLES] cur_s=20.39 cur_d=0.31 vs=0.00 n=2 [id=462 static=1 gap=0.09m d=0.69 size=0.32; id=458 static=1 gap=15.48m d=-0.11 size=0.37]
1786870518.727 [STATIC_OT] state=TRAILING path_exists=0 path_locked=0 path_ttl_ok=0 path_safe=0 on_spline=0 speed=0.00 raw_wpnts=0 raw_age=-s decision=TRAILING reason=NO_STATIC_PATH
1786870518.992 [STATIC_OT] state=TRAILING path_exists=0 path_locked=0 path_ttl_ok=0 path_safe=0 on_spline=0 speed=0.00 raw_wpnts=0 raw_age=-s decision=TRAILING reason=NO_STATIC_PATH
1786870519.086 [OBSTACLES] cur_s=20.38 cur_d=0.31 vs=0.00 n=2 [id=462 static=1 gap=0.10m d=0.69 size=0.32; id=458 static=1 gap=15.48m d=-0.11 size=0.38]
1786870519.272 [STATIC_OT] state=TRAILING path_exists=0 path_locked=0 path_ttl_ok=0 path_safe=0 on_spline=0 speed=0.00 raw_wpnts=0 raw_age=-s decision=TRAILING reason=NO_STATIC_PATH
1786870519.532 [STATIC_OT] state=TRAILING path_exists=0 path_locked=0 path_ttl_ok=0 path_safe=0 on_spline=0 speed=0.00 raw_wpnts=0 raw_age=-s decision=TRAILING reason=NO_STATIC_PATH
1786870519.589 [OBSTACLES] cur_s=20.38 cur_d=0.31 vs=0.00 n=2 [id=462 static=1 gap=0.11m d=0.69 size=0.31; id=458 static=1 gap=15.48m d=-0.11 size=0.37]
1786870519.758 [STATIC_OT] state=TRAILING path_exists=0 path_locked=0 path_ttl_ok=0 path_safe=0 on_spline=0 speed=0.00 raw_wpnts=0 raw_age=-s decision=TRAILING reason=NO_STATIC_PATH
1786870520.001 [STATIC_OT] state=TRAILING path_exists=0 path_locked=0 path_ttl_ok=0 path_safe=0 on_spline=0 speed=0.00 raw_wpnts=0 raw_age=-s decision=TRAILING reason=NO_STATIC_PATH
1786870520.167 [OBSTACLES] cur_s=20.39 cur_d=0.31 vs=0.00 n=2 [id=462 static=1 gap=0.09m d=0.69 size=0.32; id=458 static=1 gap=15.47m d=-0.11 size=0.38]
1786870520.243 [STATIC_OT] state=TRAILING path_exists=0 path_locked=0 path_ttl_ok=0 path_safe=0 on_spline=0 speed=0.00 raw_wpnts=0 raw_age=-s decision=TRAILING reason=NO_STATIC_PATH
1786870520.494 [STATIC_OT] state=TRAILING path_exists=0 path_locked=0 path_ttl_ok=0 path_safe=0 on_spline=0 speed=0.00 raw_wpnts=0 raw_age=-s decision=TRAILING reason=NO_STATIC_PATH
1786870520.707 [OBSTACLES] cur_s=20.39 cur_d=0.30 vs=0.00 n=2 [id=462 static=1 gap=0.10m d=0.69 size=0.31; id=458 static=1 gap=15.47m d=-0.11 size=0.38]
1786870520.719 [STATIC_OT] state=TRAILING path_exists=0 path_locked=0 path_ttl_ok=0 path_safe=0 on_spline=0 speed=0.00 raw_wpnts=0 raw_age=-s decision=TRAILING reason=NO_STATIC_PATH
1786870520.958 [STATIC_OT] state=TRAILING path_exists=0 path_locked=0 path_ttl_ok=0 path_safe=0 on_spline=0 speed=0.00 raw_wpnts=0 raw_age=-s decision=TRAILING reason=NO_STATIC_PATH
1786870521.346 [OBSTACLES] cur_s=20.38 cur_d=0.31 vs=0.00 n=2 [id=462 static=1 gap=0.08m d=0.69 size=0.36; id=458 static=1 gap=15.49m d=-0.11 size=0.35]
1786870521.354 [STATIC_OT] state=TRAILING path_exists=0 path_locked=0 path_ttl_ok=0 path_safe=0 on_spline=0 speed=0.00 raw_wpnts=0 raw_age=-s decision=TRAILING reason=NO_STATIC_PATH
1786870521.575 [STATIC_OT] state=TRAILING path_exists=0 path_locked=0 path_ttl_ok=0 path_safe=0 on_spline=0 speed=0.00 raw_wpnts=0 raw_age=-s decision=TRAILING reason=NO_STATIC_PATH
1786870521.786 [STATIC_OT] state=TRAILING path_exists=0 path_locked=0 path_ttl_ok=0 path_safe=0 on_spline=0 speed=0.00 raw_wpnts=0 raw_age=-s decision=TRAILING reason=NO_STATIC_PATH
1786870521.869 [OBSTACLES] cur_s=20.38 cur_d=0.30 vs=0.00 n=2 [id=462 static=1 gap=0.09m d=0.69 size=0.35; id=458 static=1 gap=15.47m d=-0.11 size=0.39]
1786870522.053 [STATIC_OT] state=TRAILING path_exists=0 path_locked=0 path_ttl_ok=0 path_safe=0 on_spline=0 speed=0.00 raw_wpnts=0 raw_age=-s decision=TRAILING reason=NO_STATIC_PATH
1786870522.397 [OBSTACLES] cur_s=20.39 cur_d=0.31 vs=0.00 n=2 [id=462 static=1 gap=0.10m d=0.69 size=0.31; id=458 static=1 gap=15.47m d=-0.11 size=0.38]
1786870522.416 [STATIC_OT] state=TRAILING path_exists=0 path_locked=0 path_ttl_ok=0 path_safe=0 on_spline=0 speed=0.00 raw_wpnts=0 raw_age=-s decision=TRAILING reason=NO_STATIC_PATH
1786870522.669 [STATIC_OT] state=TRAILING path_exists=0 path_locked=0 path_ttl_ok=0 path_safe=0 on_spline=0 speed=0.00 raw_wpnts=0 raw_age=-s decision=TRAILING reason=NO_STATIC_PATH
1786870522.942 [OBSTACLES] cur_s=20.38 cur_d=0.31 vs=0.00 n=2 [id=462 static=1 gap=0.10m d=0.69 size=0.33; id=458 static=1 gap=15.49m d=-0.11 size=0.36]
1786870522.951 [STATIC_OT] state=TRAILING path_exists=0 path_locked=0 path_ttl_ok=0 path_safe=0 on_spline=0 speed=0.00 raw_wpnts=0 raw_age=-s decision=TRAILING reason=NO_STATIC_PATH
1786870523.202 [STATIC_OT] state=TRAILING path_exists=0 path_locked=0 path_ttl_ok=0 path_safe=0 on_spline=0 speed=0.00 raw_wpnts=0 raw_age=-s decision=TRAILING reason=NO_STATIC_PATH
1786870523.408 [STATIC_OT] state=TRAILING path_exists=0 path_locked=0 path_ttl_ok=0 path_safe=0 on_spline=0 speed=0.00 raw_wpnts=0 raw_age=-s decision=TRAILING reason=NO_STATIC_PATH
1786870523.511 [OBSTACLES] cur_s=20.39 cur_d=0.31 vs=0.00 n=2 [id=462 static=1 gap=0.09m d=0.69 size=0.31; id=458 static=1 gap=15.48m d=-0.11 size=0.36]
1786870523.656 [STATIC_OT] state=TRAILING path_exists=0 path_locked=0 path_ttl_ok=0 path_safe=0 on_spline=0 speed=0.00 raw_wpnts=0 raw_age=-s decision=TRAILING reason=NO_STATIC_PATH
1786870523.919 [STATIC_OT] state=TRAILING path_exists=0 path_locked=0 path_ttl_ok=0 path_safe=0 on_spline=0 speed=0.00 raw_wpnts=0 raw_age=-s decision=TRAILING reason=NO_STATIC_PATH
1786870524.121 [OBSTACLES] cur_s=20.39 cur_d=0.30 vs=0.00 n=2 [id=462 static=1 gap=0.10m d=0.69 size=0.31; id=458 static=1 gap=15.47m d=-0.11 size=0.36]
1786870524.136 [STATIC_OT] state=TRAILING path_exists=0 path_locked=0 path_ttl_ok=0 path_safe=0 on_spline=0 speed=0.00 raw_wpnts=0 raw_age=-s decision=TRAILING reason=NO_STATIC_PATH
1786870524.403 [STATIC_OT] state=TRAILING path_exists=0 path_locked=0 path_ttl_ok=0 path_safe=0 on_spline=0 speed=0.00 raw_wpnts=0 raw_age=-s decision=TRAILING reason=NO_STATIC_PATH
1786870524.654 [OBSTACLES] cur_s=20.38 cur_d=0.31 vs=0.00 n=2 [id=462 static=1 gap=0.09m d=0.69 size=0.33; id=458 static=1 gap=15.48m d=-0.11 size=0.36]
1786870524.674 [STATIC_OT] state=TRAILING path_exists=0 path_locked=0 path_ttl_ok=0 path_safe=0 on_spline=0 speed=0.00 raw_wpnts=0 raw_age=-s decision=TRAILING reason=NO_STATIC_PATH
1786870524.919 [STATIC_OT] state=TRAILING path_exists=0 path_locked=0 path_ttl_ok=0 path_safe=0 on_spline=0 speed=0.00 raw_wpnts=0 raw_age=-s decision=TRAILING reason=NO_STATIC_PATH
1786870525.178 [OBSTACLES] cur_s=20.38 cur_d=0.31 vs=0.00 n=2 [id=462 static=1 gap=0.09m d=0.69 size=0.33; id=458 static=1 gap=15.48m d=-0.11 size=0.37]
1786870525.187 [STATIC_OT] state=TRAILING path_exists=0 path_locked=0 path_ttl_ok=0 path_safe=0 on_spline=0 speed=0.00 raw_wpnts=0 raw_age=-s decision=TRAILING reason=NO_STATIC_PATH
1786870525.423 [STATIC_OT] state=TRAILING path_exists=0 path_locked=0 path_ttl_ok=0 path_safe=0 on_spline=0 speed=0.00 raw_wpnts=0 raw_age=-s decision=TRAILING reason=NO_STATIC_PATH
1786870525.669 [STATIC_OT] state=TRAILING path_exists=0 path_locked=0 path_ttl_ok=0 path_safe=0 on_spline=0 speed=0.00 raw_wpnts=0 raw_age=-s decision=TRAILING reason=NO_STATIC_PATH
1786870525.712 [OBSTACLES] cur_s=20.39 cur_d=0.31 vs=0.00 n=2 [id=462 static=1 gap=0.10m d=0.69 size=0.31; id=458 static=1 gap=15.47m d=-0.11 size=0.37]
1786870525.879 [STATIC_OT] state=TRAILING path_exists=0 path_locked=0 path_ttl_ok=0 path_safe=0 on_spline=0 speed=0.00 raw_wpnts=0 raw_age=-s decision=TRAILING reason=NO_STATIC_PATH
1786870526.182 [STATIC_OT] state=TRAILING path_exists=0 path_locked=0 path_ttl_ok=0 path_safe=0 on_spline=0 speed=0.00 raw_wpnts=0 raw_age=-s decision=TRAILING reason=NO_STATIC_PATH
1786870526.278 [OBSTACLES] cur_s=20.38 cur_d=0.31 vs=0.00 n=2 [id=462 static=1 gap=0.10m d=0.69 size=0.32; id=458 static=1 gap=15.48m d=-0.11 size=0.37]
1786870526.417 [STATIC_OT] state=TRAILING path_exists=0 path_locked=0 path_ttl_ok=0 path_safe=0 on_spline=0 speed=0.00 raw_wpnts=0 raw_age=-s decision=TRAILING reason=NO_STATIC_PATH
1786870526.648 [STATIC_OT] state=TRAILING path_exists=0 path_locked=0 path_ttl_ok=0 path_safe=0 on_spline=0 speed=0.00 raw_wpnts=0 raw_age=-s decision=TRAILING reason=NO_STATIC_PATH
1786870526.788 [OBSTACLES] cur_s=20.39 cur_d=0.30 vs=0.00 n=2 [id=462 static=1 gap=0.08m d=0.69 size=0.33; id=458 static=1 gap=15.46m d=-0.11 size=0.39]
1786870526.860 [STATIC_OT] state=TRAILING path_exists=0 path_locked=0 path_ttl_ok=0 path_safe=0 on_spline=0 speed=0.00 raw_wpnts=0 raw_age=-s decision=TRAILING reason=NO_STATIC_PATH
1786870527.082 [STATIC_OT] state=TRAILING path_exists=0 path_locked=0 path_ttl_ok=0 path_safe=0 on_spline=0 speed=0.00 raw_wpnts=0 raw_age=-s decision=TRAILING reason=NO_STATIC_PATH
1786870527.290 [OBSTACLES] cur_s=20.41 cur_d=0.24 vs=0.00 n=2 [id=462 static=1 gap=0.08m d=0.69 size=0.32; id=458 static=1 gap=15.46m d=-0.11 size=0.37]
1786870527.298 [STATIC_OT] state=TRAILING path_exists=0 path_locked=0 path_ttl_ok=0 path_safe=0 on_spline=0 speed=0.00 raw_wpnts=0 raw_age=-s decision=TRAILING reason=NO_STATIC_PATH
1786870527.514 [STATIC_OT] state=TRAILING path_exists=0 path_locked=0 path_ttl_ok=0 path_safe=0 on_spline=0 speed=0.00 raw_wpnts=0 raw_age=-s decision=TRAILING reason=NO_STATIC_PATH
1786870527.744 [STATIC_OT] state=TRAILING path_exists=0 path_locked=0 path_ttl_ok=0 path_safe=0 on_spline=0 speed=0.00 raw_wpnts=0 raw_age=-s decision=TRAILING reason=NO_STATIC_PATH
1786870527.809 [OBSTACLES] cur_s=20.40 cur_d=0.24 vs=0.00 n=2 [id=462 static=1 gap=0.08m d=0.69 size=0.32; id=458 static=1 gap=15.47m d=-0.11 size=0.37]
1786870527.956 [STATIC_OT] state=TRAILING path_exists=0 path_locked=0 path_ttl_ok=0 path_safe=0 on_spline=0 speed=0.00 raw_wpnts=0 raw_age=-s decision=TRAILING reason=NO_STATIC_PATH
1786870528.208 [STATIC_OT] state=TRAILING path_exists=0 path_locked=0 path_ttl_ok=0 path_safe=0 on_spline=0 speed=0.00 raw_wpnts=0 raw_age=-s decision=TRAILING reason=NO_STATIC_PATH
1786870528.340 [OBSTACLES] cur_s=20.38 cur_d=0.30 vs=0.00 n=2 [id=462 static=1 gap=0.09m d=0.69 size=0.33; id=458 static=1 gap=15.48m d=-0.11 size=0.36]
1786870528.461 [STATIC_OT] state=TRAILING path_exists=0 path_locked=0 path_ttl_ok=0 path_safe=0 on_spline=0 speed=0.00 raw_wpnts=0 raw_age=-s decision=TRAILING reason=NO_STATIC_PATH
1786870528.727 [STATIC_OT] state=TRAILING path_exists=0 path_locked=0 path_ttl_ok=0 path_safe=0 on_spline=0 speed=0.00 raw_wpnts=0 raw_age=-s decision=TRAILING reason=NO_STATIC_PATH
1786870528.870 [OBSTACLES] cur_s=20.39 cur_d=0.31 vs=0.00 n=2 [id=462 static=1 gap=0.09m d=0.69 size=0.32; id=458 static=1 gap=15.48m d=-0.11 size=0.37]
1786870528.938 [STATIC_OT] state=TRAILING path_exists=0 path_locked=0 path_ttl_ok=0 path_safe=0 on_spline=0 speed=0.00 raw_wpnts=0 raw_age=-s decision=TRAILING reason=NO_STATIC_PATH
1786870529.194 [STATIC_OT] state=TRAILING path_exists=0 path_locked=0 path_ttl_ok=0 path_safe=0 on_spline=0 speed=0.00 raw_wpnts=0 raw_age=-s decision=TRAILING reason=NO_STATIC_PATH
1786870529.402 [OBSTACLES] cur_s=20.38 cur_d=0.31 vs=0.00 n=2 [id=462 static=1 gap=0.09m d=0.69 size=0.34; id=458 static=1 gap=15.49m d=-0.11 size=0.36]
1786870529.406 [STATIC_OT] state=TRAILING path_exists=0 path_locked=0 path_ttl_ok=0 path_safe=0 on_spline=0 speed=0.00 raw_wpnts=0 raw_age=-s decision=TRAILING reason=NO_STATIC_PATH
1786870529.630 [STATIC_OT] state=TRAILING path_exists=0 path_locked=0 path_ttl_ok=0 path_safe=0 on_spline=0 speed=0.00 raw_wpnts=0 raw_age=-s decision=TRAILING reason=NO_STATIC_PATH
1786870529.906 [STATIC_OT] state=TRAILING path_exists=0 path_locked=0 path_ttl_ok=0 path_safe=0 on_spline=0 speed=0.00 raw_wpnts=0 raw_age=-s decision=TRAILING reason=NO_STATIC_PATH
1786870529.990 [OBSTACLES] cur_s=20.38 cur_d=0.30 vs=0.00 n=2 [id=462 static=1 gap=0.09m d=0.69 size=0.33; id=458 static=1 gap=15.49m d=-0.11 size=0.36]
1786870530.176 [STATIC_OT] state=TRAILING path_exists=0 path_locked=0 path_ttl_ok=0 path_safe=0 on_spline=0 speed=0.00 raw_wpnts=0 raw_age=-s decision=TRAILING reason=NO_STATIC_PATH
1786870530.417 [STATIC_OT] state=TRAILING path_exists=0 path_locked=0 path_ttl_ok=0 path_safe=0 on_spline=0 speed=0.00 raw_wpnts=0 raw_age=-s decision=TRAILING reason=NO_STATIC_PATH
1786870530.697 [OBSTACLES] cur_s=20.40 cur_d=0.29 vs=0.00 n=2 [id=462 static=1 gap=0.08m d=0.70 size=0.32; id=458 static=1 gap=15.47m d=-0.11 size=0.37]
1786870530.699 [STATIC_OT] state=TRAILING path_exists=0 path_locked=0 path_ttl_ok=0 path_safe=0 on_spline=0 speed=0.00 raw_wpnts=0 raw_age=-s decision=TRAILING reason=NO_STATIC_PATH
1786870530.945 [STATIC_OT] state=TRAILING path_exists=0 path_locked=0 path_ttl_ok=0 path_safe=0 on_spline=0 speed=0.00 raw_wpnts=0 raw_age=-s decision=TRAILING reason=NO_STATIC_PATH
1786870531.149 [STATIC_OT] state=TRAILING path_exists=0 path_locked=0 path_ttl_ok=0 path_safe=0 on_spline=0 speed=0.00 raw_wpnts=0 raw_age=-s decision=TRAILING reason=NO_STATIC_PATH
1786870531.292 [OBSTACLES] cur_s=20.38 cur_d=0.31 vs=0.00 n=1 [id=458 static=1 gap=15.49m d=-0.11 size=0.36]
1786870531.375 [STATIC_OT] state=TRAILING path_exists=0 path_locked=0 path_ttl_ok=0 path_safe=0 on_spline=0 speed=0.00 raw_wpnts=0 raw_age=-s decision=TRAILING reason=NO_STATIC_PATH
1786870531.637 [STATIC_OT] state=TRAILING path_exists=0 path_locked=0 path_ttl_ok=0 path_safe=0 on_spline=0 speed=0.00 raw_wpnts=0 raw_age=-s decision=TRAILING reason=NO_STATIC_PATH
1786870531.839 [OBSTACLES] cur_s=20.42 cur_d=0.23 vs=0.00 n=2 [id=462 static=0 gap=0.05m d=0.69 size=0.36; id=458 static=1 gap=15.43m d=-0.11 size=0.39]
1786870531.843 [STATIC_OT] state=TRAILING path_exists=0 path_locked=0 path_ttl_ok=0 path_safe=0 on_spline=0 speed=0.00 raw_wpnts=0 raw_age=-s decision=TRAILING reason=NO_STATIC_PATH
1786870532.059 [STATIC_OT] state=TRAILING path_exists=0 path_locked=0 path_ttl_ok=0 path_safe=0 on_spline=0 speed=0.00 raw_wpnts=0 raw_age=-s decision=TRAILING reason=NO_STATIC_PATH
1786870532.278 [STATIC_OT] state=TRAILING path_exists=0 path_locked=0 path_ttl_ok=0 path_safe=0 on_spline=0 speed=0.00 raw_wpnts=0 raw_age=-s decision=TRAILING reason=NO_STATIC_PATH
1786870532.355 [OBSTACLES] cur_s=20.42 cur_d=0.23 vs=0.00 n=2 [id=462 static=1 gap=0.06m d=0.68 size=0.34; id=458 static=1 gap=15.44m d=-0.11 size=0.36]
1786870532.521 [STATIC_OT] state=TRAILING path_exists=0 path_locked=0 path_ttl_ok=0 path_safe=0 on_spline=0 speed=0.00 raw_wpnts=0 raw_age=-s decision=TRAILING reason=NO_STATIC_PATH
1786870532.805 [STATIC_OT] state=TRAILING path_exists=0 path_locked=0 path_ttl_ok=0 path_safe=0 on_spline=0 speed=0.00 raw_wpnts=0 raw_age=-s decision=TRAILING reason=NO_STATIC_PATH
1786870532.913 [OBSTACLES] cur_s=20.41 cur_d=0.23 vs=0.00 n=2 [id=462 static=1 gap=0.07m d=0.67 size=0.34; id=458 static=1 gap=15.45m d=-0.11 size=0.37]
1786870533.012 [STATIC_OT] state=TRAILING path_exists=0 path_locked=0 path_ttl_ok=0 path_safe=0 on_spline=0 speed=0.00 raw_wpnts=0 raw_age=-s decision=TRAILING reason=NO_STATIC_PATH
1786870533.210 [STATIC_OT] state=TRAILING path_exists=0 path_locked=0 path_ttl_ok=0 path_safe=0 on_spline=0 speed=0.00 raw_wpnts=0 raw_age=-s decision=TRAILING reason=NO_STATIC_PATH
1786870533.445 [OBSTACLES] cur_s=20.40 cur_d=0.24 vs=0.00 n=2 [id=462 static=1 gap=0.08m d=0.67 size=0.33; id=458 static=1 gap=15.48m d=-0.11 size=0.33]
1786870533.451 [STATIC_OT] state=TRAILING path_exists=0 path_locked=0 path_ttl_ok=0 path_safe=0 on_spline=0 speed=0.00 raw_wpnts=0 raw_age=-s decision=TRAILING reason=NO_STATIC_PATH
1786870533.729 [STATIC_OT] state=TRAILING path_exists=0 path_locked=0 path_ttl_ok=0 path_safe=0 on_spline=0 speed=0.00 raw_wpnts=0 raw_age=-s decision=TRAILING reason=NO_STATIC_PATH
1786870533.961 [OBSTACLES] cur_s=20.41 cur_d=0.24 vs=0.00 n=2 [id=462 static=1 gap=0.08m d=0.67 size=0.31; id=458 static=1 gap=15.45m d=-0.11 size=0.37]
1786870533.964 [STATIC_OT] state=TRAILING path_exists=0 path_locked=0 path_ttl_ok=0 path_safe=0 on_spline=0 speed=0.00 raw_wpnts=0 raw_age=-s decision=TRAILING reason=NO_STATIC_PATH
1786870534.197 [STATIC_OT] state=TRAILING path_exists=0 path_locked=0 path_ttl_ok=0 path_safe=0 on_spline=0 speed=0.00 raw_wpnts=0 raw_age=-s decision=TRAILING reason=NO_STATIC_PATH
1786870534.423 [STATIC_OT] state=TRAILING path_exists=0 path_locked=0 path_ttl_ok=0 path_safe=0 on_spline=0 speed=0.00 raw_wpnts=0 raw_age=-s decision=TRAILING reason=NO_STATIC_PATH
1786870534.482 [OBSTACLES] cur_s=20.42 cur_d=0.24 vs=0.00 n=2 [id=462 static=1 gap=0.07m d=0.67 size=0.31; id=458 static=1 gap=15.47m d=-0.11 size=0.33]
1786870534.700 [STATIC_OT] state=TRAILING path_exists=0 path_locked=0 path_ttl_ok=0 path_safe=0 on_spline=0 speed=0.00 raw_wpnts=0 raw_age=-s decision=TRAILING reason=NO_STATIC_PATH
1786870534.912 [STATIC_OT] state=TRAILING path_exists=0 path_locked=0 path_ttl_ok=0 path_safe=0 on_spline=0 speed=0.00 raw_wpnts=0 raw_age=-s decision=TRAILING reason=NO_STATIC_PATH
1786870535.000 [OBSTACLES] cur_s=20.42 cur_d=0.23 vs=0.00 n=2 [id=462 static=1 gap=0.05m d=0.67 size=0.34; id=458 static=1 gap=15.47m d=-0.11 size=0.31]
1786870535.265 [STATIC_OT] state=TRAILING path_exists=0 path_locked=0 path_ttl_ok=0 path_safe=0 on_spline=0 speed=0.00 raw_wpnts=0 raw_age=-s decision=TRAILING reason=NO_STATIC_PATH
1786870535.516 [OBSTACLES] cur_s=20.41 cur_d=0.25 vs=0.00 n=2 [id=462 static=1 gap=0.05m d=0.67 size=0.37; id=458 static=1 gap=15.46m d=-0.11 size=0.36]
1786870535.528 [STATIC_OT] state=TRAILING path_exists=0 path_locked=0 path_ttl_ok=0 path_safe=0 on_spline=0 speed=0.00 raw_wpnts=0 raw_age=-s decision=TRAILING reason=NO_STATIC_PATH
1786870535.784 [STATIC_OT] state=TRAILING path_exists=0 path_locked=0 path_ttl_ok=0 path_safe=0 on_spline=0 speed=0.00 raw_wpnts=0 raw_age=-s decision=TRAILING reason=NO_STATIC_PATH
1786870535.986 [STATIC_OT] state=TRAILING path_exists=0 path_locked=0 path_ttl_ok=0 path_safe=0 on_spline=0 speed=0.00 raw_wpnts=0 raw_age=-s decision=TRAILING reason=NO_STATIC_PATH
1786870536.101 [OBSTACLES] cur_s=20.42 cur_d=0.25 vs=0.00 n=2 [id=462 static=1 gap=0.07m d=0.67 size=0.32; id=458 static=1 gap=15.47m d=-0.11 size=0.33]
1786870536.242 [STATIC_OT] state=TRAILING path_exists=0 path_locked=0 path_ttl_ok=0 path_safe=0 on_spline=0 speed=0.00 raw_wpnts=0 raw_age=-s decision=TRAILING reason=NO_STATIC_PATH
1786870536.505 [STATIC_OT] state=TRAILING path_exists=0 path_locked=0 path_ttl_ok=0 path_safe=0 on_spline=0 speed=0.00 raw_wpnts=0 raw_age=-s decision=TRAILING reason=NO_STATIC_PATH
1786870536.626 [OBSTACLES] cur_s=20.42 cur_d=0.24 vs=0.00 n=2 [id=462 static=1 gap=0.05m d=0.67 size=0.36; id=458 static=1 gap=15.45m d=-0.11 size=0.37]
1786870536.726 [STATIC_OT] state=TRAILING path_exists=0 path_locked=0 path_ttl_ok=0 path_safe=0 on_spline=0 speed=0.00 raw_wpnts=0 raw_age=-s decision=TRAILING reason=NO_STATIC_PATH
1786870536.955 [STATIC_OT] state=TRAILING path_exists=0 path_locked=0 path_ttl_ok=0 path_safe=0 on_spline=0 speed=0.00 raw_wpnts=0 raw_age=-s decision=TRAILING reason=NO_STATIC_PATH
1786870537.210 [OBSTACLES] cur_s=20.41 cur_d=0.23 vs=0.00 n=2 [id=462 static=1 gap=0.08m d=0.67 size=0.32; id=458 static=1 gap=15.45m d=-0.11 size=0.37]
1786870537.212 [STATIC_OT] state=TRAILING path_exists=0 path_locked=0 path_ttl_ok=0 path_safe=0 on_spline=0 speed=0.00 raw_wpnts=0 raw_age=-s decision=TRAILING reason=NO_STATIC_PATH
1786870537.417 [STATIC_OT] state=TRAILING path_exists=0 path_locked=0 path_ttl_ok=0 path_safe=0 on_spline=0 speed=0.00 raw_wpnts=0 raw_age=-s decision=TRAILING reason=NO_STATIC_PATH
1786870537.649 [STATIC_OT] state=TRAILING path_exists=0 path_locked=0 path_ttl_ok=0 path_safe=0 on_spline=0 speed=0.00 raw_wpnts=0 raw_age=-s decision=TRAILING reason=NO_STATIC_PATH
1786870537.759 [OBSTACLES] cur_s=20.41 cur_d=0.24 vs=0.00 n=2 [id=462 static=1 gap=0.06m d=0.67 size=0.35; id=458 static=1 gap=15.45m d=-0.11 size=0.38]
1786870537.858 [STATIC_OT] state=TRAILING path_exists=0 path_locked=0 path_ttl_ok=0 path_safe=0 on_spline=0 speed=0.00 raw_wpnts=0 raw_age=-s decision=TRAILING reason=NO_STATIC_PATH
1786870538.091 [STATIC_OT] state=TRAILING path_exists=0 path_locked=0 path_ttl_ok=0 path_safe=0 on_spline=0 speed=0.00 raw_wpnts=0 raw_age=-s decision=TRAILING reason=NO_STATIC_PATH
1786870538.293 [OBSTACLES] cur_s=20.41 cur_d=0.23 vs=0.00 n=2 [id=462 static=1 gap=0.06m d=0.67 size=0.34; id=458 static=1 gap=15.43m d=-0.11 size=0.40]
1786870538.297 [STATIC_OT] state=TRAILING path_exists=0 path_locked=0 path_ttl_ok=0 path_safe=0 on_spline=0 speed=0.00 raw_wpnts=0 raw_age=-s decision=TRAILING reason=NO_STATIC_PATH
1786870538.498 [STATIC_OT] state=TRAILING path_exists=0 path_locked=0 path_ttl_ok=0 path_safe=0 on_spline=0 speed=0.00 raw_wpnts=0 raw_age=-s decision=TRAILING reason=NO_STATIC_PATH
1786870538.718 [STATIC_OT] state=TRAILING path_exists=0 path_locked=0 path_ttl_ok=0 path_safe=0 on_spline=0 speed=0.00 raw_wpnts=0 raw_age=-s decision=TRAILING reason=NO_STATIC_PATH
1786870538.877 [OBSTACLES] cur_s=20.41 cur_d=0.23 vs=0.00 n=2 [id=462 static=1 gap=0.08m d=0.67 size=0.32; id=458 static=1 gap=15.45m d=-0.11 size=0.37]
1786870538.989 [STATIC_OT] state=TRAILING path_exists=0 path_locked=0 path_ttl_ok=0 path_safe=0 on_spline=0 speed=0.00 raw_wpnts=0 raw_age=-s decision=TRAILING reason=NO_STATIC_PATH
1786870539.217 [STATIC_OT] state=TRAILING path_exists=0 path_locked=0 path_ttl_ok=0 path_safe=0 on_spline=0 speed=0.00 raw_wpnts=0 raw_age=-s decision=TRAILING reason=NO_STATIC_PATH
1786870539.421 [OBSTACLES] cur_s=20.41 cur_d=0.23 vs=0.00 n=2 [id=462 static=1 gap=0.06m d=0.67 size=0.36; id=458 static=1 gap=15.45m d=-0.11 size=0.38]
1786870539.428 [STATIC_OT] state=TRAILING path_exists=0 path_locked=0 path_ttl_ok=0 path_safe=0 on_spline=0 speed=0.00 raw_wpnts=0 raw_age=-s decision=TRAILING reason=NO_STATIC_PATH
1786870539.658 [STATIC_OT] state=TRAILING path_exists=0 path_locked=0 path_ttl_ok=0 path_safe=0 on_spline=0 speed=0.00 raw_wpnts=0 raw_age=-s decision=TRAILING reason=NO_STATIC_PATH
1786870539.868 [STATIC_OT] state=TRAILING path_exists=0 path_locked=0 path_ttl_ok=0 path_safe=0 on_spline=0 speed=0.00 raw_wpnts=0 raw_age=-s decision=TRAILING reason=NO_STATIC_PATH
1786870539.956 [OBSTACLES] cur_s=20.40 cur_d=0.26 vs=0.00 n=2 [id=462 static=1 gap=0.05m d=0.67 size=0.38; id=458 static=1 gap=15.46m d=-0.11 size=0.36]
1786870540.088 [STATIC_OT] state=TRAILING path_exists=0 path_locked=0 path_ttl_ok=0 path_safe=0 on_spline=0 speed=0.00 raw_wpnts=0 raw_age=-s decision=TRAILING reason=NO_STATIC_PATH
1786870540.386 [STATIC_OT] state=TRAILING path_exists=0 path_locked=0 path_ttl_ok=0 path_safe=0 on_spline=0 speed=0.00 raw_wpnts=0 raw_age=-s decision=TRAILING reason=NO_STATIC_PATH
1786870540.469 [OBSTACLES] cur_s=20.40 cur_d=0.24 vs=0.00 n=2 [id=462 static=1 gap=0.07m d=0.67 size=0.34; id=458 static=1 gap=15.46m d=-0.11 size=0.36]
1786870540.598 [STATIC_OT] state=TRAILING path_exists=0 path_locked=0 path_ttl_ok=0 path_safe=0 on_spline=0 speed=0.00 raw_wpnts=0 raw_age=-s decision=TRAILING reason=NO_STATIC_PATH
1786870540.844 [STATIC_OT] state=TRAILING path_exists=0 path_locked=0 path_ttl_ok=0 path_safe=0 on_spline=0 speed=0.00 raw_wpnts=0 raw_age=-s decision=TRAILING reason=NO_STATIC_PATH
1786870540.993 [OBSTACLES] cur_s=20.41 cur_d=0.22 vs=0.00 n=2 [id=462 static=1 gap=0.06m d=0.67 size=0.35; id=458 static=1 gap=15.46m d=-0.11 size=0.35]
1786870541.108 [STATIC_OT] state=TRAILING path_exists=0 path_locked=0 path_ttl_ok=0 path_safe=0 on_spline=0 speed=0.00 raw_wpnts=0 raw_age=-s decision=TRAILING reason=NO_STATIC_PATH
1786870541.388 [STATIC_OT] state=TRAILING path_exists=0 path_locked=0 path_ttl_ok=0 path_safe=0 on_spline=0 speed=0.00 raw_wpnts=0 raw_age=-s decision=TRAILING reason=NO_STATIC_PATH
1786870541.526 [OBSTACLES] cur_s=20.41 cur_d=0.23 vs=0.00 n=2 [id=462 static=1 gap=0.07m d=0.67 size=0.32; id=458 static=1 gap=15.45m d=-0.11 size=0.37]
1786870541.611 [STATIC_OT] state=TRAILING path_exists=0 path_locked=0 path_ttl_ok=0 path_safe=0 on_spline=0 speed=0.00 raw_wpnts=0 raw_age=-s decision=TRAILING reason=NO_STATIC_PATH
1786870541.895 [STATIC_OT] state=TRAILING path_exists=0 path_locked=0 path_ttl_ok=0 path_safe=0 on_spline=0 speed=0.00 raw_wpnts=0 raw_age=-s decision=TRAILING reason=NO_STATIC_PATH
1786870542.084 [OBSTACLES] cur_s=20.42 cur_d=0.22 vs=0.00 n=2 [id=462 static=1 gap=0.07m d=0.67 size=0.32; id=458 static=1 gap=15.45m d=-0.11 size=0.36]
1786870542.174 [STATIC_OT] state=TRAILING path_exists=0 path_locked=0 path_ttl_ok=0 path_safe=0 on_spline=0 speed=0.00 raw_wpnts=0 raw_age=-s decision=TRAILING reason=NO_STATIC_PATH
1786870542.397 [STATIC_OT] state=TRAILING path_exists=0 path_locked=0 path_ttl_ok=0 path_safe=0 on_spline=0 speed=0.00 raw_wpnts=0 raw_age=-s decision=TRAILING reason=NO_STATIC_PATH
1786870542.609 [OBSTACLES] cur_s=20.42 cur_d=0.23 vs=0.00 n=2 [id=462 static=1 gap=0.07m d=0.67 size=0.32; id=458 static=1 gap=15.45m d=-0.11 size=0.36]
1786870542.611 [STATIC_OT] state=TRAILING path_exists=0 path_locked=0 path_ttl_ok=0 path_safe=0 on_spline=0 speed=0.00 raw_wpnts=0 raw_age=-s decision=TRAILING reason=NO_STATIC_PATH
1786870542.904 [STATIC_OT] state=TRAILING path_exists=0 path_locked=0 path_ttl_ok=0 path_safe=0 on_spline=0 speed=0.00 raw_wpnts=0 raw_age=-s decision=TRAILING reason=NO_STATIC_PATH
1786870543.188 [OBSTACLES] cur_s=20.41 cur_d=0.23 vs=0.00 n=2 [id=462 static=1 gap=0.07m d=0.67 size=0.33; id=458 static=1 gap=15.44m d=-0.11 size=0.39]
1786870543.199 [STATIC_OT] state=TRAILING path_exists=0 path_locked=0 path_ttl_ok=0 path_safe=0 on_spline=0 speed=0.00 raw_wpnts=0 raw_age=-s decision=TRAILING reason=NO_STATIC_PATH
1786870543.432 [STATIC_OT] state=TRAILING path_exists=0 path_locked=0 path_ttl_ok=0 path_safe=0 on_spline=0 speed=0.00 raw_wpnts=0 raw_age=-s decision=TRAILING reason=NO_STATIC_PATH
1786870543.685 [STATIC_OT] state=TRAILING path_exists=0 path_locked=0 path_ttl_ok=0 path_safe=0 on_spline=0 speed=0.00 raw_wpnts=0 raw_age=-s decision=TRAILING reason=NO_STATIC_PATH
1786870543.732 [OBSTACLES] cur_s=20.41 cur_d=0.23 vs=0.00 n=2 [id=462 static=1 gap=0.05m d=0.67 size=0.37; id=458 static=1 gap=15.45m d=-0.11 size=0.38]
1786870543.914 [STATIC_OT] state=TRAILING path_exists=0 path_locked=0 path_ttl_ok=0 path_safe=0 on_spline=0 speed=0.00 raw_wpnts=0 raw_age=-s decision=TRAILING reason=NO_STATIC_PATH
1786870544.233 [OBSTACLES] cur_s=20.41 cur_d=0.23 vs=0.00 n=2 [id=462 static=1 gap=0.08m d=0.67 size=0.32; id=458 static=1 gap=15.45m d=-0.11 size=0.37]
1786870544.238 [STATIC_OT] state=TRAILING path_exists=0 path_locked=0 path_ttl_ok=0 path_safe=0 on_spline=0 speed=0.00 raw_wpnts=0 raw_age=-s decision=TRAILING reason=NO_STATIC_PATH
1786870544.478 [STATIC_OT] state=TRAILING path_exists=0 path_locked=0 path_ttl_ok=0 path_safe=0 on_spline=0 speed=0.00 raw_wpnts=0 raw_age=-s decision=TRAILING reason=NO_STATIC_PATH
1786870544.716 [STATIC_OT] state=TRAILING path_exists=0 path_locked=0 path_ttl_ok=0 path_safe=0 on_spline=0 speed=0.00 raw_wpnts=0 raw_age=-s decision=TRAILING reason=NO_STATIC_PATH
1786870544.886 [OBSTACLES] cur_s=20.42 cur_d=0.22 vs=0.00 n=2 [id=462 static=1 gap=0.07m d=0.67 size=0.32; id=458 static=1 gap=15.44m d=-0.11 size=0.39]
1786870544.944 [STATIC_OT] state=TRAILING path_exists=0 path_locked=0 path_ttl_ok=0 path_safe=0 on_spline=0 speed=0.00 raw_wpnts=0 raw_age=-s decision=TRAILING reason=NO_STATIC_PATH
1786870545.174 [STATIC_OT] state=TRAILING path_exists=0 path_locked=0 path_ttl_ok=0 path_safe=0 on_spline=0 speed=0.00 raw_wpnts=0 raw_age=-s decision=TRAILING reason=NO_STATIC_PATH
1786870545.386 [STATIC_OT] state=TRAILING path_exists=0 path_locked=0 path_ttl_ok=0 path_safe=0 on_spline=0 speed=0.00 raw_wpnts=0 raw_age=-s decision=TRAILING reason=NO_STATIC_PATH
1786870545.444 [OBSTACLES] cur_s=20.42 cur_d=0.22 vs=0.00 n=2 [id=462 static=1 gap=0.07m d=0.67 size=0.33; id=458 static=1 gap=15.45m d=-0.11 size=0.37]
1786870545.638 [STATIC_OT] state=TRAILING path_exists=0 path_locked=0 path_ttl_ok=0 path_safe=0 on_spline=0 speed=0.00 raw_wpnts=0 raw_age=-s decision=TRAILING reason=NO_STATIC_PATH
1786870545.863 [STATIC_OT] state=TRAILING path_exists=0 path_locked=0 path_ttl_ok=0 path_safe=0 on_spline=0 speed=0.00 raw_wpnts=0 raw_age=-s decision=TRAILING reason=NO_STATIC_PATH
1786870545.979 [OBSTACLES] cur_s=20.41 cur_d=0.23 vs=0.00 n=2 [id=462 static=1 gap=0.05m d=0.67 size=0.36; id=458 static=1 gap=15.45m d=-0.11 size=0.38]
1786870546.066 [STATIC_OT] state=TRAILING path_exists=0 path_locked=0 path_ttl_ok=0 path_safe=0 on_spline=0 speed=0.00 raw_wpnts=0 raw_age=-s decision=TRAILING reason=NO_STATIC_PATH
1786870546.270 [STATIC_OT] state=TRAILING path_exists=0 path_locked=0 path_ttl_ok=0 path_safe=0 on_spline=0 speed=0.00 raw_wpnts=0 raw_age=-s decision=TRAILING reason=NO_STATIC_PATH
1786870546.494 [OBSTACLES] cur_s=20.41 cur_d=0.23 vs=0.00 n=2 [id=462 static=1 gap=0.06m d=0.67 size=0.35; id=458 static=1 gap=15.45m d=-0.11 size=0.37]
1786870546.506 [STATIC_OT] state=TRAILING path_exists=0 path_locked=0 path_ttl_ok=0 path_safe=0 on_spline=0 speed=0.00 raw_wpnts=0 raw_age=-s decision=TRAILING reason=NO_STATIC_PATH
1786870546.820 [STATIC_OT] state=TRAILING path_exists=0 path_locked=0 path_ttl_ok=0 path_safe=0 on_spline=0 speed=0.00 raw_wpnts=0 raw_age=-s decision=TRAILING reason=NO_STATIC_PATH
1786870547.064 [OBSTACLES] cur_s=20.41 cur_d=0.23 vs=0.00 n=2 [id=462 static=1 gap=0.08m d=0.67 size=0.31; id=458 static=1 gap=15.46m d=-0.11 size=0.36]
1786870547.070 [STATIC_OT] state=TRAILING path_exists=0 path_locked=0 path_ttl_ok=0 path_safe=0 on_spline=0 speed=0.00 raw_wpnts=0 raw_age=-s decision=TRAILING reason=NO_STATIC_PATH
1786870547.295 [STATIC_OT] state=TRAILING path_exists=0 path_locked=0 path_ttl_ok=0 path_safe=0 on_spline=0 speed=0.00 raw_wpnts=0 raw_age=-s decision=TRAILING reason=NO_STATIC_PATH
1786870547.519 [STATIC_OT] state=TRAILING path_exists=0 path_locked=0 path_ttl_ok=0 path_safe=0 on_spline=0 speed=0.00 raw_wpnts=0 raw_age=-s decision=TRAILING reason=NO_STATIC_PATH
1786870547.612 [OBSTACLES] cur_s=20.42 cur_d=0.23 vs=0.00 n=2 [id=462 static=1 gap=0.07m d=0.67 size=0.31; id=458 static=1 gap=15.45m d=-0.11 size=0.37]
1786870547.752 [STATIC_OT] state=TRAILING path_exists=0 path_locked=0 path_ttl_ok=0 path_safe=0 on_spline=0 speed=0.00 raw_wpnts=0 raw_age=-s decision=TRAILING reason=NO_STATIC_PATH
1786870547.977 [STATIC_OT] state=TRAILING path_exists=0 path_locked=0 path_ttl_ok=0 path_safe=0 on_spline=0 speed=0.00 raw_wpnts=0 raw_age=-s decision=TRAILING reason=NO_STATIC_PATH
1786870548.168 [OBSTACLES] cur_s=20.41 cur_d=0.23 vs=0.00 n=2 [id=462 static=1 gap=0.07m d=0.67 size=0.33; id=458 static=1 gap=15.45m d=-0.11 size=0.36]
1786870548.197 [STATIC_OT] state=TRAILING path_exists=0 path_locked=0 path_ttl_ok=0 path_safe=0 on_spline=0 speed=0.00 raw_wpnts=0 raw_age=-s decision=TRAILING reason=NO_STATIC_PATH
1786870548.453 [STATIC_OT] state=TRAILING path_exists=0 path_locked=0 path_ttl_ok=0 path_safe=0 on_spline=0 speed=0.00 raw_wpnts=0 raw_age=-s decision=TRAILING reason=NO_STATIC_PATH
1786870548.718 [OBSTACLES] cur_s=20.42 cur_d=0.23 vs=0.00 n=2 [id=462 static=1 gap=0.06m d=0.67 size=0.34; id=458 static=1 gap=15.45m d=-0.11 size=0.36]
1786870548.731 [STATIC_OT] state=TRAILING path_exists=0 path_locked=0 path_ttl_ok=0 path_safe=0 on_spline=0 speed=0.00 raw_wpnts=0 raw_age=-s decision=TRAILING reason=NO_STATIC_PATH
1786870548.934 [STATIC_OT] state=TRAILING path_exists=0 path_locked=0 path_ttl_ok=0 path_safe=0 on_spline=0 speed=0.00 raw_wpnts=0 raw_age=-s decision=TRAILING reason=NO_STATIC_PATH
1786870549.225 [OBSTACLES] cur_s=20.41 cur_d=0.24 vs=0.00 n=2 [id=462 static=1 gap=0.07m d=0.67 size=0.32; id=458 static=1 gap=15.45m d=-0.11 size=0.37]
1786870549.234 [STATIC_OT] state=TRAILING path_exists=0 path_locked=0 path_ttl_ok=0 path_safe=0 on_spline=0 speed=0.00 raw_wpnts=0 raw_age=-s decision=TRAILING reason=NO_STATIC_PATH
1786870549.545 [STATIC_OT] state=TRAILING path_exists=0 path_locked=0 path_ttl_ok=0 path_safe=0 on_spline=0 speed=0.00 raw_wpnts=0 raw_age=-s decision=TRAILING reason=NO_STATIC_PATH
1786870549.742 [OBSTACLES] cur_s=20.41 cur_d=0.23 vs=0.00 n=2 [id=462 static=1 gap=0.06m d=0.67 size=0.35; id=458 static=1 gap=15.46m d=-0.11 size=0.36]
1786870549.769 [STATIC_OT] state=TRAILING path_exists=0 path_locked=0 path_ttl_ok=0 path_safe=0 on_spline=0 speed=0.00 raw_wpnts=0 raw_age=-s decision=TRAILING reason=NO_STATIC_PATH
1786870549.977 [STATIC_OT] state=TRAILING path_exists=0 path_locked=0 path_ttl_ok=0 path_safe=0 on_spline=0 speed=0.00 raw_wpnts=0 raw_age=-s decision=TRAILING reason=NO_STATIC_PATH
1786870550.252 [OBSTACLES] cur_s=20.41 cur_d=0.23 vs=0.00 n=2 [id=462 static=1 gap=0.07m d=0.67 size=0.32; id=458 static=1 gap=15.45m d=-0.11 size=0.37]
1786870550.254 [STATIC_OT] state=TRAILING path_exists=0 path_locked=0 path_ttl_ok=0 path_safe=0 on_spline=0 speed=0.00 raw_wpnts=0 raw_age=-s decision=TRAILING reason=NO_STATIC_PATH
1786870550.494 [STATIC_OT] state=TRAILING path_exists=0 path_locked=0 path_ttl_ok=0 path_safe=0 on_spline=0 speed=0.00 raw_wpnts=0 raw_age=-s decision=TRAILING reason=NO_STATIC_PATH
1786870550.712 [STATIC_OT] state=TRAILING path_exists=0 path_locked=0 path_ttl_ok=0 path_safe=0 on_spline=0 speed=0.00 raw_wpnts=0 raw_age=-s decision=TRAILING reason=NO_STATIC_PATH
1786870550.800 [OBSTACLES] cur_s=20.41 cur_d=0.23 vs=0.00 n=2 [id=462 static=1 gap=0.07m d=0.67 size=0.33; id=458 static=1 gap=15.45m d=-0.11 size=0.37]
1786870550.924 [STATIC_OT] state=TRAILING path_exists=0 path_locked=0 path_ttl_ok=0 path_safe=0 on_spline=0 speed=0.00 raw_wpnts=0 raw_age=-s decision=TRAILING reason=NO_STATIC_PATH
1786870551.139 [STATIC_OT] state=TRAILING path_exists=0 path_locked=0 path_ttl_ok=0 path_safe=0 on_spline=0 speed=0.00 raw_wpnts=0 raw_age=-s decision=TRAILING reason=NO_STATIC_PATH
1786870551.309 [OBSTACLES] cur_s=20.41 cur_d=0.23 vs=0.00 n=2 [id=462 static=1 gap=0.07m d=0.67 size=0.34; id=458 static=1 gap=15.45m d=-0.11 size=0.37]
1786870551.355 [STATIC_OT] state=TRAILING path_exists=0 path_locked=0 path_ttl_ok=0 path_safe=0 on_spline=0 speed=0.00 raw_wpnts=0 raw_age=-s decision=TRAILING reason=NO_STATIC_PATH
1786870551.562 [STATIC_OT] state=TRAILING path_exists=0 path_locked=0 path_ttl_ok=0 path_safe=0 on_spline=0 speed=0.00 raw_wpnts=0 raw_age=-s decision=TRAILING reason=NO_STATIC_PATH
1786870551.798 [STATIC_OT] state=TRAILING path_exists=0 path_locked=0 path_ttl_ok=0 path_safe=0 on_spline=0 speed=0.00 raw_wpnts=0 raw_age=-s decision=TRAILING reason=NO_STATIC_PATH
1786870551.854 [OBSTACLES] cur_s=20.41 cur_d=0.23 vs=0.00 n=2 [id=462 static=1 gap=0.06m d=0.67 size=0.34; id=458 static=1 gap=15.45m d=-0.11 size=0.38]
1786870552.030 [STATIC_OT] state=TRAILING path_exists=0 path_locked=0 path_ttl_ok=0 path_safe=0 on_spline=0 speed=0.00 raw_wpnts=0 raw_age=-s decision=TRAILING reason=NO_STATIC_PATH
1786870552.233 [STATIC_OT] state=TRAILING path_exists=0 path_locked=0 path_ttl_ok=0 path_safe=0 on_spline=0 speed=0.00 raw_wpnts=0 raw_age=-s decision=TRAILING reason=NO_STATIC_PATH
1786870552.389 [OBSTACLES] cur_s=20.42 cur_d=0.22 vs=0.00 n=2 [id=462 static=1 gap=0.06m d=0.67 size=0.33; id=458 static=1 gap=15.45m d=-0.11 size=0.37]
1786870552.518 [STATIC_OT] state=TRAILING path_exists=0 path_locked=0 path_ttl_ok=0 path_safe=0 on_spline=0 speed=0.00 raw_wpnts=0 raw_age=-s decision=TRAILING reason=NO_STATIC_PATH
1786870552.729 [STATIC_OT] state=TRAILING path_exists=0 path_locked=0 path_ttl_ok=0 path_safe=0 on_spline=0 speed=0.00 raw_wpnts=0 raw_age=-s decision=TRAILING reason=NO_STATIC_PATH
1786870552.950 [OBSTACLES] cur_s=20.41 cur_d=0.22 vs=0.00 n=2 [id=462 static=1 gap=0.06m d=0.67 size=0.34; id=458 static=1 gap=15.45m d=-0.11 size=0.37]
1786870552.952 [STATIC_OT] state=TRAILING path_exists=0 path_locked=0 path_ttl_ok=0 path_safe=0 on_spline=0 speed=0.00 raw_wpnts=0 raw_age=-s decision=TRAILING reason=NO_STATIC_PATH
1786870553.175 [STATIC_OT] state=TRAILING path_exists=0 path_locked=0 path_ttl_ok=0 path_safe=0 on_spline=0 speed=0.00 raw_wpnts=0 raw_age=-s decision=TRAILING reason=NO_STATIC_PATH
1786870553.388 [STATIC_OT] state=TRAILING path_exists=0 path_locked=0 path_ttl_ok=0 path_safe=0 on_spline=0 speed=0.00 raw_wpnts=0 raw_age=-s decision=TRAILING reason=NO_STATIC_PATH
1786870553.463 [OBSTACLES] cur_s=20.41 cur_d=0.22 vs=0.00 n=2 [id=462 static=1 gap=0.06m d=0.67 size=0.34; id=458 static=1 gap=15.45m d=-0.11 size=0.37]
1786870553.684 [STATIC_OT] state=TRAILING path_exists=0 path_locked=0 path_ttl_ok=0 path_safe=0 on_spline=0 speed=0.00 raw_wpnts=0 raw_age=-s decision=TRAILING reason=NO_STATIC_PATH
1786870553.945 [STATIC_OT] state=TRAILING path_exists=0 path_locked=0 path_ttl_ok=0 path_safe=0 on_spline=0 speed=0.00 raw_wpnts=0 raw_age=-s decision=TRAILING reason=NO_STATIC_PATH
1786870554.027 [OBSTACLES] cur_s=20.40 cur_d=0.24 vs=0.00 n=2 [id=462 static=1 gap=0.08m d=0.67 size=0.32; id=458 static=1 gap=15.46m d=-0.11 size=0.37]
1786870554.292 [STATIC_OT] state=TRAILING path_exists=0 path_locked=0 path_ttl_ok=0 path_safe=0 on_spline=0 speed=0.00 raw_wpnts=0 raw_age=-s decision=TRAILING reason=NO_STATIC_PATH
1786870554.512 [STATIC_OT] state=TRAILING path_exists=0 path_locked=0 path_ttl_ok=0 path_safe=0 on_spline=0 speed=0.00 raw_wpnts=0 raw_age=-s decision=TRAILING reason=NO_STATIC_PATH
1786870554.607 [OBSTACLES] cur_s=20.42 cur_d=0.22 vs=0.00 n=2 [id=462 static=1 gap=0.05m d=0.67 size=0.34; id=458 static=1 gap=15.44m d=-0.11 size=0.37]
1786870554.750 [STATIC_OT] state=TRAILING path_exists=0 path_locked=0 path_ttl_ok=0 path_safe=0 on_spline=0 speed=0.00 raw_wpnts=0 raw_age=-s decision=TRAILING reason=NO_STATIC_PATH
1786870554.952 [STATIC_OT] state=TRAILING path_exists=0 path_locked=0 path_ttl_ok=0 path_safe=0 on_spline=0 speed=0.00 raw_wpnts=0 raw_age=-s decision=TRAILING reason=NO_STATIC_PATH
1786870555.237 [OBSTACLES] cur_s=20.41 cur_d=0.23 vs=0.00 n=2 [id=462 static=1 gap=0.06m d=0.67 size=0.35; id=458 static=1 gap=15.46m d=-0.11 size=0.37]
1786870555.242 [STATIC_OT] state=TRAILING path_exists=0 path_locked=0 path_ttl_ok=0 path_safe=0 on_spline=0 speed=0.00 raw_wpnts=0 raw_age=-s decision=TRAILING reason=NO_STATIC_PATH
1786870555.475 [STATIC_OT] state=TRAILING path_exists=0 path_locked=0 path_ttl_ok=0 path_safe=0 on_spline=0 speed=0.00 raw_wpnts=0 raw_age=-s decision=TRAILING reason=NO_STATIC_PATH
1786870555.698 [STATIC_OT] state=TRAILING path_exists=0 path_locked=0 path_ttl_ok=0 path_safe=0 on_spline=0 speed=0.00 raw_wpnts=0 raw_age=-s decision=TRAILING reason=NO_STATIC_PATH
1786870555.796 [OBSTACLES] cur_s=20.41 cur_d=0.22 vs=0.00 n=2 [id=462 static=1 gap=0.07m d=0.67 size=0.32; id=458 static=1 gap=15.45m d=-0.11 size=0.38]
1786870555.910 [STATIC_OT] state=TRAILING path_exists=0 path_locked=0 path_ttl_ok=0 path_safe=0 on_spline=0 speed=0.00 raw_wpnts=0 raw_age=-s decision=TRAILING reason=NO_STATIC_PATH
1786870556.152 [STATIC_OT] state=TRAILING path_exists=0 path_locked=0 path_ttl_ok=0 path_safe=0 on_spline=0 speed=0.00 raw_wpnts=0 raw_age=-s decision=TRAILING reason=NO_STATIC_PATH
1786870556.307 [OBSTACLES] cur_s=20.41 cur_d=0.23 vs=0.00 n=2 [id=462 static=1 gap=0.08m d=0.67 size=0.30; id=458 static=1 gap=15.45m d=-0.11 size=0.38]
1786870556.409 [STATIC_OT] state=TRAILING path_exists=0 path_locked=0 path_ttl_ok=0 path_safe=0 on_spline=0 speed=0.00 raw_wpnts=0 raw_age=-s decision=TRAILING reason=NO_STATIC_PATH
1786870556.693 [STATIC_OT] state=TRAILING path_exists=0 path_locked=0 path_ttl_ok=0 path_safe=0 on_spline=0 speed=0.00 raw_wpnts=0 raw_age=-s decision=TRAILING reason=NO_STATIC_PATH
1786870556.882 [OBSTACLES] cur_s=20.42 cur_d=0.22 vs=0.00 n=2 [id=462 static=1 gap=0.07m d=0.67 size=0.32; id=458 static=1 gap=15.45m d=-0.11 size=0.37]
1786870556.973 [STATIC_OT] state=TRAILING path_exists=0 path_locked=0 path_ttl_ok=0 path_safe=0 on_spline=0 speed=0.00 raw_wpnts=0 raw_age=-s decision=TRAILING reason=NO_STATIC_PATH
1786870557.282 [STATIC_OT] state=TRAILING path_exists=0 path_locked=0 path_ttl_ok=0 path_safe=0 on_spline=0 speed=0.00 raw_wpnts=0 raw_age=-s decision=TRAILING reason=NO_STATIC_PATH
1786870557.410 [OBSTACLES] cur_s=20.41 cur_d=0.23 vs=0.00 n=2 [id=462 static=1 gap=0.08m d=0.66 size=0.32; id=458 static=1 gap=15.45m d=-0.11 size=0.38]
1786870557.540 [STATIC_OT] state=TRAILING path_exists=0 path_locked=0 path_ttl_ok=0 path_safe=0 on_spline=0 speed=0.00 raw_wpnts=0 raw_age=-s decision=TRAILING reason=NO_STATIC_PATH
1786870557.762 [STATIC_OT] state=TRAILING path_exists=0 path_locked=0 path_ttl_ok=0 path_safe=0 on_spline=0 speed=0.00 raw_wpnts=0 raw_age=-s decision=TRAILING reason=NO_STATIC_PATH
1786870557.932 [OBSTACLES] cur_s=20.41 cur_d=0.23 vs=0.00 n=2 [id=462 static=1 gap=0.07m d=0.66 size=0.31; id=458 static=1 gap=15.45m d=-0.11 size=0.38]
1786870557.976 [STATIC_OT] state=TRAILING path_exists=0 path_locked=0 path_ttl_ok=0 path_safe=0 on_spline=0 speed=0.00 raw_wpnts=0 raw_age=-s decision=TRAILING reason=NO_STATIC_PATH
1786870558.239 [STATIC_OT] state=TRAILING path_exists=0 path_locked=0 path_ttl_ok=0 path_safe=0 on_spline=0 speed=0.00 raw_wpnts=0 raw_age=-s decision=TRAILING reason=NO_STATIC_PATH
1786870558.502 [OBSTACLES] cur_s=20.41 cur_d=0.23 vs=0.00 n=2 [id=462 static=1 gap=0.07m d=0.66 size=0.33; id=458 static=1 gap=15.45m d=-0.11 size=0.38]
1786870558.512 [STATIC_OT] state=TRAILING path_exists=0 path_locked=0 path_ttl_ok=0 path_safe=0 on_spline=0 speed=0.00 raw_wpnts=0 raw_age=-s decision=TRAILING reason=NO_STATIC_PATH
1786870558.758 [STATIC_OT] state=TRAILING path_exists=0 path_locked=0 path_ttl_ok=0 path_safe=0 on_spline=0 speed=0.00 raw_wpnts=0 raw_age=-s decision=TRAILING reason=NO_STATIC_PATH
1786870558.987 [STATIC_OT] state=TRAILING path_exists=0 path_locked=0 path_ttl_ok=0 path_safe=0 on_spline=0 speed=0.00 raw_wpnts=0 raw_age=-s decision=TRAILING reason=NO_STATIC_PATH
1786870559.119 [OBSTACLES] cur_s=20.41 cur_d=0.23 vs=0.00 n=2 [id=462 static=1 gap=0.07m d=0.66 size=0.32; id=458 static=1 gap=15.45m d=-0.11 size=0.37]
1786870559.297 [STATIC_OT] state=TRAILING path_exists=0 path_locked=0 path_ttl_ok=0 path_safe=0 on_spline=0 speed=0.00 raw_wpnts=0 raw_age=-s decision=TRAILING reason=NO_STATIC_PATH
1786870559.533 [STATIC_OT] state=TRAILING path_exists=0 path_locked=0 path_ttl_ok=0 path_safe=0 on_spline=0 speed=0.00 raw_wpnts=0 raw_age=-s decision=TRAILING reason=NO_STATIC_PATH
1786870559.681 [OBSTACLES] cur_s=20.41 cur_d=0.23 vs=0.00 n=2 [id=462 static=1 gap=0.06m d=0.66 size=0.34; id=458 static=1 gap=15.45m d=-0.11 size=0.37]
1786870560.033 [STATIC_OT] state=TRAILING path_exists=0 path_locked=0 path_ttl_ok=0 path_safe=0 on_spline=0 speed=0.00 raw_wpnts=0 raw_age=-s decision=TRAILING reason=NO_STATIC_PATH
1786870560.356 [OBSTACLES] cur_s=20.41 cur_d=0.22 vs=0.00 n=2 [id=462 static=1 gap=0.06m d=0.66 size=0.33; id=458 static=1 gap=15.44m d=-0.11 size=0.38]
1786870560.374 [STATIC_OT] state=TRAILING path_exists=0 path_locked=0 path_ttl_ok=0 path_safe=0 on_spline=0 speed=0.00 raw_wpnts=0 raw_age=-s decision=TRAILING reason=NO_STATIC_PATH
1786870560.602 [STATIC_OT] state=TRAILING path_exists=0 path_locked=0 path_ttl_ok=0 path_safe=0 on_spline=0 speed=0.00 raw_wpnts=0 raw_age=-s decision=TRAILING reason=NO_STATIC_PATH
1786870560.881 [STATIC_OT] state=TRAILING path_exists=0 path_locked=0 path_ttl_ok=0 path_safe=0 on_spline=0 speed=0.00 raw_wpnts=0 raw_age=-s decision=TRAILING reason=NO_STATIC_PATH
1786870560.980 [OBSTACLES] cur_s=20.41 cur_d=0.22 vs=0.00 n=2 [id=462 static=1 gap=0.07m d=0.66 size=0.32; id=458 static=1 gap=15.45m d=-0.11 size=0.36]
1786870561.149 [STATIC_OT] state=TRAILING path_exists=0 path_locked=0 path_ttl_ok=0 path_safe=0 on_spline=0 speed=0.00 raw_wpnts=0 raw_age=-s decision=TRAILING reason=NO_STATIC_PATH
1786870561.362 [STATIC_OT] state=TRAILING path_exists=0 path_locked=0 path_ttl_ok=0 path_safe=0 on_spline=0 speed=0.00 raw_wpnts=0 raw_age=-s decision=TRAILING reason=NO_STATIC_PATH
1786870561.580 [OBSTACLES] cur_s=20.41 cur_d=0.23 vs=0.00 n=2 [id=462 static=1 gap=0.08m d=0.66 size=0.31; id=458 static=1 gap=15.45m d=-0.11 size=0.38]
1786870561.607 [STATIC_OT] state=TRAILING path_exists=0 path_locked=0 path_ttl_ok=0 path_safe=0 on_spline=0 speed=0.00 raw_wpnts=0 raw_age=-s decision=TRAILING reason=NO_STATIC_PATH
1786870561.812 [STATIC_OT] state=TRAILING path_exists=0 path_locked=0 path_ttl_ok=0 path_safe=0 on_spline=0 speed=0.00 raw_wpnts=0 raw_age=-s decision=TRAILING reason=NO_STATIC_PATH
1786870562.067 [STATIC_OT] state=TRAILING path_exists=0 path_locked=0 path_ttl_ok=0 path_safe=0 on_spline=0 speed=0.00 raw_wpnts=0 raw_age=-s decision=TRAILING reason=NO_STATIC_PATH
1786870562.142 [OBSTACLES] cur_s=20.41 cur_d=0.22 vs=0.00 n=2 [id=462 static=1 gap=0.08m d=0.66 size=0.32; id=458 static=1 gap=15.46m d=-0.11 size=0.37]
1786870562.329 [STATIC_OT] state=TRAILING path_exists=0 path_locked=0 path_ttl_ok=0 path_safe=0 on_spline=0 speed=0.00 raw_wpnts=0 raw_age=-s decision=TRAILING reason=NO_STATIC_PATH
1786870562.617 [STATIC_OT] state=TRAILING path_exists=0 path_locked=0 path_ttl_ok=0 path_safe=0 on_spline=0 speed=0.00 raw_wpnts=0 raw_age=-s decision=TRAILING reason=NO_STATIC_PATH
1786870562.755 [OBSTACLES] cur_s=20.41 cur_d=0.22 vs=0.00 n=2 [id=462 static=1 gap=0.07m d=0.66 size=0.32; id=458 static=1 gap=15.45m d=-0.11 size=0.37]
1786870562.862 [STATIC_OT] state=TRAILING path_exists=0 path_locked=0 path_ttl_ok=0 path_safe=0 on_spline=0 speed=0.00 raw_wpnts=0 raw_age=-s decision=TRAILING reason=NO_STATIC_PATH
1786870563.077 [STATIC_OT] state=TRAILING path_exists=0 path_locked=0 path_ttl_ok=0 path_safe=0 on_spline=0 speed=0.00 raw_wpnts=0 raw_age=-s decision=TRAILING reason=NO_STATIC_PATH
1786870563.369 [OBSTACLES] cur_s=20.41 cur_d=0.22 vs=0.00 n=2 [id=462 static=1 gap=0.07m d=0.66 size=0.34; id=458 static=1 gap=15.46m d=-0.11 size=0.37]
1786870563.371 [STATIC_OT] state=TRAILING path_exists=0 path_locked=0 path_ttl_ok=0 path_safe=0 on_spline=0 speed=0.00 raw_wpnts=0 raw_age=-s decision=TRAILING reason=NO_STATIC_PATH
1786870563.637 [STATIC_OT] state=TRAILING path_exists=0 path_locked=0 path_ttl_ok=0 path_safe=0 on_spline=0 speed=0.00 raw_wpnts=0 raw_age=-s decision=TRAILING reason=NO_STATIC_PATH
1786870563.865 [STATIC_OT] state=TRAILING path_exists=0 path_locked=0 path_ttl_ok=0 path_safe=0 on_spline=0 speed=0.00 raw_wpnts=0 raw_age=-s decision=TRAILING reason=NO_STATIC_PATH
1786870564.015 [OBSTACLES] cur_s=20.40 cur_d=0.22 vs=0.00 n=2 [id=462 static=1 gap=0.07m d=0.66 size=0.36; id=458 static=1 gap=15.48m d=-0.11 size=0.35]
1786870564.195 [STATIC_OT] state=TRAILING path_exists=0 path_locked=0 path_ttl_ok=0 path_safe=0 on_spline=0 speed=0.00 raw_wpnts=0 raw_age=-s decision=TRAILING reason=NO_STATIC_PATH
1786870564.470 [STATIC_OT] state=TRAILING path_exists=0 path_locked=0 path_ttl_ok=0 path_safe=0 on_spline=0 speed=0.00 raw_wpnts=0 raw_age=-s decision=TRAILING reason=NO_STATIC_PATH
1786870564.630 [OBSTACLES] cur_s=20.39 cur_d=0.22 vs=0.00 n=2 [id=462 static=1 gap=0.09m d=0.66 size=0.32; id=458 static=1 gap=15.47m d=-0.11 size=0.38]
1786870564.832 [STATIC_OT] state=TRAILING path_exists=0 path_locked=0 path_ttl_ok=0 path_safe=0 on_spline=0 speed=0.00 raw_wpnts=0 raw_age=-s decision=TRAILING reason=NO_STATIC_PATH
1786870565.059 [STATIC_OT] state=TRAILING path_exists=0 path_locked=0 path_ttl_ok=0 path_safe=0 on_spline=0 speed=0.00 raw_wpnts=0 raw_age=-s decision=TRAILING reason=NO_STATIC_PATH
1786870565.150 [OBSTACLES] cur_s=20.39 cur_d=0.22 vs=0.00 n=2 [id=462 static=1 gap=0.09m d=0.66 size=0.32; id=458 static=1 gap=15.48m d=-0.11 size=0.36]
1786870565.299 [STATIC_OT] state=TRAILING path_exists=0 path_locked=0 path_ttl_ok=0 path_safe=0 on_spline=0 speed=0.00 raw_wpnts=0 raw_age=-s decision=TRAILING reason=NO_STATIC_PATH
1786870565.520 [STATIC_OT] state=TRAILING path_exists=0 path_locked=0 path_ttl_ok=0 path_safe=0 on_spline=0 speed=0.00 raw_wpnts=0 raw_age=-s decision=TRAILING reason=NO_STATIC_PATH
1786870565.743 [OBSTACLES] cur_s=20.39 cur_d=0.22 vs=0.00 n=2 [id=462 static=1 gap=0.08m d=0.66 size=0.34; id=458 static=1 gap=15.47m d=-0.11 size=0.37]
1786870565.750 [STATIC_OT] state=TRAILING path_exists=0 path_locked=0 path_ttl_ok=0 path_safe=0 on_spline=0 speed=0.00 raw_wpnts=0 raw_age=-s decision=TRAILING reason=NO_STATIC_PATH
1786870565.977 [STATIC_OT] state=TRAILING path_exists=0 path_locked=0 path_ttl_ok=0 path_safe=0 on_spline=0 speed=0.00 raw_wpnts=0 raw_age=-s decision=TRAILING reason=NO_STATIC_PATH
1786870566.198 [STATIC_OT] state=TRAILING path_exists=0 path_locked=0 path_ttl_ok=0 path_safe=0 on_spline=0 speed=0.00 raw_wpnts=0 raw_age=-s decision=TRAILING reason=NO_STATIC_PATH
1786870566.280 [OBSTACLES] cur_s=20.40 cur_d=0.22 vs=0.00 n=2 [id=462 static=1 gap=0.09m d=0.66 size=0.32; id=458 static=1 gap=15.47m d=-0.11 size=0.36]
1786870566.453 [STATIC_OT] state=TRAILING path_exists=0 path_locked=0 path_ttl_ok=0 path_safe=0 on_spline=0 speed=0.00 raw_wpnts=0 raw_age=-s decision=TRAILING reason=NO_STATIC_PATH
1786870566.793 [OBSTACLES] cur_s=20.40 cur_d=0.21 vs=0.00 n=2 [id=462 static=1 gap=0.08m d=0.66 size=0.33; id=458 static=1 gap=15.46m d=-0.11 size=0.39]
1786870566.794 [STATIC_OT] state=TRAILING path_exists=0 path_locked=0 path_ttl_ok=0 path_safe=0 on_spline=0 speed=0.00 raw_wpnts=0 raw_age=-s decision=TRAILING reason=NO_STATIC_PATH
1786870567.062 [STATIC_OT] state=TRAILING path_exists=0 path_locked=0 path_ttl_ok=0 path_safe=0 on_spline=0 speed=0.00 raw_wpnts=0 raw_age=-s decision=TRAILING reason=NO_STATIC_PATH
1786870567.295 [OBSTACLES] cur_s=20.40 cur_d=0.22 vs=0.00 n=2 [id=462 static=1 gap=0.09m d=0.66 size=0.31; id=458 static=1 gap=15.47m d=-0.11 size=0.37]
1786870567.297 [STATIC_OT] state=TRAILING path_exists=0 path_locked=0 path_ttl_ok=0 path_safe=0 on_spline=0 speed=0.00 raw_wpnts=0 raw_age=-s decision=TRAILING reason=NO_STATIC_PATH
1786870567.502 [STATIC_OT] state=TRAILING path_exists=0 path_locked=0 path_ttl_ok=0 path_safe=0 on_spline=0 speed=0.00 raw_wpnts=0 raw_age=-s decision=TRAILING reason=NO_STATIC_PATH
1786870567.715 [STATIC_OT] state=TRAILING path_exists=0 path_locked=0 path_ttl_ok=0 path_safe=0 on_spline=0 speed=0.00 raw_wpnts=0 raw_age=-s decision=TRAILING reason=NO_STATIC_PATH
1786870567.806 [OBSTACLES] cur_s=20.40 cur_d=0.22 vs=0.00 n=2 [id=462 static=1 gap=0.06m d=0.66 size=0.37; id=458 static=1 gap=15.47m d=-0.11 size=0.37]
1786870567.972 [STATIC_OT] state=TRAILING path_exists=0 path_locked=0 path_ttl_ok=0 path_safe=0 on_spline=0 speed=0.00 raw_wpnts=0 raw_age=-s decision=TRAILING reason=NO_STATIC_PATH
1786870568.183 [STATIC_OT] state=TRAILING path_exists=0 path_locked=0 path_ttl_ok=0 path_safe=0 on_spline=0 speed=0.00 raw_wpnts=0 raw_age=-s decision=TRAILING reason=NO_STATIC_PATH
1786870568.392 [OBSTACLES] cur_s=20.39 cur_d=0.22 vs=0.00 n=2 [id=462 static=1 gap=0.07m d=0.66 size=0.35; id=458 static=1 gap=15.47m d=-0.11 size=0.37]
1786870568.406 [STATIC_OT] state=TRAILING path_exists=0 path_locked=0 path_ttl_ok=0 path_safe=0 on_spline=0 speed=0.00 raw_wpnts=0 raw_age=-s decision=TRAILING reason=NO_STATIC_PATH
1786870568.704 [STATIC_OT] state=TRAILING path_exists=0 path_locked=0 path_ttl_ok=0 path_safe=0 on_spline=0 speed=0.00 raw_wpnts=0 raw_age=-s decision=TRAILING reason=NO_STATIC_PATH
1786870568.902 [OBSTACLES] cur_s=20.40 cur_d=0.21 vs=0.00 n=2 [id=462 static=1 gap=0.06m d=0.66 size=0.37; id=458 static=1 gap=15.46m d=-0.11 size=0.38]
1786870568.908 [STATIC_OT] state=TRAILING path_exists=0 path_locked=0 path_ttl_ok=0 path_safe=0 on_spline=0 speed=0.00 raw_wpnts=0 raw_age=-s decision=TRAILING reason=NO_STATIC_PATH
1786870569.197 [STATIC_OT] state=TRAILING path_exists=0 path_locked=0 path_ttl_ok=0 path_safe=0 on_spline=0 speed=0.00 raw_wpnts=0 raw_age=-s decision=TRAILING reason=NO_STATIC_PATH
1786870569.405 [STATIC_OT] state=TRAILING path_exists=0 path_locked=0 path_ttl_ok=0 path_safe=0 on_spline=0 speed=0.00 raw_wpnts=0 raw_age=-s decision=TRAILING reason=NO_STATIC_PATH
1786870569.443 [OBSTACLES] cur_s=20.40 cur_d=0.21 vs=0.00 n=2 [id=462 static=1 gap=0.08m d=0.66 size=0.32; id=458 static=1 gap=15.46m d=-0.11 size=0.37]
1786870569.672 [STATIC_OT] state=TRAILING path_exists=0 path_locked=0 path_ttl_ok=0 path_safe=0 on_spline=0 speed=0.00 raw_wpnts=0 raw_age=-s decision=TRAILING reason=NO_STATIC_PATH
1786870569.935 [STATIC_OT] state=TRAILING path_exists=0 path_locked=0 path_ttl_ok=0 path_safe=0 on_spline=0 speed=0.00 raw_wpnts=0 raw_age=-s decision=TRAILING reason=NO_STATIC_PATH
1786870570.054 [OBSTACLES] cur_s=20.39 cur_d=0.22 vs=0.00 n=2 [id=462 static=1 gap=0.09m d=0.66 size=0.33; id=458 static=1 gap=15.47m d=-0.11 size=0.37]
1786870570.159 [STATIC_OT] state=TRAILING path_exists=0 path_locked=0 path_ttl_ok=0 path_safe=0 on_spline=0 speed=0.00 raw_wpnts=0 raw_age=-s decision=TRAILING reason=NO_STATIC_PATH
1786870570.385 [STATIC_OT] state=TRAILING path_exists=0 path_locked=0 path_ttl_ok=0 path_safe=0 on_spline=0 speed=0.00 raw_wpnts=0 raw_age=-s decision=TRAILING reason=NO_STATIC_PATH
1786870570.601 [OBSTACLES] cur_s=20.39 cur_d=0.22 vs=0.00 n=2 [id=462 static=1 gap=0.09m d=0.66 size=0.31; id=458 static=1 gap=15.47m d=-0.11 size=0.37]
1786870570.608 [STATIC_OT] state=TRAILING path_exists=0 path_locked=0 path_ttl_ok=0 path_safe=0 on_spline=0 speed=0.00 raw_wpnts=0 raw_age=-s decision=TRAILING reason=NO_STATIC_PATH
1786870570.820 [STATIC_OT] state=TRAILING path_exists=0 path_locked=0 path_ttl_ok=0 path_safe=0 on_spline=0 speed=0.00 raw_wpnts=0 raw_age=-s decision=TRAILING reason=NO_STATIC_PATH
1786870571.212 [OBSTACLES] cur_s=20.39 cur_d=0.23 vs=0.00 n=2 [id=462 static=1 gap=0.08m d=0.66 size=0.34; id=458 static=1 gap=15.48m d=-0.11 size=0.36]
1786870571.218 [STATIC_OT] state=TRAILING path_exists=0 path_locked=0 path_ttl_ok=0 path_safe=0 on_spline=0 speed=0.00 raw_wpnts=0 raw_age=-s decision=TRAILING reason=NO_STATIC_PATH
1786870571.451 [STATIC_OT] state=TRAILING path_exists=0 path_locked=0 path_ttl_ok=0 path_safe=0 on_spline=0 speed=0.00 raw_wpnts=0 raw_age=-s decision=TRAILING reason=NO_STATIC_PATH
1786870571.656 [STATIC_OT] state=TRAILING path_exists=0 path_locked=0 path_ttl_ok=0 path_safe=0 on_spline=0 speed=0.00 raw_wpnts=0 raw_age=-s decision=TRAILING reason=NO_STATIC_PATH
1786870571.747 [OBSTACLES] cur_s=20.39 cur_d=0.22 vs=0.00 n=2 [id=462 static=1 gap=0.09m d=0.66 size=0.32; id=458 static=1 gap=15.47m d=-0.11 size=0.38]
1786870571.902 [STATIC_OT] state=TRAILING path_exists=0 path_locked=0 path_ttl_ok=0 path_safe=0 on_spline=0 speed=0.00 raw_wpnts=0 raw_age=-s decision=TRAILING reason=NO_STATIC_PATH
1786870572.148 [STATIC_OT] state=TRAILING path_exists=0 path_locked=0 path_ttl_ok=0 path_safe=0 on_spline=0 speed=0.00 raw_wpnts=0 raw_age=-s decision=TRAILING reason=NO_STATIC_PATH
1786870572.322 [OBSTACLES] cur_s=20.40 cur_d=0.21 vs=0.00 n=2 [id=462 static=1 gap=0.06m d=0.66 size=0.37; id=458 static=1 gap=15.47m d=-0.11 size=0.36]
1786870572.357 [STATIC_OT] state=TRAILING path_exists=0 path_locked=0 path_ttl_ok=0 path_safe=0 on_spline=0 speed=0.00 raw_wpnts=0 raw_age=-s decision=TRAILING reason=NO_STATIC_PATH
1786870572.598 [STATIC_OT] state=TRAILING path_exists=0 path_locked=0 path_ttl_ok=0 path_safe=0 on_spline=0 speed=0.00 raw_wpnts=0 raw_age=-s decision=TRAILING reason=NO_STATIC_PATH
1786870572.827 [OBSTACLES] cur_s=20.39 cur_d=0.22 vs=0.00 n=2 [id=462 static=1 gap=0.09m d=0.66 size=0.32; id=458 static=1 gap=15.47m d=-0.11 size=0.37]
1786870572.831 [STATIC_OT] state=TRAILING path_exists=0 path_locked=0 path_ttl_ok=0 path_safe=0 on_spline=0 speed=0.00 raw_wpnts=0 raw_age=-s decision=TRAILING reason=NO_STATIC_PATH
1786870573.042 [STATIC_OT] state=TRAILING path_exists=0 path_locked=0 path_ttl_ok=0 path_safe=0 on_spline=0 speed=0.00 raw_wpnts=0 raw_age=-s decision=TRAILING reason=NO_STATIC_PATH
1786870573.253 [STATIC_OT] state=TRAILING path_exists=0 path_locked=0 path_ttl_ok=0 path_safe=0 on_spline=0 speed=0.00 raw_wpnts=0 raw_age=-s decision=TRAILING reason=NO_STATIC_PATH
1786870573.331 [OBSTACLES] cur_s=20.39 cur_d=0.22 vs=0.00 n=2 [id=462 static=1 gap=0.06m d=0.66 size=0.37; id=458 static=1 gap=15.48m d=-0.11 size=0.35]
1786870573.490 [STATIC_OT] state=TRAILING path_exists=0 path_locked=0 path_ttl_ok=0 path_safe=0 on_spline=0 speed=0.00 raw_wpnts=0 raw_age=-s decision=TRAILING reason=NO_STATIC_PATH
1786870573.699 [STATIC_OT] state=TRAILING path_exists=0 path_locked=0 path_ttl_ok=0 path_safe=0 on_spline=0 speed=0.00 raw_wpnts=0 raw_age=-s decision=TRAILING reason=NO_STATIC_PATH
1786870573.857 [OBSTACLES] cur_s=20.40 cur_d=0.22 vs=0.00 n=2 [id=462 static=1 gap=0.08m d=0.66 size=0.32; id=458 static=1 gap=15.47m d=-0.11 size=0.37]
1786870573.926 [STATIC_OT] state=TRAILING path_exists=0 path_locked=0 path_ttl_ok=0 path_safe=0 on_spline=0 speed=0.00 raw_wpnts=0 raw_age=-s decision=TRAILING reason=NO_STATIC_PATH
1786870574.146 [STATIC_OT] state=TRAILING path_exists=0 path_locked=0 path_ttl_ok=0 path_safe=0 on_spline=0 speed=0.00 raw_wpnts=0 raw_age=-s decision=TRAILING reason=NO_STATIC_PATH
1786870574.347 [STATIC_OT] state=TRAILING path_exists=0 path_locked=0 path_ttl_ok=0 path_safe=0 on_spline=0 speed=0.00 raw_wpnts=0 raw_age=-s decision=TRAILING reason=NO_STATIC_PATH
1786870574.375 [OBSTACLES] cur_s=20.39 cur_d=0.22 vs=0.00 n=2 [id=462 static=1 gap=0.09m d=0.66 size=0.31; id=458 static=1 gap=15.47m d=-0.11 size=0.37]
1786870574.685 [STATIC_OT] state=TRAILING path_exists=0 path_locked=0 path_ttl_ok=0 path_safe=0 on_spline=0 speed=0.00 raw_wpnts=0 raw_age=-s decision=TRAILING reason=NO_STATIC_PATH
1786870574.909 [OBSTACLES] cur_s=20.39 cur_d=0.21 vs=0.00 n=2 [id=462 static=1 gap=0.09m d=0.66 size=0.31; id=458 static=1 gap=15.47m d=-0.11 size=0.36]
1786870574.912 [STATIC_OT] state=TRAILING path_exists=0 path_locked=0 path_ttl_ok=0 path_safe=0 on_spline=0 speed=0.00 raw_wpnts=0 raw_age=-s decision=TRAILING reason=NO_STATIC_PATH
1786870575.115 [STATIC_OT] state=TRAILING path_exists=0 path_locked=0 path_ttl_ok=0 path_safe=0 on_spline=0 speed=0.00 raw_wpnts=0 raw_age=-s decision=TRAILING reason=NO_STATIC_PATH
1786870575.383 [STATIC_OT] state=TRAILING path_exists=0 path_locked=0 path_ttl_ok=0 path_safe=0 on_spline=0 speed=0.00 raw_wpnts=0 raw_age=-s decision=TRAILING reason=NO_STATIC_PATH
1786870575.452 [OBSTACLES] cur_s=20.39 cur_d=0.22 vs=0.00 n=2 [id=462 static=1 gap=0.08m d=0.66 size=0.33; id=458 static=1 gap=15.47m d=-0.11 size=0.37]
1786870575.594 [STATIC_OT] state=TRAILING path_exists=0 path_locked=0 path_ttl_ok=0 path_safe=0 on_spline=0 speed=0.00 raw_wpnts=0 raw_age=-s decision=TRAILING reason=NO_STATIC_PATH
1786870575.796 [STATIC_OT] state=TRAILING path_exists=0 path_locked=0 path_ttl_ok=0 path_safe=0 on_spline=0 speed=0.00 raw_wpnts=0 raw_age=-s decision=TRAILING reason=NO_STATIC_PATH
1786870575.953 [OBSTACLES] cur_s=20.40 cur_d=0.22 vs=0.00 n=2 [id=462 static=1 gap=0.08m d=0.66 size=0.33; id=458 static=1 gap=15.47m d=-0.11 size=0.37]
1786870576.034 [STATIC_OT] state=TRAILING path_exists=0 path_locked=0 path_ttl_ok=0 path_safe=0 on_spline=0 speed=0.00 raw_wpnts=0 raw_age=-s decision=TRAILING reason=NO_STATIC_PATH
1786870576.273 [STATIC_OT] state=TRAILING path_exists=0 path_locked=0 path_ttl_ok=0 path_safe=0 on_spline=0 speed=0.00 raw_wpnts=0 raw_age=-s decision=TRAILING reason=NO_STATIC_PATH
1786870576.485 [OBSTACLES] cur_s=20.40 cur_d=0.22 vs=0.00 n=2 [id=462 static=1 gap=0.08m d=0.66 size=0.33; id=458 static=1 gap=15.46m d=-0.11 size=0.38]
1786870576.488 [STATIC_OT] state=TRAILING path_exists=0 path_locked=0 path_ttl_ok=0 path_safe=0 on_spline=0 speed=0.00 raw_wpnts=0 raw_age=-s decision=TRAILING reason=NO_STATIC_PATH
1786870576.761 [STATIC_OT] state=TRAILING path_exists=0 path_locked=0 path_ttl_ok=0 path_safe=0 on_spline=0 speed=0.00 raw_wpnts=0 raw_age=-s decision=TRAILING reason=NO_STATIC_PATH
1786870577.001 [OBSTACLES] cur_s=20.40 cur_d=0.21 vs=0.00 n=2 [id=462 static=1 gap=0.09m d=0.66 size=0.32; id=458 static=1 gap=15.46m d=-0.11 size=0.39]
1786870577.004 [STATIC_OT] state=TRAILING path_exists=0 path_locked=0 path_ttl_ok=0 path_safe=0 on_spline=0 speed=0.00 raw_wpnts=0 raw_age=-s decision=TRAILING reason=NO_STATIC_PATH
1786870577.235 [STATIC_OT] state=TRAILING path_exists=0 path_locked=0 path_ttl_ok=0 path_safe=0 on_spline=0 speed=0.00 raw_wpnts=0 raw_age=-s decision=TRAILING reason=NO_STATIC_PATH
1786870577.448 [STATIC_OT] state=TRAILING path_exists=0 path_locked=0 path_ttl_ok=0 path_safe=0 on_spline=0 speed=0.00 raw_wpnts=0 raw_age=-s decision=TRAILING reason=NO_STATIC_PATH
1786870577.570 [OBSTACLES] cur_s=20.39 cur_d=0.21 vs=0.00 n=2 [id=462 static=1 gap=0.09m d=0.66 size=0.31; id=458 static=1 gap=15.47m d=-0.11 size=0.37]
1786870577.738 [STATIC_OT] state=TRAILING path_exists=0 path_locked=0 path_ttl_ok=0 path_safe=0 on_spline=0 speed=0.00 raw_wpnts=0 raw_age=-s decision=TRAILING reason=NO_STATIC_PATH
1786870577.961 [STATIC_OT] state=TRAILING path_exists=0 path_locked=0 path_ttl_ok=0 path_safe=0 on_spline=0 speed=0.00 raw_wpnts=0 raw_age=-s decision=TRAILING reason=NO_STATIC_PATH
1786870578.138 [OBSTACLES] cur_s=20.40 cur_d=0.21 vs=0.00 n=2 [id=462 static=1 gap=0.08m d=0.66 size=0.31; id=458 static=1 gap=15.47m d=-0.11 size=0.36]
1786870578.297 [STATIC_OT] state=TRAILING path_exists=0 path_locked=0 path_ttl_ok=0 path_safe=0 on_spline=0 speed=0.00 raw_wpnts=0 raw_age=-s decision=TRAILING reason=NO_STATIC_PATH
1786870578.542 [STATIC_OT] state=TRAILING path_exists=0 path_locked=0 path_ttl_ok=0 path_safe=0 on_spline=0 speed=0.00 raw_wpnts=0 raw_age=-s decision=TRAILING reason=NO_STATIC_PATH
1786870578.665 [OBSTACLES] cur_s=20.40 cur_d=0.22 vs=0.00 n=2 [id=462 static=1 gap=0.08m d=0.66 size=0.32; id=458 static=1 gap=15.46m d=-0.11 size=0.38]
1786870578.788 [STATIC_OT] state=TRAILING path_exists=0 path_locked=0 path_ttl_ok=0 path_safe=0 on_spline=0 speed=0.00 raw_wpnts=0 raw_age=-s decision=TRAILING reason=NO_STATIC_PATH
1786870579.012 [STATIC_OT] state=TRAILING path_exists=0 path_locked=0 path_ttl_ok=0 path_safe=0 on_spline=0 speed=0.00 raw_wpnts=0 raw_age=-s decision=TRAILING reason=NO_STATIC_PATH
1786870579.192 [OBSTACLES] cur_s=20.40 cur_d=0.22 vs=0.00 n=2 [id=462 static=1 gap=0.09m d=0.66 size=0.31; id=458 static=1 gap=15.47m d=-0.11 size=0.36]
1786870579.281 [STATIC_OT] state=TRAILING path_exists=0 path_locked=0 path_ttl_ok=0 path_safe=0 on_spline=0 speed=0.00 raw_wpnts=0 raw_age=-s decision=TRAILING reason=NO_STATIC_PATH
1786870579.510 [STATIC_OT] state=TRAILING path_exists=0 path_locked=0 path_ttl_ok=0 path_safe=0 on_spline=0 speed=0.00 raw_wpnts=0 raw_age=-s decision=TRAILING reason=NO_STATIC_PATH
1786870579.715 [OBSTACLES] cur_s=20.40 cur_d=0.21 vs=0.00 n=2 [id=462 static=1 gap=0.09m d=0.66 size=0.31; id=458 static=1 gap=15.47m d=-0.11 size=0.36]
1786870579.722 [STATIC_OT] state=TRAILING path_exists=0 path_locked=0 path_ttl_ok=0 path_safe=0 on_spline=0 speed=0.00 raw_wpnts=0 raw_age=-s decision=TRAILING reason=NO_STATIC_PATH
1786870579.964 [STATIC_OT] state=TRAILING path_exists=0 path_locked=0 path_ttl_ok=0 path_safe=0 on_spline=0 speed=0.00 raw_wpnts=0 raw_age=-s decision=TRAILING reason=NO_STATIC_PATH
1786870580.272 [OBSTACLES] cur_s=20.40 cur_d=0.22 vs=0.00 n=2 [id=462 static=1 gap=0.08m d=0.66 size=0.32; id=458 static=1 gap=15.47m d=-0.11 size=0.36]
1786870580.276 [STATIC_OT] state=TRAILING path_exists=0 path_locked=0 path_ttl_ok=0 path_safe=0 on_spline=0 speed=0.00 raw_wpnts=0 raw_age=-s decision=TRAILING reason=NO_STATIC_PATH
1786870580.514 [STATIC_OT] state=TRAILING path_exists=0 path_locked=0 path_ttl_ok=0 path_safe=0 on_spline=0 speed=0.00 raw_wpnts=0 raw_age=-s decision=TRAILING reason=NO_STATIC_PATH
1786870580.801 [OBSTACLES] cur_s=20.39 cur_d=0.22 vs=0.00 n=2 [id=462 static=1 gap=0.08m d=0.66 size=0.32; id=458 static=1 gap=15.46m d=-0.11 size=0.39]
1786870580.810 [STATIC_OT] state=TRAILING path_exists=0 path_locked=0 path_ttl_ok=0 path_safe=0 on_spline=0 speed=0.00 raw_wpnts=0 raw_age=-s decision=TRAILING reason=NO_STATIC_PATH
1786870581.026 [STATIC_OT] state=TRAILING path_exists=0 path_locked=0 path_ttl_ok=0 path_safe=0 on_spline=0 speed=0.00 raw_wpnts=0 raw_age=-s decision=TRAILING reason=NO_STATIC_PATH
1786870581.252 [STATIC_OT] state=TRAILING path_exists=0 path_locked=0 path_ttl_ok=0 path_safe=0 on_spline=0 speed=0.00 raw_wpnts=0 raw_age=-s decision=TRAILING reason=NO_STATIC_PATH
1786870581.317 [OBSTACLES] cur_s=20.40 cur_d=0.22 vs=0.00 n=2 [id=462 static=1 gap=0.07m d=0.66 size=0.33; id=458 static=1 gap=15.46m d=-0.11 size=0.37]
1786870581.511 [STATIC_OT] state=TRAILING path_exists=0 path_locked=0 path_ttl_ok=0 path_safe=0 on_spline=0 speed=0.00 raw_wpnts=0 raw_age=-s decision=TRAILING reason=NO_STATIC_PATH
1786870581.735 [STATIC_OT] state=TRAILING path_exists=0 path_locked=0 path_ttl_ok=0 path_safe=0 on_spline=0 speed=0.00 raw_wpnts=0 raw_age=-s decision=TRAILING reason=NO_STATIC_PATH
1786870581.880 [OBSTACLES] cur_s=20.39 cur_d=0.22 vs=0.00 n=2 [id=462 static=1 gap=0.08m d=0.66 size=0.34; id=458 static=1 gap=15.47m d=-0.11 size=0.37]
1786870581.936 [STATIC_OT] state=TRAILING path_exists=0 path_locked=0 path_ttl_ok=0 path_safe=0 on_spline=0 speed=0.00 raw_wpnts=0 raw_age=-s decision=TRAILING reason=NO_STATIC_PATH
1786870582.248 [STATIC_OT] state=TRAILING path_exists=0 path_locked=0 path_ttl_ok=0 path_safe=0 on_spline=0 speed=0.00 raw_wpnts=0 raw_age=-s decision=TRAILING reason=NO_STATIC_PATH
1786870582.383 [OBSTACLES] cur_s=20.39 cur_d=0.21 vs=0.00 n=2 [id=462 static=1 gap=0.08m d=0.66 size=0.33; id=458 static=1 gap=15.47m d=-0.11 size=0.37]
1786870582.465 [STATIC_OT] state=TRAILING path_exists=0 path_locked=0 path_ttl_ok=0 path_safe=0 on_spline=0 speed=0.00 raw_wpnts=0 raw_age=-s decision=TRAILING reason=NO_STATIC_PATH
1786870582.797 [STATIC_OT] state=TRAILING path_exists=0 path_locked=0 path_ttl_ok=0 path_safe=0 on_spline=0 speed=0.00 raw_wpnts=0 raw_age=-s decision=TRAILING reason=NO_STATIC_PATH
1786870582.927 [OBSTACLES] cur_s=20.39 cur_d=0.22 vs=0.00 n=2 [id=462 static=1 gap=0.09m d=0.66 size=0.32; id=458 static=1 gap=15.48m d=-0.11 size=0.36]
1786870583.027 [STATIC_OT] state=TRAILING path_exists=0 path_locked=0 path_ttl_ok=0 path_safe=0 on_spline=0 speed=0.00 raw_wpnts=0 raw_age=-s decision=TRAILING reason=NO_STATIC_PATH
1786870583.276 [STATIC_OT] state=TRAILING path_exists=0 path_locked=0 path_ttl_ok=0 path_safe=0 on_spline=0 speed=0.00 raw_wpnts=0 raw_age=-s decision=TRAILING reason=NO_STATIC_PATH
1786870583.436 [OBSTACLES] cur_s=20.40 cur_d=0.21 vs=0.00 n=2 [id=462 static=1 gap=0.08m d=0.66 size=0.32; id=458 static=1 gap=15.47m d=-0.11 size=0.35]
1786870583.540 [STATIC_OT] state=TRAILING path_exists=0 path_locked=0 path_ttl_ok=0 path_safe=0 on_spline=0 speed=0.00 raw_wpnts=0 raw_age=-s decision=TRAILING reason=NO_STATIC_PATH
1786870583.754 [STATIC_OT] state=TRAILING path_exists=0 path_locked=0 path_ttl_ok=0 path_safe=0 on_spline=0 speed=0.00 raw_wpnts=0 raw_age=-s decision=TRAILING reason=NO_STATIC_PATH
1786870584.005 [OBSTACLES] cur_s=20.39 cur_d=0.21 vs=0.00 n=2 [id=462 static=1 gap=0.08m d=0.66 size=0.32; id=458 static=1 gap=15.47m d=-0.11 size=0.36]
1786870584.008 [STATIC_OT] state=TRAILING path_exists=0 path_locked=0 path_ttl_ok=0 path_safe=0 on_spline=0 speed=0.00 raw_wpnts=0 raw_age=-s decision=TRAILING reason=NO_STATIC_PATH
1786870584.307 [STATIC_OT] state=TRAILING path_exists=0 path_locked=0 path_ttl_ok=0 path_safe=0 on_spline=0 speed=0.00 raw_wpnts=0 raw_age=-s decision=TRAILING reason=NO_STATIC_PATH
1786870584.545 [OBSTACLES] cur_s=20.39 cur_d=0.22 vs=0.00 n=2 [id=462 static=1 gap=0.09m d=0.66 size=0.32; id=458 static=1 gap=15.47m d=-0.11 size=0.37]
1786870584.560 [STATIC_OT] state=TRAILING path_exists=0 path_locked=0 path_ttl_ok=0 path_safe=0 on_spline=0 speed=0.00 raw_wpnts=0 raw_age=-s decision=TRAILING reason=NO_STATIC_PATH
1786870584.772 [STATIC_OT] state=TRAILING path_exists=0 path_locked=0 path_ttl_ok=0 path_safe=0 on_spline=0 speed=0.00 raw_wpnts=0 raw_age=-s decision=TRAILING reason=NO_STATIC_PATH
1786870584.993 [STATIC_OT] state=TRAILING path_exists=0 path_locked=0 path_ttl_ok=0 path_safe=0 on_spline=0 speed=0.00 raw_wpnts=0 raw_age=-s decision=TRAILING reason=NO_STATIC_PATH
1786870585.078 [OBSTACLES] cur_s=20.40 cur_d=0.23 vs=0.00 n=2 [id=462 static=1 gap=0.08m d=0.66 size=0.33; id=458 static=1 gap=15.47m d=-0.11 size=0.36]
1786870585.219 [STATIC_OT] state=TRAILING path_exists=0 path_locked=0 path_ttl_ok=0 path_safe=0 on_spline=0 speed=0.00 raw_wpnts=0 raw_age=-s decision=TRAILING reason=NO_STATIC_PATH
1786870585.434 [STATIC_OT] state=TRAILING path_exists=0 path_locked=0 path_ttl_ok=0 path_safe=0 on_spline=0 speed=0.00 raw_wpnts=0 raw_age=-s decision=TRAILING reason=NO_STATIC_PATH
1786870585.588 [OBSTACLES] cur_s=20.40 cur_d=0.21 vs=0.00 n=2 [id=462 static=1 gap=0.05m d=0.66 size=0.38; id=458 static=1 gap=15.46m d=-0.11 size=0.37]
1786870585.670 [STATIC_OT] state=TRAILING path_exists=0 path_locked=0 path_ttl_ok=0 path_safe=0 on_spline=0 speed=0.00 raw_wpnts=0 raw_age=-s decision=TRAILING reason=NO_STATIC_PATH
1786870585.873 [STATIC_OT] state=TRAILING path_exists=0 path_locked=0 path_ttl_ok=0 path_safe=0 on_spline=0 speed=0.00 raw_wpnts=0 raw_age=-s decision=TRAILING reason=NO_STATIC_PATH
1786870586.128 [OBSTACLES] cur_s=20.40 cur_d=0.22 vs=0.00 n=2 [id=462 static=1 gap=0.06m d=0.66 size=0.36; id=458 static=1 gap=15.47m d=-0.11 size=0.36]
1786870586.130 [STATIC_OT] state=TRAILING path_exists=0 path_locked=0 path_ttl_ok=0 path_safe=0 on_spline=0 speed=0.00 raw_wpnts=0 raw_age=-s decision=TRAILING reason=NO_STATIC_PATH
1786870586.398 [STATIC_OT] state=TRAILING path_exists=0 path_locked=0 path_ttl_ok=0 path_safe=0 on_spline=0 speed=0.00 raw_wpnts=0 raw_age=-s decision=TRAILING reason=NO_STATIC_PATH
1786870586.610 [STATIC_OT] state=TRAILING path_exists=0 path_locked=0 path_ttl_ok=0 path_safe=0 on_spline=0 speed=0.00 raw_wpnts=0 raw_age=-s decision=TRAILING reason=NO_STATIC_PATH
1786870586.688 [OBSTACLES] cur_s=20.40 cur_d=0.21 vs=0.00 n=2 [id=462 static=1 gap=0.04m d=0.66 size=0.39; id=458 static=1 gap=15.46m d=-0.11 size=0.38]
1786870586.812 [STATIC_OT] state=TRAILING path_exists=0 path_locked=0 path_ttl_ok=0 path_safe=0 on_spline=0 speed=0.00 raw_wpnts=0 raw_age=-s decision=TRAILING reason=NO_STATIC_PATH
1786870587.081 [STATIC_OT] state=TRAILING path_exists=0 path_locked=0 path_ttl_ok=0 path_safe=0 on_spline=0 speed=0.00 raw_wpnts=0 raw_age=-s decision=TRAILING reason=NO_STATIC_PATH
1786870587.192 [OBSTACLES] cur_s=20.40 cur_d=0.22 vs=0.00 n=2 [id=462 static=1 gap=0.06m d=0.66 size=0.36; id=458 static=1 gap=15.47m d=-0.11 size=0.35]
1786870587.305 [STATIC_OT] state=TRAILING path_exists=0 path_locked=0 path_ttl_ok=0 path_safe=0 on_spline=0 speed=0.00 raw_wpnts=0 raw_age=-s decision=TRAILING reason=NO_STATIC_PATH
1786870587.520 [STATIC_OT] state=TRAILING path_exists=0 path_locked=0 path_ttl_ok=0 path_safe=0 on_spline=0 speed=0.00 raw_wpnts=0 raw_age=-s decision=TRAILING reason=NO_STATIC_PATH
1786870587.763 [OBSTACLES] cur_s=20.40 cur_d=0.22 vs=0.00 n=2 [id=462 static=1 gap=0.08m d=0.66 size=0.32; id=458 static=1 gap=15.46m d=-0.11 size=0.37]
1786870587.772 [STATIC_OT] state=TRAILING path_exists=0 path_locked=0 path_ttl_ok=0 path_safe=0 on_spline=0 speed=0.00 raw_wpnts=0 raw_age=-s decision=TRAILING reason=NO_STATIC_PATH
1786870587.981 [STATIC_OT] state=TRAILING path_exists=0 path_locked=0 path_ttl_ok=0 path_safe=0 on_spline=0 speed=0.00 raw_wpnts=0 raw_age=-s decision=TRAILING reason=NO_STATIC_PATH
1786870588.242 [STATIC_OT] state=TRAILING path_exists=0 path_locked=0 path_ttl_ok=0 path_safe=0 on_spline=0 speed=0.00 raw_wpnts=0 raw_age=-s decision=TRAILING reason=NO_STATIC_PATH
1786870588.293 [OBSTACLES] cur_s=20.40 cur_d=0.21 vs=0.00 n=2 [id=462 static=1 gap=0.08m d=0.66 size=0.32; id=458 static=1 gap=15.47m d=-0.11 size=0.36]
1786870588.456 [STATIC_OT] state=TRAILING path_exists=0 path_locked=0 path_ttl_ok=0 path_safe=0 on_spline=0 speed=0.00 raw_wpnts=0 raw_age=-s decision=TRAILING reason=NO_STATIC_PATH
1786870588.707 [STATIC_OT] state=TRAILING path_exists=0 path_locked=0 path_ttl_ok=0 path_safe=0 on_spline=0 speed=0.00 raw_wpnts=0 raw_age=-s decision=TRAILING reason=NO_STATIC_PATH
1786870588.826 [OBSTACLES] cur_s=20.39 cur_d=0.21 vs=0.00 n=2 [id=462 static=1 gap=0.08m d=0.66 size=0.32; id=458 static=1 gap=15.47m d=-0.11 size=0.36]
1786870588.966 [STATIC_OT] state=TRAILING path_exists=0 path_locked=0 path_ttl_ok=0 path_safe=0 on_spline=0 speed=0.00 raw_wpnts=0 raw_age=-s decision=TRAILING reason=NO_STATIC_PATH
1786870589.233 [STATIC_OT] state=TRAILING path_exists=0 path_locked=0 path_ttl_ok=0 path_safe=0 on_spline=0 speed=0.00 raw_wpnts=0 raw_age=-s decision=TRAILING reason=NO_STATIC_PATH
1786870589.347 [OBSTACLES] cur_s=20.40 cur_d=0.20 vs=0.00 n=2 [id=462 static=1 gap=0.08m d=0.66 size=0.32; id=458 static=1 gap=15.47m d=-0.11 size=0.36]
1786870589.488 [STATIC_OT] state=TRAILING path_exists=0 path_locked=0 path_ttl_ok=0 path_safe=0 on_spline=0 speed=0.00 raw_wpnts=0 raw_age=-s decision=TRAILING reason=NO_STATIC_PATH
1786870589.745 [STATIC_OT] state=TRAILING path_exists=0 path_locked=0 path_ttl_ok=0 path_safe=0 on_spline=0 speed=0.00 raw_wpnts=0 raw_age=-s decision=TRAILING reason=NO_STATIC_PATH
1786870589.866 [OBSTACLES] cur_s=20.40 cur_d=0.20 vs=0.00 n=2 [id=462 static=1 gap=0.07m d=0.66 size=0.34; id=458 static=1 gap=15.47m d=-0.11 size=0.37]
1786870590.005 [STATIC_OT] state=TRAILING path_exists=0 path_locked=0 path_ttl_ok=0 path_safe=0 on_spline=0 speed=0.00 raw_wpnts=0 raw_age=-s decision=TRAILING reason=NO_STATIC_PATH
1786870590.243 [STATIC_OT] state=TRAILING path_exists=0 path_locked=0 path_ttl_ok=0 path_safe=0 on_spline=0 speed=0.00 raw_wpnts=0 raw_age=-s decision=TRAILING reason=NO_STATIC_PATH
1786870590.480 [OBSTACLES] cur_s=20.40 cur_d=0.21 vs=0.00 n=2 [id=462 static=1 gap=0.07m d=0.66 size=0.33; id=458 static=1 gap=15.47m d=-0.11 size=0.37]
1786870590.491 [STATIC_OT] state=TRAILING path_exists=0 path_locked=0 path_ttl_ok=0 path_safe=0 on_spline=0 speed=0.00 raw_wpnts=0 raw_age=-s decision=TRAILING reason=NO_STATIC_PATH
1786870590.773 [STATIC_OT] state=TRAILING path_exists=0 path_locked=0 path_ttl_ok=0 path_safe=0 on_spline=0 speed=0.00 raw_wpnts=0 raw_age=-s decision=TRAILING reason=NO_STATIC_PATH
1786870591.008 [OBSTACLES] cur_s=20.40 cur_d=0.21 vs=0.00 n=2 [id=462 static=1 gap=0.08m d=0.66 size=0.33; id=458 static=1 gap=15.46m d=-0.11 size=0.38]
1786870591.015 [STATIC_OT] state=TRAILING path_exists=0 path_locked=0 path_ttl_ok=0 path_safe=0 on_spline=0 speed=0.00 raw_wpnts=0 raw_age=-s decision=TRAILING reason=NO_STATIC_PATH
1786870591.215 [STATIC_OT] state=TRAILING path_exists=0 path_locked=0 path_ttl_ok=0 path_safe=0 on_spline=0 speed=0.00 raw_wpnts=0 raw_age=-s decision=TRAILING reason=NO_STATIC_PATH
1786870591.432 [STATIC_OT] state=TRAILING path_exists=0 path_locked=0 path_ttl_ok=0 path_safe=0 on_spline=0 speed=0.00 raw_wpnts=0 raw_age=-s decision=TRAILING reason=NO_STATIC_PATH
1786870591.509 [OBSTACLES] cur_s=20.40 cur_d=0.20 vs=0.00 n=2 [id=462 static=1 gap=0.07m d=0.66 size=0.34; id=458 static=1 gap=15.47m d=-0.11 size=0.37]
1786870591.687 [STATIC_OT] state=TRAILING path_exists=0 path_locked=0 path_ttl_ok=0 path_safe=0 on_spline=0 speed=0.00 raw_wpnts=0 raw_age=-s decision=TRAILING reason=NO_STATIC_PATH
1786870591.925 [STATIC_OT] state=TRAILING path_exists=0 path_locked=0 path_ttl_ok=0 path_safe=0 on_spline=0 speed=0.00 raw_wpnts=0 raw_age=-s decision=TRAILING reason=NO_STATIC_PATH
1786870592.069 [OBSTACLES] cur_s=20.39 cur_d=0.22 vs=0.00 n=2 [id=462 static=1 gap=0.08m d=0.66 size=0.32; id=458 static=1 gap=15.46m d=-0.11 size=0.38]
1786870592.169 [STATIC_OT] state=TRAILING path_exists=0 path_locked=0 path_ttl_ok=0 path_safe=0 on_spline=0 speed=0.00 raw_wpnts=0 raw_age=-s decision=TRAILING reason=NO_STATIC_PATH
1786870592.432 [STATIC_OT] state=TRAILING path_exists=0 path_locked=0 path_ttl_ok=0 path_safe=0 on_spline=0 speed=0.00 raw_wpnts=0 raw_age=-s decision=TRAILING reason=NO_STATIC_PATH
1786870592.682 [OBSTACLES] cur_s=20.39 cur_d=0.23 vs=0.00 n=2 [id=462 static=1 gap=0.08m d=0.66 size=0.35; id=458 static=1 gap=15.48m d=-0.10 size=0.35]
1786870592.684 [STATIC_OT] state=TRAILING path_exists=0 path_locked=0 path_ttl_ok=0 path_safe=0 on_spline=0 speed=0.00 raw_wpnts=0 raw_age=-s decision=TRAILING reason=NO_STATIC_PATH
1786870592.896 [STATIC_OT] state=TRAILING path_exists=0 path_locked=0 path_ttl_ok=0 path_safe=0 on_spline=0 speed=0.00 raw_wpnts=0 raw_age=-s decision=TRAILING reason=NO_STATIC_PATH
1786870593.167 [STATIC_OT] state=TRAILING path_exists=0 path_locked=0 path_ttl_ok=0 path_safe=0 on_spline=0 speed=0.00 raw_wpnts=0 raw_age=-s decision=TRAILING reason=NO_STATIC_PATH
1786870593.217 [OBSTACLES] cur_s=20.40 cur_d=0.21 vs=0.00 n=2 [id=462 static=1 gap=0.08m d=0.66 size=0.32; id=458 static=1 gap=15.47m d=-0.10 size=0.35]
1786870593.368 [STATIC_OT] state=TRAILING path_exists=0 path_locked=0 path_ttl_ok=0 path_safe=0 on_spline=0 speed=0.00 raw_wpnts=0 raw_age=-s decision=TRAILING reason=NO_STATIC_PATH
1786870593.638 [STATIC_OT] state=TRAILING path_exists=0 path_locked=0 path_ttl_ok=0 path_safe=0 on_spline=0 speed=0.00 raw_wpnts=0 raw_age=-s decision=TRAILING reason=NO_STATIC_PATH
1786870593.784 [OBSTACLES] cur_s=20.39 cur_d=0.22 vs=0.00 n=2 [id=462 static=1 gap=0.09m d=0.66 size=0.30; id=458 static=1 gap=15.47m d=-0.10 size=0.36]
1786870593.904 [STATIC_OT] state=TRAILING path_exists=0 path_locked=0 path_ttl_ok=0 path_safe=0 on_spline=0 speed=0.00 raw_wpnts=0 raw_age=-s decision=TRAILING reason=NO_STATIC_PATH
1786870594.165 [STATIC_OT] state=TRAILING path_exists=0 path_locked=0 path_ttl_ok=0 path_safe=0 on_spline=0 speed=0.00 raw_wpnts=0 raw_age=-s decision=TRAILING reason=NO_STATIC_PATH
1786870594.292 [OBSTACLES] cur_s=20.39 cur_d=0.23 vs=0.00 n=2 [id=462 static=1 gap=0.05m d=0.66 size=0.38; id=458 static=1 gap=15.47m d=-0.10 size=0.37]
1786870594.402 [STATIC_OT] state=TRAILING path_exists=0 path_locked=0 path_ttl_ok=0 path_safe=0 on_spline=0 speed=0.00 raw_wpnts=0 raw_age=-s decision=TRAILING reason=NO_STATIC_PATH
1786870594.642 [STATIC_OT] state=TRAILING path_exists=0 path_locked=0 path_ttl_ok=0 path_safe=0 on_spline=0 speed=0.00 raw_wpnts=0 raw_age=-s decision=TRAILING reason=NO_STATIC_PATH
1786870594.937 [OBSTACLES] cur_s=20.39 cur_d=0.22 vs=0.00 n=2 [id=462 static=1 gap=0.07m d=0.66 size=0.34; id=458 static=1 gap=15.47m d=-0.10 size=0.36]
1786870594.945 [STATIC_OT] state=TRAILING path_exists=0 path_locked=0 path_ttl_ok=0 path_safe=0 on_spline=0 speed=0.00 raw_wpnts=0 raw_age=-s decision=TRAILING reason=NO_STATIC_PATH
1786870595.296 [STATIC_OT] state=TRAILING path_exists=0 path_locked=0 path_ttl_ok=0 path_safe=0 on_spline=0 speed=0.00 raw_wpnts=0 raw_age=-s decision=TRAILING reason=NO_STATIC_PATH
1786870595.485 [OBSTACLES] cur_s=20.40 cur_d=0.21 vs=0.00 n=2 [id=462 static=1 gap=0.06m d=0.66 size=0.36; id=458 static=1 gap=15.48m d=-0.10 size=0.35]
1786870595.548 [STATIC_OT] state=TRAILING path_exists=0 path_locked=0 path_ttl_ok=0 path_safe=0 on_spline=0 speed=0.00 raw_wpnts=0 raw_age=-s decision=TRAILING reason=NO_STATIC_PATH
1786870595.761 [STATIC_OT] state=TRAILING path_exists=0 path_locked=0 path_ttl_ok=0 path_safe=0 on_spline=0 speed=0.00 raw_wpnts=0 raw_age=-s decision=TRAILING reason=NO_STATIC_PATH
1786870596.008 [OBSTACLES] cur_s=20.42 cur_d=0.22 vs=0.00 n=2 [id=462 static=1 gap=0.05m d=0.66 size=0.34; id=458 static=1 gap=15.44m d=-0.10 size=0.37]
1786870596.018 [STATIC_OT] state=TRAILING path_exists=0 path_locked=0 path_ttl_ok=0 path_safe=0 on_spline=0 speed=0.00 raw_wpnts=0 raw_age=-s decision=TRAILING reason=NO_STATIC_PATH
1786870596.285 [STATIC_OT] state=TRAILING path_exists=0 path_locked=0 path_ttl_ok=0 path_safe=0 on_spline=0 speed=0.00 raw_wpnts=0 raw_age=-s decision=TRAILING reason=NO_STATIC_PATH
1786870596.548 [OBSTACLES] cur_s=20.41 cur_d=0.22 vs=0.00 n=2 [id=462 static=1 gap=0.07m d=0.66 size=0.31; id=458 static=1 gap=15.46m d=-0.10 size=0.36]
1786870596.550 [STATIC_OT] state=TRAILING path_exists=0 path_locked=0 path_ttl_ok=0 path_safe=0 on_spline=0 speed=0.00 raw_wpnts=0 raw_age=-s decision=TRAILING reason=NO_STATIC_PATH
1786870596.798 [STATIC_OT] state=TRAILING path_exists=0 path_locked=0 path_ttl_ok=0 path_safe=0 on_spline=0 speed=0.00 raw_wpnts=0 raw_age=-s decision=TRAILING reason=NO_STATIC_PATH
1786870597.058 [OBSTACLES] cur_s=20.42 cur_d=0.21 vs=0.00 n=2 [id=462 static=1 gap=0.05m d=0.66 size=0.32; id=458 static=1 gap=15.44m d=-0.10 size=0.37]
1786870597.065 [STATIC_OT] state=TRAILING path_exists=0 path_locked=0 path_ttl_ok=0 path_safe=0 on_spline=0 speed=0.00 raw_wpnts=0 raw_age=-s decision=TRAILING reason=NO_STATIC_PATH
1786870597.291 [STATIC_OT] state=TRAILING path_exists=0 path_locked=0 path_ttl_ok=0 path_safe=0 on_spline=0 speed=0.00 raw_wpnts=0 raw_age=-s decision=TRAILING reason=NO_STATIC_PATH
1786870597.598 [OBSTACLES] cur_s=20.41 cur_d=0.22 vs=0.00 n=2 [id=462 static=1 gap=0.07m d=0.66 size=0.31; id=458 static=1 gap=15.45m d=-0.10 size=0.37]
1786870597.604 [STATIC_OT] state=TRAILING path_exists=0 path_locked=0 path_ttl_ok=0 path_safe=0 on_spline=0 speed=0.00 raw_wpnts=0 raw_age=-s decision=TRAILING reason=NO_STATIC_PATH
1786870597.818 [STATIC_OT] state=TRAILING path_exists=0 path_locked=0 path_ttl_ok=0 path_safe=0 on_spline=0 speed=0.00 raw_wpnts=0 raw_age=-s decision=TRAILING reason=NO_STATIC_PATH
1786870598.018 [STATIC_OT] state=TRAILING path_exists=0 path_locked=0 path_ttl_ok=0 path_safe=0 on_spline=0 speed=0.00 raw_wpnts=0 raw_age=-s decision=TRAILING reason=NO_STATIC_PATH
1786870598.113 [OBSTACLES] cur_s=20.42 cur_d=0.22 vs=0.00 n=2 [id=462 static=1 gap=0.05m d=0.66 size=0.32; id=458 static=1 gap=15.44m d=-0.10 size=0.38]
1786870598.247 [STATIC_OT] state=TRAILING path_exists=0 path_locked=0 path_ttl_ok=0 path_safe=0 on_spline=0 speed=0.00 raw_wpnts=0 raw_age=-s decision=TRAILING reason=NO_STATIC_PATH
1786870598.471 [STATIC_OT] state=TRAILING path_exists=0 path_locked=0 path_ttl_ok=0 path_safe=0 on_spline=0 speed=0.00 raw_wpnts=0 raw_age=-s decision=TRAILING reason=NO_STATIC_PATH
1786870598.620 [OBSTACLES] cur_s=20.42 cur_d=0.21 vs=0.00 n=2 [id=462 static=1 gap=0.04m d=0.66 size=0.36; id=458 static=1 gap=15.44m d=-0.10 size=0.38]
1786870598.674 [STATIC_OT] state=TRAILING path_exists=0 path_locked=0 path_ttl_ok=0 path_safe=0 on_spline=0 speed=0.00 raw_wpnts=0 raw_age=-s decision=TRAILING reason=NO_STATIC_PATH
1786870598.910 [STATIC_OT] state=TRAILING path_exists=0 path_locked=0 path_ttl_ok=0 path_safe=0 on_spline=0 speed=0.00 raw_wpnts=0 raw_age=-s decision=TRAILING reason=NO_STATIC_PATH
1786870599.175 [OBSTACLES] cur_s=20.42 cur_d=0.22 vs=0.00 n=2 [id=462 static=1 gap=0.04m d=0.66 size=0.35; id=458 static=1 gap=15.44m d=-0.10 size=0.37]
1786870599.177 [STATIC_OT] state=TRAILING path_exists=0 path_locked=0 path_ttl_ok=0 path_safe=0 on_spline=0 speed=0.00 raw_wpnts=0 raw_age=-s decision=TRAILING reason=NO_STATIC_PATH
1786870599.400 [STATIC_OT] state=TRAILING path_exists=0 path_locked=0 path_ttl_ok=0 path_safe=0 on_spline=0 speed=0.00 raw_wpnts=0 raw_age=-s decision=TRAILING reason=NO_STATIC_PATH
1786870599.640 [STATIC_OT] state=TRAILING path_exists=0 path_locked=0 path_ttl_ok=0 path_safe=0 on_spline=0 speed=0.00 raw_wpnts=0 raw_age=-s decision=TRAILING reason=NO_STATIC_PATH
1786870599.718 [OBSTACLES] cur_s=20.42 cur_d=0.21 vs=0.00 n=2 [id=462 static=1 gap=0.05m d=0.66 size=0.33; id=458 static=1 gap=15.45m d=-0.10 size=0.36]
1786870599.875 [STATIC_OT] state=TRAILING path_exists=0 path_locked=0 path_ttl_ok=0 path_safe=0 on_spline=0 speed=0.00 raw_wpnts=0 raw_age=-s decision=TRAILING reason=NO_STATIC_PATH
1786870600.095 [STATIC_OT] state=TRAILING path_exists=0 path_locked=0 path_ttl_ok=0 path_safe=0 on_spline=0 speed=0.00 raw_wpnts=0 raw_age=-s decision=TRAILING reason=NO_STATIC_PATH
1786870600.257 [OBSTACLES] cur_s=20.41 cur_d=0.22 vs=0.00 n=2 [id=462 static=1 gap=0.06m d=0.66 size=0.32; id=458 static=1 gap=15.45m d=-0.10 size=0.36]
1786870600.298 [STATIC_OT] state=TRAILING path_exists=0 path_locked=0 path_ttl_ok=0 path_safe=0 on_spline=0 speed=0.00 raw_wpnts=0 raw_age=-s decision=TRAILING reason=NO_STATIC_PATH
1786870600.508 [STATIC_OT] state=TRAILING path_exists=0 path_locked=0 path_ttl_ok=0 path_safe=0 on_spline=0 speed=0.00 raw_wpnts=0 raw_age=-s decision=TRAILING reason=NO_STATIC_PATH
1786870600.770 [OBSTACLES] cur_s=20.42 cur_d=0.21 vs=0.00 n=2 [id=462 static=1 gap=0.05m d=0.66 size=0.33; id=458 static=1 gap=15.44m d=-0.10 size=0.38]
1786870600.773 [STATIC_OT] state=TRAILING path_exists=0 path_locked=0 path_ttl_ok=0 path_safe=0 on_spline=0 speed=0.00 raw_wpnts=0 raw_age=-s decision=TRAILING reason=NO_STATIC_PATH
1786870601.117 [STATIC_OT] state=TRAILING path_exists=0 path_locked=0 path_ttl_ok=0 path_safe=0 on_spline=0 speed=0.00 raw_wpnts=0 raw_age=-s decision=TRAILING reason=NO_STATIC_PATH
1786870601.311 [OBSTACLES] cur_s=20.41 cur_d=0.22 vs=0.00 n=2 [id=462 static=1 gap=0.06m d=0.66 size=0.33; id=458 static=1 gap=15.45m d=-0.10 size=0.36]
1786870601.379 [STATIC_OT] state=TRAILING path_exists=0 path_locked=0 path_ttl_ok=0 path_safe=0 on_spline=0 speed=0.00 raw_wpnts=0 raw_age=-s decision=TRAILING reason=NO_STATIC_PATH
1786870601.617 [STATIC_OT] state=TRAILING path_exists=0 path_locked=0 path_ttl_ok=0 path_safe=0 on_spline=0 speed=0.00 raw_wpnts=0 raw_age=-s decision=TRAILING reason=NO_STATIC_PATH
1786870601.832 [OBSTACLES] cur_s=20.41 cur_d=0.22 vs=0.00 n=2 [id=462 static=1 gap=0.06m d=0.66 size=0.33; id=458 static=1 gap=15.45m d=-0.10 size=0.36]
1786870601.835 [STATIC_OT] state=TRAILING path_exists=0 path_locked=0 path_ttl_ok=0 path_safe=0 on_spline=0 speed=0.00 raw_wpnts=0 raw_age=-s decision=TRAILING reason=NO_STATIC_PATH
1786870602.044 [STATIC_OT] state=TRAILING path_exists=0 path_locked=0 path_ttl_ok=0 path_safe=0 on_spline=0 speed=0.00 raw_wpnts=0 raw_age=-s decision=TRAILING reason=NO_STATIC_PATH
1786870602.264 [STATIC_OT] state=TRAILING path_exists=0 path_locked=0 path_ttl_ok=0 path_safe=0 on_spline=0 speed=0.00 raw_wpnts=0 raw_age=-s decision=TRAILING reason=NO_STATIC_PATH
1786870602.398 [OBSTACLES] cur_s=20.42 cur_d=0.22 vs=0.00 n=2 [id=462 static=1 gap=0.06m d=0.66 size=0.32; id=458 static=1 gap=15.45m d=-0.10 size=0.36]
1786870602.469 [STATIC_OT] state=TRAILING path_exists=0 path_locked=0 path_ttl_ok=0 path_safe=0 on_spline=0 speed=0.00 raw_wpnts=0 raw_age=-s decision=TRAILING reason=NO_STATIC_PATH
1786870602.675 [STATIC_OT] state=TRAILING path_exists=0 path_locked=0 path_ttl_ok=0 path_safe=0 on_spline=0 speed=0.00 raw_wpnts=0 raw_age=-s decision=TRAILING reason=NO_STATIC_PATH
1786870602.917 [OBSTACLES] cur_s=20.42 cur_d=0.22 vs=0.00 n=2 [id=462 static=1 gap=0.05m d=0.66 size=0.34; id=458 static=1 gap=15.43m d=-0.10 size=0.38]
1786870602.919 [STATIC_OT] state=TRAILING path_exists=0 path_locked=0 path_ttl_ok=0 path_safe=0 on_spline=0 speed=0.00 raw_wpnts=0 raw_age=-s decision=TRAILING reason=NO_STATIC_PATH
1786870603.131 [STATIC_OT] state=TRAILING path_exists=0 path_locked=0 path_ttl_ok=0 path_safe=0 on_spline=0 speed=0.00 raw_wpnts=0 raw_age=-s decision=TRAILING reason=NO_STATIC_PATH
1786870603.338 [STATIC_OT] state=TRAILING path_exists=0 path_locked=0 path_ttl_ok=0 path_safe=0 on_spline=0 speed=0.00 raw_wpnts=0 raw_age=-s decision=TRAILING reason=NO_STATIC_PATH
1786870603.419 [OBSTACLES] cur_s=20.42 cur_d=0.22 vs=0.00 n=2 [id=462 static=1 gap=0.06m d=0.66 size=0.32; id=458 static=1 gap=15.45m d=-0.10 size=0.37]
1786870603.546 [STATIC_OT] state=TRAILING path_exists=0 path_locked=0 path_ttl_ok=0 path_safe=0 on_spline=0 speed=0.00 raw_wpnts=0 raw_age=-s decision=TRAILING reason=NO_STATIC_PATH
1786870603.818 [STATIC_OT] state=TRAILING path_exists=0 path_locked=0 path_ttl_ok=0 path_safe=0 on_spline=0 speed=0.00 raw_wpnts=0 raw_age=-s decision=TRAILING reason=NO_STATIC_PATH
1786870603.974 [OBSTACLES] cur_s=20.41 cur_d=0.22 vs=0.00 n=2 [id=462 static=1 gap=0.06m d=0.66 size=0.33; id=458 static=1 gap=15.45m d=-0.10 size=0.37]
1786870604.093 [STATIC_OT] state=TRAILING path_exists=0 path_locked=0 path_ttl_ok=0 path_safe=0 on_spline=0 speed=0.00 raw_wpnts=0 raw_age=-s decision=TRAILING reason=NO_STATIC_PATH
1786870604.346 [STATIC_OT] state=TRAILING path_exists=0 path_locked=0 path_ttl_ok=0 path_safe=0 on_spline=0 speed=0.00 raw_wpnts=0 raw_age=-s decision=TRAILING reason=NO_STATIC_PATH
1786870604.478 [OBSTACLES] cur_s=20.41 cur_d=0.21 vs=0.00 n=2 [id=462 static=1 gap=0.06m d=0.66 size=0.33; id=458 static=1 gap=15.45m d=-0.10 size=0.36]
1786870604.561 [STATIC_OT] state=TRAILING path_exists=0 path_locked=0 path_ttl_ok=0 path_safe=0 on_spline=0 speed=0.00 raw_wpnts=0 raw_age=-s decision=TRAILING reason=NO_STATIC_PATH
1786870604.813 [STATIC_OT] state=TRAILING path_exists=0 path_locked=0 path_ttl_ok=0 path_safe=0 on_spline=0 speed=0.00 raw_wpnts=0 raw_age=-s decision=TRAILING reason=NO_STATIC_PATH
1786870604.998 [OBSTACLES] cur_s=20.42 cur_d=0.23 vs=0.00 n=2 [id=462 static=1 gap=0.04m d=0.66 size=0.36; id=458 static=1 gap=15.44m d=-0.10 size=0.37]
1786870605.019 [STATIC_OT] state=TRAILING path_exists=0 path_locked=0 path_ttl_ok=0 path_safe=0 on_spline=0 speed=0.00 raw_wpnts=0 raw_age=-s decision=TRAILING reason=NO_STATIC_PATH
1786870605.261 [STATIC_OT] state=TRAILING path_exists=0 path_locked=0 path_ttl_ok=0 path_safe=0 on_spline=0 speed=0.00 raw_wpnts=0 raw_age=-s decision=TRAILING reason=NO_STATIC_PATH
1786870605.507 [STATIC_OT] state=TRAILING path_exists=0 path_locked=0 path_ttl_ok=0 path_safe=0 on_spline=0 speed=0.00 raw_wpnts=0 raw_age=-s decision=TRAILING reason=NO_STATIC_PATH
1786870605.554 [OBSTACLES] cur_s=20.42 cur_d=0.22 vs=0.00 n=2 [id=462 static=1 gap=0.07m d=0.66 size=0.31; id=458 static=1 gap=15.45m d=-0.10 size=0.37]
1786870605.801 [STATIC_OT] state=TRAILING path_exists=0 path_locked=0 path_ttl_ok=0 path_safe=0 on_spline=0 speed=0.00 raw_wpnts=0 raw_age=-s decision=TRAILING reason=NO_STATIC_PATH
1786870606.033 [STATIC_OT] state=TRAILING path_exists=0 path_locked=0 path_ttl_ok=0 path_safe=0 on_spline=0 speed=0.00 raw_wpnts=0 raw_age=-s decision=TRAILING reason=NO_STATIC_PATH
1786870606.114 [OBSTACLES] cur_s=20.42 cur_d=0.21 vs=0.00 n=2 [id=462 static=1 gap=0.06m d=0.66 size=0.32; id=458 static=1 gap=15.45m d=-0.10 size=0.35]
1786870606.291 [STATIC_OT] state=TRAILING path_exists=0 path_locked=0 path_ttl_ok=0 path_safe=0 on_spline=0 speed=0.00 raw_wpnts=0 raw_age=-s decision=TRAILING reason=NO_STATIC_PATH
1786870606.550 [STATIC_OT] state=TRAILING path_exists=0 path_locked=0 path_ttl_ok=0 path_safe=0 on_spline=0 speed=0.00 raw_wpnts=0 raw_age=-s decision=TRAILING reason=NO_STATIC_PATH
1786870606.693 [OBSTACLES] cur_s=20.41 cur_d=0.23 vs=0.00 n=2 [id=462 static=1 gap=0.07m d=0.66 size=0.32; id=458 static=1 gap=15.45m d=-0.10 size=0.37]
1786870606.809 [STATIC_OT] state=TRAILING path_exists=0 path_locked=0 path_ttl_ok=0 path_safe=0 on_spline=0 speed=0.00 raw_wpnts=0 raw_age=-s decision=TRAILING reason=NO_STATIC_PATH
1786870607.050 [STATIC_OT] state=TRAILING path_exists=0 path_locked=0 path_ttl_ok=0 path_safe=0 on_spline=0 speed=0.00 raw_wpnts=0 raw_age=-s decision=TRAILING reason=NO_STATIC_PATH
1786870607.252 [OBSTACLES] cur_s=20.42 cur_d=0.22 vs=0.00 n=2 [id=462 static=1 gap=0.06m d=0.66 size=0.32; id=458 static=1 gap=15.44m d=-0.10 size=0.38]
1786870607.254 [STATIC_OT] state=TRAILING path_exists=0 path_locked=0 path_ttl_ok=0 path_safe=0 on_spline=0 speed=0.00 raw_wpnts=0 raw_age=-s decision=TRAILING reason=NO_STATIC_PATH
1786870607.545 [STATIC_OT] state=TRAILING path_exists=0 path_locked=0 path_ttl_ok=0 path_safe=0 on_spline=0 speed=0.00 raw_wpnts=0 raw_age=-s decision=TRAILING reason=NO_STATIC_PATH
1786870607.792 [OBSTACLES] cur_s=20.42 cur_d=0.22 vs=0.00 n=2 [id=462 static=1 gap=0.07m d=0.66 size=0.31; id=458 static=1 gap=15.44m d=-0.10 size=0.37]
1786870607.798 [STATIC_OT] state=TRAILING path_exists=0 path_locked=0 path_ttl_ok=0 path_safe=0 on_spline=0 speed=0.00 raw_wpnts=0 raw_age=-s decision=TRAILING reason=NO_STATIC_PATH
1786870608.031 [STATIC_OT] state=TRAILING path_exists=0 path_locked=0 path_ttl_ok=0 path_safe=0 on_spline=0 speed=0.00 raw_wpnts=0 raw_age=-s decision=TRAILING reason=NO_STATIC_PATH
1786870608.344 [OBSTACLES] cur_s=20.42 cur_d=0.22 vs=0.00 n=2 [id=462 static=1 gap=0.04m d=0.66 size=0.37; id=458 static=1 gap=15.45m d=-0.10 size=0.36]
1786870608.355 [STATIC_OT] state=TRAILING path_exists=0 path_locked=0 path_ttl_ok=0 path_safe=0 on_spline=0 speed=0.00 raw_wpnts=0 raw_age=-s decision=TRAILING reason=NO_STATIC_PATH
1786870608.570 [STATIC_OT] state=TRAILING path_exists=0 path_locked=0 path_ttl_ok=0 path_safe=0 on_spline=0 speed=0.00 raw_wpnts=0 raw_age=-s decision=TRAILING reason=NO_STATIC_PATH
1786870608.793 [STATIC_OT] state=TRAILING path_exists=0 path_locked=0 path_ttl_ok=0 path_safe=0 on_spline=0 speed=0.00 raw_wpnts=0 raw_age=-s decision=TRAILING reason=NO_STATIC_PATH
1786870608.863 [OBSTACLES] cur_s=20.42 cur_d=0.22 vs=0.00 n=2 [id=462 static=1 gap=0.06m d=0.66 size=0.32; id=458 static=1 gap=15.44m d=-0.10 size=0.37]
1786870609.006 [STATIC_OT] state=TRAILING path_exists=0 path_locked=0 path_ttl_ok=0 path_safe=0 on_spline=0 speed=0.00 raw_wpnts=0 raw_age=-s decision=TRAILING reason=NO_STATIC_PATH
1786870609.364 [STATIC_OT] state=TRAILING path_exists=0 path_locked=0 path_ttl_ok=0 path_safe=0 on_spline=0 speed=0.00 raw_wpnts=0 raw_age=-s decision=TRAILING reason=NO_STATIC_PATH
1786870609.458 [OBSTACLES] cur_s=20.42 cur_d=0.22 vs=0.00 n=2 [id=462 static=1 gap=0.06m d=0.66 size=0.33; id=458 static=1 gap=15.43m d=-0.10 size=0.39]
1786870609.623 [STATIC_OT] state=TRAILING path_exists=0 path_locked=0 path_ttl_ok=0 path_safe=0 on_spline=0 speed=0.00 raw_wpnts=0 raw_age=-s decision=TRAILING reason=NO_STATIC_PATH
1786870609.854 [STATIC_OT] state=TRAILING path_exists=0 path_locked=0 path_ttl_ok=0 path_safe=0 on_spline=0 speed=0.00 raw_wpnts=0 raw_age=-s decision=TRAILING reason=NO_STATIC_PATH
1786870609.979 [OBSTACLES] cur_s=20.41 cur_d=0.22 vs=0.00 n=2 [id=462 static=1 gap=0.07m d=0.66 size=0.31; id=458 static=1 gap=15.45m d=-0.10 size=0.37]
1786870610.122 [STATIC_OT] state=TRAILING path_exists=0 path_locked=0 path_ttl_ok=0 path_safe=0 on_spline=0 speed=0.00 raw_wpnts=0 raw_age=-s decision=TRAILING reason=NO_STATIC_PATH
1786870610.376 [STATIC_OT] state=TRAILING path_exists=0 path_locked=0 path_ttl_ok=0 path_safe=0 on_spline=0 speed=0.00 raw_wpnts=0 raw_age=-s decision=TRAILING reason=NO_STATIC_PATH
1786870610.500 [OBSTACLES] cur_s=20.42 cur_d=0.22 vs=0.00 n=2 [id=462 static=1 gap=0.06m d=0.66 size=0.31; id=458 static=1 gap=15.44m d=-0.10 size=0.37]
1786870610.578 [STATIC_OT] state=TRAILING path_exists=0 path_locked=0 path_ttl_ok=0 path_safe=0 on_spline=0 speed=0.00 raw_wpnts=0 raw_age=-s decision=TRAILING reason=NO_STATIC_PATH
1786870610.828 [STATIC_OT] state=TRAILING path_exists=0 path_locked=0 path_ttl_ok=0 path_safe=0 on_spline=0 speed=0.00 raw_wpnts=0 raw_age=-s decision=TRAILING reason=NO_STATIC_PATH
1786870611.051 [OBSTACLES] cur_s=20.42 cur_d=0.22 vs=0.00 n=2 [id=462 static=1 gap=0.04m d=0.66 size=0.37; id=458 static=1 gap=15.44m d=-0.10 size=0.38]
1786870611.064 [STATIC_OT] state=TRAILING path_exists=0 path_locked=0 path_ttl_ok=0 path_safe=0 on_spline=0 speed=0.00 raw_wpnts=0 raw_age=-s decision=TRAILING reason=NO_STATIC_PATH
1786870611.266 [STATIC_OT] state=TRAILING path_exists=0 path_locked=0 path_ttl_ok=0 path_safe=0 on_spline=0 speed=0.00 raw_wpnts=0 raw_age=-s decision=TRAILING reason=NO_STATIC_PATH
1786870611.477 [STATIC_OT] state=TRAILING path_exists=0 path_locked=0 path_ttl_ok=0 path_safe=0 on_spline=0 speed=0.00 raw_wpnts=0 raw_age=-s decision=TRAILING reason=NO_STATIC_PATH
1786870611.598 [OBSTACLES] cur_s=20.42 cur_d=0.22 vs=0.00 n=2 [id=462 static=1 gap=0.06m d=0.66 size=0.32; id=458 static=1 gap=15.45m d=-0.10 size=0.36]
1786870611.689 [STATIC_OT] state=TRAILING path_exists=0 path_locked=0 path_ttl_ok=0 path_safe=0 on_spline=0 speed=0.00 raw_wpnts=0 raw_age=-s decision=TRAILING reason=NO_STATIC_PATH
1786870611.931 [STATIC_OT] state=TRAILING path_exists=0 path_locked=0 path_ttl_ok=0 path_safe=0 on_spline=0 speed=0.00 raw_wpnts=0 raw_age=-s decision=TRAILING reason=NO_STATIC_PATH
1786870612.134 [OBSTACLES] cur_s=20.42 cur_d=0.22 vs=0.00 n=2 [id=462 static=1 gap=0.07m d=0.66 size=0.31; id=458 static=1 gap=15.45m d=-0.10 size=0.37]
1786870612.145 [STATIC_OT] state=TRAILING path_exists=0 path_locked=0 path_ttl_ok=0 path_safe=0 on_spline=0 speed=0.00 raw_wpnts=0 raw_age=-s decision=TRAILING reason=NO_STATIC_PATH
1786870612.380 [STATIC_OT] state=TRAILING path_exists=0 path_locked=0 path_ttl_ok=0 path_safe=0 on_spline=0 speed=0.00 raw_wpnts=0 raw_age=-s decision=TRAILING reason=NO_STATIC_PATH
1786870612.586 [STATIC_OT] state=TRAILING path_exists=0 path_locked=0 path_ttl_ok=0 path_safe=0 on_spline=0 speed=0.00 raw_wpnts=0 raw_age=-s decision=TRAILING reason=NO_STATIC_PATH
1786870612.723 [OBSTACLES] cur_s=20.42 cur_d=0.23 vs=0.00 n=2 [id=462 static=1 gap=0.05m d=0.66 size=0.34; id=458 static=1 gap=15.44m d=-0.10 size=0.37]
1786870612.813 [STATIC_OT] state=TRAILING path_exists=0 path_locked=0 path_ttl_ok=0 path_safe=0 on_spline=0 speed=0.00 raw_wpnts=0 raw_age=-s decision=TRAILING reason=NO_STATIC_PATH
1786870613.095 [STATIC_OT] state=TRAILING path_exists=0 path_locked=0 path_ttl_ok=0 path_safe=0 on_spline=0 speed=0.00 raw_wpnts=0 raw_age=-s decision=TRAILING reason=NO_STATIC_PATH
1786870613.294 [OBSTACLES] cur_s=20.41 cur_d=0.22 vs=0.00 n=2 [id=462 static=1 gap=0.06m d=0.66 size=0.32; id=458 static=1 gap=15.46m d=-0.10 size=0.35]
1786870613.296 [STATIC_OT] state=TRAILING path_exists=0 path_locked=0 path_ttl_ok=0 path_safe=0 on_spline=0 speed=0.00 raw_wpnts=0 raw_age=-s decision=TRAILING reason=NO_STATIC_PATH
1786870613.581 [STATIC_OT] state=TRAILING path_exists=0 path_locked=0 path_ttl_ok=0 path_safe=0 on_spline=0 speed=0.00 raw_wpnts=0 raw_age=-s decision=TRAILING reason=NO_STATIC_PATH
1786870613.853 [OBSTACLES] cur_s=20.39 cur_d=0.29 vs=0.00 n=2 [id=462 static=1 gap=0.04m d=0.66 size=0.43; id=458 static=1 gap=15.47m d=-0.10 size=0.37]
1786870613.859 [STATIC_OT] state=TRAILING path_exists=0 path_locked=0 path_ttl_ok=0 path_safe=0 on_spline=0 speed=0.00 raw_wpnts=0 raw_age=-s decision=TRAILING reason=NO_STATIC_PATH
1786870614.149 [STATIC_OT] state=TRAILING path_exists=0 path_locked=0 path_ttl_ok=0 path_safe=0 on_spline=0 speed=0.00 raw_wpnts=0 raw_age=-s decision=TRAILING reason=NO_STATIC_PATH
1786870614.367 [OBSTACLES] cur_s=20.31 cur_d=0.56 vs=0.00 n=2 [id=462 static=1 gap=0.18m d=0.66 size=0.31; id=458 static=1 gap=15.55m d=-0.10 size=0.38]
1786870614.371 [STATIC_OT] state=TRAILING path_exists=0 path_locked=0 path_ttl_ok=0 path_safe=0 on_spline=0 speed=0.00 raw_wpnts=0 raw_age=-s decision=TRAILING reason=NO_STATIC_PATH
1786870614.716 [STATIC_OT] state=TRAILING path_exists=0 path_locked=0 path_ttl_ok=0 path_safe=0 on_spline=0 speed=0.00 raw_wpnts=0 raw_age=-s decision=TRAILING reason=NO_STATIC_PATH
1786870614.938 [OBSTACLES] cur_s=20.30 cur_d=0.58 vs=0.00 n=1 [id=458 static=1 gap=15.57m d=-0.11 size=0.35]
1786870614.948 [STATIC_OT] state=TRAILING path_exists=0 path_locked=0 path_ttl_ok=0 path_safe=0 on_spline=0 speed=0.00 raw_wpnts=0 raw_age=-s decision=TRAILING reason=NO_STATIC_PATH
1786870615.151 [STATIC_OT] state=TRAILING path_exists=0 path_locked=0 path_ttl_ok=0 path_safe=0 on_spline=0 speed=0.00 raw_wpnts=0 raw_age=-s decision=TRAILING reason=NO_STATIC_PATH
1786870615.404 [STATIC_OT] state=TRAILING path_exists=0 path_locked=0 path_ttl_ok=0 path_safe=0 on_spline=0 speed=0.00 raw_wpnts=0 raw_age=-s decision=TRAILING reason=NO_STATIC_PATH
1786870615.484 [OBSTACLES] cur_s=20.31 cur_d=0.56 vs=0.00 n=1 [id=458 static=1 gap=15.55m d=-0.11 size=0.37]
1786870615.634 [STATIC_OT] state=TRAILING path_exists=0 path_locked=0 path_ttl_ok=0 path_safe=0 on_spline=0 speed=0.00 raw_wpnts=0 raw_age=-s decision=TRAILING reason=NO_STATIC_PATH
1786870615.911 [STATIC_OT] state=TRAILING path_exists=0 path_locked=0 path_ttl_ok=0 path_safe=0 on_spline=0 speed=0.00 raw_wpnts=0 raw_age=-s decision=TRAILING reason=NO_STATIC_PATH
1786870616.039 [OBSTACLES] cur_s=20.31 cur_d=0.55 vs=0.00 n=1 [id=458 static=1 gap=15.56m d=-0.11 size=0.36]
1786870616.181 [STATIC_OT] state=TRAILING path_exists=0 path_locked=0 path_ttl_ok=0 path_safe=0 on_spline=0 speed=0.00 raw_wpnts=0 raw_age=-s decision=TRAILING reason=NO_STATIC_PATH
1786870616.420 [STATIC_OT] state=TRAILING path_exists=0 path_locked=0 path_ttl_ok=0 path_safe=0 on_spline=0 speed=0.00 raw_wpnts=0 raw_age=-s decision=TRAILING reason=NO_STATIC_PATH
1786870616.640 [OBSTACLES] cur_s=20.32 cur_d=0.51 vs=0.00 n=1 [id=458 static=1 gap=15.54m d=-0.11 size=0.36]
1786870616.654 [STATIC_OT] state=TRAILING path_exists=0 path_locked=0 path_ttl_ok=0 path_safe=0 on_spline=0 speed=0.00 raw_wpnts=0 raw_age=-s decision=TRAILING reason=NO_STATIC_PATH
1786870616.899 [STATIC_OT] state=TRAILING path_exists=0 path_locked=0 path_ttl_ok=0 path_safe=0 on_spline=0 speed=0.00 raw_wpnts=0 raw_age=-s decision=TRAILING reason=NO_STATIC_PATH
1786870617.219 [OBSTACLES] cur_s=20.34 cur_d=0.48 vs=0.00 n=1 [id=458 static=1 gap=15.52m d=-0.11 size=0.37]
1786870617.230 [STATIC_OT] state=TRAILING path_exists=0 path_locked=0 path_ttl_ok=0 path_safe=0 on_spline=0 speed=0.00 raw_wpnts=0 raw_age=-s decision=TRAILING reason=NO_STATIC_PATH
1786870617.450 [STATIC_OT] state=TRAILING path_exists=0 path_locked=0 path_ttl_ok=0 path_safe=0 on_spline=0 speed=0.00 raw_wpnts=0 raw_age=-s decision=TRAILING reason=NO_STATIC_PATH
1786870617.726 [OBSTACLES] cur_s=20.31 cur_d=0.55 vs=0.00 n=1 [id=458 static=1 gap=15.55m d=-0.11 size=0.38]
1786870617.731 [STATIC_OT] state=TRAILING path_exists=0 path_locked=0 path_ttl_ok=0 path_safe=0 on_spline=0 speed=0.00 raw_wpnts=0 raw_age=-s decision=TRAILING reason=NO_STATIC_PATH
1786870617.940 [STATIC_OT] state=TRAILING path_exists=0 path_locked=0 path_ttl_ok=0 path_safe=0 on_spline=0 speed=0.00 raw_wpnts=0 raw_age=-s decision=TRAILING reason=NO_STATIC_PATH
1786870618.180 [STATIC_OT] state=TRAILING path_exists=0 path_locked=0 path_ttl_ok=0 path_safe=0 on_spline=0 speed=0.00 raw_wpnts=0 raw_age=-s decision=TRAILING reason=NO_STATIC_PATH
1786870618.268 [OBSTACLES] cur_s=20.30 cur_d=0.59 vs=0.00 n=1 [id=458 static=1 gap=15.56m d=-0.11 size=0.37]
1786870618.450 [STATIC_OT] state=TRAILING path_exists=0 path_locked=0 path_ttl_ok=0 path_safe=0 on_spline=0 speed=0.00 raw_wpnts=0 raw_age=-s decision=TRAILING reason=NO_STATIC_PATH
1786870618.660 [STATIC_OT] state=TRAILING path_exists=0 path_locked=0 path_ttl_ok=0 path_safe=0 on_spline=0 speed=0.00 raw_wpnts=0 raw_age=-s decision=TRAILING reason=NO_STATIC_PATH
1786870618.843 [OBSTACLES] cur_s=20.30 cur_d=0.56 vs=0.00 n=1 [id=458 static=1 gap=15.55m d=-0.11 size=0.37]
1786870618.923 [STATIC_OT] state=TRAILING path_exists=0 path_locked=0 path_ttl_ok=0 path_safe=0 on_spline=0 speed=0.00 raw_wpnts=0 raw_age=-s decision=TRAILING reason=NO_STATIC_PATH
1786870619.134 [STATIC_OT] state=TRAILING path_exists=0 path_locked=0 path_ttl_ok=0 path_safe=0 on_spline=0 speed=0.00 raw_wpnts=0 raw_age=-s decision=TRAILING reason=NO_STATIC_PATH
1786870619.348 [OBSTACLES] cur_s=20.31 cur_d=0.56 vs=0.00 n=1 [id=458 static=1 gap=15.55m d=-0.11 size=0.37]
1786870619.359 [STATIC_OT] state=TRAILING path_exists=0 path_locked=0 path_ttl_ok=0 path_safe=0 on_spline=0 speed=0.00 raw_wpnts=0 raw_age=-s decision=TRAILING reason=NO_STATIC_PATH
1786870619.611 [STATIC_OT] state=TRAILING path_exists=0 path_locked=0 path_ttl_ok=0 path_safe=0 on_spline=0 speed=0.00 raw_wpnts=0 raw_age=-s decision=TRAILING reason=NO_STATIC_PATH
1786870619.844 [STATIC_OT] state=TRAILING path_exists=0 path_locked=0 path_ttl_ok=0 path_safe=0 on_spline=0 speed=0.00 raw_wpnts=0 raw_age=-s decision=TRAILING reason=NO_STATIC_PATH
1786870619.876 [OBSTACLES] cur_s=20.34 cur_d=0.47 vs=0.00 n=1 [id=458 static=1 gap=15.52m d=-0.11 size=0.36]
1786870620.060 [STATIC_OT] state=TRAILING path_exists=0 path_locked=0 path_ttl_ok=0 path_safe=0 on_spline=0 speed=0.00 raw_wpnts=0 raw_age=-s decision=TRAILING reason=NO_STATIC_PATH
1786870620.274 [STATIC_OT] state=TRAILING path_exists=0 path_locked=0 path_ttl_ok=0 path_safe=0 on_spline=0 speed=0.00 raw_wpnts=0 raw_age=-s decision=TRAILING reason=NO_STATIC_PATH
1786870620.403 [OBSTACLES] cur_s=20.34 cur_d=0.47 vs=0.00 n=1 [id=458 static=1 gap=15.51m d=-0.11 size=0.37]
1786870620.566 [STATIC_OT] state=TRAILING path_exists=0 path_locked=0 path_ttl_ok=0 path_safe=0 on_spline=0 speed=0.00 raw_wpnts=0 raw_age=-s decision=TRAILING reason=NO_STATIC_PATH
1786870620.788 [STATIC_OT] state=TRAILING path_exists=0 path_locked=0 path_ttl_ok=0 path_safe=0 on_spline=0 speed=0.00 raw_wpnts=0 raw_age=-s decision=TRAILING reason=NO_STATIC_PATH
1786870620.929 [OBSTACLES] cur_s=20.35 cur_d=0.46 vs=0.00 n=1 [id=458 static=1 gap=15.52m d=-0.11 size=0.36]
1786870621.005 [STATIC_OT] state=TRAILING path_exists=0 path_locked=0 path_ttl_ok=0 path_safe=0 on_spline=0 speed=0.00 raw_wpnts=0 raw_age=-s decision=TRAILING reason=NO_STATIC_PATH
1786870621.236 [STATIC_OT] state=TRAILING path_exists=0 path_locked=0 path_ttl_ok=0 path_safe=0 on_spline=0 speed=0.00 raw_wpnts=0 raw_age=-s decision=TRAILING reason=NO_STATIC_PATH
1786870621.448 [OBSTACLES] cur_s=20.34 cur_d=0.46 vs=0.00 n=1 [id=458 static=1 gap=15.52m d=-0.11 size=0.37]
1786870621.453 [STATIC_OT] state=TRAILING path_exists=0 path_locked=0 path_ttl_ok=0 path_safe=0 on_spline=0 speed=0.00 raw_wpnts=0 raw_age=-s decision=TRAILING reason=NO_STATIC_PATH
1786870621.696 [STATIC_OT] state=TRAILING path_exists=0 path_locked=0 path_ttl_ok=0 path_safe=0 on_spline=0 speed=0.00 raw_wpnts=0 raw_age=-s decision=TRAILING reason=NO_STATIC_PATH
1786870621.932 [STATIC_OT] state=TRAILING path_exists=0 path_locked=0 path_ttl_ok=0 path_safe=0 on_spline=0 speed=0.00 raw_wpnts=0 raw_age=-s decision=TRAILING reason=NO_STATIC_PATH
1786870622.029 [OBSTACLES] cur_s=20.34 cur_d=0.46 vs=0.00 n=1 [id=458 static=1 gap=15.52m d=-0.11 size=0.36]
1786870622.207 [STATIC_OT] state=TRAILING path_exists=0 path_locked=0 path_ttl_ok=0 path_safe=0 on_spline=0 speed=0.00 raw_wpnts=0 raw_age=-s decision=TRAILING reason=NO_STATIC_PATH
1786870622.437 [STATIC_OT] state=TRAILING path_exists=0 path_locked=0 path_ttl_ok=0 path_safe=0 on_spline=0 speed=0.00 raw_wpnts=0 raw_age=-s decision=TRAILING reason=NO_STATIC_PATH
1786870622.589 [OBSTACLES] cur_s=20.35 cur_d=0.45 vs=0.00 n=1 [id=458 static=1 gap=15.51m d=-0.11 size=0.37]
1786870622.669 [STATIC_OT] state=TRAILING path_exists=0 path_locked=0 path_ttl_ok=0 path_safe=0 on_spline=0 speed=0.00 raw_wpnts=0 raw_age=-s decision=TRAILING reason=NO_STATIC_PATH
1786870622.894 [STATIC_OT] state=TRAILING path_exists=0 path_locked=0 path_ttl_ok=0 path_safe=0 on_spline=0 speed=0.00 raw_wpnts=0 raw_age=-s decision=TRAILING reason=NO_STATIC_PATH
1786870623.230 [OBSTACLES] cur_s=20.35 cur_d=0.44 vs=0.00 n=1 [id=458 static=1 gap=15.50m d=-0.11 size=0.37]
1786870623.237 [STATIC_OT] state=TRAILING path_exists=0 path_locked=0 path_ttl_ok=0 path_safe=0 on_spline=0 speed=0.00 raw_wpnts=0 raw_age=-s decision=TRAILING reason=NO_STATIC_PATH
1786870623.451 [STATIC_OT] state=TRAILING path_exists=0 path_locked=0 path_ttl_ok=0 path_safe=0 on_spline=0 speed=0.00 raw_wpnts=0 raw_age=-s decision=TRAILING reason=NO_STATIC_PATH
1786870623.659 [STATIC_OT] state=TRAILING path_exists=0 path_locked=0 path_ttl_ok=0 path_safe=0 on_spline=0 speed=0.00 raw_wpnts=0 raw_age=-s decision=TRAILING reason=NO_STATIC_PATH
1786870623.757 [OBSTACLES] cur_s=20.35 cur_d=0.44 vs=0.00 n=1 [id=458 static=1 gap=15.51m d=-0.11 size=0.36]
1786870623.891 [STATIC_OT] state=TRAILING path_exists=0 path_locked=0 path_ttl_ok=0 path_safe=0 on_spline=0 speed=0.00 raw_wpnts=0 raw_age=-s decision=TRAILING reason=NO_STATIC_PATH
1786870624.126 [STATIC_OT] state=TRAILING path_exists=0 path_locked=0 path_ttl_ok=0 path_safe=0 on_spline=0 speed=0.00 raw_wpnts=0 raw_age=-s decision=TRAILING reason=NO_STATIC_PATH
1786870624.259 [OBSTACLES] cur_s=20.35 cur_d=0.44 vs=0.00 n=1 [id=458 static=1 gap=15.50m d=-0.11 size=0.38]
1786870624.362 [STATIC_OT] state=TRAILING path_exists=0 path_locked=0 path_ttl_ok=0 path_safe=0 on_spline=0 speed=0.00 raw_wpnts=0 raw_age=-s decision=TRAILING reason=NO_STATIC_PATH
1786870624.595 [STATIC_OT] state=TRAILING path_exists=0 path_locked=0 path_ttl_ok=0 path_safe=0 on_spline=0 speed=0.00 raw_wpnts=0 raw_age=-s decision=TRAILING reason=NO_STATIC_PATH
1786870624.804 [OBSTACLES] cur_s=20.37 cur_d=0.40 vs=0.00 n=1 [id=458 static=1 gap=15.49m d=-0.11 size=0.37]
1786870624.812 [STATIC_OT] state=TRAILING path_exists=0 path_locked=0 path_ttl_ok=0 path_safe=0 on_spline=0 speed=0.00 raw_wpnts=0 raw_age=-s decision=TRAILING reason=NO_STATIC_PATH
1786870625.061 [STATIC_OT] state=TRAILING path_exists=0 path_locked=0 path_ttl_ok=0 path_safe=0 on_spline=0 speed=0.00 raw_wpnts=0 raw_age=-s decision=TRAILING reason=NO_STATIC_PATH
1786870625.276 [STATIC_OT] state=TRAILING path_exists=0 path_locked=0 path_ttl_ok=0 path_safe=0 on_spline=0 speed=0.00 raw_wpnts=0 raw_age=-s decision=TRAILING reason=NO_STATIC_PATH
1786870625.325 [OBSTACLES] cur_s=20.37 cur_d=0.33 vs=0.00 n=1 [id=458 static=1 gap=15.49m d=-0.11 size=0.36]
1786870625.522 [STATIC_OT] state=TRAILING path_exists=0 path_locked=0 path_ttl_ok=0 path_safe=0 on_spline=0 speed=0.00 raw_wpnts=0 raw_age=-s decision=TRAILING reason=NO_STATIC_PATH
1786870625.755 [STATIC_OT] state=TRAILING path_exists=0 path_locked=0 path_ttl_ok=0 path_safe=0 on_spline=0 speed=0.00 raw_wpnts=0 raw_age=-s decision=TRAILING reason=NO_STATIC_PATH
1786870625.876 [OBSTACLES] cur_s=20.39 cur_d=0.27 vs=0.00 n=2 [id=458 static=1 gap=15.46m d=-0.11 size=0.37; id=489 static=1 gap=0.07m d=0.72 size=0.31]
1786870626.024 [STATIC_OT] state=TRAILING path_exists=0 path_locked=0 path_ttl_ok=0 path_safe=0 on_spline=0 speed=0.00 raw_wpnts=0 raw_age=-s decision=TRAILING reason=NO_STATIC_PATH
1786870626.284 [STATIC_OT] state=TRAILING path_exists=0 path_locked=0 path_ttl_ok=0 path_safe=0 on_spline=0 speed=0.00 raw_wpnts=0 raw_age=-s decision=TRAILING reason=NO_STATIC_PATH
1786870626.396 [OBSTACLES] cur_s=20.33 cur_d=0.50 vs=0.00 n=2 [id=458 static=1 gap=15.52m d=-0.11 size=0.38; id=489 static=1 gap=0.14m d=0.73 size=0.30]
1786870626.490 [STATIC_OT] state=TRAILING path_exists=0 path_locked=0 path_ttl_ok=0 path_safe=0 on_spline=0 speed=0.00 raw_wpnts=0 raw_age=-s decision=TRAILING reason=NO_STATIC_PATH
1786870626.740 [STATIC_OT] state=TRAILING path_exists=0 path_locked=0 path_ttl_ok=0 path_safe=0 on_spline=0 speed=0.00 raw_wpnts=0 raw_age=-s decision=TRAILING reason=NO_STATIC_PATH
1786870626.952 [OBSTACLES] cur_s=20.30 cur_d=0.57 vs=0.00 n=1 [id=458 static=1 gap=15.57m d=-0.11 size=0.35]
1786870626.953 [STATIC_OT] state=TRAILING path_exists=0 path_locked=0 path_ttl_ok=0 path_safe=0 on_spline=0 speed=0.00 raw_wpnts=0 raw_age=-s decision=TRAILING reason=NO_STATIC_PATH
1786870627.184 [STATIC_OT] state=TRAILING path_exists=0 path_locked=0 path_ttl_ok=0 path_safe=0 on_spline=0 speed=0.00 raw_wpnts=0 raw_age=-s decision=TRAILING reason=NO_STATIC_PATH
1786870627.438 [STATIC_OT] state=TRAILING path_exists=0 path_locked=0 path_ttl_ok=0 path_safe=0 on_spline=0 speed=0.00 raw_wpnts=0 raw_age=-s decision=TRAILING reason=NO_STATIC_PATH
1786870627.528 [OBSTACLES] cur_s=20.32 cur_d=0.53 vs=0.00 n=1 [id=458 static=1 gap=15.55m d=-0.11 size=0.35]
1786870627.717 [STATIC_OT] state=TRAILING path_exists=0 path_locked=0 path_ttl_ok=0 path_safe=0 on_spline=0 speed=0.00 raw_wpnts=0 raw_age=-s decision=TRAILING reason=NO_STATIC_PATH
1786870627.917 [STATIC_OT] state=TRAILING path_exists=0 path_locked=0 path_ttl_ok=0 path_safe=0 on_spline=0 speed=0.00 raw_wpnts=0 raw_age=-s decision=TRAILING reason=NO_STATIC_PATH
1786870628.035 [OBSTACLES] cur_s=20.31 cur_d=0.55 vs=0.00 n=1 [id=458 static=1 gap=15.53m d=-0.11 size=0.39]
1786870628.157 [STATIC_OT] state=TRAILING path_exists=0 path_locked=0 path_ttl_ok=0 path_safe=0 on_spline=0 speed=0.00 raw_wpnts=0 raw_age=-s decision=TRAILING reason=NO_STATIC_PATH
1786870628.365 [STATIC_OT] state=TRAILING path_exists=0 path_locked=0 path_ttl_ok=0 path_safe=0 on_spline=0 speed=0.00 raw_wpnts=0 raw_age=-s decision=TRAILING reason=NO_STATIC_PATH
1786870628.577 [OBSTACLES] cur_s=20.31 cur_d=0.55 vs=0.00 n=1 [id=458 static=1 gap=15.55m d=-0.11 size=0.37]
1786870628.579 [STATIC_OT] state=TRAILING path_exists=0 path_locked=0 path_ttl_ok=0 path_safe=0 on_spline=0 speed=0.00 raw_wpnts=0 raw_age=-s decision=TRAILING reason=NO_STATIC_PATH
1786870628.788 [STATIC_OT] state=TRAILING path_exists=0 path_locked=0 path_ttl_ok=0 path_safe=0 on_spline=0 speed=0.00 raw_wpnts=0 raw_age=-s decision=TRAILING reason=NO_STATIC_PATH
1786870629.154 [OBSTACLES] cur_s=20.31 cur_d=0.54 vs=0.00 n=1 [id=458 static=1 gap=15.55m d=-0.11 size=0.36]
1786870629.156 [STATIC_OT] state=TRAILING path_exists=0 path_locked=0 path_ttl_ok=0 path_safe=0 on_spline=0 speed=0.00 raw_wpnts=0 raw_age=-s decision=TRAILING reason=NO_STATIC_PATH
1786870629.384 [STATIC_OT] state=TRAILING path_exists=0 path_locked=0 path_ttl_ok=0 path_safe=0 on_spline=0 speed=0.00 raw_wpnts=0 raw_age=-s decision=TRAILING reason=NO_STATIC_PATH
1786870629.667 [OBSTACLES] cur_s=20.34 cur_d=0.48 vs=0.00 n=1 [id=458 static=1 gap=15.53m d=-0.11 size=0.36]
1786870629.669 [STATIC_OT] state=TRAILING path_exists=0 path_locked=0 path_ttl_ok=0 path_safe=0 on_spline=0 speed=0.00 raw_wpnts=0 raw_age=-s decision=TRAILING reason=NO_STATIC_PATH
1786870629.897 [STATIC_OT] state=TRAILING path_exists=0 path_locked=0 path_ttl_ok=0 path_safe=0 on_spline=0 speed=0.00 raw_wpnts=0 raw_age=-s decision=TRAILING reason=NO_STATIC_PATH
1786870630.097 [STATIC_OT] state=TRAILING path_exists=0 path_locked=0 path_ttl_ok=0 path_safe=0 on_spline=0 speed=0.00 raw_wpnts=0 raw_age=-s decision=TRAILING reason=NO_STATIC_PATH
1786870630.186 [OBSTACLES] cur_s=20.40 cur_d=0.26 vs=0.00 n=2 [id=458 static=1 gap=15.45m d=-0.11 size=0.37; id=491 static=1 gap=0.04m d=0.77 size=0.35]
1786870630.310 [STATIC_OT] state=TRAILING path_exists=0 path_locked=0 path_ttl_ok=0 path_safe=0 on_spline=0 speed=0.00 raw_wpnts=0 raw_age=-s decision=TRAILING reason=NO_STATIC_PATH
1786870630.537 [STATIC_OT] state=TRAILING path_exists=0 path_locked=0 path_ttl_ok=0 path_safe=0 on_spline=0 speed=0.00 raw_wpnts=0 raw_age=-s decision=TRAILING reason=NO_STATIC_PATH
1786870630.757 [OBSTACLES] cur_s=20.42 cur_d=0.22 vs=0.00 n=2 [id=458 static=1 gap=15.43m d=-0.11 size=0.39; id=491 static=1 gap=0.04m d=0.70 size=0.34]
1786870630.761 [STATIC_OT] state=TRAILING path_exists=0 path_locked=0 path_ttl_ok=0 path_safe=0 on_spline=0 speed=0.00 raw_wpnts=0 raw_age=-s decision=TRAILING reason=NO_STATIC_PATH
1786870630.971 [STATIC_OT] state=TRAILING path_exists=0 path_locked=0 path_ttl_ok=0 path_safe=0 on_spline=0 speed=0.00 raw_wpnts=0 raw_age=-s decision=TRAILING reason=NO_STATIC_PATH
1786870631.199 [STATIC_OT] state=TRAILING path_exists=0 path_locked=0 path_ttl_ok=0 path_safe=0 on_spline=0 speed=0.00 raw_wpnts=0 raw_age=-s decision=TRAILING reason=NO_STATIC_PATH
1786870631.281 [OBSTACLES] cur_s=20.42 cur_d=0.22 vs=0.00 n=2 [id=458 static=1 gap=15.44m d=-0.11 size=0.36; id=491 static=1 gap=0.05m d=0.68 size=0.34]
1786870631.410 [STATIC_OT] state=TRAILING path_exists=0 path_locked=0 path_ttl_ok=0 path_safe=0 on_spline=0 speed=0.00 raw_wpnts=0 raw_age=-s decision=TRAILING reason=NO_STATIC_PATH
1786870631.680 [STATIC_OT] state=TRAILING path_exists=0 path_locked=0 path_ttl_ok=0 path_safe=0 on_spline=0 speed=0.00 raw_wpnts=0 raw_age=-s decision=TRAILING reason=NO_STATIC_PATH
1786870631.818 [OBSTACLES] cur_s=20.42 cur_d=0.23 vs=0.00 n=2 [id=458 static=1 gap=15.45m d=-0.11 size=0.35; id=491 static=1 gap=0.06m d=0.68 size=0.33]
1786870631.895 [STATIC_OT] state=TRAILING path_exists=0 path_locked=0 path_ttl_ok=0 path_safe=0 on_spline=0 speed=0.00 raw_wpnts=0 raw_age=-s decision=TRAILING reason=NO_STATIC_PATH
1786870632.099 [STATIC_OT] state=TRAILING path_exists=0 path_locked=0 path_ttl_ok=0 path_safe=0 on_spline=0 speed=0.00 raw_wpnts=0 raw_age=-s decision=TRAILING reason=NO_STATIC_PATH
1786870632.316 [STATIC_OT] state=TRAILING path_exists=0 path_locked=0 path_ttl_ok=0 path_safe=0 on_spline=0 speed=0.00 raw_wpnts=0 raw_age=-s decision=TRAILING reason=NO_STATIC_PATH
1786870632.361 [OBSTACLES] cur_s=20.42 cur_d=0.23 vs=0.00 n=2 [id=458 static=1 gap=15.44m d=-0.11 size=0.38; id=491 static=1 gap=0.06m d=0.67 size=0.34]
1786870632.552 [STATIC_OT] state=TRAILING path_exists=0 path_locked=0 path_ttl_ok=0 path_safe=0 on_spline=0 speed=0.00 raw_wpnts=0 raw_age=-s decision=TRAILING reason=NO_STATIC_PATH
1786870632.754 [STATIC_OT] state=TRAILING path_exists=0 path_locked=0 path_ttl_ok=0 path_safe=0 on_spline=0 speed=0.00 raw_wpnts=0 raw_age=-s decision=TRAILING reason=NO_STATIC_PATH
1786870632.889 [OBSTACLES] cur_s=20.41 cur_d=0.23 vs=0.00 n=2 [id=458 static=1 gap=15.44m d=-0.11 size=0.38; id=491 static=1 gap=0.06m d=0.67 size=0.34]
1786870632.959 [STATIC_OT] state=TRAILING path_exists=0 path_locked=0 path_ttl_ok=0 path_safe=0 on_spline=0 speed=0.00 raw_wpnts=0 raw_age=-s decision=TRAILING reason=NO_STATIC_PATH
1786870633.395 [STATIC_OT] state=TRAILING path_exists=0 path_locked=0 path_ttl_ok=0 path_safe=0 on_spline=0 speed=0.00 raw_wpnts=0 raw_age=-s decision=TRAILING reason=NO_STATIC_PATH
1786870633.461 [OBSTACLES] cur_s=20.42 cur_d=0.23 vs=0.00 n=2 [id=458 static=1 gap=15.44m d=-0.11 size=0.38; id=491 static=1 gap=0.06m d=0.67 size=0.33]
1786870633.644 [STATIC_OT] state=TRAILING path_exists=0 path_locked=0 path_ttl_ok=0 path_safe=0 on_spline=0 speed=0.00 raw_wpnts=0 raw_age=-s decision=TRAILING reason=NO_STATIC_PATH
1786870633.878 [STATIC_OT] state=TRAILING path_exists=0 path_locked=0 path_ttl_ok=0 path_safe=0 on_spline=0 speed=0.00 raw_wpnts=0 raw_age=-s decision=TRAILING reason=NO_STATIC_PATH
1786870633.972 [OBSTACLES] cur_s=20.42 cur_d=0.23 vs=0.00 n=2 [id=458 static=1 gap=15.44m d=-0.11 size=0.36; id=491 static=1 gap=0.06m d=0.67 size=0.32]
1786870634.090 [STATIC_OT] state=TRAILING path_exists=0 path_locked=0 path_ttl_ok=0 path_safe=0 on_spline=0 speed=0.00 raw_wpnts=0 raw_age=-s decision=TRAILING reason=NO_STATIC_PATH
1786870634.351 [STATIC_OT] state=TRAILING path_exists=0 path_locked=0 path_ttl_ok=0 path_safe=0 on_spline=0 speed=0.00 raw_wpnts=0 raw_age=-s decision=TRAILING reason=NO_STATIC_PATH
1786870634.503 [OBSTACLES] cur_s=20.41 cur_d=0.23 vs=0.00 n=2 [id=458 static=1 gap=15.44m d=-0.11 size=0.38; id=491 static=1 gap=0.07m d=0.67 size=0.31]
1786870634.629 [STATIC_OT] state=TRAILING path_exists=0 path_locked=0 path_ttl_ok=0 path_safe=0 on_spline=0 speed=0.00 raw_wpnts=0 raw_age=-s decision=TRAILING reason=NO_STATIC_PATH
1786870634.873 [STATIC_OT] state=TRAILING path_exists=0 path_locked=0 path_ttl_ok=0 path_safe=0 on_spline=0 speed=0.00 raw_wpnts=0 raw_age=-s decision=TRAILING reason=NO_STATIC_PATH
1786870635.102 [OBSTACLES] cur_s=20.42 cur_d=0.23 vs=0.00 n=2 [id=458 static=1 gap=15.43m d=-0.11 size=0.39; id=491 static=1 gap=0.06m d=0.67 size=0.33]
1786870635.111 [STATIC_OT] state=TRAILING path_exists=0 path_locked=0 path_ttl_ok=0 path_safe=0 on_spline=0 speed=0.00 raw_wpnts=0 raw_age=-s decision=TRAILING reason=NO_STATIC_PATH
1786870635.316 [STATIC_OT] state=TRAILING path_exists=0 path_locked=0 path_ttl_ok=0 path_safe=0 on_spline=0 speed=0.00 raw_wpnts=0 raw_age=-s decision=TRAILING reason=NO_STATIC_PATH
1786870635.548 [STATIC_OT] state=TRAILING path_exists=0 path_locked=0 path_ttl_ok=0 path_safe=0 on_spline=0 speed=0.00 raw_wpnts=0 raw_age=-s decision=TRAILING reason=NO_STATIC_PATH
1786870635.689 [OBSTACLES] cur_s=20.41 cur_d=0.24 vs=0.00 n=2 [id=458 static=1 gap=15.44m d=-0.11 size=0.38; id=491 static=1 gap=0.07m d=0.67 size=0.32]
1786870635.767 [STATIC_OT] state=TRAILING path_exists=0 path_locked=0 path_ttl_ok=0 path_safe=0 on_spline=0 speed=0.00 raw_wpnts=0 raw_age=-s decision=TRAILING reason=NO_STATIC_PATH
1786870635.981 [STATIC_OT] state=TRAILING path_exists=0 path_locked=0 path_ttl_ok=0 path_safe=0 on_spline=0 speed=0.00 raw_wpnts=0 raw_age=-s decision=TRAILING reason=NO_STATIC_PATH
1786870636.213 [OBSTACLES] cur_s=20.41 cur_d=0.24 vs=0.00 n=2 [id=458 static=1 gap=15.44m d=-0.11 size=0.38; id=491 static=1 gap=0.07m d=0.67 size=0.32]
1786870636.215 [STATIC_OT] state=TRAILING path_exists=0 path_locked=0 path_ttl_ok=0 path_safe=0 on_spline=0 speed=0.00 raw_wpnts=0 raw_age=-s decision=TRAILING reason=NO_STATIC_PATH
1786870636.460 [STATIC_OT] state=TRAILING path_exists=0 path_locked=0 path_ttl_ok=0 path_safe=0 on_spline=0 speed=0.00 raw_wpnts=0 raw_age=-s decision=TRAILING reason=NO_STATIC_PATH
1786870636.695 [STATIC_OT] state=TRAILING path_exists=0 path_locked=0 path_ttl_ok=0 path_safe=0 on_spline=0 speed=0.00 raw_wpnts=0 raw_age=-s decision=TRAILING reason=NO_STATIC_PATH
1786870636.759 [OBSTACLES] cur_s=20.42 cur_d=0.23 vs=0.00 n=2 [id=458 static=1 gap=15.45m d=-0.11 size=0.35; id=491 static=1 gap=0.06m d=0.67 size=0.33]
1786870636.936 [STATIC_OT] state=TRAILING path_exists=0 path_locked=0 path_ttl_ok=0 path_safe=0 on_spline=0 speed=0.00 raw_wpnts=0 raw_age=-s decision=TRAILING reason=NO_STATIC_PATH
1786870637.251 [STATIC_OT] state=TRAILING path_exists=0 path_locked=0 path_ttl_ok=0 path_safe=0 on_spline=0 speed=0.00 raw_wpnts=0 raw_age=-s decision=TRAILING reason=NO_STATIC_PATH
1786870637.365 [OBSTACLES] cur_s=20.42 cur_d=0.23 vs=0.00 n=2 [id=458 static=1 gap=15.45m d=-0.11 size=0.36; id=491 static=1 gap=0.07m d=0.67 size=0.33]
1786870637.470 [STATIC_OT] state=TRAILING path_exists=0 path_locked=0 path_ttl_ok=0 path_safe=0 on_spline=0 speed=0.00 raw_wpnts=0 raw_age=-s decision=TRAILING reason=NO_STATIC_PATH
1786870637.747 [STATIC_OT] state=TRAILING path_exists=0 path_locked=0 path_ttl_ok=0 path_safe=0 on_spline=0 speed=0.00 raw_wpnts=0 raw_age=-s decision=TRAILING reason=NO_STATIC_PATH
1786870637.910 [OBSTACLES] cur_s=20.42 cur_d=0.22 vs=0.00 n=2 [id=458 static=1 gap=15.44m d=-0.11 size=0.38; id=491 static=1 gap=0.07m d=0.67 size=0.32]
1786870638.001 [STATIC_OT] state=TRAILING path_exists=0 path_locked=0 path_ttl_ok=0 path_safe=0 on_spline=0 speed=0.00 raw_wpnts=0 raw_age=-s decision=TRAILING reason=NO_STATIC_PATH
1786870638.245 [STATIC_OT] state=TRAILING path_exists=0 path_locked=0 path_ttl_ok=0 path_safe=0 on_spline=0 speed=0.00 raw_wpnts=0 raw_age=-s decision=TRAILING reason=NO_STATIC_PATH
1786870638.437 [OBSTACLES] cur_s=20.42 cur_d=0.23 vs=0.00 n=2 [id=458 static=1 gap=15.43m d=-0.11 size=0.39; id=491 static=1 gap=0.06m d=0.67 size=0.35]
1786870638.446 [STATIC_OT] state=TRAILING path_exists=0 path_locked=0 path_ttl_ok=0 path_safe=0 on_spline=0 speed=0.00 raw_wpnts=0 raw_age=-s decision=TRAILING reason=NO_STATIC_PATH
1786870638.848 [STATIC_OT] state=TRAILING path_exists=0 path_locked=0 path_ttl_ok=0 path_safe=0 on_spline=0 speed=0.00 raw_wpnts=0 raw_age=-s decision=TRAILING reason=NO_STATIC_PATH
1786870638.975 [OBSTACLES] cur_s=20.41 cur_d=0.24 vs=0.00 n=2 [id=458 static=1 gap=15.45m d=-0.11 size=0.37; id=491 static=1 gap=0.06m d=0.67 size=0.35]
1786870639.081 [STATIC_OT] state=TRAILING path_exists=0 path_locked=0 path_ttl_ok=0 path_safe=0 on_spline=0 speed=0.00 raw_wpnts=0 raw_age=-s decision=TRAILING reason=NO_STATIC_PATH
1786870639.333 [STATIC_OT] state=TRAILING path_exists=0 path_locked=0 path_ttl_ok=0 path_safe=0 on_spline=0 speed=0.00 raw_wpnts=0 raw_age=-s decision=TRAILING reason=NO_STATIC_PATH
1786870639.479 [OBSTACLES] cur_s=20.42 cur_d=0.24 vs=0.00 n=2 [id=458 static=1 gap=15.45m d=-0.11 size=0.36; id=491 static=1 gap=0.07m d=0.67 size=0.32]
1786870639.574 [STATIC_OT] state=TRAILING path_exists=0 path_locked=0 path_ttl_ok=0 path_safe=0 on_spline=0 speed=0.00 raw_wpnts=0 raw_age=-s decision=TRAILING reason=NO_STATIC_PATH
1786870639.815 [STATIC_OT] state=TRAILING path_exists=0 path_locked=0 path_ttl_ok=0 path_safe=0 on_spline=0 speed=0.00 raw_wpnts=0 raw_age=-s decision=TRAILING reason=NO_STATIC_PATH
1786870640.038 [OBSTACLES] cur_s=20.42 cur_d=0.22 vs=0.00 n=2 [id=458 static=1 gap=15.44m d=-0.11 size=0.37; id=491 static=1 gap=0.07m d=0.67 size=0.32]
1786870640.049 [STATIC_OT] state=TRAILING path_exists=0 path_locked=0 path_ttl_ok=0 path_safe=0 on_spline=0 speed=0.00 raw_wpnts=0 raw_age=-s decision=TRAILING reason=NO_STATIC_PATH
1786870640.308 [STATIC_OT] state=TRAILING path_exists=0 path_locked=0 path_ttl_ok=0 path_safe=0 on_spline=0 speed=0.00 raw_wpnts=0 raw_age=-s decision=TRAILING reason=NO_STATIC_PATH
1786870640.549 [STATIC_OT] state=TRAILING path_exists=0 path_locked=0 path_ttl_ok=0 path_safe=0 on_spline=0 speed=0.00 raw_wpnts=0 raw_age=-s decision=TRAILING reason=NO_STATIC_PATH
1786870640.592 [OBSTACLES] cur_s=20.41 cur_d=0.23 vs=0.00 n=2 [id=458 static=1 gap=15.45m d=-0.11 size=0.36; id=491 static=1 gap=0.06m d=0.67 size=0.35]
1786870640.816 [STATIC_OT] state=TRAILING path_exists=0 path_locked=0 path_ttl_ok=0 path_safe=0 on_spline=0 speed=0.00 raw_wpnts=0 raw_age=-s decision=TRAILING reason=NO_STATIC_PATH
1786870641.069 [STATIC_OT] state=TRAILING path_exists=0 path_locked=0 path_ttl_ok=0 path_safe=0 on_spline=0 speed=0.00 raw_wpnts=0 raw_age=-s decision=TRAILING reason=NO_STATIC_PATH
1786870641.124 [OBSTACLES] cur_s=20.41 cur_d=0.26 vs=0.00 n=2 [id=458 static=1 gap=15.46m d=-0.11 size=0.35; id=491 static=1 gap=0.08m d=0.67 size=0.33]
1786870641.309 [STATIC_OT] state=TRAILING path_exists=0 path_locked=0 path_ttl_ok=0 path_safe=0 on_spline=0 speed=0.00 raw_wpnts=0 raw_age=-s decision=TRAILING reason=NO_STATIC_PATH
1786870641.542 [STATIC_OT] state=TRAILING path_exists=0 path_locked=0 path_ttl_ok=0 path_safe=0 on_spline=0 speed=0.00 raw_wpnts=0 raw_age=-s decision=TRAILING reason=NO_STATIC_PATH
1786870641.681 [OBSTACLES] cur_s=20.39 cur_d=0.30 vs=0.00 n=2 [id=458 static=1 gap=15.47m d=-0.11 size=0.36; id=491 static=1 gap=0.09m d=0.67 size=0.32]
1786870641.769 [STATIC_OT] state=TRAILING path_exists=0 path_locked=0 path_ttl_ok=0 path_safe=0 on_spline=0 speed=0.00 raw_wpnts=0 raw_age=-s decision=TRAILING reason=NO_STATIC_PATH
1786870642.001 [STATIC_OT] state=TRAILING path_exists=0 path_locked=0 path_ttl_ok=0 path_safe=0 on_spline=0 speed=0.00 raw_wpnts=0 raw_age=-s decision=TRAILING reason=NO_STATIC_PATH
1786870642.295 [OBSTACLES] cur_s=20.42 cur_d=0.22 vs=0.00 n=2 [id=458 static=1 gap=15.46m d=-0.11 size=0.33; id=491 static=1 gap=0.07m d=0.67 size=0.31]
1786870642.302 [STATIC_OT] state=TRAILING path_exists=0 path_locked=0 path_ttl_ok=0 path_safe=0 on_spline=0 speed=0.00 raw_wpnts=0 raw_age=-s decision=TRAILING reason=NO_STATIC_PATH
1786870642.510 [STATIC_OT] state=TRAILING path_exists=0 path_locked=0 path_ttl_ok=0 path_safe=0 on_spline=0 speed=0.00 raw_wpnts=0 raw_age=-s decision=TRAILING reason=NO_STATIC_PATH
1786870642.762 [STATIC_OT] state=TRAILING path_exists=0 path_locked=0 path_ttl_ok=0 path_safe=0 on_spline=0 speed=0.00 raw_wpnts=0 raw_age=-s decision=TRAILING reason=NO_STATIC_PATH
1786870642.816 [OBSTACLES] cur_s=20.41 cur_d=0.23 vs=0.00 n=2 [id=458 static=1 gap=15.45m d=-0.11 size=0.36; id=491 static=1 gap=0.07m d=0.67 size=0.32]
1786870642.965 [STATIC_OT] state=TRAILING path_exists=0 path_locked=0 path_ttl_ok=0 path_safe=0 on_spline=0 speed=0.00 raw_wpnts=0 raw_age=-s decision=TRAILING reason=NO_STATIC_PATH
1786870643.171 [STATIC_OT] state=TRAILING path_exists=0 path_locked=0 path_ttl_ok=0 path_safe=0 on_spline=0 speed=0.00 raw_wpnts=0 raw_age=-s decision=TRAILING reason=NO_STATIC_PATH
1786870643.381 [OBSTACLES] cur_s=20.42 cur_d=0.22 vs=0.00 n=2 [id=458 static=1 gap=15.45m d=-0.11 size=0.36; id=491 static=1 gap=0.06m d=0.67 size=0.33]
1786870643.387 [STATIC_OT] state=TRAILING path_exists=0 path_locked=0 path_ttl_ok=0 path_safe=0 on_spline=0 speed=0.00 raw_wpnts=0 raw_age=-s decision=TRAILING reason=NO_STATIC_PATH
1786870643.597 [STATIC_OT] state=TRAILING path_exists=0 path_locked=0 path_ttl_ok=0 path_safe=0 on_spline=0 speed=0.00 raw_wpnts=0 raw_age=-s decision=TRAILING reason=NO_STATIC_PATH
1786870643.836 [STATIC_OT] state=TRAILING path_exists=0 path_locked=0 path_ttl_ok=0 path_safe=0 on_spline=0 speed=0.00 raw_wpnts=0 raw_age=-s decision=TRAILING reason=NO_STATIC_PATH
1786870643.938 [OBSTACLES] cur_s=20.42 cur_d=0.22 vs=0.00 n=2 [id=458 static=1 gap=15.45m d=-0.11 size=0.35; id=491 static=1 gap=0.07m d=0.67 size=0.32]
1786870644.079 [STATIC_OT] state=TRAILING path_exists=0 path_locked=0 path_ttl_ok=0 path_safe=0 on_spline=0 speed=0.00 raw_wpnts=0 raw_age=-s decision=TRAILING reason=NO_STATIC_PATH
1786870644.338 [STATIC_OT] state=TRAILING path_exists=0 path_locked=0 path_ttl_ok=0 path_safe=0 on_spline=0 speed=0.00 raw_wpnts=0 raw_age=-s decision=TRAILING reason=NO_STATIC_PATH
1786870644.498 [OBSTACLES] cur_s=20.42 cur_d=0.22 vs=0.00 n=2 [id=458 static=1 gap=15.45m d=-0.11 size=0.35; id=491 static=1 gap=0.07m d=0.67 size=0.32]
1786870644.564 [STATIC_OT] state=TRAILING path_exists=0 path_locked=0 path_ttl_ok=0 path_safe=0 on_spline=0 speed=0.00 raw_wpnts=0 raw_age=-s decision=TRAILING reason=NO_STATIC_PATH
1786870644.833 [STATIC_OT] state=TRAILING path_exists=0 path_locked=0 path_ttl_ok=0 path_safe=0 on_spline=0 speed=0.00 raw_wpnts=0 raw_age=-s decision=TRAILING reason=NO_STATIC_PATH
1786870645.008 [OBSTACLES] cur_s=20.42 cur_d=0.22 vs=0.00 n=2 [id=458 static=1 gap=15.45m d=-0.11 size=0.36; id=491 static=1 gap=0.03m d=0.67 size=0.38]
1786870645.072 [STATIC_OT] state=TRAILING path_exists=0 path_locked=0 path_ttl_ok=0 path_safe=0 on_spline=0 speed=0.00 raw_wpnts=0 raw_age=-s decision=TRAILING reason=NO_STATIC_PATH
1786870645.315 [STATIC_OT] state=TRAILING path_exists=0 path_locked=0 path_ttl_ok=0 path_safe=0 on_spline=0 speed=0.00 raw_wpnts=0 raw_age=-s decision=TRAILING reason=NO_STATIC_PATH
1786870645.533 [OBSTACLES] cur_s=20.42 cur_d=0.22 vs=0.00 n=2 [id=458 static=1 gap=15.44m d=-0.11 size=0.37; id=491 static=1 gap=0.06m d=0.67 size=0.32]
1786870645.537 [STATIC_OT] state=TRAILING path_exists=0 path_locked=0 path_ttl_ok=0 path_safe=0 on_spline=0 speed=0.00 raw_wpnts=0 raw_age=-s decision=TRAILING reason=NO_STATIC_PATH
1786870645.741 [STATIC_OT] state=TRAILING path_exists=0 path_locked=0 path_ttl_ok=0 path_safe=0 on_spline=0 speed=0.00 raw_wpnts=0 raw_age=-s decision=TRAILING reason=NO_STATIC_PATH
1786870645.978 [STATIC_OT] state=TRAILING path_exists=0 path_locked=0 path_ttl_ok=0 path_safe=0 on_spline=0 speed=0.00 raw_wpnts=0 raw_age=-s decision=TRAILING reason=NO_STATIC_PATH
1786870646.066 [OBSTACLES] cur_s=20.41 cur_d=0.22 vs=0.00 n=2 [id=458 static=1 gap=15.44m d=-0.11 size=0.37; id=491 static=1 gap=0.07m d=0.67 size=0.32]
1786870646.250 [STATIC_OT] state=TRAILING path_exists=0 path_locked=0 path_ttl_ok=0 path_safe=0 on_spline=0 speed=0.00 raw_wpnts=0 raw_age=-s decision=TRAILING reason=NO_STATIC_PATH
1786870646.477 [STATIC_OT] state=TRAILING path_exists=0 path_locked=0 path_ttl_ok=0 path_safe=0 on_spline=0 speed=0.00 raw_wpnts=0 raw_age=-s decision=TRAILING reason=NO_STATIC_PATH
1786870646.574 [OBSTACLES] cur_s=20.42 cur_d=0.22 vs=0.00 n=2 [id=458 static=1 gap=15.44m d=-0.11 size=0.36; id=491 static=1 gap=0.06m d=0.67 size=0.32]
1786870646.732 [STATIC_OT] state=TRAILING path_exists=0 path_locked=0 path_ttl_ok=0 path_safe=0 on_spline=0 speed=0.00 raw_wpnts=0 raw_age=-s decision=TRAILING reason=NO_STATIC_PATH
1786870646.984 [STATIC_OT] state=TRAILING path_exists=0 path_locked=0 path_ttl_ok=0 path_safe=0 on_spline=0 speed=0.00 raw_wpnts=0 raw_age=-s decision=TRAILING reason=NO_STATIC_PATH
1786870647.091 [OBSTACLES] cur_s=20.42 cur_d=0.21 vs=0.00 n=2 [id=458 static=1 gap=15.44m d=-0.11 size=0.36; id=491 static=1 gap=0.06m d=0.67 size=0.33]
1786870647.247 [STATIC_OT] state=TRAILING path_exists=0 path_locked=0 path_ttl_ok=0 path_safe=0 on_spline=0 speed=0.00 raw_wpnts=0 raw_age=-s decision=TRAILING reason=NO_STATIC_PATH
1786870647.489 [STATIC_OT] state=TRAILING path_exists=0 path_locked=0 path_ttl_ok=0 path_safe=0 on_spline=0 speed=0.00 raw_wpnts=0 raw_age=-s decision=TRAILING reason=NO_STATIC_PATH
1786870647.670 [OBSTACLES] cur_s=20.42 cur_d=0.22 vs=0.00 n=2 [id=458 static=1 gap=15.44m d=-0.11 size=0.37; id=491 static=1 gap=0.07m d=0.66 size=0.32]
1786870647.731 [STATIC_OT] state=TRAILING path_exists=0 path_locked=0 path_ttl_ok=0 path_safe=0 on_spline=0 speed=0.00 raw_wpnts=0 raw_age=-s decision=TRAILING reason=NO_STATIC_PATH
1786870647.944 [STATIC_OT] state=TRAILING path_exists=0 path_locked=0 path_ttl_ok=0 path_safe=0 on_spline=0 speed=0.00 raw_wpnts=0 raw_age=-s decision=TRAILING reason=NO_STATIC_PATH
1786870648.210 [OBSTACLES] cur_s=20.42 cur_d=0.22 vs=0.00 n=2 [id=458 static=1 gap=15.44m d=-0.11 size=0.36; id=491 static=1 gap=0.06m d=0.66 size=0.33]
1786870648.219 [STATIC_OT] state=TRAILING path_exists=0 path_locked=0 path_ttl_ok=0 path_safe=0 on_spline=0 speed=0.00 raw_wpnts=0 raw_age=-s decision=TRAILING reason=NO_STATIC_PATH
1786870648.612 [STATIC_OT] state=TRAILING path_exists=0 path_locked=0 path_ttl_ok=0 path_safe=0 on_spline=0 speed=0.00 raw_wpnts=0 raw_age=-s decision=TRAILING reason=NO_STATIC_PATH
1786870648.752 [OBSTACLES] cur_s=20.42 cur_d=0.22 vs=0.00 n=2 [id=458 static=1 gap=15.44m d=-0.11 size=0.37; id=491 static=1 gap=0.06m d=0.66 size=0.33]
1786870648.816 [STATIC_OT] state=TRAILING path_exists=0 path_locked=0 path_ttl_ok=0 path_safe=0 on_spline=0 speed=0.00 raw_wpnts=0 raw_age=-s decision=TRAILING reason=NO_STATIC_PATH
1786870649.122 [STATIC_OT] state=TRAILING path_exists=0 path_locked=0 path_ttl_ok=0 path_safe=0 on_spline=0 speed=0.00 raw_wpnts=0 raw_age=-s decision=TRAILING reason=NO_STATIC_PATH
1786870649.272 [OBSTACLES] cur_s=20.42 cur_d=0.22 vs=0.00 n=2 [id=458 static=1 gap=15.44m d=-0.11 size=0.37; id=491 static=1 gap=0.06m d=0.66 size=0.33]
1786870649.339 [STATIC_OT] state=TRAILING path_exists=0 path_locked=0 path_ttl_ok=0 path_safe=0 on_spline=0 speed=0.00 raw_wpnts=0 raw_age=-s decision=TRAILING reason=NO_STATIC_PATH
