# state_machine debug log started 20260815_184357  map='0815test3'
1786787045.680 [OBSTACLES] cur_s=6.70 cur_d=3.21 vs=0.00 n=1 [id=1 static=1 gap=14.08m d=0.75 size=0.33]
1786787045.687 [STATIC_OT] state=GB_TRACK path_exists=0 path_locked=0 path_ttl_ok=0 path_safe=0 on_spline=0 speed=0.00 raw_wpnts=0 raw_age=-s decision=TRAILING reason=NO_STATIC_PATH
1786787045.691 [STATE_CHANGE] None -> TRAILING src=GB_TRACK s=6.70 d=3.21 vs=0.00
1786787045.889 [STATIC_OT] state=TRAILING path_exists=0 path_locked=0 path_ttl_ok=0 path_safe=0 on_spline=0 speed=0.00 raw_wpnts=0 raw_age=-s decision=TRAILING reason=NO_STATIC_PATH
1786787046.125 [STATIC_OT] state=TRAILING path_exists=0 path_locked=0 path_ttl_ok=0 path_safe=0 on_spline=0 speed=0.00 raw_wpnts=0 raw_age=-s decision=TRAILING reason=NO_STATIC_PATH
1786787046.183 [OBSTACLES] cur_s=6.70 cur_d=3.21 vs=0.00 n=1 [id=1 static=1 gap=14.08m d=0.75 size=0.33]
1786787046.401 [STATIC_OT] state=TRAILING path_exists=0 path_locked=0 path_ttl_ok=0 path_safe=0 on_spline=0 speed=0.00 raw_wpnts=0 raw_age=-s decision=TRAILING reason=NO_STATIC_PATH
1786787046.647 [STATIC_OT] state=TRAILING path_exists=0 path_locked=0 path_ttl_ok=0 path_safe=0 on_spline=0 speed=0.00 raw_wpnts=0 raw_age=-s decision=TRAILING reason=NO_STATIC_PATH
1786787046.699 [OBSTACLES] cur_s=6.70 cur_d=3.21 vs=0.00 n=1 [id=1 static=1 gap=14.09m d=0.75 size=0.32]
1786787046.926 [STATIC_OT] state=TRAILING path_exists=0 path_locked=0 path_ttl_ok=0 path_safe=0 on_spline=0 speed=0.00 raw_wpnts=0 raw_age=-s decision=TRAILING reason=NO_STATIC_PATH
1786787047.156 [STATIC_OT] state=TRAILING path_exists=0 path_locked=0 path_ttl_ok=0 path_safe=0 on_spline=0 speed=0.00 raw_wpnts=0 raw_age=-s decision=TRAILING reason=NO_STATIC_PATH
1786787047.237 [OBSTACLES] cur_s=6.70 cur_d=3.21 vs=0.00 n=1 [id=1 static=1 gap=14.07m d=0.75 size=0.35]
1786787047.369 [STATIC_OT] state=TRAILING path_exists=0 path_locked=0 path_ttl_ok=0 path_safe=0 on_spline=0 speed=0.00 raw_wpnts=0 raw_age=-s decision=TRAILING reason=NO_STATIC_PATH
1786787047.591 [STATIC_OT] state=TRAILING path_exists=0 path_locked=0 path_ttl_ok=0 path_safe=0 on_spline=0 speed=0.00 raw_wpnts=0 raw_age=-s decision=TRAILING reason=NO_STATIC_PATH
1786787047.926 [OBSTACLES] cur_s=6.69 cur_d=3.21 vs=0.00 n=1 [id=1 static=1 gap=14.08m d=0.75 size=0.33]
1786787047.928 [STATIC_OT] state=TRAILING path_exists=0 path_locked=0 path_ttl_ok=0 path_safe=0 on_spline=0 speed=0.00 raw_wpnts=0 raw_age=-s decision=TRAILING reason=NO_STATIC_PATH
1786787048.152 [STATIC_OT] state=TRAILING path_exists=0 path_locked=0 path_ttl_ok=0 path_safe=0 on_spline=0 speed=0.00 raw_wpnts=0 raw_age=-s decision=TRAILING reason=NO_STATIC_PATH
1786787048.375 [STATIC_OT] state=TRAILING path_exists=0 path_locked=0 path_ttl_ok=0 path_safe=0 on_spline=0 speed=0.00 raw_wpnts=0 raw_age=-s decision=TRAILING reason=NO_STATIC_PATH
1786787048.431 [OBSTACLES] cur_s=6.70 cur_d=3.21 vs=0.00 n=1 [id=1 static=1 gap=14.08m d=0.75 size=0.33]
1786787048.580 [STATIC_OT] state=TRAILING path_exists=0 path_locked=0 path_ttl_ok=0 path_safe=0 on_spline=0 speed=0.00 raw_wpnts=0 raw_age=-s decision=TRAILING reason=NO_STATIC_PATH
1786787048.831 [STATIC_OT] state=TRAILING path_exists=0 path_locked=0 path_ttl_ok=0 path_safe=0 on_spline=0 speed=0.00 raw_wpnts=0 raw_age=-s decision=TRAILING reason=NO_STATIC_PATH
1786787048.949 [OBSTACLES] cur_s=6.70 cur_d=3.21 vs=0.00 n=1 [id=1 static=1 gap=14.08m d=0.75 size=0.33]
1786787049.034 [STATIC_OT] state=TRAILING path_exists=0 path_locked=0 path_ttl_ok=0 path_safe=0 on_spline=0 speed=0.00 raw_wpnts=0 raw_age=-s decision=TRAILING reason=NO_STATIC_PATH
1786787049.240 [STATIC_OT] state=TRAILING path_exists=0 path_locked=0 path_ttl_ok=0 path_safe=0 on_spline=0 speed=0.00 raw_wpnts=0 raw_age=-s decision=TRAILING reason=NO_STATIC_PATH
1786787049.458 [OBSTACLES] cur_s=6.69 cur_d=3.20 vs=0.00 n=1 [id=1 static=1 gap=14.08m d=0.75 size=0.33]
1786787049.462 [STATIC_OT] state=TRAILING path_exists=0 path_locked=0 path_ttl_ok=0 path_safe=0 on_spline=0 speed=0.00 raw_wpnts=0 raw_age=-s decision=TRAILING reason=NO_STATIC_PATH
1786787049.694 [STATIC_OT] state=TRAILING path_exists=0 path_locked=0 path_ttl_ok=0 path_safe=0 on_spline=0 speed=0.00 raw_wpnts=0 raw_age=-s decision=TRAILING reason=NO_STATIC_PATH
1786787049.954 [STATIC_OT] state=TRAILING path_exists=0 path_locked=0 path_ttl_ok=0 path_safe=0 on_spline=0 speed=0.00 raw_wpnts=0 raw_age=-s decision=TRAILING reason=NO_STATIC_PATH
1786787050.052 [OBSTACLES] cur_s=6.70 cur_d=3.21 vs=0.00 n=1 [id=1 static=1 gap=14.08m d=0.75 size=0.33]
1786787050.204 [STATIC_OT] state=TRAILING path_exists=0 path_locked=0 path_ttl_ok=0 path_safe=0 on_spline=0 speed=0.00 raw_wpnts=0 raw_age=-s decision=TRAILING reason=NO_STATIC_PATH
1786787050.475 [STATIC_OT] state=TRAILING path_exists=0 path_locked=0 path_ttl_ok=0 path_safe=0 on_spline=0 speed=0.00 raw_wpnts=0 raw_age=-s decision=TRAILING reason=NO_STATIC_PATH
1786787050.630 [OBSTACLES] cur_s=6.70 cur_d=3.21 vs=0.00 n=1 [id=1 static=1 gap=14.08m d=0.75 size=0.34]
1786787050.706 [STATIC_OT] state=TRAILING path_exists=0 path_locked=0 path_ttl_ok=0 path_safe=0 on_spline=0 speed=0.00 raw_wpnts=0 raw_age=-s decision=TRAILING reason=NO_STATIC_PATH
1786787050.912 [STATIC_OT] state=TRAILING path_exists=0 path_locked=0 path_ttl_ok=0 path_safe=0 on_spline=0 speed=0.00 raw_wpnts=0 raw_age=-s decision=TRAILING reason=NO_STATIC_PATH
1786787051.118 [STATIC_OT] state=TRAILING path_exists=0 path_locked=0 path_ttl_ok=0 path_safe=0 on_spline=0 speed=0.00 raw_wpnts=0 raw_age=-s decision=TRAILING reason=NO_STATIC_PATH
1786787051.146 [OBSTACLES] cur_s=6.70 cur_d=3.21 vs=0.00 n=1 [id=1 static=1 gap=14.08m d=0.75 size=0.34]
1786787051.385 [STATIC_OT] state=TRAILING path_exists=0 path_locked=0 path_ttl_ok=0 path_safe=0 on_spline=0 speed=0.00 raw_wpnts=0 raw_age=-s decision=TRAILING reason=NO_STATIC_PATH
1786787051.602 [STATIC_OT] state=TRAILING path_exists=0 path_locked=0 path_ttl_ok=0 path_safe=0 on_spline=0 speed=0.00 raw_wpnts=0 raw_age=-s decision=TRAILING reason=NO_STATIC_PATH
1786787051.654 [OBSTACLES] cur_s=6.70 cur_d=3.21 vs=0.00 n=1 [id=1 static=1 gap=14.07m d=0.74 size=0.35]
1786787051.834 [STATIC_OT] state=TRAILING path_exists=0 path_locked=0 path_ttl_ok=0 path_safe=0 on_spline=0 speed=0.00 raw_wpnts=0 raw_age=-s decision=TRAILING reason=NO_STATIC_PATH
1786787052.035 [STATIC_OT] state=TRAILING path_exists=0 path_locked=0 path_ttl_ok=0 path_safe=0 on_spline=0 speed=0.00 raw_wpnts=0 raw_age=-s decision=TRAILING reason=NO_STATIC_PATH
1786787052.181 [OBSTACLES] cur_s=6.70 cur_d=3.20 vs=0.00 n=1 [id=1 static=1 gap=14.07m d=0.74 size=0.34]
1786787052.300 [STATIC_OT] state=TRAILING path_exists=0 path_locked=0 path_ttl_ok=0 path_safe=0 on_spline=0 speed=0.00 raw_wpnts=0 raw_age=-s decision=TRAILING reason=NO_STATIC_PATH
1786787052.545 [STATIC_OT] state=TRAILING path_exists=0 path_locked=0 path_ttl_ok=0 path_safe=0 on_spline=0 speed=0.00 raw_wpnts=0 raw_age=-s decision=TRAILING reason=NO_STATIC_PATH
1786787052.706 [OBSTACLES] cur_s=6.70 cur_d=3.21 vs=0.00 n=1 [id=1 static=1 gap=14.08m d=0.74 size=0.34]
1786787052.760 [STATIC_OT] state=TRAILING path_exists=0 path_locked=0 path_ttl_ok=0 path_safe=0 on_spline=0 speed=0.00 raw_wpnts=0 raw_age=-s decision=TRAILING reason=NO_STATIC_PATH
1786787052.973 [STATIC_OT] state=TRAILING path_exists=0 path_locked=0 path_ttl_ok=0 path_safe=0 on_spline=0 speed=0.00 raw_wpnts=0 raw_age=-s decision=TRAILING reason=NO_STATIC_PATH
1786787053.194 [STATIC_OT] state=TRAILING path_exists=0 path_locked=0 path_ttl_ok=0 path_safe=0 on_spline=0 speed=0.00 raw_wpnts=0 raw_age=-s decision=TRAILING reason=NO_STATIC_PATH
1786787053.227 [OBSTACLES] cur_s=6.69 cur_d=3.21 vs=0.00 n=1 [id=1 static=1 gap=14.07m d=0.74 size=0.35]
1786787053.447 [STATIC_OT] state=TRAILING path_exists=0 path_locked=0 path_ttl_ok=0 path_safe=0 on_spline=0 speed=0.00 raw_wpnts=0 raw_age=-s decision=TRAILING reason=NO_STATIC_PATH
1786787053.652 [STATIC_OT] state=TRAILING path_exists=0 path_locked=0 path_ttl_ok=0 path_safe=0 on_spline=0 speed=0.00 raw_wpnts=0 raw_age=-s decision=TRAILING reason=NO_STATIC_PATH
1786787053.751 [OBSTACLES] cur_s=6.70 cur_d=3.21 vs=0.00 n=1 [id=1 static=1 gap=14.07m d=0.74 size=0.35]
1786787053.883 [STATIC_OT] state=TRAILING path_exists=0 path_locked=0 path_ttl_ok=0 path_safe=0 on_spline=0 speed=0.00 raw_wpnts=0 raw_age=-s decision=TRAILING reason=NO_STATIC_PATH
1786787054.111 [STATIC_OT] state=TRAILING path_exists=0 path_locked=0 path_ttl_ok=0 path_safe=0 on_spline=0 speed=0.00 raw_wpnts=0 raw_age=-s decision=TRAILING reason=NO_STATIC_PATH
1786787054.255 [OBSTACLES] cur_s=6.70 cur_d=3.21 vs=0.00 n=1 [id=1 static=1 gap=14.08m d=0.74 size=0.33]
1786787054.340 [STATIC_OT] state=TRAILING path_exists=0 path_locked=0 path_ttl_ok=0 path_safe=0 on_spline=0 speed=0.00 raw_wpnts=0 raw_age=-s decision=TRAILING reason=NO_STATIC_PATH
1786787054.550 [STATIC_OT] state=TRAILING path_exists=0 path_locked=0 path_ttl_ok=0 path_safe=0 on_spline=0 speed=0.00 raw_wpnts=0 raw_age=-s decision=TRAILING reason=NO_STATIC_PATH
1786787054.794 [OBSTACLES] cur_s=6.70 cur_d=3.21 vs=0.00 n=1 [id=1 static=1 gap=14.07m d=0.74 size=0.35]
1786787054.803 [STATIC_OT] state=TRAILING path_exists=0 path_locked=0 path_ttl_ok=0 path_safe=0 on_spline=0 speed=0.00 raw_wpnts=0 raw_age=-s decision=TRAILING reason=NO_STATIC_PATH
1786787055.255 [STATIC_OT] state=TRAILING path_exists=0 path_locked=0 path_ttl_ok=0 path_safe=0 on_spline=0 speed=0.00 raw_wpnts=0 raw_age=-s decision=TRAILING reason=NO_STATIC_PATH
1786787055.328 [OBSTACLES] cur_s=6.70 cur_d=3.22 vs=0.00 n=1 [id=1 static=1 gap=14.07m d=0.74 size=0.34]
1786787055.475 [STATIC_OT] state=TRAILING path_exists=0 path_locked=0 path_ttl_ok=0 path_safe=0 on_spline=0 speed=0.00 raw_wpnts=0 raw_age=-s decision=TRAILING reason=NO_STATIC_PATH
1786787055.696 [STATIC_OT] state=TRAILING path_exists=0 path_locked=0 path_ttl_ok=0 path_safe=0 on_spline=0 speed=0.00 raw_wpnts=0 raw_age=-s decision=TRAILING reason=NO_STATIC_PATH
1786787055.833 [OBSTACLES] cur_s=6.70 cur_d=3.21 vs=0.00 n=1 [id=1 static=1 gap=14.08m d=0.74 size=0.33]
1786787055.918 [STATIC_OT] state=TRAILING path_exists=0 path_locked=0 path_ttl_ok=0 path_safe=0 on_spline=0 speed=0.00 raw_wpnts=0 raw_age=-s decision=TRAILING reason=NO_STATIC_PATH
1786787056.162 [STATIC_OT] state=TRAILING path_exists=0 path_locked=0 path_ttl_ok=0 path_safe=0 on_spline=0 speed=0.00 raw_wpnts=0 raw_age=-s decision=TRAILING reason=NO_STATIC_PATH
1786787056.368 [OBSTACLES] cur_s=6.69 cur_d=3.21 vs=0.00 n=1 [id=1 static=1 gap=14.08m d=0.74 size=0.34]
1786787056.374 [STATIC_OT] state=TRAILING path_exists=0 path_locked=0 path_ttl_ok=0 path_safe=0 on_spline=0 speed=0.00 raw_wpnts=0 raw_age=-s decision=TRAILING reason=NO_STATIC_PATH
1786787056.628 [STATIC_OT] state=TRAILING path_exists=0 path_locked=0 path_ttl_ok=0 path_safe=0 on_spline=0 speed=0.00 raw_wpnts=0 raw_age=-s decision=TRAILING reason=NO_STATIC_PATH
1786787056.875 [OBSTACLES] cur_s=6.70 cur_d=3.21 vs=0.00 n=1 [id=1 static=1 gap=14.08m d=0.74 size=0.34]
1786787056.883 [STATIC_OT] state=TRAILING path_exists=0 path_locked=0 path_ttl_ok=0 path_safe=0 on_spline=0 speed=0.00 raw_wpnts=0 raw_age=-s decision=TRAILING reason=NO_STATIC_PATH
1786787057.087 [STATIC_OT] state=TRAILING path_exists=0 path_locked=0 path_ttl_ok=0 path_safe=0 on_spline=0 speed=0.00 raw_wpnts=0 raw_age=-s decision=TRAILING reason=NO_STATIC_PATH
1786787057.301 [STATIC_OT] state=TRAILING path_exists=0 path_locked=0 path_ttl_ok=0 path_safe=0 on_spline=0 speed=0.00 raw_wpnts=0 raw_age=-s decision=TRAILING reason=NO_STATIC_PATH
1786787057.411 [OBSTACLES] cur_s=6.69 cur_d=3.21 vs=0.00 n=1 [id=1 static=1 gap=14.08m d=0.74 size=0.32]
1786787057.559 [STATIC_OT] state=TRAILING path_exists=0 path_locked=0 path_ttl_ok=0 path_safe=0 on_spline=0 speed=0.00 raw_wpnts=0 raw_age=-s decision=TRAILING reason=NO_STATIC_PATH
1786787057.820 [STATIC_OT] state=TRAILING path_exists=0 path_locked=0 path_ttl_ok=0 path_safe=0 on_spline=0 speed=0.00 raw_wpnts=0 raw_age=-s decision=TRAILING reason=NO_STATIC_PATH
1786787057.957 [OBSTACLES] cur_s=6.70 cur_d=3.21 vs=0.00 n=1 [id=1 static=1 gap=14.09m d=0.74 size=0.32]
1786787058.098 [STATIC_OT] state=TRAILING path_exists=0 path_locked=0 path_ttl_ok=0 path_safe=0 on_spline=0 speed=0.00 raw_wpnts=0 raw_age=-s decision=TRAILING reason=NO_STATIC_PATH
1786787058.300 [STATIC_OT] state=TRAILING path_exists=0 path_locked=0 path_ttl_ok=0 path_safe=0 on_spline=0 speed=0.00 raw_wpnts=0 raw_age=-s decision=TRAILING reason=NO_STATIC_PATH
1786787058.457 [OBSTACLES] cur_s=6.70 cur_d=3.22 vs=0.00 n=1 [id=1 static=1 gap=14.08m d=0.74 size=0.33]
1786787058.549 [STATIC_OT] state=TRAILING path_exists=0 path_locked=0 path_ttl_ok=0 path_safe=0 on_spline=0 speed=0.00 raw_wpnts=0 raw_age=-s decision=TRAILING reason=NO_STATIC_PATH
1786787058.752 [STATIC_OT] state=TRAILING path_exists=0 path_locked=0 path_ttl_ok=0 path_safe=0 on_spline=0 speed=0.00 raw_wpnts=0 raw_age=-s decision=TRAILING reason=NO_STATIC_PATH
1786787058.995 [OBSTACLES] cur_s=6.70 cur_d=3.21 vs=0.00 n=1 [id=1 static=1 gap=14.08m d=0.74 size=0.33]
1786787059.017 [STATIC_OT] state=TRAILING path_exists=0 path_locked=0 path_ttl_ok=0 path_safe=0 on_spline=0 speed=0.00 raw_wpnts=0 raw_age=-s decision=TRAILING reason=NO_STATIC_PATH
1786787059.393 [STATIC_OT] state=TRAILING path_exists=0 path_locked=0 path_ttl_ok=0 path_safe=0 on_spline=0 speed=0.00 raw_wpnts=0 raw_age=-s decision=TRAILING reason=NO_STATIC_PATH
1786787059.553 [OBSTACLES] cur_s=6.70 cur_d=3.21 vs=0.00 n=1 [id=1 static=1 gap=14.08m d=0.74 size=0.32]
1786787059.611 [STATIC_OT] state=TRAILING path_exists=0 path_locked=0 path_ttl_ok=0 path_safe=0 on_spline=0 speed=0.00 raw_wpnts=0 raw_age=-s decision=TRAILING reason=NO_STATIC_PATH
1786787059.826 [STATIC_OT] state=TRAILING path_exists=0 path_locked=0 path_ttl_ok=0 path_safe=0 on_spline=0 speed=0.00 raw_wpnts=0 raw_age=-s decision=TRAILING reason=NO_STATIC_PATH
1786787060.038 [STATIC_OT] state=TRAILING path_exists=0 path_locked=0 path_ttl_ok=0 path_safe=0 on_spline=0 speed=0.00 raw_wpnts=0 raw_age=-s decision=TRAILING reason=NO_STATIC_PATH
1786787060.108 [OBSTACLES] cur_s=6.70 cur_d=3.21 vs=0.00 n=1 [id=1 static=1 gap=14.07m d=0.74 size=0.34]
1786787060.278 [STATIC_OT] state=TRAILING path_exists=0 path_locked=0 path_ttl_ok=0 path_safe=0 on_spline=0 speed=0.00 raw_wpnts=0 raw_age=-s decision=TRAILING reason=NO_STATIC_PATH
1786787060.518 [STATIC_OT] state=TRAILING path_exists=0 path_locked=0 path_ttl_ok=0 path_safe=0 on_spline=0 speed=0.00 raw_wpnts=0 raw_age=-s decision=TRAILING reason=NO_STATIC_PATH
1786787060.609 [OBSTACLES] cur_s=6.70 cur_d=3.21 vs=0.00 n=1 [id=1 static=1 gap=14.08m d=0.74 size=0.34]
1786787060.738 [STATIC_OT] state=TRAILING path_exists=0 path_locked=0 path_ttl_ok=0 path_safe=0 on_spline=0 speed=0.00 raw_wpnts=0 raw_age=-s decision=TRAILING reason=NO_STATIC_PATH
1786787060.979 [STATIC_OT] state=TRAILING path_exists=0 path_locked=0 path_ttl_ok=0 path_safe=0 on_spline=0 speed=0.00 raw_wpnts=0 raw_age=-s decision=TRAILING reason=NO_STATIC_PATH
1786787061.148 [OBSTACLES] cur_s=6.70 cur_d=3.21 vs=0.00 n=1 [id=1 static=1 gap=14.08m d=0.74 size=0.32]
1786787061.182 [STATIC_OT] state=TRAILING path_exists=0 path_locked=0 path_ttl_ok=0 path_safe=0 on_spline=0 speed=0.00 raw_wpnts=0 raw_age=-s decision=TRAILING reason=NO_STATIC_PATH
1786787061.410 [STATIC_OT] state=TRAILING path_exists=0 path_locked=0 path_ttl_ok=0 path_safe=0 on_spline=0 speed=0.00 raw_wpnts=0 raw_age=-s decision=TRAILING reason=NO_STATIC_PATH
1786787061.646 [STATIC_OT] state=TRAILING path_exists=0 path_locked=0 path_ttl_ok=0 path_safe=0 on_spline=0 speed=0.00 raw_wpnts=0 raw_age=-s decision=TRAILING reason=NO_STATIC_PATH
1786787061.702 [OBSTACLES] cur_s=6.70 cur_d=3.21 vs=0.00 n=1 [id=1 static=1 gap=14.08m d=0.74 size=0.33]
1786787061.906 [STATIC_OT] state=TRAILING path_exists=0 path_locked=0 path_ttl_ok=0 path_safe=0 on_spline=0 speed=0.00 raw_wpnts=0 raw_age=-s decision=TRAILING reason=NO_STATIC_PATH
1786787062.162 [STATIC_OT] state=TRAILING path_exists=0 path_locked=0 path_ttl_ok=0 path_safe=0 on_spline=0 speed=0.00 raw_wpnts=0 raw_age=-s decision=TRAILING reason=NO_STATIC_PATH
1786787062.218 [OBSTACLES] cur_s=6.70 cur_d=3.21 vs=0.00 n=1 [id=1 static=1 gap=14.07m d=0.74 size=0.34]
1786787062.412 [STATIC_OT] state=TRAILING path_exists=0 path_locked=0 path_ttl_ok=0 path_safe=0 on_spline=0 speed=0.00 raw_wpnts=0 raw_age=-s decision=TRAILING reason=NO_STATIC_PATH
1786787062.657 [STATIC_OT] state=TRAILING path_exists=0 path_locked=0 path_ttl_ok=0 path_safe=0 on_spline=0 speed=0.00 raw_wpnts=0 raw_age=-s decision=TRAILING reason=NO_STATIC_PATH
1786787062.763 [OBSTACLES] cur_s=6.70 cur_d=3.20 vs=0.00 n=1 [id=1 static=1 gap=14.08m d=0.74 size=0.33]
1786787063.035 [STATIC_OT] state=TRAILING path_exists=0 path_locked=0 path_ttl_ok=0 path_safe=0 on_spline=0 speed=0.00 raw_wpnts=0 raw_age=-s decision=TRAILING reason=NO_STATIC_PATH
1786787063.240 [STATIC_OT] state=TRAILING path_exists=0 path_locked=0 path_ttl_ok=0 path_safe=0 on_spline=0 speed=0.00 raw_wpnts=0 raw_age=-s decision=TRAILING reason=NO_STATIC_PATH
1786787063.313 [OBSTACLES] cur_s=6.70 cur_d=3.21 vs=0.00 n=1 [id=1 static=1 gap=14.08m d=0.74 size=0.33]
1786787063.462 [STATIC_OT] state=TRAILING path_exists=0 path_locked=0 path_ttl_ok=0 path_safe=0 on_spline=0 speed=0.00 raw_wpnts=0 raw_age=-s decision=TRAILING reason=NO_STATIC_PATH
1786787063.687 [STATIC_OT] state=TRAILING path_exists=0 path_locked=0 path_ttl_ok=0 path_safe=0 on_spline=0 speed=0.00 raw_wpnts=0 raw_age=-s decision=TRAILING reason=NO_STATIC_PATH
1786787063.832 [OBSTACLES] cur_s=6.70 cur_d=3.21 vs=0.00 n=1 [id=1 static=1 gap=14.08m d=0.75 size=0.33]
1786787063.921 [STATIC_OT] state=TRAILING path_exists=0 path_locked=0 path_ttl_ok=0 path_safe=0 on_spline=0 speed=0.00 raw_wpnts=0 raw_age=-s decision=TRAILING reason=NO_STATIC_PATH
1786787064.121 [STATIC_OT] state=TRAILING path_exists=0 path_locked=0 path_ttl_ok=0 path_safe=0 on_spline=0 speed=0.00 raw_wpnts=0 raw_age=-s decision=TRAILING reason=NO_STATIC_PATH
1786787064.328 [STATIC_OT] state=TRAILING path_exists=0 path_locked=0 path_ttl_ok=0 path_safe=0 on_spline=0 speed=0.00 raw_wpnts=0 raw_age=-s decision=TRAILING reason=NO_STATIC_PATH
1786787064.358 [OBSTACLES] cur_s=6.70 cur_d=3.20 vs=0.00 n=1 [id=1 static=1 gap=14.07m d=0.75 size=0.34]
1786787064.540 [STATIC_OT] state=TRAILING path_exists=0 path_locked=0 path_ttl_ok=0 path_safe=0 on_spline=0 speed=0.00 raw_wpnts=0 raw_age=-s decision=TRAILING reason=NO_STATIC_PATH
1786787064.764 [STATIC_OT] state=TRAILING path_exists=0 path_locked=0 path_ttl_ok=0 path_safe=0 on_spline=0 speed=0.00 raw_wpnts=0 raw_age=-s decision=TRAILING reason=NO_STATIC_PATH
1786787064.876 [OBSTACLES] cur_s=6.70 cur_d=3.20 vs=0.00 n=1 [id=1 static=1 gap=14.08m d=0.75 size=0.32]
1786787064.967 [STATIC_OT] state=TRAILING path_exists=0 path_locked=0 path_ttl_ok=0 path_safe=0 on_spline=0 speed=0.00 raw_wpnts=0 raw_age=-s decision=TRAILING reason=NO_STATIC_PATH
1786787065.183 [STATIC_OT] state=TRAILING path_exists=0 path_locked=0 path_ttl_ok=0 path_safe=0 on_spline=0 speed=0.00 raw_wpnts=0 raw_age=-s decision=TRAILING reason=NO_STATIC_PATH
1786787065.420 [OBSTACLES] cur_s=6.70 cur_d=3.22 vs=0.00 n=1 [id=1 static=1 gap=14.08m d=0.75 size=0.34]
1786787065.442 [STATIC_OT] state=TRAILING path_exists=0 path_locked=0 path_ttl_ok=0 path_safe=0 on_spline=0 speed=0.00 raw_wpnts=0 raw_age=-s decision=TRAILING reason=NO_STATIC_PATH
1786787065.686 [STATIC_OT] state=TRAILING path_exists=0 path_locked=0 path_ttl_ok=0 path_safe=0 on_spline=0 speed=0.00 raw_wpnts=0 raw_age=-s decision=TRAILING reason=NO_STATIC_PATH
1786787065.921 [OBSTACLES] cur_s=6.69 cur_d=3.21 vs=0.00 n=1 [id=1 static=1 gap=14.07m d=0.75 size=0.35]
1786787065.923 [STATIC_OT] state=TRAILING path_exists=0 path_locked=0 path_ttl_ok=0 path_safe=0 on_spline=0 speed=0.00 raw_wpnts=0 raw_age=-s decision=TRAILING reason=NO_STATIC_PATH
1786787066.176 [STATIC_OT] state=TRAILING path_exists=0 path_locked=0 path_ttl_ok=0 path_safe=0 on_spline=0 speed=0.00 raw_wpnts=0 raw_age=-s decision=TRAILING reason=NO_STATIC_PATH
1786787066.391 [STATIC_OT] state=TRAILING path_exists=0 path_locked=0 path_ttl_ok=0 path_safe=0 on_spline=0 speed=0.00 raw_wpnts=0 raw_age=-s decision=TRAILING reason=NO_STATIC_PATH
1786787066.440 [OBSTACLES] cur_s=6.70 cur_d=3.21 vs=0.00 n=1 [id=1 static=1 gap=14.07m d=0.75 size=0.34]
1786787066.620 [STATIC_OT] state=TRAILING path_exists=0 path_locked=0 path_ttl_ok=0 path_safe=0 on_spline=0 speed=0.00 raw_wpnts=0 raw_age=-s decision=TRAILING reason=NO_STATIC_PATH
1786787066.851 [STATIC_OT] state=TRAILING path_exists=0 path_locked=0 path_ttl_ok=0 path_safe=0 on_spline=0 speed=0.00 raw_wpnts=0 raw_age=-s decision=TRAILING reason=NO_STATIC_PATH
1786787066.960 [OBSTACLES] cur_s=6.69 cur_d=3.21 vs=0.00 n=1 [id=1 static=1 gap=14.08m d=0.74 size=0.34]
1786787067.083 [STATIC_OT] state=TRAILING path_exists=0 path_locked=0 path_ttl_ok=0 path_safe=0 on_spline=0 speed=0.00 raw_wpnts=0 raw_age=-s decision=TRAILING reason=NO_STATIC_PATH
1786787067.323 [STATIC_OT] state=TRAILING path_exists=0 path_locked=0 path_ttl_ok=0 path_safe=0 on_spline=0 speed=0.00 raw_wpnts=0 raw_age=-s decision=TRAILING reason=NO_STATIC_PATH
1786787067.477 [OBSTACLES] cur_s=6.70 cur_d=3.21 vs=0.00 n=1 [id=1 static=1 gap=14.08m d=0.74 size=0.33]
1786787067.576 [STATIC_OT] state=TRAILING path_exists=0 path_locked=0 path_ttl_ok=0 path_safe=0 on_spline=0 speed=0.00 raw_wpnts=0 raw_age=-s decision=TRAILING reason=NO_STATIC_PATH
1786787067.810 [STATIC_OT] state=TRAILING path_exists=0 path_locked=0 path_ttl_ok=0 path_safe=0 on_spline=0 speed=0.00 raw_wpnts=0 raw_age=-s decision=TRAILING reason=NO_STATIC_PATH
1786787068.045 [OBSTACLES] cur_s=6.70 cur_d=3.21 vs=0.00 n=1 [id=1 static=1 gap=14.08m d=0.74 size=0.34]
1786787068.056 [STATIC_OT] state=TRAILING path_exists=0 path_locked=0 path_ttl_ok=0 path_safe=0 on_spline=0 speed=0.00 raw_wpnts=0 raw_age=-s decision=TRAILING reason=NO_STATIC_PATH
1786787068.266 [STATIC_OT] state=TRAILING path_exists=0 path_locked=0 path_ttl_ok=0 path_safe=0 on_spline=0 speed=0.00 raw_wpnts=0 raw_age=-s decision=TRAILING reason=NO_STATIC_PATH
1786787068.494 [STATIC_OT] state=TRAILING path_exists=0 path_locked=0 path_ttl_ok=0 path_safe=0 on_spline=0 speed=0.00 raw_wpnts=0 raw_age=-s decision=TRAILING reason=NO_STATIC_PATH
1786787068.558 [OBSTACLES] cur_s=6.70 cur_d=3.21 vs=0.00 n=1 [id=1 static=1 gap=14.07m d=0.74 size=0.36]
1786787068.701 [STATIC_OT] state=TRAILING path_exists=0 path_locked=0 path_ttl_ok=0 path_safe=0 on_spline=0 speed=0.00 raw_wpnts=0 raw_age=-s decision=TRAILING reason=NO_STATIC_PATH
1786787068.932 [STATIC_OT] state=TRAILING path_exists=0 path_locked=0 path_ttl_ok=0 path_safe=0 on_spline=0 speed=0.00 raw_wpnts=0 raw_age=-s decision=TRAILING reason=NO_STATIC_PATH
1786787069.060 [OBSTACLES] cur_s=6.69 cur_d=3.20 vs=0.00 n=1 [id=1 static=1 gap=14.08m d=0.74 size=0.33]
1786787069.152 [STATIC_OT] state=TRAILING path_exists=0 path_locked=0 path_ttl_ok=0 path_safe=0 on_spline=0 speed=0.00 raw_wpnts=0 raw_age=-s decision=TRAILING reason=NO_STATIC_PATH
1786787069.452 [STATIC_OT] state=TRAILING path_exists=0 path_locked=0 path_ttl_ok=0 path_safe=0 on_spline=0 speed=0.00 raw_wpnts=0 raw_age=-s decision=TRAILING reason=NO_STATIC_PATH
1786787069.574 [OBSTACLES] cur_s=6.69 cur_d=3.21 vs=0.00 n=1 [id=1 static=1 gap=14.08m d=0.74 size=0.34]
1786787069.713 [STATIC_OT] state=TRAILING path_exists=0 path_locked=0 path_ttl_ok=0 path_safe=0 on_spline=0 speed=0.00 raw_wpnts=0 raw_age=-s decision=TRAILING reason=NO_STATIC_PATH
1786787069.957 [STATIC_OT] state=TRAILING path_exists=0 path_locked=0 path_ttl_ok=0 path_safe=0 on_spline=0 speed=0.00 raw_wpnts=0 raw_age=-s decision=TRAILING reason=NO_STATIC_PATH
1786787070.082 [OBSTACLES] cur_s=6.70 cur_d=3.21 vs=0.00 n=1 [id=1 static=1 gap=14.08m d=0.74 size=0.33]
1786787070.207 [STATIC_OT] state=TRAILING path_exists=0 path_locked=0 path_ttl_ok=0 path_safe=0 on_spline=0 speed=0.00 raw_wpnts=0 raw_age=-s decision=TRAILING reason=NO_STATIC_PATH
1786787070.461 [STATIC_OT] state=TRAILING path_exists=0 path_locked=0 path_ttl_ok=0 path_safe=0 on_spline=0 speed=0.00 raw_wpnts=0 raw_age=-s decision=TRAILING reason=NO_STATIC_PATH
1786787070.623 [OBSTACLES] cur_s=6.70 cur_d=3.21 vs=0.00 n=1 [id=1 static=1 gap=14.08m d=0.74 size=0.34]
1786787070.664 [STATIC_OT] state=TRAILING path_exists=0 path_locked=0 path_ttl_ok=0 path_safe=0 on_spline=0 speed=0.00 raw_wpnts=0 raw_age=-s decision=TRAILING reason=NO_STATIC_PATH
1786787070.872 [STATIC_OT] state=TRAILING path_exists=0 path_locked=0 path_ttl_ok=0 path_safe=0 on_spline=0 speed=0.00 raw_wpnts=0 raw_age=-s decision=TRAILING reason=NO_STATIC_PATH
1786787071.076 [STATIC_OT] state=TRAILING path_exists=0 path_locked=0 path_ttl_ok=0 path_safe=0 on_spline=0 speed=0.00 raw_wpnts=0 raw_age=-s decision=TRAILING reason=NO_STATIC_PATH
1786787071.125 [OBSTACLES] cur_s=6.70 cur_d=3.21 vs=0.00 n=1 [id=1 static=1 gap=14.08m d=0.74 size=0.33]
1786787071.315 [STATIC_OT] state=TRAILING path_exists=0 path_locked=0 path_ttl_ok=0 path_safe=0 on_spline=0 speed=0.00 raw_wpnts=0 raw_age=-s decision=TRAILING reason=NO_STATIC_PATH
1786787071.574 [STATIC_OT] state=TRAILING path_exists=0 path_locked=0 path_ttl_ok=0 path_safe=0 on_spline=0 speed=0.00 raw_wpnts=0 raw_age=-s decision=TRAILING reason=NO_STATIC_PATH
1786787071.649 [OBSTACLES] cur_s=6.70 cur_d=3.21 vs=0.00 n=1 [id=1 static=1 gap=14.09m d=0.74 size=0.31]
1786787071.817 [STATIC_OT] state=TRAILING path_exists=0 path_locked=0 path_ttl_ok=0 path_safe=0 on_spline=0 speed=0.00 raw_wpnts=0 raw_age=-s decision=TRAILING reason=NO_STATIC_PATH
1786787072.044 [STATIC_OT] state=TRAILING path_exists=0 path_locked=0 path_ttl_ok=0 path_safe=0 on_spline=0 speed=0.00 raw_wpnts=0 raw_age=-s decision=TRAILING reason=NO_STATIC_PATH
1786787072.155 [OBSTACLES] cur_s=6.70 cur_d=3.20 vs=0.00 n=1 [id=1 static=1 gap=14.09m d=0.74 size=0.32]
1786787072.306 [STATIC_OT] state=TRAILING path_exists=0 path_locked=0 path_ttl_ok=0 path_safe=0 on_spline=0 speed=0.00 raw_wpnts=0 raw_age=-s decision=TRAILING reason=NO_STATIC_PATH
1786787072.532 [STATIC_OT] state=TRAILING path_exists=0 path_locked=0 path_ttl_ok=0 path_safe=0 on_spline=0 speed=0.00 raw_wpnts=0 raw_age=-s decision=TRAILING reason=NO_STATIC_PATH
1786787072.687 [OBSTACLES] cur_s=6.70 cur_d=3.21 vs=0.00 n=1 [id=1 static=1 gap=14.07m d=0.74 size=0.35]
1786787072.753 [STATIC_OT] state=TRAILING path_exists=0 path_locked=0 path_ttl_ok=0 path_safe=0 on_spline=0 speed=0.00 raw_wpnts=0 raw_age=-s decision=TRAILING reason=NO_STATIC_PATH
1786787073.071 [STATIC_OT] state=TRAILING path_exists=0 path_locked=0 path_ttl_ok=0 path_safe=0 on_spline=0 speed=0.00 raw_wpnts=0 raw_age=-s decision=TRAILING reason=NO_STATIC_PATH
1786787073.190 [OBSTACLES] cur_s=6.70 cur_d=3.21 vs=0.00 n=1 [id=1 static=1 gap=14.06m d=0.74 size=0.36]
1786787073.280 [STATIC_OT] state=TRAILING path_exists=0 path_locked=0 path_ttl_ok=0 path_safe=0 on_spline=0 speed=0.00 raw_wpnts=0 raw_age=-s decision=TRAILING reason=NO_STATIC_PATH
1786787073.511 [STATIC_OT] state=TRAILING path_exists=0 path_locked=0 path_ttl_ok=0 path_safe=0 on_spline=0 speed=0.00 raw_wpnts=0 raw_age=-s decision=TRAILING reason=NO_STATIC_PATH
1786787073.735 [OBSTACLES] cur_s=6.70 cur_d=3.21 vs=0.00 n=1 [id=1 static=1 gap=14.07m d=0.74 size=0.34]
1786787073.747 [STATIC_OT] state=TRAILING path_exists=0 path_locked=0 path_ttl_ok=0 path_safe=0 on_spline=0 speed=0.00 raw_wpnts=0 raw_age=-s decision=TRAILING reason=NO_STATIC_PATH
1786787073.954 [STATIC_OT] state=TRAILING path_exists=0 path_locked=0 path_ttl_ok=0 path_safe=0 on_spline=0 speed=0.00 raw_wpnts=0 raw_age=-s decision=TRAILING reason=NO_STATIC_PATH
1786787074.157 [STATIC_OT] state=TRAILING path_exists=0 path_locked=0 path_ttl_ok=0 path_safe=0 on_spline=0 speed=0.00 raw_wpnts=0 raw_age=-s decision=TRAILING reason=NO_STATIC_PATH
1786787074.271 [OBSTACLES] cur_s=6.70 cur_d=3.20 vs=0.00 n=1 [id=1 static=1 gap=14.08m d=0.75 size=0.33]
1786787074.378 [STATIC_OT] state=TRAILING path_exists=0 path_locked=0 path_ttl_ok=0 path_safe=0 on_spline=0 speed=0.00 raw_wpnts=0 raw_age=-s decision=TRAILING reason=NO_STATIC_PATH
1786787074.582 [STATIC_OT] state=TRAILING path_exists=0 path_locked=0 path_ttl_ok=0 path_safe=0 on_spline=0 speed=0.00 raw_wpnts=0 raw_age=-s decision=TRAILING reason=NO_STATIC_PATH
1786787074.791 [OBSTACLES] cur_s=6.69 cur_d=3.21 vs=0.00 n=1 [id=1 static=1 gap=14.07m d=0.74 size=0.35]
1786787074.793 [STATIC_OT] state=TRAILING path_exists=0 path_locked=0 path_ttl_ok=0 path_safe=0 on_spline=0 speed=0.00 raw_wpnts=0 raw_age=-s decision=TRAILING reason=NO_STATIC_PATH
1786787075.013 [STATIC_OT] state=TRAILING path_exists=0 path_locked=0 path_ttl_ok=0 path_safe=0 on_spline=0 speed=0.00 raw_wpnts=0 raw_age=-s decision=TRAILING reason=NO_STATIC_PATH
1786787075.253 [STATIC_OT] state=TRAILING path_exists=0 path_locked=0 path_ttl_ok=0 path_safe=0 on_spline=0 speed=0.00 raw_wpnts=0 raw_age=-s decision=TRAILING reason=NO_STATIC_PATH
1786787075.312 [OBSTACLES] cur_s=6.69 cur_d=3.21 vs=0.00 n=1 [id=1 static=1 gap=14.08m d=0.75 size=0.34]
1786787075.493 [STATIC_OT] state=TRAILING path_exists=0 path_locked=0 path_ttl_ok=0 path_safe=0 on_spline=0 speed=0.00 raw_wpnts=0 raw_age=-s decision=TRAILING reason=NO_STATIC_PATH
1786787075.746 [STATIC_OT] state=TRAILING path_exists=0 path_locked=0 path_ttl_ok=0 path_safe=0 on_spline=0 speed=0.00 raw_wpnts=0 raw_age=-s decision=TRAILING reason=NO_STATIC_PATH
1786787075.850 [OBSTACLES] cur_s=6.70 cur_d=3.22 vs=0.00 n=1 [id=1 static=1 gap=14.08m d=0.74 size=0.33]
1786787075.974 [STATIC_OT] state=TRAILING path_exists=0 path_locked=0 path_ttl_ok=0 path_safe=0 on_spline=0 speed=0.00 raw_wpnts=0 raw_age=-s decision=TRAILING reason=NO_STATIC_PATH
1786787076.288 [STATIC_OT] state=TRAILING path_exists=0 path_locked=0 path_ttl_ok=0 path_safe=0 on_spline=0 speed=0.00 raw_wpnts=0 raw_age=-s decision=TRAILING reason=NO_STATIC_PATH
1786787076.373 [OBSTACLES] cur_s=6.70 cur_d=3.21 vs=0.00 n=1 [id=1 static=1 gap=14.08m d=0.74 size=0.34]
1786787076.530 [STATIC_OT] state=TRAILING path_exists=0 path_locked=0 path_ttl_ok=0 path_safe=0 on_spline=0 speed=0.00 raw_wpnts=0 raw_age=-s decision=TRAILING reason=NO_STATIC_PATH
1786787076.766 [STATIC_OT] state=TRAILING path_exists=0 path_locked=0 path_ttl_ok=0 path_safe=0 on_spline=0 speed=0.00 raw_wpnts=0 raw_age=-s decision=TRAILING reason=NO_STATIC_PATH
1786787076.876 [OBSTACLES] cur_s=6.70 cur_d=3.21 vs=0.00 n=1 [id=1 static=1 gap=14.08m d=0.74 size=0.33]
1786787076.988 [STATIC_OT] state=TRAILING path_exists=0 path_locked=0 path_ttl_ok=0 path_safe=0 on_spline=0 speed=0.00 raw_wpnts=0 raw_age=-s decision=TRAILING reason=NO_STATIC_PATH
1786787077.195 [STATIC_OT] state=TRAILING path_exists=0 path_locked=0 path_ttl_ok=0 path_safe=0 on_spline=0 speed=0.00 raw_wpnts=0 raw_age=-s decision=TRAILING reason=NO_STATIC_PATH
1786787077.414 [OBSTACLES] cur_s=6.70 cur_d=3.20 vs=0.00 n=1 [id=1 static=1 gap=14.07m d=0.74 size=0.34]
1786787077.423 [STATIC_OT] state=TRAILING path_exists=0 path_locked=0 path_ttl_ok=0 path_safe=0 on_spline=0 speed=0.00 raw_wpnts=0 raw_age=-s decision=TRAILING reason=NO_STATIC_PATH
1786787077.634 [STATIC_OT] state=TRAILING path_exists=0 path_locked=0 path_ttl_ok=0 path_safe=0 on_spline=0 speed=0.00 raw_wpnts=0 raw_age=-s decision=TRAILING reason=NO_STATIC_PATH
1786787077.843 [STATIC_OT] state=TRAILING path_exists=0 path_locked=0 path_ttl_ok=0 path_safe=0 on_spline=0 speed=0.00 raw_wpnts=0 raw_age=-s decision=TRAILING reason=NO_STATIC_PATH
1786787077.935 [OBSTACLES] cur_s=6.70 cur_d=3.20 vs=0.00 n=1 [id=1 static=1 gap=14.07m d=0.74 size=0.34]
1786787078.074 [STATIC_OT] state=TRAILING path_exists=0 path_locked=0 path_ttl_ok=0 path_safe=0 on_spline=0 speed=0.00 raw_wpnts=0 raw_age=-s decision=TRAILING reason=NO_STATIC_PATH
1786787078.281 [STATIC_OT] state=TRAILING path_exists=0 path_locked=0 path_ttl_ok=0 path_safe=0 on_spline=0 speed=0.00 raw_wpnts=0 raw_age=-s decision=TRAILING reason=NO_STATIC_PATH
1786787078.491 [OBSTACLES] cur_s=6.70 cur_d=3.21 vs=0.00 n=1 [id=1 static=1 gap=14.08m d=0.74 size=0.33]
1786787078.503 [STATIC_OT] state=TRAILING path_exists=0 path_locked=0 path_ttl_ok=0 path_safe=0 on_spline=0 speed=0.00 raw_wpnts=0 raw_age=-s decision=TRAILING reason=NO_STATIC_PATH
1786787078.739 [STATIC_OT] state=TRAILING path_exists=0 path_locked=0 path_ttl_ok=0 path_safe=0 on_spline=0 speed=0.00 raw_wpnts=0 raw_age=-s decision=TRAILING reason=NO_STATIC_PATH
1786787078.981 [STATIC_OT] state=TRAILING path_exists=0 path_locked=0 path_ttl_ok=0 path_safe=0 on_spline=0 speed=0.00 raw_wpnts=0 raw_age=-s decision=TRAILING reason=NO_STATIC_PATH
1786787079.030 [OBSTACLES] cur_s=6.70 cur_d=3.21 vs=0.00 n=1 [id=1 static=1 gap=14.07m d=0.74 size=0.34]
1786787079.194 [STATIC_OT] state=TRAILING path_exists=0 path_locked=0 path_ttl_ok=0 path_safe=0 on_spline=0 speed=0.00 raw_wpnts=0 raw_age=-s decision=TRAILING reason=NO_STATIC_PATH
1786787079.532 [STATIC_OT] state=TRAILING path_exists=0 path_locked=0 path_ttl_ok=0 path_safe=0 on_spline=0 speed=0.00 raw_wpnts=0 raw_age=-s decision=TRAILING reason=NO_STATIC_PATH
1786787079.633 [OBSTACLES] cur_s=6.69 cur_d=3.21 vs=0.00 n=1 [id=1 static=1 gap=14.08m d=0.74 size=0.34]
1786787079.797 [STATIC_OT] state=TRAILING path_exists=0 path_locked=0 path_ttl_ok=0 path_safe=0 on_spline=0 speed=0.00 raw_wpnts=0 raw_age=-s decision=TRAILING reason=NO_STATIC_PATH
1786787080.033 [STATIC_OT] state=TRAILING path_exists=0 path_locked=0 path_ttl_ok=0 path_safe=0 on_spline=0 speed=0.00 raw_wpnts=0 raw_age=-s decision=TRAILING reason=NO_STATIC_PATH
1786787080.157 [OBSTACLES] cur_s=6.70 cur_d=3.20 vs=0.00 n=1 [id=1 static=1 gap=14.09m d=0.74 size=0.31]
1786787080.238 [STATIC_OT] state=TRAILING path_exists=0 path_locked=0 path_ttl_ok=0 path_safe=0 on_spline=0 speed=0.00 raw_wpnts=0 raw_age=-s decision=TRAILING reason=NO_STATIC_PATH
1786787080.439 [STATIC_OT] state=TRAILING path_exists=0 path_locked=0 path_ttl_ok=0 path_safe=0 on_spline=0 speed=0.00 raw_wpnts=0 raw_age=-s decision=TRAILING reason=NO_STATIC_PATH
1786787080.675 [OBSTACLES] cur_s=6.70 cur_d=3.22 vs=0.00 n=1 [id=1 static=1 gap=14.06m d=0.74 size=0.36]
1786787080.681 [STATIC_OT] state=TRAILING path_exists=0 path_locked=0 path_ttl_ok=0 path_safe=0 on_spline=0 speed=0.00 raw_wpnts=0 raw_age=-s decision=TRAILING reason=NO_STATIC_PATH
1786787080.909 [STATIC_OT] state=TRAILING path_exists=0 path_locked=0 path_ttl_ok=0 path_safe=0 on_spline=0 speed=0.00 raw_wpnts=0 raw_age=-s decision=TRAILING reason=NO_STATIC_PATH
1786787081.149 [STATIC_OT] state=TRAILING path_exists=0 path_locked=0 path_ttl_ok=0 path_safe=0 on_spline=0 speed=0.00 raw_wpnts=0 raw_age=-s decision=TRAILING reason=NO_STATIC_PATH
1786787081.193 [OBSTACLES] cur_s=6.70 cur_d=3.20 vs=0.00 n=1 [id=1 static=1 gap=14.08m d=0.74 size=0.32]
1786787081.391 [STATIC_OT] state=TRAILING path_exists=0 path_locked=0 path_ttl_ok=0 path_safe=0 on_spline=0 speed=0.00 raw_wpnts=0 raw_age=-s decision=TRAILING reason=NO_STATIC_PATH
1786787081.653 [STATIC_OT] state=TRAILING path_exists=0 path_locked=0 path_ttl_ok=0 path_safe=0 on_spline=0 speed=0.00 raw_wpnts=0 raw_age=-s decision=TRAILING reason=NO_STATIC_PATH
1786787081.725 [OBSTACLES] cur_s=6.70 cur_d=3.21 vs=0.00 n=1 [id=1 static=1 gap=14.07m d=0.75 size=0.34]
1786787081.874 [STATIC_OT] state=TRAILING path_exists=0 path_locked=0 path_ttl_ok=0 path_safe=0 on_spline=0 speed=0.00 raw_wpnts=0 raw_age=-s decision=TRAILING reason=NO_STATIC_PATH
1786787082.077 [STATIC_OT] state=TRAILING path_exists=0 path_locked=0 path_ttl_ok=0 path_safe=0 on_spline=0 speed=0.00 raw_wpnts=0 raw_age=-s decision=TRAILING reason=NO_STATIC_PATH
1786787082.278 [OBSTACLES] cur_s=6.70 cur_d=3.21 vs=0.00 n=1 [id=1 static=1 gap=14.07m d=0.75 size=0.33]
1786787082.281 [STATIC_OT] state=TRAILING path_exists=0 path_locked=0 path_ttl_ok=0 path_safe=0 on_spline=0 speed=0.00 raw_wpnts=0 raw_age=-s decision=TRAILING reason=NO_STATIC_PATH
1786787082.496 [STATIC_OT] state=TRAILING path_exists=0 path_locked=0 path_ttl_ok=0 path_safe=0 on_spline=0 speed=0.00 raw_wpnts=0 raw_age=-s decision=TRAILING reason=NO_STATIC_PATH
1786787082.725 [STATIC_OT] state=TRAILING path_exists=0 path_locked=0 path_ttl_ok=0 path_safe=0 on_spline=0 speed=0.00 raw_wpnts=0 raw_age=-s decision=TRAILING reason=NO_STATIC_PATH
1786787082.833 [OBSTACLES] cur_s=6.70 cur_d=3.21 vs=0.00 n=1 [id=1 static=1 gap=14.07m d=0.75 size=0.34]
1786787082.976 [STATIC_OT] state=TRAILING path_exists=0 path_locked=0 path_ttl_ok=0 path_safe=0 on_spline=0 speed=0.00 raw_wpnts=0 raw_age=-s decision=TRAILING reason=NO_STATIC_PATH
1786787083.188 [STATIC_OT] state=TRAILING path_exists=0 path_locked=0 path_ttl_ok=0 path_safe=0 on_spline=0 speed=0.00 raw_wpnts=0 raw_age=-s decision=TRAILING reason=NO_STATIC_PATH
1786787083.456 [OBSTACLES] cur_s=6.70 cur_d=3.21 vs=0.00 n=1 [id=1 static=1 gap=14.08m d=0.75 size=0.32]
1786787083.458 [STATIC_OT] state=TRAILING path_exists=0 path_locked=0 path_ttl_ok=0 path_safe=0 on_spline=0 speed=0.00 raw_wpnts=0 raw_age=-s decision=TRAILING reason=NO_STATIC_PATH
1786787083.669 [STATIC_OT] state=TRAILING path_exists=0 path_locked=0 path_ttl_ok=0 path_safe=0 on_spline=0 speed=0.00 raw_wpnts=0 raw_age=-s decision=TRAILING reason=NO_STATIC_PATH
1786787083.899 [STATIC_OT] state=TRAILING path_exists=0 path_locked=0 path_ttl_ok=0 path_safe=0 on_spline=0 speed=0.00 raw_wpnts=0 raw_age=-s decision=TRAILING reason=NO_STATIC_PATH
1786787083.961 [OBSTACLES] cur_s=6.70 cur_d=3.20 vs=0.00 n=1 [id=1 static=1 gap=14.09m d=0.75 size=0.31]
1786787084.106 [STATIC_OT] state=TRAILING path_exists=0 path_locked=0 path_ttl_ok=0 path_safe=0 on_spline=0 speed=0.00 raw_wpnts=0 raw_age=-s decision=TRAILING reason=NO_STATIC_PATH
1786787084.329 [STATIC_OT] state=TRAILING path_exists=0 path_locked=0 path_ttl_ok=0 path_safe=0 on_spline=0 speed=0.00 raw_wpnts=0 raw_age=-s decision=TRAILING reason=NO_STATIC_PATH
1786787084.464 [OBSTACLES] cur_s=6.70 cur_d=3.20 vs=0.00 n=1 [id=1 static=1 gap=14.07m d=0.75 size=0.34]
1786787084.551 [STATIC_OT] state=TRAILING path_exists=0 path_locked=0 path_ttl_ok=0 path_safe=0 on_spline=0 speed=0.00 raw_wpnts=0 raw_age=-s decision=TRAILING reason=NO_STATIC_PATH
1786787084.766 [STATIC_OT] state=TRAILING path_exists=0 path_locked=0 path_ttl_ok=0 path_safe=0 on_spline=0 speed=0.00 raw_wpnts=0 raw_age=-s decision=TRAILING reason=NO_STATIC_PATH
1786787084.998 [OBSTACLES] cur_s=6.71 cur_d=3.21 vs=0.00 n=1 [id=1 static=1 gap=14.07m d=0.75 size=0.33]
1786787085.001 [STATIC_OT] state=TRAILING path_exists=0 path_locked=0 path_ttl_ok=0 path_safe=0 on_spline=0 speed=0.00 raw_wpnts=0 raw_age=-s decision=TRAILING reason=NO_STATIC_PATH
1786787085.213 [STATIC_OT] state=TRAILING path_exists=0 path_locked=0 path_ttl_ok=0 path_safe=0 on_spline=0 speed=0.00 raw_wpnts=0 raw_age=-s decision=TRAILING reason=NO_STATIC_PATH
1786787085.469 [STATIC_OT] state=TRAILING path_exists=0 path_locked=0 path_ttl_ok=0 path_safe=0 on_spline=0 speed=0.00 raw_wpnts=0 raw_age=-s decision=TRAILING reason=NO_STATIC_PATH
1786787085.543 [OBSTACLES] cur_s=6.70 cur_d=3.21 vs=0.00 n=1 [id=1 static=1 gap=14.08m d=0.75 size=0.33]
1786787085.702 [STATIC_OT] state=TRAILING path_exists=0 path_locked=0 path_ttl_ok=0 path_safe=0 on_spline=0 speed=0.00 raw_wpnts=0 raw_age=-s decision=TRAILING reason=NO_STATIC_PATH
1786787085.963 [STATIC_OT] state=TRAILING path_exists=0 path_locked=0 path_ttl_ok=0 path_safe=0 on_spline=0 speed=0.00 raw_wpnts=0 raw_age=-s decision=TRAILING reason=NO_STATIC_PATH
1786787086.056 [OBSTACLES] cur_s=6.70 cur_d=3.21 vs=0.00 n=1 [id=1 static=1 gap=14.08m d=0.75 size=0.33]
1786787086.177 [STATIC_OT] state=TRAILING path_exists=0 path_locked=0 path_ttl_ok=0 path_safe=0 on_spline=0 speed=0.00 raw_wpnts=0 raw_age=-s decision=TRAILING reason=NO_STATIC_PATH
1786787086.460 [STATIC_OT] state=TRAILING path_exists=0 path_locked=0 path_ttl_ok=0 path_safe=0 on_spline=0 speed=0.00 raw_wpnts=0 raw_age=-s decision=TRAILING reason=NO_STATIC_PATH
1786787086.625 [OBSTACLES] cur_s=6.70 cur_d=3.21 vs=0.00 n=1 [id=1 static=1 gap=14.08m d=0.75 size=0.33]
1786787086.684 [STATIC_OT] state=TRAILING path_exists=0 path_locked=0 path_ttl_ok=0 path_safe=0 on_spline=0 speed=0.00 raw_wpnts=0 raw_age=-s decision=TRAILING reason=NO_STATIC_PATH
1786787086.908 [STATIC_OT] state=TRAILING path_exists=0 path_locked=0 path_ttl_ok=0 path_safe=0 on_spline=0 speed=0.00 raw_wpnts=0 raw_age=-s decision=TRAILING reason=NO_STATIC_PATH
1786787087.110 [STATIC_OT] state=TRAILING path_exists=0 path_locked=0 path_ttl_ok=0 path_safe=0 on_spline=0 speed=0.00 raw_wpnts=0 raw_age=-s decision=TRAILING reason=NO_STATIC_PATH
1786787087.127 [OBSTACLES] cur_s=6.70 cur_d=3.21 vs=0.00 n=1 [id=1 static=1 gap=14.07m d=0.75 size=0.35]
1786787087.365 [STATIC_OT] state=TRAILING path_exists=0 path_locked=0 path_ttl_ok=0 path_safe=0 on_spline=0 speed=0.00 raw_wpnts=0 raw_age=-s decision=TRAILING reason=NO_STATIC_PATH
1786787087.619 [STATIC_OT] state=TRAILING path_exists=0 path_locked=0 path_ttl_ok=0 path_safe=0 on_spline=0 speed=0.00 raw_wpnts=0 raw_age=-s decision=TRAILING reason=NO_STATIC_PATH
1786787087.676 [OBSTACLES] cur_s=6.70 cur_d=3.21 vs=0.00 n=1 [id=1 static=1 gap=14.08m d=0.75 size=0.33]
1786787087.865 [STATIC_OT] state=TRAILING path_exists=0 path_locked=0 path_ttl_ok=0 path_safe=0 on_spline=0 speed=0.00 raw_wpnts=0 raw_age=-s decision=TRAILING reason=NO_STATIC_PATH
1786787088.099 [STATIC_OT] state=TRAILING path_exists=0 path_locked=0 path_ttl_ok=0 path_safe=0 on_spline=0 speed=0.00 raw_wpnts=0 raw_age=-s decision=TRAILING reason=NO_STATIC_PATH
1786787088.233 [OBSTACLES] cur_s=6.70 cur_d=3.21 vs=0.00 n=1 [id=1 static=1 gap=14.07m d=0.75 size=0.35]
1786787088.325 [STATIC_OT] state=TRAILING path_exists=0 path_locked=0 path_ttl_ok=0 path_safe=0 on_spline=0 speed=0.00 raw_wpnts=0 raw_age=-s decision=TRAILING reason=NO_STATIC_PATH
1786787088.604 [STATIC_OT] state=TRAILING path_exists=0 path_locked=0 path_ttl_ok=0 path_safe=0 on_spline=0 speed=0.00 raw_wpnts=0 raw_age=-s decision=TRAILING reason=NO_STATIC_PATH
1786787088.766 [OBSTACLES] cur_s=6.70 cur_d=3.20 vs=0.00 n=1 [id=1 static=1 gap=14.08m d=0.75 size=0.33]
1786787088.837 [STATIC_OT] state=TRAILING path_exists=0 path_locked=0 path_ttl_ok=0 path_safe=0 on_spline=0 speed=0.00 raw_wpnts=0 raw_age=-s decision=TRAILING reason=NO_STATIC_PATH
1786787089.076 [STATIC_OT] state=TRAILING path_exists=0 path_locked=0 path_ttl_ok=0 path_safe=0 on_spline=0 speed=0.00 raw_wpnts=0 raw_age=-s decision=TRAILING reason=NO_STATIC_PATH
1786787089.329 [OBSTACLES] cur_s=6.69 cur_d=3.21 vs=0.00 n=1 [id=1 static=1 gap=14.07m d=0.75 size=0.34]
1786787089.331 [STATIC_OT] state=TRAILING path_exists=0 path_locked=0 path_ttl_ok=0 path_safe=0 on_spline=0 speed=0.00 raw_wpnts=0 raw_age=-s decision=TRAILING reason=NO_STATIC_PATH
1786787089.578 [STATIC_OT] state=TRAILING path_exists=0 path_locked=0 path_ttl_ok=0 path_safe=0 on_spline=0 speed=0.00 raw_wpnts=0 raw_age=-s decision=TRAILING reason=NO_STATIC_PATH
1786787089.802 [STATIC_OT] state=TRAILING path_exists=0 path_locked=0 path_ttl_ok=0 path_safe=0 on_spline=0 speed=0.00 raw_wpnts=0 raw_age=-s decision=TRAILING reason=NO_STATIC_PATH
1786787089.836 [OBSTACLES] cur_s=6.70 cur_d=3.21 vs=0.00 n=1 [id=1 static=1 gap=14.07m d=0.75 size=0.33]
1786787090.034 [STATIC_OT] state=TRAILING path_exists=0 path_locked=0 path_ttl_ok=0 path_safe=0 on_spline=0 speed=0.00 raw_wpnts=0 raw_age=-s decision=TRAILING reason=NO_STATIC_PATH
1786787090.261 [STATIC_OT] state=TRAILING path_exists=0 path_locked=0 path_ttl_ok=0 path_safe=0 on_spline=0 speed=0.00 raw_wpnts=0 raw_age=-s decision=TRAILING reason=NO_STATIC_PATH
1786787090.354 [OBSTACLES] cur_s=6.71 cur_d=3.21 vs=0.00 n=1 [id=1 static=1 gap=14.06m d=0.75 size=0.35]
1786787090.506 [STATIC_OT] state=TRAILING path_exists=0 path_locked=0 path_ttl_ok=0 path_safe=0 on_spline=0 speed=0.00 raw_wpnts=0 raw_age=-s decision=TRAILING reason=NO_STATIC_PATH
1786787090.710 [STATIC_OT] state=TRAILING path_exists=0 path_locked=0 path_ttl_ok=0 path_safe=0 on_spline=0 speed=0.00 raw_wpnts=0 raw_age=-s decision=TRAILING reason=NO_STATIC_PATH
1786787090.859 [OBSTACLES] cur_s=6.71 cur_d=3.22 vs=0.00 n=1 [id=1 static=1 gap=14.06m d=0.75 size=0.35]
1786787090.923 [STATIC_OT] state=TRAILING path_exists=0 path_locked=0 path_ttl_ok=0 path_safe=0 on_spline=0 speed=0.00 raw_wpnts=0 raw_age=-s decision=TRAILING reason=NO_STATIC_PATH
1786787091.132 [STATIC_OT] state=TRAILING path_exists=0 path_locked=0 path_ttl_ok=0 path_safe=0 on_spline=0 speed=0.00 raw_wpnts=0 raw_age=-s decision=TRAILING reason=NO_STATIC_PATH
1786787091.337 [STATIC_OT] state=TRAILING path_exists=0 path_locked=0 path_ttl_ok=0 path_safe=0 on_spline=0 speed=0.00 raw_wpnts=0 raw_age=-s decision=TRAILING reason=NO_STATIC_PATH
1786787091.418 [OBSTACLES] cur_s=6.71 cur_d=3.22 vs=0.00 n=1 [id=1 static=1 gap=14.06m d=0.75 size=0.34]
1786787091.557 [STATIC_OT] state=TRAILING path_exists=0 path_locked=0 path_ttl_ok=0 path_safe=0 on_spline=0 speed=0.00 raw_wpnts=0 raw_age=-s decision=TRAILING reason=NO_STATIC_PATH
1786787091.774 [STATIC_OT] state=TRAILING path_exists=0 path_locked=0 path_ttl_ok=0 path_safe=0 on_spline=0 speed=0.00 raw_wpnts=0 raw_age=-s decision=TRAILING reason=NO_STATIC_PATH
1786787091.955 [OBSTACLES] cur_s=6.71 cur_d=3.21 vs=0.00 n=1 [id=1 static=1 gap=14.07m d=0.75 size=0.33]
1786787092.056 [STATIC_OT] state=TRAILING path_exists=0 path_locked=0 path_ttl_ok=0 path_safe=0 on_spline=0 speed=0.00 raw_wpnts=0 raw_age=-s decision=TRAILING reason=NO_STATIC_PATH
1786787092.256 [STATIC_OT] state=TRAILING path_exists=0 path_locked=0 path_ttl_ok=0 path_safe=0 on_spline=0 speed=0.00 raw_wpnts=0 raw_age=-s decision=TRAILING reason=NO_STATIC_PATH
1786787092.497 [OBSTACLES] cur_s=6.65 cur_d=3.22 vs=0.00 n=1 [id=1 static=1 gap=14.12m d=0.75 size=0.34]
1786787092.500 [STATIC_OT] state=TRAILING path_exists=0 path_locked=0 path_ttl_ok=0 path_safe=0 on_spline=0 speed=0.00 raw_wpnts=0 raw_age=-s decision=TRAILING reason=NO_STATIC_PATH
1786787092.734 [STATIC_OT] state=TRAILING path_exists=0 path_locked=0 path_ttl_ok=0 path_safe=0 on_spline=0 speed=0.00 raw_wpnts=0 raw_age=-s decision=TRAILING reason=NO_STATIC_PATH
1786787092.903 [STATE_CHANGE] TRAILING -> LOSTLINE src=GB_TRACK s=21.81 d=3.30 vs=0.00
1786787093.048 [OBSTACLES] cur_s=21.77 cur_d=3.28 vs=0.00 n=0 [none]
1786787093.167 [STATIC_OT] state=GB_TRACK path_exists=0 path_locked=0 path_ttl_ok=0 path_safe=0 on_spline=0 speed=0.00 raw_wpnts=0 raw_age=-s decision=TRAILING reason=NO_STATIC_PATH
1786787093.168 [STATE_CHANGE] LOSTLINE -> TRAILING src=GB_TRACK s=6.59 d=3.30 vs=0.00
1786787093.424 [STATIC_OT] state=TRAILING path_exists=0 path_locked=0 path_ttl_ok=0 path_safe=0 on_spline=0 speed=0.00 raw_wpnts=0 raw_age=-s decision=TRAILING reason=NO_STATIC_PATH
1786787093.525 [STATE_CHANGE] TRAILING -> LOSTLINE src=GB_TRACK s=6.58 d=3.24 vs=0.00
1786787093.587 [OBSTACLES] cur_s=6.58 cur_d=3.28 vs=0.00 n=0 [none]
1786787094.231 [OBSTACLES] cur_s=21.10 cur_d=2.20 vs=0.00 n=1 [id=9 static=1 gap=1.24m d=-0.03 size=0.37]
1786787094.233 [STATIC_OT] state=GB_TRACK path_exists=0 path_locked=0 path_ttl_ok=0 path_safe=0 on_spline=0 speed=0.00 raw_wpnts=0 raw_age=-s decision=TRAILING reason=NO_STATIC_PATH
1786787094.237 [STATE_CHANGE] LOSTLINE -> TRAILING src=GB_TRACK s=21.10 d=2.20 vs=0.00
1786787094.450 [STATIC_OT] state=TRAILING path_exists=0 path_locked=0 path_ttl_ok=0 path_safe=0 on_spline=0 speed=0.00 raw_wpnts=0 raw_age=-s decision=TRAILING reason=NO_STATIC_PATH
1786787094.688 [STATIC_OT] state=TRAILING path_exists=0 path_locked=0 path_ttl_ok=0 path_safe=0 on_spline=0 speed=0.00 raw_wpnts=0 raw_age=-s decision=TRAILING reason=NO_STATIC_PATH
1786787094.778 [OBSTACLES] cur_s=20.98 cur_d=2.23 vs=0.00 n=1 [id=9 static=1 gap=1.51m d=0.00 size=0.24]
1786787094.911 [STATIC_OT] state=TRAILING path_exists=0 path_locked=0 path_ttl_ok=0 path_safe=0 on_spline=0 speed=0.00 raw_wpnts=0 raw_age=-s decision=TRAILING reason=NO_STATIC_PATH
1786787095.087 [STATE_CHANGE] TRAILING -> LOSTLINE src=GB_TRACK s=21.06 d=2.17 vs=0.00
1786787095.359 [OBSTACLES] cur_s=20.94 cur_d=1.74 vs=-0.00 n=0 [none]
1786787095.879 [OBSTACLES] cur_s=21.12 cur_d=1.25 vs=-0.00 n=0 [none]
1786787096.427 [OBSTACLES] cur_s=20.94 cur_d=1.08 vs=-0.00 n=0 [none]
1786787096.967 [OBSTACLES] cur_s=21.48 cur_d=1.21 vs=-0.00 n=0 [none]
1786787097.511 [OBSTACLES] cur_s=21.84 cur_d=1.16 vs=-0.00 n=0 [none]
1786787098.063 [OBSTACLES] cur_s=21.85 cur_d=1.18 vs=-0.00 n=0 [none]
1786787098.619 [OBSTACLES] cur_s=21.24 cur_d=1.07 vs=-0.00 n=0 [none]
1786787098.698 [STATIC_OT] state=GB_TRACK path_exists=0 path_locked=0 path_ttl_ok=0 path_safe=0 on_spline=0 speed=-0.00 raw_wpnts=0 raw_age=-s decision=TRAILING reason=NO_STATIC_PATH
1786787098.699 [STATE_CHANGE] LOSTLINE -> TRAILING src=GB_TRACK s=21.12 d=1.10 vs=-0.00
1786787098.937 [STATIC_OT] state=TRAILING path_exists=0 path_locked=0 path_ttl_ok=0 path_safe=0 on_spline=0 speed=0.00 raw_wpnts=0 raw_age=-s decision=TRAILING reason=NO_STATIC_PATH
1786787099.122 [OBSTACLES] cur_s=20.85 cur_d=1.31 vs=0.00 n=1 [id=23 static=1 gap=0.21m d=0.78 size=0.18]
1786787099.208 [STATIC_OT] state=TRAILING path_exists=0 path_locked=0 path_ttl_ok=0 path_safe=0 on_spline=0 speed=0.00 raw_wpnts=0 raw_age=-s decision=TRAILING reason=NO_STATIC_PATH
1786787099.290 [STATE_CHANGE] TRAILING -> LOSTLINE src=GB_TRACK s=20.81 d=1.34 vs=0.00
1786787099.719 [OBSTACLES] cur_s=21.67 cur_d=0.40 vs=-0.00 n=0 [none]
1786787100.238 [OBSTACLES] cur_s=22.76 cur_d=0.35 vs=-0.00 n=0 [none]
1786787100.239 [STATE_CHANGE] LOSTLINE -> RECOVERY src=RECOVERY s=22.76 d=0.35 vs=-0.00
1786787100.800 [OBSTACLES] cur_s=22.77 cur_d=0.35 vs=-0.00 n=0 [none]
1786787101.394 [OBSTACLES] cur_s=22.77 cur_d=0.36 vs=-0.00 n=0 [none]
1786787101.920 [OBSTACLES] cur_s=22.76 cur_d=0.36 vs=-0.00 n=0 [none]
1786787102.479 [OBSTACLES] cur_s=22.76 cur_d=0.36 vs=-0.00 n=0 [none]
1786787103.018 [OBSTACLES] cur_s=22.76 cur_d=0.36 vs=-0.00 n=0 [none]
1786787103.553 [OBSTACLES] cur_s=22.76 cur_d=0.36 vs=-0.00 n=0 [none]
1786787104.089 [OBSTACLES] cur_s=22.76 cur_d=0.36 vs=-0.00 n=0 [none]
1786787104.675 [OBSTACLES] cur_s=22.77 cur_d=0.36 vs=-0.00 n=0 [none]
1786787105.238 [OBSTACLES] cur_s=22.76 cur_d=0.36 vs=-0.00 n=0 [none]
1786787105.803 [OBSTACLES] cur_s=22.76 cur_d=0.36 vs=-0.00 n=0 [none]
1786787106.306 [OBSTACLES] cur_s=22.76 cur_d=0.36 vs=-0.00 n=0 [none]
1786787106.817 [OBSTACLES] cur_s=22.76 cur_d=0.36 vs=-0.00 n=0 [none]
1786787107.328 [OBSTACLES] cur_s=22.76 cur_d=0.36 vs=-0.00 n=0 [none]
1786787107.874 [OBSTACLES] cur_s=22.76 cur_d=0.36 vs=-0.00 n=0 [none]
1786787108.377 [OBSTACLES] cur_s=22.76 cur_d=0.36 vs=-0.00 n=0 [none]
1786787108.907 [OBSTACLES] cur_s=22.75 cur_d=0.36 vs=-0.00 n=0 [none]
1786787109.429 [OBSTACLES] cur_s=22.76 cur_d=0.36 vs=-0.00 n=0 [none]
1786787109.990 [OBSTACLES] cur_s=22.76 cur_d=0.36 vs=-0.00 n=0 [none]
1786787110.256 [STATE_CHANGE] RECOVERY -> LOSTLINE src=GB_TRACK s=22.76 d=0.36 vs=-0.00
1786787110.375 [STATE_CHANGE] LOSTLINE -> RECOVERY src=RECOVERY s=22.76 d=0.36 vs=-0.00
1786787110.587 [OBSTACLES] cur_s=22.77 cur_d=0.36 vs=-0.00 n=0 [none]
1786787111.113 [OBSTACLES] cur_s=22.76 cur_d=0.36 vs=-0.00 n=0 [none]
1786787111.617 [OBSTACLES] cur_s=22.76 cur_d=0.36 vs=-0.00 n=0 [none]
1786787112.148 [OBSTACLES] cur_s=22.76 cur_d=0.36 vs=-0.00 n=0 [none]
1786787112.693 [OBSTACLES] cur_s=22.76 cur_d=0.36 vs=-0.00 n=0 [none]
1786787113.211 [OBSTACLES] cur_s=22.76 cur_d=0.36 vs=-0.00 n=0 [none]
1786787113.954 [OBSTACLES] cur_s=22.76 cur_d=0.36 vs=-0.00 n=0 [none]
1786787114.542 [OBSTACLES] cur_s=22.76 cur_d=0.36 vs=-0.00 n=0 [none]
1786787115.113 [OBSTACLES] cur_s=22.75 cur_d=0.36 vs=-0.00 n=0 [none]
1786787115.649 [OBSTACLES] cur_s=22.76 cur_d=0.36 vs=-0.00 n=0 [none]
1786787116.152 [OBSTACLES] cur_s=22.76 cur_d=0.36 vs=-0.00 n=0 [none]
1786787116.690 [OBSTACLES] cur_s=22.76 cur_d=0.36 vs=-0.00 n=0 [none]
1786787117.200 [OBSTACLES] cur_s=22.76 cur_d=0.36 vs=-0.00 n=0 [none]
1786787117.756 [OBSTACLES] cur_s=22.76 cur_d=0.36 vs=-0.00 n=0 [none]
1786787118.293 [OBSTACLES] cur_s=22.77 cur_d=0.36 vs=-0.00 n=0 [none]
1786787118.813 [OBSTACLES] cur_s=22.76 cur_d=0.36 vs=-0.00 n=0 [none]
1786787119.326 [OBSTACLES] cur_s=22.76 cur_d=0.36 vs=-0.00 n=0 [none]
1786787119.867 [OBSTACLES] cur_s=22.77 cur_d=0.36 vs=-0.00 n=0 [none]
1786787120.363 [STATE_CHANGE] RECOVERY -> LOSTLINE src=GB_TRACK s=22.75 d=0.36 vs=-0.00
1786787120.404 [OBSTACLES] cur_s=22.76 cur_d=0.36 vs=-0.00 n=0 [none]
1786787120.642 [STATE_CHANGE] LOSTLINE -> RECOVERY src=RECOVERY s=22.76 d=0.36 vs=-0.00
1786787120.921 [OBSTACLES] cur_s=22.77 cur_d=0.36 vs=-0.00 n=0 [none]
1786787121.459 [OBSTACLES] cur_s=22.76 cur_d=0.36 vs=-0.00 n=0 [none]
1786787121.967 [OBSTACLES] cur_s=22.75 cur_d=0.36 vs=-0.00 n=0 [none]
1786787122.494 [OBSTACLES] cur_s=22.77 cur_d=0.36 vs=-0.00 n=0 [none]
1786787123.087 [OBSTACLES] cur_s=22.76 cur_d=0.36 vs=-0.00 n=0 [none]
1786787123.610 [OBSTACLES] cur_s=22.76 cur_d=0.36 vs=-0.00 n=0 [none]
1786787124.165 [OBSTACLES] cur_s=22.76 cur_d=0.36 vs=-0.00 n=0 [none]
1786787124.772 [OBSTACLES] cur_s=22.76 cur_d=0.36 vs=-0.00 n=0 [none]
1786787125.280 [OBSTACLES] cur_s=22.76 cur_d=0.36 vs=-0.00 n=0 [none]
1786787125.855 [OBSTACLES] cur_s=22.76 cur_d=0.36 vs=-0.00 n=0 [none]
1786787126.374 [OBSTACLES] cur_s=22.76 cur_d=0.36 vs=-0.00 n=0 [none]
1786787126.885 [OBSTACLES] cur_s=22.76 cur_d=0.36 vs=-0.00 n=0 [none]
1786787127.422 [OBSTACLES] cur_s=22.76 cur_d=0.36 vs=-0.00 n=0 [none]
1786787127.934 [OBSTACLES] cur_s=22.77 cur_d=0.36 vs=-0.00 n=0 [none]
1786787128.451 [OBSTACLES] cur_s=22.76 cur_d=0.36 vs=-0.00 n=0 [none]
1786787128.984 [OBSTACLES] cur_s=22.76 cur_d=0.36 vs=-0.00 n=0 [none]
1786787129.641 [OBSTACLES] cur_s=22.76 cur_d=0.36 vs=-0.00 n=0 [none]
1786787130.155 [OBSTACLES] cur_s=22.76 cur_d=0.36 vs=-0.00 n=0 [none]
1786787130.574 [STATE_CHANGE] RECOVERY -> LOSTLINE src=GB_TRACK s=22.76 d=0.36 vs=-0.00
1786787130.708 [OBSTACLES] cur_s=22.76 cur_d=0.36 vs=-0.00 n=0 [none]
1786787130.709 [STATE_CHANGE] LOSTLINE -> RECOVERY src=RECOVERY s=22.76 d=0.36 vs=-0.00
1786787131.216 [OBSTACLES] cur_s=22.76 cur_d=0.36 vs=-0.00 n=0 [none]
1786787131.762 [OBSTACLES] cur_s=22.76 cur_d=0.36 vs=-0.00 n=0 [none]
1786787132.274 [OBSTACLES] cur_s=22.76 cur_d=0.36 vs=-0.00 n=0 [none]
1786787132.776 [OBSTACLES] cur_s=22.76 cur_d=0.36 vs=-0.00 n=0 [none]
1786787133.301 [OBSTACLES] cur_s=22.77 cur_d=0.36 vs=-0.00 n=0 [none]
1786787133.864 [OBSTACLES] cur_s=22.76 cur_d=0.36 vs=-0.00 n=0 [none]
1786787134.373 [OBSTACLES] cur_s=22.76 cur_d=0.36 vs=-0.00 n=0 [none]
1786787134.897 [OBSTACLES] cur_s=22.76 cur_d=0.36 vs=-0.00 n=0 [none]
1786787135.397 [OBSTACLES] cur_s=22.76 cur_d=0.36 vs=-0.00 n=0 [none]
1786787135.916 [OBSTACLES] cur_s=22.76 cur_d=0.36 vs=-0.00 n=0 [none]
1786787136.435 [OBSTACLES] cur_s=22.76 cur_d=0.36 vs=-0.00 n=0 [none]
1786787136.973 [OBSTACLES] cur_s=22.76 cur_d=0.36 vs=-0.00 n=0 [none]
1786787137.540 [OBSTACLES] cur_s=22.76 cur_d=0.36 vs=-0.00 n=0 [none]
1786787138.053 [OBSTACLES] cur_s=22.76 cur_d=0.36 vs=-0.00 n=0 [none]
1786787138.576 [OBSTACLES] cur_s=22.76 cur_d=0.36 vs=-0.00 n=0 [none]
1786787139.092 [OBSTACLES] cur_s=22.76 cur_d=0.36 vs=-0.00 n=0 [none]
1786787139.607 [OBSTACLES] cur_s=22.76 cur_d=0.36 vs=-0.00 n=0 [none]
1786787140.119 [OBSTACLES] cur_s=22.76 cur_d=0.36 vs=-0.00 n=0 [none]
1786787140.709 [OBSTACLES] cur_s=22.76 cur_d=0.36 vs=-0.00 n=0 [none]
1786787140.709 [STATE_CHANGE] RECOVERY -> LOSTLINE src=GB_TRACK s=22.76 d=0.36 vs=-0.00
1786787141.280 [OBSTACLES] cur_s=22.75 cur_d=0.36 vs=-0.00 n=0 [none]
1786787141.675 [STATE_CHANGE] LOSTLINE -> RECOVERY src=RECOVERY s=22.76 d=0.36 vs=-0.00
1786787141.810 [OBSTACLES] cur_s=22.76 cur_d=0.36 vs=-0.00 n=0 [none]
1786787142.359 [OBSTACLES] cur_s=22.76 cur_d=0.36 vs=-0.00 n=0 [none]
1786787142.894 [OBSTACLES] cur_s=22.76 cur_d=0.36 vs=-0.00 n=0 [none]
1786787143.427 [OBSTACLES] cur_s=22.76 cur_d=0.36 vs=-0.00 n=0 [none]
1786787143.945 [OBSTACLES] cur_s=22.76 cur_d=0.36 vs=-0.00 n=0 [none]
1786787144.454 [OBSTACLES] cur_s=22.77 cur_d=0.36 vs=-0.00 n=0 [none]
1786787144.987 [OBSTACLES] cur_s=22.77 cur_d=0.36 vs=-0.00 n=0 [none]
1786787145.514 [OBSTACLES] cur_s=22.76 cur_d=0.36 vs=-0.00 n=0 [none]
1786787146.029 [OBSTACLES] cur_s=22.76 cur_d=0.36 vs=-0.00 n=0 [none]
1786787146.545 [OBSTACLES] cur_s=22.76 cur_d=0.36 vs=-0.00 n=0 [none]
1786787147.056 [OBSTACLES] cur_s=22.76 cur_d=0.36 vs=-0.00 n=0 [none]
1786787147.605 [OBSTACLES] cur_s=22.76 cur_d=0.36 vs=-0.00 n=0 [none]
1786787148.110 [OBSTACLES] cur_s=22.76 cur_d=0.36 vs=-0.00 n=0 [none]
1786787148.625 [OBSTACLES] cur_s=22.76 cur_d=0.36 vs=-0.00 n=0 [none]
1786787149.161 [OBSTACLES] cur_s=22.76 cur_d=0.36 vs=-0.00 n=0 [none]
1786787149.746 [OBSTACLES] cur_s=22.76 cur_d=0.36 vs=-0.00 n=0 [none]
1786787150.280 [OBSTACLES] cur_s=22.76 cur_d=0.36 vs=-0.00 n=0 [none]
1786787150.806 [OBSTACLES] cur_s=22.75 cur_d=0.36 vs=-0.00 n=0 [none]
1786787151.349 [OBSTACLES] cur_s=22.76 cur_d=0.36 vs=-0.00 n=0 [none]
1786787151.691 [STATE_CHANGE] RECOVERY -> LOSTLINE src=GB_TRACK s=22.77 d=0.36 vs=-0.00
1786787151.858 [OBSTACLES] cur_s=22.77 cur_d=0.36 vs=-0.00 n=0 [none]
1786787152.307 [STATE_CHANGE] LOSTLINE -> RECOVERY src=RECOVERY s=22.76 d=0.36 vs=-0.00
1786787152.409 [OBSTACLES] cur_s=22.76 cur_d=0.36 vs=-0.00 n=0 [none]
1786787152.967 [OBSTACLES] cur_s=22.76 cur_d=0.36 vs=-0.00 n=0 [none]
1786787153.514 [OBSTACLES] cur_s=22.76 cur_d=0.36 vs=-0.00 n=0 [none]
1786787154.141 [OBSTACLES] cur_s=22.77 cur_d=0.36 vs=-0.00 n=0 [none]
1786787154.319 [STATE_CHANGE] RECOVERY -> LOSTLINE src=GB_TRACK s=5.14 d=0.21 vs=0.00
1786787154.445 [STATE_CHANGE] LOSTLINE -> GB_TRACK src=GB_TRACK s=5.30 d=-0.01 vs=0.00
1786787154.660 [OBSTACLES] cur_s=5.27 cur_d=0.10 vs=0.00 n=1 [id=37 static=0 gap=7.02m d=0.28 size=0.42]
1786787154.663 [STATIC_OT] state=GB_TRACK path_exists=0 path_locked=0 path_ttl_ok=0 path_safe=0 on_spline=0 speed=0.00 raw_wpnts=0 raw_age=-s decision=TRAILING reason=NO_STATIC_PATH
1786787154.663 [STATE_CHANGE] GB_TRACK -> TRAILING src=GB_TRACK s=5.27 d=0.10 vs=0.00
1786787154.810 [STATE_CHANGE] TRAILING -> LOSTLINE src=GB_TRACK s=5.24 d=0.14 vs=0.00
1786787154.858 [STATE_CHANGE] LOSTLINE -> TRAILING src=GB_TRACK s=5.24 d=0.15 vs=0.00
1786787154.917 [STATIC_OT] state=TRAILING path_exists=0 path_locked=0 path_ttl_ok=0 path_safe=0 on_spline=0 speed=0.00 raw_wpnts=0 raw_age=-s decision=TRAILING reason=NO_STATIC_PATH
1786787155.158 [STATIC_OT] state=TRAILING path_exists=0 path_locked=0 path_ttl_ok=0 path_safe=0 on_spline=0 speed=0.00 raw_wpnts=0 raw_age=-s decision=TRAILING reason=NO_STATIC_PATH
1786787155.193 [OBSTACLES] cur_s=5.22 cur_d=0.18 vs=0.00 n=1 [id=37 static=1 gap=7.13m d=0.26 size=0.33]
1786787155.463 [STATIC_OT] state=TRAILING path_exists=0 path_locked=0 path_ttl_ok=0 path_safe=0 on_spline=0 speed=0.00 raw_wpnts=0 raw_age=-s decision=TRAILING reason=NO_STATIC_PATH
1786787155.688 [STATIC_OT] state=TRAILING path_exists=0 path_locked=0 path_ttl_ok=0 path_safe=0 on_spline=0 speed=0.00 raw_wpnts=0 raw_age=-s decision=TRAILING reason=NO_STATIC_PATH
1786787155.729 [OBSTACLES] cur_s=5.28 cur_d=0.18 vs=0.00 n=1 [id=37 static=1 gap=7.05m d=0.25 size=0.41]
1786787155.956 [STATIC_OT] state=TRAILING path_exists=0 path_locked=0 path_ttl_ok=0 path_safe=0 on_spline=0 speed=0.00 raw_wpnts=0 raw_age=-s decision=TRAILING reason=NO_STATIC_PATH
1786787156.072 [STATE_CHANGE] TRAILING -> RECOVERY src=RECOVERY s=5.29 d=0.19 vs=0.00
1786787156.264 [OBSTACLES] cur_s=5.30 cur_d=0.19 vs=0.00 n=0 [none]
1786787156.769 [OBSTACLES] cur_s=5.29 cur_d=0.19 vs=0.00 n=0 [none]
1786787157.273 [OBSTACLES] cur_s=5.30 cur_d=0.19 vs=0.00 n=0 [none]
1786787157.672 [STATE_CHANGE] RECOVERY -> LOSTLINE src=GB_TRACK s=13.43 d=2.42 vs=0.00
1786787157.799 [OBSTACLES] cur_s=13.43 cur_d=2.42 vs=0.00 n=0 [none]
1786787158.307 [OBSTACLES] cur_s=7.44 cur_d=2.12 vs=0.00 n=0 [none]
1786787158.824 [OBSTACLES] cur_s=7.41 cur_d=2.07 vs=0.00 n=0 [none]
1786787159.359 [OBSTACLES] cur_s=7.41 cur_d=2.06 vs=0.00 n=0 [none]
1786787159.889 [OBSTACLES] cur_s=7.41 cur_d=2.05 vs=0.00 n=0 [none]
1786787160.329 [STATE_CHANGE] LOSTLINE -> RECOVERY src=RECOVERY s=8.60 d=0.29 vs=-0.00
1786787160.400 [OBSTACLES] cur_s=8.73 cur_d=0.20 vs=-0.00 n=0 [none]
1786787160.926 [OBSTACLES] cur_s=8.74 cur_d=0.19 vs=-0.00 n=0 [none]
1786787161.507 [OBSTACLES] cur_s=8.75 cur_d=0.21 vs=-0.00 n=0 [none]
1786787162.024 [OBSTACLES] cur_s=8.75 cur_d=0.21 vs=-0.00 n=0 [none]
1786787162.559 [OBSTACLES] cur_s=8.76 cur_d=0.22 vs=-0.00 n=0 [none]
1786787162.929 [STATE_CHANGE] RECOVERY -> LOSTLINE src=GB_TRACK s=8.76 d=0.23 vs=-0.00
1786787163.014 [STATE_CHANGE] LOSTLINE -> GB_TRACK src=GB_TRACK s=7.30 d=0.26 vs=0.00
1786787163.097 [OBSTACLES] cur_s=7.16 cur_d=0.22 vs=0.00 n=0 [none]
1786787163.610 [OBSTACLES] cur_s=7.07 cur_d=0.21 vs=0.00 n=0 [none]
1786787164.111 [OBSTACLES] cur_s=7.08 cur_d=0.20 vs=0.00 n=0 [none]
1786787164.629 [OBSTACLES] cur_s=7.08 cur_d=0.21 vs=0.00 n=0 [none]
1786787165.147 [OBSTACLES] cur_s=7.08 cur_d=0.20 vs=0.00 n=0 [none]
1786787165.695 [OBSTACLES] cur_s=7.08 cur_d=0.20 vs=0.00 n=0 [none]
1786787166.212 [OBSTACLES] cur_s=7.12 cur_d=0.20 vs=0.47 n=0 [none]
1786787166.732 [OBSTACLES] cur_s=7.36 cur_d=0.16 vs=1.34 n=0 [none]
1786787167.233 [OBSTACLES] cur_s=8.78 cur_d=-0.02 vs=3.39 n=0 [none]
1786787167.787 [OBSTACLES] cur_s=10.29 cur_d=0.09 vs=2.85 n=0 [none]
1786787168.301 [OBSTACLES] cur_s=11.63 cur_d=0.11 vs=2.43 n=0 [none]
1786787168.735 [STATE_CHANGE] GB_TRACK -> LOSTLINE src=GB_TRACK s=13.02 d=0.35 vs=3.12
1786787168.804 [OBSTACLES] cur_s=13.21 cur_d=0.40 vs=3.25 n=0 [none]
1786787169.273 [STATE_CHANGE] LOSTLINE -> GB_TRACK src=GB_TRACK s=14.54 d=0.21 vs=2.43
1786787169.304 [OBSTACLES] cur_s=14.64 cur_d=0.13 vs=2.38 n=0 [none]
1786787169.597 [STATE_CHANGE] GB_TRACK -> LOSTLINE src=GB_TRACK s=15.24 d=-0.30 vs=2.20
1786787169.815 [OBSTACLES] cur_s=15.69 cur_d=-0.22 vs=2.29 n=0 [none]
1786787169.816 [STATE_CHANGE] LOSTLINE -> GB_TRACK src=GB_TRACK s=15.69 d=-0.22 vs=2.29
1786787170.213 [STATE_CHANGE] GB_TRACK -> LOSTLINE src=GB_TRACK s=16.49 d=0.29 vs=1.97
1786787170.331 [OBSTACLES] cur_s=16.66 cur_d=0.30 vs=2.13 n=0 [none]
1786787170.415 [STATE_CHANGE] LOSTLINE -> GB_TRACK src=GB_TRACK s=16.77 d=0.13 vs=2.36
1786787170.929 [OBSTACLES] cur_s=17.85 cur_d=-0.28 vs=2.62 n=0 [none]
1786787171.456 [OBSTACLES] cur_s=19.23 cur_d=0.18 vs=3.06 n=0 [none]
1786787171.531 [STATE_CHANGE] GB_TRACK -> LOSTLINE src=GB_TRACK s=19.60 d=0.32 vs=3.30
1786787171.593 [STATE_CHANGE] LOSTLINE -> RECOVERY src=RECOVERY s=19.94 d=0.35 vs=3.39
1786787171.929 [STATE_CHANGE] RECOVERY -> GB_TRACK src=GB_TRACK s=21.09 d=-0.00 vs=3.04
1786787172.014 [OBSTACLES] cur_s=21.56 cur_d=-0.21 vs=3.07 n=0 [none]
1786787172.538 [OBSTACLES] cur_s=22.74 cur_d=-0.01 vs=3.18 n=0 [none]
1786787173.046 [OBSTACLES] cur_s=24.67 cur_d=-0.00 vs=3.26 n=0 [none]
1786787173.591 [OBSTACLES] cur_s=26.30 cur_d=-0.11 vs=3.20 n=0 [none]
1786787173.862 [STATE_CHANGE] GB_TRACK -> RECOVERY src=RECOVERY s=27.34 d=0.32 vs=3.35
1786787174.111 [OBSTACLES] cur_s=28.21 cur_d=0.27 vs=3.04 n=0 [none]
1786787174.237 [STATE_CHANGE] RECOVERY -> GB_TRACK src=GB_TRACK s=28.62 d=0.02 vs=2.69
1786787174.618 [OBSTACLES] cur_s=29.35 cur_d=-0.19 vs=2.98 n=0 [none]
1786787175.048 [STATE_CHANGE] GB_TRACK -> LOSTLINE src=GB_TRACK s=30.33 d=0.31 vs=2.80
1786787175.133 [OBSTACLES] cur_s=30.62 cur_d=0.42 vs=2.95 n=0 [none]
1786787175.326 [STATE_CHANGE] LOSTLINE -> RECOVERY src=RECOVERY s=31.33 d=0.31 vs=3.07
1786787175.619 [STATE_CHANGE] RECOVERY -> GB_TRACK src=GB_TRACK s=31.92 d=-0.04 vs=2.40
1786787175.667 [OBSTACLES] cur_s=32.16 cur_d=-0.22 vs=2.36 n=0 [none]
1786787175.743 [STATE_CHANGE] GB_TRACK -> RECOVERY src=RECOVERY s=32.36 d=-0.31 vs=2.59
1786787176.183 [OBSTACLES] cur_s=33.37 cur_d=-0.09 vs=2.44 n=0 [none]
1786787176.208 [STATE_CHANGE] RECOVERY -> GB_TRACK src=GB_TRACK s=33.40 d=-0.05 vs=2.54
1786787176.470 [STATE_CHANGE] GB_TRACK -> RECOVERY src=RECOVERY s=33.98 d=0.30 vs=2.76
1786787176.703 [OBSTACLES] cur_s=0.11 cur_d=0.28 vs=3.07 n=0 [none]
1786787176.745 [STATE_CHANGE] RECOVERY -> LOSTLINE src=GB_TRACK s=0.36 d=0.22 vs=3.01
1786787176.770 [STATE_CHANGE] LOSTLINE -> GB_TRACK src=GB_TRACK s=0.41 d=0.20 vs=3.01
1786787177.086 [STATE_CHANGE] GB_TRACK -> LOSTLINE src=GB_TRACK s=1.14 d=-0.33 vs=3.12
1786787177.258 [OBSTACLES] cur_s=1.58 cur_d=-0.32 vs=3.28 n=0 [none]
1786787177.357 [STATE_CHANGE] LOSTLINE -> GB_TRACK src=GB_TRACK s=1.87 d=-0.19 vs=3.17
1786787177.674 [STATE_CHANGE] GB_TRACK -> LOSTLINE src=GB_TRACK s=3.25 d=0.31 vs=3.35
1786787177.772 [OBSTACLES] cur_s=3.62 cur_d=0.34 vs=3.41 n=0 [none]
1786787177.863 [STATE_CHANGE] LOSTLINE -> GB_TRACK src=GB_TRACK s=3.85 d=0.29 vs=3.38
1786787178.269 [STATE_CHANGE] GB_TRACK -> LOSTLINE src=GB_TRACK s=4.95 d=-0.31 vs=2.75
1786787178.318 [OBSTACLES] cur_s=5.21 cur_d=-0.40 vs=2.61 n=0 [none]
1786787178.825 [OBSTACLES] cur_s=6.83 cur_d=-0.81 vs=3.30 n=0 [none]
1786787179.352 [OBSTACLES] cur_s=9.20 cur_d=-1.02 vs=1.48 n=0 [none]
1786787179.877 [OBSTACLES] cur_s=9.05 cur_d=-0.49 vs=0.00 n=0 [none]
1786787180.077 [STATE_CHANGE] LOSTLINE -> GB_TRACK src=GB_TRACK s=9.10 d=-0.11 vs=0.07
1786787180.385 [OBSTACLES] cur_s=9.11 cur_d=-0.10 vs=0.06 n=0 [none]
1786787180.664 [STATE_CHANGE] GB_TRACK -> LOSTLINE src=GB_TRACK s=9.03 d=0.50 vs=0.00
1786787180.919 [OBSTACLES] cur_s=8.99 cur_d=0.51 vs=0.00 n=0 [none]
1786787181.353 [STATIC_OT] state=GB_TRACK path_exists=0 path_locked=0 path_ttl_ok=0 path_safe=0 on_spline=0 speed=0.00 raw_wpnts=0 raw_age=-s decision=TRAILING reason=NO_STATIC_PATH
1786787181.353 [STATE_CHANGE] LOSTLINE -> TRAILING src=GB_TRACK s=9.01 d=0.55 vs=0.00
1786787181.435 [OBSTACLES] cur_s=9.02 cur_d=0.55 vs=0.00 n=1 [id=47 static=1 gap=0.53m d=0.66 size=0.38]
1786787181.573 [STATIC_OT] state=TRAILING path_exists=0 path_locked=0 path_ttl_ok=0 path_safe=0 on_spline=0 speed=0.00 raw_wpnts=0 raw_age=-s decision=TRAILING reason=NO_STATIC_PATH
1786787181.783 [STATIC_OT] state=TRAILING path_exists=0 path_locked=0 path_ttl_ok=0 path_safe=0 on_spline=0 speed=0.00 raw_wpnts=0 raw_age=-s decision=TRAILING reason=NO_STATIC_PATH
1786787182.027 [OBSTACLES] cur_s=9.05 cur_d=0.51 vs=0.00 n=1 [id=47 static=1 gap=0.59m d=0.68 size=0.22]
1786787182.044 [STATIC_OT] state=TRAILING path_exists=0 path_locked=0 path_ttl_ok=0 path_safe=0 on_spline=0 speed=0.00 raw_wpnts=0 raw_age=-s decision=TRAILING reason=NO_STATIC_PATH
1786787182.296 [STATIC_OT] state=TRAILING path_exists=0 path_locked=0 path_ttl_ok=0 path_safe=0 on_spline=0 speed=0.00 raw_wpnts=0 raw_age=-s decision=TRAILING reason=NO_STATIC_PATH
1786787182.538 [STATIC_OT] state=TRAILING path_exists=0 path_locked=0 path_ttl_ok=0 path_safe=0 on_spline=0 speed=0.00 raw_wpnts=0 raw_age=-s decision=TRAILING reason=NO_STATIC_PATH
1786787182.639 [OBSTACLES] cur_s=9.00 cur_d=0.51 vs=0.00 n=0 [none]
1786787182.643 [STATE_CHANGE] TRAILING -> RECOVERY src=RECOVERY s=9.00 d=0.51 vs=0.00
1786787183.145 [OBSTACLES] cur_s=8.99 cur_d=0.51 vs=0.00 n=0 [none]
1786787183.697 [OBSTACLES] cur_s=8.99 cur_d=0.51 vs=0.00 n=0 [none]
1786787184.223 [OBSTACLES] cur_s=9.00 cur_d=0.51 vs=0.00 n=0 [none]
1786787184.744 [OBSTACLES] cur_s=8.99 cur_d=0.51 vs=0.00 n=0 [none]
1786787185.274 [OBSTACLES] cur_s=9.00 cur_d=0.51 vs=0.00 n=0 [none]
1786787185.868 [OBSTACLES] cur_s=8.99 cur_d=0.51 vs=0.00 n=0 [none]
1786787186.378 [OBSTACLES] cur_s=8.96 cur_d=0.54 vs=0.00 n=0 [none]
1786787186.882 [OBSTACLES] cur_s=8.92 cur_d=0.56 vs=0.00 n=0 [none]
1786787187.335 [STATE_CHANGE] RECOVERY -> LOSTLINE src=GB_TRACK s=8.92 d=0.56 vs=0.00
1786787187.490 [OBSTACLES] cur_s=6.94 cur_d=0.51 vs=0.00 n=0 [none]
1786787188.077 [OBSTACLES] cur_s=6.79 cur_d=0.71 vs=0.00 n=0 [none]
1786787188.175 [STATE_CHANGE] LOSTLINE -> RECOVERY src=RECOVERY s=6.79 d=0.71 vs=0.00
1786787188.607 [OBSTACLES] cur_s=6.79 cur_d=0.71 vs=0.00 n=0 [none]
1786787189.114 [OBSTACLES] cur_s=6.79 cur_d=0.71 vs=0.00 n=0 [none]
1786787189.623 [OBSTACLES] cur_s=6.79 cur_d=0.71 vs=0.00 n=0 [none]
1786787190.192 [OBSTACLES] cur_s=6.79 cur_d=0.71 vs=0.00 n=0 [none]
1786787190.699 [OBSTACLES] cur_s=6.79 cur_d=0.71 vs=0.00 n=0 [none]
1786787191.284 [OBSTACLES] cur_s=6.79 cur_d=0.71 vs=0.00 n=0 [none]
1786787191.809 [OBSTACLES] cur_s=6.79 cur_d=0.71 vs=0.00 n=0 [none]
1786787192.330 [OBSTACLES] cur_s=6.79 cur_d=0.71 vs=0.00 n=0 [none]
1786787192.885 [OBSTACLES] cur_s=6.79 cur_d=0.71 vs=0.00 n=0 [none]
1786787193.578 [OBSTACLES] cur_s=6.79 cur_d=0.71 vs=0.00 n=0 [none]
1786787194.101 [OBSTACLES] cur_s=6.80 cur_d=0.71 vs=0.00 n=0 [none]
1786787194.624 [OBSTACLES] cur_s=6.79 cur_d=0.71 vs=0.00 n=0 [none]
1786787195.128 [OBSTACLES] cur_s=6.79 cur_d=0.71 vs=0.00 n=0 [none]
1786787195.381 [STATIC_OT] state=RECOVERY path_exists=0 path_locked=0 path_ttl_ok=0 path_safe=0 on_spline=0 speed=0.00 raw_wpnts=0 raw_age=-s decision=TRAILING reason=NO_STATIC_PATH
1786787195.387 [STATE_CHANGE] RECOVERY -> TRAILING src=RECOVERY s=6.80 d=0.71 vs=0.00
1786787195.638 [OBSTACLES] cur_s=6.80 cur_d=0.71 vs=0.00 n=1 [id=50 static=1 gap=2.46m d=0.06 size=0.37]
1786787195.642 [STATIC_OT] state=TRAILING path_exists=0 path_locked=0 path_ttl_ok=0 path_safe=0 on_spline=0 speed=0.00 raw_wpnts=0 raw_age=-s decision=TRAILING reason=NO_STATIC_PATH
1786787195.853 [STATE_CHANGE] TRAILING -> RECOVERY src=RECOVERY s=6.80 d=0.72 vs=0.00
1786787196.099 [STATIC_OT] state=RECOVERY path_exists=1 path_locked=0 path_ttl_ok=1 path_safe=0 on_spline=1 speed=0.00 raw_wpnts=82 raw_age=0.52s decision=TRAILING reason=PATH_BLOCKED blocked_obs_id=51 gap=2.44m free_dist=-0.254m branch=static/geom
1786787196.104 [STATE_CHANGE] RECOVERY -> TRAILING src=RECOVERY s=6.80 d=0.72 vs=0.00
1786787196.224 [OBSTACLES] cur_s=6.80 cur_d=0.72 vs=0.00 n=1 [id=51 static=1 gap=2.22m d=0.60 size=0.43]
1786787196.359 [STATIC_OT] state=TRAILING path_exists=1 path_locked=0 path_ttl_ok=0 path_safe=0 on_spline=1 speed=0.00 raw_wpnts=0 raw_age=-s decision=TRAILING reason=NO_STATIC_PATH
1786787196.446 [STATE_CHANGE] TRAILING -> RECOVERY src=RECOVERY s=6.80 d=0.72 vs=0.00
1786787196.798 [OBSTACLES] cur_s=6.79 cur_d=0.72 vs=0.00 n=1 [id=52 static=1 gap=1.94m d=0.86 size=0.16]
1786787197.318 [OBSTACLES] cur_s=6.90 cur_d=0.71 vs=0.00 n=0 [none]
1786787197.880 [OBSTACLES] cur_s=6.90 cur_d=0.70 vs=0.00 n=0 [none]
1786787198.182 [STATE_CHANGE] RECOVERY -> LOSTLINE src=GB_TRACK s=6.90 d=0.70 vs=0.00
1786787198.441 [OBSTACLES] cur_s=6.90 cur_d=0.71 vs=0.00 n=0 [none]
1786787199.066 [OBSTACLES] cur_s=6.83 cur_d=0.71 vs=0.00 n=0 [none]
1786787199.659 [OBSTACLES] cur_s=6.82 cur_d=0.71 vs=0.00 n=0 [none]
1786787200.138 [STATE_CHANGE] LOSTLINE -> RECOVERY src=RECOVERY s=6.83 d=0.71 vs=0.00
1786787200.164 [OBSTACLES] cur_s=6.83 cur_d=0.71 vs=0.00 n=0 [none]
1786787200.683 [OBSTACLES] cur_s=6.82 cur_d=0.71 vs=0.00 n=0 [none]
1786787201.233 [OBSTACLES] cur_s=6.82 cur_d=0.71 vs=0.00 n=0 [none]
1786787201.750 [OBSTACLES] cur_s=6.83 cur_d=0.71 vs=0.00 n=0 [none]
1786787202.286 [OBSTACLES] cur_s=6.83 cur_d=0.71 vs=0.00 n=0 [none]
1786787202.807 [OBSTACLES] cur_s=6.83 cur_d=0.71 vs=0.00 n=0 [none]
1786787203.326 [OBSTACLES] cur_s=6.82 cur_d=0.71 vs=0.00 n=0 [none]
1786787203.871 [OBSTACLES] cur_s=6.82 cur_d=0.71 vs=0.00 n=0 [none]
1786787204.464 [OBSTACLES] cur_s=6.78 cur_d=0.72 vs=0.00 n=0 [none]
1786787205.004 [OBSTACLES] cur_s=6.78 cur_d=0.72 vs=0.00 n=0 [none]
1786787205.564 [OBSTACLES] cur_s=6.78 cur_d=0.72 vs=0.00 n=0 [none]
1786787206.082 [OBSTACLES] cur_s=6.78 cur_d=0.72 vs=0.00 n=0 [none]
1786787206.613 [OBSTACLES] cur_s=6.78 cur_d=0.72 vs=0.00 n=0 [none]
1786787207.147 [OBSTACLES] cur_s=6.78 cur_d=0.72 vs=0.00 n=0 [none]
1786787207.686 [OBSTACLES] cur_s=6.78 cur_d=0.72 vs=0.00 n=0 [none]
1786787208.198 [OBSTACLES] cur_s=6.78 cur_d=0.72 vs=0.00 n=0 [none]
1786787208.759 [OBSTACLES] cur_s=6.78 cur_d=0.72 vs=0.00 n=0 [none]
1786787209.333 [OBSTACLES] cur_s=6.78 cur_d=0.72 vs=0.00 n=0 [none]
1786787209.843 [OBSTACLES] cur_s=6.77 cur_d=0.68 vs=0.00 n=0 [none]
1786787210.100 [STATE_CHANGE] RECOVERY -> LOSTLINE src=GB_TRACK s=6.76 d=0.66 vs=0.00
1786787210.377 [OBSTACLES] cur_s=6.76 cur_d=0.66 vs=0.00 n=0 [none]
1786787210.915 [OBSTACLES] cur_s=6.76 cur_d=0.66 vs=0.00 n=0 [none]
1786787211.257 [STATE_CHANGE] LOSTLINE -> RECOVERY src=RECOVERY s=6.76 d=0.65 vs=0.00
1786787211.459 [OBSTACLES] cur_s=6.75 cur_d=0.64 vs=-0.03 n=0 [none]
1786787211.990 [OBSTACLES] cur_s=6.74 cur_d=0.61 vs=0.00 n=0 [none]
1786787212.603 [OBSTACLES] cur_s=6.74 cur_d=0.61 vs=0.00 n=0 [none]
1786787213.103 [OBSTACLES] cur_s=6.81 cur_d=0.61 vs=0.00 n=0 [none]
1786787213.625 [OBSTACLES] cur_s=6.81 cur_d=0.61 vs=0.00 n=0 [none]
1786787214.131 [OBSTACLES] cur_s=6.87 cur_d=0.66 vs=0.07 n=0 [none]
1786787214.659 [OBSTACLES] cur_s=6.92 cur_d=0.70 vs=0.10 n=0 [none]
1786787215.204 [OBSTACLES] cur_s=6.98 cur_d=0.72 vs=0.00 n=0 [none]
1786787215.734 [OBSTACLES] cur_s=7.02 cur_d=0.76 vs=0.25 n=0 [none]
1786787216.241 [OBSTACLES] cur_s=7.31 cur_d=0.78 vs=0.87 n=0 [none]
1786787216.812 [OBSTACLES] cur_s=7.48 cur_d=0.70 vs=0.00 n=0 [none]
1786787217.330 [OBSTACLES] cur_s=7.48 cur_d=0.70 vs=0.00 n=0 [none]
1786787217.938 [OBSTACLES] cur_s=7.49 cur_d=0.70 vs=0.00 n=0 [none]
1786787218.458 [OBSTACLES] cur_s=7.50 cur_d=0.70 vs=0.00 n=0 [none]
1786787219.027 [OBSTACLES] cur_s=7.49 cur_d=0.70 vs=0.00 n=0 [none]
1786787219.537 [OBSTACLES] cur_s=7.49 cur_d=0.69 vs=0.00 n=0 [none]
1786787220.073 [OBSTACLES] cur_s=7.49 cur_d=0.69 vs=0.00 n=0 [none]
1786787220.722 [OBSTACLES] cur_s=7.49 cur_d=0.69 vs=0.00 n=0 [none]
1786787221.226 [OBSTACLES] cur_s=7.49 cur_d=0.70 vs=0.00 n=0 [none]
1786787221.227 [STATE_CHANGE] RECOVERY -> LOSTLINE src=GB_TRACK s=7.49 d=0.70 vs=0.00
1786787221.741 [OBSTACLES] cur_s=7.49 cur_d=0.70 vs=0.00 n=0 [none]
1786787222.244 [OBSTACLES] cur_s=7.49 cur_d=0.70 vs=0.00 n=0 [none]
1786787222.794 [OBSTACLES] cur_s=7.49 cur_d=0.70 vs=0.00 n=0 [none]
1786787222.795 [STATE_CHANGE] LOSTLINE -> RECOVERY src=RECOVERY s=7.49 d=0.70 vs=0.00
1786787223.298 [OBSTACLES] cur_s=7.49 cur_d=0.70 vs=0.00 n=0 [none]
1786787223.811 [OBSTACLES] cur_s=7.49 cur_d=0.70 vs=0.00 n=0 [none]
1786787224.347 [OBSTACLES] cur_s=7.49 cur_d=0.70 vs=0.00 n=0 [none]
1786787224.890 [OBSTACLES] cur_s=7.49 cur_d=0.70 vs=0.00 n=0 [none]
1786787225.425 [OBSTACLES] cur_s=7.49 cur_d=0.70 vs=0.00 n=0 [none]
1786787225.992 [OBSTACLES] cur_s=7.49 cur_d=0.70 vs=0.00 n=0 [none]
1786787226.573 [OBSTACLES] cur_s=7.49 cur_d=0.69 vs=0.00 n=0 [none]
1786787227.096 [OBSTACLES] cur_s=7.49 cur_d=0.70 vs=0.00 n=0 [none]
1786787227.604 [OBSTACLES] cur_s=7.49 cur_d=0.70 vs=0.00 n=0 [none]
1786787228.135 [OBSTACLES] cur_s=7.49 cur_d=0.70 vs=0.00 n=0 [none]
1786787228.719 [OBSTACLES] cur_s=7.49 cur_d=0.70 vs=0.00 n=0 [none]
1786787229.269 [OBSTACLES] cur_s=7.49 cur_d=0.70 vs=0.00 n=0 [none]
1786787229.834 [OBSTACLES] cur_s=7.49 cur_d=0.70 vs=0.00 n=0 [none]
1786787230.358 [OBSTACLES] cur_s=7.49 cur_d=0.70 vs=0.00 n=0 [none]
1786787230.866 [OBSTACLES] cur_s=7.50 cur_d=0.70 vs=0.00 n=0 [none]
1786787231.425 [OBSTACLES] cur_s=7.49 cur_d=0.70 vs=0.00 n=0 [none]
1786787231.931 [OBSTACLES] cur_s=7.49 cur_d=0.70 vs=0.00 n=0 [none]
1786787232.456 [OBSTACLES] cur_s=7.49 cur_d=0.70 vs=0.00 n=0 [none]
1786787232.783 [STATE_CHANGE] RECOVERY -> LOSTLINE src=GB_TRACK s=7.49 d=0.70 vs=0.00
1786787233.026 [OBSTACLES] cur_s=7.49 cur_d=0.70 vs=0.00 n=0 [none]
1786787233.228 [STATE_CHANGE] LOSTLINE -> RECOVERY src=RECOVERY s=7.49 d=0.69 vs=0.00
1786787233.555 [OBSTACLES] cur_s=7.49 cur_d=0.70 vs=0.00 n=0 [none]
1786787234.087 [OBSTACLES] cur_s=7.49 cur_d=0.70 vs=0.00 n=0 [none]
1786787234.588 [OBSTACLES] cur_s=7.49 cur_d=0.70 vs=0.00 n=0 [none]
1786787235.128 [OBSTACLES] cur_s=7.49 cur_d=0.70 vs=0.00 n=0 [none]
1786787235.691 [OBSTACLES] cur_s=7.49 cur_d=0.70 vs=0.00 n=0 [none]
1786787236.206 [OBSTACLES] cur_s=7.49 cur_d=0.70 vs=0.00 n=0 [none]
1786787236.754 [OBSTACLES] cur_s=7.49 cur_d=0.70 vs=0.00 n=0 [none]
1786787237.294 [OBSTACLES] cur_s=7.49 cur_d=0.70 vs=0.00 n=0 [none]
1786787237.831 [OBSTACLES] cur_s=7.49 cur_d=0.70 vs=0.00 n=0 [none]
1786787238.378 [OBSTACLES] cur_s=7.49 cur_d=0.70 vs=0.00 n=0 [none]
1786787238.973 [OBSTACLES] cur_s=7.49 cur_d=0.70 vs=0.00 n=0 [none]
1786787239.575 [OBSTACLES] cur_s=7.49 cur_d=0.70 vs=0.00 n=0 [none]
1786787240.114 [OBSTACLES] cur_s=7.49 cur_d=0.69 vs=0.00 n=0 [none]
1786787240.645 [OBSTACLES] cur_s=7.49 cur_d=0.69 vs=0.00 n=0 [none]
1786787241.244 [OBSTACLES] cur_s=7.49 cur_d=0.69 vs=0.00 n=0 [none]
1786787241.794 [OBSTACLES] cur_s=7.49 cur_d=0.70 vs=0.00 n=0 [none]
1786787242.325 [OBSTACLES] cur_s=7.49 cur_d=0.69 vs=0.00 n=0 [none]
1786787242.941 [OBSTACLES] cur_s=7.49 cur_d=0.70 vs=0.00 n=0 [none]
1786787243.190 [STATE_CHANGE] RECOVERY -> LOSTLINE src=GB_TRACK s=7.49 d=0.70 vs=0.00
1786787243.453 [OBSTACLES] cur_s=7.49 cur_d=0.70 vs=0.00 n=0 [none]
1786787244.054 [OBSTACLES] cur_s=7.49 cur_d=0.69 vs=0.00 n=0 [none]
1786787244.555 [OBSTACLES] cur_s=7.49 cur_d=0.70 vs=0.00 n=0 [none]
1786787244.854 [STATE_CHANGE] LOSTLINE -> RECOVERY src=RECOVERY s=7.49 d=0.69 vs=0.00
1786787245.065 [OBSTACLES] cur_s=7.49 cur_d=0.69 vs=0.00 n=0 [none]
1786787245.598 [OBSTACLES] cur_s=7.49 cur_d=0.69 vs=0.00 n=0 [none]
1786787246.143 [OBSTACLES] cur_s=7.49 cur_d=0.69 vs=0.00 n=0 [none]
1786787246.674 [OBSTACLES] cur_s=7.49 cur_d=0.70 vs=0.00 n=0 [none]
1786787247.193 [OBSTACLES] cur_s=7.49 cur_d=0.70 vs=0.00 n=0 [none]
1786787247.754 [OBSTACLES] cur_s=7.49 cur_d=0.70 vs=0.00 n=0 [none]
1786787248.270 [OBSTACLES] cur_s=7.49 cur_d=0.70 vs=0.00 n=0 [none]
1786787248.812 [OBSTACLES] cur_s=7.50 cur_d=0.70 vs=0.00 n=0 [none]
1786787249.419 [OBSTACLES] cur_s=7.50 cur_d=0.70 vs=0.00 n=0 [none]
1786787249.938 [OBSTACLES] cur_s=7.49 cur_d=0.70 vs=0.00 n=0 [none]
1786787250.475 [OBSTACLES] cur_s=7.49 cur_d=0.70 vs=0.00 n=0 [none]
1786787251.014 [OBSTACLES] cur_s=7.49 cur_d=0.70 vs=0.00 n=0 [none]
1786787251.542 [OBSTACLES] cur_s=7.49 cur_d=0.70 vs=0.00 n=0 [none]
1786787252.061 [OBSTACLES] cur_s=7.49 cur_d=0.70 vs=0.00 n=0 [none]
1786787252.616 [OBSTACLES] cur_s=7.49 cur_d=0.70 vs=0.00 n=0 [none]
1786787253.118 [OBSTACLES] cur_s=7.49 cur_d=0.70 vs=0.00 n=0 [none]
1786787253.643 [OBSTACLES] cur_s=7.49 cur_d=0.70 vs=0.00 n=0 [none]
1786787254.173 [OBSTACLES] cur_s=7.49 cur_d=0.70 vs=0.00 n=0 [none]
1786787254.691 [OBSTACLES] cur_s=7.49 cur_d=0.70 vs=0.00 n=0 [none]
1786787254.822 [STATE_CHANGE] RECOVERY -> LOSTLINE src=GB_TRACK s=7.49 d=0.70 vs=0.00
1786787254.855 [STATE_CHANGE] LOSTLINE -> RECOVERY src=RECOVERY s=7.49 d=0.70 vs=0.00
1786787255.235 [OBSTACLES] cur_s=7.49 cur_d=0.70 vs=0.00 n=0 [none]
1786787255.754 [OBSTACLES] cur_s=7.49 cur_d=0.70 vs=0.00 n=0 [none]
1786787256.297 [OBSTACLES] cur_s=7.49 cur_d=0.70 vs=0.00 n=0 [none]
1786787256.867 [OBSTACLES] cur_s=7.49 cur_d=0.70 vs=0.00 n=0 [none]
1786787257.393 [OBSTACLES] cur_s=7.49 cur_d=0.70 vs=0.00 n=0 [none]
1786787257.896 [OBSTACLES] cur_s=7.49 cur_d=0.70 vs=0.00 n=0 [none]
1786787258.397 [OBSTACLES] cur_s=7.50 cur_d=0.70 vs=0.00 n=0 [none]
1786787258.939 [OBSTACLES] cur_s=7.49 cur_d=0.70 vs=0.00 n=0 [none]
1786787259.490 [OBSTACLES] cur_s=7.49 cur_d=0.70 vs=0.00 n=0 [none]
1786787260.078 [OBSTACLES] cur_s=7.49 cur_d=0.70 vs=0.00 n=0 [none]
1786787260.584 [OBSTACLES] cur_s=7.50 cur_d=0.70 vs=0.00 n=0 [none]
1786787261.085 [OBSTACLES] cur_s=7.49 cur_d=0.70 vs=0.00 n=0 [none]
1786787261.605 [OBSTACLES] cur_s=7.50 cur_d=0.70 vs=0.00 n=0 [none]
1786787262.125 [OBSTACLES] cur_s=7.49 cur_d=0.70 vs=0.00 n=0 [none]
1786787262.665 [OBSTACLES] cur_s=7.49 cur_d=0.70 vs=0.00 n=0 [none]
1786787263.211 [OBSTACLES] cur_s=7.49 cur_d=0.70 vs=0.00 n=0 [none]
1786787263.785 [OBSTACLES] cur_s=7.49 cur_d=0.70 vs=0.00 n=0 [none]
1786787264.313 [OBSTACLES] cur_s=7.49 cur_d=0.70 vs=0.00 n=0 [none]
1786787264.818 [OBSTACLES] cur_s=7.49 cur_d=0.70 vs=0.00 n=0 [none]
1786787264.818 [STATE_CHANGE] RECOVERY -> LOSTLINE src=GB_TRACK s=7.49 d=0.70 vs=0.00
1786787264.920 [STATE_CHANGE] LOSTLINE -> RECOVERY src=RECOVERY s=7.49 d=0.70 vs=0.00
1786787265.322 [OBSTACLES] cur_s=7.50 cur_d=0.70 vs=0.00 n=0 [none]
1786787265.840 [OBSTACLES] cur_s=7.49 cur_d=0.70 vs=0.00 n=0 [none]
1786787266.382 [OBSTACLES] cur_s=7.49 cur_d=0.70 vs=0.00 n=0 [none]
1786787266.955 [OBSTACLES] cur_s=7.49 cur_d=0.70 vs=0.00 n=0 [none]
1786787267.498 [OBSTACLES] cur_s=7.59 cur_d=0.68 vs=0.76 n=0 [none]
1786787268.031 [OBSTACLES] cur_s=8.47 cur_d=0.31 vs=2.29 n=0 [none]
1786787268.488 [STATE_CHANGE] RECOVERY -> GB_TRACK src=GB_TRACK s=9.59 d=0.04 vs=2.62
1786787268.603 [OBSTACLES] cur_s=9.99 cur_d=0.04 vs=2.72 n=0 [none]
1786787269.107 [OBSTACLES] cur_s=11.54 cur_d=0.20 vs=2.40 n=0 [none]
1786787269.627 [OBSTACLES] cur_s=12.51 cur_d=0.23 vs=2.81 n=0 [none]
1786787269.862 [STATE_CHANGE] GB_TRACK -> LOSTLINE src=GB_TRACK s=13.70 d=0.38 vs=3.38
1786787270.100 [STATE_CHANGE] LOSTLINE -> GB_TRACK src=GB_TRACK s=14.25 d=0.28 vs=3.14
1786787270.330 [OBSTACLES] cur_s=14.90 cur_d=-0.02 vs=2.86 n=0 [none]
1786787270.928 [OBSTACLES] cur_s=16.41 cur_d=0.23 vs=2.20 n=0 [none]
1786787271.513 [OBSTACLES] cur_s=17.95 cur_d=0.05 vs=2.94 n=0 [none]
1786787272.038 [OBSTACLES] cur_s=19.83 cur_d=0.32 vs=3.42 n=0 [none]
1786787272.040 [STATE_CHANGE] GB_TRACK -> LOSTLINE src=GB_TRACK s=19.83 d=0.32 vs=3.42
1786787272.183 [STATE_CHANGE] LOSTLINE -> GB_TRACK src=GB_TRACK s=20.29 d=0.28 vs=3.37
1786787272.624 [OBSTACLES] cur_s=21.60 cur_d=-0.13 vs=3.34 n=0 [none]
1786787273.128 [OBSTACLES] cur_s=23.46 cur_d=-0.06 vs=3.37 n=0 [none]
1786787273.637 [OBSTACLES] cur_s=24.79 cur_d=0.01 vs=3.41 n=0 [none]
1786787274.178 [OBSTACLES] cur_s=26.71 cur_d=0.01 vs=3.37 n=0 [none]
1786787274.716 [OBSTACLES] cur_s=28.55 cur_d=0.24 vs=3.41 n=0 [none]
1786787275.321 [OBSTACLES] cur_s=30.68 cur_d=0.23 vs=3.23 n=0 [none]
1786787275.435 [STATE_CHANGE] GB_TRACK -> LOSTLINE src=GB_TRACK s=31.03 d=0.30 vs=3.28
1786787275.633 [STATE_CHANGE] LOSTLINE -> GB_TRACK src=GB_TRACK s=31.98 d=0.29 vs=3.32
1786787275.853 [OBSTACLES] cur_s=32.52 cur_d=0.17 vs=3.13 n=0 [none]
1786787276.434 [OBSTACLES] cur_s=34.11 cur_d=0.25 vs=3.07 n=0 [none]
1786787276.584 [STATE_CHANGE] GB_TRACK -> LOSTLINE src=GB_TRACK s=0.00 d=0.33 vs=3.30
1786787276.793 [STATE_CHANGE] LOSTLINE -> RECOVERY src=RECOVERY s=0.62 d=0.35 vs=3.40
1786787277.066 [OBSTACLES] cur_s=1.81 cur_d=0.00 vs=3.32 n=0 [none]
1786787277.071 [STATE_CHANGE] RECOVERY -> GB_TRACK src=GB_TRACK s=1.81 d=0.00 vs=3.32
1786787277.578 [OBSTACLES] cur_s=3.56 cur_d=0.00 vs=3.40 n=0 [none]
1786787278.106 [OBSTACLES] cur_s=5.39 cur_d=-0.12 vs=3.43 n=0 [none]
1786787278.619 [OBSTACLES] cur_s=7.25 cur_d=-0.14 vs=3.43 n=0 [none]
1786787279.165 [OBSTACLES] cur_s=9.39 cur_d=0.01 vs=3.32 n=0 [none]
1786787279.721 [OBSTACLES] cur_s=10.82 cur_d=0.02 vs=2.50 n=0 [none]
1786787280.255 [OBSTACLES] cur_s=12.10 cur_d=0.26 vs=2.51 n=0 [none]
1786787280.864 [OBSTACLES] cur_s=14.14 cur_d=0.11 vs=3.30 n=0 [none]
1786787281.368 [OBSTACLES] cur_s=15.60 cur_d=0.01 vs=2.54 n=0 [none]
1786787281.929 [OBSTACLES] cur_s=16.60 cur_d=0.06 vs=2.44 n=0 [none]
1786787282.495 [OBSTACLES] cur_s=18.06 cur_d=0.11 vs=3.05 n=0 [none]
1786787283.026 [OBSTACLES] cur_s=19.74 cur_d=0.01 vs=3.38 n=0 [none]
1786787283.628 [OBSTACLES] cur_s=21.74 cur_d=0.00 vs=3.36 n=0 [none]
1786787284.189 [OBSTACLES] cur_s=23.78 cur_d=-0.24 vs=3.42 n=0 [none]
1786787284.764 [OBSTACLES] cur_s=26.06 cur_d=0.11 vs=3.43 n=0 [none]
1786787285.284 [OBSTACLES] cur_s=27.61 cur_d=0.01 vs=3.41 n=0 [none]
1786787285.814 [OBSTACLES] cur_s=29.69 cur_d=0.18 vs=3.44 n=0 [none]
1786787286.359 [OBSTACLES] cur_s=31.46 cur_d=0.28 vs=3.40 n=0 [none]
1786787286.409 [STATE_CHANGE] GB_TRACK -> LOSTLINE src=GB_TRACK s=31.66 d=0.31 vs=3.40
1786787286.860 [OBSTACLES] cur_s=33.29 cur_d=0.25 vs=3.21 n=0 [none]
1786787286.863 [STATE_CHANGE] LOSTLINE -> GB_TRACK src=GB_TRACK s=33.29 d=0.25 vs=3.21
1786787287.383 [OBSTACLES] cur_s=0.46 cur_d=0.25 vs=3.31 n=0 [none]
1786787287.553 [STATE_CHANGE] GB_TRACK -> LOSTLINE src=GB_TRACK s=0.75 d=0.30 vs=3.37
1786787287.810 [STATE_CHANGE] LOSTLINE -> GB_TRACK src=GB_TRACK s=1.74 d=0.24 vs=3.37
1786787287.916 [OBSTACLES] cur_s=2.13 cur_d=0.11 vs=3.34 n=0 [none]
1786787288.451 [OBSTACLES] cur_s=3.98 cur_d=-0.07 vs=3.43 n=0 [none]
1786787289.087 [OBSTACLES] cur_s=6.45 cur_d=-0.14 vs=3.43 n=0 [none]
1786787289.666 [OBSTACLES] cur_s=8.13 cur_d=-0.16 vs=3.42 n=0 [none]
1786787290.170 [OBSTACLES] cur_s=9.93 cur_d=0.09 vs=2.94 n=0 [none]
1786787290.710 [OBSTACLES] cur_s=11.27 cur_d=0.00 vs=2.42 n=0 [none]
1786787291.031 [STATE_CHANGE] GB_TRACK -> LOSTLINE src=GB_TRACK s=12.05 d=0.30 vs=2.39
1786787291.272 [OBSTACLES] cur_s=12.93 cur_d=0.37 vs=2.91 n=0 [none]
1786787291.459 [STATE_CHANGE] LOSTLINE -> GB_TRACK src=GB_TRACK s=13.56 d=0.17 vs=2.99
1786787291.796 [OBSTACLES] cur_s=14.39 cur_d=-0.22 vs=3.00 n=0 [none]
1786787292.315 [OBSTACLES] cur_s=15.72 cur_d=0.27 vs=2.10 n=0 [none]
1786787292.367 [STATE_CHANGE] GB_TRACK -> LOSTLINE src=GB_TRACK s=15.85 d=0.32 vs=2.06
1786787292.707 [STATE_CHANGE] LOSTLINE -> GB_TRACK src=GB_TRACK s=16.65 d=0.17 vs=1.94
1786787292.841 [OBSTACLES] cur_s=16.85 cur_d=-0.00 vs=1.99 n=0 [none]
1786787293.401 [OBSTACLES] cur_s=18.04 cur_d=0.02 vs=2.91 n=0 [none]
1786787293.678 [STATE_CHANGE] GB_TRACK -> LOSTLINE src=GB_TRACK s=19.09 d=0.30 vs=3.37
1786787293.915 [OBSTACLES] cur_s=19.93 cur_d=0.17 vs=3.29 n=0 [none]
1786787293.923 [STATE_CHANGE] LOSTLINE -> GB_TRACK src=GB_TRACK s=19.93 d=0.17 vs=3.29
1786787294.471 [OBSTACLES] cur_s=21.55 cur_d=-0.16 vs=3.42 n=0 [none]
1786787294.976 [OBSTACLES] cur_s=23.27 cur_d=0.08 vs=3.43 n=0 [none]
1786787295.505 [OBSTACLES] cur_s=24.68 cur_d=-0.18 vs=3.44 n=0 [none]
1786787296.265 [OBSTACLES] cur_s=26.98 cur_d=0.20 vs=3.44 n=0 [none]
1786787296.780 [OBSTACLES] cur_s=29.25 cur_d=0.09 vs=3.37 n=0 [none]
1786787297.104 [STATE_CHANGE] GB_TRACK -> LOSTLINE src=GB_TRACK s=30.40 d=0.32 vs=3.42
1786787297.289 [OBSTACLES] cur_s=31.00 cur_d=0.30 vs=3.43 n=0 [none]
1786787297.377 [STATE_CHANGE] LOSTLINE -> GB_TRACK src=GB_TRACK s=31.12 d=0.28 vs=3.42
1786787297.811 [OBSTACLES] cur_s=32.70 cur_d=0.13 vs=3.27 n=0 [none]
1786787298.150 [STATE_CHANGE] GB_TRACK -> LOSTLINE src=GB_TRACK s=33.77 d=0.32 vs=3.20
1786787298.325 [OBSTACLES] cur_s=34.46 cur_d=0.39 vs=3.40 n=1 [id=54 static=1 gap=8.22m d=-0.21 size=0.24]
1786787298.330 [STATIC_OT] state=GB_TRACK path_exists=0 path_locked=0 path_ttl_ok=0 path_safe=0 on_spline=0 speed=3.40 raw_wpnts=0 raw_age=-s decision=TRAILING reason=NO_STATIC_PATH
1786787298.331 [STATE_CHANGE] LOSTLINE -> TRAILING src=GB_TRACK s=34.46 d=0.39 vs=3.40
1786787298.553 [STATIC_OT] state=TRAILING path_exists=0 path_locked=0 path_ttl_ok=0 path_safe=0 on_spline=0 speed=3.43 raw_wpnts=0 raw_age=-s decision=TRAILING reason=NO_STATIC_PATH
1786787298.803 [STATIC_OT] state=TRAILING path_exists=0 path_locked=0 path_ttl_ok=0 path_safe=0 on_spline=0 speed=2.97 raw_wpnts=0 raw_age=-s decision=TRAILING reason=NO_STATIC_PATH
1786787298.897 [OBSTACLES] cur_s=1.65 cur_d=0.07 vs=2.68 n=1 [id=54 static=1 gap=6.35m d=-0.08 size=0.27]
1786787299.070 [STATIC_OT] state=TRAILING path_exists=0 path_locked=0 path_ttl_ok=0 path_safe=0 on_spline=0 speed=2.24 raw_wpnts=0 raw_age=-s decision=TRAILING reason=NO_STATIC_PATH
1786787299.320 [STATIC_OT] state=TRAILING path_exists=0 path_locked=0 path_ttl_ok=0 path_safe=0 on_spline=0 speed=1.91 raw_wpnts=0 raw_age=-s decision=TRAILING reason=NO_STATIC_PATH
1786787299.427 [OBSTACLES] cur_s=2.83 cur_d=0.14 vs=1.74 n=1 [id=54 static=1 gap=5.10m d=-0.12 size=0.26]
1786787299.529 [STATIC_OT] state=TRAILING path_exists=0 path_locked=0 path_ttl_ok=0 path_safe=0 on_spline=0 speed=1.58 raw_wpnts=0 raw_age=-s decision=TRAILING reason=NO_STATIC_PATH
1786787299.654 [STATIC_OT_TRANSITION] first_valid_path_to_overtake_ms=0.0
1786787299.657 [STATE_CHANGE] TRAILING -> OVERTAKE src=OVERTAKE s=3.19 d=0.11 vs=1.52
1786787299.960 [OBSTACLES] cur_s=3.58 cur_d=0.08 vs=1.43 n=1 [id=54 static=1 gap=4.33m d=-0.13 size=0.29]
1786787300.646 [OBSTACLES] cur_s=5.38 cur_d=-0.08 vs=3.39 n=1 [id=54 static=1 gap=2.54m d=-0.15 size=0.26]
1786787301.153 [OBSTACLES] cur_s=7.13 cur_d=0.14 vs=3.11 n=1 [id=54 static=1 gap=0.81m d=-0.17 size=0.24]
1786787301.692 [OBSTACLES] cur_s=8.67 cur_d=0.06 vs=2.95 n=0 [none]
1786787302.220 [OBSTACLES] cur_s=10.13 cur_d=-0.05 vs=2.81 n=0 [none]
1786787302.850 [OBSTACLES] cur_s=11.82 cur_d=0.20 vs=2.49 n=0 [none]
1786787303.305 [STATE_CHANGE] OVERTAKE -> LOSTLINE src=GB_TRACK s=13.27 d=0.16 vs=3.34
1786787303.395 [OBSTACLES] cur_s=13.33 cur_d=0.17 vs=3.36 n=0 [none]
1786787303.396 [STATE_CHANGE] LOSTLINE -> GB_TRACK src=GB_TRACK s=13.33 d=0.17 vs=3.36
1786787303.918 [OBSTACLES] cur_s=15.17 cur_d=-0.06 vs=2.74 n=0 [none]
1786787304.510 [OBSTACLES] cur_s=16.41 cur_d=-0.00 vs=2.29 n=0 [none]
1786787305.043 [OBSTACLES] cur_s=17.47 cur_d=0.18 vs=2.65 n=0 [none]
1786787305.592 [OBSTACLES] cur_s=19.08 cur_d=-0.14 vs=3.36 n=0 [none]
1786787306.058 [STATE_CHANGE] GB_TRACK -> LOSTLINE src=GB_TRACK s=20.84 d=0.40 vs=3.39
1786787306.110 [OBSTACLES] cur_s=20.96 cur_d=0.40 vs=3.40 n=0 [none]
1786787306.287 [STATE_CHANGE] LOSTLINE -> GB_TRACK src=GB_TRACK s=21.76 d=0.22 vs=3.15
1786787306.610 [OBSTACLES] cur_s=22.49 cur_d=-0.07 vs=3.14 n=0 [none]
1786787306.880 [STATE_CHANGE] GB_TRACK -> LOSTLINE src=GB_TRACK s=23.45 d=-0.32 vs=3.39
1786787306.984 [STATE_CHANGE] LOSTLINE -> GB_TRACK src=GB_TRACK s=23.62 d=-0.28 vs=3.33
1786787307.119 [OBSTACLES] cur_s=24.03 cur_d=-0.13 vs=3.22 n=0 [none]
1786787307.633 [OBSTACLES] cur_s=25.84 cur_d=0.14 vs=3.35 n=0 [none]
1786787308.197 [OBSTACLES] cur_s=27.74 cur_d=-0.03 vs=3.30 n=0 [none]
1786787308.735 [OBSTACLES] cur_s=29.42 cur_d=0.24 vs=3.40 n=0 [none]
1786787309.304 [OBSTACLES] cur_s=31.66 cur_d=0.26 vs=3.35 n=0 [none]
1786787309.382 [STATE_CHANGE] GB_TRACK -> LOSTLINE src=GB_TRACK s=31.85 d=0.31 vs=3.34
1786787309.746 [STATE_CHANGE] LOSTLINE -> GB_TRACK src=GB_TRACK s=33.36 d=0.25 vs=3.15
1786787309.806 [OBSTACLES] cur_s=33.56 cur_d=0.20 vs=3.00 n=0 [none]
1786787310.112 [STATIC_OT] state=GB_TRACK path_exists=0 path_locked=0 path_ttl_ok=0 path_safe=0 on_spline=0 speed=3.12 raw_wpnts=0 raw_age=-s decision=TRAILING reason=NO_STATIC_PATH
1786787310.112 [STATE_CHANGE] GB_TRACK -> TRAILING src=GB_TRACK s=34.39 d=0.08 vs=3.12
1786787310.392 [OBSTACLES] cur_s=0.76 cur_d=0.15 vs=3.12 n=1 [id=55 static=1 gap=7.50m d=-0.13 size=0.26]
1786787310.404 [STATIC_OT] state=TRAILING path_exists=0 path_locked=0 path_ttl_ok=0 path_safe=0 on_spline=0 speed=3.12 raw_wpnts=0 raw_age=-s decision=TRAILING reason=NO_STATIC_PATH
1786787310.607 [STATIC_OT] state=TRAILING path_exists=0 path_locked=0 path_ttl_ok=0 path_safe=0 on_spline=0 speed=2.99 raw_wpnts=0 raw_age=-s decision=TRAILING reason=NO_STATIC_PATH
1786787310.847 [STATIC_OT] state=TRAILING path_exists=0 path_locked=0 path_ttl_ok=0 path_safe=0 on_spline=0 speed=2.65 raw_wpnts=0 raw_age=-s decision=TRAILING reason=NO_STATIC_PATH
1786787310.922 [OBSTACLES] cur_s=1.86 cur_d=0.16 vs=2.41 n=1 [id=55 static=1 gap=6.25m d=-0.15 size=0.30]
1786787311.057 [STATIC_OT] state=TRAILING path_exists=0 path_locked=0 path_ttl_ok=0 path_safe=0 on_spline=0 speed=2.24 raw_wpnts=0 raw_age=-s decision=TRAILING reason=NO_STATIC_PATH
1786787311.303 [STATIC_OT] state=TRAILING path_exists=0 path_locked=0 path_ttl_ok=0 path_safe=0 on_spline=0 speed=2.03 raw_wpnts=0 raw_age=-s decision=TRAILING reason=NO_STATIC_PATH
1786787311.421 [STATE_CHANGE] TRAILING -> OVERTAKE src=OVERTAKE s=2.82 d=0.04 vs=1.89
1786787311.543 [OBSTACLES] cur_s=2.87 cur_d=0.03 vs=1.88 n=1 [id=55 static=1 gap=5.13m d=-0.12 size=0.33]
1786787312.135 [OBSTACLES] cur_s=4.11 cur_d=-0.03 vs=2.88 n=1 [id=55 static=1 gap=3.89m d=-0.14 size=0.23]
1786787312.650 [OBSTACLES] cur_s=6.17 cur_d=-0.01 vs=3.34 n=1 [id=55 static=1 gap=1.80m d=-0.16 size=0.23]
1786787313.203 [OBSTACLES] cur_s=7.82 cur_d=0.20 vs=2.54 n=1 [id=55 static=1 gap=0.14m d=-0.17 size=0.28]
1786787313.766 [OBSTACLES] cur_s=9.24 cur_d=-0.00 vs=2.75 n=0 [none]
1786787314.320 [OBSTACLES] cur_s=10.84 cur_d=0.15 vs=2.47 n=0 [none]
1786787314.850 [OBSTACLES] cur_s=12.19 cur_d=0.09 vs=2.51 n=0 [none]
1786787315.270 [STATE_CHANGE] OVERTAKE -> LOSTLINE src=GB_TRACK s=13.47 d=0.14 vs=3.37
1786787315.341 [STATE_CHANGE] LOSTLINE -> GB_TRACK src=GB_TRACK s=13.67 d=0.15 vs=3.39
1786787315.419 [OBSTACLES] cur_s=13.83 cur_d=0.19 vs=3.40 n=0 [none]
1786787315.931 [OBSTACLES] cur_s=15.65 cur_d=-0.16 vs=2.35 n=0 [none]
1786787316.525 [OBSTACLES] cur_s=16.63 cur_d=0.14 vs=2.23 n=0 [none]
1786787317.031 [OBSTACLES] cur_s=17.75 cur_d=0.17 vs=2.84 n=0 [none]
1786787317.555 [OBSTACLES] cur_s=19.41 cur_d=-0.09 vs=3.32 n=0 [none]
1786787318.094 [OBSTACLES] cur_s=21.27 cur_d=0.10 vs=3.36 n=0 [none]
1786787318.606 [OBSTACLES] cur_s=23.26 cur_d=-0.27 vs=3.41 n=0 [none]
1786787319.106 [OBSTACLES] cur_s=24.65 cur_d=0.12 vs=3.41 n=0 [none]
1786787319.692 [OBSTACLES] cur_s=26.76 cur_d=-0.10 vs=3.42 n=0 [none]
1786787320.102 [STATE_CHANGE] GB_TRACK -> LOSTLINE src=GB_TRACK s=28.16 d=0.30 vs=3.28
1786787320.245 [OBSTACLES] cur_s=28.81 cur_d=0.35 vs=3.36 n=0 [none]
1786787320.348 [STATE_CHANGE] LOSTLINE -> GB_TRACK src=GB_TRACK s=29.28 d=0.26 vs=3.35
1786787320.765 [OBSTACLES] cur_s=30.42 cur_d=-0.08 vs=3.35 n=0 [none]
1786787321.287 [OBSTACLES] cur_s=31.93 cur_d=0.24 vs=3.17 n=0 [none]
1786787321.458 [STATE_CHANGE] GB_TRACK -> LOSTLINE src=GB_TRACK s=32.59 d=0.32 vs=3.30
1786787321.622 [STATE_CHANGE] LOSTLINE -> GB_TRACK src=GB_TRACK s=33.16 d=0.26 vs=3.18
1786787321.854 [OBSTACLES] cur_s=34.03 cur_d=0.09 vs=3.12 n=1 [id=56 static=1 gap=8.77m d=0.01 size=0.26]
1786787321.878 [STATIC_OT] state=GB_TRACK path_exists=0 path_locked=0 path_ttl_ok=0 path_safe=0 on_spline=0 speed=3.12 raw_wpnts=0 raw_age=-s decision=TRAILING reason=NO_STATIC_PATH
1786787321.879 [STATE_CHANGE] GB_TRACK -> TRAILING src=GB_TRACK s=34.03 d=0.09 vs=3.12
1786787322.127 [STATIC_OT] state=TRAILING path_exists=0 path_locked=0 path_ttl_ok=0 path_safe=0 on_spline=0 speed=3.34 raw_wpnts=0 raw_age=-s decision=TRAILING reason=NO_STATIC_PATH
1786787322.386 [OBSTACLES] cur_s=1.00 cur_d=0.18 vs=3.11 n=1 [id=56 static=1 gap=7.28m d=-0.09 size=0.26]
1786787322.389 [STATIC_OT] state=TRAILING path_exists=0 path_locked=0 path_ttl_ok=0 path_safe=0 on_spline=0 speed=3.11 raw_wpnts=0 raw_age=-s decision=TRAILING reason=NO_STATIC_PATH
1786787322.634 [STATIC_OT] state=TRAILING path_exists=0 path_locked=0 path_ttl_ok=0 path_safe=0 on_spline=0 speed=2.87 raw_wpnts=0 raw_age=-s decision=TRAILING reason=NO_STATIC_PATH
1786787322.835 [STATIC_OT] state=TRAILING path_exists=0 path_locked=0 path_ttl_ok=0 path_safe=0 on_spline=0 speed=2.27 raw_wpnts=0 raw_age=-s decision=TRAILING reason=NO_STATIC_PATH
1786787322.959 [OBSTACLES] cur_s=2.38 cur_d=0.19 vs=2.04 n=1 [id=56 static=1 gap=5.69m d=-0.11 size=0.33]
1786787323.057 [STATIC_OT] state=TRAILING path_exists=0 path_locked=0 path_ttl_ok=0 path_safe=0 on_spline=0 speed=1.82 raw_wpnts=0 raw_age=-s decision=TRAILING reason=NO_STATIC_PATH
1786787323.283 [STATIC_OT] state=TRAILING path_exists=0 path_locked=0 path_ttl_ok=0 path_safe=0 on_spline=0 speed=1.71 raw_wpnts=0 raw_age=-s decision=TRAILING reason=NO_STATIC_PATH
1786787323.387 [STATE_CHANGE] TRAILING -> OVERTAKE src=OVERTAKE s=3.05 d=0.03 vs=1.72
1786787323.547 [OBSTACLES] cur_s=3.45 cur_d=-0.01 vs=1.58 n=1 [id=56 static=1 gap=4.62m d=-0.11 size=0.19]
1786787324.120 [OBSTACLES] cur_s=4.72 cur_d=-0.04 vs=2.87 n=1 [id=56 static=1 gap=3.32m d=-0.14 size=0.21]
1786787324.664 [OBSTACLES] cur_s=6.25 cur_d=0.10 vs=3.22 n=1 [id=56 static=1 gap=1.78m d=-0.16 size=0.21]
1786787325.202 [OBSTACLES] cur_s=7.78 cur_d=0.19 vs=2.24 n=1 [id=56 static=1 gap=0.17m d=-0.17 size=0.37]
1786787325.760 [OBSTACLES] cur_s=9.28 cur_d=0.03 vs=2.56 n=0 [none]
1786787326.391 [OBSTACLES] cur_s=11.05 cur_d=0.16 vs=2.54 n=0 [none]
1786787326.893 [OBSTACLES] cur_s=12.35 cur_d=0.13 vs=2.75 n=0 [none]
1786787327.182 [STATE_CHANGE] OVERTAKE -> LOSTLINE src=GB_TRACK s=13.49 d=0.18 vs=3.39
1786787327.237 [STATE_CHANGE] LOSTLINE -> GB_TRACK src=GB_TRACK s=13.63 d=0.18 vs=3.40
1786787327.426 [OBSTACLES] cur_s=13.87 cur_d=0.20 vs=3.41 n=0 [none]
1786787328.043 [OBSTACLES] cur_s=15.71 cur_d=-0.10 vs=2.40 n=0 [none]
1786787328.627 [OBSTACLES] cur_s=16.84 cur_d=0.17 vs=2.36 n=0 [none]
1786787329.137 [OBSTACLES] cur_s=18.12 cur_d=0.08 vs=3.08 n=0 [none]
1786787329.673 [OBSTACLES] cur_s=20.01 cur_d=0.02 vs=3.35 n=0 [none]
1786787330.247 [OBSTACLES] cur_s=22.09 cur_d=-0.15 vs=3.36 n=0 [none]
1786787330.789 [OBSTACLES] cur_s=23.82 cur_d=-0.13 vs=3.35 n=0 [none]
1786787331.312 [OBSTACLES] cur_s=25.66 cur_d=0.12 vs=3.40 n=0 [none]
1786787331.832 [OBSTACLES] cur_s=27.49 cur_d=-0.03 vs=3.37 n=0 [none]
1786787332.423 [OBSTACLES] cur_s=29.56 cur_d=0.11 vs=3.40 n=0 [none]
1786787332.939 [OBSTACLES] cur_s=31.11 cur_d=0.07 vs=3.39 n=0 [none]
1786787333.294 [STATE_CHANGE] GB_TRACK -> LOSTLINE src=GB_TRACK s=32.26 d=0.30 vs=3.18
1786787333.437 [STATE_CHANGE] LOSTLINE -> GB_TRACK src=GB_TRACK s=33.18 d=0.28 vs=3.21
1786787333.520 [OBSTACLES] cur_s=33.39 cur_d=0.24 vs=2.97 n=0 [none]
1786787333.777 [STATIC_OT] state=GB_TRACK path_exists=0 path_locked=0 path_ttl_ok=0 path_safe=0 on_spline=0 speed=3.13 raw_wpnts=0 raw_age=-s decision=TRAILING reason=NO_STATIC_PATH
1786787333.781 [STATE_CHANGE] GB_TRACK -> TRAILING src=GB_TRACK s=34.13 d=0.16 vs=3.13
1786787334.043 [OBSTACLES] cur_s=0.32 cur_d=0.08 vs=3.34 n=1 [id=58 static=1 gap=8.01m d=-0.03 size=0.26]
1786787334.047 [STATIC_OT] state=TRAILING path_exists=0 path_locked=0 path_ttl_ok=0 path_safe=0 on_spline=0 speed=3.34 raw_wpnts=0 raw_age=-s decision=TRAILING reason=NO_STATIC_PATH
1786787334.282 [STATIC_OT] state=TRAILING path_exists=0 path_locked=0 path_ttl_ok=0 path_safe=0 on_spline=0 speed=3.36 raw_wpnts=0 raw_age=-s decision=TRAILING reason=NO_STATIC_PATH
1786787334.634 [OBSTACLES] cur_s=2.24 cur_d=0.28 vs=2.73 n=2 [id=58 static=1 gap=6.06m d=-0.12 size=0.32; id=59 static=1 gap=3.68m d=0.82 size=0.39]
1786787334.652 [STATIC_OT] state=TRAILING path_exists=0 path_locked=0 path_ttl_ok=0 path_safe=0 on_spline=0 speed=2.73 raw_wpnts=0 raw_age=-s decision=TRAILING reason=NO_STATIC_PATH
1786787334.942 [STATIC_OT] state=TRAILING path_exists=0 path_locked=0 path_ttl_ok=0 path_safe=0 on_spline=0 speed=1.87 raw_wpnts=0 raw_age=-s decision=TRAILING reason=NO_STATIC_PATH
1786787335.227 [OBSTACLES] cur_s=3.02 cur_d=-0.01 vs=1.90 n=2 [id=58 static=1 gap=5.24m d=-0.09 size=0.33; id=59 static=1 gap=2.84m d=0.87 size=0.44]
1786787335.232 [STATIC_OT] state=TRAILING path_exists=1 path_locked=0 path_ttl_ok=1 path_safe=1 on_spline=1 speed=1.90 raw_wpnts=117 raw_age=0.53s decision=OVERTAKE
1786787335.232 [STATE_CHANGE] TRAILING -> OVERTAKE src=OVERTAKE s=3.02 d=-0.01 vs=1.90
1786787335.800 [OBSTACLES] cur_s=4.18 cur_d=-0.01 vs=2.93 n=2 [id=59 static=1 gap=1.57m d=0.88 size=0.41; id=58 static=1 gap=3.71m d=-0.08 size=0.31]
1786787336.318 [OBSTACLES] cur_s=5.86 cur_d=0.13 vs=3.43 n=1 [id=58 static=1 gap=2.01m d=-0.05 size=0.29]
1786787336.842 [OBSTACLES] cur_s=7.01 cur_d=0.15 vs=3.11 n=1 [id=58 static=1 gap=0.78m d=-0.07 size=0.31]
1786787337.363 [OBSTACLES] cur_s=8.60 cur_d=0.15 vs=2.83 n=0 [none]
1786787337.891 [OBSTACLES] cur_s=10.01 cur_d=-0.02 vs=2.51 n=0 [none]
1786787338.447 [OBSTACLES] cur_s=11.82 cur_d=-0.10 vs=2.53 n=0 [none]
1786787339.013 [OBSTACLES] cur_s=13.55 cur_d=0.11 vs=3.39 n=0 [none]
1786787339.096 [STATE_CHANGE] OVERTAKE -> LOSTLINE src=GB_TRACK s=13.75 d=0.10 vs=3.40
1786787339.129 [STATE_CHANGE] LOSTLINE -> GB_TRACK src=GB_TRACK s=13.93 d=0.12 vs=3.40
1786787339.557 [OBSTACLES] cur_s=15.05 cur_d=-0.06 vs=2.92 n=0 [none]
1786787340.111 [OBSTACLES] cur_s=16.60 cur_d=0.20 vs=2.44 n=0 [none]
1786787340.648 [OBSTACLES] cur_s=17.95 cur_d=0.15 vs=3.16 n=1 [id=62 static=1 gap=4.67m d=0.56 size=0.26]
1786787341.175 [OBSTACLES] cur_s=20.15 cur_d=0.15 vs=3.43 n=1 [id=62 static=1 gap=2.38m d=0.49 size=0.28]
1786787341.791 [OBSTACLES] cur_s=21.75 cur_d=-0.01 vs=3.38 n=1 [id=62 static=1 gap=0.76m d=0.50 size=0.31]
1786787342.370 [OBSTACLES] cur_s=23.88 cur_d=-0.15 vs=3.39 n=0 [none]
1786787342.935 [OBSTACLES] cur_s=25.80 cur_d=0.06 vs=3.43 n=0 [none]
1786787343.505 [OBSTACLES] cur_s=27.70 cur_d=0.05 vs=3.38 n=0 [none]
1786787344.027 [OBSTACLES] cur_s=29.64 cur_d=0.17 vs=3.43 n=0 [none]
1786787344.550 [OBSTACLES] cur_s=31.15 cur_d=0.15 vs=3.39 n=0 [none]
1786787344.700 [STATE_CHANGE] GB_TRACK -> LOSTLINE src=GB_TRACK s=32.05 d=0.29 vs=3.35
1786787345.077 [OBSTACLES] cur_s=33.16 cur_d=0.30 vs=3.27 n=0 [none]
1786787345.156 [STATE_CHANGE] LOSTLINE -> GB_TRACK src=GB_TRACK s=33.36 d=0.27 vs=3.23
1786787345.649 [OBSTACLES] cur_s=0.56 cur_d=0.17 vs=3.37 n=1 [id=63 static=1 gap=8.03m d=-0.13 size=0.34]
1786787345.661 [STATIC_OT] state=GB_TRACK path_exists=0 path_locked=0 path_ttl_ok=0 path_safe=0 on_spline=0 speed=3.37 raw_wpnts=0 raw_age=-s decision=TRAILING reason=NO_STATIC_PATH
1786787345.664 [STATE_CHANGE] GB_TRACK -> TRAILING src=GB_TRACK s=0.56 d=0.17 vs=3.37
1786787345.902 [STATIC_OT] state=TRAILING path_exists=0 path_locked=0 path_ttl_ok=0 path_safe=0 on_spline=0 speed=3.41 raw_wpnts=0 raw_age=-s decision=TRAILING reason=NO_STATIC_PATH
1786787346.122 [STATIC_OT] state=TRAILING path_exists=0 path_locked=0 path_ttl_ok=0 path_safe=0 on_spline=0 speed=3.14 raw_wpnts=0 raw_age=-s decision=TRAILING reason=NO_STATIC_PATH
1786787346.320 [OBSTACLES] cur_s=2.90 cur_d=0.22 vs=2.58 n=2 [id=63 static=1 gap=5.62m d=-0.17 size=0.44; id=64 static=1 gap=3.11m d=0.88 size=0.44]
1786787346.324 [STATIC_OT] state=TRAILING path_exists=0 path_locked=0 path_ttl_ok=0 path_safe=0 on_spline=0 speed=2.58 raw_wpnts=0 raw_age=-s decision=TRAILING reason=NO_STATIC_PATH
1786787346.531 [STATIC_OT] state=TRAILING path_exists=0 path_locked=0 path_ttl_ok=0 path_safe=0 on_spline=0 speed=2.07 raw_wpnts=0 raw_age=-s decision=TRAILING reason=NO_STATIC_PATH
1786787346.663 [STATE_CHANGE] TRAILING -> OVERTAKE src=OVERTAKE s=3.77 d=-0.00 vs=1.77
1786787346.908 [OBSTACLES] cur_s=4.07 cur_d=-0.02 vs=1.20 n=2 [id=63 static=1 gap=4.54m d=-0.16 size=0.27; id=64 static=1 gap=1.96m d=0.90 size=0.40]
1786787347.460 [OBSTACLES] cur_s=5.06 cur_d=-0.02 vs=3.32 n=2 [id=63 static=0 gap=3.03m d=-0.24 size=0.27; id=64 static=1 gap=0.91m d=0.89 size=0.43]
1786787348.037 [OBSTACLES] cur_s=6.76 cur_d=0.13 vs=3.39 n=0 [none]
1786787348.662 [OBSTACLES] cur_s=8.79 cur_d=0.13 vs=3.05 n=0 [none]
1786787349.177 [OBSTACLES] cur_s=10.22 cur_d=-0.02 vs=2.51 n=0 [none]
1786787349.683 [OBSTACLES] cur_s=11.67 cur_d=0.27 vs=2.33 n=0 [none]
1786787350.197 [OBSTACLES] cur_s=13.00 cur_d=0.17 vs=3.22 n=0 [none]
1786787350.607 [STATE_CHANGE] OVERTAKE -> GB_TRACK src=GB_TRACK s=14.38 d=0.02 vs=3.32
1786787350.745 [OBSTACLES] cur_s=15.10 cur_d=0.03 vs=2.97 n=0 [none]
1786787351.432 [OBSTACLES] cur_s=16.66 cur_d=0.14 vs=2.55 n=1 [id=65 static=1 gap=6.12m d=0.56 size=0.32]
1786787351.888 [STATIC_OT] state=GB_TRACK path_exists=0 path_locked=0 path_ttl_ok=0 path_safe=0 on_spline=0 speed=2.97 raw_wpnts=0 raw_age=-s decision=TRAILING reason=NO_STATIC_PATH
1786787351.888 [STATE_CHANGE] GB_TRACK -> TRAILING src=GB_TRACK s=17.87 d=0.36 vs=2.97
1786787351.952 [OBSTACLES] cur_s=18.04 cur_d=0.35 vs=3.01 n=1 [id=65 static=1 gap=4.64m d=0.53 size=0.28]
1786787352.104 [STATIC_OT] state=TRAILING path_exists=0 path_locked=0 path_ttl_ok=0 path_safe=0 on_spline=0 speed=3.23 raw_wpnts=0 raw_age=-s decision=TRAILING reason=NO_STATIC_PATH
1786787352.309 [STATIC_OT] state=TRAILING path_exists=0 path_locked=0 path_ttl_ok=0 path_safe=0 on_spline=0 speed=3.04 raw_wpnts=0 raw_age=-s decision=TRAILING reason=NO_STATIC_PATH
1786787352.511 [OBSTACLES] cur_s=19.46 cur_d=0.05 vs=2.68 n=1 [id=65 static=0 gap=2.73m d=0.49 size=0.28]
1786787352.519 [STATE_CHANGE] TRAILING -> GB_TRACK src=GB_TRACK s=19.46 d=0.05 vs=2.68
1786787353.025 [OBSTACLES] cur_s=20.57 cur_d=0.06 vs=2.73 n=1 [id=65 static=1 gap=1.47m d=0.48 size=0.29]
1786787353.641 [OBSTACLES] cur_s=22.43 cur_d=-0.16 vs=3.41 n=0 [none]
1786787354.230 [OBSTACLES] cur_s=24.71 cur_d=-0.10 vs=3.42 n=0 [none]
1786787354.782 [OBSTACLES] cur_s=26.78 cur_d=0.05 vs=3.44 n=0 [none]
1786787355.311 [OBSTACLES] cur_s=28.62 cur_d=0.17 vs=3.42 n=0 [none]
1786787355.816 [OBSTACLES] cur_s=30.42 cur_d=0.28 vs=3.44 n=0 [none]
1786787355.994 [STATE_CHANGE] GB_TRACK -> RECOVERY src=RECOVERY s=30.89 d=0.29 vs=3.44
1786787356.348 [OBSTACLES] cur_s=32.41 cur_d=0.25 vs=3.21 n=0 [none]
1786787356.859 [OBSTACLES] cur_s=34.27 cur_d=0.34 vs=3.37 n=0 [none]
1786787357.287 [STATIC_OT] state=RECOVERY path_exists=0 path_locked=0 path_ttl_ok=0 path_safe=0 on_spline=0 speed=3.43 raw_wpnts=0 raw_age=-s decision=TRAILING reason=NO_STATIC_PATH
1786787357.287 [STATE_CHANGE] RECOVERY -> TRAILING src=RECOVERY s=1.43 d=0.35 vs=3.43
1786787357.413 [OBSTACLES] cur_s=1.77 cur_d=0.35 vs=3.43 n=2 [id=66 static=1 gap=7.47m d=-0.21 size=0.27; id=67 static=1 gap=4.03m d=0.86 size=0.38]
1786787357.550 [STATIC_OT] state=TRAILING path_exists=0 path_locked=0 path_ttl_ok=0 path_safe=0 on_spline=0 speed=3.42 raw_wpnts=0 raw_age=-s decision=TRAILING reason=NO_STATIC_PATH
1786787357.798 [STATIC_OT] state=TRAILING path_exists=0 path_locked=0 path_ttl_ok=0 path_safe=0 on_spline=0 speed=2.96 raw_wpnts=0 raw_age=-s decision=TRAILING reason=NO_STATIC_PATH
1786787357.955 [OBSTACLES] cur_s=3.14 cur_d=0.07 vs=2.42 n=2 [id=66 static=1 gap=6.09m d=-0.15 size=0.29; id=67 static=1 gap=2.66m d=0.90 size=0.41]
1786787358.034 [STATIC_OT] state=TRAILING path_exists=0 path_locked=0 path_ttl_ok=0 path_safe=0 on_spline=0 speed=2.27 raw_wpnts=0 raw_age=-s decision=TRAILING reason=NO_STATIC_PATH
1786787358.259 [STATIC_OT] state=TRAILING path_exists=0 path_locked=0 path_ttl_ok=0 path_safe=0 on_spline=0 speed=1.76 raw_wpnts=0 raw_age=-s decision=TRAILING reason=NO_STATIC_PATH
1786787358.353 [STATE_CHANGE] TRAILING -> OVERTAKE src=OVERTAKE s=3.87 d=-0.05 vs=1.80
1786787358.544 [OBSTACLES] cur_s=4.21 cur_d=-0.05 vs=1.61 n=2 [id=66 static=1 gap=4.70m d=-0.18 size=0.26; id=67 static=1 gap=1.49m d=0.90 size=0.42]
1786787359.154 [OBSTACLES] cur_s=5.59 cur_d=0.04 vs=3.20 n=1 [id=66 static=1 gap=3.28m d=-0.17 size=0.27]
1786787359.709 [OBSTACLES] cur_s=7.44 cur_d=-0.12 vs=2.61 n=1 [id=66 static=1 gap=1.40m d=-0.16 size=0.21]
1786787360.273 [OBSTACLES] cur_s=9.05 cur_d=0.21 vs=3.14 n=0 [none]
1786787360.786 [OBSTACLES] cur_s=10.42 cur_d=-0.09 vs=2.21 n=0 [none]
1786787361.309 [OBSTACLES] cur_s=11.62 cur_d=0.21 vs=2.11 n=0 [none]
1786787361.859 [OBSTACLES] cur_s=13.22 cur_d=0.04 vs=3.19 n=0 [none]
1786787362.278 [STATE_CHANGE] OVERTAKE -> LOSTLINE src=GB_TRACK s=14.61 d=-0.06 vs=3.23
1786787362.333 [STATE_CHANGE] LOSTLINE -> GB_TRACK src=GB_TRACK s=14.82 d=-0.03 vs=3.17
1786787362.405 [OBSTACLES] cur_s=15.07 cur_d=0.02 vs=3.02 n=0 [none]
1786787362.927 [OBSTACLES] cur_s=16.56 cur_d=0.05 vs=2.54 n=0 [none]
1786787363.466 [OBSTACLES] cur_s=17.79 cur_d=0.32 vs=2.91 n=1 [id=69 static=1 gap=4.96m d=0.59 size=0.28]
1786787363.473 [STATIC_OT] state=GB_TRACK path_exists=0 path_locked=0 path_ttl_ok=0 path_safe=0 on_spline=0 speed=2.91 raw_wpnts=0 raw_age=-s decision=TRAILING reason=NO_STATIC_PATH
1786787363.473 [STATE_CHANGE] GB_TRACK -> TRAILING src=GB_TRACK s=17.79 d=0.32 vs=2.91
1786787363.720 [STATIC_OT] state=TRAILING path_exists=0 path_locked=0 path_ttl_ok=0 path_safe=0 on_spline=0 speed=3.28 raw_wpnts=0 raw_age=-s decision=TRAILING reason=NO_STATIC_PATH
1786787363.796 [STATE_CHANGE] TRAILING -> RECOVERY src=RECOVERY s=19.16 d=0.32 vs=3.09
1786787364.039 [OBSTACLES] cur_s=19.94 cur_d=0.13 vs=2.74 n=1 [id=69 static=1 gap=2.88m d=0.53 size=0.27]
1786787364.304 [STATE_CHANGE] RECOVERY -> GB_TRACK src=GB_TRACK s=20.92 d=-0.02 vs=3.32
1786787364.566 [OBSTACLES] cur_s=22.11 cur_d=0.01 vs=3.43 n=1 [id=69 static=1 gap=0.77m d=0.51 size=0.27]
1786787365.091 [OBSTACLES] cur_s=23.67 cur_d=-0.09 vs=3.43 n=0 [none]
1786787365.364 [STATIC_OT] state=GB_TRACK path_exists=1 path_locked=0 path_ttl_ok=1 path_safe=0 on_spline=1 speed=3.44 raw_wpnts=81 raw_age=0.34s decision=TRAILING reason=PATH_BLOCKED blocked_obs_id=70 gap=4.45m free_dist=-0.046m branch=static/geom
1786787365.365 [STATE_CHANGE] GB_TRACK -> TRAILING src=GB_TRACK s=24.51 d=-0.14 vs=3.44
1786787365.597 [OBSTACLES] cur_s=25.42 cur_d=-0.07 vs=3.42 n=1 [id=70 static=1 gap=3.41m d=0.22 size=0.27]
1786787365.600 [STATIC_OT] state=TRAILING path_exists=1 path_locked=0 path_ttl_ok=0 path_safe=0 on_spline=1 speed=3.42 raw_wpnts=0 raw_age=-s decision=TRAILING reason=NO_STATIC_PATH
1786787365.662 [STATE_CHANGE] TRAILING -> OVERTAKE src=OVERTAKE s=25.45 d=-0.06 vs=3.41
1786787366.146 [OBSTACLES] cur_s=26.94 cur_d=0.12 vs=3.26 n=1 [id=70 static=1 gap=1.94m d=0.22 size=0.16]
1786787366.674 [OBSTACLES] cur_s=27.89 cur_d=0.06 vs=2.73 n=0 [none]
1786787367.178 [OBSTACLES] cur_s=29.59 cur_d=-0.04 vs=3.14 n=0 [none]
1786787367.704 [OBSTACLES] cur_s=31.03 cur_d=0.01 vs=3.42 n=0 [none]
1786787368.225 [OBSTACLES] cur_s=33.09 cur_d=0.23 vs=3.31 n=0 [none]
1786787368.746 [OBSTACLES] cur_s=0.30 cur_d=0.08 vs=3.41 n=0 [none]
1786787368.802 [STATE_CHANGE] OVERTAKE -> RECOVERY src=RECOVERY s=0.70 d=0.10 vs=3.41
1786787369.307 [OBSTACLES] cur_s=2.50 cur_d=0.22 vs=3.43 n=1 [id=71 static=1 gap=3.42m d=0.83 size=0.36]
1786787369.653 [STATE_CHANGE] RECOVERY -> GB_TRACK src=GB_TRACK s=3.12 d=0.01 vs=3.40
1786787369.848 [OBSTACLES] cur_s=3.76 cur_d=-0.16 vs=3.41 n=1 [id=71 static=1 gap=2.07m d=0.92 size=0.41]
1786787370.383 [OBSTACLES] cur_s=5.60 cur_d=-0.20 vs=3.41 n=1 [id=71 static=1 gap=0.19m d=0.92 size=0.38]
1786787370.997 [OBSTACLES] cur_s=7.96 cur_d=-0.13 vs=3.44 n=0 [none]
1786787371.526 [OBSTACLES] cur_s=9.40 cur_d=-0.07 vs=3.17 n=0 [none]
1786787371.974 [STATIC_OT] state=GB_TRACK path_exists=1 path_locked=0 path_ttl_ok=1 path_safe=1 on_spline=1 speed=2.51 raw_wpnts=90 raw_age=0.24s decision=OVERTAKE
1786787371.974 [STATE_CHANGE] GB_TRACK -> OVERTAKE src=OVERTAKE s=10.82 d=0.02 vs=2.51
1786787372.029 [OBSTACLES] cur_s=11.09 cur_d=0.02 vs=2.46 n=1 [id=73 static=1 gap=2.03m d=-0.12 size=0.28]
1786787372.580 [OBSTACLES] cur_s=12.22 cur_d=0.18 vs=2.56 n=1 [id=73 static=1 gap=0.92m d=-0.17 size=0.25]
1786787373.155 [OBSTACLES] cur_s=13.94 cur_d=0.46 vs=3.02 n=0 [none]
1786787373.708 [OBSTACLES] cur_s=15.27 cur_d=-0.36 vs=2.33 n=0 [none]
1786787374.271 [OBSTACLES] cur_s=16.25 cur_d=-0.01 vs=2.06 n=0 [none]
1786787374.361 [STATIC_OT] state=OVERTAKE path_exists=1 path_locked=1 path_ttl_ok=0 path_safe=0 on_spline=1 speed=2.10 raw_wpnts=0 raw_age=-s decision=TRAILING reason=NO_STATIC_PATH
1786787374.362 [STATE_CHANGE] OVERTAKE -> TRAILING src=GB_TRACK s=16.42 d=0.11 vs=2.10
1786787374.573 [STATIC_OT] state=TRAILING path_exists=0 path_locked=0 path_ttl_ok=0 path_safe=0 on_spline=0 speed=2.27 raw_wpnts=0 raw_age=-s decision=TRAILING reason=NO_STATIC_PATH
1786787374.782 [OBSTACLES] cur_s=17.43 cur_d=0.12 vs=2.00 n=1 [id=74 static=1 gap=5.25m d=0.55 size=0.28]
1786787374.786 [STATIC_OT] state=TRAILING path_exists=0 path_locked=0 path_ttl_ok=0 path_safe=0 on_spline=0 speed=2.00 raw_wpnts=0 raw_age=-s decision=TRAILING reason=NO_STATIC_PATH
1786787374.789 [STATE_CHANGE] TRAILING -> RECOVERY src=RECOVERY s=17.43 d=0.12 vs=2.00
1786787375.413 [OBSTACLES] cur_s=18.78 cur_d=0.13 vs=2.68 n=1 [id=74 static=1 gap=3.85m d=0.55 size=0.34]
1786787375.921 [OBSTACLES] cur_s=20.61 cur_d=0.05 vs=3.40 n=1 [id=74 static=1 gap=2.09m d=0.51 size=0.27]
1786787376.032 [STATE_CHANGE] RECOVERY -> GB_TRACK src=GB_TRACK s=20.81 d=0.02 vs=3.40
1786787376.457 [OBSTACLES] cur_s=22.52 cur_d=-0.15 vs=3.44 n=1 [id=74 static=1 gap=0.15m d=0.51 size=0.42]
1786787377.001 [OBSTACLES] cur_s=24.15 cur_d=-0.12 vs=3.43 n=0 [none]
1786787377.544 [OBSTACLES] cur_s=26.11 cur_d=-0.02 vs=3.45 n=0 [none]
1786787378.061 [OBSTACLES] cur_s=27.46 cur_d=0.21 vs=3.41 n=0 [none]
1786787378.130 [STATE_CHANGE] GB_TRACK -> LOSTLINE src=GB_TRACK s=27.70 d=0.30 vs=3.41
1786787378.245 [STATE_CHANGE] LOSTLINE -> RECOVERY src=RECOVERY s=28.24 d=0.41 vs=3.43
1786787378.566 [OBSTACLES] cur_s=29.36 cur_d=0.31 vs=3.10 n=0 [none]
1786787378.744 [STATE_CHANGE] RECOVERY -> GB_TRACK src=GB_TRACK s=29.86 d=0.05 vs=2.81
1786787379.142 [OBSTACLES] cur_s=30.82 cur_d=0.01 vs=3.10 n=0 [none]
1786787379.585 [STATE_CHANGE] GB_TRACK -> LOSTLINE src=GB_TRACK s=32.27 d=0.32 vs=3.19
1786787379.767 [OBSTACLES] cur_s=32.84 cur_d=0.29 vs=3.21 n=0 [none]
1786787379.820 [STATE_CHANGE] LOSTLINE -> GB_TRACK src=GB_TRACK s=33.08 d=0.24 vs=3.13
1786787380.195 [STATIC_OT] state=GB_TRACK path_exists=0 path_locked=0 path_ttl_ok=0 path_safe=0 on_spline=0 speed=3.12 raw_wpnts=0 raw_age=-s decision=TRAILING reason=NO_STATIC_PATH
1786787380.195 [STATE_CHANGE] GB_TRACK -> TRAILING src=GB_TRACK s=34.28 d=0.03 vs=3.12
1786787380.296 [OBSTACLES] cur_s=0.06 cur_d=-0.00 vs=3.22 n=1 [id=76 static=1 gap=11.76m d=-0.03 size=0.24]
1786787380.426 [STATIC_OT] state=TRAILING path_exists=0 path_locked=0 path_ttl_ok=0 path_safe=0 on_spline=0 speed=3.34 raw_wpnts=0 raw_age=-s decision=TRAILING reason=NO_STATIC_PATH
1786787380.639 [STATIC_OT] state=TRAILING path_exists=0 path_locked=0 path_ttl_ok=0 path_safe=0 on_spline=0 speed=3.34 raw_wpnts=0 raw_age=-s decision=TRAILING reason=NO_STATIC_PATH
1786787380.801 [OBSTACLES] cur_s=1.43 cur_d=0.19 vs=3.40 n=2 [id=76 static=1 gap=10.39m d=0.01 size=0.28; id=77 static=1 gap=4.14m d=0.79 size=0.40]
1786787380.894 [STATIC_OT] state=TRAILING path_exists=0 path_locked=0 path_ttl_ok=0 path_safe=0 on_spline=0 speed=3.44 raw_wpnts=0 raw_age=-s decision=TRAILING reason=NO_STATIC_PATH
1786787380.960 [STATE_CHANGE] TRAILING -> RECOVERY src=RECOVERY s=2.00 d=0.22 vs=3.43
1786787381.270 [STATE_CHANGE] RECOVERY -> GB_TRACK src=GB_TRACK s=3.00 d=0.02 vs=3.37
1786787381.320 [OBSTACLES] cur_s=3.21 cur_d=-0.03 vs=3.39 n=1 [id=77 static=1 gap=2.23m d=0.87 size=0.42]
1786787381.834 [OBSTACLES] cur_s=4.85 cur_d=-0.12 vs=3.44 n=0 [none]
1786787382.394 [OBSTACLES] cur_s=7.23 cur_d=-0.12 vs=3.45 n=0 [none]
1786787382.946 [OBSTACLES] cur_s=9.18 cur_d=-0.09 vs=3.34 n=0 [none]
1786787383.215 [STATIC_OT] state=GB_TRACK path_exists=0 path_locked=0 path_ttl_ok=0 path_safe=0 on_spline=0 speed=2.96 raw_wpnts=0 raw_age=-s decision=TRAILING reason=NO_STATIC_PATH
1786787383.215 [STATE_CHANGE] GB_TRACK -> TRAILING src=GB_TRACK s=9.91 d=-0.03 vs=2.96
1786787383.457 [STATIC_OT] state=TRAILING path_exists=0 path_locked=0 path_ttl_ok=0 path_safe=0 on_spline=0 speed=2.67 raw_wpnts=0 raw_age=-s decision=TRAILING reason=NO_STATIC_PATH
1786787383.511 [OBSTACLES] cur_s=10.56 cur_d=0.06 vs=2.55 n=1 [id=79 static=1 gap=1.25m d=0.17 size=0.21]
1786787383.517 [STATE_CHANGE] TRAILING -> OVERTAKE src=OVERTAKE s=10.56 d=0.06 vs=2.55
1786787384.064 [OBSTACLES] cur_s=11.75 cur_d=0.11 vs=2.19 n=1 [id=79 static=1 gap=0.09m d=0.17 size=0.16]
1786787384.651 [OBSTACLES] cur_s=13.42 cur_d=-0.07 vs=3.28 n=0 [none]
1786787385.198 [OBSTACLES] cur_s=15.23 cur_d=0.06 vs=2.93 n=0 [none]
1786787385.757 [OBSTACLES] cur_s=16.50 cur_d=-0.03 vs=2.49 n=1 [id=80 static=1 gap=6.28m d=0.48 size=0.28]
1786787385.758 [STATE_CHANGE] OVERTAKE -> GB_TRACK src=GB_TRACK s=16.50 d=-0.03 vs=2.49
1786787386.294 [OBSTACLES] cur_s=17.55 cur_d=0.08 vs=2.72 n=1 [id=80 static=1 gap=5.07m d=0.49 size=0.29]
1786787386.884 [OBSTACLES] cur_s=19.45 cur_d=-0.05 vs=3.41 n=1 [id=80 static=0 gap=2.88m d=0.41 size=0.28]
1786787386.895 [STATIC_OT] state=GB_TRACK path_exists=0 path_locked=0 path_ttl_ok=0 path_safe=0 on_spline=0 speed=3.41 raw_wpnts=0 raw_age=-s decision=TRAILING reason=NO_STATIC_PATH
1786787386.895 [STATE_CHANGE] GB_TRACK -> TRAILING src=GB_TRACK s=19.45 d=-0.05 vs=3.41
1786787386.934 [STATE_CHANGE] TRAILING -> RECOVERY src=RECOVERY s=19.62 d=-0.06 vs=3.42
1786787386.988 [STATE_CHANGE] RECOVERY -> TRAILING src=RECOVERY s=19.82 d=-0.06 vs=3.43
1786787387.023 [STATE_CHANGE] TRAILING -> RECOVERY src=RECOVERY s=19.92 d=-0.06 vs=3.43
1786787387.092 [STATE_CHANGE] RECOVERY -> TRAILING src=RECOVERY s=20.13 d=-0.06 vs=3.43
1786787387.124 [STATIC_OT] state=TRAILING path_exists=0 path_locked=0 path_ttl_ok=0 path_safe=0 on_spline=0 speed=3.44 raw_wpnts=0 raw_age=-s decision=TRAILING reason=NO_STATIC_PATH
1786787387.124 [STATE_CHANGE] TRAILING -> RECOVERY src=RECOVERY s=20.22 d=-0.05 vs=3.44
1786787387.185 [STATE_CHANGE] RECOVERY -> GB_TRACK src=GB_TRACK s=20.44 d=-0.03 vs=3.44
1786787387.429 [OBSTACLES] cur_s=21.16 cur_d=-0.01 vs=3.49 n=1 [id=80 static=1 gap=1.21m d=0.47 size=0.39]
1786787387.433 [STATIC_OT] state=GB_TRACK path_exists=1 path_locked=0 path_ttl_ok=1 path_safe=1 on_spline=1 speed=3.49 raw_wpnts=88 raw_age=0.25s decision=OVERTAKE
1786787387.433 [STATE_CHANGE] GB_TRACK -> OVERTAKE src=OVERTAKE s=21.16 d=-0.01 vs=3.49
1786787387.930 [OBSTACLES] cur_s=23.07 cur_d=-0.07 vs=3.41 n=0 [none]
1786787388.448 [OBSTACLES] cur_s=25.04 cur_d=-0.12 vs=3.40 n=0 [none]
1786787389.021 [OBSTACLES] cur_s=26.96 cur_d=0.08 vs=3.44 n=0 [none]
1786787389.545 [OBSTACLES] cur_s=28.93 cur_d=0.10 vs=3.42 n=0 [none]
1786787389.551 [STATE_CHANGE] OVERTAKE -> LOSTLINE src=GB_TRACK s=28.93 d=0.10 vs=3.42
1786787389.617 [STATE_CHANGE] LOSTLINE -> GB_TRACK src=GB_TRACK s=29.12 d=0.11 vs=3.41
1786787390.056 [OBSTACLES] cur_s=30.52 cur_d=0.24 vs=3.42 n=0 [none]
1786787390.635 [OBSTACLES] cur_s=32.65 cur_d=0.22 vs=3.34 n=0 [none]
1786787391.176 [OBSTACLES] cur_s=0.18 cur_d=0.27 vs=3.41 n=0 [none]
1786787391.339 [STATE_CHANGE] GB_TRACK -> LOSTLINE src=GB_TRACK s=0.53 d=0.29 vs=3.43
1786787391.475 [STATIC_OT] state=GB_TRACK path_exists=0 path_locked=0 path_ttl_ok=0 path_safe=0 on_spline=0 speed=3.43 raw_wpnts=0 raw_age=-s decision=TRAILING reason=NO_STATIC_PATH
1786787391.477 [STATE_CHANGE] LOSTLINE -> TRAILING src=GB_TRACK s=0.60 d=0.29 vs=3.43
1786787391.734 [OBSTACLES] cur_s=1.92 cur_d=0.15 vs=3.22 n=1 [id=82 static=1 gap=3.66m d=0.88 size=0.36]
1786787391.737 [STATIC_OT] state=TRAILING path_exists=0 path_locked=0 path_ttl_ok=0 path_safe=0 on_spline=0 speed=3.22 raw_wpnts=0 raw_age=-s decision=TRAILING reason=NO_STATIC_PATH
1786787391.998 [STATIC_OT] state=TRAILING path_exists=0 path_locked=0 path_ttl_ok=0 path_safe=0 on_spline=0 speed=2.73 raw_wpnts=0 raw_age=-s decision=TRAILING reason=NO_STATIC_PATH
1786787392.093 [STATE_CHANGE] TRAILING -> GB_TRACK src=GB_TRACK s=3.06 d=0.04 vs=2.54
1786787392.265 [OBSTACLES] cur_s=3.43 cur_d=-0.01 vs=2.17 n=1 [id=82 static=1 gap=2.01m d=0.91 size=0.43]
1786787392.846 [OBSTACLES] cur_s=5.03 cur_d=-0.04 vs=3.41 n=0 [none]
1786787393.375 [OBSTACLES] cur_s=6.59 cur_d=-0.05 vs=3.44 n=0 [none]
1786787393.891 [OBSTACLES] cur_s=8.87 cur_d=-0.14 vs=3.40 n=0 [none]
1786787394.440 [OBSTACLES] cur_s=10.37 cur_d=0.09 vs=2.72 n=0 [none]
1786787394.973 [OBSTACLES] cur_s=11.70 cur_d=0.06 vs=2.43 n=0 [none]
1786787395.555 [OBSTACLES] cur_s=13.15 cur_d=0.27 vs=3.31 n=0 [none]
1786787395.706 [STATE_CHANGE] GB_TRACK -> LOSTLINE src=GB_TRACK s=13.69 d=0.32 vs=3.35
1786787395.772 [STATE_CHANGE] LOSTLINE -> GB_TRACK src=GB_TRACK s=13.90 d=0.28 vs=3.32
1786787396.070 [OBSTACLES] cur_s=14.89 cur_d=-0.13 vs=2.84 n=0 [none]
1786787396.606 [OBSTACLES] cur_s=16.11 cur_d=0.09 vs=2.15 n=0 [none]
1786787396.754 [STATIC_OT] state=GB_TRACK path_exists=0 path_locked=0 path_ttl_ok=0 path_safe=0 on_spline=0 speed=2.16 raw_wpnts=0 raw_age=-s decision=TRAILING reason=NO_STATIC_PATH
1786787396.755 [STATE_CHANGE] GB_TRACK -> TRAILING src=GB_TRACK s=16.38 d=0.16 vs=2.16
1786787396.908 [STATE_CHANGE] TRAILING -> RECOVERY src=RECOVERY s=16.74 d=0.21 vs=2.41
1786787397.107 [OBSTACLES] cur_s=17.32 cur_d=0.15 vs=2.43 n=1 [id=84 static=1 gap=5.34m d=0.57 size=0.30]
1786787397.353 [STATE_CHANGE] RECOVERY -> GB_TRACK src=GB_TRACK s=18.08 d=0.04 vs=3.15
1786787397.615 [OBSTACLES] cur_s=18.33 cur_d=0.04 vs=3.32 n=1 [id=84 static=1 gap=4.29m d=0.57 size=0.25]
1786787397.799 [STATIC_OT] state=GB_TRACK path_exists=0 path_locked=0 path_ttl_ok=0 path_safe=0 on_spline=0 speed=3.39 raw_wpnts=0 raw_age=-s decision=TRAILING reason=NO_STATIC_PATH
1786787397.801 [STATE_CHANGE] GB_TRACK -> TRAILING src=GB_TRACK s=18.99 d=0.16 vs=3.39
1786787397.879 [STATE_CHANGE] TRAILING -> LOSTLINE src=GB_TRACK s=19.27 d=0.20 vs=3.40
1786787397.966 [STATE_CHANGE] LOSTLINE -> GB_TRACK src=GB_TRACK s=19.79 d=0.24 vs=3.43
1786787398.132 [OBSTACLES] cur_s=20.19 cur_d=0.23 vs=3.19 n=1 [id=84 static=0 gap=2.07m d=0.50 size=0.28]
1786787398.636 [OBSTACLES] cur_s=22.03 cur_d=-0.18 vs=3.38 n=1 [id=84 static=0 gap=0.30m d=0.71 size=0.27]
1786787399.248 [OBSTACLES] cur_s=24.09 cur_d=-0.15 vs=3.39 n=0 [none]
1786787399.751 [OBSTACLES] cur_s=26.14 cur_d=-0.06 vs=3.44 n=0 [none]
1786787400.283 [OBSTACLES] cur_s=27.74 cur_d=0.12 vs=3.38 n=0 [none]
1786787400.830 [OBSTACLES] cur_s=29.67 cur_d=0.17 vs=3.42 n=0 [none]
1786787401.355 [OBSTACLES] cur_s=31.41 cur_d=0.21 vs=3.38 n=0 [none]
1786787401.629 [STATE_CHANGE] GB_TRACK -> LOSTLINE src=GB_TRACK s=32.26 d=0.32 vs=3.38
1786787401.777 [STATE_CHANGE] LOSTLINE -> GB_TRACK src=GB_TRACK s=33.15 d=0.27 vs=3.27
1786787401.960 [OBSTACLES] cur_s=33.67 cur_d=0.20 vs=3.14 n=0 [none]
1786787402.229 [STATIC_OT] state=GB_TRACK path_exists=0 path_locked=0 path_ttl_ok=0 path_safe=0 on_spline=0 speed=3.34 raw_wpnts=0 raw_age=-s decision=TRAILING reason=NO_STATIC_PATH
1786787402.233 [STATE_CHANGE] GB_TRACK -> TRAILING src=GB_TRACK s=34.50 d=0.11 vs=3.34
1786787402.469 [STATIC_OT] state=TRAILING path_exists=1 path_locked=0 path_ttl_ok=1 path_safe=1 on_spline=1 speed=3.37 raw_wpnts=127 raw_age=0.43s decision=OVERTAKE
1786787402.470 [STATE_CHANGE] TRAILING -> OVERTAKE src=OVERTAKE s=0.62 d=0.11 vs=3.37
1786787402.585 [OBSTACLES] cur_s=0.86 cur_d=0.14 vs=3.24 n=0 [none]
1786787403.125 [OBSTACLES] cur_s=2.35 cur_d=0.23 vs=3.39 n=1 [id=86 static=1 gap=3.16m d=0.84 size=0.32]
1786787403.661 [OBSTACLES] cur_s=4.31 cur_d=0.08 vs=3.44 n=1 [id=86 static=1 gap=1.09m d=0.89 size=0.45]
1786787404.172 [OBSTACLES] cur_s=6.40 cur_d=-0.13 vs=3.43 n=0 [none]
1786787404.680 [OBSTACLES] cur_s=8.25 cur_d=-0.18 vs=3.42 n=0 [none]
1786787405.198 [OBSTACLES] cur_s=9.77 cur_d=0.05 vs=3.10 n=0 [none]
1786787405.732 [OBSTACLES] cur_s=11.22 cur_d=0.04 vs=2.44 n=0 [none]
1786787406.066 [STATE_CHANGE] OVERTAKE -> LOSTLINE src=GB_TRACK s=11.95 d=0.17 vs=2.51
1786787406.136 [STATE_CHANGE] LOSTLINE -> GB_TRACK src=GB_TRACK s=12.09 d=0.19 vs=2.69
1786787406.273 [OBSTACLES] cur_s=12.43 cur_d=0.23 vs=3.00 n=0 [none]
1786787406.815 [OBSTACLES] cur_s=14.50 cur_d=0.01 vs=3.24 n=0 [none]
1786787407.366 [OBSTACLES] cur_s=15.98 cur_d=0.04 vs=2.49 n=0 [none]
1786787408.036 [OBSTACLES] cur_s=17.67 cur_d=0.20 vs=3.12 n=1 [id=87 static=1 gap=5.01m d=0.56 size=0.30]
1786787408.601 [OBSTACLES] cur_s=19.41 cur_d=0.18 vs=3.43 n=1 [id=87 static=1 gap=3.14m d=0.56 size=0.28]
1786787409.117 [OBSTACLES] cur_s=21.53 cur_d=0.03 vs=3.40 n=1 [id=87 static=0 gap=0.61m d=0.58 size=0.26]
1786787409.635 [OBSTACLES] cur_s=23.08 cur_d=-0.17 vs=3.43 n=0 [none]
1786787410.135 [OBSTACLES] cur_s=25.03 cur_d=-0.00 vs=3.41 n=0 [none]
1786787410.670 [OBSTACLES] cur_s=26.69 cur_d=0.04 vs=3.43 n=0 [none]
1786787411.220 [OBSTACLES] cur_s=28.74 cur_d=0.20 vs=3.39 n=0 [none]
1786787411.769 [OBSTACLES] cur_s=30.39 cur_d=0.21 vs=3.43 n=0 [none]
1786787412.318 [OBSTACLES] cur_s=32.52 cur_d=0.26 vs=3.34 n=0 [none]
1786787412.471 [STATE_CHANGE] GB_TRACK -> LOSTLINE src=GB_TRACK s=33.07 d=0.31 vs=3.29
1786787412.839 [OBSTACLES] cur_s=34.37 cur_d=0.35 vs=3.37 n=1 [id=88 static=1 gap=7.46m d=0.73 size=0.33]
1786787412.843 [STATIC_OT] state=GB_TRACK path_exists=0 path_locked=0 path_ttl_ok=0 path_safe=0 on_spline=0 speed=3.37 raw_wpnts=0 raw_age=-s decision=TRAILING reason=NO_STATIC_PATH
1786787412.843 [STATE_CHANGE] LOSTLINE -> TRAILING src=GB_TRACK s=34.37 d=0.35 vs=3.37
1786787413.127 [STATIC_OT] state=TRAILING path_exists=0 path_locked=0 path_ttl_ok=0 path_safe=0 on_spline=0 speed=3.43 raw_wpnts=0 raw_age=-s decision=TRAILING reason=NO_STATIC_PATH
1786787413.346 [OBSTACLES] cur_s=1.69 cur_d=0.31 vs=3.09 n=2 [id=88 static=1 gap=5.66m d=0.71 size=0.33; id=90 static=1 gap=4.11m d=-0.05 size=0.36]
1786787413.359 [STATIC_OT] state=TRAILING path_exists=0 path_locked=0 path_ttl_ok=0 path_safe=0 on_spline=0 speed=3.09 raw_wpnts=0 raw_age=-s decision=TRAILING reason=NO_STATIC_PATH
1786787413.610 [STATIC_OT] state=TRAILING path_exists=0 path_locked=0 path_ttl_ok=0 path_safe=0 on_spline=0 speed=2.56 raw_wpnts=0 raw_age=-s decision=TRAILING reason=NO_STATIC_PATH
1786787413.748 [STATE_CHANGE] TRAILING -> OVERTAKE src=OVERTAKE s=2.61 d=0.29 vs=2.05
1786787413.849 [OBSTACLES] cur_s=2.60 cur_d=0.18 vs=1.69 n=2 [id=88 static=1 gap=4.77m d=0.72 size=0.32; id=90 static=1 gap=3.22m d=-0.04 size=0.40]
1786787414.360 [OBSTACLES] cur_s=3.25 cur_d=0.06 vs=2.44 n=0 [none]
1786787414.906 [OBSTACLES] cur_s=5.27 cur_d=0.27 vs=3.17 n=0 [none]
1786787415.461 [OBSTACLES] cur_s=6.86 cur_d=0.17 vs=3.33 n=0 [none]
1786787416.054 [OBSTACLES] cur_s=9.24 cur_d=-0.04 vs=3.27 n=0 [none]
1786787416.591 [OBSTACLES] cur_s=10.77 cur_d=0.06 vs=2.57 n=0 [none]
1786787417.094 [OBSTACLES] cur_s=11.93 cur_d=0.05 vs=2.50 n=0 [none]
1786787417.194 [STATE_CHANGE] OVERTAKE -> LOSTLINE src=GB_TRACK s=12.15 d=0.06 vs=2.59
1786787417.268 [STATE_CHANGE] LOSTLINE -> GB_TRACK src=GB_TRACK s=12.32 d=0.10 vs=2.72
1786787417.612 [OBSTACLES] cur_s=13.39 cur_d=0.14 vs=3.38 n=0 [none]
1786787418.161 [OBSTACLES] cur_s=15.26 cur_d=-0.12 vs=2.81 n=0 [none]
1786787418.679 [OBSTACLES] cur_s=16.42 cur_d=0.16 vs=2.27 n=0 [none]
1786787419.186 [OBSTACLES] cur_s=17.64 cur_d=0.12 vs=2.92 n=1 [id=93 static=1 gap=4.96m d=0.56 size=0.33]
1786787419.689 [OBSTACLES] cur_s=18.99 cur_d=0.07 vs=3.40 n=1 [id=93 static=1 gap=3.57m d=0.59 size=0.26]
1786787420.243 [OBSTACLES] cur_s=20.92 cur_d=0.15 vs=3.37 n=1 [id=93 static=0 gap=1.21m d=0.51 size=0.28]
1786787420.798 [OBSTACLES] cur_s=22.73 cur_d=-0.21 vs=3.43 n=0 [none]
1786787421.357 [OBSTACLES] cur_s=24.65 cur_d=-0.08 vs=3.42 n=0 [none]
1786787421.855 [OBSTACLES] cur_s=26.46 cur_d=-0.03 vs=3.45 n=0 [none]
1786787422.357 [OBSTACLES] cur_s=28.32 cur_d=0.19 vs=3.40 n=0 [none]
1786787422.922 [OBSTACLES] cur_s=30.16 cur_d=0.15 vs=3.44 n=0 [none]
1786787423.462 [OBSTACLES] cur_s=32.08 cur_d=0.27 vs=3.38 n=0 [none]
1786787423.555 [STATE_CHANGE] GB_TRACK -> LOSTLINE src=GB_TRACK s=32.45 d=0.33 vs=3.34
1786787423.969 [OBSTACLES] cur_s=33.96 cur_d=0.33 vs=3.28 n=0 [none]
1786787424.102 [STATE_CHANGE] LOSTLINE -> GB_TRACK src=GB_TRACK s=34.52 d=0.26 vs=3.38
1786787424.493 [OBSTACLES] cur_s=1.69 cur_d=0.30 vs=3.41 n=2 [id=95 static=1 gap=5.24m d=0.85 size=0.30; id=96 static=1 gap=4.23m d=-0.08 size=0.41]
1786787424.503 [STATIC_OT] state=GB_TRACK path_exists=0 path_locked=0 path_ttl_ok=0 path_safe=0 on_spline=0 speed=3.41 raw_wpnts=0 raw_age=-s decision=TRAILING reason=NO_STATIC_PATH
1786787424.513 [STATE_CHANGE] GB_TRACK -> TRAILING src=GB_TRACK s=1.69 d=0.30 vs=3.41
1786787424.818 [STATIC_OT] state=TRAILING path_exists=0 path_locked=0 path_ttl_ok=0 path_safe=0 on_spline=0 speed=3.19 raw_wpnts=0 raw_age=-s decision=TRAILING reason=NO_STATIC_PATH
1786787425.031 [OBSTACLES] cur_s=3.23 cur_d=0.19 vs=2.84 n=2 [id=95 static=1 gap=3.77m d=0.86 size=0.17; id=96 static=1 gap=2.68m d=-0.02 size=0.37]
1786787425.037 [STATIC_OT] state=TRAILING path_exists=1 path_locked=0 path_ttl_ok=1 path_safe=0 on_spline=1 speed=2.84 raw_wpnts=120 raw_age=0.84s decision=TRAILING reason=PATH_BLOCKED blocked_obs_id=96 gap=2.86m free_dist=0.1m branch=static/geom
1786787425.355 [STATIC_OT] state=TRAILING path_exists=1 path_locked=0 path_ttl_ok=1 path_safe=0 on_spline=1 speed=2.15 raw_wpnts=110 raw_age=0.56s decision=TRAILING reason=PATH_BLOCKED blocked_obs_id=96 gap=1.95m free_dist=0.087m branch=static/geom
1786787425.547 [OBSTACLES] cur_s=4.57 cur_d=-0.07 vs=1.80 n=2 [id=95 static=1 gap=2.38m d=0.89 size=0.27; id=96 static=1 gap=1.35m d=0.03 size=0.36]
1786787425.570 [STATIC_OT] state=TRAILING path_exists=1 path_locked=0 path_ttl_ok=1 path_safe=0 on_spline=1 speed=1.80 raw_wpnts=105 raw_age=0.65s decision=TRAILING reason=PATH_BLOCKED blocked_obs_id=96 gap=1.53m free_dist=0.006m branch=static/geom
1786787425.670 [STATE_CHANGE] TRAILING -> OVERTAKE src=OVERTAKE s=4.64 d=-0.08 vs=1.62
1786787426.077 [OBSTACLES] cur_s=5.38 cur_d=-0.02 vs=1.26 n=2 [id=95 static=1 gap=1.66m d=0.89 size=0.23; id=96 static=1 gap=0.62m d=0.02 size=0.34]
1786787426.666 [OBSTACLES] cur_s=5.76 cur_d=0.15 vs=3.08 n=1 [id=96 static=0 gap=0.47m d=-0.17 size=0.44]
1786787427.090 [STATIC_OT] state=OVERTAKE path_exists=1 path_locked=1 path_ttl_ok=0 path_safe=0 on_spline=1 speed=3.29 raw_wpnts=0 raw_age=-s decision=TRAILING reason=NO_STATIC_PATH
1786787427.091 [STATE_CHANGE] OVERTAKE -> TRAILING src=GB_TRACK s=7.37 d=-0.17 vs=3.29
1786787427.170 [OBSTACLES] cur_s=7.42 cur_d=-0.26 vs=3.02 n=1 [id=96 static=0 gap=0.26m d=-0.18 size=0.42]
1786787427.272 [STATE_CHANGE] TRAILING -> LOSTLINE src=GB_TRACK s=8.00 d=-0.39 vs=3.01
1786787427.321 [STATE_CHANGE] LOSTLINE -> RECOVERY src=RECOVERY s=8.08 d=-0.39 vs=2.98
1786787427.672 [OBSTACLES] cur_s=9.36 cur_d=-0.14 vs=3.06 n=0 [none]
1786787427.750 [STATE_CHANGE] RECOVERY -> GB_TRACK src=GB_TRACK s=9.69 d=0.01 vs=2.96
1786787428.249 [OBSTACLES] cur_s=10.95 cur_d=0.09 vs=2.09 n=0 [none]
1786787428.790 [OBSTACLES] cur_s=11.80 cur_d=-0.27 vs=2.13 n=0 [none]
1786787429.388 [OBSTACLES] cur_s=13.08 cur_d=0.18 vs=2.93 n=0 [none]
1786787429.486 [STATE_CHANGE] GB_TRACK -> LOSTLINE src=GB_TRACK s=13.69 d=0.33 vs=3.27
1786787429.558 [STATE_CHANGE] LOSTLINE -> RECOVERY src=RECOVERY s=13.96 d=0.38 vs=3.33
1786787429.899 [OBSTACLES] cur_s=14.51 cur_d=0.45 vs=2.83 n=0 [none]
1786787430.054 [STATE_CHANGE] RECOVERY -> GB_TRACK src=GB_TRACK s=15.29 d=-0.04 vs=1.47
1786787430.207 [STATE_CHANGE] GB_TRACK -> RECOVERY src=RECOVERY s=15.39 d=-0.32 vs=1.32
1786787430.495 [OBSTACLES] cur_s=15.67 cur_d=-0.63 vs=1.62 n=0 [none]
1786787430.506 [STATE_CHANGE] RECOVERY -> LOSTLINE src=GB_TRACK s=15.67 d=-0.63 vs=1.62
1786787430.633 [STATE_CHANGE] LOSTLINE -> RECOVERY src=RECOVERY s=15.87 d=-0.69 vs=1.53
1786787431.218 [OBSTACLES] cur_s=16.70 cur_d=-0.23 vs=2.18 n=0 [none]
1786787431.500 [STATE_CHANGE] RECOVERY -> GB_TRACK src=GB_TRACK s=16.94 d=-0.04 vs=2.59
1786787431.788 [OBSTACLES] cur_s=18.17 cur_d=0.16 vs=3.39 n=0 [none]
1786787432.365 [OBSTACLES] cur_s=19.75 cur_d=-0.10 vs=3.41 n=0 [none]
1786787432.880 [OBSTACLES] cur_s=21.64 cur_d=0.05 vs=3.42 n=0 [none]
1786787433.409 [OBSTACLES] cur_s=23.56 cur_d=-0.27 vs=3.44 n=0 [none]
1786787433.925 [OBSTACLES] cur_s=25.43 cur_d=0.14 vs=3.38 n=0 [none]
1786787434.437 [OBSTACLES] cur_s=27.02 cur_d=0.03 vs=3.33 n=0 [none]
1786787435.171 [OBSTACLES] cur_s=29.34 cur_d=0.14 vs=3.27 n=0 [none]
1786787435.389 [STATE_CHANGE] GB_TRACK -> LOSTLINE src=GB_TRACK s=30.25 d=0.29 vs=3.42
1786787435.538 [STATE_CHANGE] LOSTLINE -> GB_TRACK src=GB_TRACK s=30.88 d=0.28 vs=3.45
1786787435.717 [OBSTACLES] cur_s=31.51 cur_d=0.17 vs=3.39 n=0 [none]
1786787436.224 [OBSTACLES] cur_s=33.05 cur_d=0.15 vs=3.24 n=0 [none]
1786787436.545 [STATIC_OT] state=GB_TRACK path_exists=0 path_locked=0 path_ttl_ok=0 path_safe=0 on_spline=0 speed=3.40 raw_wpnts=0 raw_age=-s decision=TRAILING reason=NO_STATIC_PATH
1786787436.546 [STATE_CHANGE] GB_TRACK -> TRAILING src=GB_TRACK s=34.38 d=0.30 vs=3.40
1786787436.677 [STATE_CHANGE] TRAILING -> RECOVERY src=RECOVERY s=0.11 d=0.28 vs=3.43
1786787436.735 [OBSTACLES] cur_s=0.40 cur_d=0.29 vs=3.44 n=1 [id=98 static=1 gap=6.40m d=0.79 size=0.26]
1786787436.803 [STATIC_OT] state=RECOVERY path_exists=0 path_locked=0 path_ttl_ok=0 path_safe=0 on_spline=0 speed=3.44 raw_wpnts=0 raw_age=-s decision=TRAILING reason=NO_STATIC_PATH
1786787436.809 [STATE_CHANGE] RECOVERY -> TRAILING src=RECOVERY s=0.60 d=0.28 vs=3.44
1786787437.062 [STATIC_OT] state=TRAILING path_exists=0 path_locked=0 path_ttl_ok=0 path_safe=0 on_spline=0 speed=3.39 raw_wpnts=0 raw_age=-s decision=TRAILING reason=NO_STATIC_PATH
1786787437.266 [OBSTACLES] cur_s=1.85 cur_d=0.11 vs=3.01 n=2 [id=98 static=1 gap=4.79m d=0.86 size=0.28; id=99 static=1 gap=3.71m d=-0.08 size=0.32]
1786787437.272 [STATIC_OT] state=TRAILING path_exists=0 path_locked=0 path_ttl_ok=0 path_safe=0 on_spline=0 speed=3.01 raw_wpnts=0 raw_age=-s decision=TRAILING reason=NO_STATIC_PATH
1786787437.489 [STATIC_OT] state=TRAILING path_exists=1 path_locked=0 path_ttl_ok=0 path_safe=0 on_spline=1 speed=2.52 raw_wpnts=0 raw_age=-s decision=TRAILING reason=NO_STATIC_PATH
1786787437.574 [STATE_CHANGE] TRAILING -> OVERTAKE src=OVERTAKE s=2.65 d=0.11 vs=2.27
1786787437.826 [OBSTACLES] cur_s=3.28 cur_d=0.07 vs=1.89 n=2 [id=98 static=0 gap=3.20m d=0.78 size=0.26; id=99 static=1 gap=2.18m d=-0.09 size=0.29]
1786787438.451 [OBSTACLES] cur_s=5.01 cur_d=0.05 vs=3.34 n=2 [id=98 static=0 gap=1.55m d=0.70 size=0.26; id=99 static=1 gap=0.42m d=-0.11 size=0.33]
1786787438.964 [OBSTACLES] cur_s=6.73 cur_d=0.12 vs=3.42 n=0 [none]
1786787439.496 [OBSTACLES] cur_s=8.62 cur_d=-0.03 vs=3.43 n=0 [none]
1786787440.058 [OBSTACLES] cur_s=10.24 cur_d=-0.01 vs=2.87 n=0 [none]
1786787440.565 [OBSTACLES] cur_s=11.58 cur_d=0.10 vs=2.43 n=0 [none]
1786787440.722 [STATE_CHANGE] OVERTAKE -> LOSTLINE src=GB_TRACK s=11.96 d=0.12 vs=2.52
1786787440.829 [STATE_CHANGE] LOSTLINE -> GB_TRACK src=GB_TRACK s=12.30 d=0.16 vs=2.70
1786787441.166 [OBSTACLES] cur_s=13.67 cur_d=0.22 vs=3.39 n=0 [none]
1786787441.672 [OBSTACLES] cur_s=15.17 cur_d=-0.05 vs=2.81 n=0 [none]
1786787442.273 [OBSTACLES] cur_s=16.52 cur_d=0.16 vs=2.42 n=0 [none]
1786787442.824 [OBSTACLES] cur_s=18.35 cur_d=0.14 vs=3.35 n=0 [none]
1786787443.458 [OBSTACLES] cur_s=20.36 cur_d=0.17 vs=3.44 n=0 [none]
1786787444.026 [OBSTACLES] cur_s=22.37 cur_d=-0.20 vs=3.41 n=0 [none]
1786787444.536 [OBSTACLES] cur_s=23.55 cur_d=-0.10 vs=3.39 n=0 [none]
1786787445.036 [OBSTACLES] cur_s=25.77 cur_d=-0.04 vs=3.42 n=0 [none]
1786787445.541 [OBSTACLES] cur_s=27.18 cur_d=-0.00 vs=3.36 n=0 [none]
1786787445.776 [STATE_CHANGE] GB_TRACK -> LOSTLINE src=GB_TRACK s=28.13 d=0.30 vs=3.29
1786787446.035 [STATE_CHANGE] LOSTLINE -> RECOVERY src=RECOVERY s=28.95 d=0.34 vs=3.42
1786787446.062 [OBSTACLES] cur_s=29.14 cur_d=0.31 vs=3.37 n=0 [none]
1786787446.334 [STATE_CHANGE] RECOVERY -> GB_TRACK src=GB_TRACK s=30.07 d=-0.03 vs=3.04
1786787446.599 [OBSTACLES] cur_s=30.57 cur_d=-0.09 vs=2.96 n=0 [none]
1786787447.138 [OBSTACLES] cur_s=32.32 cur_d=0.29 vs=3.24 n=0 [none]
1786787447.144 [STATE_CHANGE] GB_TRACK -> LOSTLINE src=GB_TRACK s=32.32 d=0.29 vs=3.24
1786787447.349 [STATE_CHANGE] LOSTLINE -> GB_TRACK src=GB_TRACK s=32.97 d=0.27 vs=3.20
1786787447.619 [STATIC_OT] state=GB_TRACK path_exists=0 path_locked=0 path_ttl_ok=0 path_safe=0 on_spline=0 speed=2.99 raw_wpnts=0 raw_age=-s decision=TRAILING reason=NO_STATIC_PATH
1786787447.621 [STATE_CHANGE] GB_TRACK -> TRAILING src=GB_TRACK s=33.97 d=0.03 vs=2.99
1786787447.705 [OBSTACLES] cur_s=34.31 cur_d=-0.01 vs=3.01 n=3 [id=100 static=1 gap=6.04m d=0.02 size=0.40; id=101 static=1 gap=8.24m d=0.10 size=0.25; id=102 static=1 gap=7.04m d=0.95 size=0.22]
1786787447.833 [STATIC_OT] state=TRAILING path_exists=0 path_locked=0 path_ttl_ok=0 path_safe=0 on_spline=0 speed=3.16 raw_wpnts=0 raw_age=-s decision=TRAILING reason=NO_STATIC_PATH
1786787448.135 [STATIC_OT] state=TRAILING path_exists=0 path_locked=0 path_ttl_ok=0 path_safe=0 on_spline=0 speed=2.75 raw_wpnts=0 raw_age=-s decision=TRAILING reason=NO_STATIC_PATH
1786787448.213 [OBSTACLES] cur_s=1.31 cur_d=0.09 vs=2.70 n=3 [id=101 static=1 gap=6.82m d=0.02 size=0.16; id=102 static=1 gap=5.63m d=0.89 size=0.32; id=103 static=1 gap=4.73m d=-0.08 size=0.36]
1786787448.358 [STATIC_OT] state=TRAILING path_exists=0 path_locked=0 path_ttl_ok=0 path_safe=0 on_spline=0 speed=2.48 raw_wpnts=0 raw_age=-s decision=TRAILING reason=NO_STATIC_PATH
1786787448.625 [STATIC_OT] state=TRAILING path_exists=1 path_locked=0 path_ttl_ok=1 path_safe=0 on_spline=1 speed=2.20 raw_wpnts=127 raw_age=0.67s decision=TRAILING reason=PATH_BLOCKED blocked_obs_id=101 gap=6.0m free_dist=-0.118m branch=static/geom
1786787448.734 [OBSTACLES] cur_s=2.53 cur_d=0.07 vs=1.81 n=2 [id=102 static=1 gap=4.46m d=0.88 size=0.25; id=103 static=1 gap=3.42m d=-0.08 size=0.37]
1786787448.749 [STATE_CHANGE] TRAILING -> OVERTAKE src=OVERTAKE s=2.53 d=0.07 vs=1.81
1786787449.260 [OBSTACLES] cur_s=3.19 cur_d=-0.05 vs=2.18 n=2 [id=102 static=1 gap=3.75m d=0.91 size=0.29; id=103 static=1 gap=2.72m d=-0.05 size=0.37]
1786787449.573 [STATIC_OT] state=OVERTAKE path_exists=1 path_locked=1 path_ttl_ok=1 path_safe=0 on_spline=1 speed=3.13 raw_wpnts=91 raw_age=0.77s decision=TRAILING reason=PATH_BLOCKED blocked_obs_id=104 gap=4.1m free_dist=-0.261m branch=static/geom
1786787449.582 [STATE_CHANGE] OVERTAKE -> TRAILING src=GB_TRACK s=4.05 d=0.03 vs=3.13
1786787449.836 [OBSTACLES] cur_s=5.30 cur_d=0.25 vs=3.23 n=3 [id=102 static=1 gap=1.65m d=0.92 size=0.21; id=103 static=1 gap=0.58m d=-0.05 size=0.43; id=104 static=1 gap=2.77m d=0.10 size=0.24]
1786787449.840 [STATIC_OT] state=TRAILING path_exists=1 path_locked=0 path_ttl_ok=1 path_safe=0 on_spline=1 speed=3.23 raw_wpnts=97 raw_age=0.49s decision=TRAILING reason=PATH_BLOCKED blocked_obs_id=104 gap=2.89m free_dist=-0.211m branch=static/geom
1786787450.124 [STATIC_OT] state=TRAILING path_exists=1 path_locked=0 path_ttl_ok=0 path_safe=0 on_spline=1 speed=2.97 raw_wpnts=0 raw_age=-s decision=TRAILING reason=NO_STATIC_PATH
1786787450.346 [OBSTACLES] cur_s=7.20 cur_d=0.08 vs=1.12 n=1 [id=104 static=1 gap=1.01m d=0.25 size=0.28]
1786787450.353 [STATIC_OT] state=TRAILING path_exists=1 path_locked=0 path_ttl_ok=0 path_safe=0 on_spline=1 speed=1.12 raw_wpnts=0 raw_age=-s decision=TRAILING reason=NO_STATIC_PATH
1786787450.569 [STATE_CHANGE] TRAILING -> GB_TRACK src=GB_TRACK s=7.33 d=0.05 vs=0.63
1786787451.047 [OBSTACLES] cur_s=7.54 cur_d=0.09 vs=0.97 n=1 [id=105 static=1 gap=1.19m d=0.90 size=0.22]
1786787451.572 [OBSTACLES] cur_s=8.56 cur_d=-0.23 vs=2.87 n=1 [id=105 static=1 gap=0.19m d=0.87 size=0.28]
1786787451.656 [STATE_CHANGE] GB_TRACK -> LOSTLINE src=GB_TRACK s=9.30 d=-0.36 vs=2.48
1786787452.091 [OBSTACLES] cur_s=9.66 cur_d=-0.57 vs=0.37 n=0 [none]
1786787452.603 [OBSTACLES] cur_s=9.58 cur_d=-0.46 vs=0.06 n=0 [none]
1786787453.114 [OBSTACLES] cur_s=9.55 cur_d=-0.46 vs=0.11 n=0 [none]
1786787453.661 [OBSTACLES] cur_s=9.54 cur_d=-0.51 vs=0.13 n=0 [none]
1786787453.815 [STATIC_OT] state=GB_TRACK path_exists=0 path_locked=0 path_ttl_ok=0 path_safe=0 on_spline=0 speed=0.06 raw_wpnts=0 raw_age=-s decision=TRAILING reason=NO_STATIC_PATH
1786787453.819 [STATE_CHANGE] LOSTLINE -> TRAILING src=GB_TRACK s=9.54 d=-0.54 vs=0.06
1786787454.041 [STATIC_OT] state=TRAILING path_exists=0 path_locked=0 path_ttl_ok=0 path_safe=0 on_spline=0 speed=-0.16 raw_wpnts=0 raw_age=-s decision=TRAILING reason=NO_STATIC_PATH
1786787454.183 [OBSTACLES] cur_s=9.45 cur_d=-2.41 vs=-0.50 n=1 [id=108 static=1 gap=1.81m d=-0.27 size=0.35]
1786787454.230 [STATE_CHANGE] TRAILING -> LOSTLINE src=GB_TRACK s=9.43 d=-2.55 vs=-0.44
1786787454.685 [OBSTACLES] cur_s=9.28 cur_d=-3.59 vs=-0.42 n=0 [none]
1786787455.188 [OBSTACLES] cur_s=9.16 cur_d=-4.61 vs=-0.31 n=0 [none]
1786787455.725 [OBSTACLES] cur_s=9.06 cur_d=-5.65 vs=-0.27 n=0 [none]
1786787456.235 [OBSTACLES] cur_s=8.93 cur_d=-6.66 vs=-0.39 n=0 [none]
1786787456.763 [OBSTACLES] cur_s=8.91 cur_d=-6.79 vs=0.00 n=0 [none]
1786787457.308 [OBSTACLES] cur_s=8.91 cur_d=-6.79 vs=0.00 n=0 [none]
1786787457.915 [OBSTACLES] cur_s=8.91 cur_d=-6.79 vs=0.00 n=0 [none]
1786787458.430 [OBSTACLES] cur_s=8.91 cur_d=-6.79 vs=0.00 n=0 [none]
1786787459.029 [OBSTACLES] cur_s=8.91 cur_d=-6.79 vs=0.00 n=0 [none]
1786787459.555 [OBSTACLES] cur_s=8.91 cur_d=-6.79 vs=0.00 n=0 [none]
1786787460.118 [OBSTACLES] cur_s=8.91 cur_d=-6.79 vs=0.00 n=0 [none]
1786787460.650 [OBSTACLES] cur_s=8.91 cur_d=-6.79 vs=0.00 n=0 [none]
1786787461.171 [OBSTACLES] cur_s=8.91 cur_d=-6.79 vs=0.00 n=0 [none]
1786787461.689 [OBSTACLES] cur_s=8.91 cur_d=-6.79 vs=0.00 n=0 [none]
1786787462.210 [OBSTACLES] cur_s=8.91 cur_d=-6.79 vs=0.00 n=0 [none]
1786787462.736 [OBSTACLES] cur_s=8.91 cur_d=-6.79 vs=0.00 n=0 [none]
1786787463.279 [OBSTACLES] cur_s=8.91 cur_d=-6.79 vs=0.00 n=0 [none]
1786787463.794 [OBSTACLES] cur_s=8.91 cur_d=-6.79 vs=0.00 n=0 [none]
1786787464.377 [OBSTACLES] cur_s=8.91 cur_d=-6.79 vs=0.00 n=0 [none]
1786787464.881 [OBSTACLES] cur_s=8.91 cur_d=-6.79 vs=0.00 n=0 [none]
1786787465.290 [STATE_CHANGE] LOSTLINE -> GB_TRACK src=GB_TRACK s=6.53 d=0.26 vs=0.00
1786787465.390 [OBSTACLES] cur_s=6.84 cur_d=0.12 vs=0.00 n=0 [none]
1786787466.003 [OBSTACLES] cur_s=7.05 cur_d=0.03 vs=0.00 n=0 [none]
1786787466.570 [OBSTACLES] cur_s=7.08 cur_d=0.03 vs=0.00 n=0 [none]
1786787467.107 [OBSTACLES] cur_s=7.10 cur_d=0.03 vs=0.00 n=0 [none]
1786787467.620 [OBSTACLES] cur_s=7.08 cur_d=0.04 vs=0.00 n=0 [none]
1786787467.757 [STATE_CHANGE] GB_TRACK -> LOSTLINE src=GB_TRACK s=7.49 d=0.61 vs=0.00
1786787467.804 [STATE_CHANGE] LOSTLINE -> GB_TRACK src=GB_TRACK s=7.20 d=0.24 vs=0.00
1786787468.158 [OBSTACLES] cur_s=7.08 cur_d=0.04 vs=0.00 n=0 [none]
1786787468.694 [OBSTACLES] cur_s=7.08 cur_d=0.04 vs=0.00 n=0 [none]
1786787469.201 [OBSTACLES] cur_s=7.08 cur_d=0.04 vs=0.00 n=0 [none]
1786787469.752 [OBSTACLES] cur_s=8.96 cur_d=-0.16 vs=0.00 n=0 [none]
1786787470.260 [OBSTACLES] cur_s=8.96 cur_d=-0.17 vs=0.00 n=0 [none]
1786787470.774 [OBSTACLES] cur_s=8.96 cur_d=-0.17 vs=0.00 n=0 [none]
1786787471.289 [OBSTACLES] cur_s=8.96 cur_d=-0.17 vs=0.00 n=0 [none]
1786787471.806 [OBSTACLES] cur_s=8.96 cur_d=-0.17 vs=0.00 n=0 [none]
1786787472.310 [OBSTACLES] cur_s=8.96 cur_d=-0.17 vs=0.00 n=0 [none]
1786787472.878 [OBSTACLES] cur_s=8.96 cur_d=-0.16 vs=0.00 n=0 [none]
1786787473.433 [OBSTACLES] cur_s=8.96 cur_d=-0.17 vs=0.00 n=0 [none]
1786787473.935 [OBSTACLES] cur_s=8.95 cur_d=-0.17 vs=0.00 n=0 [none]
1786787474.454 [OBSTACLES] cur_s=8.96 cur_d=-0.17 vs=0.00 n=0 [none]
1786787475.003 [OBSTACLES] cur_s=9.03 cur_d=-0.14 vs=1.10 n=0 [none]
1786787475.513 [OBSTACLES] cur_s=10.02 cur_d=0.02 vs=2.81 n=0 [none]
1786787476.027 [OBSTACLES] cur_s=11.42 cur_d=-0.08 vs=2.41 n=0 [none]
1786787476.544 [OBSTACLES] cur_s=12.63 cur_d=0.10 vs=2.96 n=0 [none]
1786787477.045 [OBSTACLES] cur_s=14.12 cur_d=0.25 vs=3.39 n=0 [none]
1786787477.610 [OBSTACLES] cur_s=15.77 cur_d=-0.35 vs=2.33 n=0 [none]
1786787477.611 [STATE_CHANGE] GB_TRACK -> LOSTLINE src=GB_TRACK s=15.77 d=-0.35 vs=2.33
1786787477.780 [STATE_CHANGE] LOSTLINE -> GB_TRACK src=GB_TRACK s=16.19 d=-0.24 vs=2.35
1786787478.148 [OBSTACLES] cur_s=16.76 cur_d=0.06 vs=2.16 n=0 [none]
1786787478.681 [OBSTACLES] cur_s=18.14 cur_d=0.08 vs=2.80 n=0 [none]
1786787479.121 [STATE_CHANGE] GB_TRACK -> RECOVERY src=RECOVERY s=19.36 d=-0.30 vs=3.37
1786787479.194 [OBSTACLES] cur_s=19.61 cur_d=-0.29 vs=3.31 n=0 [none]
1786787479.413 [STATE_CHANGE] RECOVERY -> GB_TRACK src=GB_TRACK s=20.23 d=-0.04 vs=3.22
1786787479.780 [OBSTACLES] cur_s=21.31 cur_d=0.15 vs=3.41 n=0 [none]
1786787480.280 [STATE_CHANGE] GB_TRACK -> LOSTLINE src=GB_TRACK s=22.99 d=-0.29 vs=3.37
1786787480.371 [OBSTACLES] cur_s=23.47 cur_d=-0.34 vs=3.42 n=0 [none]
1786787480.499 [STATE_CHANGE] LOSTLINE -> RECOVERY src=RECOVERY s=23.76 d=-0.31 vs=3.40
1786787480.769 [STATE_CHANGE] RECOVERY -> GB_TRACK src=GB_TRACK s=24.53 d=-0.05 vs=3.21
1786787480.904 [OBSTACLES] cur_s=25.20 cur_d=0.15 vs=3.08 n=0 [none]
1786787481.420 [OBSTACLES] cur_s=27.12 cur_d=-0.02 vs=3.41 n=0 [none]
1786787481.935 [OBSTACLES] cur_s=28.48 cur_d=0.27 vs=3.37 n=0 [none]
1786787482.456 [OBSTACLES] cur_s=30.34 cur_d=0.06 vs=3.41 n=0 [none]
1786787482.957 [OBSTACLES] cur_s=32.11 cur_d=0.23 vs=3.34 n=0 [none]
1786787483.125 [STATE_CHANGE] GB_TRACK -> LOSTLINE src=GB_TRACK s=32.87 d=0.33 vs=3.31
1786787483.288 [STATE_CHANGE] LOSTLINE -> RECOVERY src=RECOVERY s=33.36 d=0.31 vs=3.28
1786787483.485 [OBSTACLES] cur_s=34.06 cur_d=0.22 vs=3.25 n=0 [none]
1786787484.089 [OBSTACLES] cur_s=1.72 cur_d=0.22 vs=3.41 n=2 [id=109 static=1 gap=5.20m d=0.86 size=0.33; id=110 static=1 gap=4.80m d=-0.20 size=0.17]
1786787484.125 [STATIC_OT] state=RECOVERY path_exists=0 path_locked=0 path_ttl_ok=0 path_safe=0 on_spline=0 speed=3.41 raw_wpnts=0 raw_age=-s decision=TRAILING reason=NO_STATIC_PATH
1786787484.127 [STATE_CHANGE] RECOVERY -> TRAILING src=RECOVERY s=1.72 d=0.22 vs=3.41
1786787484.418 [STATIC_OT] state=TRAILING path_exists=0 path_locked=0 path_ttl_ok=0 path_safe=0 on_spline=0 speed=3.18 raw_wpnts=0 raw_age=-s decision=TRAILING reason=NO_STATIC_PATH
1786787484.691 [OBSTACLES] cur_s=3.38 cur_d=0.02 vs=2.61 n=2 [id=109 static=1 gap=3.53m d=0.84 size=0.26; id=110 static=1 gap=2.94m d=-0.18 size=0.23]
1786787484.698 [STATIC_OT] state=TRAILING path_exists=1 path_locked=0 path_ttl_ok=1 path_safe=1 on_spline=1 speed=2.61 raw_wpnts=130 raw_age=0.73s decision=OVERTAKE
1786787484.698 [STATE_CHANGE] TRAILING -> OVERTAKE src=OVERTAKE s=3.38 d=0.02 vs=2.61
1786787485.221 [OBSTACLES] cur_s=4.62 cur_d=-0.04 vs=3.15 n=1 [id=110 static=1 gap=1.35m d=-0.20 size=0.18]
1786787485.768 [OBSTACLES] cur_s=6.43 cur_d=0.10 vs=3.43 n=1 [id=109 static=0 gap=0.42m d=0.82 size=0.43]
1786787486.318 [OBSTACLES] cur_s=8.41 cur_d=-0.09 vs=3.42 n=0 [none]
1786787486.837 [OBSTACLES] cur_s=10.26 cur_d=-0.04 vs=2.66 n=0 [none]
1786787487.430 [OBSTACLES] cur_s=11.69 cur_d=0.06 vs=2.45 n=1 [id=111 static=1 gap=2.11m d=-0.09 size=0.28]
1786787487.436 [STATIC_OT] state=OVERTAKE path_exists=1 path_locked=1 path_ttl_ok=0 path_safe=0 on_spline=1 speed=2.45 raw_wpnts=0 raw_age=-s decision=TRAILING reason=NO_STATIC_PATH
1786787487.444 [STATE_CHANGE] OVERTAKE -> TRAILING src=GB_TRACK s=11.69 d=0.06 vs=2.45
1786787487.639 [STATIC_OT] state=TRAILING path_exists=0 path_locked=0 path_ttl_ok=0 path_safe=0 on_spline=0 speed=2.59 raw_wpnts=0 raw_age=-s decision=TRAILING reason=NO_STATIC_PATH
1786787487.707 [STATE_CHANGE] TRAILING -> OVERTAKE src=OVERTAKE s=12.33 d=0.01 vs=2.41
1786787487.992 [OBSTACLES] cur_s=12.58 cur_d=0.04 vs=2.32 n=1 [id=111 static=1 gap=1.21m d=-0.12 size=0.25]
1786787488.519 [OBSTACLES] cur_s=14.39 cur_d=0.31 vs=2.71 n=0 [none]
1786787489.052 [OBSTACLES] cur_s=15.50 cur_d=-0.33 vs=2.00 n=0 [none]
1786787489.653 [OBSTACLES] cur_s=16.53 cur_d=0.04 vs=2.10 n=0 [none]
1786787490.170 [OBSTACLES] cur_s=17.57 cur_d=0.08 vs=2.80 n=0 [none]
1786787490.679 [OBSTACLES] cur_s=18.85 cur_d=-0.05 vs=3.39 n=0 [none]
1786787490.807 [STATE_CHANGE] OVERTAKE -> LOSTLINE src=GB_TRACK s=19.35 d=-0.10 vs=3.38
1786787490.853 [STATE_CHANGE] LOSTLINE -> GB_TRACK src=GB_TRACK s=19.60 d=-0.07 vs=3.38
1786787491.220 [OBSTACLES] cur_s=21.09 cur_d=-0.01 vs=3.42 n=0 [none]
1786787491.738 [OBSTACLES] cur_s=22.76 cur_d=-0.26 vs=3.44 n=0 [none]
1786787492.241 [OBSTACLES] cur_s=24.49 cur_d=0.00 vs=3.39 n=0 [none]
1786787492.829 [OBSTACLES] cur_s=26.38 cur_d=-0.01 vs=3.43 n=0 [none]
1786787493.373 [OBSTACLES] cur_s=28.16 cur_d=0.20 vs=3.36 n=0 [none]
1786787493.873 [OBSTACLES] cur_s=29.92 cur_d=0.11 vs=3.41 n=0 [none]
1786787494.382 [OBSTACLES] cur_s=31.67 cur_d=0.15 vs=3.36 n=0 [none]
1786787494.561 [STATE_CHANGE] GB_TRACK -> LOSTLINE src=GB_TRACK s=32.41 d=0.29 vs=3.33
1786787494.857 [STATE_CHANGE] LOSTLINE -> RECOVERY src=RECOVERY s=33.52 d=0.30 vs=3.25
1786787494.912 [OBSTACLES] cur_s=33.66 cur_d=0.27 vs=3.26 n=0 [none]
1786787495.434 [OBSTACLES] cur_s=0.93 cur_d=0.08 vs=3.40 n=1 [id=113 static=1 gap=5.94m d=0.86 size=0.27]
1786787495.734 [STATIC_OT] state=RECOVERY path_exists=1 path_locked=0 path_ttl_ok=1 path_safe=1 on_spline=1 speed=3.40 raw_wpnts=126 raw_age=0.08s decision=OVERTAKE
1786787495.737 [STATE_CHANGE] RECOVERY -> OVERTAKE src=OVERTAKE s=1.87 d=0.22 vs=3.40
1786787495.960 [OBSTACLES] cur_s=2.59 cur_d=0.29 vs=3.43 n=2 [id=113 static=1 gap=4.36m d=0.82 size=0.28; id=114 static=1 gap=3.95m d=-0.18 size=0.18]
1786787496.348 [STATIC_OT] state=OVERTAKE path_exists=1 path_locked=1 path_ttl_ok=1 path_safe=0 on_spline=1 speed=3.33 raw_wpnts=115 raw_age=0.29s decision=TRAILING reason=PATH_BLOCKED blocked_obs_id=114 gap=2.61m free_dist=0.055m branch=dyn/nopred (id_mismatch or empty)
1786787496.349 [STATE_CHANGE] OVERTAKE -> TRAILING src=RECOVERY s=3.52 d=0.07 vs=3.33
1786787496.573 [OBSTACLES] cur_s=4.25 cur_d=-0.10 vs=3.40 n=2 [id=113 static=0 gap=2.18m d=0.85 size=0.30; id=114 static=0 gap=1.66m d=-0.19 size=0.23]
1786787496.581 [STATIC_OT] state=TRAILING path_exists=1 path_locked=0 path_ttl_ok=1 path_safe=1 on_spline=1 speed=3.40 raw_wpnts=102 raw_age=0.40s decision=OVERTAKE
1786787496.582 [STATE_CHANGE] TRAILING -> OVERTAKE src=OVERTAKE s=4.25 d=-0.10 vs=3.40
1786787497.120 [OBSTACLES] cur_s=6.30 cur_d=-0.06 vs=3.34 n=1 [id=113 static=0 gap=0.38m d=0.73 size=0.30]
1786787497.621 [OBSTACLES] cur_s=7.96 cur_d=0.07 vs=3.42 n=0 [none]
1786787498.137 [OBSTACLES] cur_s=9.67 cur_d=-0.10 vs=3.18 n=0 [none]
1786787498.665 [OBSTACLES] cur_s=11.21 cur_d=0.16 vs=2.31 n=0 [none]
1786787498.731 [STATIC_OT] state=OVERTAKE path_exists=1 path_locked=1 path_ttl_ok=0 path_safe=0 on_spline=1 speed=2.39 raw_wpnts=0 raw_age=-s decision=TRAILING reason=NO_STATIC_PATH
1786787498.744 [STATE_CHANGE] OVERTAKE -> TRAILING src=GB_TRACK s=11.33 d=0.15 vs=2.39
1786787498.939 [STATIC_OT] state=TRAILING path_exists=0 path_locked=0 path_ttl_ok=0 path_safe=0 on_spline=0 speed=2.49 raw_wpnts=0 raw_age=-s decision=TRAILING reason=NO_STATIC_PATH
1786787499.077 [STATE_CHANGE] TRAILING -> OVERTAKE src=OVERTAKE s=12.11 d=0.08 vs=2.30
1786787499.194 [OBSTACLES] cur_s=12.34 cur_d=0.03 vs=2.18 n=1 [id=115 static=1 gap=1.46m d=-0.11 size=0.25]
1786787499.699 [OBSTACLES] cur_s=13.40 cur_d=0.18 vs=2.53 n=0 [none]
1786787500.214 [OBSTACLES] cur_s=14.78 cur_d=0.06 vs=2.52 n=0 [none]
1786787500.739 [OBSTACLES] cur_s=16.02 cur_d=-0.18 vs=2.41 n=0 [none]
1786787501.265 [OBSTACLES] cur_s=16.96 cur_d=0.19 vs=2.37 n=0 [none]
1786787501.796 [OBSTACLES] cur_s=18.33 cur_d=-0.06 vs=3.15 n=0 [none]
1786787502.171 [STATE_CHANGE] OVERTAKE -> LOSTLINE src=GB_TRACK s=19.39 d=-0.10 vs=3.37
1786787502.259 [STATE_CHANGE] LOSTLINE -> GB_TRACK src=GB_TRACK s=19.78 d=-0.04 vs=3.34
1786787502.314 [OBSTACLES] cur_s=19.93 cur_d=-0.00 vs=3.34 n=0 [none]
1786787502.833 [OBSTACLES] cur_s=21.62 cur_d=0.02 vs=3.34 n=0 [none]
1786787503.385 [OBSTACLES] cur_s=23.53 cur_d=-0.22 vs=3.38 n=0 [none]
1786787503.936 [OBSTACLES] cur_s=25.35 cur_d=0.15 vs=3.43 n=0 [none]
1786787504.440 [OBSTACLES] cur_s=27.10 cur_d=-0.14 vs=3.42 n=0 [none]
1786787504.971 [OBSTACLES] cur_s=28.92 cur_d=0.26 vs=3.29 n=0 [none]
1786787505.505 [OBSTACLES] cur_s=30.62 cur_d=-0.06 vs=3.33 n=0 [none]
1786787506.116 [OBSTACLES] cur_s=32.90 cur_d=0.23 vs=3.01 n=0 [none]
1786787506.218 [STATE_CHANGE] GB_TRACK -> LOSTLINE src=GB_TRACK s=33.35 d=0.31 vs=3.09
1786787506.366 [STATE_CHANGE] LOSTLINE -> RECOVERY src=RECOVERY s=33.75 d=0.35 vs=3.19
1786787506.527 [STATIC_OT] state=RECOVERY path_exists=0 path_locked=0 path_ttl_ok=0 path_safe=0 on_spline=0 speed=3.28 raw_wpnts=0 raw_age=-s decision=TRAILING reason=NO_STATIC_PATH
1786787506.530 [STATE_CHANGE] RECOVERY -> TRAILING src=RECOVERY s=34.06 d=0.33 vs=3.28
1786787506.657 [OBSTACLES] cur_s=0.36 cur_d=0.18 vs=3.34 n=2 [id=117 static=1 gap=5.11m d=0.10 size=0.24; id=118 static=1 gap=6.54m d=0.93 size=0.21]
1786787506.798 [STATIC_OT] state=TRAILING path_exists=0 path_locked=0 path_ttl_ok=0 path_safe=0 on_spline=0 speed=3.15 raw_wpnts=0 raw_age=-s decision=TRAILING reason=NO_STATIC_PATH
1786787507.085 [STATIC_OT] state=TRAILING path_exists=0 path_locked=0 path_ttl_ok=0 path_safe=0 on_spline=0 speed=2.72 raw_wpnts=0 raw_age=-s decision=TRAILING reason=NO_STATIC_PATH
1786787507.188 [OBSTACLES] cur_s=1.94 cur_d=0.22 vs=2.47 n=3 [id=117 static=1 gap=3.52m d=0.02 size=0.38; id=118 static=1 gap=4.96m d=0.81 size=0.34; id=119 static=1 gap=11.04m d=-0.16 size=0.19]
1786787507.206 [STATE_CHANGE] TRAILING -> OVERTAKE src=OVERTAKE s=1.94 d=0.22 vs=2.47
1786787507.723 [OBSTACLES] cur_s=2.98 cur_d=0.18 vs=2.76 n=2 [id=117 static=1 gap=2.48m d=-0.00 size=0.36; id=118 static=1 gap=3.93m d=0.79 size=0.31]
1786787508.272 [OBSTACLES] cur_s=4.44 cur_d=0.29 vs=3.16 n=3 [id=117 static=1 gap=0.96m d=-0.00 size=0.36; id=118 static=1 gap=2.43m d=0.80 size=0.27; id=120 static=1 gap=8.80m d=0.00 size=0.19]
1786787508.793 [OBSTACLES] cur_s=5.86 cur_d=0.28 vs=2.92 n=1 [id=118 static=0 gap=0.65m d=0.83 size=0.28]
1786787509.320 [OBSTACLES] cur_s=7.79 cur_d=-0.16 vs=3.42 n=0 [none]
1786787509.869 [OBSTACLES] cur_s=9.51 cur_d=0.09 vs=3.20 n=0 [none]
1786787510.419 [OBSTACLES] cur_s=10.93 cur_d=-0.04 vs=2.46 n=0 [none]
1786787510.572 [STATIC_OT] state=OVERTAKE path_exists=1 path_locked=1 path_ttl_ok=0 path_safe=0 on_spline=1 speed=2.35 raw_wpnts=0 raw_age=-s decision=TRAILING reason=NO_STATIC_PATH
1786787510.574 [STATE_CHANGE] OVERTAKE -> TRAILING src=GB_TRACK s=11.23 d=-0.09 vs=2.35
1786787510.857 [STATIC_OT] state=TRAILING path_exists=0 path_locked=0 path_ttl_ok=0 path_safe=0 on_spline=0 speed=2.38 raw_wpnts=0 raw_age=-s decision=TRAILING reason=NO_STATIC_PATH
1786787511.009 [OBSTACLES] cur_s=12.06 cur_d=0.04 vs=2.17 n=1 [id=121 static=1 gap=1.03m d=0.27 size=0.25]
1786787511.025 [STATE_CHANGE] TRAILING -> OVERTAKE src=OVERTAKE s=12.06 d=0.04 vs=2.17
1786787511.117 [STATIC_OT] state=OVERTAKE path_exists=1 path_locked=1 path_ttl_ok=1 path_safe=0 on_spline=1 speed=1.95 raw_wpnts=81 raw_age=0.53s decision=TRAILING reason=PATH_BLOCKED blocked_obs_id=121 gap=0.86m free_dist=0.039m branch=static/geom
1786787511.119 [STATE_CHANGE] OVERTAKE -> TRAILING src=GB_TRACK s=12.35 d=0.10 vs=1.95
1786787511.169 [STATE_CHANGE] TRAILING -> OVERTAKE src=OVERTAKE s=12.48 d=0.15 vs=1.77
1786787511.445 [STATIC_OT] state=OVERTAKE path_exists=1 path_locked=1 path_ttl_ok=1 path_safe=0 on_spline=1 speed=1.63 raw_wpnts=81 raw_age=0.61s decision=TRAILING reason=PATH_BLOCKED blocked_obs_id=121 gap=0.29m free_dist=0.009m branch=static/geom
1786787511.465 [STATE_CHANGE] OVERTAKE -> TRAILING src=GB_TRACK s=12.92 d=0.18 vs=1.63
1786787511.626 [OBSTACLES] cur_s=13.18 cur_d=0.21 vs=1.64 n=0 [none]
1786787511.635 [STATE_CHANGE] TRAILING -> LOSTLINE src=GB_TRACK s=13.18 d=0.21 vs=1.64
1786787511.690 [STATE_CHANGE] LOSTLINE -> GB_TRACK src=GB_TRACK s=13.33 d=0.15 vs=2.12
1786787512.138 [OBSTACLES] cur_s=14.51 cur_d=-0.07 vs=3.20 n=0 [none]
1786787512.653 [OBSTACLES] cur_s=16.05 cur_d=0.04 vs=2.48 n=0 [none]
1786787513.233 [OBSTACLES] cur_s=17.43 cur_d=0.22 vs=2.95 n=0 [none]
1786787513.759 [OBSTACLES] cur_s=18.89 cur_d=0.11 vs=3.43 n=0 [none]
1786787514.319 [OBSTACLES] cur_s=20.74 cur_d=0.08 vs=3.43 n=0 [none]
1786787514.869 [OBSTACLES] cur_s=22.71 cur_d=-0.27 vs=3.34 n=0 [none]
1786787515.398 [OBSTACLES] cur_s=24.54 cur_d=-0.11 vs=3.42 n=0 [none]
1786787516.018 [OBSTACLES] cur_s=26.81 cur_d=-0.01 vs=3.44 n=0 [none]
1786787516.527 [OBSTACLES] cur_s=28.63 cur_d=0.18 vs=3.42 n=0 [none]
1786787517.076 [OBSTACLES] cur_s=30.52 cur_d=0.20 vs=3.43 n=0 [none]
1786787517.618 [OBSTACLES] cur_s=32.46 cur_d=0.30 vs=3.37 n=0 [none]
1786787517.619 [STATE_CHANGE] GB_TRACK -> LOSTLINE src=GB_TRACK s=32.46 d=0.30 vs=3.37
1786787517.823 [STATE_CHANGE] LOSTLINE -> GB_TRACK src=GB_TRACK s=33.34 d=0.28 vs=3.28
1786787518.072 [STATIC_OT] state=GB_TRACK path_exists=0 path_locked=0 path_ttl_ok=0 path_safe=0 on_spline=0 speed=3.35 raw_wpnts=0 raw_age=-s decision=TRAILING reason=NO_STATIC_PATH
1786787518.072 [STATE_CHANGE] GB_TRACK -> TRAILING src=GB_TRACK s=34.21 d=0.26 vs=3.35
1786787518.137 [OBSTACLES] cur_s=34.44 cur_d=0.24 vs=3.42 n=1 [id=123 static=1 gap=7.82m d=0.39 size=0.24]
1786787518.295 [STATIC_OT] state=TRAILING path_exists=0 path_locked=0 path_ttl_ok=0 path_safe=0 on_spline=0 speed=3.42 raw_wpnts=0 raw_age=-s decision=TRAILING reason=NO_STATIC_PATH
1786787518.566 [STATIC_OT] state=TRAILING path_exists=0 path_locked=0 path_ttl_ok=0 path_safe=0 on_spline=0 speed=3.08 raw_wpnts=0 raw_age=-s decision=TRAILING reason=NO_STATIC_PATH
1786787518.646 [OBSTACLES] cur_s=1.68 cur_d=0.36 vs=2.64 n=2 [id=123 static=1 gap=6.03m d=0.33 size=0.37; id=124 static=1 gap=3.72m d=-0.06 size=0.37]
1786787518.798 [STATIC_OT] state=TRAILING path_exists=0 path_locked=0 path_ttl_ok=0 path_safe=0 on_spline=0 speed=2.29 raw_wpnts=0 raw_age=-s decision=TRAILING reason=NO_STATIC_PATH
1786787519.107 [STATIC_OT] state=TRAILING path_exists=1 path_locked=0 path_ttl_ok=1 path_safe=0 on_spline=1 speed=1.55 raw_wpnts=103 raw_age=0.47s decision=TRAILING reason=PATH_BLOCKED blocked_obs_id=123 gap=5.44m free_dist=0.035m branch=static/geom
1786787519.276 [OBSTACLES] cur_s=2.43 cur_d=0.11 vs=1.05 n=2 [id=123 static=1 gap=5.33m d=0.36 size=0.32; id=124 static=1 gap=2.99m d=-0.01 size=0.36]
1786787519.412 [STATIC_OT] state=TRAILING path_exists=1 path_locked=0 path_ttl_ok=0 path_safe=0 on_spline=1 speed=0.83 raw_wpnts=0 raw_age=-s decision=TRAILING reason=NO_STATIC_PATH
1786787519.627 [STATIC_OT] state=TRAILING path_exists=1 path_locked=0 path_ttl_ok=0 path_safe=0 on_spline=1 speed=0.42 raw_wpnts=0 raw_age=-s decision=TRAILING reason=NO_STATIC_PATH
1786787519.811 [OBSTACLES] cur_s=2.61 cur_d=0.08 vs=0.23 n=1 [id=124 static=0 gap=2.43m d=-0.02 size=0.35]
1786787519.814 [STATE_CHANGE] TRAILING -> OVERTAKE src=OVERTAKE s=2.61 d=0.08 vs=0.23
1786787520.353 [OBSTACLES] cur_s=2.72 cur_d=0.07 vs=1.28 n=2 [id=124 static=1 gap=2.31m d=0.00 size=0.35; id=123 static=1 gap=4.67m d=0.39 size=0.23]
1786787520.883 [OBSTACLES] cur_s=3.93 cur_d=0.28 vs=2.86 n=2 [id=124 static=1 gap=1.05m d=0.01 size=0.34; id=123 static=1 gap=3.38m d=0.41 size=0.28]
1786787521.400 [OBSTACLES] cur_s=5.34 cur_d=0.35 vs=2.08 n=1 [id=123 static=1 gap=1.96m d=0.39 size=0.29]
1786787521.945 [OBSTACLES] cur_s=6.43 cur_d=-0.10 vs=2.45 n=1 [id=123 static=1 gap=0.92m d=0.41 size=0.25]
1786787522.494 [OBSTACLES] cur_s=7.96 cur_d=0.03 vs=3.27 n=0 [none]
1786787523.005 [OBSTACLES] cur_s=10.06 cur_d=-0.05 vs=3.02 n=0 [none]
1786787523.219 [STATE_CHANGE] OVERTAKE -> LOSTLINE src=GB_TRACK s=10.57 d=-0.18 vs=2.75
1786787523.255 [STATE_CHANGE] LOSTLINE -> GB_TRACK src=GB_TRACK s=10.65 d=-0.18 vs=2.70
1786787523.543 [OBSTACLES] cur_s=11.20 cur_d=-0.00 vs=2.32 n=1 [id=125 static=1 gap=3.96m d=0.09 size=0.25]
1786787523.563 [STATIC_OT] state=GB_TRACK path_exists=0 path_locked=0 path_ttl_ok=0 path_safe=0 on_spline=0 speed=2.32 raw_wpnts=0 raw_age=-s decision=TRAILING reason=NO_STATIC_PATH
1786787523.563 [STATE_CHANGE] GB_TRACK -> TRAILING src=GB_TRACK s=11.20 d=-0.00 vs=2.32
1786787523.826 [STATIC_OT] state=TRAILING path_exists=0 path_locked=0 path_ttl_ok=0 path_safe=0 on_spline=0 speed=2.10 raw_wpnts=0 raw_age=-s decision=TRAILING reason=NO_STATIC_PATH
1786787524.084 [OBSTACLES] cur_s=12.44 cur_d=0.33 vs=1.66 n=1 [id=125 static=1 gap=2.68m d=-0.06 size=0.25]
1786787524.087 [STATIC_OT] state=TRAILING path_exists=0 path_locked=0 path_ttl_ok=0 path_safe=0 on_spline=0 speed=1.66 raw_wpnts=0 raw_age=-s decision=TRAILING reason=NO_STATIC_PATH
1786787524.428 [STATIC_OT] state=TRAILING path_exists=1 path_locked=0 path_ttl_ok=1 path_safe=0 on_spline=1 speed=0.80 raw_wpnts=100 raw_age=0.66s decision=TRAILING reason=PATH_BLOCKED blocked_obs_id=125 gap=2.4m free_dist=0.086m branch=static/geom
1786787524.537 [STATE_CHANGE] TRAILING -> OVERTAKE src=OVERTAKE s=12.93 d=0.15 vs=0.51
1786787524.642 [OBSTACLES] cur_s=12.97 cur_d=0.13 vs=0.34 n=1 [id=125 static=1 gap=2.17m d=-0.04 size=0.25]
1786787525.160 [OBSTACLES] cur_s=13.20 cur_d=0.04 vs=1.30 n=1 [id=125 static=1 gap=1.94m d=-0.04 size=0.24]
1786787525.728 [OBSTACLES] cur_s=14.42 cur_d=-0.22 vs=2.08 n=1 [id=125 static=1 gap=0.71m d=-0.04 size=0.23]
1786787526.279 [OBSTACLES] cur_s=15.48 cur_d=-0.64 vs=2.14 n=0 [none]
1786787526.843 [OBSTACLES] cur_s=16.30 cur_d=0.13 vs=2.19 n=0 [none]
1786787527.344 [OBSTACLES] cur_s=17.74 cur_d=-0.06 vs=2.76 n=0 [none]
1786787527.850 [OBSTACLES] cur_s=18.84 cur_d=-0.08 vs=3.29 n=0 [none]
1786787528.284 [STATE_CHANGE] OVERTAKE -> LOSTLINE src=GB_TRACK s=20.42 d=0.15 vs=3.42
1786787528.320 [STATE_CHANGE] LOSTLINE -> GB_TRACK src=GB_TRACK s=20.58 d=0.13 vs=3.40
1786787528.352 [OBSTACLES] cur_s=20.62 cur_d=0.12 vs=3.39 n=0 [none]
1786787528.934 [OBSTACLES] cur_s=22.79 cur_d=-0.29 vs=3.43 n=0 [none]
1786787528.937 [STATE_CHANGE] GB_TRACK -> LOSTLINE src=GB_TRACK s=22.79 d=-0.29 vs=3.43
1786787529.072 [STATE_CHANGE] LOSTLINE -> GB_TRACK src=GB_TRACK s=23.26 d=-0.24 vs=3.37
1786787529.490 [OBSTACLES] cur_s=24.45 cur_d=-0.02 vs=3.42 n=0 [none]
1786787530.228 [OBSTACLES] cur_s=27.40 cur_d=0.02 vs=3.35 n=0 [none]
1786787530.651 [STATE_CHANGE] GB_TRACK -> LOSTLINE src=GB_TRACK s=28.63 d=0.30 vs=3.47
1786787530.754 [OBSTACLES] cur_s=29.12 cur_d=0.26 vs=3.42 n=0 [none]
1786787530.756 [STATE_CHANGE] LOSTLINE -> GB_TRACK src=GB_TRACK s=29.12 d=0.26 vs=3.42
1786787531.322 [OBSTACLES] cur_s=30.89 cur_d=0.06 vs=3.39 n=0 [none]
1786787531.729 [STATE_CHANGE] GB_TRACK -> LOSTLINE src=GB_TRACK s=32.38 d=0.30 vs=3.23
1786787531.829 [OBSTACLES] cur_s=32.77 cur_d=0.31 vs=3.33 n=0 [none]
1786787531.918 [STATE_CHANGE] LOSTLINE -> GB_TRACK src=GB_TRACK s=33.01 d=0.29 vs=3.25
1786787532.331 [STATIC_OT] state=GB_TRACK path_exists=0 path_locked=0 path_ttl_ok=0 path_safe=0 on_spline=0 speed=3.15 raw_wpnts=0 raw_age=-s decision=TRAILING reason=NO_STATIC_PATH
1786787532.333 [STATE_CHANGE] GB_TRACK -> TRAILING src=GB_TRACK s=34.35 d=0.09 vs=3.15
1786787532.410 [OBSTACLES] cur_s=0.05 cur_d=0.07 vs=3.24 n=2 [id=127 static=1 gap=2.85m d=0.93 size=0.35; id=128 static=1 gap=7.71m d=0.37 size=0.27]
1786787532.618 [STATIC_OT] state=TRAILING path_exists=0 path_locked=0 path_ttl_ok=0 path_safe=0 on_spline=0 speed=3.12 raw_wpnts=0 raw_age=-s decision=TRAILING reason=NO_STATIC_PATH
1786787532.818 [STATIC_OT] state=TRAILING path_exists=0 path_locked=0 path_ttl_ok=0 path_safe=0 on_spline=0 speed=2.86 raw_wpnts=0 raw_age=-s decision=TRAILING reason=NO_STATIC_PATH
1786787532.934 [OBSTACLES] cur_s=1.82 cur_d=0.28 vs=2.58 n=3 [id=127 static=1 gap=1.17m d=0.82 size=0.33; id=128 static=1 gap=5.94m d=0.31 size=0.33; id=129 static=1 gap=13.80m d=-0.33 size=0.20]
1786787533.075 [STATIC_OT] state=TRAILING path_exists=0 path_locked=0 path_ttl_ok=0 path_safe=0 on_spline=0 speed=2.28 raw_wpnts=0 raw_age=-s decision=TRAILING reason=NO_STATIC_PATH
1786787533.285 [STATIC_OT] state=TRAILING path_exists=0 path_locked=0 path_ttl_ok=0 path_safe=0 on_spline=0 speed=1.87 raw_wpnts=0 raw_age=-s decision=TRAILING reason=NO_STATIC_PATH
1786787533.455 [OBSTACLES] cur_s=2.55 cur_d=0.15 vs=1.55 n=2 [id=127 static=1 gap=0.40m d=0.85 size=0.38; id=128 static=1 gap=5.24m d=0.35 size=0.32]
1786787533.558 [STATIC_OT] state=TRAILING path_exists=0 path_locked=0 path_ttl_ok=0 path_safe=0 on_spline=0 speed=1.63 raw_wpnts=0 raw_age=-s decision=TRAILING reason=NO_STATIC_PATH
1786787533.714 [STATE_CHANGE] TRAILING -> OVERTAKE src=OVERTAKE s=2.71 d=0.05 vs=1.67
1786787533.942 [STATIC_OT] state=OVERTAKE path_exists=1 path_locked=1 path_ttl_ok=1 path_safe=0 on_spline=1 speed=1.47 raw_wpnts=115 raw_age=0.83s decision=TRAILING reason=PATH_BLOCKED blocked_obs_id=128 gap=4.33m free_dist=0.088m branch=dyn/nopred (id_mismatch or empty)
1786787533.956 [STATE_CHANGE] OVERTAKE -> TRAILING src=GB_TRACK s=3.16 d=0.08 vs=1.47
1786787534.018 [OBSTACLES] cur_s=3.25 cur_d=0.09 vs=1.37 n=1 [id=128 static=1 gap=4.45m d=0.35 size=0.32]
1786787534.021 [STATE_CHANGE] TRAILING -> OVERTAKE src=OVERTAKE s=3.25 d=0.09 vs=1.37
1786787534.555 [OBSTACLES] cur_s=4.30 cur_d=0.18 vs=2.69 n=1 [id=128 static=1 gap=3.07m d=0.32 size=0.29]
1786787535.077 [OBSTACLES] cur_s=5.47 cur_d=-0.18 vs=2.53 n=1 [id=128 static=1 gap=1.89m d=0.40 size=0.26]
1786787535.652 [OBSTACLES] cur_s=6.85 cur_d=0.75 vs=1.71 n=1 [id=128 static=1 gap=0.53m d=0.37 size=0.27]
1786787536.229 [OBSTACLES] cur_s=7.77 cur_d=0.49 vs=1.40 n=0 [none]
1786787536.784 [OBSTACLES] cur_s=9.09 cur_d=0.17 vs=1.74 n=0 [none]
1786787537.344 [OBSTACLES] cur_s=10.00 cur_d=0.05 vs=2.68 n=0 [none]
1786787537.890 [OBSTACLES] cur_s=11.66 cur_d=0.17 vs=2.58 n=0 [none]
1786787538.357 [STATE_CHANGE] OVERTAKE -> LOSTLINE src=GB_TRACK s=13.06 d=0.12 vs=3.33
1786787538.430 [OBSTACLES] cur_s=13.34 cur_d=0.09 vs=3.37 n=0 [none]
1786787538.433 [STATE_CHANGE] LOSTLINE -> GB_TRACK src=GB_TRACK s=13.34 d=0.09 vs=3.37
1786787538.973 [OBSTACLES] cur_s=15.15 cur_d=0.01 vs=3.06 n=1 [id=131 static=1 gap=2.02m d=0.25 size=0.43]
1786787538.978 [STATIC_OT] state=GB_TRACK path_exists=1 path_locked=0 path_ttl_ok=1 path_safe=1 on_spline=1 speed=3.06 raw_wpnts=94 raw_age=0.14s decision=OVERTAKE
1786787538.978 [STATE_CHANGE] GB_TRACK -> OVERTAKE src=OVERTAKE s=15.15 d=0.01 vs=3.06
1786787539.559 [OBSTACLES] cur_s=16.52 cur_d=0.08 vs=2.49 n=1 [id=131 static=1 gap=0.68m d=0.19 size=0.36]
1786787540.071 [OBSTACLES] cur_s=17.73 cur_d=-0.24 vs=2.53 n=0 [none]
1786787540.635 [OBSTACLES] cur_s=19.07 cur_d=0.12 vs=3.26 n=0 [none]
1786787541.212 [OBSTACLES] cur_s=21.04 cur_d=-0.21 vs=3.32 n=0 [none]
1786787541.724 [OBSTACLES] cur_s=22.85 cur_d=-0.16 vs=3.44 n=0 [none]
1786787541.928 [STATE_CHANGE] OVERTAKE -> RECOVERY src=RECOVERY s=23.55 d=-0.13 vs=3.44
1786787542.274 [OBSTACLES] cur_s=24.63 cur_d=-0.15 vs=3.45 n=0 [none]
1786787542.767 [STATE_CHANGE] RECOVERY -> GB_TRACK src=GB_TRACK s=26.21 d=-0.01 vs=3.41
1786787542.855 [OBSTACLES] cur_s=26.48 cur_d=0.05 vs=3.40 n=0 [none]
1786787543.458 [OBSTACLES] cur_s=28.72 cur_d=0.20 vs=3.44 n=0 [none]
1786787543.982 [OBSTACLES] cur_s=30.43 cur_d=0.25 vs=3.41 n=0 [none]
1786787544.185 [STATE_CHANGE] GB_TRACK -> LOSTLINE src=GB_TRACK s=31.30 d=0.32 vs=3.44
1786787544.353 [STATE_CHANGE] LOSTLINE -> GB_TRACK src=GB_TRACK s=32.00 d=0.29 vs=3.40
1786787544.553 [OBSTACLES] cur_s=32.94 cur_d=0.22 vs=3.31 n=0 [none]
1786787544.928 [STATE_CHANGE] GB_TRACK -> LOSTLINE src=GB_TRACK s=34.04 d=0.30 vs=3.33
1786787544.989 [STATE_CHANGE] LOSTLINE -> GB_TRACK src=GB_TRACK s=34.35 d=0.29 vs=3.37
1786787545.034 [STATE_CHANGE] GB_TRACK -> RECOVERY src=RECOVERY s=34.49 d=0.30 vs=3.39
1786787545.062 [OBSTACLES] cur_s=0.06 cur_d=0.30 vs=3.40 n=0 [none]
1786787545.296 [STATIC_OT] state=RECOVERY path_exists=0 path_locked=0 path_ttl_ok=0 path_safe=0 on_spline=0 speed=3.43 raw_wpnts=0 raw_age=-s decision=TRAILING reason=NO_STATIC_PATH
1786787545.305 [STATE_CHANGE] RECOVERY -> TRAILING src=RECOVERY s=0.79 d=0.36 vs=3.43
1786787545.615 [OBSTACLES] cur_s=1.90 cur_d=0.32 vs=3.21 n=2 [id=134 static=1 gap=0.74m d=0.74 size=0.33; id=135 static=1 gap=6.21m d=-0.21 size=0.39]
1786787545.624 [STATIC_OT] state=TRAILING path_exists=0 path_locked=0 path_ttl_ok=0 path_safe=0 on_spline=0 speed=3.21 raw_wpnts=0 raw_age=-s decision=TRAILING reason=NO_STATIC_PATH
1786787545.723 [STATE_CHANGE] TRAILING -> RECOVERY src=RECOVERY s=2.09 d=0.29 vs=3.11
1786787546.124 [OBSTACLES] cur_s=3.12 cur_d=0.09 vs=3.15 n=0 [none]
1786787546.321 [STATE_CHANGE] RECOVERY -> GB_TRACK src=GB_TRACK s=3.70 d=0.04 vs=3.36
1786787546.635 [OBSTACLES] cur_s=4.65 cur_d=0.02 vs=3.43 n=0 [none]
1786787547.135 [OBSTACLES] cur_s=6.73 cur_d=-0.04 vs=3.44 n=0 [none]
1786787547.688 [OBSTACLES] cur_s=8.21 cur_d=-0.16 vs=3.36 n=0 [none]
1786787548.129 [STATIC_OT] state=GB_TRACK path_exists=1 path_locked=0 path_ttl_ok=1 path_safe=0 on_spline=1 speed=3.34 raw_wpnts=81 raw_age=0.39s decision=TRAILING reason=PATH_BLOCKED blocked_obs_id=136 gap=0.15m free_dist=-0.009m branch=static/geom
1786787548.132 [STATE_CHANGE] GB_TRACK -> TRAILING src=GB_TRACK s=8.40 d=0.01 vs=3.34
1786787548.246 [OBSTACLES] cur_s=9.04 cur_d=0.08 vs=3.34 n=0 [none]
1786787548.250 [STATE_CHANGE] TRAILING -> LOSTLINE src=GB_TRACK s=9.04 d=0.08 vs=3.34
1786787548.387 [STATE_CHANGE] LOSTLINE -> GB_TRACK src=GB_TRACK s=9.40 d=0.09 vs=3.04
1786787548.842 [OBSTACLES] cur_s=10.30 cur_d=-0.11 vs=2.58 n=0 [none]
1786787549.102 [STATIC_OT] state=GB_TRACK path_exists=1 path_locked=0 path_ttl_ok=0 path_safe=0 on_spline=1 speed=2.31 raw_wpnts=0 raw_age=-s decision=TRAILING reason=NO_STATIC_PATH
1786787549.106 [STATE_CHANGE] GB_TRACK -> TRAILING src=GB_TRACK s=10.71 d=0.42 vs=2.31
1786787549.304 [STATIC_OT] state=TRAILING path_exists=1 path_locked=0 path_ttl_ok=0 path_safe=0 on_spline=1 speed=2.37 raw_wpnts=0 raw_age=-s decision=TRAILING reason=NO_STATIC_PATH
1786787549.376 [OBSTACLES] cur_s=11.34 cur_d=0.50 vs=2.25 n=1 [id=139 static=1 gap=8.34m d=0.09 size=0.29]
1786787549.547 [STATE_CHANGE] TRAILING -> LOSTLINE src=GB_TRACK s=11.95 d=0.44 vs=0.74
1786787549.755 [STATIC_OT] state=GB_TRACK path_exists=1 path_locked=0 path_ttl_ok=0 path_safe=0 on_spline=1 speed=0.46 raw_wpnts=0 raw_age=-s decision=TRAILING reason=NO_STATIC_PATH
1786787549.759 [STATE_CHANGE] LOSTLINE -> TRAILING src=GB_TRACK s=11.87 d=0.47 vs=0.46
1786787549.882 [OBSTACLES] cur_s=11.80 cur_d=0.51 vs=0.26 n=1 [id=143 static=1 gap=0.11m d=0.20 size=0.26]
1786787550.054 [STATIC_OT] state=TRAILING path_exists=1 path_locked=0 path_ttl_ok=0 path_safe=0 on_spline=0 speed=0.00 raw_wpnts=0 raw_age=-s decision=TRAILING reason=NO_STATIC_PATH
1786787550.222 [STATE_CHANGE] TRAILING -> LOSTLINE src=GB_TRACK s=11.79 d=0.54 vs=0.03
1786787550.439 [OBSTACLES] cur_s=11.78 cur_d=0.54 vs=0.04 n=0 [none]
1786787551.005 [OBSTACLES] cur_s=11.76 cur_d=0.53 vs=0.04 n=0 [none]
1786787551.557 [OBSTACLES] cur_s=11.77 cur_d=0.50 vs=0.11 n=0 [none]
1786787551.704 [STATIC_OT] state=GB_TRACK path_exists=0 path_locked=0 path_ttl_ok=0 path_safe=0 on_spline=0 speed=0.00 raw_wpnts=0 raw_age=-s decision=TRAILING reason=NO_STATIC_PATH
1786787551.706 [STATE_CHANGE] LOSTLINE -> TRAILING src=GB_TRACK s=11.76 d=0.53 vs=0.00
1786787551.916 [STATIC_OT] state=TRAILING path_exists=0 path_locked=0 path_ttl_ok=0 path_safe=0 on_spline=0 speed=0.01 raw_wpnts=0 raw_age=-s decision=TRAILING reason=NO_STATIC_PATH
1786787552.098 [OBSTACLES] cur_s=11.77 cur_d=0.53 vs=0.04 n=1 [id=144 static=1 gap=3.36m d=0.27 size=0.15]
1786787552.157 [STATIC_OT] state=TRAILING path_exists=0 path_locked=0 path_ttl_ok=0 path_safe=0 on_spline=0 speed=0.07 raw_wpnts=0 raw_age=-s decision=TRAILING reason=NO_STATIC_PATH
1786787552.217 [STATE_CHANGE] TRAILING -> LOSTLINE src=GB_TRACK s=11.77 d=0.52 vs=0.10
1786787552.633 [OBSTACLES] cur_s=11.77 cur_d=0.50 vs=0.12 n=0 [none]
1786787553.151 [OBSTACLES] cur_s=11.78 cur_d=0.52 vs=0.11 n=0 [none]
1786787553.655 [OBSTACLES] cur_s=11.77 cur_d=0.50 vs=0.12 n=0 [none]
1786787554.164 [OBSTACLES] cur_s=11.79 cur_d=0.53 vs=0.04 n=0 [none]
1786787554.715 [OBSTACLES] cur_s=11.81 cur_d=0.55 vs=0.00 n=0 [none]
1786787555.311 [OBSTACLES] cur_s=11.83 cur_d=0.55 vs=0.00 n=0 [none]
1786787555.846 [OBSTACLES] cur_s=11.81 cur_d=0.55 vs=0.00 n=0 [none]
1786787556.373 [OBSTACLES] cur_s=11.80 cur_d=0.51 vs=0.10 n=0 [none]
1786787556.886 [OBSTACLES] cur_s=11.79 cur_d=0.50 vs=0.07 n=0 [none]
1786787557.398 [OBSTACLES] cur_s=11.81 cur_d=0.55 vs=0.00 n=0 [none]
1786787557.913 [OBSTACLES] cur_s=11.82 cur_d=0.55 vs=-0.04 n=0 [none]
1786787558.441 [OBSTACLES] cur_s=11.79 cur_d=0.80 vs=-0.39 n=0 [none]
1786787558.958 [OBSTACLES] cur_s=11.18 cur_d=1.20 vs=0.00 n=0 [none]
1786787559.507 [OBSTACLES] cur_s=11.18 cur_d=1.18 vs=0.00 n=0 [none]
1786787560.030 [OBSTACLES] cur_s=11.18 cur_d=1.17 vs=0.00 n=0 [none]
1786787560.534 [OBSTACLES] cur_s=11.18 cur_d=1.17 vs=0.00 n=0 [none]
1786787561.046 [OBSTACLES] cur_s=11.18 cur_d=1.17 vs=0.00 n=0 [none]
1786787561.556 [OBSTACLES] cur_s=11.17 cur_d=1.17 vs=0.00 n=0 [none]
1786787562.087 [OBSTACLES] cur_s=11.18 cur_d=1.17 vs=0.00 n=0 [none]
1786787562.595 [OBSTACLES] cur_s=11.18 cur_d=1.17 vs=0.00 n=0 [none]
1786787563.131 [OBSTACLES] cur_s=11.18 cur_d=1.17 vs=0.00 n=0 [none]
1786787563.678 [OBSTACLES] cur_s=11.17 cur_d=1.15 vs=0.00 n=0 [none]
1786787564.218 [OBSTACLES] cur_s=11.20 cur_d=0.91 vs=0.00 n=0 [none]
1786787564.736 [OBSTACLES] cur_s=11.10 cur_d=0.81 vs=0.00 n=0 [none]
1786787565.253 [OBSTACLES] cur_s=11.09 cur_d=0.80 vs=0.00 n=0 [none]
1786787565.786 [OBSTACLES] cur_s=11.09 cur_d=0.80 vs=0.00 n=0 [none]
1786787566.294 [OBSTACLES] cur_s=11.10 cur_d=0.79 vs=0.00 n=0 [none]
1786787566.807 [OBSTACLES] cur_s=11.10 cur_d=0.79 vs=0.00 n=0 [none]
1786787567.363 [OBSTACLES] cur_s=11.10 cur_d=0.79 vs=0.00 n=0 [none]
1786787567.878 [OBSTACLES] cur_s=11.10 cur_d=0.79 vs=0.00 n=0 [none]
1786787568.548 [OBSTACLES] cur_s=11.50 cur_d=0.93 vs=0.00 n=0 [none]
1786787569.058 [OBSTACLES] cur_s=11.49 cur_d=0.93 vs=0.00 n=0 [none]
1786787569.575 [OBSTACLES] cur_s=12.25 cur_d=0.98 vs=0.00 n=0 [none]
1786787570.134 [OBSTACLES] cur_s=12.28 cur_d=1.00 vs=0.00 n=0 [none]
1786787570.663 [OBSTACLES] cur_s=12.49 cur_d=1.02 vs=0.00 n=0 [none]
1786787571.166 [OBSTACLES] cur_s=12.49 cur_d=1.02 vs=0.00 n=0 [none]
1786787571.714 [OBSTACLES] cur_s=12.49 cur_d=1.02 vs=0.00 n=0 [none]
1786787572.247 [OBSTACLES] cur_s=12.49 cur_d=1.02 vs=0.00 n=0 [none]
1786787572.760 [OBSTACLES] cur_s=12.49 cur_d=1.02 vs=0.00 n=0 [none]
1786787573.288 [OBSTACLES] cur_s=12.49 cur_d=1.02 vs=0.00 n=0 [none]
1786787573.792 [OBSTACLES] cur_s=12.49 cur_d=1.02 vs=0.00 n=0 [none]
1786787574.303 [OBSTACLES] cur_s=12.49 cur_d=1.02 vs=0.00 n=0 [none]
1786787574.854 [OBSTACLES] cur_s=12.49 cur_d=1.02 vs=0.00 n=0 [none]
1786787575.365 [OBSTACLES] cur_s=12.49 cur_d=1.02 vs=0.00 n=0 [none]
1786787575.870 [OBSTACLES] cur_s=12.50 cur_d=1.02 vs=0.00 n=0 [none]
1786787576.371 [OBSTACLES] cur_s=12.67 cur_d=1.01 vs=0.00 n=0 [none]
1786787576.875 [OBSTACLES] cur_s=12.70 cur_d=1.02 vs=0.00 n=0 [none]
1786787577.391 [OBSTACLES] cur_s=12.67 cur_d=1.02 vs=-0.03 n=0 [none]
1786787577.759 [STATIC_OT] state=GB_TRACK path_exists=0 path_locked=0 path_ttl_ok=0 path_safe=0 on_spline=0 speed=-0.48 raw_wpnts=0 raw_age=-s decision=TRAILING reason=NO_STATIC_PATH
1786787577.772 [STATE_CHANGE] LOSTLINE -> TRAILING src=GB_TRACK s=12.50 d=1.21 vs=-0.48
1786787577.918 [OBSTACLES] cur_s=12.36 cur_d=1.31 vs=-0.52 n=1 [id=150 static=1 gap=5.10m d=0.51 size=0.41]
1786787577.980 [STATIC_OT] state=TRAILING path_exists=0 path_locked=0 path_ttl_ok=0 path_safe=0 on_spline=0 speed=-0.50 raw_wpnts=0 raw_age=-s decision=TRAILING reason=NO_STATIC_PATH
1786787578.191 [STATIC_OT] state=TRAILING path_exists=0 path_locked=0 path_ttl_ok=0 path_safe=0 on_spline=0 speed=-0.38 raw_wpnts=0 raw_age=-s decision=TRAILING reason=NO_STATIC_PATH
1786787578.406 [STATIC_OT] state=TRAILING path_exists=0 path_locked=0 path_ttl_ok=0 path_safe=0 on_spline=0 speed=0.00 raw_wpnts=0 raw_age=-s decision=TRAILING reason=NO_STATIC_PATH
1786787578.481 [OBSTACLES] cur_s=11.26 cur_d=1.45 vs=0.00 n=1 [id=150 static=1 gap=6.21m d=0.47 size=0.30]
1786787578.629 [STATIC_OT] state=TRAILING path_exists=0 path_locked=0 path_ttl_ok=0 path_safe=0 on_spline=0 speed=0.00 raw_wpnts=0 raw_age=-s decision=TRAILING reason=NO_STATIC_PATH
1786787578.868 [STATIC_OT] state=TRAILING path_exists=0 path_locked=0 path_ttl_ok=0 path_safe=0 on_spline=0 speed=0.00 raw_wpnts=0 raw_age=-s decision=TRAILING reason=NO_STATIC_PATH
1786787579.053 [OBSTACLES] cur_s=11.19 cur_d=1.44 vs=0.00 n=1 [id=150 static=1 gap=6.17m d=0.44 size=0.33]
1786787579.123 [STATIC_OT] state=TRAILING path_exists=0 path_locked=0 path_ttl_ok=0 path_safe=0 on_spline=0 speed=-0.10 raw_wpnts=0 raw_age=-s decision=TRAILING reason=NO_STATIC_PATH
1786787579.325 [STATIC_OT] state=TRAILING path_exists=0 path_locked=0 path_ttl_ok=0 path_safe=0 on_spline=0 speed=-0.62 raw_wpnts=0 raw_age=-s decision=TRAILING reason=NO_STATIC_PATH
1786787579.550 [STATIC_OT] state=TRAILING path_exists=0 path_locked=0 path_ttl_ok=0 path_safe=0 on_spline=0 speed=-0.94 raw_wpnts=0 raw_age=-s decision=TRAILING reason=NO_STATIC_PATH
1786787579.611 [OBSTACLES] cur_s=10.39 cur_d=1.38 vs=-0.85 n=2 [id=150 static=1 gap=6.92m d=0.44 size=0.40; id=151 static=1 gap=0.45m d=0.23 size=0.43]
1786787579.754 [STATIC_OT] state=TRAILING path_exists=0 path_locked=0 path_ttl_ok=0 path_safe=0 on_spline=0 speed=-0.63 raw_wpnts=0 raw_age=-s decision=TRAILING reason=NO_STATIC_PATH
1786787579.985 [STATIC_OT] state=TRAILING path_exists=0 path_locked=0 path_ttl_ok=0 path_safe=0 on_spline=0 speed=-0.74 raw_wpnts=0 raw_age=-s decision=TRAILING reason=NO_STATIC_PATH
1786787580.135 [OBSTACLES] cur_s=9.82 cur_d=1.39 vs=-0.80 n=1 [id=150 static=1 gap=7.49m d=0.44 size=0.41]
1786787580.206 [STATIC_OT] state=TRAILING path_exists=0 path_locked=0 path_ttl_ok=0 path_safe=0 on_spline=0 speed=-0.78 raw_wpnts=0 raw_age=-s decision=TRAILING reason=NO_STATIC_PATH
1786787580.447 [STATIC_OT] state=TRAILING path_exists=0 path_locked=0 path_ttl_ok=0 path_safe=0 on_spline=0 speed=-0.45 raw_wpnts=0 raw_age=-s decision=TRAILING reason=NO_STATIC_PATH
1786787580.571 [STATE_CHANGE] TRAILING -> LOSTLINE src=GB_TRACK s=9.40 d=1.49 vs=-0.41
1786787580.637 [OBSTACLES] cur_s=9.37 cur_d=1.49 vs=-0.41 n=0 [none]
1786787581.179 [OBSTACLES] cur_s=9.13 cur_d=1.79 vs=-0.06 n=0 [none]
1786787581.809 [OBSTACLES] cur_s=9.12 cur_d=1.90 vs=0.00 n=0 [none]
1786787582.360 [OBSTACLES] cur_s=9.12 cur_d=1.90 vs=0.00 n=0 [none]
1786787582.877 [OBSTACLES] cur_s=9.24 cur_d=2.13 vs=0.00 n=0 [none]
1786787583.195 [STATIC_OT] state=GB_TRACK path_exists=0 path_locked=0 path_ttl_ok=0 path_safe=0 on_spline=0 speed=0.00 raw_wpnts=0 raw_age=-s decision=TRAILING reason=NO_STATIC_PATH
1786787583.198 [STATE_CHANGE] LOSTLINE -> TRAILING src=GB_TRACK s=9.27 d=2.14 vs=0.00
1786787583.424 [OBSTACLES] cur_s=9.27 cur_d=2.14 vs=0.00 n=1 [id=152 static=1 gap=4.41m d=0.50 size=0.36]
1786787583.433 [STATIC_OT] state=TRAILING path_exists=0 path_locked=0 path_ttl_ok=0 path_safe=0 on_spline=0 speed=0.00 raw_wpnts=0 raw_age=-s decision=TRAILING reason=NO_STATIC_PATH
1786787583.714 [STATIC_OT] state=TRAILING path_exists=0 path_locked=0 path_ttl_ok=0 path_safe=0 on_spline=0 speed=0.00 raw_wpnts=0 raw_age=-s decision=TRAILING reason=NO_STATIC_PATH
1786787583.952 [OBSTACLES] cur_s=9.27 cur_d=2.14 vs=0.00 n=1 [id=152 static=1 gap=4.46m d=0.54 size=0.29]
1786787583.959 [STATIC_OT] state=TRAILING path_exists=0 path_locked=0 path_ttl_ok=0 path_safe=0 on_spline=0 speed=0.00 raw_wpnts=0 raw_age=-s decision=TRAILING reason=NO_STATIC_PATH
1786787584.180 [STATIC_OT] state=TRAILING path_exists=0 path_locked=0 path_ttl_ok=0 path_safe=0 on_spline=0 speed=0.00 raw_wpnts=0 raw_age=-s decision=TRAILING reason=NO_STATIC_PATH
1786787584.434 [STATIC_OT] state=TRAILING path_exists=0 path_locked=0 path_ttl_ok=0 path_safe=0 on_spline=0 speed=0.00 raw_wpnts=0 raw_age=-s decision=TRAILING reason=NO_STATIC_PATH
1786787584.512 [OBSTACLES] cur_s=9.27 cur_d=2.14 vs=0.00 n=1 [id=152 static=1 gap=4.51m d=0.56 size=0.20]
1786787584.668 [STATIC_OT] state=TRAILING path_exists=0 path_locked=0 path_ttl_ok=0 path_safe=0 on_spline=0 speed=0.00 raw_wpnts=0 raw_age=-s decision=TRAILING reason=NO_STATIC_PATH
1786787584.836 [STATE_CHANGE] TRAILING -> LOSTLINE src=GB_TRACK s=9.27 d=2.14 vs=0.00
1786787585.046 [OBSTACLES] cur_s=9.27 cur_d=2.14 vs=0.00 n=0 [none]
1786787585.565 [OBSTACLES] cur_s=9.27 cur_d=2.14 vs=0.00 n=0 [none]
1786787586.099 [OBSTACLES] cur_s=9.27 cur_d=2.14 vs=0.00 n=0 [none]
1786787586.603 [OBSTACLES] cur_s=9.27 cur_d=2.14 vs=0.00 n=0 [none]
1786787587.129 [OBSTACLES] cur_s=9.27 cur_d=2.14 vs=0.00 n=0 [none]
1786787587.649 [OBSTACLES] cur_s=9.27 cur_d=2.14 vs=0.00 n=0 [none]
1786787588.150 [OBSTACLES] cur_s=9.27 cur_d=2.14 vs=0.00 n=0 [none]
1786787588.697 [OBSTACLES] cur_s=9.27 cur_d=2.14 vs=0.00 n=0 [none]
1786787589.204 [OBSTACLES] cur_s=9.27 cur_d=2.14 vs=0.00 n=0 [none]
1786787589.731 [OBSTACLES] cur_s=9.27 cur_d=2.14 vs=0.00 n=0 [none]
1786787590.254 [OBSTACLES] cur_s=9.29 cur_d=2.14 vs=0.00 n=0 [none]
1786787590.774 [OBSTACLES] cur_s=9.29 cur_d=2.14 vs=0.00 n=0 [none]
1786787591.313 [OBSTACLES] cur_s=9.29 cur_d=2.14 vs=0.00 n=0 [none]
1786787591.832 [OBSTACLES] cur_s=12.99 cur_d=0.95 vs=0.00 n=0 [none]
1786787592.371 [OBSTACLES] cur_s=13.08 cur_d=1.11 vs=0.00 n=0 [none]
1786787592.905 [OBSTACLES] cur_s=13.07 cur_d=1.10 vs=0.00 n=0 [none]
1786787593.434 [OBSTACLES] cur_s=13.03 cur_d=1.08 vs=0.00 n=0 [none]
1786787593.967 [OBSTACLES] cur_s=13.09 cur_d=1.07 vs=0.00 n=0 [none]
1786787594.521 [OBSTACLES] cur_s=13.07 cur_d=1.09 vs=0.00 n=0 [none]
1786787595.105 [OBSTACLES] cur_s=13.05 cur_d=1.08 vs=0.00 n=0 [none]
1786787595.657 [OBSTACLES] cur_s=13.04 cur_d=1.09 vs=0.00 n=0 [none]
1786787596.168 [OBSTACLES] cur_s=13.04 cur_d=1.08 vs=0.00 n=0 [none]
1786787596.487 [STATE_CHANGE] LOSTLINE -> GB_TRACK src=GB_TRACK s=12.78 d=0.27 vs=0.00
1786787596.579 [STATE_CHANGE] GB_TRACK -> LOSTLINE src=GB_TRACK s=13.08 d=0.74 vs=0.00
1786787596.706 [OBSTACLES] cur_s=13.28 cur_d=1.06 vs=0.00 n=0 [none]
1786787597.243 [OBSTACLES] cur_s=13.42 cur_d=1.09 vs=0.00 n=0 [none]
1786787597.770 [OBSTACLES] cur_s=13.35 cur_d=1.13 vs=0.00 n=0 [none]
1786787598.324 [OBSTACLES] cur_s=13.39 cur_d=1.11 vs=0.00 n=0 [none]
1786787598.861 [OBSTACLES] cur_s=13.33 cur_d=1.14 vs=0.00 n=0 [none]
1786787599.364 [OBSTACLES] cur_s=13.34 cur_d=1.15 vs=0.00 n=0 [none]
1786787599.895 [OBSTACLES] cur_s=13.32 cur_d=1.15 vs=0.00 n=0 [none]
1786787600.426 [OBSTACLES] cur_s=13.33 cur_d=1.15 vs=0.00 n=0 [none]
1786787600.936 [OBSTACLES] cur_s=13.33 cur_d=1.15 vs=0.00 n=0 [none]
1786787601.449 [OBSTACLES] cur_s=13.33 cur_d=1.15 vs=0.00 n=0 [none]
1786787601.707 [STATE_CHANGE] LOSTLINE -> GB_TRACK src=GB_TRACK s=11.31 d=-0.04 vs=0.00
1786787601.973 [OBSTACLES] cur_s=11.34 cur_d=-0.22 vs=0.00 n=0 [none]
1786787602.235 [STATE_CHANGE] GB_TRACK -> LOSTLINE src=GB_TRACK s=11.34 d=-0.29 vs=-0.07
1786787602.298 [STATE_CHANGE] LOSTLINE -> RECOVERY src=RECOVERY s=11.35 d=-0.33 vs=-0.08
1786787602.516 [OBSTACLES] cur_s=11.38 cur_d=-0.45 vs=0.03 n=0 [none]
1786787603.057 [OBSTACLES] cur_s=11.52 cur_d=-0.77 vs=0.06 n=0 [none]
1786787603.600 [OBSTACLES] cur_s=11.49 cur_d=-0.67 vs=-0.43 n=0 [none]
1786787604.193 [OBSTACLES] cur_s=11.33 cur_d=-0.35 vs=0.00 n=0 [none]
1786787604.713 [OBSTACLES] cur_s=11.32 cur_d=-0.33 vs=0.00 n=0 [none]
1786787605.213 [OBSTACLES] cur_s=11.32 cur_d=-0.32 vs=0.00 n=0 [none]
1786787605.730 [OBSTACLES] cur_s=11.31 cur_d=-0.27 vs=0.00 n=0 [none]
1786787606.240 [OBSTACLES] cur_s=11.27 cur_d=-0.12 vs=-0.55 n=0 [none]
1786787606.359 [STATE_CHANGE] RECOVERY -> GB_TRACK src=GB_TRACK s=11.24 d=-0.03 vs=-0.70
1786787606.759 [OBSTACLES] cur_s=10.85 cur_d=0.17 vs=-0.92 n=0 [none]
1786787607.286 [OBSTACLES] cur_s=10.30 cur_d=0.12 vs=-0.62 n=0 [none]
1786787608.010 [OBSTACLES] cur_s=9.95 cur_d=0.07 vs=-0.56 n=0 [none]
1786787608.525 [OBSTACLES] cur_s=9.85 cur_d=0.09 vs=0.00 n=0 [none]
1786787609.027 [OBSTACLES] cur_s=9.85 cur_d=0.08 vs=0.00 n=0 [none]
1786787609.542 [OBSTACLES] cur_s=9.85 cur_d=0.08 vs=0.00 n=0 [none]
1786787610.046 [OBSTACLES] cur_s=9.85 cur_d=0.08 vs=0.00 n=0 [none]
1786787610.594 [OBSTACLES] cur_s=9.85 cur_d=0.09 vs=0.00 n=0 [none]
1786787611.136 [OBSTACLES] cur_s=9.85 cur_d=0.08 vs=0.00 n=0 [none]
1786787611.645 [OBSTACLES] cur_s=9.85 cur_d=0.08 vs=0.00 n=0 [none]
1786787612.189 [OBSTACLES] cur_s=9.85 cur_d=0.08 vs=0.00 n=0 [none]
1786787612.771 [OBSTACLES] cur_s=9.85 cur_d=0.09 vs=0.00 n=0 [none]
1786787613.310 [OBSTACLES] cur_s=9.85 cur_d=0.09 vs=0.00 n=0 [none]
1786787613.844 [OBSTACLES] cur_s=9.85 cur_d=0.08 vs=0.00 n=0 [none]
1786787614.364 [OBSTACLES] cur_s=9.85 cur_d=0.08 vs=0.00 n=0 [none]
1786787614.874 [OBSTACLES] cur_s=9.85 cur_d=0.09 vs=0.00 n=0 [none]
1786787615.432 [OBSTACLES] cur_s=9.85 cur_d=0.09 vs=0.00 n=0 [none]
1786787615.949 [OBSTACLES] cur_s=9.85 cur_d=0.08 vs=0.00 n=0 [none]
1786787616.512 [OBSTACLES] cur_s=9.85 cur_d=0.08 vs=0.00 n=0 [none]
1786787617.036 [OBSTACLES] cur_s=9.85 cur_d=0.08 vs=0.00 n=0 [none]
1786787617.590 [OBSTACLES] cur_s=9.85 cur_d=0.08 vs=0.00 n=0 [none]
1786787618.140 [OBSTACLES] cur_s=9.85 cur_d=0.08 vs=0.00 n=0 [none]
1786787618.712 [OBSTACLES] cur_s=9.85 cur_d=0.08 vs=0.00 n=0 [none]
1786787619.233 [OBSTACLES] cur_s=9.85 cur_d=0.08 vs=0.00 n=0 [none]
1786787619.766 [OBSTACLES] cur_s=9.85 cur_d=0.08 vs=0.00 n=0 [none]
1786787620.294 [OBSTACLES] cur_s=9.85 cur_d=0.09 vs=0.00 n=0 [none]
1786787620.650 [STATIC_OT] state=GB_TRACK path_exists=1 path_locked=0 path_ttl_ok=1 path_safe=1 on_spline=1 speed=0.00 raw_wpnts=84 raw_age=0.15s decision=OVERTAKE
1786787620.650 [STATE_CHANGE] GB_TRACK -> OVERTAKE src=OVERTAKE s=9.85 d=0.09 vs=0.00
1786787620.867 [OBSTACLES] cur_s=9.85 cur_d=0.08 vs=0.00 n=1 [id=154 static=1 gap=2.20m d=0.16 size=0.15]
1786787621.394 [OBSTACLES] cur_s=9.85 cur_d=0.09 vs=0.00 n=1 [id=154 static=1 gap=2.15m d=0.18 size=0.22]
1786787621.962 [OBSTACLES] cur_s=10.00 cur_d=-0.03 vs=0.00 n=0 [none]
1786787622.474 [OBSTACLES] cur_s=10.05 cur_d=-0.05 vs=0.00 n=0 [none]
1786787622.997 [OBSTACLES] cur_s=10.05 cur_d=-0.05 vs=0.00 n=0 [none]
1786787623.498 [OBSTACLES] cur_s=10.05 cur_d=-0.05 vs=0.00 n=0 [none]
1786787624.029 [OBSTACLES] cur_s=10.05 cur_d=-0.05 vs=0.00 n=0 [none]
1786787624.569 [OBSTACLES] cur_s=10.05 cur_d=-0.04 vs=0.00 n=0 [none]
1786787625.083 [OBSTACLES] cur_s=10.05 cur_d=-0.04 vs=0.00 n=0 [none]
1786787625.595 [OBSTACLES] cur_s=10.05 cur_d=-0.05 vs=0.00 n=0 [none]
1786787626.212 [OBSTACLES] cur_s=10.06 cur_d=-0.05 vs=0.00 n=0 [none]
1786787626.713 [OBSTACLES] cur_s=10.05 cur_d=-0.04 vs=0.00 n=0 [none]
1786787627.228 [OBSTACLES] cur_s=10.08 cur_d=-0.05 vs=0.00 n=0 [none]
1786787627.742 [OBSTACLES] cur_s=10.12 cur_d=-0.05 vs=0.00 n=0 [none]
1786787628.243 [OBSTACLES] cur_s=10.03 cur_d=-0.07 vs=0.00 n=0 [none]
1786787628.758 [OBSTACLES] cur_s=9.89 cur_d=-0.03 vs=0.00 n=1 [id=158 static=0 gap=0.74m d=-0.59 size=0.25]
1786787628.806 [STATIC_OT] state=OVERTAKE path_exists=1 path_locked=1 path_ttl_ok=0 path_safe=0 on_spline=1 speed=0.00 raw_wpnts=0 raw_age=-s decision=TRAILING reason=NO_STATIC_PATH
1786787628.807 [STATE_CHANGE] OVERTAKE -> TRAILING src=GB_TRACK s=9.89 d=-0.03 vs=0.00
1786787628.970 [STATE_CHANGE] TRAILING -> GB_TRACK src=GB_TRACK s=9.88 d=0.01 vs=0.00
1786787629.584 [OBSTACLES] cur_s=9.87 cur_d=0.04 vs=0.00 n=0 [none]
1786787630.090 [OBSTACLES] cur_s=9.85 cur_d=0.07 vs=0.00 n=0 [none]
1786787630.640 [OBSTACLES] cur_s=9.85 cur_d=0.07 vs=0.00 n=0 [none]
1786787631.147 [OBSTACLES] cur_s=9.85 cur_d=0.07 vs=0.00 n=0 [none]
1786787631.711 [OBSTACLES] cur_s=9.85 cur_d=0.07 vs=0.00 n=0 [none]
1786787632.226 [OBSTACLES] cur_s=9.85 cur_d=0.07 vs=0.00 n=0 [none]
1786787632.735 [OBSTACLES] cur_s=9.85 cur_d=0.07 vs=0.00 n=0 [none]
1786787633.265 [OBSTACLES] cur_s=9.85 cur_d=0.07 vs=0.00 n=0 [none]
1786787633.768 [OBSTACLES] cur_s=9.85 cur_d=0.07 vs=0.00 n=0 [none]
1786787634.272 [OBSTACLES] cur_s=9.85 cur_d=0.07 vs=0.00 n=0 [none]
1786787634.777 [OBSTACLES] cur_s=9.86 cur_d=0.07 vs=0.00 n=0 [none]
1786787635.301 [OBSTACLES] cur_s=9.85 cur_d=0.07 vs=0.00 n=0 [none]
1786787635.840 [OBSTACLES] cur_s=9.85 cur_d=0.07 vs=0.00 n=0 [none]
1786787636.376 [OBSTACLES] cur_s=9.85 cur_d=0.07 vs=0.00 n=0 [none]
1786787636.965 [OBSTACLES] cur_s=9.87 cur_d=0.04 vs=0.00 n=0 [none]
1786787637.474 [OBSTACLES] cur_s=9.86 cur_d=0.06 vs=0.00 n=0 [none]
1786787637.744 [STATIC_OT] state=GB_TRACK path_exists=0 path_locked=0 path_ttl_ok=0 path_safe=0 on_spline=0 speed=0.00 raw_wpnts=0 raw_age=-s decision=TRAILING reason=NO_STATIC_PATH
1786787637.744 [STATE_CHANGE] GB_TRACK -> TRAILING src=GB_TRACK s=9.87 d=0.05 vs=0.00
1786787637.962 [STATIC_OT] state=TRAILING path_exists=0 path_locked=0 path_ttl_ok=0 path_safe=0 on_spline=0 speed=0.00 raw_wpnts=0 raw_age=-s decision=TRAILING reason=NO_STATIC_PATH
1786787638.049 [OBSTACLES] cur_s=9.86 cur_d=0.06 vs=0.00 n=1 [id=160 static=1 gap=0.88m d=-0.17 size=0.35]
1786787638.055 [STATE_CHANGE] TRAILING -> OVERTAKE src=OVERTAKE s=9.86 d=0.06 vs=0.00
1786787638.307 [STATIC_OT] state=OVERTAKE path_exists=1 path_locked=1 path_ttl_ok=1 path_safe=1 on_spline=1 speed=0.00 raw_wpnts=81 raw_age=0.57s decision=OVERTAKE
1786787638.554 [OBSTACLES] cur_s=9.86 cur_d=0.07 vs=0.00 n=2 [id=160 static=1 gap=1.00m d=-0.18 size=0.17; id=161 static=1 gap=1.56m d=0.03 size=0.37]
1786787638.559 [STATIC_OT] state=OVERTAKE path_exists=1 path_locked=1 path_ttl_ok=1 path_safe=0 on_spline=1 speed=0.00 raw_wpnts=81 raw_age=0.60s decision=TRAILING reason=PATH_BLOCKED blocked_obs_id=161 gap=1.74m free_dist=-0.151m branch=static/geom
1786787638.563 [STATE_CHANGE] OVERTAKE -> TRAILING src=GB_TRACK s=9.86 d=0.07 vs=0.00
1786787638.765 [STATIC_OT] state=TRAILING path_exists=1 path_locked=0 path_ttl_ok=1 path_safe=0 on_spline=1 speed=0.00 raw_wpnts=81 raw_age=0.59s decision=TRAILING reason=PATH_BLOCKED blocked_obs_id=161 gap=1.75m free_dist=-0.139m branch=static/geom
1786787639.008 [STATIC_OT] state=TRAILING path_exists=1 path_locked=0 path_ttl_ok=1 path_safe=0 on_spline=1 speed=0.00 raw_wpnts=81 raw_age=0.59s decision=TRAILING reason=PATH_BLOCKED blocked_obs_id=162 gap=2.51m free_dist=-0.288m branch=static/geom
1786787639.096 [OBSTACLES] cur_s=9.85 cur_d=0.07 vs=0.00 n=2 [id=161 static=1 gap=1.65m d=0.03 size=0.23; id=162 static=1 gap=2.33m d=0.03 size=0.36]
1786787639.282 [STATIC_OT] state=TRAILING path_exists=1 path_locked=0 path_ttl_ok=0 path_safe=0 on_spline=1 speed=0.00 raw_wpnts=0 raw_age=-s decision=TRAILING reason=NO_STATIC_PATH
1786787639.515 [STATIC_OT] state=TRAILING path_exists=1 path_locked=0 path_ttl_ok=0 path_safe=0 on_spline=1 speed=0.00 raw_wpnts=0 raw_age=-s decision=TRAILING reason=NO_STATIC_PATH
1786787639.639 [OBSTACLES] cur_s=9.86 cur_d=0.07 vs=0.00 n=1 [id=162 static=1 gap=2.38m d=0.05 size=0.30]
1786787639.775 [STATIC_OT] state=TRAILING path_exists=1 path_locked=0 path_ttl_ok=1 path_safe=1 on_spline=1 speed=0.00 raw_wpnts=81 raw_age=0.65s decision=OVERTAKE
1786787639.785 [STATE_CHANGE] TRAILING -> OVERTAKE src=OVERTAKE s=9.86 d=0.07 vs=0.00
1786787640.142 [OBSTACLES] cur_s=9.85 cur_d=0.07 vs=0.00 n=0 [none]
1786787640.651 [OBSTACLES] cur_s=9.85 cur_d=0.07 vs=0.00 n=0 [none]
1786787641.183 [OBSTACLES] cur_s=9.85 cur_d=0.07 vs=0.00 n=0 [none]
1786787641.719 [OBSTACLES] cur_s=9.85 cur_d=0.08 vs=0.00 n=0 [none]
1786787642.228 [OBSTACLES] cur_s=9.85 cur_d=0.07 vs=0.00 n=0 [none]
1786787642.737 [OBSTACLES] cur_s=9.85 cur_d=0.07 vs=0.00 n=0 [none]
1786787643.285 [OBSTACLES] cur_s=9.85 cur_d=0.07 vs=0.00 n=0 [none]
1786787643.808 [OBSTACLES] cur_s=9.85 cur_d=0.07 vs=0.00 n=0 [none]
1786787644.358 [OBSTACLES] cur_s=9.85 cur_d=0.07 vs=0.00 n=0 [none]
1786787644.865 [OBSTACLES] cur_s=9.85 cur_d=0.08 vs=0.00 n=0 [none]
1786787645.408 [OBSTACLES] cur_s=9.85 cur_d=0.07 vs=0.00 n=0 [none]
1786787645.918 [OBSTACLES] cur_s=9.85 cur_d=0.08 vs=0.00 n=0 [none]
1786787646.456 [OBSTACLES] cur_s=9.86 cur_d=0.07 vs=0.00 n=0 [none]
1786787646.965 [OBSTACLES] cur_s=9.85 cur_d=0.07 vs=0.00 n=0 [none]
1786787647.525 [OBSTACLES] cur_s=9.85 cur_d=0.08 vs=0.00 n=0 [none]
1786787648.039 [OBSTACLES] cur_s=9.86 cur_d=0.07 vs=0.00 n=0 [none]
1786787648.575 [OBSTACLES] cur_s=9.85 cur_d=0.07 vs=0.00 n=0 [none]
1786787649.125 [OBSTACLES] cur_s=9.86 cur_d=0.07 vs=0.00 n=0 [none]
1786787649.127 [STATE_CHANGE] OVERTAKE -> LOSTLINE src=GB_TRACK s=9.86 d=0.07 vs=0.00
1786787649.211 [STATE_CHANGE] LOSTLINE -> GB_TRACK src=GB_TRACK s=9.86 d=0.07 vs=0.00
1786787649.666 [OBSTACLES] cur_s=9.85 cur_d=0.07 vs=0.00 n=0 [none]
1786787650.209 [OBSTACLES] cur_s=9.85 cur_d=0.08 vs=0.00 n=0 [none]
1786787650.741 [OBSTACLES] cur_s=9.85 cur_d=0.07 vs=0.00 n=0 [none]
1786787651.296 [OBSTACLES] cur_s=9.85 cur_d=0.07 vs=0.00 n=0 [none]
1786787651.812 [OBSTACLES] cur_s=9.85 cur_d=0.08 vs=0.00 n=0 [none]
1786787652.381 [OBSTACLES] cur_s=9.85 cur_d=0.07 vs=0.00 n=0 [none]
1786787652.919 [OBSTACLES] cur_s=9.85 cur_d=0.07 vs=0.00 n=0 [none]
1786787653.511 [OBSTACLES] cur_s=9.85 cur_d=0.07 vs=0.00 n=0 [none]
1786787654.106 [OBSTACLES] cur_s=9.86 cur_d=0.07 vs=0.00 n=0 [none]
1786787654.618 [OBSTACLES] cur_s=9.85 cur_d=0.07 vs=0.00 n=0 [none]
1786787655.150 [OBSTACLES] cur_s=9.85 cur_d=0.07 vs=0.00 n=0 [none]
1786787655.655 [OBSTACLES] cur_s=9.85 cur_d=0.08 vs=0.00 n=0 [none]
1786787656.164 [OBSTACLES] cur_s=9.86 cur_d=0.07 vs=0.00 n=0 [none]
1786787656.691 [OBSTACLES] cur_s=9.85 cur_d=0.07 vs=0.00 n=0 [none]
1786787657.251 [OBSTACLES] cur_s=9.85 cur_d=0.08 vs=0.00 n=0 [none]
1786787657.824 [OBSTACLES] cur_s=9.85 cur_d=0.08 vs=0.00 n=0 [none]
1786787658.365 [OBSTACLES] cur_s=9.85 cur_d=0.07 vs=0.00 n=0 [none]
1786787658.874 [OBSTACLES] cur_s=9.86 cur_d=0.07 vs=0.00 n=0 [none]
1786787659.411 [OBSTACLES] cur_s=9.85 cur_d=0.07 vs=0.00 n=0 [none]
1786787660.005 [OBSTACLES] cur_s=9.85 cur_d=0.07 vs=0.00 n=0 [none]
1786787660.549 [OBSTACLES] cur_s=9.86 cur_d=0.07 vs=0.00 n=0 [none]
1786787661.063 [OBSTACLES] cur_s=9.85 cur_d=0.07 vs=0.00 n=0 [none]
1786787661.578 [OBSTACLES] cur_s=9.86 cur_d=0.07 vs=0.00 n=0 [none]
1786787662.089 [OBSTACLES] cur_s=9.85 cur_d=0.07 vs=0.00 n=0 [none]
1786787662.621 [OBSTACLES] cur_s=9.85 cur_d=0.08 vs=0.00 n=0 [none]
1786787663.184 [OBSTACLES] cur_s=9.85 cur_d=0.07 vs=0.00 n=0 [none]
1786787663.728 [OBSTACLES] cur_s=9.85 cur_d=0.07 vs=0.00 n=0 [none]
1786787664.229 [OBSTACLES] cur_s=9.85 cur_d=0.07 vs=0.00 n=0 [none]
1786787664.735 [OBSTACLES] cur_s=9.85 cur_d=0.07 vs=0.00 n=0 [none]
1786787665.248 [OBSTACLES] cur_s=9.85 cur_d=0.08 vs=0.00 n=0 [none]
1786787665.760 [OBSTACLES] cur_s=9.85 cur_d=0.07 vs=0.00 n=0 [none]
1786787666.278 [OBSTACLES] cur_s=9.86 cur_d=0.07 vs=0.00 n=0 [none]
1786787666.832 [OBSTACLES] cur_s=9.86 cur_d=0.07 vs=0.00 n=0 [none]
1786787667.374 [OBSTACLES] cur_s=9.85 cur_d=0.07 vs=0.00 n=0 [none]
1786787667.897 [OBSTACLES] cur_s=9.85 cur_d=0.07 vs=0.00 n=0 [none]
1786787668.398 [OBSTACLES] cur_s=9.85 cur_d=0.08 vs=0.00 n=0 [none]
1786787668.964 [OBSTACLES] cur_s=9.85 cur_d=0.07 vs=0.00 n=0 [none]
1786787669.511 [OBSTACLES] cur_s=9.85 cur_d=0.07 vs=0.00 n=0 [none]
1786787670.083 [OBSTACLES] cur_s=9.85 cur_d=0.07 vs=0.00 n=0 [none]
1786787670.645 [OBSTACLES] cur_s=9.86 cur_d=0.07 vs=0.00 n=0 [none]
1786787671.168 [OBSTACLES] cur_s=9.85 cur_d=0.08 vs=0.00 n=0 [none]
1786787671.738 [OBSTACLES] cur_s=9.85 cur_d=0.08 vs=0.00 n=0 [none]
1786787672.246 [OBSTACLES] cur_s=9.85 cur_d=0.07 vs=0.00 n=0 [none]
1786787672.756 [OBSTACLES] cur_s=9.85 cur_d=0.08 vs=0.00 n=0 [none]
1786787673.256 [OBSTACLES] cur_s=9.85 cur_d=0.07 vs=0.00 n=0 [none]
1786787673.778 [OBSTACLES] cur_s=9.85 cur_d=0.07 vs=0.00 n=0 [none]
1786787674.288 [OBSTACLES] cur_s=9.85 cur_d=0.08 vs=0.00 n=0 [none]
1786787674.796 [OBSTACLES] cur_s=9.86 cur_d=0.07 vs=0.00 n=0 [none]
1786787675.330 [OBSTACLES] cur_s=9.85 cur_d=0.07 vs=0.00 n=0 [none]
1786787675.854 [OBSTACLES] cur_s=10.00 cur_d=0.06 vs=1.25 n=0 [none]
1786787676.386 [OBSTACLES] cur_s=11.18 cur_d=0.11 vs=2.47 n=0 [none]
1786787676.956 [OBSTACLES] cur_s=12.92 cur_d=0.24 vs=3.30 n=0 [none]
1786787677.172 [STATE_CHANGE] GB_TRACK -> RECOVERY src=RECOVERY s=13.65 d=0.29 vs=3.41
1786787677.464 [OBSTACLES] cur_s=14.33 cur_d=0.22 vs=3.30 n=0 [none]
1786787677.615 [STATE_CHANGE] RECOVERY -> GB_TRACK src=GB_TRACK s=14.79 d=0.04 vs=2.98
1786787677.986 [OBSTACLES] cur_s=15.87 cur_d=-0.12 vs=2.41 n=1 [id=163 static=1 gap=2.72m d=0.23 size=0.26]
1786787678.000 [STATIC_OT] state=GB_TRACK path_exists=1 path_locked=0 path_ttl_ok=1 path_safe=1 on_spline=1 speed=2.41 raw_wpnts=94 raw_age=0.26s decision=OVERTAKE
1786787678.000 [STATE_CHANGE] GB_TRACK -> OVERTAKE src=OVERTAKE s=15.87 d=-0.12 vs=2.41
1786787678.512 [OBSTACLES] cur_s=16.75 cur_d=0.17 vs=2.35 n=1 [id=163 static=1 gap=1.77m d=0.20 size=0.34]
1786787678.520 [STATIC_OT] state=OVERTAKE path_exists=1 path_locked=1 path_ttl_ok=1 path_safe=1 on_spline=1 speed=2.35 raw_wpnts=85 raw_age=0.43s decision=OVERTAKE
1786787679.115 [OBSTACLES] cur_s=18.43 cur_d=-0.38 vs=2.42 n=0 [none]
1786787679.620 [OBSTACLES] cur_s=19.70 cur_d=-0.47 vs=2.76 n=0 [none]
1786787680.171 [OBSTACLES] cur_s=21.80 cur_d=0.13 vs=3.38 n=0 [none]
1786787680.680 [OBSTACLES] cur_s=23.74 cur_d=-0.33 vs=3.43 n=0 [none]
1786787680.865 [STATE_CHANGE] OVERTAKE -> LOSTLINE src=GB_TRACK s=24.30 d=-0.23 vs=3.32
1786787680.934 [STATE_CHANGE] LOSTLINE -> GB_TRACK src=GB_TRACK s=24.49 d=-0.18 vs=3.29
1786787681.176 [STATIC_OT] state=GB_TRACK path_exists=0 path_locked=0 path_ttl_ok=0 path_safe=0 on_spline=0 speed=3.27 raw_wpnts=0 raw_age=-s decision=TRAILING reason=NO_STATIC_PATH
1786787681.191 [STATE_CHANGE] GB_TRACK -> TRAILING src=GB_TRACK s=24.94 d=0.00 vs=3.27
1786787681.274 [OBSTACLES] cur_s=25.30 cur_d=0.12 vs=3.38 n=1 [id=165 static=1 gap=3.53m d=0.22 size=0.28]
1786787681.523 [STATIC_OT] state=TRAILING path_exists=1 path_locked=0 path_ttl_ok=1 path_safe=1 on_spline=1 speed=3.42 raw_wpnts=116 raw_age=0.70s decision=OVERTAKE
1786787681.523 [STATE_CHANGE] TRAILING -> OVERTAKE src=OVERTAKE s=25.48 d=0.16 vs=3.42
1786787681.804 [OBSTACLES] cur_s=26.20 cur_d=0.08 vs=2.82 n=0 [none]
1786787682.313 [OBSTACLES] cur_s=28.06 cur_d=-0.13 vs=2.89 n=0 [none]
1786787682.888 [OBSTACLES] cur_s=29.56 cur_d=-0.10 vs=3.18 n=0 [none]
1786787683.460 [OBSTACLES] cur_s=31.34 cur_d=0.21 vs=3.43 n=0 [none]
1786787684.083 [OBSTACLES] cur_s=33.82 cur_d=0.11 vs=3.28 n=0 [none]
1786787684.567 [STATIC_OT] state=OVERTAKE path_exists=1 path_locked=1 path_ttl_ok=0 path_safe=0 on_spline=1 speed=3.40 raw_wpnts=0 raw_age=-s decision=TRAILING reason=NO_STATIC_PATH
1786787684.567 [STATE_CHANGE] OVERTAKE -> TRAILING src=GB_TRACK s=0.33 d=0.17 vs=3.40
1786787684.641 [OBSTACLES] cur_s=0.85 cur_d=0.19 vs=3.44 n=1 [id=166 static=1 gap=1.77m d=0.75 size=0.36]
1786787684.832 [STATIC_OT] state=TRAILING path_exists=0 path_locked=0 path_ttl_ok=0 path_safe=0 on_spline=0 speed=3.22 raw_wpnts=0 raw_age=-s decision=TRAILING reason=NO_STATIC_PATH
1786787685.135 [STATIC_OT] state=TRAILING path_exists=0 path_locked=0 path_ttl_ok=0 path_safe=0 on_spline=0 speed=2.53 raw_wpnts=0 raw_age=-s decision=TRAILING reason=NO_STATIC_PATH
1786787685.250 [OBSTACLES] cur_s=2.78 cur_d=0.06 vs=2.24 n=0 [none]
1786787685.252 [STATE_CHANGE] TRAILING -> LOSTLINE src=GB_TRACK s=2.78 d=0.06 vs=2.24
1786787685.341 [STATE_CHANGE] LOSTLINE -> GB_TRACK src=GB_TRACK s=2.83 d=0.05 vs=2.15
1786787685.784 [OBSTACLES] cur_s=3.79 cur_d=-0.02 vs=2.87 n=0 [none]
1786787686.321 [OBSTACLES] cur_s=5.74 cur_d=-0.09 vs=3.43 n=0 [none]
1786787686.890 [OBSTACLES] cur_s=7.34 cur_d=-0.04 vs=3.39 n=0 [none]
1786787687.393 [OBSTACLES] cur_s=9.14 cur_d=0.01 vs=3.17 n=0 [none]
1786787687.794 [STATIC_OT] state=GB_TRACK path_exists=0 path_locked=0 path_ttl_ok=0 path_safe=0 on_spline=0 speed=2.50 raw_wpnts=0 raw_age=-s decision=TRAILING reason=NO_STATIC_PATH
1786787687.794 [STATE_CHANGE] GB_TRACK -> TRAILING src=GB_TRACK s=10.23 d=0.29 vs=2.50
1786787687.905 [OBSTACLES] cur_s=10.48 cur_d=0.24 vs=2.39 n=0 [none]
1786787687.906 [STATE_CHANGE] TRAILING -> LOSTLINE src=GB_TRACK s=10.48 d=0.24 vs=2.39
1786787687.977 [STATE_CHANGE] LOSTLINE -> GB_TRACK src=GB_TRACK s=10.61 d=0.18 vs=2.29
1786787688.248 [STATIC_OT] state=GB_TRACK path_exists=0 path_locked=0 path_ttl_ok=0 path_safe=0 on_spline=0 speed=1.86 raw_wpnts=0 raw_age=-s decision=TRAILING reason=NO_STATIC_PATH
1786787688.249 [STATE_CHANGE] GB_TRACK -> TRAILING src=GB_TRACK s=11.07 d=-0.17 vs=1.86
1786787688.295 [STATE_CHANGE] TRAILING -> RECOVERY src=RECOVERY s=11.15 d=-0.21 vs=1.82
1786787688.449 [OBSTACLES] cur_s=11.48 cur_d=-0.28 vs=1.97 n=0 [none]
1786787688.945 [STATE_CHANGE] RECOVERY -> GB_TRACK src=GB_TRACK s=12.33 d=-0.03 vs=2.48
1786787689.065 [OBSTACLES] cur_s=12.70 cur_d=0.15 vs=2.64 n=0 [none]
1786787689.182 [STATE_CHANGE] GB_TRACK -> RECOVERY src=RECOVERY s=13.26 d=0.31 vs=3.03
1786787689.583 [OBSTACLES] cur_s=14.59 cur_d=0.09 vs=2.86 n=0 [none]
1786787689.653 [STATE_CHANGE] RECOVERY -> GB_TRACK src=GB_TRACK s=14.72 d=-0.01 vs=2.67
1786787689.890 [STATE_CHANGE] GB_TRACK -> LOSTLINE src=GB_TRACK s=15.16 d=-0.33 vs=2.37
1786787690.217 [OBSTACLES] cur_s=15.83 cur_d=-0.39 vs=2.38 n=1 [id=170 static=1 gap=2.73m d=0.24 size=0.27]
1786787690.223 [STATIC_OT] state=GB_TRACK path_exists=0 path_locked=0 path_ttl_ok=0 path_safe=0 on_spline=0 speed=2.38 raw_wpnts=0 raw_age=-s decision=TRAILING reason=NO_STATIC_PATH
1786787690.227 [STATE_CHANGE] LOSTLINE -> TRAILING src=GB_TRACK s=15.83 d=-0.39 vs=2.38
1786787690.457 [STATIC_OT] state=TRAILING path_exists=0 path_locked=0 path_ttl_ok=0 path_safe=0 on_spline=0 speed=2.13 raw_wpnts=0 raw_age=-s decision=TRAILING reason=NO_STATIC_PATH
1786787690.701 [STATIC_OT] state=TRAILING path_exists=0 path_locked=0 path_ttl_ok=0 path_safe=0 on_spline=0 speed=1.64 raw_wpnts=0 raw_age=-s decision=TRAILING reason=NO_STATIC_PATH
1786787690.880 [OBSTACLES] cur_s=16.78 cur_d=0.09 vs=1.37 n=1 [id=170 static=1 gap=1.72m d=0.19 size=0.29]
1786787691.020 [STATIC_OT] state=TRAILING path_exists=1 path_locked=0 path_ttl_ok=1 path_safe=0 on_spline=1 speed=1.14 raw_wpnts=93 raw_age=1.02s decision=TRAILING reason=PATH_BLOCKED blocked_obs_id=170 gap=1.76m free_dist=0.08m branch=static/geom
1786787691.129 [STATE_CHANGE] TRAILING -> OVERTAKE src=OVERTAKE s=16.99 d=-0.02 vs=0.88
1786787691.487 [OBSTACLES] cur_s=17.12 cur_d=-0.03 vs=0.00 n=1 [id=170 static=1 gap=1.30m d=0.19 size=0.26]
1786787691.997 [OBSTACLES] cur_s=17.07 cur_d=-0.13 vs=0.73 n=1 [id=170 static=0 gap=0.97m d=0.07 size=0.29]
1786787692.583 [OBSTACLES] cur_s=17.80 cur_d=0.39 vs=1.78 n=1 [id=170 static=1 gap=0.07m d=-0.05 size=0.38]
1786787693.217 [OBSTACLES] cur_s=19.63 cur_d=0.50 vs=1.83 n=0 [none]
1786787693.738 [OBSTACLES] cur_s=20.72 cur_d=-0.29 vs=2.17 n=0 [none]
1786787694.261 [OBSTACLES] cur_s=22.01 cur_d=0.28 vs=3.33 n=0 [none]
1786787694.803 [OBSTACLES] cur_s=23.93 cur_d=-0.18 vs=3.37 n=0 [none]
1786787694.837 [STATE_CHANGE] OVERTAKE -> LOSTLINE src=GB_TRACK s=24.04 d=-0.20 vs=3.39
1786787694.934 [STATE_CHANGE] LOSTLINE -> GB_TRACK src=GB_TRACK s=24.36 d=-0.26 vs=3.43
1786787695.321 [OBSTACLES] cur_s=25.42 cur_d=-0.07 vs=3.28 n=0 [none]
1786787695.908 [OBSTACLES] cur_s=27.54 cur_d=0.10 vs=3.39 n=0 [none]
1786787696.415 [OBSTACLES] cur_s=29.10 cur_d=0.04 vs=3.41 n=0 [none]
1786787696.871 [STATE_CHANGE] GB_TRACK -> LOSTLINE src=GB_TRACK s=30.59 d=0.30 vs=3.44
1786787696.919 [OBSTACLES] cur_s=30.73 cur_d=0.31 vs=3.44 n=0 [none]
1786787697.125 [STATE_CHANGE] LOSTLINE -> GB_TRACK src=GB_TRACK s=31.42 d=0.29 vs=3.44
1786787697.478 [OBSTACLES] cur_s=32.57 cur_d=0.19 vs=3.34 n=0 [none]
1786787697.680 [STATE_CHANGE] GB_TRACK -> LOSTLINE src=GB_TRACK s=33.76 d=0.29 vs=3.25
1786787698.009 [OBSTACLES] cur_s=34.47 cur_d=0.33 vs=3.41 n=0 [none]
1786787698.055 [STATIC_OT] state=GB_TRACK path_exists=0 path_locked=0 path_ttl_ok=0 path_safe=0 on_spline=0 speed=3.43 raw_wpnts=0 raw_age=-s decision=TRAILING reason=NO_STATIC_PATH
1786787698.056 [STATE_CHANGE] LOSTLINE -> TRAILING src=GB_TRACK s=0.11 d=0.33 vs=3.43
1786787698.261 [STATIC_OT] state=TRAILING path_exists=0 path_locked=0 path_ttl_ok=0 path_safe=0 on_spline=0 speed=3.45 raw_wpnts=0 raw_age=-s decision=TRAILING reason=NO_STATIC_PATH
1786787698.381 [STATE_CHANGE] TRAILING -> RECOVERY src=RECOVERY s=1.20 d=0.24 vs=3.45
1786787698.519 [OBSTACLES] cur_s=1.54 cur_d=0.21 vs=3.20 n=1 [id=171 static=1 gap=1.11m d=0.77 size=0.34]
1786787699.027 [OBSTACLES] cur_s=3.25 cur_d=0.08 vs=3.39 n=0 [none]
1786787699.134 [STATE_CHANGE] RECOVERY -> GB_TRACK src=GB_TRACK s=3.87 d=0.03 vs=3.42
1786787699.578 [OBSTACLES] cur_s=5.33 cur_d=-0.10 vs=3.44 n=0 [none]
1786787700.108 [OBSTACLES] cur_s=7.29 cur_d=-0.10 vs=3.44 n=0 [none]
1786787700.640 [OBSTACLES] cur_s=9.12 cur_d=-0.06 vs=3.35 n=0 [none]
1786787701.166 [OBSTACLES] cur_s=10.85 cur_d=0.07 vs=2.60 n=0 [none]
1786787701.699 [OBSTACLES] cur_s=12.24 cur_d=0.22 vs=2.67 n=0 [none]
1786787702.068 [STATE_CHANGE] GB_TRACK -> LOSTLINE src=GB_TRACK s=13.12 d=0.30 vs=3.33
1786787702.105 [STATE_CHANGE] LOSTLINE -> RECOVERY src=RECOVERY s=13.40 d=0.30 vs=3.37
1786787702.205 [OBSTACLES] cur_s=13.63 cur_d=0.32 vs=3.39 n=0 [none]
1786787702.800 [OBSTACLES] cur_s=15.56 cur_d=-0.15 vs=2.29 n=0 [none]
1786787702.983 [STATIC_OT] state=RECOVERY path_exists=0 path_locked=0 path_ttl_ok=0 path_safe=0 on_spline=0 speed=2.38 raw_wpnts=0 raw_age=-s decision=TRAILING reason=NO_STATIC_PATH
1786787702.993 [STATE_CHANGE] RECOVERY -> TRAILING src=RECOVERY s=15.86 d=-0.08 vs=2.38
1786787703.218 [STATIC_OT] state=TRAILING path_exists=0 path_locked=0 path_ttl_ok=0 path_safe=0 on_spline=0 speed=2.16 raw_wpnts=0 raw_age=-s decision=TRAILING reason=NO_STATIC_PATH
1786787703.451 [OBSTACLES] cur_s=16.64 cur_d=0.14 vs=2.10 n=1 [id=172 static=1 gap=1.91m d=0.22 size=0.31]
1786787703.454 [STATIC_OT] state=TRAILING path_exists=1 path_locked=0 path_ttl_ok=1 path_safe=1 on_spline=1 speed=2.10 raw_wpnts=91 raw_age=0.66s decision=OVERTAKE
1786787703.467 [STATE_CHANGE] TRAILING -> OVERTAKE src=OVERTAKE s=16.64 d=0.14 vs=2.10
1786787704.076 [OBSTACLES] cur_s=17.90 cur_d=-0.01 vs=2.59 n=1 [id=172 static=1 gap=0.58m d=0.21 size=0.25]
1786787704.693 [OBSTACLES] cur_s=19.22 cur_d=0.06 vs=3.12 n=0 [none]
1786787705.309 [OBSTACLES] cur_s=21.97 cur_d=-0.05 vs=3.44 n=0 [none]
1786787705.838 [OBSTACLES] cur_s=23.92 cur_d=-0.14 vs=3.44 n=0 [none]
1786787706.016 [STATE_CHANGE] OVERTAKE -> LOSTLINE src=GB_TRACK s=24.45 d=-0.15 vs=3.45
1786787706.123 [STATE_CHANGE] LOSTLINE -> GB_TRACK src=GB_TRACK s=24.54 d=-0.13 vs=3.44
1786787706.367 [OBSTACLES] cur_s=25.29 cur_d=-0.04 vs=3.42 n=0 [none]
1786787706.899 [OBSTACLES] cur_s=26.95 cur_d=0.15 vs=3.45 n=0 [none]
1786787707.681 [OBSTACLES] cur_s=29.89 cur_d=0.24 vs=3.39 n=0 [none]
1786787707.857 [STATE_CHANGE] GB_TRACK -> LOSTLINE src=GB_TRACK s=30.26 d=0.30 vs=3.40
1786787708.199 [OBSTACLES] cur_s=31.54 cur_d=0.32 vs=3.42 n=0 [none]
1786787708.301 [STATE_CHANGE] LOSTLINE -> GB_TRACK src=GB_TRACK s=31.88 d=0.27 vs=3.36
1786787708.712 [OBSTACLES] cur_s=33.69 cur_d=0.23 vs=3.28 n=0 [none]
1786787708.859 [STATIC_OT] state=GB_TRACK path_exists=0 path_locked=0 path_ttl_ok=0 path_safe=0 on_spline=0 speed=3.32 raw_wpnts=0 raw_age=-s decision=TRAILING reason=NO_STATIC_PATH
1786787708.861 [STATE_CHANGE] GB_TRACK -> TRAILING src=GB_TRACK s=34.12 d=0.27 vs=3.32
1786787709.077 [STATIC_OT] state=TRAILING path_exists=0 path_locked=0 path_ttl_ok=0 path_safe=0 on_spline=0 speed=3.41 raw_wpnts=0 raw_age=-s decision=TRAILING reason=NO_STATIC_PATH
1786787709.306 [OBSTACLES] cur_s=0.75 cur_d=0.36 vs=3.21 n=3 [id=174 static=1 gap=5.57m d=-0.12 size=0.32; id=175 static=1 gap=8.49m d=0.44 size=0.25; id=177 static=1 gap=2.04m d=0.75 size=0.34]
1786787709.313 [STATIC_OT] state=TRAILING path_exists=0 path_locked=0 path_ttl_ok=0 path_safe=0 on_spline=0 speed=3.21 raw_wpnts=0 raw_age=-s decision=TRAILING reason=NO_STATIC_PATH
1786787709.584 [STATIC_OT] state=TRAILING path_exists=0 path_locked=0 path_ttl_ok=0 path_safe=0 on_spline=0 speed=2.56 raw_wpnts=0 raw_age=-s decision=TRAILING reason=NO_STATIC_PATH
1786787709.880 [OBSTACLES] cur_s=2.05 cur_d=0.20 vs=1.80 n=3 [id=174 static=1 gap=4.16m d=-0.08 size=0.28; id=177 static=1 gap=0.54m d=0.76 size=0.31; id=178 static=1 gap=6.83m d=0.71 size=0.37]
1786787709.886 [STATIC_OT] state=TRAILING path_exists=1 path_locked=0 path_ttl_ok=1 path_safe=1 on_spline=1 speed=1.80 raw_wpnts=137 raw_age=0.75s decision=OVERTAKE
1786787709.886 [STATE_CHANGE] TRAILING -> OVERTAKE src=OVERTAKE s=2.05 d=0.20 vs=1.80
1786787710.391 [OBSTACLES] cur_s=2.77 cur_d=0.09 vs=2.01 n=2 [id=174 static=1 gap=3.37m d=-0.07 size=0.29; id=178 static=1 gap=6.12m d=0.68 size=0.35]
1786787710.938 [OBSTACLES] cur_s=4.39 cur_d=0.32 vs=3.39 n=2 [id=174 static=1 gap=1.72m d=-0.06 size=0.23; id=178 static=1 gap=4.47m d=0.70 size=0.31]
1786787711.494 [OBSTACLES] cur_s=6.30 cur_d=0.17 vs=3.29 n=1 [id=178 static=1 gap=2.58m d=0.69 size=0.27]
1786787712.084 [OBSTACLES] cur_s=8.26 cur_d=-0.07 vs=3.44 n=1 [id=178 static=1 gap=0.58m d=0.70 size=0.39]
1786787712.676 [OBSTACLES] cur_s=10.42 cur_d=0.08 vs=2.73 n=0 [none]
1786787713.274 [OBSTACLES] cur_s=12.10 cur_d=0.16 vs=2.61 n=0 [none]
1786787713.780 [OBSTACLES] cur_s=13.57 cur_d=0.23 vs=3.39 n=0 [none]
1786787713.815 [STATE_CHANGE] OVERTAKE -> LOSTLINE src=GB_TRACK s=13.67 d=0.23 vs=3.38
1786787713.844 [STATE_CHANGE] LOSTLINE -> GB_TRACK src=GB_TRACK s=13.79 d=0.23 vs=3.38
1786787714.353 [OBSTACLES] cur_s=15.24 cur_d=-0.11 vs=2.74 n=0 [none]
1786787714.866 [OBSTACLES] cur_s=16.42 cur_d=0.18 vs=2.28 n=0 [none]
1786787715.390 [OBSTACLES] cur_s=18.27 cur_d=0.10 vs=2.95 n=0 [none]
1786787715.919 [OBSTACLES] cur_s=19.74 cur_d=0.04 vs=3.27 n=0 [none]
1786787716.422 [OBSTACLES] cur_s=21.21 cur_d=0.02 vs=3.41 n=0 [none]
1786787716.957 [OBSTACLES] cur_s=23.33 cur_d=-0.19 vs=3.42 n=0 [none]
1786787717.493 [OBSTACLES] cur_s=25.16 cur_d=0.04 vs=3.44 n=0 [none]
1786787718.013 [OBSTACLES] cur_s=26.51 cur_d=0.03 vs=3.44 n=0 [none]
1786787718.536 [OBSTACLES] cur_s=28.06 cur_d=0.22 vs=3.42 n=0 [none]
1786787719.093 [OBSTACLES] cur_s=30.23 cur_d=0.22 vs=3.43 n=0 [none]
1786787719.280 [STATE_CHANGE] GB_TRACK -> RECOVERY src=RECOVERY s=30.86 d=0.30 vs=3.41
1786787719.621 [OBSTACLES] cur_s=32.27 cur_d=0.34 vs=3.22 n=0 [none]
1786787720.154 [OBSTACLES] cur_s=34.05 cur_d=0.23 vs=3.02 n=1 [id=182 static=1 gap=6.90m d=-0.00 size=0.24]
1786787720.164 [STATIC_OT] state=RECOVERY path_exists=0 path_locked=0 path_ttl_ok=0 path_safe=0 on_spline=0 speed=3.02 raw_wpnts=0 raw_age=-s decision=TRAILING reason=NO_STATIC_PATH
1786787720.168 [STATE_CHANGE] RECOVERY -> TRAILING src=RECOVERY s=34.05 d=0.23 vs=3.02
1786787720.370 [STATIC_OT] state=TRAILING path_exists=0 path_locked=0 path_ttl_ok=0 path_safe=0 on_spline=0 speed=3.27 raw_wpnts=0 raw_age=-s decision=TRAILING reason=NO_STATIC_PATH
1786787720.598 [STATIC_OT] state=TRAILING path_exists=0 path_locked=0 path_ttl_ok=0 path_safe=0 on_spline=0 speed=2.89 raw_wpnts=0 raw_age=-s decision=TRAILING reason=NO_STATIC_PATH
1786787720.744 [OBSTACLES] cur_s=1.23 cur_d=0.30 vs=2.44 n=2 [id=182 static=1 gap=5.03m d=-0.01 size=0.33; id=184 static=1 gap=1.33m d=0.73 size=0.32]
1786787720.804 [STATIC_OT] state=TRAILING path_exists=0 path_locked=0 path_ttl_ok=0 path_safe=0 on_spline=0 speed=2.33 raw_wpnts=0 raw_age=-s decision=TRAILING reason=NO_STATIC_PATH
1786787721.099 [STATIC_OT] state=TRAILING path_exists=0 path_locked=0 path_ttl_ok=0 path_safe=0 on_spline=0 speed=1.84 raw_wpnts=0 raw_age=-s decision=TRAILING reason=NO_STATIC_PATH
1786787721.269 [OBSTACLES] cur_s=2.02 cur_d=0.16 vs=1.47 n=3 [id=182 static=1 gap=4.16m d=0.05 size=0.32; id=184 static=1 gap=0.44m d=0.77 size=0.32; id=185 static=1 gap=6.81m d=0.77 size=0.37]
1786787721.283 [STATE_CHANGE] TRAILING -> OVERTAKE src=OVERTAKE s=2.02 d=0.16 vs=1.47
1786787721.404 [STATIC_OT] state=OVERTAKE path_exists=1 path_locked=1 path_ttl_ok=1 path_safe=1 on_spline=1 speed=1.34 raw_wpnts=116 raw_age=0.70s decision=OVERTAKE
1786787721.880 [OBSTACLES] cur_s=2.67 cur_d=0.12 vs=2.31 n=2 [id=182 static=1 gap=3.47m d=0.05 size=0.30; id=185 static=1 gap=6.21m d=0.70 size=0.30]
1786787722.244 [STATIC_OT] state=OVERTAKE path_exists=1 path_locked=1 path_ttl_ok=1 path_safe=1 on_spline=1 speed=3.29 raw_wpnts=95 raw_age=0.60s decision=OVERTAKE
1786787722.514 [OBSTACLES] cur_s=4.89 cur_d=0.38 vs=3.00 n=2 [id=182 static=0 gap=1.23m d=0.10 size=0.25; id=185 static=1 gap=3.92m d=0.73 size=0.32]
1786787722.606 [STATIC_OT] state=OVERTAKE path_exists=1 path_locked=1 path_ttl_ok=0 path_safe=0 on_spline=1 speed=2.73 raw_wpnts=0 raw_age=-s decision=TRAILING reason=NO_STATIC_PATH
1786787722.606 [STATE_CHANGE] OVERTAKE -> TRAILING src=GB_TRACK s=5.20 d=0.36 vs=2.73
1786787722.818 [STATIC_OT] state=TRAILING path_exists=0 path_locked=0 path_ttl_ok=0 path_safe=0 on_spline=0 speed=2.30 raw_wpnts=0 raw_age=-s decision=TRAILING reason=NO_STATIC_PATH
1786787723.091 [OBSTACLES] cur_s=6.28 cur_d=0.25 vs=2.64 n=2 [id=182 static=0 gap=0.03m d=-0.06 size=0.41; id=185 static=1 gap=2.48m d=0.72 size=0.42]
1786787723.101 [STATIC_OT] state=TRAILING path_exists=0 path_locked=0 path_ttl_ok=0 path_safe=0 on_spline=0 speed=2.64 raw_wpnts=0 raw_age=-s decision=TRAILING reason=NO_STATIC_PATH
1786787723.209 [STATE_CHANGE] TRAILING -> RECOVERY src=RECOVERY s=6.64 d=0.19 vs=2.67
1786787723.483 [STATE_CHANGE] RECOVERY -> GB_TRACK src=GB_TRACK s=7.29 d=0.01 vs=3.01
1786787723.655 [OBSTACLES] cur_s=8.06 cur_d=-0.06 vs=3.38 n=1 [id=185 static=1 gap=0.78m d=0.73 size=0.32]
1786787724.193 [OBSTACLES] cur_s=9.85 cur_d=0.19 vs=3.16 n=0 [none]
1786787724.704 [OBSTACLES] cur_s=11.29 cur_d=0.01 vs=2.31 n=0 [none]
1786787725.206 [OBSTACLES] cur_s=12.36 cur_d=0.22 vs=2.73 n=0 [none]
1786787725.782 [OBSTACLES] cur_s=14.46 cur_d=0.08 vs=3.11 n=0 [none]
1786787726.325 [OBSTACLES] cur_s=15.82 cur_d=0.02 vs=2.40 n=0 [none]
1786787726.838 [OBSTACLES] cur_s=17.17 cur_d=0.19 vs=2.83 n=0 [none]
1786787727.316 [STATIC_OT] state=GB_TRACK path_exists=0 path_locked=0 path_ttl_ok=0 path_safe=0 on_spline=0 speed=3.37 raw_wpnts=0 raw_age=-s decision=TRAILING reason=NO_STATIC_PATH
1786787727.317 [STATE_CHANGE] GB_TRACK -> TRAILING src=GB_TRACK s=18.56 d=0.29 vs=3.37
1786787727.376 [OBSTACLES] cur_s=18.79 cur_d=0.33 vs=3.39 n=1 [id=186 static=1 gap=0.65m d=0.73 size=0.25]
1786787727.379 [STATE_CHANGE] TRAILING -> RECOVERY src=RECOVERY s=18.79 d=0.33 vs=3.39
1786787727.886 [OBSTACLES] cur_s=20.42 cur_d=0.08 vs=3.31 n=0 [none]
1786787727.986 [STATE_CHANGE] RECOVERY -> GB_TRACK src=GB_TRACK s=20.64 d=0.01 vs=3.33
1786787728.449 [OBSTACLES] cur_s=22.33 cur_d=-0.16 vs=3.42 n=0 [none]
1786787728.974 [OBSTACLES] cur_s=24.25 cur_d=-0.06 vs=3.44 n=0 [none]
1786787729.482 [OBSTACLES] cur_s=25.73 cur_d=-0.05 vs=3.44 n=0 [none]
1786787729.983 [OBSTACLES] cur_s=27.69 cur_d=0.19 vs=3.44 n=0 [none]
1786787730.556 [OBSTACLES] cur_s=29.36 cur_d=-0.00 vs=3.39 n=0 [none]
1786787731.139 [OBSTACLES] cur_s=31.35 cur_d=0.25 vs=3.25 n=0 [none]
1786787731.194 [STATE_CHANGE] GB_TRACK -> LOSTLINE src=GB_TRACK s=31.60 d=0.30 vs=3.25
1786787731.517 [STATE_CHANGE] LOSTLINE -> RECOVERY src=RECOVERY s=32.60 d=0.31 vs=3.24
1786787731.648 [OBSTACLES] cur_s=33.24 cur_d=0.14 vs=2.88 n=0 [none]
1786787731.796 [STATE_CHANGE] RECOVERY -> GB_TRACK src=GB_TRACK s=33.64 d=0.05 vs=2.96
1786787732.161 [OBSTACLES] cur_s=0.18 cur_d=0.05 vs=3.10 n=2 [id=188 static=1 gap=2.66m d=0.76 size=0.38; id=189 static=1 gap=9.04m d=0.55 size=0.30]
1786787732.550 [STATIC_OT] state=GB_TRACK path_exists=0 path_locked=0 path_ttl_ok=0 path_safe=0 on_spline=0 speed=3.41 raw_wpnts=0 raw_age=-s decision=TRAILING reason=NO_STATIC_PATH
1786787732.554 [STATE_CHANGE] GB_TRACK -> TRAILING src=GB_TRACK s=1.21 d=0.31 vs=3.41
1786787732.677 [OBSTACLES] cur_s=1.81 cur_d=0.28 vs=3.39 n=1 [id=188 static=1 gap=0.82m d=0.73 size=0.33]
1786787732.775 [STATIC_OT] state=TRAILING path_exists=0 path_locked=0 path_ttl_ok=0 path_safe=0 on_spline=0 speed=3.32 raw_wpnts=0 raw_age=-s decision=TRAILING reason=NO_STATIC_PATH
1786787732.850 [STATE_CHANGE] TRAILING -> RECOVERY src=RECOVERY s=2.29 d=0.11 vs=3.28
1786787732.929 [STATE_CHANGE] RECOVERY -> GB_TRACK src=GB_TRACK s=2.47 d=0.04 vs=3.26
1786787733.328 [OBSTACLES] cur_s=3.65 cur_d=-0.18 vs=3.00 n=1 [id=190 static=1 gap=5.14m d=0.79 size=0.31]
1786787733.848 [OBSTACLES] cur_s=5.48 cur_d=0.10 vs=3.43 n=1 [id=190 static=1 gap=3.26m d=0.68 size=0.41]
1786787734.389 [OBSTACLES] cur_s=7.29 cur_d=-0.26 vs=3.42 n=1 [id=190 static=1 gap=1.49m d=0.73 size=0.33]
1786787734.908 [OBSTACLES] cur_s=8.83 cur_d=-0.04 vs=3.10 n=0 [none]
1786787735.454 [OBSTACLES] cur_s=10.23 cur_d=0.15 vs=2.64 n=0 [none]
1786787736.025 [OBSTACLES] cur_s=11.68 cur_d=0.05 vs=2.32 n=0 [none]
1786787736.344 [STATE_CHANGE] GB_TRACK -> RECOVERY src=RECOVERY s=12.55 d=0.30 vs=2.70
1786787736.536 [OBSTACLES] cur_s=13.16 cur_d=0.26 vs=3.21 n=0 [none]
1786787736.799 [STATE_CHANGE] RECOVERY -> GB_TRACK src=GB_TRACK s=14.08 d=0.04 vs=2.97
1786787737.105 [OBSTACLES] cur_s=14.95 cur_d=-0.14 vs=2.81 n=0 [none]
1786787737.606 [OBSTACLES] cur_s=16.07 cur_d=0.25 vs=2.34 n=0 [none]
1786787738.201 [OBSTACLES] cur_s=17.65 cur_d=0.02 vs=2.89 n=1 [id=191 static=1 gap=1.85m d=0.76 size=0.24]
1786787738.655 [STATE_CHANGE] GB_TRACK -> LOSTLINE src=GB_TRACK s=18.52 d=0.31 vs=3.31
1786787738.723 [OBSTACLES] cur_s=18.69 cur_d=0.35 vs=3.36 n=0 [none]
1786787739.136 [STATE_CHANGE] LOSTLINE -> GB_TRACK src=GB_TRACK s=20.23 d=-0.02 vs=3.27
1786787739.235 [OBSTACLES] cur_s=20.66 cur_d=-0.14 vs=3.36 n=0 [none]
1786787739.769 [OBSTACLES] cur_s=22.67 cur_d=-0.00 vs=3.37 n=0 [none]
1786787740.317 [OBSTACLES] cur_s=24.47 cur_d=-0.12 vs=3.42 n=0 [none]
1786787740.882 [OBSTACLES] cur_s=26.40 cur_d=0.15 vs=3.36 n=0 [none]
1786787741.445 [OBSTACLES] cur_s=28.11 cur_d=0.18 vs=3.37 n=0 [none]
1786787741.954 [OBSTACLES] cur_s=29.55 cur_d=0.03 vs=3.36 n=0 [none]
1786787742.249 [STATE_CHANGE] GB_TRACK -> LOSTLINE src=GB_TRACK s=30.76 d=0.30 vs=3.34
1786787742.502 [OBSTACLES] cur_s=31.64 cur_d=0.34 vs=3.43 n=0 [none]
1786787742.787 [STATE_CHANGE] LOSTLINE -> GB_TRACK src=GB_TRACK s=32.87 d=0.15 vs=3.18
1786787742.990 [STATIC_OT] state=GB_TRACK path_exists=0 path_locked=0 path_ttl_ok=0 path_safe=0 on_spline=0 speed=3.23 raw_wpnts=0 raw_age=-s decision=TRAILING reason=NO_STATIC_PATH
1786787742.991 [STATE_CHANGE] GB_TRACK -> TRAILING src=GB_TRACK s=33.57 d=0.15 vs=3.23
1786787743.049 [OBSTACLES] cur_s=33.68 cur_d=0.16 vs=3.22 n=1 [id=193 static=1 gap=3.44m d=-0.12 size=0.27]
1786787743.303 [STATIC_OT] state=TRAILING path_exists=0 path_locked=0 path_ttl_ok=0 path_safe=0 on_spline=0 speed=3.12 raw_wpnts=0 raw_age=-s decision=TRAILING reason=NO_STATIC_PATH
1786787743.515 [STATIC_OT] state=TRAILING path_exists=1 path_locked=0 path_ttl_ok=1 path_safe=1 on_spline=1 speed=2.85 raw_wpnts=107 raw_age=0.66s decision=OVERTAKE
1786787743.515 [STATE_CHANGE] TRAILING -> OVERTAKE src=OVERTAKE s=0.27 d=0.18 vs=2.85
1786787743.632 [OBSTACLES] cur_s=0.53 cur_d=0.22 vs=2.58 n=3 [id=193 static=1 gap=2.03m d=-0.16 size=0.27; id=194 static=1 gap=8.63m d=0.07 size=0.35; id=195 static=1 gap=4.80m d=0.75 size=0.40]
1786787744.239 [OBSTACLES] cur_s=2.28 cur_d=0.17 vs=3.27 n=3 [id=193 static=1 gap=0.07m d=-0.15 size=0.40; id=194 static=1 gap=6.75m d=0.16 size=0.28; id=195 static=1 gap=2.88m d=0.80 size=0.36]
1786787744.254 [STATIC_OT] state=OVERTAKE path_exists=1 path_locked=1 path_ttl_ok=1 path_safe=0 on_spline=1 speed=3.27 raw_wpnts=82 raw_age=0.56s decision=TRAILING reason=PATH_BLOCKED blocked_obs_id=194 gap=6.89m free_dist=Nonem branch=static/beyond_path
1786787744.267 [STATE_CHANGE] OVERTAKE -> TRAILING src=GB_TRACK s=2.28 d=0.17 vs=3.27
1786787744.539 [STATIC_OT] state=TRAILING path_exists=1 path_locked=0 path_ttl_ok=1 path_safe=0 on_spline=1 speed=3.43 raw_wpnts=81 raw_age=0.53s decision=TRAILING reason=PATH_BLOCKED blocked_obs_id=194 gap=5.59m free_dist=-0.085m branch=dyn/nopred (id_mismatch or empty)
1786787744.768 [OBSTACLES] cur_s=4.16 cur_d=0.07 vs=3.20 n=2 [id=194 static=0 gap=4.71m d=0.24 size=0.31; id=195 static=1 gap=0.89m d=0.82 size=0.43]
1786787744.771 [STATIC_OT] state=TRAILING path_exists=1 path_locked=0 path_ttl_ok=1 path_safe=0 on_spline=1 speed=3.20 raw_wpnts=81 raw_age=0.49s decision=TRAILING reason=PATH_BLOCKED blocked_obs_id=194 gap=4.86m free_dist=-0.059m branch=dyn/nopred (id_mismatch or empty)
1786787745.023 [STATIC_OT] state=TRAILING path_exists=1 path_locked=0 path_ttl_ok=1 path_safe=0 on_spline=1 speed=2.76 raw_wpnts=81 raw_age=0.47s decision=TRAILING reason=PATH_BLOCKED blocked_obs_id=194 gap=4.19m free_dist=-0.178m branch=dyn/nopred (id_mismatch or empty)
1786787745.275 [STATIC_OT] state=TRAILING path_exists=1 path_locked=0 path_ttl_ok=0 path_safe=0 on_spline=1 speed=2.01 raw_wpnts=0 raw_age=-s decision=TRAILING reason=NO_STATIC_PATH
1786787745.362 [OBSTACLES] cur_s=5.85 cur_d=-0.15 vs=1.87 n=1 [id=194 static=0 gap=3.10m d=0.17 size=0.29]
1786787745.531 [STATIC_OT] state=TRAILING path_exists=1 path_locked=0 path_ttl_ok=0 path_safe=0 on_spline=1 speed=1.40 raw_wpnts=0 raw_age=-s decision=TRAILING reason=NO_STATIC_PATH
1786787745.814 [STATIC_OT] state=TRAILING path_exists=1 path_locked=0 path_ttl_ok=0 path_safe=0 on_spline=1 speed=0.85 raw_wpnts=0 raw_age=-s decision=TRAILING reason=NO_STATIC_PATH
1786787745.891 [OBSTACLES] cur_s=6.53 cur_d=-0.08 vs=0.64 n=1 [id=194 static=0 gap=2.43m d=0.16 size=0.29]
1786787746.021 [STATIC_OT] state=TRAILING path_exists=1 path_locked=0 path_ttl_ok=0 path_safe=0 on_spline=1 speed=0.40 raw_wpnts=0 raw_age=-s decision=TRAILING reason=NO_STATIC_PATH
1786787746.248 [STATIC_OT] state=TRAILING path_exists=1 path_locked=0 path_ttl_ok=0 path_safe=0 on_spline=1 speed=0.00 raw_wpnts=0 raw_age=-s decision=TRAILING reason=NO_STATIC_PATH
1786787746.395 [OBSTACLES] cur_s=6.60 cur_d=-0.07 vs=0.00 n=1 [id=194 static=1 gap=2.35m d=0.21 size=0.27]
1786787746.538 [STATIC_OT] state=TRAILING path_exists=1 path_locked=0 path_ttl_ok=1 path_safe=1 on_spline=1 speed=0.00 raw_wpnts=81 raw_age=0.58s decision=OVERTAKE
1786787746.540 [STATE_CHANGE] TRAILING -> OVERTAKE src=OVERTAKE s=6.61 d=-0.07 vs=0.00
1786787746.919 [OBSTACLES] cur_s=6.61 cur_d=-0.07 vs=0.23 n=1 [id=194 static=1 gap=2.33m d=0.21 size=0.27]
1786787747.428 [OBSTACLES] cur_s=6.89 cur_d=-0.07 vs=1.63 n=1 [id=194 static=1 gap=2.05m d=0.21 size=0.29]
1786787748.040 [OBSTACLES] cur_s=8.77 cur_d=-0.24 vs=2.79 n=1 [id=194 static=1 gap=0.11m d=0.22 size=0.35]
1786787748.688 [OBSTACLES] cur_s=10.84 cur_d=0.07 vs=2.65 n=0 [none]
1786787749.191 [OBSTACLES] cur_s=12.05 cur_d=-0.01 vs=2.54 n=0 [none]
1786787749.720 [OBSTACLES] cur_s=13.00 cur_d=0.17 vs=3.35 n=0 [none]
1786787749.931 [STATE_CHANGE] OVERTAKE -> LOSTLINE src=GB_TRACK s=14.30 d=0.30 vs=3.39
1786787750.045 [STATE_CHANGE] LOSTLINE -> GB_TRACK src=GB_TRACK s=14.75 d=0.17 vs=3.04
1786787750.254 [OBSTACLES] cur_s=15.38 cur_d=-0.17 vs=2.63 n=0 [none]
1786787750.765 [OBSTACLES] cur_s=16.43 cur_d=-0.11 vs=2.38 n=1 [id=196 static=1 gap=3.04m d=0.67 size=0.24]
1786787751.324 [OBSTACLES] cur_s=17.30 cur_d=0.13 vs=2.64 n=1 [id=196 static=1 gap=2.07m d=0.66 size=0.29]
1786787751.853 [OBSTACLES] cur_s=18.75 cur_d=0.09 vs=3.39 n=0 [none]
1786787752.378 [OBSTACLES] cur_s=20.62 cur_d=0.19 vs=3.44 n=0 [none]
1786787752.933 [OBSTACLES] cur_s=22.53 cur_d=-0.13 vs=3.37 n=0 [none]
1786787753.458 [OBSTACLES] cur_s=24.34 cur_d=-0.11 vs=3.35 n=0 [none]
1786787753.997 [OBSTACLES] cur_s=26.20 cur_d=0.02 vs=3.42 n=0 [none]
1786787754.548 [OBSTACLES] cur_s=27.92 cur_d=0.08 vs=3.36 n=0 [none]
1786787755.058 [OBSTACLES] cur_s=29.84 cur_d=0.19 vs=3.42 n=0 [none]
1786787755.566 [OBSTACLES] cur_s=31.91 cur_d=0.15 vs=3.37 n=0 [none]
1786787755.839 [STATE_CHANGE] GB_TRACK -> LOSTLINE src=GB_TRACK s=32.84 d=0.31 vs=3.18
1786787756.082 [OBSTACLES] cur_s=33.58 cur_d=0.34 vs=3.27 n=1 [id=198 static=1 gap=3.56m d=-0.15 size=0.27]
1786787756.084 [STATIC_OT] state=GB_TRACK path_exists=0 path_locked=0 path_ttl_ok=0 path_safe=0 on_spline=0 speed=3.27 raw_wpnts=0 raw_age=-s decision=TRAILING reason=NO_STATIC_PATH
1786787756.086 [STATE_CHANGE] LOSTLINE -> TRAILING src=GB_TRACK s=33.58 d=0.34 vs=3.27
1786787756.302 [STATIC_OT] state=TRAILING path_exists=0 path_locked=0 path_ttl_ok=0 path_safe=0 on_spline=0 speed=3.28 raw_wpnts=0 raw_age=-s decision=TRAILING reason=NO_STATIC_PATH
1786787756.593 [STATIC_OT] state=TRAILING path_exists=1 path_locked=0 path_ttl_ok=1 path_safe=0 on_spline=1 speed=3.04 raw_wpnts=106 raw_age=0.59s decision=TRAILING reason=PATH_BLOCKED blocked_obs_id=198 gap=2.23m free_dist=0.064m branch=static/geom
1786787756.778 [OBSTACLES] cur_s=0.78 cur_d=0.09 vs=2.61 n=3 [id=198 static=1 gap=1.86m d=-0.11 size=0.34; id=199 static=1 gap=8.57m d=0.35 size=0.26; id=200 static=1 gap=4.55m d=0.47 size=0.40]
1786787756.929 [STATIC_OT] state=TRAILING path_exists=1 path_locked=0 path_ttl_ok=1 path_safe=0 on_spline=1 speed=2.19 raw_wpnts=93 raw_age=0.61s decision=TRAILING reason=PATH_BLOCKED blocked_obs_id=200 gap=4.17m free_dist=0.026m branch=static/geom
1786787757.209 [STATIC_OT] state=TRAILING path_exists=1 path_locked=0 path_ttl_ok=1 path_safe=0 on_spline=1 speed=1.55 raw_wpnts=86 raw_age=0.60s decision=TRAILING reason=PATH_BLOCKED blocked_obs_id=200 gap=3.59m free_dist=0.066m branch=static/geom
1786787757.323 [OBSTACLES] cur_s=1.86 cur_d=0.19 vs=1.24 n=2 [id=198 static=0 gap=0.41m d=-0.15 size=0.31; id=200 static=1 gap=3.25m d=0.41 size=0.39]
1786787757.516 [STATIC_OT] state=TRAILING path_exists=1 path_locked=0 path_ttl_ok=1 path_safe=0 on_spline=1 speed=0.89 raw_wpnts=81 raw_age=0.69s decision=TRAILING reason=PATH_BLOCKED blocked_obs_id=200 gap=3.31m free_dist=0.076m branch=static/geom
1786787757.776 [STATIC_OT] state=TRAILING path_exists=1 path_locked=0 path_ttl_ok=1 path_safe=0 on_spline=1 speed=0.26 raw_wpnts=96 raw_age=0.74s decision=TRAILING reason=PATH_BLOCKED blocked_obs_id=201 gap=6.85m free_dist=-0.075m branch=static/geom
1786787757.890 [OBSTACLES] cur_s=2.13 cur_d=0.09 vs=0.00 n=3 [id=198 static=0 gap=0.16m d=-0.18 size=0.41; id=200 static=1 gap=2.94m d=0.44 size=0.38; id=201 static=1 gap=6.75m d=0.17 size=0.23]
1786787758.084 [STATIC_OT] state=TRAILING path_exists=1 path_locked=0 path_ttl_ok=1 path_safe=0 on_spline=1 speed=0.00 raw_wpnts=89 raw_age=0.62s decision=TRAILING reason=PATH_BLOCKED blocked_obs_id=201 gap=6.86m free_dist=-0.098m branch=static/geom
1786787758.391 [STATIC_OT] state=TRAILING path_exists=1 path_locked=0 path_ttl_ok=1 path_safe=0 on_spline=1 speed=0.00 raw_wpnts=87 raw_age=0.60s decision=TRAILING reason=PATH_BLOCKED blocked_obs_id=201 gap=6.88m free_dist=-0.096m branch=static/geom
1786787758.534 [OBSTACLES] cur_s=2.09 cur_d=0.10 vs=0.00 n=3 [id=198 static=1 gap=0.08m d=-0.18 size=0.40; id=200 static=1 gap=2.97m d=0.45 size=0.35; id=201 static=1 gap=6.77m d=0.16 size=0.26]
1786787758.736 [STATIC_OT] state=TRAILING path_exists=1 path_locked=0 path_ttl_ok=1 path_safe=0 on_spline=1 speed=0.00 raw_wpnts=87 raw_age=0.64s decision=TRAILING reason=PATH_BLOCKED blocked_obs_id=198 gap=0.29m free_dist=-0.12m branch=static/geom
1786787759.017 [STATIC_OT] state=TRAILING path_exists=1 path_locked=0 path_ttl_ok=0 path_safe=0 on_spline=1 speed=0.00 raw_wpnts=0 raw_age=-s decision=TRAILING reason=NO_STATIC_PATH
1786787759.115 [OBSTACLES] cur_s=2.11 cur_d=0.09 vs=0.00 n=3 [id=198 static=1 gap=0.05m d=-0.18 size=0.40; id=200 static=1 gap=2.94m d=0.45 size=0.35; id=201 static=1 gap=6.76m d=0.18 size=0.23]
1786787759.217 [STATIC_OT] state=TRAILING path_exists=1 path_locked=0 path_ttl_ok=1 path_safe=0 on_spline=1 speed=0.00 raw_wpnts=81 raw_age=0.58s decision=TRAILING reason=PATH_BLOCKED blocked_obs_id=201 gap=6.86m free_dist=-0.087m branch=static/geom
1786787759.523 [STATIC_OT] state=TRAILING path_exists=1 path_locked=0 path_ttl_ok=1 path_safe=0 on_spline=1 speed=0.00 raw_wpnts=81 raw_age=0.48s decision=TRAILING reason=PATH_BLOCKED blocked_obs_id=201 gap=6.87m free_dist=-0.066m branch=static/geom
1786787759.637 [OBSTACLES] cur_s=2.11 cur_d=0.09 vs=0.00 n=3 [id=198 static=1 gap=0.04m d=-0.18 size=0.43; id=200 static=1 gap=2.91m d=0.46 size=0.37; id=201 static=1 gap=6.77m d=0.19 size=0.19]
1786787759.816 [STATIC_OT] state=TRAILING path_exists=1 path_locked=0 path_ttl_ok=1 path_safe=0 on_spline=1 speed=0.00 raw_wpnts=81 raw_age=0.57s decision=TRAILING reason=PATH_BLOCKED blocked_obs_id=201 gap=6.86m free_dist=-0.061m branch=static/geom
1786787760.056 [STATIC_OT] state=TRAILING path_exists=1 path_locked=0 path_ttl_ok=1 path_safe=0 on_spline=1 speed=0.00 raw_wpnts=81 raw_age=0.64s decision=TRAILING reason=PATH_BLOCKED blocked_obs_id=201 gap=6.86m free_dist=-0.049m branch=static/geom
1786787760.210 [OBSTACLES] cur_s=2.11 cur_d=0.09 vs=0.00 n=3 [id=198 static=1 gap=0.03m d=-0.19 size=0.45; id=200 static=1 gap=2.92m d=0.46 size=0.36; id=201 static=1 gap=6.76m d=0.20 size=0.20]
1786787760.291 [STATIC_OT] state=TRAILING path_exists=1 path_locked=0 path_ttl_ok=1 path_safe=0 on_spline=1 speed=0.00 raw_wpnts=81 raw_age=0.75s decision=TRAILING reason=PATH_BLOCKED blocked_obs_id=201 gap=6.87m free_dist=-0.05m branch=static/geom
1786787760.562 [STATIC_OT] state=TRAILING path_exists=1 path_locked=0 path_ttl_ok=1 path_safe=0 on_spline=1 speed=0.00 raw_wpnts=81 raw_age=0.88s decision=TRAILING reason=PATH_BLOCKED blocked_obs_id=201 gap=6.86m free_dist=-0.045m branch=static/geom
1786787760.745 [OBSTACLES] cur_s=2.11 cur_d=0.09 vs=0.00 n=3 [id=198 static=1 gap=0.03m d=-0.19 size=0.44; id=200 static=1 gap=2.91m d=0.47 size=0.35; id=201 static=1 gap=6.76m d=0.20 size=0.20]
1786787760.815 [STATIC_OT] state=TRAILING path_exists=1 path_locked=0 path_ttl_ok=1 path_safe=0 on_spline=1 speed=0.00 raw_wpnts=81 raw_age=0.85s decision=TRAILING reason=PATH_BLOCKED blocked_obs_id=201 gap=6.86m free_dist=-0.041m branch=static/geom
1786787761.084 [STATIC_OT] state=TRAILING path_exists=1 path_locked=0 path_ttl_ok=1 path_safe=0 on_spline=1 speed=0.00 raw_wpnts=81 raw_age=0.51s decision=TRAILING reason=PATH_BLOCKED blocked_obs_id=201 gap=6.86m free_dist=-0.037m branch=static/geom
1786787761.358 [OBSTACLES] cur_s=2.11 cur_d=0.09 vs=0.00 n=3 [id=198 static=1 gap=0.03m d=-0.19 size=0.44; id=200 static=1 gap=2.90m d=0.47 size=0.37; id=201 static=1 gap=6.76m d=0.21 size=0.19]
1786787761.366 [STATIC_OT] state=TRAILING path_exists=1 path_locked=0 path_ttl_ok=1 path_safe=0 on_spline=1 speed=0.00 raw_wpnts=81 raw_age=0.52s decision=TRAILING reason=PATH_BLOCKED blocked_obs_id=201 gap=6.85m free_dist=-0.035m branch=static/geom
1786787761.593 [STATIC_OT] state=TRAILING path_exists=1 path_locked=0 path_ttl_ok=1 path_safe=0 on_spline=1 speed=0.00 raw_wpnts=81 raw_age=0.51s decision=TRAILING reason=PATH_BLOCKED blocked_obs_id=201 gap=6.85m free_dist=-0.039m branch=static/geom
1786787761.807 [STATIC_OT] state=TRAILING path_exists=1 path_locked=0 path_ttl_ok=1 path_safe=0 on_spline=1 speed=0.00 raw_wpnts=81 raw_age=0.56s decision=TRAILING reason=PATH_BLOCKED blocked_obs_id=201 gap=6.85m free_dist=-0.037m branch=static/geom
1786787761.859 [OBSTACLES] cur_s=2.11 cur_d=0.09 vs=0.00 n=2 [id=200 static=1 gap=2.89m d=0.47 size=0.37; id=201 static=1 gap=6.75m d=0.21 size=0.20]
1786787762.060 [STATIC_OT] state=TRAILING path_exists=1 path_locked=0 path_ttl_ok=1 path_safe=0 on_spline=1 speed=0.00 raw_wpnts=81 raw_age=0.66s decision=TRAILING reason=PATH_BLOCKED blocked_obs_id=201 gap=6.85m free_dist=-0.034m branch=static/geom
1786787762.264 [STATIC_OT] state=TRAILING path_exists=1 path_locked=0 path_ttl_ok=1 path_safe=0 on_spline=1 speed=0.18 raw_wpnts=81 raw_age=0.69s decision=TRAILING reason=PATH_BLOCKED blocked_obs_id=201 gap=6.85m free_dist=-0.034m branch=static/geom
1786787762.369 [OBSTACLES] cur_s=2.14 cur_d=0.08 vs=0.68 n=2 [id=200 static=1 gap=2.87m d=0.47 size=0.36; id=201 static=1 gap=6.72m d=0.21 size=0.20]
1786787762.497 [STATIC_OT] state=TRAILING path_exists=1 path_locked=0 path_ttl_ok=1 path_safe=0 on_spline=1 speed=0.68 raw_wpnts=81 raw_age=0.75s decision=TRAILING reason=PATH_BLOCKED blocked_obs_id=201 gap=6.77m free_dist=-0.051m branch=static/geom
1786787762.793 [STATIC_OT] state=TRAILING path_exists=1 path_locked=0 path_ttl_ok=1 path_safe=0 on_spline=1 speed=0.43 raw_wpnts=86 raw_age=0.88s decision=TRAILING reason=PATH_BLOCKED blocked_obs_id=201 gap=6.48m free_dist=-0.073m branch=static/geom
1786787762.879 [OBSTACLES] cur_s=2.53 cur_d=0.06 vs=0.61 n=2 [id=200 static=1 gap=2.46m d=0.47 size=0.38; id=201 static=1 gap=6.30m d=0.21 size=0.26]
1786787763.016 [STATIC_OT] state=TRAILING path_exists=1 path_locked=0 path_ttl_ok=1 path_safe=0 on_spline=1 speed=0.48 raw_wpnts=86 raw_age=0.74s decision=TRAILING reason=PATH_BLOCKED blocked_obs_id=201 gap=6.36m free_dist=-0.067m branch=static/geom
1786787763.299 [STATIC_OT] state=TRAILING path_exists=1 path_locked=0 path_ttl_ok=1 path_safe=0 on_spline=1 speed=0.81 raw_wpnts=85 raw_age=0.80s decision=TRAILING reason=PATH_BLOCKED blocked_obs_id=201 gap=6.12m free_dist=-0.089m branch=static/geom
1786787763.457 [OBSTACLES] cur_s=3.03 cur_d=0.02 vs=0.85 n=2 [id=200 static=1 gap=1.98m d=0.47 size=0.35; id=201 static=1 gap=5.76m d=0.21 size=0.34]
1786787763.653 [STATIC_OT] state=TRAILING path_exists=1 path_locked=0 path_ttl_ok=1 path_safe=0 on_spline=1 speed=0.51 raw_wpnts=81 raw_age=0.57s decision=TRAILING reason=PATH_BLOCKED blocked_obs_id=201 gap=5.81m free_dist=-0.122m branch=static/geom
1786787763.916 [STATIC_OT] state=TRAILING path_exists=1 path_locked=0 path_ttl_ok=1 path_safe=0 on_spline=1 speed=1.34 raw_wpnts=81 raw_age=0.53s decision=TRAILING reason=PATH_BLOCKED blocked_obs_id=201 gap=5.63m free_dist=-0.083m branch=static/geom
1786787764.019 [OBSTACLES] cur_s=3.62 cur_d=-0.03 vs=2.16 n=2 [id=200 static=1 gap=1.39m d=0.47 size=0.34; id=201 static=1 gap=5.19m d=0.21 size=0.32]
1786787764.149 [STATIC_OT] state=TRAILING path_exists=1 path_locked=0 path_ttl_ok=0 path_safe=0 on_spline=1 speed=2.26 raw_wpnts=0 raw_age=-s decision=TRAILING reason=NO_STATIC_PATH
1786787764.285 [STATE_CHANGE] TRAILING -> OVERTAKE src=OVERTAKE s=4.24 d=-0.04 vs=2.21
1786787764.566 [OBSTACLES] cur_s=4.75 cur_d=-0.06 vs=1.60 n=2 [id=200 static=1 gap=0.24m d=0.47 size=0.36; id=201 static=1 gap=4.05m d=0.22 size=0.33]
1786787765.079 [OBSTACLES] cur_s=6.06 cur_d=-0.09 vs=3.14 n=1 [id=201 static=1 gap=2.78m d=0.22 size=0.26]
1786787765.747 [OBSTACLES] cur_s=8.25 cur_d=-0.30 vs=3.06 n=1 [id=201 static=1 gap=0.52m d=0.22 size=0.39]
1786787766.270 [OBSTACLES] cur_s=9.61 cur_d=-0.05 vs=3.09 n=0 [none]
1786787766.812 [OBSTACLES] cur_s=11.24 cur_d=-0.00 vs=2.39 n=0 [none]
1786787767.322 [OBSTACLES] cur_s=12.41 cur_d=0.01 vs=2.73 n=0 [none]
1786787767.824 [OBSTACLES] cur_s=14.06 cur_d=0.33 vs=3.41 n=0 [none]
1786787767.833 [STATE_CHANGE] OVERTAKE -> LOSTLINE src=GB_TRACK s=14.06 d=0.33 vs=3.41
1786787768.033 [STATE_CHANGE] LOSTLINE -> GB_TRACK src=GB_TRACK s=14.66 d=0.24 vs=3.07
1786787768.340 [OBSTACLES] cur_s=15.56 cur_d=-0.22 vs=2.25 n=0 [none]
1786787768.855 [OBSTACLES] cur_s=16.53 cur_d=-0.08 vs=2.39 n=1 [id=202 static=1 gap=2.92m d=0.75 size=0.24]
1786787769.382 [OBSTACLES] cur_s=17.70 cur_d=0.26 vs=2.73 n=1 [id=202 static=1 gap=1.62m d=0.69 size=0.30]
1786787769.883 [OBSTACLES] cur_s=19.01 cur_d=-0.13 vs=3.35 n=0 [none]
1786787770.390 [OBSTACLES] cur_s=19.46 cur_d=-0.05 vs=3.32 n=0 [none]
1786787770.529 [STATE_CHANGE] GB_TRACK -> LOSTLINE src=GB_TRACK s=20.55 d=0.34 vs=3.07
1786787770.824 [STATE_CHANGE] LOSTLINE -> RECOVERY src=RECOVERY s=21.47 d=0.66 vs=3.08
1786787770.903 [OBSTACLES] cur_s=21.61 cur_d=0.66 vs=2.97 n=0 [none]
1786787771.450 [OBSTACLES] cur_s=22.87 cur_d=0.09 vs=1.63 n=0 [none]
1786787771.544 [STATE_CHANGE] RECOVERY -> GB_TRACK src=GB_TRACK s=23.06 d=0.03 vs=1.86
1786787772.023 [OBSTACLES] cur_s=24.63 cur_d=0.15 vs=3.10 n=0 [none]
1786787772.579 [OBSTACLES] cur_s=26.58 cur_d=-0.01 vs=3.29 n=0 [none]
1786787773.114 [OBSTACLES] cur_s=28.39 cur_d=0.07 vs=3.31 n=0 [none]
1786787773.640 [OBSTACLES] cur_s=30.02 cur_d=0.26 vs=3.37 n=0 [none]
1786787774.142 [OBSTACLES] cur_s=31.57 cur_d=0.04 vs=3.38 n=0 [none]
1786787774.703 [OBSTACLES] cur_s=33.75 cur_d=0.32 vs=3.06 n=1 [id=205 static=1 gap=4.13m d=-0.06 size=0.28]
1786787774.706 [STATIC_OT] state=GB_TRACK path_exists=1 path_locked=0 path_ttl_ok=1 path_safe=1 on_spline=1 speed=3.06 raw_wpnts=116 raw_age=0.22s decision=OVERTAKE
1786787774.706 [STATE_CHANGE] GB_TRACK -> OVERTAKE src=OVERTAKE s=33.75 d=0.32 vs=3.06
1786787775.224 [OBSTACLES] cur_s=0.82 cur_d=0.17 vs=3.33 n=3 [id=205 static=1 gap=2.53m d=-0.02 size=0.37; id=206 static=1 gap=8.43m d=0.25 size=0.29; id=207 static=1 gap=3.92m d=0.89 size=0.32]
1786787775.248 [STATIC_OT] state=OVERTAKE path_exists=1 path_locked=1 path_ttl_ok=1 path_safe=1 on_spline=1 speed=3.33 raw_wpnts=98 raw_age=0.27s decision=OVERTAKE
1786787775.350 [STATE_CHANGE] OVERTAKE -> TRAILING src=GB_TRACK s=1.07 d=0.17 vs=3.40
1786787775.479 [STATIC_OT] state=TRAILING path_exists=1 path_locked=0 path_ttl_ok=1 path_safe=1 on_spline=1 speed=3.38 raw_wpnts=97 raw_age=0.36s decision=OVERTAKE
1786787775.488 [STATE_CHANGE] TRAILING -> OVERTAKE src=OVERTAKE s=1.37 d=0.20 vs=3.38
1786787775.769 [OBSTACLES] cur_s=2.32 cur_d=0.43 vs=3.15 n=3 [id=205 static=1 gap=0.93m d=-0.04 size=0.39; id=206 static=1 gap=6.79m d=0.23 size=0.34; id=207 static=1 gap=2.28m d=0.83 size=0.34]
1786787775.793 [STATIC_OT] state=OVERTAKE path_exists=1 path_locked=1 path_ttl_ok=1 path_safe=0 on_spline=1 speed=3.15 raw_wpnts=93 raw_age=0.49s decision=TRAILING reason=PATH_BLOCKED blocked_obs_id=206 gap=6.96m free_dist=-0.085m branch=static/geom
1786787775.803 [STATE_CHANGE] OVERTAKE -> TRAILING src=GB_TRACK s=2.32 d=0.43 vs=3.15
1786787776.203 [STATIC_OT] state=TRAILING path_exists=1 path_locked=0 path_ttl_ok=1 path_safe=1 on_spline=1 speed=2.96 raw_wpnts=88 raw_age=0.76s decision=OVERTAKE
1786787776.203 [STATE_CHANGE] TRAILING -> OVERTAKE src=OVERTAKE s=3.66 d=0.18 vs=2.96
1786787776.319 [OBSTACLES] cur_s=4.32 cur_d=-0.01 vs=3.19 n=2 [id=206 static=0 gap=4.55m d=0.29 size=0.35; id=207 static=1 gap=0.08m d=0.84 size=0.44]
1786787776.323 [STATE_CHANGE] OVERTAKE -> TRAILING src=GB_TRACK s=4.32 d=-0.01 vs=3.19
1786787776.457 [STATIC_OT] state=TRAILING path_exists=1 path_locked=0 path_ttl_ok=1 path_safe=0 on_spline=1 speed=3.30 raw_wpnts=81 raw_age=0.75s decision=TRAILING reason=PATH_BLOCKED blocked_obs_id=206 gap=4.42m free_dist=-0.066m branch=dyn/nopred (id_mismatch or empty)
1786787776.677 [STATIC_OT] state=TRAILING path_exists=1 path_locked=0 path_ttl_ok=1 path_safe=0 on_spline=1 speed=3.16 raw_wpnts=81 raw_age=0.55s decision=TRAILING reason=PATH_BLOCKED blocked_obs_id=206 gap=3.79m free_dist=-0.235m branch=dyn/nopred (id_mismatch or empty)
1786787776.791 [STATE_CHANGE] TRAILING -> RECOVERY src=RECOVERY s=5.68 d=-0.07 vs=3.04
1786787776.823 [OBSTACLES] cur_s=5.80 cur_d=-0.06 vs=2.95 n=0 [none]
1786787776.856 [STATE_CHANGE] RECOVERY -> TRAILING src=RECOVERY s=5.83 d=-0.06 vs=2.91
1786787776.881 [STATIC_OT] state=TRAILING path_exists=1 path_locked=0 path_ttl_ok=0 path_safe=0 on_spline=1 speed=2.86 raw_wpnts=0 raw_age=-s decision=TRAILING reason=NO_STATIC_PATH
1786787776.986 [STATE_CHANGE] TRAILING -> OVERTAKE src=OVERTAKE s=6.19 d=-0.03 vs=2.62
1786787777.390 [OBSTACLES] cur_s=7.11 cur_d=-0.02 vs=2.66 n=1 [id=206 static=1 gap=1.82m d=0.20 size=0.25]
1786787777.897 [OBSTACLES] cur_s=8.80 cur_d=-0.33 vs=3.41 n=1 [id=206 static=1 gap=0.05m d=0.23 size=0.42]
1786787778.461 [OBSTACLES] cur_s=10.58 cur_d=0.06 vs=2.78 n=0 [none]
1786787778.967 [OBSTACLES] cur_s=12.09 cur_d=0.02 vs=2.45 n=0 [none]
1786787779.535 [OBSTACLES] cur_s=13.91 cur_d=0.16 vs=3.39 n=0 [none]
1786787779.990 [STATE_CHANGE] OVERTAKE -> LOSTLINE src=GB_TRACK s=15.06 d=0.12 vs=2.89
1786787780.056 [OBSTACLES] cur_s=15.31 cur_d=0.05 vs=2.76 n=0 [none]
1786787780.069 [STATE_CHANGE] LOSTLINE -> GB_TRACK src=GB_TRACK s=15.31 d=0.05 vs=2.76
1786787780.578 [OBSTACLES] cur_s=16.42 cur_d=-0.10 vs=2.44 n=1 [id=208 static=1 gap=3.09m d=0.70 size=0.23]
1786787781.159 [OBSTACLES] cur_s=17.88 cur_d=0.18 vs=2.82 n=1 [id=208 static=1 gap=1.49m d=0.68 size=0.34]
1786787781.725 [OBSTACLES] cur_s=19.70 cur_d=0.07 vs=3.41 n=0 [none]
1786787782.256 [OBSTACLES] cur_s=21.49 cur_d=-0.09 vs=3.44 n=0 [none]
1786787782.764 [OBSTACLES] cur_s=23.29 cur_d=-0.16 vs=3.44 n=0 [none]
1786787783.326 [OBSTACLES] cur_s=25.25 cur_d=-0.05 vs=3.42 n=0 [none]
1786787783.874 [OBSTACLES] cur_s=26.92 cur_d=0.08 vs=3.44 n=0 [none]
1786787784.385 [OBSTACLES] cur_s=28.77 cur_d=0.17 vs=3.42 n=0 [none]
1786787784.919 [OBSTACLES] cur_s=30.56 cur_d=0.31 vs=3.43 n=0 [none]
1786787784.920 [STATE_CHANGE] GB_TRACK -> LOSTLINE src=GB_TRACK s=30.56 d=0.31 vs=3.43
1786787785.239 [STATE_CHANGE] LOSTLINE -> GB_TRACK src=GB_TRACK s=31.88 d=0.26 vs=3.40
1786787785.457 [OBSTACLES] cur_s=32.62 cur_d=0.20 vs=3.33 n=0 [none]
1786787785.781 [STATIC_OT] state=GB_TRACK path_exists=0 path_locked=0 path_ttl_ok=0 path_safe=0 on_spline=0 speed=3.27 raw_wpnts=0 raw_age=-s decision=TRAILING reason=NO_STATIC_PATH
1786787785.782 [STATE_CHANGE] GB_TRACK -> TRAILING src=GB_TRACK s=33.76 d=0.25 vs=3.27
1786787786.098 [OBSTACLES] cur_s=0.50 cur_d=0.32 vs=3.16 n=1 [id=210 static=1 gap=2.81m d=-0.06 size=0.35]
1786787786.109 [STATIC_OT] state=TRAILING path_exists=0 path_locked=0 path_ttl_ok=0 path_safe=0 on_spline=0 speed=3.16 raw_wpnts=0 raw_age=-s decision=TRAILING reason=NO_STATIC_PATH
1786787786.338 [STATIC_OT] state=TRAILING path_exists=1 path_locked=0 path_ttl_ok=1 path_safe=1 on_spline=1 speed=2.80 raw_wpnts=114 raw_age=0.75s decision=OVERTAKE
1786787786.344 [STATE_CHANGE] TRAILING -> OVERTAKE src=OVERTAKE s=0.87 d=0.32 vs=2.80
1786787786.626 [OBSTACLES] cur_s=1.57 cur_d=0.26 vs=2.15 n=2 [id=210 static=1 gap=1.63m d=-0.06 size=0.39; id=212 static=1 gap=2.91m d=0.77 size=0.39]
1786787787.156 [STATIC_OT] state=OVERTAKE path_exists=1 path_locked=1 path_ttl_ok=1 path_safe=0 on_spline=1 speed=3.07 raw_wpnts=89 raw_age=0.83s decision=TRAILING reason=PATH_BLOCKED blocked_obs_id=213 gap=6.18m free_dist=-0.215m branch=static/geom
1786787787.157 [STATE_CHANGE] OVERTAKE -> TRAILING src=GB_TRACK s=2.94 d=0.04 vs=3.07
1786787787.217 [OBSTACLES] cur_s=3.38 cur_d=0.09 vs=3.10 n=2 [id=212 static=1 gap=1.11m d=0.74 size=0.34; id=213 static=1 gap=5.65m d=-0.09 size=0.30]
1786787787.441 [STATIC_OT] state=TRAILING path_exists=1 path_locked=0 path_ttl_ok=1 path_safe=0 on_spline=1 speed=3.40 raw_wpnts=81 raw_age=0.53s decision=TRAILING reason=PATH_BLOCKED blocked_obs_id=213 gap=5.14m free_dist=-0.238m branch=static/geom
1786787787.721 [OBSTACLES] cur_s=4.86 cur_d=0.22 vs=3.04 n=1 [id=213 static=1 gap=4.20m d=-0.06 size=0.32]
1786787787.729 [STATIC_OT] state=TRAILING path_exists=1 path_locked=0 path_ttl_ok=1 path_safe=0 on_spline=1 speed=3.04 raw_wpnts=81 raw_age=0.61s decision=TRAILING reason=PATH_BLOCKED blocked_obs_id=213 gap=4.36m free_dist=-0.25m branch=static/geom
1786787787.934 [STATE_CHANGE] TRAILING -> GB_TRACK src=GB_TRACK s=5.54 d=0.03 vs=2.50
1786787788.234 [OBSTACLES] cur_s=6.20 cur_d=-0.06 vs=2.18 n=0 [none]
1786787788.759 [OBSTACLES] cur_s=7.75 cur_d=0.04 vs=3.41 n=0 [none]
1786787789.355 [OBSTACLES] cur_s=9.92 cur_d=-0.05 vs=3.01 n=0 [none]
1786787789.867 [OBSTACLES] cur_s=11.14 cur_d=0.27 vs=2.31 n=0 [none]
1786787789.954 [STATE_CHANGE] GB_TRACK -> LOSTLINE src=GB_TRACK s=11.35 d=0.30 vs=2.23
1786787790.101 [STATE_CHANGE] LOSTLINE -> GB_TRACK src=GB_TRACK s=11.74 d=0.27 vs=2.37
1786787790.454 [OBSTACLES] cur_s=12.70 cur_d=0.05 vs=2.74 n=0 [none]
1786787791.032 [OBSTACLES] cur_s=14.46 cur_d=0.42 vs=3.13 n=0 [none]
1786787791.034 [STATE_CHANGE] GB_TRACK -> LOSTLINE src=GB_TRACK s=14.46 d=0.42 vs=3.13
1786787791.189 [STATE_CHANGE] LOSTLINE -> RECOVERY src=RECOVERY s=15.03 d=0.40 vs=2.66
1786787791.586 [OBSTACLES] cur_s=15.69 cur_d=-0.21 vs=1.60 n=0 [none]
1786787792.093 [OBSTACLES] cur_s=16.36 cur_d=-0.36 vs=1.78 n=1 [id=215 static=1 gap=3.14m d=0.68 size=0.25]
1786787792.598 [OBSTACLES] cur_s=17.22 cur_d=0.10 vs=2.02 n=1 [id=215 static=1 gap=2.19m d=0.67 size=0.28]
1786787793.121 [OBSTACLES] cur_s=18.21 cur_d=0.19 vs=2.90 n=0 [none]
1786787793.675 [OBSTACLES] cur_s=20.21 cur_d=-0.06 vs=3.34 n=0 [none]
1786787793.750 [STATE_CHANGE] RECOVERY -> GB_TRACK src=GB_TRACK s=20.57 d=-0.02 vs=3.27
1786787794.236 [OBSTACLES] cur_s=22.07 cur_d=0.22 vs=3.36 n=0 [none]
1786787794.694 [STATE_CHANGE] GB_TRACK -> LOSTLINE src=GB_TRACK s=23.44 d=-0.30 vs=3.35
1786787794.760 [OBSTACLES] cur_s=23.72 cur_d=-0.34 vs=3.42 n=0 [none]
1786787794.765 [STATE_CHANGE] LOSTLINE -> RECOVERY src=RECOVERY s=23.72 d=-0.34 vs=3.42
1786787795.229 [STATE_CHANGE] RECOVERY -> GB_TRACK src=GB_TRACK s=25.27 d=0.02 vs=2.93
1786787795.264 [OBSTACLES] cur_s=25.29 cur_d=0.04 vs=2.93 n=0 [none]
1786787795.777 [OBSTACLES] cur_s=27.01 cur_d=0.10 vs=3.24 n=0 [none]
1786787796.297 [OBSTACLES] cur_s=28.82 cur_d=-0.09 vs=3.35 n=0 [none]
1786787796.820 [OBSTACLES] cur_s=30.25 cur_d=0.26 vs=3.27 n=0 [none]
1786787796.956 [STATE_CHANGE] GB_TRACK -> LOSTLINE src=GB_TRACK s=30.64 d=0.30 vs=3.36
1786787797.049 [STATE_CHANGE] LOSTLINE -> GB_TRACK src=GB_TRACK s=31.28 d=0.27 vs=3.42
1786787797.349 [OBSTACLES] cur_s=32.03 cur_d=0.13 vs=3.37 n=0 [none]
1786787797.823 [STATIC_OT] state=GB_TRACK path_exists=0 path_locked=0 path_ttl_ok=0 path_safe=0 on_spline=0 speed=3.27 raw_wpnts=0 raw_age=-s decision=TRAILING reason=NO_STATIC_PATH
1786787797.831 [STATE_CHANGE] GB_TRACK -> TRAILING src=GB_TRACK s=33.77 d=0.23 vs=3.27
1786787797.957 [OBSTACLES] cur_s=34.10 cur_d=0.25 vs=3.33 n=2 [id=218 static=1 gap=3.71m d=-0.10 size=0.33; id=219 static=1 gap=9.55m d=-0.15 size=0.28]
1786787798.078 [STATIC_OT] state=TRAILING path_exists=0 path_locked=0 path_ttl_ok=0 path_safe=0 on_spline=0 speed=3.39 raw_wpnts=0 raw_age=-s decision=TRAILING reason=NO_STATIC_PATH
1786787798.420 [STATIC_OT] state=TRAILING path_exists=1 path_locked=0 path_ttl_ok=1 path_safe=1 on_spline=1 speed=2.92 raw_wpnts=112 raw_age=0.69s decision=OVERTAKE
1786787798.426 [STATE_CHANGE] TRAILING -> OVERTAKE src=OVERTAKE s=0.78 d=0.26 vs=2.92
1786787798.606 [OBSTACLES] cur_s=1.39 cur_d=0.21 vs=2.42 n=3 [id=218 static=1 gap=1.83m d=-0.08 size=0.36; id=219 static=1 gap=7.58m d=-0.03 size=0.37; id=220 static=1 gap=3.09m d=0.79 size=0.37]
1786787798.771 [STATIC_OT] state=OVERTAKE path_exists=1 path_locked=1 path_ttl_ok=0 path_safe=0 on_spline=1 speed=2.52 raw_wpnts=0 raw_age=-s decision=TRAILING reason=NO_STATIC_PATH
1786787798.780 [STATE_CHANGE] OVERTAKE -> TRAILING src=GB_TRACK s=1.92 d=0.13 vs=2.52
1786787799.124 [STATIC_OT] state=TRAILING path_exists=1 path_locked=0 path_ttl_ok=1 path_safe=0 on_spline=1 speed=3.06 raw_wpnts=93 raw_age=0.78s decision=TRAILING reason=PATH_BLOCKED blocked_obs_id=219 gap=6.15m free_dist=-0.263m branch=static/geom
1786787799.348 [OBSTACLES] cur_s=3.47 cur_d=0.17 vs=2.74 n=2 [id=219 static=1 gap=5.50m d=-0.01 size=0.27; id=220 static=1 gap=0.98m d=0.74 size=0.37]
1786787799.353 [STATIC_OT] state=TRAILING path_exists=1 path_locked=0 path_ttl_ok=1 path_safe=0 on_spline=1 speed=2.74 raw_wpnts=87 raw_age=0.92s decision=TRAILING reason=PATH_BLOCKED blocked_obs_id=219 gap=5.63m free_dist=-0.263m branch=static/geom
1786787799.677 [STATIC_OT] state=TRAILING path_exists=1 path_locked=0 path_ttl_ok=0 path_safe=0 on_spline=1 speed=2.88 raw_wpnts=0 raw_age=-s decision=TRAILING reason=NO_STATIC_PATH
1786787799.887 [OBSTACLES] cur_s=4.88 cur_d=0.09 vs=2.66 n=1 [id=222 static=1 gap=4.00m d=0.19 size=0.31]
1786787799.891 [STATIC_OT] state=TRAILING path_exists=1 path_locked=0 path_ttl_ok=1 path_safe=0 on_spline=1 speed=2.66 raw_wpnts=81 raw_age=0.79s decision=TRAILING reason=PATH_BLOCKED blocked_obs_id=222 gap=4.15m free_dist=-0.114m branch=static/geom
1786787800.192 [STATIC_OT] state=TRAILING path_exists=1 path_locked=0 path_ttl_ok=1 path_safe=0 on_spline=1 speed=2.17 raw_wpnts=110 raw_age=0.55s decision=TRAILING reason=PATH_BLOCKED blocked_obs_id=222 gap=3.43m free_dist=0.07m branch=static/geom
1786787800.340 [STATE_CHANGE] TRAILING -> OVERTAKE src=OVERTAKE s=5.81 d=-0.19 vs=1.92
1786787800.446 [OBSTACLES] cur_s=6.00 cur_d=-0.17 vs=1.67 n=1 [id=222 static=1 gap=2.84m d=0.15 size=0.27]
1786787800.993 [OBSTACLES] cur_s=6.97 cur_d=-0.03 vs=2.73 n=1 [id=222 static=1 gap=1.88m d=0.12 size=0.26]
1786787801.500 [OBSTACLES] cur_s=8.41 cur_d=-0.36 vs=3.37 n=1 [id=222 static=1 gap=0.42m d=0.13 size=0.30]
1786787802.047 [OBSTACLES] cur_s=10.35 cur_d=0.02 vs=2.91 n=0 [none]
1786787802.622 [OBSTACLES] cur_s=11.94 cur_d=-0.01 vs=2.27 n=0 [none]
1786787803.143 [OBSTACLES] cur_s=13.05 cur_d=0.12 vs=3.16 n=0 [none]
1786787803.656 [OBSTACLES] cur_s=14.86 cur_d=0.34 vs=2.85 n=0 [none]
1786787803.656 [STATE_CHANGE] OVERTAKE -> LOSTLINE src=GB_TRACK s=14.86 d=0.34 vs=2.85
1786787803.684 [STATE_CHANGE] LOSTLINE -> GB_TRACK src=GB_TRACK s=15.02 d=0.26 vs=2.68
1786787804.126 [STATE_CHANGE] GB_TRACK -> LOSTLINE src=GB_TRACK s=15.82 d=-0.35 vs=1.95
1786787804.247 [OBSTACLES] cur_s=16.19 cur_d=-0.37 vs=2.17 n=0 [none]
1786787804.338 [STATIC_OT] state=GB_TRACK path_exists=0 path_locked=0 path_ttl_ok=0 path_safe=0 on_spline=0 speed=2.37 raw_wpnts=0 raw_age=-s decision=TRAILING reason=NO_STATIC_PATH
1786787804.357 [STATE_CHANGE] LOSTLINE -> TRAILING src=GB_TRACK s=16.36 d=-0.33 vs=2.37
1786787804.556 [STATIC_OT] state=TRAILING path_exists=0 path_locked=0 path_ttl_ok=0 path_safe=0 on_spline=0 speed=2.39 raw_wpnts=0 raw_age=-s decision=TRAILING reason=NO_STATIC_PATH
1786787804.596 [STATE_CHANGE] TRAILING -> RECOVERY src=RECOVERY s=16.63 d=-0.24 vs=2.41
1786787804.749 [OBSTACLES] cur_s=16.97 cur_d=-0.07 vs=1.96 n=1 [id=223 static=1 gap=2.47m d=0.75 size=0.26]
1786787804.861 [STATE_CHANGE] RECOVERY -> GB_TRACK src=GB_TRACK s=17.08 d=-0.00 vs=1.80
1786787805.353 [OBSTACLES] cur_s=18.48 cur_d=0.11 vs=3.20 n=0 [none]
1786787805.859 [OBSTACLES] cur_s=19.92 cur_d=-0.00 vs=3.42 n=0 [none]
1786787806.385 [OBSTACLES] cur_s=21.86 cur_d=0.01 vs=3.43 n=0 [none]
1786787806.923 [OBSTACLES] cur_s=23.63 cur_d=-0.24 vs=3.44 n=0 [none]
1786787807.427 [OBSTACLES] cur_s=25.50 cur_d=0.07 vs=3.44 n=0 [none]
1786787807.929 [OBSTACLES] cur_s=27.18 cur_d=0.03 vs=3.44 n=0 [none]
1786787808.542 [OBSTACLES] cur_s=29.01 cur_d=0.23 vs=3.41 n=0 [none]
1786787809.138 [OBSTACLES] cur_s=31.51 cur_d=0.18 vs=3.43 n=0 [none]
1786787809.643 [OBSTACLES] cur_s=32.84 cur_d=0.27 vs=3.30 n=0 [none]
1786787809.745 [STATE_CHANGE] GB_TRACK -> LOSTLINE src=GB_TRACK s=33.71 d=0.37 vs=3.29
1786787809.898 [STATIC_OT] state=GB_TRACK path_exists=0 path_locked=0 path_ttl_ok=0 path_safe=0 on_spline=0 speed=3.42 raw_wpnts=0 raw_age=-s decision=TRAILING reason=NO_STATIC_PATH
1786787809.902 [STATE_CHANGE] LOSTLINE -> TRAILING src=GB_TRACK s=34.38 d=0.37 vs=3.42
1786787810.154 [OBSTACLES] cur_s=0.67 cur_d=0.29 vs=3.33 n=2 [id=225 static=1 gap=2.63m d=-0.04 size=0.41; id=226 static=1 gap=8.52m d=0.08 size=0.27]
1786787810.157 [STATIC_OT] state=TRAILING path_exists=0 path_locked=0 path_ttl_ok=0 path_safe=0 on_spline=0 speed=3.33 raw_wpnts=0 raw_age=-s decision=TRAILING reason=NO_STATIC_PATH
1786787810.427 [STATIC_OT] state=TRAILING path_exists=1 path_locked=0 path_ttl_ok=1 path_safe=0 on_spline=1 speed=2.98 raw_wpnts=114 raw_age=0.81s decision=TRAILING reason=PATH_BLOCKED blocked_obs_id=225 gap=2.46m free_dist=0.07m branch=static/geom
1786787810.657 [OBSTACLES] cur_s=1.71 cur_d=0.23 vs=2.45 n=3 [id=225 static=1 gap=1.60m d=-0.05 size=0.30; id=226 static=1 gap=7.36m d=0.06 size=0.36; id=227 static=1 gap=2.88m d=0.79 size=0.38]
1786787810.660 [STATIC_OT] state=TRAILING path_exists=1 path_locked=0 path_ttl_ok=1 path_safe=1 on_spline=1 speed=2.45 raw_wpnts=108 raw_age=0.89s decision=OVERTAKE
1786787810.660 [STATE_CHANGE] TRAILING -> OVERTAKE src=OVERTAKE s=1.71 d=0.23 vs=2.45
1786787810.893 [STATIC_OT] state=OVERTAKE path_exists=1 path_locked=1 path_ttl_ok=1 path_safe=0 on_spline=1 speed=1.85 raw_wpnts=99 raw_age=0.82s decision=TRAILING reason=PATH_BLOCKED blocked_obs_id=226 gap=6.89m free_dist=-0.286m branch=static/geom
1786787810.897 [STATE_CHANGE] OVERTAKE -> TRAILING src=GB_TRACK s=2.31 d=0.21 vs=1.85
1786787811.149 [STATIC_OT] state=TRAILING path_exists=1 path_locked=0 path_ttl_ok=1 path_safe=0 on_spline=1 speed=2.31 raw_wpnts=92 raw_age=0.85s decision=TRAILING reason=PATH_BLOCKED blocked_obs_id=226 gap=6.36m free_dist=-0.219m branch=static/geom
1786787811.271 [OBSTACLES] cur_s=3.03 cur_d=0.12 vs=2.19 n=3 [id=225 static=1 gap=0.14m d=-0.07 size=0.41; id=226 static=1 gap=6.06m d=-0.01 size=0.17; id=227 static=1 gap=1.53m d=0.74 size=0.34]
1786787811.463 [STATIC_OT] state=TRAILING path_exists=1 path_locked=0 path_ttl_ok=1 path_safe=0 on_spline=1 speed=1.85 raw_wpnts=81 raw_age=0.73s decision=TRAILING reason=PATH_BLOCKED blocked_obs_id=226 gap=5.86m free_dist=-0.219m branch=static/geom
1786787811.721 [STATIC_OT] state=TRAILING path_exists=1 path_locked=0 path_ttl_ok=1 path_safe=0 on_spline=1 speed=1.06 raw_wpnts=81 raw_age=0.56s decision=TRAILING reason=PATH_BLOCKED blocked_obs_id=228 gap=5.32m free_dist=-0.235m branch=static/geom
1786787811.887 [OBSTACLES] cur_s=3.89 cur_d=-0.03 vs=1.29 n=2 [id=227 static=1 gap=0.63m d=0.71 size=0.37; id=228 static=1 gap=5.05m d=-0.01 size=0.30]
1786787811.945 [STATIC_OT] state=TRAILING path_exists=1 path_locked=0 path_ttl_ok=1 path_safe=0 on_spline=1 speed=1.29 raw_wpnts=81 raw_age=0.65s decision=TRAILING reason=PATH_BLOCKED blocked_obs_id=228 gap=5.2m free_dist=-0.282m branch=static/geom
1786787812.197 [STATIC_OT] state=TRAILING path_exists=1 path_locked=0 path_ttl_ok=1 path_safe=0 on_spline=1 speed=1.97 raw_wpnts=81 raw_age=0.66s decision=TRAILING reason=PATH_BLOCKED blocked_obs_id=228 gap=4.6m free_dist=-0.274m branch=static/geom
1786787812.325 [STATE_CHANGE] TRAILING -> OVERTAKE src=OVERTAKE s=4.71 d=0.06 vs=1.64
1786787812.470 [OBSTACLES] cur_s=4.87 cur_d=0.05 vs=1.37 n=1 [id=228 static=1 gap=4.07m d=0.01 size=0.27]
1786787812.819 [STATIC_OT] state=OVERTAKE path_exists=1 path_locked=1 path_ttl_ok=1 path_safe=1 on_spline=1 speed=1.57 raw_wpnts=108 raw_age=0.61s decision=OVERTAKE
1786787813.322 [OBSTACLES] cur_s=6.59 cur_d=-0.08 vs=2.93 n=1 [id=228 static=1 gap=2.29m d=0.06 size=0.27]
1786787813.862 [OBSTACLES] cur_s=8.30 cur_d=0.28 vs=3.08 n=1 [id=228 static=1 gap=0.58m d=0.06 size=0.23]
1786787814.400 [OBSTACLES] cur_s=9.72 cur_d=0.33 vs=2.68 n=0 [none]
1786787814.984 [OBSTACLES] cur_s=11.12 cur_d=0.05 vs=2.10 n=0 [none]
1786787815.563 [OBSTACLES] cur_s=12.85 cur_d=0.16 vs=2.97 n=0 [none]
1786787816.083 [OBSTACLES] cur_s=14.45 cur_d=-0.08 vs=3.31 n=0 [none]
1786787816.233 [STATE_CHANGE] OVERTAKE -> GB_TRACK src=GB_TRACK s=14.85 d=-0.01 vs=3.16
1786787816.636 [OBSTACLES] cur_s=16.07 cur_d=0.06 vs=2.52 n=0 [none]
1786787817.144 [OBSTACLES] cur_s=17.28 cur_d=0.09 vs=2.80 n=1 [id=229 static=1 gap=2.19m d=0.74 size=0.26]
1786787817.506 [STATIC_OT] state=GB_TRACK path_exists=0 path_locked=0 path_ttl_ok=0 path_safe=0 on_spline=0 speed=3.27 raw_wpnts=0 raw_age=-s decision=TRAILING reason=NO_STATIC_PATH
1786787817.510 [STATE_CHANGE] GB_TRACK -> TRAILING src=GB_TRACK s=18.19 d=0.32 vs=3.27
1786787817.745 [OBSTACLES] cur_s=19.21 cur_d=0.33 vs=3.42 n=0 [none]
1786787817.746 [STATE_CHANGE] TRAILING -> LOSTLINE src=GB_TRACK s=19.21 d=0.33 vs=3.42
1786787817.904 [STATE_CHANGE] LOSTLINE -> GB_TRACK src=GB_TRACK s=19.56 d=0.25 vs=3.12
1786787818.264 [OBSTACLES] cur_s=20.66 cur_d=-0.08 vs=3.32 n=0 [none]
1786787818.767 [OBSTACLES] cur_s=22.64 cur_d=-0.01 vs=3.42 n=0 [none]
1786787819.273 [OBSTACLES] cur_s=24.05 cur_d=-0.12 vs=3.43 n=0 [none]
1786787819.821 [OBSTACLES] cur_s=26.08 cur_d=0.09 vs=3.37 n=0 [none]
1786787820.337 [OBSTACLES] cur_s=27.54 cur_d=0.20 vs=3.42 n=0 [none]
1786787820.886 [OBSTACLES] cur_s=29.71 cur_d=0.02 vs=3.38 n=0 [none]
1786787821.392 [OBSTACLES] cur_s=30.93 cur_d=0.27 vs=3.33 n=0 [none]
1786787821.465 [STATE_CHANGE] GB_TRACK -> LOSTLINE src=GB_TRACK s=31.20 d=0.31 vs=3.38
1786787821.758 [STATE_CHANGE] LOSTLINE -> GB_TRACK src=GB_TRACK s=32.45 d=0.25 vs=3.31
1786787821.959 [OBSTACLES] cur_s=33.20 cur_d=0.05 vs=2.96 n=0 [none]
1786787822.175 [STATIC_OT] state=GB_TRACK path_exists=0 path_locked=0 path_ttl_ok=0 path_safe=0 on_spline=0 speed=3.04 raw_wpnts=0 raw_age=-s decision=TRAILING reason=NO_STATIC_PATH
1786787822.175 [STATE_CHANGE] GB_TRACK -> TRAILING src=GB_TRACK s=33.88 d=-0.01 vs=3.04
1786787822.391 [STATIC_OT] state=TRAILING path_exists=0 path_locked=0 path_ttl_ok=0 path_safe=0 on_spline=0 speed=3.32 raw_wpnts=0 raw_age=-s decision=TRAILING reason=NO_STATIC_PATH
1786787822.463 [OBSTACLES] cur_s=0.20 cur_d=-0.01 vs=3.33 n=2 [id=231 static=1 gap=9.01m d=-0.01 size=0.24; id=232 static=1 gap=3.54m d=-0.06 size=0.33]
1786787822.616 [STATIC_OT] state=TRAILING path_exists=0 path_locked=0 path_ttl_ok=0 path_safe=0 on_spline=0 speed=3.32 raw_wpnts=0 raw_age=-s decision=TRAILING reason=NO_STATIC_PATH
1786787822.893 [STATIC_OT] state=TRAILING path_exists=1 path_locked=0 path_ttl_ok=1 path_safe=1 on_spline=1 speed=3.03 raw_wpnts=108 raw_age=0.67s decision=OVERTAKE
1786787822.893 [STATE_CHANGE] TRAILING -> OVERTAKE src=OVERTAKE s=1.30 d=0.19 vs=3.03
1786787822.977 [OBSTACLES] cur_s=1.48 cur_d=0.21 vs=2.92 n=3 [id=231 static=1 gap=7.59m d=0.02 size=0.33; id=232 static=1 gap=2.15m d=-0.04 size=0.41; id=233 static=1 gap=3.03m d=0.78 size=0.36]
1786787823.349 [STATIC_OT] state=OVERTAKE path_exists=1 path_locked=1 path_ttl_ok=1 path_safe=0 on_spline=1 speed=2.45 raw_wpnts=95 raw_age=0.61s decision=TRAILING reason=PATH_BLOCKED blocked_obs_id=231 gap=6.86m free_dist=-0.302m branch=static/geom
1786787823.365 [STATE_CHANGE] OVERTAKE -> TRAILING src=GB_TRACK s=2.32 d=0.12 vs=2.45
1786787823.524 [OBSTACLES] cur_s=2.93 cur_d=0.11 vs=2.91 n=3 [id=231 static=1 gap=6.12m d=-0.01 size=0.22; id=232 static=1 gap=0.58m d=-0.04 size=0.41; id=233 static=1 gap=1.56m d=0.74 size=0.35]
1786787823.746 [STATIC_OT] state=TRAILING path_exists=1 path_locked=0 path_ttl_ok=1 path_safe=0 on_spline=1 speed=2.64 raw_wpnts=81 raw_age=0.65s decision=TRAILING reason=PATH_BLOCKED blocked_obs_id=231 gap=5.53m free_dist=-0.244m branch=static/geom
1786787824.003 [STATIC_OT] state=TRAILING path_exists=1 path_locked=0 path_ttl_ok=1 path_safe=0 on_spline=1 speed=2.33 raw_wpnts=81 raw_age=0.66s decision=TRAILING reason=PATH_BLOCKED blocked_obs_id=234 gap=5.04m free_dist=-0.193m branch=static/geom
1786787824.106 [OBSTACLES] cur_s=4.42 cur_d=0.40 vs=2.24 n=2 [id=233 static=1 gap=0.07m d=0.68 size=0.37; id=234 static=1 gap=4.55m d=0.05 size=0.29]
1786787824.210 [STATIC_OT] state=TRAILING path_exists=1 path_locked=0 path_ttl_ok=1 path_safe=0 on_spline=1 speed=1.97 raw_wpnts=81 raw_age=0.64s decision=TRAILING reason=PATH_BLOCKED blocked_obs_id=234 gap=4.44m free_dist=-0.173m branch=static/geom
1786787824.498 [STATIC_OT] state=TRAILING path_exists=1 path_locked=0 path_ttl_ok=0 path_safe=0 on_spline=1 speed=1.27 raw_wpnts=0 raw_age=-s decision=TRAILING reason=NO_STATIC_PATH
1786787824.627 [OBSTACLES] cur_s=5.10 cur_d=0.05 vs=1.20 n=1 [id=234 static=0 gap=3.66m d=0.25 size=0.28]
1786787824.804 [STATIC_OT] state=TRAILING path_exists=1 path_locked=0 path_ttl_ok=0 path_safe=0 on_spline=1 speed=0.73 raw_wpnts=0 raw_age=-s decision=TRAILING reason=NO_STATIC_PATH
1786787824.937 [STATE_CHANGE] TRAILING -> OVERTAKE src=OVERTAKE s=5.41 d=-0.00 vs=0.59
1786787825.130 [OBSTACLES] cur_s=5.50 cur_d=0.02 vs=0.35 n=1 [id=234 static=1 gap=3.33m d=0.14 size=0.28]
1786787825.669 [OBSTACLES] cur_s=6.28 cur_d=0.09 vs=2.48 n=1 [id=234 static=1 gap=2.56m d=0.12 size=0.26]
1786787826.189 [OBSTACLES] cur_s=7.73 cur_d=-0.11 vs=2.89 n=1 [id=234 static=1 gap=1.12m d=0.13 size=0.25]
1786787826.700 [OBSTACLES] cur_s=9.05 cur_d=-0.38 vs=2.58 n=0 [none]
1786787827.250 [OBSTACLES] cur_s=10.80 cur_d=0.23 vs=2.57 n=0 [none]
1786787827.773 [OBSTACLES] cur_s=11.83 cur_d=-0.25 vs=2.00 n=0 [none]
1786787828.350 [OBSTACLES] cur_s=13.01 cur_d=0.07 vs=2.81 n=0 [none]
1786787828.661 [STATE_CHANGE] OVERTAKE -> LOSTLINE src=GB_TRACK s=14.02 d=0.44 vs=3.26
1786787828.889 [OBSTACLES] cur_s=14.33 cur_d=0.54 vs=3.11 n=0 [none]
1786787829.267 [STATE_CHANGE] LOSTLINE -> GB_TRACK src=GB_TRACK s=15.40 d=0.16 vs=1.26
1786787829.404 [OBSTACLES] cur_s=15.54 cur_d=-0.32 vs=1.11 n=0 [none]
1786787829.405 [STATE_CHANGE] GB_TRACK -> LOSTLINE src=GB_TRACK s=15.54 d=-0.32 vs=1.11
1786787829.621 [STATE_CHANGE] LOSTLINE -> RECOVERY src=RECOVERY s=15.81 d=-0.54 vs=1.52
1786787829.926 [OBSTACLES] cur_s=16.25 cur_d=-0.59 vs=1.92 n=0 [none]
1786787830.472 [OBSTACLES] cur_s=16.88 cur_d=-0.21 vs=2.44 n=1 [id=236 static=1 gap=2.54m d=0.70 size=0.26]
1786787830.615 [STATE_CHANGE] RECOVERY -> GB_TRACK src=GB_TRACK s=17.13 d=-0.02 vs=2.47
1786787831.002 [OBSTACLES] cur_s=18.42 cur_d=0.26 vs=3.18 n=0 [none]
1786787831.560 [OBSTACLES] cur_s=20.03 cur_d=-0.12 vs=3.42 n=0 [none]
1786787832.099 [OBSTACLES] cur_s=22.04 cur_d=0.04 vs=3.44 n=0 [none]
1786787832.621 [OBSTACLES] cur_s=24.13 cur_d=-0.28 vs=3.44 n=0 [none]
1786787833.212 [OBSTACLES] cur_s=25.73 cur_d=0.25 vs=3.39 n=0 [none]
1786787833.344 [STATE_CHANGE] GB_TRACK -> LOSTLINE src=GB_TRACK s=26.20 d=0.32 vs=3.44
1786787833.468 [STATE_CHANGE] LOSTLINE -> GB_TRACK src=GB_TRACK s=26.47 d=0.29 vs=3.40
1786787833.729 [OBSTACLES] cur_s=27.29 cur_d=0.02 vs=3.25 n=0 [none]
1786787834.230 [OBSTACLES] cur_s=28.94 cur_d=-0.09 vs=3.37 n=0 [none]
1786787834.770 [OBSTACLES] cur_s=30.68 cur_d=0.31 vs=3.29 n=0 [none]
1786787834.770 [STATE_CHANGE] GB_TRACK -> LOSTLINE src=GB_TRACK s=30.68 d=0.31 vs=3.29
1786787835.023 [STATE_CHANGE] LOSTLINE -> GB_TRACK src=GB_TRACK s=31.59 d=0.28 vs=3.37
1786787835.310 [OBSTACLES] cur_s=32.74 cur_d=-0.00 vs=3.05 n=0 [none]
1786787835.721 [STATIC_OT] state=GB_TRACK path_exists=0 path_locked=0 path_ttl_ok=0 path_safe=0 on_spline=0 speed=3.19 raw_wpnts=0 raw_age=-s decision=TRAILING reason=NO_STATIC_PATH
1786787835.722 [STATE_CHANGE] GB_TRACK -> TRAILING src=GB_TRACK s=33.76 d=0.05 vs=3.19
1786787835.927 [OBSTACLES] cur_s=34.28 cur_d=0.04 vs=3.33 n=2 [id=239 static=1 gap=9.44m d=0.03 size=0.25; id=240 static=1 gap=3.93m d=-0.04 size=0.32]
1786787835.949 [STATIC_OT] state=TRAILING path_exists=0 path_locked=0 path_ttl_ok=0 path_safe=0 on_spline=0 speed=3.33 raw_wpnts=0 raw_age=-s decision=TRAILING reason=NO_STATIC_PATH
1786787836.226 [STATIC_OT] state=TRAILING path_exists=0 path_locked=0 path_ttl_ok=0 path_safe=0 on_spline=0 speed=3.42 raw_wpnts=0 raw_age=-s decision=TRAILING reason=NO_STATIC_PATH
1786787836.462 [OBSTACLES] cur_s=1.39 cur_d=0.26 vs=3.12 n=3 [id=239 static=1 gap=7.64m d=0.06 size=0.34; id=240 static=1 gap=2.12m d=-0.01 size=0.45; id=241 static=1 gap=3.10m d=0.80 size=0.40]
1786787836.468 [STATIC_OT] state=TRAILING path_exists=1 path_locked=0 path_ttl_ok=1 path_safe=0 on_spline=1 speed=3.12 raw_wpnts=111 raw_age=0.71s decision=TRAILING reason=PATH_BLOCKED blocked_obs_id=240 gap=2.34m free_dist=0.064m branch=static/geom
1786787836.637 [STATE_CHANGE] TRAILING -> OVERTAKE src=OVERTAKE s=1.87 d=0.21 vs=2.76
1786787836.752 [STATIC_OT] state=OVERTAKE path_exists=1 path_locked=1 path_ttl_ok=0 path_safe=0 on_spline=1 speed=2.34 raw_wpnts=0 raw_age=-s decision=TRAILING reason=NO_STATIC_PATH
1786787836.754 [STATE_CHANGE] OVERTAKE -> TRAILING src=GB_TRACK s=2.25 d=0.14 vs=2.34
1786787836.976 [OBSTACLES] cur_s=2.77 cur_d=0.03 vs=2.36 n=2 [id=239 static=1 gap=6.21m d=0.09 size=0.29; id=241 static=1 gap=1.66m d=0.81 size=0.34]
1786787836.981 [STATIC_OT] state=TRAILING path_exists=1 path_locked=0 path_ttl_ok=0 path_safe=0 on_spline=1 speed=2.36 raw_wpnts=0 raw_age=-s decision=TRAILING reason=NO_STATIC_PATH
1786787837.224 [STATIC_OT] state=TRAILING path_exists=1 path_locked=0 path_ttl_ok=0 path_safe=0 on_spline=0 speed=1.67 raw_wpnts=0 raw_age=-s decision=TRAILING reason=NO_STATIC_PATH
1786787837.290 [STATE_CHANGE] TRAILING -> GB_TRACK src=GB_TRACK s=3.60 d=-0.04 vs=1.62
1786787837.505 [OBSTACLES] cur_s=3.98 cur_d=0.06 vs=1.53 n=1 [id=241 static=1 gap=0.43m d=0.77 size=0.37]
1786787837.864 [STATIC_OT] state=GB_TRACK path_exists=1 path_locked=0 path_ttl_ok=0 path_safe=0 on_spline=1 speed=2.29 raw_wpnts=0 raw_age=-s decision=TRAILING reason=NO_STATIC_PATH
1786787837.864 [STATE_CHANGE] GB_TRACK -> TRAILING src=GB_TRACK s=4.47 d=0.18 vs=2.29
1786787838.143 [OBSTACLES] cur_s=5.29 cur_d=0.27 vs=2.36 n=1 [id=243 static=1 gap=3.69m d=-0.04 size=0.30]
1786787838.148 [STATIC_OT] state=TRAILING path_exists=1 path_locked=0 path_ttl_ok=0 path_safe=0 on_spline=1 speed=2.36 raw_wpnts=0 raw_age=-s decision=TRAILING reason=NO_STATIC_PATH
1786787838.224 [STATE_CHANGE] TRAILING -> OVERTAKE src=OVERTAKE s=5.37 d=0.27 vs=2.29
1786787838.659 [OBSTACLES] cur_s=6.08 cur_d=0.13 vs=1.39 n=1 [id=243 static=1 gap=2.83m d=0.06 size=0.28]
1786787839.002 [STATIC_OT] state=OVERTAKE path_exists=1 path_locked=1 path_ttl_ok=0 path_safe=0 on_spline=1 speed=0.62 raw_wpnts=0 raw_age=-s decision=TRAILING reason=NO_STATIC_PATH
1786787839.008 [STATE_CHANGE] OVERTAKE -> TRAILING src=GB_TRACK s=6.43 d=0.05 vs=0.62
1786787839.199 [OBSTACLES] cur_s=6.51 cur_d=0.03 vs=0.26 n=1 [id=243 static=1 gap=2.39m d=0.08 size=0.25]
1786787839.206 [STATIC_OT] state=TRAILING path_exists=1 path_locked=0 path_ttl_ok=1 path_safe=1 on_spline=1 speed=0.26 raw_wpnts=85 raw_age=0.57s decision=OVERTAKE
1786787839.207 [STATE_CHANGE] TRAILING -> OVERTAKE src=OVERTAKE s=6.51 d=0.03 vs=0.26
1786787839.725 [OBSTACLES] cur_s=6.53 cur_d=0.02 vs=0.00 n=1 [id=243 static=1 gap=2.36m d=0.09 size=0.25]
1786787840.238 [OBSTACLES] cur_s=6.53 cur_d=0.03 vs=0.00 n=1 [id=243 static=1 gap=2.35m d=0.10 size=0.26]
1786787840.766 [OBSTACLES] cur_s=6.53 cur_d=0.03 vs=0.00 n=1 [id=243 static=1 gap=2.35m d=0.10 size=0.26]
1786787841.528 [OBSTACLES] cur_s=6.53 cur_d=0.02 vs=0.00 n=1 [id=243 static=1 gap=2.35m d=0.10 size=0.25]
1786787842.039 [STATIC_OT] state=OVERTAKE path_exists=1 path_locked=1 path_ttl_ok=1 path_safe=0 on_spline=1 speed=0.00 raw_wpnts=86 raw_age=0.71s decision=TRAILING reason=PATH_BLOCKED blocked_obs_id=243 gap=2.48m free_dist=0.091m branch=static/geom
1786787842.039 [STATE_CHANGE] OVERTAKE -> TRAILING src=GB_TRACK s=6.53 d=0.02 vs=0.00
1786787842.155 [OBSTACLES] cur_s=6.53 cur_d=0.02 vs=0.00 n=1 [id=243 static=1 gap=2.27m d=0.10 size=0.39]
1786787842.342 [STATIC_OT] state=TRAILING path_exists=1 path_locked=0 path_ttl_ok=1 path_safe=1 on_spline=1 speed=0.00 raw_wpnts=86 raw_age=0.52s decision=OVERTAKE
1786787842.342 [STATE_CHANGE] TRAILING -> OVERTAKE src=OVERTAKE s=6.53 d=0.02 vs=0.00
1786787842.681 [OBSTACLES] cur_s=6.54 cur_d=0.01 vs=0.00 n=0 [none]
1786787843.255 [OBSTACLES] cur_s=6.53 cur_d=0.02 vs=0.00 n=0 [none]
1786787843.799 [OBSTACLES] cur_s=6.53 cur_d=0.02 vs=0.00 n=0 [none]
1786787844.342 [OBSTACLES] cur_s=6.53 cur_d=0.02 vs=0.00 n=0 [none]
1786787844.873 [OBSTACLES] cur_s=6.53 cur_d=0.02 vs=0.00 n=0 [none]
1786787845.394 [OBSTACLES] cur_s=6.53 cur_d=0.02 vs=0.00 n=0 [none]
1786787845.902 [OBSTACLES] cur_s=6.53 cur_d=0.02 vs=0.00 n=0 [none]
1786787846.555 [OBSTACLES] cur_s=6.53 cur_d=0.02 vs=0.00 n=0 [none]
1786787847.072 [OBSTACLES] cur_s=6.53 cur_d=0.02 vs=0.00 n=0 [none]
1786787847.600 [OBSTACLES] cur_s=6.53 cur_d=0.02 vs=0.00 n=0 [none]
1786787848.117 [OBSTACLES] cur_s=6.53 cur_d=0.02 vs=0.00 n=0 [none]
1786787848.658 [OBSTACLES] cur_s=6.53 cur_d=0.02 vs=0.00 n=0 [none]
1786787849.168 [OBSTACLES] cur_s=6.53 cur_d=0.02 vs=0.00 n=0 [none]
1786787849.744 [OBSTACLES] cur_s=6.53 cur_d=0.02 vs=0.00 n=0 [none]
1786787850.258 [OBSTACLES] cur_s=6.53 cur_d=0.02 vs=0.00 n=0 [none]
1786787850.772 [OBSTACLES] cur_s=6.53 cur_d=0.02 vs=0.00 n=0 [none]
1786787851.306 [OBSTACLES] cur_s=6.53 cur_d=0.02 vs=0.00 n=0 [none]
1786787851.854 [OBSTACLES] cur_s=6.53 cur_d=0.02 vs=0.00 n=0 [none]
1786787851.855 [STATE_CHANGE] OVERTAKE -> GB_TRACK src=GB_TRACK s=6.53 d=0.02 vs=0.00
1786787852.421 [OBSTACLES] cur_s=6.53 cur_d=0.02 vs=0.00 n=0 [none]
1786787852.965 [OBSTACLES] cur_s=6.53 cur_d=0.02 vs=0.00 n=0 [none]
1786787853.503 [OBSTACLES] cur_s=6.53 cur_d=0.02 vs=0.00 n=0 [none]
1786787854.033 [OBSTACLES] cur_s=6.53 cur_d=0.02 vs=0.00 n=0 [none]
1786787854.568 [OBSTACLES] cur_s=6.53 cur_d=0.02 vs=0.00 n=0 [none]
1786787855.083 [OBSTACLES] cur_s=6.53 cur_d=0.02 vs=0.00 n=0 [none]
