# static_avoidance_node debug log started 20260822_082405
1787354650.721 [STATIC_AVOID] obs_id=- obs_dist=-m obs_s=- ego_s=32.98 side=- | left_clearance=- right_clearance=- candidate_valid=false rung=- pre_dist=-m | cache_used=false path_age=- path_points=0 planning_time_ms=0.2 | reason=no_static_obstacle_in_range | cache_reason=no_cache
1787354651.221 [STATIC_AVOID] obs_id=2 obs_dist=0.49m obs_s=33.49 ego_s=33.00 side=RIGHT | left_clearance=-0.42 right_clearance=0.39 candidate_valid=true rung=0 pre_dist=2.00m | cache_used=false path_age=0.000 path_points=101 planning_time_ms=4.2
1787354651.725 [STATIC_AVOID] obs_id=2 obs_dist=0.51m obs_s=33.51 ego_s=33.00 side=RIGHT | left_clearance=-0.42 right_clearance=0.39 candidate_valid=true rung=0 pre_dist=2.01m | cache_used=false path_age=0.000 path_points=101 planning_time_ms=6.6
1787354652.318 [STATIC_AVOID] obs_id=2 obs_dist=0.59m obs_s=33.60 ego_s=33.01 side=RIGHT | left_clearance=-0.45 right_clearance=0.37 candidate_valid=true rung=0 pre_dist=2.10m | cache_used=false path_age=0.000 path_points=101 planning_time_ms=3.7
1787354652.828 [STATIC_AVOID] obs_id=2 obs_dist=0.73m obs_s=33.78 ego_s=33.05 side=RIGHT | left_clearance=-0.38 right_clearance=0.48 candidate_valid=true rung=0 pre_dist=2.00m | cache_used=false path_age=0.000 path_points=101 planning_time_ms=10.2
1787354653.332 [STATIC_AVOID] obs_id=3 obs_dist=2.13m obs_s=34.77 ego_s=32.64 side=LEFT | left_clearance=0.45 right_clearance=-0.12 candidate_valid=false rung=- pre_dist=2.00m | cache_used=false path_age=- path_points=0 planning_time_ms=9.2 | reason=obstacle_clearance | cache_reason=no_cache
1787354653.931 [STATIC_AVOID] obs_id=3 obs_dist=2.53m obs_s=34.76 ego_s=32.23 side=LEFT | left_clearance=0.46 right_clearance=-0.09 candidate_valid=false rung=- pre_dist=2.00m | cache_used=false path_age=- path_points=0 planning_time_ms=4.5 | reason=track_too_narrow | cache_reason=no_cache
1787354654.526 [STATIC_AVOID] obs_id=3 obs_dist=2.90m obs_s=34.84 ego_s=31.94 side=LEFT | left_clearance=0.39 right_clearance=-0.03 candidate_valid=true rung=0 pre_dist=2.07m | cache_used=false path_age=0.000 path_points=101 planning_time_ms=8.7
1787354655.124 [STATIC_AVOID] obs_id=3 obs_dist=3.12m obs_s=35.01 ego_s=31.89 side=LEFT | left_clearance=0.28 right_clearance=0.02 candidate_valid=false rung=- pre_dist=2.25m | cache_used=true path_age=0.196 path_points=101 planning_time_ms=8.2 | reason=track_too_narrow
1787354655.721 [STATIC_AVOID] obs_id=2 obs_dist=2.83m obs_s=34.90 ego_s=32.07 side=LEFT | left_clearance=-0.31 right_clearance=0.06 candidate_valid=false rung=- pre_dist=2.01m | cache_used=false path_age=- path_points=0 planning_time_ms=6.5 | reason=group_track_too_narrow | cache_reason=no_cache
1787354656.234 [STATIC_AVOID] obs_id=2 obs_dist=2.66m obs_s=34.93 ego_s=32.27 side=LEFT | left_clearance=-0.22 right_clearance=0.08 candidate_valid=true rung=1 pre_dist=2.04m | cache_used=false path_age=0.000 path_points=101 planning_time_ms=13.3
1787354656.832 [STATIC_AVOID] obs_id=2 obs_dist=2.32m obs_s=34.91 ego_s=32.59 side=LEFT | left_clearance=-0.22 right_clearance=0.09 candidate_valid=false rung=- pre_dist=2.02m | cache_used=false path_age=- path_points=0 planning_time_ms=9.1 | reason=group_track_too_narrow | cache_reason=cache_collision
1787354657.420 [STATIC_AVOID] obs_id=2 obs_dist=2.13m obs_s=34.89 ego_s=32.76 side=LEFT | left_clearance=-0.21 right_clearance=0.07 candidate_valid=false rung=- pre_dist=2.00m | cache_used=false path_age=- path_points=0 planning_time_ms=4.2 | reason=group_track_too_narrow | cache_reason=cache_collision
1787354657.924 [STATIC_AVOID] obs_id=2 obs_dist=1.91m obs_s=34.91 ego_s=33.00 side=LEFT | left_clearance=0.25 right_clearance=0.17 candidate_valid=false rung=- pre_dist=2.26m | cache_used=false path_age=- path_points=0 planning_time_ms=8.1 | reason=obstacle_clearance | cache_reason=no_cache
1787354658.442 [STATIC_AVOID] obs_id=2 obs_dist=1.89m obs_s=34.92 ego_s=33.03 side=LEFT | left_clearance=-0.24 right_clearance=0.12 candidate_valid=false rung=- pre_dist=2.03m | cache_used=false path_age=- path_points=0 planning_time_ms=11.8 | reason=group_track_too_narrow | cache_reason=cache_collision
1787354659.025 [STATIC_AVOID] obs_id=2 obs_dist=1.88m obs_s=34.89 ego_s=33.01 side=LEFT | left_clearance=-0.21 right_clearance=0.14 candidate_valid=true rung=1 pre_dist=2.00m | cache_used=false path_age=0.000 path_points=101 planning_time_ms=32.1
1787354659.525 [STATIC_AVOID] obs_id=2 obs_dist=1.73m obs_s=34.93 ego_s=33.20 side=RIGHT | left_clearance=-0.23 right_clearance=0.27 candidate_valid=true rung=0 pre_dist=2.04m | cache_used=false path_age=0.000 path_points=101 planning_time_ms=6.6
1787354660.031 [STATIC_AVOID] obs_id=2 obs_dist=1.76m obs_s=35.06 ego_s=33.30 side=RIGHT | left_clearance=0.06 right_clearance=0.27 candidate_valid=true rung=0 pre_dist=2.22m | cache_used=false path_age=0.000 path_points=101 planning_time_ms=7.5
1787354660.627 [STATIC_AVOID] obs_id=3 obs_dist=1.88m obs_s=35.10 ego_s=33.22 side=RIGHT | left_clearance=0.07 right_clearance=0.28 candidate_valid=true rung=0 pre_dist=2.21m | cache_used=false path_age=0.000 path_points=101 planning_time_ms=4.2
1787354661.139 [STATIC_AVOID] obs_id=3 obs_dist=1.74m obs_s=35.11 ego_s=33.37 side=RIGHT | left_clearance=0.06 right_clearance=0.27 candidate_valid=false rung=- pre_dist=2.23m | cache_used=true path_age=0.113 path_points=101 planning_time_ms=14.2 | reason=obstacle_clearance
1787354661.726 [STATIC_AVOID] obs_id=3 obs_dist=1.70m obs_s=35.11 ego_s=33.41 side=RIGHT | left_clearance=0.06 right_clearance=0.27 candidate_valid=true rung=0 pre_dist=2.23m | cache_used=false path_age=0.000 path_points=101 planning_time_ms=9.4
1787354662.232 [STATIC_AVOID] obs_id=3 obs_dist=1.54m obs_s=35.11 ego_s=33.58 side=RIGHT | left_clearance=0.06 right_clearance=0.27 candidate_valid=false rung=- pre_dist=2.23m | cache_used=true path_age=0.116 path_points=101 planning_time_ms=3.7 | reason=obstacle_clearance
1787354662.824 [STATIC_AVOID] obs_id=2 obs_dist=0.49m obs_s=35.04 ego_s=34.55 side=RIGHT | left_clearance=0.06 right_clearance=0.27 candidate_valid=true rung=0 pre_dist=2.23m | cache_used=false path_age=0.000 path_points=101 planning_time_ms=7.2
1787354663.416 [STATIC_AVOID] obs_id=2 obs_dist=-0.59m obs_s=35.04 ego_s=35.63 side=- | left_clearance=- right_clearance=- candidate_valid=false rung=- pre_dist=-m | cache_used=false path_age=- path_points=0 planning_time_ms=0.2 | reason=raceline_already_clear | cache_reason=no_cache
1787354663.922 [STATIC_AVOID] obs_id=- obs_dist=-m obs_s=- ego_s=36.93 side=- | left_clearance=- right_clearance=- candidate_valid=false rung=- pre_dist=-m | cache_used=false path_age=- path_points=0 planning_time_ms=0.2 | reason=no_static_obstacle_in_range | cache_reason=no_cache
1787354664.516 [STATIC_AVOID] obs_id=- obs_dist=-m obs_s=- ego_s=38.35 side=- | left_clearance=- right_clearance=- candidate_valid=false rung=- pre_dist=-m | cache_used=false path_age=- path_points=0 planning_time_ms=0.1 | reason=no_static_obstacle_in_range | cache_reason=no_cache
1787354665.018 [STATIC_AVOID] obs_id=10 obs_dist=4.64m obs_s=4.38 ego_s=39.26 side=LEFT | left_clearance=0.17 right_clearance=0.10 candidate_valid=true rung=0 pre_dist=3.41m | cache_used=false path_age=0.000 path_points=102 planning_time_ms=3.6
1787354665.536 [STATIC_AVOID] obs_id=10 obs_dist=4.50m obs_s=4.44 ego_s=39.46 side=LEFT | left_clearance=0.17 right_clearance=0.11 candidate_valid=true rung=2 pre_dist=3.47m | cache_used=false path_age=0.000 path_points=106 planning_time_ms=8.5
1787354666.125 [STATIC_AVOID] obs_id=10 obs_dist=4.10m obs_s=4.25 ego_s=0.15 side=LEFT | left_clearance=0.22 right_clearance=0.13 candidate_valid=true rung=0 pre_dist=2.00m | cache_used=false path_age=0.000 path_points=101 planning_time_ms=8.3
1787354666.723 [STATIC_AVOID] obs_id=10 obs_dist=2.14m obs_s=4.16 ego_s=2.02 side=LEFT | left_clearance=-0.02 right_clearance=0.14 candidate_valid=true rung=1 pre_dist=2.00m | cache_used=false path_age=0.000 path_points=101 planning_time_ms=8.0
1787354667.228 [STATIC_AVOID] obs_id=10 obs_dist=0.81m obs_s=4.21 ego_s=3.40 side=LEFT | left_clearance=0.02 right_clearance=0.13 candidate_valid=true rung=1 pre_dist=2.00m | cache_used=false path_age=0.000 path_points=101 planning_time_ms=6.2
1787354667.824 [STATIC_AVOID] obs_id=10 obs_dist=-0.50m obs_s=4.40 ego_s=4.90 side=RIGHT | left_clearance=-0.04 right_clearance=0.20 candidate_valid=true rung=0 pre_dist=2.48m | cache_used=false path_age=0.000 path_points=101 planning_time_ms=4.0
1787354668.421 [STATIC_AVOID] obs_id=- obs_dist=-m obs_s=- ego_s=6.19 side=- | left_clearance=- right_clearance=- candidate_valid=false rung=- pre_dist=-m | cache_used=false path_age=- path_points=0 planning_time_ms=0.1 | reason=no_static_obstacle_in_range | cache_reason=no_cache
1787354668.926 [STATIC_AVOID] obs_id=- obs_dist=-m obs_s=- ego_s=7.80 side=- | left_clearance=- right_clearance=- candidate_valid=false rung=- pre_dist=-m | cache_used=false path_age=- path_points=0 planning_time_ms=0.2 | reason=no_static_obstacle_in_range | cache_reason=no_cache
1787354669.526 [STATIC_AVOID] obs_id=- obs_dist=-m obs_s=- ego_s=10.17 side=- | left_clearance=- right_clearance=- candidate_valid=false rung=- pre_dist=-m | cache_used=false path_age=- path_points=0 planning_time_ms=0.1 | reason=no_static_obstacle_in_range | cache_reason=no_cache
1787354670.115 [STATIC_AVOID] obs_id=- obs_dist=-m obs_s=- ego_s=12.27 side=- | left_clearance=- right_clearance=- candidate_valid=false rung=- pre_dist=-m | cache_used=false path_age=- path_points=0 planning_time_ms=0.1 | reason=no_static_obstacle_in_range | cache_reason=no_cache
1787354670.624 [STATIC_AVOID] obs_id=- obs_dist=-m obs_s=- ego_s=14.05 side=- | left_clearance=- right_clearance=- candidate_valid=false rung=- pre_dist=-m | cache_used=false path_age=- path_points=0 planning_time_ms=0.1 | reason=no_static_obstacle_in_range | cache_reason=no_cache
1787354671.223 [STATIC_AVOID] obs_id=- obs_dist=-m obs_s=- ego_s=16.00 side=- | left_clearance=- right_clearance=- candidate_valid=false rung=- pre_dist=-m | cache_used=false path_age=- path_points=0 planning_time_ms=0.2 | reason=no_static_obstacle_in_range | cache_reason=no_cache
1787354671.821 [STATIC_AVOID] obs_id=- obs_dist=-m obs_s=- ego_s=17.33 side=- | left_clearance=- right_clearance=- candidate_valid=false rung=- pre_dist=-m | cache_used=false path_age=- path_points=0 planning_time_ms=0.1 | reason=no_static_obstacle_in_range | cache_reason=no_cache
1787354672.426 [STATIC_AVOID] obs_id=- obs_dist=-m obs_s=- ego_s=19.03 side=- | left_clearance=- right_clearance=- candidate_valid=false rung=- pre_dist=-m | cache_used=false path_age=- path_points=0 planning_time_ms=0.1 | reason=no_static_obstacle_in_range | cache_reason=no_cache
1787354673.042 [STATIC_AVOID] obs_id=- obs_dist=-m obs_s=- ego_s=20.96 side=- | left_clearance=- right_clearance=- candidate_valid=false rung=- pre_dist=-m | cache_used=false path_age=- path_points=0 planning_time_ms=0.1 | reason=no_static_obstacle_in_range | cache_reason=no_cache
1787354673.617 [STATIC_AVOID] obs_id=- obs_dist=-m obs_s=- ego_s=23.08 side=- | left_clearance=- right_clearance=- candidate_valid=false rung=- pre_dist=-m | cache_used=false path_age=- path_points=0 planning_time_ms=0.2 | reason=no_static_obstacle_in_range | cache_reason=no_cache
1787354674.120 [STATIC_AVOID] obs_id=- obs_dist=-m obs_s=- ego_s=24.82 side=- | left_clearance=- right_clearance=- candidate_valid=false rung=- pre_dist=-m | cache_used=false path_age=- path_points=0 planning_time_ms=0.3 | reason=no_static_obstacle_in_range | cache_reason=no_cache
1787354674.716 [STATIC_AVOID] obs_id=- obs_dist=-m obs_s=- ego_s=26.56 side=- | left_clearance=- right_clearance=- candidate_valid=false rung=- pre_dist=-m | cache_used=false path_age=- path_points=0 planning_time_ms=0.1 | reason=no_static_obstacle_in_range | cache_reason=no_cache
1787354675.316 [STATIC_AVOID] obs_id=- obs_dist=-m obs_s=- ego_s=28.56 side=- | left_clearance=- right_clearance=- candidate_valid=false rung=- pre_dist=-m | cache_used=false path_age=- path_points=0 planning_time_ms=0.1 | reason=no_static_obstacle_in_range | cache_reason=no_cache
1787354675.915 [STATIC_AVOID] obs_id=- obs_dist=-m obs_s=- ego_s=30.51 side=- | left_clearance=- right_clearance=- candidate_valid=false rung=- pre_dist=-m | cache_used=false path_age=- path_points=0 planning_time_ms=0.1 | reason=no_static_obstacle_in_range | cache_reason=no_cache
1787354676.515 [STATIC_AVOID] obs_id=- obs_dist=-m obs_s=- ego_s=31.84 side=- | left_clearance=- right_clearance=- candidate_valid=false rung=- pre_dist=-m | cache_used=false path_age=- path_points=0 planning_time_ms=0.1 | reason=no_static_obstacle_in_range | cache_reason=no_cache
1787354677.029 [STATIC_AVOID] obs_id=17 obs_dist=1.71m obs_s=34.63 ego_s=32.92 side=RIGHT | left_clearance=-0.18 right_clearance=0.37 candidate_valid=true rung=0 pre_dist=2.03m | cache_used=false path_age=0.000 path_points=101 planning_time_ms=12.5
1787354677.529 [STATIC_AVOID] obs_id=17 obs_dist=0.22m obs_s=34.66 ego_s=34.43 side=RIGHT | left_clearance=-0.24 right_clearance=0.43 candidate_valid=true rung=0 pre_dist=2.33m | cache_used=false path_age=0.000 path_points=101 planning_time_ms=3.6
1787354678.119 [STATIC_AVOID] obs_id=17 obs_dist=-0.13m obs_s=34.81 ego_s=34.94 side=- | left_clearance=- right_clearance=- candidate_valid=false rung=- pre_dist=-m | cache_used=true path_age=0.098 path_points=101 planning_time_ms=0.3 | reason=raceline_already_clear
1787354678.715 [STATIC_AVOID] obs_id=- obs_dist=-m obs_s=- ego_s=36.61 side=- | left_clearance=- right_clearance=- candidate_valid=false rung=- pre_dist=-m | cache_used=false path_age=- path_points=0 planning_time_ms=0.1 | reason=no_static_obstacle_in_range | cache_reason=no_cache
1787354679.315 [STATIC_AVOID] obs_id=- obs_dist=-m obs_s=- ego_s=38.05 side=- | left_clearance=- right_clearance=- candidate_valid=false rung=- pre_dist=-m | cache_used=false path_age=- path_points=0 planning_time_ms=0.2 | reason=no_static_obstacle_in_range | cache_reason=no_cache
1787354679.922 [STATIC_AVOID] obs_id=- obs_dist=-m obs_s=- ego_s=38.53 side=- | left_clearance=- right_clearance=- candidate_valid=false rung=- pre_dist=-m | cache_used=false path_age=- path_points=0 planning_time_ms=0.2 | reason=no_static_obstacle_in_range | cache_reason=no_cache
1787354680.531 [STATIC_AVOID] obs_id=18 obs_dist=4.81m obs_s=3.85 ego_s=38.57 side=LEFT | left_clearance=0.20 right_clearance=0.08 candidate_valid=true rung=0 pre_dist=2.00m | cache_used=false path_age=0.000 path_points=104 planning_time_ms=3.5
1787354681.118 [STATIC_AVOID] obs_id=18 obs_dist=4.64m obs_s=3.35 ego_s=38.23 side=LEFT | left_clearance=0.22 right_clearance=0.07 candidate_valid=true rung=0 pre_dist=2.00m | cache_used=false path_age=0.000 path_points=102 planning_time_ms=3.4
1787354681.630 [STATIC_AVOID] obs_id=18 obs_dist=3.95m obs_s=2.97 ego_s=38.54 side=- | left_clearance=0.23 right_clearance=0.05 candidate_valid=false rung=- pre_dist=2.00m | cache_used=false path_age=- path_points=0 planning_time_ms=8.9 | reason=obstacle_clearance | cache_reason=no_cache
1787354682.227 [STATIC_AVOID] obs_id=18 obs_dist=3.41m obs_s=2.81 ego_s=38.91 side=LEFT | left_clearance=0.23 right_clearance=0.08 candidate_valid=true rung=0 pre_dist=2.00m | cache_used=false path_age=0.000 path_points=101 planning_time_ms=6.0
1787354682.731 [STATIC_AVOID] obs_id=18 obs_dist=2.83m obs_s=2.73 ego_s=39.42 side=LEFT | left_clearance=0.24 right_clearance=0.11 candidate_valid=true rung=0 pre_dist=2.83m | cache_used=false path_age=0.000 path_points=101 planning_time_ms=8.0
1787354683.325 [STATIC_AVOID] obs_id=18 obs_dist=1.49m obs_s=2.53 ego_s=1.04 side=LEFT | left_clearance=0.18 right_clearance=0.03 candidate_valid=true rung=0 pre_dist=2.63m | cache_used=false path_age=0.000 path_points=101 planning_time_ms=9.9
1787354683.919 [STATIC_AVOID] obs_id=18 obs_dist=0.34m obs_s=2.28 ego_s=1.95 side=LEFT | left_clearance=0.35 right_clearance=0.12 candidate_valid=true rung=0 pre_dist=2.55m | cache_used=false path_age=0.000 path_points=101 planning_time_ms=3.5
1787354684.519 [STATIC_AVOID] obs_id=18 obs_dist=-0.85m obs_s=2.28 ego_s=3.13 side=LEFT | left_clearance=0.35 right_clearance=0.12 candidate_valid=true rung=0 pre_dist=3.73m | cache_used=false path_age=0.000 path_points=101 planning_time_ms=3.7
1787354685.045 [STATIC_AVOID] obs_id=- obs_dist=-m obs_s=- ego_s=3.74 side=- | left_clearance=- right_clearance=- candidate_valid=false rung=- pre_dist=-m | cache_used=false path_age=- path_points=0 planning_time_ms=0.1 | reason=no_static_obstacle_in_range | cache_reason=no_cache
1787354685.622 [STATIC_AVOID] obs_id=- obs_dist=-m obs_s=- ego_s=5.62 side=- | left_clearance=- right_clearance=- candidate_valid=false rung=- pre_dist=-m | cache_used=false path_age=- path_points=0 planning_time_ms=0.2 | reason=no_static_obstacle_in_range | cache_reason=no_cache
1787354686.225 [STATIC_AVOID] obs_id=- obs_dist=-m obs_s=- ego_s=6.11 side=- | left_clearance=- right_clearance=- candidate_valid=false rung=- pre_dist=-m | cache_used=false path_age=- path_points=0 planning_time_ms=0.1 | reason=no_static_obstacle_in_range | cache_reason=no_cache
1787354686.825 [STATIC_AVOID] obs_id=- obs_dist=-m obs_s=- ego_s=6.20 side=- | left_clearance=- right_clearance=- candidate_valid=false rung=- pre_dist=-m | cache_used=false path_age=- path_points=0 planning_time_ms=0.1 | reason=no_static_obstacle_in_range | cache_reason=no_cache
1787354687.325 [STATIC_AVOID] obs_id=26 obs_dist=1.08m obs_s=7.65 ego_s=6.57 side=RIGHT | left_clearance=-0.20 right_clearance=0.72 candidate_valid=true rung=0 pre_dist=2.00m | cache_used=false path_age=0.000 path_points=101 planning_time_ms=6.9
1787354687.929 [STATIC_AVOID] obs_id=26 obs_dist=0.34m obs_s=7.65 ego_s=7.31 side=RIGHT | left_clearance=-0.20 right_clearance=0.75 candidate_valid=false rung=- pre_dist=2.11m | cache_used=false path_age=- path_points=0 planning_time_ms=12.1 | reason=map_occupied | cache_reason=no_cache
1787354688.515 [STATIC_AVOID] obs_id=- obs_dist=-m obs_s=- ego_s=9.47 side=- | left_clearance=- right_clearance=- candidate_valid=false rung=- pre_dist=-m | cache_used=false path_age=- path_points=0 planning_time_ms=0.1 | reason=no_static_obstacle_in_range | cache_reason=no_cache
1787354689.030 [STATIC_AVOID] obs_id=- obs_dist=-m obs_s=- ego_s=11.07 side=- | left_clearance=- right_clearance=- candidate_valid=false rung=- pre_dist=-m | cache_used=false path_age=- path_points=0 planning_time_ms=0.2 | reason=no_static_obstacle_in_range | cache_reason=no_cache
1787354689.531 [STATIC_AVOID] obs_id=- obs_dist=-m obs_s=- ego_s=13.63 side=- | left_clearance=- right_clearance=- candidate_valid=false rung=- pre_dist=-m | cache_used=false path_age=- path_points=0 planning_time_ms=0.1 | reason=no_static_obstacle_in_range | cache_reason=no_cache
1787354690.120 [STATIC_AVOID] obs_id=- obs_dist=-m obs_s=- ego_s=14.97 side=- | left_clearance=- right_clearance=- candidate_valid=false rung=- pre_dist=-m | cache_used=false path_age=- path_points=0 planning_time_ms=0.4 | reason=no_static_obstacle_in_range | cache_reason=no_cache
1787354690.715 [STATIC_AVOID] obs_id=- obs_dist=-m obs_s=- ego_s=14.75 side=- | left_clearance=- right_clearance=- candidate_valid=false rung=- pre_dist=-m | cache_used=false path_age=- path_points=0 planning_time_ms=0.1 | reason=no_static_obstacle_in_range | cache_reason=no_cache
1787354691.216 [STATIC_AVOID] obs_id=- obs_dist=-m obs_s=- ego_s=14.97 side=- | left_clearance=- right_clearance=- candidate_valid=false rung=- pre_dist=-m | cache_used=false path_age=- path_points=0 planning_time_ms=0.1 | reason=no_static_obstacle_in_range | cache_reason=no_cache
1787354691.815 [STATIC_AVOID] obs_id=- obs_dist=-m obs_s=- ego_s=15.34 side=- | left_clearance=- right_clearance=- candidate_valid=false rung=- pre_dist=-m | cache_used=false path_age=- path_points=0 planning_time_ms=0.1 | reason=no_static_obstacle_in_range | cache_reason=no_cache
1787354692.323 [STATIC_AVOID] obs_id=- obs_dist=-m obs_s=- ego_s=15.56 side=- | left_clearance=- right_clearance=- candidate_valid=false rung=- pre_dist=-m | cache_used=false path_age=- path_points=0 planning_time_ms=0.1 | reason=no_static_obstacle_in_range | cache_reason=no_cache
1787354692.925 [STATIC_AVOID] obs_id=- obs_dist=-m obs_s=- ego_s=14.25 side=- | left_clearance=- right_clearance=- candidate_valid=false rung=- pre_dist=-m | cache_used=false path_age=- path_points=0 planning_time_ms=0.1 | reason=no_static_obstacle_in_range | cache_reason=no_cache
1787354693.515 [STATIC_AVOID] obs_id=- obs_dist=-m obs_s=- ego_s=13.13 side=- | left_clearance=- right_clearance=- candidate_valid=false rung=- pre_dist=-m | cache_used=false path_age=- path_points=0 planning_time_ms=0.1 | reason=no_static_obstacle_in_range | cache_reason=no_cache
1787354694.015 [STATIC_AVOID] obs_id=- obs_dist=-m obs_s=- ego_s=12.23 side=- | left_clearance=- right_clearance=- candidate_valid=false rung=- pre_dist=-m | cache_used=false path_age=- path_points=0 planning_time_ms=0.1 | reason=no_static_obstacle_in_range | cache_reason=no_cache
1787354694.544 [STATIC_AVOID] obs_id=- obs_dist=-m obs_s=- ego_s=12.21 side=- | left_clearance=- right_clearance=- candidate_valid=false rung=- pre_dist=-m | cache_used=false path_age=- path_points=0 planning_time_ms=0.1 | reason=no_static_obstacle_in_range | cache_reason=no_cache
1787354695.115 [STATIC_AVOID] obs_id=- obs_dist=-m obs_s=- ego_s=12.22 side=- | left_clearance=- right_clearance=- candidate_valid=false rung=- pre_dist=-m | cache_used=false path_age=- path_points=0 planning_time_ms=0.1 | reason=no_static_obstacle_in_range | cache_reason=no_cache
1787354695.617 [STATIC_AVOID] obs_id=- obs_dist=-m obs_s=- ego_s=12.22 side=- | left_clearance=- right_clearance=- candidate_valid=false rung=- pre_dist=-m | cache_used=false path_age=- path_points=0 planning_time_ms=0.1 | reason=no_static_obstacle_in_range | cache_reason=no_cache
1787354696.121 [STATIC_AVOID] obs_id=- obs_dist=-m obs_s=- ego_s=12.24 side=- | left_clearance=- right_clearance=- candidate_valid=false rung=- pre_dist=-m | cache_used=false path_age=- path_points=0 planning_time_ms=0.1 | reason=no_static_obstacle_in_range | cache_reason=no_cache
1787354696.718 [STATIC_AVOID] obs_id=- obs_dist=-m obs_s=- ego_s=12.22 side=- | left_clearance=- right_clearance=- candidate_valid=false rung=- pre_dist=-m | cache_used=false path_age=- path_points=0 planning_time_ms=0.1 | reason=no_static_obstacle_in_range | cache_reason=no_cache
1787354697.315 [STATIC_AVOID] obs_id=- obs_dist=-m obs_s=- ego_s=12.22 side=- | left_clearance=- right_clearance=- candidate_valid=false rung=- pre_dist=-m | cache_used=false path_age=- path_points=0 planning_time_ms=0.1 | reason=no_static_obstacle_in_range | cache_reason=no_cache
1787354697.816 [STATIC_AVOID] obs_id=- obs_dist=-m obs_s=- ego_s=12.21 side=- | left_clearance=- right_clearance=- candidate_valid=false rung=- pre_dist=-m | cache_used=false path_age=- path_points=0 planning_time_ms=0.1 | reason=no_static_obstacle_in_range | cache_reason=no_cache
1787354698.415 [STATIC_AVOID] obs_id=- obs_dist=-m obs_s=- ego_s=12.20 side=- | left_clearance=- right_clearance=- candidate_valid=false rung=- pre_dist=-m | cache_used=false path_age=- path_points=0 planning_time_ms=0.1 | reason=no_static_obstacle_in_range | cache_reason=no_cache
1787354698.915 [STATIC_AVOID] obs_id=- obs_dist=-m obs_s=- ego_s=12.20 side=- | left_clearance=- right_clearance=- candidate_valid=false rung=- pre_dist=-m | cache_used=false path_age=- path_points=0 planning_time_ms=0.1 | reason=no_static_obstacle_in_range | cache_reason=no_cache
1787354699.427 [STATIC_AVOID] obs_id=- obs_dist=-m obs_s=- ego_s=12.19 side=- | left_clearance=- right_clearance=- candidate_valid=false rung=- pre_dist=-m | cache_used=false path_age=- path_points=0 planning_time_ms=0.2 | reason=no_static_obstacle_in_range | cache_reason=no_cache
1787354700.020 [STATIC_AVOID] obs_id=- obs_dist=-m obs_s=- ego_s=12.21 side=- | left_clearance=- right_clearance=- candidate_valid=false rung=- pre_dist=-m | cache_used=false path_age=- path_points=0 planning_time_ms=0.1 | reason=no_static_obstacle_in_range | cache_reason=no_cache
1787354700.615 [STATIC_AVOID] obs_id=- obs_dist=-m obs_s=- ego_s=12.20 side=- | left_clearance=- right_clearance=- candidate_valid=false rung=- pre_dist=-m | cache_used=false path_age=- path_points=0 planning_time_ms=0.2 | reason=no_static_obstacle_in_range | cache_reason=no_cache
1787354701.121 [STATIC_AVOID] obs_id=- obs_dist=-m obs_s=- ego_s=23.28 side=- | left_clearance=- right_clearance=- candidate_valid=false rung=- pre_dist=-m | cache_used=false path_age=- path_points=0 planning_time_ms=0.2 | reason=no_static_obstacle_in_range | cache_reason=no_cache
1787354701.622 [STATIC_AVOID] obs_id=- obs_dist=-m obs_s=- ego_s=23.56 side=- | left_clearance=- right_clearance=- candidate_valid=false rung=- pre_dist=-m | cache_used=false path_age=- path_points=0 planning_time_ms=0.1 | reason=no_static_obstacle_in_range | cache_reason=no_cache
1787354702.216 [STATIC_AVOID] obs_id=- obs_dist=-m obs_s=- ego_s=23.43 side=- | left_clearance=- right_clearance=- candidate_valid=false rung=- pre_dist=-m | cache_used=false path_age=- path_points=0 planning_time_ms=0.1 | reason=no_static_obstacle_in_range | cache_reason=no_cache
1787354702.816 [STATIC_AVOID] obs_id=- obs_dist=-m obs_s=- ego_s=23.39 side=- | left_clearance=- right_clearance=- candidate_valid=false rung=- pre_dist=-m | cache_used=false path_age=- path_points=0 planning_time_ms=0.1 | reason=no_static_obstacle_in_range | cache_reason=no_cache
1787354703.321 [STATIC_AVOID] obs_id=- obs_dist=-m obs_s=- ego_s=23.35 side=- | left_clearance=- right_clearance=- candidate_valid=false rung=- pre_dist=-m | cache_used=false path_age=- path_points=0 planning_time_ms=0.1 | reason=no_static_obstacle_in_range | cache_reason=no_cache
1787354703.922 [STATIC_AVOID] obs_id=- obs_dist=-m obs_s=- ego_s=23.41 side=- | left_clearance=- right_clearance=- candidate_valid=false rung=- pre_dist=-m | cache_used=false path_age=- path_points=0 planning_time_ms=0.1 | reason=no_static_obstacle_in_range | cache_reason=no_cache
1787354704.519 [STATIC_AVOID] obs_id=- obs_dist=-m obs_s=- ego_s=23.52 side=- | left_clearance=- right_clearance=- candidate_valid=false rung=- pre_dist=-m | cache_used=false path_age=- path_points=0 planning_time_ms=0.1 | reason=no_static_obstacle_in_range | cache_reason=no_cache
1787354705.021 [STATIC_AVOID] obs_id=- obs_dist=-m obs_s=- ego_s=23.39 side=- | left_clearance=- right_clearance=- candidate_valid=false rung=- pre_dist=-m | cache_used=false path_age=- path_points=0 planning_time_ms=0.1 | reason=no_static_obstacle_in_range | cache_reason=no_cache
1787354705.526 [STATIC_AVOID] obs_id=- obs_dist=-m obs_s=- ego_s=23.37 side=- | left_clearance=- right_clearance=- candidate_valid=false rung=- pre_dist=-m | cache_used=false path_age=- path_points=0 planning_time_ms=0.1 | reason=no_static_obstacle_in_range | cache_reason=no_cache
1787354706.120 [STATIC_AVOID] obs_id=- obs_dist=-m obs_s=- ego_s=23.17 side=- | left_clearance=- right_clearance=- candidate_valid=false rung=- pre_dist=-m | cache_used=false path_age=- path_points=0 planning_time_ms=0.1 | reason=no_static_obstacle_in_range | cache_reason=no_cache
1787354706.728 [STATIC_AVOID] obs_id=- obs_dist=-m obs_s=- ego_s=23.01 side=- | left_clearance=- right_clearance=- candidate_valid=false rung=- pre_dist=-m | cache_used=false path_age=- path_points=0 planning_time_ms=0.1 | reason=no_static_obstacle_in_range | cache_reason=no_cache
1787354707.315 [STATIC_AVOID] obs_id=- obs_dist=-m obs_s=- ego_s=23.04 side=- | left_clearance=- right_clearance=- candidate_valid=false rung=- pre_dist=-m | cache_used=false path_age=- path_points=0 planning_time_ms=0.1 | reason=no_static_obstacle_in_range | cache_reason=no_cache
1787354707.820 [STATIC_AVOID] obs_id=- obs_dist=-m obs_s=- ego_s=23.24 side=- | left_clearance=- right_clearance=- candidate_valid=false rung=- pre_dist=-m | cache_used=false path_age=- path_points=0 planning_time_ms=0.1 | reason=no_static_obstacle_in_range | cache_reason=no_cache
1787354708.419 [STATIC_AVOID] obs_id=- obs_dist=-m obs_s=- ego_s=23.78 side=- | left_clearance=- right_clearance=- candidate_valid=false rung=- pre_dist=-m | cache_used=false path_age=- path_points=0 planning_time_ms=0.1 | reason=no_static_obstacle_in_range | cache_reason=no_cache
1787354709.024 [STATIC_AVOID] obs_id=- obs_dist=-m obs_s=- ego_s=25.20 side=- | left_clearance=- right_clearance=- candidate_valid=false rung=- pre_dist=-m | cache_used=false path_age=- path_points=0 planning_time_ms=0.1 | reason=no_static_obstacle_in_range | cache_reason=no_cache
1787354709.621 [STATIC_AVOID] obs_id=- obs_dist=-m obs_s=- ego_s=26.82 side=- | left_clearance=- right_clearance=- candidate_valid=false rung=- pre_dist=-m | cache_used=false path_age=- path_points=0 planning_time_ms=2.0 | reason=no_static_obstacle_in_range | cache_reason=no_cache
1787354710.217 [STATIC_AVOID] obs_id=- obs_dist=-m obs_s=- ego_s=28.73 side=- | left_clearance=- right_clearance=- candidate_valid=false rung=- pre_dist=-m | cache_used=false path_age=- path_points=0 planning_time_ms=0.1 | reason=no_static_obstacle_in_range | cache_reason=no_cache
1787354710.719 [STATIC_AVOID] obs_id=- obs_dist=-m obs_s=- ego_s=30.43 side=- | left_clearance=- right_clearance=- candidate_valid=false rung=- pre_dist=-m | cache_used=false path_age=- path_points=0 planning_time_ms=0.1 | reason=no_static_obstacle_in_range | cache_reason=no_cache
1787354711.316 [STATIC_AVOID] obs_id=- obs_dist=-m obs_s=- ego_s=31.84 side=- | left_clearance=- right_clearance=- candidate_valid=false rung=- pre_dist=-m | cache_used=false path_age=- path_points=0 planning_time_ms=0.1 | reason=no_static_obstacle_in_range | cache_reason=no_cache
1787354711.915 [STATIC_AVOID] obs_id=- obs_dist=-m obs_s=- ego_s=33.21 side=- | left_clearance=- right_clearance=- candidate_valid=false rung=- pre_dist=-m | cache_used=false path_age=- path_points=0 planning_time_ms=0.1 | reason=no_static_obstacle_in_range | cache_reason=no_cache
1787354712.415 [STATIC_AVOID] obs_id=- obs_dist=-m obs_s=- ego_s=34.36 side=- | left_clearance=- right_clearance=- candidate_valid=false rung=- pre_dist=-m | cache_used=false path_age=- path_points=0 planning_time_ms=0.1 | reason=no_static_obstacle_in_range | cache_reason=no_cache
1787354712.915 [STATIC_AVOID] obs_id=- obs_dist=-m obs_s=- ego_s=35.71 side=- | left_clearance=- right_clearance=- candidate_valid=false rung=- pre_dist=-m | cache_used=false path_age=- path_points=0 planning_time_ms=0.2 | reason=no_static_obstacle_in_range | cache_reason=obstacle_gone
1787354713.425 [STATIC_AVOID] obs_id=41 obs_dist=5.38m obs_s=2.89 ego_s=37.03 side=LEFT | left_clearance=0.64 right_clearance=-0.14 candidate_valid=true rung=2 pre_dist=3.53m | cache_used=false path_age=0.000 path_points=120 planning_time_ms=10.5
1787354713.931 [STATIC_AVOID] obs_id=41 obs_dist=4.57m obs_s=3.11 ego_s=38.06 side=LEFT | left_clearance=0.63 right_clearance=-0.14 candidate_valid=false rung=- pre_dist=3.75m | cache_used=false path_age=- path_points=0 planning_time_ms=13.3 | reason=obstacle_clearance | cache_reason=cache_collision
1787354714.525 [STATIC_AVOID] obs_id=41 obs_dist=3.75m obs_s=3.05 ego_s=38.83 side=LEFT | left_clearance=0.58 right_clearance=-0.16 candidate_valid=true rung=0 pre_dist=3.70m | cache_used=false path_age=0.000 path_points=101 planning_time_ms=9.5
1787354715.115 [STATIC_AVOID] obs_id=- obs_dist=-m obs_s=- ego_s=38.82 side=- | left_clearance=- right_clearance=- candidate_valid=false rung=- pre_dist=-m | cache_used=false path_age=- path_points=0 planning_time_ms=0.1 | reason=no_static_obstacle_in_range | cache_reason=no_cache
1787354715.621 [STATIC_AVOID] obs_id=- obs_dist=-m obs_s=- ego_s=1.25 side=- | left_clearance=- right_clearance=- candidate_valid=false rung=- pre_dist=-m | cache_used=false path_age=- path_points=0 planning_time_ms=0.1 | reason=no_static_obstacle_in_range | cache_reason=no_cache
1787354716.216 [STATIC_AVOID] obs_id=- obs_dist=-m obs_s=- ego_s=3.41 side=- | left_clearance=- right_clearance=- candidate_valid=false rung=- pre_dist=-m | cache_used=false path_age=- path_points=0 planning_time_ms=0.1 | reason=no_static_obstacle_in_range | cache_reason=no_cache
1787354716.725 [STATIC_AVOID] obs_id=- obs_dist=-m obs_s=- ego_s=4.98 side=- | left_clearance=- right_clearance=- candidate_valid=false rung=- pre_dist=-m | cache_used=false path_age=- path_points=0 planning_time_ms=0.1 | reason=no_static_obstacle_in_range | cache_reason=no_cache
1787354717.321 [STATIC_AVOID] obs_id=- obs_dist=-m obs_s=- ego_s=7.10 side=- | left_clearance=- right_clearance=- candidate_valid=false rung=- pre_dist=-m | cache_used=false path_age=- path_points=0 planning_time_ms=0.1 | reason=no_static_obstacle_in_range | cache_reason=no_cache
1787354717.919 [STATIC_AVOID] obs_id=- obs_dist=-m obs_s=- ego_s=9.36 side=- | left_clearance=- right_clearance=- candidate_valid=false rung=- pre_dist=-m | cache_used=false path_age=- path_points=0 planning_time_ms=0.1 | reason=no_static_obstacle_in_range | cache_reason=no_cache
1787354718.421 [STATIC_AVOID] obs_id=- obs_dist=-m obs_s=- ego_s=11.26 side=- | left_clearance=- right_clearance=- candidate_valid=false rung=- pre_dist=-m | cache_used=false path_age=- path_points=0 planning_time_ms=0.1 | reason=no_static_obstacle_in_range | cache_reason=no_cache
1787354718.928 [STATIC_AVOID] obs_id=- obs_dist=-m obs_s=- ego_s=12.99 side=- | left_clearance=- right_clearance=- candidate_valid=false rung=- pre_dist=-m | cache_used=false path_age=- path_points=0 planning_time_ms=0.1 | reason=no_static_obstacle_in_range | cache_reason=no_cache
1787354719.525 [STATIC_AVOID] obs_id=- obs_dist=-m obs_s=- ego_s=15.11 side=- | left_clearance=- right_clearance=- candidate_valid=false rung=- pre_dist=-m | cache_used=false path_age=- path_points=0 planning_time_ms=0.1 | reason=no_static_obstacle_in_range | cache_reason=no_cache
1787354720.115 [STATIC_AVOID] obs_id=- obs_dist=-m obs_s=- ego_s=16.82 side=- | left_clearance=- right_clearance=- candidate_valid=false rung=- pre_dist=-m | cache_used=false path_age=- path_points=0 planning_time_ms=0.1 | reason=no_static_obstacle_in_range | cache_reason=no_cache
1787354720.620 [STATIC_AVOID] obs_id=- obs_dist=-m obs_s=- ego_s=17.58 side=- | left_clearance=- right_clearance=- candidate_valid=false rung=- pre_dist=-m | cache_used=false path_age=- path_points=0 planning_time_ms=0.1 | reason=no_static_obstacle_in_range | cache_reason=no_cache
1787354721.123 [STATIC_AVOID] obs_id=- obs_dist=-m obs_s=- ego_s=19.22 side=- | left_clearance=- right_clearance=- candidate_valid=false rung=- pre_dist=-m | cache_used=false path_age=- path_points=0 planning_time_ms=0.3 | reason=no_static_obstacle_in_range | cache_reason=no_cache
1787354721.724 [STATIC_AVOID] obs_id=- obs_dist=-m obs_s=- ego_s=21.25 side=- | left_clearance=- right_clearance=- candidate_valid=false rung=- pre_dist=-m | cache_used=false path_age=- path_points=0 planning_time_ms=0.1 | reason=no_static_obstacle_in_range | cache_reason=no_cache
1787354722.226 [STATIC_AVOID] obs_id=- obs_dist=-m obs_s=- ego_s=22.78 side=- | left_clearance=- right_clearance=- candidate_valid=false rung=- pre_dist=-m | cache_used=false path_age=- path_points=0 planning_time_ms=0.1 | reason=no_static_obstacle_in_range | cache_reason=no_cache
1787354722.815 [STATIC_AVOID] obs_id=- obs_dist=-m obs_s=- ego_s=24.98 side=- | left_clearance=- right_clearance=- candidate_valid=false rung=- pre_dist=-m | cache_used=false path_age=- path_points=0 planning_time_ms=0.1 | reason=no_static_obstacle_in_range | cache_reason=no_cache
1787354723.316 [STATIC_AVOID] obs_id=- obs_dist=-m obs_s=- ego_s=26.44 side=- | left_clearance=- right_clearance=- candidate_valid=false rung=- pre_dist=-m | cache_used=false path_age=- path_points=0 planning_time_ms=0.1 | reason=no_static_obstacle_in_range | cache_reason=no_cache
1787354723.916 [STATIC_AVOID] obs_id=- obs_dist=-m obs_s=- ego_s=28.30 side=- | left_clearance=- right_clearance=- candidate_valid=false rung=- pre_dist=-m | cache_used=false path_age=- path_points=0 planning_time_ms=0.1 | reason=no_static_obstacle_in_range | cache_reason=no_cache
1787354724.428 [STATIC_AVOID] obs_id=- obs_dist=-m obs_s=- ego_s=29.90 side=- | left_clearance=- right_clearance=- candidate_valid=false rung=- pre_dist=-m | cache_used=false path_age=- path_points=0 planning_time_ms=0.1 | reason=no_static_obstacle_in_range | cache_reason=no_cache
1787354725.017 [STATIC_AVOID] obs_id=- obs_dist=-m obs_s=- ego_s=31.55 side=- | left_clearance=- right_clearance=- candidate_valid=false rung=- pre_dist=-m | cache_used=false path_age=- path_points=0 planning_time_ms=0.1 | reason=no_static_obstacle_in_range | cache_reason=no_cache
1787354725.615 [STATIC_AVOID] obs_id=- obs_dist=-m obs_s=- ego_s=33.06 side=- | left_clearance=- right_clearance=- candidate_valid=false rung=- pre_dist=-m | cache_used=false path_age=- path_points=0 planning_time_ms=0.1 | reason=no_static_obstacle_in_range | cache_reason=no_cache
1787354726.122 [STATIC_AVOID] obs_id=- obs_dist=-m obs_s=- ego_s=34.52 side=- | left_clearance=- right_clearance=- candidate_valid=false rung=- pre_dist=-m | cache_used=false path_age=- path_points=0 planning_time_ms=0.1 | reason=no_static_obstacle_in_range | cache_reason=no_cache
1787354726.626 [STATIC_AVOID] obs_id=48 obs_dist=7.03m obs_s=3.41 ego_s=35.90 side=LEFT | left_clearance=0.37 right_clearance=-0.12 candidate_valid=true rung=0 pre_dist=4.26m | cache_used=false path_age=0.000 path_points=129 planning_time_ms=3.9
1787354727.129 [STATIC_AVOID] obs_id=48 obs_dist=5.93m obs_s=3.49 ego_s=37.07 side=LEFT | left_clearance=0.34 right_clearance=-0.08 candidate_valid=true rung=0 pre_dist=4.34m | cache_used=false path_age=0.000 path_points=116 planning_time_ms=3.7
1787354727.725 [STATIC_AVOID] obs_id=48 obs_dist=4.97m obs_s=3.69 ego_s=38.24 side=LEFT | left_clearance=0.27 right_clearance=-0.02 candidate_valid=false rung=- pre_dist=4.54m | cache_used=false path_age=- path_points=0 planning_time_ms=7.9 | reason=obstacle_clearance | cache_reason=cache_collision
1787354728.320 [STATIC_AVOID] obs_id=48 obs_dist=4.67m obs_s=3.78 ego_s=38.62 side=LEFT | left_clearance=0.22 right_clearance=0.07 candidate_valid=false rung=- pre_dist=2.04m | cache_used=false path_age=- path_points=0 planning_time_ms=5.1 | reason=obstacle_clearance | cache_reason=cache_collision
1787354728.826 [STATIC_AVOID] obs_id=48 obs_dist=4.41m obs_s=3.67 ego_s=38.78 side=LEFT | left_clearance=0.18 right_clearance=0.14 candidate_valid=true rung=0 pre_dist=2.00m | cache_used=false path_age=0.000 path_points=101 planning_time_ms=7.1
1787354729.428 [STATIC_AVOID] obs_id=48 obs_dist=3.76m obs_s=3.26 ego_s=39.02 side=- | left_clearance=0.17 right_clearance=0.15 candidate_valid=false rung=- pre_dist=2.00m | cache_used=false path_age=- path_points=0 planning_time_ms=3.8 | reason=obstacle_clearance | cache_reason=no_cache
1787354730.026 [STATIC_AVOID] obs_id=- obs_dist=-m obs_s=- ego_s=38.63 side=- | left_clearance=- right_clearance=- candidate_valid=false rung=- pre_dist=-m | cache_used=false path_age=- path_points=0 planning_time_ms=0.1 | reason=no_static_obstacle_in_range | cache_reason=no_cache
1787354730.555 [STATIC_AVOID] obs_id=- obs_dist=-m obs_s=- ego_s=38.91 side=- | left_clearance=- right_clearance=- candidate_valid=false rung=- pre_dist=-m | cache_used=false path_age=- path_points=0 planning_time_ms=0.2 | reason=no_static_obstacle_in_range | cache_reason=obstacle_gone
1787354731.118 [STATIC_AVOID] obs_id=48 obs_dist=2.41m obs_s=1.76 ego_s=38.87 side=LEFT | left_clearance=0.23 right_clearance=0.07 candidate_valid=true rung=0 pre_dist=2.00m | cache_used=false path_age=0.000 path_points=101 planning_time_ms=3.6
1787354731.647 [STATIC_AVOID] obs_id=48 obs_dist=2.20m obs_s=1.73 ego_s=39.05 side=LEFT | left_clearance=0.24 right_clearance=0.08 candidate_valid=true rung=2 pre_dist=2.00m | cache_used=false path_age=0.000 path_points=101 planning_time_ms=17.9
1787354732.230 [STATIC_AVOID] obs_id=48 obs_dist=0.34m obs_s=1.68 ego_s=1.34 side=LEFT | left_clearance=0.31 right_clearance=0.11 candidate_valid=true rung=0 pre_dist=2.09m | cache_used=false path_age=0.000 path_points=101 planning_time_ms=15.0
1787354732.815 [STATIC_AVOID] obs_id=- obs_dist=-m obs_s=- ego_s=3.09 side=- | left_clearance=- right_clearance=- candidate_valid=false rung=- pre_dist=-m | cache_used=false path_age=- path_points=0 planning_time_ms=0.1 | reason=no_static_obstacle_in_range | cache_reason=no_cache
1787354733.316 [STATIC_AVOID] obs_id=- obs_dist=-m obs_s=- ego_s=3.39 side=- | left_clearance=- right_clearance=- candidate_valid=false rung=- pre_dist=-m | cache_used=false path_age=- path_points=0 planning_time_ms=0.1 | reason=no_static_obstacle_in_range | cache_reason=no_cache
1787354733.826 [STATIC_AVOID] obs_id=- obs_dist=-m obs_s=- ego_s=3.42 side=- | left_clearance=- right_clearance=- candidate_valid=false rung=- pre_dist=-m | cache_used=false path_age=- path_points=0 planning_time_ms=0.1 | reason=no_static_obstacle_in_range | cache_reason=no_cache
1787354734.417 [STATIC_AVOID] obs_id=- obs_dist=-m obs_s=- ego_s=3.06 side=- | left_clearance=- right_clearance=- candidate_valid=false rung=- pre_dist=-m | cache_used=false path_age=- path_points=0 planning_time_ms=0.1 | reason=no_static_obstacle_in_range | cache_reason=no_cache
1787354734.920 [STATIC_AVOID] obs_id=- obs_dist=-m obs_s=- ego_s=3.03 side=- | left_clearance=- right_clearance=- candidate_valid=false rung=- pre_dist=-m | cache_used=false path_age=- path_points=0 planning_time_ms=0.1 | reason=no_static_obstacle_in_range | cache_reason=no_cache
1787354735.428 [STATIC_AVOID] obs_id=48 obs_dist=0.26m obs_s=3.30 ego_s=3.03 side=- | left_clearance=0.55 right_clearance=-0.11 candidate_valid=false rung=- pre_dist=2.00m | cache_used=false path_age=- path_points=0 planning_time_ms=13.2 | reason=obstacle_clearance | cache_reason=no_cache
1787354736.029 [STATIC_AVOID] obs_id=48 obs_dist=0.19m obs_s=3.26 ego_s=3.07 side=- | left_clearance=0.56 right_clearance=-0.12 candidate_valid=false rung=- pre_dist=2.03m | cache_used=false path_age=- path_points=0 planning_time_ms=4.9 | reason=obstacle_clearance | cache_reason=no_cache
1787354736.532 [STATIC_AVOID] obs_id=48 obs_dist=0.24m obs_s=3.27 ego_s=3.03 side=- | left_clearance=0.56 right_clearance=-0.13 candidate_valid=false rung=- pre_dist=2.00m | cache_used=false path_age=- path_points=0 planning_time_ms=12.0 | reason=obstacle_clearance | cache_reason=no_cache
1787354737.118 [STATIC_AVOID] obs_id=48 obs_dist=0.20m obs_s=3.26 ego_s=3.06 side=- | left_clearance=0.56 right_clearance=-0.12 candidate_valid=false rung=- pre_dist=2.03m | cache_used=false path_age=- path_points=0 planning_time_ms=3.3 | reason=obstacle_clearance | cache_reason=no_cache
1787354737.626 [STATIC_AVOID] obs_id=48 obs_dist=0.19m obs_s=3.24 ego_s=3.05 side=- | left_clearance=0.55 right_clearance=-0.13 candidate_valid=false rung=- pre_dist=2.00m | cache_used=false path_age=- path_points=0 planning_time_ms=9.2 | reason=obstacle_clearance | cache_reason=no_cache
1787354738.223 [STATIC_AVOID] obs_id=48 obs_dist=0.05m obs_s=3.17 ego_s=3.12 side=LEFT | left_clearance=0.58 right_clearance=-0.09 candidate_valid=true rung=0 pre_dist=2.07m | cache_used=false path_age=0.000 path_points=101 planning_time_ms=7.8
1787354738.726 [STATIC_AVOID] obs_id=48 obs_dist=-0.49m obs_s=3.18 ego_s=3.67 side=LEFT | left_clearance=0.67 right_clearance=-0.05 candidate_valid=true rung=0 pre_dist=2.62m | cache_used=false path_age=0.000 path_points=101 planning_time_ms=9.6
1787354739.315 [STATIC_AVOID] obs_id=- obs_dist=-m obs_s=- ego_s=5.37 side=- | left_clearance=- right_clearance=- candidate_valid=false rung=- pre_dist=-m | cache_used=false path_age=- path_points=0 planning_time_ms=0.1 | reason=no_static_obstacle_in_range | cache_reason=no_cache
1787354739.915 [STATIC_AVOID] obs_id=- obs_dist=-m obs_s=- ego_s=7.37 side=- | left_clearance=- right_clearance=- candidate_valid=false rung=- pre_dist=-m | cache_used=false path_age=- path_points=0 planning_time_ms=0.1 | reason=no_static_obstacle_in_range | cache_reason=no_cache
1787354740.524 [STATIC_AVOID] obs_id=- obs_dist=-m obs_s=- ego_s=9.70 side=- | left_clearance=- right_clearance=- candidate_valid=false rung=- pre_dist=-m | cache_used=false path_age=- path_points=0 planning_time_ms=0.1 | reason=no_static_obstacle_in_range | cache_reason=no_cache
1787354741.122 [STATIC_AVOID] obs_id=- obs_dist=-m obs_s=- ego_s=11.83 side=- | left_clearance=- right_clearance=- candidate_valid=false rung=- pre_dist=-m | cache_used=false path_age=- path_points=0 planning_time_ms=0.1 | reason=no_static_obstacle_in_range | cache_reason=no_cache
1787354741.622 [STATIC_AVOID] obs_id=- obs_dist=-m obs_s=- ego_s=13.68 side=- | left_clearance=- right_clearance=- candidate_valid=false rung=- pre_dist=-m | cache_used=false path_age=- path_points=0 planning_time_ms=0.1 | reason=no_static_obstacle_in_range | cache_reason=no_cache
1787354742.122 [STATIC_AVOID] obs_id=- obs_dist=-m obs_s=- ego_s=15.45 side=- | left_clearance=- right_clearance=- candidate_valid=false rung=- pre_dist=-m | cache_used=false path_age=- path_points=0 planning_time_ms=0.1 | reason=no_static_obstacle_in_range | cache_reason=no_cache
1787354742.632 [STATIC_AVOID] obs_id=- obs_dist=-m obs_s=- ego_s=16.80 side=- | left_clearance=- right_clearance=- candidate_valid=false rung=- pre_dist=-m | cache_used=false path_age=- path_points=0 planning_time_ms=0.2 | reason=no_static_obstacle_in_range | cache_reason=no_cache
1787354743.218 [STATIC_AVOID] obs_id=- obs_dist=-m obs_s=- ego_s=17.95 side=- | left_clearance=- right_clearance=- candidate_valid=false rung=- pre_dist=-m | cache_used=false path_age=- path_points=0 planning_time_ms=0.1 | reason=no_static_obstacle_in_range | cache_reason=no_cache
1787354743.823 [STATIC_AVOID] obs_id=- obs_dist=-m obs_s=- ego_s=19.78 side=- | left_clearance=- right_clearance=- candidate_valid=false rung=- pre_dist=-m | cache_used=false path_age=- path_points=0 planning_time_ms=0.1 | reason=no_static_obstacle_in_range | cache_reason=no_cache
1787354744.420 [STATIC_AVOID] obs_id=- obs_dist=-m obs_s=- ego_s=21.75 side=- | left_clearance=- right_clearance=- candidate_valid=false rung=- pre_dist=-m | cache_used=false path_age=- path_points=0 planning_time_ms=0.1 | reason=no_static_obstacle_in_range | cache_reason=no_cache
1787354744.922 [STATIC_AVOID] obs_id=- obs_dist=-m obs_s=- ego_s=23.60 side=- | left_clearance=- right_clearance=- candidate_valid=false rung=- pre_dist=-m | cache_used=false path_age=- path_points=0 planning_time_ms=0.1 | reason=no_static_obstacle_in_range | cache_reason=no_cache
1787354745.517 [STATIC_AVOID] obs_id=- obs_dist=-m obs_s=- ego_s=25.52 side=- | left_clearance=- right_clearance=- candidate_valid=false rung=- pre_dist=-m | cache_used=false path_age=- path_points=0 planning_time_ms=0.1 | reason=no_static_obstacle_in_range | cache_reason=no_cache
1787354746.025 [STATIC_AVOID] obs_id=- obs_dist=-m obs_s=- ego_s=26.84 side=- | left_clearance=- right_clearance=- candidate_valid=false rung=- pre_dist=-m | cache_used=false path_age=- path_points=0 planning_time_ms=1.3 | reason=no_static_obstacle_in_range | cache_reason=no_cache
1787354746.620 [STATIC_AVOID] obs_id=- obs_dist=-m obs_s=- ego_s=28.71 side=- | left_clearance=- right_clearance=- candidate_valid=false rung=- pre_dist=-m | cache_used=false path_age=- path_points=0 planning_time_ms=4.6 | reason=no_static_obstacle_in_range | cache_reason=no_cache
1787354747.121 [STATIC_AVOID] obs_id=- obs_dist=-m obs_s=- ego_s=30.41 side=- | left_clearance=- right_clearance=- candidate_valid=false rung=- pre_dist=-m | cache_used=false path_age=- path_points=0 planning_time_ms=0.1 | reason=no_static_obstacle_in_range | cache_reason=no_cache
1787354747.722 [STATIC_AVOID] obs_id=- obs_dist=-m obs_s=- ego_s=31.82 side=- | left_clearance=- right_clearance=- candidate_valid=false rung=- pre_dist=-m | cache_used=false path_age=- path_points=0 planning_time_ms=0.1 | reason=no_static_obstacle_in_range | cache_reason=no_cache
1787354748.319 [STATIC_AVOID] obs_id=- obs_dist=-m obs_s=- ego_s=33.20 side=- | left_clearance=- right_clearance=- candidate_valid=false rung=- pre_dist=-m | cache_used=false path_age=- path_points=0 planning_time_ms=0.1 | reason=no_static_obstacle_in_range | cache_reason=no_cache
1787354748.827 [STATIC_AVOID] obs_id=- obs_dist=-m obs_s=- ego_s=34.27 side=- | left_clearance=- right_clearance=- candidate_valid=false rung=- pre_dist=-m | cache_used=false path_age=- path_points=0 planning_time_ms=0.2 | reason=no_static_obstacle_in_range | cache_reason=no_cache
1787354749.422 [STATIC_AVOID] obs_id=- obs_dist=-m obs_s=- ego_s=35.02 side=- | left_clearance=- right_clearance=- candidate_valid=false rung=- pre_dist=-m | cache_used=false path_age=- path_points=0 planning_time_ms=0.2 | reason=no_static_obstacle_in_range | cache_reason=no_cache
1787354750.022 [STATIC_AVOID] obs_id=- obs_dist=-m obs_s=- ego_s=36.26 side=- | left_clearance=- right_clearance=- candidate_valid=false rung=- pre_dist=-m | cache_used=false path_age=- path_points=0 planning_time_ms=0.1 | reason=no_static_obstacle_in_range | cache_reason=no_cache
1787354750.615 [STATIC_AVOID] obs_id=- obs_dist=-m obs_s=- ego_s=37.56 side=- | left_clearance=- right_clearance=- candidate_valid=false rung=- pre_dist=-m | cache_used=false path_age=- path_points=0 planning_time_ms=0.1 | reason=no_static_obstacle_in_range | cache_reason=no_cache
1787354751.120 [STATIC_AVOID] obs_id=- obs_dist=-m obs_s=- ego_s=38.61 side=- | left_clearance=- right_clearance=- candidate_valid=false rung=- pre_dist=-m | cache_used=false path_age=- path_points=0 planning_time_ms=0.2 | reason=no_static_obstacle_in_range | cache_reason=no_cache
1787354751.628 [STATIC_AVOID] obs_id=56 obs_dist=2.98m obs_s=2.73 ego_s=39.26 side=- | left_clearance=0.14 right_clearance=0.16 candidate_valid=false rung=- pre_dist=2.02m | cache_used=false path_age=- path_points=0 planning_time_ms=9.0 | reason=track_too_narrow | cache_reason=no_cache
1787354752.220 [STATIC_AVOID] obs_id=56 obs_dist=3.02m obs_s=2.72 ego_s=39.22 side=RIGHT | left_clearance=0.25 right_clearance=0.31 candidate_valid=true rung=0 pre_dist=2.00m | cache_used=false path_age=0.000 path_points=101 planning_time_ms=3.7
1787354752.722 [STATIC_AVOID] obs_id=56 obs_dist=1.85m obs_s=2.58 ego_s=0.73 side=RIGHT | left_clearance=0.16 right_clearance=0.17 candidate_valid=false rung=- pre_dist=2.00m | cache_used=false path_age=- path_points=0 planning_time_ms=3.9 | reason=track_too_narrow | cache_reason=no_cache
1787354753.236 [STATIC_AVOID] obs_id=56 obs_dist=0.78m obs_s=2.60 ego_s=1.82 side=RIGHT | left_clearance=0.17 right_clearance=0.13 candidate_valid=true rung=1 pre_dist=2.00m | cache_used=false path_age=0.000 path_points=101 planning_time_ms=18.0
1787354753.823 [STATIC_AVOID] obs_id=56 obs_dist=-0.01m obs_s=2.81 ego_s=2.83 side=LEFT | left_clearance=0.12 right_clearance=0.12 candidate_valid=true rung=0 pre_dist=2.38m | cache_used=false path_age=0.000 path_points=101 planning_time_ms=6.6
1787354754.415 [STATIC_AVOID] obs_id=- obs_dist=-m obs_s=- ego_s=4.11 side=- | left_clearance=- right_clearance=- candidate_valid=false rung=- pre_dist=-m | cache_used=false path_age=- path_points=0 planning_time_ms=0.1 | reason=no_static_obstacle_in_range | cache_reason=no_cache
1787354754.922 [STATIC_AVOID] obs_id=- obs_dist=-m obs_s=- ego_s=5.40 side=- | left_clearance=- right_clearance=- candidate_valid=false rung=- pre_dist=-m | cache_used=false path_age=- path_points=0 planning_time_ms=7.0 | reason=no_static_obstacle_in_range | cache_reason=no_cache
1787354755.534 [STATIC_AVOID] obs_id=- obs_dist=-m obs_s=- ego_s=7.43 side=- | left_clearance=- right_clearance=- candidate_valid=false rung=- pre_dist=-m | cache_used=false path_age=- path_points=0 planning_time_ms=16.3 | reason=no_static_obstacle_in_range | cache_reason=no_cache
1787354756.043 [STATIC_AVOID] obs_id=- obs_dist=-m obs_s=- ego_s=9.29 side=- | left_clearance=- right_clearance=- candidate_valid=false rung=- pre_dist=-m | cache_used=false path_age=- path_points=0 planning_time_ms=0.1 | reason=no_static_obstacle_in_range | cache_reason=no_cache
1787354756.621 [STATIC_AVOID] obs_id=- obs_dist=-m obs_s=- ego_s=11.50 side=- | left_clearance=- right_clearance=- candidate_valid=false rung=- pre_dist=-m | cache_used=false path_age=- path_points=0 planning_time_ms=0.1 | reason=no_static_obstacle_in_range | cache_reason=no_cache
1787354757.224 [STATIC_AVOID] obs_id=- obs_dist=-m obs_s=- ego_s=13.69 side=- | left_clearance=- right_clearance=- candidate_valid=false rung=- pre_dist=-m | cache_used=false path_age=- path_points=0 planning_time_ms=0.1 | reason=no_static_obstacle_in_range | cache_reason=no_cache
1787354757.815 [STATIC_AVOID] obs_id=- obs_dist=-m obs_s=- ego_s=15.71 side=- | left_clearance=- right_clearance=- candidate_valid=false rung=- pre_dist=-m | cache_used=false path_age=- path_points=0 planning_time_ms=0.1 | reason=no_static_obstacle_in_range | cache_reason=no_cache
1787354758.326 [STATIC_AVOID] obs_id=- obs_dist=-m obs_s=- ego_s=17.01 side=- | left_clearance=- right_clearance=- candidate_valid=false rung=- pre_dist=-m | cache_used=false path_age=- path_points=0 planning_time_ms=0.1 | reason=no_static_obstacle_in_range | cache_reason=no_cache
1787354758.916 [STATIC_AVOID] obs_id=- obs_dist=-m obs_s=- ego_s=18.34 side=- | left_clearance=- right_clearance=- candidate_valid=false rung=- pre_dist=-m | cache_used=false path_age=- path_points=0 planning_time_ms=0.1 | reason=no_static_obstacle_in_range | cache_reason=no_cache
1787354759.532 [STATIC_AVOID] obs_id=- obs_dist=-m obs_s=- ego_s=20.17 side=- | left_clearance=- right_clearance=- candidate_valid=false rung=- pre_dist=-m | cache_used=false path_age=- path_points=0 planning_time_ms=1.7 | reason=no_static_obstacle_in_range | cache_reason=no_cache
1787354760.115 [STATIC_AVOID] obs_id=- obs_dist=-m obs_s=- ego_s=22.16 side=- | left_clearance=- right_clearance=- candidate_valid=false rung=- pre_dist=-m | cache_used=false path_age=- path_points=0 planning_time_ms=0.1 | reason=no_static_obstacle_in_range | cache_reason=no_cache
1787354760.619 [STATIC_AVOID] obs_id=- obs_dist=-m obs_s=- ego_s=23.93 side=- | left_clearance=- right_clearance=- candidate_valid=false rung=- pre_dist=-m | cache_used=false path_age=- path_points=0 planning_time_ms=0.1 | reason=no_static_obstacle_in_range | cache_reason=no_cache
1787354761.124 [STATIC_AVOID] obs_id=- obs_dist=-m obs_s=- ego_s=25.46 side=- | left_clearance=- right_clearance=- candidate_valid=false rung=- pre_dist=-m | cache_used=false path_age=- path_points=0 planning_time_ms=0.1 | reason=no_static_obstacle_in_range | cache_reason=no_cache
1787354761.724 [STATIC_AVOID] obs_id=- obs_dist=-m obs_s=- ego_s=27.17 side=- | left_clearance=- right_clearance=- candidate_valid=false rung=- pre_dist=-m | cache_used=false path_age=- path_points=0 planning_time_ms=0.1 | reason=no_static_obstacle_in_range | cache_reason=no_cache
1787354762.319 [STATIC_AVOID] obs_id=- obs_dist=-m obs_s=- ego_s=29.10 side=- | left_clearance=- right_clearance=- candidate_valid=false rung=- pre_dist=-m | cache_used=false path_age=- path_points=0 planning_time_ms=0.3 | reason=no_static_obstacle_in_range | cache_reason=no_cache
1787354762.820 [STATIC_AVOID] obs_id=- obs_dist=-m obs_s=- ego_s=30.81 side=- | left_clearance=- right_clearance=- candidate_valid=false rung=- pre_dist=-m | cache_used=false path_age=- path_points=0 planning_time_ms=0.2 | reason=no_static_obstacle_in_range | cache_reason=no_cache
1787354763.326 [STATIC_AVOID] obs_id=- obs_dist=-m obs_s=- ego_s=31.89 side=- | left_clearance=- right_clearance=- candidate_valid=false rung=- pre_dist=-m | cache_used=false path_age=- path_points=0 planning_time_ms=0.1 | reason=no_static_obstacle_in_range | cache_reason=no_cache
1787354763.916 [STATIC_AVOID] obs_id=- obs_dist=-m obs_s=- ego_s=33.57 side=- | left_clearance=- right_clearance=- candidate_valid=false rung=- pre_dist=-m | cache_used=false path_age=- path_points=0 planning_time_ms=0.1 | reason=no_static_obstacle_in_range | cache_reason=no_cache
1787354764.424 [STATIC_AVOID] obs_id=60 obs_dist=7.61m obs_s=3.39 ego_s=35.30 side=LEFT | left_clearance=0.26 right_clearance=0.02 candidate_valid=true rung=0 pre_dist=4.24m | cache_used=false path_age=0.000 path_points=138 planning_time_ms=4.3
1787354765.041 [STATIC_AVOID] obs_id=60 obs_dist=6.79m obs_s=3.67 ego_s=36.40 side=LEFT | left_clearance=0.21 right_clearance=0.05 candidate_valid=false rung=- pre_dist=4.26m | cache_used=false path_age=- path_points=0 planning_time_ms=16.5 | reason=obstacle_clearance | cache_reason=no_cache
1787354765.626 [STATIC_AVOID] obs_id=60 obs_dist=5.66m obs_s=3.74 ego_s=37.60 side=LEFT | left_clearance=0.10 right_clearance=0.11 candidate_valid=false rung=- pre_dist=4.33m | cache_used=false path_age=- path_points=0 planning_time_ms=3.7 | reason=track_too_narrow | cache_reason=no_cache
1787354766.224 [STATIC_AVOID] obs_id=60 obs_dist=4.47m obs_s=3.76 ego_s=38.81 side=LEFT | left_clearance=0.07 right_clearance=0.21 candidate_valid=false rung=- pre_dist=2.06m | cache_used=false path_age=- path_points=0 planning_time_ms=8.3 | reason=track_too_narrow | cache_reason=no_cache
1787354766.729 [STATIC_AVOID] obs_id=60 obs_dist=4.47m obs_s=3.90 ego_s=38.95 side=RIGHT | left_clearance=0.02 right_clearance=0.28 candidate_valid=false rung=- pre_dist=2.00m | cache_used=true path_age=0.203 path_points=101 planning_time_ms=12.8 | reason=obstacle_clearance
1787354767.316 [STATIC_AVOID] obs_id=- obs_dist=-m obs_s=- ego_s=39.37 side=- | left_clearance=- right_clearance=- candidate_valid=false rung=- pre_dist=-m | cache_used=false path_age=- path_points=0 planning_time_ms=0.1 | reason=no_static_obstacle_in_range | cache_reason=no_cache
1787354767.927 [STATIC_AVOID] obs_id=60 obs_dist=1.49m obs_s=3.05 ego_s=1.56 side=RIGHT | left_clearance=-0.04 right_clearance=0.33 candidate_valid=true rung=0 pre_dist=2.00m | cache_used=false path_age=0.000 path_points=101 planning_time_ms=3.7
1787354768.525 [STATIC_AVOID] obs_id=- obs_dist=-m obs_s=- ego_s=3.82 side=- | left_clearance=- right_clearance=- candidate_valid=false rung=- pre_dist=-m | cache_used=false path_age=- path_points=0 planning_time_ms=0.1 | reason=no_static_obstacle_in_range | cache_reason=no_cache
1787354769.122 [STATIC_AVOID] obs_id=- obs_dist=-m obs_s=- ego_s=6.12 side=- | left_clearance=- right_clearance=- candidate_valid=false rung=- pre_dist=-m | cache_used=false path_age=- path_points=0 planning_time_ms=0.1 | reason=no_static_obstacle_in_range | cache_reason=no_cache
1787354769.717 [STATIC_AVOID] obs_id=- obs_dist=-m obs_s=- ego_s=8.23 side=- | left_clearance=- right_clearance=- candidate_valid=false rung=- pre_dist=-m | cache_used=false path_age=- path_points=0 planning_time_ms=0.1 | reason=no_static_obstacle_in_range | cache_reason=no_cache
1787354770.222 [STATIC_AVOID] obs_id=- obs_dist=-m obs_s=- ego_s=10.07 side=- | left_clearance=- right_clearance=- candidate_valid=false rung=- pre_dist=-m | cache_used=false path_age=- path_points=0 planning_time_ms=0.1 | reason=no_static_obstacle_in_range | cache_reason=no_cache
1787354770.728 [STATIC_AVOID] obs_id=- obs_dist=-m obs_s=- ego_s=11.81 side=- | left_clearance=- right_clearance=- candidate_valid=false rung=- pre_dist=-m | cache_used=false path_age=- path_points=0 planning_time_ms=0.1 | reason=no_static_obstacle_in_range | cache_reason=no_cache
1787354771.315 [STATIC_AVOID] obs_id=- obs_dist=-m obs_s=- ego_s=14.09 side=- | left_clearance=- right_clearance=- candidate_valid=false rung=- pre_dist=-m | cache_used=false path_age=- path_points=0 planning_time_ms=0.1 | reason=no_static_obstacle_in_range | cache_reason=no_cache
1787354771.915 [STATIC_AVOID] obs_id=- obs_dist=-m obs_s=- ego_s=15.92 side=- | left_clearance=- right_clearance=- candidate_valid=false rung=- pre_dist=-m | cache_used=false path_age=- path_points=0 planning_time_ms=0.1 | reason=no_static_obstacle_in_range | cache_reason=no_cache
1787354772.418 [STATIC_AVOID] obs_id=- obs_dist=-m obs_s=- ego_s=17.10 side=- | left_clearance=- right_clearance=- candidate_valid=false rung=- pre_dist=-m | cache_used=false path_age=- path_points=0 planning_time_ms=0.1 | reason=no_static_obstacle_in_range | cache_reason=no_cache
1787354772.930 [STATIC_AVOID] obs_id=- obs_dist=-m obs_s=- ego_s=18.27 side=- | left_clearance=- right_clearance=- candidate_valid=false rung=- pre_dist=-m | cache_used=false path_age=- path_points=0 planning_time_ms=0.1 | reason=no_static_obstacle_in_range | cache_reason=no_cache
1787354773.449 [STATIC_AVOID] obs_id=66 obs_dist=3.18m obs_s=23.13 ego_s=19.96 side=LEFT | left_clearance=-0.09 right_clearance=-0.12 candidate_valid=true rung=2 pre_dist=3.18m | cache_used=false path_age=0.000 path_points=105 planning_time_ms=29.9
1787354774.038 [STATIC_AVOID] obs_id=66 obs_dist=2.10m obs_s=23.20 ego_s=21.10 side=LEFT | left_clearance=0.00 right_clearance=-0.18 candidate_valid=true rung=0 pre_dist=3.25m | cache_used=false path_age=0.000 path_points=101 planning_time_ms=13.4
1787354774.546 [STATIC_AVOID] obs_id=66 obs_dist=1.45m obs_s=23.20 ego_s=21.75 side=LEFT | left_clearance=0.05 right_clearance=-0.21 candidate_valid=true rung=0 pre_dist=3.24m | cache_used=false path_age=0.000 path_points=101 planning_time_ms=13.3
1787354775.128 [STATIC_AVOID] obs_id=66 obs_dist=0.73m obs_s=23.09 ego_s=22.36 side=LEFT | left_clearance=0.29 right_clearance=-0.12 candidate_valid=true rung=0 pre_dist=3.13m | cache_used=false path_age=0.000 path_points=101 planning_time_ms=11.5
1787354775.715 [STATIC_AVOID] obs_id=- obs_dist=-m obs_s=- ego_s=24.36 side=- | left_clearance=- right_clearance=- candidate_valid=false rung=- pre_dist=-m | cache_used=false path_age=- path_points=0 planning_time_ms=0.2 | reason=no_static_obstacle_in_range | cache_reason=obstacle_gone
1787354776.217 [STATIC_AVOID] obs_id=- obs_dist=-m obs_s=- ego_s=25.89 side=- | left_clearance=- right_clearance=- candidate_valid=false rung=- pre_dist=-m | cache_used=false path_age=- path_points=0 planning_time_ms=0.1 | reason=no_static_obstacle_in_range | cache_reason=no_cache
1787354776.721 [STATIC_AVOID] obs_id=- obs_dist=-m obs_s=- ego_s=27.20 side=- | left_clearance=- right_clearance=- candidate_valid=false rung=- pre_dist=-m | cache_used=false path_age=- path_points=0 planning_time_ms=2.1 | reason=no_static_obstacle_in_range | cache_reason=no_cache
1787354777.321 [STATIC_AVOID] obs_id=- obs_dist=-m obs_s=- ego_s=29.19 side=- | left_clearance=- right_clearance=- candidate_valid=false rung=- pre_dist=-m | cache_used=false path_age=- path_points=0 planning_time_ms=2.5 | reason=no_static_obstacle_in_range | cache_reason=no_cache
1787354777.915 [STATIC_AVOID] obs_id=- obs_dist=-m obs_s=- ego_s=31.07 side=- | left_clearance=- right_clearance=- candidate_valid=false rung=- pre_dist=-m | cache_used=false path_age=- path_points=0 planning_time_ms=0.1 | reason=no_static_obstacle_in_range | cache_reason=no_cache
1787354778.422 [STATIC_AVOID] obs_id=- obs_dist=-m obs_s=- ego_s=32.04 side=- | left_clearance=- right_clearance=- candidate_valid=false rung=- pre_dist=-m | cache_used=false path_age=- path_points=0 planning_time_ms=0.1 | reason=no_static_obstacle_in_range | cache_reason=no_cache
1787354779.026 [STATIC_AVOID] obs_id=- obs_dist=-m obs_s=- ego_s=33.87 side=- | left_clearance=- right_clearance=- candidate_valid=false rung=- pre_dist=-m | cache_used=false path_age=- path_points=0 planning_time_ms=0.1 | reason=no_static_obstacle_in_range | cache_reason=no_cache
1787354779.531 [STATIC_AVOID] obs_id=70 obs_dist=7.84m obs_s=3.41 ego_s=35.09 side=LEFT | left_clearance=0.26 right_clearance=-0.06 candidate_valid=true rung=0 pre_dist=4.06m | cache_used=false path_age=0.000 path_points=139 planning_time_ms=13.1
1787354780.123 [STATIC_AVOID] obs_id=70 obs_dist=6.01m obs_s=3.54 ego_s=37.05 side=LEFT | left_clearance=0.25 right_clearance=-0.01 candidate_valid=true rung=0 pre_dist=4.19m | cache_used=false path_age=0.000 path_points=120 planning_time_ms=7.1
1787354780.625 [STATIC_AVOID] obs_id=70 obs_dist=5.06m obs_s=3.76 ego_s=38.22 side=LEFT | left_clearance=0.14 right_clearance=0.15 candidate_valid=false rung=- pre_dist=2.93m | cache_used=false path_age=- path_points=0 planning_time_ms=8.9 | reason=track_too_narrow | cache_reason=no_cache
1787354781.225 [STATIC_AVOID] obs_id=70 obs_dist=4.77m obs_s=3.97 ego_s=38.72 side=RIGHT | left_clearance=0.04 right_clearance=0.24 candidate_valid=false rung=- pre_dist=3.13m | cache_used=true path_age=0.110 path_points=104 planning_time_ms=10.0 | reason=track_too_narrow
1787354781.823 [STATIC_AVOID] obs_id=70 obs_dist=3.97m obs_s=3.78 ego_s=39.32 side=RIGHT | left_clearance=-0.03 right_clearance=0.33 candidate_valid=true rung=2 pre_dist=2.94m | cache_used=false path_age=0.000 path_points=107 planning_time_ms=7.1
1787354782.421 [STATIC_AVOID] obs_id=- obs_dist=-m obs_s=- ego_s=1.51 side=- | left_clearance=- right_clearance=- candidate_valid=false rung=- pre_dist=-m | cache_used=false path_age=- path_points=0 planning_time_ms=0.1 | reason=no_static_obstacle_in_range | cache_reason=no_cache
1787354783.020 [STATIC_AVOID] obs_id=- obs_dist=-m obs_s=- ego_s=3.11 side=- | left_clearance=- right_clearance=- candidate_valid=false rung=- pre_dist=-m | cache_used=false path_age=- path_points=0 planning_time_ms=0.1 | reason=no_static_obstacle_in_range | cache_reason=no_cache
1787354783.526 [STATIC_AVOID] obs_id=- obs_dist=-m obs_s=- ego_s=4.43 side=- | left_clearance=- right_clearance=- candidate_valid=false rung=- pre_dist=-m | cache_used=false path_age=- path_points=0 planning_time_ms=0.1 | reason=no_static_obstacle_in_range | cache_reason=no_cache
1787354784.121 [STATIC_AVOID] obs_id=- obs_dist=-m obs_s=- ego_s=6.55 side=- | left_clearance=- right_clearance=- candidate_valid=false rung=- pre_dist=-m | cache_used=false path_age=- path_points=0 planning_time_ms=0.1 | reason=no_static_obstacle_in_range | cache_reason=no_cache
1787354784.724 [STATIC_AVOID] obs_id=- obs_dist=-m obs_s=- ego_s=8.64 side=- | left_clearance=- right_clearance=- candidate_valid=false rung=- pre_dist=-m | cache_used=false path_age=- path_points=0 planning_time_ms=0.1 | reason=no_static_obstacle_in_range | cache_reason=no_cache
1787354785.320 [STATIC_AVOID] obs_id=- obs_dist=-m obs_s=- ego_s=10.90 side=- | left_clearance=- right_clearance=- candidate_valid=false rung=- pre_dist=-m | cache_used=false path_age=- path_points=0 planning_time_ms=0.1 | reason=no_static_obstacle_in_range | cache_reason=no_cache
1787354785.822 [STATIC_AVOID] obs_id=- obs_dist=-m obs_s=- ego_s=12.67 side=- | left_clearance=- right_clearance=- candidate_valid=false rung=- pre_dist=-m | cache_used=false path_age=- path_points=0 planning_time_ms=0.2 | reason=no_static_obstacle_in_range | cache_reason=no_cache
1787354786.417 [STATIC_AVOID] obs_id=- obs_dist=-m obs_s=- ego_s=14.83 side=- | left_clearance=- right_clearance=- candidate_valid=false rung=- pre_dist=-m | cache_used=false path_age=- path_points=0 planning_time_ms=0.1 | reason=no_static_obstacle_in_range | cache_reason=no_cache
1787354786.923 [STATIC_AVOID] obs_id=- obs_dist=-m obs_s=- ego_s=16.31 side=- | left_clearance=- right_clearance=- candidate_valid=false rung=- pre_dist=-m | cache_used=false path_age=- path_points=0 planning_time_ms=0.1 | reason=no_static_obstacle_in_range | cache_reason=no_cache
1787354787.536 [STATIC_AVOID] obs_id=- obs_dist=-m obs_s=- ego_s=17.54 side=- | left_clearance=- right_clearance=- candidate_valid=false rung=- pre_dist=-m | cache_used=false path_age=- path_points=0 planning_time_ms=0.1 | reason=no_static_obstacle_in_range | cache_reason=no_cache
1787354788.120 [STATIC_AVOID] obs_id=- obs_dist=-m obs_s=- ego_s=19.29 side=- | left_clearance=- right_clearance=- candidate_valid=false rung=- pre_dist=-m | cache_used=false path_age=- path_points=0 planning_time_ms=0.1 | reason=no_static_obstacle_in_range | cache_reason=no_cache
1787354788.620 [STATIC_AVOID] obs_id=74 obs_dist=1.82m obs_s=22.41 ego_s=20.60 side=RIGHT | left_clearance=-0.30 right_clearance=0.36 candidate_valid=true rung=0 pre_dist=2.53m | cache_used=false path_age=0.000 path_points=101 planning_time_ms=3.6
1787354789.126 [STATIC_AVOID] obs_id=74 obs_dist=0.77m obs_s=22.32 ego_s=21.55 side=RIGHT | left_clearance=-0.33 right_clearance=0.26 candidate_valid=true rung=0 pre_dist=2.44m | cache_used=false path_age=0.000 path_points=101 planning_time_ms=8.8
1787354789.715 [STATIC_AVOID] obs_id=- obs_dist=-m obs_s=- ego_s=23.39 side=- | left_clearance=- right_clearance=- candidate_valid=false rung=- pre_dist=-m | cache_used=false path_age=- path_points=0 planning_time_ms=0.2 | reason=no_static_obstacle_in_range | cache_reason=obstacle_gone
1787354790.218 [STATIC_AVOID] obs_id=- obs_dist=-m obs_s=- ego_s=25.38 side=- | left_clearance=- right_clearance=- candidate_valid=false rung=- pre_dist=-m | cache_used=false path_age=- path_points=0 planning_time_ms=0.1 | reason=no_static_obstacle_in_range | cache_reason=no_cache
1787354790.726 [STATIC_AVOID] obs_id=- obs_dist=-m obs_s=- ego_s=26.74 side=- | left_clearance=- right_clearance=- candidate_valid=false rung=- pre_dist=-m | cache_used=false path_age=- path_points=0 planning_time_ms=0.2 | reason=no_static_obstacle_in_range | cache_reason=no_cache
1787354791.315 [STATIC_AVOID] obs_id=- obs_dist=-m obs_s=- ego_s=28.65 side=- | left_clearance=- right_clearance=- candidate_valid=false rung=- pre_dist=-m | cache_used=false path_age=- path_points=0 planning_time_ms=0.1 | reason=no_static_obstacle_in_range | cache_reason=no_cache
1787354791.819 [STATIC_AVOID] obs_id=- obs_dist=-m obs_s=- ego_s=30.35 side=- | left_clearance=- right_clearance=- candidate_valid=false rung=- pre_dist=-m | cache_used=false path_age=- path_points=0 planning_time_ms=1.4 | reason=no_static_obstacle_in_range | cache_reason=no_cache
1787354792.415 [STATIC_AVOID] obs_id=- obs_dist=-m obs_s=- ego_s=31.76 side=- | left_clearance=- right_clearance=- candidate_valid=false rung=- pre_dist=-m | cache_used=false path_age=- path_points=0 planning_time_ms=0.1 | reason=no_static_obstacle_in_range | cache_reason=no_cache
1787354792.924 [STATIC_AVOID] obs_id=- obs_dist=-m obs_s=- ego_s=32.96 side=- | left_clearance=- right_clearance=- candidate_valid=false rung=- pre_dist=-m | cache_used=false path_age=- path_points=0 planning_time_ms=0.1 | reason=no_static_obstacle_in_range | cache_reason=no_cache
1787354793.521 [STATIC_AVOID] obs_id=- obs_dist=-m obs_s=- ego_s=34.52 side=- | left_clearance=- right_clearance=- candidate_valid=false rung=- pre_dist=-m | cache_used=false path_age=- path_points=0 planning_time_ms=0.1 | reason=no_static_obstacle_in_range | cache_reason=no_cache
1787354794.027 [STATIC_AVOID] obs_id=75 obs_dist=6.86m obs_s=3.12 ego_s=35.77 side=LEFT | left_clearance=0.25 right_clearance=-0.03 candidate_valid=false rung=- pre_dist=4.07m | cache_used=false path_age=- path_points=0 planning_time_ms=3.8 | reason=obstacle_clearance | cache_reason=cache_collision
1787354794.625 [STATIC_AVOID] obs_id=75 obs_dist=5.41m obs_s=3.18 ego_s=37.29 side=LEFT | left_clearance=0.26 right_clearance=-0.01 candidate_valid=true rung=0 pre_dist=4.14m | cache_used=false path_age=0.000 path_points=110 planning_time_ms=8.3
1787354795.223 [STATIC_AVOID] obs_id=75 obs_dist=4.81m obs_s=3.59 ego_s=38.30 side=LEFT | left_clearance=0.08 right_clearance=0.18 candidate_valid=true rung=0 pre_dist=2.63m | cache_used=false path_age=0.000 path_points=104 planning_time_ms=7.8
1787354795.724 [STATIC_AVOID] obs_id=75 obs_dist=4.18m obs_s=3.67 ego_s=39.01 side=RIGHT | left_clearance=0.04 right_clearance=0.24 candidate_valid=false rung=- pre_dist=2.71m | cache_used=true path_age=0.106 path_points=101 planning_time_ms=7.3 | reason=track_too_narrow
1787354796.227 [STATIC_AVOID] obs_id=75 obs_dist=3.56m obs_s=3.65 ego_s=0.10 side=RIGHT | left_clearance=-0.02 right_clearance=0.33 candidate_valid=false rung=- pre_dist=2.97m | cache_used=true path_age=0.201 path_points=104 planning_time_ms=12.1 | reason=obstacle_clearance
1787354796.817 [STATIC_AVOID] obs_id=- obs_dist=-m obs_s=- ego_s=1.88 side=- | left_clearance=- right_clearance=- candidate_valid=false rung=- pre_dist=-m | cache_used=false path_age=- path_points=0 planning_time_ms=0.1 | reason=no_static_obstacle_in_range | cache_reason=no_cache
1787354797.425 [STATIC_AVOID] obs_id=- obs_dist=-m obs_s=- ego_s=3.17 side=- | left_clearance=- right_clearance=- candidate_valid=false rung=- pre_dist=-m | cache_used=false path_age=- path_points=0 planning_time_ms=0.1 | reason=no_static_obstacle_in_range | cache_reason=no_cache
1787354798.036 [STATIC_AVOID] obs_id=- obs_dist=-m obs_s=- ego_s=4.94 side=- | left_clearance=- right_clearance=- candidate_valid=false rung=- pre_dist=-m | cache_used=false path_age=- path_points=0 planning_time_ms=0.2 | reason=no_static_obstacle_in_range | cache_reason=no_cache
1787354798.615 [STATIC_AVOID] obs_id=- obs_dist=-m obs_s=- ego_s=7.15 side=- | left_clearance=- right_clearance=- candidate_valid=false rung=- pre_dist=-m | cache_used=false path_age=- path_points=0 planning_time_ms=0.1 | reason=no_static_obstacle_in_range | cache_reason=no_cache
1787354799.215 [STATIC_AVOID] obs_id=- obs_dist=-m obs_s=- ego_s=9.29 side=- | left_clearance=- right_clearance=- candidate_valid=false rung=- pre_dist=-m | cache_used=false path_age=- path_points=0 planning_time_ms=0.1 | reason=no_static_obstacle_in_range | cache_reason=no_cache
1787354799.723 [STATIC_AVOID] obs_id=- obs_dist=-m obs_s=- ego_s=11.18 side=- | left_clearance=- right_clearance=- candidate_valid=false rung=- pre_dist=-m | cache_used=false path_age=- path_points=0 planning_time_ms=0.1 | reason=no_static_obstacle_in_range | cache_reason=no_cache
1787354800.319 [STATIC_AVOID] obs_id=- obs_dist=-m obs_s=- ego_s=13.34 side=- | left_clearance=- right_clearance=- candidate_valid=false rung=- pre_dist=-m | cache_used=false path_age=- path_points=0 planning_time_ms=0.1 | reason=no_static_obstacle_in_range | cache_reason=no_cache
1787354800.920 [STATIC_AVOID] obs_id=- obs_dist=-m obs_s=- ego_s=15.45 side=- | left_clearance=- right_clearance=- candidate_valid=false rung=- pre_dist=-m | cache_used=false path_age=- path_points=0 planning_time_ms=0.2 | reason=no_static_obstacle_in_range | cache_reason=no_cache
1787354801.525 [STATIC_AVOID] obs_id=- obs_dist=-m obs_s=- ego_s=17.02 side=- | left_clearance=- right_clearance=- candidate_valid=false rung=- pre_dist=-m | cache_used=false path_age=- path_points=0 planning_time_ms=0.1 | reason=no_static_obstacle_in_range | cache_reason=no_cache
1787354802.027 [STATIC_AVOID] obs_id=- obs_dist=-m obs_s=- ego_s=17.77 side=- | left_clearance=- right_clearance=- candidate_valid=false rung=- pre_dist=-m | cache_used=false path_age=- path_points=0 planning_time_ms=0.1 | reason=no_static_obstacle_in_range | cache_reason=no_cache
1787354802.616 [STATIC_AVOID] obs_id=- obs_dist=-m obs_s=- ego_s=19.67 side=- | left_clearance=- right_clearance=- candidate_valid=false rung=- pre_dist=-m | cache_used=false path_age=- path_points=0 planning_time_ms=0.1 | reason=no_static_obstacle_in_range | cache_reason=no_cache
1787354803.122 [STATIC_AVOID] obs_id=80 obs_dist=1.64m obs_s=22.33 ego_s=20.70 side=RIGHT | left_clearance=-0.25 right_clearance=0.33 candidate_valid=true rung=0 pre_dist=2.37m | cache_used=false path_age=0.000 path_points=101 planning_time_ms=6.9
1787354803.625 [STATIC_AVOID] obs_id=80 obs_dist=1.09m obs_s=22.20 ego_s=21.11 side=RIGHT | left_clearance=-0.23 right_clearance=0.29 candidate_valid=true rung=0 pre_dist=2.00m | cache_used=false path_age=0.000 path_points=101 planning_time_ms=6.6
1787354804.126 [STATIC_AVOID] obs_id=80 obs_dist=-0.76m obs_s=22.19 ego_s=22.95 side=RIGHT | left_clearance=-0.19 right_clearance=0.33 candidate_valid=true rung=0 pre_dist=3.21m | cache_used=false path_age=0.000 path_points=101 planning_time_ms=8.8
1787354804.716 [STATIC_AVOID] obs_id=- obs_dist=-m obs_s=- ego_s=25.24 side=- | left_clearance=- right_clearance=- candidate_valid=false rung=- pre_dist=-m | cache_used=false path_age=- path_points=0 planning_time_ms=0.1 | reason=no_static_obstacle_in_range | cache_reason=no_cache
1787354805.224 [STATIC_AVOID] obs_id=- obs_dist=-m obs_s=- ego_s=26.68 side=- | left_clearance=- right_clearance=- candidate_valid=false rung=- pre_dist=-m | cache_used=false path_age=- path_points=0 planning_time_ms=1.9 | reason=no_static_obstacle_in_range | cache_reason=no_cache
1787354805.815 [STATIC_AVOID] obs_id=- obs_dist=-m obs_s=- ego_s=28.57 side=- | left_clearance=- right_clearance=- candidate_valid=false rung=- pre_dist=-m | cache_used=false path_age=- path_points=0 planning_time_ms=0.1 | reason=no_static_obstacle_in_range | cache_reason=no_cache
1787354806.320 [STATIC_AVOID] obs_id=- obs_dist=-m obs_s=- ego_s=30.17 side=- | left_clearance=- right_clearance=- candidate_valid=false rung=- pre_dist=-m | cache_used=false path_age=- path_points=0 planning_time_ms=0.3 | reason=no_static_obstacle_in_range | cache_reason=no_cache
1787354806.821 [STATIC_AVOID] obs_id=- obs_dist=-m obs_s=- ego_s=31.51 side=- | left_clearance=- right_clearance=- candidate_valid=false rung=- pre_dist=-m | cache_used=false path_age=- path_points=0 planning_time_ms=0.1 | reason=no_static_obstacle_in_range | cache_reason=no_cache
1787354807.419 [STATIC_AVOID] obs_id=- obs_dist=-m obs_s=- ego_s=32.79 side=- | left_clearance=- right_clearance=- candidate_valid=false rung=- pre_dist=-m | cache_used=false path_age=- path_points=0 planning_time_ms=3.8 | reason=no_static_obstacle_in_range | cache_reason=no_cache
1787354808.027 [STATIC_AVOID] obs_id=- obs_dist=-m obs_s=- ego_s=34.37 side=- | left_clearance=- right_clearance=- candidate_valid=false rung=- pre_dist=-m | cache_used=false path_age=- path_points=0 planning_time_ms=0.1 | reason=no_static_obstacle_in_range | cache_reason=no_cache
1787354808.549 [STATIC_AVOID] obs_id=82 obs_dist=7.46m obs_s=3.12 ego_s=35.18 side=LEFT | left_clearance=0.21 right_clearance=-0.01 candidate_valid=false rung=- pre_dist=4.05m | cache_used=false path_age=- path_points=0 planning_time_ms=8.9 | reason=obstacle_clearance | cache_reason=no_cache
1787354809.049 [STATIC_AVOID] obs_id=82 obs_dist=6.45m obs_s=2.99 ego_s=36.06 side=LEFT | left_clearance=0.17 right_clearance=0.06 candidate_valid=true rung=0 pre_dist=3.92m | cache_used=false path_age=0.000 path_points=121 planning_time_ms=15.9
1787354809.625 [STATIC_AVOID] obs_id=82 obs_dist=4.82m obs_s=2.54 ego_s=37.23 side=LEFT | left_clearance=0.18 right_clearance=0.10 candidate_valid=true rung=0 pre_dist=2.69m | cache_used=false path_age=0.000 path_points=107 planning_time_ms=8.3
1787354810.127 [STATIC_AVOID] obs_id=82 obs_dist=3.11m obs_s=2.53 ego_s=38.94 side=LEFT | left_clearance=0.17 right_clearance=0.13 candidate_valid=true rung=0 pre_dist=2.69m | cache_used=false path_age=0.000 path_points=101 planning_time_ms=11.9
1787354810.722 [STATIC_AVOID] obs_id=82 obs_dist=2.01m obs_s=2.74 ego_s=0.73 side=LEFT | left_clearance=0.03 right_clearance=0.26 candidate_valid=false rung=- pre_dist=2.90m | cache_used=false path_age=- path_points=0 planning_time_ms=6.6 | reason=obstacle_clearance | cache_reason=cache_collision
1787354811.227 [STATIC_AVOID] obs_id=82 obs_dist=0.99m obs_s=2.77 ego_s=1.78 side=RIGHT | left_clearance=-0.09 right_clearance=0.37 candidate_valid=true rung=0 pre_dist=2.00m | cache_used=false path_age=0.000 path_points=101 planning_time_ms=3.9
1787354811.822 [STATIC_AVOID] obs_id=82 obs_dist=0.20m obs_s=2.82 ego_s=2.62 side=- | left_clearance=- right_clearance=- candidate_valid=false rung=- pre_dist=-m | cache_used=true path_age=0.152 path_points=101 planning_time_ms=0.4 | reason=raceline_already_clear
1787354812.329 [STATIC_AVOID] obs_id=82 obs_dist=-0.73m obs_s=2.83 ego_s=3.56 side=- | left_clearance=- right_clearance=- candidate_valid=false rung=- pre_dist=-m | cache_used=false path_age=- path_points=0 planning_time_ms=0.2 | reason=raceline_already_clear | cache_reason=no_cache
1787354812.921 [STATIC_AVOID] obs_id=- obs_dist=-m obs_s=- ego_s=5.35 side=- | left_clearance=- right_clearance=- candidate_valid=false rung=- pre_dist=-m | cache_used=false path_age=- path_points=0 planning_time_ms=0.1 | reason=no_static_obstacle_in_range | cache_reason=no_cache
1787354813.527 [STATIC_AVOID] obs_id=- obs_dist=-m obs_s=- ego_s=7.48 side=- | left_clearance=- right_clearance=- candidate_valid=false rung=- pre_dist=-m | cache_used=false path_age=- path_points=0 planning_time_ms=0.1 | reason=no_static_obstacle_in_range | cache_reason=no_cache
1787354814.120 [STATIC_AVOID] obs_id=- obs_dist=-m obs_s=- ego_s=9.66 side=- | left_clearance=- right_clearance=- candidate_valid=false rung=- pre_dist=-m | cache_used=false path_age=- path_points=0 planning_time_ms=0.1 | reason=no_static_obstacle_in_range | cache_reason=no_cache
1787354814.720 [STATIC_AVOID] obs_id=- obs_dist=-m obs_s=- ego_s=11.79 side=- | left_clearance=- right_clearance=- candidate_valid=false rung=- pre_dist=-m | cache_used=false path_age=- path_points=0 planning_time_ms=1.8 | reason=no_static_obstacle_in_range | cache_reason=no_cache
1787354815.223 [STATIC_AVOID] obs_id=- obs_dist=-m obs_s=- ego_s=13.64 side=- | left_clearance=- right_clearance=- candidate_valid=false rung=- pre_dist=-m | cache_used=false path_age=- path_points=0 planning_time_ms=0.2 | reason=no_static_obstacle_in_range | cache_reason=no_cache
1787354815.816 [STATIC_AVOID] obs_id=- obs_dist=-m obs_s=- ego_s=15.67 side=- | left_clearance=- right_clearance=- candidate_valid=false rung=- pre_dist=-m | cache_used=false path_age=- path_points=0 planning_time_ms=0.1 | reason=no_static_obstacle_in_range | cache_reason=no_cache
1787354816.319 [STATIC_AVOID] obs_id=- obs_dist=-m obs_s=- ego_s=16.97 side=- | left_clearance=- right_clearance=- candidate_valid=false rung=- pre_dist=-m | cache_used=false path_age=- path_points=0 planning_time_ms=0.1 | reason=no_static_obstacle_in_range | cache_reason=no_cache
1787354816.922 [STATIC_AVOID] obs_id=- obs_dist=-m obs_s=- ego_s=18.31 side=- | left_clearance=- right_clearance=- candidate_valid=false rung=- pre_dist=-m | cache_used=false path_age=- path_points=0 planning_time_ms=0.1 | reason=no_static_obstacle_in_range | cache_reason=no_cache
1787354817.531 [STATIC_AVOID] obs_id=- obs_dist=-m obs_s=- ego_s=20.05 side=- | left_clearance=- right_clearance=- candidate_valid=false rung=- pre_dist=-m | cache_used=false path_age=- path_points=0 planning_time_ms=0.1 | reason=no_static_obstacle_in_range | cache_reason=no_cache
1787354818.121 [STATIC_AVOID] obs_id=92 obs_dist=0.31m obs_s=22.38 ego_s=22.07 side=RIGHT | left_clearance=-0.37 right_clearance=0.44 candidate_valid=true rung=0 pre_dist=2.16m | cache_used=false path_age=0.000 path_points=101 planning_time_ms=5.6
1787354818.715 [STATIC_AVOID] obs_id=- obs_dist=-m obs_s=- ego_s=24.64 side=- | left_clearance=- right_clearance=- candidate_valid=false rung=- pre_dist=-m | cache_used=false path_age=- path_points=0 planning_time_ms=0.1 | reason=no_static_obstacle_in_range | cache_reason=no_cache
1787354819.215 [STATIC_AVOID] obs_id=- obs_dist=-m obs_s=- ego_s=26.27 side=- | left_clearance=- right_clearance=- candidate_valid=false rung=- pre_dist=-m | cache_used=false path_age=- path_points=0 planning_time_ms=0.1 | reason=no_static_obstacle_in_range | cache_reason=no_cache
1787354819.719 [STATIC_AVOID] obs_id=- obs_dist=-m obs_s=- ego_s=27.70 side=- | left_clearance=- right_clearance=- candidate_valid=false rung=- pre_dist=-m | cache_used=false path_age=- path_points=0 planning_time_ms=0.1 | reason=no_static_obstacle_in_range | cache_reason=no_cache
1787354820.227 [STATIC_AVOID] obs_id=- obs_dist=-m obs_s=- ego_s=29.28 side=- | left_clearance=- right_clearance=- candidate_valid=false rung=- pre_dist=-m | cache_used=false path_age=- path_points=0 planning_time_ms=0.1 | reason=no_static_obstacle_in_range | cache_reason=no_cache
1787354820.815 [STATIC_AVOID] obs_id=- obs_dist=-m obs_s=- ego_s=31.18 side=- | left_clearance=- right_clearance=- candidate_valid=false rung=- pre_dist=-m | cache_used=false path_age=- path_points=0 planning_time_ms=0.1 | reason=no_static_obstacle_in_range | cache_reason=no_cache
1787354821.322 [STATIC_AVOID] obs_id=- obs_dist=-m obs_s=- ego_s=32.19 side=- | left_clearance=- right_clearance=- candidate_valid=false rung=- pre_dist=-m | cache_used=false path_age=- path_points=0 planning_time_ms=0.1 | reason=no_static_obstacle_in_range | cache_reason=no_cache
1787354821.825 [STATIC_AVOID] obs_id=- obs_dist=-m obs_s=- ego_s=33.89 side=- | left_clearance=- right_clearance=- candidate_valid=false rung=- pre_dist=-m | cache_used=false path_age=- path_points=0 planning_time_ms=0.2 | reason=no_static_obstacle_in_range | cache_reason=no_cache
1787354822.425 [STATIC_AVOID] obs_id=93 obs_dist=7.73m obs_s=3.31 ego_s=35.10 side=LEFT | left_clearance=0.32 right_clearance=-0.08 candidate_valid=true rung=0 pre_dist=4.03m | cache_used=false path_age=0.000 path_points=137 planning_time_ms=5.6
1787354823.022 [STATIC_AVOID] obs_id=93 obs_dist=5.64m obs_s=3.43 ego_s=37.32 side=LEFT | left_clearance=0.26 right_clearance=-0.01 candidate_valid=true rung=0 pre_dist=4.15m | cache_used=false path_age=0.000 path_points=112 planning_time_ms=6.5
1787354823.622 [STATIC_AVOID] obs_id=- obs_dist=-m obs_s=- ego_s=38.33 side=- | left_clearance=- right_clearance=- candidate_valid=false rung=- pre_dist=-m | cache_used=false path_age=- path_points=0 planning_time_ms=0.1 | reason=no_static_obstacle_in_range | cache_reason=no_cache
1787354824.215 [STATIC_AVOID] obs_id=- obs_dist=-m obs_s=- ego_s=38.88 side=- | left_clearance=- right_clearance=- candidate_valid=false rung=- pre_dist=-m | cache_used=false path_age=- path_points=0 planning_time_ms=0.1 | reason=no_static_obstacle_in_range | cache_reason=no_cache
1787354824.729 [STATIC_AVOID] obs_id=93 obs_dist=4.59m obs_s=3.97 ego_s=38.90 side=RIGHT | left_clearance=-0.01 right_clearance=0.31 candidate_valid=true rung=2 pre_dist=2.00m | cache_used=false path_age=0.000 path_points=107 planning_time_ms=7.1
1787354825.321 [STATIC_AVOID] obs_id=93 obs_dist=3.71m obs_s=3.63 ego_s=39.44 side=RIGHT | left_clearance=-0.04 right_clearance=0.37 candidate_valid=true rung=0 pre_dist=2.38m | cache_used=false path_age=0.000 path_points=101 planning_time_ms=5.9
1787354825.923 [STATIC_AVOID] obs_id=- obs_dist=-m obs_s=- ego_s=1.37 side=- | left_clearance=- right_clearance=- candidate_valid=false rung=- pre_dist=-m | cache_used=false path_age=- path_points=0 planning_time_ms=0.1 | reason=no_static_obstacle_in_range | cache_reason=no_cache
1787354826.531 [STATIC_AVOID] obs_id=93 obs_dist=-0.68m obs_s=2.98 ego_s=3.66 side=RIGHT | left_clearance=-0.30 right_clearance=0.49 candidate_valid=true rung=0 pre_dist=3.16m | cache_used=false path_age=0.000 path_points=101 planning_time_ms=9.2
1787354827.034 [STATIC_AVOID] obs_id=- obs_dist=-m obs_s=- ego_s=5.51 side=- | left_clearance=- right_clearance=- candidate_valid=false rung=- pre_dist=-m | cache_used=false path_age=- path_points=0 planning_time_ms=0.2 | reason=no_static_obstacle_in_range | cache_reason=no_cache
1787354827.616 [STATIC_AVOID] obs_id=- obs_dist=-m obs_s=- ego_s=7.73 side=- | left_clearance=- right_clearance=- candidate_valid=false rung=- pre_dist=-m | cache_used=false path_age=- path_points=0 planning_time_ms=0.1 | reason=no_static_obstacle_in_range | cache_reason=no_cache
1787354828.215 [STATIC_AVOID] obs_id=- obs_dist=-m obs_s=- ego_s=10.00 side=- | left_clearance=- right_clearance=- candidate_valid=false rung=- pre_dist=-m | cache_used=false path_age=- path_points=0 planning_time_ms=0.2 | reason=no_static_obstacle_in_range | cache_reason=no_cache
1787354828.723 [STATIC_AVOID] obs_id=- obs_dist=-m obs_s=- ego_s=11.77 side=- | left_clearance=- right_clearance=- candidate_valid=false rung=- pre_dist=-m | cache_used=false path_age=- path_points=0 planning_time_ms=0.1 | reason=no_static_obstacle_in_range | cache_reason=no_cache
1787354829.323 [STATIC_AVOID] obs_id=- obs_dist=-m obs_s=- ego_s=14.07 side=- | left_clearance=- right_clearance=- candidate_valid=false rung=- pre_dist=-m | cache_used=false path_age=- path_points=0 planning_time_ms=0.1 | reason=no_static_obstacle_in_range | cache_reason=no_cache
1787354829.924 [STATIC_AVOID] obs_id=- obs_dist=-m obs_s=- ego_s=15.94 side=- | left_clearance=- right_clearance=- candidate_valid=false rung=- pre_dist=-m | cache_used=false path_age=- path_points=0 planning_time_ms=0.1 | reason=no_static_obstacle_in_range | cache_reason=no_cache
1787354830.522 [STATIC_AVOID] obs_id=- obs_dist=-m obs_s=- ego_s=17.26 side=- | left_clearance=- right_clearance=- candidate_valid=false rung=- pre_dist=-m | cache_used=false path_age=- path_points=0 planning_time_ms=0.1 | reason=no_static_obstacle_in_range | cache_reason=no_cache
1787354831.037 [STATIC_AVOID] obs_id=- obs_dist=-m obs_s=- ego_s=18.50 side=- | left_clearance=- right_clearance=- candidate_valid=false rung=- pre_dist=-m | cache_used=false path_age=- path_points=0 planning_time_ms=0.1 | reason=no_static_obstacle_in_range | cache_reason=no_cache
1787354831.617 [STATIC_AVOID] obs_id=- obs_dist=-m obs_s=- ego_s=20.14 side=- | left_clearance=- right_clearance=- candidate_valid=false rung=- pre_dist=-m | cache_used=false path_age=- path_points=0 planning_time_ms=0.1 | reason=no_static_obstacle_in_range | cache_reason=no_cache
1787354832.215 [STATIC_AVOID] obs_id=- obs_dist=-m obs_s=- ego_s=22.13 side=- | left_clearance=- right_clearance=- candidate_valid=false rung=- pre_dist=-m | cache_used=false path_age=- path_points=0 planning_time_ms=0.1 | reason=no_static_obstacle_in_range | cache_reason=no_cache
1787354832.722 [STATIC_AVOID] obs_id=- obs_dist=-m obs_s=- ego_s=24.23 side=- | left_clearance=- right_clearance=- candidate_valid=false rung=- pre_dist=-m | cache_used=false path_age=- path_points=0 planning_time_ms=0.1 | reason=no_static_obstacle_in_range | cache_reason=no_cache
1787354833.315 [STATIC_AVOID] obs_id=- obs_dist=-m obs_s=- ego_s=26.10 side=- | left_clearance=- right_clearance=- candidate_valid=false rung=- pre_dist=-m | cache_used=false path_age=- path_points=0 planning_time_ms=0.1 | reason=no_static_obstacle_in_range | cache_reason=no_cache
1787354833.820 [STATIC_AVOID] obs_id=- obs_dist=-m obs_s=- ego_s=27.44 side=- | left_clearance=- right_clearance=- candidate_valid=false rung=- pre_dist=-m | cache_used=false path_age=- path_points=0 planning_time_ms=0.1 | reason=no_static_obstacle_in_range | cache_reason=no_cache
1787354834.415 [STATIC_AVOID] obs_id=- obs_dist=-m obs_s=- ego_s=29.46 side=- | left_clearance=- right_clearance=- candidate_valid=false rung=- pre_dist=-m | cache_used=false path_age=- path_points=0 planning_time_ms=0.1 | reason=no_static_obstacle_in_range | cache_reason=no_cache
1787354834.917 [STATIC_AVOID] obs_id=- obs_dist=-m obs_s=- ego_s=31.01 side=- | left_clearance=- right_clearance=- candidate_valid=false rung=- pre_dist=-m | cache_used=false path_age=- path_points=0 planning_time_ms=2.3 | reason=no_static_obstacle_in_range | cache_reason=no_cache
1787354835.535 [STATIC_AVOID] obs_id=- obs_dist=-m obs_s=- ego_s=32.26 side=- | left_clearance=- right_clearance=- candidate_valid=false rung=- pre_dist=-m | cache_used=false path_age=- path_points=0 planning_time_ms=0.1 | reason=no_static_obstacle_in_range | cache_reason=no_cache
1787354836.116 [STATIC_AVOID] obs_id=- obs_dist=-m obs_s=- ego_s=33.52 side=- | left_clearance=- right_clearance=- candidate_valid=false rung=- pre_dist=-m | cache_used=false path_age=- path_points=0 planning_time_ms=0.1 | reason=no_static_obstacle_in_range | cache_reason=no_cache
1787354836.616 [STATIC_AVOID] obs_id=- obs_dist=-m obs_s=- ego_s=34.28 side=- | left_clearance=- right_clearance=- candidate_valid=false rung=- pre_dist=-m | cache_used=false path_age=- path_points=0 planning_time_ms=0.1 | reason=no_static_obstacle_in_range | cache_reason=no_cache
1787354837.120 [STATIC_AVOID] obs_id=- obs_dist=-m obs_s=- ego_s=35.23 side=- | left_clearance=- right_clearance=- candidate_valid=false rung=- pre_dist=-m | cache_used=false path_age=- path_points=0 planning_time_ms=0.1 | reason=no_static_obstacle_in_range | cache_reason=no_cache
1787354837.715 [STATIC_AVOID] obs_id=- obs_dist=-m obs_s=- ego_s=36.46 side=- | left_clearance=- right_clearance=- candidate_valid=false rung=- pre_dist=-m | cache_used=false path_age=- path_points=0 planning_time_ms=0.1 | reason=no_static_obstacle_in_range | cache_reason=no_cache
1787354838.248 [STATIC_AVOID] obs_id=100 obs_dist=4.21m obs_s=2.11 ego_s=37.42 side=LEFT | left_clearance=0.40 right_clearance=0.15 candidate_valid=true rung=0 pre_dist=2.62m | cache_used=false path_age=0.000 path_points=101 planning_time_ms=16.4
1787354838.843 [STATIC_AVOID] obs_id=100 obs_dist=3.49m obs_s=2.36 ego_s=38.39 side=LEFT | left_clearance=0.17 right_clearance=0.11 candidate_valid=true rung=2 pre_dist=2.10m | cache_used=false path_age=0.000 path_points=101 planning_time_ms=20.0
1787354839.423 [STATIC_AVOID] obs_id=100 obs_dist=3.15m obs_s=2.68 ego_s=39.06 side=LEFT | left_clearance=0.06 right_clearance=0.23 candidate_valid=true rung=1 pre_dist=2.42m | cache_used=false path_age=0.000 path_points=101 planning_time_ms=7.1
1787354840.028 [STATIC_AVOID] obs_id=100 obs_dist=3.06m obs_s=2.88 ego_s=39.35 side=RIGHT | left_clearance=0.00 right_clearance=0.30 candidate_valid=false rung=- pre_dist=2.00m | cache_used=false path_age=- path_points=0 planning_time_ms=10.5 | reason=obstacle_clearance | cache_reason=no_cache
1787354840.529 [STATIC_AVOID] obs_id=100 obs_dist=2.27m obs_s=2.89 ego_s=0.63 side=RIGHT | left_clearance=-0.03 right_clearance=0.30 candidate_valid=false rung=- pre_dist=2.01m | cache_used=false path_age=- path_points=0 planning_time_ms=8.9 | reason=obstacle_clearance | cache_reason=cache_collision
1787354841.129 [STATIC_AVOID] obs_id=100 obs_dist=0.58m obs_s=2.81 ego_s=2.23 side=RIGHT | left_clearance=-0.08 right_clearance=0.31 candidate_valid=true rung=0 pre_dist=2.00m | cache_used=false path_age=0.000 path_points=101 planning_time_ms=3.6
1787354841.715 [STATIC_AVOID] obs_id=- obs_dist=-m obs_s=- ego_s=4.20 side=- | left_clearance=- right_clearance=- candidate_valid=false rung=- pre_dist=-m | cache_used=false path_age=- path_points=0 planning_time_ms=0.1 | reason=no_static_obstacle_in_range | cache_reason=no_cache
1787354842.233 [STATIC_AVOID] obs_id=- obs_dist=-m obs_s=- ego_s=6.20 side=- | left_clearance=- right_clearance=- candidate_valid=false rung=- pre_dist=-m | cache_used=false path_age=- path_points=0 planning_time_ms=0.1 | reason=no_static_obstacle_in_range | cache_reason=no_cache
1787354842.817 [STATIC_AVOID] obs_id=- obs_dist=-m obs_s=- ego_s=8.43 side=- | left_clearance=- right_clearance=- candidate_valid=false rung=- pre_dist=-m | cache_used=false path_age=- path_points=0 planning_time_ms=0.1 | reason=no_static_obstacle_in_range | cache_reason=no_cache
1787354843.422 [STATIC_AVOID] obs_id=- obs_dist=-m obs_s=- ego_s=10.57 side=- | left_clearance=- right_clearance=- candidate_valid=false rung=- pre_dist=-m | cache_used=false path_age=- path_points=0 planning_time_ms=0.1 | reason=no_static_obstacle_in_range | cache_reason=no_cache
1787354844.033 [STATIC_AVOID] obs_id=- obs_dist=-m obs_s=- ego_s=12.74 side=- | left_clearance=- right_clearance=- candidate_valid=false rung=- pre_dist=-m | cache_used=false path_age=- path_points=0 planning_time_ms=0.1 | reason=no_static_obstacle_in_range | cache_reason=no_cache
1787354844.625 [STATIC_AVOID] obs_id=- obs_dist=-m obs_s=- ego_s=14.83 side=- | left_clearance=- right_clearance=- candidate_valid=false rung=- pre_dist=-m | cache_used=false path_age=- path_points=0 planning_time_ms=0.2 | reason=no_static_obstacle_in_range | cache_reason=no_cache
1787354845.126 [STATIC_AVOID] obs_id=- obs_dist=-m obs_s=- ego_s=16.28 side=- | left_clearance=- right_clearance=- candidate_valid=false rung=- pre_dist=-m | cache_used=false path_age=- path_points=0 planning_time_ms=0.2 | reason=no_static_obstacle_in_range | cache_reason=no_cache
1787354845.721 [STATIC_AVOID] obs_id=- obs_dist=-m obs_s=- ego_s=17.62 side=- | left_clearance=- right_clearance=- candidate_valid=false rung=- pre_dist=-m | cache_used=false path_age=- path_points=0 planning_time_ms=0.2 | reason=no_static_obstacle_in_range | cache_reason=no_cache
1787354846.322 [STATIC_AVOID] obs_id=104 obs_dist=1.27m obs_s=20.18 ego_s=18.92 side=LEFT | left_clearance=0.27 right_clearance=0.01 candidate_valid=true rung=0 pre_dist=2.03m | cache_used=false path_age=0.000 path_points=101 planning_time_ms=5.4
1787354846.832 [STATIC_AVOID] obs_id=104 obs_dist=0.10m obs_s=20.18 ego_s=20.08 side=LEFT | left_clearance=0.26 right_clearance=-0.08 candidate_valid=true rung=0 pre_dist=2.43m | cache_used=false path_age=0.000 path_points=101 planning_time_ms=4.2
1787354847.422 [STATIC_AVOID] obs_id=104 obs_dist=-0.67m obs_s=20.18 ego_s=20.85 side=LEFT | left_clearance=0.26 right_clearance=-0.08 candidate_valid=true rung=0 pre_dist=3.19m | cache_used=false path_age=0.000 path_points=101 planning_time_ms=7.1
1787354847.923 [STATIC_AVOID] obs_id=104 obs_dist=-0.59m obs_s=20.18 ego_s=20.78 side=LEFT | left_clearance=0.26 right_clearance=-0.08 candidate_valid=true rung=0 pre_dist=3.12m | cache_used=false path_age=0.000 path_points=101 planning_time_ms=3.7
1787354848.434 [STATIC_AVOID] obs_id=104 obs_dist=-0.57m obs_s=20.18 ego_s=20.75 side=LEFT | left_clearance=0.26 right_clearance=-0.08 candidate_valid=true rung=0 pre_dist=3.10m | cache_used=false path_age=0.000 path_points=101 planning_time_ms=5.6
1787354849.016 [STATIC_AVOID] obs_id=- obs_dist=-m obs_s=- ego_s=20.76 side=- | left_clearance=- right_clearance=- candidate_valid=false rung=- pre_dist=-m | cache_used=false path_age=- path_points=0 planning_time_ms=0.1 | reason=no_static_obstacle_in_range | cache_reason=no_cache
1787354849.526 [STATIC_AVOID] obs_id=- obs_dist=-m obs_s=- ego_s=20.76 side=- | left_clearance=- right_clearance=- candidate_valid=false rung=- pre_dist=-m | cache_used=false path_age=- path_points=0 planning_time_ms=0.1 | reason=no_static_obstacle_in_range | cache_reason=no_cache
1787354850.121 [STATIC_AVOID] obs_id=- obs_dist=-m obs_s=- ego_s=20.76 side=- | left_clearance=- right_clearance=- candidate_valid=false rung=- pre_dist=-m | cache_used=false path_age=- path_points=0 planning_time_ms=2.0 | reason=no_static_obstacle_in_range | cache_reason=no_cache
1787354850.623 [STATIC_AVOID] obs_id=106 obs_dist=0.37m obs_s=21.20 ego_s=20.82 side=LEFT | left_clearance=0.42 right_clearance=-0.14 candidate_valid=true rung=0 pre_dist=2.07m | cache_used=false path_age=0.000 path_points=101 planning_time_ms=4.0
1787354851.237 [STATIC_AVOID] obs_id=106 obs_dist=0.10m obs_s=21.29 ego_s=21.19 side=LEFT | left_clearance=0.33 right_clearance=-0.13 candidate_valid=false rung=- pre_dist=2.17m | cache_used=true path_age=0.220 path_points=101 planning_time_ms=19.7 | reason=map_occupied
1787354851.819 [STATIC_AVOID] obs_id=106 obs_dist=-0.94m obs_s=21.35 ego_s=22.29 side=LEFT | left_clearance=0.30 right_clearance=-0.14 candidate_valid=true rung=0 pre_dist=3.27m | cache_used=false path_age=0.000 path_points=101 planning_time_ms=3.9
1787354852.425 [STATIC_AVOID] obs_id=- obs_dist=-m obs_s=- ego_s=23.90 side=- | left_clearance=- right_clearance=- candidate_valid=false rung=- pre_dist=-m | cache_used=false path_age=- path_points=0 planning_time_ms=0.1 | reason=no_static_obstacle_in_range | cache_reason=no_cache
1787354853.023 [STATIC_AVOID] obs_id=- obs_dist=-m obs_s=- ego_s=25.99 side=- | left_clearance=- right_clearance=- candidate_valid=false rung=- pre_dist=-m | cache_used=false path_age=- path_points=0 planning_time_ms=0.1 | reason=no_static_obstacle_in_range | cache_reason=no_cache
1787354853.528 [STATIC_AVOID] obs_id=- obs_dist=-m obs_s=- ego_s=27.24 side=- | left_clearance=- right_clearance=- candidate_valid=false rung=- pre_dist=-m | cache_used=false path_age=- path_points=0 planning_time_ms=0.1 | reason=no_static_obstacle_in_range | cache_reason=no_cache
1787354854.115 [STATIC_AVOID] obs_id=- obs_dist=-m obs_s=- ego_s=29.23 side=- | left_clearance=- right_clearance=- candidate_valid=false rung=- pre_dist=-m | cache_used=false path_age=- path_points=0 planning_time_ms=0.1 | reason=no_static_obstacle_in_range | cache_reason=no_cache
1787354854.621 [STATIC_AVOID] obs_id=- obs_dist=-m obs_s=- ego_s=30.87 side=- | left_clearance=- right_clearance=- candidate_valid=false rung=- pre_dist=-m | cache_used=false path_age=- path_points=0 planning_time_ms=0.1 | reason=no_static_obstacle_in_range | cache_reason=no_cache
1787354855.219 [STATIC_AVOID] obs_id=- obs_dist=-m obs_s=- ego_s=32.20 side=- | left_clearance=- right_clearance=- candidate_valid=false rung=- pre_dist=-m | cache_used=false path_age=- path_points=0 planning_time_ms=0.1 | reason=no_static_obstacle_in_range | cache_reason=no_cache
1787354855.815 [STATIC_AVOID] obs_id=- obs_dist=-m obs_s=- ego_s=34.05 side=- | left_clearance=- right_clearance=- candidate_valid=false rung=- pre_dist=-m | cache_used=false path_age=- path_points=0 planning_time_ms=0.1 | reason=no_static_obstacle_in_range | cache_reason=no_cache
1787354856.328 [STATIC_AVOID] obs_id=113 obs_dist=7.52m obs_s=3.39 ego_s=35.38 side=LEFT | left_clearance=0.41 right_clearance=-0.07 candidate_valid=true rung=0 pre_dist=4.29m | cache_used=false path_age=0.000 path_points=135 planning_time_ms=9.2
1787354856.930 [STATIC_AVOID] obs_id=113 obs_dist=5.81m obs_s=3.59 ego_s=37.29 side=LEFT | left_clearance=0.38 right_clearance=-0.07 candidate_valid=true rung=0 pre_dist=4.49m | cache_used=false path_age=0.000 path_points=118 planning_time_ms=6.8
1787354857.536 [STATIC_AVOID] obs_id=113 obs_dist=4.17m obs_s=3.94 ego_s=39.30 side=LEFT | left_clearance=0.24 right_clearance=0.00 candidate_valid=false rung=- pre_dist=4.30m | cache_used=false path_age=- path_points=0 planning_time_ms=11.6 | reason=obstacle_clearance | cache_reason=no_cache
1787354858.124 [STATIC_AVOID] obs_id=113 obs_dist=3.76m obs_s=4.19 ego_s=0.43 side=LEFT | left_clearance=0.14 right_clearance=0.14 candidate_valid=false rung=- pre_dist=4.55m | cache_used=false path_age=- path_points=0 planning_time_ms=7.7 | reason=obstacle_clearance | cache_reason=no_cache
1787354858.642 [STATIC_AVOID] obs_id=113 obs_dist=4.00m obs_s=4.26 ego_s=0.25 side=RIGHT | left_clearance=0.12 right_clearance=0.23 candidate_valid=true rung=0 pre_dist=2.00m | cache_used=false path_age=0.000 path_points=101 planning_time_ms=9.2
1787354859.220 [STATIC_AVOID] obs_id=- obs_dist=-m obs_s=- ego_s=0.15 side=- | left_clearance=- right_clearance=- candidate_valid=false rung=- pre_dist=-m | cache_used=false path_age=- path_points=0 planning_time_ms=0.1 | reason=no_static_obstacle_in_range | cache_reason=no_cache
1787354859.721 [STATIC_AVOID] obs_id=- obs_dist=-m obs_s=- ego_s=0.01 side=- | left_clearance=- right_clearance=- candidate_valid=false rung=- pre_dist=-m | cache_used=false path_age=- path_points=0 planning_time_ms=0.1 | reason=no_static_obstacle_in_range | cache_reason=no_cache
1787354860.230 [STATIC_AVOID] obs_id=- obs_dist=-m obs_s=- ego_s=39.07 side=- | left_clearance=- right_clearance=- candidate_valid=false rung=- pre_dist=-m | cache_used=false path_age=- path_points=0 planning_time_ms=0.1 | reason=no_static_obstacle_in_range | cache_reason=no_cache
1787354860.816 [STATIC_AVOID] obs_id=- obs_dist=-m obs_s=- ego_s=38.90 side=- | left_clearance=- right_clearance=- candidate_valid=false rung=- pre_dist=-m | cache_used=false path_age=- path_points=0 planning_time_ms=0.1 | reason=no_static_obstacle_in_range | cache_reason=no_cache
1787354861.324 [STATIC_AVOID] obs_id=113 obs_dist=2.73m obs_s=2.11 ego_s=38.90 side=LEFT | left_clearance=0.23 right_clearance=0.08 candidate_valid=true rung=0 pre_dist=2.00m | cache_used=false path_age=0.000 path_points=101 planning_time_ms=5.0
1787354861.919 [STATIC_AVOID] obs_id=113 obs_dist=2.34m obs_s=2.06 ego_s=39.24 side=LEFT | left_clearance=0.20 right_clearance=0.11 candidate_valid=false rung=- pre_dist=2.00m | cache_used=false path_age=- path_points=0 planning_time_ms=3.6 | reason=track_too_narrow | cache_reason=no_cache
1787354862.421 [STATIC_AVOID] obs_id=113 obs_dist=2.18m obs_s=2.03 ego_s=39.37 side=LEFT | left_clearance=0.21 right_clearance=0.11 candidate_valid=false rung=- pre_dist=2.00m | cache_used=false path_age=- path_points=0 planning_time_ms=6.5 | reason=track_too_narrow | cache_reason=no_cache
1787354862.927 [STATIC_AVOID] obs_id=113 obs_dist=2.27m obs_s=1.92 ego_s=39.17 side=LEFT | left_clearance=0.21 right_clearance=0.10 candidate_valid=false rung=- pre_dist=2.00m | cache_used=false path_age=- path_points=0 planning_time_ms=7.1 | reason=track_too_narrow | cache_reason=no_cache
1787354863.522 [STATIC_AVOID] obs_id=113 obs_dist=2.00m obs_s=1.76 ego_s=39.28 side=LEFT | left_clearance=0.23 right_clearance=0.09 candidate_valid=true rung=0 pre_dist=2.00m | cache_used=false path_age=0.000 path_points=101 planning_time_ms=3.6
1787354864.044 [STATIC_AVOID] obs_id=113 obs_dist=1.31m obs_s=1.58 ego_s=0.27 side=LEFT | left_clearance=-0.18 right_clearance=-0.31 candidate_valid=false rung=- pre_dist=2.00m | cache_used=false path_age=- path_points=0 planning_time_ms=12.8 | reason=group_track_too_narrow | cache_reason=no_cache
1787354864.547 [STATIC_AVOID] obs_id=113 obs_dist=1.08m obs_s=1.48 ego_s=0.40 side=LEFT | left_clearance=-0.13 right_clearance=-0.31 candidate_valid=true rung=0 pre_dist=2.00m | cache_used=false path_age=0.000 path_points=130 planning_time_ms=15.2
1787354865.125 [STATIC_AVOID] obs_id=113 obs_dist=0.21m obs_s=1.54 ego_s=1.33 side=LEFT | left_clearance=-0.08 right_clearance=-0.39 candidate_valid=true rung=0 pre_dist=2.10m | cache_used=false path_age=0.000 path_points=121 planning_time_ms=9.6
1787354865.728 [STATIC_AVOID] obs_id=116 obs_dist=4.73m obs_s=7.84 ego_s=3.11 side=LEFT | left_clearance=0.23 right_clearance=-0.17 candidate_valid=true rung=0 pre_dist=2.51m | cache_used=false path_age=0.000 path_points=107 planning_time_ms=3.7
1787354866.233 [STATIC_AVOID] obs_id=116 obs_dist=3.15m obs_s=7.84 ego_s=4.69 side=RIGHT | left_clearance=0.23 right_clearance=-0.17 candidate_valid=true rung=1 pre_dist=2.51m | cache_used=false path_age=0.000 path_points=101 planning_time_ms=14.4
1787354866.828 [STATIC_AVOID] obs_id=116 obs_dist=1.64m obs_s=7.84 ego_s=6.20 side=RIGHT | left_clearance=0.23 right_clearance=-0.17 candidate_valid=false rung=- pre_dist=2.51m | cache_used=true path_age=0.106 path_points=101 planning_time_ms=12.8 | reason=map_occupied
1787354867.418 [STATIC_AVOID] obs_id=- obs_dist=-m obs_s=- ego_s=6.95 side=- | left_clearance=- right_clearance=- candidate_valid=false rung=- pre_dist=-m | cache_used=false path_age=- path_points=0 planning_time_ms=0.1 | reason=no_static_obstacle_in_range | cache_reason=no_cache
1787354867.926 [STATIC_AVOID] obs_id=- obs_dist=-m obs_s=- ego_s=7.80 side=- | left_clearance=- right_clearance=- candidate_valid=false rung=- pre_dist=-m | cache_used=false path_age=- path_points=0 planning_time_ms=0.1 | reason=no_static_obstacle_in_range | cache_reason=no_cache
1787354868.526 [STATIC_AVOID] obs_id=- obs_dist=-m obs_s=- ego_s=8.76 side=- | left_clearance=- right_clearance=- candidate_valid=false rung=- pre_dist=-m | cache_used=false path_age=- path_points=0 planning_time_ms=0.1 | reason=no_static_obstacle_in_range | cache_reason=no_cache
1787354869.121 [STATIC_AVOID] obs_id=- obs_dist=-m obs_s=- ego_s=10.46 side=- | left_clearance=- right_clearance=- candidate_valid=false rung=- pre_dist=-m | cache_used=false path_age=- path_points=0 planning_time_ms=0.2 | reason=no_static_obstacle_in_range | cache_reason=no_cache
1787354869.625 [STATIC_AVOID] obs_id=- obs_dist=-m obs_s=- ego_s=12.15 side=- | left_clearance=- right_clearance=- candidate_valid=false rung=- pre_dist=-m | cache_used=false path_age=- path_points=0 planning_time_ms=7.1 | reason=no_static_obstacle_in_range | cache_reason=no_cache
1787354870.215 [STATIC_AVOID] obs_id=- obs_dist=-m obs_s=- ego_s=14.33 side=- | left_clearance=- right_clearance=- candidate_valid=false rung=- pre_dist=-m | cache_used=false path_age=- path_points=0 planning_time_ms=0.1 | reason=no_static_obstacle_in_range | cache_reason=no_cache
1787354870.724 [STATIC_AVOID] obs_id=- obs_dist=-m obs_s=- ego_s=15.86 side=- | left_clearance=- right_clearance=- candidate_valid=false rung=- pre_dist=-m | cache_used=false path_age=- path_points=0 planning_time_ms=0.1 | reason=no_static_obstacle_in_range | cache_reason=no_cache
1787354871.226 [STATIC_AVOID] obs_id=- obs_dist=-m obs_s=- ego_s=17.18 side=- | left_clearance=- right_clearance=- candidate_valid=false rung=- pre_dist=-m | cache_used=false path_age=- path_points=0 planning_time_ms=0.1 | reason=no_static_obstacle_in_range | cache_reason=no_cache
1787354871.825 [STATIC_AVOID] obs_id=118 obs_dist=2.00m obs_s=20.14 ego_s=18.14 side=LEFT | left_clearance=0.21 right_clearance=-0.01 candidate_valid=true rung=0 pre_dist=2.18m | cache_used=false path_age=0.000 path_points=101 planning_time_ms=7.4
1787354872.424 [STATIC_AVOID] obs_id=118 obs_dist=0.97m obs_s=20.11 ego_s=19.13 side=LEFT | left_clearance=0.23 right_clearance=-0.03 candidate_valid=true rung=0 pre_dist=2.15m | cache_used=false path_age=0.000 path_points=101 planning_time_ms=7.6
1787354873.066 [STATIC_AVOID] obs_id=118 obs_dist=-0.79m obs_s=20.09 ego_s=20.88 side=RIGHT | left_clearance=0.27 right_clearance=-0.06 candidate_valid=true rung=1 pre_dist=3.42m | cache_used=false path_age=0.000 path_points=101 planning_time_ms=12.5
1787354873.615 [STATIC_AVOID] obs_id=- obs_dist=-m obs_s=- ego_s=22.38 side=- | left_clearance=- right_clearance=- candidate_valid=false rung=- pre_dist=-m | cache_used=false path_age=- path_points=0 planning_time_ms=0.1 | reason=no_static_obstacle_in_range | cache_reason=no_cache
1787354874.120 [STATIC_AVOID] obs_id=- obs_dist=-m obs_s=- ego_s=24.07 side=- | left_clearance=- right_clearance=- candidate_valid=false rung=- pre_dist=-m | cache_used=false path_age=- path_points=0 planning_time_ms=0.1 | reason=no_static_obstacle_in_range | cache_reason=no_cache
1787354874.715 [STATIC_AVOID] obs_id=- obs_dist=-m obs_s=- ego_s=26.02 side=- | left_clearance=- right_clearance=- candidate_valid=false rung=- pre_dist=-m | cache_used=false path_age=- path_points=0 planning_time_ms=0.1 | reason=no_static_obstacle_in_range | cache_reason=no_cache
1787354875.215 [STATIC_AVOID] obs_id=- obs_dist=-m obs_s=- ego_s=27.40 side=- | left_clearance=- right_clearance=- candidate_valid=false rung=- pre_dist=-m | cache_used=false path_age=- path_points=0 planning_time_ms=0.1 | reason=no_static_obstacle_in_range | cache_reason=no_cache
1787354875.722 [STATIC_AVOID] obs_id=- obs_dist=-m obs_s=- ego_s=29.08 side=- | left_clearance=- right_clearance=- candidate_valid=false rung=- pre_dist=-m | cache_used=false path_age=- path_points=0 planning_time_ms=1.9 | reason=no_static_obstacle_in_range | cache_reason=no_cache
1787354876.315 [STATIC_AVOID] obs_id=- obs_dist=-m obs_s=- ego_s=30.96 side=- | left_clearance=- right_clearance=- candidate_valid=false rung=- pre_dist=-m | cache_used=false path_age=- path_points=0 planning_time_ms=0.1 | reason=no_static_obstacle_in_range | cache_reason=no_cache
1787354876.915 [STATIC_AVOID] obs_id=- obs_dist=-m obs_s=- ego_s=32.28 side=- | left_clearance=- right_clearance=- candidate_valid=false rung=- pre_dist=-m | cache_used=false path_age=- path_points=0 planning_time_ms=0.1 | reason=no_static_obstacle_in_range | cache_reason=no_cache
1787354877.420 [STATIC_AVOID] obs_id=- obs_dist=-m obs_s=- ego_s=33.77 side=- | left_clearance=- right_clearance=- candidate_valid=false rung=- pre_dist=-m | cache_used=false path_age=- path_points=0 planning_time_ms=0.3 | reason=no_static_obstacle_in_range | cache_reason=no_cache
1787354877.924 [STATIC_AVOID] obs_id=120 obs_dist=7.25m obs_s=3.59 ego_s=35.87 side=LEFT | left_clearance=0.29 right_clearance=-0.10 candidate_valid=true rung=0 pre_dist=6.08m | cache_used=false path_age=0.000 path_points=143 planning_time_ms=7.3
1787354878.426 [STATIC_AVOID] obs_id=120 obs_dist=5.73m obs_s=3.80 ego_s=37.59 side=LEFT | left_clearance=0.50 right_clearance=-0.12 candidate_valid=true rung=0 pre_dist=4.45m | cache_used=false path_age=0.000 path_points=118 planning_time_ms=6.5
1787354879.041 [STATIC_AVOID] obs_id=120 obs_dist=5.10m obs_s=4.09 ego_s=38.52 side=LEFT | left_clearance=0.40 right_clearance=-0.11 candidate_valid=true rung=2 pre_dist=4.74m | cache_used=false path_age=0.000 path_points=112 planning_time_ms=22.0
1787354879.622 [STATIC_AVOID] obs_id=120 obs_dist=4.52m obs_s=4.22 ego_s=39.22 side=LEFT | left_clearance=0.34 right_clearance=-0.04 candidate_valid=true rung=0 pre_dist=4.87m | cache_used=false path_age=0.000 path_points=101 planning_time_ms=7.7
1787354880.126 [STATIC_AVOID] obs_id=120 obs_dist=4.20m obs_s=4.16 ego_s=39.47 side=LEFT | left_clearance=0.29 right_clearance=0.00 candidate_valid=true rung=0 pre_dist=4.80m | cache_used=false path_age=0.000 path_points=101 planning_time_ms=10.2
1787354880.644 [STATIC_AVOID] obs_id=120 obs_dist=3.86m obs_s=3.91 ego_s=0.04 side=LEFT | left_clearance=0.31 right_clearance=-0.00 candidate_valid=false rung=- pre_dist=4.56m | cache_used=false path_age=- path_points=0 planning_time_ms=29.7 | reason=obstacle_clearance | cache_reason=cache_collision
1787354881.219 [STATIC_AVOID] obs_id=- obs_dist=-m obs_s=- ego_s=0.97 side=- | left_clearance=- right_clearance=- candidate_valid=false rung=- pre_dist=-m | cache_used=false path_age=- path_points=0 planning_time_ms=0.1 | reason=no_static_obstacle_in_range | cache_reason=no_cache
1787354881.724 [STATIC_AVOID] obs_id=120 obs_dist=0.79m obs_s=3.22 ego_s=2.43 side=LEFT | left_clearance=0.39 right_clearance=-0.15 candidate_valid=false rung=- pre_dist=2.01m | cache_used=true path_age=0.108 path_points=101 planning_time_ms=6.2 | reason=obstacle_clearance
1787354882.323 [STATIC_AVOID] obs_id=120 obs_dist=-0.68m obs_s=3.25 ego_s=3.94 side=LEFT | left_clearance=0.39 right_clearance=-0.04 candidate_valid=true rung=0 pre_dist=2.19m | cache_used=false path_age=0.000 path_points=101 planning_time_ms=7.8
1787354882.920 [STATIC_AVOID] obs_id=- obs_dist=-m obs_s=- ego_s=5.41 side=- | left_clearance=- right_clearance=- candidate_valid=false rung=- pre_dist=-m | cache_used=false path_age=- path_points=0 planning_time_ms=0.1 | reason=no_static_obstacle_in_range | cache_reason=no_cache
1787354883.532 [STATIC_AVOID] obs_id=- obs_dist=-m obs_s=- ego_s=7.02 side=- | left_clearance=- right_clearance=- candidate_valid=false rung=- pre_dist=-m | cache_used=false path_age=- path_points=0 planning_time_ms=0.1 | reason=no_static_obstacle_in_range | cache_reason=no_cache
1787354884.115 [STATIC_AVOID] obs_id=- obs_dist=-m obs_s=- ego_s=9.22 side=- | left_clearance=- right_clearance=- candidate_valid=false rung=- pre_dist=-m | cache_used=false path_age=- path_points=0 planning_time_ms=0.1 | reason=no_static_obstacle_in_range | cache_reason=no_cache
1787354884.622 [STATIC_AVOID] obs_id=- obs_dist=-m obs_s=- ego_s=11.09 side=- | left_clearance=- right_clearance=- candidate_valid=false rung=- pre_dist=-m | cache_used=false path_age=- path_points=0 planning_time_ms=0.1 | reason=no_static_obstacle_in_range | cache_reason=no_cache
1787354885.215 [STATIC_AVOID] obs_id=- obs_dist=-m obs_s=- ego_s=13.36 side=- | left_clearance=- right_clearance=- candidate_valid=false rung=- pre_dist=-m | cache_used=false path_age=- path_points=0 planning_time_ms=0.1 | reason=no_static_obstacle_in_range | cache_reason=no_cache
1787354885.722 [STATIC_AVOID] obs_id=- obs_dist=-m obs_s=- ego_s=15.01 side=- | left_clearance=- right_clearance=- candidate_valid=false rung=- pre_dist=-m | cache_used=false path_age=- path_points=0 planning_time_ms=0.1 | reason=no_static_obstacle_in_range | cache_reason=no_cache
1787354886.225 [STATIC_AVOID] obs_id=- obs_dist=-m obs_s=- ego_s=16.36 side=- | left_clearance=- right_clearance=- candidate_valid=false rung=- pre_dist=-m | cache_used=false path_age=- path_points=0 planning_time_ms=0.1 | reason=no_static_obstacle_in_range | cache_reason=no_cache
1787354886.817 [STATIC_AVOID] obs_id=- obs_dist=-m obs_s=- ego_s=17.55 side=- | left_clearance=- right_clearance=- candidate_valid=false rung=- pre_dist=-m | cache_used=false path_age=- path_points=0 planning_time_ms=0.1 | reason=no_static_obstacle_in_range | cache_reason=no_cache
1787354887.322 [STATIC_AVOID] obs_id=124 obs_dist=1.63m obs_s=20.12 ego_s=18.48 side=LEFT | left_clearance=0.27 right_clearance=-0.02 candidate_valid=false rung=- pre_dist=2.09m | cache_used=true path_age=0.103 path_points=101 planning_time_ms=5.3 | reason=obstacle_clearance
1787354887.823 [STATIC_AVOID] obs_id=124 obs_dist=0.63m obs_s=20.07 ego_s=19.44 side=LEFT | left_clearance=0.18 right_clearance=-0.17 candidate_valid=false rung=- pre_dist=2.05m | cache_used=true path_age=0.202 path_points=101 planning_time_ms=8.3 | reason=map_occupied
1787354888.325 [STATIC_AVOID] obs_id=124 obs_dist=-0.81m obs_s=20.10 ego_s=20.90 side=LEFT | left_clearance=0.27 right_clearance=-0.14 candidate_valid=true rung=0 pre_dist=3.38m | cache_used=false path_age=0.000 path_points=101 planning_time_ms=9.5
1787354888.922 [STATIC_AVOID] obs_id=- obs_dist=-m obs_s=- ego_s=22.28 side=- | left_clearance=- right_clearance=- candidate_valid=false rung=- pre_dist=-m | cache_used=false path_age=- path_points=0 planning_time_ms=0.1 | reason=no_static_obstacle_in_range | cache_reason=no_cache
1787354889.524 [STATIC_AVOID] obs_id=- obs_dist=-m obs_s=- ego_s=24.22 side=- | left_clearance=- right_clearance=- candidate_valid=false rung=- pre_dist=-m | cache_used=false path_age=- path_points=0 planning_time_ms=0.1 | reason=no_static_obstacle_in_range | cache_reason=no_cache
1787354890.119 [STATIC_AVOID] obs_id=- obs_dist=-m obs_s=- ego_s=26.15 side=- | left_clearance=- right_clearance=- candidate_valid=false rung=- pre_dist=-m | cache_used=false path_age=- path_points=0 planning_time_ms=0.1 | reason=no_static_obstacle_in_range | cache_reason=no_cache
1787354890.719 [STATIC_AVOID] obs_id=- obs_dist=-m obs_s=- ego_s=27.90 side=- | left_clearance=- right_clearance=- candidate_valid=false rung=- pre_dist=-m | cache_used=false path_age=- path_points=0 planning_time_ms=0.1 | reason=no_static_obstacle_in_range | cache_reason=no_cache
1787354891.322 [STATIC_AVOID] obs_id=- obs_dist=-m obs_s=- ego_s=29.81 side=- | left_clearance=- right_clearance=- candidate_valid=false rung=- pre_dist=-m | cache_used=false path_age=- path_points=0 planning_time_ms=0.1 | reason=no_static_obstacle_in_range | cache_reason=no_cache
1787354891.915 [STATIC_AVOID] obs_id=- obs_dist=-m obs_s=- ego_s=31.51 side=- | left_clearance=- right_clearance=- candidate_valid=false rung=- pre_dist=-m | cache_used=false path_age=- path_points=0 planning_time_ms=0.1 | reason=no_static_obstacle_in_range | cache_reason=no_cache
1787354892.422 [STATIC_AVOID] obs_id=- obs_dist=-m obs_s=- ego_s=32.52 side=- | left_clearance=- right_clearance=- candidate_valid=false rung=- pre_dist=-m | cache_used=false path_age=- path_points=0 planning_time_ms=0.1 | reason=no_static_obstacle_in_range | cache_reason=no_cache
1787354893.015 [STATIC_AVOID] obs_id=- obs_dist=-m obs_s=- ego_s=34.34 side=- | left_clearance=- right_clearance=- candidate_valid=false rung=- pre_dist=-m | cache_used=false path_age=- path_points=0 planning_time_ms=0.1 | reason=no_static_obstacle_in_range | cache_reason=no_cache
1787354893.545 [STATIC_AVOID] obs_id=126 obs_dist=6.52m obs_s=3.40 ego_s=36.40 side=LEFT | left_clearance=0.14 right_clearance=-0.08 candidate_valid=true rung=0 pre_dist=6.25m | cache_used=false path_age=0.000 path_points=141 planning_time_ms=12.9
1787354894.127 [STATIC_AVOID] obs_id=- obs_dist=-m obs_s=- ego_s=39.42 side=- | left_clearance=- right_clearance=- candidate_valid=false rung=- pre_dist=-m | cache_used=false path_age=- path_points=0 planning_time_ms=0.1 | reason=no_static_obstacle_in_range | cache_reason=no_cache
1787354894.719 [STATIC_AVOID] obs_id=126 obs_dist=1.83m obs_s=3.73 ego_s=1.90 side=RIGHT | left_clearance=0.35 right_clearance=-0.04 candidate_valid=false rung=- pre_dist=2.09m | cache_used=false path_age=- path_points=0 planning_time_ms=3.4 | reason=obstacle_clearance | cache_reason=no_cache
1787354895.226 [STATIC_AVOID] obs_id=126 obs_dist=1.19m obs_s=3.69 ego_s=2.50 side=LEFT | left_clearance=0.36 right_clearance=0.00 candidate_valid=true rung=0 pre_dist=2.00m | cache_used=false path_age=0.000 path_points=101 planning_time_ms=6.0
1787354895.825 [STATIC_AVOID] obs_id=126 obs_dist=1.20m obs_s=3.53 ego_s=2.32 side=LEFT | left_clearance=0.41 right_clearance=-0.05 candidate_valid=true rung=0 pre_dist=2.00m | cache_used=false path_age=0.000 path_points=101 planning_time_ms=5.6
1787354896.328 [STATIC_AVOID] obs_id=126 obs_dist=1.00m obs_s=3.43 ego_s=2.43 side=LEFT | left_clearance=0.49 right_clearance=-0.11 candidate_valid=true rung=0 pre_dist=2.00m | cache_used=false path_age=0.000 path_points=101 planning_time_ms=9.6
1787354896.835 [STATIC_AVOID] obs_id=126 obs_dist=0.70m obs_s=3.35 ego_s=2.65 side=LEFT | left_clearance=0.52 right_clearance=-0.14 candidate_valid=true rung=0 pre_dist=2.00m | cache_used=false path_age=0.000 path_points=101 planning_time_ms=15.8
1787354897.422 [STATIC_AVOID] obs_id=126 obs_dist=-0.38m obs_s=3.44 ego_s=3.83 side=LEFT | left_clearance=0.57 right_clearance=-0.03 candidate_valid=true rung=0 pre_dist=2.63m | cache_used=false path_age=0.000 path_points=101 planning_time_ms=5.4
1787354898.028 [STATIC_AVOID] obs_id=- obs_dist=-m obs_s=- ego_s=5.03 side=- | left_clearance=- right_clearance=- candidate_valid=false rung=- pre_dist=-m | cache_used=false path_age=- path_points=0 planning_time_ms=0.1 | reason=no_static_obstacle_in_range | cache_reason=no_cache
1787354898.623 [STATIC_AVOID] obs_id=- obs_dist=-m obs_s=- ego_s=6.51 side=- | left_clearance=- right_clearance=- candidate_valid=false rung=- pre_dist=-m | cache_used=false path_age=- path_points=0 planning_time_ms=0.1 | reason=no_static_obstacle_in_range | cache_reason=no_cache
1787354899.222 [STATIC_AVOID] obs_id=- obs_dist=-m obs_s=- ego_s=8.63 side=- | left_clearance=- right_clearance=- candidate_valid=false rung=- pre_dist=-m | cache_used=false path_age=- path_points=0 planning_time_ms=0.1 | reason=no_static_obstacle_in_range | cache_reason=no_cache
1787354899.815 [STATIC_AVOID] obs_id=- obs_dist=-m obs_s=- ego_s=10.92 side=- | left_clearance=- right_clearance=- candidate_valid=false rung=- pre_dist=-m | cache_used=false path_age=- path_points=0 planning_time_ms=0.2 | reason=no_static_obstacle_in_range | cache_reason=obstacle_gone
1787354900.421 [STATIC_AVOID] obs_id=- obs_dist=-m obs_s=- ego_s=12.05 side=- | left_clearance=- right_clearance=- candidate_valid=false rung=- pre_dist=-m | cache_used=false path_age=- path_points=0 planning_time_ms=0.1 | reason=no_static_obstacle_in_range | cache_reason=no_cache
1787354900.922 [STATIC_AVOID] obs_id=- obs_dist=-m obs_s=- ego_s=13.13 side=- | left_clearance=- right_clearance=- candidate_valid=false rung=- pre_dist=-m | cache_used=false path_age=- path_points=0 planning_time_ms=3.2 | reason=no_static_obstacle_in_range | cache_reason=no_cache
1787354901.519 [STATIC_AVOID] obs_id=- obs_dist=-m obs_s=- ego_s=14.21 side=- | left_clearance=- right_clearance=- candidate_valid=false rung=- pre_dist=-m | cache_used=false path_age=- path_points=0 planning_time_ms=0.1 | reason=no_static_obstacle_in_range | cache_reason=no_cache
1787354902.115 [STATIC_AVOID] obs_id=- obs_dist=-m obs_s=- ego_s=14.96 side=- | left_clearance=- right_clearance=- candidate_valid=false rung=- pre_dist=-m | cache_used=false path_age=- path_points=0 planning_time_ms=0.1 | reason=no_static_obstacle_in_range | cache_reason=no_cache
1787354902.723 [STATIC_AVOID] obs_id=- obs_dist=-m obs_s=- ego_s=15.84 side=- | left_clearance=- right_clearance=- candidate_valid=false rung=- pre_dist=-m | cache_used=false path_age=- path_points=0 planning_time_ms=0.1 | reason=no_static_obstacle_in_range | cache_reason=no_cache
1787354903.315 [STATIC_AVOID] obs_id=- obs_dist=-m obs_s=- ego_s=16.44 side=- | left_clearance=- right_clearance=- candidate_valid=false rung=- pre_dist=-m | cache_used=false path_age=- path_points=0 planning_time_ms=0.3 | reason=no_static_obstacle_in_range | cache_reason=no_cache
1787354903.816 [STATIC_AVOID] obs_id=- obs_dist=-m obs_s=- ego_s=16.84 side=- | left_clearance=- right_clearance=- candidate_valid=false rung=- pre_dist=-m | cache_used=false path_age=- path_points=0 planning_time_ms=0.1 | reason=no_static_obstacle_in_range | cache_reason=no_cache
1787354904.327 [STATIC_AVOID] obs_id=141 obs_dist=2.95m obs_s=19.92 ego_s=16.97 side=- | left_clearance=0.17 right_clearance=-0.11 candidate_valid=false rung=- pre_dist=2.00m | cache_used=false path_age=- path_points=0 planning_time_ms=12.1 | reason=track_too_narrow | cache_reason=no_cache
1787354904.827 [STATIC_AVOID] obs_id=141 obs_dist=2.43m obs_s=19.92 ego_s=17.50 side=LEFT | left_clearance=0.18 right_clearance=-0.12 candidate_valid=true rung=0 pre_dist=2.00m | cache_used=false path_age=0.000 path_points=101 planning_time_ms=3.9
1787354905.327 [STATIC_AVOID] obs_id=141 obs_dist=1.95m obs_s=19.91 ego_s=17.97 side=LEFT | left_clearance=0.28 right_clearance=-0.07 candidate_valid=true rung=0 pre_dist=2.00m | cache_used=false path_age=0.000 path_points=101 planning_time_ms=12.5
1787354905.923 [STATIC_AVOID] obs_id=141 obs_dist=1.93m obs_s=19.88 ego_s=17.95 side=LEFT | left_clearance=0.31 right_clearance=-0.09 candidate_valid=true rung=0 pre_dist=2.00m | cache_used=false path_age=0.000 path_points=101 planning_time_ms=7.9
1787354906.439 [STATIC_AVOID] obs_id=141 obs_dist=1.56m obs_s=19.88 ego_s=18.32 side=LEFT | left_clearance=0.31 right_clearance=-0.09 candidate_valid=true rung=0 pre_dist=2.00m | cache_used=false path_age=0.000 path_points=101 planning_time_ms=7.1
1787354907.023 [STATIC_AVOID] obs_id=141 obs_dist=1.13m obs_s=19.88 ego_s=18.75 side=LEFT | left_clearance=0.31 right_clearance=-0.09 candidate_valid=true rung=0 pre_dist=2.00m | cache_used=false path_age=0.000 path_points=101 planning_time_ms=4.8
1787354907.530 [STATIC_AVOID] obs_id=141 obs_dist=0.40m obs_s=19.88 ego_s=19.48 side=LEFT | left_clearance=0.23 right_clearance=-0.19 candidate_valid=true rung=0 pre_dist=2.06m | cache_used=false path_age=0.000 path_points=101 planning_time_ms=3.5
1787354908.047 [STATIC_AVOID] obs_id=141 obs_dist=-0.16m obs_s=19.88 ego_s=20.04 side=LEFT | left_clearance=0.23 right_clearance=-0.19 candidate_valid=true rung=0 pre_dist=2.62m | cache_used=false path_age=0.000 path_points=101 planning_time_ms=5.1
1787354908.633 [STATIC_AVOID] obs_id=141 obs_dist=-0.75m obs_s=19.88 ego_s=20.63 side=RIGHT | left_clearance=0.23 right_clearance=-0.19 candidate_valid=true rung=1 pre_dist=3.21m | cache_used=false path_age=0.000 path_points=101 planning_time_ms=17.9
1787354909.222 [STATIC_AVOID] obs_id=- obs_dist=-m obs_s=- ego_s=21.93 side=- | left_clearance=- right_clearance=- candidate_valid=false rung=- pre_dist=-m | cache_used=false path_age=- path_points=0 planning_time_ms=0.1 | reason=no_static_obstacle_in_range | cache_reason=no_cache
1787354909.732 [STATIC_AVOID] obs_id=145 obs_dist=4.52m obs_s=27.15 ego_s=22.63 side=RIGHT | left_clearance=0.12 right_clearance=-0.10 candidate_valid=true rung=1 pre_dist=4.02m | cache_used=false path_age=0.000 path_points=106 planning_time_ms=12.6
1787354910.328 [STATIC_AVOID] obs_id=145 obs_dist=3.61m obs_s=27.17 ego_s=23.57 side=RIGHT | left_clearance=0.17 right_clearance=-0.02 candidate_valid=true rung=1 pre_dist=4.05m | cache_used=false path_age=0.000 path_points=101 planning_time_ms=8.4
1787354910.922 [STATIC_AVOID] obs_id=145 obs_dist=2.09m obs_s=27.17 ego_s=25.08 side=RIGHT | left_clearance=0.17 right_clearance=-0.02 candidate_valid=false rung=- pre_dist=4.05m | cache_used=true path_age=0.197 path_points=101 planning_time_ms=6.3 | reason=track_too_narrow
1787354911.438 [STATIC_AVOID] obs_id=145 obs_dist=1.22m obs_s=27.17 ego_s=25.95 side=RIGHT | left_clearance=0.17 right_clearance=-0.02 candidate_valid=true rung=1 pre_dist=4.05m | cache_used=false path_age=0.000 path_points=101 planning_time_ms=9.9
1787354912.019 [STATIC_AVOID] obs_id=- obs_dist=-m obs_s=- ego_s=26.90 side=- | left_clearance=- right_clearance=- candidate_valid=false rung=- pre_dist=-m | cache_used=false path_age=- path_points=0 planning_time_ms=0.2 | reason=no_static_obstacle_in_range | cache_reason=obstacle_gone
1787354912.535 [STATIC_AVOID] obs_id=- obs_dist=-m obs_s=- ego_s=27.68 side=- | left_clearance=- right_clearance=- candidate_valid=false rung=- pre_dist=-m | cache_used=false path_age=- path_points=0 planning_time_ms=1.1 | reason=no_static_obstacle_in_range | cache_reason=no_cache
1787354913.119 [STATIC_AVOID] obs_id=- obs_dist=-m obs_s=- ego_s=28.46 side=- | left_clearance=- right_clearance=- candidate_valid=false rung=- pre_dist=-m | cache_used=false path_age=- path_points=0 planning_time_ms=0.1 | reason=no_static_obstacle_in_range | cache_reason=no_cache
1787354913.715 [STATIC_AVOID] obs_id=- obs_dist=-m obs_s=- ego_s=29.64 side=- | left_clearance=- right_clearance=- candidate_valid=false rung=- pre_dist=-m | cache_used=false path_age=- path_points=0 planning_time_ms=0.1 | reason=no_static_obstacle_in_range | cache_reason=no_cache
1787354914.316 [STATIC_AVOID] obs_id=- obs_dist=-m obs_s=- ego_s=30.89 side=- | left_clearance=- right_clearance=- candidate_valid=false rung=- pre_dist=-m | cache_used=false path_age=- path_points=0 planning_time_ms=0.1 | reason=no_static_obstacle_in_range | cache_reason=no_cache
1787354914.918 [STATIC_AVOID] obs_id=- obs_dist=-m obs_s=- ego_s=31.42 side=- | left_clearance=- right_clearance=- candidate_valid=false rung=- pre_dist=-m | cache_used=false path_age=- path_points=0 planning_time_ms=0.1 | reason=no_static_obstacle_in_range | cache_reason=no_cache
1787354915.518 [STATIC_AVOID] obs_id=- obs_dist=-m obs_s=- ego_s=32.15 side=- | left_clearance=- right_clearance=- candidate_valid=false rung=- pre_dist=-m | cache_used=false path_age=- path_points=0 planning_time_ms=0.1 | reason=no_static_obstacle_in_range | cache_reason=no_cache
1787354916.021 [STATIC_AVOID] obs_id=- obs_dist=-m obs_s=- ego_s=32.87 side=- | left_clearance=- right_clearance=- candidate_valid=false rung=- pre_dist=-m | cache_used=false path_age=- path_points=0 planning_time_ms=0.1 | reason=no_static_obstacle_in_range | cache_reason=no_cache
1787354916.618 [STATIC_AVOID] obs_id=- obs_dist=-m obs_s=- ego_s=33.76 side=- | left_clearance=- right_clearance=- candidate_valid=false rung=- pre_dist=-m | cache_used=false path_age=- path_points=0 planning_time_ms=0.1 | reason=no_static_obstacle_in_range | cache_reason=no_cache
1787354917.215 [STATIC_AVOID] obs_id=- obs_dist=-m obs_s=- ego_s=34.96 side=- | left_clearance=- right_clearance=- candidate_valid=false rung=- pre_dist=-m | cache_used=false path_age=- path_points=0 planning_time_ms=0.1 | reason=no_static_obstacle_in_range | cache_reason=no_cache
1787354917.715 [STATIC_AVOID] obs_id=- obs_dist=-m obs_s=- ego_s=37.11 side=- | left_clearance=- right_clearance=- candidate_valid=false rung=- pre_dist=-m | cache_used=false path_age=- path_points=0 planning_time_ms=0.1 | reason=no_static_obstacle_in_range | cache_reason=no_cache
1787354918.222 [STATIC_AVOID] obs_id=- obs_dist=-m obs_s=- ego_s=38.55 side=- | left_clearance=- right_clearance=- candidate_valid=false rung=- pre_dist=-m | cache_used=false path_age=- path_points=0 planning_time_ms=0.1 | reason=no_static_obstacle_in_range | cache_reason=no_cache
1787354918.724 [STATIC_AVOID] obs_id=153 obs_dist=4.31m obs_s=4.25 ego_s=39.46 side=LEFT | left_clearance=0.39 right_clearance=0.20 candidate_valid=true rung=0 pre_dist=3.40m | cache_used=false path_age=0.000 path_points=101 planning_time_ms=8.3
1787354919.333 [STATIC_AVOID] obs_id=153 obs_dist=3.15m obs_s=4.06 ego_s=0.90 side=LEFT | left_clearance=0.22 right_clearance=0.06 candidate_valid=false rung=- pre_dist=3.20m | cache_used=true path_age=0.117 path_points=101 planning_time_ms=7.7 | reason=obstacle_clearance
1787354919.925 [STATIC_AVOID] obs_id=153 obs_dist=1.12m obs_s=3.64 ego_s=2.52 side=LEFT | left_clearance=0.38 right_clearance=-0.04 candidate_valid=true rung=0 pre_dist=2.00m | cache_used=false path_age=0.000 path_points=101 planning_time_ms=7.8
1787354920.440 [STATIC_AVOID] obs_id=153 obs_dist=0.59m obs_s=3.62 ego_s=3.03 side=LEFT | left_clearance=0.44 right_clearance=-0.07 candidate_valid=true rung=0 pre_dist=2.00m | cache_used=false path_age=0.000 path_points=101 planning_time_ms=13.9
1787354921.036 [STATIC_AVOID] obs_id=153 obs_dist=-0.59m obs_s=3.68 ego_s=4.27 side=LEFT | left_clearance=0.26 right_clearance=0.01 candidate_valid=true rung=0 pre_dist=3.13m | cache_used=false path_age=0.000 path_points=101 planning_time_ms=7.3
1787354921.623 [STATIC_AVOID] obs_id=- obs_dist=-m obs_s=- ego_s=5.73 side=- | left_clearance=- right_clearance=- candidate_valid=false rung=- pre_dist=-m | cache_used=false path_age=- path_points=0 planning_time_ms=0.1 | reason=no_static_obstacle_in_range | cache_reason=no_cache
1787354922.228 [STATIC_AVOID] obs_id=- obs_dist=-m obs_s=- ego_s=7.68 side=- | left_clearance=- right_clearance=- candidate_valid=false rung=- pre_dist=-m | cache_used=false path_age=- path_points=0 planning_time_ms=0.1 | reason=no_static_obstacle_in_range | cache_reason=no_cache
1787354922.816 [STATIC_AVOID] obs_id=- obs_dist=-m obs_s=- ego_s=10.12 side=- | left_clearance=- right_clearance=- candidate_valid=false rung=- pre_dist=-m | cache_used=false path_age=- path_points=0 planning_time_ms=0.1 | reason=no_static_obstacle_in_range | cache_reason=no_cache
1787354923.319 [STATIC_AVOID] obs_id=- obs_dist=-m obs_s=- ego_s=11.90 side=- | left_clearance=- right_clearance=- candidate_valid=false rung=- pre_dist=-m | cache_used=false path_age=- path_points=0 planning_time_ms=0.1 | reason=no_static_obstacle_in_range | cache_reason=no_cache
1787354923.923 [STATIC_AVOID] obs_id=- obs_dist=-m obs_s=- ego_s=14.14 side=- | left_clearance=- right_clearance=- candidate_valid=false rung=- pre_dist=-m | cache_used=false path_age=- path_points=0 planning_time_ms=0.1 | reason=no_static_obstacle_in_range | cache_reason=no_cache
1787354924.529 [STATIC_AVOID] obs_id=- obs_dist=-m obs_s=- ego_s=15.97 side=- | left_clearance=- right_clearance=- candidate_valid=false rung=- pre_dist=-m | cache_used=false path_age=- path_points=0 planning_time_ms=0.1 | reason=no_static_obstacle_in_range | cache_reason=no_cache
1787354925.117 [STATIC_AVOID] obs_id=- obs_dist=-m obs_s=- ego_s=17.41 side=- | left_clearance=- right_clearance=- candidate_valid=false rung=- pre_dist=-m | cache_used=false path_age=- path_points=0 planning_time_ms=0.1 | reason=no_static_obstacle_in_range | cache_reason=no_cache
1787354925.715 [STATIC_AVOID] obs_id=- obs_dist=-m obs_s=- ego_s=18.82 side=- | left_clearance=- right_clearance=- candidate_valid=false rung=- pre_dist=-m | cache_used=false path_age=- path_points=0 planning_time_ms=0.1 | reason=no_static_obstacle_in_range | cache_reason=no_cache
1787354926.233 [STATIC_AVOID] obs_id=- obs_dist=-m obs_s=- ego_s=20.41 side=- | left_clearance=- right_clearance=- candidate_valid=false rung=- pre_dist=-m | cache_used=false path_age=- path_points=0 planning_time_ms=0.1 | reason=no_static_obstacle_in_range | cache_reason=no_cache
1787354926.815 [STATIC_AVOID] obs_id=- obs_dist=-m obs_s=- ego_s=22.47 side=- | left_clearance=- right_clearance=- candidate_valid=false rung=- pre_dist=-m | cache_used=false path_age=- path_points=0 planning_time_ms=0.1 | reason=no_static_obstacle_in_range | cache_reason=no_cache
1787354927.320 [STATIC_AVOID] obs_id=- obs_dist=-m obs_s=- ego_s=24.44 side=- | left_clearance=- right_clearance=- candidate_valid=false rung=- pre_dist=-m | cache_used=false path_age=- path_points=0 planning_time_ms=2.3 | reason=no_static_obstacle_in_range | cache_reason=no_cache
1787354927.822 [STATIC_AVOID] obs_id=- obs_dist=-m obs_s=- ego_s=26.00 side=- | left_clearance=- right_clearance=- candidate_valid=false rung=- pre_dist=-m | cache_used=false path_age=- path_points=0 planning_time_ms=0.1 | reason=no_static_obstacle_in_range | cache_reason=no_cache
1787354928.427 [STATIC_AVOID] obs_id=- obs_dist=-m obs_s=- ego_s=27.69 side=- | left_clearance=- right_clearance=- candidate_valid=false rung=- pre_dist=-m | cache_used=false path_age=- path_points=0 planning_time_ms=0.1 | reason=no_static_obstacle_in_range | cache_reason=no_cache
1787354929.045 [STATIC_AVOID] obs_id=- obs_dist=-m obs_s=- ego_s=29.60 side=- | left_clearance=- right_clearance=- candidate_valid=false rung=- pre_dist=-m | cache_used=false path_age=- path_points=0 planning_time_ms=0.1 | reason=no_static_obstacle_in_range | cache_reason=no_cache
1787354929.621 [STATIC_AVOID] obs_id=- obs_dist=-m obs_s=- ego_s=31.41 side=- | left_clearance=- right_clearance=- candidate_valid=false rung=- pre_dist=-m | cache_used=false path_age=- path_points=0 planning_time_ms=0.3 | reason=no_static_obstacle_in_range | cache_reason=no_cache
1787354930.122 [STATIC_AVOID] obs_id=- obs_dist=-m obs_s=- ego_s=32.30 side=- | left_clearance=- right_clearance=- candidate_valid=false rung=- pre_dist=-m | cache_used=false path_age=- path_points=0 planning_time_ms=0.1 | reason=no_static_obstacle_in_range | cache_reason=no_cache
1787354930.716 [STATIC_AVOID] obs_id=- obs_dist=-m obs_s=- ego_s=33.83 side=- | left_clearance=- right_clearance=- candidate_valid=false rung=- pre_dist=-m | cache_used=false path_age=- path_points=0 planning_time_ms=0.1 | reason=no_static_obstacle_in_range | cache_reason=no_cache
1787354931.220 [STATIC_AVOID] obs_id=- obs_dist=-m obs_s=- ego_s=35.98 side=- | left_clearance=- right_clearance=- candidate_valid=false rung=- pre_dist=-m | cache_used=false path_age=- path_points=0 planning_time_ms=0.1 | reason=no_static_obstacle_in_range | cache_reason=no_cache
1787354931.722 [STATIC_AVOID] obs_id=- obs_dist=-m obs_s=- ego_s=38.32 side=- | left_clearance=- right_clearance=- candidate_valid=false rung=- pre_dist=-m | cache_used=false path_age=- path_points=0 planning_time_ms=0.1 | reason=no_static_obstacle_in_range | cache_reason=no_cache
1787354932.323 [STATIC_AVOID] obs_id=- obs_dist=-m obs_s=- ego_s=1.07 side=- | left_clearance=- right_clearance=- candidate_valid=false rung=- pre_dist=-m | cache_used=false path_age=- path_points=0 planning_time_ms=1.7 | reason=no_static_obstacle_in_range | cache_reason=no_cache
1787354932.915 [STATIC_AVOID] obs_id=- obs_dist=-m obs_s=- ego_s=4.32 side=- | left_clearance=- right_clearance=- candidate_valid=false rung=- pre_dist=-m | cache_used=false path_age=- path_points=0 planning_time_ms=0.1 | reason=no_static_obstacle_in_range | cache_reason=no_cache
1787354933.425 [STATIC_AVOID] obs_id=- obs_dist=-m obs_s=- ego_s=6.45 side=- | left_clearance=- right_clearance=- candidate_valid=false rung=- pre_dist=-m | cache_used=false path_age=- path_points=0 planning_time_ms=0.1 | reason=no_static_obstacle_in_range | cache_reason=no_cache
1787354933.925 [STATIC_AVOID] obs_id=- obs_dist=-m obs_s=- ego_s=8.14 side=- | left_clearance=- right_clearance=- candidate_valid=false rung=- pre_dist=-m | cache_used=false path_age=- path_points=0 planning_time_ms=0.1 | reason=no_static_obstacle_in_range | cache_reason=no_cache
1787354934.515 [STATIC_AVOID] obs_id=- obs_dist=-m obs_s=- ego_s=10.07 side=- | left_clearance=- right_clearance=- candidate_valid=false rung=- pre_dist=-m | cache_used=false path_age=- path_points=0 planning_time_ms=0.1 | reason=no_static_obstacle_in_range | cache_reason=no_cache
1787354935.021 [STATIC_AVOID] obs_id=- obs_dist=-m obs_s=- ego_s=11.71 side=- | left_clearance=- right_clearance=- candidate_valid=false rung=- pre_dist=-m | cache_used=false path_age=- path_points=0 planning_time_ms=0.1 | reason=no_static_obstacle_in_range | cache_reason=no_cache
1787354935.620 [STATIC_AVOID] obs_id=- obs_dist=-m obs_s=- ego_s=13.83 side=- | left_clearance=- right_clearance=- candidate_valid=false rung=- pre_dist=-m | cache_used=false path_age=- path_points=0 planning_time_ms=0.1 | reason=no_static_obstacle_in_range | cache_reason=no_cache
1787354936.127 [STATIC_AVOID] obs_id=162 obs_dist=1.75m obs_s=16.95 ego_s=15.20 side=RIGHT | left_clearance=-0.14 right_clearance=0.27 candidate_valid=true rung=0 pre_dist=2.28m | cache_used=false path_age=0.000 path_points=101 planning_time_ms=5.4
1787354936.727 [STATIC_AVOID] obs_id=162 obs_dist=0.78m obs_s=16.95 ego_s=16.17 side=RIGHT | left_clearance=-0.13 right_clearance=0.30 candidate_valid=true rung=0 pre_dist=2.28m | cache_used=false path_age=0.000 path_points=101 planning_time_ms=4.5
1787354937.227 [STATIC_AVOID] obs_id=162 obs_dist=0.05m obs_s=16.95 ego_s=16.90 side=RIGHT | left_clearance=-0.13 right_clearance=0.30 candidate_valid=true rung=0 pre_dist=2.73m | cache_used=false path_age=0.000 path_points=101 planning_time_ms=8.0
1787354937.822 [STATIC_AVOID] obs_id=162 obs_dist=0.03m obs_s=16.95 ego_s=16.92 side=RIGHT | left_clearance=-0.13 right_clearance=0.30 candidate_valid=true rung=0 pre_dist=2.75m | cache_used=false path_age=0.000 path_points=101 planning_time_ms=7.4
1787354938.325 [STATIC_AVOID] obs_id=- obs_dist=-m obs_s=- ego_s=16.86 side=- | left_clearance=- right_clearance=- candidate_valid=false rung=- pre_dist=-m | cache_used=false path_age=- path_points=0 planning_time_ms=0.2 | reason=no_static_obstacle_in_range | cache_reason=obstacle_gone
1787354938.916 [STATIC_AVOID] obs_id=- obs_dist=-m obs_s=- ego_s=16.89 side=- | left_clearance=- right_clearance=- candidate_valid=false rung=- pre_dist=-m | cache_used=false path_age=- path_points=0 planning_time_ms=0.1 | reason=no_static_obstacle_in_range | cache_reason=no_cache
1787354939.522 [STATIC_AVOID] obs_id=- obs_dist=-m obs_s=- ego_s=16.89 side=- | left_clearance=- right_clearance=- candidate_valid=false rung=- pre_dist=-m | cache_used=false path_age=- path_points=0 planning_time_ms=0.1 | reason=no_static_obstacle_in_range | cache_reason=no_cache
1787354940.027 [STATIC_AVOID] obs_id=- obs_dist=-m obs_s=- ego_s=16.90 side=- | left_clearance=- right_clearance=- candidate_valid=false rung=- pre_dist=-m | cache_used=false path_age=- path_points=0 planning_time_ms=0.1 | reason=no_static_obstacle_in_range | cache_reason=no_cache
1787354940.622 [STATIC_AVOID] obs_id=- obs_dist=-m obs_s=- ego_s=16.88 side=- | left_clearance=- right_clearance=- candidate_valid=false rung=- pre_dist=-m | cache_used=false path_age=- path_points=0 planning_time_ms=0.1 | reason=no_static_obstacle_in_range | cache_reason=no_cache
1787354941.226 [STATIC_AVOID] obs_id=- obs_dist=-m obs_s=- ego_s=16.87 side=- | left_clearance=- right_clearance=- candidate_valid=false rung=- pre_dist=-m | cache_used=false path_age=- path_points=0 planning_time_ms=0.1 | reason=no_static_obstacle_in_range | cache_reason=no_cache
1787354941.818 [STATIC_AVOID] obs_id=- obs_dist=-m obs_s=- ego_s=17.23 side=- | left_clearance=- right_clearance=- candidate_valid=false rung=- pre_dist=-m | cache_used=false path_age=- path_points=0 planning_time_ms=0.1 | reason=no_static_obstacle_in_range | cache_reason=no_cache
1787354942.423 [STATIC_AVOID] obs_id=- obs_dist=-m obs_s=- ego_s=18.40 side=- | left_clearance=- right_clearance=- candidate_valid=false rung=- pre_dist=-m | cache_used=false path_age=- path_points=0 planning_time_ms=0.1 | reason=no_static_obstacle_in_range | cache_reason=no_cache
1787354943.026 [STATIC_AVOID] obs_id=- obs_dist=-m obs_s=- ego_s=19.99 side=- | left_clearance=- right_clearance=- candidate_valid=false rung=- pre_dist=-m | cache_used=false path_age=- path_points=0 planning_time_ms=0.1 | reason=no_static_obstacle_in_range | cache_reason=no_cache
1787354943.530 [STATIC_AVOID] obs_id=- obs_dist=-m obs_s=- ego_s=21.72 side=- | left_clearance=- right_clearance=- candidate_valid=false rung=- pre_dist=-m | cache_used=false path_age=- path_points=0 planning_time_ms=0.1 | reason=no_static_obstacle_in_range | cache_reason=no_cache
1787354944.115 [STATIC_AVOID] obs_id=- obs_dist=-m obs_s=- ego_s=23.81 side=- | left_clearance=- right_clearance=- candidate_valid=false rung=- pre_dist=-m | cache_used=false path_age=- path_points=0 planning_time_ms=0.1 | reason=no_static_obstacle_in_range | cache_reason=no_cache
1787354944.627 [STATIC_AVOID] obs_id=- obs_dist=-m obs_s=- ego_s=25.48 side=- | left_clearance=- right_clearance=- candidate_valid=false rung=- pre_dist=-m | cache_used=false path_age=- path_points=0 planning_time_ms=0.2 | reason=no_static_obstacle_in_range | cache_reason=no_cache
1787354945.226 [STATIC_AVOID] obs_id=- obs_dist=-m obs_s=- ego_s=27.15 side=- | left_clearance=- right_clearance=- candidate_valid=false rung=- pre_dist=-m | cache_used=false path_age=- path_points=0 planning_time_ms=0.1 | reason=no_static_obstacle_in_range | cache_reason=no_cache
1787354945.821 [STATIC_AVOID] obs_id=- obs_dist=-m obs_s=- ego_s=29.06 side=- | left_clearance=- right_clearance=- candidate_valid=false rung=- pre_dist=-m | cache_used=false path_age=- path_points=0 planning_time_ms=0.1 | reason=no_static_obstacle_in_range | cache_reason=no_cache
1787354946.415 [STATIC_AVOID] obs_id=- obs_dist=-m obs_s=- ego_s=30.95 side=- | left_clearance=- right_clearance=- candidate_valid=false rung=- pre_dist=-m | cache_used=false path_age=- path_points=0 planning_time_ms=0.1 | reason=no_static_obstacle_in_range | cache_reason=no_cache
1787354946.930 [STATIC_AVOID] obs_id=- obs_dist=-m obs_s=- ego_s=31.99 side=- | left_clearance=- right_clearance=- candidate_valid=false rung=- pre_dist=-m | cache_used=false path_age=- path_points=0 planning_time_ms=0.1 | reason=no_static_obstacle_in_range | cache_reason=no_cache
1787354947.531 [STATIC_AVOID] obs_id=- obs_dist=-m obs_s=- ego_s=33.77 side=- | left_clearance=- right_clearance=- candidate_valid=false rung=- pre_dist=-m | cache_used=false path_age=- path_points=0 planning_time_ms=0.2 | reason=no_static_obstacle_in_range | cache_reason=no_cache
1787354948.124 [STATIC_AVOID] obs_id=168 obs_dist=4.07m obs_s=0.51 ego_s=35.96 side=LEFT | left_clearance=0.79 right_clearance=-0.28 candidate_valid=true rung=0 pre_dist=4.07m | cache_used=false path_age=0.000 path_points=114 planning_time_ms=9.5
1787354948.720 [STATIC_AVOID] obs_id=- obs_dist=-m obs_s=- ego_s=38.67 side=- | left_clearance=- right_clearance=- candidate_valid=false rung=- pre_dist=-m | cache_used=false path_age=- path_points=0 planning_time_ms=0.1 | reason=no_static_obstacle_in_range | cache_reason=no_cache
1787354949.225 [STATIC_AVOID] obs_id=- obs_dist=-m obs_s=- ego_s=0.31 side=- | left_clearance=- right_clearance=- candidate_valid=false rung=- pre_dist=-m | cache_used=false path_age=- path_points=0 planning_time_ms=0.1 | reason=no_static_obstacle_in_range | cache_reason=no_cache
1787354949.817 [STATIC_AVOID] obs_id=- obs_dist=-m obs_s=- ego_s=1.25 side=- | left_clearance=- right_clearance=- candidate_valid=false rung=- pre_dist=-m | cache_used=false path_age=- path_points=0 planning_time_ms=0.1 | reason=no_static_obstacle_in_range | cache_reason=no_cache
1787354950.415 [STATIC_AVOID] obs_id=- obs_dist=-m obs_s=- ego_s=1.48 side=- | left_clearance=- right_clearance=- candidate_valid=false rung=- pre_dist=-m | cache_used=false path_age=- path_points=0 planning_time_ms=0.1 | reason=no_static_obstacle_in_range | cache_reason=no_cache
1787354950.941 [STATIC_AVOID] obs_id=171 obs_dist=1.67m obs_s=3.83 ego_s=2.15 side=LEFT | left_clearance=0.70 right_clearance=-0.06 candidate_valid=true rung=0 pre_dist=2.10m | cache_used=false path_age=0.000 path_points=101 planning_time_ms=15.8
1787354951.532 [STATIC_AVOID] obs_id=171 obs_dist=1.57m obs_s=3.78 ego_s=2.21 side=LEFT | left_clearance=0.70 right_clearance=-0.07 candidate_valid=true rung=0 pre_dist=2.05m | cache_used=false path_age=0.000 path_points=101 planning_time_ms=3.5
1787354952.120 [STATIC_AVOID] obs_id=171 obs_dist=1.51m obs_s=3.69 ego_s=2.18 side=LEFT | left_clearance=0.70 right_clearance=-0.08 candidate_valid=true rung=0 pre_dist=2.00m | cache_used=false path_age=0.000 path_points=101 planning_time_ms=5.1
1787354952.623 [STATIC_AVOID] obs_id=171 obs_dist=1.51m obs_s=3.65 ego_s=2.15 side=LEFT | left_clearance=0.70 right_clearance=-0.08 candidate_valid=true rung=0 pre_dist=2.00m | cache_used=false path_age=0.000 path_points=101 planning_time_ms=8.8
1787354953.221 [STATIC_AVOID] obs_id=171 obs_dist=1.38m obs_s=3.62 ego_s=2.24 side=LEFT | left_clearance=0.70 right_clearance=-0.08 candidate_valid=true rung=0 pre_dist=2.00m | cache_used=false path_age=0.000 path_points=101 planning_time_ms=5.5
1787354953.824 [STATIC_AVOID] obs_id=171 obs_dist=1.34m obs_s=3.64 ego_s=2.29 side=LEFT | left_clearance=0.70 right_clearance=-0.08 candidate_valid=false rung=- pre_dist=2.00m | cache_used=false path_age=- path_points=0 planning_time_ms=9.7 | reason=obstacle_clearance | cache_reason=no_cache
1787354954.345 [STATIC_AVOID] obs_id=171 obs_dist=1.34m obs_s=3.64 ego_s=2.31 side=LEFT | left_clearance=0.70 right_clearance=-0.08 candidate_valid=false rung=- pre_dist=2.00m | cache_used=false path_age=- path_points=0 planning_time_ms=13.6 | reason=obstacle_clearance | cache_reason=cache_collision
1787354954.932 [STATIC_AVOID] obs_id=171 obs_dist=1.27m obs_s=3.66 ego_s=2.39 side=LEFT | left_clearance=0.71 right_clearance=-0.07 candidate_valid=true rung=0 pre_dist=2.00m | cache_used=false path_age=0.000 path_points=101 planning_time_ms=11.6
1787354955.523 [STATIC_AVOID] obs_id=171 obs_dist=0.57m obs_s=3.67 ego_s=3.10 side=LEFT | left_clearance=0.59 right_clearance=-0.20 candidate_valid=true rung=0 pre_dist=2.00m | cache_used=false path_age=0.000 path_points=101 planning_time_ms=8.6
1787354956.124 [STATIC_AVOID] obs_id=171 obs_dist=-0.35m obs_s=3.78 ego_s=4.13 side=LEFT | left_clearance=0.67 right_clearance=-0.12 candidate_valid=true rung=0 pre_dist=2.17m | cache_used=false path_age=0.000 path_points=101 planning_time_ms=6.6
1787354956.716 [STATIC_AVOID] obs_id=- obs_dist=-m obs_s=- ego_s=5.28 side=- | left_clearance=- right_clearance=- candidate_valid=false rung=- pre_dist=-m | cache_used=false path_age=- path_points=0 planning_time_ms=0.2 | reason=no_static_obstacle_in_range | cache_reason=no_cache
1787354957.220 [STATIC_AVOID] obs_id=- obs_dist=-m obs_s=- ego_s=6.54 side=- | left_clearance=- right_clearance=- candidate_valid=false rung=- pre_dist=-m | cache_used=false path_age=- path_points=0 planning_time_ms=0.1 | reason=no_static_obstacle_in_range | cache_reason=no_cache
1787354957.819 [STATIC_AVOID] obs_id=- obs_dist=-m obs_s=- ego_s=8.81 side=- | left_clearance=- right_clearance=- candidate_valid=false rung=- pre_dist=-m | cache_used=false path_age=- path_points=0 planning_time_ms=0.2 | reason=no_static_obstacle_in_range | cache_reason=no_cache
1787354958.416 [STATIC_AVOID] obs_id=- obs_dist=-m obs_s=- ego_s=11.10 side=- | left_clearance=- right_clearance=- candidate_valid=false rung=- pre_dist=-m | cache_used=false path_age=- path_points=0 planning_time_ms=0.1 | reason=no_static_obstacle_in_range | cache_reason=no_cache
1787354958.930 [STATIC_AVOID] obs_id=172 obs_dist=1.57m obs_s=14.42 ego_s=12.85 side=LEFT | left_clearance=-0.06 right_clearance=0.16 candidate_valid=true rung=1 pre_dist=2.00m | cache_used=false path_age=0.000 path_points=101 planning_time_ms=14.7
1787354959.549 [STATIC_AVOID] obs_id=172 obs_dist=0.06m obs_s=14.47 ego_s=14.41 side=RIGHT | left_clearance=-0.23 right_clearance=0.09 candidate_valid=true rung=0 pre_dist=2.49m | cache_used=false path_age=0.000 path_points=101 planning_time_ms=3.4
1787354960.116 [STATIC_AVOID] obs_id=- obs_dist=-m obs_s=- ego_s=15.55 side=- | left_clearance=- right_clearance=- candidate_valid=false rung=- pre_dist=-m | cache_used=false path_age=- path_points=0 planning_time_ms=0.1 | reason=no_static_obstacle_in_range | cache_reason=no_cache
1787354960.629 [STATIC_AVOID] obs_id=- obs_dist=-m obs_s=- ego_s=15.37 side=- | left_clearance=- right_clearance=- candidate_valid=false rung=- pre_dist=-m | cache_used=false path_age=- path_points=0 planning_time_ms=1.3 | reason=no_static_obstacle_in_range | cache_reason=no_cache
1787354961.215 [STATIC_AVOID] obs_id=- obs_dist=-m obs_s=- ego_s=15.63 side=- | left_clearance=- right_clearance=- candidate_valid=false rung=- pre_dist=-m | cache_used=false path_age=- path_points=0 planning_time_ms=0.1 | reason=no_static_obstacle_in_range | cache_reason=no_cache
1787354961.722 [STATIC_AVOID] obs_id=173 obs_dist=1.16m obs_s=16.90 ego_s=15.74 side=RIGHT | left_clearance=-0.08 right_clearance=0.16 candidate_valid=false rung=- pre_dist=2.05m | cache_used=false path_age=- path_points=0 planning_time_ms=6.9 | reason=obstacle_clearance | cache_reason=no_cache
1787354962.227 [STATIC_AVOID] obs_id=173 obs_dist=0.80m obs_s=16.86 ego_s=16.07 side=RIGHT | left_clearance=-0.09 right_clearance=0.17 candidate_valid=true rung=0 pre_dist=2.01m | cache_used=false path_age=0.000 path_points=101 planning_time_ms=11.3
1787354962.745 [STATIC_AVOID] obs_id=173 obs_dist=0.57m obs_s=16.86 ego_s=16.30 side=RIGHT | left_clearance=-0.09 right_clearance=-0.11 candidate_valid=false rung=- pre_dist=2.00m | cache_used=false path_age=- path_points=0 planning_time_ms=21.2 | reason=group_track_too_narrow | cache_reason=no_cache
1787354963.319 [STATIC_AVOID] obs_id=173 obs_dist=0.47m obs_s=16.86 ego_s=16.40 side=RIGHT | left_clearance=-0.09 right_clearance=-0.15 candidate_valid=false rung=- pre_dist=2.03m | cache_used=false path_age=- path_points=0 planning_time_ms=4.5 | reason=group_track_too_narrow | cache_reason=no_cache
1787354963.829 [STATIC_AVOID] obs_id=173 obs_dist=0.47m obs_s=16.86 ego_s=16.40 side=RIGHT | left_clearance=-0.09 right_clearance=-0.15 candidate_valid=false rung=- pre_dist=2.03m | cache_used=false path_age=- path_points=0 planning_time_ms=4.0 | reason=group_track_too_narrow | cache_reason=no_cache
1787354964.421 [STATIC_AVOID] obs_id=176 obs_dist=1.60m obs_s=18.01 ego_s=16.41 side=LEFT | left_clearance=0.20 right_clearance=-0.15 candidate_valid=true rung=0 pre_dist=2.00m | cache_used=false path_age=0.000 path_points=101 planning_time_ms=3.6
1787354964.926 [STATIC_AVOID] obs_id=176 obs_dist=1.42m obs_s=18.01 ego_s=16.59 side=LEFT | left_clearance=0.20 right_clearance=-0.15 candidate_valid=false rung=- pre_dist=2.00m | cache_used=true path_age=0.109 path_points=101 planning_time_ms=3.8 | reason=obstacle_clearance
1787354965.524 [STATIC_AVOID] obs_id=- obs_dist=-m obs_s=- ego_s=17.66 side=- | left_clearance=- right_clearance=- candidate_valid=false rung=- pre_dist=-m | cache_used=false path_age=- path_points=0 planning_time_ms=0.1 | reason=no_static_obstacle_in_range | cache_reason=no_cache
1787354966.115 [STATIC_AVOID] obs_id=- obs_dist=-m obs_s=- ego_s=18.72 side=- | left_clearance=- right_clearance=- candidate_valid=false rung=- pre_dist=-m | cache_used=false path_age=- path_points=0 planning_time_ms=0.1 | reason=no_static_obstacle_in_range | cache_reason=no_cache
1787354966.716 [STATIC_AVOID] obs_id=- obs_dist=-m obs_s=- ego_s=20.18 side=- | left_clearance=- right_clearance=- candidate_valid=false rung=- pre_dist=-m | cache_used=false path_age=- path_points=0 planning_time_ms=0.1 | reason=no_static_obstacle_in_range | cache_reason=no_cache
1787354967.235 [STATIC_AVOID] obs_id=191 obs_dist=3.47m obs_s=25.24 ego_s=21.77 side=LEFT | left_clearance=0.28 right_clearance=-0.16 candidate_valid=true rung=2 pre_dist=3.47m | cache_used=false path_age=0.000 path_points=122 planning_time_ms=20.4
1787354967.815 [STATIC_AVOID] obs_id=- obs_dist=-m obs_s=- ego_s=24.06 side=- | left_clearance=- right_clearance=- candidate_valid=false rung=- pre_dist=-m | cache_used=false path_age=- path_points=0 planning_time_ms=0.1 | reason=no_static_obstacle_in_range | cache_reason=no_cache
1787354968.315 [STATIC_AVOID] obs_id=- obs_dist=-m obs_s=- ego_s=24.85 side=- | left_clearance=- right_clearance=- candidate_valid=false rung=- pre_dist=-m | cache_used=false path_age=- path_points=0 planning_time_ms=0.1 | reason=no_static_obstacle_in_range | cache_reason=no_cache
1787354968.824 [STATIC_AVOID] obs_id=- obs_dist=-m obs_s=- ego_s=25.03 side=- | left_clearance=- right_clearance=- candidate_valid=false rung=- pre_dist=-m | cache_used=false path_age=- path_points=0 planning_time_ms=0.1 | reason=no_static_obstacle_in_range | cache_reason=no_cache
1787354969.419 [STATIC_AVOID] obs_id=- obs_dist=-m obs_s=- ego_s=25.77 side=- | left_clearance=- right_clearance=- candidate_valid=false rung=- pre_dist=-m | cache_used=false path_age=- path_points=0 planning_time_ms=0.2 | reason=no_static_obstacle_in_range | cache_reason=no_cache
1787354970.023 [STATIC_AVOID] obs_id=- obs_dist=-m obs_s=- ego_s=26.76 side=- | left_clearance=- right_clearance=- candidate_valid=false rung=- pre_dist=-m | cache_used=false path_age=- path_points=0 planning_time_ms=0.1 | reason=no_static_obstacle_in_range | cache_reason=no_cache
1787354970.525 [STATIC_AVOID] obs_id=- obs_dist=-m obs_s=- ego_s=27.55 side=- | left_clearance=- right_clearance=- candidate_valid=false rung=- pre_dist=-m | cache_used=false path_age=- path_points=0 planning_time_ms=0.1 | reason=no_static_obstacle_in_range | cache_reason=no_cache
1787354971.036 [STATIC_AVOID] obs_id=- obs_dist=-m obs_s=- ego_s=28.46 side=- | left_clearance=- right_clearance=- candidate_valid=false rung=- pre_dist=-m | cache_used=false path_age=- path_points=0 planning_time_ms=6.3 | reason=no_static_obstacle_in_range | cache_reason=no_cache
1787354971.616 [STATIC_AVOID] obs_id=- obs_dist=-m obs_s=- ego_s=29.27 side=- | left_clearance=- right_clearance=- candidate_valid=false rung=- pre_dist=-m | cache_used=false path_age=- path_points=0 planning_time_ms=0.1 | reason=no_static_obstacle_in_range | cache_reason=no_cache
1787354972.121 [STATIC_AVOID] obs_id=- obs_dist=-m obs_s=- ego_s=29.71 side=- | left_clearance=- right_clearance=- candidate_valid=false rung=- pre_dist=-m | cache_used=false path_age=- path_points=0 planning_time_ms=0.1 | reason=no_static_obstacle_in_range | cache_reason=no_cache
1787354972.723 [STATIC_AVOID] obs_id=- obs_dist=-m obs_s=- ego_s=30.38 side=- | left_clearance=- right_clearance=- candidate_valid=false rung=- pre_dist=-m | cache_used=false path_age=- path_points=0 planning_time_ms=0.1 | reason=no_static_obstacle_in_range | cache_reason=no_cache
1787354973.316 [STATIC_AVOID] obs_id=- obs_dist=-m obs_s=- ego_s=30.88 side=- | left_clearance=- right_clearance=- candidate_valid=false rung=- pre_dist=-m | cache_used=false path_age=- path_points=0 planning_time_ms=0.1 | reason=no_static_obstacle_in_range | cache_reason=no_cache
1787354973.915 [STATIC_AVOID] obs_id=- obs_dist=-m obs_s=- ego_s=31.45 side=- | left_clearance=- right_clearance=- candidate_valid=false rung=- pre_dist=-m | cache_used=false path_age=- path_points=0 planning_time_ms=0.1 | reason=no_static_obstacle_in_range | cache_reason=no_cache
1787354974.425 [STATIC_AVOID] obs_id=- obs_dist=-m obs_s=- ego_s=32.05 side=- | left_clearance=- right_clearance=- candidate_valid=false rung=- pre_dist=-m | cache_used=false path_age=- path_points=0 planning_time_ms=0.2 | reason=no_static_obstacle_in_range | cache_reason=no_cache
1787354975.025 [STATIC_AVOID] obs_id=- obs_dist=-m obs_s=- ego_s=32.78 side=- | left_clearance=- right_clearance=- candidate_valid=false rung=- pre_dist=-m | cache_used=false path_age=- path_points=0 planning_time_ms=0.1 | reason=no_static_obstacle_in_range | cache_reason=no_cache
1787354975.531 [STATIC_AVOID] obs_id=- obs_dist=-m obs_s=- ego_s=33.60 side=- | left_clearance=- right_clearance=- candidate_valid=false rung=- pre_dist=-m | cache_used=false path_age=- path_points=0 planning_time_ms=0.2 | reason=no_static_obstacle_in_range | cache_reason=no_cache
1787354976.115 [STATIC_AVOID] obs_id=- obs_dist=-m obs_s=- ego_s=34.82 side=- | left_clearance=- right_clearance=- candidate_valid=false rung=- pre_dist=-m | cache_used=false path_age=- path_points=0 planning_time_ms=0.1 | reason=no_static_obstacle_in_range | cache_reason=no_cache
1787354976.715 [STATIC_AVOID] obs_id=- obs_dist=-m obs_s=- ego_s=36.57 side=- | left_clearance=- right_clearance=- candidate_valid=false rung=- pre_dist=-m | cache_used=false path_age=- path_points=0 planning_time_ms=0.1 | reason=no_static_obstacle_in_range | cache_reason=no_cache
1787354977.322 [STATIC_AVOID] obs_id=- obs_dist=-m obs_s=- ego_s=38.13 side=- | left_clearance=- right_clearance=- candidate_valid=false rung=- pre_dist=-m | cache_used=false path_age=- path_points=0 planning_time_ms=0.1 | reason=no_static_obstacle_in_range | cache_reason=no_cache
1787354977.920 [STATIC_AVOID] obs_id=- obs_dist=-m obs_s=- ego_s=38.75 side=- | left_clearance=- right_clearance=- candidate_valid=false rung=- pre_dist=-m | cache_used=false path_age=- path_points=0 planning_time_ms=0.8 | reason=no_static_obstacle_in_range | cache_reason=no_cache
1787354978.424 [STATIC_AVOID] obs_id=- obs_dist=-m obs_s=- ego_s=39.00 side=- | left_clearance=- right_clearance=- candidate_valid=false rung=- pre_dist=-m | cache_used=false path_age=- path_points=0 planning_time_ms=0.1 | reason=no_static_obstacle_in_range | cache_reason=no_cache
1787354979.021 [STATIC_AVOID] obs_id=- obs_dist=-m obs_s=- ego_s=38.77 side=- | left_clearance=- right_clearance=- candidate_valid=false rung=- pre_dist=-m | cache_used=false path_age=- path_points=0 planning_time_ms=0.1 | reason=no_static_obstacle_in_range | cache_reason=no_cache
1787354979.627 [STATIC_AVOID] obs_id=191 obs_dist=2.53m obs_s=1.52 ego_s=38.51 side=LEFT | left_clearance=0.38 right_clearance=-0.12 candidate_valid=true rung=0 pre_dist=2.00m | cache_used=false path_age=0.000 path_points=101 planning_time_ms=9.8
1787354980.221 [STATIC_AVOID] obs_id=191 obs_dist=2.52m obs_s=1.55 ego_s=38.55 side=LEFT | left_clearance=0.43 right_clearance=-0.11 candidate_valid=true rung=0 pre_dist=2.00m | cache_used=false path_age=0.000 path_points=101 planning_time_ms=4.6
1787354980.728 [STATIC_AVOID] obs_id=202 obs_dist=2.41m obs_s=1.60 ego_s=38.71 side=LEFT | left_clearance=0.53 right_clearance=-0.11 candidate_valid=true rung=0 pre_dist=2.00m | cache_used=false path_age=0.000 path_points=101 planning_time_ms=6.3
1787354981.327 [STATIC_AVOID] obs_id=202 obs_dist=2.21m obs_s=1.60 ego_s=38.90 side=LEFT | left_clearance=0.53 right_clearance=-0.11 candidate_valid=true rung=0 pre_dist=2.00m | cache_used=false path_age=0.000 path_points=101 planning_time_ms=5.2
1787354981.827 [STATIC_AVOID] obs_id=202 obs_dist=2.18m obs_s=1.60 ego_s=38.94 side=LEFT | left_clearance=0.53 right_clearance=-0.11 candidate_valid=true rung=2 pre_dist=2.00m | cache_used=false path_age=0.000 path_points=101 planning_time_ms=11.8
1787354982.427 [STATIC_AVOID] obs_id=- obs_dist=-m obs_s=- ego_s=39.23 side=- | left_clearance=- right_clearance=- candidate_valid=false rung=- pre_dist=-m | cache_used=false path_age=- path_points=0 planning_time_ms=0.1 | reason=no_static_obstacle_in_range | cache_reason=no_cache
1787354983.029 [STATIC_AVOID] obs_id=209 obs_dist=0.81m obs_s=1.65 ego_s=0.84 side=LEFT | left_clearance=0.73 right_clearance=-0.38 candidate_valid=true rung=0 pre_dist=2.00m | cache_used=false path_age=0.000 path_points=101 planning_time_ms=7.4
1787354983.639 [STATIC_AVOID] obs_id=209 obs_dist=-0.87m obs_s=1.64 ego_s=2.51 side=LEFT | left_clearance=0.82 right_clearance=-0.29 candidate_valid=true rung=0 pre_dist=3.31m | cache_used=false path_age=0.000 path_points=101 planning_time_ms=12.2
1787354984.226 [STATIC_AVOID] obs_id=- obs_dist=-m obs_s=- ego_s=3.00 side=- | left_clearance=- right_clearance=- candidate_valid=false rung=- pre_dist=-m | cache_used=false path_age=- path_points=0 planning_time_ms=0.1 | reason=no_static_obstacle_in_range | cache_reason=no_cache
1787354984.815 [STATIC_AVOID] obs_id=- obs_dist=-m obs_s=- ego_s=2.85 side=- | left_clearance=- right_clearance=- candidate_valid=false rung=- pre_dist=-m | cache_used=false path_age=- path_points=0 planning_time_ms=0.1 | reason=no_static_obstacle_in_range | cache_reason=no_cache
1787354985.421 [STATIC_AVOID] obs_id=- obs_dist=-m obs_s=- ego_s=3.82 side=- | left_clearance=- right_clearance=- candidate_valid=false rung=- pre_dist=-m | cache_used=false path_age=- path_points=0 planning_time_ms=0.1 | reason=no_static_obstacle_in_range | cache_reason=no_cache
1787354986.028 [STATIC_AVOID] obs_id=209 obs_dist=-0.77m obs_s=1.67 ego_s=2.44 side=- | left_clearance=0.68 right_clearance=-0.41 candidate_valid=false rung=- pre_dist=2.00m | cache_used=false path_age=- path_points=0 planning_time_ms=9.8 | reason=map_occupied | cache_reason=no_cache
1787354986.539 [STATIC_AVOID] obs_id=209 obs_dist=-0.44m obs_s=1.67 ego_s=2.11 side=- | left_clearance=0.68 right_clearance=-0.41 candidate_valid=false rung=- pre_dist=2.00m | cache_used=false path_age=- path_points=0 planning_time_ms=4.9 | reason=map_occupied | cache_reason=no_cache
1787354987.115 [STATIC_AVOID] obs_id=- obs_dist=-m obs_s=- ego_s=3.03 side=- | left_clearance=- right_clearance=- candidate_valid=false rung=- pre_dist=-m | cache_used=false path_age=- path_points=0 planning_time_ms=0.1 | reason=no_static_obstacle_in_range | cache_reason=no_cache
1787354987.618 [STATIC_AVOID] obs_id=- obs_dist=-m obs_s=- ego_s=2.91 side=- | left_clearance=- right_clearance=- candidate_valid=false rung=- pre_dist=-m | cache_used=false path_age=- path_points=0 planning_time_ms=0.1 | reason=no_static_obstacle_in_range | cache_reason=no_cache
1787354988.215 [STATIC_AVOID] obs_id=- obs_dist=-m obs_s=- ego_s=3.39 side=- | left_clearance=- right_clearance=- candidate_valid=false rung=- pre_dist=-m | cache_used=false path_age=- path_points=0 planning_time_ms=0.1 | reason=no_static_obstacle_in_range | cache_reason=no_cache
1787354988.818 [STATIC_AVOID] obs_id=- obs_dist=-m obs_s=- ego_s=3.47 side=- | left_clearance=- right_clearance=- candidate_valid=false rung=- pre_dist=-m | cache_used=false path_age=- path_points=0 planning_time_ms=0.1 | reason=no_static_obstacle_in_range | cache_reason=no_cache
1787354989.423 [STATIC_AVOID] obs_id=- obs_dist=-m obs_s=- ego_s=3.49 side=- | left_clearance=- right_clearance=- candidate_valid=false rung=- pre_dist=-m | cache_used=false path_age=- path_points=0 planning_time_ms=0.1 | reason=no_static_obstacle_in_range | cache_reason=no_cache
1787354990.046 [STATIC_AVOID] obs_id=- obs_dist=-m obs_s=- ego_s=3.40 side=- | left_clearance=- right_clearance=- candidate_valid=false rung=- pre_dist=-m | cache_used=false path_age=- path_points=0 planning_time_ms=0.1 | reason=no_static_obstacle_in_range | cache_reason=no_cache
1787354990.625 [STATIC_AVOID] obs_id=- obs_dist=-m obs_s=- ego_s=3.44 side=- | left_clearance=- right_clearance=- candidate_valid=false rung=- pre_dist=-m | cache_used=false path_age=- path_points=0 planning_time_ms=0.1 | reason=no_static_obstacle_in_range | cache_reason=no_cache
1787354991.217 [STATIC_AVOID] obs_id=- obs_dist=-m obs_s=- ego_s=3.50 side=- | left_clearance=- right_clearance=- candidate_valid=false rung=- pre_dist=-m | cache_used=false path_age=- path_points=0 planning_time_ms=0.1 | reason=no_static_obstacle_in_range | cache_reason=no_cache
