top - 11:34:43 up 22 min,  8 users,  load average: 4.77, 3.55, 3.59
Tasks: 408 total,  21 running, 387 sleeping,   0 stopped,   0 zombie
%Cpu(s): 77.7 us, 19.3 sy,  0.0 ni,  0.0 id,  0.0 wa,  1.3 hi,  1.7 si,  0.0 st
MiB Mem :   7607.4 total,   2488.7 free,   2712.4 used,   2406.3 buff/cache
MiB Swap:   3803.7 total,   3803.2 free,      0.5 used.   4624.5 avail Mem 

    PID USER      PR  NI    VIRT    RES    SHR S  %CPU  %MEM     TIME+ COMMAND
  19342 fcsl      20   0  479508  42332  18476 R  48.3   0.5   0:00.59 /home/fcsl/miniforge3/envs/thirdimpact/bin/python3.12 /home/fcsl/roboracer_ws/install/spliner/lib/spliner/start_spline_node_v2 --ros-args -r __node:=start_planner
  19297 fcsl      20   0  752800  51300  22172 R  44.8   0.7   0:00.70 /home/fcsl/miniforge3/envs/thirdimpact/bin/python3.12 /home/fcsl/roboracer_ws/install/overtaking_sector_tuner/lib/overtaking_sector_tuner/ot_interpolator --ros-args -r __node:=ot_sector_tuner --params-file /home/fcsl/roboracer_ws/install/stack_master/share/stack_master/maps/0815test3/ot_sectors.yaml --params-file /tmp/launch_params_ti68gs7d
  19251 fcsl      20   0  867988  46908  36540 S  41.4   0.6   0:00.65 /home/fcsl/roboracer_ws/install/kiss_icp_localization/lib/kiss_icp_localization/localization_node --ros-args -r __node:=kiss_icp_localization --params-file /home/fcsl/roboracer_ws/install/stack_master/share/stack_master/config/kiss.yaml --params-file /tmp/launch_params_kkza55sc --params-file /tmp/launch_params_bk6s3os3
  19314 fcsl      20   0 1094192  48956  20628 R  27.6   0.6   0:00.65 /home/fcsl/miniforge3/envs/thirdimpact/bin/python3.12 /home/fcsl/roboracer_ws/install/lap_analyser/lib/lap_analyser/lap_analyser --ros-args -r __node:=lap_analyser --params-file /tmp/launch_params_0px3ph6a
  19354 fcsl      20   0  273728  41228  18236 R  27.6   0.5   0:00.50 python3 /home/fcsl/roboracer_ws/install/gp_traj_predictor/lib/gp_traj_predictor/gaussian_process_opp_traj --ros-args -r __node:=GP_trajectory
  19336 fcsl      20   0  751328  51728  23516 R  24.1   0.7   0:00.64 /home/fcsl/miniforge3/envs/thirdimpact/bin/python3.12 /home/fcsl/roboracer_ws/install/state_machine/lib/state_machine/state_machine --ros-args -r __node:=state_machine --params-file /home/fcsl/roboracer_ws/install/stack_master/share/stack_master/config/state_machine_params.yaml --params-file /tmp/launch_params_biwnb6d6 --params-file /tmp/launch_params_30za9fdy --params-file /tmp/launch_params_f2pjkjd6 --params-file /tmp/launch_params_v+
  19230 fcsl      20   0 1094580  52636  21968 R  20.7   0.7   0:00.70 python3 /home/fcsl/roboracer_ws/install/stack_master/lib/stack_master/simple_mux_node.py --ros-args -r __node:=simple_mux --params-file /home/fcsl/roboracer_ws/install/stack_master/share/stack_master/config/CAR/vehicle_config.yaml --params-file /tmp/launch_params_pywsh3_8 --params-file /tmp/launch_params_yk3h0muz --params-file /tmp/launch_params_uihzw7ry --params-file /tmp/launch_params_5fc12uzq --params-file /tmp/launch_params_nd2qw0hk
  19344 fcsl      20   0  727572  45528  20656 R  20.7   0.6   0:00.58 /home/fcsl/miniforge3/envs/thirdimpact/bin/python3.12 /home/fcsl/roboracer_ws/install/spliner/lib/spliner/static_avoidance_node --ros-args -r __node:=static_avoidance_planner --params-file /home/fcsl/roboracer_ws/install/stack_master/share/stack_master/config/static_avoidance_planner.yaml -r /planner/avoidance/otwpnts:=/planner/avoidance/static_otwpnts
  19352 fcsl      20   0  477020  41072  18236 R  20.7   0.5   0:00.52 python3 /home/fcsl/roboracer_ws/install/gp_traj_predictor/lib/gp_traj_predictor/opponent_trajectory --ros-args -r __node:=OpponentHalflap
  19561 fcsl      20   0  675932  23300  16516 R  20.7   0.3   0:00.06 /home/fcsl/miniforge3/envs/thirdimpact/lib/joy/joy_node
  19224 fcsl      20   0 1113180  61204  25836 R  17.2   0.8   0:00.78 python3 /home/fcsl/roboracer_ws/install/stack_master/lib/stack_master/static_tf_publisher.py --ros-args -r __node:=static_tf_publisher --params-file /home/fcsl/roboracer_ws/install/stack_master/share/stack_master/config/CAR/static_transforms.yaml
  19281 fcsl      20   0  595500  47112  20016 R  17.2   0.6   0:00.75 /home/fcsl/miniforge3/envs/thirdimpact/bin/python3.12 /home/fcsl/roboracer_ws/install/gb_optimizer/lib/gb_optimizer/global_trajectory_publisher --ros-args -r __node:=global_republisher --params-file /tmp/launch_params_lsq8407e
  19289 fcsl      20   0  480908  44328  18480 R  17.2   0.6   0:00.61 /home/fcsl/miniforge3/envs/thirdimpact/bin/python3.12 /home/fcsl/roboracer_ws/install/sector_tuner/lib/sector_tuner/sector_tuner --ros-args -r __node:=speed_sector_tuner --params-file /home/fcsl/roboracer_ws/install/stack_master/share/stack_master/maps/0815test3/speed_scaling.yaml --params-file /tmp/launch_params_kwlnquqh
  19311 fcsl      20   0  482124  45016  18652 R  17.2   0.6   0:00.61 /home/fcsl/miniforge3/envs/thirdimpact/bin/python3.12 /home/fcsl/roboracer_ws/install/frenet_odom_republisher/lib/frenet_odom_republisher/frenet_odom_republisher_node --ros-args -r __node:=frenet_odom_republisher -r /car_state/frenet/odom:=/car_state/odom_frenet
  19356 fcsl      20   0  475804  40480  18236 R  17.2   0.5   0:00.49 python3 /home/fcsl/roboracer_ws/install/gp_traj_predictor/lib/gp_traj_predictor/opp_prediction --ros-args -r __node:=opponent_propagation_predictor
  19358 fcsl      20   0  477980  39448  18552 R  17.2   0.5   0:00.52 /home/fcsl/miniforge3/envs/thirdimpact/bin/python3.12 /home/fcsl/roboracer_ws/install/controller/lib/controller/controller_manager --ros-args -r __node:=controller_manager --params-file /home/fcsl/roboracer_ws/install/stack_master/share/stack_master/config/controller.yaml --params-file /tmp/launch_params_rteop0df --params-file /tmp/launch_params_fgfbn70d
  19307 fcsl      20   0  481328  46768  18696 R  13.8   0.6   0:00.60 /home/fcsl/miniforge3/envs/thirdimpact/bin/python3.12 /home/fcsl/roboracer_ws/install/frenet_conversion_server/lib/frenet_conversion_server/frenet_conversion_server_node --ros-args -r __node:=frenet_conversion_server_node --params-file /tmp/launch_params_1_pyfy3w
  19346 fcsl      20   0  477676  38900  18496 R  13.8   0.5   0:00.51 /home/fcsl/miniforge3/envs/thirdimpact/bin/python3.12 /home/fcsl/roboracer_ws/install/lane_change_planner/lib/lane_change_planner/change_avoidance_node --ros-args -r __node:=planner_change --params-file /tmp/launch_params_3lr3b4pe
  19350 fcsl      20   0  477636  38800  18496 R  13.8   0.5   0:00.52 /home/fcsl/miniforge3/envs/thirdimpact/bin/python3.12 /home/fcsl/roboracer_ws/install/lane_change_planner/lib/lane_change_planner/update_waypoints --ros-args -r __node:=waypoint_updater
  19328 fcsl      20   0  479584  41464  18364 R  10.3   0.5   0:00.56 python3 /home/fcsl/roboracer_ws/install/perception/lib/perception/tracking_node --ros-args -r __node:=tracking --params-file /home/fcsl/roboracer_ws/install/stack_master/share/stack_master/config/opponent_tracker_params.yaml -r /tracking/obstacles:=/tracking/obstacles
  19340 fcsl      20   0  478828  41352  18288 R  10.3   0.5   0:00.54 /home/fcsl/miniforge3/envs/thirdimpact/bin/python3.12 /home/fcsl/roboracer_ws/install/recovery_spliner/lib/recovery_spliner/recovery_spliner_node --ros-args -r __node:=recovery_spliner_node
  19222 fcsl      20   0  817464  19060  14172 S   6.9   0.2   0:00.16 /home/fcsl/roboracer_ws/install/urg_node/lib/urg_node/urg_node_driver --ros-args -r __node:=urg_node --params-file /home/fcsl/roboracer_ws/install/stack_master/share/stack_master/config/CAR/vehicle_config.yaml -r /scan:=/scan
  19247 fcsl      20   0  817644  22964  17424 S   6.9   0.3   0:00.18 /home/fcsl/miniforge3/envs/thirdimpact/lib/nav2_lifecycle_manager/lifecycle_manager --ros-args -r __node:=lifecycle_manager_localization --params-file /tmp/launch_params_gzsj1u13 --params-file /tmp/launch_params_7txkr4rh --params-file /tmp/launch_params_ojdu_5r1
  19249 fcsl      20   0  721960  32360  21568 S   6.9   0.4   0:00.20 /home/fcsl/miniforge3/envs/thirdimpact/lib/nav2_map_server/map_server --ros-args -r __node:=map_server --params-file /tmp/launch_params_7an6qmh_ --params-file /tmp/launch_params_3pildy1p --params-file /tmp/launch_params_bxv9_bd6 --params-file /tmp/launch_params_3ypbuy35
  19326 fcsl      20   0 1125896  50028  33564 S   6.9   0.6   0:00.34 /home/fcsl/roboracer_ws/install/perception/lib/perception/detect --ros-args -r __node:=detect --params-file /home/fcsl/roboracer_ws/install/stack_master/share/stack_master/config/opponent_tracker_params.yaml --params-file /tmp/launch_params_gk8q2zkj
  19553 fcsl      20   0   12120   3496   2676 R   6.9   0.0   0:00.04 top -b -c -w 512 -d 2
    270 root      20   0       0      0      0 I   3.4   0.0   0:00.44 [kworker/u12:5-events_unbound]
   5868 fcsl      20   0   45844  12856   8268 S   3.4   0.2   0:11.22 /home/fcsl/.vscode-server/code-6a49527b96e326fe62fbdb56f60e16877c9aa724 command-shell --cli-data-dir /home/fcsl/.vscode-server/cli --parent-process-id 5821 --on-host=127.0.0.1 --on-port
   6720 fcsl      20   0   42.1g 668852  59704 S   3.4   8.6   1:02.89 /home/fcsl/.vscode-server/cli/servers/Stable-6a49527b96e326fe62fbdb56f60e16877c9aa724/server/node --dns-result-order=ipv4first /home/fcsl/.vscode-server/cli/servers/Stable-6a49527b96e326fe62fbdb56f60e16877c9aa724/server/out/bootstrap-fork --type=extensionHost --transformURIs --useHostProxy=false
  11828 fcsl      20   0   18824   8292   6100 S   3.4   0.1   0:00.26 sshd: fcsl@pts/5
  19213 fcsl      20   0 2285720  52228  16816 S   3.4   0.7   0:02.48 /home/fcsl/miniforge3/envs/thirdimpact/bin/python /home/fcsl/miniforge3/envs/thirdimpact/bin/ros2 launch stack_master race.launch.xml map:=0815test3
  19216 fcsl      20   0  882452  20456  13904 S   3.4   0.3   0:00.26 /home/fcsl/roboracer_ws/install/vesc_driver/lib/vesc_driver/vesc_driver_node --ros-args -r __node:=vesc_driver_node -r __ns:=/vesc --params-file /home/fcsl/roboracer_ws/install/stack_master/share/stack_master/config/CAR/vehicle_config.yaml
  19220 fcsl      20   0  663144  19148  14644 S   3.4   0.2   0:00.14 /home/fcsl/roboracer_ws/install/vesc_ackermann/lib/vesc_ackermann/vesc_to_odom_node --ros-args -r __node:=vesc_to_odom_node -r __ns:=/vesc --params-file /home/fcsl/roboracer_ws/install/stack_master/share/stack_master/config/CAR/vehicle_config.yaml
  19245 fcsl      20   0 1106480  59840  24328 S   3.4   0.8   0:00.79 python3 /home/fcsl/roboracer_ws/install/stack_master/lib/stack_master/map_relay_node.py --ros-args -r __node:=map_relay_node
      1 root      20   0  167496  11476   7176 S   0.0   0.1   0:03.45 /sbin/init 2
      2 root      20   0       0      0      0 S   0.0   0.0   0:00.01 [kthreadd]
      3 root       0 -20       0      0      0 I   0.0   0.0   0:00.00 [rcu_gp]
      4 root       0 -20       0      0      0 I   0.0   0.0   0:00.00 [rcu_par_gp]
      5 root       0 -20       0      0      0 I   0.0   0.0   0:00.00 [slub_flushwq]
      6 root       0 -20       0      0      0 I   0.0   0.0   0:00.00 [netns]
      8 root       0 -20       0      0      0 I   0.0   0.0   0:00.00 [kworker/0:0H-events_highpri]
     10 root       0 -20       0      0      0 I   0.0   0.0   0:00.00 [mm_percpu_wq]
     11 root      20   0       0      0      0 S   0.0   0.0   0:00.00 [rcu_tasks_kthre]
     12 root      20   0       0      0      0 S   0.0   0.0   0:00.00 [rcu_tasks_rude_]
     13 root      20   0       0      0      0 S   0.0   0.0   0:00.00 [rcu_tasks_trace]
     14 root      20   0       0      0      0 S   0.0   0.0   0:00.68 [ksoftirqd/0]
     15 root      20   0       0      0      0 I   0.0   0.0   0:00.35 [rcu_preempt]
     16 root      rt   0       0      0      0 S   0.0   0.0   0:00.00 [migration/0]
     17 root      20   0       0      0      0 S   0.0   0.0   0:00.00 [cpuhp/0]
     18 root      20   0       0      0      0 S   0.0   0.0   0:00.00 [cpuhp/1]
     19 root      rt   0       0      0      0 S   0.0   0.0   0:00.00 [migration/1]
     20 root      20   0       0      0      0 S   0.0   0.0   0:00.14 [ksoftirqd/1]
     22 root       0 -20       0      0      0 I   0.0   0.0   0:00.00 [kworker/1:0H-events_highpri]
     23 root      20   0       0      0      0 S   0.0   0.0   0:00.00 [cpuhp/2]
     24 root      rt   0       0      0      0 S   0.0   0.0   0:00.00 [migration/2]
     25 root      20   0       0      0      0 S   0.0   0.0   0:00.15 [ksoftirqd/2]
     27 root       0 -20       0      0      0 I   0.0   0.0   0:00.00 [kworker/2:0H-kblockd]
     28 root      20   0       0      0      0 S   0.0   0.0   0:00.00 [cpuhp/3]
     29 root      rt   0       0      0      0 S   0.0   0.0   0:00.00 [migration/3]
     30 root      20   0       0      0      0 S   0.0   0.0   0:00.18 [ksoftirqd/3]
     31 root      20   0       0      0      0 I   0.0   0.0   0:00.07 [kworker/3:0-mm_percpu_wq]
     32 root       0 -20       0      0      0 I   0.0   0.0   0:00.00 [kworker/3:0H-events_highpri]
     33 root      20   0       0      0      0 S   0.0   0.0   0:00.00 [cpuhp/4]
     34 root      rt   0       0      0      0 S   0.0   0.0   0:00.00 [migration/4]
     35 root      20   0       0      0      0 S   0.0   0.0   0:00.15 [ksoftirqd/4]
     37 root       0 -20       0      0      0 I   0.0   0.0   0:00.00 [kworker/4:0H-events_highpri]
     38 root      20   0       0      0      0 S   0.0   0.0   0:00.00 [cpuhp/5]
     39 root      rt   0       0      0      0 S   0.0   0.0   0:00.00 [migration/5]
     40 root      20   0       0      0      0 S   0.0   0.0   0:00.13 [ksoftirqd/5]
     42 root       0 -20       0      0      0 I   0.0   0.0   0:00.00 [kworker/5:0H-events_highpri]
     43 root      20   0       0      0      0 S   0.0   0.0   0:00.00 [kdevtmpfs]
     44 root       0 -20       0      0      0 I   0.0   0.0   0:00.00 [inet_frag_wq]
     47 root      20   0       0      0      0 I   0.0   0.0   0:00.01 [kworker/2:1-cgroup_destroy]
     50 root      20   0       0      0      0 I   0.0   0.0   0:00.00 [kworker/4:1-events]
     51 root      20   0       0      0      0 S   0.0   0.0   0:00.00 [kauditd]
     52 root      20   0       0      0      0 S   0.0   0.0   0:00.00 [oom_reaper]
     53 root       0 -20       0      0      0 I   0.0   0.0   0:00.00 [writeback]
     54 root      20   0       0      0      0 S   0.0   0.0   0:00.00 [kcompactd0]
     55 root      25   5       0      0      0 S   0.0   0.0   0:00.00 [ksmd]
     56 root      39  19       0      0      0 S   0.0   0.0   0:00.15 [khugepaged]
     67 root       0 -20       0      0      0 I   0.0   0.0   0:00.00 [cryptd]
     86 root       0 -20       0      0      0 I   0.0   0.0   0:00.00 [kintegrityd]
     87 root       0 -20       0      0      0 I   0.0   0.0   0:00.00 [kblockd]
     88 root       0 -20       0      0      0 I   0.0   0.0   0:00.00 [blkcg_punt_bio]
     89 root       0 -20       0      0      0 I   0.0   0.0   0:00.00 [tpm_dev_wq]
     90 root       0 -20       0      0      0 I   0.0   0.0   0:00.00 [ata_sff]
     91 root       0 -20       0      0      0 I   0.0   0.0   0:00.00 [edac-poller]
     92 root       0 -20       0      0      0 I   0.0   0.0   0:00.00 [devfreq_wq]
     93 root     -51   0       0      0      0 S   0.0   0.0   0:00.00 [watchdogd]
     94 root      20   0       0      0      0 I   0.0   0.0   0:00.67 [kworker/u12:1-events_freezable_power_]
     95 root      20   0       0      0      0 I   0.0   0.0   0:00.47 [kworker/u12:2-events_unbound]
     96 root       0 -20       0      0      0 I   0.0   0.0   0:00.00 [kworker/0:1H-kblockd]
     97 root       0 -20       0      0      0 I   0.0   0.0   0:00.00 [rpciod]
     98 root       0 -20       0      0      0 I   0.0   0.0   0:00.03 [kworker/u13:0-hci0]
     99 root       0 -20       0      0      0 I   0.0   0.0   0:00.00 [xprtiod]
    127 root      20   0       0      0      0 S   0.0   0.0   0:00.36 [kswapd0]
    128 root       0 -20       0      0      0 I   0.0   0.0   0:00.00 [nfsiod]
    132 root       0 -20       0      0      0 I   0.0   0.0   0:00.00 [vfio-irqfd-clea]
    133 root       0 -20       0      0      0 I   0.0   0.0   0:00.00 [bch_btree_io]
    134 root       0 -20       0      0      0 I   0.0   0.0   0:00.00 [bcache]
    135 root       0 -20       0      0      0 I   0.0   0.0   0:00.00 [bch_journal]
    136 root       0 -20       0      0      0 I   0.0   0.0   0:00.00 [dm_bufio_cache]
    138 root      10 -10       0      0      0 S   0.0   0.0   0:00.00 [krfcommd]
    139 root      20   0       0      0      0 S   0.0   0.0   0:00.00 [pr/tty0]
    140 root      20   0       0      0      0 S   0.0   0.0   0:02.86 [pr/ttyTCU0]
    143 root     -51   0       0      0      0 S   0.0   0.0   0:00.00 [irq/114-3160000]
    145 root     -51   0       0      0      0 S   0.0   0.0   0:00.00 [irq/115-3180000]
    146 root      20   0       0      0      0 I   0.0   0.0   0:00.38 [kworker/1:3-events]
    147 root     -51   0       0      0      0 S   0.0   0.0   0:00.00 [irq/116-31b0000]
    148 root     -51   0       0      0      0 S   0.0   0.0   0:00.00 [irq/167-c240000]
    149 root     -51   0       0      0      0 S   0.0   0.0   0:00.00 [irq/168-c250000]
    150 root     -51   0       0      0      0 S   0.0   0.0   0:00.00 [irq/125-3610000]
    151 root     -51   0       0      0      0 S   0.0   0.0   0:00.00 [irq/122-3610000]
    152 root      20   0       0      0      0 I   0.0   0.0   0:00.03 [kworker/5:3-mm_percpu_wq]
    153 root       0 -20       0      0      0 I   0.0   0.0   0:00.00 [sdhci]
    154 root     -51   0       0      0      0 S   0.0   0.0   0:00.00 [irq/120-mmc0]
    155 root     -51   0       0      0      0 S   0.0   0.0   0:00.00 [irq/230-3400000]
    156 root      20   0       0      0      0 I   0.0   0.0   0:00.06 [kworker/2:2-mm_percpu_wq]
    173 root       0 -20       0      0      0 I   0.0   0.0   0:00.00 [kworker/1:1H-kblockd]
    174 root      20   0       0      0      0 I   0.0   0.0   0:00.00 [kworker/3:2-mm_percpu_wq]
    179 root     -51   0       0      0      0 S   0.0   0.0   0:00.00 [irq/191-tegra-p]
    180 root       0 -20       0      0      0 I   0.0   0.0   0:00.00 [nvme-wq]
    181 root       0 -20       0      0      0 I   0.0   0.0   0:00.00 [nvme-reset-wq]
    182 root       0 -20       0      0      0 I   0.0   0.0   0:00.00 [nvme-delete-wq]
    191 root     -51   0       0      0      0 S   0.0   0.0   0:00.00 [irq/191-aerdrv]
    192 root     -51   0       0      0      0 S   0.0   0.0   0:00.00 [irq/193-tegra-p]
    195 root     -51   0       0      0      0 S   0.0   0.0   0:00.00 [irq/193-aerdrv]
    196 root     -51   0       0      0      0 S   0.0   0.0   0:00.00 [irq/195-tegra-p]
    198 root     -51   0       0      0      0 S   0.0   0.0   0:00.00 [irq/232-nvme0q0]
    199 root     -51   0       0      0      0 S   0.0   0.0   0:00.22 [irq/233-nvme0q1]
    200 root     -51   0       0      0      0 S   0.0   0.0   0:00.32 [irq/234-nvme0q2]
    201 root     -51   0       0      0      0 S   0.0   0.0   0:00.18 [irq/235-nvme0q3]
    202 root     -51   0       0      0      0 S   0.0   0.0   0:00.22 [irq/236-nvme0q4]
    203 root     -51   0       0      0      0 S   0.0   0.0   0:00.06 [irq/237-nvme0q5]
    204 root     -51   0       0      0      0 S   0.0   0.0   0:00.06 [irq/238-nvme0q6]
    205 root      20   0       0      0      0 I   0.0   0.0   0:00.49 [kworker/u12:4-events_freezable_power_]
    209 root      20   0       0      0      0 S   0.0   0.0   0:00.13 [jbd2/nvme0n1p1-]
    210 root       0 -20       0      0      0 I   0.0   0.0   0:00.00 [ext4-rsv-conver]
    211 root       0 -20       0      0      0 I   0.0   0.0   0:00.00 [kworker/2:1H-kblockd]
    220 root       0 -20       0      0      0 I   0.0   0.0   0:00.00 [mld]
    221 root       0 -20       0      0      0 I   0.0   0.0   0:00.00 [kworker/3:1H-kblockd]
    222 root       0 -20       0      0      0 I   0.0   0.0   0:00.00 [ipv6_addrconf]
    253 root      19  -1   40524   9664   8044 S   0.0   0.1   0:00.49 /lib/systemd/systemd-journald
    267 root      20   0       0      0      0 I   0.0   0.0   0:00.04 [kworker/4:2-mm_percpu_wq]
    271 root      20   0       0      0      0 I   0.0   0.0   0:00.60 [kworker/u12:6-events_freezable_power_]
    272 root      20   0       0      0      0 I   0.0   0.0   0:00.36 [kworker/u12:7-devfreq_wq]
    273 root      20   0       0      0      0 I   0.0   0.0   0:00.45 [kworker/u12:8-events_freezable_power_]
    283 root      39  19       0      0      0 S   0.0   0.0   0:00.00 [nvmap-bz]
    284 root     -51   0       0      0      0 S   0.0   0.0   0:00.00 [irq/188-host1x_]
    286 root     -51   0       0      0      0 S   0.0   0.0   0:00.00 [irq/197-gk20a_s]
    287 root     -51   0       0      0      0 S   0.0   0.0   0:00.00 [irq/198-gk20a_s]
    288 root     -51   0       0      0      0 S   0.0   0.0   0:00.00 [irq/199-gk20a_s]
    289 root     -51   0       0      0      0 S   0.0   0.0   0:00.00 [irq/200-gk20a_n]
    293 root      20   0    9792   2792   2528 S   0.0   0.0   0:00.00 /bin/bash /etc/systemd/nv-tee-supplicant.sh
    298 root      20   0   76588   1360   1248 S   0.0   0.0   0:00.01 /usr/sbin/tee-supplicant
    299 root       0 -20       0      0      0 I   0.0   0.0   0:00.00 [optee_bus_scan]
    307 root       0 -20       0      0      0 I   0.0   0.0   0:00.00 [kworker/4:1H-kblockd]
    309 root      20   0   24048   6028   3380 S   0.0   0.1   0:02.00 /lib/systemd/systemd-udevd
    310 root      20   0   23744   5080   2712 S   0.0   0.1   0:00.16 /lib/systemd/systemd-udevd
    311 root      20   0   23396   4308   2228 S   0.0   0.1   0:00.12 /lib/systemd/systemd-udevd
    312 root      20   0   23508   4468   2212 S   0.0   0.1   0:00.15 /lib/systemd/systemd-udevd
    313 root      20   0   24528   6416   3228 S   0.0   0.1   0:00.31 /lib/systemd/systemd-udevd
    314 root      20   0   23532   4792   2660 S   0.0   0.1   0:00.24 /lib/systemd/systemd-udevd
    315 root      20   0   23500   5188   3048 S   0.0   0.1   0:00.27 /lib/systemd/systemd-udevd
    316 root      20   0   23520   4608   2452 S   0.0   0.1   0:00.16 /lib/systemd/systemd-udevd
    317 root      20   0   23540   4232   2096 S   0.0   0.1   0:00.14 /lib/systemd/systemd-udevd
    318 root      20   0   23548   4688   2540 S   0.0   0.1   0:00.10 /lib/systemd/systemd-udevd
    320 root      20   0   23808   5888   3448 S   0.0   0.1   0:05.06 /lib/systemd/systemd-udevd
    321 root      20   0   23396   5028   2908 S   0.0   0.1   0:00.19 /lib/systemd/systemd-udevd
    322 root      20   0   23500   5104   2852 S   0.0   0.1   0:00.18 /lib/systemd/systemd-udevd
    323 root      20   0   23516   4360   2096 S   0.0   0.1   0:00.16 /lib/systemd/systemd-udevd
    324 root      20   0   23520   4748   2480 S   0.0   0.1   0:00.18 /lib/systemd/systemd-udevd
    325 root      20   0   23500   5072   2820 S   0.0   0.1   0:00.20 /lib/systemd/systemd-udevd
    326 root      20   0   23548   4624   2476 S   0.0   0.1   0:00.16 /lib/systemd/systemd-udevd
    327 root      20   0   24548   5496   2292 S   0.0   0.1   0:00.21 /lib/systemd/systemd-udevd
    328 root      20   0   23516   4380   2212 S   0.0   0.1   0:00.13 /lib/systemd/systemd-udevd
    329 root      20   0   23524   4452   2300 S   0.0   0.1   0:00.19 /lib/systemd/systemd-udevd
    330 root      20   0   23524   4592   2440 S   0.0   0.1   0:00.22 /lib/systemd/systemd-udevd
    331 root      20   0   23524   4792   2636 S   0.0   0.1   0:00.14 /lib/systemd/systemd-udevd
    332 root       0 -20       0      0      0 I   0.0   0.0   0:00.00 [kworker/5:1H-kblockd]
    334 root      20   0   23524   4712   2532 S   0.0   0.1   0:00.16 /lib/systemd/systemd-udevd
    336 root      20   0       0      0      0 S   0.0   0.0   0:00.00 [15820000.crypto]
    337 root      20   0       0      0      0 S   0.0   0.0   0:00.00 [15840000.crypto]
    358 root      20   0   23544   4432   2140 S   0.0   0.1   0:00.15 /lib/systemd/systemd-udevd
    359 root      20   0   23524   4288   2096 S   0.0   0.1   0:00.12 /lib/systemd/systemd-udevd
    360 root      20   0   23524   4412   2220 S   0.0   0.1   0:00.14 /lib/systemd/systemd-udevd
    361 root      20   0   23524   5004   2812 S   0.0   0.1   0:00.17 /lib/systemd/systemd-udevd
    362 root      20   0   23524   4832   2644 S   0.0   0.1   0:00.23 /lib/systemd/systemd-udevd
    363 root      20   0   23816   4580   2144 S   0.0   0.1   0:00.15 /lib/systemd/systemd-udevd
    414 root     -51   0       0      0      0 S   0.0   0.0   0:00.00 [irq/219-bc00000]
    415 root      -2   0       0      0      0 S   0.0   0.0   0:00.00 [capture-control]
    416 root      -2   0       0      0      0 S   0.0   0.0   0:00.00 [capture]
    447 root     -51   0       0      0      0 S   0.0   0.0   0:00.00 [irq/189-tegra-p]
    448 root     -51   0       0      0      0 S   0.0   0.0   0:00.00 [irq/240-nvvrs-p]
    449 root     -51   0       0      0      0 S   0.0   0.0   0:00.00 [irq/214-tegra_d]
    450 root     -51   0       0      0      0 S   0.0   0.0   0:00.00 [irq/215-tegra_d]
    451 root       0 -20       0      0      0 I   0.0   0.0   0:00.00 [dce-async-ipc-w]
    452 root      20   0       0      0      0 S   0.0   0.0   0:00.00 [nv_queue]
    453 root      20   0       0      0      0 S   0.0   0.0   0:00.00 [nv_queue]
    454 root     -51   0       0      0      0 S   0.0   0.0   0:00.00 [irq/189-aerdrv]
    524 root       0 -20       0      0      0 I   0.0   0.0   0:00.00 [cfg80211]
    543 root     -51   0       0      0      0 S   0.0   0.0   0:00.00 [irq/118-3210000]
    552 root      20   0       0      0      0 S   0.0   0.0   0:00.00 [spi0]
    554 root     -51   0       0      0      0 S   0.0   0.0   0:00.00 [irq/119-3230000]
    555 root      20   0       0      0      0 S   0.0   0.0   0:00.00 [spi1]
    632 root       0 -20       0      0      0 I   0.0   0.0   0:00.00 [btfwwork]
    670 root       0 -20       0      0      0 I   0.0   0.0   0:00.00 [kworker/u13:2-hci0]
    672 root      20   0    8236   7372   1432 S   0.0   0.1   0:00.30 /usr/sbin/haveged --Foreground --verbose=1
    674 _rpc      20   0    7964   2112   1760 S   0.0   0.0   0:00.00 /sbin/rpcbind -f -w
    681 systemd+  20   0   25544  12588   8156 S   0.0   0.2   0:00.26 /lib/systemd/systemd-resolved
    682 systemd+  20   0   88788   6156   5312 S   0.0   0.1   0:00.08 /lib/systemd/systemd-timesyncd
    728 avahi     20   0    8088   2652   2300 S   0.0   0.0   0:00.08 avahi-daemon: running [ubuntu.local]
    729 root      20   0    9892   4484   4044 S   0.0   0.1   0:00.07 /usr/lib/bluetooth/bluetoothd -d --noplugin=audio,a2dp,avrcp
    730 message+  20   0   11448   5648   3108 S   0.0   0.1   0:01.66 @dbus-daemon --system --address=systemd: --nofork --nopidfile --systemd-activation --syslog-only
    731 root      20   0  263764  20360  14144 S   0.0   0.3   0:01.12 /usr/sbin/NetworkManager --no-daemon
    737 root      20   0   42224  19668   9972 S   0.0   0.3   0:00.14 /usr/bin/python3 /usr/bin/networkd-dispatcher --run-startup-triggers
    744 root      20   0   27644  15072   7804 S   0.0   0.2   0:00.10 python3 /opt/nvidia/pva-allow-2/bin/nvidiaPvaAllowd.py
    749 root      20   0  243232  10120   6268 S   0.0   0.1   0:03.17 /usr/libexec/polkitd --no-debug
    753 root      20   0  240320   8560   5832 S   0.0   0.1   0:00.04 /usr/libexec/power-profiles-daemon
    760 syslog    20   0  222164   8356   3224 S   0.0   0.1   0:00.14 /usr/sbin/rsyslogd -n -iNONE
    762 root      20   0    2240    708    628 S   0.0   0.0   0:00.00 seatd -g video
    767 root      20   0 2145820  48520  24160 S   0.0   0.6   0:04.93 /snap/snapd/current/usr/lib/snapd/snapd
    769 root      20   0  241096   7752   5856 S   0.0   0.1   0:00.80 /usr/libexec/accounts-daemon
    772 root      20   0  236800   5804   5196 S   0.0   0.1   0:00.02 /usr/libexec/switcheroo-control
    773 lp        20   0    2308    112      0 S   0.0   0.0   0:00.00 /usr/sbin/lpd -s
    774 root      20   0   48808   7200   5948 S   0.0   0.1   0:00.19 /lib/systemd/systemd-logind
    778 root      20   0  394856  14472   9176 S   0.0   0.2   0:00.28 /usr/libexec/udisks2/udisksd
    780 root      20   0   16532   9744   7852 S   0.0   0.1   0:00.08 /sbin/wpa_supplicant -u -s -O /run/wpa_supplicant
    800 avahi     20   0    7816    352      0 S   0.0   0.0   0:00.00 avahi-daemon: chroot helper
    816 root      20   0  320884  13460   9472 S   0.0   0.2   0:00.12 /usr/sbin/ModemManager
    818 root      rt   0       0      0      0 S   0.0   0.0   0:00.32 [sugov:0]
    823 root      rt   0       0      0      0 S   0.0   0.0   0:00.27 [sugov:4]
    910 root      20   0    2460   1560   1380 S   0.0   0.0   0:00.39 /usr/sbin/nvfancontrol &
    930 root      20   0       0      0      0 S   0.0   0.0   0:00.00 [sw-quiesce]
    931 root      20   0       0      0      0 S   0.0   0.0   0:01.06 [nvgpu_channel_p]
    934 root      20   0       0      0      0 S   0.0   0.0   0:00.00 [nvgpu_pg_init_g]
    954 root      20   0       0      0      0 S   0.0   0.0   0:00.00 [nvgpu_clk_arb_p]
    979 root      20   0       0      0      0 S   0.0   0.0   0:01.08 [RTW_CMD_THREAD]
    981 root      20   0       0      0      0 I   0.0   0.0   0:00.30 [kworker/u12:9-events_freezable_power_]
   1016 root      20   0   75936   9728   7908 S   0.0   0.1   0:00.01 /usr/sbin/nvargus-daemon
   1017 root      20   0    9792   2900   2608 S   0.0   0.0   0:00.00 /bin/bash /etc/systemd/nvmemwarning.sh
   1037 root      20   0   22192   1708   1512 S   0.0   0.0   0:00.00 /usr/sbin/nvs-service
   1062 root      20   0    2336    760    672 S   0.0   0.0   0:01.58 /bin/sh /snap/cups/1237/scripts/run-cups-browsed
   1064 root      20   0    2336   1388   1264 S   0.0   0.0   0:01.60 /bin/sh /snap/cups/1237/scripts/run-cupsd
   1065 root      20   0       0      0      0 S   0.0   0.0   0:00.00 [pr/ramoops-1]
   1096 root      20   0 2012952  50020  29076 S   0.0   0.6   0:01.42 /usr/bin/containerd
   1110 root      20   0    9448   2412   2172 S   0.0   0.0   0:00.00 /usr/sbin/cron -f -P
   1136 kernoops  20   0   12820    456      0 S   0.0   0.0   0:00.00 /usr/sbin/kerneloops --test
   1145 root      20   0  241780   8612   6932 S   0.0   0.1   0:00.03 /usr/sbin/gdm3
   1162 kernoops  20   0   12820    452      0 S   0.0   0.0   0:00.00 /usr/sbin/kerneloops
   1164 root      20   0    8144    716    640 S   0.0   0.0   0:00.00 /sbin/agetty -o -p -- \u --keep-baud 115200,57600,38400,9600 ttyGS0 vt220
   1171 root      20   0    8144    724    648 S   0.0   0.0   0:00.00 /sbin/agetty -o -p -- \u --keep-baud 115200,57600,38400,9600 ttyTCU0 vt220
   1210 root      20   0  172548   9532   7592 S   0.0   0.1   0:00.04 gdm-session-worker [pam/gdm-autologin]
   1310 root      20   0    3076    916    804 S   0.0   0.0   0:00.00 /usr/sbin/nvphsd
   1316 root      20   0    3208   1408   1248 S   0.0   0.0   0:00.00 /usr/sbin/nvphsd
   1337 root      20   0 2166840  89332  54988 S   0.0   1.1   0:00.69 /usr/bin/dockerd -H fd:// --containerd=/run/containerd/containerd.sock
   1338 root      20   0   15232   8036   6460 S   0.0   0.1   0:00.02 sshd: /usr/sbin/sshd -D [listener] 0 of 10-100 startups
   1342 root      20   0       0      0      0 S   0.0   0.0   0:00.00 [file-storage]
   1350 fcsl      20   0   18416   9892   7060 S   0.0   0.1   0:00.72 /lib/systemd/systemd --user
   1360 fcsl      20   0  106740   4520      0 S   0.0   0.1   0:00.00 (sd-pam)
   1538 fcsl       9 -11   40232   5728   4620 S   0.0   0.1   0:00.02 /usr/bin/pipewire
   1539 fcsl      20   0   23884   5672   4592 S   0.0   0.1   0:00.08 /usr/bin/pipewire-media-session
   1540 fcsl       9 -11  890556  20284  12116 S   0.0   0.3   0:00.39 /usr/bin/pulseaudio --daemonize=no --log-target=journal
   1545 fcsl      20   0  241000   6164   5312 S   0.0   0.1   0:00.04 /usr/bin/gnome-keyring-daemon --daemonize --login
   1548 rtkit     21   1  153508   1472   1264 S   0.0   0.0   0:00.02 /usr/libexec/rtkit-daemon
   1559 fcsl      20   0  162628   5416   4908 S   0.0   0.1   0:00.00 /usr/libexec/gdm-x-session --run-script env GNOME_SHELL_SESSION_MODE=ubuntu /usr/bin/gnome-session --session=ubuntu
   1561 root      20   0   24.2g  80668  35156 S   0.0   1.0   0:00.52 /usr/lib/xorg/Xorg vt2 -displayfd 3 -auth /run/user/1000/gdm/Xauthority -nolisten tcp -background none -noreset -keeptty -novtswitch -verbose 3
   1564 fcsl      20   0   10132   4876   3144 S   0.0   0.1   0:00.44 /usr/bin/dbus-daemon --session --address=systemd: --nofork --nopidfile --systemd-activation --syslog-only
   1587 root      20   0       0      0      0 S   0.0   0.0   0:00.00 [nvidia-modeset/]
   1588 root      20   0       0      0      0 S   0.0   0.0   0:00.00 [nvidia-modeset/]
   1590 root      20   0       0      0      0 S   0.0   0.0   0:00.00 [nvidia]
   1591 root      20   0       0      0      0 S   0.0   0.0   0:00.00 [nv_queue]
   1729 root      20   0       0      0      0 S   0.0   0.0   0:00.00 [nvidia-drm-nv-t]
   1730 root     -51   0       0      0      0 S   0.0   0.0   0:00.00 [card1-crtc0]
   1731 root     -51   0       0      0      0 S   0.0   0.0   0:00.00 [card1-crtc1]
   1824 fcsl      20   0  225936  13728  11972 S   0.0   0.2   0:00.05 /usr/libexec/gnome-session-binary --session=ubuntu
   1916 fcsl      20   0  309864   6752   6032 S   0.0   0.1   0:00.01 /usr/libexec/at-spi-bus-launcher
   1922 fcsl      20   0    8828   3616   3116 S   0.0   0.0   0:00.01 /usr/bin/dbus-daemon --config-file=/usr/share/defaults/at-spi2/accessibility.conf --nofork --print-address 11 --address=unix:path=/run/user/1000/at-spi/bus_0
   1979 fcsl      20   0   91892   2520   2152 S   0.0   0.0   0:00.00 /usr/libexec/gnome-session-ctl --monitor
   1988 fcsl      20   0  240908   6992   6104 S   0.0   0.1   0:00.03 /usr/libexec/gvfsd
   1996 fcsl      20   0  381064   9284   4640 S   0.0   0.1   0:00.00 /usr/libexec/gvfsd-fuse /run/user/1000/gvfs -f
   1997 fcsl      20   0  596284  17864  12840 S   0.0   0.2   0:00.18 /usr/libexec/gnome-session-binary --systemd-service --session=ubuntu
   2026 fcsl      20   0 3471004 225068  81340 S   0.0   2.9   0:05.91 /usr/bin/gnome-shell
   2040 fcsl      20   0  236356   4876   4440 S   0.0   0.1   0:00.00 /usr/libexec/xdg-permission-store
   2042 fcsl      20   0  584868  17900  13432 S   0.0   0.2   0:00.06 /usr/libexec/gnome-shell-calendar-server
   2051 fcsl      20   0  397280  22796  19136 S   0.0   0.3   0:00.09 /usr/libexec/evolution-source-registry
   2059 root      20   0  242436   7680   6568 S   0.0   0.1   0:00.07 /usr/libexec/upowerd
   2061 fcsl      20   0  600496  38980  29472 S   0.0   0.5   0:00.10 /usr/libexec/goa-daemon
   2068 fcsl      20   0 1321540  31748  23404 S   0.0   0.4   0:00.14 /usr/libexec/evolution-calendar-factory
   2078 fcsl      20   0  341492  12924  11036 S   0.0   0.2   0:00.04 /usr/libexec/goa-identity-service
   2088 fcsl      20   0  156800   4488   4024 S   0.0   0.1   0:00.01 /usr/libexec/dconf-service
   2089 fcsl      20   0  823284  28368  22824 S   0.0   0.4   0:00.08 /usr/libexec/evolution-addressbook-factory
   2105 fcsl      20   0  316604  11380   7284 S   0.0   0.1   0:00.11 /usr/libexec/gvfs-udisks2-volume-monitor
   2113 fcsl      20   0  315332   6412   5548 S   0.0   0.1   0:00.04 /usr/libexec/gvfs-afc-volume-monitor
   2118 fcsl      20   0  238096   6272   5500 S   0.0   0.1   0:00.01 /usr/libexec/gvfs-gphoto2-volume-monitor
   2122 fcsl      20   0  236772   4692   4232 S   0.0   0.1   0:00.01 /usr/libexec/gvfs-mtp-volume-monitor
   2126 fcsl      20   0  236900   7852   5228 S   0.0   0.1   0:00.01 /usr/libexec/gvfs-goa-volume-monitor
   2130 root      20   0  376544  64972  16884 S   0.0   0.8   0:10.29 /usr/libexec/packagekitd
   2138 fcsl      20   0  315228   9344   6144 S   0.0   0.1   0:00.02 /usr/libexec/gvfsd-trash --spawner :1.19 /org/gtk/gvfs/exec_spaw/0
   2165 fcsl      20   0  477596  12872  10592 S   0.0   0.2   0:00.13 /usr/libexec/xdg-desktop-portal
   2175 fcsl      20   0  463504   8420   5632 S   0.0   0.1   0:00.02 /usr/libexec/xdg-document-portal
   2178 fcsl      20   0 2804936  27172  20292 S   0.0   0.3   0:00.09 /usr/bin/gjs /usr/share/gnome-shell/org.gnome.Shell.Notifications
   2182 root      20   0    2232    696    620 S   0.0   0.0   0:00.00 fusermount3 -o rw,nosuid,nodev,fsname=portal,auto_unmount,subtype=portal -- /run/user/1000/doc
   2186 fcsl      20   0  163152   7096   6328 S   0.0   0.1   0:00.01 /usr/libexec/at-spi2-registryd --use-gnome-session
   2187 fcsl      20   0  715372  51180  31356 S   0.0   0.7   0:00.26 /usr/libexec/xdg-desktop-portal-gnome
   2201 fcsl      20   0    2328    836    748 S   0.0   0.0   0:00.00 sh -c /usr/bin/ibus-daemon --panel disable $([ "$XDG_SESSION_TYPE" = "x11" ] && echo "--xim")
   2202 fcsl      20   0  310888   7992   5380 S   0.0   0.1   0:00.01 /usr/libexec/gsd-a11y-settings
   2203 fcsl      20   0  603376  28568  18872 S   0.0   0.4   0:00.19 /usr/libexec/gsd-color
   2207 fcsl      20   0  379084  16400  12388 S   0.0   0.2   0:00.03 /usr/libexec/gsd-datetime
   2209 fcsl      20   0  315524  13140   6156 S   0.0   0.2   0:00.09 /usr/bin/ibus-daemon --panel disable --xim
   2210 fcsl      20   0  312464   8500   5808 S   0.0   0.1   0:00.06 /usr/libexec/gsd-housekeeping
   2212 fcsl      20   0  418272  25220  16048 S   0.0   0.3   0:00.15 /usr/libexec/gsd-keyboard
   2213 fcsl      20   0  934772  29676  19672 S   0.0   0.4   0:00.19 /usr/libexec/gsd-media-keys
   2214 fcsl      20   0  528832  26228  18632 S   0.0   0.3   0:00.18 /usr/libexec/gsd-power
   2216 fcsl      20   0  324816   9584   8232 S   0.0   0.1   0:00.01 /usr/libexec/gsd-print-notifications
   2219 fcsl      20   0  458476   6000   5344 S   0.0   0.1   0:00.02 /usr/libexec/gsd-rfkill
   2222 fcsl      20   0  236616   4660   4280 S   0.0   0.1   0:00.00 /usr/libexec/gsd-screensaver-proxy
   2226 fcsl      20   0  467192   9032   6824 S   0.0   0.1   0:00.07 /usr/libexec/gsd-sharing
   2228 fcsl      20   0  460576   9164   6256 S   0.0   0.1   0:00.01 /usr/libexec/gsd-smartcard
   2233 fcsl      20   0  320568   8140   7112 S   0.0   0.1   0:00.01 /usr/libexec/gsd-sound
   2242 fcsl      20   0  344860  23456  16012 S   0.0   0.3   0:00.17 /usr/libexec/gsd-wacom
   2247 fcsl      20   0  656864  90552  49008 S   0.0   1.2   0:03.98 /usr/bin/gnome-software --gapplication-service
   2248 fcsl      20   0  346536  27696  17768 S   0.0   0.4   0:00.20 /usr/libexec/gsd-xsettings
   2254 fcsl      20   0  842664  65920  47764 S   0.0   0.8   0:00.32 /usr/libexec/evolution-data-server/evolution-alarm-notify
   2278 fcsl      20   0  237728   6576   5956 S   0.0   0.1   0:00.00 /usr/libexec/ibus-dconf
   2289 fcsl      20   0  275472  27360  16048 S   0.0   0.4   0:01.55 /usr/libexec/ibus-extension-gtk3
   2301 fcsl      20   0  232212   6712   5028 S   0.0   0.1   0:00.02 /usr/libexec/gsd-disk-utility-notify
   2302 fcsl      20   0  196992  23344  16300 S   0.0   0.3   0:00.15 /usr/libexec/ibus-x11 --kill-daemon
   2316 fcsl      20   0  512948  41308  23256 S   0.0   0.5   0:00.93 python3 /usr/share/nvpmodel_indicator/nvpmodel_indicator.py
   2317 fcsl      20   0  237616   6672   6068 S   0.0   0.1   0:00.02 /usr/libexec/ibus-portal
   2353 fcsl      20   0  345756  14420  10528 S   0.0   0.2   0:00.02 /usr/libexec/gsd-printer
   2377 colord    20   0  246112  11944   8192 S   0.0   0.2   0:00.16 /usr/libexec/colord
   2462 root      20   0  404236  43620  34000 S   0.0   0.6   0:00.57 /usr/libexec/fwupd/fwupd
   2498 fcsl      20   0 2739436  27332  20372 S   0.0   0.4   0:00.09 /usr/bin/gjs /usr/share/gnome-shell/org.gnome.ScreenSaver
   2511 fcsl      20   0  511640  20804   3160 S   0.0   0.3   0:00.00 python3 /usr/share/nvpmodel_indicator/nvpmodel_indicator.py
   2512 fcsl      20   0  511640  20804   3160 S   0.0   0.3   0:00.00 python3 /usr/share/nvpmodel_indicator/nvpmodel_indicator.py
   2513 fcsl      20   0  511640  20804   3160 S   0.0   0.3   0:00.00 python3 /usr/share/nvpmodel_indicator/nvpmodel_indicator.py
   2514 fcsl      20   0  511640  20804   3160 S   0.0   0.3   0:00.00 python3 /usr/share/nvpmodel_indicator/nvpmodel_indicator.py
   2515 fcsl      20   0  511640  20804   3160 S   0.0   0.3   0:00.00 python3 /usr/share/nvpmodel_indicator/nvpmodel_indicator.py
   2516 fcsl      20   0  511640  20804   3160 S   0.0   0.3   0:00.00 python3 /usr/share/nvpmodel_indicator/nvpmodel_indicator.py
   2517 fcsl      20   0  511640  20804   3160 S   0.0   0.3   0:00.00 python3 /usr/share/nvpmodel_indicator/nvpmodel_indicator.py
   2518 fcsl      20   0  511640  20804   3160 S   0.0   0.3   0:00.00 python3 /usr/share/nvpmodel_indicator/nvpmodel_indicator.py
   2520 fcsl      20   0  511652  20848   3160 S   0.0   0.3   0:00.00 python3 /usr/share/nvpmodel_indicator/nvpmodel_indicator.py
   2521 fcsl      20   0  511652  20848   3160 S   0.0   0.3   0:00.00 python3 /usr/share/nvpmodel_indicator/nvpmodel_indicator.py
   2523 fcsl      20   0  511652  20848   3160 S   0.0   0.3   0:00.00 python3 /usr/share/nvpmodel_indicator/nvpmodel_indicator.py
   2524 fcsl      20   0  511652  20848   3160 S   0.0   0.3   0:00.00 python3 /usr/share/nvpmodel_indicator/nvpmodel_indicator.py
   2525 fcsl      20   0  511652  20848   3160 S   0.0   0.3   0:00.00 python3 /usr/share/nvpmodel_indicator/nvpmodel_indicator.py
   2526 fcsl      20   0  511652  20848   3160 S   0.0   0.3   0:00.00 python3 /usr/share/nvpmodel_indicator/nvpmodel_indicator.py
   2527 fcsl      20   0  511652  20848   3160 S   0.0   0.3   0:00.00 python3 /usr/share/nvpmodel_indicator/nvpmodel_indicator.py
   2528 fcsl      20   0  511652  20848   3160 S   0.0   0.3   0:00.00 python3 /usr/share/nvpmodel_indicator/nvpmodel_indicator.py
   2529 fcsl      20   0  511652  21360   3648 S   0.0   0.3   0:00.97 python3 /usr/share/nvpmodel_indicator/nvpmodel_indicator.py
   2531 fcsl      20   0  511652  20852   3160 S   0.0   0.3   0:00.00 python3 /usr/share/nvpmodel_indicator/nvpmodel_indicator.py
   2532 fcsl      20   0  511652  20852   3160 S   0.0   0.3   0:00.00 python3 /usr/share/nvpmodel_indicator/nvpmodel_indicator.py
   2558 fcsl      20   0  238820  11516   6280 S   0.0   0.1   0:00.06 /usr/libexec/ibus-engine-hangul --ibus
   2568 fcsl      39  19  648636  29248  20296 S   0.0   0.4   0:00.55 /usr/libexec/tracker-miner-fs-3
   2570 fcsl      20   0  345256  24112  16764 S   0.0   0.3   0:00.13 /usr/libexec/xdg-desktop-portal-gtk
   2735 fcsl      20   0  163392   5864   5280 S   0.0   0.1   0:00.01 /usr/libexec/gvfsd-metadata
   2762 root      20   0  136724  11180   9516 S   0.0   0.1   0:00.36 cupsd -f -s /var/snap/cups/common/etc/cups/cups-files.conf -c /var/snap/cups/common/etc/cups/cupsd.conf
   2770 snap_da+  20   0   14484   4204   3512 S   0.0   0.1   0:00.00 /snap/cups/1237/lib/cups/notifier/dbus dbus://
   2771 snap_da+  20   0   14484   4636   3932 S   0.0   0.1   0:00.00 /snap/cups/1237/lib/cups/notifier/dbus dbus://
   2772 snap_da+  20   0   14484   4216   3524 S   0.0   0.1   0:00.00 /snap/cups/1237/lib/cups/notifier/dbus dbus://
   2773 snap_da+  20   0   14484   4272   3576 S   0.0   0.1   0:00.00 /snap/cups/1237/lib/cups/notifier/dbus dbus://
   2774 snap_da+  20   0   14484   4636   3932 S   0.0   0.1   0:00.00 /snap/cups/1237/lib/cups/notifier/dbus dbus://
   2781 root      20   0  260796  17948  13524 S   0.0   0.2   0:00.46 cups-browsed -c /var/snap/cups/common/etc/cups/cups-browsed.conf
   3356 root      20   0   18536   9044   7116 S   0.0   0.1   0:00.03 sshd: fcsl [priv]
   3413 fcsl      20   0   18984   7780   5556 S   0.0   0.1   0:00.42 sshd: fcsl@pts/0
   3414 fcsl      20   0   15168   8696   3028 S   0.0   0.1   0:00.15 -bash
   3656 root      20   0   18536   9052   7124 S   0.0   0.1   0:00.02 sshd: fcsl [priv]
   3699 fcsl      20   0   18984   7800   5576 S   0.0   0.1   0:00.01 sshd: fcsl@pts/1
   3700 fcsl      20   0   15168   8568   2900 S   0.0   0.1   0:00.11 -bash
   3956 root      20   0   18536   9052   7124 S   0.0   0.1   0:00.03 sshd: fcsl [priv]
   3986 fcsl      20   0   18984   7800   5576 S   0.0   0.1   0:00.24 sshd: fcsl@pts/2
   3987 fcsl      20   0   15168   8564   2900 S   0.0   0.1   0:00.06 -bash
   4340 fcsl      20   0  421744  28484  20708 S   0.0   0.4   0:00.18 update-notifier
   5745 root      20   0       0      0      0 I   0.0   0.0   0:00.00 [kworker/5:0-events]
   5746 root      20   0       0      0      0 I   0.0   0.0   0:00.13 [kworker/0:0-events]
   5789 root      20   0   18536   9056   7128 S   0.0   0.1   0:00.03 sshd: fcsl [priv]
   5817 fcsl      20   0   19504   8220   5580 S   0.0   0.1   0:07.59 sshd: fcsl@notty
   5818 fcsl      20   0    9792   2976   2680 S   0.0   0.0   0:00.00 -bash
   5821 fcsl      20   0    2440   1568   1348 S   0.0   0.0   0:00.00 sh
   5892 fcsl      20   0   42184   8676   6928 S   0.0   0.1   0:00.04 /home/fcsl/.vscode-server/code-6a49527b96e326fe62fbdb56f60e16877c9aa724 --cli-data-dir /home/fcsl/.vscode-server/cli agent host
   5913 fcsl      20   0    2328    816    732 S   0.0   0.0   0:00.00 sh /home/fcsl/.vscode-server/cli/servers/Stable-6a49527b96e326fe62fbdb56f60e16877c9aa724/server/bin/code-server --connection-token=remotessh --accept-server-license-terms --agent-host-bridge-port=41459 --agent-host-bridge-host=127.0.0.1 --agent-host-bridge-connection-token=03adc759-cc11-482d-a5c4-3d1cf335af96 --start-server --enable-remote-auto-shutdown --socket-path=/tmp/code-9639163c-fbe7-4e2e-8b21-e167c70142b5
   5917 fcsl      20   0   11.1g 174268  46284 S   0.0   2.2   0:09.96 /home/fcsl/.vscode-server/cli/servers/Stable-6a49527b96e326fe62fbdb56f60e16877c9aa724/server/node /home/fcsl/.vscode-server/cli/servers/Stable-6a49527b96e326fe62fbdb56f60e16877c9aa724/server/out/server-main.js --connection-token=remotessh --accept-server-license-terms --agent-host-bridge-port=41459 --agent-host-bridge-host=127.0.0.1 --agent-host-bridge-connection-token=03adc759-cc11-482d-a5c4-3d1cf335af96 --start-server --enable-remote+
   6192 fcsl      20   0  952820  70140  41896 S   0.0   0.9   0:01.89 /home/fcsl/.vscode-server/cli/servers/Stable-6a49527b96e326fe62fbdb56f60e16877c9aa724/server/node /home/fcsl/.vscode-server/cli/servers/Stable-6a49527b96e326fe62fbdb56f60e16877c9aa724/server/out/bootstrap-fork --type=ptyHost --logsPath /home/fcsl/.vscode-server/data/logs/20260817T111943
   6410 root      20   0       0      0      0 I   0.0   0.0   0:00.00 [kworker/1:0-events]
   6731 fcsl      20   0  997088  80596  41996 S   0.0   1.0   0:07.34 /home/fcsl/.vscode-server/cli/servers/Stable-6a49527b96e326fe62fbdb56f60e16877c9aa724/server/node /home/fcsl/.vscode-server/cli/servers/Stable-6a49527b96e326fe62fbdb56f60e16877c9aa724/server/out/bootstrap-fork --type=fileWatcher
   7080 fcsl      20   0  405524  74872  63060 S   0.0   1.0   0:01.33 /home/fcsl/.vscode-server/extensions/openai.chatgpt-26.810.52044-linux-arm64/bin/linux-aarch64/codex -c features.code_mode_host=true app-server --analytics-default-enabled
   7182 fcsl      20   0   15216   8668   2972 S   0.0   0.1   0:00.05 /usr/bin/bash --init-file /home/fcsl/.vscode-server/cli/servers/Stable-6a49527b96e326fe62fbdb56f60e16877c9aa724/server/out/vs/workbench/contrib/terminal/common/scripts/shellIntegration-bash.sh
   7850 root      20   0   18536   9060   7132 S   0.0   0.1   0:00.04 sshd: fcsl [priv]
   7878 fcsl      20   0   18824   7676   5580 S   0.0   0.1   0:00.02 sshd: fcsl@pts/6
   7879 fcsl      20   0   15168   8708   3036 S   0.0   0.1   0:00.15 -bash
   8118 root      20   0   18536   9060   7132 S   0.0   0.1   0:00.04 sshd: fcsl [priv]
   8146 fcsl      20   0   18984   7680   5580 S   0.0   0.1   0:00.02 sshd: fcsl@pts/8
   8147 fcsl      20   0   15168   8708   3032 S   0.0   0.1   0:00.15 -bash
   8386 root      20   0   18536   9060   7132 S   0.0   0.1   0:00.04 sshd: fcsl [priv]
   8414 fcsl      20   0   18824   7672   5580 S   0.0   0.1   0:00.01 sshd: fcsl@pts/9
   8415 fcsl      20   0   15168   8636   2960 S   0.0   0.1   0:00.12 -bash
  11747 root      20   0       0      0      0 I   0.0   0.0   0:00.00 [kworker/0:2-events]
  11800 root      20   0   18536   9328   7400 S   0.0   0.1   0:00.04 sshd: fcsl [priv]
  11829 fcsl      20   0   15168   9064   3388 S   0.0   0.1   0:00.37 -bash
  16192 root      20   0       0      0      0 I   0.0   0.0   0:00.07 [kworker/u12:3-devfreq_wq]
  16258 root      20   0       0      0      0 I   0.0   0.0   0:00.00 [kworker/0:1-events]
  16292 root      20   0    8112    764    688 S   0.0   0.0   0:00.00 sleep 300
  16331 root      20   0       0      0      0 I   0.0   0.0   0:00.02 [kworker/u12:0-events_freezable_power_]
  19218 fcsl      20   0  663148  18984  14464 S   0.0   0.2   0:00.12 /home/fcsl/roboracer_ws/install/vesc_ackermann/lib/vesc_ackermann/ackermann_to_vesc_node --ros-args -r __node:=ackermann_to_vesc_node -r __ns:=/vesc --params-file /home/fcsl/roboracer_ws/install/stack_master/share/stack_master/config/CAR/vehicle_config.yaml
  19240 fcsl      20   0  206192  31704  14596 S   0.0   0.4   0:00.55 /home/fcsl/miniforge3/envs/thirdimpact/bin/python /home/fcsl/miniforge3/envs/thirdimpact/bin/ros2 run joy joy_node
  19545 fcsl      20   0    8112    780    704 S   0.0   0.0   0:00.00 sleep 180
  19546 fcsl      20   0   10072   3092   2780 S   0.0   0.0   0:00.00 bash ./cpu_profile.sh

top - 11:34:45 up 22 min,  8 users,  load average: 4.77, 3.55, 3.59
Tasks: 408 total,  17 running, 391 sleeping,   0 stopped,   0 zombie
%Cpu(s): 80.4 us, 17.0 sy,  0.0 ni,  0.0 id,  0.0 wa,  1.2 hi,  1.4 si,  0.0 st
MiB Mem :   7607.4 total,   2488.7 free,   2712.4 used,   2406.3 buff/cache
MiB Swap:   3803.7 total,   3803.2 free,      0.5 used.   4624.5 avail Mem 

    PID USER      PR  NI    VIRT    RES    SHR S  %CPU  %MEM     TIME+ COMMAND
  19251 fcsl      20   0  868124  47436  36540 S  34.6   0.6   0:01.40 /home/fcsl/roboracer_ws/install/kiss_icp_localization/lib/kiss_icp_localization/localization_node --ros-args -r __node:=kiss_icp_localization --params-file /home/fcsl/roboracer_ws/install/stack_master/share/stack_master/config/kiss.yaml --params-file /tmp/launch_params_kkza55sc --params-file /tmp/launch_params_bk6s3os3
  19358 fcsl      20   0  783580  71716  29132 R  32.7   0.9   0:01.23 /home/fcsl/miniforge3/envs/thirdimpact/bin/python3.12 /home/fcsl/roboracer_ws/install/controller/lib/controller/controller_manager --ros-args -r __node:=controller_manager --params-file /home/fcsl/roboracer_ws/install/stack_master/share/stack_master/config/controller.yaml --params-file /tmp/launch_params_rteop0df --params-file /tmp/launch_params_fgfbn70d
  19344 fcsl      20   0  796852  78224  33376 R  32.3   1.0   0:01.28 /home/fcsl/miniforge3/envs/thirdimpact/bin/python3.12 /home/fcsl/roboracer_ws/install/spliner/lib/spliner/static_avoidance_node --ros-args -r __node:=static_avoidance_planner --params-file /home/fcsl/roboracer_ws/install/stack_master/share/stack_master/config/static_avoidance_planner.yaml -r /planner/avoidance/otwpnts:=/planner/avoidance/static_otwpnts
  19352 fcsl      20   0  785360  72780  29140 R  31.8   0.9   0:01.21 python3 /home/fcsl/roboracer_ws/install/gp_traj_predictor/lib/gp_traj_predictor/opponent_trajectory --ros-args -r __node:=OpponentHalflap
  19354 fcsl      20   0  373868  72828  25904 R  31.8   0.9   0:01.19 python3 /home/fcsl/roboracer_ws/install/gp_traj_predictor/lib/gp_traj_predictor/gaussian_process_opp_traj --ros-args -r __node:=GP_trajectory
  19336 fcsl      20   0  806564  84176  35456 R  30.0   1.1   0:01.29 /home/fcsl/miniforge3/envs/thirdimpact/bin/python3.12 /home/fcsl/roboracer_ws/install/state_machine/lib/state_machine/state_machine --ros-args -r __node:=state_machine --params-file /home/fcsl/roboracer_ws/install/stack_master/share/stack_master/config/state_machine_params.yaml --params-file /tmp/launch_params_biwnb6d6 --params-file /tmp/launch_params_30za9fdy --params-file /tmp/launch_params_f2pjkjd6 --params-file /tmp/launch_params_v+
  19346 fcsl      20   0  775304  68788  27536 R  30.0   0.9   0:01.16 /home/fcsl/miniforge3/envs/thirdimpact/bin/python3.12 /home/fcsl/roboracer_ws/install/lane_change_planner/lib/lane_change_planner/change_avoidance_node --ros-args -r __node:=planner_change --params-file /tmp/launch_params_3lr3b4pe
  19340 fcsl      20   0  784612  71800  29140 R  28.6   0.9   0:01.16 /home/fcsl/miniforge3/envs/thirdimpact/bin/python3.12 /home/fcsl/roboracer_ws/install/recovery_spliner/lib/recovery_spliner/recovery_spliner_node --ros-args -r __node:=recovery_spliner_node
  19342 fcsl      20   0  784516  71716  29136 R  28.6   0.9   0:01.21 /home/fcsl/miniforge3/envs/thirdimpact/bin/python3.12 /home/fcsl/roboracer_ws/install/spliner/lib/spliner/start_spline_node_v2 --ros-args -r __node:=start_planner
  19311 fcsl      20   0  787380  73816  30116 R  27.2   0.9   0:01.20 /home/fcsl/miniforge3/envs/thirdimpact/bin/python3.12 /home/fcsl/roboracer_ws/install/frenet_odom_republisher/lib/frenet_odom_republisher/frenet_odom_republisher_node --ros-args -r __node:=frenet_odom_republisher -r /car_state/frenet/odom:=/car_state/odom_frenet
  19328 fcsl      20   0  778556  70212  27312 R  27.2   0.9   0:01.15 python3 /home/fcsl/roboracer_ws/install/perception/lib/perception/tracking_node --ros-args -r __node:=tracking --params-file /home/fcsl/roboracer_ws/install/stack_master/share/stack_master/config/opponent_tracker_params.yaml -r /tracking/obstacles:=/tracking/obstacles
  19281 fcsl      20   0  645900  75116  31212 R  26.7   1.0   0:01.33 /home/fcsl/miniforge3/envs/thirdimpact/bin/python3.12 /home/fcsl/roboracer_ws/install/gb_optimizer/lib/gb_optimizer/global_trajectory_publisher --ros-args -r __node:=global_republisher --params-file /tmp/launch_params_lsq8407e
  19297 fcsl      20   0  800760  80908  33784 R  26.3   1.0   0:01.27 /home/fcsl/miniforge3/envs/thirdimpact/bin/python3.12 /home/fcsl/roboracer_ws/install/overtaking_sector_tuner/lib/overtaking_sector_tuner/ot_interpolator --ros-args -r __node:=ot_sector_tuner --params-file /home/fcsl/roboracer_ws/install/stack_master/share/stack_master/maps/0815test3/ot_sectors.yaml --params-file /tmp/launch_params_ti68gs7d
  19307 fcsl      20   0  783340  72932  29140 R  26.3   0.9   0:01.17 /home/fcsl/miniforge3/envs/thirdimpact/bin/python3.12 /home/fcsl/roboracer_ws/install/frenet_conversion_server/lib/frenet_conversion_server/frenet_conversion_server_node --ros-args -r __node:=frenet_conversion_server_node --params-file /tmp/launch_params_1_pyfy3w
  19314 fcsl      20   0 1113108  61040  25504 R  24.0   0.8   0:01.17 /home/fcsl/miniforge3/envs/thirdimpact/bin/python3.12 /home/fcsl/roboracer_ws/install/lap_analyser/lib/lap_analyser/lap_analyser --ros-args -r __node:=lap_analyser --params-file /tmp/launch_params_0px3ph6a
  19356 fcsl      20   0 1118488  63484  27064 S  21.2   0.8   0:00.95 python3 /home/fcsl/roboracer_ws/install/gp_traj_predictor/lib/gp_traj_predictor/opp_prediction --ros-args -r __node:=opponent_propagation_predictor
  19350 fcsl      20   0 1112980  61200  25528 S  18.9   0.8   0:00.93 /home/fcsl/miniforge3/envs/thirdimpact/bin/python3.12 /home/fcsl/roboracer_ws/install/lane_change_planner/lib/lane_change_planner/update_waypoints --ros-args -r __node:=waypoint_updater
  19289 fcsl      20   0 1117476  63412  26716 S  16.1   0.8   0:00.96 /home/fcsl/miniforge3/envs/thirdimpact/bin/python3.12 /home/fcsl/roboracer_ws/install/sector_tuner/lib/sector_tuner/sector_tuner --ros-args -r __node:=speed_sector_tuner --params-file /home/fcsl/roboracer_ws/install/stack_master/share/stack_master/maps/0815test3/speed_scaling.yaml --params-file /tmp/launch_params_kwlnquqh
  19230 fcsl      20   0 1106708  58084  24440 R  10.6   0.7   0:00.93 python3 /home/fcsl/roboracer_ws/install/stack_master/lib/stack_master/simple_mux_node.py --ros-args -r __node:=simple_mux --params-file /home/fcsl/roboracer_ws/install/stack_master/share/stack_master/config/CAR/vehicle_config.yaml --params-file /tmp/launch_params_pywsh3_8 --params-file /tmp/launch_params_yk3h0muz --params-file /tmp/launch_params_uihzw7ry --params-file /tmp/launch_params_5fc12uzq --params-file /tmp/launch_params_nd2qw0hk
  19561 fcsl      20   0  823792  24520  16644 S   9.7   0.3   0:00.27 /home/fcsl/miniforge3/envs/thirdimpact/lib/joy/joy_node
  19216 fcsl      20   0  882452  21244  13904 S   8.3   0.3   0:00.44 /home/fcsl/roboracer_ws/install/vesc_driver/lib/vesc_driver/vesc_driver_node --ros-args -r __node:=vesc_driver_node -r __ns:=/vesc --params-file /home/fcsl/roboracer_ws/install/stack_master/share/stack_master/config/CAR/vehicle_config.yaml
  19213 fcsl      20   0 2285724  52236  16816 R   6.0   0.7   0:02.61 /home/fcsl/miniforge3/envs/thirdimpact/bin/python /home/fcsl/miniforge3/envs/thirdimpact/bin/ros2 launch stack_master race.launch.xml map:=0815test3
  19326 fcsl      20   0 1125896  50556  33564 S   5.5   0.6   0:00.46 /home/fcsl/roboracer_ws/install/perception/lib/perception/detect --ros-args -r __node:=detect --params-file /home/fcsl/roboracer_ws/install/stack_master/share/stack_master/config/opponent_tracker_params.yaml --params-file /tmp/launch_params_gk8q2zkj
   6720 fcsl      20   0   42.1g 668852  59704 S   4.6   8.6   1:02.99 /home/fcsl/.vscode-server/cli/servers/Stable-6a49527b96e326fe62fbdb56f60e16877c9aa724/server/node --dns-result-order=ipv4first /home/fcsl/.vscode-server/cli/servers/Stable-6a49527b96e326fe62fbdb56f60e16877c9aa724/server/out/bootstrap-fork --type=extensionHost --transformURIs --useHostProxy=false
  19222 fcsl      20   0  817464  19588  14172 S   4.1   0.3   0:00.25 /home/fcsl/roboracer_ws/install/urg_node/lib/urg_node/urg_node_driver --ros-args -r __node:=urg_node --params-file /home/fcsl/roboracer_ws/install/stack_master/share/stack_master/config/CAR/vehicle_config.yaml -r /scan:=/scan
  19224 fcsl      20   0 1113316  61732  25836 S   3.7   0.8   0:00.86 python3 /home/fcsl/roboracer_ws/install/stack_master/lib/stack_master/static_tf_publisher.py --ros-args -r __node:=static_tf_publisher --params-file /home/fcsl/roboracer_ws/install/stack_master/share/stack_master/config/CAR/static_transforms.yaml
  19220 fcsl      20   0  663144  19936  14644 S   3.2   0.3   0:00.21 /home/fcsl/roboracer_ws/install/vesc_ackermann/lib/vesc_ackermann/vesc_to_odom_node --ros-args -r __node:=vesc_to_odom_node -r __ns:=/vesc --params-file /home/fcsl/roboracer_ws/install/stack_master/share/stack_master/config/CAR/vehicle_config.yaml
  19218 fcsl      20   0  663148  19772  14464 S   2.8   0.3   0:00.18 /home/fcsl/roboracer_ws/install/vesc_ackermann/lib/vesc_ackermann/ackermann_to_vesc_node --ros-args -r __node:=ackermann_to_vesc_node -r __ns:=/vesc --params-file /home/fcsl/roboracer_ws/install/stack_master/share/stack_master/config/CAR/vehicle_config.yaml
  19247 fcsl      20   0  817644  23752  17424 S   2.8   0.3   0:00.24 /home/fcsl/miniforge3/envs/thirdimpact/lib/nav2_lifecycle_manager/lifecycle_manager --ros-args -r __node:=lifecycle_manager_localization --params-file /tmp/launch_params_gzsj1u13 --params-file /tmp/launch_params_7txkr4rh --params-file /tmp/launch_params_ojdu_5r1
  19249 fcsl      20   0  721960  32888  21568 S   2.8   0.4   0:00.26 /home/fcsl/miniforge3/envs/thirdimpact/lib/nav2_map_server/map_server --ros-args -r __node:=map_server --params-file /tmp/launch_params_7an6qmh_ --params-file /tmp/launch_params_3pildy1p --params-file /tmp/launch_params_bxv9_bd6 --params-file /tmp/launch_params_3ypbuy35
  19245 fcsl      20   0 1106480  60368  24328 S   2.3   0.8   0:00.84 python3 /home/fcsl/roboracer_ws/install/stack_master/lib/stack_master/map_relay_node.py --ros-args -r __node:=map_relay_node
   5868 fcsl      20   0   45844  12856   8268 S   1.4   0.2   0:11.25 /home/fcsl/.vscode-server/code-6a49527b96e326fe62fbdb56f60e16877c9aa724 command-shell --cli-data-dir /home/fcsl/.vscode-server/cli --parent-process-id 5821 --on-host=127.0.0.1 --on-port
  19553 fcsl      20   0   12120   3496   2676 R   1.4   0.0   0:00.07 top -b -c -w 512 -d 2
   5817 fcsl      20   0   19504   8220   5580 S   0.9   0.1   0:07.61 sshd: fcsl@notty
   5917 fcsl      20   0   11.1g 174268  46284 S   0.9   2.2   0:09.98 /home/fcsl/.vscode-server/cli/servers/Stable-6a49527b96e326fe62fbdb56f60e16877c9aa724/server/node /home/fcsl/.vscode-server/cli/servers/Stable-6a49527b96e326fe62fbdb56f60e16877c9aa724/server/out/server-main.js --connection-token=remotessh --accept-server-license-terms --agent-host-bridge-port=41459 --agent-host-bridge-host=127.0.0.1 --agent-host-bridge-connection-token=03adc759-cc11-482d-a5c4-3d1cf335af96 --start-server --enable-remote+
  11828 fcsl      20   0   18824   8292   6100 S   0.9   0.1   0:00.28 sshd: fcsl@pts/5
    270 root      20   0       0      0      0 I   0.5   0.0   0:00.45 [kworker/u12:5-events_unbound]
   6192 fcsl      20   0  952820  70140  41896 S   0.5   0.9   0:01.90 /home/fcsl/.vscode-server/cli/servers/Stable-6a49527b96e326fe62fbdb56f60e16877c9aa724/server/node /home/fcsl/.vscode-server/cli/servers/Stable-6a49527b96e326fe62fbdb56f60e16877c9aa724/server/out/bootstrap-fork --type=ptyHost --logsPath /home/fcsl/.vscode-server/data/logs/20260817T111943
      1 root      20   0  167496  11476   7176 S   0.0   0.1   0:03.45 /sbin/init 2
      2 root      20   0       0      0      0 S   0.0   0.0   0:00.01 [kthreadd]
      3 root       0 -20       0      0      0 I   0.0   0.0   0:00.00 [rcu_gp]
      4 root       0 -20       0      0      0 I   0.0   0.0   0:00.00 [rcu_par_gp]
      5 root       0 -20       0      0      0 I   0.0   0.0   0:00.00 [slub_flushwq]
      6 root       0 -20       0      0      0 I   0.0   0.0   0:00.00 [netns]
      8 root       0 -20       0      0      0 I   0.0   0.0   0:00.00 [kworker/0:0H-events_highpri]
     10 root       0 -20       0      0      0 I   0.0   0.0   0:00.00 [mm_percpu_wq]
     11 root      20   0       0      0      0 S   0.0   0.0   0:00.00 [rcu_tasks_kthre]
     12 root      20   0       0      0      0 S   0.0   0.0   0:00.00 [rcu_tasks_rude_]
     13 root      20   0       0      0      0 S   0.0   0.0   0:00.00 [rcu_tasks_trace]
     14 root      20   0       0      0      0 S   0.0   0.0   0:00.68 [ksoftirqd/0]
     15 root      20   0       0      0      0 I   0.0   0.0   0:00.35 [rcu_preempt]
     16 root      rt   0       0      0      0 S   0.0   0.0   0:00.00 [migration/0]
     17 root      20   0       0      0      0 S   0.0   0.0   0:00.00 [cpuhp/0]
     18 root      20   0       0      0      0 S   0.0   0.0   0:00.00 [cpuhp/1]
     19 root      rt   0       0      0      0 S   0.0   0.0   0:00.00 [migration/1]
     20 root      20   0       0      0      0 S   0.0   0.0   0:00.14 [ksoftirqd/1]
     22 root       0 -20       0      0      0 I   0.0   0.0   0:00.00 [kworker/1:0H-events_highpri]
     23 root      20   0       0      0      0 S   0.0   0.0   0:00.00 [cpuhp/2]
     24 root      rt   0       0      0      0 S   0.0   0.0   0:00.00 [migration/2]
     25 root      20   0       0      0      0 S   0.0   0.0   0:00.15 [ksoftirqd/2]
     27 root       0 -20       0      0      0 I   0.0   0.0   0:00.00 [kworker/2:0H-kblockd]
     28 root      20   0       0      0      0 S   0.0   0.0   0:00.00 [cpuhp/3]
     29 root      rt   0       0      0      0 S   0.0   0.0   0:00.00 [migration/3]
     30 root      20   0       0      0      0 S   0.0   0.0   0:00.18 [ksoftirqd/3]
     31 root      20   0       0      0      0 I   0.0   0.0   0:00.07 [kworker/3:0-mm_percpu_wq]
     32 root       0 -20       0      0      0 I   0.0   0.0   0:00.00 [kworker/3:0H-events_highpri]
     33 root      20   0       0      0      0 S   0.0   0.0   0:00.00 [cpuhp/4]
     34 root      rt   0       0      0      0 S   0.0   0.0   0:00.00 [migration/4]
     35 root      20   0       0      0      0 S   0.0   0.0   0:00.15 [ksoftirqd/4]
     37 root       0 -20       0      0      0 I   0.0   0.0   0:00.00 [kworker/4:0H-events_highpri]
     38 root      20   0       0      0      0 S   0.0   0.0   0:00.00 [cpuhp/5]
     39 root      rt   0       0      0      0 S   0.0   0.0   0:00.00 [migration/5]
     40 root      20   0       0      0      0 S   0.0   0.0   0:00.13 [ksoftirqd/5]
     42 root       0 -20       0      0      0 I   0.0   0.0   0:00.00 [kworker/5:0H-events_highpri]
     43 root      20   0       0      0      0 S   0.0   0.0   0:00.00 [kdevtmpfs]
     44 root       0 -20       0      0      0 I   0.0   0.0   0:00.00 [inet_frag_wq]
     47 root      20   0       0      0      0 I   0.0   0.0   0:00.01 [kworker/2:1-cgroup_destroy]
     50 root      20   0       0      0      0 I   0.0   0.0   0:00.00 [kworker/4:1-events]
     51 root      20   0       0      0      0 S   0.0   0.0   0:00.00 [kauditd]
     52 root      20   0       0      0      0 S   0.0   0.0   0:00.00 [oom_reaper]
     53 root       0 -20       0      0      0 I   0.0   0.0   0:00.00 [writeback]
     54 root      20   0       0      0      0 S   0.0   0.0   0:00.00 [kcompactd0]
     55 root      25   5       0      0      0 S   0.0   0.0   0:00.00 [ksmd]
     56 root      39  19       0      0      0 S   0.0   0.0   0:00.15 [khugepaged]
     67 root       0 -20       0      0      0 I   0.0   0.0   0:00.00 [cryptd]
     86 root       0 -20       0      0      0 I   0.0   0.0   0:00.00 [kintegrityd]
     87 root       0 -20       0      0      0 I   0.0   0.0   0:00.00 [kblockd]
     88 root       0 -20       0      0      0 I   0.0   0.0   0:00.00 [blkcg_punt_bio]
     89 root       0 -20       0      0      0 I   0.0   0.0   0:00.00 [tpm_dev_wq]
     90 root       0 -20       0      0      0 I   0.0   0.0   0:00.00 [ata_sff]
     91 root       0 -20       0      0      0 I   0.0   0.0   0:00.00 [edac-poller]
     92 root       0 -20       0      0      0 I   0.0   0.0   0:00.00 [devfreq_wq]
     93 root     -51   0       0      0      0 S   0.0   0.0   0:00.00 [watchdogd]
     94 root      20   0       0      0      0 I   0.0   0.0   0:00.67 [kworker/u12:1-events_unbound]
     95 root      20   0       0      0      0 I   0.0   0.0   0:00.47 [kworker/u12:2-events_freezable_power_]
     96 root       0 -20       0      0      0 I   0.0   0.0   0:00.00 [kworker/0:1H-kblockd]
     97 root       0 -20       0      0      0 I   0.0   0.0   0:00.00 [rpciod]
     98 root       0 -20       0      0      0 I   0.0   0.0   0:00.03 [kworker/u13:0-hci0]
     99 root       0 -20       0      0      0 I   0.0   0.0   0:00.00 [xprtiod]
    127 root      20   0       0      0      0 S   0.0   0.0   0:00.36 [kswapd0]
    128 root       0 -20       0      0      0 I   0.0   0.0   0:00.00 [nfsiod]
    132 root       0 -20       0      0      0 I   0.0   0.0   0:00.00 [vfio-irqfd-clea]
    133 root       0 -20       0      0      0 I   0.0   0.0   0:00.00 [bch_btree_io]
    134 root       0 -20       0      0      0 I   0.0   0.0   0:00.00 [bcache]
    135 root       0 -20       0      0      0 I   0.0   0.0   0:00.00 [bch_journal]
    136 root       0 -20       0      0      0 I   0.0   0.0   0:00.00 [dm_bufio_cache]
    138 root      10 -10       0      0      0 S   0.0   0.0   0:00.00 [krfcommd]
    139 root      20   0       0      0      0 S   0.0   0.0   0:00.00 [pr/tty0]
    140 root      20   0       0      0      0 S   0.0   0.0   0:02.86 [pr/ttyTCU0]
    143 root     -51   0       0      0      0 S   0.0   0.0   0:00.00 [irq/114-3160000]
    145 root     -51   0       0      0      0 S   0.0   0.0   0:00.00 [irq/115-3180000]
    146 root      20   0       0      0      0 I   0.0   0.0   0:00.38 [kworker/1:3-events]
    147 root     -51   0       0      0      0 S   0.0   0.0   0:00.00 [irq/116-31b0000]
    148 root     -51   0       0      0      0 S   0.0   0.0   0:00.00 [irq/167-c240000]
    149 root     -51   0       0      0      0 S   0.0   0.0   0:00.00 [irq/168-c250000]
    150 root     -51   0       0      0      0 S   0.0   0.0   0:00.00 [irq/125-3610000]
    151 root     -51   0       0      0      0 S   0.0   0.0   0:00.00 [irq/122-3610000]
    152 root      20   0       0      0      0 I   0.0   0.0   0:00.03 [kworker/5:3-mm_percpu_wq]
    153 root       0 -20       0      0      0 I   0.0   0.0   0:00.00 [sdhci]
    154 root     -51   0       0      0      0 S   0.0   0.0   0:00.00 [irq/120-mmc0]
    155 root     -51   0       0      0      0 S   0.0   0.0   0:00.00 [irq/230-3400000]
    156 root      20   0       0      0      0 I   0.0   0.0   0:00.06 [kworker/2:2-mm_percpu_wq]
    173 root       0 -20       0      0      0 I   0.0   0.0   0:00.00 [kworker/1:1H-kblockd]
    174 root      20   0       0      0      0 I   0.0   0.0   0:00.00 [kworker/3:2-mm_percpu_wq]
    179 root     -51   0       0      0      0 S   0.0   0.0   0:00.00 [irq/191-tegra-p]
    180 root       0 -20       0      0      0 I   0.0   0.0   0:00.00 [nvme-wq]
    181 root       0 -20       0      0      0 I   0.0   0.0   0:00.00 [nvme-reset-wq]
    182 root       0 -20       0      0      0 I   0.0   0.0   0:00.00 [nvme-delete-wq]
    191 root     -51   0       0      0      0 S   0.0   0.0   0:00.00 [irq/191-aerdrv]
    192 root     -51   0       0      0      0 S   0.0   0.0   0:00.00 [irq/193-tegra-p]
    195 root     -51   0       0      0      0 S   0.0   0.0   0:00.00 [irq/193-aerdrv]
    196 root     -51   0       0      0      0 S   0.0   0.0   0:00.00 [irq/195-tegra-p]
    198 root     -51   0       0      0      0 S   0.0   0.0   0:00.00 [irq/232-nvme0q0]
    199 root     -51   0       0      0      0 S   0.0   0.0   0:00.22 [irq/233-nvme0q1]
    200 root     -51   0       0      0      0 S   0.0   0.0   0:00.32 [irq/234-nvme0q2]
    201 root     -51   0       0      0      0 S   0.0   0.0   0:00.18 [irq/235-nvme0q3]
    202 root     -51   0       0      0      0 S   0.0   0.0   0:00.22 [irq/236-nvme0q4]
    203 root     -51   0       0      0      0 S   0.0   0.0   0:00.06 [irq/237-nvme0q5]
    204 root     -51   0       0      0      0 S   0.0   0.0   0:00.06 [irq/238-nvme0q6]
    205 root      20   0       0      0      0 I   0.0   0.0   0:00.49 [kworker/u12:4-events_freezable_power_]
    209 root      20   0       0      0      0 S   0.0   0.0   0:00.13 [jbd2/nvme0n1p1-]
    210 root       0 -20       0      0      0 I   0.0   0.0   0:00.00 [ext4-rsv-conver]
    211 root       0 -20       0      0      0 I   0.0   0.0   0:00.00 [kworker/2:1H-kblockd]
    220 root       0 -20       0      0      0 I   0.0   0.0   0:00.00 [mld]
    221 root       0 -20       0      0      0 I   0.0   0.0   0:00.00 [kworker/3:1H-kblockd]
    222 root       0 -20       0      0      0 I   0.0   0.0   0:00.00 [ipv6_addrconf]
    253 root      19  -1   40524   9664   8044 S   0.0   0.1   0:00.49 /lib/systemd/systemd-journald
    267 root      20   0       0      0      0 I   0.0   0.0   0:00.04 [kworker/4:2-mm_percpu_wq]
    271 root      20   0       0      0      0 I   0.0   0.0   0:00.60 [kworker/u12:6-events_freezable_power_]
    272 root      20   0       0      0      0 I   0.0   0.0   0:00.36 [kworker/u12:7-devfreq_wq]
    273 root      20   0       0      0      0 I   0.0   0.0   0:00.45 [kworker/u12:8-events_freezable_power_]
    283 root      39  19       0      0      0 S   0.0   0.0   0:00.00 [nvmap-bz]
    284 root     -51   0       0      0      0 S   0.0   0.0   0:00.00 [irq/188-host1x_]
    286 root     -51   0       0      0      0 S   0.0   0.0   0:00.00 [irq/197-gk20a_s]
    287 root     -51   0       0      0      0 S   0.0   0.0   0:00.00 [irq/198-gk20a_s]
    288 root     -51   0       0      0      0 S   0.0   0.0   0:00.00 [irq/199-gk20a_s]
    289 root     -51   0       0      0      0 S   0.0   0.0   0:00.00 [irq/200-gk20a_n]
    293 root      20   0    9792   2792   2528 S   0.0   0.0   0:00.00 /bin/bash /etc/systemd/nv-tee-supplicant.sh
    298 root      20   0   76588   1360   1248 S   0.0   0.0   0:00.01 /usr/sbin/tee-supplicant
    299 root       0 -20       0      0      0 I   0.0   0.0   0:00.00 [optee_bus_scan]
    307 root       0 -20       0      0      0 I   0.0   0.0   0:00.00 [kworker/4:1H-kblockd]
    309 root      20   0   24048   6028   3380 S   0.0   0.1   0:02.00 /lib/systemd/systemd-udevd
    310 root      20   0   23744   5080   2712 S   0.0   0.1   0:00.16 /lib/systemd/systemd-udevd
    311 root      20   0   23396   4308   2228 S   0.0   0.1   0:00.12 /lib/systemd/systemd-udevd
    312 root      20   0   23508   4468   2212 S   0.0   0.1   0:00.15 /lib/systemd/systemd-udevd
    313 root      20   0   24528   6416   3228 S   0.0   0.1   0:00.31 /lib/systemd/systemd-udevd
    314 root      20   0   23532   4792   2660 S   0.0   0.1   0:00.24 /lib/systemd/systemd-udevd
    315 root      20   0   23500   5188   3048 S   0.0   0.1   0:00.27 /lib/systemd/systemd-udevd
    316 root      20   0   23520   4608   2452 S   0.0   0.1   0:00.16 /lib/systemd/systemd-udevd
    317 root      20   0   23540   4232   2096 S   0.0   0.1   0:00.14 /lib/systemd/systemd-udevd
    318 root      20   0   23548   4688   2540 S   0.0   0.1   0:00.10 /lib/systemd/systemd-udevd
    320 root      20   0   23808   5888   3448 S   0.0   0.1   0:05.06 /lib/systemd/systemd-udevd
    321 root      20   0   23396   5028   2908 S   0.0   0.1   0:00.19 /lib/systemd/systemd-udevd
    322 root      20   0   23500   5104   2852 S   0.0   0.1   0:00.18 /lib/systemd/systemd-udevd
    323 root      20   0   23516   4360   2096 S   0.0   0.1   0:00.16 /lib/systemd/systemd-udevd
    324 root      20   0   23520   4748   2480 S   0.0   0.1   0:00.18 /lib/systemd/systemd-udevd
    325 root      20   0   23500   5072   2820 S   0.0   0.1   0:00.20 /lib/systemd/systemd-udevd
    326 root      20   0   23548   4624   2476 S   0.0   0.1   0:00.16 /lib/systemd/systemd-udevd
    327 root      20   0   24548   5496   2292 S   0.0   0.1   0:00.21 /lib/systemd/systemd-udevd
    328 root      20   0   23516   4380   2212 S   0.0   0.1   0:00.13 /lib/systemd/systemd-udevd
    329 root      20   0   23524   4452   2300 S   0.0   0.1   0:00.19 /lib/systemd/systemd-udevd
    330 root      20   0   23524   4592   2440 S   0.0   0.1   0:00.22 /lib/systemd/systemd-udevd
    331 root      20   0   23524   4792   2636 S   0.0   0.1   0:00.14 /lib/systemd/systemd-udevd
    332 root       0 -20       0      0      0 I   0.0   0.0   0:00.00 [kworker/5:1H-kblockd]
    334 root      20   0   23524   4712   2532 S   0.0   0.1   0:00.16 /lib/systemd/systemd-udevd
    336 root      20   0       0      0      0 S   0.0   0.0   0:00.00 [15820000.crypto]
    337 root      20   0       0      0      0 S   0.0   0.0   0:00.00 [15840000.crypto]
    358 root      20   0   23544   4432   2140 S   0.0   0.1   0:00.15 /lib/systemd/systemd-udevd
    359 root      20   0   23524   4288   2096 S   0.0   0.1   0:00.12 /lib/systemd/systemd-udevd
    360 root      20   0   23524   4412   2220 S   0.0   0.1   0:00.14 /lib/systemd/systemd-udevd
    361 root      20   0   23524   5004   2812 S   0.0   0.1   0:00.17 /lib/systemd/systemd-udevd
    362 root      20   0   23524   4832   2644 S   0.0   0.1   0:00.23 /lib/systemd/systemd-udevd
    363 root      20   0   23816   4580   2144 S   0.0   0.1   0:00.15 /lib/systemd/systemd-udevd
    414 root     -51   0       0      0      0 S   0.0   0.0   0:00.00 [irq/219-bc00000]
    415 root      -2   0       0      0      0 S   0.0   0.0   0:00.00 [capture-control]
    416 root      -2   0       0      0      0 S   0.0   0.0   0:00.00 [capture]
    447 root     -51   0       0      0      0 S   0.0   0.0   0:00.00 [irq/189-tegra-p]
    448 root     -51   0       0      0      0 S   0.0   0.0   0:00.00 [irq/240-nvvrs-p]
    449 root     -51   0       0      0      0 S   0.0   0.0   0:00.00 [irq/214-tegra_d]
    450 root     -51   0       0      0      0 S   0.0   0.0   0:00.00 [irq/215-tegra_d]
    451 root       0 -20       0      0      0 I   0.0   0.0   0:00.00 [dce-async-ipc-w]
    452 root      20   0       0      0      0 S   0.0   0.0   0:00.00 [nv_queue]
    453 root      20   0       0      0      0 S   0.0   0.0   0:00.00 [nv_queue]
    454 root     -51   0       0      0      0 S   0.0   0.0   0:00.00 [irq/189-aerdrv]
    524 root       0 -20       0      0      0 I   0.0   0.0   0:00.00 [cfg80211]
    543 root     -51   0       0      0      0 S   0.0   0.0   0:00.00 [irq/118-3210000]
    552 root      20   0       0      0      0 S   0.0   0.0   0:00.00 [spi0]
    554 root     -51   0       0      0      0 S   0.0   0.0   0:00.00 [irq/119-3230000]
    555 root      20   0       0      0      0 S   0.0   0.0   0:00.00 [spi1]
    632 root       0 -20       0      0      0 I   0.0   0.0   0:00.00 [btfwwork]
    670 root       0 -20       0      0      0 I   0.0   0.0   0:00.00 [kworker/u13:2-hci0]
    672 root      20   0    8236   7372   1432 S   0.0   0.1   0:00.30 /usr/sbin/haveged --Foreground --verbose=1
    674 _rpc      20   0    7964   2112   1760 S   0.0   0.0   0:00.00 /sbin/rpcbind -f -w
    681 systemd+  20   0   25544  12588   8156 S   0.0   0.2   0:00.26 /lib/systemd/systemd-resolved
    682 systemd+  20   0   88788   6156   5312 S   0.0   0.1   0:00.08 /lib/systemd/systemd-timesyncd
    728 avahi     20   0    8088   2652   2300 S   0.0   0.0   0:00.08 avahi-daemon: running [ubuntu.local]
    729 root      20   0    9892   4484   4044 S   0.0   0.1   0:00.07 /usr/lib/bluetooth/bluetoothd -d --noplugin=audio,a2dp,avrcp
    730 message+  20   0   11448   5648   3108 S   0.0   0.1   0:01.66 @dbus-daemon --system --address=systemd: --nofork --nopidfile --systemd-activation --syslog-only
    731 root      20   0  263764  20360  14144 S   0.0   0.3   0:01.12 /usr/sbin/NetworkManager --no-daemon
    737 root      20   0   42224  19668   9972 S   0.0   0.3   0:00.14 /usr/bin/python3 /usr/bin/networkd-dispatcher --run-startup-triggers
    744 root      20   0   27644  15072   7804 S   0.0   0.2   0:00.10 python3 /opt/nvidia/pva-allow-2/bin/nvidiaPvaAllowd.py
    749 root      20   0  243232  10120   6268 S   0.0   0.1   0:03.17 /usr/libexec/polkitd --no-debug
    753 root      20   0  240320   8560   5832 S   0.0   0.1   0:00.04 /usr/libexec/power-profiles-daemon
    760 syslog    20   0  222164   8356   3224 S   0.0   0.1   0:00.14 /usr/sbin/rsyslogd -n -iNONE
    762 root      20   0    2240    708    628 S   0.0   0.0   0:00.00 seatd -g video
    767 root      20   0 2145820  48520  24160 S   0.0   0.6   0:04.93 /snap/snapd/current/usr/lib/snapd/snapd
    769 root      20   0  241096   7752   5856 S   0.0   0.1   0:00.80 /usr/libexec/accounts-daemon
    772 root      20   0  236800   5804   5196 S   0.0   0.1   0:00.02 /usr/libexec/switcheroo-control
    773 lp        20   0    2308    112      0 S   0.0   0.0   0:00.00 /usr/sbin/lpd -s
    774 root      20   0   48808   7200   5948 S   0.0   0.1   0:00.19 /lib/systemd/systemd-logind
    778 root      20   0  394856  14472   9176 S   0.0   0.2   0:00.28 /usr/libexec/udisks2/udisksd
    780 root      20   0   16532   9744   7852 S   0.0   0.1   0:00.08 /sbin/wpa_supplicant -u -s -O /run/wpa_supplicant
    800 avahi     20   0    7816    352      0 S   0.0   0.0   0:00.00 avahi-daemon: chroot helper
    816 root      20   0  320884  13460   9472 S   0.0   0.2   0:00.12 /usr/sbin/ModemManager
    818 root      rt   0       0      0      0 S   0.0   0.0   0:00.32 [sugov:0]
    823 root      rt   0       0      0      0 S   0.0   0.0   0:00.27 [sugov:4]
    910 root      20   0    2460   1560   1380 S   0.0   0.0   0:00.39 /usr/sbin/nvfancontrol &
    930 root      20   0       0      0      0 S   0.0   0.0   0:00.00 [sw-quiesce]
    931 root      20   0       0      0      0 S   0.0   0.0   0:01.06 [nvgpu_channel_p]
    934 root      20   0       0      0      0 S   0.0   0.0   0:00.00 [nvgpu_pg_init_g]
    954 root      20   0       0      0      0 S   0.0   0.0   0:00.00 [nvgpu_clk_arb_p]
    979 root      20   0       0      0      0 S   0.0   0.0   0:01.08 [RTW_CMD_THREAD]
    981 root      20   0       0      0      0 I   0.0   0.0   0:00.30 [kworker/u12:9-events_freezable_power_]
   1016 root      20   0   75936   9728   7908 S   0.0   0.1   0:00.01 /usr/sbin/nvargus-daemon
   1017 root      20   0    9792   2900   2608 S   0.0   0.0   0:00.00 /bin/bash /etc/systemd/nvmemwarning.sh
   1037 root      20   0   22192   1708   1512 S   0.0   0.0   0:00.00 /usr/sbin/nvs-service
   1062 root      20   0    2336    760    672 S   0.0   0.0   0:01.58 /bin/sh /snap/cups/1237/scripts/run-cups-browsed
   1064 root      20   0    2336   1388   1264 S   0.0   0.0   0:01.60 /bin/sh /snap/cups/1237/scripts/run-cupsd
   1065 root      20   0       0      0      0 S   0.0   0.0   0:00.00 [pr/ramoops-1]
   1096 root      20   0 2012952  50020  29076 S   0.0   0.6   0:01.42 /usr/bin/containerd
   1110 root      20   0    9448   2412   2172 S   0.0   0.0   0:00.00 /usr/sbin/cron -f -P
   1136 kernoops  20   0   12820    456      0 S   0.0   0.0   0:00.00 /usr/sbin/kerneloops --test
   1145 root      20   0  241780   8612   6932 S   0.0   0.1   0:00.03 /usr/sbin/gdm3
   1162 kernoops  20   0   12820    452      0 S   0.0   0.0   0:00.00 /usr/sbin/kerneloops
   1164 root      20   0    8144    716    640 S   0.0   0.0   0:00.00 /sbin/agetty -o -p -- \u --keep-baud 115200,57600,38400,9600 ttyGS0 vt220
   1171 root      20   0    8144    724    648 S   0.0   0.0   0:00.00 /sbin/agetty -o -p -- \u --keep-baud 115200,57600,38400,9600 ttyTCU0 vt220
   1210 root      20   0  172548   9532   7592 S   0.0   0.1   0:00.04 gdm-session-worker [pam/gdm-autologin]
   1310 root      20   0    3076    916    804 S   0.0   0.0   0:00.00 /usr/sbin/nvphsd
   1316 root      20   0    3208   1408   1248 S   0.0   0.0   0:00.00 /usr/sbin/nvphsd
   1337 root      20   0 2166840  89332  54988 S   0.0   1.1   0:00.69 /usr/bin/dockerd -H fd:// --containerd=/run/containerd/containerd.sock
   1338 root      20   0   15232   8036   6460 S   0.0   0.1   0:00.02 sshd: /usr/sbin/sshd -D [listener] 0 of 10-100 startups
   1342 root      20   0       0      0      0 S   0.0   0.0   0:00.00 [file-storage]
   1350 fcsl      20   0   18416   9892   7060 S   0.0   0.1   0:00.72 /lib/systemd/systemd --user
   1360 fcsl      20   0  106740   4520      0 S   0.0   0.1   0:00.00 (sd-pam)
   1538 fcsl       9 -11   40232   5728   4620 S   0.0   0.1   0:00.02 /usr/bin/pipewire
   1539 fcsl      20   0   23884   5672   4592 S   0.0   0.1   0:00.08 /usr/bin/pipewire-media-session
   1540 fcsl       9 -11  890556  20284  12116 S   0.0   0.3   0:00.39 /usr/bin/pulseaudio --daemonize=no --log-target=journal
   1545 fcsl      20   0  241000   6164   5312 S   0.0   0.1   0:00.04 /usr/bin/gnome-keyring-daemon --daemonize --login
   1548 rtkit     21   1  153508   1472   1264 S   0.0   0.0   0:00.02 /usr/libexec/rtkit-daemon
   1559 fcsl      20   0  162628   5416   4908 S   0.0   0.1   0:00.00 /usr/libexec/gdm-x-session --run-script env GNOME_SHELL_SESSION_MODE=ubuntu /usr/bin/gnome-session --session=ubuntu
   1561 root      20   0   24.2g  80668  35156 S   0.0   1.0   0:00.52 /usr/lib/xorg/Xorg vt2 -displayfd 3 -auth /run/user/1000/gdm/Xauthority -nolisten tcp -background none -noreset -keeptty -novtswitch -verbose 3
   1564 fcsl      20   0   10132   4876   3144 S   0.0   0.1   0:00.44 /usr/bin/dbus-daemon --session --address=systemd: --nofork --nopidfile --systemd-activation --syslog-only
   1587 root      20   0       0      0      0 S   0.0   0.0   0:00.00 [nvidia-modeset/]
   1588 root      20   0       0      0      0 S   0.0   0.0   0:00.00 [nvidia-modeset/]
   1590 root      20   0       0      0      0 S   0.0   0.0   0:00.00 [nvidia]
   1591 root      20   0       0      0      0 S   0.0   0.0   0:00.00 [nv_queue]
   1729 root      20   0       0      0      0 S   0.0   0.0   0:00.00 [nvidia-drm-nv-t]
   1730 root     -51   0       0      0      0 S   0.0   0.0   0:00.00 [card1-crtc0]
   1731 root     -51   0       0      0      0 S   0.0   0.0   0:00.00 [card1-crtc1]
   1824 fcsl      20   0  225936  13728  11972 S   0.0   0.2   0:00.05 /usr/libexec/gnome-session-binary --session=ubuntu
   1916 fcsl      20   0  309864   6752   6032 S   0.0   0.1   0:00.01 /usr/libexec/at-spi-bus-launcher
   1922 fcsl      20   0    8828   3616   3116 S   0.0   0.0   0:00.01 /usr/bin/dbus-daemon --config-file=/usr/share/defaults/at-spi2/accessibility.conf --nofork --print-address 11 --address=unix:path=/run/user/1000/at-spi/bus_0
   1979 fcsl      20   0   91892   2520   2152 S   0.0   0.0   0:00.00 /usr/libexec/gnome-session-ctl --monitor
   1988 fcsl      20   0  240908   6992   6104 S   0.0   0.1   0:00.03 /usr/libexec/gvfsd
   1996 fcsl      20   0  381064   9284   4640 S   0.0   0.1   0:00.00 /usr/libexec/gvfsd-fuse /run/user/1000/gvfs -f
   1997 fcsl      20   0  596284  17864  12840 S   0.0   0.2   0:00.18 /usr/libexec/gnome-session-binary --systemd-service --session=ubuntu
   2026 fcsl      20   0 3471004 225068  81340 S   0.0   2.9   0:05.91 /usr/bin/gnome-shell
   2040 fcsl      20   0  236356   4876   4440 S   0.0   0.1   0:00.00 /usr/libexec/xdg-permission-store
   2042 fcsl      20   0  584868  17900  13432 S   0.0   0.2   0:00.06 /usr/libexec/gnome-shell-calendar-server
   2051 fcsl      20   0  397280  22796  19136 S   0.0   0.3   0:00.09 /usr/libexec/evolution-source-registry
   2059 root      20   0  242436   7680   6568 S   0.0   0.1   0:00.07 /usr/libexec/upowerd
   2061 fcsl      20   0  600496  38980  29472 S   0.0   0.5   0:00.10 /usr/libexec/goa-daemon
   2068 fcsl      20   0 1321540  31748  23404 S   0.0   0.4   0:00.14 /usr/libexec/evolution-calendar-factory
   2078 fcsl      20   0  341492  12924  11036 S   0.0   0.2   0:00.04 /usr/libexec/goa-identity-service
   2088 fcsl      20   0  156800   4488   4024 S   0.0   0.1   0:00.01 /usr/libexec/dconf-service
   2089 fcsl      20   0  823284  28368  22824 S   0.0   0.4   0:00.08 /usr/libexec/evolution-addressbook-factory
   2105 fcsl      20   0  316604  11380   7284 S   0.0   0.1   0:00.11 /usr/libexec/gvfs-udisks2-volume-monitor
   2113 fcsl      20   0  315332   6412   5548 S   0.0   0.1   0:00.04 /usr/libexec/gvfs-afc-volume-monitor
   2118 fcsl      20   0  238096   6272   5500 S   0.0   0.1   0:00.01 /usr/libexec/gvfs-gphoto2-volume-monitor
   2122 fcsl      20   0  236772   4692   4232 S   0.0   0.1   0:00.01 /usr/libexec/gvfs-mtp-volume-monitor
   2126 fcsl      20   0  236900   7852   5228 S   0.0   0.1   0:00.01 /usr/libexec/gvfs-goa-volume-monitor
   2130 root      20   0  376544  64972  16884 S   0.0   0.8   0:10.29 /usr/libexec/packagekitd
   2138 fcsl      20   0  315228   9344   6144 S   0.0   0.1   0:00.02 /usr/libexec/gvfsd-trash --spawner :1.19 /org/gtk/gvfs/exec_spaw/0
   2165 fcsl      20   0  477596  12872  10592 S   0.0   0.2   0:00.13 /usr/libexec/xdg-desktop-portal
   2175 fcsl      20   0  463504   8420   5632 S   0.0   0.1   0:00.02 /usr/libexec/xdg-document-portal
   2178 fcsl      20   0 2804936  27172  20292 S   0.0   0.3   0:00.09 /usr/bin/gjs /usr/share/gnome-shell/org.gnome.Shell.Notifications
   2182 root      20   0    2232    696    620 S   0.0   0.0   0:00.00 fusermount3 -o rw,nosuid,nodev,fsname=portal,auto_unmount,subtype=portal -- /run/user/1000/doc
   2186 fcsl      20   0  163152   7096   6328 S   0.0   0.1   0:00.01 /usr/libexec/at-spi2-registryd --use-gnome-session
   2187 fcsl      20   0  715372  51180  31356 S   0.0   0.7   0:00.26 /usr/libexec/xdg-desktop-portal-gnome
   2201 fcsl      20   0    2328    836    748 S   0.0   0.0   0:00.00 sh -c /usr/bin/ibus-daemon --panel disable $([ "$XDG_SESSION_TYPE" = "x11" ] && echo "--xim")
   2202 fcsl      20   0  310888   7992   5380 S   0.0   0.1   0:00.01 /usr/libexec/gsd-a11y-settings
   2203 fcsl      20   0  603376  28568  18872 S   0.0   0.4   0:00.19 /usr/libexec/gsd-color
   2207 fcsl      20   0  379084  16400  12388 S   0.0   0.2   0:00.03 /usr/libexec/gsd-datetime
   2209 fcsl      20   0  315524  13140   6156 S   0.0   0.2   0:00.09 /usr/bin/ibus-daemon --panel disable --xim
   2210 fcsl      20   0  312464   8500   5808 S   0.0   0.1   0:00.06 /usr/libexec/gsd-housekeeping
   2212 fcsl      20   0  418272  25220  16048 S   0.0   0.3   0:00.15 /usr/libexec/gsd-keyboard
   2213 fcsl      20   0  934772  29676  19672 S   0.0   0.4   0:00.19 /usr/libexec/gsd-media-keys
   2214 fcsl      20   0  528832  26228  18632 S   0.0   0.3   0:00.18 /usr/libexec/gsd-power
   2216 fcsl      20   0  324816   9584   8232 S   0.0   0.1   0:00.01 /usr/libexec/gsd-print-notifications
   2219 fcsl      20   0  458476   6000   5344 S   0.0   0.1   0:00.02 /usr/libexec/gsd-rfkill
   2222 fcsl      20   0  236616   4660   4280 S   0.0   0.1   0:00.00 /usr/libexec/gsd-screensaver-proxy
   2226 fcsl      20   0  467192   9032   6824 S   0.0   0.1   0:00.07 /usr/libexec/gsd-sharing
   2228 fcsl      20   0  460576   9164   6256 S   0.0   0.1   0:00.01 /usr/libexec/gsd-smartcard
   2233 fcsl      20   0  320568   8140   7112 S   0.0   0.1   0:00.01 /usr/libexec/gsd-sound
   2242 fcsl      20   0  344860  23456  16012 S   0.0   0.3   0:00.17 /usr/libexec/gsd-wacom
   2247 fcsl      20   0  656864  90552  49008 S   0.0   1.2   0:03.98 /usr/bin/gnome-software --gapplication-service
   2248 fcsl      20   0  346536  27696  17768 S   0.0   0.4   0:00.20 /usr/libexec/gsd-xsettings
   2254 fcsl      20   0  842664  65920  47764 S   0.0   0.8   0:00.32 /usr/libexec/evolution-data-server/evolution-alarm-notify
   2278 fcsl      20   0  237728   6576   5956 S   0.0   0.1   0:00.00 /usr/libexec/ibus-dconf
   2289 fcsl      20   0  275472  27360  16048 S   0.0   0.4   0:01.55 /usr/libexec/ibus-extension-gtk3
   2301 fcsl      20   0  232212   6712   5028 S   0.0   0.1   0:00.02 /usr/libexec/gsd-disk-utility-notify
   2302 fcsl      20   0  196992  23344  16300 S   0.0   0.3   0:00.15 /usr/libexec/ibus-x11 --kill-daemon
   2316 fcsl      20   0  512948  41308  23256 S   0.0   0.5   0:00.93 python3 /usr/share/nvpmodel_indicator/nvpmodel_indicator.py
   2317 fcsl      20   0  237616   6672   6068 S   0.0   0.1   0:00.02 /usr/libexec/ibus-portal
   2353 fcsl      20   0  345756  14420  10528 S   0.0   0.2   0:00.02 /usr/libexec/gsd-printer
   2377 colord    20   0  246112  11944   8192 S   0.0   0.2   0:00.16 /usr/libexec/colord
   2462 root      20   0  404236  43620  34000 S   0.0   0.6   0:00.57 /usr/libexec/fwupd/fwupd
   2498 fcsl      20   0 2739436  27332  20372 S   0.0   0.4   0:00.09 /usr/bin/gjs /usr/share/gnome-shell/org.gnome.ScreenSaver
   2511 fcsl      20   0  511640  20804   3160 S   0.0   0.3   0:00.00 python3 /usr/share/nvpmodel_indicator/nvpmodel_indicator.py
   2512 fcsl      20   0  511640  20804   3160 S   0.0   0.3   0:00.00 python3 /usr/share/nvpmodel_indicator/nvpmodel_indicator.py
   2513 fcsl      20   0  511640  20804   3160 S   0.0   0.3   0:00.00 python3 /usr/share/nvpmodel_indicator/nvpmodel_indicator.py
   2514 fcsl      20   0  511640  20804   3160 S   0.0   0.3   0:00.00 python3 /usr/share/nvpmodel_indicator/nvpmodel_indicator.py
   2515 fcsl      20   0  511640  20804   3160 S   0.0   0.3   0:00.00 python3 /usr/share/nvpmodel_indicator/nvpmodel_indicator.py
   2516 fcsl      20   0  511640  20804   3160 S   0.0   0.3   0:00.00 python3 /usr/share/nvpmodel_indicator/nvpmodel_indicator.py
   2517 fcsl      20   0  511640  20804   3160 S   0.0   0.3   0:00.00 python3 /usr/share/nvpmodel_indicator/nvpmodel_indicator.py
   2518 fcsl      20   0  511640  20804   3160 S   0.0   0.3   0:00.00 python3 /usr/share/nvpmodel_indicator/nvpmodel_indicator.py
   2520 fcsl      20   0  511652  20848   3160 S   0.0   0.3   0:00.00 python3 /usr/share/nvpmodel_indicator/nvpmodel_indicator.py
   2521 fcsl      20   0  511652  20848   3160 S   0.0   0.3   0:00.00 python3 /usr/share/nvpmodel_indicator/nvpmodel_indicator.py
   2523 fcsl      20   0  511652  20848   3160 S   0.0   0.3   0:00.00 python3 /usr/share/nvpmodel_indicator/nvpmodel_indicator.py
   2524 fcsl      20   0  511652  20848   3160 S   0.0   0.3   0:00.00 python3 /usr/share/nvpmodel_indicator/nvpmodel_indicator.py
   2525 fcsl      20   0  511652  20848   3160 S   0.0   0.3   0:00.00 python3 /usr/share/nvpmodel_indicator/nvpmodel_indicator.py
   2526 fcsl      20   0  511652  20848   3160 S   0.0   0.3   0:00.00 python3 /usr/share/nvpmodel_indicator/nvpmodel_indicator.py
   2527 fcsl      20   0  511652  20848   3160 S   0.0   0.3   0:00.00 python3 /usr/share/nvpmodel_indicator/nvpmodel_indicator.py
   2528 fcsl      20   0  511652  20848   3160 S   0.0   0.3   0:00.00 python3 /usr/share/nvpmodel_indicator/nvpmodel_indicator.py
   2529 fcsl      20   0  511652  21360   3648 S   0.0   0.3   0:00.97 python3 /usr/share/nvpmodel_indicator/nvpmodel_indicator.py
   2531 fcsl      20   0  511652  20852   3160 S   0.0   0.3   0:00.00 python3 /usr/share/nvpmodel_indicator/nvpmodel_indicator.py
   2532 fcsl      20   0  511652  20852   3160 S   0.0   0.3   0:00.00 python3 /usr/share/nvpmodel_indicator/nvpmodel_indicator.py
   2558 fcsl      20   0  238820  11516   6280 S   0.0   0.1   0:00.06 /usr/libexec/ibus-engine-hangul --ibus
   2568 fcsl      39  19  648636  29248  20296 S   0.0   0.4   0:00.55 /usr/libexec/tracker-miner-fs-3
   2570 fcsl      20   0  345256  24112  16764 S   0.0   0.3   0:00.13 /usr/libexec/xdg-desktop-portal-gtk
   2735 fcsl      20   0  163392   5864   5280 S   0.0   0.1   0:00.01 /usr/libexec/gvfsd-metadata
   2762 root      20   0  136724  11180   9516 S   0.0   0.1   0:00.36 cupsd -f -s /var/snap/cups/common/etc/cups/cups-files.conf -c /var/snap/cups/common/etc/cups/cupsd.conf
   2770 snap_da+  20   0   14484   4204   3512 S   0.0   0.1   0:00.00 /snap/cups/1237/lib/cups/notifier/dbus dbus://
   2771 snap_da+  20   0   14484   4636   3932 S   0.0   0.1   0:00.00 /snap/cups/1237/lib/cups/notifier/dbus dbus://
   2772 snap_da+  20   0   14484   4216   3524 S   0.0   0.1   0:00.00 /snap/cups/1237/lib/cups/notifier/dbus dbus://
   2773 snap_da+  20   0   14484   4272   3576 S   0.0   0.1   0:00.00 /snap/cups/1237/lib/cups/notifier/dbus dbus://
   2774 snap_da+  20   0   14484   4636   3932 S   0.0   0.1   0:00.00 /snap/cups/1237/lib/cups/notifier/dbus dbus://
   2781 root      20   0  260796  17948  13524 S   0.0   0.2   0:00.46 cups-browsed -c /var/snap/cups/common/etc/cups/cups-browsed.conf
   3356 root      20   0   18536   9044   7116 S   0.0   0.1   0:00.03 sshd: fcsl [priv]
   3413 fcsl      20   0   18984   7780   5556 S   0.0   0.1   0:00.42 sshd: fcsl@pts/0
   3414 fcsl      20   0   15168   8696   3028 S   0.0   0.1   0:00.15 -bash
   3656 root      20   0   18536   9052   7124 S   0.0   0.1   0:00.02 sshd: fcsl [priv]
   3699 fcsl      20   0   18984   7800   5576 S   0.0   0.1   0:00.01 sshd: fcsl@pts/1
   3700 fcsl      20   0   15168   8568   2900 S   0.0   0.1   0:00.11 -bash
   3956 root      20   0   18536   9052   7124 S   0.0   0.1   0:00.03 sshd: fcsl [priv]
   3986 fcsl      20   0   18984   7800   5576 S   0.0   0.1   0:00.24 sshd: fcsl@pts/2
   3987 fcsl      20   0   15168   8564   2900 S   0.0   0.1   0:00.06 -bash
   4340 fcsl      20   0  421744  28484  20708 S   0.0   0.4   0:00.18 update-notifier
   5745 root      20   0       0      0      0 I   0.0   0.0   0:00.00 [kworker/5:0-events]
   5746 root      20   0       0      0      0 I   0.0   0.0   0:00.13 [kworker/0:0-events]
   5789 root      20   0   18536   9056   7128 S   0.0   0.1   0:00.03 sshd: fcsl [priv]
   5818 fcsl      20   0    9792   2976   2680 S   0.0   0.0   0:00.00 -bash
   5821 fcsl      20   0    2440   1568   1348 S   0.0   0.0   0:00.00 sh
   5892 fcsl      20   0   42184   8676   6928 S   0.0   0.1   0:00.04 /home/fcsl/.vscode-server/code-6a49527b96e326fe62fbdb56f60e16877c9aa724 --cli-data-dir /home/fcsl/.vscode-server/cli agent host
   5913 fcsl      20   0    2328    816    732 S   0.0   0.0   0:00.00 sh /home/fcsl/.vscode-server/cli/servers/Stable-6a49527b96e326fe62fbdb56f60e16877c9aa724/server/bin/code-server --connection-token=remotessh --accept-server-license-terms --agent-host-bridge-port=41459 --agent-host-bridge-host=127.0.0.1 --agent-host-bridge-connection-token=03adc759-cc11-482d-a5c4-3d1cf335af96 --start-server --enable-remote-auto-shutdown --socket-path=/tmp/code-9639163c-fbe7-4e2e-8b21-e167c70142b5
   6410 root      20   0       0      0      0 I   0.0   0.0   0:00.00 [kworker/1:0-events]
   6731 fcsl      20   0  997088  80596  41996 S   0.0   1.0   0:07.34 /home/fcsl/.vscode-server/cli/servers/Stable-6a49527b96e326fe62fbdb56f60e16877c9aa724/server/node /home/fcsl/.vscode-server/cli/servers/Stable-6a49527b96e326fe62fbdb56f60e16877c9aa724/server/out/bootstrap-fork --type=fileWatcher
   7080 fcsl      20   0  405524  74872  63060 S   0.0   1.0   0:01.33 /home/fcsl/.vscode-server/extensions/openai.chatgpt-26.810.52044-linux-arm64/bin/linux-aarch64/codex -c features.code_mode_host=true app-server --analytics-default-enabled
   7182 fcsl      20   0   15216   8668   2972 S   0.0   0.1   0:00.05 /usr/bin/bash --init-file /home/fcsl/.vscode-server/cli/servers/Stable-6a49527b96e326fe62fbdb56f60e16877c9aa724/server/out/vs/workbench/contrib/terminal/common/scripts/shellIntegration-bash.sh
   7850 root      20   0   18536   9060   7132 S   0.0   0.1   0:00.04 sshd: fcsl [priv]
   7878 fcsl      20   0   18824   7676   5580 S   0.0   0.1   0:00.02 sshd: fcsl@pts/6
   7879 fcsl      20   0   15168   8708   3036 S   0.0   0.1   0:00.15 -bash
   8118 root      20   0   18536   9060   7132 S   0.0   0.1   0:00.04 sshd: fcsl [priv]
   8146 fcsl      20   0   18984   7680   5580 S   0.0   0.1   0:00.02 sshd: fcsl@pts/8
   8147 fcsl      20   0   15168   8708   3032 S   0.0   0.1   0:00.15 -bash
   8386 root      20   0   18536   9060   7132 S   0.0   0.1   0:00.04 sshd: fcsl [priv]
   8414 fcsl      20   0   18824   7672   5580 S   0.0   0.1   0:00.01 sshd: fcsl@pts/9
   8415 fcsl      20   0   15168   8636   2960 S   0.0   0.1   0:00.12 -bash
  11747 root      20   0       0      0      0 I   0.0   0.0   0:00.00 [kworker/0:2-events]
  11800 root      20   0   18536   9328   7400 S   0.0   0.1   0:00.04 sshd: fcsl [priv]
  11829 fcsl      20   0   15168   9064   3388 S   0.0   0.1   0:00.37 -bash
  16192 root      20   0       0      0      0 I   0.0   0.0   0:00.07 [kworker/u12:3-devfreq_wq]
  16258 root      20   0       0      0      0 I   0.0   0.0   0:00.00 [kworker/0:1-events]
  16292 root      20   0    8112    764    688 S   0.0   0.0   0:00.00 sleep 300
  16331 root      20   0       0      0      0 I   0.0   0.0   0:00.02 [kworker/u12:0-events_freezable_power_]
  19240 fcsl      20   0  206192  31704  14596 S   0.0   0.4   0:00.55 /home/fcsl/miniforge3/envs/thirdimpact/bin/python /home/fcsl/miniforge3/envs/thirdimpact/bin/ros2 run joy joy_node
  19545 fcsl      20   0    8112    780    704 S   0.0   0.0   0:00.00 sleep 180
  19546 fcsl      20   0   10072   3092   2780 S   0.0   0.0   0:00.00 bash ./cpu_profile.sh

top - 11:34:47 up 22 min,  8 users,  load average: 8.15, 4.27, 3.83
Tasks: 408 total,  12 running, 396 sleeping,   0 stopped,   0 zombie
%Cpu(s): 77.5 us, 19.1 sy,  0.0 ni,  0.0 id,  0.0 wa,  1.4 hi,  2.0 si,  0.0 st
MiB Mem :   7607.4 total,   1921.3 free,   3279.5 used,   2406.5 buff/cache
MiB Swap:   3803.7 total,   3803.2 free,      0.5 used.   4057.3 avail Mem 

    PID USER      PR  NI    VIRT    RES    SHR S  %CPU  %MEM     TIME+ COMMAND
  19354 fcsl      20   0  428824 107128  38508 R  39.8   1.4   0:02.01 python3 /home/fcsl/roboracer_ws/install/gp_traj_predictor/lib/gp_traj_predictor/gaussian_process_opp_traj --ros-args -r __node:=GP_trajectory
  19251 fcsl      20   0  868124  48224  36540 R  35.4   0.6   0:02.13 /home/fcsl/roboracer_ws/install/kiss_icp_localization/lib/kiss_icp_localization/localization_node --ros-args -r __node:=kiss_icp_localization --params-file /home/fcsl/roboracer_ws/install/stack_master/share/stack_master/config/kiss.yaml --params-file /tmp/launch_params_kkza55sc --params-file /tmp/launch_params_bk6s3os3
  19307 fcsl      20   0 1439536 102224  40756 S  35.4   1.3   0:01.90 /home/fcsl/miniforge3/envs/thirdimpact/bin/python3.12 /home/fcsl/roboracer_ws/install/frenet_conversion_server/lib/frenet_conversion_server/frenet_conversion_server_node --ros-args -r __node:=frenet_conversion_server_node --params-file /tmp/launch_params_1_pyfy3w
  19328 fcsl      20   0  826760  99504  37864 R  35.4   1.3   0:01.88 python3 /home/fcsl/roboracer_ws/install/perception/lib/perception/tracking_node --ros-args -r __node:=tracking --params-file /home/fcsl/roboracer_ws/install/stack_master/share/stack_master/config/opponent_tracker_params.yaml -r /tracking/obstacles:=/tracking/obstacles
  19336 fcsl      20   0 1443032 103996  41408 R  35.0   1.3   0:02.01 /home/fcsl/miniforge3/envs/thirdimpact/bin/python3.12 /home/fcsl/roboracer_ws/install/state_machine/lib/state_machine/state_machine --ros-args -r __node:=state_machine --params-file /home/fcsl/roboracer_ws/install/stack_master/share/stack_master/config/state_machine_params.yaml --params-file /tmp/launch_params_biwnb6d6 --params-file /tmp/launch_params_30za9fdy --params-file /tmp/launch_params_f2pjkjd6 --params-file /tmp/launch_params_v+
  19311 fcsl      20   0 1440012 100740  40908 S  34.5   1.3   0:01.91 /home/fcsl/miniforge3/envs/thirdimpact/bin/python3.12 /home/fcsl/roboracer_ws/install/frenet_odom_republisher/lib/frenet_odom_republisher/frenet_odom_republisher_node --ros-args -r __node:=frenet_odom_republisher -r /car_state/frenet/odom:=/car_state/odom_frenet
  19358 fcsl      20   0 1439004 101224  39804 R  34.0   1.3   0:01.93 /home/fcsl/miniforge3/envs/thirdimpact/bin/python3.12 /home/fcsl/roboracer_ws/install/controller/lib/controller/controller_manager --ros-args -r __node:=controller_manager --params-file /home/fcsl/roboracer_ws/install/stack_master/share/stack_master/config/controller.yaml --params-file /tmp/launch_params_rteop0df --params-file /tmp/launch_params_fgfbn70d
  19297 fcsl      20   0 1443864 104508  41512 S  33.0   1.3   0:01.95 /home/fcsl/miniforge3/envs/thirdimpact/bin/python3.12 /home/fcsl/roboracer_ws/install/overtaking_sector_tuner/lib/overtaking_sector_tuner/ot_interpolator --ros-args -r __node:=ot_sector_tuner --params-file /home/fcsl/roboracer_ws/install/stack_master/share/stack_master/maps/0815test3/ot_sectors.yaml --params-file /tmp/launch_params_ti68gs7d
  19340 fcsl      20   0  828640  99536  38340 R  32.5   1.3   0:01.83 /home/fcsl/miniforge3/envs/thirdimpact/bin/python3.12 /home/fcsl/roboracer_ws/install/recovery_spliner/lib/recovery_spliner/recovery_spliner_node --ros-args -r __node:=recovery_spliner_node
  19352 fcsl      20   0 1443996 105632  41492 S  31.6   1.4   0:01.86 python3 /home/fcsl/roboracer_ws/install/gp_traj_predictor/lib/gp_traj_predictor/opponent_trajectory --ros-args -r __node:=OpponentHalflap
  19281 fcsl      20   0 1443108 103956  41608 R  29.6   1.3   0:01.94 /home/fcsl/miniforge3/envs/thirdimpact/bin/python3.12 /home/fcsl/roboracer_ws/install/gb_optimizer/lib/gb_optimizer/global_trajectory_publisher --ros-args -r __node:=global_republisher --params-file /tmp/launch_params_lsq8407e
  19346 fcsl      20   0  816304  90812  36184 R  26.7   1.2   0:01.71 /home/fcsl/miniforge3/envs/thirdimpact/bin/python3.12 /home/fcsl/roboracer_ws/install/lane_change_planner/lib/lane_change_planner/change_avoidance_node --ros-args -r __node:=planner_change --params-file /tmp/launch_params_3lr3b4pe
  19344 fcsl      20   0 1176260 113416  58628 R  26.2   1.5   0:01.82 /home/fcsl/miniforge3/envs/thirdimpact/bin/python3.12 /home/fcsl/roboracer_ws/install/spliner/lib/spliner/static_avoidance_node --ros-args -r __node:=static_avoidance_planner --params-file /home/fcsl/roboracer_ws/install/stack_master/share/stack_master/config/static_avoidance_planner.yaml -r /planner/avoidance/otwpnts:=/planner/avoidance/static_otwpnts
  19342 fcsl      20   0  817884  91944  36684 R  24.8   1.2   0:01.72 /home/fcsl/miniforge3/envs/thirdimpact/bin/python3.12 /home/fcsl/roboracer_ws/install/spliner/lib/spliner/start_spline_node_v2 --ros-args -r __node:=start_planner
  19314 fcsl      20   0 1113108  62456  25628 R  23.3   0.8   0:01.65 /home/fcsl/miniforge3/envs/thirdimpact/bin/python3.12 /home/fcsl/roboracer_ws/install/lap_analyser/lib/lap_analyser/lap_analyser --ros-args -r __node:=lap_analyser --params-file /tmp/launch_params_0px3ph6a
  19230 fcsl      20   0 1106708  58872  24440 S  12.1   0.8   0:01.18 python3 /home/fcsl/roboracer_ws/install/stack_master/lib/stack_master/simple_mux_node.py --ros-args -r __node:=simple_mux --params-file /home/fcsl/roboracer_ws/install/stack_master/share/stack_master/config/CAR/vehicle_config.yaml --params-file /tmp/launch_params_pywsh3_8 --params-file /tmp/launch_params_yk3h0muz --params-file /tmp/launch_params_uihzw7ry --params-file /tmp/launch_params_5fc12uzq --params-file /tmp/launch_params_nd2qw0hk
  19289 fcsl      20   0 1117476  64204  26716 S  11.2   0.8   0:01.19 /home/fcsl/miniforge3/envs/thirdimpact/bin/python3.12 /home/fcsl/roboracer_ws/install/sector_tuner/lib/sector_tuner/sector_tuner --ros-args -r __node:=speed_sector_tuner --params-file /home/fcsl/roboracer_ws/install/stack_master/share/stack_master/maps/0815test3/speed_scaling.yaml --params-file /tmp/launch_params_kwlnquqh
  19216 fcsl      20   0  882452  21772  13904 S   9.7   0.3   0:00.64 /home/fcsl/roboracer_ws/install/vesc_driver/lib/vesc_driver/vesc_driver_node --ros-args -r __node:=vesc_driver_node -r __ns:=/vesc --params-file /home/fcsl/roboracer_ws/install/stack_master/share/stack_master/config/CAR/vehicle_config.yaml
  19561 fcsl      20   0  823792  25308  16644 S   7.8   0.3   0:00.43 /home/fcsl/miniforge3/envs/thirdimpact/lib/joy/joy_node
  19326 fcsl      20   0 1125896  51344  33564 S   6.3   0.7   0:00.59 /home/fcsl/roboracer_ws/install/perception/lib/perception/detect --ros-args -r __node:=detect --params-file /home/fcsl/roboracer_ws/install/stack_master/share/stack_master/config/opponent_tracker_params.yaml --params-file /tmp/launch_params_gk8q2zkj
  19213 fcsl      20   0 2285720  52240  16816 S   5.8   0.7   0:02.73 /home/fcsl/miniforge3/envs/thirdimpact/bin/python /home/fcsl/miniforge3/envs/thirdimpact/bin/ros2 launch stack_master race.launch.xml map:=0815test3
  19249 fcsl      20   0  721960  33676  21568 S   5.3   0.4   0:00.37 /home/fcsl/miniforge3/envs/thirdimpact/lib/nav2_map_server/map_server --ros-args -r __node:=map_server --params-file /tmp/launch_params_7an6qmh_ --params-file /tmp/launch_params_3pildy1p --params-file /tmp/launch_params_bxv9_bd6 --params-file /tmp/launch_params_3ypbuy35
  19220 fcsl      20   0  663144  20464  14644 S   4.9   0.3   0:00.31 /home/fcsl/roboracer_ws/install/vesc_ackermann/lib/vesc_ackermann/vesc_to_odom_node --ros-args -r __node:=vesc_to_odom_node -r __ns:=/vesc --params-file /home/fcsl/roboracer_ws/install/stack_master/share/stack_master/config/CAR/vehicle_config.yaml
  19222 fcsl      20   0  817464  20116  14172 S   4.9   0.3   0:00.35 /home/fcsl/roboracer_ws/install/urg_node/lib/urg_node/urg_node_driver --ros-args -r __node:=urg_node --params-file /home/fcsl/roboracer_ws/install/stack_master/share/stack_master/config/CAR/vehicle_config.yaml -r /scan:=/scan
  19247 fcsl      20   0  817644  24280  17424 S   4.9   0.3   0:00.34 /home/fcsl/miniforge3/envs/thirdimpact/lib/nav2_lifecycle_manager/lifecycle_manager --ros-args -r __node:=lifecycle_manager_localization --params-file /tmp/launch_params_gzsj1u13 --params-file /tmp/launch_params_7txkr4rh --params-file /tmp/launch_params_ojdu_5r1
  19356 fcsl      20   0 1118488  64536  27064 S   4.9   0.8   0:01.05 python3 /home/fcsl/roboracer_ws/install/gp_traj_predictor/lib/gp_traj_predictor/opp_prediction --ros-args -r __node:=opponent_propagation_predictor
   6720 fcsl      20   0   42.1g 668856  59704 S   4.4   8.6   1:03.08 /home/fcsl/.vscode-server/cli/servers/Stable-6a49527b96e326fe62fbdb56f60e16877c9aa724/server/node --dns-result-order=ipv4first /home/fcsl/.vscode-server/cli/servers/Stable-6a49527b96e326fe62fbdb56f60e16877c9aa724/server/out/bootstrap-fork --type=extensionHost --transformURIs --useHostProxy=false
  19218 fcsl      20   0  663148  20300  14464 S   3.9   0.3   0:00.26 /home/fcsl/roboracer_ws/install/vesc_ackermann/lib/vesc_ackermann/ackermann_to_vesc_node --ros-args -r __node:=ackermann_to_vesc_node -r __ns:=/vesc --params-file /home/fcsl/roboracer_ws/install/stack_master/share/stack_master/config/CAR/vehicle_config.yaml
  19224 fcsl      20   0 1113316  62520  25836 S   3.4   0.8   0:00.93 python3 /home/fcsl/roboracer_ws/install/stack_master/lib/stack_master/static_tf_publisher.py --ros-args -r __node:=static_tf_publisher --params-file /home/fcsl/roboracer_ws/install/stack_master/share/stack_master/config/CAR/static_transforms.yaml
  19245 fcsl      20   0 1106632  61156  24328 S   3.4   0.8   0:00.91 python3 /home/fcsl/roboracer_ws/install/stack_master/lib/stack_master/map_relay_node.py --ros-args -r __node:=map_relay_node
  19350 fcsl      20   0 1112980  61728  25528 S   3.4   0.8   0:01.00 /home/fcsl/miniforge3/envs/thirdimpact/bin/python3.12 /home/fcsl/roboracer_ws/install/lane_change_planner/lib/lane_change_planner/update_waypoints --ros-args -r __node:=waypoint_updater
   5868 fcsl      20   0   45844  12856   8268 S   1.5   0.2   0:11.28 /home/fcsl/.vscode-server/code-6a49527b96e326fe62fbdb56f60e16877c9aa724 command-shell --cli-data-dir /home/fcsl/.vscode-server/cli --parent-process-id 5821 --on-host=127.0.0.1 --on-port
  11828 fcsl      20   0   18824   8292   6100 S   1.0   0.1   0:00.30 sshd: fcsl@pts/5
  19553 fcsl      20   0   12120   3496   2676 R   1.0   0.0   0:00.09 top -b -c -w 512 -d 2
     14 root      20   0       0      0      0 S   0.5   0.0   0:00.69 [ksoftirqd/0]
    981 root      20   0       0      0      0 I   0.5   0.0   0:00.31 [kworker/u12:9-events_freezable_power_]
   5817 fcsl      20   0   19504   8220   5580 S   0.5   0.1   0:07.62 sshd: fcsl@notty
  16331 root      20   0       0      0      0 I   0.5   0.0   0:00.03 [kworker/u12:0-events_unbound]
      1 root      20   0  167496  11476   7176 S   0.0   0.1   0:03.45 /sbin/init 2
      2 root      20   0       0      0      0 S   0.0   0.0   0:00.01 [kthreadd]
      3 root       0 -20       0      0      0 I   0.0   0.0   0:00.00 [rcu_gp]
      4 root       0 -20       0      0      0 I   0.0   0.0   0:00.00 [rcu_par_gp]
      5 root       0 -20       0      0      0 I   0.0   0.0   0:00.00 [slub_flushwq]
      6 root       0 -20       0      0      0 I   0.0   0.0   0:00.00 [netns]
      8 root       0 -20       0      0      0 I   0.0   0.0   0:00.00 [kworker/0:0H-events_highpri]
     10 root       0 -20       0      0      0 I   0.0   0.0   0:00.00 [mm_percpu_wq]
     11 root      20   0       0      0      0 S   0.0   0.0   0:00.00 [rcu_tasks_kthre]
     12 root      20   0       0      0      0 S   0.0   0.0   0:00.00 [rcu_tasks_rude_]
     13 root      20   0       0      0      0 S   0.0   0.0   0:00.00 [rcu_tasks_trace]
     15 root      20   0       0      0      0 I   0.0   0.0   0:00.35 [rcu_preempt]
     16 root      rt   0       0      0      0 S   0.0   0.0   0:00.00 [migration/0]
     17 root      20   0       0      0      0 S   0.0   0.0   0:00.00 [cpuhp/0]
     18 root      20   0       0      0      0 S   0.0   0.0   0:00.00 [cpuhp/1]
     19 root      rt   0       0      0      0 S   0.0   0.0   0:00.00 [migration/1]
     20 root      20   0       0      0      0 S   0.0   0.0   0:00.14 [ksoftirqd/1]
     22 root       0 -20       0      0      0 I   0.0   0.0   0:00.00 [kworker/1:0H-events_highpri]
     23 root      20   0       0      0      0 S   0.0   0.0   0:00.00 [cpuhp/2]
     24 root      rt   0       0      0      0 S   0.0   0.0   0:00.00 [migration/2]
     25 root      20   0       0      0      0 S   0.0   0.0   0:00.15 [ksoftirqd/2]
     27 root       0 -20       0      0      0 I   0.0   0.0   0:00.00 [kworker/2:0H-kblockd]
     28 root      20   0       0      0      0 S   0.0   0.0   0:00.00 [cpuhp/3]
     29 root      rt   0       0      0      0 S   0.0   0.0   0:00.00 [migration/3]
     30 root      20   0       0      0      0 S   0.0   0.0   0:00.18 [ksoftirqd/3]
     31 root      20   0       0      0      0 I   0.0   0.0   0:00.07 [kworker/3:0-mm_percpu_wq]
     32 root       0 -20       0      0      0 I   0.0   0.0   0:00.00 [kworker/3:0H-events_highpri]
     33 root      20   0       0      0      0 S   0.0   0.0   0:00.00 [cpuhp/4]
     34 root      rt   0       0      0      0 S   0.0   0.0   0:00.00 [migration/4]
     35 root      20   0       0      0      0 S   0.0   0.0   0:00.15 [ksoftirqd/4]
     37 root       0 -20       0      0      0 I   0.0   0.0   0:00.00 [kworker/4:0H-events_highpri]
     38 root      20   0       0      0      0 S   0.0   0.0   0:00.00 [cpuhp/5]
     39 root      rt   0       0      0      0 S   0.0   0.0   0:00.00 [migration/5]
     40 root      20   0       0      0      0 S   0.0   0.0   0:00.13 [ksoftirqd/5]
     42 root       0 -20       0      0      0 I   0.0   0.0   0:00.00 [kworker/5:0H-events_highpri]
     43 root      20   0       0      0      0 S   0.0   0.0   0:00.00 [kdevtmpfs]
     44 root       0 -20       0      0      0 I   0.0   0.0   0:00.00 [inet_frag_wq]
     47 root      20   0       0      0      0 I   0.0   0.0   0:00.01 [kworker/2:1-cgroup_destroy]
     50 root      20   0       0      0      0 I   0.0   0.0   0:00.00 [kworker/4:1-events]
     51 root      20   0       0      0      0 S   0.0   0.0   0:00.00 [kauditd]
     52 root      20   0       0      0      0 S   0.0   0.0   0:00.00 [oom_reaper]
     53 root       0 -20       0      0      0 I   0.0   0.0   0:00.00 [writeback]
     54 root      20   0       0      0      0 S   0.0   0.0   0:00.00 [kcompactd0]
     55 root      25   5       0      0      0 S   0.0   0.0   0:00.00 [ksmd]
     56 root      39  19       0      0      0 S   0.0   0.0   0:00.15 [khugepaged]
     67 root       0 -20       0      0      0 I   0.0   0.0   0:00.00 [cryptd]
     86 root       0 -20       0      0      0 I   0.0   0.0   0:00.00 [kintegrityd]
     87 root       0 -20       0      0      0 I   0.0   0.0   0:00.00 [kblockd]
     88 root       0 -20       0      0      0 I   0.0   0.0   0:00.00 [blkcg_punt_bio]
     89 root       0 -20       0      0      0 I   0.0   0.0   0:00.00 [tpm_dev_wq]
     90 root       0 -20       0      0      0 I   0.0   0.0   0:00.00 [ata_sff]
     91 root       0 -20       0      0      0 I   0.0   0.0   0:00.00 [edac-poller]
     92 root       0 -20       0      0      0 I   0.0   0.0   0:00.00 [devfreq_wq]
     93 root     -51   0       0      0      0 S   0.0   0.0   0:00.00 [watchdogd]
     94 root      20   0       0      0      0 I   0.0   0.0   0:00.67 [kworker/u12:1-events_freezable_power_]
     95 root      20   0       0      0      0 I   0.0   0.0   0:00.47 [kworker/u12:2-events_freezable_power_]
     96 root       0 -20       0      0      0 I   0.0   0.0   0:00.00 [kworker/0:1H-kblockd]
     97 root       0 -20       0      0      0 I   0.0   0.0   0:00.00 [rpciod]
     98 root       0 -20       0      0      0 I   0.0   0.0   0:00.03 [kworker/u13:0-hci0]
     99 root       0 -20       0      0      0 I   0.0   0.0   0:00.00 [xprtiod]
    127 root      20   0       0      0      0 S   0.0   0.0   0:00.36 [kswapd0]
    128 root       0 -20       0      0      0 I   0.0   0.0   0:00.00 [nfsiod]
    132 root       0 -20       0      0      0 I   0.0   0.0   0:00.00 [vfio-irqfd-clea]
    133 root       0 -20       0      0      0 I   0.0   0.0   0:00.00 [bch_btree_io]
    134 root       0 -20       0      0      0 I   0.0   0.0   0:00.00 [bcache]
    135 root       0 -20       0      0      0 I   0.0   0.0   0:00.00 [bch_journal]
    136 root       0 -20       0      0      0 I   0.0   0.0   0:00.00 [dm_bufio_cache]
    138 root      10 -10       0      0      0 S   0.0   0.0   0:00.00 [krfcommd]
    139 root      20   0       0      0      0 S   0.0   0.0   0:00.00 [pr/tty0]
    140 root      20   0       0      0      0 S   0.0   0.0   0:02.86 [pr/ttyTCU0]
    143 root     -51   0       0      0      0 S   0.0   0.0   0:00.00 [irq/114-3160000]
    145 root     -51   0       0      0      0 S   0.0   0.0   0:00.00 [irq/115-3180000]
    146 root      20   0       0      0      0 I   0.0   0.0   0:00.38 [kworker/1:3-events]
    147 root     -51   0       0      0      0 S   0.0   0.0   0:00.00 [irq/116-31b0000]
    148 root     -51   0       0      0      0 S   0.0   0.0   0:00.00 [irq/167-c240000]
    149 root     -51   0       0      0      0 S   0.0   0.0   0:00.00 [irq/168-c250000]
    150 root     -51   0       0      0      0 S   0.0   0.0   0:00.00 [irq/125-3610000]
    151 root     -51   0       0      0      0 S   0.0   0.0   0:00.00 [irq/122-3610000]
    152 root      20   0       0      0      0 I   0.0   0.0   0:00.03 [kworker/5:3-mm_percpu_wq]
    153 root       0 -20       0      0      0 I   0.0   0.0   0:00.00 [sdhci]
    154 root     -51   0       0      0      0 S   0.0   0.0   0:00.00 [irq/120-mmc0]
    155 root     -51   0       0      0      0 S   0.0   0.0   0:00.00 [irq/230-3400000]
    156 root      20   0       0      0      0 I   0.0   0.0   0:00.06 [kworker/2:2-mm_percpu_wq]
    173 root       0 -20       0      0      0 I   0.0   0.0   0:00.00 [kworker/1:1H-kblockd]
    174 root      20   0       0      0      0 I   0.0   0.0   0:00.00 [kworker/3:2-mm_percpu_wq]
    179 root     -51   0       0      0      0 S   0.0   0.0   0:00.00 [irq/191-tegra-p]
    180 root       0 -20       0      0      0 I   0.0   0.0   0:00.00 [nvme-wq]
    181 root       0 -20       0      0      0 I   0.0   0.0   0:00.00 [nvme-reset-wq]
    182 root       0 -20       0      0      0 I   0.0   0.0   0:00.00 [nvme-delete-wq]
    191 root     -51   0       0      0      0 S   0.0   0.0   0:00.00 [irq/191-aerdrv]
    192 root     -51   0       0      0      0 S   0.0   0.0   0:00.00 [irq/193-tegra-p]
    195 root     -51   0       0      0      0 S   0.0   0.0   0:00.00 [irq/193-aerdrv]
    196 root     -51   0       0      0      0 S   0.0   0.0   0:00.00 [irq/195-tegra-p]
    198 root     -51   0       0      0      0 S   0.0   0.0   0:00.00 [irq/232-nvme0q0]
    199 root     -51   0       0      0      0 S   0.0   0.0   0:00.22 [irq/233-nvme0q1]
    200 root     -51   0       0      0      0 S   0.0   0.0   0:00.32 [irq/234-nvme0q2]
    201 root     -51   0       0      0      0 S   0.0   0.0   0:00.18 [irq/235-nvme0q3]
    202 root     -51   0       0      0      0 S   0.0   0.0   0:00.22 [irq/236-nvme0q4]
    203 root     -51   0       0      0      0 S   0.0   0.0   0:00.06 [irq/237-nvme0q5]
    204 root     -51   0       0      0      0 S   0.0   0.0   0:00.06 [irq/238-nvme0q6]
    205 root      20   0       0      0      0 I   0.0   0.0   0:00.49 [kworker/u12:4-events_freezable_power_]
    209 root      20   0       0      0      0 S   0.0   0.0   0:00.13 [jbd2/nvme0n1p1-]
    210 root       0 -20       0      0      0 I   0.0   0.0   0:00.00 [ext4-rsv-conver]
    211 root       0 -20       0      0      0 I   0.0   0.0   0:00.00 [kworker/2:1H-kblockd]
    220 root       0 -20       0      0      0 I   0.0   0.0   0:00.00 [mld]
    221 root       0 -20       0      0      0 I   0.0   0.0   0:00.00 [kworker/3:1H-kblockd]
    222 root       0 -20       0      0      0 I   0.0   0.0   0:00.00 [ipv6_addrconf]
    253 root      19  -1   40524   9664   8044 S   0.0   0.1   0:00.49 /lib/systemd/systemd-journald
    267 root      20   0       0      0      0 I   0.0   0.0   0:00.04 [kworker/4:2-mm_percpu_wq]
    270 root      20   0       0      0      0 I   0.0   0.0   0:00.45 [kworker/u12:5-devfreq_wq]
    271 root      20   0       0      0      0 I   0.0   0.0   0:00.60 [kworker/u12:6-events_freezable_power_]
    272 root      20   0       0      0      0 I   0.0   0.0   0:00.36 [kworker/u12:7-devfreq_wq]
    273 root      20   0       0      0      0 I   0.0   0.0   0:00.45 [kworker/u12:8-events_freezable_power_]
    283 root      39  19       0      0      0 S   0.0   0.0   0:00.00 [nvmap-bz]
    284 root     -51   0       0      0      0 S   0.0   0.0   0:00.00 [irq/188-host1x_]
    286 root     -51   0       0      0      0 S   0.0   0.0   0:00.00 [irq/197-gk20a_s]
    287 root     -51   0       0      0      0 S   0.0   0.0   0:00.00 [irq/198-gk20a_s]
    288 root     -51   0       0      0      0 S   0.0   0.0   0:00.00 [irq/199-gk20a_s]
    289 root     -51   0       0      0      0 S   0.0   0.0   0:00.00 [irq/200-gk20a_n]
    293 root      20   0    9792   2792   2528 S   0.0   0.0   0:00.00 /bin/bash /etc/systemd/nv-tee-supplicant.sh
    298 root      20   0   76588   1360   1248 S   0.0   0.0   0:00.01 /usr/sbin/tee-supplicant
    299 root       0 -20       0      0      0 I   0.0   0.0   0:00.00 [optee_bus_scan]
    307 root       0 -20       0      0      0 I   0.0   0.0   0:00.00 [kworker/4:1H-kblockd]
    309 root      20   0   24048   6028   3380 S   0.0   0.1   0:02.00 /lib/systemd/systemd-udevd
    310 root      20   0   23744   5080   2712 S   0.0   0.1   0:00.16 /lib/systemd/systemd-udevd
    311 root      20   0   23396   4308   2228 S   0.0   0.1   0:00.12 /lib/systemd/systemd-udevd
    312 root      20   0   23508   4468   2212 S   0.0   0.1   0:00.15 /lib/systemd/systemd-udevd
    313 root      20   0   24528   6416   3228 S   0.0   0.1   0:00.31 /lib/systemd/systemd-udevd
    314 root      20   0   23532   4792   2660 S   0.0   0.1   0:00.24 /lib/systemd/systemd-udevd
    315 root      20   0   23500   5188   3048 S   0.0   0.1   0:00.27 /lib/systemd/systemd-udevd
    316 root      20   0   23520   4608   2452 S   0.0   0.1   0:00.16 /lib/systemd/systemd-udevd
    317 root      20   0   23540   4232   2096 S   0.0   0.1   0:00.14 /lib/systemd/systemd-udevd
    318 root      20   0   23548   4688   2540 S   0.0   0.1   0:00.10 /lib/systemd/systemd-udevd
    320 root      20   0   23808   5888   3448 S   0.0   0.1   0:05.06 /lib/systemd/systemd-udevd
    321 root      20   0   23396   5028   2908 S   0.0   0.1   0:00.19 /lib/systemd/systemd-udevd
    322 root      20   0   23500   5104   2852 S   0.0   0.1   0:00.18 /lib/systemd/systemd-udevd
    323 root      20   0   23516   4360   2096 S   0.0   0.1   0:00.16 /lib/systemd/systemd-udevd
    324 root      20   0   23520   4748   2480 S   0.0   0.1   0:00.18 /lib/systemd/systemd-udevd
    325 root      20   0   23500   5072   2820 S   0.0   0.1   0:00.20 /lib/systemd/systemd-udevd
    326 root      20   0   23548   4624   2476 S   0.0   0.1   0:00.16 /lib/systemd/systemd-udevd
    327 root      20   0   24548   5496   2292 S   0.0   0.1   0:00.21 /lib/systemd/systemd-udevd
    328 root      20   0   23516   4380   2212 S   0.0   0.1   0:00.13 /lib/systemd/systemd-udevd
    329 root      20   0   23524   4452   2300 S   0.0   0.1   0:00.19 /lib/systemd/systemd-udevd
    330 root      20   0   23524   4592   2440 S   0.0   0.1   0:00.22 /lib/systemd/systemd-udevd
    331 root      20   0   23524   4792   2636 S   0.0   0.1   0:00.14 /lib/systemd/systemd-udevd
    332 root       0 -20       0      0      0 I   0.0   0.0   0:00.00 [kworker/5:1H-kblockd]
    334 root      20   0   23524   4712   2532 S   0.0   0.1   0:00.16 /lib/systemd/systemd-udevd
    336 root      20   0       0      0      0 S   0.0   0.0   0:00.00 [15820000.crypto]
    337 root      20   0       0      0      0 S   0.0   0.0   0:00.00 [15840000.crypto]
    358 root      20   0   23544   4432   2140 S   0.0   0.1   0:00.15 /lib/systemd/systemd-udevd
    359 root      20   0   23524   4288   2096 S   0.0   0.1   0:00.12 /lib/systemd/systemd-udevd
    360 root      20   0   23524   4412   2220 S   0.0   0.1   0:00.14 /lib/systemd/systemd-udevd
    361 root      20   0   23524   5004   2812 S   0.0   0.1   0:00.17 /lib/systemd/systemd-udevd
    362 root      20   0   23524   4832   2644 S   0.0   0.1   0:00.23 /lib/systemd/systemd-udevd
    363 root      20   0   23816   4580   2144 S   0.0   0.1   0:00.15 /lib/systemd/systemd-udevd
    414 root     -51   0       0      0      0 S   0.0   0.0   0:00.00 [irq/219-bc00000]
    415 root      -2   0       0      0      0 S   0.0   0.0   0:00.00 [capture-control]
    416 root      -2   0       0      0      0 S   0.0   0.0   0:00.00 [capture]
    447 root     -51   0       0      0      0 S   0.0   0.0   0:00.00 [irq/189-tegra-p]
    448 root     -51   0       0      0      0 S   0.0   0.0   0:00.00 [irq/240-nvvrs-p]
    449 root     -51   0       0      0      0 S   0.0   0.0   0:00.00 [irq/214-tegra_d]
    450 root     -51   0       0      0      0 S   0.0   0.0   0:00.00 [irq/215-tegra_d]
    451 root       0 -20       0      0      0 I   0.0   0.0   0:00.00 [dce-async-ipc-w]
    452 root      20   0       0      0      0 S   0.0   0.0   0:00.00 [nv_queue]
    453 root      20   0       0      0      0 S   0.0   0.0   0:00.00 [nv_queue]
    454 root     -51   0       0      0      0 S   0.0   0.0   0:00.00 [irq/189-aerdrv]
    524 root       0 -20       0      0      0 I   0.0   0.0   0:00.00 [cfg80211]
    543 root     -51   0       0      0      0 S   0.0   0.0   0:00.00 [irq/118-3210000]
    552 root      20   0       0      0      0 S   0.0   0.0   0:00.00 [spi0]
    554 root     -51   0       0      0      0 S   0.0   0.0   0:00.00 [irq/119-3230000]
    555 root      20   0       0      0      0 S   0.0   0.0   0:00.00 [spi1]
    632 root       0 -20       0      0      0 I   0.0   0.0   0:00.00 [btfwwork]
    670 root       0 -20       0      0      0 I   0.0   0.0   0:00.00 [kworker/u13:2-hci0]
    672 root      20   0    8236   7372   1432 S   0.0   0.1   0:00.30 /usr/sbin/haveged --Foreground --verbose=1
    674 _rpc      20   0    7964   2112   1760 S   0.0   0.0   0:00.00 /sbin/rpcbind -f -w
    681 systemd+  20   0   25544  12588   8156 S   0.0   0.2   0:00.26 /lib/systemd/systemd-resolved
    682 systemd+  20   0   88788   6156   5312 S   0.0   0.1   0:00.08 /lib/systemd/systemd-timesyncd
    728 avahi     20   0    8088   2652   2300 S   0.0   0.0   0:00.08 avahi-daemon: running [ubuntu.local]
    729 root      20   0    9892   4484   4044 S   0.0   0.1   0:00.07 /usr/lib/bluetooth/bluetoothd -d --noplugin=audio,a2dp,avrcp
    730 message+  20   0   11448   5648   3108 S   0.0   0.1   0:01.66 @dbus-daemon --system --address=systemd: --nofork --nopidfile --systemd-activation --syslog-only
    731 root      20   0  263764  20360  14144 S   0.0   0.3   0:01.12 /usr/sbin/NetworkManager --no-daemon
    737 root      20   0   42224  19668   9972 S   0.0   0.3   0:00.14 /usr/bin/python3 /usr/bin/networkd-dispatcher --run-startup-triggers
    744 root      20   0   27644  15072   7804 S   0.0   0.2   0:00.10 python3 /opt/nvidia/pva-allow-2/bin/nvidiaPvaAllowd.py
    749 root      20   0  243232  10120   6268 S   0.0   0.1   0:03.17 /usr/libexec/polkitd --no-debug
    753 root      20   0  240320   8560   5832 S   0.0   0.1   0:00.04 /usr/libexec/power-profiles-daemon
    760 syslog    20   0  222164   8356   3224 S   0.0   0.1   0:00.14 /usr/sbin/rsyslogd -n -iNONE
    762 root      20   0    2240    708    628 S   0.0   0.0   0:00.00 seatd -g video
    767 root      20   0 2145820  48520  24160 S   0.0   0.6   0:04.93 /snap/snapd/current/usr/lib/snapd/snapd
    769 root      20   0  241096   7752   5856 S   0.0   0.1   0:00.80 /usr/libexec/accounts-daemon
    772 root      20   0  236800   5804   5196 S   0.0   0.1   0:00.02 /usr/libexec/switcheroo-control
    773 lp        20   0    2308    112      0 S   0.0   0.0   0:00.00 /usr/sbin/lpd -s
    774 root      20   0   48808   7200   5948 S   0.0   0.1   0:00.19 /lib/systemd/systemd-logind
    778 root      20   0  394856  14472   9176 S   0.0   0.2   0:00.28 /usr/libexec/udisks2/udisksd
    780 root      20   0   16532   9744   7852 S   0.0   0.1   0:00.08 /sbin/wpa_supplicant -u -s -O /run/wpa_supplicant
    800 avahi     20   0    7816    352      0 S   0.0   0.0   0:00.00 avahi-daemon: chroot helper
    816 root      20   0  320884  13460   9472 S   0.0   0.2   0:00.12 /usr/sbin/ModemManager
    818 root      rt   0       0      0      0 S   0.0   0.0   0:00.32 [sugov:0]
    823 root      rt   0       0      0      0 S   0.0   0.0   0:00.27 [sugov:4]
    910 root      20   0    2460   1560   1380 S   0.0   0.0   0:00.39 /usr/sbin/nvfancontrol &
    930 root      20   0       0      0      0 S   0.0   0.0   0:00.00 [sw-quiesce]
    931 root      20   0       0      0      0 S   0.0   0.0   0:01.06 [nvgpu_channel_p]
    934 root      20   0       0      0      0 S   0.0   0.0   0:00.00 [nvgpu_pg_init_g]
    954 root      20   0       0      0      0 S   0.0   0.0   0:00.00 [nvgpu_clk_arb_p]
    979 root      20   0       0      0      0 S   0.0   0.0   0:01.08 [RTW_CMD_THREAD]
   1016 root      20   0   75936   9728   7908 S   0.0   0.1   0:00.01 /usr/sbin/nvargus-daemon
   1017 root      20   0    9792   2900   2608 S   0.0   0.0   0:00.00 /bin/bash /etc/systemd/nvmemwarning.sh
   1037 root      20   0   22192   1708   1512 S   0.0   0.0   0:00.00 /usr/sbin/nvs-service
   1062 root      20   0    2336    760    672 S   0.0   0.0   0:01.58 /bin/sh /snap/cups/1237/scripts/run-cups-browsed
   1064 root      20   0    2336   1388   1264 S   0.0   0.0   0:01.60 /bin/sh /snap/cups/1237/scripts/run-cupsd
   1065 root      20   0       0      0      0 S   0.0   0.0   0:00.00 [pr/ramoops-1]
   1096 root      20   0 2012952  50020  29076 S   0.0   0.6   0:01.42 /usr/bin/containerd
   1110 root      20   0    9448   2412   2172 S   0.0   0.0   0:00.00 /usr/sbin/cron -f -P
   1136 kernoops  20   0   12820    456      0 S   0.0   0.0   0:00.00 /usr/sbin/kerneloops --test
   1145 root      20   0  241780   8612   6932 S   0.0   0.1   0:00.03 /usr/sbin/gdm3
   1162 kernoops  20   0   12820    452      0 S   0.0   0.0   0:00.00 /usr/sbin/kerneloops
   1164 root      20   0    8144    716    640 S   0.0   0.0   0:00.00 /sbin/agetty -o -p -- \u --keep-baud 115200,57600,38400,9600 ttyGS0 vt220
   1171 root      20   0    8144    724    648 S   0.0   0.0   0:00.00 /sbin/agetty -o -p -- \u --keep-baud 115200,57600,38400,9600 ttyTCU0 vt220
   1210 root      20   0  172548   9532   7592 S   0.0   0.1   0:00.04 gdm-session-worker [pam/gdm-autologin]
   1310 root      20   0    3076    916    804 S   0.0   0.0   0:00.00 /usr/sbin/nvphsd
   1316 root      20   0    3208   1408   1248 S   0.0   0.0   0:00.00 /usr/sbin/nvphsd
   1337 root      20   0 2166840  89332  54988 S   0.0   1.1   0:00.69 /usr/bin/dockerd -H fd:// --containerd=/run/containerd/containerd.sock
   1338 root      20   0   15232   8036   6460 S   0.0   0.1   0:00.02 sshd: /usr/sbin/sshd -D [listener] 0 of 10-100 startups
   1342 root      20   0       0      0      0 S   0.0   0.0   0:00.00 [file-storage]
   1350 fcsl      20   0   18416   9892   7060 S   0.0   0.1   0:00.72 /lib/systemd/systemd --user
   1360 fcsl      20   0  106740   4520      0 S   0.0   0.1   0:00.00 (sd-pam)
   1538 fcsl       9 -11   40232   5728   4620 S   0.0   0.1   0:00.02 /usr/bin/pipewire
   1539 fcsl      20   0   23884   5672   4592 S   0.0   0.1   0:00.08 /usr/bin/pipewire-media-session
   1540 fcsl       9 -11  890556  20284  12116 S   0.0   0.3   0:00.39 /usr/bin/pulseaudio --daemonize=no --log-target=journal
   1545 fcsl      20   0  241000   6164   5312 S   0.0   0.1   0:00.04 /usr/bin/gnome-keyring-daemon --daemonize --login
   1548 rtkit     21   1  153508   1472   1264 S   0.0   0.0   0:00.02 /usr/libexec/rtkit-daemon
   1559 fcsl      20   0  162628   5416   4908 S   0.0   0.1   0:00.00 /usr/libexec/gdm-x-session --run-script env GNOME_SHELL_SESSION_MODE=ubuntu /usr/bin/gnome-session --session=ubuntu
   1561 root      20   0   24.2g  80668  35156 S   0.0   1.0   0:00.52 /usr/lib/xorg/Xorg vt2 -displayfd 3 -auth /run/user/1000/gdm/Xauthority -nolisten tcp -background none -noreset -keeptty -novtswitch -verbose 3
   1564 fcsl      20   0   10132   4876   3144 S   0.0   0.1   0:00.44 /usr/bin/dbus-daemon --session --address=systemd: --nofork --nopidfile --systemd-activation --syslog-only
   1587 root      20   0       0      0      0 S   0.0   0.0   0:00.00 [nvidia-modeset/]
   1588 root      20   0       0      0      0 S   0.0   0.0   0:00.00 [nvidia-modeset/]
   1590 root      20   0       0      0      0 S   0.0   0.0   0:00.00 [nvidia]
   1591 root      20   0       0      0      0 S   0.0   0.0   0:00.00 [nv_queue]
   1729 root      20   0       0      0      0 S   0.0   0.0   0:00.00 [nvidia-drm-nv-t]
   1730 root     -51   0       0      0      0 S   0.0   0.0   0:00.00 [card1-crtc0]
   1731 root     -51   0       0      0      0 S   0.0   0.0   0:00.00 [card1-crtc1]
   1824 fcsl      20   0  225936  13728  11972 S   0.0   0.2   0:00.05 /usr/libexec/gnome-session-binary --session=ubuntu
   1916 fcsl      20   0  309864   6752   6032 S   0.0   0.1   0:00.01 /usr/libexec/at-spi-bus-launcher
   1922 fcsl      20   0    8828   3616   3116 S   0.0   0.0   0:00.01 /usr/bin/dbus-daemon --config-file=/usr/share/defaults/at-spi2/accessibility.conf --nofork --print-address 11 --address=unix:path=/run/user/1000/at-spi/bus_0
   1979 fcsl      20   0   91892   2520   2152 S   0.0   0.0   0:00.00 /usr/libexec/gnome-session-ctl --monitor
   1988 fcsl      20   0  240908   6992   6104 S   0.0   0.1   0:00.03 /usr/libexec/gvfsd
   1996 fcsl      20   0  381064   9284   4640 S   0.0   0.1   0:00.00 /usr/libexec/gvfsd-fuse /run/user/1000/gvfs -f
   1997 fcsl      20   0  596284  17864  12840 S   0.0   0.2   0:00.18 /usr/libexec/gnome-session-binary --systemd-service --session=ubuntu
   2026 fcsl      20   0 3471004 225068  81340 S   0.0   2.9   0:05.91 /usr/bin/gnome-shell
   2040 fcsl      20   0  236356   4876   4440 S   0.0   0.1   0:00.00 /usr/libexec/xdg-permission-store
   2042 fcsl      20   0  584868  17900  13432 S   0.0   0.2   0:00.06 /usr/libexec/gnome-shell-calendar-server
   2051 fcsl      20   0  397280  22796  19136 S   0.0   0.3   0:00.09 /usr/libexec/evolution-source-registry
   2059 root      20   0  242436   7680   6568 S   0.0   0.1   0:00.07 /usr/libexec/upowerd
   2061 fcsl      20   0  600496  38980  29472 S   0.0   0.5   0:00.10 /usr/libexec/goa-daemon
   2068 fcsl      20   0 1321540  31748  23404 S   0.0   0.4   0:00.14 /usr/libexec/evolution-calendar-factory
   2078 fcsl      20   0  341492  12924  11036 S   0.0   0.2   0:00.04 /usr/libexec/goa-identity-service
   2088 fcsl      20   0  156800   4488   4024 S   0.0   0.1   0:00.01 /usr/libexec/dconf-service
   2089 fcsl      20   0  823284  28368  22824 S   0.0   0.4   0:00.08 /usr/libexec/evolution-addressbook-factory
   2105 fcsl      20   0  316604  11380   7284 S   0.0   0.1   0:00.11 /usr/libexec/gvfs-udisks2-volume-monitor
   2113 fcsl      20   0  315332   6412   5548 S   0.0   0.1   0:00.04 /usr/libexec/gvfs-afc-volume-monitor
   2118 fcsl      20   0  238096   6272   5500 S   0.0   0.1   0:00.01 /usr/libexec/gvfs-gphoto2-volume-monitor
   2122 fcsl      20   0  236772   4692   4232 S   0.0   0.1   0:00.01 /usr/libexec/gvfs-mtp-volume-monitor
   2126 fcsl      20   0  236900   7852   5228 S   0.0   0.1   0:00.01 /usr/libexec/gvfs-goa-volume-monitor
   2130 root      20   0  376544  64972  16884 S   0.0   0.8   0:10.29 /usr/libexec/packagekitd
   2138 fcsl      20   0  315228   9344   6144 S   0.0   0.1   0:00.02 /usr/libexec/gvfsd-trash --spawner :1.19 /org/gtk/gvfs/exec_spaw/0
   2165 fcsl      20   0  477596  12872  10592 S   0.0   0.2   0:00.13 /usr/libexec/xdg-desktop-portal
   2175 fcsl      20   0  463504   8420   5632 S   0.0   0.1   0:00.02 /usr/libexec/xdg-document-portal
   2178 fcsl      20   0 2804936  27172  20292 S   0.0   0.3   0:00.09 /usr/bin/gjs /usr/share/gnome-shell/org.gnome.Shell.Notifications
   2182 root      20   0    2232    696    620 S   0.0   0.0   0:00.00 fusermount3 -o rw,nosuid,nodev,fsname=portal,auto_unmount,subtype=portal -- /run/user/1000/doc
   2186 fcsl      20   0  163152   7096   6328 S   0.0   0.1   0:00.01 /usr/libexec/at-spi2-registryd --use-gnome-session
   2187 fcsl      20   0  715372  51180  31356 S   0.0   0.7   0:00.26 /usr/libexec/xdg-desktop-portal-gnome
   2201 fcsl      20   0    2328    836    748 S   0.0   0.0   0:00.00 sh -c /usr/bin/ibus-daemon --panel disable $([ "$XDG_SESSION_TYPE" = "x11" ] && echo "--xim")
   2202 fcsl      20   0  310888   7992   5380 S   0.0   0.1   0:00.01 /usr/libexec/gsd-a11y-settings
   2203 fcsl      20   0  603376  28568  18872 S   0.0   0.4   0:00.19 /usr/libexec/gsd-color
   2207 fcsl      20   0  379084  16400  12388 S   0.0   0.2   0:00.03 /usr/libexec/gsd-datetime
   2209 fcsl      20   0  315524  13140   6156 S   0.0   0.2   0:00.09 /usr/bin/ibus-daemon --panel disable --xim
   2210 fcsl      20   0  312464   8500   5808 S   0.0   0.1   0:00.06 /usr/libexec/gsd-housekeeping
   2212 fcsl      20   0  418272  25220  16048 S   0.0   0.3   0:00.15 /usr/libexec/gsd-keyboard
   2213 fcsl      20   0  934772  29676  19672 S   0.0   0.4   0:00.19 /usr/libexec/gsd-media-keys
   2214 fcsl      20   0  528832  26228  18632 S   0.0   0.3   0:00.18 /usr/libexec/gsd-power
   2216 fcsl      20   0  324816   9584   8232 S   0.0   0.1   0:00.01 /usr/libexec/gsd-print-notifications
   2219 fcsl      20   0  458476   6000   5344 S   0.0   0.1   0:00.02 /usr/libexec/gsd-rfkill
   2222 fcsl      20   0  236616   4660   4280 S   0.0   0.1   0:00.00 /usr/libexec/gsd-screensaver-proxy
   2226 fcsl      20   0  467192   9032   6824 S   0.0   0.1   0:00.07 /usr/libexec/gsd-sharing
   2228 fcsl      20   0  460576   9164   6256 S   0.0   0.1   0:00.01 /usr/libexec/gsd-smartcard
   2233 fcsl      20   0  320568   8140   7112 S   0.0   0.1   0:00.01 /usr/libexec/gsd-sound
   2242 fcsl      20   0  344860  23456  16012 S   0.0   0.3   0:00.17 /usr/libexec/gsd-wacom
   2247 fcsl      20   0  656864  90552  49008 S   0.0   1.2   0:03.98 /usr/bin/gnome-software --gapplication-service
   2248 fcsl      20   0  346536  27696  17768 S   0.0   0.4   0:00.20 /usr/libexec/gsd-xsettings
   2254 fcsl      20   0  842664  65920  47764 S   0.0   0.8   0:00.32 /usr/libexec/evolution-data-server/evolution-alarm-notify
   2278 fcsl      20   0  237728   6576   5956 S   0.0   0.1   0:00.00 /usr/libexec/ibus-dconf
   2289 fcsl      20   0  275472  27360  16048 S   0.0   0.4   0:01.55 /usr/libexec/ibus-extension-gtk3
   2301 fcsl      20   0  232212   6712   5028 S   0.0   0.1   0:00.02 /usr/libexec/gsd-disk-utility-notify
   2302 fcsl      20   0  196992  23344  16300 S   0.0   0.3   0:00.15 /usr/libexec/ibus-x11 --kill-daemon
   2316 fcsl      20   0  512948  41308  23256 S   0.0   0.5   0:00.93 python3 /usr/share/nvpmodel_indicator/nvpmodel_indicator.py
   2317 fcsl      20   0  237616   6672   6068 S   0.0   0.1   0:00.02 /usr/libexec/ibus-portal
   2353 fcsl      20   0  345756  14420  10528 S   0.0   0.2   0:00.02 /usr/libexec/gsd-printer
   2377 colord    20   0  246112  11944   8192 S   0.0   0.2   0:00.16 /usr/libexec/colord
   2462 root      20   0  404236  43620  34000 S   0.0   0.6   0:00.57 /usr/libexec/fwupd/fwupd
   2498 fcsl      20   0 2739436  27332  20372 S   0.0   0.4   0:00.09 /usr/bin/gjs /usr/share/gnome-shell/org.gnome.ScreenSaver
   2511 fcsl      20   0  511640  20804   3160 S   0.0   0.3   0:00.00 python3 /usr/share/nvpmodel_indicator/nvpmodel_indicator.py
   2512 fcsl      20   0  511640  20804   3160 S   0.0   0.3   0:00.00 python3 /usr/share/nvpmodel_indicator/nvpmodel_indicator.py
   2513 fcsl      20   0  511640  20804   3160 S   0.0   0.3   0:00.00 python3 /usr/share/nvpmodel_indicator/nvpmodel_indicator.py
   2514 fcsl      20   0  511640  20804   3160 S   0.0   0.3   0:00.00 python3 /usr/share/nvpmodel_indicator/nvpmodel_indicator.py
   2515 fcsl      20   0  511640  20804   3160 S   0.0   0.3   0:00.00 python3 /usr/share/nvpmodel_indicator/nvpmodel_indicator.py
   2516 fcsl      20   0  511640  20804   3160 S   0.0   0.3   0:00.00 python3 /usr/share/nvpmodel_indicator/nvpmodel_indicator.py
   2517 fcsl      20   0  511640  20804   3160 S   0.0   0.3   0:00.00 python3 /usr/share/nvpmodel_indicator/nvpmodel_indicator.py
   2518 fcsl      20   0  511640  20804   3160 S   0.0   0.3   0:00.00 python3 /usr/share/nvpmodel_indicator/nvpmodel_indicator.py
   2520 fcsl      20   0  511652  20848   3160 S   0.0   0.3   0:00.00 python3 /usr/share/nvpmodel_indicator/nvpmodel_indicator.py
   2521 fcsl      20   0  511652  20848   3160 S   0.0   0.3   0:00.00 python3 /usr/share/nvpmodel_indicator/nvpmodel_indicator.py
   2523 fcsl      20   0  511652  20848   3160 S   0.0   0.3   0:00.00 python3 /usr/share/nvpmodel_indicator/nvpmodel_indicator.py
   2524 fcsl      20   0  511652  20848   3160 S   0.0   0.3   0:00.00 python3 /usr/share/nvpmodel_indicator/nvpmodel_indicator.py
   2525 fcsl      20   0  511652  20848   3160 S   0.0   0.3   0:00.00 python3 /usr/share/nvpmodel_indicator/nvpmodel_indicator.py
   2526 fcsl      20   0  511652  20848   3160 S   0.0   0.3   0:00.00 python3 /usr/share/nvpmodel_indicator/nvpmodel_indicator.py
   2527 fcsl      20   0  511652  20848   3160 S   0.0   0.3   0:00.00 python3 /usr/share/nvpmodel_indicator/nvpmodel_indicator.py
   2528 fcsl      20   0  511652  20848   3160 S   0.0   0.3   0:00.00 python3 /usr/share/nvpmodel_indicator/nvpmodel_indicator.py
   2529 fcsl      20   0  511652  21360   3648 S   0.0   0.3   0:00.97 python3 /usr/share/nvpmodel_indicator/nvpmodel_indicator.py
   2531 fcsl      20   0  511652  20852   3160 S   0.0   0.3   0:00.00 python3 /usr/share/nvpmodel_indicator/nvpmodel_indicator.py
   2532 fcsl      20   0  511652  20852   3160 S   0.0   0.3   0:00.00 python3 /usr/share/nvpmodel_indicator/nvpmodel_indicator.py
   2558 fcsl      20   0  238820  11516   6280 S   0.0   0.1   0:00.06 /usr/libexec/ibus-engine-hangul --ibus
   2568 fcsl      39  19  648636  29248  20296 S   0.0   0.4   0:00.55 /usr/libexec/tracker-miner-fs-3
   2570 fcsl      20   0  345256  24112  16764 S   0.0   0.3   0:00.13 /usr/libexec/xdg-desktop-portal-gtk
   2735 fcsl      20   0  163392   5864   5280 S   0.0   0.1   0:00.01 /usr/libexec/gvfsd-metadata
   2762 root      20   0  136724  11180   9516 S   0.0   0.1   0:00.36 cupsd -f -s /var/snap/cups/common/etc/cups/cups-files.conf -c /var/snap/cups/common/etc/cups/cupsd.conf
   2770 snap_da+  20   0   14484   4204   3512 S   0.0   0.1   0:00.00 /snap/cups/1237/lib/cups/notifier/dbus dbus://
   2771 snap_da+  20   0   14484   4636   3932 S   0.0   0.1   0:00.00 /snap/cups/1237/lib/cups/notifier/dbus dbus://
   2772 snap_da+  20   0   14484   4216   3524 S   0.0   0.1   0:00.00 /snap/cups/1237/lib/cups/notifier/dbus dbus://
   2773 snap_da+  20   0   14484   4272   3576 S   0.0   0.1   0:00.00 /snap/cups/1237/lib/cups/notifier/dbus dbus://
   2774 snap_da+  20   0   14484   4636   3932 S   0.0   0.1   0:00.00 /snap/cups/1237/lib/cups/notifier/dbus dbus://
   2781 root      20   0  260796  17948  13524 S   0.0   0.2   0:00.46 cups-browsed -c /var/snap/cups/common/etc/cups/cups-browsed.conf
   3356 root      20   0   18536   9044   7116 S   0.0   0.1   0:00.03 sshd: fcsl [priv]
   3413 fcsl      20   0   18984   7780   5556 S   0.0   0.1   0:00.42 sshd: fcsl@pts/0
   3414 fcsl      20   0   15168   8696   3028 S   0.0   0.1   0:00.15 -bash
   3656 root      20   0   18536   9052   7124 S   0.0   0.1   0:00.02 sshd: fcsl [priv]
   3699 fcsl      20   0   18984   7800   5576 S   0.0   0.1   0:00.01 sshd: fcsl@pts/1
   3700 fcsl      20   0   15168   8568   2900 S   0.0   0.1   0:00.11 -bash
   3956 root      20   0   18536   9052   7124 S   0.0   0.1   0:00.03 sshd: fcsl [priv]
   3986 fcsl      20   0   18984   7800   5576 S   0.0   0.1   0:00.24 sshd: fcsl@pts/2
   3987 fcsl      20   0   15168   8564   2900 S   0.0   0.1   0:00.06 -bash
   4340 fcsl      20   0  421744  28484  20708 S   0.0   0.4   0:00.18 update-notifier
   5745 root      20   0       0      0      0 I   0.0   0.0   0:00.00 [kworker/5:0-events]
   5746 root      20   0       0      0      0 I   0.0   0.0   0:00.13 [kworker/0:0-events]
   5789 root      20   0   18536   9056   7128 S   0.0   0.1   0:00.03 sshd: fcsl [priv]
   5818 fcsl      20   0    9792   2976   2680 S   0.0   0.0   0:00.00 -bash
   5821 fcsl      20   0    2440   1568   1348 S   0.0   0.0   0:00.00 sh
   5892 fcsl      20   0   42184   8676   6928 S   0.0   0.1   0:00.04 /home/fcsl/.vscode-server/code-6a49527b96e326fe62fbdb56f60e16877c9aa724 --cli-data-dir /home/fcsl/.vscode-server/cli agent host
   5913 fcsl      20   0    2328    816    732 S   0.0   0.0   0:00.00 sh /home/fcsl/.vscode-server/cli/servers/Stable-6a49527b96e326fe62fbdb56f60e16877c9aa724/server/bin/code-server --connection-token=remotessh --accept-server-license-terms --agent-host-bridge-port=41459 --agent-host-bridge-host=127.0.0.1 --agent-host-bridge-connection-token=03adc759-cc11-482d-a5c4-3d1cf335af96 --start-server --enable-remote-auto-shutdown --socket-path=/tmp/code-9639163c-fbe7-4e2e-8b21-e167c70142b5
   5917 fcsl      20   0   11.1g 174268  46284 S   0.0   2.2   0:09.98 /home/fcsl/.vscode-server/cli/servers/Stable-6a49527b96e326fe62fbdb56f60e16877c9aa724/server/node /home/fcsl/.vscode-server/cli/servers/Stable-6a49527b96e326fe62fbdb56f60e16877c9aa724/server/out/server-main.js --connection-token=remotessh --accept-server-license-terms --agent-host-bridge-port=41459 --agent-host-bridge-host=127.0.0.1 --agent-host-bridge-connection-token=03adc759-cc11-482d-a5c4-3d1cf335af96 --start-server --enable-remote+
   6192 fcsl      20   0  952820  70140  41896 S   0.0   0.9   0:01.90 /home/fcsl/.vscode-server/cli/servers/Stable-6a49527b96e326fe62fbdb56f60e16877c9aa724/server/node /home/fcsl/.vscode-server/cli/servers/Stable-6a49527b96e326fe62fbdb56f60e16877c9aa724/server/out/bootstrap-fork --type=ptyHost --logsPath /home/fcsl/.vscode-server/data/logs/20260817T111943
   6410 root      20   0       0      0      0 I   0.0   0.0   0:00.00 [kworker/1:0-events]
   6731 fcsl      20   0  997088  80596  41996 S   0.0   1.0   0:07.34 /home/fcsl/.vscode-server/cli/servers/Stable-6a49527b96e326fe62fbdb56f60e16877c9aa724/server/node /home/fcsl/.vscode-server/cli/servers/Stable-6a49527b96e326fe62fbdb56f60e16877c9aa724/server/out/bootstrap-fork --type=fileWatcher
   7080 fcsl      20   0  405524  74872  63060 S   0.0   1.0   0:01.33 /home/fcsl/.vscode-server/extensions/openai.chatgpt-26.810.52044-linux-arm64/bin/linux-aarch64/codex -c features.code_mode_host=true app-server --analytics-default-enabled
   7182 fcsl      20   0   15216   8668   2972 S   0.0   0.1   0:00.05 /usr/bin/bash --init-file /home/fcsl/.vscode-server/cli/servers/Stable-6a49527b96e326fe62fbdb56f60e16877c9aa724/server/out/vs/workbench/contrib/terminal/common/scripts/shellIntegration-bash.sh
   7850 root      20   0   18536   9060   7132 S   0.0   0.1   0:00.04 sshd: fcsl [priv]
   7878 fcsl      20   0   18824   7676   5580 S   0.0   0.1   0:00.02 sshd: fcsl@pts/6
   7879 fcsl      20   0   15168   8708   3036 S   0.0   0.1   0:00.15 -bash
   8118 root      20   0   18536   9060   7132 S   0.0   0.1   0:00.04 sshd: fcsl [priv]
   8146 fcsl      20   0   18984   7680   5580 S   0.0   0.1   0:00.02 sshd: fcsl@pts/8
   8147 fcsl      20   0   15168   8708   3032 S   0.0   0.1   0:00.15 -bash
   8386 root      20   0   18536   9060   7132 S   0.0   0.1   0:00.04 sshd: fcsl [priv]
   8414 fcsl      20   0   18824   7672   5580 S   0.0   0.1   0:00.01 sshd: fcsl@pts/9
   8415 fcsl      20   0   15168   8640   2964 S   0.0   0.1   0:00.12 -bash
  11747 root      20   0       0      0      0 I   0.0   0.0   0:00.00 [kworker/0:2-events]
  11800 root      20   0   18536   9328   7400 S   0.0   0.1   0:00.04 sshd: fcsl [priv]
  11829 fcsl      20   0   15168   9064   3388 S   0.0   0.1   0:00.37 -bash
  16192 root      20   0       0      0      0 I   0.0   0.0   0:00.07 [kworker/u12:3-devfreq_wq]
  16258 root      20   0       0      0      0 I   0.0   0.0   0:00.00 [kworker/0:1-events]
  16292 root      20   0    8112    764    688 S   0.0   0.0   0:00.00 sleep 300
  19240 fcsl      20   0  206192  31704  14596 S   0.0   0.4   0:00.55 /home/fcsl/miniforge3/envs/thirdimpact/bin/python /home/fcsl/miniforge3/envs/thirdimpact/bin/ros2 run joy joy_node
  19545 fcsl      20   0    8112    780    704 S   0.0   0.0   0:00.00 sleep 180
  19546 fcsl      20   0   10072   3092   2780 S   0.0   0.0   0:00.00 bash ./cpu_profile.sh

top - 11:34:49 up 22 min,  8 users,  load average: 8.15, 4.27, 3.83
Tasks: 408 total,  12 running, 396 sleeping,   0 stopped,   0 zombie
%Cpu(s): 79.8 us, 16.5 sy,  0.0 ni,  0.1 id,  0.0 wa,  1.4 hi,  2.2 si,  0.0 st
MiB Mem :   7607.4 total,   1921.3 free,   3279.5 used,   2406.5 buff/cache
MiB Swap:   3803.7 total,   3803.2 free,      0.5 used.   4057.3 avail Mem 

    PID USER      PR  NI    VIRT    RES    SHR S  %CPU  %MEM     TIME+ COMMAND
  19281 fcsl      20   0 1453492 114884  41608 R  59.5   1.5   0:03.19 /home/fcsl/miniforge3/envs/thirdimpact/bin/python3.12 /home/fcsl/roboracer_ws/install/gb_optimizer/lib/gb_optimizer/global_trajectory_publisher --ros-args -r __node:=global_republisher --params-file /tmp/launch_params_lsq8407e
  19346 fcsl      20   0 1213440 169804  80992 R  52.4   2.2   0:02.81 /home/fcsl/miniforge3/envs/thirdimpact/bin/python3.12 /home/fcsl/roboracer_ws/install/lane_change_planner/lib/lane_change_planner/change_avoidance_node --ros-args -r __node:=planner_change --params-file /tmp/launch_params_3lr3b4pe
  19342 fcsl      20   0 1210960 139332  62576 R  48.1   1.8   0:02.73 /home/fcsl/miniforge3/envs/thirdimpact/bin/python3.12 /home/fcsl/roboracer_ws/install/spliner/lib/spliner/start_spline_node_v2 --ros-args -r __node:=start_planner
  19340 fcsl      20   0 1209932 146304  68596 R  44.3   1.9   0:02.76 /home/fcsl/miniforge3/envs/thirdimpact/bin/python3.12 /home/fcsl/roboracer_ws/install/recovery_spliner/lib/recovery_spliner/recovery_spliner_node --ros-args -r __node:=recovery_spliner_node
  19354 fcsl      20   0 1084200 140028  48344 S  40.0   1.8   0:02.85 python3 /home/fcsl/roboracer_ws/install/gp_traj_predictor/lib/gp_traj_predictor/gaussian_process_opp_traj --ros-args -r __node:=GP_trajectory
  19336 fcsl      20   0 1443032 104260  41408 R  39.0   1.3   0:02.83 /home/fcsl/miniforge3/envs/thirdimpact/bin/python3.12 /home/fcsl/roboracer_ws/install/state_machine/lib/state_machine/state_machine --ros-args -r __node:=state_machine --params-file /home/fcsl/roboracer_ws/install/stack_master/share/stack_master/config/state_machine_params.yaml --params-file /tmp/launch_params_biwnb6d6 --params-file /tmp/launch_params_30za9fdy --params-file /tmp/launch_params_f2pjkjd6 --params-file /tmp/launch_params_v+
  19328 fcsl      20   0 1470844 128436  46456 R  38.1   1.6   0:02.68 python3 /home/fcsl/roboracer_ws/install/perception/lib/perception/tracking_node --ros-args -r __node:=tracking --params-file /home/fcsl/roboracer_ws/install/stack_master/share/stack_master/config/opponent_tracker_params.yaml -r /tracking/obstacles:=/tracking/obstacles
  19251 fcsl      20   0  868124  48748  36540 S  34.3   0.6   0:02.85 /home/fcsl/roboracer_ws/install/kiss_icp_localization/lib/kiss_icp_localization/localization_node --ros-args -r __node:=kiss_icp_localization --params-file /home/fcsl/roboracer_ws/install/stack_master/share/stack_master/config/kiss.yaml --params-file /tmp/launch_params_kkza55sc --params-file /tmp/launch_params_bk6s3os3
  19344 fcsl      20   0 1815936 163020  81980 R  33.8   2.1   0:02.53 /home/fcsl/miniforge3/envs/thirdimpact/bin/python3.12 /home/fcsl/roboracer_ws/install/spliner/lib/spliner/static_avoidance_node --ros-args -r __node:=static_avoidance_planner --params-file /home/fcsl/roboracer_ws/install/stack_master/share/stack_master/config/static_avoidance_planner.yaml -r /planner/avoidance/otwpnts:=/planner/avoidance/static_otwpnts
  19358 fcsl      20   0 1478224 105036  41820 R  32.4   1.3   0:02.61 /home/fcsl/miniforge3/envs/thirdimpact/bin/python3.12 /home/fcsl/roboracer_ws/install/controller/lib/controller/controller_manager --ros-args -r __node:=controller_manager --params-file /home/fcsl/roboracer_ws/install/stack_master/share/stack_master/config/controller.yaml --params-file /tmp/launch_params_rteop0df --params-file /tmp/launch_params_fgfbn70d
  19314 fcsl      20   0 1113108  62720  25628 R  23.3   0.8   0:02.14 /home/fcsl/miniforge3/envs/thirdimpact/bin/python3.12 /home/fcsl/roboracer_ws/install/lap_analyser/lib/lap_analyser/lap_analyser --ros-args -r __node:=lap_analyser --params-file /tmp/launch_params_0px3ph6a
  19311 fcsl      20   0 1440012 101264  40908 R  20.0   1.3   0:02.33 /home/fcsl/miniforge3/envs/thirdimpact/bin/python3.12 /home/fcsl/roboracer_ws/install/frenet_odom_republisher/lib/frenet_odom_republisher/frenet_odom_republisher_node --ros-args -r __node:=frenet_odom_republisher -r /car_state/frenet/odom:=/car_state/odom_frenet
  19230 fcsl      20   0 1106708  59396  24440 S  12.4   0.8   0:01.44 python3 /home/fcsl/roboracer_ws/install/stack_master/lib/stack_master/simple_mux_node.py --ros-args -r __node:=simple_mux --params-file /home/fcsl/roboracer_ws/install/stack_master/share/stack_master/config/CAR/vehicle_config.yaml --params-file /tmp/launch_params_pywsh3_8 --params-file /tmp/launch_params_yk3h0muz --params-file /tmp/launch_params_uihzw7ry --params-file /tmp/launch_params_5fc12uzq --params-file /tmp/launch_params_nd2qw0hk
  19216 fcsl      20   0  882452  22300  13904 S   8.6   0.3   0:00.82 /home/fcsl/roboracer_ws/install/vesc_driver/lib/vesc_driver/vesc_driver_node --ros-args -r __node:=vesc_driver_node -r __ns:=/vesc --params-file /home/fcsl/roboracer_ws/install/stack_master/share/stack_master/config/CAR/vehicle_config.yaml
  19297 fcsl      20   0 1443864 104772  41512 S   6.7   1.3   0:02.09 /home/fcsl/miniforge3/envs/thirdimpact/bin/python3.12 /home/fcsl/roboracer_ws/install/overtaking_sector_tuner/lib/overtaking_sector_tuner/ot_interpolator --ros-args -r __node:=ot_sector_tuner --params-file /home/fcsl/roboracer_ws/install/stack_master/share/stack_master/maps/0815test3/ot_sectors.yaml --params-file /tmp/launch_params_ti68gs7d
  19289 fcsl      20   0 1117476  64988  26716 S   6.2   0.8   0:01.32 /home/fcsl/miniforge3/envs/thirdimpact/bin/python3.12 /home/fcsl/roboracer_ws/install/sector_tuner/lib/sector_tuner/sector_tuner --ros-args -r __node:=speed_sector_tuner --params-file /home/fcsl/roboracer_ws/install/stack_master/share/stack_master/maps/0815test3/speed_scaling.yaml --params-file /tmp/launch_params_kwlnquqh
  19326 fcsl      20   0 1125896  51608  33564 S   6.2   0.7   0:00.72 /home/fcsl/roboracer_ws/install/perception/lib/perception/detect --ros-args -r __node:=detect --params-file /home/fcsl/roboracer_ws/install/stack_master/share/stack_master/config/opponent_tracker_params.yaml --params-file /tmp/launch_params_gk8q2zkj
  19213 fcsl      20   0 2285720  52244  16816 S   5.7   0.7   0:02.85 /home/fcsl/miniforge3/envs/thirdimpact/bin/python /home/fcsl/miniforge3/envs/thirdimpact/bin/ros2 launch stack_master race.launch.xml map:=0815test3
  19561 fcsl      20   0  823792  25832  16644 S   5.7   0.3   0:00.55 /home/fcsl/miniforge3/envs/thirdimpact/lib/joy/joy_node
  19222 fcsl      20   0  817464  20644  14172 S   5.2   0.3   0:00.46 /home/fcsl/roboracer_ws/install/urg_node/lib/urg_node/urg_node_driver --ros-args -r __node:=urg_node --params-file /home/fcsl/roboracer_ws/install/stack_master/share/stack_master/config/CAR/vehicle_config.yaml -r /scan:=/scan
  19220 fcsl      20   0  663144  20992  14644 S   4.3   0.3   0:00.40 /home/fcsl/roboracer_ws/install/vesc_ackermann/lib/vesc_ackermann/vesc_to_odom_node --ros-args -r __node:=vesc_to_odom_node -r __ns:=/vesc --params-file /home/fcsl/roboracer_ws/install/stack_master/share/stack_master/config/CAR/vehicle_config.yaml
  19247 fcsl      20   0  817644  24808  17424 S   4.3   0.3   0:00.43 /home/fcsl/miniforge3/envs/thirdimpact/lib/nav2_lifecycle_manager/lifecycle_manager --ros-args -r __node:=lifecycle_manager_localization --params-file /tmp/launch_params_gzsj1u13 --params-file /tmp/launch_params_7txkr4rh --params-file /tmp/launch_params_ojdu_5r1
  19352 fcsl      20   0 1443996 106156  41492 S   4.3   1.4   0:01.95 python3 /home/fcsl/roboracer_ws/install/gp_traj_predictor/lib/gp_traj_predictor/opponent_trajectory --ros-args -r __node:=OpponentHalflap
  19356 fcsl      20   0 1118488  65060  27064 S   4.3   0.8   0:01.14 python3 /home/fcsl/roboracer_ws/install/gp_traj_predictor/lib/gp_traj_predictor/opp_prediction --ros-args -r __node:=opponent_propagation_predictor
   6720 fcsl      20   0   42.1g 668856  59704 S   3.8   8.6   1:03.16 /home/fcsl/.vscode-server/cli/servers/Stable-6a49527b96e326fe62fbdb56f60e16877c9aa724/server/node --dns-result-order=ipv4first /home/fcsl/.vscode-server/cli/servers/Stable-6a49527b96e326fe62fbdb56f60e16877c9aa724/server/out/bootstrap-fork --type=extensionHost --transformURIs --useHostProxy=false
  19218 fcsl      20   0  663148  20828  14464 S   3.8   0.3   0:00.34 /home/fcsl/roboracer_ws/install/vesc_ackermann/lib/vesc_ackermann/ackermann_to_vesc_node --ros-args -r __node:=ackermann_to_vesc_node -r __ns:=/vesc --params-file /home/fcsl/roboracer_ws/install/stack_master/share/stack_master/config/CAR/vehicle_config.yaml
  19249 fcsl      20   0  721960  33940  21568 S   3.8   0.4   0:00.45 /home/fcsl/miniforge3/envs/thirdimpact/lib/nav2_map_server/map_server --ros-args -r __node:=map_server --params-file /tmp/launch_params_7an6qmh_ --params-file /tmp/launch_params_3pildy1p --params-file /tmp/launch_params_bxv9_bd6 --params-file /tmp/launch_params_3ypbuy35
  19224 fcsl      20   0 1113316  63044  25836 S   3.3   0.8   0:01.00 python3 /home/fcsl/roboracer_ws/install/stack_master/lib/stack_master/static_tf_publisher.py --ros-args -r __node:=static_tf_publisher --params-file /home/fcsl/roboracer_ws/install/stack_master/share/stack_master/config/CAR/static_transforms.yaml
  19245 fcsl      20   0 1106328  61768  24328 S   3.3   0.8   0:00.98 python3 /home/fcsl/roboracer_ws/install/stack_master/lib/stack_master/map_relay_node.py --ros-args -r __node:=map_relay_node
  19307 fcsl      20   0 1439536 102748  40756 S   3.3   1.3   0:01.97 /home/fcsl/miniforge3/envs/thirdimpact/bin/python3.12 /home/fcsl/roboracer_ws/install/frenet_conversion_server/lib/frenet_conversion_server/frenet_conversion_server_node --ros-args -r __node:=frenet_conversion_server_node --params-file /tmp/launch_params_1_pyfy3w
  19350 fcsl      20   0 1112980  62512  25528 S   2.9   0.8   0:01.06 /home/fcsl/miniforge3/envs/thirdimpact/bin/python3.12 /home/fcsl/roboracer_ws/install/lane_change_planner/lib/lane_change_planner/update_waypoints --ros-args -r __node:=waypoint_updater
   5868 fcsl      20   0   45844  12856   8268 S   1.4   0.2   0:11.31 /home/fcsl/.vscode-server/code-6a49527b96e326fe62fbdb56f60e16877c9aa724 command-shell --cli-data-dir /home/fcsl/.vscode-server/cli --parent-process-id 5821 --on-host=127.0.0.1 --on-port
  19553 fcsl      20   0   12120   3496   2676 R   1.4   0.0   0:00.12 top -b -c -w 512 -d 2
    320 root      20   0   23808   5888   3448 S   1.0   0.1   0:05.08 /lib/systemd/systemd-udevd
   5817 fcsl      20   0   19504   8220   5580 R   1.0   0.1   0:07.64 sshd: fcsl@notty
   5917 fcsl      20   0   11.1g 174268  46284 S   1.0   2.2   0:10.00 /home/fcsl/.vscode-server/cli/servers/Stable-6a49527b96e326fe62fbdb56f60e16877c9aa724/server/node /home/fcsl/.vscode-server/cli/servers/Stable-6a49527b96e326fe62fbdb56f60e16877c9aa724/server/out/server-main.js --connection-token=remotessh --accept-server-license-terms --agent-host-bridge-port=41459 --agent-host-bridge-host=127.0.0.1 --agent-host-bridge-connection-token=03adc759-cc11-482d-a5c4-3d1cf335af96 --start-server --enable-remote+
  11828 fcsl      20   0   18824   8292   6100 S   1.0   0.1   0:00.32 sshd: fcsl@pts/5
     14 root      20   0       0      0      0 S   0.5   0.0   0:00.70 [ksoftirqd/0]
    271 root      20   0       0      0      0 I   0.5   0.0   0:00.61 [kworker/u12:6-devfreq_wq]
    273 root      20   0       0      0      0 I   0.5   0.0   0:00.46 [kworker/u12:8-events_freezable_power_]
    767 root      20   0 2145820  48520  24160 S   0.5   0.6   0:04.94 /snap/snapd/current/usr/lib/snapd/snapd
    931 root      20   0       0      0      0 S   0.5   0.0   0:01.07 [nvgpu_channel_p]
   1096 root      20   0 2012952  50020  29076 S   0.5   0.6   0:01.43 /usr/bin/containerd
   6731 fcsl      20   0  997088  80596  41996 S   0.5   1.0   0:07.35 /home/fcsl/.vscode-server/cli/servers/Stable-6a49527b96e326fe62fbdb56f60e16877c9aa724/server/node /home/fcsl/.vscode-server/cli/servers/Stable-6a49527b96e326fe62fbdb56f60e16877c9aa724/server/out/bootstrap-fork --type=fileWatcher
      1 root      20   0  167496  11476   7176 S   0.0   0.1   0:03.45 /sbin/init 2
      2 root      20   0       0      0      0 S   0.0   0.0   0:00.01 [kthreadd]
      3 root       0 -20       0      0      0 I   0.0   0.0   0:00.00 [rcu_gp]
      4 root       0 -20       0      0      0 I   0.0   0.0   0:00.00 [rcu_par_gp]
      5 root       0 -20       0      0      0 I   0.0   0.0   0:00.00 [slub_flushwq]
      6 root       0 -20       0      0      0 I   0.0   0.0   0:00.00 [netns]
      8 root       0 -20       0      0      0 I   0.0   0.0   0:00.00 [kworker/0:0H-events_highpri]
     10 root       0 -20       0      0      0 I   0.0   0.0   0:00.00 [mm_percpu_wq]
     11 root      20   0       0      0      0 S   0.0   0.0   0:00.00 [rcu_tasks_kthre]
     12 root      20   0       0      0      0 S   0.0   0.0   0:00.00 [rcu_tasks_rude_]
     13 root      20   0       0      0      0 S   0.0   0.0   0:00.00 [rcu_tasks_trace]
     15 root      20   0       0      0      0 I   0.0   0.0   0:00.35 [rcu_preempt]
     16 root      rt   0       0      0      0 S   0.0   0.0   0:00.00 [migration/0]
     17 root      20   0       0      0      0 S   0.0   0.0   0:00.00 [cpuhp/0]
     18 root      20   0       0      0      0 S   0.0   0.0   0:00.00 [cpuhp/1]
     19 root      rt   0       0      0      0 S   0.0   0.0   0:00.00 [migration/1]
     20 root      20   0       0      0      0 S   0.0   0.0   0:00.14 [ksoftirqd/1]
     22 root       0 -20       0      0      0 I   0.0   0.0   0:00.00 [kworker/1:0H-events_highpri]
     23 root      20   0       0      0      0 S   0.0   0.0   0:00.00 [cpuhp/2]
     24 root      rt   0       0      0      0 S   0.0   0.0   0:00.00 [migration/2]
     25 root      20   0       0      0      0 S   0.0   0.0   0:00.15 [ksoftirqd/2]
     27 root       0 -20       0      0      0 I   0.0   0.0   0:00.00 [kworker/2:0H-kblockd]
     28 root      20   0       0      0      0 S   0.0   0.0   0:00.00 [cpuhp/3]
     29 root      rt   0       0      0      0 S   0.0   0.0   0:00.00 [migration/3]
     30 root      20   0       0      0      0 S   0.0   0.0   0:00.18 [ksoftirqd/3]
     31 root      20   0       0      0      0 I   0.0   0.0   0:00.07 [kworker/3:0-mm_percpu_wq]
     32 root       0 -20       0      0      0 I   0.0   0.0   0:00.00 [kworker/3:0H-events_highpri]
     33 root      20   0       0      0      0 S   0.0   0.0   0:00.00 [cpuhp/4]
     34 root      rt   0       0      0      0 S   0.0   0.0   0:00.00 [migration/4]
     35 root      20   0       0      0      0 S   0.0   0.0   0:00.15 [ksoftirqd/4]
     37 root       0 -20       0      0      0 I   0.0   0.0   0:00.00 [kworker/4:0H-events_highpri]
     38 root      20   0       0      0      0 S   0.0   0.0   0:00.00 [cpuhp/5]
     39 root      rt   0       0      0      0 S   0.0   0.0   0:00.00 [migration/5]
     40 root      20   0       0      0      0 S   0.0   0.0   0:00.13 [ksoftirqd/5]
     42 root       0 -20       0      0      0 I   0.0   0.0   0:00.00 [kworker/5:0H-events_highpri]
     43 root      20   0       0      0      0 S   0.0   0.0   0:00.00 [kdevtmpfs]
     44 root       0 -20       0      0      0 I   0.0   0.0   0:00.00 [inet_frag_wq]
     47 root      20   0       0      0      0 I   0.0   0.0   0:00.01 [kworker/2:1-cgroup_destroy]
     50 root      20   0       0      0      0 I   0.0   0.0   0:00.00 [kworker/4:1-events]
     51 root      20   0       0      0      0 S   0.0   0.0   0:00.00 [kauditd]
     52 root      20   0       0      0      0 S   0.0   0.0   0:00.00 [oom_reaper]
     53 root       0 -20       0      0      0 I   0.0   0.0   0:00.00 [writeback]
     54 root      20   0       0      0      0 S   0.0   0.0   0:00.00 [kcompactd0]
     55 root      25   5       0      0      0 S   0.0   0.0   0:00.00 [ksmd]
     56 root      39  19       0      0      0 S   0.0   0.0   0:00.15 [khugepaged]
     67 root       0 -20       0      0      0 I   0.0   0.0   0:00.00 [cryptd]
     86 root       0 -20       0      0      0 I   0.0   0.0   0:00.00 [kintegrityd]
     87 root       0 -20       0      0      0 I   0.0   0.0   0:00.00 [kblockd]
     88 root       0 -20       0      0      0 I   0.0   0.0   0:00.00 [blkcg_punt_bio]
     89 root       0 -20       0      0      0 I   0.0   0.0   0:00.00 [tpm_dev_wq]
     90 root       0 -20       0      0      0 I   0.0   0.0   0:00.00 [ata_sff]
     91 root       0 -20       0      0      0 I   0.0   0.0   0:00.00 [edac-poller]
     92 root       0 -20       0      0      0 I   0.0   0.0   0:00.00 [devfreq_wq]
     93 root     -51   0       0      0      0 S   0.0   0.0   0:00.00 [watchdogd]
     94 root      20   0       0      0      0 I   0.0   0.0   0:00.67 [kworker/u12:1-events_freezable_power_]
     95 root      20   0       0      0      0 I   0.0   0.0   0:00.47 [kworker/u12:2-events_freezable_power_]
     96 root       0 -20       0      0      0 I   0.0   0.0   0:00.00 [kworker/0:1H-kblockd]
     97 root       0 -20       0      0      0 I   0.0   0.0   0:00.00 [rpciod]
     98 root       0 -20       0      0      0 I   0.0   0.0   0:00.03 [kworker/u13:0-hci0]
     99 root       0 -20       0      0      0 I   0.0   0.0   0:00.00 [xprtiod]
    127 root      20   0       0      0      0 S   0.0   0.0   0:00.36 [kswapd0]
    128 root       0 -20       0      0      0 I   0.0   0.0   0:00.00 [nfsiod]
    132 root       0 -20       0      0      0 I   0.0   0.0   0:00.00 [vfio-irqfd-clea]
    133 root       0 -20       0      0      0 I   0.0   0.0   0:00.00 [bch_btree_io]
    134 root       0 -20       0      0      0 I   0.0   0.0   0:00.00 [bcache]
    135 root       0 -20       0      0      0 I   0.0   0.0   0:00.00 [bch_journal]
    136 root       0 -20       0      0      0 I   0.0   0.0   0:00.00 [dm_bufio_cache]
    138 root      10 -10       0      0      0 S   0.0   0.0   0:00.00 [krfcommd]
    139 root      20   0       0      0      0 S   0.0   0.0   0:00.00 [pr/tty0]
    140 root      20   0       0      0      0 S   0.0   0.0   0:02.86 [pr/ttyTCU0]
    143 root     -51   0       0      0      0 S   0.0   0.0   0:00.00 [irq/114-3160000]
    145 root     -51   0       0      0      0 S   0.0   0.0   0:00.00 [irq/115-3180000]
    146 root      20   0       0      0      0 I   0.0   0.0   0:00.38 [kworker/1:3-events]
    147 root     -51   0       0      0      0 S   0.0   0.0   0:00.00 [irq/116-31b0000]
    148 root     -51   0       0      0      0 S   0.0   0.0   0:00.00 [irq/167-c240000]
    149 root     -51   0       0      0      0 S   0.0   0.0   0:00.00 [irq/168-c250000]
    150 root     -51   0       0      0      0 S   0.0   0.0   0:00.00 [irq/125-3610000]
    151 root     -51   0       0      0      0 S   0.0   0.0   0:00.00 [irq/122-3610000]
    152 root      20   0       0      0      0 I   0.0   0.0   0:00.03 [kworker/5:3-mm_percpu_wq]
    153 root       0 -20       0      0      0 I   0.0   0.0   0:00.00 [sdhci]
    154 root     -51   0       0      0      0 S   0.0   0.0   0:00.00 [irq/120-mmc0]
    155 root     -51   0       0      0      0 S   0.0   0.0   0:00.00 [irq/230-3400000]
    156 root      20   0       0      0      0 I   0.0   0.0   0:00.06 [kworker/2:2-mm_percpu_wq]
    173 root       0 -20       0      0      0 I   0.0   0.0   0:00.00 [kworker/1:1H-kblockd]
    174 root      20   0       0      0      0 I   0.0   0.0   0:00.00 [kworker/3:2-mm_percpu_wq]
    179 root     -51   0       0      0      0 S   0.0   0.0   0:00.00 [irq/191-tegra-p]
    180 root       0 -20       0      0      0 I   0.0   0.0   0:00.00 [nvme-wq]
    181 root       0 -20       0      0      0 I   0.0   0.0   0:00.00 [nvme-reset-wq]
    182 root       0 -20       0      0      0 I   0.0   0.0   0:00.00 [nvme-delete-wq]
    191 root     -51   0       0      0      0 S   0.0   0.0   0:00.00 [irq/191-aerdrv]
    192 root     -51   0       0      0      0 S   0.0   0.0   0:00.00 [irq/193-tegra-p]
    195 root     -51   0       0      0      0 S   0.0   0.0   0:00.00 [irq/193-aerdrv]
    196 root     -51   0       0      0      0 S   0.0   0.0   0:00.00 [irq/195-tegra-p]
    198 root     -51   0       0      0      0 S   0.0   0.0   0:00.00 [irq/232-nvme0q0]
    199 root     -51   0       0      0      0 S   0.0   0.0   0:00.22 [irq/233-nvme0q1]
    200 root     -51   0       0      0      0 S   0.0   0.0   0:00.32 [irq/234-nvme0q2]
    201 root     -51   0       0      0      0 S   0.0   0.0   0:00.18 [irq/235-nvme0q3]
    202 root     -51   0       0      0      0 S   0.0   0.0   0:00.22 [irq/236-nvme0q4]
    203 root     -51   0       0      0      0 S   0.0   0.0   0:00.06 [irq/237-nvme0q5]
    204 root     -51   0       0      0      0 S   0.0   0.0   0:00.06 [irq/238-nvme0q6]
    205 root      20   0       0      0      0 I   0.0   0.0   0:00.49 [kworker/u12:4-events_freezable_power_]
    209 root      20   0       0      0      0 D   0.0   0.0   0:00.13 [jbd2/nvme0n1p1-]
    210 root       0 -20       0      0      0 I   0.0   0.0   0:00.00 [ext4-rsv-conver]
    211 root       0 -20       0      0      0 I   0.0   0.0   0:00.00 [kworker/2:1H-kblockd]
    220 root       0 -20       0      0      0 I   0.0   0.0   0:00.00 [mld]
    221 root       0 -20       0      0      0 I   0.0   0.0   0:00.00 [kworker/3:1H-kblockd]
    222 root       0 -20       0      0      0 I   0.0   0.0   0:00.00 [ipv6_addrconf]
    253 root      19  -1   40524   9664   8044 S   0.0   0.1   0:00.49 /lib/systemd/systemd-journald
    267 root      20   0       0      0      0 I   0.0   0.0   0:00.04 [kworker/4:2-events]
    270 root      20   0       0      0      0 I   0.0   0.0   0:00.45 [kworker/u12:5-events_unbound]
    272 root      20   0       0      0      0 I   0.0   0.0   0:00.36 [kworker/u12:7-devfreq_wq]
    283 root      39  19       0      0      0 S   0.0   0.0   0:00.00 [nvmap-bz]
    284 root     -51   0       0      0      0 S   0.0   0.0   0:00.00 [irq/188-host1x_]
    286 root     -51   0       0      0      0 S   0.0   0.0   0:00.00 [irq/197-gk20a_s]
    287 root     -51   0       0      0      0 S   0.0   0.0   0:00.00 [irq/198-gk20a_s]
    288 root     -51   0       0      0      0 S   0.0   0.0   0:00.00 [irq/199-gk20a_s]
    289 root     -51   0       0      0      0 S   0.0   0.0   0:00.00 [irq/200-gk20a_n]
    293 root      20   0    9792   2792   2528 S   0.0   0.0   0:00.00 /bin/bash /etc/systemd/nv-tee-supplicant.sh
    298 root      20   0   76588   1360   1248 S   0.0   0.0   0:00.01 /usr/sbin/tee-supplicant
    299 root       0 -20       0      0      0 I   0.0   0.0   0:00.00 [optee_bus_scan]
    307 root       0 -20       0      0      0 I   0.0   0.0   0:00.00 [kworker/4:1H-kblockd]
    309 root      20   0   24048   6028   3380 S   0.0   0.1   0:02.00 /lib/systemd/systemd-udevd
    310 root      20   0   23744   5080   2712 S   0.0   0.1   0:00.16 /lib/systemd/systemd-udevd
    311 root      20   0   23396   4308   2228 S   0.0   0.1   0:00.12 /lib/systemd/systemd-udevd
    312 root      20   0   23508   4468   2212 S   0.0   0.1   0:00.15 /lib/systemd/systemd-udevd
    313 root      20   0   24528   6416   3228 S   0.0   0.1   0:00.31 /lib/systemd/systemd-udevd
    314 root      20   0   23532   4792   2660 S   0.0   0.1   0:00.24 /lib/systemd/systemd-udevd
    315 root      20   0   23500   5188   3048 S   0.0   0.1   0:00.27 /lib/systemd/systemd-udevd
    316 root      20   0   23520   4608   2452 S   0.0   0.1   0:00.16 /lib/systemd/systemd-udevd
    317 root      20   0   23540   4232   2096 S   0.0   0.1   0:00.14 /lib/systemd/systemd-udevd
    318 root      20   0   23548   4688   2540 S   0.0   0.1   0:00.10 /lib/systemd/systemd-udevd
    321 root      20   0   23396   5028   2908 S   0.0   0.1   0:00.19 /lib/systemd/systemd-udevd
    322 root      20   0   23500   5104   2852 S   0.0   0.1   0:00.18 /lib/systemd/systemd-udevd
    323 root      20   0   23516   4360   2096 S   0.0   0.1   0:00.16 /lib/systemd/systemd-udevd
    324 root      20   0   23520   4748   2480 S   0.0   0.1   0:00.18 /lib/systemd/systemd-udevd
    325 root      20   0   23500   5072   2820 S   0.0   0.1   0:00.20 /lib/systemd/systemd-udevd
    326 root      20   0   23548   4624   2476 S   0.0   0.1   0:00.16 /lib/systemd/systemd-udevd
    327 root      20   0   24548   5496   2292 S   0.0   0.1   0:00.21 /lib/systemd/systemd-udevd
    328 root      20   0   23516   4380   2212 S   0.0   0.1   0:00.13 /lib/systemd/systemd-udevd
    329 root      20   0   23524   4452   2300 S   0.0   0.1   0:00.19 /lib/systemd/systemd-udevd
    330 root      20   0   23524   4592   2440 S   0.0   0.1   0:00.22 /lib/systemd/systemd-udevd
    331 root      20   0   23524   4792   2636 S   0.0   0.1   0:00.14 /lib/systemd/systemd-udevd
    332 root       0 -20       0      0      0 I   0.0   0.0   0:00.00 [kworker/5:1H-kblockd]
    334 root      20   0   23524   4712   2532 S   0.0   0.1   0:00.16 /lib/systemd/systemd-udevd
    336 root      20   0       0      0      0 S   0.0   0.0   0:00.00 [15820000.crypto]
    337 root      20   0       0      0      0 S   0.0   0.0   0:00.00 [15840000.crypto]
    358 root      20   0   23544   4432   2140 S   0.0   0.1   0:00.15 /lib/systemd/systemd-udevd
    359 root      20   0   23524   4288   2096 S   0.0   0.1   0:00.12 /lib/systemd/systemd-udevd
    360 root      20   0   23524   4412   2220 S   0.0   0.1   0:00.14 /lib/systemd/systemd-udevd
    361 root      20   0   23524   5004   2812 S   0.0   0.1   0:00.17 /lib/systemd/systemd-udevd
    362 root      20   0   23524   4832   2644 S   0.0   0.1   0:00.23 /lib/systemd/systemd-udevd
    363 root      20   0   23816   4580   2144 S   0.0   0.1   0:00.15 /lib/systemd/systemd-udevd
    414 root     -51   0       0      0      0 S   0.0   0.0   0:00.00 [irq/219-bc00000]
    415 root      -2   0       0      0      0 S   0.0   0.0   0:00.00 [capture-control]
    416 root      -2   0       0      0      0 S   0.0   0.0   0:00.00 [capture]
    447 root     -51   0       0      0      0 S   0.0   0.0   0:00.00 [irq/189-tegra-p]
    448 root     -51   0       0      0      0 S   0.0   0.0   0:00.00 [irq/240-nvvrs-p]
    449 root     -51   0       0      0      0 S   0.0   0.0   0:00.00 [irq/214-tegra_d]
    450 root     -51   0       0      0      0 S   0.0   0.0   0:00.00 [irq/215-tegra_d]
    451 root       0 -20       0      0      0 I   0.0   0.0   0:00.00 [dce-async-ipc-w]
    452 root      20   0       0      0      0 S   0.0   0.0   0:00.00 [nv_queue]
    453 root      20   0       0      0      0 S   0.0   0.0   0:00.00 [nv_queue]
    454 root     -51   0       0      0      0 S   0.0   0.0   0:00.00 [irq/189-aerdrv]
    524 root       0 -20       0      0      0 I   0.0   0.0   0:00.00 [cfg80211]
    543 root     -51   0       0      0      0 S   0.0   0.0   0:00.00 [irq/118-3210000]
    552 root      20   0       0      0      0 S   0.0   0.0   0:00.00 [spi0]
    554 root     -51   0       0      0      0 S   0.0   0.0   0:00.00 [irq/119-3230000]
    555 root      20   0       0      0      0 S   0.0   0.0   0:00.00 [spi1]
    632 root       0 -20       0      0      0 I   0.0   0.0   0:00.00 [btfwwork]
    670 root       0 -20       0      0      0 I   0.0   0.0   0:00.00 [kworker/u13:2-hci0]
    672 root      20   0    8236   7372   1432 S   0.0   0.1   0:00.30 /usr/sbin/haveged --Foreground --verbose=1
    674 _rpc      20   0    7964   2112   1760 S   0.0   0.0   0:00.00 /sbin/rpcbind -f -w
    681 systemd+  20   0   25544  12588   8156 S   0.0   0.2   0:00.26 /lib/systemd/systemd-resolved
    682 systemd+  20   0   88788   6156   5312 S   0.0   0.1   0:00.08 /lib/systemd/systemd-timesyncd
    728 avahi     20   0    8088   2652   2300 S   0.0   0.0   0:00.08 avahi-daemon: running [ubuntu.local]
    729 root      20   0    9892   4484   4044 S   0.0   0.1   0:00.07 /usr/lib/bluetooth/bluetoothd -d --noplugin=audio,a2dp,avrcp
    730 message+  20   0   11448   5648   3108 S   0.0   0.1   0:01.66 @dbus-daemon --system --address=systemd: --nofork --nopidfile --systemd-activation --syslog-only
    731 root      20   0  263764  20360  14144 S   0.0   0.3   0:01.12 /usr/sbin/NetworkManager --no-daemon
    737 root      20   0   42224  19668   9972 S   0.0   0.3   0:00.14 /usr/bin/python3 /usr/bin/networkd-dispatcher --run-startup-triggers
    744 root      20   0   27644  15072   7804 S   0.0   0.2   0:00.10 python3 /opt/nvidia/pva-allow-2/bin/nvidiaPvaAllowd.py
    749 root      20   0  243232  10120   6268 S   0.0   0.1   0:03.17 /usr/libexec/polkitd --no-debug
    753 root      20   0  240320   8560   5832 S   0.0   0.1   0:00.04 /usr/libexec/power-profiles-daemon
    760 syslog    20   0  222164   8356   3224 S   0.0   0.1   0:00.14 /usr/sbin/rsyslogd -n -iNONE
    762 root      20   0    2240    708    628 S   0.0   0.0   0:00.00 seatd -g video
    769 root      20   0  241096   7752   5856 S   0.0   0.1   0:00.80 /usr/libexec/accounts-daemon
    772 root      20   0  236800   5804   5196 S   0.0   0.1   0:00.02 /usr/libexec/switcheroo-control
    773 lp        20   0    2308    112      0 S   0.0   0.0   0:00.00 /usr/sbin/lpd -s
    774 root      20   0   48808   7200   5948 S   0.0   0.1   0:00.19 /lib/systemd/systemd-logind
    778 root      20   0  394856  14472   9176 S   0.0   0.2   0:00.28 /usr/libexec/udisks2/udisksd
    780 root      20   0   16532   9744   7852 S   0.0   0.1   0:00.08 /sbin/wpa_supplicant -u -s -O /run/wpa_supplicant
    800 avahi     20   0    7816    352      0 S   0.0   0.0   0:00.00 avahi-daemon: chroot helper
    816 root      20   0  320884  13460   9472 S   0.0   0.2   0:00.12 /usr/sbin/ModemManager
    818 root      rt   0       0      0      0 S   0.0   0.0   0:00.32 [sugov:0]
    823 root      rt   0       0      0      0 S   0.0   0.0   0:00.27 [sugov:4]
    910 root      20   0    2460   1560   1380 S   0.0   0.0   0:00.39 /usr/sbin/nvfancontrol &
    930 root      20   0       0      0      0 S   0.0   0.0   0:00.00 [sw-quiesce]
    934 root      20   0       0      0      0 S   0.0   0.0   0:00.00 [nvgpu_pg_init_g]
    954 root      20   0       0      0      0 S   0.0   0.0   0:00.00 [nvgpu_clk_arb_p]
    979 root      20   0       0      0      0 S   0.0   0.0   0:01.08 [RTW_CMD_THREAD]
    981 root      20   0       0      0      0 I   0.0   0.0   0:00.31 [kworker/u12:9-events_freezable_power_]
   1016 root      20   0   75936   9728   7908 S   0.0   0.1   0:00.01 /usr/sbin/nvargus-daemon
   1017 root      20   0    9792   2900   2608 S   0.0   0.0   0:00.00 /bin/bash /etc/systemd/nvmemwarning.sh
   1037 root      20   0   22192   1708   1512 S   0.0   0.0   0:00.00 /usr/sbin/nvs-service
   1062 root      20   0    2336    760    672 S   0.0   0.0   0:01.58 /bin/sh /snap/cups/1237/scripts/run-cups-browsed
   1064 root      20   0    2336   1388   1264 S   0.0   0.0   0:01.60 /bin/sh /snap/cups/1237/scripts/run-cupsd
   1065 root      20   0       0      0      0 S   0.0   0.0   0:00.00 [pr/ramoops-1]
   1110 root      20   0    9448   2412   2172 S   0.0   0.0   0:00.00 /usr/sbin/cron -f -P
   1136 kernoops  20   0   12820    456      0 S   0.0   0.0   0:00.00 /usr/sbin/kerneloops --test
   1145 root      20   0  241780   8612   6932 S   0.0   0.1   0:00.03 /usr/sbin/gdm3
   1162 kernoops  20   0   12820    452      0 S   0.0   0.0   0:00.00 /usr/sbin/kerneloops
   1164 root      20   0    8144    716    640 S   0.0   0.0   0:00.00 /sbin/agetty -o -p -- \u --keep-baud 115200,57600,38400,9600 ttyGS0 vt220
   1171 root      20   0    8144    724    648 S   0.0   0.0   0:00.00 /sbin/agetty -o -p -- \u --keep-baud 115200,57600,38400,9600 ttyTCU0 vt220
   1210 root      20   0  172548   9532   7592 S   0.0   0.1   0:00.04 gdm-session-worker [pam/gdm-autologin]
   1310 root      20   0    3076    916    804 S   0.0   0.0   0:00.00 /usr/sbin/nvphsd
   1316 root      20   0    3208   1408   1248 S   0.0   0.0   0:00.00 /usr/sbin/nvphsd
   1337 root      20   0 2166840  89332  54988 S   0.0   1.1   0:00.69 /usr/bin/dockerd -H fd:// --containerd=/run/containerd/containerd.sock
   1338 root      20   0   15232   8036   6460 S   0.0   0.1   0:00.02 sshd: /usr/sbin/sshd -D [listener] 0 of 10-100 startups
   1342 root      20   0       0      0      0 S   0.0   0.0   0:00.00 [file-storage]
   1350 fcsl      20   0   18416   9892   7060 S   0.0   0.1   0:00.72 /lib/systemd/systemd --user
   1360 fcsl      20   0  106740   4520      0 S   0.0   0.1   0:00.00 (sd-pam)
   1538 fcsl       9 -11   40232   5728   4620 S   0.0   0.1   0:00.02 /usr/bin/pipewire
   1539 fcsl      20   0   23884   5672   4592 S   0.0   0.1   0:00.08 /usr/bin/pipewire-media-session
   1540 fcsl       9 -11  890556  20284  12116 S   0.0   0.3   0:00.39 /usr/bin/pulseaudio --daemonize=no --log-target=journal
   1545 fcsl      20   0  241000   6164   5312 S   0.0   0.1   0:00.04 /usr/bin/gnome-keyring-daemon --daemonize --login
   1548 rtkit     21   1  153508   1472   1264 S   0.0   0.0   0:00.02 /usr/libexec/rtkit-daemon
   1559 fcsl      20   0  162628   5416   4908 S   0.0   0.1   0:00.00 /usr/libexec/gdm-x-session --run-script env GNOME_SHELL_SESSION_MODE=ubuntu /usr/bin/gnome-session --session=ubuntu
   1561 root      20   0   24.2g  80668  35156 S   0.0   1.0   0:00.52 /usr/lib/xorg/Xorg vt2 -displayfd 3 -auth /run/user/1000/gdm/Xauthority -nolisten tcp -background none -noreset -keeptty -novtswitch -verbose 3
   1564 fcsl      20   0   10132   4876   3144 S   0.0   0.1   0:00.44 /usr/bin/dbus-daemon --session --address=systemd: --nofork --nopidfile --systemd-activation --syslog-only
   1587 root      20   0       0      0      0 S   0.0   0.0   0:00.00 [nvidia-modeset/]
   1588 root      20   0       0      0      0 S   0.0   0.0   0:00.00 [nvidia-modeset/]
   1590 root      20   0       0      0      0 S   0.0   0.0   0:00.00 [nvidia]
   1591 root      20   0       0      0      0 S   0.0   0.0   0:00.00 [nv_queue]
   1729 root      20   0       0      0      0 S   0.0   0.0   0:00.00 [nvidia-drm-nv-t]
   1730 root     -51   0       0      0      0 S   0.0   0.0   0:00.00 [card1-crtc0]
   1731 root     -51   0       0      0      0 S   0.0   0.0   0:00.00 [card1-crtc1]
   1824 fcsl      20   0  225936  13728  11972 S   0.0   0.2   0:00.05 /usr/libexec/gnome-session-binary --session=ubuntu
   1916 fcsl      20   0  309864   6752   6032 S   0.0   0.1   0:00.01 /usr/libexec/at-spi-bus-launcher
   1922 fcsl      20   0    8828   3616   3116 S   0.0   0.0   0:00.01 /usr/bin/dbus-daemon --config-file=/usr/share/defaults/at-spi2/accessibility.conf --nofork --print-address 11 --address=unix:path=/run/user/1000/at-spi/bus_0
   1979 fcsl      20   0   91892   2520   2152 S   0.0   0.0   0:00.00 /usr/libexec/gnome-session-ctl --monitor
   1988 fcsl      20   0  240908   6992   6104 S   0.0   0.1   0:00.03 /usr/libexec/gvfsd
   1996 fcsl      20   0  381064   9284   4640 S   0.0   0.1   0:00.00 /usr/libexec/gvfsd-fuse /run/user/1000/gvfs -f
   1997 fcsl      20   0  596284  17864  12840 S   0.0   0.2   0:00.18 /usr/libexec/gnome-session-binary --systemd-service --session=ubuntu
   2026 fcsl      20   0 3471004 225068  81340 S   0.0   2.9   0:05.91 /usr/bin/gnome-shell
   2040 fcsl      20   0  236356   4876   4440 S   0.0   0.1   0:00.00 /usr/libexec/xdg-permission-store
   2042 fcsl      20   0  584868  17900  13432 S   0.0   0.2   0:00.06 /usr/libexec/gnome-shell-calendar-server
   2051 fcsl      20   0  397280  22796  19136 S   0.0   0.3   0:00.09 /usr/libexec/evolution-source-registry
   2059 root      20   0  242436   7680   6568 S   0.0   0.1   0:00.07 /usr/libexec/upowerd
   2061 fcsl      20   0  600496  38980  29472 S   0.0   0.5   0:00.10 /usr/libexec/goa-daemon
   2068 fcsl      20   0 1321540  31748  23404 S   0.0   0.4   0:00.14 /usr/libexec/evolution-calendar-factory
   2078 fcsl      20   0  341492  12924  11036 S   0.0   0.2   0:00.04 /usr/libexec/goa-identity-service
   2088 fcsl      20   0  156800   4488   4024 S   0.0   0.1   0:00.01 /usr/libexec/dconf-service
   2089 fcsl      20   0  823284  28368  22824 S   0.0   0.4   0:00.08 /usr/libexec/evolution-addressbook-factory
   2105 fcsl      20   0  316604  11380   7284 S   0.0   0.1   0:00.11 /usr/libexec/gvfs-udisks2-volume-monitor
   2113 fcsl      20   0  315332   6412   5548 S   0.0   0.1   0:00.04 /usr/libexec/gvfs-afc-volume-monitor
   2118 fcsl      20   0  238096   6272   5500 S   0.0   0.1   0:00.01 /usr/libexec/gvfs-gphoto2-volume-monitor
   2122 fcsl      20   0  236772   4692   4232 S   0.0   0.1   0:00.01 /usr/libexec/gvfs-mtp-volume-monitor
   2126 fcsl      20   0  236900   7852   5228 S   0.0   0.1   0:00.01 /usr/libexec/gvfs-goa-volume-monitor
   2130 root      20   0  376544  64972  16884 S   0.0   0.8   0:10.29 /usr/libexec/packagekitd
   2138 fcsl      20   0  315228   9344   6144 S   0.0   0.1   0:00.02 /usr/libexec/gvfsd-trash --spawner :1.19 /org/gtk/gvfs/exec_spaw/0
   2165 fcsl      20   0  477596  12872  10592 S   0.0   0.2   0:00.13 /usr/libexec/xdg-desktop-portal
   2175 fcsl      20   0  463504   8420   5632 S   0.0   0.1   0:00.02 /usr/libexec/xdg-document-portal
   2178 fcsl      20   0 2804936  27172  20292 S   0.0   0.3   0:00.09 /usr/bin/gjs /usr/share/gnome-shell/org.gnome.Shell.Notifications
   2182 root      20   0    2232    696    620 S   0.0   0.0   0:00.00 fusermount3 -o rw,nosuid,nodev,fsname=portal,auto_unmount,subtype=portal -- /run/user/1000/doc
   2186 fcsl      20   0  163152   7096   6328 S   0.0   0.1   0:00.01 /usr/libexec/at-spi2-registryd --use-gnome-session
   2187 fcsl      20   0  715372  51180  31356 S   0.0   0.7   0:00.26 /usr/libexec/xdg-desktop-portal-gnome
   2201 fcsl      20   0    2328    836    748 S   0.0   0.0   0:00.00 sh -c /usr/bin/ibus-daemon --panel disable $([ "$XDG_SESSION_TYPE" = "x11" ] && echo "--xim")
   2202 fcsl      20   0  310888   7992   5380 S   0.0   0.1   0:00.01 /usr/libexec/gsd-a11y-settings
   2203 fcsl      20   0  603376  28568  18872 S   0.0   0.4   0:00.19 /usr/libexec/gsd-color
   2207 fcsl      20   0  379084  16400  12388 S   0.0   0.2   0:00.03 /usr/libexec/gsd-datetime
   2209 fcsl      20   0  315524  13140   6156 S   0.0   0.2   0:00.09 /usr/bin/ibus-daemon --panel disable --xim
   2210 fcsl      20   0  312464   8500   5808 S   0.0   0.1   0:00.06 /usr/libexec/gsd-housekeeping
   2212 fcsl      20   0  418272  25220  16048 S   0.0   0.3   0:00.15 /usr/libexec/gsd-keyboard
   2213 fcsl      20   0  934772  29676  19672 S   0.0   0.4   0:00.19 /usr/libexec/gsd-media-keys
   2214 fcsl      20   0  528832  26228  18632 S   0.0   0.3   0:00.18 /usr/libexec/gsd-power
   2216 fcsl      20   0  324816   9584   8232 S   0.0   0.1   0:00.01 /usr/libexec/gsd-print-notifications
   2219 fcsl      20   0  458476   6000   5344 S   0.0   0.1   0:00.02 /usr/libexec/gsd-rfkill
   2222 fcsl      20   0  236616   4660   4280 S   0.0   0.1   0:00.00 /usr/libexec/gsd-screensaver-proxy
   2226 fcsl      20   0  467192   9032   6824 S   0.0   0.1   0:00.07 /usr/libexec/gsd-sharing
   2228 fcsl      20   0  460576   9164   6256 S   0.0   0.1   0:00.01 /usr/libexec/gsd-smartcard
   2233 fcsl      20   0  320568   8140   7112 S   0.0   0.1   0:00.01 /usr/libexec/gsd-sound
   2242 fcsl      20   0  344860  23456  16012 S   0.0   0.3   0:00.17 /usr/libexec/gsd-wacom
   2247 fcsl      20   0  656864  90552  49008 S   0.0   1.2   0:03.98 /usr/bin/gnome-software --gapplication-service
   2248 fcsl      20   0  346536  27696  17768 S   0.0   0.4   0:00.20 /usr/libexec/gsd-xsettings
   2254 fcsl      20   0  842664  65920  47764 S   0.0   0.8   0:00.32 /usr/libexec/evolution-data-server/evolution-alarm-notify
   2278 fcsl      20   0  237728   6576   5956 S   0.0   0.1   0:00.00 /usr/libexec/ibus-dconf
   2289 fcsl      20   0  275472  27360  16048 S   0.0   0.4   0:01.55 /usr/libexec/ibus-extension-gtk3
   2301 fcsl      20   0  232212   6712   5028 S   0.0   0.1   0:00.02 /usr/libexec/gsd-disk-utility-notify
   2302 fcsl      20   0  196992  23344  16300 S   0.0   0.3   0:00.15 /usr/libexec/ibus-x11 --kill-daemon
   2316 fcsl      20   0  512948  41308  23256 S   0.0   0.5   0:00.93 python3 /usr/share/nvpmodel_indicator/nvpmodel_indicator.py
   2317 fcsl      20   0  237616   6672   6068 S   0.0   0.1   0:00.02 /usr/libexec/ibus-portal
   2353 fcsl      20   0  345756  14420  10528 S   0.0   0.2   0:00.02 /usr/libexec/gsd-printer
   2377 colord    20   0  246112  11944   8192 S   0.0   0.2   0:00.16 /usr/libexec/colord
   2462 root      20   0  404236  43620  34000 S   0.0   0.6   0:00.57 /usr/libexec/fwupd/fwupd
   2498 fcsl      20   0 2739436  27332  20372 S   0.0   0.4   0:00.09 /usr/bin/gjs /usr/share/gnome-shell/org.gnome.ScreenSaver
   2511 fcsl      20   0  511640  20804   3160 S   0.0   0.3   0:00.00 python3 /usr/share/nvpmodel_indicator/nvpmodel_indicator.py
   2512 fcsl      20   0  511640  20804   3160 S   0.0   0.3   0:00.00 python3 /usr/share/nvpmodel_indicator/nvpmodel_indicator.py
   2513 fcsl      20   0  511640  20804   3160 S   0.0   0.3   0:00.00 python3 /usr/share/nvpmodel_indicator/nvpmodel_indicator.py
   2514 fcsl      20   0  511640  20804   3160 S   0.0   0.3   0:00.00 python3 /usr/share/nvpmodel_indicator/nvpmodel_indicator.py
   2515 fcsl      20   0  511640  20804   3160 S   0.0   0.3   0:00.00 python3 /usr/share/nvpmodel_indicator/nvpmodel_indicator.py
   2516 fcsl      20   0  511640  20804   3160 S   0.0   0.3   0:00.00 python3 /usr/share/nvpmodel_indicator/nvpmodel_indicator.py
   2517 fcsl      20   0  511640  20804   3160 S   0.0   0.3   0:00.00 python3 /usr/share/nvpmodel_indicator/nvpmodel_indicator.py
   2518 fcsl      20   0  511640  20804   3160 S   0.0   0.3   0:00.00 python3 /usr/share/nvpmodel_indicator/nvpmodel_indicator.py
   2520 fcsl      20   0  511652  20848   3160 S   0.0   0.3   0:00.00 python3 /usr/share/nvpmodel_indicator/nvpmodel_indicator.py
   2521 fcsl      20   0  511652  20848   3160 S   0.0   0.3   0:00.00 python3 /usr/share/nvpmodel_indicator/nvpmodel_indicator.py
   2523 fcsl      20   0  511652  20848   3160 S   0.0   0.3   0:00.00 python3 /usr/share/nvpmodel_indicator/nvpmodel_indicator.py
   2524 fcsl      20   0  511652  20848   3160 S   0.0   0.3   0:00.00 python3 /usr/share/nvpmodel_indicator/nvpmodel_indicator.py
   2525 fcsl      20   0  511652  20848   3160 S   0.0   0.3   0:00.00 python3 /usr/share/nvpmodel_indicator/nvpmodel_indicator.py
   2526 fcsl      20   0  511652  20848   3160 S   0.0   0.3   0:00.00 python3 /usr/share/nvpmodel_indicator/nvpmodel_indicator.py
   2527 fcsl      20   0  511652  20848   3160 S   0.0   0.3   0:00.00 python3 /usr/share/nvpmodel_indicator/nvpmodel_indicator.py
   2528 fcsl      20   0  511652  20848   3160 S   0.0   0.3   0:00.00 python3 /usr/share/nvpmodel_indicator/nvpmodel_indicator.py
   2529 fcsl      20   0  511652  21360   3648 S   0.0   0.3   0:00.97 python3 /usr/share/nvpmodel_indicator/nvpmodel_indicator.py
   2531 fcsl      20   0  511652  20852   3160 S   0.0   0.3   0:00.00 python3 /usr/share/nvpmodel_indicator/nvpmodel_indicator.py
   2532 fcsl      20   0  511652  20852   3160 S   0.0   0.3   0:00.00 python3 /usr/share/nvpmodel_indicator/nvpmodel_indicator.py
   2558 fcsl      20   0  238820  11516   6280 S   0.0   0.1   0:00.06 /usr/libexec/ibus-engine-hangul --ibus
   2568 fcsl      39  19  648636  29248  20296 S   0.0   0.4   0:00.55 /usr/libexec/tracker-miner-fs-3
   2570 fcsl      20   0  345256  24112  16764 S   0.0   0.3   0:00.13 /usr/libexec/xdg-desktop-portal-gtk
   2735 fcsl      20   0  163392   5864   5280 S   0.0   0.1   0:00.01 /usr/libexec/gvfsd-metadata
   2762 root      20   0  136724  11180   9516 S   0.0   0.1   0:00.36 cupsd -f -s /var/snap/cups/common/etc/cups/cups-files.conf -c /var/snap/cups/common/etc/cups/cupsd.conf
   2770 snap_da+  20   0   14484   4204   3512 S   0.0   0.1   0:00.00 /snap/cups/1237/lib/cups/notifier/dbus dbus://
   2771 snap_da+  20   0   14484   4636   3932 S   0.0   0.1   0:00.00 /snap/cups/1237/lib/cups/notifier/dbus dbus://
   2772 snap_da+  20   0   14484   4216   3524 S   0.0   0.1   0:00.00 /snap/cups/1237/lib/cups/notifier/dbus dbus://
   2773 snap_da+  20   0   14484   4272   3576 S   0.0   0.1   0:00.00 /snap/cups/1237/lib/cups/notifier/dbus dbus://
   2774 snap_da+  20   0   14484   4636   3932 S   0.0   0.1   0:00.00 /snap/cups/1237/lib/cups/notifier/dbus dbus://
   2781 root      20   0  260796  17948  13524 S   0.0   0.2   0:00.46 cups-browsed -c /var/snap/cups/common/etc/cups/cups-browsed.conf
   3356 root      20   0   18536   9044   7116 S   0.0   0.1   0:00.03 sshd: fcsl [priv]
   3413 fcsl      20   0   18984   7780   5556 S   0.0   0.1   0:00.42 sshd: fcsl@pts/0
   3414 fcsl      20   0   15168   8696   3028 S   0.0   0.1   0:00.15 -bash
   3656 root      20   0   18536   9052   7124 S   0.0   0.1   0:00.02 sshd: fcsl [priv]
   3699 fcsl      20   0   18984   7800   5576 S   0.0   0.1   0:00.01 sshd: fcsl@pts/1
   3700 fcsl      20   0   15168   8568   2900 S   0.0   0.1   0:00.11 -bash
   3956 root      20   0   18536   9052   7124 S   0.0   0.1   0:00.03 sshd: fcsl [priv]
   3986 fcsl      20   0   18984   7800   5576 S   0.0   0.1   0:00.24 sshd: fcsl@pts/2
   3987 fcsl      20   0   15168   8564   2900 S   0.0   0.1   0:00.06 -bash
   4340 fcsl      20   0  421744  28484  20708 S   0.0   0.4   0:00.18 update-notifier
   5745 root      20   0       0      0      0 I   0.0   0.0   0:00.00 [kworker/5:0-events]
   5746 root      20   0       0      0      0 I   0.0   0.0   0:00.13 [kworker/0:0-events]
   5789 root      20   0   18536   9056   7128 S   0.0   0.1   0:00.03 sshd: fcsl [priv]
   5818 fcsl      20   0    9792   2976   2680 S   0.0   0.0   0:00.00 -bash
   5821 fcsl      20   0    2440   1568   1348 S   0.0   0.0   0:00.00 sh
   5892 fcsl      20   0   42184   8676   6928 S   0.0   0.1   0:00.04 /home/fcsl/.vscode-server/code-6a49527b96e326fe62fbdb56f60e16877c9aa724 --cli-data-dir /home/fcsl/.vscode-server/cli agent host
   5913 fcsl      20   0    2328    816    732 S   0.0   0.0   0:00.00 sh /home/fcsl/.vscode-server/cli/servers/Stable-6a49527b96e326fe62fbdb56f60e16877c9aa724/server/bin/code-server --connection-token=remotessh --accept-server-license-terms --agent-host-bridge-port=41459 --agent-host-bridge-host=127.0.0.1 --agent-host-bridge-connection-token=03adc759-cc11-482d-a5c4-3d1cf335af96 --start-server --enable-remote-auto-shutdown --socket-path=/tmp/code-9639163c-fbe7-4e2e-8b21-e167c70142b5
   6192 fcsl      20   0  952820  70140  41896 S   0.0   0.9   0:01.90 /home/fcsl/.vscode-server/cli/servers/Stable-6a49527b96e326fe62fbdb56f60e16877c9aa724/server/node /home/fcsl/.vscode-server/cli/servers/Stable-6a49527b96e326fe62fbdb56f60e16877c9aa724/server/out/bootstrap-fork --type=ptyHost --logsPath /home/fcsl/.vscode-server/data/logs/20260817T111943
   6410 root      20   0       0      0      0 I   0.0   0.0   0:00.00 [kworker/1:0-events]
   7080 fcsl      20   0  405524  74872  63060 S   0.0   1.0   0:01.33 /home/fcsl/.vscode-server/extensions/openai.chatgpt-26.810.52044-linux-arm64/bin/linux-aarch64/codex -c features.code_mode_host=true app-server --analytics-default-enabled
   7182 fcsl      20   0   15216   8668   2972 S   0.0   0.1   0:00.05 /usr/bin/bash --init-file /home/fcsl/.vscode-server/cli/servers/Stable-6a49527b96e326fe62fbdb56f60e16877c9aa724/server/out/vs/workbench/contrib/terminal/common/scripts/shellIntegration-bash.sh
   7850 root      20   0   18536   9060   7132 S   0.0   0.1   0:00.04 sshd: fcsl [priv]
   7878 fcsl      20   0   18824   7676   5580 S   0.0   0.1   0:00.02 sshd: fcsl@pts/6
   7879 fcsl      20   0   15168   8708   3036 S   0.0   0.1   0:00.15 -bash
   8118 root      20   0   18536   9060   7132 S   0.0   0.1   0:00.04 sshd: fcsl [priv]
   8146 fcsl      20   0   18984   7680   5580 S   0.0   0.1   0:00.02 sshd: fcsl@pts/8
   8147 fcsl      20   0   15168   8708   3032 S   0.0   0.1   0:00.15 -bash
   8386 root      20   0   18536   9060   7132 S   0.0   0.1   0:00.04 sshd: fcsl [priv]
   8414 fcsl      20   0   18824   7672   5580 S   0.0   0.1   0:00.01 sshd: fcsl@pts/9
   8415 fcsl      20   0   15168   8640   2964 S   0.0   0.1   0:00.12 -bash
  11747 root      20   0       0      0      0 I   0.0   0.0   0:00.00 [kworker/0:2-events]
  11800 root      20   0   18536   9328   7400 S   0.0   0.1   0:00.04 sshd: fcsl [priv]
  11829 fcsl      20   0   15168   9064   3388 S   0.0   0.1   0:00.37 -bash
  16192 root      20   0       0      0      0 I   0.0   0.0   0:00.07 [kworker/u12:3-devfreq_wq]
  16258 root      20   0       0      0      0 I   0.0   0.0   0:00.00 [kworker/0:1-events]
  16292 root      20   0    8112    764    688 S   0.0   0.0   0:00.00 sleep 300
  16331 root      20   0       0      0      0 I   0.0   0.0   0:00.03 [kworker/u12:0-events_freezable_power_]
  19240 fcsl      20   0  206192  31704  14596 S   0.0   0.4   0:00.55 /home/fcsl/miniforge3/envs/thirdimpact/bin/python /home/fcsl/miniforge3/envs/thirdimpact/bin/ros2 run joy joy_node
  19545 fcsl      20   0    8112    780    704 S   0.0   0.0   0:00.00 sleep 180
  19546 fcsl      20   0   10072   3092   2780 S   0.0   0.0   0:00.00 bash ./cpu_profile.sh

top - 11:34:51 up 22 min,  8 users,  load average: 8.15, 4.27, 3.83
Tasks: 409 total,   1 running, 408 sleeping,   0 stopped,   0 zombie
%Cpu(s): 65.1 us, 12.6 sy,  0.0 ni, 19.0 id,  0.0 wa,  1.5 hi,  1.8 si,  0.0 st
MiB Mem :   7607.4 total,   1654.7 free,   3545.9 used,   2406.7 buff/cache
MiB Swap:   3803.7 total,   3803.2 free,      0.5 used.   3790.9 avail Mem 

    PID USER      PR  NI    VIRT    RES    SHR S  %CPU  %MEM     TIME+ COMMAND
  19346 fcsl      20   0 1868140 211792  89848 S  58.3   2.7   0:04.01 /home/fcsl/miniforge3/envs/thirdimpact/bin/python3.12 /home/fcsl/roboracer_ws/install/lane_change_planner/lib/lane_change_planner/change_avoidance_node --ros-args -r __node:=planner_change --params-file /tmp/launch_params_3lr3b4pe
  19342 fcsl      20   0 1846680 188960  87696 S  41.3   2.4   0:03.58 /home/fcsl/miniforge3/envs/thirdimpact/bin/python3.12 /home/fcsl/roboracer_ws/install/spliner/lib/spliner/start_spline_node_v2 --ros-args -r __node:=start_planner
  19336 fcsl      20   0 1443032 104784  41408 S  37.9   1.3   0:03.61 /home/fcsl/miniforge3/envs/thirdimpact/bin/python3.12 /home/fcsl/roboracer_ws/install/state_machine/lib/state_machine/state_machine --ros-args -r __node:=state_machine --params-file /home/fcsl/roboracer_ws/install/stack_master/share/stack_master/config/state_machine_params.yaml --params-file /tmp/launch_params_biwnb6d6 --params-file /tmp/launch_params_30za9fdy --params-file /tmp/launch_params_f2pjkjd6 --params-file /tmp/launch_params_v+
  19340 fcsl      20   0 1847104 186856  86828 S  37.9   2.4   0:03.54 /home/fcsl/miniforge3/envs/thirdimpact/bin/python3.12 /home/fcsl/roboracer_ws/install/recovery_spliner/lib/recovery_spliner/recovery_spliner_node --ros-args -r __node:=recovery_spliner_node
  19251 fcsl      20   0  868124  49540  36540 S  35.4   0.6   0:03.58 /home/fcsl/roboracer_ws/install/kiss_icp_localization/lib/kiss_icp_localization/localization_node --ros-args -r __node:=kiss_icp_localization --params-file /home/fcsl/roboracer_ws/install/stack_master/share/stack_master/config/kiss.yaml --params-file /tmp/launch_params_kkza55sc --params-file /tmp/launch_params_bk6s3os3
  19358 fcsl      20   0 1478224 105300  41820 S  35.0   1.4   0:03.33 /home/fcsl/miniforge3/envs/thirdimpact/bin/python3.12 /home/fcsl/roboracer_ws/install/controller/lib/controller/controller_manager --ros-args -r __node:=controller_manager --params-file /home/fcsl/roboracer_ws/install/stack_master/share/stack_master/config/controller.yaml --params-file /tmp/launch_params_rteop0df --params-file /tmp/launch_params_fgfbn70d
  19328 fcsl      20   0 1471868 129232  46476 S  31.1   1.7   0:03.32 python3 /home/fcsl/roboracer_ws/install/perception/lib/perception/tracking_node --ros-args -r __node:=tracking --params-file /home/fcsl/roboracer_ws/install/stack_master/share/stack_master/config/opponent_tracker_params.yaml -r /tracking/obstacles:=/tracking/obstacles
  19281 fcsl      20   0 1453492 115408  41608 S  25.7   1.5   0:03.72 /home/fcsl/miniforge3/envs/thirdimpact/bin/python3.12 /home/fcsl/roboracer_ws/install/gb_optimizer/lib/gb_optimizer/global_trajectory_publisher --ros-args -r __node:=global_republisher --params-file /tmp/launch_params_lsq8407e
  19344 fcsl      20   0 1815936 164304  82792 S  24.8   2.1   0:03.04 /home/fcsl/miniforge3/envs/thirdimpact/bin/python3.12 /home/fcsl/roboracer_ws/install/spliner/lib/spliner/static_avoidance_node --ros-args -r __node:=static_avoidance_planner --params-file /home/fcsl/roboracer_ws/install/stack_master/share/stack_master/config/static_avoidance_planner.yaml -r /planner/avoidance/otwpnts:=/planner/avoidance/static_otwpnts
  19314 fcsl      20   0 1113108  62984  25628 S  22.3   0.8   0:02.60 /home/fcsl/miniforge3/envs/thirdimpact/bin/python3.12 /home/fcsl/roboracer_ws/install/lap_analyser/lib/lap_analyser/lap_analyser --ros-args -r __node:=lap_analyser --params-file /tmp/launch_params_0px3ph6a
  19311 fcsl      20   0 1440012 101788  40908 S  19.9   1.3   0:02.74 /home/fcsl/miniforge3/envs/thirdimpact/bin/python3.12 /home/fcsl/roboracer_ws/install/frenet_odom_republisher/lib/frenet_odom_republisher/frenet_odom_republisher_node --ros-args -r __node:=frenet_odom_republisher -r /car_state/frenet/odom:=/car_state/odom_frenet
  19230 fcsl      20   0 1106708  59660  24440 S  11.2   0.8   0:01.67 python3 /home/fcsl/roboracer_ws/install/stack_master/lib/stack_master/simple_mux_node.py --ros-args -r __node:=simple_mux --params-file /home/fcsl/roboracer_ws/install/stack_master/share/stack_master/config/CAR/vehicle_config.yaml --params-file /tmp/launch_params_pywsh3_8 --params-file /tmp/launch_params_yk3h0muz --params-file /tmp/launch_params_uihzw7ry --params-file /tmp/launch_params_5fc12uzq --params-file /tmp/launch_params_nd2qw0hk
  19216 fcsl      20   0  882452  22824  13904 S   7.3   0.3   0:00.97 /home/fcsl/roboracer_ws/install/vesc_driver/lib/vesc_driver/vesc_driver_node --ros-args -r __node:=vesc_driver_node -r __ns:=/vesc --params-file /home/fcsl/roboracer_ws/install/stack_master/share/stack_master/config/CAR/vehicle_config.yaml
  19213 fcsl      20   0 2285720  52248  16816 S   5.8   0.7   0:02.97 /home/fcsl/miniforge3/envs/thirdimpact/bin/python /home/fcsl/miniforge3/envs/thirdimpact/bin/ros2 launch stack_master race.launch.xml map:=0815test3
  19561 fcsl      20   0  823792  26096  16644 S   5.3   0.3   0:00.66 /home/fcsl/miniforge3/envs/thirdimpact/lib/joy/joy_node
  19326 fcsl      20   0 1125896  52132  33564 S   4.9   0.7   0:00.82 /home/fcsl/roboracer_ws/install/perception/lib/perception/detect --ros-args -r __node:=detect --params-file /home/fcsl/roboracer_ws/install/stack_master/share/stack_master/config/opponent_tracker_params.yaml --params-file /tmp/launch_params_gk8q2zkj
  19297 fcsl      20   0 1443864 105296  41512 S   4.4   1.4   0:02.18 /home/fcsl/miniforge3/envs/thirdimpact/bin/python3.12 /home/fcsl/roboracer_ws/install/overtaking_sector_tuner/lib/overtaking_sector_tuner/ot_interpolator --ros-args -r __node:=ot_sector_tuner --params-file /home/fcsl/roboracer_ws/install/stack_master/share/stack_master/maps/0815test3/ot_sectors.yaml --params-file /tmp/launch_params_ti68gs7d
   6720 fcsl      20   0   42.1g 668856  59704 S   3.9   8.6   1:03.24 /home/fcsl/.vscode-server/cli/servers/Stable-6a49527b96e326fe62fbdb56f60e16877c9aa724/server/node --dns-result-order=ipv4first /home/fcsl/.vscode-server/cli/servers/Stable-6a49527b96e326fe62fbdb56f60e16877c9aa724/server/out/bootstrap-fork --type=extensionHost --transformURIs --useHostProxy=false
  19222 fcsl      20   0  817464  21432  14172 S   3.9   0.3   0:00.54 /home/fcsl/roboracer_ws/install/urg_node/lib/urg_node/urg_node_driver --ros-args -r __node:=urg_node --params-file /home/fcsl/roboracer_ws/install/stack_master/share/stack_master/config/CAR/vehicle_config.yaml -r /scan:=/scan
  19289 fcsl      20   0 1117476  65252  26716 S   3.9   0.8   0:01.40 /home/fcsl/miniforge3/envs/thirdimpact/bin/python3.12 /home/fcsl/roboracer_ws/install/sector_tuner/lib/sector_tuner/sector_tuner --ros-args -r __node:=speed_sector_tuner --params-file /home/fcsl/roboracer_ws/install/stack_master/share/stack_master/maps/0815test3/speed_scaling.yaml --params-file /tmp/launch_params_kwlnquqh
  19220 fcsl      20   0  663144  21780  14644 S   3.4   0.3   0:00.47 /home/fcsl/roboracer_ws/install/vesc_ackermann/lib/vesc_ackermann/vesc_to_odom_node --ros-args -r __node:=vesc_to_odom_node -r __ns:=/vesc --params-file /home/fcsl/roboracer_ws/install/stack_master/share/stack_master/config/CAR/vehicle_config.yaml
  19249 fcsl      20   0  721960  34728  21568 S   3.4   0.4   0:00.52 /home/fcsl/miniforge3/envs/thirdimpact/lib/nav2_map_server/map_server --ros-args -r __node:=map_server --params-file /tmp/launch_params_7an6qmh_ --params-file /tmp/launch_params_3pildy1p --params-file /tmp/launch_params_bxv9_bd6 --params-file /tmp/launch_params_3ypbuy35
  19352 fcsl      20   0 1443996 106944  41492 S   3.4   1.4   0:02.02 python3 /home/fcsl/roboracer_ws/install/gp_traj_predictor/lib/gp_traj_predictor/opponent_trajectory --ros-args -r __node:=OpponentHalflap
  19354 fcsl      20   0 1084200 140292  48344 S   3.4   1.8   0:02.92 python3 /home/fcsl/roboracer_ws/install/gp_traj_predictor/lib/gp_traj_predictor/gaussian_process_opp_traj --ros-args -r __node:=GP_trajectory
  19356 fcsl      20   0 1118488  65324  27064 S   3.4   0.8   0:01.21 python3 /home/fcsl/roboracer_ws/install/gp_traj_predictor/lib/gp_traj_predictor/opp_prediction --ros-args -r __node:=opponent_propagation_predictor
  19247 fcsl      20   0  817644  25332  17424 S   2.4   0.3   0:00.48 /home/fcsl/miniforge3/envs/thirdimpact/lib/nav2_lifecycle_manager/lifecycle_manager --ros-args -r __node:=lifecycle_manager_localization --params-file /tmp/launch_params_gzsj1u13 --params-file /tmp/launch_params_7txkr4rh --params-file /tmp/launch_params_ojdu_5r1
  19307 fcsl      20   0 1439536 103272  40756 S   2.4   1.3   0:02.02 /home/fcsl/miniforge3/envs/thirdimpact/bin/python3.12 /home/fcsl/roboracer_ws/install/frenet_conversion_server/lib/frenet_conversion_server/frenet_conversion_server_node --ros-args -r __node:=frenet_conversion_server_node --params-file /tmp/launch_params_1_pyfy3w
  19350 fcsl      20   0 1112980  62776  25528 S   2.4   0.8   0:01.11 /home/fcsl/miniforge3/envs/thirdimpact/bin/python3.12 /home/fcsl/roboracer_ws/install/lane_change_planner/lib/lane_change_planner/update_waypoints --ros-args -r __node:=waypoint_updater
  19218 fcsl      20   0  663148  21352  14464 S   1.9   0.3   0:00.38 /home/fcsl/roboracer_ws/install/vesc_ackermann/lib/vesc_ackermann/ackermann_to_vesc_node --ros-args -r __node:=ackermann_to_vesc_node -r __ns:=/vesc --params-file /home/fcsl/roboracer_ws/install/stack_master/share/stack_master/config/CAR/vehicle_config.yaml
  19224 fcsl      20   0 1113316  63308  25836 S   1.9   0.8   0:01.04 python3 /home/fcsl/roboracer_ws/install/stack_master/lib/stack_master/static_tf_publisher.py --ros-args -r __node:=static_tf_publisher --params-file /home/fcsl/roboracer_ws/install/stack_master/share/stack_master/config/CAR/static_transforms.yaml
  19245 fcsl      20   0 1106328  62296  24328 S   1.9   0.8   0:01.02 python3 /home/fcsl/roboracer_ws/install/stack_master/lib/stack_master/map_relay_node.py --ros-args -r __node:=map_relay_node
   1096 root      20   0 2012952  50020  29076 S   1.5   0.6   0:01.46 /usr/bin/containerd
   5868 fcsl      20   0   45844  12856   8268 S   1.0   0.2   0:11.33 /home/fcsl/.vscode-server/code-6a49527b96e326fe62fbdb56f60e16877c9aa724 command-shell --cli-data-dir /home/fcsl/.vscode-server/cli --parent-process-id 5821 --on-host=127.0.0.1 --on-port
   5917 fcsl      20   0   11.1g 174268  46284 S   1.0   2.2   0:10.02 /home/fcsl/.vscode-server/cli/servers/Stable-6a49527b96e326fe62fbdb56f60e16877c9aa724/server/node /home/fcsl/.vscode-server/cli/servers/Stable-6a49527b96e326fe62fbdb56f60e16877c9aa724/server/out/server-main.js --connection-token=remotessh --accept-server-license-terms --agent-host-bridge-port=41459 --agent-host-bridge-host=127.0.0.1 --agent-host-bridge-connection-token=03adc759-cc11-482d-a5c4-3d1cf335af96 --start-server --enable-remote+
  19553 fcsl      20   0   12120   3496   2676 R   1.0   0.0   0:00.14 top -b -c -w 512 -d 2
    270 root      20   0       0      0      0 I   0.5   0.0   0:00.46 [kworker/u12:5-events_freezable_power_]
    309 root      20   0   24048   6028   3380 S   0.5   0.1   0:02.01 /lib/systemd/systemd-udevd
    818 root      rt   0       0      0      0 D   0.5   0.0   0:00.33 [sugov:0]
    823 root      rt   0       0      0      0 S   0.5   0.0   0:00.28 [sugov:4]
    979 root      20   0       0      0      0 S   0.5   0.0   0:01.09 [RTW_CMD_THREAD]
   1337 root      20   0 2166840  89332  54988 S   0.5   1.1   0:00.70 /usr/bin/dockerd -H fd:// --containerd=/run/containerd/containerd.sock
   5817 fcsl      20   0   19504   8220   5580 S   0.5   0.1   0:07.65 sshd: fcsl@notty
  11828 fcsl      20   0   18824   8292   6100 S   0.5   0.1   0:00.33 sshd: fcsl@pts/5
  19810 root      20   0   15228   7820   6304 S   0.5   0.1   0:00.01 sshd: [accepted]
      1 root      20   0  167496  11476   7176 S   0.0   0.1   0:03.45 /sbin/init 2
      2 root      20   0       0      0      0 S   0.0   0.0   0:00.01 [kthreadd]
      3 root       0 -20       0      0      0 I   0.0   0.0   0:00.00 [rcu_gp]
      4 root       0 -20       0      0      0 I   0.0   0.0   0:00.00 [rcu_par_gp]
      5 root       0 -20       0      0      0 I   0.0   0.0   0:00.00 [slub_flushwq]
      6 root       0 -20       0      0      0 I   0.0   0.0   0:00.00 [netns]
      8 root       0 -20       0      0      0 I   0.0   0.0   0:00.00 [kworker/0:0H-events_highpri]
     10 root       0 -20       0      0      0 I   0.0   0.0   0:00.00 [mm_percpu_wq]
     11 root      20   0       0      0      0 S   0.0   0.0   0:00.00 [rcu_tasks_kthre]
     12 root      20   0       0      0      0 S   0.0   0.0   0:00.00 [rcu_tasks_rude_]
     13 root      20   0       0      0      0 S   0.0   0.0   0:00.00 [rcu_tasks_trace]
     14 root      20   0       0      0      0 S   0.0   0.0   0:00.70 [ksoftirqd/0]
     15 root      20   0       0      0      0 I   0.0   0.0   0:00.35 [rcu_preempt]
     16 root      rt   0       0      0      0 S   0.0   0.0   0:00.00 [migration/0]
     17 root      20   0       0      0      0 S   0.0   0.0   0:00.00 [cpuhp/0]
     18 root      20   0       0      0      0 S   0.0   0.0   0:00.00 [cpuhp/1]
     19 root      rt   0       0      0      0 S   0.0   0.0   0:00.00 [migration/1]
     20 root      20   0       0      0      0 S   0.0   0.0   0:00.14 [ksoftirqd/1]
     22 root       0 -20       0      0      0 I   0.0   0.0   0:00.00 [kworker/1:0H-events_highpri]
     23 root      20   0       0      0      0 S   0.0   0.0   0:00.00 [cpuhp/2]
     24 root      rt   0       0      0      0 S   0.0   0.0   0:00.00 [migration/2]
     25 root      20   0       0      0      0 S   0.0   0.0   0:00.15 [ksoftirqd/2]
     27 root       0 -20       0      0      0 I   0.0   0.0   0:00.00 [kworker/2:0H-kblockd]
     28 root      20   0       0      0      0 S   0.0   0.0   0:00.00 [cpuhp/3]
     29 root      rt   0       0      0      0 S   0.0   0.0   0:00.00 [migration/3]
     30 root      20   0       0      0      0 S   0.0   0.0   0:00.18 [ksoftirqd/3]
     31 root      20   0       0      0      0 I   0.0   0.0   0:00.07 [kworker/3:0-mm_percpu_wq]
     32 root       0 -20       0      0      0 I   0.0   0.0   0:00.00 [kworker/3:0H-events_highpri]
     33 root      20   0       0      0      0 S   0.0   0.0   0:00.00 [cpuhp/4]
     34 root      rt   0       0      0      0 S   0.0   0.0   0:00.00 [migration/4]
     35 root      20   0       0      0      0 S   0.0   0.0   0:00.15 [ksoftirqd/4]
     37 root       0 -20       0      0      0 I   0.0   0.0   0:00.00 [kworker/4:0H-events_highpri]
     38 root      20   0       0      0      0 S   0.0   0.0   0:00.00 [cpuhp/5]
     39 root      rt   0       0      0      0 S   0.0   0.0   0:00.00 [migration/5]
     40 root      20   0       0      0      0 S   0.0   0.0   0:00.13 [ksoftirqd/5]
     42 root       0 -20       0      0      0 I   0.0   0.0   0:00.00 [kworker/5:0H-events_highpri]
     43 root      20   0       0      0      0 S   0.0   0.0   0:00.00 [kdevtmpfs]
     44 root       0 -20       0      0      0 I   0.0   0.0   0:00.00 [inet_frag_wq]
     47 root      20   0       0      0      0 I   0.0   0.0   0:00.01 [kworker/2:1-cgroup_destroy]
     50 root      20   0       0      0      0 I   0.0   0.0   0:00.00 [kworker/4:1-events]
     51 root      20   0       0      0      0 S   0.0   0.0   0:00.00 [kauditd]
     52 root      20   0       0      0      0 S   0.0   0.0   0:00.00 [oom_reaper]
     53 root       0 -20       0      0      0 I   0.0   0.0   0:00.00 [writeback]
     54 root      20   0       0      0      0 S   0.0   0.0   0:00.00 [kcompactd0]
     55 root      25   5       0      0      0 S   0.0   0.0   0:00.00 [ksmd]
     56 root      39  19       0      0      0 S   0.0   0.0   0:00.15 [khugepaged]
     67 root       0 -20       0      0      0 I   0.0   0.0   0:00.00 [cryptd]
     86 root       0 -20       0      0      0 I   0.0   0.0   0:00.00 [kintegrityd]
     87 root       0 -20       0      0      0 I   0.0   0.0   0:00.00 [kblockd]
     88 root       0 -20       0      0      0 I   0.0   0.0   0:00.00 [blkcg_punt_bio]
     89 root       0 -20       0      0      0 I   0.0   0.0   0:00.00 [tpm_dev_wq]
     90 root       0 -20       0      0      0 I   0.0   0.0   0:00.00 [ata_sff]
     91 root       0 -20       0      0      0 I   0.0   0.0   0:00.00 [edac-poller]
     92 root       0 -20       0      0      0 I   0.0   0.0   0:00.00 [devfreq_wq]
     93 root     -51   0       0      0      0 S   0.0   0.0   0:00.00 [watchdogd]
     94 root      20   0       0      0      0 I   0.0   0.0   0:00.67 [kworker/u12:1-events_freezable_power_]
     95 root      20   0       0      0      0 I   0.0   0.0   0:00.47 [kworker/u12:2-events_freezable_power_]
     96 root       0 -20       0      0      0 I   0.0   0.0   0:00.00 [kworker/0:1H-kblockd]
     97 root       0 -20       0      0      0 I   0.0   0.0   0:00.00 [rpciod]
     98 root       0 -20       0      0      0 I   0.0   0.0   0:00.03 [kworker/u13:0-hci0]
     99 root       0 -20       0      0      0 I   0.0   0.0   0:00.00 [xprtiod]
    127 root      20   0       0      0      0 S   0.0   0.0   0:00.36 [kswapd0]
    128 root       0 -20       0      0      0 I   0.0   0.0   0:00.00 [nfsiod]
    132 root       0 -20       0      0      0 I   0.0   0.0   0:00.00 [vfio-irqfd-clea]
    133 root       0 -20       0      0      0 I   0.0   0.0   0:00.00 [bch_btree_io]
    134 root       0 -20       0      0      0 I   0.0   0.0   0:00.00 [bcache]
    135 root       0 -20       0      0      0 I   0.0   0.0   0:00.00 [bch_journal]
    136 root       0 -20       0      0      0 I   0.0   0.0   0:00.00 [dm_bufio_cache]
    138 root      10 -10       0      0      0 S   0.0   0.0   0:00.00 [krfcommd]
    139 root      20   0       0      0      0 S   0.0   0.0   0:00.00 [pr/tty0]
    140 root      20   0       0      0      0 S   0.0   0.0   0:02.86 [pr/ttyTCU0]
    143 root     -51   0       0      0      0 S   0.0   0.0   0:00.00 [irq/114-3160000]
    145 root     -51   0       0      0      0 S   0.0   0.0   0:00.00 [irq/115-3180000]
    146 root      20   0       0      0      0 I   0.0   0.0   0:00.38 [kworker/1:3-events]
    147 root     -51   0       0      0      0 S   0.0   0.0   0:00.00 [irq/116-31b0000]
    148 root     -51   0       0      0      0 S   0.0   0.0   0:00.00 [irq/167-c240000]
    149 root     -51   0       0      0      0 S   0.0   0.0   0:00.00 [irq/168-c250000]
    150 root     -51   0       0      0      0 S   0.0   0.0   0:00.00 [irq/125-3610000]
    151 root     -51   0       0      0      0 S   0.0   0.0   0:00.00 [irq/122-3610000]
    152 root      20   0       0      0      0 I   0.0   0.0   0:00.03 [kworker/5:3-mm_percpu_wq]
    153 root       0 -20       0      0      0 I   0.0   0.0   0:00.00 [sdhci]
    154 root     -51   0       0      0      0 S   0.0   0.0   0:00.00 [irq/120-mmc0]
    155 root     -51   0       0      0      0 S   0.0   0.0   0:00.00 [irq/230-3400000]
    156 root      20   0       0      0      0 I   0.0   0.0   0:00.06 [kworker/2:2-mm_percpu_wq]
    173 root       0 -20       0      0      0 I   0.0   0.0   0:00.00 [kworker/1:1H-kblockd]
    174 root      20   0       0      0      0 I   0.0   0.0   0:00.00 [kworker/3:2-mm_percpu_wq]
    179 root     -51   0       0      0      0 S   0.0   0.0   0:00.00 [irq/191-tegra-p]
    180 root       0 -20       0      0      0 I   0.0   0.0   0:00.00 [nvme-wq]
    181 root       0 -20       0      0      0 I   0.0   0.0   0:00.00 [nvme-reset-wq]
    182 root       0 -20       0      0      0 I   0.0   0.0   0:00.00 [nvme-delete-wq]
    191 root     -51   0       0      0      0 S   0.0   0.0   0:00.00 [irq/191-aerdrv]
    192 root     -51   0       0      0      0 S   0.0   0.0   0:00.00 [irq/193-tegra-p]
    195 root     -51   0       0      0      0 S   0.0   0.0   0:00.00 [irq/193-aerdrv]
    196 root     -51   0       0      0      0 S   0.0   0.0   0:00.00 [irq/195-tegra-p]
    198 root     -51   0       0      0      0 S   0.0   0.0   0:00.00 [irq/232-nvme0q0]
    199 root     -51   0       0      0      0 S   0.0   0.0   0:00.22 [irq/233-nvme0q1]
    200 root     -51   0       0      0      0 S   0.0   0.0   0:00.32 [irq/234-nvme0q2]
    201 root     -51   0       0      0      0 S   0.0   0.0   0:00.18 [irq/235-nvme0q3]
    202 root     -51   0       0      0      0 S   0.0   0.0   0:00.22 [irq/236-nvme0q4]
    203 root     -51   0       0      0      0 S   0.0   0.0   0:00.06 [irq/237-nvme0q5]
    204 root     -51   0       0      0      0 S   0.0   0.0   0:00.06 [irq/238-nvme0q6]
    205 root      20   0       0      0      0 I   0.0   0.0   0:00.49 [kworker/u12:4-events_unbound]
    209 root      20   0       0      0      0 S   0.0   0.0   0:00.13 [jbd2/nvme0n1p1-]
    210 root       0 -20       0      0      0 I   0.0   0.0   0:00.00 [ext4-rsv-conver]
    211 root       0 -20       0      0      0 I   0.0   0.0   0:00.00 [kworker/2:1H-kblockd]
    220 root       0 -20       0      0      0 I   0.0   0.0   0:00.00 [mld]
    221 root       0 -20       0      0      0 I   0.0   0.0   0:00.00 [kworker/3:1H-kblockd]
    222 root       0 -20       0      0      0 I   0.0   0.0   0:00.00 [ipv6_addrconf]
    253 root      19  -1   40524   9664   8044 S   0.0   0.1   0:00.49 /lib/systemd/systemd-journald
    267 root      20   0       0      0      0 I   0.0   0.0   0:00.04 [kworker/4:2-mm_percpu_wq]
    271 root      20   0       0      0      0 I   0.0   0.0   0:00.61 [kworker/u12:6-events_freezable_power_]
    272 root      20   0       0      0      0 I   0.0   0.0   0:00.36 [kworker/u12:7-devfreq_wq]
    273 root      20   0       0      0      0 I   0.0   0.0   0:00.46 [kworker/u12:8-events_unbound]
    283 root      39  19       0      0      0 S   0.0   0.0   0:00.00 [nvmap-bz]
    284 root     -51   0       0      0      0 S   0.0   0.0   0:00.00 [irq/188-host1x_]
    286 root     -51   0       0      0      0 S   0.0   0.0   0:00.00 [irq/197-gk20a_s]
    287 root     -51   0       0      0      0 S   0.0   0.0   0:00.00 [irq/198-gk20a_s]
    288 root     -51   0       0      0      0 S   0.0   0.0   0:00.00 [irq/199-gk20a_s]
    289 root     -51   0       0      0      0 S   0.0   0.0   0:00.00 [irq/200-gk20a_n]
    293 root      20   0    9792   2792   2528 S   0.0   0.0   0:00.00 /bin/bash /etc/systemd/nv-tee-supplicant.sh
    298 root      20   0   76588   1360   1248 S   0.0   0.0   0:00.01 /usr/sbin/tee-supplicant
    299 root       0 -20       0      0      0 I   0.0   0.0   0:00.00 [optee_bus_scan]
    307 root       0 -20       0      0      0 I   0.0   0.0   0:00.00 [kworker/4:1H-kblockd]
    310 root      20   0   23744   5080   2712 S   0.0   0.1   0:00.16 /lib/systemd/systemd-udevd
    311 root      20   0   23396   4308   2228 S   0.0   0.1   0:00.12 /lib/systemd/systemd-udevd
    312 root      20   0   23508   4468   2212 S   0.0   0.1   0:00.15 /lib/systemd/systemd-udevd
    313 root      20   0   24528   6416   3228 S   0.0   0.1   0:00.31 /lib/systemd/systemd-udevd
    314 root      20   0   23532   4792   2660 S   0.0   0.1   0:00.24 /lib/systemd/systemd-udevd
    315 root      20   0   23500   5188   3048 S   0.0   0.1   0:00.27 /lib/systemd/systemd-udevd
    316 root      20   0   23520   4608   2452 S   0.0   0.1   0:00.16 /lib/systemd/systemd-udevd
    317 root      20   0   23540   4232   2096 S   0.0   0.1   0:00.14 /lib/systemd/systemd-udevd
    318 root      20   0   23548   4688   2540 S   0.0   0.1   0:00.10 /lib/systemd/systemd-udevd
    320 root      20   0   23808   5888   3448 S   0.0   0.1   0:05.08 /lib/systemd/systemd-udevd
    321 root      20   0   23396   5028   2908 S   0.0   0.1   0:00.19 /lib/systemd/systemd-udevd
    322 root      20   0   23500   5104   2852 S   0.0   0.1   0:00.18 /lib/systemd/systemd-udevd
    323 root      20   0   23516   4360   2096 S   0.0   0.1   0:00.16 /lib/systemd/systemd-udevd
    324 root      20   0   23520   4748   2480 S   0.0   0.1   0:00.18 /lib/systemd/systemd-udevd
    325 root      20   0   23500   5072   2820 S   0.0   0.1   0:00.20 /lib/systemd/systemd-udevd
    326 root      20   0   23548   4624   2476 S   0.0   0.1   0:00.16 /lib/systemd/systemd-udevd
    327 root      20   0   24548   5496   2292 S   0.0   0.1   0:00.21 /lib/systemd/systemd-udevd
    328 root      20   0   23516   4380   2212 S   0.0   0.1   0:00.13 /lib/systemd/systemd-udevd
    329 root      20   0   23524   4452   2300 S   0.0   0.1   0:00.19 /lib/systemd/systemd-udevd
    330 root      20   0   23524   4592   2440 S   0.0   0.1   0:00.22 /lib/systemd/systemd-udevd
    331 root      20   0   23524   4792   2636 S   0.0   0.1   0:00.14 /lib/systemd/systemd-udevd
    332 root       0 -20       0      0      0 I   0.0   0.0   0:00.00 [kworker/5:1H-kblockd]
    334 root      20   0   23524   4712   2532 S   0.0   0.1   0:00.16 /lib/systemd/systemd-udevd
    336 root      20   0       0      0      0 S   0.0   0.0   0:00.00 [15820000.crypto]
    337 root      20   0       0      0      0 S   0.0   0.0   0:00.00 [15840000.crypto]
    358 root      20   0   23544   4432   2140 S   0.0   0.1   0:00.15 /lib/systemd/systemd-udevd
    359 root      20   0   23524   4288   2096 S   0.0   0.1   0:00.12 /lib/systemd/systemd-udevd
    360 root      20   0   23524   4412   2220 S   0.0   0.1   0:00.14 /lib/systemd/systemd-udevd
    361 root      20   0   23524   5004   2812 S   0.0   0.1   0:00.17 /lib/systemd/systemd-udevd
    362 root      20   0   23524   4832   2644 S   0.0   0.1   0:00.23 /lib/systemd/systemd-udevd
    363 root      20   0   23816   4580   2144 S   0.0   0.1   0:00.15 /lib/systemd/systemd-udevd
    414 root     -51   0       0      0      0 S   0.0   0.0   0:00.00 [irq/219-bc00000]
    415 root      -2   0       0      0      0 S   0.0   0.0   0:00.00 [capture-control]
    416 root      -2   0       0      0      0 S   0.0   0.0   0:00.00 [capture]
    447 root     -51   0       0      0      0 S   0.0   0.0   0:00.00 [irq/189-tegra-p]
    448 root     -51   0       0      0      0 S   0.0   0.0   0:00.00 [irq/240-nvvrs-p]
    449 root     -51   0       0      0      0 S   0.0   0.0   0:00.00 [irq/214-tegra_d]
    450 root     -51   0       0      0      0 S   0.0   0.0   0:00.00 [irq/215-tegra_d]
    451 root       0 -20       0      0      0 I   0.0   0.0   0:00.00 [dce-async-ipc-w]
    452 root      20   0       0      0      0 S   0.0   0.0   0:00.00 [nv_queue]
    453 root      20   0       0      0      0 S   0.0   0.0   0:00.00 [nv_queue]
    454 root     -51   0       0      0      0 S   0.0   0.0   0:00.00 [irq/189-aerdrv]
    524 root       0 -20       0      0      0 I   0.0   0.0   0:00.00 [cfg80211]
    543 root     -51   0       0      0      0 S   0.0   0.0   0:00.00 [irq/118-3210000]
    552 root      20   0       0      0      0 S   0.0   0.0   0:00.00 [spi0]
    554 root     -51   0       0      0      0 S   0.0   0.0   0:00.00 [irq/119-3230000]
    555 root      20   0       0      0      0 S   0.0   0.0   0:00.00 [spi1]
    632 root       0 -20       0      0      0 I   0.0   0.0   0:00.00 [btfwwork]
    670 root       0 -20       0      0      0 I   0.0   0.0   0:00.00 [kworker/u13:2-hci0]
    672 root      20   0    8236   7372   1432 S   0.0   0.1   0:00.30 /usr/sbin/haveged --Foreground --verbose=1
    674 _rpc      20   0    7964   2112   1760 S   0.0   0.0   0:00.00 /sbin/rpcbind -f -w
    681 systemd+  20   0   25544  12588   8156 S   0.0   0.2   0:00.26 /lib/systemd/systemd-resolved
    682 systemd+  20   0   88788   6156   5312 S   0.0   0.1   0:00.08 /lib/systemd/systemd-timesyncd
    728 avahi     20   0    8088   2652   2300 S   0.0   0.0   0:00.08 avahi-daemon: running [ubuntu.local]
    729 root      20   0    9892   4484   4044 S   0.0   0.1   0:00.07 /usr/lib/bluetooth/bluetoothd -d --noplugin=audio,a2dp,avrcp
    730 message+  20   0   11448   5648   3108 S   0.0   0.1   0:01.66 @dbus-daemon --system --address=systemd: --nofork --nopidfile --systemd-activation --syslog-only
    731 root      20   0  263764  20360  14144 S   0.0   0.3   0:01.12 /usr/sbin/NetworkManager --no-daemon
    737 root      20   0   42224  19668   9972 S   0.0   0.3   0:00.14 /usr/bin/python3 /usr/bin/networkd-dispatcher --run-startup-triggers
    744 root      20   0   27644  15072   7804 S   0.0   0.2   0:00.10 python3 /opt/nvidia/pva-allow-2/bin/nvidiaPvaAllowd.py
    749 root      20   0  243232  10120   6268 S   0.0   0.1   0:03.17 /usr/libexec/polkitd --no-debug
    753 root      20   0  240320   8560   5832 S   0.0   0.1   0:00.04 /usr/libexec/power-profiles-daemon
    760 syslog    20   0  222164   8356   3224 S   0.0   0.1   0:00.14 /usr/sbin/rsyslogd -n -iNONE
    762 root      20   0    2240    708    628 S   0.0   0.0   0:00.00 seatd -g video
    767 root      20   0 2145820  48520  24160 S   0.0   0.6   0:04.94 /snap/snapd/current/usr/lib/snapd/snapd
    769 root      20   0  241096   7752   5856 S   0.0   0.1   0:00.80 /usr/libexec/accounts-daemon
    772 root      20   0  236800   5804   5196 S   0.0   0.1   0:00.02 /usr/libexec/switcheroo-control
    773 lp        20   0    2308    112      0 S   0.0   0.0   0:00.00 /usr/sbin/lpd -s
    774 root      20   0   48808   7200   5948 S   0.0   0.1   0:00.19 /lib/systemd/systemd-logind
    778 root      20   0  394856  14472   9176 S   0.0   0.2   0:00.28 /usr/libexec/udisks2/udisksd
    780 root      20   0   16532   9744   7852 S   0.0   0.1   0:00.08 /sbin/wpa_supplicant -u -s -O /run/wpa_supplicant
    800 avahi     20   0    7816    352      0 S   0.0   0.0   0:00.00 avahi-daemon: chroot helper
    816 root      20   0  320884  13460   9472 S   0.0   0.2   0:00.12 /usr/sbin/ModemManager
    910 root      20   0    2460   1560   1380 S   0.0   0.0   0:00.39 /usr/sbin/nvfancontrol &
    930 root      20   0       0      0      0 S   0.0   0.0   0:00.00 [sw-quiesce]
    931 root      20   0       0      0      0 S   0.0   0.0   0:01.07 [nvgpu_channel_p]
    934 root      20   0       0      0      0 S   0.0   0.0   0:00.00 [nvgpu_pg_init_g]
    954 root      20   0       0      0      0 S   0.0   0.0   0:00.00 [nvgpu_clk_arb_p]
    981 root      20   0       0      0      0 I   0.0   0.0   0:00.31 [kworker/u12:9-events_unbound]
   1016 root      20   0   75936   9728   7908 S   0.0   0.1   0:00.01 /usr/sbin/nvargus-daemon
   1017 root      20   0    9792   2900   2608 S   0.0   0.0   0:00.00 /bin/bash /etc/systemd/nvmemwarning.sh
   1037 root      20   0   22192   1708   1512 S   0.0   0.0   0:00.00 /usr/sbin/nvs-service
   1062 root      20   0    2336    760    672 S   0.0   0.0   0:01.58 /bin/sh /snap/cups/1237/scripts/run-cups-browsed
   1064 root      20   0    2336   1388   1264 S   0.0   0.0   0:01.60 /bin/sh /snap/cups/1237/scripts/run-cupsd
   1065 root      20   0       0      0      0 S   0.0   0.0   0:00.00 [pr/ramoops-1]
   1110 root      20   0    9448   2412   2172 S   0.0   0.0   0:00.00 /usr/sbin/cron -f -P
   1136 kernoops  20   0   12820    456      0 S   0.0   0.0   0:00.00 /usr/sbin/kerneloops --test
   1145 root      20   0  241780   8612   6932 S   0.0   0.1   0:00.03 /usr/sbin/gdm3
   1162 kernoops  20   0   12820    452      0 S   0.0   0.0   0:00.00 /usr/sbin/kerneloops
   1164 root      20   0    8144    716    640 S   0.0   0.0   0:00.00 /sbin/agetty -o -p -- \u --keep-baud 115200,57600,38400,9600 ttyGS0 vt220
   1171 root      20   0    8144    724    648 S   0.0   0.0   0:00.00 /sbin/agetty -o -p -- \u --keep-baud 115200,57600,38400,9600 ttyTCU0 vt220
   1210 root      20   0  172548   9532   7592 S   0.0   0.1   0:00.04 gdm-session-worker [pam/gdm-autologin]
   1310 root      20   0    3076    916    804 S   0.0   0.0   0:00.00 /usr/sbin/nvphsd
   1316 root      20   0    3208   1408   1248 S   0.0   0.0   0:00.00 /usr/sbin/nvphsd
   1338 root      20   0   15232   8036   6460 S   0.0   0.1   0:00.02 sshd: /usr/sbin/sshd -D [listener] 1 of 10-100 startups
   1342 root      20   0       0      0      0 S   0.0   0.0   0:00.00 [file-storage]
   1350 fcsl      20   0   18416   9892   7060 S   0.0   0.1   0:00.72 /lib/systemd/systemd --user
   1360 fcsl      20   0  106740   4520      0 S   0.0   0.1   0:00.00 (sd-pam)
   1538 fcsl       9 -11   40232   5728   4620 S   0.0   0.1   0:00.02 /usr/bin/pipewire
   1539 fcsl      20   0   23884   5672   4592 S   0.0   0.1   0:00.08 /usr/bin/pipewire-media-session
   1540 fcsl       9 -11  890556  20284  12116 S   0.0   0.3   0:00.39 /usr/bin/pulseaudio --daemonize=no --log-target=journal
   1545 fcsl      20   0  241000   6164   5312 S   0.0   0.1   0:00.04 /usr/bin/gnome-keyring-daemon --daemonize --login
   1548 rtkit     21   1  153508   1472   1264 S   0.0   0.0   0:00.02 /usr/libexec/rtkit-daemon
   1559 fcsl      20   0  162628   5416   4908 S   0.0   0.1   0:00.00 /usr/libexec/gdm-x-session --run-script env GNOME_SHELL_SESSION_MODE=ubuntu /usr/bin/gnome-session --session=ubuntu
   1561 root      20   0   24.2g  80668  35156 S   0.0   1.0   0:00.52 /usr/lib/xorg/Xorg vt2 -displayfd 3 -auth /run/user/1000/gdm/Xauthority -nolisten tcp -background none -noreset -keeptty -novtswitch -verbose 3
   1564 fcsl      20   0   10132   4876   3144 S   0.0   0.1   0:00.44 /usr/bin/dbus-daemon --session --address=systemd: --nofork --nopidfile --systemd-activation --syslog-only
   1587 root      20   0       0      0      0 S   0.0   0.0   0:00.00 [nvidia-modeset/]
   1588 root      20   0       0      0      0 S   0.0   0.0   0:00.00 [nvidia-modeset/]
   1590 root      20   0       0      0      0 S   0.0   0.0   0:00.00 [nvidia]
   1591 root      20   0       0      0      0 S   0.0   0.0   0:00.00 [nv_queue]
   1729 root      20   0       0      0      0 S   0.0   0.0   0:00.00 [nvidia-drm-nv-t]
   1730 root     -51   0       0      0      0 S   0.0   0.0   0:00.00 [card1-crtc0]
   1731 root     -51   0       0      0      0 S   0.0   0.0   0:00.00 [card1-crtc1]
   1824 fcsl      20   0  225936  13728  11972 S   0.0   0.2   0:00.05 /usr/libexec/gnome-session-binary --session=ubuntu
   1916 fcsl      20   0  309864   6752   6032 S   0.0   0.1   0:00.01 /usr/libexec/at-spi-bus-launcher
   1922 fcsl      20   0    8828   3616   3116 S   0.0   0.0   0:00.01 /usr/bin/dbus-daemon --config-file=/usr/share/defaults/at-spi2/accessibility.conf --nofork --print-address 11 --address=unix:path=/run/user/1000/at-spi/bus_0
   1979 fcsl      20   0   91892   2520   2152 S   0.0   0.0   0:00.00 /usr/libexec/gnome-session-ctl --monitor
   1988 fcsl      20   0  240908   6992   6104 S   0.0   0.1   0:00.03 /usr/libexec/gvfsd
   1996 fcsl      20   0  381064   9284   4640 S   0.0   0.1   0:00.00 /usr/libexec/gvfsd-fuse /run/user/1000/gvfs -f
   1997 fcsl      20   0  596284  17864  12840 S   0.0   0.2   0:00.18 /usr/libexec/gnome-session-binary --systemd-service --session=ubuntu
   2026 fcsl      20   0 3471004 225068  81340 S   0.0   2.9   0:05.91 /usr/bin/gnome-shell
   2040 fcsl      20   0  236356   4876   4440 S   0.0   0.1   0:00.00 /usr/libexec/xdg-permission-store
   2042 fcsl      20   0  584868  17900  13432 S   0.0   0.2   0:00.06 /usr/libexec/gnome-shell-calendar-server
   2051 fcsl      20   0  397280  22796  19136 S   0.0   0.3   0:00.09 /usr/libexec/evolution-source-registry
   2059 root      20   0  242436   7680   6568 S   0.0   0.1   0:00.07 /usr/libexec/upowerd
   2061 fcsl      20   0  600496  38980  29472 S   0.0   0.5   0:00.10 /usr/libexec/goa-daemon
   2068 fcsl      20   0 1321540  31748  23404 S   0.0   0.4   0:00.14 /usr/libexec/evolution-calendar-factory
   2078 fcsl      20   0  341492  12924  11036 S   0.0   0.2   0:00.04 /usr/libexec/goa-identity-service
   2088 fcsl      20   0  156800   4488   4024 S   0.0   0.1   0:00.01 /usr/libexec/dconf-service
   2089 fcsl      20   0  823284  28368  22824 S   0.0   0.4   0:00.08 /usr/libexec/evolution-addressbook-factory
   2105 fcsl      20   0  316604  11380   7284 S   0.0   0.1   0:00.11 /usr/libexec/gvfs-udisks2-volume-monitor
   2113 fcsl      20   0  315332   6412   5548 S   0.0   0.1   0:00.04 /usr/libexec/gvfs-afc-volume-monitor
   2118 fcsl      20   0  238096   6272   5500 S   0.0   0.1   0:00.01 /usr/libexec/gvfs-gphoto2-volume-monitor
   2122 fcsl      20   0  236772   4692   4232 S   0.0   0.1   0:00.01 /usr/libexec/gvfs-mtp-volume-monitor
   2126 fcsl      20   0  236900   7852   5228 S   0.0   0.1   0:00.01 /usr/libexec/gvfs-goa-volume-monitor
   2130 root      20   0  376544  64972  16884 S   0.0   0.8   0:10.29 /usr/libexec/packagekitd
   2138 fcsl      20   0  315228   9344   6144 S   0.0   0.1   0:00.02 /usr/libexec/gvfsd-trash --spawner :1.19 /org/gtk/gvfs/exec_spaw/0
   2165 fcsl      20   0  477596  12872  10592 S   0.0   0.2   0:00.13 /usr/libexec/xdg-desktop-portal
   2175 fcsl      20   0  463504   8420   5632 S   0.0   0.1   0:00.02 /usr/libexec/xdg-document-portal
   2178 fcsl      20   0 2804936  27172  20292 S   0.0   0.3   0:00.09 /usr/bin/gjs /usr/share/gnome-shell/org.gnome.Shell.Notifications
   2182 root      20   0    2232    696    620 S   0.0   0.0   0:00.00 fusermount3 -o rw,nosuid,nodev,fsname=portal,auto_unmount,subtype=portal -- /run/user/1000/doc
   2186 fcsl      20   0  163152   7096   6328 S   0.0   0.1   0:00.01 /usr/libexec/at-spi2-registryd --use-gnome-session
   2187 fcsl      20   0  715372  51180  31356 S   0.0   0.7   0:00.26 /usr/libexec/xdg-desktop-portal-gnome
   2201 fcsl      20   0    2328    836    748 S   0.0   0.0   0:00.00 sh -c /usr/bin/ibus-daemon --panel disable $([ "$XDG_SESSION_TYPE" = "x11" ] && echo "--xim")
   2202 fcsl      20   0  310888   7992   5380 S   0.0   0.1   0:00.01 /usr/libexec/gsd-a11y-settings
   2203 fcsl      20   0  603376  28568  18872 S   0.0   0.4   0:00.19 /usr/libexec/gsd-color
   2207 fcsl      20   0  379084  16400  12388 S   0.0   0.2   0:00.03 /usr/libexec/gsd-datetime
   2209 fcsl      20   0  315524  13140   6156 S   0.0   0.2   0:00.09 /usr/bin/ibus-daemon --panel disable --xim
   2210 fcsl      20   0  312464   8500   5808 S   0.0   0.1   0:00.06 /usr/libexec/gsd-housekeeping
   2212 fcsl      20   0  418272  25220  16048 S   0.0   0.3   0:00.15 /usr/libexec/gsd-keyboard
   2213 fcsl      20   0  934772  29676  19672 S   0.0   0.4   0:00.19 /usr/libexec/gsd-media-keys
   2214 fcsl      20   0  528832  26228  18632 S   0.0   0.3   0:00.18 /usr/libexec/gsd-power
   2216 fcsl      20   0  324816   9584   8232 S   0.0   0.1   0:00.01 /usr/libexec/gsd-print-notifications
   2219 fcsl      20   0  458476   6000   5344 S   0.0   0.1   0:00.02 /usr/libexec/gsd-rfkill
   2222 fcsl      20   0  236616   4660   4280 S   0.0   0.1   0:00.00 /usr/libexec/gsd-screensaver-proxy
   2226 fcsl      20   0  467192   9032   6824 S   0.0   0.1   0:00.07 /usr/libexec/gsd-sharing
   2228 fcsl      20   0  460576   9164   6256 S   0.0   0.1   0:00.01 /usr/libexec/gsd-smartcard
   2233 fcsl      20   0  320568   8140   7112 S   0.0   0.1   0:00.01 /usr/libexec/gsd-sound
   2242 fcsl      20   0  344860  23456  16012 S   0.0   0.3   0:00.17 /usr/libexec/gsd-wacom
   2247 fcsl      20   0  656864  90552  49008 S   0.0   1.2   0:03.98 /usr/bin/gnome-software --gapplication-service
   2248 fcsl      20   0  346536  27696  17768 S   0.0   0.4   0:00.20 /usr/libexec/gsd-xsettings
   2254 fcsl      20   0  842664  65920  47764 S   0.0   0.8   0:00.32 /usr/libexec/evolution-data-server/evolution-alarm-notify
   2278 fcsl      20   0  237728   6576   5956 S   0.0   0.1   0:00.00 /usr/libexec/ibus-dconf
   2289 fcsl      20   0  275472  27360  16048 S   0.0   0.4   0:01.55 /usr/libexec/ibus-extension-gtk3
   2301 fcsl      20   0  232212   6712   5028 S   0.0   0.1   0:00.02 /usr/libexec/gsd-disk-utility-notify
   2302 fcsl      20   0  196992  23344  16300 S   0.0   0.3   0:00.15 /usr/libexec/ibus-x11 --kill-daemon
   2316 fcsl      20   0  512948  41308  23256 S   0.0   0.5   0:00.93 python3 /usr/share/nvpmodel_indicator/nvpmodel_indicator.py
   2317 fcsl      20   0  237616   6672   6068 S   0.0   0.1   0:00.02 /usr/libexec/ibus-portal
   2353 fcsl      20   0  345756  14420  10528 S   0.0   0.2   0:00.02 /usr/libexec/gsd-printer
   2377 colord    20   0  246112  11944   8192 S   0.0   0.2   0:00.16 /usr/libexec/colord
   2462 root      20   0  404236  43620  34000 S   0.0   0.6   0:00.57 /usr/libexec/fwupd/fwupd
   2498 fcsl      20   0 2739436  27332  20372 S   0.0   0.4   0:00.09 /usr/bin/gjs /usr/share/gnome-shell/org.gnome.ScreenSaver
   2511 fcsl      20   0  511640  20804   3160 S   0.0   0.3   0:00.00 python3 /usr/share/nvpmodel_indicator/nvpmodel_indicator.py
   2512 fcsl      20   0  511640  20804   3160 S   0.0   0.3   0:00.00 python3 /usr/share/nvpmodel_indicator/nvpmodel_indicator.py
   2513 fcsl      20   0  511640  20804   3160 S   0.0   0.3   0:00.00 python3 /usr/share/nvpmodel_indicator/nvpmodel_indicator.py
   2514 fcsl      20   0  511640  20804   3160 S   0.0   0.3   0:00.00 python3 /usr/share/nvpmodel_indicator/nvpmodel_indicator.py
   2515 fcsl      20   0  511640  20804   3160 S   0.0   0.3   0:00.00 python3 /usr/share/nvpmodel_indicator/nvpmodel_indicator.py
   2516 fcsl      20   0  511640  20804   3160 S   0.0   0.3   0:00.00 python3 /usr/share/nvpmodel_indicator/nvpmodel_indicator.py
   2517 fcsl      20   0  511640  20804   3160 S   0.0   0.3   0:00.00 python3 /usr/share/nvpmodel_indicator/nvpmodel_indicator.py
   2518 fcsl      20   0  511640  20804   3160 S   0.0   0.3   0:00.00 python3 /usr/share/nvpmodel_indicator/nvpmodel_indicator.py
   2520 fcsl      20   0  511652  20848   3160 S   0.0   0.3   0:00.00 python3 /usr/share/nvpmodel_indicator/nvpmodel_indicator.py
   2521 fcsl      20   0  511652  20848   3160 S   0.0   0.3   0:00.00 python3 /usr/share/nvpmodel_indicator/nvpmodel_indicator.py
   2523 fcsl      20   0  511652  20848   3160 S   0.0   0.3   0:00.00 python3 /usr/share/nvpmodel_indicator/nvpmodel_indicator.py
   2524 fcsl      20   0  511652  20848   3160 S   0.0   0.3   0:00.00 python3 /usr/share/nvpmodel_indicator/nvpmodel_indicator.py
   2525 fcsl      20   0  511652  20848   3160 S   0.0   0.3   0:00.00 python3 /usr/share/nvpmodel_indicator/nvpmodel_indicator.py
   2526 fcsl      20   0  511652  20848   3160 S   0.0   0.3   0:00.00 python3 /usr/share/nvpmodel_indicator/nvpmodel_indicator.py
   2527 fcsl      20   0  511652  20848   3160 S   0.0   0.3   0:00.00 python3 /usr/share/nvpmodel_indicator/nvpmodel_indicator.py
   2528 fcsl      20   0  511652  20848   3160 S   0.0   0.3   0:00.00 python3 /usr/share/nvpmodel_indicator/nvpmodel_indicator.py
   2529 fcsl      20   0  511652  21360   3648 S   0.0   0.3   0:00.97 python3 /usr/share/nvpmodel_indicator/nvpmodel_indicator.py
   2531 fcsl      20   0  511652  20852   3160 S   0.0   0.3   0:00.00 python3 /usr/share/nvpmodel_indicator/nvpmodel_indicator.py
   2532 fcsl      20   0  511652  20852   3160 S   0.0   0.3   0:00.00 python3 /usr/share/nvpmodel_indicator/nvpmodel_indicator.py
   2558 fcsl      20   0  238820  11516   6280 S   0.0   0.1   0:00.06 /usr/libexec/ibus-engine-hangul --ibus
   2568 fcsl      39  19  648636  29248  20296 S   0.0   0.4   0:00.55 /usr/libexec/tracker-miner-fs-3
   2570 fcsl      20   0  345256  24112  16764 S   0.0   0.3   0:00.13 /usr/libexec/xdg-desktop-portal-gtk
   2735 fcsl      20   0  163392   5864   5280 S   0.0   0.1   0:00.01 /usr/libexec/gvfsd-metadata
   2762 root      20   0  136724  11180   9516 S   0.0   0.1   0:00.36 cupsd -f -s /var/snap/cups/common/etc/cups/cups-files.conf -c /var/snap/cups/common/etc/cups/cupsd.conf
   2770 snap_da+  20   0   14484   4204   3512 S   0.0   0.1   0:00.00 /snap/cups/1237/lib/cups/notifier/dbus dbus://
   2771 snap_da+  20   0   14484   4636   3932 S   0.0   0.1   0:00.00 /snap/cups/1237/lib/cups/notifier/dbus dbus://
   2772 snap_da+  20   0   14484   4216   3524 S   0.0   0.1   0:00.00 /snap/cups/1237/lib/cups/notifier/dbus dbus://
   2773 snap_da+  20   0   14484   4272   3576 S   0.0   0.1   0:00.00 /snap/cups/1237/lib/cups/notifier/dbus dbus://
   2774 snap_da+  20   0   14484   4636   3932 S   0.0   0.1   0:00.00 /snap/cups/1237/lib/cups/notifier/dbus dbus://
   2781 root      20   0  260796  17948  13524 S   0.0   0.2   0:00.46 cups-browsed -c /var/snap/cups/common/etc/cups/cups-browsed.conf
   3356 root      20   0   18536   9044   7116 S   0.0   0.1   0:00.03 sshd: fcsl [priv]
   3413 fcsl      20   0   18984   7780   5556 S   0.0   0.1   0:00.42 sshd: fcsl@pts/0
   3414 fcsl      20   0   15168   8696   3028 S   0.0   0.1   0:00.15 -bash
   3656 root      20   0   18536   9052   7124 S   0.0   0.1   0:00.02 sshd: fcsl [priv]
   3699 fcsl      20   0   18984   7800   5576 S   0.0   0.1   0:00.01 sshd: fcsl@pts/1
   3700 fcsl      20   0   15168   8568   2900 S   0.0   0.1   0:00.11 -bash
   3956 root      20   0   18536   9052   7124 S   0.0   0.1   0:00.03 sshd: fcsl [priv]
   3986 fcsl      20   0   18984   7800   5576 S   0.0   0.1   0:00.24 sshd: fcsl@pts/2
   3987 fcsl      20   0   15168   8564   2900 S   0.0   0.1   0:00.06 -bash
   4340 fcsl      20   0  421744  28484  20708 S   0.0   0.4   0:00.18 update-notifier
   5745 root      20   0       0      0      0 I   0.0   0.0   0:00.00 [kworker/5:0-events]
   5746 root      20   0       0      0      0 I   0.0   0.0   0:00.13 [kworker/0:0-events]
   5789 root      20   0   18536   9056   7128 S   0.0   0.1   0:00.03 sshd: fcsl [priv]
   5818 fcsl      20   0    9792   2976   2680 S   0.0   0.0   0:00.00 -bash
   5821 fcsl      20   0    2440   1568   1348 S   0.0   0.0   0:00.00 sh
   5892 fcsl      20   0   42184   8676   6928 S   0.0   0.1   0:00.04 /home/fcsl/.vscode-server/code-6a49527b96e326fe62fbdb56f60e16877c9aa724 --cli-data-dir /home/fcsl/.vscode-server/cli agent host
   5913 fcsl      20   0    2328    816    732 S   0.0   0.0   0:00.00 sh /home/fcsl/.vscode-server/cli/servers/Stable-6a49527b96e326fe62fbdb56f60e16877c9aa724/server/bin/code-server --connection-token=remotessh --accept-server-license-terms --agent-host-bridge-port=41459 --agent-host-bridge-host=127.0.0.1 --agent-host-bridge-connection-token=03adc759-cc11-482d-a5c4-3d1cf335af96 --start-server --enable-remote-auto-shutdown --socket-path=/tmp/code-9639163c-fbe7-4e2e-8b21-e167c70142b5
   6192 fcsl      20   0  952820  70140  41896 S   0.0   0.9   0:01.90 /home/fcsl/.vscode-server/cli/servers/Stable-6a49527b96e326fe62fbdb56f60e16877c9aa724/server/node /home/fcsl/.vscode-server/cli/servers/Stable-6a49527b96e326fe62fbdb56f60e16877c9aa724/server/out/bootstrap-fork --type=ptyHost --logsPath /home/fcsl/.vscode-server/data/logs/20260817T111943
   6410 root      20   0       0      0      0 I   0.0   0.0   0:00.00 [kworker/1:0-events]
   6731 fcsl      20   0  997088  80596  41996 S   0.0   1.0   0:07.35 /home/fcsl/.vscode-server/cli/servers/Stable-6a49527b96e326fe62fbdb56f60e16877c9aa724/server/node /home/fcsl/.vscode-server/cli/servers/Stable-6a49527b96e326fe62fbdb56f60e16877c9aa724/server/out/bootstrap-fork --type=fileWatcher
   7080 fcsl      20   0  405524  74872  63060 S   0.0   1.0   0:01.33 /home/fcsl/.vscode-server/extensions/openai.chatgpt-26.810.52044-linux-arm64/bin/linux-aarch64/codex -c features.code_mode_host=true app-server --analytics-default-enabled
   7182 fcsl      20   0   15216   8668   2972 S   0.0   0.1   0:00.05 /usr/bin/bash --init-file /home/fcsl/.vscode-server/cli/servers/Stable-6a49527b96e326fe62fbdb56f60e16877c9aa724/server/out/vs/workbench/contrib/terminal/common/scripts/shellIntegration-bash.sh
   7850 root      20   0   18536   9060   7132 S   0.0   0.1   0:00.04 sshd: fcsl [priv]
   7878 fcsl      20   0   18824   7676   5580 S   0.0   0.1   0:00.02 sshd: fcsl@pts/6
   7879 fcsl      20   0   15168   8708   3036 S   0.0   0.1   0:00.15 -bash
   8118 root      20   0   18536   9060   7132 S   0.0   0.1   0:00.04 sshd: fcsl [priv]
   8146 fcsl      20   0   18984   7680   5580 S   0.0   0.1   0:00.02 sshd: fcsl@pts/8
   8147 fcsl      20   0   15168   8708   3032 S   0.0   0.1   0:00.15 -bash
   8386 root      20   0   18536   9060   7132 S   0.0   0.1   0:00.04 sshd: fcsl [priv]
   8414 fcsl      20   0   18824   7672   5580 S   0.0   0.1   0:00.01 sshd: fcsl@pts/9
   8415 fcsl      20   0   15168   8640   2964 S   0.0   0.1   0:00.12 -bash
  11747 root      20   0       0      0      0 I   0.0   0.0   0:00.00 [kworker/0:2-events]
  11800 root      20   0   18536   9328   7400 S   0.0   0.1   0:00.04 sshd: fcsl [priv]
  11829 fcsl      20   0   15168   9064   3388 S   0.0   0.1   0:00.37 -bash
  16192 root      20   0       0      0      0 I   0.0   0.0   0:00.07 [kworker/u12:3-devfreq_wq]
  16258 root      20   0       0      0      0 I   0.0   0.0   0:00.00 [kworker/0:1-events]
  16292 root      20   0    8112    764    688 S   0.0   0.0   0:00.00 sleep 300
  16331 root      20   0       0      0      0 I   0.0   0.0   0:00.03 [kworker/u12:0-events_freezable_power_]
  19240 fcsl      20   0  206192  31704  14596 S   0.0   0.4   0:00.55 /home/fcsl/miniforge3/envs/thirdimpact/bin/python /home/fcsl/miniforge3/envs/thirdimpact/bin/ros2 run joy joy_node
  19545 fcsl      20   0    8112    780    704 S   0.0   0.0   0:00.00 sleep 180
  19546 fcsl      20   0   10072   3092   2780 S   0.0   0.0   0:00.00 bash ./cpu_profile.sh

top - 11:34:53 up 22 min,  8 users,  load average: 8.46, 4.40, 3.87
Tasks: 409 total,  11 running, 398 sleeping,   0 stopped,   0 zombie
%Cpu(s): 74.9 us,  6.9 sy,  0.0 ni, 15.4 id,  0.0 wa,  1.3 hi,  1.5 si,  0.0 st
MiB Mem :   7607.4 total,   1654.7 free,   3545.9 used,   2406.7 buff/cache
MiB Swap:   3803.7 total,   3803.2 free,      0.5 used.   3790.9 avail Mem 

    PID USER      PR  NI    VIRT    RES    SHR S  %CPU  %MEM     TIME+ COMMAND
  19358 fcsl      20   0 1478224 105768  42044 R  38.9   1.4   0:04.12 /home/fcsl/miniforge3/envs/thirdimpact/bin/python3.12 /home/fcsl/roboracer_ws/install/controller/lib/controller/controller_manager --ros-args -r __node:=controller_manager --params-file /home/fcsl/roboracer_ws/install/stack_master/share/stack_master/config/controller.yaml --params-file /tmp/launch_params_rteop0df --params-file /tmp/launch_params_fgfbn70d
  19251 fcsl      20   0  868124  49540  36540 S  36.9   0.6   0:04.33 /home/fcsl/roboracer_ws/install/kiss_icp_localization/lib/kiss_icp_localization/localization_node --ros-args -r __node:=kiss_icp_localization --params-file /home/fcsl/roboracer_ws/install/stack_master/share/stack_master/config/kiss.yaml --params-file /tmp/launch_params_kkza55sc --params-file /tmp/launch_params_bk6s3os3
  19346 fcsl      20   0 1872320 217760  90960 R  36.9   2.8   0:04.76 /home/fcsl/miniforge3/envs/thirdimpact/bin/python3.12 /home/fcsl/roboracer_ws/install/lane_change_planner/lib/lane_change_planner/change_avoidance_node --ros-args -r __node:=planner_change --params-file /tmp/launch_params_3lr3b4pe
  19336 fcsl      20   0 1443032 105380  41496 R  36.5   1.4   0:04.35 /home/fcsl/miniforge3/envs/thirdimpact/bin/python3.12 /home/fcsl/roboracer_ws/install/state_machine/lib/state_machine/state_machine --ros-args -r __node:=state_machine --params-file /home/fcsl/roboracer_ws/install/stack_master/share/stack_master/config/state_machine_params.yaml --params-file /tmp/launch_params_biwnb6d6 --params-file /tmp/launch_params_30za9fdy --params-file /tmp/launch_params_f2pjkjd6 --params-file /tmp/launch_params_v+
  19311 fcsl      20   0 1472780 105044  41672 R  33.5   1.3   0:03.42 /home/fcsl/miniforge3/envs/thirdimpact/bin/python3.12 /home/fcsl/roboracer_ws/install/frenet_odom_republisher/lib/frenet_odom_republisher/frenet_odom_republisher_node --ros-args -r __node:=frenet_odom_republisher -r /car_state/frenet/odom:=/car_state/odom_frenet
  19342 fcsl      20   0 1847704 189544  87764 R  32.0   2.4   0:04.23 /home/fcsl/miniforge3/envs/thirdimpact/bin/python3.12 /home/fcsl/roboracer_ws/install/spliner/lib/spliner/start_spline_node_v2 --ros-args -r __node:=start_planner
  19328 fcsl      20   0 1472000 129888  46628 R  31.5   1.7   0:03.96 python3 /home/fcsl/roboracer_ws/install/perception/lib/perception/tracking_node --ros-args -r __node:=tracking --params-file /home/fcsl/roboracer_ws/install/stack_master/share/stack_master/config/opponent_tracker_params.yaml -r /tracking/obstacles:=/tracking/obstacles
  19344 fcsl      20   0 1815936 165092  83084 R  31.0   2.1   0:03.67 /home/fcsl/miniforge3/envs/thirdimpact/bin/python3.12 /home/fcsl/roboracer_ws/install/spliner/lib/spliner/static_avoidance_node --ros-args -r __node:=static_avoidance_planner --params-file /home/fcsl/roboracer_ws/install/stack_master/share/stack_master/config/static_avoidance_planner.yaml -r /planner/avoidance/otwpnts:=/planner/avoidance/static_otwpnts
  19340 fcsl      20   0 1847760 189588  87768 R  30.5   2.4   0:04.16 /home/fcsl/miniforge3/envs/thirdimpact/bin/python3.12 /home/fcsl/roboracer_ws/install/recovery_spliner/lib/recovery_spliner/recovery_spliner_node --ros-args -r __node:=recovery_spliner_node
  19281 fcsl      20   0 1455284 117284  41644 R  28.6   1.5   0:04.30 /home/fcsl/miniforge3/envs/thirdimpact/bin/python3.12 /home/fcsl/roboracer_ws/install/gb_optimizer/lib/gb_optimizer/global_trajectory_publisher --ros-args -r __node:=global_republisher --params-file /tmp/launch_params_lsq8407e
  19314 fcsl      20   0 1113108  63384  25780 R  28.1   0.8   0:03.17 /home/fcsl/miniforge3/envs/thirdimpact/bin/python3.12 /home/fcsl/roboracer_ws/install/lap_analyser/lib/lap_analyser/lap_analyser --ros-args -r __node:=lap_analyser --params-file /tmp/launch_params_0px3ph6a
  19352 fcsl      20   0 1592780 108300  42116 S  19.7   1.4   0:02.42 python3 /home/fcsl/roboracer_ws/install/gp_traj_predictor/lib/gp_traj_predictor/opponent_trajectory --ros-args -r __node:=OpponentHalflap
  19356 fcsl      20   0 1118620  66064  27292 S  19.7   0.8   0:01.61 python3 /home/fcsl/roboracer_ws/install/gp_traj_predictor/lib/gp_traj_predictor/opp_prediction --ros-args -r __node:=opponent_propagation_predictor
  19350 fcsl      20   0 1114156  63372  25608 S  14.3   0.8   0:01.40 /home/fcsl/miniforge3/envs/thirdimpact/bin/python3.12 /home/fcsl/roboracer_ws/install/lane_change_planner/lib/lane_change_planner/update_waypoints --ros-args -r __node:=waypoint_updater
  19230 fcsl      20   0 1106708  59660  24440 S  10.3   0.8   0:01.88 python3 /home/fcsl/roboracer_ws/install/stack_master/lib/stack_master/simple_mux_node.py --ros-args -r __node:=simple_mux --params-file /home/fcsl/roboracer_ws/install/stack_master/share/stack_master/config/CAR/vehicle_config.yaml --params-file /tmp/launch_params_pywsh3_8 --params-file /tmp/launch_params_yk3h0muz --params-file /tmp/launch_params_uihzw7ry --params-file /tmp/launch_params_5fc12uzq --params-file /tmp/launch_params_nd2qw0hk
  19354 fcsl      20   0 1085540 141716  48776 S  10.3   1.8   0:03.13 python3 /home/fcsl/roboracer_ws/install/gp_traj_predictor/lib/gp_traj_predictor/gaussian_process_opp_traj --ros-args -r __node:=GP_trajectory
  19213 fcsl      20   0 2285720  52248  16816 S   7.9   0.7   0:03.13 /home/fcsl/miniforge3/envs/thirdimpact/bin/python /home/fcsl/miniforge3/envs/thirdimpact/bin/ros2 launch stack_master race.launch.xml map:=0815test3
  19216 fcsl      20   0  882452  23088  13904 S   6.4   0.3   0:01.10 /home/fcsl/roboracer_ws/install/vesc_driver/lib/vesc_driver/vesc_driver_node --ros-args -r __node:=vesc_driver_node -r __ns:=/vesc --params-file /home/fcsl/roboracer_ws/install/stack_master/share/stack_master/config/CAR/vehicle_config.yaml
  19326 fcsl      20   0 1126000  53348  33796 S   5.4   0.7   0:00.93 /home/fcsl/roboracer_ws/install/perception/lib/perception/detect --ros-args -r __node:=detect --params-file /home/fcsl/roboracer_ws/install/stack_master/share/stack_master/config/opponent_tracker_params.yaml --params-file /tmp/launch_params_gk8q2zkj
   6720 fcsl      20   0   42.1g 668856  59704 S   4.9   8.6   1:03.34 /home/fcsl/.vscode-server/cli/servers/Stable-6a49527b96e326fe62fbdb56f60e16877c9aa724/server/node --dns-result-order=ipv4first /home/fcsl/.vscode-server/cli/servers/Stable-6a49527b96e326fe62fbdb56f60e16877c9aa724/server/out/bootstrap-fork --type=extensionHost --transformURIs --useHostProxy=false
  19561 fcsl      20   0  823792  26096  16644 S   4.4   0.3   0:00.75 /home/fcsl/miniforge3/envs/thirdimpact/lib/joy/joy_node
  19222 fcsl      20   0  817464  21432  14172 S   3.0   0.3   0:00.60 /home/fcsl/roboracer_ws/install/urg_node/lib/urg_node/urg_node_driver --ros-args -r __node:=urg_node --params-file /home/fcsl/roboracer_ws/install/stack_master/share/stack_master/config/CAR/vehicle_config.yaml -r /scan:=/scan
  19297 fcsl      20   0 1445172 106412  41872 S   3.0   1.4   0:02.24 /home/fcsl/miniforge3/envs/thirdimpact/bin/python3.12 /home/fcsl/roboracer_ws/install/overtaking_sector_tuner/lib/overtaking_sector_tuner/ot_interpolator --ros-args -r __node:=ot_sector_tuner --params-file /home/fcsl/roboracer_ws/install/stack_master/share/stack_master/maps/0815test3/ot_sectors.yaml --params-file /tmp/launch_params_ti68gs7d
  19289 fcsl      20   0 1117632  65780  26720 S   2.5   0.8   0:01.45 /home/fcsl/miniforge3/envs/thirdimpact/bin/python3.12 /home/fcsl/roboracer_ws/install/sector_tuner/lib/sector_tuner/sector_tuner --ros-args -r __node:=speed_sector_tuner --params-file /home/fcsl/roboracer_ws/install/stack_master/share/stack_master/maps/0815test3/speed_scaling.yaml --params-file /tmp/launch_params_kwlnquqh
  19220 fcsl      20   0  663144  21780  14644 S   2.0   0.3   0:00.51 /home/fcsl/roboracer_ws/install/vesc_ackermann/lib/vesc_ackermann/vesc_to_odom_node --ros-args -r __node:=vesc_to_odom_node -r __ns:=/vesc --params-file /home/fcsl/roboracer_ws/install/stack_master/share/stack_master/config/CAR/vehicle_config.yaml
  19247 fcsl      20   0  817644  25332  17424 S   2.0   0.3   0:00.52 /home/fcsl/miniforge3/envs/thirdimpact/lib/nav2_lifecycle_manager/lifecycle_manager --ros-args -r __node:=lifecycle_manager_localization --params-file /tmp/launch_params_gzsj1u13 --params-file /tmp/launch_params_7txkr4rh --params-file /tmp/launch_params_ojdu_5r1
  19249 fcsl      20   0  721960  34728  21568 S   2.0   0.4   0:00.56 /home/fcsl/miniforge3/envs/thirdimpact/lib/nav2_map_server/map_server --ros-args -r __node:=map_server --params-file /tmp/launch_params_7an6qmh_ --params-file /tmp/launch_params_3pildy1p --params-file /tmp/launch_params_bxv9_bd6 --params-file /tmp/launch_params_3ypbuy35
  19307 fcsl      20   0 1439536 103584  40816 S   2.0   1.3   0:02.06 /home/fcsl/miniforge3/envs/thirdimpact/bin/python3.12 /home/fcsl/roboracer_ws/install/frenet_conversion_server/lib/frenet_conversion_server/frenet_conversion_server_node --ros-args -r __node:=frenet_conversion_server_node --params-file /tmp/launch_params_1_pyfy3w
   5868 fcsl      20   0   45844  12856   8268 S   1.5   0.2   0:11.36 /home/fcsl/.vscode-server/code-6a49527b96e326fe62fbdb56f60e16877c9aa724 command-shell --cli-data-dir /home/fcsl/.vscode-server/cli --parent-process-id 5821 --on-host=127.0.0.1 --on-port
  11828 fcsl      20   0   18824   8292   6100 S   1.5   0.1   0:00.36 sshd: fcsl@pts/5
   5817 fcsl      20   0   19504   8220   5580 S   1.0   0.1   0:07.67 sshd: fcsl@notty
  19218 fcsl      20   0  663148  21352  14464 S   1.0   0.3   0:00.40 /home/fcsl/roboracer_ws/install/vesc_ackermann/lib/vesc_ackermann/ackermann_to_vesc_node --ros-args -r __node:=ackermann_to_vesc_node -r __ns:=/vesc --params-file /home/fcsl/roboracer_ws/install/stack_master/share/stack_master/config/CAR/vehicle_config.yaml
  19224 fcsl      20   0 1113316  63308  25836 S   1.0   0.8   0:01.06 python3 /home/fcsl/roboracer_ws/install/stack_master/lib/stack_master/static_tf_publisher.py --ros-args -r __node:=static_tf_publisher --params-file /home/fcsl/roboracer_ws/install/stack_master/share/stack_master/config/CAR/static_transforms.yaml
  19245 fcsl      20   0 1106632  62296  24328 S   1.0   0.8   0:01.04 python3 /home/fcsl/roboracer_ws/install/stack_master/lib/stack_master/map_relay_node.py --ros-args -r __node:=map_relay_node
  19553 fcsl      20   0   12120   3496   2676 R   1.0   0.0   0:00.16 top -b -c -w 512 -d 2
    818 root      rt   0       0      0      0 S   0.5   0.0   0:00.34 [sugov:0]
    823 root      rt   0       0      0      0 S   0.5   0.0   0:00.29 [sugov:4]
   2529 fcsl      20   0  511652  21360   3648 S   0.5   0.3   0:00.98 python3 /usr/share/nvpmodel_indicator/nvpmodel_indicator.py
   5746 root      20   0       0      0      0 I   0.5   0.0   0:00.14 [kworker/0:0-events]
   6192 fcsl      20   0  952820  70140  41896 S   0.5   0.9   0:01.91 /home/fcsl/.vscode-server/cli/servers/Stable-6a49527b96e326fe62fbdb56f60e16877c9aa724/server/node /home/fcsl/.vscode-server/cli/servers/Stable-6a49527b96e326fe62fbdb56f60e16877c9aa724/server/out/bootstrap-fork --type=ptyHost --logsPath /home/fcsl/.vscode-server/data/logs/20260817T111943
      1 root      20   0  167496  11476   7176 S   0.0   0.1   0:03.45 /sbin/init 2
      2 root      20   0       0      0      0 S   0.0   0.0   0:00.01 [kthreadd]
      3 root       0 -20       0      0      0 I   0.0   0.0   0:00.00 [rcu_gp]
      4 root       0 -20       0      0      0 I   0.0   0.0   0:00.00 [rcu_par_gp]
      5 root       0 -20       0      0      0 I   0.0   0.0   0:00.00 [slub_flushwq]
      6 root       0 -20       0      0      0 I   0.0   0.0   0:00.00 [netns]
      8 root       0 -20       0      0      0 I   0.0   0.0   0:00.00 [kworker/0:0H-events_highpri]
     10 root       0 -20       0      0      0 I   0.0   0.0   0:00.00 [mm_percpu_wq]
     11 root      20   0       0      0      0 S   0.0   0.0   0:00.00 [rcu_tasks_kthre]
     12 root      20   0       0      0      0 S   0.0   0.0   0:00.00 [rcu_tasks_rude_]
     13 root      20   0       0      0      0 S   0.0   0.0   0:00.00 [rcu_tasks_trace]
     14 root      20   0       0      0      0 S   0.0   0.0   0:00.70 [ksoftirqd/0]
     15 root      20   0       0      0      0 I   0.0   0.0   0:00.35 [rcu_preempt]
     16 root      rt   0       0      0      0 S   0.0   0.0   0:00.00 [migration/0]
     17 root      20   0       0      0      0 S   0.0   0.0   0:00.00 [cpuhp/0]
     18 root      20   0       0      0      0 S   0.0   0.0   0:00.00 [cpuhp/1]
     19 root      rt   0       0      0      0 S   0.0   0.0   0:00.00 [migration/1]
     20 root      20   0       0      0      0 S   0.0   0.0   0:00.14 [ksoftirqd/1]
     22 root       0 -20       0      0      0 I   0.0   0.0   0:00.00 [kworker/1:0H-events_highpri]
     23 root      20   0       0      0      0 S   0.0   0.0   0:00.00 [cpuhp/2]
     24 root      rt   0       0      0      0 S   0.0   0.0   0:00.00 [migration/2]
     25 root      20   0       0      0      0 S   0.0   0.0   0:00.15 [ksoftirqd/2]
     27 root       0 -20       0      0      0 I   0.0   0.0   0:00.00 [kworker/2:0H-kblockd]
     28 root      20   0       0      0      0 S   0.0   0.0   0:00.00 [cpuhp/3]
     29 root      rt   0       0      0      0 S   0.0   0.0   0:00.00 [migration/3]
     30 root      20   0       0      0      0 S   0.0   0.0   0:00.18 [ksoftirqd/3]
     31 root      20   0       0      0      0 I   0.0   0.0   0:00.07 [kworker/3:0-mm_percpu_wq]
     32 root       0 -20       0      0      0 I   0.0   0.0   0:00.00 [kworker/3:0H-events_highpri]
     33 root      20   0       0      0      0 S   0.0   0.0   0:00.00 [cpuhp/4]
     34 root      rt   0       0      0      0 S   0.0   0.0   0:00.00 [migration/4]
     35 root      20   0       0      0      0 S   0.0   0.0   0:00.15 [ksoftirqd/4]
     37 root       0 -20       0      0      0 I   0.0   0.0   0:00.00 [kworker/4:0H-events_highpri]
     38 root      20   0       0      0      0 S   0.0   0.0   0:00.00 [cpuhp/5]
     39 root      rt   0       0      0      0 S   0.0   0.0   0:00.00 [migration/5]
     40 root      20   0       0      0      0 S   0.0   0.0   0:00.13 [ksoftirqd/5]
     42 root       0 -20       0      0      0 I   0.0   0.0   0:00.00 [kworker/5:0H-events_highpri]
     43 root      20   0       0      0      0 S   0.0   0.0   0:00.00 [kdevtmpfs]
     44 root       0 -20       0      0      0 I   0.0   0.0   0:00.00 [inet_frag_wq]
     47 root      20   0       0      0      0 I   0.0   0.0   0:00.01 [kworker/2:1-cgroup_destroy]
     50 root      20   0       0      0      0 I   0.0   0.0   0:00.00 [kworker/4:1-events]
     51 root      20   0       0      0      0 S   0.0   0.0   0:00.00 [kauditd]
     52 root      20   0       0      0      0 S   0.0   0.0   0:00.00 [oom_reaper]
     53 root       0 -20       0      0      0 I   0.0   0.0   0:00.00 [writeback]
     54 root      20   0       0      0      0 S   0.0   0.0   0:00.00 [kcompactd0]
     55 root      25   5       0      0      0 S   0.0   0.0   0:00.00 [ksmd]
     56 root      39  19       0      0      0 S   0.0   0.0   0:00.15 [khugepaged]
     67 root       0 -20       0      0      0 I   0.0   0.0   0:00.00 [cryptd]
     86 root       0 -20       0      0      0 I   0.0   0.0   0:00.00 [kintegrityd]
     87 root       0 -20       0      0      0 I   0.0   0.0   0:00.00 [kblockd]
     88 root       0 -20       0      0      0 I   0.0   0.0   0:00.00 [blkcg_punt_bio]
     89 root       0 -20       0      0      0 I   0.0   0.0   0:00.00 [tpm_dev_wq]
     90 root       0 -20       0      0      0 I   0.0   0.0   0:00.00 [ata_sff]
     91 root       0 -20       0      0      0 I   0.0   0.0   0:00.00 [edac-poller]
     92 root       0 -20       0      0      0 I   0.0   0.0   0:00.00 [devfreq_wq]
     93 root     -51   0       0      0      0 S   0.0   0.0   0:00.00 [watchdogd]
     94 root      20   0       0      0      0 I   0.0   0.0   0:00.67 [kworker/u12:1-events_freezable_power_]
     95 root      20   0       0      0      0 I   0.0   0.0   0:00.47 [kworker/u12:2-events_freezable_power_]
     96 root       0 -20       0      0      0 I   0.0   0.0   0:00.00 [kworker/0:1H-kblockd]
     97 root       0 -20       0      0      0 I   0.0   0.0   0:00.00 [rpciod]
     98 root       0 -20       0      0      0 I   0.0   0.0   0:00.03 [kworker/u13:0-hci0]
     99 root       0 -20       0      0      0 I   0.0   0.0   0:00.00 [xprtiod]
    127 root      20   0       0      0      0 S   0.0   0.0   0:00.36 [kswapd0]
    128 root       0 -20       0      0      0 I   0.0   0.0   0:00.00 [nfsiod]
    132 root       0 -20       0      0      0 I   0.0   0.0   0:00.00 [vfio-irqfd-clea]
    133 root       0 -20       0      0      0 I   0.0   0.0   0:00.00 [bch_btree_io]
    134 root       0 -20       0      0      0 I   0.0   0.0   0:00.00 [bcache]
    135 root       0 -20       0      0      0 I   0.0   0.0   0:00.00 [bch_journal]
    136 root       0 -20       0      0      0 I   0.0   0.0   0:00.00 [dm_bufio_cache]
    138 root      10 -10       0      0      0 S   0.0   0.0   0:00.00 [krfcommd]
    139 root      20   0       0      0      0 S   0.0   0.0   0:00.00 [pr/tty0]
    140 root      20   0       0      0      0 S   0.0   0.0   0:02.86 [pr/ttyTCU0]
    143 root     -51   0       0      0      0 S   0.0   0.0   0:00.00 [irq/114-3160000]
    145 root     -51   0       0      0      0 S   0.0   0.0   0:00.00 [irq/115-3180000]
    146 root      20   0       0      0      0 I   0.0   0.0   0:00.38 [kworker/1:3-events]
    147 root     -51   0       0      0      0 S   0.0   0.0   0:00.00 [irq/116-31b0000]
    148 root     -51   0       0      0      0 S   0.0   0.0   0:00.00 [irq/167-c240000]
    149 root     -51   0       0      0      0 S   0.0   0.0   0:00.00 [irq/168-c250000]
    150 root     -51   0       0      0      0 S   0.0   0.0   0:00.00 [irq/125-3610000]
    151 root     -51   0       0      0      0 S   0.0   0.0   0:00.00 [irq/122-3610000]
    152 root      20   0       0      0      0 I   0.0   0.0   0:00.03 [kworker/5:3-mm_percpu_wq]
    153 root       0 -20       0      0      0 I   0.0   0.0   0:00.00 [sdhci]
    154 root     -51   0       0      0      0 S   0.0   0.0   0:00.00 [irq/120-mmc0]
    155 root     -51   0       0      0      0 S   0.0   0.0   0:00.00 [irq/230-3400000]
    156 root      20   0       0      0      0 I   0.0   0.0   0:00.06 [kworker/2:2-mm_percpu_wq]
    173 root       0 -20       0      0      0 I   0.0   0.0   0:00.00 [kworker/1:1H-kblockd]
    174 root      20   0       0      0      0 I   0.0   0.0   0:00.00 [kworker/3:2-mm_percpu_wq]
    179 root     -51   0       0      0      0 S   0.0   0.0   0:00.00 [irq/191-tegra-p]
    180 root       0 -20       0      0      0 I   0.0   0.0   0:00.00 [nvme-wq]
    181 root       0 -20       0      0      0 I   0.0   0.0   0:00.00 [nvme-reset-wq]
    182 root       0 -20       0      0      0 I   0.0   0.0   0:00.00 [nvme-delete-wq]
    191 root     -51   0       0      0      0 S   0.0   0.0   0:00.00 [irq/191-aerdrv]
    192 root     -51   0       0      0      0 S   0.0   0.0   0:00.00 [irq/193-tegra-p]
    195 root     -51   0       0      0      0 S   0.0   0.0   0:00.00 [irq/193-aerdrv]
    196 root     -51   0       0      0      0 S   0.0   0.0   0:00.00 [irq/195-tegra-p]
    198 root     -51   0       0      0      0 S   0.0   0.0   0:00.00 [irq/232-nvme0q0]
    199 root     -51   0       0      0      0 S   0.0   0.0   0:00.22 [irq/233-nvme0q1]
    200 root     -51   0       0      0      0 S   0.0   0.0   0:00.32 [irq/234-nvme0q2]
    201 root     -51   0       0      0      0 S   0.0   0.0   0:00.18 [irq/235-nvme0q3]
    202 root     -51   0       0      0      0 S   0.0   0.0   0:00.22 [irq/236-nvme0q4]
    203 root     -51   0       0      0      0 S   0.0   0.0   0:00.06 [irq/237-nvme0q5]
    204 root     -51   0       0      0      0 S   0.0   0.0   0:00.06 [irq/238-nvme0q6]
    205 root      20   0       0      0      0 I   0.0   0.0   0:00.49 [kworker/u12:4-events_freezable_power_]
    209 root      20   0       0      0      0 S   0.0   0.0   0:00.13 [jbd2/nvme0n1p1-]
    210 root       0 -20       0      0      0 I   0.0   0.0   0:00.00 [ext4-rsv-conver]
    211 root       0 -20       0      0      0 I   0.0   0.0   0:00.00 [kworker/2:1H-kblockd]
    220 root       0 -20       0      0      0 I   0.0   0.0   0:00.00 [mld]
    221 root       0 -20       0      0      0 I   0.0   0.0   0:00.00 [kworker/3:1H-kblockd]
    222 root       0 -20       0      0      0 I   0.0   0.0   0:00.00 [ipv6_addrconf]
    253 root      19  -1   40524   9664   8044 S   0.0   0.1   0:00.49 /lib/systemd/systemd-journald
    267 root      20   0       0      0      0 I   0.0   0.0   0:00.04 [kworker/4:2-mm_percpu_wq]
    270 root      20   0       0      0      0 I   0.0   0.0   0:00.46 [kworker/u12:5-events_unbound]
    271 root      20   0       0      0      0 I   0.0   0.0   0:00.61 [kworker/u12:6-events_freezable_power_]
    272 root      20   0       0      0      0 I   0.0   0.0   0:00.36 [kworker/u12:7-devfreq_wq]
    273 root      20   0       0      0      0 I   0.0   0.0   0:00.46 [kworker/u12:8-events_unbound]
    283 root      39  19       0      0      0 S   0.0   0.0   0:00.00 [nvmap-bz]
    284 root     -51   0       0      0      0 S   0.0   0.0   0:00.00 [irq/188-host1x_]
    286 root     -51   0       0      0      0 S   0.0   0.0   0:00.00 [irq/197-gk20a_s]
    287 root     -51   0       0      0      0 S   0.0   0.0   0:00.00 [irq/198-gk20a_s]
    288 root     -51   0       0      0      0 S   0.0   0.0   0:00.00 [irq/199-gk20a_s]
    289 root     -51   0       0      0      0 S   0.0   0.0   0:00.00 [irq/200-gk20a_n]
    293 root      20   0    9792   2792   2528 S   0.0   0.0   0:00.00 /bin/bash /etc/systemd/nv-tee-supplicant.sh
    298 root      20   0   76588   1360   1248 S   0.0   0.0   0:00.01 /usr/sbin/tee-supplicant
    299 root       0 -20       0      0      0 I   0.0   0.0   0:00.00 [optee_bus_scan]
    307 root       0 -20       0      0      0 I   0.0   0.0   0:00.00 [kworker/4:1H-kblockd]
    309 root      20   0   24048   6028   3380 S   0.0   0.1   0:02.01 /lib/systemd/systemd-udevd
    310 root      20   0   23744   5080   2712 S   0.0   0.1   0:00.16 /lib/systemd/systemd-udevd
    311 root      20   0   23396   4308   2228 S   0.0   0.1   0:00.12 /lib/systemd/systemd-udevd
    312 root      20   0   23508   4468   2212 S   0.0   0.1   0:00.15 /lib/systemd/systemd-udevd
    313 root      20   0   24528   6416   3228 S   0.0   0.1   0:00.31 /lib/systemd/systemd-udevd
    314 root      20   0   23532   4792   2660 S   0.0   0.1   0:00.24 /lib/systemd/systemd-udevd
    315 root      20   0   23500   5188   3048 S   0.0   0.1   0:00.27 /lib/systemd/systemd-udevd
    316 root      20   0   23520   4608   2452 S   0.0   0.1   0:00.16 /lib/systemd/systemd-udevd
    317 root      20   0   23540   4232   2096 S   0.0   0.1   0:00.14 /lib/systemd/systemd-udevd
    318 root      20   0   23548   4688   2540 S   0.0   0.1   0:00.10 /lib/systemd/systemd-udevd
    320 root      20   0   23808   5888   3448 S   0.0   0.1   0:05.08 /lib/systemd/systemd-udevd
    321 root      20   0   23396   5028   2908 S   0.0   0.1   0:00.19 /lib/systemd/systemd-udevd
    322 root      20   0   23500   5104   2852 S   0.0   0.1   0:00.18 /lib/systemd/systemd-udevd
    323 root      20   0   23516   4360   2096 S   0.0   0.1   0:00.16 /lib/systemd/systemd-udevd
    324 root      20   0   23520   4748   2480 S   0.0   0.1   0:00.18 /lib/systemd/systemd-udevd
    325 root      20   0   23500   5072   2820 S   0.0   0.1   0:00.20 /lib/systemd/systemd-udevd
    326 root      20   0   23548   4624   2476 S   0.0   0.1   0:00.16 /lib/systemd/systemd-udevd
    327 root      20   0   24548   5496   2292 S   0.0   0.1   0:00.21 /lib/systemd/systemd-udevd
    328 root      20   0   23516   4380   2212 S   0.0   0.1   0:00.13 /lib/systemd/systemd-udevd
    329 root      20   0   23524   4452   2300 S   0.0   0.1   0:00.19 /lib/systemd/systemd-udevd
    330 root      20   0   23524   4592   2440 S   0.0   0.1   0:00.22 /lib/systemd/systemd-udevd
    331 root      20   0   23524   4792   2636 S   0.0   0.1   0:00.14 /lib/systemd/systemd-udevd
    332 root       0 -20       0      0      0 I   0.0   0.0   0:00.00 [kworker/5:1H-kblockd]
    334 root      20   0   23524   4712   2532 S   0.0   0.1   0:00.16 /lib/systemd/systemd-udevd
    336 root      20   0       0      0      0 S   0.0   0.0   0:00.00 [15820000.crypto]
    337 root      20   0       0      0      0 S   0.0   0.0   0:00.00 [15840000.crypto]
    358 root      20   0   23544   4432   2140 S   0.0   0.1   0:00.15 /lib/systemd/systemd-udevd
    359 root      20   0   23524   4288   2096 S   0.0   0.1   0:00.12 /lib/systemd/systemd-udevd
    360 root      20   0   23524   4412   2220 S   0.0   0.1   0:00.14 /lib/systemd/systemd-udevd
    361 root      20   0   23524   5004   2812 S   0.0   0.1   0:00.17 /lib/systemd/systemd-udevd
    362 root      20   0   23524   4832   2644 S   0.0   0.1   0:00.23 /lib/systemd/systemd-udevd
    363 root      20   0   23816   4580   2144 S   0.0   0.1   0:00.15 /lib/systemd/systemd-udevd
    414 root     -51   0       0      0      0 S   0.0   0.0   0:00.00 [irq/219-bc00000]
    415 root      -2   0       0      0      0 S   0.0   0.0   0:00.00 [capture-control]
    416 root      -2   0       0      0      0 S   0.0   0.0   0:00.00 [capture]
    447 root     -51   0       0      0      0 S   0.0   0.0   0:00.00 [irq/189-tegra-p]
    448 root     -51   0       0      0      0 S   0.0   0.0   0:00.00 [irq/240-nvvrs-p]
    449 root     -51   0       0      0      0 S   0.0   0.0   0:00.00 [irq/214-tegra_d]
    450 root     -51   0       0      0      0 S   0.0   0.0   0:00.00 [irq/215-tegra_d]
    451 root       0 -20       0      0      0 I   0.0   0.0   0:00.00 [dce-async-ipc-w]
    452 root      20   0       0      0      0 S   0.0   0.0   0:00.00 [nv_queue]
    453 root      20   0       0      0      0 S   0.0   0.0   0:00.00 [nv_queue]
    454 root     -51   0       0      0      0 S   0.0   0.0   0:00.00 [irq/189-aerdrv]
    524 root       0 -20       0      0      0 I   0.0   0.0   0:00.00 [cfg80211]
    543 root     -51   0       0      0      0 S   0.0   0.0   0:00.00 [irq/118-3210000]
    552 root      20   0       0      0      0 S   0.0   0.0   0:00.00 [spi0]
    554 root     -51   0       0      0      0 S   0.0   0.0   0:00.00 [irq/119-3230000]
    555 root      20   0       0      0      0 S   0.0   0.0   0:00.00 [spi1]
    632 root       0 -20       0      0      0 I   0.0   0.0   0:00.00 [btfwwork]
    670 root       0 -20       0      0      0 I   0.0   0.0   0:00.00 [kworker/u13:2-hci0]
    672 root      20   0    8236   7372   1432 S   0.0   0.1   0:00.30 /usr/sbin/haveged --Foreground --verbose=1
    674 _rpc      20   0    7964   2112   1760 S   0.0   0.0   0:00.00 /sbin/rpcbind -f -w
    681 systemd+  20   0   25544  12588   8156 S   0.0   0.2   0:00.26 /lib/systemd/systemd-resolved
    682 systemd+  20   0   88788   6156   5312 S   0.0   0.1   0:00.08 /lib/systemd/systemd-timesyncd
    728 avahi     20   0    8088   2652   2300 S   0.0   0.0   0:00.08 avahi-daemon: running [ubuntu.local]
    729 root      20   0    9892   4484   4044 S   0.0   0.1   0:00.07 /usr/lib/bluetooth/bluetoothd -d --noplugin=audio,a2dp,avrcp
    730 message+  20   0   11448   5648   3108 S   0.0   0.1   0:01.66 @dbus-daemon --system --address=systemd: --nofork --nopidfile --systemd-activation --syslog-only
    731 root      20   0  263764  20360  14144 S   0.0   0.3   0:01.12 /usr/sbin/NetworkManager --no-daemon
    737 root      20   0   42224  19668   9972 S   0.0   0.3   0:00.14 /usr/bin/python3 /usr/bin/networkd-dispatcher --run-startup-triggers
    744 root      20   0   27644  15072   7804 S   0.0   0.2   0:00.10 python3 /opt/nvidia/pva-allow-2/bin/nvidiaPvaAllowd.py
    749 root      20   0  243232  10120   6268 S   0.0   0.1   0:03.17 /usr/libexec/polkitd --no-debug
    753 root      20   0  240320   8560   5832 S   0.0   0.1   0:00.04 /usr/libexec/power-profiles-daemon
    760 syslog    20   0  222164   8356   3224 S   0.0   0.1   0:00.14 /usr/sbin/rsyslogd -n -iNONE
    762 root      20   0    2240    708    628 S   0.0   0.0   0:00.00 seatd -g video
    767 root      20   0 2145820  48520  24160 S   0.0   0.6   0:04.94 /snap/snapd/current/usr/lib/snapd/snapd
    769 root      20   0  241096   7752   5856 S   0.0   0.1   0:00.80 /usr/libexec/accounts-daemon
    772 root      20   0  236800   5804   5196 S   0.0   0.1   0:00.02 /usr/libexec/switcheroo-control
    773 lp        20   0    2308    112      0 S   0.0   0.0   0:00.00 /usr/sbin/lpd -s
    774 root      20   0   48808   7200   5948 S   0.0   0.1   0:00.19 /lib/systemd/systemd-logind
    778 root      20   0  394856  14472   9176 S   0.0   0.2   0:00.28 /usr/libexec/udisks2/udisksd
    780 root      20   0   16532   9744   7852 S   0.0   0.1   0:00.08 /sbin/wpa_supplicant -u -s -O /run/wpa_supplicant
    800 avahi     20   0    7816    352      0 S   0.0   0.0   0:00.00 avahi-daemon: chroot helper
    816 root      20   0  320884  13460   9472 S   0.0   0.2   0:00.12 /usr/sbin/ModemManager
    910 root      20   0    2460   1560   1380 S   0.0   0.0   0:00.39 /usr/sbin/nvfancontrol &
    930 root      20   0       0      0      0 S   0.0   0.0   0:00.00 [sw-quiesce]
    931 root      20   0       0      0      0 S   0.0   0.0   0:01.07 [nvgpu_channel_p]
    934 root      20   0       0      0      0 S   0.0   0.0   0:00.00 [nvgpu_pg_init_g]
    954 root      20   0       0      0      0 S   0.0   0.0   0:00.00 [nvgpu_clk_arb_p]
    979 root      20   0       0      0      0 S   0.0   0.0   0:01.09 [RTW_CMD_THREAD]
    981 root      20   0       0      0      0 I   0.0   0.0   0:00.31 [kworker/u12:9-events_freezable_power_]
   1016 root      20   0   75936   9728   7908 S   0.0   0.1   0:00.01 /usr/sbin/nvargus-daemon
   1017 root      20   0    9792   2900   2608 S   0.0   0.0   0:00.00 /bin/bash /etc/systemd/nvmemwarning.sh
   1037 root      20   0   22192   1708   1512 S   0.0   0.0   0:00.00 /usr/sbin/nvs-service
   1062 root      20   0    2336    760    672 S   0.0   0.0   0:01.58 /bin/sh /snap/cups/1237/scripts/run-cups-browsed
   1064 root      20   0    2336   1388   1264 S   0.0   0.0   0:01.60 /bin/sh /snap/cups/1237/scripts/run-cupsd
   1065 root      20   0       0      0      0 S   0.0   0.0   0:00.00 [pr/ramoops-1]
   1096 root      20   0 2012952  50020  29076 S   0.0   0.6   0:01.46 /usr/bin/containerd
   1110 root      20   0    9448   2412   2172 S   0.0   0.0   0:00.00 /usr/sbin/cron -f -P
   1136 kernoops  20   0   12820    456      0 S   0.0   0.0   0:00.00 /usr/sbin/kerneloops --test
   1145 root      20   0  241780   8612   6932 S   0.0   0.1   0:00.03 /usr/sbin/gdm3
   1162 kernoops  20   0   12820    452      0 S   0.0   0.0   0:00.00 /usr/sbin/kerneloops
   1164 root      20   0    8144    716    640 S   0.0   0.0   0:00.00 /sbin/agetty -o -p -- \u --keep-baud 115200,57600,38400,9600 ttyGS0 vt220
   1171 root      20   0    8144    724    648 S   0.0   0.0   0:00.00 /sbin/agetty -o -p -- \u --keep-baud 115200,57600,38400,9600 ttyTCU0 vt220
   1210 root      20   0  172548   9532   7592 S   0.0   0.1   0:00.04 gdm-session-worker [pam/gdm-autologin]
   1310 root      20   0    3076    916    804 S   0.0   0.0   0:00.00 /usr/sbin/nvphsd
   1316 root      20   0    3208   1408   1248 S   0.0   0.0   0:00.00 /usr/sbin/nvphsd
   1337 root      20   0 2166840  89332  54988 S   0.0   1.1   0:00.70 /usr/bin/dockerd -H fd:// --containerd=/run/containerd/containerd.sock
   1338 root      20   0   15232   8036   6460 S   0.0   0.1   0:00.02 sshd: /usr/sbin/sshd -D [listener] 1 of 10-100 startups
   1342 root      20   0       0      0      0 S   0.0   0.0   0:00.00 [file-storage]
   1350 fcsl      20   0   18416   9892   7060 S   0.0   0.1   0:00.72 /lib/systemd/systemd --user
   1360 fcsl      20   0  106740   4520      0 S   0.0   0.1   0:00.00 (sd-pam)
   1538 fcsl       9 -11   40232   5728   4620 S   0.0   0.1   0:00.02 /usr/bin/pipewire
   1539 fcsl      20   0   23884   5672   4592 S   0.0   0.1   0:00.08 /usr/bin/pipewire-media-session
   1540 fcsl       9 -11  890556  20284  12116 S   0.0   0.3   0:00.39 /usr/bin/pulseaudio --daemonize=no --log-target=journal
   1545 fcsl      20   0  241000   6164   5312 S   0.0   0.1   0:00.04 /usr/bin/gnome-keyring-daemon --daemonize --login
   1548 rtkit     21   1  153508   1472   1264 S   0.0   0.0   0:00.02 /usr/libexec/rtkit-daemon
   1559 fcsl      20   0  162628   5416   4908 S   0.0   0.1   0:00.00 /usr/libexec/gdm-x-session --run-script env GNOME_SHELL_SESSION_MODE=ubuntu /usr/bin/gnome-session --session=ubuntu
   1561 root      20   0   24.2g  80668  35156 S   0.0   1.0   0:00.52 /usr/lib/xorg/Xorg vt2 -displayfd 3 -auth /run/user/1000/gdm/Xauthority -nolisten tcp -background none -noreset -keeptty -novtswitch -verbose 3
   1564 fcsl      20   0   10132   4876   3144 S   0.0   0.1   0:00.44 /usr/bin/dbus-daemon --session --address=systemd: --nofork --nopidfile --systemd-activation --syslog-only
   1587 root      20   0       0      0      0 S   0.0   0.0   0:00.00 [nvidia-modeset/]
   1588 root      20   0       0      0      0 S   0.0   0.0   0:00.00 [nvidia-modeset/]
   1590 root      20   0       0      0      0 S   0.0   0.0   0:00.00 [nvidia]
   1591 root      20   0       0      0      0 S   0.0   0.0   0:00.00 [nv_queue]
   1729 root      20   0       0      0      0 S   0.0   0.0   0:00.00 [nvidia-drm-nv-t]
   1730 root     -51   0       0      0      0 S   0.0   0.0   0:00.00 [card1-crtc0]
   1731 root     -51   0       0      0      0 S   0.0   0.0   0:00.00 [card1-crtc1]
   1824 fcsl      20   0  225936  13728  11972 S   0.0   0.2   0:00.05 /usr/libexec/gnome-session-binary --session=ubuntu
   1916 fcsl      20   0  309864   6752   6032 S   0.0   0.1   0:00.01 /usr/libexec/at-spi-bus-launcher
   1922 fcsl      20   0    8828   3616   3116 S   0.0   0.0   0:00.01 /usr/bin/dbus-daemon --config-file=/usr/share/defaults/at-spi2/accessibility.conf --nofork --print-address 11 --address=unix:path=/run/user/1000/at-spi/bus_0
   1979 fcsl      20   0   91892   2520   2152 S   0.0   0.0   0:00.00 /usr/libexec/gnome-session-ctl --monitor
   1988 fcsl      20   0  240908   6992   6104 S   0.0   0.1   0:00.03 /usr/libexec/gvfsd
   1996 fcsl      20   0  381064   9284   4640 S   0.0   0.1   0:00.00 /usr/libexec/gvfsd-fuse /run/user/1000/gvfs -f
   1997 fcsl      20   0  596284  17864  12840 S   0.0   0.2   0:00.18 /usr/libexec/gnome-session-binary --systemd-service --session=ubuntu
   2026 fcsl      20   0 3471004 225068  81340 S   0.0   2.9   0:05.91 /usr/bin/gnome-shell
   2040 fcsl      20   0  236356   4876   4440 S   0.0   0.1   0:00.00 /usr/libexec/xdg-permission-store
   2042 fcsl      20   0  584868  17900  13432 S   0.0   0.2   0:00.06 /usr/libexec/gnome-shell-calendar-server
   2051 fcsl      20   0  397280  22796  19136 S   0.0   0.3   0:00.09 /usr/libexec/evolution-source-registry
   2059 root      20   0  242436   7680   6568 S   0.0   0.1   0:00.07 /usr/libexec/upowerd
   2061 fcsl      20   0  600496  38980  29472 S   0.0   0.5   0:00.10 /usr/libexec/goa-daemon
   2068 fcsl      20   0 1321540  31748  23404 S   0.0   0.4   0:00.14 /usr/libexec/evolution-calendar-factory
   2078 fcsl      20   0  341492  12924  11036 S   0.0   0.2   0:00.04 /usr/libexec/goa-identity-service
   2088 fcsl      20   0  156800   4488   4024 S   0.0   0.1   0:00.01 /usr/libexec/dconf-service
   2089 fcsl      20   0  823284  28368  22824 S   0.0   0.4   0:00.08 /usr/libexec/evolution-addressbook-factory
   2105 fcsl      20   0  316604  11380   7284 S   0.0   0.1   0:00.11 /usr/libexec/gvfs-udisks2-volume-monitor
   2113 fcsl      20   0  315332   6412   5548 S   0.0   0.1   0:00.04 /usr/libexec/gvfs-afc-volume-monitor
   2118 fcsl      20   0  238096   6272   5500 S   0.0   0.1   0:00.01 /usr/libexec/gvfs-gphoto2-volume-monitor
   2122 fcsl      20   0  236772   4692   4232 S   0.0   0.1   0:00.01 /usr/libexec/gvfs-mtp-volume-monitor
   2126 fcsl      20   0  236900   7852   5228 S   0.0   0.1   0:00.01 /usr/libexec/gvfs-goa-volume-monitor
   2130 root      20   0  376544  64972  16884 S   0.0   0.8   0:10.29 /usr/libexec/packagekitd
   2138 fcsl      20   0  315228   9344   6144 S   0.0   0.1   0:00.02 /usr/libexec/gvfsd-trash --spawner :1.19 /org/gtk/gvfs/exec_spaw/0
   2165 fcsl      20   0  477596  12872  10592 S   0.0   0.2   0:00.13 /usr/libexec/xdg-desktop-portal
   2175 fcsl      20   0  463504   8420   5632 S   0.0   0.1   0:00.02 /usr/libexec/xdg-document-portal
   2178 fcsl      20   0 2804936  27172  20292 S   0.0   0.3   0:00.09 /usr/bin/gjs /usr/share/gnome-shell/org.gnome.Shell.Notifications
   2182 root      20   0    2232    696    620 S   0.0   0.0   0:00.00 fusermount3 -o rw,nosuid,nodev,fsname=portal,auto_unmount,subtype=portal -- /run/user/1000/doc
   2186 fcsl      20   0  163152   7096   6328 S   0.0   0.1   0:00.01 /usr/libexec/at-spi2-registryd --use-gnome-session
   2187 fcsl      20   0  715372  51180  31356 S   0.0   0.7   0:00.26 /usr/libexec/xdg-desktop-portal-gnome
   2201 fcsl      20   0    2328    836    748 S   0.0   0.0   0:00.00 sh -c /usr/bin/ibus-daemon --panel disable $([ "$XDG_SESSION_TYPE" = "x11" ] && echo "--xim")
   2202 fcsl      20   0  310888   7992   5380 S   0.0   0.1   0:00.01 /usr/libexec/gsd-a11y-settings
   2203 fcsl      20   0  603376  28568  18872 S   0.0   0.4   0:00.19 /usr/libexec/gsd-color
   2207 fcsl      20   0  379084  16400  12388 S   0.0   0.2   0:00.03 /usr/libexec/gsd-datetime
   2209 fcsl      20   0  315524  13140   6156 S   0.0   0.2   0:00.09 /usr/bin/ibus-daemon --panel disable --xim
   2210 fcsl      20   0  312464   8500   5808 S   0.0   0.1   0:00.06 /usr/libexec/gsd-housekeeping
   2212 fcsl      20   0  418272  25220  16048 S   0.0   0.3   0:00.15 /usr/libexec/gsd-keyboard
   2213 fcsl      20   0  934772  29676  19672 S   0.0   0.4   0:00.19 /usr/libexec/gsd-media-keys
   2214 fcsl      20   0  528832  26228  18632 S   0.0   0.3   0:00.18 /usr/libexec/gsd-power
   2216 fcsl      20   0  324816   9584   8232 S   0.0   0.1   0:00.01 /usr/libexec/gsd-print-notifications
   2219 fcsl      20   0  458476   6000   5344 S   0.0   0.1   0:00.02 /usr/libexec/gsd-rfkill
   2222 fcsl      20   0  236616   4660   4280 S   0.0   0.1   0:00.00 /usr/libexec/gsd-screensaver-proxy
   2226 fcsl      20   0  467192   9032   6824 S   0.0   0.1   0:00.07 /usr/libexec/gsd-sharing
   2228 fcsl      20   0  460576   9164   6256 S   0.0   0.1   0:00.01 /usr/libexec/gsd-smartcard
   2233 fcsl      20   0  320568   8140   7112 S   0.0   0.1   0:00.01 /usr/libexec/gsd-sound
   2242 fcsl      20   0  344860  23456  16012 S   0.0   0.3   0:00.17 /usr/libexec/gsd-wacom
   2247 fcsl      20   0  656864  90552  49008 S   0.0   1.2   0:03.98 /usr/bin/gnome-software --gapplication-service
   2248 fcsl      20   0  346536  27696  17768 S   0.0   0.4   0:00.20 /usr/libexec/gsd-xsettings
   2254 fcsl      20   0  842664  65920  47764 S   0.0   0.8   0:00.32 /usr/libexec/evolution-data-server/evolution-alarm-notify
   2278 fcsl      20   0  237728   6576   5956 S   0.0   0.1   0:00.00 /usr/libexec/ibus-dconf
   2289 fcsl      20   0  275472  27360  16048 S   0.0   0.4   0:01.55 /usr/libexec/ibus-extension-gtk3
   2301 fcsl      20   0  232212   6712   5028 S   0.0   0.1   0:00.02 /usr/libexec/gsd-disk-utility-notify
   2302 fcsl      20   0  196992  23344  16300 S   0.0   0.3   0:00.15 /usr/libexec/ibus-x11 --kill-daemon
   2316 fcsl      20   0  512948  41308  23256 S   0.0   0.5   0:00.93 python3 /usr/share/nvpmodel_indicator/nvpmodel_indicator.py
   2317 fcsl      20   0  237616   6672   6068 S   0.0   0.1   0:00.02 /usr/libexec/ibus-portal
   2353 fcsl      20   0  345756  14420  10528 S   0.0   0.2   0:00.02 /usr/libexec/gsd-printer
   2377 colord    20   0  246112  11944   8192 S   0.0   0.2   0:00.16 /usr/libexec/colord
   2462 root      20   0  404236  43620  34000 S   0.0   0.6   0:00.57 /usr/libexec/fwupd/fwupd
   2498 fcsl      20   0 2739436  27332  20372 S   0.0   0.4   0:00.09 /usr/bin/gjs /usr/share/gnome-shell/org.gnome.ScreenSaver
   2511 fcsl      20   0  511640  20804   3160 S   0.0   0.3   0:00.00 python3 /usr/share/nvpmodel_indicator/nvpmodel_indicator.py
   2512 fcsl      20   0  511640  20804   3160 S   0.0   0.3   0:00.00 python3 /usr/share/nvpmodel_indicator/nvpmodel_indicator.py
   2513 fcsl      20   0  511640  20804   3160 S   0.0   0.3   0:00.00 python3 /usr/share/nvpmodel_indicator/nvpmodel_indicator.py
   2514 fcsl      20   0  511640  20804   3160 S   0.0   0.3   0:00.00 python3 /usr/share/nvpmodel_indicator/nvpmodel_indicator.py
   2515 fcsl      20   0  511640  20804   3160 S   0.0   0.3   0:00.00 python3 /usr/share/nvpmodel_indicator/nvpmodel_indicator.py
   2516 fcsl      20   0  511640  20804   3160 S   0.0   0.3   0:00.00 python3 /usr/share/nvpmodel_indicator/nvpmodel_indicator.py
   2517 fcsl      20   0  511640  20804   3160 S   0.0   0.3   0:00.00 python3 /usr/share/nvpmodel_indicator/nvpmodel_indicator.py
   2518 fcsl      20   0  511640  20804   3160 S   0.0   0.3   0:00.00 python3 /usr/share/nvpmodel_indicator/nvpmodel_indicator.py
   2520 fcsl      20   0  511652  20848   3160 S   0.0   0.3   0:00.00 python3 /usr/share/nvpmodel_indicator/nvpmodel_indicator.py
   2521 fcsl      20   0  511652  20848   3160 S   0.0   0.3   0:00.00 python3 /usr/share/nvpmodel_indicator/nvpmodel_indicator.py
   2523 fcsl      20   0  511652  20848   3160 S   0.0   0.3   0:00.00 python3 /usr/share/nvpmodel_indicator/nvpmodel_indicator.py
   2524 fcsl      20   0  511652  20848   3160 S   0.0   0.3   0:00.00 python3 /usr/share/nvpmodel_indicator/nvpmodel_indicator.py
   2525 fcsl      20   0  511652  20848   3160 S   0.0   0.3   0:00.00 python3 /usr/share/nvpmodel_indicator/nvpmodel_indicator.py
   2526 fcsl      20   0  511652  20848   3160 S   0.0   0.3   0:00.00 python3 /usr/share/nvpmodel_indicator/nvpmodel_indicator.py
   2527 fcsl      20   0  511652  20848   3160 S   0.0   0.3   0:00.00 python3 /usr/share/nvpmodel_indicator/nvpmodel_indicator.py
   2528 fcsl      20   0  511652  20848   3160 S   0.0   0.3   0:00.00 python3 /usr/share/nvpmodel_indicator/nvpmodel_indicator.py
   2531 fcsl      20   0  511652  20852   3160 S   0.0   0.3   0:00.00 python3 /usr/share/nvpmodel_indicator/nvpmodel_indicator.py
   2532 fcsl      20   0  511652  20852   3160 S   0.0   0.3   0:00.00 python3 /usr/share/nvpmodel_indicator/nvpmodel_indicator.py
   2558 fcsl      20   0  238820  11516   6280 S   0.0   0.1   0:00.06 /usr/libexec/ibus-engine-hangul --ibus
   2568 fcsl      39  19  648636  29248  20296 S   0.0   0.4   0:00.55 /usr/libexec/tracker-miner-fs-3
   2570 fcsl      20   0  345256  24112  16764 S   0.0   0.3   0:00.13 /usr/libexec/xdg-desktop-portal-gtk
   2735 fcsl      20   0  163392   5864   5280 S   0.0   0.1   0:00.01 /usr/libexec/gvfsd-metadata
   2762 root      20   0  136724  11180   9516 S   0.0   0.1   0:00.36 cupsd -f -s /var/snap/cups/common/etc/cups/cups-files.conf -c /var/snap/cups/common/etc/cups/cupsd.conf
   2770 snap_da+  20   0   14484   4204   3512 S   0.0   0.1   0:00.00 /snap/cups/1237/lib/cups/notifier/dbus dbus://
   2771 snap_da+  20   0   14484   4636   3932 S   0.0   0.1   0:00.00 /snap/cups/1237/lib/cups/notifier/dbus dbus://
   2772 snap_da+  20   0   14484   4216   3524 S   0.0   0.1   0:00.00 /snap/cups/1237/lib/cups/notifier/dbus dbus://
   2773 snap_da+  20   0   14484   4272   3576 S   0.0   0.1   0:00.00 /snap/cups/1237/lib/cups/notifier/dbus dbus://
   2774 snap_da+  20   0   14484   4636   3932 S   0.0   0.1   0:00.00 /snap/cups/1237/lib/cups/notifier/dbus dbus://
   2781 root      20   0  260796  17948  13524 S   0.0   0.2   0:00.46 cups-browsed -c /var/snap/cups/common/etc/cups/cups-browsed.conf
   3356 root      20   0   18536   9044   7116 S   0.0   0.1   0:00.03 sshd: fcsl [priv]
   3413 fcsl      20   0   18984   7780   5556 S   0.0   0.1   0:00.42 sshd: fcsl@pts/0
   3414 fcsl      20   0   15168   8696   3028 S   0.0   0.1   0:00.15 -bash
   3656 root      20   0   18536   9052   7124 S   0.0   0.1   0:00.02 sshd: fcsl [priv]
   3699 fcsl      20   0   18984   7800   5576 S   0.0   0.1   0:00.01 sshd: fcsl@pts/1
   3700 fcsl      20   0   15168   8568   2900 S   0.0   0.1   0:00.11 -bash
   3956 root      20   0   18536   9052   7124 S   0.0   0.1   0:00.03 sshd: fcsl [priv]
   3986 fcsl      20   0   18984   7800   5576 S   0.0   0.1   0:00.24 sshd: fcsl@pts/2
   3987 fcsl      20   0   15168   8564   2900 S   0.0   0.1   0:00.06 -bash
   4340 fcsl      20   0  421744  28484  20708 S   0.0   0.4   0:00.18 update-notifier
   5745 root      20   0       0      0      0 I   0.0   0.0   0:00.00 [kworker/5:0-events]
   5789 root      20   0   18536   9056   7128 S   0.0   0.1   0:00.03 sshd: fcsl [priv]
   5818 fcsl      20   0    9792   2976   2680 S   0.0   0.0   0:00.00 -bash
   5821 fcsl      20   0    2440   1568   1348 S   0.0   0.0   0:00.00 sh
   5892 fcsl      20   0   42184   8676   6928 S   0.0   0.1   0:00.04 /home/fcsl/.vscode-server/code-6a49527b96e326fe62fbdb56f60e16877c9aa724 --cli-data-dir /home/fcsl/.vscode-server/cli agent host
   5913 fcsl      20   0    2328    816    732 S   0.0   0.0   0:00.00 sh /home/fcsl/.vscode-server/cli/servers/Stable-6a49527b96e326fe62fbdb56f60e16877c9aa724/server/bin/code-server --connection-token=remotessh --accept-server-license-terms --agent-host-bridge-port=41459 --agent-host-bridge-host=127.0.0.1 --agent-host-bridge-connection-token=03adc759-cc11-482d-a5c4-3d1cf335af96 --start-server --enable-remote-auto-shutdown --socket-path=/tmp/code-9639163c-fbe7-4e2e-8b21-e167c70142b5
   5917 fcsl      20   0   11.1g 174268  46284 S   0.0   2.2   0:10.02 /home/fcsl/.vscode-server/cli/servers/Stable-6a49527b96e326fe62fbdb56f60e16877c9aa724/server/node /home/fcsl/.vscode-server/cli/servers/Stable-6a49527b96e326fe62fbdb56f60e16877c9aa724/server/out/server-main.js --connection-token=remotessh --accept-server-license-terms --agent-host-bridge-port=41459 --agent-host-bridge-host=127.0.0.1 --agent-host-bridge-connection-token=03adc759-cc11-482d-a5c4-3d1cf335af96 --start-server --enable-remote+
   6410 root      20   0       0      0      0 I   0.0   0.0   0:00.00 [kworker/1:0-events]
   6731 fcsl      20   0  997088  80596  41996 S   0.0   1.0   0:07.35 /home/fcsl/.vscode-server/cli/servers/Stable-6a49527b96e326fe62fbdb56f60e16877c9aa724/server/node /home/fcsl/.vscode-server/cli/servers/Stable-6a49527b96e326fe62fbdb56f60e16877c9aa724/server/out/bootstrap-fork --type=fileWatcher
   7080 fcsl      20   0  405524  74872  63060 S   0.0   1.0   0:01.33 /home/fcsl/.vscode-server/extensions/openai.chatgpt-26.810.52044-linux-arm64/bin/linux-aarch64/codex -c features.code_mode_host=true app-server --analytics-default-enabled
   7182 fcsl      20   0   15216   8668   2972 S   0.0   0.1   0:00.05 /usr/bin/bash --init-file /home/fcsl/.vscode-server/cli/servers/Stable-6a49527b96e326fe62fbdb56f60e16877c9aa724/server/out/vs/workbench/contrib/terminal/common/scripts/shellIntegration-bash.sh
   7850 root      20   0   18536   9060   7132 S   0.0   0.1   0:00.04 sshd: fcsl [priv]
   7878 fcsl      20   0   18824   7676   5580 S   0.0   0.1   0:00.02 sshd: fcsl@pts/6
   7879 fcsl      20   0   15168   8708   3036 S   0.0   0.1   0:00.15 -bash
   8118 root      20   0   18536   9060   7132 S   0.0   0.1   0:00.04 sshd: fcsl [priv]
   8146 fcsl      20   0   18984   7680   5580 S   0.0   0.1   0:00.02 sshd: fcsl@pts/8
   8147 fcsl      20   0   15168   8708   3032 S   0.0   0.1   0:00.15 -bash
   8386 root      20   0   18536   9060   7132 S   0.0   0.1   0:00.04 sshd: fcsl [priv]
   8414 fcsl      20   0   18824   7672   5580 S   0.0   0.1   0:00.01 sshd: fcsl@pts/9
   8415 fcsl      20   0   15168   8640   2964 S   0.0   0.1   0:00.12 -bash
  11747 root      20   0       0      0      0 I   0.0   0.0   0:00.00 [kworker/0:2-events]
  11800 root      20   0   18536   9328   7400 S   0.0   0.1   0:00.04 sshd: fcsl [priv]
  11829 fcsl      20   0   15168   9064   3388 S   0.0   0.1   0:00.37 -bash
  16192 root      20   0       0      0      0 I   0.0   0.0   0:00.07 [kworker/u12:3-devfreq_wq]
  16258 root      20   0       0      0      0 I   0.0   0.0   0:00.00 [kworker/0:1-events]
  16292 root      20   0    8112    764    688 S   0.0   0.0   0:00.00 sleep 300
  16331 root      20   0       0      0      0 I   0.0   0.0   0:00.03 [kworker/u12:0-events_freezable_power_]
  19240 fcsl      20   0  206192  31704  14596 S   0.0   0.4   0:00.55 /home/fcsl/miniforge3/envs/thirdimpact/bin/python /home/fcsl/miniforge3/envs/thirdimpact/bin/ros2 run joy joy_node
  19545 fcsl      20   0    8112    780    704 S   0.0   0.0   0:00.00 sleep 180
  19546 fcsl      20   0   10072   3092   2780 S   0.0   0.0   0:00.00 bash ./cpu_profile.sh
  19810 root      20   0   15228   7820   6304 S   0.0   0.1   0:00.01 sshd: [accepted]

top - 11:34:55 up 22 min,  8 users,  load average: 8.46, 4.40, 3.87
Tasks: 408 total,  12 running, 396 sleeping,   0 stopped,   0 zombie
%Cpu(s): 85.5 us,  9.5 sy,  0.0 ni,  1.7 id,  0.0 wa,  1.4 hi,  1.9 si,  0.0 st
MiB Mem :   7607.4 total,   1622.7 free,   3577.7 used,   2406.9 buff/cache
MiB Swap:   3803.7 total,   3803.2 free,      0.5 used.   3759.1 avail Mem 

    PID USER      PR  NI    VIRT    RES    SHR S  %CPU  %MEM     TIME+ COMMAND
  19336 fcsl      20   0 1447820 109184  42476 R  50.2   1.4   0:05.38 /home/fcsl/miniforge3/envs/thirdimpact/bin/python3.12 /home/fcsl/roboracer_ws/install/state_machine/lib/state_machine/state_machine --ros-args -r __node:=state_machine --params-file /home/fcsl/roboracer_ws/install/stack_master/share/stack_master/config/state_machine_params.yaml --params-file /tmp/launch_params_biwnb6d6 --params-file /tmp/launch_params_30za9fdy --params-file /tmp/launch_params_f2pjkjd6 --params-file /tmp/launch_params_v+
  19311 fcsl      20   0 1473936 105308  41672 R  38.0   1.4   0:04.20 /home/fcsl/miniforge3/envs/thirdimpact/bin/python3.12 /home/fcsl/roboracer_ws/install/frenet_odom_republisher/lib/frenet_odom_republisher/frenet_odom_republisher_node --ros-args -r __node:=frenet_odom_republisher -r /car_state/frenet/odom:=/car_state/odom_frenet
  19346 fcsl      20   0 1873344 218284  90960 R  35.1   2.8   0:05.48 /home/fcsl/miniforge3/envs/thirdimpact/bin/python3.12 /home/fcsl/roboracer_ws/install/lane_change_planner/lib/lane_change_planner/change_avoidance_node --ros-args -r __node:=planner_change --params-file /tmp/launch_params_3lr3b4pe
  19344 fcsl      20   0 1815936 165352  83084 R  34.1   2.1   0:04.37 /home/fcsl/miniforge3/envs/thirdimpact/bin/python3.12 /home/fcsl/roboracer_ws/install/spliner/lib/spliner/static_avoidance_node --ros-args -r __node:=static_avoidance_planner --params-file /home/fcsl/roboracer_ws/install/stack_master/share/stack_master/config/static_avoidance_planner.yaml -r /planner/avoidance/otwpnts:=/planner/avoidance/static_otwpnts
  19356 fcsl      20   0 1118620  66852  27292 R  33.7   0.9   0:02.30 python3 /home/fcsl/roboracer_ws/install/gp_traj_predictor/lib/gp_traj_predictor/opp_prediction --ros-args -r __node:=opponent_propagation_predictor
  19358 fcsl      20   0 1478356 107388  42672 R  33.7   1.4   0:04.81 /home/fcsl/miniforge3/envs/thirdimpact/bin/python3.12 /home/fcsl/roboracer_ws/install/controller/lib/controller/controller_manager --ros-args -r __node:=controller_manager --params-file /home/fcsl/roboracer_ws/install/stack_master/share/stack_master/config/controller.yaml --params-file /tmp/launch_params_rteop0df --params-file /tmp/launch_params_fgfbn70d
  19314 fcsl      20   0 1113108  63384  25780 R  33.2   0.8   0:03.85 /home/fcsl/miniforge3/envs/thirdimpact/bin/python3.12 /home/fcsl/roboracer_ws/install/lap_analyser/lib/lap_analyser/lap_analyser --ros-args -r __node:=lap_analyser --params-file /tmp/launch_params_0px3ph6a
  19328 fcsl      20   0 1472000 130412  46628 R  32.7   1.7   0:04.63 python3 /home/fcsl/roboracer_ws/install/perception/lib/perception/tracking_node --ros-args -r __node:=tracking --params-file /home/fcsl/roboracer_ws/install/stack_master/share/stack_master/config/opponent_tracker_params.yaml -r /tracking/obstacles:=/tracking/obstacles
  19340 fcsl      20   0 1847760 189848  87768 R  32.7   2.4   0:04.83 /home/fcsl/miniforge3/envs/thirdimpact/bin/python3.12 /home/fcsl/roboracer_ws/install/recovery_spliner/lib/recovery_spliner/recovery_spliner_node --ros-args -r __node:=recovery_spliner_node
  19342 fcsl      20   0 1847704 189804  87764 R  31.7   2.4   0:04.88 /home/fcsl/miniforge3/envs/thirdimpact/bin/python3.12 /home/fcsl/roboracer_ws/install/spliner/lib/spliner/start_spline_node_v2 --ros-args -r __node:=start_planner
  19352 fcsl      20   0 1592912 108300  42116 S  31.7   1.4   0:03.07 python3 /home/fcsl/roboracer_ws/install/gp_traj_predictor/lib/gp_traj_predictor/opponent_trajectory --ros-args -r __node:=OpponentHalflap
  19297 fcsl      20   0 1519136 108304  42496 S  31.2   1.4   0:02.88 /home/fcsl/miniforge3/envs/thirdimpact/bin/python3.12 /home/fcsl/roboracer_ws/install/overtaking_sector_tuner/lib/overtaking_sector_tuner/ot_interpolator --ros-args -r __node:=ot_sector_tuner --params-file /home/fcsl/roboracer_ws/install/stack_master/share/stack_master/maps/0815test3/ot_sectors.yaml --params-file /tmp/launch_params_ti68gs7d
  19281 fcsl      20   0 1455628 117548  41644 R  30.7   1.5   0:04.93 /home/fcsl/miniforge3/envs/thirdimpact/bin/python3.12 /home/fcsl/roboracer_ws/install/gb_optimizer/lib/gb_optimizer/global_trajectory_publisher --ros-args -r __node:=global_republisher --params-file /tmp/launch_params_lsq8407e
  19251 fcsl      20   0  868124  49804  36540 S  25.9   0.6   0:04.86 /home/fcsl/roboracer_ws/install/kiss_icp_localization/lib/kiss_icp_localization/localization_node --ros-args -r __node:=kiss_icp_localization --params-file /home/fcsl/roboracer_ws/install/stack_master/share/stack_master/config/kiss.yaml --params-file /tmp/launch_params_kkza55sc --params-file /tmp/launch_params_bk6s3os3
  19350 fcsl      20   0 1114180  64652  25644 S  25.4   0.8   0:01.92 /home/fcsl/miniforge3/envs/thirdimpact/bin/python3.12 /home/fcsl/roboracer_ws/install/lane_change_planner/lib/lane_change_planner/update_waypoints --ros-args -r __node:=waypoint_updater
  19230 fcsl      20   0 1106708  59924  24440 S  11.7   0.8   0:02.12 python3 /home/fcsl/roboracer_ws/install/stack_master/lib/stack_master/simple_mux_node.py --ros-args -r __node:=simple_mux --params-file /home/fcsl/roboracer_ws/install/stack_master/share/stack_master/config/CAR/vehicle_config.yaml --params-file /tmp/launch_params_pywsh3_8 --params-file /tmp/launch_params_yk3h0muz --params-file /tmp/launch_params_uihzw7ry --params-file /tmp/launch_params_5fc12uzq --params-file /tmp/launch_params_nd2qw0hk
  19216 fcsl      20   0  882452  23088  13904 S   7.3   0.3   0:01.25 /home/fcsl/roboracer_ws/install/vesc_driver/lib/vesc_driver/vesc_driver_node --ros-args -r __node:=vesc_driver_node -r __ns:=/vesc --params-file /home/fcsl/roboracer_ws/install/stack_master/share/stack_master/config/CAR/vehicle_config.yaml
  19326 fcsl      20   0 1126000  53612  33796 S   6.8   0.7   0:01.07 /home/fcsl/roboracer_ws/install/perception/lib/perception/detect --ros-args -r __node:=detect --params-file /home/fcsl/roboracer_ws/install/stack_master/share/stack_master/config/opponent_tracker_params.yaml --params-file /tmp/launch_params_gk8q2zkj
  19213 fcsl      20   0 2285720  52248  16816 S   5.9   0.7   0:03.25 /home/fcsl/miniforge3/envs/thirdimpact/bin/python /home/fcsl/miniforge3/envs/thirdimpact/bin/ros2 launch stack_master race.launch.xml map:=0815test3
  19561 fcsl      20   0  823792  26360  16644 S   4.4   0.3   0:00.84 /home/fcsl/miniforge3/envs/thirdimpact/lib/joy/joy_node
   6720 fcsl      20   0   42.1g 668856  59704 S   3.9   8.6   1:03.42 /home/fcsl/.vscode-server/cli/servers/Stable-6a49527b96e326fe62fbdb56f60e16877c9aa724/server/node --dns-result-order=ipv4first /home/fcsl/.vscode-server/cli/servers/Stable-6a49527b96e326fe62fbdb56f60e16877c9aa724/server/out/bootstrap-fork --type=extensionHost --transformURIs --useHostProxy=false
  19289 fcsl      20   0 1117632  66660  26820 S   3.9   0.9   0:01.53 /home/fcsl/miniforge3/envs/thirdimpact/bin/python3.12 /home/fcsl/roboracer_ws/install/sector_tuner/lib/sector_tuner/sector_tuner --ros-args -r __node:=speed_sector_tuner --params-file /home/fcsl/roboracer_ws/install/stack_master/share/stack_master/maps/0815test3/speed_scaling.yaml --params-file /tmp/launch_params_kwlnquqh
  19222 fcsl      20   0  817464  21432  14172 S   2.9   0.3   0:00.66 /home/fcsl/roboracer_ws/install/urg_node/lib/urg_node/urg_node_driver --ros-args -r __node:=urg_node --params-file /home/fcsl/roboracer_ws/install/stack_master/share/stack_master/config/CAR/vehicle_config.yaml -r /scan:=/scan
  19354 fcsl      20   0 1085540 141716  48776 S   2.9   1.8   0:03.19 python3 /home/fcsl/roboracer_ws/install/gp_traj_predictor/lib/gp_traj_predictor/gaussian_process_opp_traj --ros-args -r __node:=GP_trajectory
   2026 fcsl      20   0 3471004 225068  81340 S   2.0   2.9   0:05.95 /usr/bin/gnome-shell
  19220 fcsl      20   0  663144  21780  14644 S   2.0   0.3   0:00.55 /home/fcsl/roboracer_ws/install/vesc_ackermann/lib/vesc_ackermann/vesc_to_odom_node --ros-args -r __node:=vesc_to_odom_node -r __ns:=/vesc --params-file /home/fcsl/roboracer_ws/install/stack_master/share/stack_master/config/CAR/vehicle_config.yaml
  19247 fcsl      20   0  817644  25596  17424 S   2.0   0.3   0:00.56 /home/fcsl/miniforge3/envs/thirdimpact/lib/nav2_lifecycle_manager/lifecycle_manager --ros-args -r __node:=lifecycle_manager_localization --params-file /tmp/launch_params_gzsj1u13 --params-file /tmp/launch_params_7txkr4rh --params-file /tmp/launch_params_ojdu_5r1
  19249 fcsl      20   0  721960  34992  21568 S   2.0   0.4   0:00.60 /home/fcsl/miniforge3/envs/thirdimpact/lib/nav2_map_server/map_server --ros-args -r __node:=map_server --params-file /tmp/launch_params_7an6qmh_ --params-file /tmp/launch_params_3pildy1p --params-file /tmp/launch_params_bxv9_bd6 --params-file /tmp/launch_params_3ypbuy35
  19218 fcsl      20   0  663148  21616  14464 S   1.5   0.3   0:00.43 /home/fcsl/roboracer_ws/install/vesc_ackermann/lib/vesc_ackermann/ackermann_to_vesc_node --ros-args -r __node:=ackermann_to_vesc_node -r __ns:=/vesc --params-file /home/fcsl/roboracer_ws/install/stack_master/share/stack_master/config/CAR/vehicle_config.yaml
  19307 fcsl      20   0 1439676 103584  40816 S   1.5   1.3   0:02.09 /home/fcsl/miniforge3/envs/thirdimpact/bin/python3.12 /home/fcsl/roboracer_ws/install/frenet_conversion_server/lib/frenet_conversion_server/frenet_conversion_server_node --ros-args -r __node:=frenet_conversion_server_node --params-file /tmp/launch_params_1_pyfy3w
  19553 fcsl      20   0   12120   3496   2676 R   1.5   0.0   0:00.19 top -b -c -w 512 -d 2
   5868 fcsl      20   0   45844  12856   8268 S   1.0   0.2   0:11.38 /home/fcsl/.vscode-server/code-6a49527b96e326fe62fbdb56f60e16877c9aa724 command-shell --cli-data-dir /home/fcsl/.vscode-server/cli --parent-process-id 5821 --on-host=127.0.0.1 --on-port
  11828 fcsl      20   0   18824   8292   6100 S   1.0   0.1   0:00.38 sshd: fcsl@pts/5
  19224 fcsl      20   0 1113316  63572  25836 S   1.0   0.8   0:01.08 python3 /home/fcsl/roboracer_ws/install/stack_master/lib/stack_master/static_tf_publisher.py --ros-args -r __node:=static_tf_publisher --params-file /home/fcsl/roboracer_ws/install/stack_master/share/stack_master/config/CAR/static_transforms.yaml
  19245 fcsl      20   0 1106328  62564  24328 S   1.0   0.8   0:01.06 python3 /home/fcsl/roboracer_ws/install/stack_master/lib/stack_master/map_relay_node.py --ros-args -r __node:=map_relay_node
     14 root      20   0       0      0      0 S   0.5   0.0   0:00.71 [ksoftirqd/0]
     15 root      20   0       0      0      0 I   0.5   0.0   0:00.36 [rcu_preempt]
     94 root      20   0       0      0      0 I   0.5   0.0   0:00.68 [kworker/u12:1-events_unbound]
    270 root      20   0       0      0      0 I   0.5   0.0   0:00.47 [kworker/u12:5-events_unbound]
    273 root      20   0       0      0      0 I   0.5   0.0   0:00.47 [kworker/u12:8-events_unbound]
    320 root      20   0   23808   5888   3448 S   0.5   0.1   0:05.09 /lib/systemd/systemd-udevd
    767 root      20   0 2145820  48520  24160 S   0.5   0.6   0:04.95 /snap/snapd/current/usr/lib/snapd/snapd
   5817 fcsl      20   0   19504   8220   5580 S   0.5   0.1   0:07.68 sshd: fcsl@notty
   5917 fcsl      20   0   11.1g 174268  46284 S   0.5   2.2   0:10.03 /home/fcsl/.vscode-server/cli/servers/Stable-6a49527b96e326fe62fbdb56f60e16877c9aa724/server/node /home/fcsl/.vscode-server/cli/servers/Stable-6a49527b96e326fe62fbdb56f60e16877c9aa724/server/out/server-main.js --connection-token=remotessh --accept-server-license-terms --agent-host-bridge-port=41459 --agent-host-bridge-host=127.0.0.1 --agent-host-bridge-connection-token=03adc759-cc11-482d-a5c4-3d1cf335af96 --start-server --enable-remote+
   6731 fcsl      20   0  997088  80596  41996 S   0.5   1.0   0:07.36 /home/fcsl/.vscode-server/cli/servers/Stable-6a49527b96e326fe62fbdb56f60e16877c9aa724/server/node /home/fcsl/.vscode-server/cli/servers/Stable-6a49527b96e326fe62fbdb56f60e16877c9aa724/server/out/bootstrap-fork --type=fileWatcher
      1 root      20   0  167496  11476   7176 S   0.0   0.1   0:03.45 /sbin/init 2
      2 root      20   0       0      0      0 S   0.0   0.0   0:00.01 [kthreadd]
      3 root       0 -20       0      0      0 I   0.0   0.0   0:00.00 [rcu_gp]
      4 root       0 -20       0      0      0 I   0.0   0.0   0:00.00 [rcu_par_gp]
      5 root       0 -20       0      0      0 I   0.0   0.0   0:00.00 [slub_flushwq]
      6 root       0 -20       0      0      0 I   0.0   0.0   0:00.00 [netns]
      8 root       0 -20       0      0      0 I   0.0   0.0   0:00.00 [kworker/0:0H-events_highpri]
     10 root       0 -20       0      0      0 I   0.0   0.0   0:00.00 [mm_percpu_wq]
     11 root      20   0       0      0      0 S   0.0   0.0   0:00.00 [rcu_tasks_kthre]
     12 root      20   0       0      0      0 S   0.0   0.0   0:00.00 [rcu_tasks_rude_]
     13 root      20   0       0      0      0 S   0.0   0.0   0:00.00 [rcu_tasks_trace]
     16 root      rt   0       0      0      0 S   0.0   0.0   0:00.00 [migration/0]
     17 root      20   0       0      0      0 S   0.0   0.0   0:00.00 [cpuhp/0]
     18 root      20   0       0      0      0 S   0.0   0.0   0:00.00 [cpuhp/1]
     19 root      rt   0       0      0      0 S   0.0   0.0   0:00.00 [migration/1]
     20 root      20   0       0      0      0 S   0.0   0.0   0:00.14 [ksoftirqd/1]
     22 root       0 -20       0      0      0 I   0.0   0.0   0:00.00 [kworker/1:0H-events_highpri]
     23 root      20   0       0      0      0 S   0.0   0.0   0:00.00 [cpuhp/2]
     24 root      rt   0       0      0      0 S   0.0   0.0   0:00.00 [migration/2]
     25 root      20   0       0      0      0 S   0.0   0.0   0:00.15 [ksoftirqd/2]
     27 root       0 -20       0      0      0 I   0.0   0.0   0:00.00 [kworker/2:0H-kblockd]
     28 root      20   0       0      0      0 S   0.0   0.0   0:00.00 [cpuhp/3]
     29 root      rt   0       0      0      0 S   0.0   0.0   0:00.00 [migration/3]
     30 root      20   0       0      0      0 S   0.0   0.0   0:00.18 [ksoftirqd/3]
     31 root      20   0       0      0      0 I   0.0   0.0   0:00.07 [kworker/3:0-mm_percpu_wq]
     32 root       0 -20       0      0      0 I   0.0   0.0   0:00.00 [kworker/3:0H-events_highpri]
     33 root      20   0       0      0      0 S   0.0   0.0   0:00.00 [cpuhp/4]
     34 root      rt   0       0      0      0 S   0.0   0.0   0:00.00 [migration/4]
     35 root      20   0       0      0      0 S   0.0   0.0   0:00.15 [ksoftirqd/4]
     37 root       0 -20       0      0      0 I   0.0   0.0   0:00.00 [kworker/4:0H-events_highpri]
     38 root      20   0       0      0      0 S   0.0   0.0   0:00.00 [cpuhp/5]
     39 root      rt   0       0      0      0 S   0.0   0.0   0:00.00 [migration/5]
     40 root      20   0       0      0      0 S   0.0   0.0   0:00.13 [ksoftirqd/5]
     42 root       0 -20       0      0      0 I   0.0   0.0   0:00.00 [kworker/5:0H-events_highpri]
     43 root      20   0       0      0      0 S   0.0   0.0   0:00.00 [kdevtmpfs]
     44 root       0 -20       0      0      0 I   0.0   0.0   0:00.00 [inet_frag_wq]
     47 root      20   0       0      0      0 I   0.0   0.0   0:00.01 [kworker/2:1-cgroup_destroy]
     50 root      20   0       0      0      0 I   0.0   0.0   0:00.00 [kworker/4:1-events]
     51 root      20   0       0      0      0 S   0.0   0.0   0:00.00 [kauditd]
     52 root      20   0       0      0      0 S   0.0   0.0   0:00.00 [oom_reaper]
     53 root       0 -20       0      0      0 I   0.0   0.0   0:00.00 [writeback]
     54 root      20   0       0      0      0 S   0.0   0.0   0:00.00 [kcompactd0]
     55 root      25   5       0      0      0 S   0.0   0.0   0:00.00 [ksmd]
     56 root      39  19       0      0      0 S   0.0   0.0   0:00.15 [khugepaged]
     67 root       0 -20       0      0      0 I   0.0   0.0   0:00.00 [cryptd]
     86 root       0 -20       0      0      0 I   0.0   0.0   0:00.00 [kintegrityd]
     87 root       0 -20       0      0      0 I   0.0   0.0   0:00.00 [kblockd]
     88 root       0 -20       0      0      0 I   0.0   0.0   0:00.00 [blkcg_punt_bio]
     89 root       0 -20       0      0      0 I   0.0   0.0   0:00.00 [tpm_dev_wq]
     90 root       0 -20       0      0      0 I   0.0   0.0   0:00.00 [ata_sff]
     91 root       0 -20       0      0      0 I   0.0   0.0   0:00.00 [edac-poller]
     92 root       0 -20       0      0      0 I   0.0   0.0   0:00.00 [devfreq_wq]
     93 root     -51   0       0      0      0 S   0.0   0.0   0:00.00 [watchdogd]
     95 root      20   0       0      0      0 I   0.0   0.0   0:00.47 [kworker/u12:2-events_freezable_power_]
     96 root       0 -20       0      0      0 I   0.0   0.0   0:00.00 [kworker/0:1H-kblockd]
     97 root       0 -20       0      0      0 I   0.0   0.0   0:00.00 [rpciod]
     98 root       0 -20       0      0      0 I   0.0   0.0   0:00.03 [kworker/u13:0-hci0]
     99 root       0 -20       0      0      0 I   0.0   0.0   0:00.00 [xprtiod]
    127 root      20   0       0      0      0 S   0.0   0.0   0:00.36 [kswapd0]
    128 root       0 -20       0      0      0 I   0.0   0.0   0:00.00 [nfsiod]
    132 root       0 -20       0      0      0 I   0.0   0.0   0:00.00 [vfio-irqfd-clea]
    133 root       0 -20       0      0      0 I   0.0   0.0   0:00.00 [bch_btree_io]
    134 root       0 -20       0      0      0 I   0.0   0.0   0:00.00 [bcache]
    135 root       0 -20       0      0      0 I   0.0   0.0   0:00.00 [bch_journal]
    136 root       0 -20       0      0      0 I   0.0   0.0   0:00.00 [dm_bufio_cache]
    138 root      10 -10       0      0      0 S   0.0   0.0   0:00.00 [krfcommd]
    139 root      20   0       0      0      0 S   0.0   0.0   0:00.00 [pr/tty0]
    140 root      20   0       0      0      0 S   0.0   0.0   0:02.86 [pr/ttyTCU0]
    143 root     -51   0       0      0      0 S   0.0   0.0   0:00.00 [irq/114-3160000]
    145 root     -51   0       0      0      0 S   0.0   0.0   0:00.00 [irq/115-3180000]
    146 root      20   0       0      0      0 I   0.0   0.0   0:00.38 [kworker/1:3-events]
    147 root     -51   0       0      0      0 S   0.0   0.0   0:00.00 [irq/116-31b0000]
    148 root     -51   0       0      0      0 S   0.0   0.0   0:00.00 [irq/167-c240000]
    149 root     -51   0       0      0      0 S   0.0   0.0   0:00.00 [irq/168-c250000]
    150 root     -51   0       0      0      0 S   0.0   0.0   0:00.00 [irq/125-3610000]
    151 root     -51   0       0      0      0 S   0.0   0.0   0:00.00 [irq/122-3610000]
    152 root      20   0       0      0      0 I   0.0   0.0   0:00.03 [kworker/5:3-mm_percpu_wq]
    153 root       0 -20       0      0      0 I   0.0   0.0   0:00.00 [sdhci]
    154 root     -51   0       0      0      0 S   0.0   0.0   0:00.00 [irq/120-mmc0]
    155 root     -51   0       0      0      0 S   0.0   0.0   0:00.00 [irq/230-3400000]
    156 root      20   0       0      0      0 I   0.0   0.0   0:00.06 [kworker/2:2-mm_percpu_wq]
    173 root       0 -20       0      0      0 I   0.0   0.0   0:00.00 [kworker/1:1H-kblockd]
    174 root      20   0       0      0      0 I   0.0   0.0   0:00.00 [kworker/3:2-mm_percpu_wq]
    179 root     -51   0       0      0      0 S   0.0   0.0   0:00.00 [irq/191-tegra-p]
    180 root       0 -20       0      0      0 I   0.0   0.0   0:00.00 [nvme-wq]
    181 root       0 -20       0      0      0 I   0.0   0.0   0:00.00 [nvme-reset-wq]
    182 root       0 -20       0      0      0 I   0.0   0.0   0:00.00 [nvme-delete-wq]
    191 root     -51   0       0      0      0 S   0.0   0.0   0:00.00 [irq/191-aerdrv]
    192 root     -51   0       0      0      0 S   0.0   0.0   0:00.00 [irq/193-tegra-p]
    195 root     -51   0       0      0      0 S   0.0   0.0   0:00.00 [irq/193-aerdrv]
    196 root     -51   0       0      0      0 S   0.0   0.0   0:00.00 [irq/195-tegra-p]
    198 root     -51   0       0      0      0 S   0.0   0.0   0:00.00 [irq/232-nvme0q0]
    199 root     -51   0       0      0      0 S   0.0   0.0   0:00.22 [irq/233-nvme0q1]
    200 root     -51   0       0      0      0 S   0.0   0.0   0:00.32 [irq/234-nvme0q2]
    201 root     -51   0       0      0      0 S   0.0   0.0   0:00.18 [irq/235-nvme0q3]
    202 root     -51   0       0      0      0 S   0.0   0.0   0:00.22 [irq/236-nvme0q4]
    203 root     -51   0       0      0      0 S   0.0   0.0   0:00.06 [irq/237-nvme0q5]
    204 root     -51   0       0      0      0 S   0.0   0.0   0:00.06 [irq/238-nvme0q6]
    205 root      20   0       0      0      0 I   0.0   0.0   0:00.49 [kworker/u12:4-events_freezable_power_]
    209 root      20   0       0      0      0 S   0.0   0.0   0:00.13 [jbd2/nvme0n1p1-]
    210 root       0 -20       0      0      0 I   0.0   0.0   0:00.00 [ext4-rsv-conver]
    211 root       0 -20       0      0      0 I   0.0   0.0   0:00.00 [kworker/2:1H-kblockd]
    220 root       0 -20       0      0      0 I   0.0   0.0   0:00.00 [mld]
    221 root       0 -20       0      0      0 I   0.0   0.0   0:00.00 [kworker/3:1H-kblockd]
    222 root       0 -20       0      0      0 I   0.0   0.0   0:00.00 [ipv6_addrconf]
    253 root      19  -1   40524   9664   8044 S   0.0   0.1   0:00.49 /lib/systemd/systemd-journald
    267 root      20   0       0      0      0 I   0.0   0.0   0:00.04 [kworker/4:2-mm_percpu_wq]
    271 root      20   0       0      0      0 I   0.0   0.0   0:00.61 [kworker/u12:6-events_freezable_power_]
    272 root      20   0       0      0      0 I   0.0   0.0   0:00.36 [kworker/u12:7-devfreq_wq]
    283 root      39  19       0      0      0 S   0.0   0.0   0:00.00 [nvmap-bz]
    284 root     -51   0       0      0      0 S   0.0   0.0   0:00.00 [irq/188-host1x_]
    286 root     -51   0       0      0      0 S   0.0   0.0   0:00.00 [irq/197-gk20a_s]
    287 root     -51   0       0      0      0 S   0.0   0.0   0:00.00 [irq/198-gk20a_s]
    288 root     -51   0       0      0      0 S   0.0   0.0   0:00.00 [irq/199-gk20a_s]
    289 root     -51   0       0      0      0 S   0.0   0.0   0:00.00 [irq/200-gk20a_n]
    293 root      20   0    9792   2792   2528 S   0.0   0.0   0:00.00 /bin/bash /etc/systemd/nv-tee-supplicant.sh
    298 root      20   0   76588   1360   1248 S   0.0   0.0   0:00.01 /usr/sbin/tee-supplicant
    299 root       0 -20       0      0      0 I   0.0   0.0   0:00.00 [optee_bus_scan]
    307 root       0 -20       0      0      0 I   0.0   0.0   0:00.00 [kworker/4:1H-kblockd]
    309 root      20   0   24048   6028   3380 S   0.0   0.1   0:02.01 /lib/systemd/systemd-udevd
    310 root      20   0   23744   5080   2712 S   0.0   0.1   0:00.16 /lib/systemd/systemd-udevd
    311 root      20   0   23396   4308   2228 S   0.0   0.1   0:00.12 /lib/systemd/systemd-udevd
    312 root      20   0   23508   4468   2212 S   0.0   0.1   0:00.15 /lib/systemd/systemd-udevd
    313 root      20   0   24528   6416   3228 S   0.0   0.1   0:00.31 /lib/systemd/systemd-udevd
    314 root      20   0   23532   4792   2660 S   0.0   0.1   0:00.24 /lib/systemd/systemd-udevd
    315 root      20   0   23500   5188   3048 S   0.0   0.1   0:00.27 /lib/systemd/systemd-udevd
    316 root      20   0   23520   4608   2452 S   0.0   0.1   0:00.16 /lib/systemd/systemd-udevd
    317 root      20   0   23540   4232   2096 S   0.0   0.1   0:00.14 /lib/systemd/systemd-udevd
    318 root      20   0   23548   4688   2540 S   0.0   0.1   0:00.10 /lib/systemd/systemd-udevd
    321 root      20   0   23396   5028   2908 S   0.0   0.1   0:00.19 /lib/systemd/systemd-udevd
    322 root      20   0   23500   5104   2852 S   0.0   0.1   0:00.18 /lib/systemd/systemd-udevd
    323 root      20   0   23516   4360   2096 S   0.0   0.1   0:00.16 /lib/systemd/systemd-udevd
    324 root      20   0   23520   4748   2480 S   0.0   0.1   0:00.18 /lib/systemd/systemd-udevd
    325 root      20   0   23500   5072   2820 S   0.0   0.1   0:00.20 /lib/systemd/systemd-udevd
    326 root      20   0   23548   4624   2476 S   0.0   0.1   0:00.16 /lib/systemd/systemd-udevd
    327 root      20   0   24548   5496   2292 S   0.0   0.1   0:00.21 /lib/systemd/systemd-udevd
    328 root      20   0   23516   4380   2212 S   0.0   0.1   0:00.13 /lib/systemd/systemd-udevd
    329 root      20   0   23524   4452   2300 S   0.0   0.1   0:00.19 /lib/systemd/systemd-udevd
    330 root      20   0   23524   4592   2440 S   0.0   0.1   0:00.22 /lib/systemd/systemd-udevd
    331 root      20   0   23524   4792   2636 S   0.0   0.1   0:00.14 /lib/systemd/systemd-udevd
    332 root       0 -20       0      0      0 I   0.0   0.0   0:00.00 [kworker/5:1H-kblockd]
    334 root      20   0   23524   4712   2532 S   0.0   0.1   0:00.16 /lib/systemd/systemd-udevd
    336 root      20   0       0      0      0 S   0.0   0.0   0:00.00 [15820000.crypto]
    337 root      20   0       0      0      0 S   0.0   0.0   0:00.00 [15840000.crypto]
    358 root      20   0   23544   4432   2140 S   0.0   0.1   0:00.15 /lib/systemd/systemd-udevd
    359 root      20   0   23524   4288   2096 S   0.0   0.1   0:00.12 /lib/systemd/systemd-udevd
    360 root      20   0   23524   4412   2220 S   0.0   0.1   0:00.14 /lib/systemd/systemd-udevd
    361 root      20   0   23524   5004   2812 S   0.0   0.1   0:00.17 /lib/systemd/systemd-udevd
    362 root      20   0   23524   4832   2644 S   0.0   0.1   0:00.23 /lib/systemd/systemd-udevd
    363 root      20   0   23816   4580   2144 S   0.0   0.1   0:00.15 /lib/systemd/systemd-udevd
    414 root     -51   0       0      0      0 S   0.0   0.0   0:00.00 [irq/219-bc00000]
    415 root      -2   0       0      0      0 S   0.0   0.0   0:00.00 [capture-control]
    416 root      -2   0       0      0      0 S   0.0   0.0   0:00.00 [capture]
    447 root     -51   0       0      0      0 S   0.0   0.0   0:00.00 [irq/189-tegra-p]
    448 root     -51   0       0      0      0 S   0.0   0.0   0:00.00 [irq/240-nvvrs-p]
    449 root     -51   0       0      0      0 S   0.0   0.0   0:00.00 [irq/214-tegra_d]
    450 root     -51   0       0      0      0 S   0.0   0.0   0:00.00 [irq/215-tegra_d]
    451 root       0 -20       0      0      0 I   0.0   0.0   0:00.00 [dce-async-ipc-w]
    452 root      20   0       0      0      0 S   0.0   0.0   0:00.00 [nv_queue]
    453 root      20   0       0      0      0 S   0.0   0.0   0:00.00 [nv_queue]
    454 root     -51   0       0      0      0 S   0.0   0.0   0:00.00 [irq/189-aerdrv]
    524 root       0 -20       0      0      0 I   0.0   0.0   0:00.00 [cfg80211]
    543 root     -51   0       0      0      0 S   0.0   0.0   0:00.00 [irq/118-3210000]
    552 root      20   0       0      0      0 S   0.0   0.0   0:00.00 [spi0]
    554 root     -51   0       0      0      0 S   0.0   0.0   0:00.00 [irq/119-3230000]
    555 root      20   0       0      0      0 S   0.0   0.0   0:00.00 [spi1]
    632 root       0 -20       0      0      0 I   0.0   0.0   0:00.00 [btfwwork]
    670 root       0 -20       0      0      0 I   0.0   0.0   0:00.00 [kworker/u13:2-hci0]
    672 root      20   0    8236   7372   1432 S   0.0   0.1   0:00.30 /usr/sbin/haveged --Foreground --verbose=1
    674 _rpc      20   0    7964   2112   1760 S   0.0   0.0   0:00.00 /sbin/rpcbind -f -w
    681 systemd+  20   0   25544  12588   8156 S   0.0   0.2   0:00.26 /lib/systemd/systemd-resolved
    682 systemd+  20   0   88788   6156   5312 S   0.0   0.1   0:00.08 /lib/systemd/systemd-timesyncd
    728 avahi     20   0    8088   2652   2300 S   0.0   0.0   0:00.08 avahi-daemon: running [ubuntu.local]
    729 root      20   0    9892   4484   4044 S   0.0   0.1   0:00.07 /usr/lib/bluetooth/bluetoothd -d --noplugin=audio,a2dp,avrcp
    730 message+  20   0   11448   5648   3108 S   0.0   0.1   0:01.66 @dbus-daemon --system --address=systemd: --nofork --nopidfile --systemd-activation --syslog-only
    731 root      20   0  263764  20360  14144 S   0.0   0.3   0:01.12 /usr/sbin/NetworkManager --no-daemon
    737 root      20   0   42224  19668   9972 S   0.0   0.3   0:00.14 /usr/bin/python3 /usr/bin/networkd-dispatcher --run-startup-triggers
    744 root      20   0   27644  15072   7804 S   0.0   0.2   0:00.10 python3 /opt/nvidia/pva-allow-2/bin/nvidiaPvaAllowd.py
    749 root      20   0  243232  10120   6268 S   0.0   0.1   0:03.17 /usr/libexec/polkitd --no-debug
    753 root      20   0  240320   8560   5832 S   0.0   0.1   0:00.04 /usr/libexec/power-profiles-daemon
    760 syslog    20   0  222164   8356   3224 S   0.0   0.1   0:00.14 /usr/sbin/rsyslogd -n -iNONE
    762 root      20   0    2240    708    628 S   0.0   0.0   0:00.00 seatd -g video
    769 root      20   0  241096   7752   5856 S   0.0   0.1   0:00.80 /usr/libexec/accounts-daemon
    772 root      20   0  236800   5804   5196 S   0.0   0.1   0:00.02 /usr/libexec/switcheroo-control
    773 lp        20   0    2308    112      0 S   0.0   0.0   0:00.00 /usr/sbin/lpd -s
    774 root      20   0   48808   7200   5948 S   0.0   0.1   0:00.19 /lib/systemd/systemd-logind
    778 root      20   0  394856  14472   9176 S   0.0   0.2   0:00.28 /usr/libexec/udisks2/udisksd
    780 root      20   0   16532   9744   7852 S   0.0   0.1   0:00.08 /sbin/wpa_supplicant -u -s -O /run/wpa_supplicant
    800 avahi     20   0    7816    352      0 S   0.0   0.0   0:00.00 avahi-daemon: chroot helper
    816 root      20   0  320884  13460   9472 S   0.0   0.2   0:00.12 /usr/sbin/ModemManager
    818 root      rt   0       0      0      0 S   0.0   0.0   0:00.34 [sugov:0]
    823 root      rt   0       0      0      0 S   0.0   0.0   0:00.29 [sugov:4]
    910 root      20   0    2460   1560   1380 S   0.0   0.0   0:00.39 /usr/sbin/nvfancontrol &
    930 root      20   0       0      0      0 S   0.0   0.0   0:00.00 [sw-quiesce]
    931 root      20   0       0      0      0 S   0.0   0.0   0:01.07 [nvgpu_channel_p]
    934 root      20   0       0      0      0 S   0.0   0.0   0:00.00 [nvgpu_pg_init_g]
    954 root      20   0       0      0      0 S   0.0   0.0   0:00.00 [nvgpu_clk_arb_p]
    979 root      20   0       0      0      0 S   0.0   0.0   0:01.09 [RTW_CMD_THREAD]
    981 root      20   0       0      0      0 I   0.0   0.0   0:00.31 [kworker/u12:9-events_freezable_power_]
   1016 root      20   0   75936   9728   7908 S   0.0   0.1   0:00.01 /usr/sbin/nvargus-daemon
   1017 root      20   0    9792   2900   2608 S   0.0   0.0   0:00.00 /bin/bash /etc/systemd/nvmemwarning.sh
   1037 root      20   0   22192   1708   1512 S   0.0   0.0   0:00.00 /usr/sbin/nvs-service
   1062 root      20   0    2336    760    672 S   0.0   0.0   0:01.58 /bin/sh /snap/cups/1237/scripts/run-cups-browsed
   1064 root      20   0    2336   1388   1264 S   0.0   0.0   0:01.60 /bin/sh /snap/cups/1237/scripts/run-cupsd
   1065 root      20   0       0      0      0 S   0.0   0.0   0:00.00 [pr/ramoops-1]
   1096 root      20   0 2012952  50020  29076 S   0.0   0.6   0:01.46 /usr/bin/containerd
   1110 root      20   0    9448   2412   2172 S   0.0   0.0   0:00.00 /usr/sbin/cron -f -P
   1136 kernoops  20   0   12820    456      0 S   0.0   0.0   0:00.00 /usr/sbin/kerneloops --test
   1145 root      20   0  241780   8612   6932 S   0.0   0.1   0:00.03 /usr/sbin/gdm3
   1162 kernoops  20   0   12820    452      0 S   0.0   0.0   0:00.00 /usr/sbin/kerneloops
   1164 root      20   0    8144    716    640 S   0.0   0.0   0:00.00 /sbin/agetty -o -p -- \u --keep-baud 115200,57600,38400,9600 ttyGS0 vt220
   1171 root      20   0    8144    724    648 S   0.0   0.0   0:00.00 /sbin/agetty -o -p -- \u --keep-baud 115200,57600,38400,9600 ttyTCU0 vt220
   1210 root      20   0  172548   9532   7592 S   0.0   0.1   0:00.04 gdm-session-worker [pam/gdm-autologin]
   1310 root      20   0    3076    916    804 S   0.0   0.0   0:00.00 /usr/sbin/nvphsd
   1316 root      20   0    3208   1408   1248 S   0.0   0.0   0:00.00 /usr/sbin/nvphsd
   1337 root      20   0 2166840  89332  54988 S   0.0   1.1   0:00.70 /usr/bin/dockerd -H fd:// --containerd=/run/containerd/containerd.sock
   1338 root      20   0   15232   8036   6460 S   0.0   0.1   0:00.02 sshd: /usr/sbin/sshd -D [listener] 0 of 10-100 startups
   1342 root      20   0       0      0      0 S   0.0   0.0   0:00.00 [file-storage]
   1350 fcsl      20   0   18416   9892   7060 S   0.0   0.1   0:00.72 /lib/systemd/systemd --user
   1360 fcsl      20   0  106740   4520      0 S   0.0   0.1   0:00.00 (sd-pam)
   1538 fcsl       9 -11   40232   5728   4620 S   0.0   0.1   0:00.02 /usr/bin/pipewire
   1539 fcsl      20   0   23884   5672   4592 S   0.0   0.1   0:00.08 /usr/bin/pipewire-media-session
   1540 fcsl       9 -11  890556  20284  12116 S   0.0   0.3   0:00.39 /usr/bin/pulseaudio --daemonize=no --log-target=journal
   1545 fcsl      20   0  241000   6164   5312 S   0.0   0.1   0:00.04 /usr/bin/gnome-keyring-daemon --daemonize --login
   1548 rtkit     21   1  153508   1472   1264 S   0.0   0.0   0:00.02 /usr/libexec/rtkit-daemon
   1559 fcsl      20   0  162628   5416   4908 S   0.0   0.1   0:00.00 /usr/libexec/gdm-x-session --run-script env GNOME_SHELL_SESSION_MODE=ubuntu /usr/bin/gnome-session --session=ubuntu
   1561 root      20   0   24.2g  80668  35156 S   0.0   1.0   0:00.52 /usr/lib/xorg/Xorg vt2 -displayfd 3 -auth /run/user/1000/gdm/Xauthority -nolisten tcp -background none -noreset -keeptty -novtswitch -verbose 3
   1564 fcsl      20   0   10132   4876   3144 S   0.0   0.1   0:00.44 /usr/bin/dbus-daemon --session --address=systemd: --nofork --nopidfile --systemd-activation --syslog-only
   1587 root      20   0       0      0      0 S   0.0   0.0   0:00.00 [nvidia-modeset/]
   1588 root      20   0       0      0      0 S   0.0   0.0   0:00.00 [nvidia-modeset/]
   1590 root      20   0       0      0      0 S   0.0   0.0   0:00.00 [nvidia]
   1591 root      20   0       0      0      0 S   0.0   0.0   0:00.00 [nv_queue]
   1729 root      20   0       0      0      0 S   0.0   0.0   0:00.00 [nvidia-drm-nv-t]
   1730 root     -51   0       0      0      0 S   0.0   0.0   0:00.00 [card1-crtc0]
   1731 root     -51   0       0      0      0 S   0.0   0.0   0:00.00 [card1-crtc1]
   1824 fcsl      20   0  225936  13728  11972 S   0.0   0.2   0:00.05 /usr/libexec/gnome-session-binary --session=ubuntu
   1916 fcsl      20   0  309864   6752   6032 S   0.0   0.1   0:00.01 /usr/libexec/at-spi-bus-launcher
   1922 fcsl      20   0    8828   3616   3116 S   0.0   0.0   0:00.01 /usr/bin/dbus-daemon --config-file=/usr/share/defaults/at-spi2/accessibility.conf --nofork --print-address 11 --address=unix:path=/run/user/1000/at-spi/bus_0
   1979 fcsl      20   0   91892   2520   2152 S   0.0   0.0   0:00.00 /usr/libexec/gnome-session-ctl --monitor
   1988 fcsl      20   0  240908   6992   6104 S   0.0   0.1   0:00.03 /usr/libexec/gvfsd
   1996 fcsl      20   0  381064   9284   4640 S   0.0   0.1   0:00.00 /usr/libexec/gvfsd-fuse /run/user/1000/gvfs -f
   1997 fcsl      20   0  596284  17864  12840 S   0.0   0.2   0:00.18 /usr/libexec/gnome-session-binary --systemd-service --session=ubuntu
   2040 fcsl      20   0  236356   4876   4440 S   0.0   0.1   0:00.00 /usr/libexec/xdg-permission-store
   2042 fcsl      20   0  584868  17900  13432 S   0.0   0.2   0:00.06 /usr/libexec/gnome-shell-calendar-server
   2051 fcsl      20   0  397280  22796  19136 S   0.0   0.3   0:00.09 /usr/libexec/evolution-source-registry
   2059 root      20   0  242436   7680   6568 S   0.0   0.1   0:00.07 /usr/libexec/upowerd
   2061 fcsl      20   0  600496  38980  29472 S   0.0   0.5   0:00.10 /usr/libexec/goa-daemon
   2068 fcsl      20   0 1321540  31748  23404 S   0.0   0.4   0:00.14 /usr/libexec/evolution-calendar-factory
   2078 fcsl      20   0  341492  12924  11036 S   0.0   0.2   0:00.04 /usr/libexec/goa-identity-service
   2088 fcsl      20   0  156800   4488   4024 S   0.0   0.1   0:00.01 /usr/libexec/dconf-service
   2089 fcsl      20   0  823284  28368  22824 S   0.0   0.4   0:00.08 /usr/libexec/evolution-addressbook-factory
   2105 fcsl      20   0  316604  11380   7284 S   0.0   0.1   0:00.11 /usr/libexec/gvfs-udisks2-volume-monitor
   2113 fcsl      20   0  315332   6412   5548 S   0.0   0.1   0:00.04 /usr/libexec/gvfs-afc-volume-monitor
   2118 fcsl      20   0  238096   6272   5500 S   0.0   0.1   0:00.01 /usr/libexec/gvfs-gphoto2-volume-monitor
   2122 fcsl      20   0  236772   4692   4232 S   0.0   0.1   0:00.01 /usr/libexec/gvfs-mtp-volume-monitor
   2126 fcsl      20   0  236900   7852   5228 S   0.0   0.1   0:00.01 /usr/libexec/gvfs-goa-volume-monitor
   2130 root      20   0  376544  64972  16884 S   0.0   0.8   0:10.29 /usr/libexec/packagekitd
   2138 fcsl      20   0  315228   9344   6144 S   0.0   0.1   0:00.02 /usr/libexec/gvfsd-trash --spawner :1.19 /org/gtk/gvfs/exec_spaw/0
   2165 fcsl      20   0  477596  12872  10592 S   0.0   0.2   0:00.13 /usr/libexec/xdg-desktop-portal
   2175 fcsl      20   0  463504   8420   5632 S   0.0   0.1   0:00.02 /usr/libexec/xdg-document-portal
   2178 fcsl      20   0 2804936  27172  20292 S   0.0   0.3   0:00.09 /usr/bin/gjs /usr/share/gnome-shell/org.gnome.Shell.Notifications
   2182 root      20   0    2232    696    620 S   0.0   0.0   0:00.00 fusermount3 -o rw,nosuid,nodev,fsname=portal,auto_unmount,subtype=portal -- /run/user/1000/doc
   2186 fcsl      20   0  163152   7096   6328 S   0.0   0.1   0:00.01 /usr/libexec/at-spi2-registryd --use-gnome-session
   2187 fcsl      20   0  715372  51180  31356 S   0.0   0.7   0:00.26 /usr/libexec/xdg-desktop-portal-gnome
   2201 fcsl      20   0    2328    836    748 S   0.0   0.0   0:00.00 sh -c /usr/bin/ibus-daemon --panel disable $([ "$XDG_SESSION_TYPE" = "x11" ] && echo "--xim")
   2202 fcsl      20   0  310888   7992   5380 S   0.0   0.1   0:00.01 /usr/libexec/gsd-a11y-settings
   2203 fcsl      20   0  603376  28568  18872 S   0.0   0.4   0:00.19 /usr/libexec/gsd-color
   2207 fcsl      20   0  379084  16400  12388 S   0.0   0.2   0:00.03 /usr/libexec/gsd-datetime
   2209 fcsl      20   0  315524  13140   6156 S   0.0   0.2   0:00.09 /usr/bin/ibus-daemon --panel disable --xim
   2210 fcsl      20   0  312464   8500   5808 S   0.0   0.1   0:00.06 /usr/libexec/gsd-housekeeping
   2212 fcsl      20   0  418272  25220  16048 S   0.0   0.3   0:00.15 /usr/libexec/gsd-keyboard
   2213 fcsl      20   0  934772  29676  19672 S   0.0   0.4   0:00.19 /usr/libexec/gsd-media-keys
   2214 fcsl      20   0  528832  26228  18632 S   0.0   0.3   0:00.18 /usr/libexec/gsd-power
   2216 fcsl      20   0  324816   9584   8232 S   0.0   0.1   0:00.01 /usr/libexec/gsd-print-notifications
   2219 fcsl      20   0  458476   6000   5344 S   0.0   0.1   0:00.02 /usr/libexec/gsd-rfkill
   2222 fcsl      20   0  236616   4660   4280 S   0.0   0.1   0:00.00 /usr/libexec/gsd-screensaver-proxy
   2226 fcsl      20   0  467192   9032   6824 S   0.0   0.1   0:00.07 /usr/libexec/gsd-sharing
   2228 fcsl      20   0  460576   9164   6256 S   0.0   0.1   0:00.01 /usr/libexec/gsd-smartcard
   2233 fcsl      20   0  320568   8140   7112 S   0.0   0.1   0:00.01 /usr/libexec/gsd-sound
   2242 fcsl      20   0  344860  23456  16012 S   0.0   0.3   0:00.17 /usr/libexec/gsd-wacom
   2247 fcsl      20   0  656864  90552  49008 S   0.0   1.2   0:03.98 /usr/bin/gnome-software --gapplication-service
   2248 fcsl      20   0  346536  27696  17768 S   0.0   0.4   0:00.20 /usr/libexec/gsd-xsettings
   2254 fcsl      20   0  842664  65920  47764 S   0.0   0.8   0:00.32 /usr/libexec/evolution-data-server/evolution-alarm-notify
   2278 fcsl      20   0  237728   6576   5956 S   0.0   0.1   0:00.00 /usr/libexec/ibus-dconf
   2289 fcsl      20   0  275472  27360  16048 S   0.0   0.4   0:01.55 /usr/libexec/ibus-extension-gtk3
   2301 fcsl      20   0  232212   6712   5028 S   0.0   0.1   0:00.02 /usr/libexec/gsd-disk-utility-notify
   2302 fcsl      20   0  196992  23344  16300 S   0.0   0.3   0:00.15 /usr/libexec/ibus-x11 --kill-daemon
   2316 fcsl      20   0  512948  41308  23256 S   0.0   0.5   0:00.93 python3 /usr/share/nvpmodel_indicator/nvpmodel_indicator.py
   2317 fcsl      20   0  237616   6672   6068 S   0.0   0.1   0:00.02 /usr/libexec/ibus-portal
   2353 fcsl      20   0  345756  14420  10528 S   0.0   0.2   0:00.02 /usr/libexec/gsd-printer
   2377 colord    20   0  246112  11944   8192 S   0.0   0.2   0:00.16 /usr/libexec/colord
   2462 root      20   0  404236  43620  34000 S   0.0   0.6   0:00.57 /usr/libexec/fwupd/fwupd
   2498 fcsl      20   0 2739436  27332  20372 S   0.0   0.4   0:00.09 /usr/bin/gjs /usr/share/gnome-shell/org.gnome.ScreenSaver
   2511 fcsl      20   0  511640  20804   3160 S   0.0   0.3   0:00.00 python3 /usr/share/nvpmodel_indicator/nvpmodel_indicator.py
   2512 fcsl      20   0  511640  20804   3160 S   0.0   0.3   0:00.00 python3 /usr/share/nvpmodel_indicator/nvpmodel_indicator.py
   2513 fcsl      20   0  511640  20804   3160 S   0.0   0.3   0:00.00 python3 /usr/share/nvpmodel_indicator/nvpmodel_indicator.py
   2514 fcsl      20   0  511640  20804   3160 S   0.0   0.3   0:00.00 python3 /usr/share/nvpmodel_indicator/nvpmodel_indicator.py
   2515 fcsl      20   0  511640  20804   3160 S   0.0   0.3   0:00.00 python3 /usr/share/nvpmodel_indicator/nvpmodel_indicator.py
   2516 fcsl      20   0  511640  20804   3160 S   0.0   0.3   0:00.00 python3 /usr/share/nvpmodel_indicator/nvpmodel_indicator.py
   2517 fcsl      20   0  511640  20804   3160 S   0.0   0.3   0:00.00 python3 /usr/share/nvpmodel_indicator/nvpmodel_indicator.py
   2518 fcsl      20   0  511640  20804   3160 S   0.0   0.3   0:00.00 python3 /usr/share/nvpmodel_indicator/nvpmodel_indicator.py
   2520 fcsl      20   0  511652  20848   3160 S   0.0   0.3   0:00.00 python3 /usr/share/nvpmodel_indicator/nvpmodel_indicator.py
   2521 fcsl      20   0  511652  20848   3160 S   0.0   0.3   0:00.00 python3 /usr/share/nvpmodel_indicator/nvpmodel_indicator.py
   2523 fcsl      20   0  511652  20848   3160 S   0.0   0.3   0:00.00 python3 /usr/share/nvpmodel_indicator/nvpmodel_indicator.py
   2524 fcsl      20   0  511652  20848   3160 S   0.0   0.3   0:00.00 python3 /usr/share/nvpmodel_indicator/nvpmodel_indicator.py
   2525 fcsl      20   0  511652  20848   3160 S   0.0   0.3   0:00.00 python3 /usr/share/nvpmodel_indicator/nvpmodel_indicator.py
   2526 fcsl      20   0  511652  20848   3160 S   0.0   0.3   0:00.00 python3 /usr/share/nvpmodel_indicator/nvpmodel_indicator.py
   2527 fcsl      20   0  511652  20848   3160 S   0.0   0.3   0:00.00 python3 /usr/share/nvpmodel_indicator/nvpmodel_indicator.py
   2528 fcsl      20   0  511652  20848   3160 S   0.0   0.3   0:00.00 python3 /usr/share/nvpmodel_indicator/nvpmodel_indicator.py
   2529 fcsl      20   0  511652  21360   3648 S   0.0   0.3   0:00.98 python3 /usr/share/nvpmodel_indicator/nvpmodel_indicator.py
   2531 fcsl      20   0  511652  20852   3160 S   0.0   0.3   0:00.00 python3 /usr/share/nvpmodel_indicator/nvpmodel_indicator.py
   2532 fcsl      20   0  511652  20852   3160 S   0.0   0.3   0:00.00 python3 /usr/share/nvpmodel_indicator/nvpmodel_indicator.py
   2558 fcsl      20   0  238820  11516   6280 S   0.0   0.1   0:00.06 /usr/libexec/ibus-engine-hangul --ibus
   2568 fcsl      39  19  648636  29248  20296 S   0.0   0.4   0:00.55 /usr/libexec/tracker-miner-fs-3
   2570 fcsl      20   0  345256  24112  16764 S   0.0   0.3   0:00.13 /usr/libexec/xdg-desktop-portal-gtk
   2735 fcsl      20   0  163392   5864   5280 S   0.0   0.1   0:00.01 /usr/libexec/gvfsd-metadata
   2762 root      20   0  136724  11180   9516 S   0.0   0.1   0:00.36 cupsd -f -s /var/snap/cups/common/etc/cups/cups-files.conf -c /var/snap/cups/common/etc/cups/cupsd.conf
   2770 snap_da+  20   0   14484   4204   3512 S   0.0   0.1   0:00.00 /snap/cups/1237/lib/cups/notifier/dbus dbus://
   2771 snap_da+  20   0   14484   4636   3932 S   0.0   0.1   0:00.00 /snap/cups/1237/lib/cups/notifier/dbus dbus://
   2772 snap_da+  20   0   14484   4216   3524 S   0.0   0.1   0:00.00 /snap/cups/1237/lib/cups/notifier/dbus dbus://
   2773 snap_da+  20   0   14484   4272   3576 S   0.0   0.1   0:00.00 /snap/cups/1237/lib/cups/notifier/dbus dbus://
   2774 snap_da+  20   0   14484   4636   3932 S   0.0   0.1   0:00.00 /snap/cups/1237/lib/cups/notifier/dbus dbus://
   2781 root      20   0  260796  17948  13524 S   0.0   0.2   0:00.46 cups-browsed -c /var/snap/cups/common/etc/cups/cups-browsed.conf
   3356 root      20   0   18536   9044   7116 S   0.0   0.1   0:00.03 sshd: fcsl [priv]
   3413 fcsl      20   0   18984   7780   5556 S   0.0   0.1   0:00.42 sshd: fcsl@pts/0
   3414 fcsl      20   0   15168   8696   3028 S   0.0   0.1   0:00.15 -bash
   3656 root      20   0   18536   9052   7124 S   0.0   0.1   0:00.02 sshd: fcsl [priv]
   3699 fcsl      20   0   18984   7800   5576 S   0.0   0.1   0:00.01 sshd: fcsl@pts/1
   3700 fcsl      20   0   15168   8568   2900 S   0.0   0.1   0:00.11 -bash
   3956 root      20   0   18536   9052   7124 S   0.0   0.1   0:00.03 sshd: fcsl [priv]
   3986 fcsl      20   0   18984   7800   5576 S   0.0   0.1   0:00.24 sshd: fcsl@pts/2
   3987 fcsl      20   0   15168   8564   2900 S   0.0   0.1   0:00.06 -bash
   4340 fcsl      20   0  421744  28484  20708 S   0.0   0.4   0:00.18 update-notifier
   5745 root      20   0       0      0      0 I   0.0   0.0   0:00.00 [kworker/5:0-events]
   5746 root      20   0       0      0      0 I   0.0   0.0   0:00.14 [kworker/0:0-events]
   5789 root      20   0   18536   9056   7128 S   0.0   0.1   0:00.03 sshd: fcsl [priv]
   5818 fcsl      20   0    9792   2976   2680 S   0.0   0.0   0:00.00 -bash
   5821 fcsl      20   0    2440   1568   1348 S   0.0   0.0   0:00.00 sh
   5892 fcsl      20   0   42184   8676   6928 S   0.0   0.1   0:00.04 /home/fcsl/.vscode-server/code-6a49527b96e326fe62fbdb56f60e16877c9aa724 --cli-data-dir /home/fcsl/.vscode-server/cli agent host
   5913 fcsl      20   0    2328    816    732 S   0.0   0.0   0:00.00 sh /home/fcsl/.vscode-server/cli/servers/Stable-6a49527b96e326fe62fbdb56f60e16877c9aa724/server/bin/code-server --connection-token=remotessh --accept-server-license-terms --agent-host-bridge-port=41459 --agent-host-bridge-host=127.0.0.1 --agent-host-bridge-connection-token=03adc759-cc11-482d-a5c4-3d1cf335af96 --start-server --enable-remote-auto-shutdown --socket-path=/tmp/code-9639163c-fbe7-4e2e-8b21-e167c70142b5
   6192 fcsl      20   0  952820  70140  41896 S   0.0   0.9   0:01.91 /home/fcsl/.vscode-server/cli/servers/Stable-6a49527b96e326fe62fbdb56f60e16877c9aa724/server/node /home/fcsl/.vscode-server/cli/servers/Stable-6a49527b96e326fe62fbdb56f60e16877c9aa724/server/out/bootstrap-fork --type=ptyHost --logsPath /home/fcsl/.vscode-server/data/logs/20260817T111943
   6410 root      20   0       0      0      0 I   0.0   0.0   0:00.00 [kworker/1:0-events]
   7080 fcsl      20   0  405524  74872  63060 S   0.0   1.0   0:01.33 /home/fcsl/.vscode-server/extensions/openai.chatgpt-26.810.52044-linux-arm64/bin/linux-aarch64/codex -c features.code_mode_host=true app-server --analytics-default-enabled
   7182 fcsl      20   0   15216   8668   2972 S   0.0   0.1   0:00.05 /usr/bin/bash --init-file /home/fcsl/.vscode-server/cli/servers/Stable-6a49527b96e326fe62fbdb56f60e16877c9aa724/server/out/vs/workbench/contrib/terminal/common/scripts/shellIntegration-bash.sh
   7850 root      20   0   18536   9060   7132 S   0.0   0.1   0:00.04 sshd: fcsl [priv]
   7878 fcsl      20   0   18824   7676   5580 S   0.0   0.1   0:00.02 sshd: fcsl@pts/6
   7879 fcsl      20   0   15168   8708   3036 S   0.0   0.1   0:00.15 -bash
   8118 root      20   0   18536   9060   7132 S   0.0   0.1   0:00.04 sshd: fcsl [priv]
   8146 fcsl      20   0   18984   7680   5580 S   0.0   0.1   0:00.02 sshd: fcsl@pts/8
   8147 fcsl      20   0   15168   8708   3032 S   0.0   0.1   0:00.15 -bash
   8386 root      20   0   18536   9060   7132 S   0.0   0.1   0:00.04 sshd: fcsl [priv]
   8414 fcsl      20   0   18824   7672   5580 S   0.0   0.1   0:00.01 sshd: fcsl@pts/9
   8415 fcsl      20   0   15168   8640   2964 S   0.0   0.1   0:00.12 -bash
  11747 root      20   0       0      0      0 I   0.0   0.0   0:00.00 [kworker/0:2-events]
  11800 root      20   0   18536   9328   7400 S   0.0   0.1   0:00.04 sshd: fcsl [priv]
  11829 fcsl      20   0   15168   9064   3388 S   0.0   0.1   0:00.37 -bash
  16192 root      20   0       0      0      0 I   0.0   0.0   0:00.07 [kworker/u12:3-devfreq_wq]
  16258 root      20   0       0      0      0 I   0.0   0.0   0:00.00 [kworker/0:1-events]
  16292 root      20   0    8112    764    688 S   0.0   0.0   0:00.00 sleep 300
  16331 root      20   0       0      0      0 I   0.0   0.0   0:00.03 [kworker/u12:0-events_freezable_power_]
  19240 fcsl      20   0  206192  31704  14596 S   0.0   0.4   0:00.55 /home/fcsl/miniforge3/envs/thirdimpact/bin/python /home/fcsl/miniforge3/envs/thirdimpact/bin/ros2 run joy joy_node
  19545 fcsl      20   0    8112    780    704 S   0.0   0.0   0:00.00 sleep 180
  19546 fcsl      20   0   10072   3092   2780 S   0.0   0.0   0:00.00 bash ./cpu_profile.sh

top - 11:34:57 up 22 min,  8 users,  load average: 8.98, 4.57, 3.93
Tasks: 408 total,  14 running, 394 sleeping,   0 stopped,   0 zombie
%Cpu(s): 87.5 us,  8.6 sy,  0.0 ni,  0.7 id,  0.0 wa,  1.3 hi,  1.9 si,  0.0 st
MiB Mem :   7607.4 total,   1622.7 free,   3577.7 used,   2406.9 buff/cache
MiB Swap:   3803.7 total,   3803.2 free,      0.5 used.   3759.1 avail Mem 

    PID USER      PR  NI    VIRT    RES    SHR S  %CPU  %MEM     TIME+ COMMAND
  19336 fcsl      20   0 1447820 109712  42476 R  51.2   1.4   0:06.43 /home/fcsl/miniforge3/envs/thirdimpact/bin/python3.12 /home/fcsl/roboracer_ws/install/state_machine/lib/state_machine/state_machine --ros-args -r __node:=state_machine --params-file /home/fcsl/roboracer_ws/install/stack_master/share/stack_master/config/state_machine_params.yaml --params-file /tmp/launch_params_biwnb6d6 --params-file /tmp/launch_params_30za9fdy --params-file /tmp/launch_params_f2pjkjd6 --params-file /tmp/launch_params_v+
  19358 fcsl      20   0 1478356 107388  42672 R  44.4   1.4   0:05.72 /home/fcsl/miniforge3/envs/thirdimpact/bin/python3.12 /home/fcsl/roboracer_ws/install/controller/lib/controller/controller_manager --ros-args -r __node:=controller_manager --params-file /home/fcsl/roboracer_ws/install/stack_master/share/stack_master/config/controller.yaml --params-file /tmp/launch_params_rteop0df --params-file /tmp/launch_params_fgfbn70d
  19311 fcsl      20   0 1473936 105308  41672 R  41.5   1.4   0:05.05 /home/fcsl/miniforge3/envs/thirdimpact/bin/python3.12 /home/fcsl/roboracer_ws/install/frenet_odom_republisher/lib/frenet_odom_republisher/frenet_odom_republisher_node --ros-args -r __node:=frenet_odom_republisher -r /car_state/frenet/odom:=/car_state/odom_frenet
  19344 fcsl      20   0 1815936 165352  83084 R  38.5   2.1   0:05.16 /home/fcsl/miniforge3/envs/thirdimpact/bin/python3.12 /home/fcsl/roboracer_ws/install/spliner/lib/spliner/static_avoidance_node --ros-args -r __node:=static_avoidance_planner --params-file /home/fcsl/roboracer_ws/install/stack_master/share/stack_master/config/static_avoidance_planner.yaml -r /planner/avoidance/otwpnts:=/planner/avoidance/static_otwpnts
  19328 fcsl      20   0 1472000 130412  46628 R  36.1   1.7   0:05.37 python3 /home/fcsl/roboracer_ws/install/perception/lib/perception/tracking_node --ros-args -r __node:=tracking --params-file /home/fcsl/roboracer_ws/install/stack_master/share/stack_master/config/opponent_tracker_params.yaml -r /tracking/obstacles:=/tracking/obstacles
  19346 fcsl      20   0 1873344 218548  90960 R  34.6   2.8   0:06.19 /home/fcsl/miniforge3/envs/thirdimpact/bin/python3.12 /home/fcsl/roboracer_ws/install/lane_change_planner/lib/lane_change_planner/change_avoidance_node --ros-args -r __node:=planner_change --params-file /tmp/launch_params_3lr3b4pe
  19314 fcsl      20   0 1113108  63384  25780 R  34.1   0.8   0:04.55 /home/fcsl/miniforge3/envs/thirdimpact/bin/python3.12 /home/fcsl/roboracer_ws/install/lap_analyser/lib/lap_analyser/lap_analyser --ros-args -r __node:=lap_analyser --params-file /tmp/launch_params_0px3ph6a
  19340 fcsl      20   0 1847760 189848  87768 R  32.7   2.4   0:05.50 /home/fcsl/miniforge3/envs/thirdimpact/bin/python3.12 /home/fcsl/roboracer_ws/install/recovery_spliner/lib/recovery_spliner/recovery_spliner_node --ros-args -r __node:=recovery_spliner_node
  19352 fcsl      20   0 1592912 108556  42116 R  32.7   1.4   0:03.74 python3 /home/fcsl/roboracer_ws/install/gp_traj_predictor/lib/gp_traj_predictor/opponent_trajectory --ros-args -r __node:=OpponentHalflap
  19342 fcsl      20   0 1847704 189804  87764 R  31.2   2.4   0:05.52 /home/fcsl/miniforge3/envs/thirdimpact/bin/python3.12 /home/fcsl/roboracer_ws/install/spliner/lib/spliner/start_spline_node_v2 --ros-args -r __node:=start_planner
  19281 fcsl      20   0 1455628 117548  41644 S  29.8   1.5   0:05.54 /home/fcsl/miniforge3/envs/thirdimpact/bin/python3.12 /home/fcsl/roboracer_ws/install/gb_optimizer/lib/gb_optimizer/global_trajectory_publisher --ros-args -r __node:=global_republisher --params-file /tmp/launch_params_lsq8407e
  19356 fcsl      20   0 1118620  66852  27292 R  29.8   0.9   0:02.91 python3 /home/fcsl/roboracer_ws/install/gp_traj_predictor/lib/gp_traj_predictor/opp_prediction --ros-args -r __node:=opponent_propagation_predictor
  19251 fcsl      20   0  868124  49804  36540 R  27.3   0.6   0:05.42 /home/fcsl/roboracer_ws/install/kiss_icp_localization/lib/kiss_icp_localization/localization_node --ros-args -r __node:=kiss_icp_localization --params-file /home/fcsl/roboracer_ws/install/stack_master/share/stack_master/config/kiss.yaml --params-file /tmp/launch_params_kkza55sc --params-file /tmp/launch_params_bk6s3os3
  19350 fcsl      20   0 1114192  64696  25644 R  25.9   0.8   0:02.45 /home/fcsl/miniforge3/envs/thirdimpact/bin/python3.12 /home/fcsl/roboracer_ws/install/lane_change_planner/lib/lane_change_planner/update_waypoints --ros-args -r __node:=waypoint_updater
  19230 fcsl      20   0 1106708  60188  24440 S  14.1   0.8   0:02.41 python3 /home/fcsl/roboracer_ws/install/stack_master/lib/stack_master/simple_mux_node.py --ros-args -r __node:=simple_mux --params-file /home/fcsl/roboracer_ws/install/stack_master/share/stack_master/config/CAR/vehicle_config.yaml --params-file /tmp/launch_params_pywsh3_8 --params-file /tmp/launch_params_yk3h0muz --params-file /tmp/launch_params_uihzw7ry --params-file /tmp/launch_params_5fc12uzq --params-file /tmp/launch_params_nd2qw0hk
  19297 fcsl      20   0 1519136 108568  42496 S  10.2   1.4   0:03.09 /home/fcsl/miniforge3/envs/thirdimpact/bin/python3.12 /home/fcsl/roboracer_ws/install/overtaking_sector_tuner/lib/overtaking_sector_tuner/ot_interpolator --ros-args -r __node:=ot_sector_tuner --params-file /home/fcsl/roboracer_ws/install/stack_master/share/stack_master/maps/0815test3/ot_sectors.yaml --params-file /tmp/launch_params_ti68gs7d
  19216 fcsl      20   0  882452  23088  13904 S   6.8   0.3   0:01.39 /home/fcsl/roboracer_ws/install/vesc_driver/lib/vesc_driver/vesc_driver_node --ros-args -r __node:=vesc_driver_node -r __ns:=/vesc --params-file /home/fcsl/roboracer_ws/install/stack_master/share/stack_master/config/CAR/vehicle_config.yaml
  19326 fcsl      20   0 1126000  53876  33796 S   6.3   0.7   0:01.20 /home/fcsl/roboracer_ws/install/perception/lib/perception/detect --ros-args -r __node:=detect --params-file /home/fcsl/roboracer_ws/install/stack_master/share/stack_master/config/opponent_tracker_params.yaml --params-file /tmp/launch_params_gk8q2zkj
   6720 fcsl      20   0   42.1g 668856  59704 S   5.9   8.6   1:03.54 /home/fcsl/.vscode-server/cli/servers/Stable-6a49527b96e326fe62fbdb56f60e16877c9aa724/server/node --dns-result-order=ipv4first /home/fcsl/.vscode-server/cli/servers/Stable-6a49527b96e326fe62fbdb56f60e16877c9aa724/server/out/bootstrap-fork --type=extensionHost --transformURIs --useHostProxy=false
  19213 fcsl      20   0 2285720  52248  16816 S   5.9   0.7   0:03.37 /home/fcsl/miniforge3/envs/thirdimpact/bin/python /home/fcsl/miniforge3/envs/thirdimpact/bin/ros2 launch stack_master race.launch.xml map:=0815test3
  19561 fcsl      20   0  823792  26360  16644 S   3.9   0.3   0:00.92 /home/fcsl/miniforge3/envs/thirdimpact/lib/joy/joy_node
  19222 fcsl      20   0  817464  21432  14172 S   2.9   0.3   0:00.72 /home/fcsl/roboracer_ws/install/urg_node/lib/urg_node/urg_node_driver --ros-args -r __node:=urg_node --params-file /home/fcsl/roboracer_ws/install/stack_master/share/stack_master/config/CAR/vehicle_config.yaml -r /scan:=/scan
  19289 fcsl      20   0 1118656  66924  26820 S   2.9   0.9   0:01.59 /home/fcsl/miniforge3/envs/thirdimpact/bin/python3.12 /home/fcsl/roboracer_ws/install/sector_tuner/lib/sector_tuner/sector_tuner --ros-args -r __node:=speed_sector_tuner --params-file /home/fcsl/roboracer_ws/install/stack_master/share/stack_master/maps/0815test3/speed_scaling.yaml --params-file /tmp/launch_params_kwlnquqh
  19354 fcsl      20   0 1085540 141980  48776 S   2.9   1.8   0:03.25 python3 /home/fcsl/roboracer_ws/install/gp_traj_predictor/lib/gp_traj_predictor/gaussian_process_opp_traj --ros-args -r __node:=GP_trajectory
  19247 fcsl      20   0  817644  25596  17424 S   2.0   0.3   0:00.60 /home/fcsl/miniforge3/envs/thirdimpact/lib/nav2_lifecycle_manager/lifecycle_manager --ros-args -r __node:=lifecycle_manager_localization --params-file /tmp/launch_params_gzsj1u13 --params-file /tmp/launch_params_7txkr4rh --params-file /tmp/launch_params_ojdu_5r1
   5868 fcsl      20   0   45844  12856   8268 S   1.5   0.2   0:11.41 /home/fcsl/.vscode-server/code-6a49527b96e326fe62fbdb56f60e16877c9aa724 command-shell --cli-data-dir /home/fcsl/.vscode-server/cli --parent-process-id 5821 --on-host=127.0.0.1 --on-port
  19220 fcsl      20   0  663144  21780  14644 S   1.5   0.3   0:00.58 /home/fcsl/roboracer_ws/install/vesc_ackermann/lib/vesc_ackermann/vesc_to_odom_node --ros-args -r __node:=vesc_to_odom_node -r __ns:=/vesc --params-file /home/fcsl/roboracer_ws/install/stack_master/share/stack_master/config/CAR/vehicle_config.yaml
  19249 fcsl      20   0  721960  34992  21568 S   1.5   0.4   0:00.63 /home/fcsl/miniforge3/envs/thirdimpact/lib/nav2_map_server/map_server --ros-args -r __node:=map_server --params-file /tmp/launch_params_7an6qmh_ --params-file /tmp/launch_params_3pildy1p --params-file /tmp/launch_params_bxv9_bd6 --params-file /tmp/launch_params_3ypbuy35
  19307 fcsl      20   0 1439676 103584  40816 S   1.5   1.3   0:02.12 /home/fcsl/miniforge3/envs/thirdimpact/bin/python3.12 /home/fcsl/roboracer_ws/install/frenet_conversion_server/lib/frenet_conversion_server/frenet_conversion_server_node --ros-args -r __node:=frenet_conversion_server_node --params-file /tmp/launch_params_1_pyfy3w
   5817 fcsl      20   0   19504   8220   5580 S   1.0   0.1   0:07.70 sshd: fcsl@notty
  19218 fcsl      20   0  663148  21616  14464 S   1.0   0.3   0:00.45 /home/fcsl/roboracer_ws/install/vesc_ackermann/lib/vesc_ackermann/ackermann_to_vesc_node --ros-args -r __node:=ackermann_to_vesc_node -r __ns:=/vesc --params-file /home/fcsl/roboracer_ws/install/stack_master/share/stack_master/config/CAR/vehicle_config.yaml
  19224 fcsl      20   0 1113316  63836  25836 S   1.0   0.8   0:01.10 python3 /home/fcsl/roboracer_ws/install/stack_master/lib/stack_master/static_tf_publisher.py --ros-args -r __node:=static_tf_publisher --params-file /home/fcsl/roboracer_ws/install/stack_master/share/stack_master/config/CAR/static_transforms.yaml
  19245 fcsl      20   0 1106632  62564  24328 S   1.0   0.8   0:01.08 python3 /home/fcsl/roboracer_ws/install/stack_master/lib/stack_master/map_relay_node.py --ros-args -r __node:=map_relay_node
  19553 fcsl      20   0   12120   3496   2676 R   1.0   0.0   0:00.21 top -b -c -w 512 -d 2
    309 root      20   0   24048   6028   3380 S   0.5   0.1   0:02.02 /lib/systemd/systemd-udevd
    320 root      20   0   23808   5888   3448 S   0.5   0.1   0:05.10 /lib/systemd/systemd-udevd
    981 root      20   0       0      0      0 I   0.5   0.0   0:00.32 [kworker/u12:9-events_unbound]
   5917 fcsl      20   0   11.1g 174268  46284 S   0.5   2.2   0:10.04 /home/fcsl/.vscode-server/cli/servers/Stable-6a49527b96e326fe62fbdb56f60e16877c9aa724/server/node /home/fcsl/.vscode-server/cli/servers/Stable-6a49527b96e326fe62fbdb56f60e16877c9aa724/server/out/server-main.js --connection-token=remotessh --accept-server-license-terms --agent-host-bridge-port=41459 --agent-host-bridge-host=127.0.0.1 --agent-host-bridge-connection-token=03adc759-cc11-482d-a5c4-3d1cf335af96 --start-server --enable-remote+
   6731 fcsl      20   0  997088  80596  41996 S   0.5   1.0   0:07.37 /home/fcsl/.vscode-server/cli/servers/Stable-6a49527b96e326fe62fbdb56f60e16877c9aa724/server/node /home/fcsl/.vscode-server/cli/servers/Stable-6a49527b96e326fe62fbdb56f60e16877c9aa724/server/out/bootstrap-fork --type=fileWatcher
  11828 fcsl      20   0   18824   8292   6100 S   0.5   0.1   0:00.39 sshd: fcsl@pts/5
      1 root      20   0  167496  11476   7176 S   0.0   0.1   0:03.45 /sbin/init 2
      2 root      20   0       0      0      0 S   0.0   0.0   0:00.01 [kthreadd]
      3 root       0 -20       0      0      0 I   0.0   0.0   0:00.00 [rcu_gp]
      4 root       0 -20       0      0      0 I   0.0   0.0   0:00.00 [rcu_par_gp]
      5 root       0 -20       0      0      0 I   0.0   0.0   0:00.00 [slub_flushwq]
      6 root       0 -20       0      0      0 I   0.0   0.0   0:00.00 [netns]
      8 root       0 -20       0      0      0 I   0.0   0.0   0:00.00 [kworker/0:0H-events_highpri]
     10 root       0 -20       0      0      0 I   0.0   0.0   0:00.00 [mm_percpu_wq]
     11 root      20   0       0      0      0 S   0.0   0.0   0:00.00 [rcu_tasks_kthre]
     12 root      20   0       0      0      0 S   0.0   0.0   0:00.00 [rcu_tasks_rude_]
     13 root      20   0       0      0      0 S   0.0   0.0   0:00.00 [rcu_tasks_trace]
     14 root      20   0       0      0      0 S   0.0   0.0   0:00.71 [ksoftirqd/0]
     15 root      20   0       0      0      0 I   0.0   0.0   0:00.36 [rcu_preempt]
     16 root      rt   0       0      0      0 S   0.0   0.0   0:00.00 [migration/0]
     17 root      20   0       0      0      0 S   0.0   0.0   0:00.00 [cpuhp/0]
     18 root      20   0       0      0      0 S   0.0   0.0   0:00.00 [cpuhp/1]
     19 root      rt   0       0      0      0 S   0.0   0.0   0:00.00 [migration/1]
     20 root      20   0       0      0      0 S   0.0   0.0   0:00.14 [ksoftirqd/1]
     22 root       0 -20       0      0      0 I   0.0   0.0   0:00.00 [kworker/1:0H-events_highpri]
     23 root      20   0       0      0      0 S   0.0   0.0   0:00.00 [cpuhp/2]
     24 root      rt   0       0      0      0 S   0.0   0.0   0:00.00 [migration/2]
     25 root      20   0       0      0      0 S   0.0   0.0   0:00.15 [ksoftirqd/2]
     27 root       0 -20       0      0      0 I   0.0   0.0   0:00.00 [kworker/2:0H-kblockd]
     28 root      20   0       0      0      0 S   0.0   0.0   0:00.00 [cpuhp/3]
     29 root      rt   0       0      0      0 S   0.0   0.0   0:00.00 [migration/3]
     30 root      20   0       0      0      0 S   0.0   0.0   0:00.18 [ksoftirqd/3]
     31 root      20   0       0      0      0 I   0.0   0.0   0:00.07 [kworker/3:0-mm_percpu_wq]
     32 root       0 -20       0      0      0 I   0.0   0.0   0:00.00 [kworker/3:0H-events_highpri]
     33 root      20   0       0      0      0 S   0.0   0.0   0:00.00 [cpuhp/4]
     34 root      rt   0       0      0      0 S   0.0   0.0   0:00.00 [migration/4]
     35 root      20   0       0      0      0 S   0.0   0.0   0:00.15 [ksoftirqd/4]
     37 root       0 -20       0      0      0 I   0.0   0.0   0:00.00 [kworker/4:0H-events_highpri]
     38 root      20   0       0      0      0 S   0.0   0.0   0:00.00 [cpuhp/5]
     39 root      rt   0       0      0      0 S   0.0   0.0   0:00.00 [migration/5]
     40 root      20   0       0      0      0 S   0.0   0.0   0:00.13 [ksoftirqd/5]
     42 root       0 -20       0      0      0 I   0.0   0.0   0:00.00 [kworker/5:0H-events_highpri]
     43 root      20   0       0      0      0 S   0.0   0.0   0:00.00 [kdevtmpfs]
     44 root       0 -20       0      0      0 I   0.0   0.0   0:00.00 [inet_frag_wq]
     47 root      20   0       0      0      0 I   0.0   0.0   0:00.01 [kworker/2:1-cgroup_destroy]
     50 root      20   0       0      0      0 I   0.0   0.0   0:00.00 [kworker/4:1-events]
     51 root      20   0       0      0      0 S   0.0   0.0   0:00.00 [kauditd]
     52 root      20   0       0      0      0 S   0.0   0.0   0:00.00 [oom_reaper]
     53 root       0 -20       0      0      0 I   0.0   0.0   0:00.00 [writeback]
     54 root      20   0       0      0      0 S   0.0   0.0   0:00.00 [kcompactd0]
     55 root      25   5       0      0      0 S   0.0   0.0   0:00.00 [ksmd]
     56 root      39  19       0      0      0 S   0.0   0.0   0:00.15 [khugepaged]
     67 root       0 -20       0      0      0 I   0.0   0.0   0:00.00 [cryptd]
     86 root       0 -20       0      0      0 I   0.0   0.0   0:00.00 [kintegrityd]
     87 root       0 -20       0      0      0 I   0.0   0.0   0:00.00 [kblockd]
     88 root       0 -20       0      0      0 I   0.0   0.0   0:00.00 [blkcg_punt_bio]
     89 root       0 -20       0      0      0 I   0.0   0.0   0:00.00 [tpm_dev_wq]
     90 root       0 -20       0      0      0 I   0.0   0.0   0:00.00 [ata_sff]
     91 root       0 -20       0      0      0 I   0.0   0.0   0:00.00 [edac-poller]
     92 root       0 -20       0      0      0 I   0.0   0.0   0:00.00 [devfreq_wq]
     93 root     -51   0       0      0      0 S   0.0   0.0   0:00.00 [watchdogd]
     94 root      20   0       0      0      0 I   0.0   0.0   0:00.68 [kworker/u12:1-events_freezable_power_]
     95 root      20   0       0      0      0 I   0.0   0.0   0:00.47 [kworker/u12:2-events_unbound]
     96 root       0 -20       0      0      0 I   0.0   0.0   0:00.00 [kworker/0:1H-kblockd]
     97 root       0 -20       0      0      0 I   0.0   0.0   0:00.00 [rpciod]
     98 root       0 -20       0      0      0 I   0.0   0.0   0:00.03 [kworker/u13:0-hci0]
     99 root       0 -20       0      0      0 I   0.0   0.0   0:00.00 [xprtiod]
    127 root      20   0       0      0      0 S   0.0   0.0   0:00.36 [kswapd0]
    128 root       0 -20       0      0      0 I   0.0   0.0   0:00.00 [nfsiod]
    132 root       0 -20       0      0      0 I   0.0   0.0   0:00.00 [vfio-irqfd-clea]
    133 root       0 -20       0      0      0 I   0.0   0.0   0:00.00 [bch_btree_io]
    134 root       0 -20       0      0      0 I   0.0   0.0   0:00.00 [bcache]
    135 root       0 -20       0      0      0 I   0.0   0.0   0:00.00 [bch_journal]
    136 root       0 -20       0      0      0 I   0.0   0.0   0:00.00 [dm_bufio_cache]
    138 root      10 -10       0      0      0 S   0.0   0.0   0:00.00 [krfcommd]
    139 root      20   0       0      0      0 S   0.0   0.0   0:00.00 [pr/tty0]
    140 root      20   0       0      0      0 S   0.0   0.0   0:02.86 [pr/ttyTCU0]
    143 root     -51   0       0      0      0 S   0.0   0.0   0:00.00 [irq/114-3160000]
    145 root     -51   0       0      0      0 S   0.0   0.0   0:00.00 [irq/115-3180000]
    146 root      20   0       0      0      0 I   0.0   0.0   0:00.38 [kworker/1:3-events]
    147 root     -51   0       0      0      0 S   0.0   0.0   0:00.00 [irq/116-31b0000]
    148 root     -51   0       0      0      0 S   0.0   0.0   0:00.00 [irq/167-c240000]
    149 root     -51   0       0      0      0 S   0.0   0.0   0:00.00 [irq/168-c250000]
    150 root     -51   0       0      0      0 S   0.0   0.0   0:00.00 [irq/125-3610000]
    151 root     -51   0       0      0      0 S   0.0   0.0   0:00.00 [irq/122-3610000]
    152 root      20   0       0      0      0 I   0.0   0.0   0:00.03 [kworker/5:3-mm_percpu_wq]
    153 root       0 -20       0      0      0 I   0.0   0.0   0:00.00 [sdhci]
    154 root     -51   0       0      0      0 S   0.0   0.0   0:00.00 [irq/120-mmc0]
    155 root     -51   0       0      0      0 S   0.0   0.0   0:00.00 [irq/230-3400000]
    156 root      20   0       0      0      0 I   0.0   0.0   0:00.06 [kworker/2:2-mm_percpu_wq]
    173 root       0 -20       0      0      0 I   0.0   0.0   0:00.00 [kworker/1:1H-kblockd]
    174 root      20   0       0      0      0 I   0.0   0.0   0:00.00 [kworker/3:2-mm_percpu_wq]
    179 root     -51   0       0      0      0 S   0.0   0.0   0:00.00 [irq/191-tegra-p]
    180 root       0 -20       0      0      0 I   0.0   0.0   0:00.00 [nvme-wq]
    181 root       0 -20       0      0      0 I   0.0   0.0   0:00.00 [nvme-reset-wq]
    182 root       0 -20       0      0      0 I   0.0   0.0   0:00.00 [nvme-delete-wq]
    191 root     -51   0       0      0      0 S   0.0   0.0   0:00.00 [irq/191-aerdrv]
    192 root     -51   0       0      0      0 S   0.0   0.0   0:00.00 [irq/193-tegra-p]
    195 root     -51   0       0      0      0 S   0.0   0.0   0:00.00 [irq/193-aerdrv]
    196 root     -51   0       0      0      0 S   0.0   0.0   0:00.00 [irq/195-tegra-p]
    198 root     -51   0       0      0      0 S   0.0   0.0   0:00.00 [irq/232-nvme0q0]
    199 root     -51   0       0      0      0 S   0.0   0.0   0:00.22 [irq/233-nvme0q1]
    200 root     -51   0       0      0      0 S   0.0   0.0   0:00.32 [irq/234-nvme0q2]
    201 root     -51   0       0      0      0 S   0.0   0.0   0:00.18 [irq/235-nvme0q3]
    202 root     -51   0       0      0      0 S   0.0   0.0   0:00.22 [irq/236-nvme0q4]
    203 root     -51   0       0      0      0 S   0.0   0.0   0:00.06 [irq/237-nvme0q5]
    204 root     -51   0       0      0      0 S   0.0   0.0   0:00.06 [irq/238-nvme0q6]
    205 root      20   0       0      0      0 I   0.0   0.0   0:00.49 [kworker/u12:4-events_freezable_power_]
    209 root      20   0       0      0      0 S   0.0   0.0   0:00.13 [jbd2/nvme0n1p1-]
    210 root       0 -20       0      0      0 I   0.0   0.0   0:00.00 [ext4-rsv-conver]
    211 root       0 -20       0      0      0 I   0.0   0.0   0:00.00 [kworker/2:1H-kblockd]
    220 root       0 -20       0      0      0 I   0.0   0.0   0:00.00 [mld]
    221 root       0 -20       0      0      0 I   0.0   0.0   0:00.00 [kworker/3:1H-kblockd]
    222 root       0 -20       0      0      0 I   0.0   0.0   0:00.00 [ipv6_addrconf]
    253 root      19  -1   40524   9664   8044 S   0.0   0.1   0:00.49 /lib/systemd/systemd-journald
    267 root      20   0       0      0      0 I   0.0   0.0   0:00.04 [kworker/4:2-mm_percpu_wq]
    270 root      20   0       0      0      0 I   0.0   0.0   0:00.47 [kworker/u12:5-events_freezable_power_]
    271 root      20   0       0      0      0 I   0.0   0.0   0:00.61 [kworker/u12:6-events_freezable_power_]
    272 root      20   0       0      0      0 I   0.0   0.0   0:00.36 [kworker/u12:7-devfreq_wq]
    273 root      20   0       0      0      0 I   0.0   0.0   0:00.47 [kworker/u12:8-events_freezable_power_]
    283 root      39  19       0      0      0 S   0.0   0.0   0:00.00 [nvmap-bz]
    284 root     -51   0       0      0      0 S   0.0   0.0   0:00.00 [irq/188-host1x_]
    286 root     -51   0       0      0      0 S   0.0   0.0   0:00.00 [irq/197-gk20a_s]
    287 root     -51   0       0      0      0 S   0.0   0.0   0:00.00 [irq/198-gk20a_s]
    288 root     -51   0       0      0      0 S   0.0   0.0   0:00.00 [irq/199-gk20a_s]
    289 root     -51   0       0      0      0 S   0.0   0.0   0:00.00 [irq/200-gk20a_n]
    293 root      20   0    9792   2792   2528 S   0.0   0.0   0:00.00 /bin/bash /etc/systemd/nv-tee-supplicant.sh
    298 root      20   0   76588   1360   1248 S   0.0   0.0   0:00.01 /usr/sbin/tee-supplicant
    299 root       0 -20       0      0      0 I   0.0   0.0   0:00.00 [optee_bus_scan]
    307 root       0 -20       0      0      0 I   0.0   0.0   0:00.00 [kworker/4:1H-kblockd]
    310 root      20   0   23744   5080   2712 S   0.0   0.1   0:00.16 /lib/systemd/systemd-udevd
    311 root      20   0   23396   4308   2228 S   0.0   0.1   0:00.12 /lib/systemd/systemd-udevd
    312 root      20   0   23508   4468   2212 S   0.0   0.1   0:00.15 /lib/systemd/systemd-udevd
    313 root      20   0   24528   6416   3228 S   0.0   0.1   0:00.31 /lib/systemd/systemd-udevd
    314 root      20   0   23532   4792   2660 S   0.0   0.1   0:00.24 /lib/systemd/systemd-udevd
    315 root      20   0   23500   5188   3048 S   0.0   0.1   0:00.27 /lib/systemd/systemd-udevd
    316 root      20   0   23520   4608   2452 S   0.0   0.1   0:00.16 /lib/systemd/systemd-udevd
    317 root      20   0   23540   4232   2096 S   0.0   0.1   0:00.14 /lib/systemd/systemd-udevd
    318 root      20   0   23548   4688   2540 S   0.0   0.1   0:00.10 /lib/systemd/systemd-udevd
    321 root      20   0   23396   5028   2908 S   0.0   0.1   0:00.19 /lib/systemd/systemd-udevd
    322 root      20   0   23500   5104   2852 S   0.0   0.1   0:00.18 /lib/systemd/systemd-udevd
    323 root      20   0   23516   4360   2096 S   0.0   0.1   0:00.16 /lib/systemd/systemd-udevd
    324 root      20   0   23520   4748   2480 S   0.0   0.1   0:00.18 /lib/systemd/systemd-udevd
    325 root      20   0   23500   5072   2820 S   0.0   0.1   0:00.20 /lib/systemd/systemd-udevd
    326 root      20   0   23548   4624   2476 S   0.0   0.1   0:00.16 /lib/systemd/systemd-udevd
    327 root      20   0   24548   5496   2292 S   0.0   0.1   0:00.21 /lib/systemd/systemd-udevd
    328 root      20   0   23516   4380   2212 S   0.0   0.1   0:00.13 /lib/systemd/systemd-udevd
    329 root      20   0   23524   4452   2300 S   0.0   0.1   0:00.19 /lib/systemd/systemd-udevd
    330 root      20   0   23524   4592   2440 S   0.0   0.1   0:00.22 /lib/systemd/systemd-udevd
    331 root      20   0   23524   4792   2636 S   0.0   0.1   0:00.14 /lib/systemd/systemd-udevd
    332 root       0 -20       0      0      0 I   0.0   0.0   0:00.00 [kworker/5:1H-kblockd]
    334 root      20   0   23524   4712   2532 S   0.0   0.1   0:00.16 /lib/systemd/systemd-udevd
    336 root      20   0       0      0      0 S   0.0   0.0   0:00.00 [15820000.crypto]
    337 root      20   0       0      0      0 S   0.0   0.0   0:00.00 [15840000.crypto]
    358 root      20   0   23544   4432   2140 S   0.0   0.1   0:00.15 /lib/systemd/systemd-udevd
    359 root      20   0   23524   4288   2096 S   0.0   0.1   0:00.12 /lib/systemd/systemd-udevd
    360 root      20   0   23524   4412   2220 S   0.0   0.1   0:00.14 /lib/systemd/systemd-udevd
    361 root      20   0   23524   5004   2812 S   0.0   0.1   0:00.17 /lib/systemd/systemd-udevd
    362 root      20   0   23524   4832   2644 S   0.0   0.1   0:00.23 /lib/systemd/systemd-udevd
    363 root      20   0   23816   4580   2144 S   0.0   0.1   0:00.15 /lib/systemd/systemd-udevd
    414 root     -51   0       0      0      0 S   0.0   0.0   0:00.00 [irq/219-bc00000]
    415 root      -2   0       0      0      0 S   0.0   0.0   0:00.00 [capture-control]
    416 root      -2   0       0      0      0 S   0.0   0.0   0:00.00 [capture]
    447 root     -51   0       0      0      0 S   0.0   0.0   0:00.00 [irq/189-tegra-p]
    448 root     -51   0       0      0      0 S   0.0   0.0   0:00.00 [irq/240-nvvrs-p]
    449 root     -51   0       0      0      0 S   0.0   0.0   0:00.00 [irq/214-tegra_d]
    450 root     -51   0       0      0      0 S   0.0   0.0   0:00.00 [irq/215-tegra_d]
    451 root       0 -20       0      0      0 I   0.0   0.0   0:00.00 [dce-async-ipc-w]
    452 root      20   0       0      0      0 S   0.0   0.0   0:00.00 [nv_queue]
    453 root      20   0       0      0      0 S   0.0   0.0   0:00.00 [nv_queue]
    454 root     -51   0       0      0      0 S   0.0   0.0   0:00.00 [irq/189-aerdrv]
    524 root       0 -20       0      0      0 I   0.0   0.0   0:00.00 [cfg80211]
    543 root     -51   0       0      0      0 S   0.0   0.0   0:00.00 [irq/118-3210000]
    552 root      20   0       0      0      0 S   0.0   0.0   0:00.00 [spi0]
    554 root     -51   0       0      0      0 S   0.0   0.0   0:00.00 [irq/119-3230000]
    555 root      20   0       0      0      0 S   0.0   0.0   0:00.00 [spi1]
    632 root       0 -20       0      0      0 I   0.0   0.0   0:00.00 [btfwwork]
    670 root       0 -20       0      0      0 I   0.0   0.0   0:00.00 [kworker/u13:2-hci0]
    672 root      20   0    8236   7372   1432 S   0.0   0.1   0:00.30 /usr/sbin/haveged --Foreground --verbose=1
    674 _rpc      20   0    7964   2112   1760 S   0.0   0.0   0:00.00 /sbin/rpcbind -f -w
    681 systemd+  20   0   25544  12588   8156 S   0.0   0.2   0:00.26 /lib/systemd/systemd-resolved
    682 systemd+  20   0   88788   6156   5312 S   0.0   0.1   0:00.08 /lib/systemd/systemd-timesyncd
    728 avahi     20   0    8088   2652   2300 S   0.0   0.0   0:00.08 avahi-daemon: running [ubuntu.local]
    729 root      20   0    9892   4484   4044 S   0.0   0.1   0:00.07 /usr/lib/bluetooth/bluetoothd -d --noplugin=audio,a2dp,avrcp
    730 message+  20   0   11448   5648   3108 S   0.0   0.1   0:01.66 @dbus-daemon --system --address=systemd: --nofork --nopidfile --systemd-activation --syslog-only
    731 root      20   0  263764  20360  14144 S   0.0   0.3   0:01.12 /usr/sbin/NetworkManager --no-daemon
    737 root      20   0   42224  19668   9972 S   0.0   0.3   0:00.14 /usr/bin/python3 /usr/bin/networkd-dispatcher --run-startup-triggers
    744 root      20   0   27644  15072   7804 S   0.0   0.2   0:00.10 python3 /opt/nvidia/pva-allow-2/bin/nvidiaPvaAllowd.py
    749 root      20   0  243232  10120   6268 S   0.0   0.1   0:03.17 /usr/libexec/polkitd --no-debug
    753 root      20   0  240320   8560   5832 S   0.0   0.1   0:00.04 /usr/libexec/power-profiles-daemon
    760 syslog    20   0  222164   8356   3224 S   0.0   0.1   0:00.14 /usr/sbin/rsyslogd -n -iNONE
    762 root      20   0    2240    708    628 S   0.0   0.0   0:00.00 seatd -g video
    767 root      20   0 2145820  48520  24160 S   0.0   0.6   0:04.95 /snap/snapd/current/usr/lib/snapd/snapd
    769 root      20   0  241096   7752   5856 S   0.0   0.1   0:00.80 /usr/libexec/accounts-daemon
    772 root      20   0  236800   5804   5196 S   0.0   0.1   0:00.02 /usr/libexec/switcheroo-control
    773 lp        20   0    2308    112      0 S   0.0   0.0   0:00.00 /usr/sbin/lpd -s
    774 root      20   0   48808   7200   5948 S   0.0   0.1   0:00.19 /lib/systemd/systemd-logind
    778 root      20   0  394856  14472   9176 S   0.0   0.2   0:00.28 /usr/libexec/udisks2/udisksd
    780 root      20   0   16532   9744   7852 S   0.0   0.1   0:00.08 /sbin/wpa_supplicant -u -s -O /run/wpa_supplicant
    800 avahi     20   0    7816    352      0 S   0.0   0.0   0:00.00 avahi-daemon: chroot helper
    816 root      20   0  320884  13460   9472 S   0.0   0.2   0:00.12 /usr/sbin/ModemManager
    818 root      rt   0       0      0      0 S   0.0   0.0   0:00.34 [sugov:0]
    823 root      rt   0       0      0      0 S   0.0   0.0   0:00.29 [sugov:4]
    910 root      20   0    2460   1560   1380 S   0.0   0.0   0:00.39 /usr/sbin/nvfancontrol &
    930 root      20   0       0      0      0 S   0.0   0.0   0:00.00 [sw-quiesce]
    931 root      20   0       0      0      0 S   0.0   0.0   0:01.07 [nvgpu_channel_p]
    934 root      20   0       0      0      0 S   0.0   0.0   0:00.00 [nvgpu_pg_init_g]
    954 root      20   0       0      0      0 S   0.0   0.0   0:00.00 [nvgpu_clk_arb_p]
    979 root      20   0       0      0      0 S   0.0   0.0   0:01.09 [RTW_CMD_THREAD]
   1016 root      20   0   75936   9728   7908 S   0.0   0.1   0:00.01 /usr/sbin/nvargus-daemon
   1017 root      20   0    9792   2900   2608 S   0.0   0.0   0:00.00 /bin/bash /etc/systemd/nvmemwarning.sh
   1037 root      20   0   22192   1708   1512 S   0.0   0.0   0:00.00 /usr/sbin/nvs-service
   1062 root      20   0    2336    760    672 S   0.0   0.0   0:01.58 /bin/sh /snap/cups/1237/scripts/run-cups-browsed
   1064 root      20   0    2336   1388   1264 S   0.0   0.0   0:01.60 /bin/sh /snap/cups/1237/scripts/run-cupsd
   1065 root      20   0       0      0      0 S   0.0   0.0   0:00.00 [pr/ramoops-1]
   1096 root      20   0 2012952  50020  29076 S   0.0   0.6   0:01.46 /usr/bin/containerd
   1110 root      20   0    9448   2412   2172 S   0.0   0.0   0:00.00 /usr/sbin/cron -f -P
   1136 kernoops  20   0   12820    456      0 S   0.0   0.0   0:00.00 /usr/sbin/kerneloops --test
   1145 root      20   0  241780   8612   6932 S   0.0   0.1   0:00.03 /usr/sbin/gdm3
   1162 kernoops  20   0   12820    452      0 S   0.0   0.0   0:00.00 /usr/sbin/kerneloops
   1164 root      20   0    8144    716    640 S   0.0   0.0   0:00.00 /sbin/agetty -o -p -- \u --keep-baud 115200,57600,38400,9600 ttyGS0 vt220
   1171 root      20   0    8144    724    648 S   0.0   0.0   0:00.00 /sbin/agetty -o -p -- \u --keep-baud 115200,57600,38400,9600 ttyTCU0 vt220
   1210 root      20   0  172548   9532   7592 S   0.0   0.1   0:00.04 gdm-session-worker [pam/gdm-autologin]
   1310 root      20   0    3076    916    804 S   0.0   0.0   0:00.00 /usr/sbin/nvphsd
   1316 root      20   0    3208   1408   1248 S   0.0   0.0   0:00.00 /usr/sbin/nvphsd
   1337 root      20   0 2166840  89332  54988 S   0.0   1.1   0:00.70 /usr/bin/dockerd -H fd:// --containerd=/run/containerd/containerd.sock
   1338 root      20   0   15232   8036   6460 S   0.0   0.1   0:00.02 sshd: /usr/sbin/sshd -D [listener] 0 of 10-100 startups
   1342 root      20   0       0      0      0 S   0.0   0.0   0:00.00 [file-storage]
   1350 fcsl      20   0   18416   9892   7060 S   0.0   0.1   0:00.72 /lib/systemd/systemd --user
   1360 fcsl      20   0  106740   4520      0 S   0.0   0.1   0:00.00 (sd-pam)
   1538 fcsl       9 -11   40232   5728   4620 S   0.0   0.1   0:00.02 /usr/bin/pipewire
   1539 fcsl      20   0   23884   5672   4592 S   0.0   0.1   0:00.08 /usr/bin/pipewire-media-session
   1540 fcsl       9 -11  890556  20284  12116 S   0.0   0.3   0:00.39 /usr/bin/pulseaudio --daemonize=no --log-target=journal
   1545 fcsl      20   0  241000   6164   5312 S   0.0   0.1   0:00.04 /usr/bin/gnome-keyring-daemon --daemonize --login
   1548 rtkit     21   1  153508   1472   1264 S   0.0   0.0   0:00.02 /usr/libexec/rtkit-daemon
   1559 fcsl      20   0  162628   5416   4908 S   0.0   0.1   0:00.00 /usr/libexec/gdm-x-session --run-script env GNOME_SHELL_SESSION_MODE=ubuntu /usr/bin/gnome-session --session=ubuntu
   1561 root      20   0   24.2g  80668  35156 S   0.0   1.0   0:00.52 /usr/lib/xorg/Xorg vt2 -displayfd 3 -auth /run/user/1000/gdm/Xauthority -nolisten tcp -background none -noreset -keeptty -novtswitch -verbose 3
   1564 fcsl      20   0   10132   4876   3144 S   0.0   0.1   0:00.44 /usr/bin/dbus-daemon --session --address=systemd: --nofork --nopidfile --systemd-activation --syslog-only
   1587 root      20   0       0      0      0 S   0.0   0.0   0:00.00 [nvidia-modeset/]
   1588 root      20   0       0      0      0 S   0.0   0.0   0:00.00 [nvidia-modeset/]
   1590 root      20   0       0      0      0 S   0.0   0.0   0:00.00 [nvidia]
   1591 root      20   0       0      0      0 S   0.0   0.0   0:00.00 [nv_queue]
   1729 root      20   0       0      0      0 S   0.0   0.0   0:00.00 [nvidia-drm-nv-t]
   1730 root     -51   0       0      0      0 S   0.0   0.0   0:00.00 [card1-crtc0]
   1731 root     -51   0       0      0      0 S   0.0   0.0   0:00.00 [card1-crtc1]
   1824 fcsl      20   0  225936  13728  11972 S   0.0   0.2   0:00.05 /usr/libexec/gnome-session-binary --session=ubuntu
   1916 fcsl      20   0  309864   6752   6032 S   0.0   0.1   0:00.01 /usr/libexec/at-spi-bus-launcher
   1922 fcsl      20   0    8828   3616   3116 S   0.0   0.0   0:00.01 /usr/bin/dbus-daemon --config-file=/usr/share/defaults/at-spi2/accessibility.conf --nofork --print-address 11 --address=unix:path=/run/user/1000/at-spi/bus_0
   1979 fcsl      20   0   91892   2520   2152 S   0.0   0.0   0:00.00 /usr/libexec/gnome-session-ctl --monitor
   1988 fcsl      20   0  240908   6992   6104 S   0.0   0.1   0:00.03 /usr/libexec/gvfsd
   1996 fcsl      20   0  381064   9284   4640 S   0.0   0.1   0:00.00 /usr/libexec/gvfsd-fuse /run/user/1000/gvfs -f
   1997 fcsl      20   0  596284  17864  12840 S   0.0   0.2   0:00.18 /usr/libexec/gnome-session-binary --systemd-service --session=ubuntu
   2026 fcsl      20   0 3471004 225068  81340 S   0.0   2.9   0:05.95 /usr/bin/gnome-shell
   2040 fcsl      20   0  236356   4876   4440 S   0.0   0.1   0:00.00 /usr/libexec/xdg-permission-store
   2042 fcsl      20   0  584868  17900  13432 S   0.0   0.2   0:00.06 /usr/libexec/gnome-shell-calendar-server
   2051 fcsl      20   0  397280  22796  19136 S   0.0   0.3   0:00.09 /usr/libexec/evolution-source-registry
   2059 root      20   0  242436   7680   6568 S   0.0   0.1   0:00.07 /usr/libexec/upowerd
   2061 fcsl      20   0  600496  38980  29472 S   0.0   0.5   0:00.10 /usr/libexec/goa-daemon
   2068 fcsl      20   0 1321540  31748  23404 S   0.0   0.4   0:00.14 /usr/libexec/evolution-calendar-factory
   2078 fcsl      20   0  341492  12924  11036 S   0.0   0.2   0:00.04 /usr/libexec/goa-identity-service
   2088 fcsl      20   0  156800   4488   4024 S   0.0   0.1   0:00.01 /usr/libexec/dconf-service
   2089 fcsl      20   0  823284  28368  22824 S   0.0   0.4   0:00.08 /usr/libexec/evolution-addressbook-factory
   2105 fcsl      20   0  316604  11380   7284 S   0.0   0.1   0:00.11 /usr/libexec/gvfs-udisks2-volume-monitor
   2113 fcsl      20   0  315332   6412   5548 S   0.0   0.1   0:00.04 /usr/libexec/gvfs-afc-volume-monitor
   2118 fcsl      20   0  238096   6272   5500 S   0.0   0.1   0:00.01 /usr/libexec/gvfs-gphoto2-volume-monitor
   2122 fcsl      20   0  236772   4692   4232 S   0.0   0.1   0:00.01 /usr/libexec/gvfs-mtp-volume-monitor
   2126 fcsl      20   0  236900   7852   5228 S   0.0   0.1   0:00.01 /usr/libexec/gvfs-goa-volume-monitor
   2130 root      20   0  376544  64972  16884 S   0.0   0.8   0:10.29 /usr/libexec/packagekitd
   2138 fcsl      20   0  315228   9344   6144 S   0.0   0.1   0:00.02 /usr/libexec/gvfsd-trash --spawner :1.19 /org/gtk/gvfs/exec_spaw/0
   2165 fcsl      20   0  477596  12872  10592 S   0.0   0.2   0:00.13 /usr/libexec/xdg-desktop-portal
   2175 fcsl      20   0  463504   8420   5632 S   0.0   0.1   0:00.02 /usr/libexec/xdg-document-portal
   2178 fcsl      20   0 2804936  27172  20292 S   0.0   0.3   0:00.09 /usr/bin/gjs /usr/share/gnome-shell/org.gnome.Shell.Notifications
   2182 root      20   0    2232    696    620 S   0.0   0.0   0:00.00 fusermount3 -o rw,nosuid,nodev,fsname=portal,auto_unmount,subtype=portal -- /run/user/1000/doc
   2186 fcsl      20   0  163152   7096   6328 S   0.0   0.1   0:00.01 /usr/libexec/at-spi2-registryd --use-gnome-session
   2187 fcsl      20   0  715372  51180  31356 S   0.0   0.7   0:00.26 /usr/libexec/xdg-desktop-portal-gnome
   2201 fcsl      20   0    2328    836    748 S   0.0   0.0   0:00.00 sh -c /usr/bin/ibus-daemon --panel disable $([ "$XDG_SESSION_TYPE" = "x11" ] && echo "--xim")
   2202 fcsl      20   0  310888   7992   5380 S   0.0   0.1   0:00.01 /usr/libexec/gsd-a11y-settings
   2203 fcsl      20   0  603376  28568  18872 S   0.0   0.4   0:00.19 /usr/libexec/gsd-color
   2207 fcsl      20   0  379084  16400  12388 S   0.0   0.2   0:00.03 /usr/libexec/gsd-datetime
   2209 fcsl      20   0  315524  13140   6156 S   0.0   0.2   0:00.09 /usr/bin/ibus-daemon --panel disable --xim
   2210 fcsl      20   0  312464   8500   5808 S   0.0   0.1   0:00.06 /usr/libexec/gsd-housekeeping
   2212 fcsl      20   0  418272  25220  16048 S   0.0   0.3   0:00.15 /usr/libexec/gsd-keyboard
   2213 fcsl      20   0  934772  29676  19672 S   0.0   0.4   0:00.19 /usr/libexec/gsd-media-keys
   2214 fcsl      20   0  528832  26228  18632 S   0.0   0.3   0:00.18 /usr/libexec/gsd-power
   2216 fcsl      20   0  324816   9584   8232 S   0.0   0.1   0:00.01 /usr/libexec/gsd-print-notifications
   2219 fcsl      20   0  458476   6000   5344 S   0.0   0.1   0:00.02 /usr/libexec/gsd-rfkill
   2222 fcsl      20   0  236616   4660   4280 S   0.0   0.1   0:00.00 /usr/libexec/gsd-screensaver-proxy
   2226 fcsl      20   0  467192   9032   6824 S   0.0   0.1   0:00.07 /usr/libexec/gsd-sharing
   2228 fcsl      20   0  460576   9164   6256 S   0.0   0.1   0:00.01 /usr/libexec/gsd-smartcard
   2233 fcsl      20   0  320568   8140   7112 S   0.0   0.1   0:00.01 /usr/libexec/gsd-sound
   2242 fcsl      20   0  344860  23456  16012 S   0.0   0.3   0:00.17 /usr/libexec/gsd-wacom
   2247 fcsl      20   0  656864  90552  49008 S   0.0   1.2   0:03.98 /usr/bin/gnome-software --gapplication-service
   2248 fcsl      20   0  346536  27696  17768 S   0.0   0.4   0:00.20 /usr/libexec/gsd-xsettings
   2254 fcsl      20   0  842664  65920  47764 S   0.0   0.8   0:00.32 /usr/libexec/evolution-data-server/evolution-alarm-notify
   2278 fcsl      20   0  237728   6576   5956 S   0.0   0.1   0:00.00 /usr/libexec/ibus-dconf
   2289 fcsl      20   0  275472  27360  16048 S   0.0   0.4   0:01.55 /usr/libexec/ibus-extension-gtk3
   2301 fcsl      20   0  232212   6712   5028 S   0.0   0.1   0:00.02 /usr/libexec/gsd-disk-utility-notify
   2302 fcsl      20   0  196992  23344  16300 S   0.0   0.3   0:00.15 /usr/libexec/ibus-x11 --kill-daemon
   2316 fcsl      20   0  512948  41308  23256 S   0.0   0.5   0:00.93 python3 /usr/share/nvpmodel_indicator/nvpmodel_indicator.py
   2317 fcsl      20   0  237616   6672   6068 S   0.0   0.1   0:00.02 /usr/libexec/ibus-portal
   2353 fcsl      20   0  345756  14420  10528 S   0.0   0.2   0:00.02 /usr/libexec/gsd-printer
   2377 colord    20   0  246112  11944   8192 S   0.0   0.2   0:00.16 /usr/libexec/colord
   2462 root      20   0  404236  43620  34000 S   0.0   0.6   0:00.57 /usr/libexec/fwupd/fwupd
   2498 fcsl      20   0 2739436  27332  20372 S   0.0   0.4   0:00.09 /usr/bin/gjs /usr/share/gnome-shell/org.gnome.ScreenSaver
   2511 fcsl      20   0  511640  20804   3160 S   0.0   0.3   0:00.00 python3 /usr/share/nvpmodel_indicator/nvpmodel_indicator.py
   2512 fcsl      20   0  511640  20804   3160 S   0.0   0.3   0:00.00 python3 /usr/share/nvpmodel_indicator/nvpmodel_indicator.py
   2513 fcsl      20   0  511640  20804   3160 S   0.0   0.3   0:00.00 python3 /usr/share/nvpmodel_indicator/nvpmodel_indicator.py
   2514 fcsl      20   0  511640  20804   3160 S   0.0   0.3   0:00.00 python3 /usr/share/nvpmodel_indicator/nvpmodel_indicator.py
   2515 fcsl      20   0  511640  20804   3160 S   0.0   0.3   0:00.00 python3 /usr/share/nvpmodel_indicator/nvpmodel_indicator.py
   2516 fcsl      20   0  511640  20804   3160 S   0.0   0.3   0:00.00 python3 /usr/share/nvpmodel_indicator/nvpmodel_indicator.py
   2517 fcsl      20   0  511640  20804   3160 S   0.0   0.3   0:00.00 python3 /usr/share/nvpmodel_indicator/nvpmodel_indicator.py
   2518 fcsl      20   0  511640  20804   3160 S   0.0   0.3   0:00.00 python3 /usr/share/nvpmodel_indicator/nvpmodel_indicator.py
   2520 fcsl      20   0  511652  20848   3160 S   0.0   0.3   0:00.00 python3 /usr/share/nvpmodel_indicator/nvpmodel_indicator.py
   2521 fcsl      20   0  511652  20848   3160 S   0.0   0.3   0:00.00 python3 /usr/share/nvpmodel_indicator/nvpmodel_indicator.py
   2523 fcsl      20   0  511652  20848   3160 S   0.0   0.3   0:00.00 python3 /usr/share/nvpmodel_indicator/nvpmodel_indicator.py
   2524 fcsl      20   0  511652  20848   3160 S   0.0   0.3   0:00.00 python3 /usr/share/nvpmodel_indicator/nvpmodel_indicator.py
   2525 fcsl      20   0  511652  20848   3160 S   0.0   0.3   0:00.00 python3 /usr/share/nvpmodel_indicator/nvpmodel_indicator.py
   2526 fcsl      20   0  511652  20848   3160 S   0.0   0.3   0:00.00 python3 /usr/share/nvpmodel_indicator/nvpmodel_indicator.py
   2527 fcsl      20   0  511652  20848   3160 S   0.0   0.3   0:00.00 python3 /usr/share/nvpmodel_indicator/nvpmodel_indicator.py
   2528 fcsl      20   0  511652  20848   3160 S   0.0   0.3   0:00.00 python3 /usr/share/nvpmodel_indicator/nvpmodel_indicator.py
   2529 fcsl      20   0  511652  21360   3648 S   0.0   0.3   0:00.98 python3 /usr/share/nvpmodel_indicator/nvpmodel_indicator.py
   2531 fcsl      20   0  511652  20852   3160 S   0.0   0.3   0:00.00 python3 /usr/share/nvpmodel_indicator/nvpmodel_indicator.py
   2532 fcsl      20   0  511652  20852   3160 S   0.0   0.3   0:00.00 python3 /usr/share/nvpmodel_indicator/nvpmodel_indicator.py
   2558 fcsl      20   0  238820  11516   6280 S   0.0   0.1   0:00.06 /usr/libexec/ibus-engine-hangul --ibus
   2568 fcsl      39  19  648636  29248  20296 S   0.0   0.4   0:00.55 /usr/libexec/tracker-miner-fs-3
   2570 fcsl      20   0  345256  24112  16764 S   0.0   0.3   0:00.13 /usr/libexec/xdg-desktop-portal-gtk
   2735 fcsl      20   0  163392   5864   5280 S   0.0   0.1   0:00.01 /usr/libexec/gvfsd-metadata
   2762 root      20   0  136724  11180   9516 S   0.0   0.1   0:00.36 cupsd -f -s /var/snap/cups/common/etc/cups/cups-files.conf -c /var/snap/cups/common/etc/cups/cupsd.conf
   2770 snap_da+  20   0   14484   4204   3512 S   0.0   0.1   0:00.00 /snap/cups/1237/lib/cups/notifier/dbus dbus://
   2771 snap_da+  20   0   14484   4636   3932 S   0.0   0.1   0:00.00 /snap/cups/1237/lib/cups/notifier/dbus dbus://
   2772 snap_da+  20   0   14484   4216   3524 S   0.0   0.1   0:00.00 /snap/cups/1237/lib/cups/notifier/dbus dbus://
   2773 snap_da+  20   0   14484   4272   3576 S   0.0   0.1   0:00.00 /snap/cups/1237/lib/cups/notifier/dbus dbus://
   2774 snap_da+  20   0   14484   4636   3932 S   0.0   0.1   0:00.00 /snap/cups/1237/lib/cups/notifier/dbus dbus://
   2781 root      20   0  260796  17948  13524 S   0.0   0.2   0:00.46 cups-browsed -c /var/snap/cups/common/etc/cups/cups-browsed.conf
   3356 root      20   0   18536   9044   7116 S   0.0   0.1   0:00.03 sshd: fcsl [priv]
   3413 fcsl      20   0   18984   7780   5556 S   0.0   0.1   0:00.42 sshd: fcsl@pts/0
   3414 fcsl      20   0   15168   8696   3028 S   0.0   0.1   0:00.15 -bash
   3656 root      20   0   18536   9052   7124 S   0.0   0.1   0:00.02 sshd: fcsl [priv]
   3699 fcsl      20   0   18984   7800   5576 S   0.0   0.1   0:00.01 sshd: fcsl@pts/1
   3700 fcsl      20   0   15168   8568   2900 S   0.0   0.1   0:00.11 -bash
   3956 root      20   0   18536   9052   7124 S   0.0   0.1   0:00.03 sshd: fcsl [priv]
   3986 fcsl      20   0   18984   7800   5576 S   0.0   0.1   0:00.24 sshd: fcsl@pts/2
   3987 fcsl      20   0   15168   8564   2900 S   0.0   0.1   0:00.06 -bash
   4340 fcsl      20   0  421744  28484  20708 S   0.0   0.4   0:00.18 update-notifier
   5745 root      20   0       0      0      0 I   0.0   0.0   0:00.00 [kworker/5:0-events]
   5746 root      20   0       0      0      0 I   0.0   0.0   0:00.14 [kworker/0:0-events]
   5789 root      20   0   18536   9056   7128 S   0.0   0.1   0:00.03 sshd: fcsl [priv]
   5818 fcsl      20   0    9792   2976   2680 S   0.0   0.0   0:00.00 -bash
   5821 fcsl      20   0    2440   1568   1348 S   0.0   0.0   0:00.00 sh
   5892 fcsl      20   0   42184   8676   6928 S   0.0   0.1   0:00.04 /home/fcsl/.vscode-server/code-6a49527b96e326fe62fbdb56f60e16877c9aa724 --cli-data-dir /home/fcsl/.vscode-server/cli agent host
   5913 fcsl      20   0    2328    816    732 S   0.0   0.0   0:00.00 sh /home/fcsl/.vscode-server/cli/servers/Stable-6a49527b96e326fe62fbdb56f60e16877c9aa724/server/bin/code-server --connection-token=remotessh --accept-server-license-terms --agent-host-bridge-port=41459 --agent-host-bridge-host=127.0.0.1 --agent-host-bridge-connection-token=03adc759-cc11-482d-a5c4-3d1cf335af96 --start-server --enable-remote-auto-shutdown --socket-path=/tmp/code-9639163c-fbe7-4e2e-8b21-e167c70142b5
   6192 fcsl      20   0  952820  70140  41896 S   0.0   0.9   0:01.91 /home/fcsl/.vscode-server/cli/servers/Stable-6a49527b96e326fe62fbdb56f60e16877c9aa724/server/node /home/fcsl/.vscode-server/cli/servers/Stable-6a49527b96e326fe62fbdb56f60e16877c9aa724/server/out/bootstrap-fork --type=ptyHost --logsPath /home/fcsl/.vscode-server/data/logs/20260817T111943
   6410 root      20   0       0      0      0 I   0.0   0.0   0:00.00 [kworker/1:0-events]
   7080 fcsl      20   0  405524  74872  63060 S   0.0   1.0   0:01.33 /home/fcsl/.vscode-server/extensions/openai.chatgpt-26.810.52044-linux-arm64/bin/linux-aarch64/codex -c features.code_mode_host=true app-server --analytics-default-enabled
   7182 fcsl      20   0   15216   8668   2972 S   0.0   0.1   0:00.05 /usr/bin/bash --init-file /home/fcsl/.vscode-server/cli/servers/Stable-6a49527b96e326fe62fbdb56f60e16877c9aa724/server/out/vs/workbench/contrib/terminal/common/scripts/shellIntegration-bash.sh
   7850 root      20   0   18536   9060   7132 S   0.0   0.1   0:00.04 sshd: fcsl [priv]
   7878 fcsl      20   0   18824   7676   5580 S   0.0   0.1   0:00.02 sshd: fcsl@pts/6
   7879 fcsl      20   0   15168   8708   3036 S   0.0   0.1   0:00.15 -bash
   8118 root      20   0   18536   9060   7132 S   0.0   0.1   0:00.04 sshd: fcsl [priv]
   8146 fcsl      20   0   18984   7680   5580 S   0.0   0.1   0:00.02 sshd: fcsl@pts/8
   8147 fcsl      20   0   15168   8708   3032 S   0.0   0.1   0:00.15 -bash
   8386 root      20   0   18536   9060   7132 S   0.0   0.1   0:00.04 sshd: fcsl [priv]
   8414 fcsl      20   0   18824   7672   5580 S   0.0   0.1   0:00.01 sshd: fcsl@pts/9
   8415 fcsl      20   0   15168   8640   2964 S   0.0   0.1   0:00.12 -bash
  11747 root      20   0       0      0      0 I   0.0   0.0   0:00.00 [kworker/0:2-events]
  11800 root      20   0   18536   9328   7400 S   0.0   0.1   0:00.04 sshd: fcsl [priv]
  11829 fcsl      20   0   15168   9064   3388 S   0.0   0.1   0:00.37 -bash
  16192 root      20   0       0      0      0 I   0.0   0.0   0:00.07 [kworker/u12:3-devfreq_wq]
  16258 root      20   0       0      0      0 I   0.0   0.0   0:00.00 [kworker/0:1-events]
  16292 root      20   0    8112    764    688 S   0.0   0.0   0:00.00 sleep 300
  16331 root      20   0       0      0      0 I   0.0   0.0   0:00.03 [kworker/u12:0-events_freezable_power_]
  19240 fcsl      20   0  206192  31704  14596 S   0.0   0.4   0:00.55 /home/fcsl/miniforge3/envs/thirdimpact/bin/python /home/fcsl/miniforge3/envs/thirdimpact/bin/ros2 run joy joy_node
  19545 fcsl      20   0    8112    780    704 S   0.0   0.0   0:00.00 sleep 180
  19546 fcsl      20   0   10072   3092   2780 S   0.0   0.0   0:00.00 bash ./cpu_profile.sh

top - 11:34:59 up 22 min,  8 users,  load average: 8.98, 4.57, 3.93
Tasks: 408 total,  13 running, 395 sleeping,   0 stopped,   0 zombie
%Cpu(s): 87.7 us,  8.1 sy,  0.0 ni,  0.9 id,  0.0 wa,  1.4 hi,  1.9 si,  0.0 st
MiB Mem :   7607.4 total,   1615.2 free,   3585.1 used,   2407.0 buff/cache
MiB Swap:   3803.7 total,   3803.2 free,      0.5 used.   3751.7 avail Mem 

    PID USER      PR  NI    VIRT    RES    SHR S  %CPU  %MEM     TIME+ COMMAND
  19336 fcsl      20   0 1447952 109976  42476 R  50.0   1.4   0:07.45 /home/fcsl/miniforge3/envs/thirdimpact/bin/python3.12 /home/fcsl/roboracer_ws/install/state_machine/lib/state_machine/state_machine --ros-args -r __node:=state_machine --params-file /home/fcsl/roboracer_ws/install/stack_master/share/stack_master/config/state_machine_params.yaml --params-file /tmp/launch_params_biwnb6d6 --params-file /tmp/launch_params_30za9fdy --params-file /tmp/launch_params_f2pjkjd6 --params-file /tmp/launch_params_v+
  19358 fcsl      20   0 1478356 107388  42672 R  47.1   1.4   0:06.68 /home/fcsl/miniforge3/envs/thirdimpact/bin/python3.12 /home/fcsl/roboracer_ws/install/controller/lib/controller/controller_manager --ros-args -r __node:=controller_manager --params-file /home/fcsl/roboracer_ws/install/stack_master/share/stack_master/config/controller.yaml --params-file /tmp/launch_params_rteop0df --params-file /tmp/launch_params_fgfbn70d
  19311 fcsl      20   0 1473936 105568  41672 R  41.2   1.4   0:05.89 /home/fcsl/miniforge3/envs/thirdimpact/bin/python3.12 /home/fcsl/roboracer_ws/install/frenet_odom_republisher/lib/frenet_odom_republisher/frenet_odom_republisher_node --ros-args -r __node:=frenet_odom_republisher -r /car_state/frenet/odom:=/car_state/odom_frenet
  19346 fcsl      20   0 1873344 218812  90960 R  38.7   2.8   0:06.98 /home/fcsl/miniforge3/envs/thirdimpact/bin/python3.12 /home/fcsl/roboracer_ws/install/lane_change_planner/lib/lane_change_planner/change_avoidance_node --ros-args -r __node:=planner_change --params-file /tmp/launch_params_3lr3b4pe
  19314 fcsl      20   0 1114132  64204  25816 R  36.3   0.8   0:05.29 /home/fcsl/miniforge3/envs/thirdimpact/bin/python3.12 /home/fcsl/roboracer_ws/install/lap_analyser/lib/lap_analyser/lap_analyser --ros-args -r __node:=lap_analyser --params-file /tmp/launch_params_0px3ph6a
  19344 fcsl      20   0 1815936 165616  83084 R  35.8   2.1   0:05.89 /home/fcsl/miniforge3/envs/thirdimpact/bin/python3.12 /home/fcsl/roboracer_ws/install/spliner/lib/spliner/static_avoidance_node --ros-args -r __node:=static_avoidance_planner --params-file /home/fcsl/roboracer_ws/install/stack_master/share/stack_master/config/static_avoidance_planner.yaml -r /planner/avoidance/otwpnts:=/planner/avoidance/static_otwpnts
  19342 fcsl      20   0 1847704 190068  87764 R  35.3   2.4   0:06.24 /home/fcsl/miniforge3/envs/thirdimpact/bin/python3.12 /home/fcsl/roboracer_ws/install/spliner/lib/spliner/start_spline_node_v2 --ros-args -r __node:=start_planner
  19352 fcsl      20   0 1592912 108556  42116 R  35.3   1.4   0:04.46 python3 /home/fcsl/roboracer_ws/install/gp_traj_predictor/lib/gp_traj_predictor/opponent_trajectory --ros-args -r __node:=OpponentHalflap
  19328 fcsl      20   0 1472000 130412  46628 R  34.8   1.7   0:06.08 python3 /home/fcsl/roboracer_ws/install/perception/lib/perception/tracking_node --ros-args -r __node:=tracking --params-file /home/fcsl/roboracer_ws/install/stack_master/share/stack_master/config/opponent_tracker_params.yaml -r /tracking/obstacles:=/tracking/obstacles
  19340 fcsl      20   0 1847760 190112  87768 R  32.4   2.4   0:06.16 /home/fcsl/miniforge3/envs/thirdimpact/bin/python3.12 /home/fcsl/roboracer_ws/install/recovery_spliner/lib/recovery_spliner/recovery_spliner_node --ros-args -r __node:=recovery_spliner_node
  19356 fcsl      20   0 1118620  66852  27292 S  32.4   0.9   0:03.57 python3 /home/fcsl/roboracer_ws/install/gp_traj_predictor/lib/gp_traj_predictor/opp_prediction --ros-args -r __node:=opponent_propagation_predictor
  19251 fcsl      20   0  868124  49804  36540 S  27.0   0.6   0:05.97 /home/fcsl/roboracer_ws/install/kiss_icp_localization/lib/kiss_icp_localization/localization_node --ros-args -r __node:=kiss_icp_localization --params-file /home/fcsl/roboracer_ws/install/stack_master/share/stack_master/config/kiss.yaml --params-file /tmp/launch_params_kkza55sc --params-file /tmp/launch_params_bk6s3os3
  19281 fcsl      20   0 1455628 117548  41644 R  27.0   1.5   0:06.09 /home/fcsl/miniforge3/envs/thirdimpact/bin/python3.12 /home/fcsl/roboracer_ws/install/gb_optimizer/lib/gb_optimizer/global_trajectory_publisher --ros-args -r __node:=global_republisher --params-file /tmp/launch_params_lsq8407e
  19350 fcsl      20   0 1114192  64960  25644 S  26.5   0.8   0:02.99 /home/fcsl/miniforge3/envs/thirdimpact/bin/python3.12 /home/fcsl/roboracer_ws/install/lane_change_planner/lib/lane_change_planner/update_waypoints --ros-args -r __node:=waypoint_updater
  19230 fcsl      20   0 1106708  60188  24440 S  15.2   0.8   0:02.72 python3 /home/fcsl/roboracer_ws/install/stack_master/lib/stack_master/simple_mux_node.py --ros-args -r __node:=simple_mux --params-file /home/fcsl/roboracer_ws/install/stack_master/share/stack_master/config/CAR/vehicle_config.yaml --params-file /tmp/launch_params_pywsh3_8 --params-file /tmp/launch_params_yk3h0muz --params-file /tmp/launch_params_uihzw7ry --params-file /tmp/launch_params_5fc12uzq --params-file /tmp/launch_params_nd2qw0hk
  19297 fcsl      20   0 1519136 109096  42496 S  13.2   1.4   0:03.36 /home/fcsl/miniforge3/envs/thirdimpact/bin/python3.12 /home/fcsl/roboracer_ws/install/overtaking_sector_tuner/lib/overtaking_sector_tuner/ot_interpolator --ros-args -r __node:=ot_sector_tuner --params-file /home/fcsl/roboracer_ws/install/stack_master/share/stack_master/maps/0815test3/ot_sectors.yaml --params-file /tmp/launch_params_ti68gs7d
  19326 fcsl      20   0 1126000  53876  33796 S   7.4   0.7   0:01.35 /home/fcsl/roboracer_ws/install/perception/lib/perception/detect --ros-args -r __node:=detect --params-file /home/fcsl/roboracer_ws/install/stack_master/share/stack_master/config/opponent_tracker_params.yaml --params-file /tmp/launch_params_gk8q2zkj
  19216 fcsl      20   0  882452  23088  13904 R   6.9   0.3   0:01.53 /home/fcsl/roboracer_ws/install/vesc_driver/lib/vesc_driver/vesc_driver_node --ros-args -r __node:=vesc_driver_node -r __ns:=/vesc --params-file /home/fcsl/roboracer_ws/install/stack_master/share/stack_master/config/CAR/vehicle_config.yaml
  19213 fcsl      20   0 2285720  52248  16816 S   5.9   0.7   0:03.49 /home/fcsl/miniforge3/envs/thirdimpact/bin/python /home/fcsl/miniforge3/envs/thirdimpact/bin/ros2 launch stack_master race.launch.xml map:=0815test3
   6720 fcsl      20   0   42.1g 668856  59704 S   5.4   8.6   1:03.65 /home/fcsl/.vscode-server/cli/servers/Stable-6a49527b96e326fe62fbdb56f60e16877c9aa724/server/node --dns-result-order=ipv4first /home/fcsl/.vscode-server/cli/servers/Stable-6a49527b96e326fe62fbdb56f60e16877c9aa724/server/out/bootstrap-fork --type=extensionHost --transformURIs --useHostProxy=false
  19561 fcsl      20   0  823792  26624  16644 S   3.9   0.3   0:01.00 /home/fcsl/miniforge3/envs/thirdimpact/lib/joy/joy_node
  19289 fcsl      20   0 1118656  66924  26820 S   3.4   0.9   0:01.66 /home/fcsl/miniforge3/envs/thirdimpact/bin/python3.12 /home/fcsl/roboracer_ws/install/sector_tuner/lib/sector_tuner/sector_tuner --ros-args -r __node:=speed_sector_tuner --params-file /home/fcsl/roboracer_ws/install/stack_master/share/stack_master/maps/0815test3/speed_scaling.yaml --params-file /tmp/launch_params_kwlnquqh
  19354 fcsl      20   0 1085540 141980  48776 S   2.9   1.8   0:03.31 python3 /home/fcsl/roboracer_ws/install/gp_traj_predictor/lib/gp_traj_predictor/gaussian_process_opp_traj --ros-args -r __node:=GP_trajectory
  19222 fcsl      20   0  817464  21696  14172 S   2.5   0.3   0:00.77 /home/fcsl/roboracer_ws/install/urg_node/lib/urg_node/urg_node_driver --ros-args -r __node:=urg_node --params-file /home/fcsl/roboracer_ws/install/stack_master/share/stack_master/config/CAR/vehicle_config.yaml -r /scan:=/scan
  19247 fcsl      20   0  817644  25596  17424 S   2.0   0.3   0:00.64 /home/fcsl/miniforge3/envs/thirdimpact/lib/nav2_lifecycle_manager/lifecycle_manager --ros-args -r __node:=lifecycle_manager_localization --params-file /tmp/launch_params_gzsj1u13 --params-file /tmp/launch_params_7txkr4rh --params-file /tmp/launch_params_ojdu_5r1
  19249 fcsl      20   0  721960  34992  21568 S   2.0   0.4   0:00.67 /home/fcsl/miniforge3/envs/thirdimpact/lib/nav2_map_server/map_server --ros-args -r __node:=map_server --params-file /tmp/launch_params_7an6qmh_ --params-file /tmp/launch_params_3pildy1p --params-file /tmp/launch_params_bxv9_bd6 --params-file /tmp/launch_params_3ypbuy35
   5868 fcsl      20   0   45844  12856   8268 S   1.5   0.2   0:11.44 /home/fcsl/.vscode-server/code-6a49527b96e326fe62fbdb56f60e16877c9aa724 command-shell --cli-data-dir /home/fcsl/.vscode-server/cli --parent-process-id 5821 --on-host=127.0.0.1 --on-port
  19220 fcsl      20   0  663144  21780  14644 S   1.5   0.3   0:00.61 /home/fcsl/roboracer_ws/install/vesc_ackermann/lib/vesc_ackermann/vesc_to_odom_node --ros-args -r __node:=vesc_to_odom_node -r __ns:=/vesc --params-file /home/fcsl/roboracer_ws/install/stack_master/share/stack_master/config/CAR/vehicle_config.yaml
  19307 fcsl      20   0 1439676 103584  40816 S   1.5   1.3   0:02.15 /home/fcsl/miniforge3/envs/thirdimpact/bin/python3.12 /home/fcsl/roboracer_ws/install/frenet_conversion_server/lib/frenet_conversion_server/frenet_conversion_server_node --ros-args -r __node:=frenet_conversion_server_node --params-file /tmp/launch_params_1_pyfy3w
  19553 fcsl      20   0   12120   3496   2676 R   1.5   0.0   0:00.24 top -b -c -w 512 -d 2
   5817 fcsl      20   0   19504   8220   5580 S   1.0   0.1   0:07.72 sshd: fcsl@notty
  11828 fcsl      20   0   18824   8292   6100 S   1.0   0.1   0:00.41 sshd: fcsl@pts/5
  19224 fcsl      20   0 1113316  63836  25836 S   1.0   0.8   0:01.12 python3 /home/fcsl/roboracer_ws/install/stack_master/lib/stack_master/static_tf_publisher.py --ros-args -r __node:=static_tf_publisher --params-file /home/fcsl/roboracer_ws/install/stack_master/share/stack_master/config/CAR/static_transforms.yaml
  19245 fcsl      20   0 1106632  62564  24328 S   1.0   0.8   0:01.10 python3 /home/fcsl/roboracer_ws/install/stack_master/lib/stack_master/map_relay_node.py --ros-args -r __node:=map_relay_node
     95 root      20   0       0      0      0 I   0.5   0.0   0:00.48 [kworker/u12:2-events_unbound]
   6192 fcsl      20   0  952820  70140  41896 S   0.5   0.9   0:01.92 /home/fcsl/.vscode-server/cli/servers/Stable-6a49527b96e326fe62fbdb56f60e16877c9aa724/server/node /home/fcsl/.vscode-server/cli/servers/Stable-6a49527b96e326fe62fbdb56f60e16877c9aa724/server/out/bootstrap-fork --type=ptyHost --logsPath /home/fcsl/.vscode-server/data/logs/20260817T111943
   6731 fcsl      20   0  997088  80596  41996 S   0.5   1.0   0:07.38 /home/fcsl/.vscode-server/cli/servers/Stable-6a49527b96e326fe62fbdb56f60e16877c9aa724/server/node /home/fcsl/.vscode-server/cli/servers/Stable-6a49527b96e326fe62fbdb56f60e16877c9aa724/server/out/bootstrap-fork --type=fileWatcher
  19218 fcsl      20   0  663148  21616  14464 S   0.5   0.3   0:00.46 /home/fcsl/roboracer_ws/install/vesc_ackermann/lib/vesc_ackermann/ackermann_to_vesc_node --ros-args -r __node:=ackermann_to_vesc_node -r __ns:=/vesc --params-file /home/fcsl/roboracer_ws/install/stack_master/share/stack_master/config/CAR/vehicle_config.yaml
      1 root      20   0  167496  11476   7176 S   0.0   0.1   0:03.45 /sbin/init 2
      2 root      20   0       0      0      0 S   0.0   0.0   0:00.01 [kthreadd]
      3 root       0 -20       0      0      0 I   0.0   0.0   0:00.00 [rcu_gp]
      4 root       0 -20       0      0      0 I   0.0   0.0   0:00.00 [rcu_par_gp]
      5 root       0 -20       0      0      0 I   0.0   0.0   0:00.00 [slub_flushwq]
      6 root       0 -20       0      0      0 I   0.0   0.0   0:00.00 [netns]
      8 root       0 -20       0      0      0 I   0.0   0.0   0:00.00 [kworker/0:0H-events_highpri]
     10 root       0 -20       0      0      0 I   0.0   0.0   0:00.00 [mm_percpu_wq]
     11 root      20   0       0      0      0 S   0.0   0.0   0:00.00 [rcu_tasks_kthre]
     12 root      20   0       0      0      0 S   0.0   0.0   0:00.00 [rcu_tasks_rude_]
     13 root      20   0       0      0      0 S   0.0   0.0   0:00.00 [rcu_tasks_trace]
     14 root      20   0       0      0      0 S   0.0   0.0   0:00.71 [ksoftirqd/0]
     15 root      20   0       0      0      0 I   0.0   0.0   0:00.36 [rcu_preempt]
     16 root      rt   0       0      0      0 S   0.0   0.0   0:00.00 [migration/0]
     17 root      20   0       0      0      0 S   0.0   0.0   0:00.00 [cpuhp/0]
     18 root      20   0       0      0      0 S   0.0   0.0   0:00.00 [cpuhp/1]
     19 root      rt   0       0      0      0 S   0.0   0.0   0:00.00 [migration/1]
     20 root      20   0       0      0      0 S   0.0   0.0   0:00.14 [ksoftirqd/1]
     22 root       0 -20       0      0      0 I   0.0   0.0   0:00.00 [kworker/1:0H-events_highpri]
     23 root      20   0       0      0      0 S   0.0   0.0   0:00.00 [cpuhp/2]
     24 root      rt   0       0      0      0 S   0.0   0.0   0:00.00 [migration/2]
     25 root      20   0       0      0      0 S   0.0   0.0   0:00.15 [ksoftirqd/2]
     27 root       0 -20       0      0      0 I   0.0   0.0   0:00.00 [kworker/2:0H-kblockd]
     28 root      20   0       0      0      0 S   0.0   0.0   0:00.00 [cpuhp/3]
     29 root      rt   0       0      0      0 S   0.0   0.0   0:00.00 [migration/3]
     30 root      20   0       0      0      0 S   0.0   0.0   0:00.18 [ksoftirqd/3]
     31 root      20   0       0      0      0 I   0.0   0.0   0:00.07 [kworker/3:0-mm_percpu_wq]
     32 root       0 -20       0      0      0 I   0.0   0.0   0:00.00 [kworker/3:0H-events_highpri]
     33 root      20   0       0      0      0 S   0.0   0.0   0:00.00 [cpuhp/4]
     34 root      rt   0       0      0      0 S   0.0   0.0   0:00.00 [migration/4]
     35 root      20   0       0      0      0 S   0.0   0.0   0:00.15 [ksoftirqd/4]
     37 root       0 -20       0      0      0 I   0.0   0.0   0:00.00 [kworker/4:0H-events_highpri]
     38 root      20   0       0      0      0 S   0.0   0.0   0:00.00 [cpuhp/5]
     39 root      rt   0       0      0      0 S   0.0   0.0   0:00.00 [migration/5]
     40 root      20   0       0      0      0 S   0.0   0.0   0:00.13 [ksoftirqd/5]
     42 root       0 -20       0      0      0 I   0.0   0.0   0:00.00 [kworker/5:0H-events_highpri]
     43 root      20   0       0      0      0 S   0.0   0.0   0:00.00 [kdevtmpfs]
     44 root       0 -20       0      0      0 I   0.0   0.0   0:00.00 [inet_frag_wq]
     47 root      20   0       0      0      0 I   0.0   0.0   0:00.01 [kworker/2:1-cgroup_destroy]
     50 root      20   0       0      0      0 I   0.0   0.0   0:00.00 [kworker/4:1-events]
     51 root      20   0       0      0      0 S   0.0   0.0   0:00.00 [kauditd]
     52 root      20   0       0      0      0 S   0.0   0.0   0:00.00 [oom_reaper]
     53 root       0 -20       0      0      0 I   0.0   0.0   0:00.00 [writeback]
     54 root      20   0       0      0      0 S   0.0   0.0   0:00.00 [kcompactd0]
     55 root      25   5       0      0      0 S   0.0   0.0   0:00.00 [ksmd]
     56 root      39  19       0      0      0 S   0.0   0.0   0:00.15 [khugepaged]
     67 root       0 -20       0      0      0 I   0.0   0.0   0:00.00 [cryptd]
     86 root       0 -20       0      0      0 I   0.0   0.0   0:00.00 [kintegrityd]
     87 root       0 -20       0      0      0 I   0.0   0.0   0:00.00 [kblockd]
     88 root       0 -20       0      0      0 I   0.0   0.0   0:00.00 [blkcg_punt_bio]
     89 root       0 -20       0      0      0 I   0.0   0.0   0:00.00 [tpm_dev_wq]
     90 root       0 -20       0      0      0 I   0.0   0.0   0:00.00 [ata_sff]
     91 root       0 -20       0      0      0 I   0.0   0.0   0:00.00 [edac-poller]
     92 root       0 -20       0      0      0 I   0.0   0.0   0:00.00 [devfreq_wq]
     93 root     -51   0       0      0      0 S   0.0   0.0   0:00.00 [watchdogd]
     94 root      20   0       0      0      0 I   0.0   0.0   0:00.68 [kworker/u12:1-events_freezable_power_]
     96 root       0 -20       0      0      0 I   0.0   0.0   0:00.00 [kworker/0:1H-kblockd]
     97 root       0 -20       0      0      0 I   0.0   0.0   0:00.00 [rpciod]
     98 root       0 -20       0      0      0 I   0.0   0.0   0:00.03 [kworker/u13:0-hci0]
     99 root       0 -20       0      0      0 I   0.0   0.0   0:00.00 [xprtiod]
    127 root      20   0       0      0      0 S   0.0   0.0   0:00.36 [kswapd0]
    128 root       0 -20       0      0      0 I   0.0   0.0   0:00.00 [nfsiod]
    132 root       0 -20       0      0      0 I   0.0   0.0   0:00.00 [vfio-irqfd-clea]
    133 root       0 -20       0      0      0 I   0.0   0.0   0:00.00 [bch_btree_io]
    134 root       0 -20       0      0      0 I   0.0   0.0   0:00.00 [bcache]
    135 root       0 -20       0      0      0 I   0.0   0.0   0:00.00 [bch_journal]
    136 root       0 -20       0      0      0 I   0.0   0.0   0:00.00 [dm_bufio_cache]
    138 root      10 -10       0      0      0 S   0.0   0.0   0:00.00 [krfcommd]
    139 root      20   0       0      0      0 S   0.0   0.0   0:00.00 [pr/tty0]
    140 root      20   0       0      0      0 S   0.0   0.0   0:02.86 [pr/ttyTCU0]
    143 root     -51   0       0      0      0 S   0.0   0.0   0:00.00 [irq/114-3160000]
    145 root     -51   0       0      0      0 S   0.0   0.0   0:00.00 [irq/115-3180000]
    146 root      20   0       0      0      0 I   0.0   0.0   0:00.38 [kworker/1:3-mm_percpu_wq]
    147 root     -51   0       0      0      0 S   0.0   0.0   0:00.00 [irq/116-31b0000]
    148 root     -51   0       0      0      0 S   0.0   0.0   0:00.00 [irq/167-c240000]
    149 root     -51   0       0      0      0 S   0.0   0.0   0:00.00 [irq/168-c250000]
    150 root     -51   0       0      0      0 S   0.0   0.0   0:00.00 [irq/125-3610000]
    151 root     -51   0       0      0      0 S   0.0   0.0   0:00.00 [irq/122-3610000]
    152 root      20   0       0      0      0 I   0.0   0.0   0:00.03 [kworker/5:3-mm_percpu_wq]
    153 root       0 -20       0      0      0 I   0.0   0.0   0:00.00 [sdhci]
    154 root     -51   0       0      0      0 S   0.0   0.0   0:00.00 [irq/120-mmc0]
    155 root     -51   0       0      0      0 S   0.0   0.0   0:00.00 [irq/230-3400000]
    156 root      20   0       0      0      0 I   0.0   0.0   0:00.06 [kworker/2:2-mm_percpu_wq]
    173 root       0 -20       0      0      0 I   0.0   0.0   0:00.00 [kworker/1:1H-kblockd]
    174 root      20   0       0      0      0 I   0.0   0.0   0:00.00 [kworker/3:2-mm_percpu_wq]
    179 root     -51   0       0      0      0 S   0.0   0.0   0:00.00 [irq/191-tegra-p]
    180 root       0 -20       0      0      0 I   0.0   0.0   0:00.00 [nvme-wq]
    181 root       0 -20       0      0      0 I   0.0   0.0   0:00.00 [nvme-reset-wq]
    182 root       0 -20       0      0      0 I   0.0   0.0   0:00.00 [nvme-delete-wq]
    191 root     -51   0       0      0      0 S   0.0   0.0   0:00.00 [irq/191-aerdrv]
    192 root     -51   0       0      0      0 S   0.0   0.0   0:00.00 [irq/193-tegra-p]
    195 root     -51   0       0      0      0 S   0.0   0.0   0:00.00 [irq/193-aerdrv]
    196 root     -51   0       0      0      0 S   0.0   0.0   0:00.00 [irq/195-tegra-p]
    198 root     -51   0       0      0      0 S   0.0   0.0   0:00.00 [irq/232-nvme0q0]
    199 root     -51   0       0      0      0 S   0.0   0.0   0:00.22 [irq/233-nvme0q1]
    200 root     -51   0       0      0      0 S   0.0   0.0   0:00.32 [irq/234-nvme0q2]
    201 root     -51   0       0      0      0 S   0.0   0.0   0:00.18 [irq/235-nvme0q3]
    202 root     -51   0       0      0      0 S   0.0   0.0   0:00.22 [irq/236-nvme0q4]
    203 root     -51   0       0      0      0 S   0.0   0.0   0:00.06 [irq/237-nvme0q5]
    204 root     -51   0       0      0      0 S   0.0   0.0   0:00.06 [irq/238-nvme0q6]
    205 root      20   0       0      0      0 I   0.0   0.0   0:00.49 [kworker/u12:4-events_freezable_power_]
    209 root      20   0       0      0      0 S   0.0   0.0   0:00.13 [jbd2/nvme0n1p1-]
    210 root       0 -20       0      0      0 I   0.0   0.0   0:00.00 [ext4-rsv-conver]
    211 root       0 -20       0      0      0 I   0.0   0.0   0:00.00 [kworker/2:1H-kblockd]
    220 root       0 -20       0      0      0 I   0.0   0.0   0:00.00 [mld]
    221 root       0 -20       0      0      0 I   0.0   0.0   0:00.00 [kworker/3:1H-kblockd]
    222 root       0 -20       0      0      0 I   0.0   0.0   0:00.00 [ipv6_addrconf]
    253 root      19  -1   40524   9664   8044 S   0.0   0.1   0:00.49 /lib/systemd/systemd-journald
    267 root      20   0       0      0      0 I   0.0   0.0   0:00.04 [kworker/4:2-mm_percpu_wq]
    270 root      20   0       0      0      0 I   0.0   0.0   0:00.47 [kworker/u12:5-events_freezable_power_]
    271 root      20   0       0      0      0 I   0.0   0.0   0:00.61 [kworker/u12:6-events_freezable_power_]
    272 root      20   0       0      0      0 I   0.0   0.0   0:00.36 [kworker/u12:7-devfreq_wq]
    273 root      20   0       0      0      0 I   0.0   0.0   0:00.47 [kworker/u12:8-events_freezable_power_]
    283 root      39  19       0      0      0 S   0.0   0.0   0:00.00 [nvmap-bz]
    284 root     -51   0       0      0      0 S   0.0   0.0   0:00.00 [irq/188-host1x_]
    286 root     -51   0       0      0      0 S   0.0   0.0   0:00.00 [irq/197-gk20a_s]
    287 root     -51   0       0      0      0 S   0.0   0.0   0:00.00 [irq/198-gk20a_s]
    288 root     -51   0       0      0      0 S   0.0   0.0   0:00.00 [irq/199-gk20a_s]
    289 root     -51   0       0      0      0 S   0.0   0.0   0:00.00 [irq/200-gk20a_n]
    293 root      20   0    9792   2792   2528 S   0.0   0.0   0:00.00 /bin/bash /etc/systemd/nv-tee-supplicant.sh
    298 root      20   0   76588   1360   1248 S   0.0   0.0   0:00.01 /usr/sbin/tee-supplicant
    299 root       0 -20       0      0      0 I   0.0   0.0   0:00.00 [optee_bus_scan]
    307 root       0 -20       0      0      0 I   0.0   0.0   0:00.00 [kworker/4:1H-kblockd]
    309 root      20   0   24048   6028   3380 S   0.0   0.1   0:02.02 /lib/systemd/systemd-udevd
    310 root      20   0   23744   5080   2712 S   0.0   0.1   0:00.16 /lib/systemd/systemd-udevd
    311 root      20   0   23396   4308   2228 S   0.0   0.1   0:00.12 /lib/systemd/systemd-udevd
    312 root      20   0   23508   4468   2212 S   0.0   0.1   0:00.15 /lib/systemd/systemd-udevd
    313 root      20   0   24528   6416   3228 S   0.0   0.1   0:00.31 /lib/systemd/systemd-udevd
    314 root      20   0   23532   4792   2660 S   0.0   0.1   0:00.24 /lib/systemd/systemd-udevd
    315 root      20   0   23500   5188   3048 S   0.0   0.1   0:00.27 /lib/systemd/systemd-udevd
    316 root      20   0   23520   4608   2452 S   0.0   0.1   0:00.16 /lib/systemd/systemd-udevd
    317 root      20   0   23540   4232   2096 S   0.0   0.1   0:00.14 /lib/systemd/systemd-udevd
    318 root      20   0   23548   4688   2540 S   0.0   0.1   0:00.10 /lib/systemd/systemd-udevd
    320 root      20   0   23808   5888   3448 S   0.0   0.1   0:05.10 /lib/systemd/systemd-udevd
    321 root      20   0   23396   5028   2908 S   0.0   0.1   0:00.19 /lib/systemd/systemd-udevd
    322 root      20   0   23500   5104   2852 S   0.0   0.1   0:00.18 /lib/systemd/systemd-udevd
    323 root      20   0   23516   4360   2096 S   0.0   0.1   0:00.16 /lib/systemd/systemd-udevd
    324 root      20   0   23520   4748   2480 S   0.0   0.1   0:00.18 /lib/systemd/systemd-udevd
    325 root      20   0   23500   5072   2820 S   0.0   0.1   0:00.20 /lib/systemd/systemd-udevd
    326 root      20   0   23548   4624   2476 S   0.0   0.1   0:00.16 /lib/systemd/systemd-udevd
    327 root      20   0   24548   5496   2292 S   0.0   0.1   0:00.21 /lib/systemd/systemd-udevd
    328 root      20   0   23516   4380   2212 S   0.0   0.1   0:00.13 /lib/systemd/systemd-udevd
    329 root      20   0   23524   4452   2300 S   0.0   0.1   0:00.19 /lib/systemd/systemd-udevd
    330 root      20   0   23524   4592   2440 S   0.0   0.1   0:00.22 /lib/systemd/systemd-udevd
    331 root      20   0   23524   4792   2636 S   0.0   0.1   0:00.14 /lib/systemd/systemd-udevd
    332 root       0 -20       0      0      0 I   0.0   0.0   0:00.00 [kworker/5:1H-kblockd]
    334 root      20   0   23524   4712   2532 S   0.0   0.1   0:00.16 /lib/systemd/systemd-udevd
    336 root      20   0       0      0      0 S   0.0   0.0   0:00.00 [15820000.crypto]
    337 root      20   0       0      0      0 S   0.0   0.0   0:00.00 [15840000.crypto]
    358 root      20   0   23544   4432   2140 S   0.0   0.1   0:00.15 /lib/systemd/systemd-udevd
    359 root      20   0   23524   4288   2096 S   0.0   0.1   0:00.12 /lib/systemd/systemd-udevd
    360 root      20   0   23524   4412   2220 S   0.0   0.1   0:00.14 /lib/systemd/systemd-udevd
    361 root      20   0   23524   5004   2812 S   0.0   0.1   0:00.17 /lib/systemd/systemd-udevd
    362 root      20   0   23524   4832   2644 S   0.0   0.1   0:00.23 /lib/systemd/systemd-udevd
    363 root      20   0   23816   4580   2144 S   0.0   0.1   0:00.15 /lib/systemd/systemd-udevd
    414 root     -51   0       0      0      0 S   0.0   0.0   0:00.00 [irq/219-bc00000]
    415 root      -2   0       0      0      0 S   0.0   0.0   0:00.00 [capture-control]
    416 root      -2   0       0      0      0 S   0.0   0.0   0:00.00 [capture]
    447 root     -51   0       0      0      0 S   0.0   0.0   0:00.00 [irq/189-tegra-p]
    448 root     -51   0       0      0      0 S   0.0   0.0   0:00.00 [irq/240-nvvrs-p]
    449 root     -51   0       0      0      0 S   0.0   0.0   0:00.00 [irq/214-tegra_d]
    450 root     -51   0       0      0      0 S   0.0   0.0   0:00.00 [irq/215-tegra_d]
    451 root       0 -20       0      0      0 I   0.0   0.0   0:00.00 [dce-async-ipc-w]
    452 root      20   0       0      0      0 S   0.0   0.0   0:00.00 [nv_queue]
    453 root      20   0       0      0      0 S   0.0   0.0   0:00.00 [nv_queue]
    454 root     -51   0       0      0      0 S   0.0   0.0   0:00.00 [irq/189-aerdrv]
    524 root       0 -20       0      0      0 I   0.0   0.0   0:00.00 [cfg80211]
    543 root     -51   0       0      0      0 S   0.0   0.0   0:00.00 [irq/118-3210000]
    552 root      20   0       0      0      0 S   0.0   0.0   0:00.00 [spi0]
    554 root     -51   0       0      0      0 S   0.0   0.0   0:00.00 [irq/119-3230000]
    555 root      20   0       0      0      0 S   0.0   0.0   0:00.00 [spi1]
    632 root       0 -20       0      0      0 I   0.0   0.0   0:00.00 [btfwwork]
    670 root       0 -20       0      0      0 I   0.0   0.0   0:00.00 [kworker/u13:2-hci0]
    672 root      20   0    8236   7372   1432 S   0.0   0.1   0:00.30 /usr/sbin/haveged --Foreground --verbose=1
    674 _rpc      20   0    7964   2112   1760 S   0.0   0.0   0:00.00 /sbin/rpcbind -f -w
    681 systemd+  20   0   25544  12588   8156 S   0.0   0.2   0:00.26 /lib/systemd/systemd-resolved
    682 systemd+  20   0   88788   6156   5312 S   0.0   0.1   0:00.08 /lib/systemd/systemd-timesyncd
    728 avahi     20   0    8088   2652   2300 S   0.0   0.0   0:00.08 avahi-daemon: running [ubuntu.local]
    729 root      20   0    9892   4484   4044 S   0.0   0.1   0:00.07 /usr/lib/bluetooth/bluetoothd -d --noplugin=audio,a2dp,avrcp
    730 message+  20   0   11448   5648   3108 S   0.0   0.1   0:01.66 @dbus-daemon --system --address=systemd: --nofork --nopidfile --systemd-activation --syslog-only
    731 root      20   0  263764  20360  14144 S   0.0   0.3   0:01.12 /usr/sbin/NetworkManager --no-daemon
    737 root      20   0   42224  19668   9972 S   0.0   0.3   0:00.14 /usr/bin/python3 /usr/bin/networkd-dispatcher --run-startup-triggers
    744 root      20   0   27644  15072   7804 S   0.0   0.2   0:00.10 python3 /opt/nvidia/pva-allow-2/bin/nvidiaPvaAllowd.py
    749 root      20   0  243232  10120   6268 S   0.0   0.1   0:03.17 /usr/libexec/polkitd --no-debug
    753 root      20   0  240320   8560   5832 S   0.0   0.1   0:00.04 /usr/libexec/power-profiles-daemon
    760 syslog    20   0  222164   8356   3224 S   0.0   0.1   0:00.14 /usr/sbin/rsyslogd -n -iNONE
    762 root      20   0    2240    708    628 S   0.0   0.0   0:00.00 seatd -g video
    767 root      20   0 2145820  48520  24160 S   0.0   0.6   0:04.95 /snap/snapd/current/usr/lib/snapd/snapd
    769 root      20   0  241096   7752   5856 S   0.0   0.1   0:00.80 /usr/libexec/accounts-daemon
    772 root      20   0  236800   5804   5196 S   0.0   0.1   0:00.02 /usr/libexec/switcheroo-control
    773 lp        20   0    2308    112      0 S   0.0   0.0   0:00.00 /usr/sbin/lpd -s
    774 root      20   0   48808   7200   5948 S   0.0   0.1   0:00.19 /lib/systemd/systemd-logind
    778 root      20   0  394856  14472   9176 S   0.0   0.2   0:00.28 /usr/libexec/udisks2/udisksd
    780 root      20   0   16532   9744   7852 S   0.0   0.1   0:00.08 /sbin/wpa_supplicant -u -s -O /run/wpa_supplicant
    800 avahi     20   0    7816    352      0 S   0.0   0.0   0:00.00 avahi-daemon: chroot helper
    816 root      20   0  320884  13460   9472 S   0.0   0.2   0:00.12 /usr/sbin/ModemManager
    818 root      rt   0       0      0      0 S   0.0   0.0   0:00.34 [sugov:0]
    823 root      rt   0       0      0      0 S   0.0   0.0   0:00.29 [sugov:4]
    910 root      20   0    2460   1560   1380 S   0.0   0.0   0:00.39 /usr/sbin/nvfancontrol &
    930 root      20   0       0      0      0 S   0.0   0.0   0:00.00 [sw-quiesce]
    931 root      20   0       0      0      0 S   0.0   0.0   0:01.07 [nvgpu_channel_p]
    934 root      20   0       0      0      0 S   0.0   0.0   0:00.00 [nvgpu_pg_init_g]
    954 root      20   0       0      0      0 S   0.0   0.0   0:00.00 [nvgpu_clk_arb_p]
    979 root      20   0       0      0      0 S   0.0   0.0   0:01.09 [RTW_CMD_THREAD]
    981 root      20   0       0      0      0 I   0.0   0.0   0:00.32 [kworker/u12:9-events_freezable_power_]
   1016 root      20   0   75936   9728   7908 S   0.0   0.1   0:00.01 /usr/sbin/nvargus-daemon
   1017 root      20   0    9792   2900   2608 S   0.0   0.0   0:00.00 /bin/bash /etc/systemd/nvmemwarning.sh
   1037 root      20   0   22192   1708   1512 S   0.0   0.0   0:00.00 /usr/sbin/nvs-service
   1062 root      20   0    2336    760    672 S   0.0   0.0   0:01.58 /bin/sh /snap/cups/1237/scripts/run-cups-browsed
   1064 root      20   0    2336   1388   1264 S   0.0   0.0   0:01.60 /bin/sh /snap/cups/1237/scripts/run-cupsd
   1065 root      20   0       0      0      0 S   0.0   0.0   0:00.00 [pr/ramoops-1]
   1096 root      20   0 2012952  50020  29076 S   0.0   0.6   0:01.46 /usr/bin/containerd
   1110 root      20   0    9448   2412   2172 S   0.0   0.0   0:00.00 /usr/sbin/cron -f -P
   1136 kernoops  20   0   12820    456      0 S   0.0   0.0   0:00.00 /usr/sbin/kerneloops --test
   1145 root      20   0  241780   8612   6932 S   0.0   0.1   0:00.03 /usr/sbin/gdm3
   1162 kernoops  20   0   12820    452      0 S   0.0   0.0   0:00.00 /usr/sbin/kerneloops
   1164 root      20   0    8144    716    640 S   0.0   0.0   0:00.00 /sbin/agetty -o -p -- \u --keep-baud 115200,57600,38400,9600 ttyGS0 vt220
   1171 root      20   0    8144    724    648 S   0.0   0.0   0:00.00 /sbin/agetty -o -p -- \u --keep-baud 115200,57600,38400,9600 ttyTCU0 vt220
   1210 root      20   0  172548   9532   7592 S   0.0   0.1   0:00.04 gdm-session-worker [pam/gdm-autologin]
   1310 root      20   0    3076    916    804 S   0.0   0.0   0:00.00 /usr/sbin/nvphsd
   1316 root      20   0    3208   1408   1248 S   0.0   0.0   0:00.00 /usr/sbin/nvphsd
   1337 root      20   0 2166840  89332  54988 S   0.0   1.1   0:00.70 /usr/bin/dockerd -H fd:// --containerd=/run/containerd/containerd.sock
   1338 root      20   0   15232   8036   6460 S   0.0   0.1   0:00.02 sshd: /usr/sbin/sshd -D [listener] 0 of 10-100 startups
   1342 root      20   0       0      0      0 S   0.0   0.0   0:00.00 [file-storage]
   1350 fcsl      20   0   18416   9892   7060 S   0.0   0.1   0:00.72 /lib/systemd/systemd --user
   1360 fcsl      20   0  106740   4520      0 S   0.0   0.1   0:00.00 (sd-pam)
   1538 fcsl       9 -11   40232   5728   4620 S   0.0   0.1   0:00.02 /usr/bin/pipewire
   1539 fcsl      20   0   23884   5672   4592 S   0.0   0.1   0:00.08 /usr/bin/pipewire-media-session
   1540 fcsl       9 -11  890556  20284  12116 S   0.0   0.3   0:00.39 /usr/bin/pulseaudio --daemonize=no --log-target=journal
   1545 fcsl      20   0  241000   6164   5312 S   0.0   0.1   0:00.04 /usr/bin/gnome-keyring-daemon --daemonize --login
   1548 rtkit     21   1  153508   1472   1264 S   0.0   0.0   0:00.02 /usr/libexec/rtkit-daemon
   1559 fcsl      20   0  162628   5416   4908 S   0.0   0.1   0:00.00 /usr/libexec/gdm-x-session --run-script env GNOME_SHELL_SESSION_MODE=ubuntu /usr/bin/gnome-session --session=ubuntu
   1561 root      20   0   24.2g  80668  35156 S   0.0   1.0   0:00.52 /usr/lib/xorg/Xorg vt2 -displayfd 3 -auth /run/user/1000/gdm/Xauthority -nolisten tcp -background none -noreset -keeptty -novtswitch -verbose 3
   1564 fcsl      20   0   10132   4876   3144 S   0.0   0.1   0:00.44 /usr/bin/dbus-daemon --session --address=systemd: --nofork --nopidfile --systemd-activation --syslog-only
   1587 root      20   0       0      0      0 S   0.0   0.0   0:00.00 [nvidia-modeset/]
   1588 root      20   0       0      0      0 S   0.0   0.0   0:00.00 [nvidia-modeset/]
   1590 root      20   0       0      0      0 S   0.0   0.0   0:00.00 [nvidia]
   1591 root      20   0       0      0      0 S   0.0   0.0   0:00.00 [nv_queue]
   1729 root      20   0       0      0      0 S   0.0   0.0   0:00.00 [nvidia-drm-nv-t]
   1730 root     -51   0       0      0      0 S   0.0   0.0   0:00.00 [card1-crtc0]
   1731 root     -51   0       0      0      0 S   0.0   0.0   0:00.00 [card1-crtc1]
   1824 fcsl      20   0  225936  13728  11972 S   0.0   0.2   0:00.05 /usr/libexec/gnome-session-binary --session=ubuntu
   1916 fcsl      20   0  309864   6752   6032 S   0.0   0.1   0:00.01 /usr/libexec/at-spi-bus-launcher
   1922 fcsl      20   0    8828   3616   3116 S   0.0   0.0   0:00.01 /usr/bin/dbus-daemon --config-file=/usr/share/defaults/at-spi2/accessibility.conf --nofork --print-address 11 --address=unix:path=/run/user/1000/at-spi/bus_0
   1979 fcsl      20   0   91892   2520   2152 S   0.0   0.0   0:00.00 /usr/libexec/gnome-session-ctl --monitor
   1988 fcsl      20   0  240908   6992   6104 S   0.0   0.1   0:00.03 /usr/libexec/gvfsd
   1996 fcsl      20   0  381064   9284   4640 S   0.0   0.1   0:00.00 /usr/libexec/gvfsd-fuse /run/user/1000/gvfs -f
   1997 fcsl      20   0  596284  17864  12840 S   0.0   0.2   0:00.18 /usr/libexec/gnome-session-binary --systemd-service --session=ubuntu
   2026 fcsl      20   0 3471004 225068  81340 S   0.0   2.9   0:05.95 /usr/bin/gnome-shell
   2040 fcsl      20   0  236356   4876   4440 S   0.0   0.1   0:00.00 /usr/libexec/xdg-permission-store
   2042 fcsl      20   0  584868  17900  13432 S   0.0   0.2   0:00.06 /usr/libexec/gnome-shell-calendar-server
   2051 fcsl      20   0  397280  22796  19136 S   0.0   0.3   0:00.09 /usr/libexec/evolution-source-registry
   2059 root      20   0  242436   7680   6568 S   0.0   0.1   0:00.07 /usr/libexec/upowerd
   2061 fcsl      20   0  600496  38980  29472 S   0.0   0.5   0:00.10 /usr/libexec/goa-daemon
   2068 fcsl      20   0 1321540  31748  23404 S   0.0   0.4   0:00.14 /usr/libexec/evolution-calendar-factory
   2078 fcsl      20   0  341492  12924  11036 S   0.0   0.2   0:00.04 /usr/libexec/goa-identity-service
   2088 fcsl      20   0  156800   4488   4024 S   0.0   0.1   0:00.01 /usr/libexec/dconf-service
   2089 fcsl      20   0  823284  28368  22824 S   0.0   0.4   0:00.08 /usr/libexec/evolution-addressbook-factory
   2105 fcsl      20   0  316604  11380   7284 S   0.0   0.1   0:00.11 /usr/libexec/gvfs-udisks2-volume-monitor
   2113 fcsl      20   0  315332   6412   5548 S   0.0   0.1   0:00.04 /usr/libexec/gvfs-afc-volume-monitor
   2118 fcsl      20   0  238096   6272   5500 S   0.0   0.1   0:00.01 /usr/libexec/gvfs-gphoto2-volume-monitor
   2122 fcsl      20   0  236772   4692   4232 S   0.0   0.1   0:00.01 /usr/libexec/gvfs-mtp-volume-monitor
   2126 fcsl      20   0  236900   7852   5228 S   0.0   0.1   0:00.01 /usr/libexec/gvfs-goa-volume-monitor
   2130 root      20   0  376544  64972  16884 S   0.0   0.8   0:10.29 /usr/libexec/packagekitd
   2138 fcsl      20   0  315228   9344   6144 S   0.0   0.1   0:00.02 /usr/libexec/gvfsd-trash --spawner :1.19 /org/gtk/gvfs/exec_spaw/0
   2165 fcsl      20   0  477596  12872  10592 S   0.0   0.2   0:00.13 /usr/libexec/xdg-desktop-portal
   2175 fcsl      20   0  463504   8420   5632 S   0.0   0.1   0:00.02 /usr/libexec/xdg-document-portal
   2178 fcsl      20   0 2804936  27172  20292 S   0.0   0.3   0:00.09 /usr/bin/gjs /usr/share/gnome-shell/org.gnome.Shell.Notifications
   2182 root      20   0    2232    696    620 S   0.0   0.0   0:00.00 fusermount3 -o rw,nosuid,nodev,fsname=portal,auto_unmount,subtype=portal -- /run/user/1000/doc
   2186 fcsl      20   0  163152   7096   6328 S   0.0   0.1   0:00.01 /usr/libexec/at-spi2-registryd --use-gnome-session
   2187 fcsl      20   0  715372  51180  31356 S   0.0   0.7   0:00.26 /usr/libexec/xdg-desktop-portal-gnome
   2201 fcsl      20   0    2328    836    748 S   0.0   0.0   0:00.00 sh -c /usr/bin/ibus-daemon --panel disable $([ "$XDG_SESSION_TYPE" = "x11" ] && echo "--xim")
   2202 fcsl      20   0  310888   7992   5380 S   0.0   0.1   0:00.01 /usr/libexec/gsd-a11y-settings
   2203 fcsl      20   0  603376  28568  18872 S   0.0   0.4   0:00.19 /usr/libexec/gsd-color
   2207 fcsl      20   0  379084  16400  12388 S   0.0   0.2   0:00.03 /usr/libexec/gsd-datetime
   2209 fcsl      20   0  315524  13140   6156 S   0.0   0.2   0:00.09 /usr/bin/ibus-daemon --panel disable --xim
   2210 fcsl      20   0  312464   8500   5808 S   0.0   0.1   0:00.06 /usr/libexec/gsd-housekeeping
   2212 fcsl      20   0  418272  25220  16048 S   0.0   0.3   0:00.15 /usr/libexec/gsd-keyboard
   2213 fcsl      20   0  934772  29676  19672 S   0.0   0.4   0:00.19 /usr/libexec/gsd-media-keys
   2214 fcsl      20   0  528832  26228  18632 S   0.0   0.3   0:00.18 /usr/libexec/gsd-power
   2216 fcsl      20   0  324816   9584   8232 S   0.0   0.1   0:00.01 /usr/libexec/gsd-print-notifications
   2219 fcsl      20   0  458476   6000   5344 S   0.0   0.1   0:00.02 /usr/libexec/gsd-rfkill
   2222 fcsl      20   0  236616   4660   4280 S   0.0   0.1   0:00.00 /usr/libexec/gsd-screensaver-proxy
   2226 fcsl      20   0  467192   9032   6824 S   0.0   0.1   0:00.07 /usr/libexec/gsd-sharing
   2228 fcsl      20   0  460576   9164   6256 S   0.0   0.1   0:00.01 /usr/libexec/gsd-smartcard
   2233 fcsl      20   0  320568   8140   7112 S   0.0   0.1   0:00.01 /usr/libexec/gsd-sound
   2242 fcsl      20   0  344860  23456  16012 S   0.0   0.3   0:00.17 /usr/libexec/gsd-wacom
   2247 fcsl      20   0  656864  90552  49008 S   0.0   1.2   0:03.98 /usr/bin/gnome-software --gapplication-service
   2248 fcsl      20   0  346536  27696  17768 S   0.0   0.4   0:00.20 /usr/libexec/gsd-xsettings
   2254 fcsl      20   0  842664  65920  47764 S   0.0   0.8   0:00.32 /usr/libexec/evolution-data-server/evolution-alarm-notify
   2278 fcsl      20   0  237728   6576   5956 S   0.0   0.1   0:00.00 /usr/libexec/ibus-dconf
   2289 fcsl      20   0  275472  27360  16048 S   0.0   0.4   0:01.55 /usr/libexec/ibus-extension-gtk3
   2301 fcsl      20   0  232212   6712   5028 S   0.0   0.1   0:00.02 /usr/libexec/gsd-disk-utility-notify
   2302 fcsl      20   0  196992  23344  16300 S   0.0   0.3   0:00.15 /usr/libexec/ibus-x11 --kill-daemon
   2316 fcsl      20   0  512948  41308  23256 S   0.0   0.5   0:00.93 python3 /usr/share/nvpmodel_indicator/nvpmodel_indicator.py
   2317 fcsl      20   0  237616   6672   6068 S   0.0   0.1   0:00.02 /usr/libexec/ibus-portal
   2353 fcsl      20   0  345756  14420  10528 S   0.0   0.2   0:00.02 /usr/libexec/gsd-printer
   2377 colord    20   0  246112  11944   8192 S   0.0   0.2   0:00.16 /usr/libexec/colord
   2462 root      20   0  404236  43620  34000 S   0.0   0.6   0:00.57 /usr/libexec/fwupd/fwupd
   2498 fcsl      20   0 2739436  27332  20372 S   0.0   0.4   0:00.09 /usr/bin/gjs /usr/share/gnome-shell/org.gnome.ScreenSaver
   2511 fcsl      20   0  511640  20804   3160 S   0.0   0.3   0:00.00 python3 /usr/share/nvpmodel_indicator/nvpmodel_indicator.py
   2512 fcsl      20   0  511640  20804   3160 S   0.0   0.3   0:00.00 python3 /usr/share/nvpmodel_indicator/nvpmodel_indicator.py
   2513 fcsl      20   0  511640  20804   3160 S   0.0   0.3   0:00.00 python3 /usr/share/nvpmodel_indicator/nvpmodel_indicator.py
   2514 fcsl      20   0  511640  20804   3160 S   0.0   0.3   0:00.00 python3 /usr/share/nvpmodel_indicator/nvpmodel_indicator.py
   2515 fcsl      20   0  511640  20804   3160 S   0.0   0.3   0:00.00 python3 /usr/share/nvpmodel_indicator/nvpmodel_indicator.py
   2516 fcsl      20   0  511640  20804   3160 S   0.0   0.3   0:00.00 python3 /usr/share/nvpmodel_indicator/nvpmodel_indicator.py
   2517 fcsl      20   0  511640  20804   3160 S   0.0   0.3   0:00.00 python3 /usr/share/nvpmodel_indicator/nvpmodel_indicator.py
   2518 fcsl      20   0  511640  20804   3160 S   0.0   0.3   0:00.00 python3 /usr/share/nvpmodel_indicator/nvpmodel_indicator.py
   2520 fcsl      20   0  511652  20848   3160 S   0.0   0.3   0:00.00 python3 /usr/share/nvpmodel_indicator/nvpmodel_indicator.py
   2521 fcsl      20   0  511652  20848   3160 S   0.0   0.3   0:00.00 python3 /usr/share/nvpmodel_indicator/nvpmodel_indicator.py
   2523 fcsl      20   0  511652  20848   3160 S   0.0   0.3   0:00.00 python3 /usr/share/nvpmodel_indicator/nvpmodel_indicator.py
   2524 fcsl      20   0  511652  20848   3160 S   0.0   0.3   0:00.00 python3 /usr/share/nvpmodel_indicator/nvpmodel_indicator.py
   2525 fcsl      20   0  511652  20848   3160 S   0.0   0.3   0:00.00 python3 /usr/share/nvpmodel_indicator/nvpmodel_indicator.py
   2526 fcsl      20   0  511652  20848   3160 S   0.0   0.3   0:00.00 python3 /usr/share/nvpmodel_indicator/nvpmodel_indicator.py
   2527 fcsl      20   0  511652  20848   3160 S   0.0   0.3   0:00.00 python3 /usr/share/nvpmodel_indicator/nvpmodel_indicator.py
   2528 fcsl      20   0  511652  20848   3160 S   0.0   0.3   0:00.00 python3 /usr/share/nvpmodel_indicator/nvpmodel_indicator.py
   2529 fcsl      20   0  511652  21360   3648 S   0.0   0.3   0:00.98 python3 /usr/share/nvpmodel_indicator/nvpmodel_indicator.py
   2531 fcsl      20   0  511652  20852   3160 S   0.0   0.3   0:00.00 python3 /usr/share/nvpmodel_indicator/nvpmodel_indicator.py
   2532 fcsl      20   0  511652  20852   3160 S   0.0   0.3   0:00.00 python3 /usr/share/nvpmodel_indicator/nvpmodel_indicator.py
   2558 fcsl      20   0  238820  11516   6280 S   0.0   0.1   0:00.06 /usr/libexec/ibus-engine-hangul --ibus
   2568 fcsl      39  19  648636  29248  20296 S   0.0   0.4   0:00.55 /usr/libexec/tracker-miner-fs-3
   2570 fcsl      20   0  345256  24112  16764 S   0.0   0.3   0:00.13 /usr/libexec/xdg-desktop-portal-gtk
   2735 fcsl      20   0  163392   5864   5280 S   0.0   0.1   0:00.01 /usr/libexec/gvfsd-metadata
   2762 root      20   0  136724  11180   9516 S   0.0   0.1   0:00.36 cupsd -f -s /var/snap/cups/common/etc/cups/cups-files.conf -c /var/snap/cups/common/etc/cups/cupsd.conf
   2770 snap_da+  20   0   14484   4204   3512 S   0.0   0.1   0:00.00 /snap/cups/1237/lib/cups/notifier/dbus dbus://
   2771 snap_da+  20   0   14484   4636   3932 S   0.0   0.1   0:00.00 /snap/cups/1237/lib/cups/notifier/dbus dbus://
   2772 snap_da+  20   0   14484   4216   3524 S   0.0   0.1   0:00.00 /snap/cups/1237/lib/cups/notifier/dbus dbus://
   2773 snap_da+  20   0   14484   4272   3576 S   0.0   0.1   0:00.00 /snap/cups/1237/lib/cups/notifier/dbus dbus://
   2774 snap_da+  20   0   14484   4636   3932 S   0.0   0.1   0:00.00 /snap/cups/1237/lib/cups/notifier/dbus dbus://
   2781 root      20   0  260796  17948  13524 S   0.0   0.2   0:00.46 cups-browsed -c /var/snap/cups/common/etc/cups/cups-browsed.conf
   3356 root      20   0   18536   9044   7116 S   0.0   0.1   0:00.03 sshd: fcsl [priv]
   3413 fcsl      20   0   18984   7780   5556 S   0.0   0.1   0:00.42 sshd: fcsl@pts/0
   3414 fcsl      20   0   15168   8696   3028 S   0.0   0.1   0:00.15 -bash
   3656 root      20   0   18536   9052   7124 S   0.0   0.1   0:00.02 sshd: fcsl [priv]
   3699 fcsl      20   0   18984   7800   5576 S   0.0   0.1   0:00.01 sshd: fcsl@pts/1
   3700 fcsl      20   0   15168   8568   2900 S   0.0   0.1   0:00.11 -bash
   3956 root      20   0   18536   9052   7124 S   0.0   0.1   0:00.03 sshd: fcsl [priv]
   3986 fcsl      20   0   18984   7800   5576 S   0.0   0.1   0:00.24 sshd: fcsl@pts/2
   3987 fcsl      20   0   15168   8564   2900 S   0.0   0.1   0:00.06 -bash
   4340 fcsl      20   0  421744  28484  20708 S   0.0   0.4   0:00.18 update-notifier
   5745 root      20   0       0      0      0 I   0.0   0.0   0:00.00 [kworker/5:0-events]
   5746 root      20   0       0      0      0 I   0.0   0.0   0:00.14 [kworker/0:0-events]
   5789 root      20   0   18536   9056   7128 S   0.0   0.1   0:00.03 sshd: fcsl [priv]
   5818 fcsl      20   0    9792   2976   2680 S   0.0   0.0   0:00.00 -bash
   5821 fcsl      20   0    2440   1568   1348 S   0.0   0.0   0:00.00 sh
   5892 fcsl      20   0   42184   8676   6928 S   0.0   0.1   0:00.04 /home/fcsl/.vscode-server/code-6a49527b96e326fe62fbdb56f60e16877c9aa724 --cli-data-dir /home/fcsl/.vscode-server/cli agent host
   5913 fcsl      20   0    2328    816    732 S   0.0   0.0   0:00.00 sh /home/fcsl/.vscode-server/cli/servers/Stable-6a49527b96e326fe62fbdb56f60e16877c9aa724/server/bin/code-server --connection-token=remotessh --accept-server-license-terms --agent-host-bridge-port=41459 --agent-host-bridge-host=127.0.0.1 --agent-host-bridge-connection-token=03adc759-cc11-482d-a5c4-3d1cf335af96 --start-server --enable-remote-auto-shutdown --socket-path=/tmp/code-9639163c-fbe7-4e2e-8b21-e167c70142b5
   5917 fcsl      20   0   11.1g 174268  46284 S   0.0   2.2   0:10.04 /home/fcsl/.vscode-server/cli/servers/Stable-6a49527b96e326fe62fbdb56f60e16877c9aa724/server/node /home/fcsl/.vscode-server/cli/servers/Stable-6a49527b96e326fe62fbdb56f60e16877c9aa724/server/out/server-main.js --connection-token=remotessh --accept-server-license-terms --agent-host-bridge-port=41459 --agent-host-bridge-host=127.0.0.1 --agent-host-bridge-connection-token=03adc759-cc11-482d-a5c4-3d1cf335af96 --start-server --enable-remote+
   6410 root      20   0       0      0      0 I   0.0   0.0   0:00.00 [kworker/1:0-events]
   7080 fcsl      20   0  405524  74872  63060 S   0.0   1.0   0:01.33 /home/fcsl/.vscode-server/extensions/openai.chatgpt-26.810.52044-linux-arm64/bin/linux-aarch64/codex -c features.code_mode_host=true app-server --analytics-default-enabled
   7182 fcsl      20   0   15216   8668   2972 S   0.0   0.1   0:00.05 /usr/bin/bash --init-file /home/fcsl/.vscode-server/cli/servers/Stable-6a49527b96e326fe62fbdb56f60e16877c9aa724/server/out/vs/workbench/contrib/terminal/common/scripts/shellIntegration-bash.sh
   7850 root      20   0   18536   9060   7132 S   0.0   0.1   0:00.04 sshd: fcsl [priv]
   7878 fcsl      20   0   18824   7676   5580 S   0.0   0.1   0:00.02 sshd: fcsl@pts/6
   7879 fcsl      20   0   15168   8708   3036 S   0.0   0.1   0:00.15 -bash
   8118 root      20   0   18536   9060   7132 S   0.0   0.1   0:00.04 sshd: fcsl [priv]
   8146 fcsl      20   0   18984   7680   5580 S   0.0   0.1   0:00.02 sshd: fcsl@pts/8
   8147 fcsl      20   0   15168   8708   3032 S   0.0   0.1   0:00.15 -bash
   8386 root      20   0   18536   9060   7132 S   0.0   0.1   0:00.04 sshd: fcsl [priv]
   8414 fcsl      20   0   18824   7672   5580 S   0.0   0.1   0:00.01 sshd: fcsl@pts/9
   8415 fcsl      20   0   15168   8640   2964 S   0.0   0.1   0:00.12 -bash
  11747 root      20   0       0      0      0 I   0.0   0.0   0:00.00 [kworker/0:2-events]
  11800 root      20   0   18536   9328   7400 S   0.0   0.1   0:00.04 sshd: fcsl [priv]
  11829 fcsl      20   0   15168   9064   3388 S   0.0   0.1   0:00.37 -bash
  16192 root      20   0       0      0      0 I   0.0   0.0   0:00.07 [kworker/u12:3-devfreq_wq]
  16258 root      20   0       0      0      0 I   0.0   0.0   0:00.00 [kworker/0:1-events]
  16292 root      20   0    8112    764    688 S   0.0   0.0   0:00.00 sleep 300
  16331 root      20   0       0      0      0 I   0.0   0.0   0:00.03 [kworker/u12:0-events_unbound]
  19240 fcsl      20   0  206192  31704  14596 S   0.0   0.4   0:00.55 /home/fcsl/miniforge3/envs/thirdimpact/bin/python /home/fcsl/miniforge3/envs/thirdimpact/bin/ros2 run joy joy_node
  19545 fcsl      20   0    8112    780    704 S   0.0   0.0   0:00.00 sleep 180
  19546 fcsl      20   0   10072   3092   2780 S   0.0   0.0   0:00.00 bash ./cpu_profile.sh

top - 11:35:01 up 22 min,  8 users,  load average: 8.98, 4.57, 3.93
Tasks: 408 total,  10 running, 398 sleeping,   0 stopped,   0 zombie
%Cpu(s): 88.0 us,  7.9 sy,  0.0 ni,  0.9 id,  0.0 wa,  1.4 hi,  1.9 si,  0.0 st
MiB Mem :   7607.4 total,   1615.2 free,   3585.1 used,   2407.0 buff/cache
MiB Swap:   3803.7 total,   3803.2 free,      0.5 used.   3751.7 avail Mem 

    PID USER      PR  NI    VIRT    RES    SHR S  %CPU  %MEM     TIME+ COMMAND
  19358 fcsl      20   0 1478356 107388  42672 R  46.6   1.4   0:07.65 /home/fcsl/miniforge3/envs/thirdimpact/bin/python3.12 /home/fcsl/roboracer_ws/install/controller/lib/controller/controller_manager --ros-args -r __node:=controller_manager --params-file /home/fcsl/roboracer_ws/install/stack_master/share/stack_master/config/controller.yaml --params-file /tmp/launch_params_rteop0df --params-file /tmp/launch_params_fgfbn70d
  19336 fcsl      20   0 1447952 110504  42476 R  45.7   1.4   0:08.40 /home/fcsl/miniforge3/envs/thirdimpact/bin/python3.12 /home/fcsl/roboracer_ws/install/state_machine/lib/state_machine/state_machine --ros-args -r __node:=state_machine --params-file /home/fcsl/roboracer_ws/install/stack_master/share/stack_master/config/state_machine_params.yaml --params-file /tmp/launch_params_biwnb6d6 --params-file /tmp/launch_params_30za9fdy --params-file /tmp/launch_params_f2pjkjd6 --params-file /tmp/launch_params_v+
  19311 fcsl      20   0 1473936 105568  41672 R  39.4   1.4   0:06.71 /home/fcsl/miniforge3/envs/thirdimpact/bin/python3.12 /home/fcsl/roboracer_ws/install/frenet_odom_republisher/lib/frenet_odom_republisher/frenet_odom_republisher_node --ros-args -r __node:=frenet_odom_republisher -r /car_state/frenet/odom:=/car_state/odom_frenet
  19342 fcsl      20   0 1847704 190068  87764 R  38.5   2.4   0:07.04 /home/fcsl/miniforge3/envs/thirdimpact/bin/python3.12 /home/fcsl/roboracer_ws/install/spliner/lib/spliner/start_spline_node_v2 --ros-args -r __node:=start_planner
  19346 fcsl      20   0 1873344 219076  90960 R  38.5   2.8   0:07.78 /home/fcsl/miniforge3/envs/thirdimpact/bin/python3.12 /home/fcsl/roboracer_ws/install/lane_change_planner/lib/lane_change_planner/change_avoidance_node --ros-args -r __node:=planner_change --params-file /tmp/launch_params_3lr3b4pe
  19344 fcsl      20   0 1815936 165616  83084 R  35.6   2.1   0:06.63 /home/fcsl/miniforge3/envs/thirdimpact/bin/python3.12 /home/fcsl/roboracer_ws/install/spliner/lib/spliner/static_avoidance_node --ros-args -r __node:=static_avoidance_planner --params-file /home/fcsl/roboracer_ws/install/stack_master/share/stack_master/config/static_avoidance_planner.yaml -r /planner/avoidance/otwpnts:=/planner/avoidance/static_otwpnts
  19314 fcsl      20   0 1114280  64204  25816 R  34.6   0.8   0:06.01 /home/fcsl/miniforge3/envs/thirdimpact/bin/python3.12 /home/fcsl/roboracer_ws/install/lap_analyser/lib/lap_analyser/lap_analyser --ros-args -r __node:=lap_analyser --params-file /tmp/launch_params_0px3ph6a
  19328 fcsl      20   0 1472000 130676  46628 S  33.2   1.7   0:06.77 python3 /home/fcsl/roboracer_ws/install/perception/lib/perception/tracking_node --ros-args -r __node:=tracking --params-file /home/fcsl/roboracer_ws/install/stack_master/share/stack_master/config/opponent_tracker_params.yaml -r /tracking/obstacles:=/tracking/obstacles
  19356 fcsl      20   0 1118620  67116  27292 R  32.7   0.9   0:04.25 python3 /home/fcsl/roboracer_ws/install/gp_traj_predictor/lib/gp_traj_predictor/opp_prediction --ros-args -r __node:=opponent_propagation_predictor
  19281 fcsl      20   0 1455628 117548  41644 S  32.2   1.5   0:06.76 /home/fcsl/miniforge3/envs/thirdimpact/bin/python3.12 /home/fcsl/roboracer_ws/install/gb_optimizer/lib/gb_optimizer/global_trajectory_publisher --ros-args -r __node:=global_republisher --params-file /tmp/launch_params_lsq8407e
  19340 fcsl      20   0 1847760 190112  87768 R  32.2   2.4   0:06.83 /home/fcsl/miniforge3/envs/thirdimpact/bin/python3.12 /home/fcsl/roboracer_ws/install/recovery_spliner/lib/recovery_spliner/recovery_spliner_node --ros-args -r __node:=recovery_spliner_node
  19352 fcsl      20   0 1592912 108816  42116 S  32.2   1.4   0:05.13 python3 /home/fcsl/roboracer_ws/install/gp_traj_predictor/lib/gp_traj_predictor/opponent_trajectory --ros-args -r __node:=OpponentHalflap
  19251 fcsl      20   0  868124  49804  36540 S  28.4   0.6   0:06.56 /home/fcsl/roboracer_ws/install/kiss_icp_localization/lib/kiss_icp_localization/localization_node --ros-args -r __node:=kiss_icp_localization --params-file /home/fcsl/roboracer_ws/install/stack_master/share/stack_master/config/kiss.yaml --params-file /tmp/launch_params_kkza55sc --params-file /tmp/launch_params_bk6s3os3
  19350 fcsl      20   0 1114192  64960  25644 S  26.4   0.8   0:03.54 /home/fcsl/miniforge3/envs/thirdimpact/bin/python3.12 /home/fcsl/roboracer_ws/install/lane_change_planner/lib/lane_change_planner/update_waypoints --ros-args -r __node:=waypoint_updater
  19230 fcsl      20   0 1106708  60188  24440 S  14.9   0.8   0:03.03 python3 /home/fcsl/roboracer_ws/install/stack_master/lib/stack_master/simple_mux_node.py --ros-args -r __node:=simple_mux --params-file /home/fcsl/roboracer_ws/install/stack_master/share/stack_master/config/CAR/vehicle_config.yaml --params-file /tmp/launch_params_pywsh3_8 --params-file /tmp/launch_params_yk3h0muz --params-file /tmp/launch_params_uihzw7ry --params-file /tmp/launch_params_5fc12uzq --params-file /tmp/launch_params_nd2qw0hk
  19297 fcsl      20   0 1519136 109096  42496 S  10.1   1.4   0:03.57 /home/fcsl/miniforge3/envs/thirdimpact/bin/python3.12 /home/fcsl/roboracer_ws/install/overtaking_sector_tuner/lib/overtaking_sector_tuner/ot_interpolator --ros-args -r __node:=ot_sector_tuner --params-file /home/fcsl/roboracer_ws/install/stack_master/share/stack_master/maps/0815test3/ot_sectors.yaml --params-file /tmp/launch_params_ti68gs7d
  19216 fcsl      20   0  882452  23088  13904 S   6.7   0.3   0:01.67 /home/fcsl/roboracer_ws/install/vesc_driver/lib/vesc_driver/vesc_driver_node --ros-args -r __node:=vesc_driver_node -r __ns:=/vesc --params-file /home/fcsl/roboracer_ws/install/stack_master/share/stack_master/config/CAR/vehicle_config.yaml
  19326 fcsl      20   0 1126000  53876  33796 S   6.7   0.7   0:01.49 /home/fcsl/roboracer_ws/install/perception/lib/perception/detect --ros-args -r __node:=detect --params-file /home/fcsl/roboracer_ws/install/stack_master/share/stack_master/config/opponent_tracker_params.yaml --params-file /tmp/launch_params_gk8q2zkj
  19213 fcsl      20   0 2285720  52248  16816 S   6.2   0.7   0:03.62 /home/fcsl/miniforge3/envs/thirdimpact/bin/python /home/fcsl/miniforge3/envs/thirdimpact/bin/ros2 launch stack_master race.launch.xml map:=0815test3
   6720 fcsl      20   0   42.1g 668856  59704 S   4.8   8.6   1:03.75 /home/fcsl/.vscode-server/cli/servers/Stable-6a49527b96e326fe62fbdb56f60e16877c9aa724/server/node --dns-result-order=ipv4first /home/fcsl/.vscode-server/cli/servers/Stable-6a49527b96e326fe62fbdb56f60e16877c9aa724/server/out/bootstrap-fork --type=extensionHost --transformURIs --useHostProxy=false
  19561 fcsl      20   0  823792  26624  16644 S   3.8   0.3   0:01.08 /home/fcsl/miniforge3/envs/thirdimpact/lib/joy/joy_node
  19289 fcsl      20   0 1118656  66924  26820 S   3.4   0.9   0:01.73 /home/fcsl/miniforge3/envs/thirdimpact/bin/python3.12 /home/fcsl/roboracer_ws/install/sector_tuner/lib/sector_tuner/sector_tuner --ros-args -r __node:=speed_sector_tuner --params-file /home/fcsl/roboracer_ws/install/stack_master/share/stack_master/maps/0815test3/speed_scaling.yaml --params-file /tmp/launch_params_kwlnquqh
   5868 fcsl      20   0   45844  12856   8268 S   1.9   0.2   0:11.48 /home/fcsl/.vscode-server/code-6a49527b96e326fe62fbdb56f60e16877c9aa724 command-shell --cli-data-dir /home/fcsl/.vscode-server/cli --parent-process-id 5821 --on-host=127.0.0.1 --on-port
  19222 fcsl      20   0  817464  21696  14172 S   1.9   0.3   0:00.81 /home/fcsl/roboracer_ws/install/urg_node/lib/urg_node/urg_node_driver --ros-args -r __node:=urg_node --params-file /home/fcsl/roboracer_ws/install/stack_master/share/stack_master/config/CAR/vehicle_config.yaml -r /scan:=/scan
  19354 fcsl      20   0 1085540 141980  48776 S   1.9   1.8   0:03.35 python3 /home/fcsl/roboracer_ws/install/gp_traj_predictor/lib/gp_traj_predictor/gaussian_process_opp_traj --ros-args -r __node:=GP_trajectory
  19220 fcsl      20   0  663144  21780  14644 S   1.4   0.3   0:00.64 /home/fcsl/roboracer_ws/install/vesc_ackermann/lib/vesc_ackermann/vesc_to_odom_node --ros-args -r __node:=vesc_to_odom_node -r __ns:=/vesc --params-file /home/fcsl/roboracer_ws/install/stack_master/share/stack_master/config/CAR/vehicle_config.yaml
  19247 fcsl      20   0  817644  25596  17424 S   1.4   0.3   0:00.67 /home/fcsl/miniforge3/envs/thirdimpact/lib/nav2_lifecycle_manager/lifecycle_manager --ros-args -r __node:=lifecycle_manager_localization --params-file /tmp/launch_params_gzsj1u13 --params-file /tmp/launch_params_7txkr4rh --params-file /tmp/launch_params_ojdu_5r1
  19249 fcsl      20   0  721960  34992  21568 S   1.4   0.4   0:00.70 /home/fcsl/miniforge3/envs/thirdimpact/lib/nav2_map_server/map_server --ros-args -r __node:=map_server --params-file /tmp/launch_params_7an6qmh_ --params-file /tmp/launch_params_3pildy1p --params-file /tmp/launch_params_bxv9_bd6 --params-file /tmp/launch_params_3ypbuy35
   5817 fcsl      20   0   19504   8220   5580 S   1.0   0.1   0:07.74 sshd: fcsl@notty
  11828 fcsl      20   0   18824   8292   6100 S   1.0   0.1   0:00.43 sshd: fcsl@pts/5
  19218 fcsl      20   0  663148  21616  14464 S   1.0   0.3   0:00.48 /home/fcsl/roboracer_ws/install/vesc_ackermann/lib/vesc_ackermann/ackermann_to_vesc_node --ros-args -r __node:=ackermann_to_vesc_node -r __ns:=/vesc --params-file /home/fcsl/roboracer_ws/install/stack_master/share/stack_master/config/CAR/vehicle_config.yaml
  19224 fcsl      20   0 1113316  63836  25836 S   1.0   0.8   0:01.14 python3 /home/fcsl/roboracer_ws/install/stack_master/lib/stack_master/static_tf_publisher.py --ros-args -r __node:=static_tf_publisher --params-file /home/fcsl/roboracer_ws/install/stack_master/share/stack_master/config/CAR/static_transforms.yaml
  19245 fcsl      20   0 1106328  62568  24328 S   1.0   0.8   0:01.12 python3 /home/fcsl/roboracer_ws/install/stack_master/lib/stack_master/map_relay_node.py --ros-args -r __node:=map_relay_node
  19307 fcsl      20   0 1439676 103844  40816 S   1.0   1.3   0:02.17 /home/fcsl/miniforge3/envs/thirdimpact/bin/python3.12 /home/fcsl/roboracer_ws/install/frenet_conversion_server/lib/frenet_conversion_server/frenet_conversion_server_node --ros-args -r __node:=frenet_conversion_server_node --params-file /tmp/launch_params_1_pyfy3w
  19553 fcsl      20   0   12120   3496   2676 R   1.0   0.0   0:00.26 top -b -c -w 512 -d 2
    205 root      20   0       0      0      0 I   0.5   0.0   0:00.50 [kworker/u12:4-events_unbound]
    271 root      20   0       0      0      0 I   0.5   0.0   0:00.62 [kworker/u12:6-events_unbound]
   2026 fcsl      20   0 3471004 225068  81340 S   0.5   2.9   0:05.96 /usr/bin/gnome-shell
   5917 fcsl      20   0   11.1g 174268  46284 S   0.5   2.2   0:10.05 /home/fcsl/.vscode-server/cli/servers/Stable-6a49527b96e326fe62fbdb56f60e16877c9aa724/server/node /home/fcsl/.vscode-server/cli/servers/Stable-6a49527b96e326fe62fbdb56f60e16877c9aa724/server/out/server-main.js --connection-token=remotessh --accept-server-license-terms --agent-host-bridge-port=41459 --agent-host-bridge-host=127.0.0.1 --agent-host-bridge-connection-token=03adc759-cc11-482d-a5c4-3d1cf335af96 --start-server --enable-remote+
   6731 fcsl      20   0  997088  80596  41996 S   0.5   1.0   0:07.39 /home/fcsl/.vscode-server/cli/servers/Stable-6a49527b96e326fe62fbdb56f60e16877c9aa724/server/node /home/fcsl/.vscode-server/cli/servers/Stable-6a49527b96e326fe62fbdb56f60e16877c9aa724/server/out/bootstrap-fork --type=fileWatcher
      1 root      20   0  167496  11476   7176 S   0.0   0.1   0:03.45 /sbin/init 2
      2 root      20   0       0      0      0 S   0.0   0.0   0:00.01 [kthreadd]
      3 root       0 -20       0      0      0 I   0.0   0.0   0:00.00 [rcu_gp]
      4 root       0 -20       0      0      0 I   0.0   0.0   0:00.00 [rcu_par_gp]
      5 root       0 -20       0      0      0 I   0.0   0.0   0:00.00 [slub_flushwq]
      6 root       0 -20       0      0      0 I   0.0   0.0   0:00.00 [netns]
      8 root       0 -20       0      0      0 I   0.0   0.0   0:00.00 [kworker/0:0H-events_highpri]
     10 root       0 -20       0      0      0 I   0.0   0.0   0:00.00 [mm_percpu_wq]
     11 root      20   0       0      0      0 S   0.0   0.0   0:00.00 [rcu_tasks_kthre]
     12 root      20   0       0      0      0 S   0.0   0.0   0:00.00 [rcu_tasks_rude_]
     13 root      20   0       0      0      0 S   0.0   0.0   0:00.00 [rcu_tasks_trace]
     14 root      20   0       0      0      0 S   0.0   0.0   0:00.71 [ksoftirqd/0]
     15 root      20   0       0      0      0 I   0.0   0.0   0:00.36 [rcu_preempt]
     16 root      rt   0       0      0      0 S   0.0   0.0   0:00.00 [migration/0]
     17 root      20   0       0      0      0 S   0.0   0.0   0:00.00 [cpuhp/0]
     18 root      20   0       0      0      0 S   0.0   0.0   0:00.00 [cpuhp/1]
     19 root      rt   0       0      0      0 S   0.0   0.0   0:00.00 [migration/1]
     20 root      20   0       0      0      0 S   0.0   0.0   0:00.14 [ksoftirqd/1]
     22 root       0 -20       0      0      0 I   0.0   0.0   0:00.00 [kworker/1:0H-events_highpri]
     23 root      20   0       0      0      0 S   0.0   0.0   0:00.00 [cpuhp/2]
     24 root      rt   0       0      0      0 S   0.0   0.0   0:00.00 [migration/2]
     25 root      20   0       0      0      0 S   0.0   0.0   0:00.15 [ksoftirqd/2]
     27 root       0 -20       0      0      0 I   0.0   0.0   0:00.00 [kworker/2:0H-kblockd]
     28 root      20   0       0      0      0 S   0.0   0.0   0:00.00 [cpuhp/3]
     29 root      rt   0       0      0      0 S   0.0   0.0   0:00.00 [migration/3]
     30 root      20   0       0      0      0 S   0.0   0.0   0:00.18 [ksoftirqd/3]
     31 root      20   0       0      0      0 I   0.0   0.0   0:00.07 [kworker/3:0-mm_percpu_wq]
     32 root       0 -20       0      0      0 I   0.0   0.0   0:00.00 [kworker/3:0H-events_highpri]
     33 root      20   0       0      0      0 S   0.0   0.0   0:00.00 [cpuhp/4]
     34 root      rt   0       0      0      0 S   0.0   0.0   0:00.00 [migration/4]
     35 root      20   0       0      0      0 S   0.0   0.0   0:00.15 [ksoftirqd/4]
     37 root       0 -20       0      0      0 I   0.0   0.0   0:00.00 [kworker/4:0H-events_highpri]
     38 root      20   0       0      0      0 S   0.0   0.0   0:00.00 [cpuhp/5]
     39 root      rt   0       0      0      0 S   0.0   0.0   0:00.00 [migration/5]
     40 root      20   0       0      0      0 S   0.0   0.0   0:00.13 [ksoftirqd/5]
     42 root       0 -20       0      0      0 I   0.0   0.0   0:00.00 [kworker/5:0H-events_highpri]
     43 root      20   0       0      0      0 S   0.0   0.0   0:00.00 [kdevtmpfs]
     44 root       0 -20       0      0      0 I   0.0   0.0   0:00.00 [inet_frag_wq]
     47 root      20   0       0      0      0 I   0.0   0.0   0:00.01 [kworker/2:1-cgroup_destroy]
     50 root      20   0       0      0      0 I   0.0   0.0   0:00.00 [kworker/4:1-events]
     51 root      20   0       0      0      0 S   0.0   0.0   0:00.00 [kauditd]
     52 root      20   0       0      0      0 S   0.0   0.0   0:00.00 [oom_reaper]
     53 root       0 -20       0      0      0 I   0.0   0.0   0:00.00 [writeback]
     54 root      20   0       0      0      0 S   0.0   0.0   0:00.00 [kcompactd0]
     55 root      25   5       0      0      0 S   0.0   0.0   0:00.00 [ksmd]
     56 root      39  19       0      0      0 S   0.0   0.0   0:00.15 [khugepaged]
     67 root       0 -20       0      0      0 I   0.0   0.0   0:00.00 [cryptd]
     86 root       0 -20       0      0      0 I   0.0   0.0   0:00.00 [kintegrityd]
     87 root       0 -20       0      0      0 I   0.0   0.0   0:00.00 [kblockd]
     88 root       0 -20       0      0      0 I   0.0   0.0   0:00.00 [blkcg_punt_bio]
     89 root       0 -20       0      0      0 I   0.0   0.0   0:00.00 [tpm_dev_wq]
     90 root       0 -20       0      0      0 I   0.0   0.0   0:00.00 [ata_sff]
     91 root       0 -20       0      0      0 I   0.0   0.0   0:00.00 [edac-poller]
     92 root       0 -20       0      0      0 I   0.0   0.0   0:00.00 [devfreq_wq]
     93 root     -51   0       0      0      0 S   0.0   0.0   0:00.00 [watchdogd]
     94 root      20   0       0      0      0 I   0.0   0.0   0:00.68 [kworker/u12:1-events_freezable_power_]
     95 root      20   0       0      0      0 I   0.0   0.0   0:00.48 [kworker/u12:2-events_freezable_power_]
     96 root       0 -20       0      0      0 I   0.0   0.0   0:00.00 [kworker/0:1H-kblockd]
     97 root       0 -20       0      0      0 I   0.0   0.0   0:00.00 [rpciod]
     98 root       0 -20       0      0      0 I   0.0   0.0   0:00.03 [kworker/u13:0-hci0]
     99 root       0 -20       0      0      0 I   0.0   0.0   0:00.00 [xprtiod]
    127 root      20   0       0      0      0 S   0.0   0.0   0:00.36 [kswapd0]
    128 root       0 -20       0      0      0 I   0.0   0.0   0:00.00 [nfsiod]
    132 root       0 -20       0      0      0 I   0.0   0.0   0:00.00 [vfio-irqfd-clea]
    133 root       0 -20       0      0      0 I   0.0   0.0   0:00.00 [bch_btree_io]
    134 root       0 -20       0      0      0 I   0.0   0.0   0:00.00 [bcache]
    135 root       0 -20       0      0      0 I   0.0   0.0   0:00.00 [bch_journal]
    136 root       0 -20       0      0      0 I   0.0   0.0   0:00.00 [dm_bufio_cache]
    138 root      10 -10       0      0      0 S   0.0   0.0   0:00.00 [krfcommd]
    139 root      20   0       0      0      0 S   0.0   0.0   0:00.00 [pr/tty0]
    140 root      20   0       0      0      0 S   0.0   0.0   0:02.86 [pr/ttyTCU0]
    143 root     -51   0       0      0      0 S   0.0   0.0   0:00.00 [irq/114-3160000]
    145 root     -51   0       0      0      0 S   0.0   0.0   0:00.00 [irq/115-3180000]
    146 root      20   0       0      0      0 I   0.0   0.0   0:00.38 [kworker/1:3-mm_percpu_wq]
    147 root     -51   0       0      0      0 S   0.0   0.0   0:00.00 [irq/116-31b0000]
    148 root     -51   0       0      0      0 S   0.0   0.0   0:00.00 [irq/167-c240000]
    149 root     -51   0       0      0      0 S   0.0   0.0   0:00.00 [irq/168-c250000]
    150 root     -51   0       0      0      0 S   0.0   0.0   0:00.00 [irq/125-3610000]
    151 root     -51   0       0      0      0 S   0.0   0.0   0:00.00 [irq/122-3610000]
    152 root      20   0       0      0      0 I   0.0   0.0   0:00.03 [kworker/5:3-mm_percpu_wq]
    153 root       0 -20       0      0      0 I   0.0   0.0   0:00.00 [sdhci]
    154 root     -51   0       0      0      0 S   0.0   0.0   0:00.00 [irq/120-mmc0]
    155 root     -51   0       0      0      0 S   0.0   0.0   0:00.00 [irq/230-3400000]
    156 root      20   0       0      0      0 I   0.0   0.0   0:00.06 [kworker/2:2-mm_percpu_wq]
    173 root       0 -20       0      0      0 I   0.0   0.0   0:00.00 [kworker/1:1H-kblockd]
    174 root      20   0       0      0      0 I   0.0   0.0   0:00.00 [kworker/3:2-mm_percpu_wq]
    179 root     -51   0       0      0      0 S   0.0   0.0   0:00.00 [irq/191-tegra-p]
    180 root       0 -20       0      0      0 I   0.0   0.0   0:00.00 [nvme-wq]
    181 root       0 -20       0      0      0 I   0.0   0.0   0:00.00 [nvme-reset-wq]
    182 root       0 -20       0      0      0 I   0.0   0.0   0:00.00 [nvme-delete-wq]
    191 root     -51   0       0      0      0 S   0.0   0.0   0:00.00 [irq/191-aerdrv]
    192 root     -51   0       0      0      0 S   0.0   0.0   0:00.00 [irq/193-tegra-p]
    195 root     -51   0       0      0      0 S   0.0   0.0   0:00.00 [irq/193-aerdrv]
    196 root     -51   0       0      0      0 S   0.0   0.0   0:00.00 [irq/195-tegra-p]
    198 root     -51   0       0      0      0 S   0.0   0.0   0:00.00 [irq/232-nvme0q0]
    199 root     -51   0       0      0      0 S   0.0   0.0   0:00.22 [irq/233-nvme0q1]
    200 root     -51   0       0      0      0 S   0.0   0.0   0:00.32 [irq/234-nvme0q2]
    201 root     -51   0       0      0      0 S   0.0   0.0   0:00.18 [irq/235-nvme0q3]
    202 root     -51   0       0      0      0 S   0.0   0.0   0:00.22 [irq/236-nvme0q4]
    203 root     -51   0       0      0      0 S   0.0   0.0   0:00.06 [irq/237-nvme0q5]
    204 root     -51   0       0      0      0 S   0.0   0.0   0:00.06 [irq/238-nvme0q6]
    209 root      20   0       0      0      0 S   0.0   0.0   0:00.13 [jbd2/nvme0n1p1-]
    210 root       0 -20       0      0      0 I   0.0   0.0   0:00.00 [ext4-rsv-conver]
    211 root       0 -20       0      0      0 I   0.0   0.0   0:00.00 [kworker/2:1H-kblockd]
    220 root       0 -20       0      0      0 I   0.0   0.0   0:00.00 [mld]
    221 root       0 -20       0      0      0 I   0.0   0.0   0:00.00 [kworker/3:1H-kblockd]
    222 root       0 -20       0      0      0 I   0.0   0.0   0:00.00 [ipv6_addrconf]
    253 root      19  -1   40524   9664   8044 S   0.0   0.1   0:00.49 /lib/systemd/systemd-journald
    267 root      20   0       0      0      0 I   0.0   0.0   0:00.04 [kworker/4:2-mm_percpu_wq]
    270 root      20   0       0      0      0 I   0.0   0.0   0:00.47 [kworker/u12:5-events_freezable_power_]
    272 root      20   0       0      0      0 I   0.0   0.0   0:00.36 [kworker/u12:7-devfreq_wq]
    273 root      20   0       0      0      0 I   0.0   0.0   0:00.47 [kworker/u12:8-events_freezable_power_]
    283 root      39  19       0      0      0 S   0.0   0.0   0:00.00 [nvmap-bz]
    284 root     -51   0       0      0      0 S   0.0   0.0   0:00.00 [irq/188-host1x_]
    286 root     -51   0       0      0      0 S   0.0   0.0   0:00.00 [irq/197-gk20a_s]
    287 root     -51   0       0      0      0 S   0.0   0.0   0:00.00 [irq/198-gk20a_s]
    288 root     -51   0       0      0      0 S   0.0   0.0   0:00.00 [irq/199-gk20a_s]
    289 root     -51   0       0      0      0 S   0.0   0.0   0:00.00 [irq/200-gk20a_n]
    293 root      20   0    9792   2792   2528 S   0.0   0.0   0:00.00 /bin/bash /etc/systemd/nv-tee-supplicant.sh
    298 root      20   0   76588   1360   1248 S   0.0   0.0   0:00.01 /usr/sbin/tee-supplicant
    299 root       0 -20       0      0      0 I   0.0   0.0   0:00.00 [optee_bus_scan]
    307 root       0 -20       0      0      0 I   0.0   0.0   0:00.00 [kworker/4:1H-kblockd]
    309 root      20   0   24048   6028   3380 S   0.0   0.1   0:02.02 /lib/systemd/systemd-udevd
    310 root      20   0   23744   5080   2712 S   0.0   0.1   0:00.16 /lib/systemd/systemd-udevd
    311 root      20   0   23396   4308   2228 S   0.0   0.1   0:00.12 /lib/systemd/systemd-udevd
    312 root      20   0   23508   4468   2212 S   0.0   0.1   0:00.15 /lib/systemd/systemd-udevd
    313 root      20   0   24528   6416   3228 S   0.0   0.1   0:00.31 /lib/systemd/systemd-udevd
    314 root      20   0   23532   4792   2660 S   0.0   0.1   0:00.24 /lib/systemd/systemd-udevd
    315 root      20   0   23500   5188   3048 S   0.0   0.1   0:00.27 /lib/systemd/systemd-udevd
    316 root      20   0   23520   4608   2452 S   0.0   0.1   0:00.16 /lib/systemd/systemd-udevd
    317 root      20   0   23540   4232   2096 S   0.0   0.1   0:00.14 /lib/systemd/systemd-udevd
    318 root      20   0   23548   4688   2540 S   0.0   0.1   0:00.10 /lib/systemd/systemd-udevd
    320 root      20   0   23808   5888   3448 S   0.0   0.1   0:05.10 /lib/systemd/systemd-udevd
    321 root      20   0   23396   5028   2908 S   0.0   0.1   0:00.19 /lib/systemd/systemd-udevd
    322 root      20   0   23500   5104   2852 S   0.0   0.1   0:00.18 /lib/systemd/systemd-udevd
    323 root      20   0   23516   4360   2096 S   0.0   0.1   0:00.16 /lib/systemd/systemd-udevd
    324 root      20   0   23520   4748   2480 S   0.0   0.1   0:00.18 /lib/systemd/systemd-udevd
    325 root      20   0   23500   5072   2820 S   0.0   0.1   0:00.20 /lib/systemd/systemd-udevd
    326 root      20   0   23548   4624   2476 S   0.0   0.1   0:00.16 /lib/systemd/systemd-udevd
    327 root      20   0   24548   5496   2292 S   0.0   0.1   0:00.21 /lib/systemd/systemd-udevd
    328 root      20   0   23516   4380   2212 S   0.0   0.1   0:00.13 /lib/systemd/systemd-udevd
    329 root      20   0   23524   4452   2300 S   0.0   0.1   0:00.19 /lib/systemd/systemd-udevd
    330 root      20   0   23524   4592   2440 S   0.0   0.1   0:00.22 /lib/systemd/systemd-udevd
    331 root      20   0   23524   4792   2636 S   0.0   0.1   0:00.14 /lib/systemd/systemd-udevd
    332 root       0 -20       0      0      0 I   0.0   0.0   0:00.00 [kworker/5:1H-kblockd]
    334 root      20   0   23524   4712   2532 S   0.0   0.1   0:00.16 /lib/systemd/systemd-udevd
    336 root      20   0       0      0      0 S   0.0   0.0   0:00.00 [15820000.crypto]
    337 root      20   0       0      0      0 S   0.0   0.0   0:00.00 [15840000.crypto]
    358 root      20   0   23544   4432   2140 S   0.0   0.1   0:00.15 /lib/systemd/systemd-udevd
    359 root      20   0   23524   4288   2096 S   0.0   0.1   0:00.12 /lib/systemd/systemd-udevd
    360 root      20   0   23524   4412   2220 S   0.0   0.1   0:00.14 /lib/systemd/systemd-udevd
    361 root      20   0   23524   5004   2812 S   0.0   0.1   0:00.17 /lib/systemd/systemd-udevd
    362 root      20   0   23524   4832   2644 S   0.0   0.1   0:00.23 /lib/systemd/systemd-udevd
    363 root      20   0   23816   4580   2144 S   0.0   0.1   0:00.15 /lib/systemd/systemd-udevd
    414 root     -51   0       0      0      0 S   0.0   0.0   0:00.00 [irq/219-bc00000]
    415 root      -2   0       0      0      0 S   0.0   0.0   0:00.00 [capture-control]
    416 root      -2   0       0      0      0 S   0.0   0.0   0:00.00 [capture]
    447 root     -51   0       0      0      0 S   0.0   0.0   0:00.00 [irq/189-tegra-p]
    448 root     -51   0       0      0      0 S   0.0   0.0   0:00.00 [irq/240-nvvrs-p]
    449 root     -51   0       0      0      0 S   0.0   0.0   0:00.00 [irq/214-tegra_d]
    450 root     -51   0       0      0      0 S   0.0   0.0   0:00.00 [irq/215-tegra_d]
    451 root       0 -20       0      0      0 I   0.0   0.0   0:00.00 [dce-async-ipc-w]
    452 root      20   0       0      0      0 S   0.0   0.0   0:00.00 [nv_queue]
    453 root      20   0       0      0      0 S   0.0   0.0   0:00.00 [nv_queue]
    454 root     -51   0       0      0      0 S   0.0   0.0   0:00.00 [irq/189-aerdrv]
    524 root       0 -20       0      0      0 I   0.0   0.0   0:00.00 [cfg80211]
    543 root     -51   0       0      0      0 S   0.0   0.0   0:00.00 [irq/118-3210000]
    552 root      20   0       0      0      0 S   0.0   0.0   0:00.00 [spi0]
    554 root     -51   0       0      0      0 S   0.0   0.0   0:00.00 [irq/119-3230000]
    555 root      20   0       0      0      0 S   0.0   0.0   0:00.00 [spi1]
    632 root       0 -20       0      0      0 I   0.0   0.0   0:00.00 [btfwwork]
    670 root       0 -20       0      0      0 I   0.0   0.0   0:00.00 [kworker/u13:2-hci0]
    672 root      20   0    8236   7372   1432 S   0.0   0.1   0:00.30 /usr/sbin/haveged --Foreground --verbose=1
    674 _rpc      20   0    7964   2112   1760 S   0.0   0.0   0:00.00 /sbin/rpcbind -f -w
    681 systemd+  20   0   25544  12588   8156 S   0.0   0.2   0:00.26 /lib/systemd/systemd-resolved
    682 systemd+  20   0   88788   6156   5312 S   0.0   0.1   0:00.08 /lib/systemd/systemd-timesyncd
    728 avahi     20   0    8088   2652   2300 S   0.0   0.0   0:00.08 avahi-daemon: running [ubuntu.local]
    729 root      20   0    9892   4484   4044 S   0.0   0.1   0:00.07 /usr/lib/bluetooth/bluetoothd -d --noplugin=audio,a2dp,avrcp
    730 message+  20   0   11448   5648   3108 S   0.0   0.1   0:01.66 @dbus-daemon --system --address=systemd: --nofork --nopidfile --systemd-activation --syslog-only
    731 root      20   0  263764  20360  14144 S   0.0   0.3   0:01.12 /usr/sbin/NetworkManager --no-daemon
    737 root      20   0   42224  19668   9972 S   0.0   0.3   0:00.14 /usr/bin/python3 /usr/bin/networkd-dispatcher --run-startup-triggers
    744 root      20   0   27644  15072   7804 S   0.0   0.2   0:00.10 python3 /opt/nvidia/pva-allow-2/bin/nvidiaPvaAllowd.py
    749 root      20   0  243232  10120   6268 S   0.0   0.1   0:03.17 /usr/libexec/polkitd --no-debug
    753 root      20   0  240320   8560   5832 S   0.0   0.1   0:00.04 /usr/libexec/power-profiles-daemon
    760 syslog    20   0  222164   8356   3224 S   0.0   0.1   0:00.14 /usr/sbin/rsyslogd -n -iNONE
    762 root      20   0    2240    708    628 S   0.0   0.0   0:00.00 seatd -g video
    767 root      20   0 2145820  48520  24160 S   0.0   0.6   0:04.95 /snap/snapd/current/usr/lib/snapd/snapd
    769 root      20   0  241096   7752   5856 S   0.0   0.1   0:00.80 /usr/libexec/accounts-daemon
    772 root      20   0  236800   5804   5196 S   0.0   0.1   0:00.02 /usr/libexec/switcheroo-control
    773 lp        20   0    2308    112      0 S   0.0   0.0   0:00.00 /usr/sbin/lpd -s
    774 root      20   0   48808   7200   5948 S   0.0   0.1   0:00.19 /lib/systemd/systemd-logind
    778 root      20   0  394856  14472   9176 S   0.0   0.2   0:00.28 /usr/libexec/udisks2/udisksd
    780 root      20   0   16532   9744   7852 S   0.0   0.1   0:00.08 /sbin/wpa_supplicant -u -s -O /run/wpa_supplicant
    800 avahi     20   0    7816    352      0 S   0.0   0.0   0:00.00 avahi-daemon: chroot helper
    816 root      20   0  320884  13460   9472 S   0.0   0.2   0:00.12 /usr/sbin/ModemManager
    818 root      rt   0       0      0      0 S   0.0   0.0   0:00.34 [sugov:0]
    823 root      rt   0       0      0      0 S   0.0   0.0   0:00.29 [sugov:4]
    910 root      20   0    2460   1560   1380 S   0.0   0.0   0:00.39 /usr/sbin/nvfancontrol &
    930 root      20   0       0      0      0 S   0.0   0.0   0:00.00 [sw-quiesce]
    931 root      20   0       0      0      0 S   0.0   0.0   0:01.07 [nvgpu_channel_p]
    934 root      20   0       0      0      0 S   0.0   0.0   0:00.00 [nvgpu_pg_init_g]
    954 root      20   0       0      0      0 S   0.0   0.0   0:00.00 [nvgpu_clk_arb_p]
    979 root      20   0       0      0      0 S   0.0   0.0   0:01.09 [RTW_CMD_THREAD]
    981 root      20   0       0      0      0 I   0.0   0.0   0:00.32 [kworker/u12:9-events_freezable_power_]
   1016 root      20   0   75936   9728   7908 S   0.0   0.1   0:00.01 /usr/sbin/nvargus-daemon
   1017 root      20   0    9792   2900   2608 S   0.0   0.0   0:00.00 /bin/bash /etc/systemd/nvmemwarning.sh
   1037 root      20   0   22192   1708   1512 S   0.0   0.0   0:00.00 /usr/sbin/nvs-service
   1062 root      20   0    2336    760    672 S   0.0   0.0   0:01.58 /bin/sh /snap/cups/1237/scripts/run-cups-browsed
   1064 root      20   0    2336   1388   1264 S   0.0   0.0   0:01.60 /bin/sh /snap/cups/1237/scripts/run-cupsd
   1065 root      20   0       0      0      0 S   0.0   0.0   0:00.00 [pr/ramoops-1]
   1096 root      20   0 2012952  50020  29076 S   0.0   0.6   0:01.46 /usr/bin/containerd
   1110 root      20   0    9448   2412   2172 S   0.0   0.0   0:00.00 /usr/sbin/cron -f -P
   1136 kernoops  20   0   12820    456      0 S   0.0   0.0   0:00.00 /usr/sbin/kerneloops --test
   1145 root      20   0  241780   8612   6932 S   0.0   0.1   0:00.03 /usr/sbin/gdm3
   1162 kernoops  20   0   12820    452      0 S   0.0   0.0   0:00.00 /usr/sbin/kerneloops
   1164 root      20   0    8144    716    640 S   0.0   0.0   0:00.00 /sbin/agetty -o -p -- \u --keep-baud 115200,57600,38400,9600 ttyGS0 vt220
   1171 root      20   0    8144    724    648 S   0.0   0.0   0:00.00 /sbin/agetty -o -p -- \u --keep-baud 115200,57600,38400,9600 ttyTCU0 vt220
   1210 root      20   0  172548   9532   7592 S   0.0   0.1   0:00.04 gdm-session-worker [pam/gdm-autologin]
   1310 root      20   0    3076    916    804 S   0.0   0.0   0:00.00 /usr/sbin/nvphsd
   1316 root      20   0    3208   1408   1248 S   0.0   0.0   0:00.00 /usr/sbin/nvphsd
   1337 root      20   0 2166840  89332  54988 S   0.0   1.1   0:00.70 /usr/bin/dockerd -H fd:// --containerd=/run/containerd/containerd.sock
   1338 root      20   0   15232   8036   6460 S   0.0   0.1   0:00.02 sshd: /usr/sbin/sshd -D [listener] 0 of 10-100 startups
   1342 root      20   0       0      0      0 S   0.0   0.0   0:00.00 [file-storage]
   1350 fcsl      20   0   18416   9892   7060 S   0.0   0.1   0:00.72 /lib/systemd/systemd --user
   1360 fcsl      20   0  106740   4520      0 S   0.0   0.1   0:00.00 (sd-pam)
   1538 fcsl       9 -11   40232   5728   4620 S   0.0   0.1   0:00.02 /usr/bin/pipewire
   1539 fcsl      20   0   23884   5672   4592 S   0.0   0.1   0:00.08 /usr/bin/pipewire-media-session
   1540 fcsl       9 -11  890556  20284  12116 S   0.0   0.3   0:00.39 /usr/bin/pulseaudio --daemonize=no --log-target=journal
   1545 fcsl      20   0  241000   6164   5312 S   0.0   0.1   0:00.04 /usr/bin/gnome-keyring-daemon --daemonize --login
   1548 rtkit     21   1  153508   1472   1264 S   0.0   0.0   0:00.02 /usr/libexec/rtkit-daemon
   1559 fcsl      20   0  162628   5416   4908 S   0.0   0.1   0:00.00 /usr/libexec/gdm-x-session --run-script env GNOME_SHELL_SESSION_MODE=ubuntu /usr/bin/gnome-session --session=ubuntu
   1561 root      20   0   24.2g  80668  35156 S   0.0   1.0   0:00.52 /usr/lib/xorg/Xorg vt2 -displayfd 3 -auth /run/user/1000/gdm/Xauthority -nolisten tcp -background none -noreset -keeptty -novtswitch -verbose 3
   1564 fcsl      20   0   10132   4876   3144 S   0.0   0.1   0:00.44 /usr/bin/dbus-daemon --session --address=systemd: --nofork --nopidfile --systemd-activation --syslog-only
   1587 root      20   0       0      0      0 S   0.0   0.0   0:00.00 [nvidia-modeset/]
   1588 root      20   0       0      0      0 S   0.0   0.0   0:00.00 [nvidia-modeset/]
   1590 root      20   0       0      0      0 S   0.0   0.0   0:00.00 [nvidia]
   1591 root      20   0       0      0      0 S   0.0   0.0   0:00.00 [nv_queue]
   1729 root      20   0       0      0      0 S   0.0   0.0   0:00.00 [nvidia-drm-nv-t]
   1730 root     -51   0       0      0      0 S   0.0   0.0   0:00.00 [card1-crtc0]
   1731 root     -51   0       0      0      0 S   0.0   0.0   0:00.00 [card1-crtc1]
   1824 fcsl      20   0  225936  13728  11972 S   0.0   0.2   0:00.05 /usr/libexec/gnome-session-binary --session=ubuntu
   1916 fcsl      20   0  309864   6752   6032 S   0.0   0.1   0:00.01 /usr/libexec/at-spi-bus-launcher
   1922 fcsl      20   0    8828   3616   3116 S   0.0   0.0   0:00.01 /usr/bin/dbus-daemon --config-file=/usr/share/defaults/at-spi2/accessibility.conf --nofork --print-address 11 --address=unix:path=/run/user/1000/at-spi/bus_0
   1979 fcsl      20   0   91892   2520   2152 S   0.0   0.0   0:00.00 /usr/libexec/gnome-session-ctl --monitor
   1988 fcsl      20   0  240908   6992   6104 S   0.0   0.1   0:00.03 /usr/libexec/gvfsd
   1996 fcsl      20   0  381064   9284   4640 S   0.0   0.1   0:00.00 /usr/libexec/gvfsd-fuse /run/user/1000/gvfs -f
   1997 fcsl      20   0  596284  17864  12840 S   0.0   0.2   0:00.18 /usr/libexec/gnome-session-binary --systemd-service --session=ubuntu
   2040 fcsl      20   0  236356   4876   4440 S   0.0   0.1   0:00.00 /usr/libexec/xdg-permission-store
   2042 fcsl      20   0  584868  17900  13432 S   0.0   0.2   0:00.06 /usr/libexec/gnome-shell-calendar-server
   2051 fcsl      20   0  397280  22796  19136 S   0.0   0.3   0:00.09 /usr/libexec/evolution-source-registry
   2059 root      20   0  242436   7680   6568 S   0.0   0.1   0:00.07 /usr/libexec/upowerd
   2061 fcsl      20   0  600496  38980  29472 S   0.0   0.5   0:00.10 /usr/libexec/goa-daemon
   2068 fcsl      20   0 1321540  31748  23404 S   0.0   0.4   0:00.14 /usr/libexec/evolution-calendar-factory
   2078 fcsl      20   0  341492  12924  11036 S   0.0   0.2   0:00.04 /usr/libexec/goa-identity-service
   2088 fcsl      20   0  156800   4488   4024 S   0.0   0.1   0:00.01 /usr/libexec/dconf-service
   2089 fcsl      20   0  823284  28368  22824 S   0.0   0.4   0:00.08 /usr/libexec/evolution-addressbook-factory
   2105 fcsl      20   0  316604  11380   7284 S   0.0   0.1   0:00.11 /usr/libexec/gvfs-udisks2-volume-monitor
   2113 fcsl      20   0  315332   6412   5548 S   0.0   0.1   0:00.04 /usr/libexec/gvfs-afc-volume-monitor
   2118 fcsl      20   0  238096   6272   5500 S   0.0   0.1   0:00.01 /usr/libexec/gvfs-gphoto2-volume-monitor
   2122 fcsl      20   0  236772   4692   4232 S   0.0   0.1   0:00.01 /usr/libexec/gvfs-mtp-volume-monitor
   2126 fcsl      20   0  236900   7852   5228 S   0.0   0.1   0:00.01 /usr/libexec/gvfs-goa-volume-monitor
   2130 root      20   0  376544  64972  16884 S   0.0   0.8   0:10.29 /usr/libexec/packagekitd
   2138 fcsl      20   0  315228   9344   6144 S   0.0   0.1   0:00.02 /usr/libexec/gvfsd-trash --spawner :1.19 /org/gtk/gvfs/exec_spaw/0
   2165 fcsl      20   0  477596  12872  10592 S   0.0   0.2   0:00.13 /usr/libexec/xdg-desktop-portal
   2175 fcsl      20   0  463504   8420   5632 S   0.0   0.1   0:00.02 /usr/libexec/xdg-document-portal
   2178 fcsl      20   0 2804936  27172  20292 S   0.0   0.3   0:00.09 /usr/bin/gjs /usr/share/gnome-shell/org.gnome.Shell.Notifications
   2182 root      20   0    2232    696    620 S   0.0   0.0   0:00.00 fusermount3 -o rw,nosuid,nodev,fsname=portal,auto_unmount,subtype=portal -- /run/user/1000/doc
   2186 fcsl      20   0  163152   7096   6328 S   0.0   0.1   0:00.01 /usr/libexec/at-spi2-registryd --use-gnome-session
   2187 fcsl      20   0  715372  51180  31356 S   0.0   0.7   0:00.26 /usr/libexec/xdg-desktop-portal-gnome
   2201 fcsl      20   0    2328    836    748 S   0.0   0.0   0:00.00 sh -c /usr/bin/ibus-daemon --panel disable $([ "$XDG_SESSION_TYPE" = "x11" ] && echo "--xim")
   2202 fcsl      20   0  310888   7992   5380 S   0.0   0.1   0:00.01 /usr/libexec/gsd-a11y-settings
   2203 fcsl      20   0  603376  28568  18872 S   0.0   0.4   0:00.19 /usr/libexec/gsd-color
   2207 fcsl      20   0  379084  16400  12388 S   0.0   0.2   0:00.03 /usr/libexec/gsd-datetime
   2209 fcsl      20   0  315524  13140   6156 S   0.0   0.2   0:00.09 /usr/bin/ibus-daemon --panel disable --xim
   2210 fcsl      20   0  312464   8500   5808 S   0.0   0.1   0:00.06 /usr/libexec/gsd-housekeeping
   2212 fcsl      20   0  418272  25220  16048 S   0.0   0.3   0:00.15 /usr/libexec/gsd-keyboard
   2213 fcsl      20   0  934772  29676  19672 S   0.0   0.4   0:00.19 /usr/libexec/gsd-media-keys
   2214 fcsl      20   0  528832  26228  18632 S   0.0   0.3   0:00.18 /usr/libexec/gsd-power
   2216 fcsl      20   0  324816   9584   8232 S   0.0   0.1   0:00.01 /usr/libexec/gsd-print-notifications
   2219 fcsl      20   0  458476   6000   5344 S   0.0   0.1   0:00.02 /usr/libexec/gsd-rfkill
   2222 fcsl      20   0  236616   4660   4280 S   0.0   0.1   0:00.00 /usr/libexec/gsd-screensaver-proxy
   2226 fcsl      20   0  467192   9032   6824 S   0.0   0.1   0:00.07 /usr/libexec/gsd-sharing
   2228 fcsl      20   0  460576   9164   6256 S   0.0   0.1   0:00.01 /usr/libexec/gsd-smartcard
   2233 fcsl      20   0  320568   8140   7112 S   0.0   0.1   0:00.01 /usr/libexec/gsd-sound
   2242 fcsl      20   0  344860  23456  16012 S   0.0   0.3   0:00.17 /usr/libexec/gsd-wacom
   2247 fcsl      20   0  656864  90552  49008 S   0.0   1.2   0:03.98 /usr/bin/gnome-software --gapplication-service
   2248 fcsl      20   0  346536  27696  17768 S   0.0   0.4   0:00.20 /usr/libexec/gsd-xsettings
   2254 fcsl      20   0  842664  65920  47764 S   0.0   0.8   0:00.32 /usr/libexec/evolution-data-server/evolution-alarm-notify
   2278 fcsl      20   0  237728   6576   5956 S   0.0   0.1   0:00.00 /usr/libexec/ibus-dconf
   2289 fcsl      20   0  275472  27360  16048 S   0.0   0.4   0:01.55 /usr/libexec/ibus-extension-gtk3
   2301 fcsl      20   0  232212   6712   5028 S   0.0   0.1   0:00.02 /usr/libexec/gsd-disk-utility-notify
   2302 fcsl      20   0  196992  23344  16300 S   0.0   0.3   0:00.15 /usr/libexec/ibus-x11 --kill-daemon
   2316 fcsl      20   0  512948  41308  23256 S   0.0   0.5   0:00.93 python3 /usr/share/nvpmodel_indicator/nvpmodel_indicator.py
   2317 fcsl      20   0  237616   6672   6068 S   0.0   0.1   0:00.02 /usr/libexec/ibus-portal
   2353 fcsl      20   0  345756  14420  10528 S   0.0   0.2   0:00.02 /usr/libexec/gsd-printer
   2377 colord    20   0  246112  11944   8192 S   0.0   0.2   0:00.16 /usr/libexec/colord
   2462 root      20   0  404236  43620  34000 S   0.0   0.6   0:00.57 /usr/libexec/fwupd/fwupd
   2498 fcsl      20   0 2739436  27332  20372 S   0.0   0.4   0:00.09 /usr/bin/gjs /usr/share/gnome-shell/org.gnome.ScreenSaver
   2511 fcsl      20   0  511640  20804   3160 S   0.0   0.3   0:00.00 python3 /usr/share/nvpmodel_indicator/nvpmodel_indicator.py
   2512 fcsl      20   0  511640  20804   3160 S   0.0   0.3   0:00.00 python3 /usr/share/nvpmodel_indicator/nvpmodel_indicator.py
   2513 fcsl      20   0  511640  20804   3160 S   0.0   0.3   0:00.00 python3 /usr/share/nvpmodel_indicator/nvpmodel_indicator.py
   2514 fcsl      20   0  511640  20804   3160 S   0.0   0.3   0:00.00 python3 /usr/share/nvpmodel_indicator/nvpmodel_indicator.py
   2515 fcsl      20   0  511640  20804   3160 S   0.0   0.3   0:00.00 python3 /usr/share/nvpmodel_indicator/nvpmodel_indicator.py
   2516 fcsl      20   0  511640  20804   3160 S   0.0   0.3   0:00.00 python3 /usr/share/nvpmodel_indicator/nvpmodel_indicator.py
   2517 fcsl      20   0  511640  20804   3160 S   0.0   0.3   0:00.00 python3 /usr/share/nvpmodel_indicator/nvpmodel_indicator.py
   2518 fcsl      20   0  511640  20804   3160 S   0.0   0.3   0:00.00 python3 /usr/share/nvpmodel_indicator/nvpmodel_indicator.py
   2520 fcsl      20   0  511652  20848   3160 S   0.0   0.3   0:00.00 python3 /usr/share/nvpmodel_indicator/nvpmodel_indicator.py
   2521 fcsl      20   0  511652  20848   3160 S   0.0   0.3   0:00.00 python3 /usr/share/nvpmodel_indicator/nvpmodel_indicator.py
   2523 fcsl      20   0  511652  20848   3160 S   0.0   0.3   0:00.00 python3 /usr/share/nvpmodel_indicator/nvpmodel_indicator.py
   2524 fcsl      20   0  511652  20848   3160 S   0.0   0.3   0:00.00 python3 /usr/share/nvpmodel_indicator/nvpmodel_indicator.py
   2525 fcsl      20   0  511652  20848   3160 S   0.0   0.3   0:00.00 python3 /usr/share/nvpmodel_indicator/nvpmodel_indicator.py
   2526 fcsl      20   0  511652  20848   3160 S   0.0   0.3   0:00.00 python3 /usr/share/nvpmodel_indicator/nvpmodel_indicator.py
   2527 fcsl      20   0  511652  20848   3160 S   0.0   0.3   0:00.00 python3 /usr/share/nvpmodel_indicator/nvpmodel_indicator.py
   2528 fcsl      20   0  511652  20848   3160 S   0.0   0.3   0:00.00 python3 /usr/share/nvpmodel_indicator/nvpmodel_indicator.py
   2529 fcsl      20   0  511652  21360   3648 S   0.0   0.3   0:00.98 python3 /usr/share/nvpmodel_indicator/nvpmodel_indicator.py
   2531 fcsl      20   0  511652  20852   3160 S   0.0   0.3   0:00.00 python3 /usr/share/nvpmodel_indicator/nvpmodel_indicator.py
   2532 fcsl      20   0  511652  20852   3160 S   0.0   0.3   0:00.00 python3 /usr/share/nvpmodel_indicator/nvpmodel_indicator.py
   2558 fcsl      20   0  238820  11516   6280 S   0.0   0.1   0:00.06 /usr/libexec/ibus-engine-hangul --ibus
   2568 fcsl      39  19  648636  29248  20296 S   0.0   0.4   0:00.55 /usr/libexec/tracker-miner-fs-3
   2570 fcsl      20   0  345256  24112  16764 S   0.0   0.3   0:00.13 /usr/libexec/xdg-desktop-portal-gtk
   2735 fcsl      20   0  163392   5864   5280 S   0.0   0.1   0:00.01 /usr/libexec/gvfsd-metadata
   2762 root      20   0  136724  11180   9516 S   0.0   0.1   0:00.36 cupsd -f -s /var/snap/cups/common/etc/cups/cups-files.conf -c /var/snap/cups/common/etc/cups/cupsd.conf
   2770 snap_da+  20   0   14484   4204   3512 S   0.0   0.1   0:00.00 /snap/cups/1237/lib/cups/notifier/dbus dbus://
   2771 snap_da+  20   0   14484   4636   3932 S   0.0   0.1   0:00.00 /snap/cups/1237/lib/cups/notifier/dbus dbus://
   2772 snap_da+  20   0   14484   4216   3524 S   0.0   0.1   0:00.00 /snap/cups/1237/lib/cups/notifier/dbus dbus://
   2773 snap_da+  20   0   14484   4272   3576 S   0.0   0.1   0:00.00 /snap/cups/1237/lib/cups/notifier/dbus dbus://
   2774 snap_da+  20   0   14484   4636   3932 S   0.0   0.1   0:00.00 /snap/cups/1237/lib/cups/notifier/dbus dbus://
   2781 root      20   0  260796  17948  13524 S   0.0   0.2   0:00.46 cups-browsed -c /var/snap/cups/common/etc/cups/cups-browsed.conf
   3356 root      20   0   18536   9044   7116 S   0.0   0.1   0:00.03 sshd: fcsl [priv]
   3413 fcsl      20   0   18984   7780   5556 S   0.0   0.1   0:00.42 sshd: fcsl@pts/0
   3414 fcsl      20   0   15168   8696   3028 S   0.0   0.1   0:00.15 -bash
   3656 root      20   0   18536   9052   7124 S   0.0   0.1   0:00.02 sshd: fcsl [priv]
   3699 fcsl      20   0   18984   7800   5576 S   0.0   0.1   0:00.01 sshd: fcsl@pts/1
   3700 fcsl      20   0   15168   8568   2900 S   0.0   0.1   0:00.11 -bash
   3956 root      20   0   18536   9052   7124 S   0.0   0.1   0:00.03 sshd: fcsl [priv]
   3986 fcsl      20   0   18984   7800   5576 S   0.0   0.1   0:00.24 sshd: fcsl@pts/2
   3987 fcsl      20   0   15168   8564   2900 S   0.0   0.1   0:00.06 -bash
   4340 fcsl      20   0  421744  28484  20708 S   0.0   0.4   0:00.18 update-notifier
   5745 root      20   0       0      0      0 I   0.0   0.0   0:00.00 [kworker/5:0-events]
   5746 root      20   0       0      0      0 I   0.0   0.0   0:00.14 [kworker/0:0-events]
   5789 root      20   0   18536   9056   7128 S   0.0   0.1   0:00.03 sshd: fcsl [priv]
   5818 fcsl      20   0    9792   2976   2680 S   0.0   0.0   0:00.00 -bash
   5821 fcsl      20   0    2440   1568   1348 S   0.0   0.0   0:00.00 sh
   5892 fcsl      20   0   42184   8676   6928 S   0.0   0.1   0:00.04 /home/fcsl/.vscode-server/code-6a49527b96e326fe62fbdb56f60e16877c9aa724 --cli-data-dir /home/fcsl/.vscode-server/cli agent host
   5913 fcsl      20   0    2328    816    732 S   0.0   0.0   0:00.00 sh /home/fcsl/.vscode-server/cli/servers/Stable-6a49527b96e326fe62fbdb56f60e16877c9aa724/server/bin/code-server --connection-token=remotessh --accept-server-license-terms --agent-host-bridge-port=41459 --agent-host-bridge-host=127.0.0.1 --agent-host-bridge-connection-token=03adc759-cc11-482d-a5c4-3d1cf335af96 --start-server --enable-remote-auto-shutdown --socket-path=/tmp/code-9639163c-fbe7-4e2e-8b21-e167c70142b5
   6192 fcsl      20   0  952820  70140  41896 S   0.0   0.9   0:01.92 /home/fcsl/.vscode-server/cli/servers/Stable-6a49527b96e326fe62fbdb56f60e16877c9aa724/server/node /home/fcsl/.vscode-server/cli/servers/Stable-6a49527b96e326fe62fbdb56f60e16877c9aa724/server/out/bootstrap-fork --type=ptyHost --logsPath /home/fcsl/.vscode-server/data/logs/20260817T111943
   6410 root      20   0       0      0      0 I   0.0   0.0   0:00.00 [kworker/1:0-events]
   7080 fcsl      20   0  405524  74872  63060 S   0.0   1.0   0:01.33 /home/fcsl/.vscode-server/extensions/openai.chatgpt-26.810.52044-linux-arm64/bin/linux-aarch64/codex -c features.code_mode_host=true app-server --analytics-default-enabled
   7182 fcsl      20   0   15216   8668   2972 S   0.0   0.1   0:00.05 /usr/bin/bash --init-file /home/fcsl/.vscode-server/cli/servers/Stable-6a49527b96e326fe62fbdb56f60e16877c9aa724/server/out/vs/workbench/contrib/terminal/common/scripts/shellIntegration-bash.sh
   7850 root      20   0   18536   9060   7132 S   0.0   0.1   0:00.04 sshd: fcsl [priv]
   7878 fcsl      20   0   18824   7676   5580 S   0.0   0.1   0:00.02 sshd: fcsl@pts/6
   7879 fcsl      20   0   15168   8708   3036 S   0.0   0.1   0:00.15 -bash
   8118 root      20   0   18536   9060   7132 S   0.0   0.1   0:00.04 sshd: fcsl [priv]
   8146 fcsl      20   0   18984   7680   5580 S   0.0   0.1   0:00.02 sshd: fcsl@pts/8
   8147 fcsl      20   0   15168   8708   3032 S   0.0   0.1   0:00.15 -bash
   8386 root      20   0   18536   9060   7132 S   0.0   0.1   0:00.04 sshd: fcsl [priv]
   8414 fcsl      20   0   18824   7672   5580 S   0.0   0.1   0:00.01 sshd: fcsl@pts/9
   8415 fcsl      20   0   15168   8640   2964 S   0.0   0.1   0:00.12 -bash
  11747 root      20   0       0      0      0 I   0.0   0.0   0:00.00 [kworker/0:2-events]
  11800 root      20   0   18536   9328   7400 S   0.0   0.1   0:00.04 sshd: fcsl [priv]
  11829 fcsl      20   0   15168   9064   3388 S   0.0   0.1   0:00.37 -bash
  16192 root      20   0       0      0      0 I   0.0   0.0   0:00.07 [kworker/u12:3-devfreq_wq]
  16258 root      20   0       0      0      0 I   0.0   0.0   0:00.00 [kworker/0:1-events]
  16292 root      20   0    8112    764    688 S   0.0   0.0   0:00.00 sleep 300
  16331 root      20   0       0      0      0 I   0.0   0.0   0:00.03 [kworker/u12:0-events_freezable_power_]
  19240 fcsl      20   0  206192  31704  14596 S   0.0   0.4   0:00.55 /home/fcsl/miniforge3/envs/thirdimpact/bin/python /home/fcsl/miniforge3/envs/thirdimpact/bin/ros2 run joy joy_node
  19545 fcsl      20   0    8112    780    704 S   0.0   0.0   0:00.00 sleep 180
  19546 fcsl      20   0   10072   3092   2780 S   0.0   0.0   0:00.00 bash ./cpu_profile.sh

top - 11:35:04 up 22 min,  8 users,  load average: 9.55, 4.76, 4.00
Tasks: 408 total,  16 running, 392 sleeping,   0 stopped,   0 zombie
%Cpu(s): 88.3 us,  7.9 sy,  0.0 ni,  0.6 id,  0.0 wa,  1.4 hi,  1.8 si,  0.0 st
MiB Mem :   7607.4 total,   1610.1 free,   3590.2 used,   2407.2 buff/cache
MiB Swap:   3803.7 total,   3803.2 free,      0.5 used.   3746.7 avail Mem 

    PID USER      PR  NI    VIRT    RES    SHR S  %CPU  %MEM     TIME+ COMMAND
  19358 fcsl      20   0 1478356 107388  42672 R  49.8   1.4   0:08.68 /home/fcsl/miniforge3/envs/thirdimpact/bin/python3.12 /home/fcsl/roboracer_ws/install/controller/lib/controller/controller_manager --ros-args -r __node:=controller_manager --params-file /home/fcsl/roboracer_ws/install/stack_master/share/stack_master/config/controller.yaml --params-file /tmp/launch_params_rteop0df --params-file /tmp/launch_params_fgfbn70d
  19336 fcsl      20   0 1447952 109648  42476 R  47.8   1.4   0:09.39 /home/fcsl/miniforge3/envs/thirdimpact/bin/python3.12 /home/fcsl/roboracer_ws/install/state_machine/lib/state_machine/state_machine --ros-args -r __node:=state_machine --params-file /home/fcsl/roboracer_ws/install/stack_master/share/stack_master/config/state_machine_params.yaml --params-file /tmp/launch_params_biwnb6d6 --params-file /tmp/launch_params_30za9fdy --params-file /tmp/launch_params_f2pjkjd6 --params-file /tmp/launch_params_v+
  19340 fcsl      20   0 1847760 190376  87768 R  41.1   2.4   0:07.68 /home/fcsl/miniforge3/envs/thirdimpact/bin/python3.12 /home/fcsl/roboracer_ws/install/recovery_spliner/lib/recovery_spliner/recovery_spliner_node --ros-args -r __node:=recovery_spliner_node
  19311 fcsl      20   0 1473936 105568  41672 R  40.1   1.4   0:07.54 /home/fcsl/miniforge3/envs/thirdimpact/bin/python3.12 /home/fcsl/roboracer_ws/install/frenet_odom_republisher/lib/frenet_odom_republisher/frenet_odom_republisher_node --ros-args -r __node:=frenet_odom_republisher -r /car_state/frenet/odom:=/car_state/odom_frenet
  19346 fcsl      20   0 1873344 219340  90960 R  38.2   2.8   0:08.57 /home/fcsl/miniforge3/envs/thirdimpact/bin/python3.12 /home/fcsl/roboracer_ws/install/lane_change_planner/lib/lane_change_planner/change_avoidance_node --ros-args -r __node:=planner_change --params-file /tmp/launch_params_3lr3b4pe
  19314 fcsl      20   0 1114280  64204  25816 R  35.3   0.8   0:06.74 /home/fcsl/miniforge3/envs/thirdimpact/bin/python3.12 /home/fcsl/roboracer_ws/install/lap_analyser/lib/lap_analyser/lap_analyser --ros-args -r __node:=lap_analyser --params-file /tmp/launch_params_0px3ph6a
  19344 fcsl      20   0 1815936 165880  83084 R  34.8   2.1   0:07.35 /home/fcsl/miniforge3/envs/thirdimpact/bin/python3.12 /home/fcsl/roboracer_ws/install/spliner/lib/spliner/static_avoidance_node --ros-args -r __node:=static_avoidance_planner --params-file /home/fcsl/roboracer_ws/install/stack_master/share/stack_master/config/static_avoidance_planner.yaml -r /planner/avoidance/otwpnts:=/planner/avoidance/static_otwpnts
  19342 fcsl      20   0 1847704 190332  87764 R  32.9   2.4   0:07.72 /home/fcsl/miniforge3/envs/thirdimpact/bin/python3.12 /home/fcsl/roboracer_ws/install/spliner/lib/spliner/start_spline_node_v2 --ros-args -r __node:=start_planner
  19281 fcsl      20   0 1455628 117548  41644 R  31.9   1.5   0:07.42 /home/fcsl/miniforge3/envs/thirdimpact/bin/python3.12 /home/fcsl/roboracer_ws/install/gb_optimizer/lib/gb_optimizer/global_trajectory_publisher --ros-args -r __node:=global_republisher --params-file /tmp/launch_params_lsq8407e
  19352 fcsl      20   0 1592912 108816  42116 S  31.9   1.4   0:05.79 python3 /home/fcsl/roboracer_ws/install/gp_traj_predictor/lib/gp_traj_predictor/opponent_trajectory --ros-args -r __node:=OpponentHalflap
  19328 fcsl      20   0 1472000 130676  46628 R  31.4   1.7   0:07.42 python3 /home/fcsl/roboracer_ws/install/perception/lib/perception/tracking_node --ros-args -r __node:=tracking --params-file /home/fcsl/roboracer_ws/install/stack_master/share/stack_master/config/opponent_tracker_params.yaml -r /tracking/obstacles:=/tracking/obstacles
  19356 fcsl      20   0 1118620  67116  27292 R  30.4   0.9   0:04.88 python3 /home/fcsl/roboracer_ws/install/gp_traj_predictor/lib/gp_traj_predictor/opp_prediction --ros-args -r __node:=opponent_propagation_predictor
  19350 fcsl      20   0 1114192  65224  25644 R  28.0   0.8   0:04.12 /home/fcsl/miniforge3/envs/thirdimpact/bin/python3.12 /home/fcsl/roboracer_ws/install/lane_change_planner/lib/lane_change_planner/update_waypoints --ros-args -r __node:=waypoint_updater
  19251 fcsl      20   0  868124  49804  36540 S  27.1   0.6   0:07.12 /home/fcsl/roboracer_ws/install/kiss_icp_localization/lib/kiss_icp_localization/localization_node --ros-args -r __node:=kiss_icp_localization --params-file /home/fcsl/roboracer_ws/install/stack_master/share/stack_master/config/kiss.yaml --params-file /tmp/launch_params_kkza55sc --params-file /tmp/launch_params_bk6s3os3
  19230 fcsl      20   0 1106708  60188  24440 S  15.5   0.8   0:03.35 python3 /home/fcsl/roboracer_ws/install/stack_master/lib/stack_master/simple_mux_node.py --ros-args -r __node:=simple_mux --params-file /home/fcsl/roboracer_ws/install/stack_master/share/stack_master/config/CAR/vehicle_config.yaml --params-file /tmp/launch_params_pywsh3_8 --params-file /tmp/launch_params_yk3h0muz --params-file /tmp/launch_params_uihzw7ry --params-file /tmp/launch_params_5fc12uzq --params-file /tmp/launch_params_nd2qw0hk
  19297 fcsl      20   0 1520296 109360  42496 R  11.6   1.4   0:03.81 /home/fcsl/miniforge3/envs/thirdimpact/bin/python3.12 /home/fcsl/roboracer_ws/install/overtaking_sector_tuner/lib/overtaking_sector_tuner/ot_interpolator --ros-args -r __node:=ot_sector_tuner --params-file /home/fcsl/roboracer_ws/install/stack_master/share/stack_master/maps/0815test3/ot_sectors.yaml --params-file /tmp/launch_params_ti68gs7d
  19326 fcsl      20   0 1126000  54140  33796 R   7.2   0.7   0:01.64 /home/fcsl/roboracer_ws/install/perception/lib/perception/detect --ros-args -r __node:=detect --params-file /home/fcsl/roboracer_ws/install/stack_master/share/stack_master/config/opponent_tracker_params.yaml --params-file /tmp/launch_params_gk8q2zkj
  19216 fcsl      20   0  882452  23088  13904 S   6.8   0.3   0:01.81 /home/fcsl/roboracer_ws/install/vesc_driver/lib/vesc_driver/vesc_driver_node --ros-args -r __node:=vesc_driver_node -r __ns:=/vesc --params-file /home/fcsl/roboracer_ws/install/stack_master/share/stack_master/config/CAR/vehicle_config.yaml
  19213 fcsl      20   0 2285720  52248  16816 S   5.8   0.7   0:03.74 /home/fcsl/miniforge3/envs/thirdimpact/bin/python /home/fcsl/miniforge3/envs/thirdimpact/bin/ros2 launch stack_master race.launch.xml map:=0815test3
   6720 fcsl      20   0   42.1g 668856  59704 S   5.3   8.6   1:03.86 /home/fcsl/.vscode-server/cli/servers/Stable-6a49527b96e326fe62fbdb56f60e16877c9aa724/server/node --dns-result-order=ipv4first /home/fcsl/.vscode-server/cli/servers/Stable-6a49527b96e326fe62fbdb56f60e16877c9aa724/server/out/bootstrap-fork --type=extensionHost --transformURIs --useHostProxy=false
  19561 fcsl      20   0  823792  26624  16644 S   4.8   0.3   0:01.18 /home/fcsl/miniforge3/envs/thirdimpact/lib/joy/joy_node
  19289 fcsl      20   0 1118656  66924  26820 S   3.9   0.9   0:01.81 /home/fcsl/miniforge3/envs/thirdimpact/bin/python3.12 /home/fcsl/roboracer_ws/install/sector_tuner/lib/sector_tuner/sector_tuner --ros-args -r __node:=speed_sector_tuner --params-file /home/fcsl/roboracer_ws/install/stack_master/share/stack_master/maps/0815test3/speed_scaling.yaml --params-file /tmp/launch_params_kwlnquqh
  19222 fcsl      20   0  817464  21696  14172 S   2.9   0.3   0:00.87 /home/fcsl/roboracer_ws/install/urg_node/lib/urg_node/urg_node_driver --ros-args -r __node:=urg_node --params-file /home/fcsl/roboracer_ws/install/stack_master/share/stack_master/config/CAR/vehicle_config.yaml -r /scan:=/scan
  19354 fcsl      20   0 1085540 142240  48776 S   2.4   1.8   0:03.40 python3 /home/fcsl/roboracer_ws/install/gp_traj_predictor/lib/gp_traj_predictor/gaussian_process_opp_traj --ros-args -r __node:=GP_trajectory
   5868 fcsl      20   0   45844  12856   8268 S   1.4   0.2   0:11.51 /home/fcsl/.vscode-server/code-6a49527b96e326fe62fbdb56f60e16877c9aa724 command-shell --cli-data-dir /home/fcsl/.vscode-server/cli --parent-process-id 5821 --on-host=127.0.0.1 --on-port
  19220 fcsl      20   0  663144  21780  14644 S   1.4   0.3   0:00.67 /home/fcsl/roboracer_ws/install/vesc_ackermann/lib/vesc_ackermann/vesc_to_odom_node --ros-args -r __node:=vesc_to_odom_node -r __ns:=/vesc --params-file /home/fcsl/roboracer_ws/install/stack_master/share/stack_master/config/CAR/vehicle_config.yaml
  19247 fcsl      20   0  817644  25596  17424 S   1.4   0.3   0:00.70 /home/fcsl/miniforge3/envs/thirdimpact/lib/nav2_lifecycle_manager/lifecycle_manager --ros-args -r __node:=lifecycle_manager_localization --params-file /tmp/launch_params_gzsj1u13 --params-file /tmp/launch_params_7txkr4rh --params-file /tmp/launch_params_ojdu_5r1
  19249 fcsl      20   0  721960  34992  21568 R   1.4   0.4   0:00.73 /home/fcsl/miniforge3/envs/thirdimpact/lib/nav2_map_server/map_server --ros-args -r __node:=map_server --params-file /tmp/launch_params_7an6qmh_ --params-file /tmp/launch_params_3pildy1p --params-file /tmp/launch_params_bxv9_bd6 --params-file /tmp/launch_params_3ypbuy35
  19307 fcsl      20   0 1439676 103844  40816 S   1.4   1.3   0:02.20 /home/fcsl/miniforge3/envs/thirdimpact/bin/python3.12 /home/fcsl/roboracer_ws/install/frenet_conversion_server/lib/frenet_conversion_server/frenet_conversion_server_node --ros-args -r __node:=frenet_conversion_server_node --params-file /tmp/launch_params_1_pyfy3w
   5817 fcsl      20   0   19504   8220   5580 S   1.0   0.1   0:07.76 sshd: fcsl@notty
  11828 fcsl      20   0   18824   8292   6100 S   1.0   0.1   0:00.45 sshd: fcsl@pts/5
  19218 fcsl      20   0  663148  21616  14464 S   1.0   0.3   0:00.50 /home/fcsl/roboracer_ws/install/vesc_ackermann/lib/vesc_ackermann/ackermann_to_vesc_node --ros-args -r __node:=ackermann_to_vesc_node -r __ns:=/vesc --params-file /home/fcsl/roboracer_ws/install/stack_master/share/stack_master/config/CAR/vehicle_config.yaml
  19245 fcsl      20   0 1106632  62568  24328 S   1.0   0.8   0:01.14 python3 /home/fcsl/roboracer_ws/install/stack_master/lib/stack_master/map_relay_node.py --ros-args -r __node:=map_relay_node
  19553 fcsl      20   0   12120   3496   2676 R   1.0   0.0   0:00.28 top -b -c -w 512 -d 2
    320 root      20   0   23808   5888   3448 S   0.5   0.1   0:05.11 /lib/systemd/systemd-udevd
   1096 root      20   0 2012952  50020  29076 S   0.5   0.6   0:01.47 /usr/bin/containerd
  16331 root      20   0       0      0      0 I   0.5   0.0   0:00.04 [kworker/u12:0-events_freezable_power_]
  19224 fcsl      20   0 1113316  63836  25836 S   0.5   0.8   0:01.15 python3 /home/fcsl/roboracer_ws/install/stack_master/lib/stack_master/static_tf_publisher.py --ros-args -r __node:=static_tf_publisher --params-file /home/fcsl/roboracer_ws/install/stack_master/share/stack_master/config/CAR/static_transforms.yaml
      1 root      20   0  167496  11476   7176 S   0.0   0.1   0:03.45 /sbin/init 2
      2 root      20   0       0      0      0 S   0.0   0.0   0:00.01 [kthreadd]
      3 root       0 -20       0      0      0 I   0.0   0.0   0:00.00 [rcu_gp]
      4 root       0 -20       0      0      0 I   0.0   0.0   0:00.00 [rcu_par_gp]
      5 root       0 -20       0      0      0 I   0.0   0.0   0:00.00 [slub_flushwq]
      6 root       0 -20       0      0      0 I   0.0   0.0   0:00.00 [netns]
      8 root       0 -20       0      0      0 I   0.0   0.0   0:00.00 [kworker/0:0H-events_highpri]
     10 root       0 -20       0      0      0 I   0.0   0.0   0:00.00 [mm_percpu_wq]
     11 root      20   0       0      0      0 S   0.0   0.0   0:00.00 [rcu_tasks_kthre]
     12 root      20   0       0      0      0 S   0.0   0.0   0:00.00 [rcu_tasks_rude_]
     13 root      20   0       0      0      0 S   0.0   0.0   0:00.00 [rcu_tasks_trace]
     14 root      20   0       0      0      0 S   0.0   0.0   0:00.71 [ksoftirqd/0]
     15 root      20   0       0      0      0 I   0.0   0.0   0:00.36 [rcu_preempt]
     16 root      rt   0       0      0      0 S   0.0   0.0   0:00.00 [migration/0]
     17 root      20   0       0      0      0 S   0.0   0.0   0:00.00 [cpuhp/0]
     18 root      20   0       0      0      0 S   0.0   0.0   0:00.00 [cpuhp/1]
     19 root      rt   0       0      0      0 S   0.0   0.0   0:00.00 [migration/1]
     20 root      20   0       0      0      0 S   0.0   0.0   0:00.14 [ksoftirqd/1]
     22 root       0 -20       0      0      0 I   0.0   0.0   0:00.00 [kworker/1:0H-events_highpri]
     23 root      20   0       0      0      0 S   0.0   0.0   0:00.00 [cpuhp/2]
     24 root      rt   0       0      0      0 S   0.0   0.0   0:00.00 [migration/2]
     25 root      20   0       0      0      0 S   0.0   0.0   0:00.15 [ksoftirqd/2]
     27 root       0 -20       0      0      0 I   0.0   0.0   0:00.00 [kworker/2:0H-kblockd]
     28 root      20   0       0      0      0 S   0.0   0.0   0:00.00 [cpuhp/3]
     29 root      rt   0       0      0      0 S   0.0   0.0   0:00.00 [migration/3]
     30 root      20   0       0      0      0 S   0.0   0.0   0:00.18 [ksoftirqd/3]
     31 root      20   0       0      0      0 I   0.0   0.0   0:00.07 [kworker/3:0-mm_percpu_wq]
     32 root       0 -20       0      0      0 I   0.0   0.0   0:00.00 [kworker/3:0H-events_highpri]
     33 root      20   0       0      0      0 S   0.0   0.0   0:00.00 [cpuhp/4]
     34 root      rt   0       0      0      0 S   0.0   0.0   0:00.00 [migration/4]
     35 root      20   0       0      0      0 S   0.0   0.0   0:00.15 [ksoftirqd/4]
     37 root       0 -20       0      0      0 I   0.0   0.0   0:00.00 [kworker/4:0H-events_highpri]
     38 root      20   0       0      0      0 S   0.0   0.0   0:00.00 [cpuhp/5]
     39 root      rt   0       0      0      0 S   0.0   0.0   0:00.00 [migration/5]
     40 root      20   0       0      0      0 S   0.0   0.0   0:00.13 [ksoftirqd/5]
     42 root       0 -20       0      0      0 I   0.0   0.0   0:00.00 [kworker/5:0H-events_highpri]
     43 root      20   0       0      0      0 S   0.0   0.0   0:00.00 [kdevtmpfs]
     44 root       0 -20       0      0      0 I   0.0   0.0   0:00.00 [inet_frag_wq]
     47 root      20   0       0      0      0 I   0.0   0.0   0:00.01 [kworker/2:1-cgroup_destroy]
     50 root      20   0       0      0      0 I   0.0   0.0   0:00.00 [kworker/4:1-events]
     51 root      20   0       0      0      0 S   0.0   0.0   0:00.00 [kauditd]
     52 root      20   0       0      0      0 S   0.0   0.0   0:00.00 [oom_reaper]
     53 root       0 -20       0      0      0 I   0.0   0.0   0:00.00 [writeback]
     54 root      20   0       0      0      0 S   0.0   0.0   0:00.00 [kcompactd0]
     55 root      25   5       0      0      0 S   0.0   0.0   0:00.00 [ksmd]
     56 root      39  19       0      0      0 S   0.0   0.0   0:00.15 [khugepaged]
     67 root       0 -20       0      0      0 I   0.0   0.0   0:00.00 [cryptd]
     86 root       0 -20       0      0      0 I   0.0   0.0   0:00.00 [kintegrityd]
     87 root       0 -20       0      0      0 I   0.0   0.0   0:00.00 [kblockd]
     88 root       0 -20       0      0      0 I   0.0   0.0   0:00.00 [blkcg_punt_bio]
     89 root       0 -20       0      0      0 I   0.0   0.0   0:00.00 [tpm_dev_wq]
     90 root       0 -20       0      0      0 I   0.0   0.0   0:00.00 [ata_sff]
     91 root       0 -20       0      0      0 I   0.0   0.0   0:00.00 [edac-poller]
     92 root       0 -20       0      0      0 I   0.0   0.0   0:00.00 [devfreq_wq]
     93 root     -51   0       0      0      0 S   0.0   0.0   0:00.00 [watchdogd]
     94 root      20   0       0      0      0 I   0.0   0.0   0:00.68 [kworker/u12:1-events_unbound]
     95 root      20   0       0      0      0 I   0.0   0.0   0:00.48 [kworker/u12:2-events_unbound]
     96 root       0 -20       0      0      0 I   0.0   0.0   0:00.00 [kworker/0:1H-kblockd]
     97 root       0 -20       0      0      0 I   0.0   0.0   0:00.00 [rpciod]
     98 root       0 -20       0      0      0 I   0.0   0.0   0:00.03 [kworker/u13:0-hci0]
     99 root       0 -20       0      0      0 I   0.0   0.0   0:00.00 [xprtiod]
    127 root      20   0       0      0      0 S   0.0   0.0   0:00.36 [kswapd0]
    128 root       0 -20       0      0      0 I   0.0   0.0   0:00.00 [nfsiod]
    132 root       0 -20       0      0      0 I   0.0   0.0   0:00.00 [vfio-irqfd-clea]
    133 root       0 -20       0      0      0 I   0.0   0.0   0:00.00 [bch_btree_io]
    134 root       0 -20       0      0      0 I   0.0   0.0   0:00.00 [bcache]
    135 root       0 -20       0      0      0 I   0.0   0.0   0:00.00 [bch_journal]
    136 root       0 -20       0      0      0 I   0.0   0.0   0:00.00 [dm_bufio_cache]
    138 root      10 -10       0      0      0 S   0.0   0.0   0:00.00 [krfcommd]
    139 root      20   0       0      0      0 S   0.0   0.0   0:00.00 [pr/tty0]
    140 root      20   0       0      0      0 S   0.0   0.0   0:02.86 [pr/ttyTCU0]
    143 root     -51   0       0      0      0 S   0.0   0.0   0:00.00 [irq/114-3160000]
    145 root     -51   0       0      0      0 S   0.0   0.0   0:00.00 [irq/115-3180000]
    146 root      20   0       0      0      0 I   0.0   0.0   0:00.38 [kworker/1:3-mm_percpu_wq]
    147 root     -51   0       0      0      0 S   0.0   0.0   0:00.00 [irq/116-31b0000]
    148 root     -51   0       0      0      0 S   0.0   0.0   0:00.00 [irq/167-c240000]
    149 root     -51   0       0      0      0 S   0.0   0.0   0:00.00 [irq/168-c250000]
    150 root     -51   0       0      0      0 S   0.0   0.0   0:00.00 [irq/125-3610000]
    151 root     -51   0       0      0      0 S   0.0   0.0   0:00.00 [irq/122-3610000]
    152 root      20   0       0      0      0 I   0.0   0.0   0:00.03 [kworker/5:3-mm_percpu_wq]
    153 root       0 -20       0      0      0 I   0.0   0.0   0:00.00 [sdhci]
    154 root     -51   0       0      0      0 S   0.0   0.0   0:00.00 [irq/120-mmc0]
    155 root     -51   0       0      0      0 S   0.0   0.0   0:00.00 [irq/230-3400000]
    156 root      20   0       0      0      0 I   0.0   0.0   0:00.06 [kworker/2:2-mm_percpu_wq]
    173 root       0 -20       0      0      0 I   0.0   0.0   0:00.00 [kworker/1:1H-kblockd]
    174 root      20   0       0      0      0 I   0.0   0.0   0:00.00 [kworker/3:2-mm_percpu_wq]
    179 root     -51   0       0      0      0 S   0.0   0.0   0:00.00 [irq/191-tegra-p]
    180 root       0 -20       0      0      0 I   0.0   0.0   0:00.00 [nvme-wq]
    181 root       0 -20       0      0      0 I   0.0   0.0   0:00.00 [nvme-reset-wq]
    182 root       0 -20       0      0      0 I   0.0   0.0   0:00.00 [nvme-delete-wq]
    191 root     -51   0       0      0      0 S   0.0   0.0   0:00.00 [irq/191-aerdrv]
    192 root     -51   0       0      0      0 S   0.0   0.0   0:00.00 [irq/193-tegra-p]
    195 root     -51   0       0      0      0 S   0.0   0.0   0:00.00 [irq/193-aerdrv]
    196 root     -51   0       0      0      0 S   0.0   0.0   0:00.00 [irq/195-tegra-p]
    198 root     -51   0       0      0      0 S   0.0   0.0   0:00.00 [irq/232-nvme0q0]
    199 root     -51   0       0      0      0 S   0.0   0.0   0:00.22 [irq/233-nvme0q1]
    200 root     -51   0       0      0      0 S   0.0   0.0   0:00.32 [irq/234-nvme0q2]
    201 root     -51   0       0      0      0 S   0.0   0.0   0:00.18 [irq/235-nvme0q3]
    202 root     -51   0       0      0      0 S   0.0   0.0   0:00.22 [irq/236-nvme0q4]
    203 root     -51   0       0      0      0 S   0.0   0.0   0:00.06 [irq/237-nvme0q5]
    204 root     -51   0       0      0      0 S   0.0   0.0   0:00.06 [irq/238-nvme0q6]
    205 root      20   0       0      0      0 I   0.0   0.0   0:00.50 [kworker/u12:4-events_freezable_power_]
    209 root      20   0       0      0      0 S   0.0   0.0   0:00.13 [jbd2/nvme0n1p1-]
    210 root       0 -20       0      0      0 I   0.0   0.0   0:00.00 [ext4-rsv-conver]
    211 root       0 -20       0      0      0 I   0.0   0.0   0:00.00 [kworker/2:1H-kblockd]
    220 root       0 -20       0      0      0 I   0.0   0.0   0:00.00 [mld]
    221 root       0 -20       0      0      0 I   0.0   0.0   0:00.00 [kworker/3:1H-kblockd]
    222 root       0 -20       0      0      0 I   0.0   0.0   0:00.00 [ipv6_addrconf]
    253 root      19  -1   40524   9664   8044 S   0.0   0.1   0:00.49 /lib/systemd/systemd-journald
    267 root      20   0       0      0      0 I   0.0   0.0   0:00.04 [kworker/4:2-mm_percpu_wq]
    270 root      20   0       0      0      0 I   0.0   0.0   0:00.47 [kworker/u12:5-events_freezable_power_]
    271 root      20   0       0      0      0 I   0.0   0.0   0:00.62 [kworker/u12:6-events_freezable_power_]
    272 root      20   0       0      0      0 I   0.0   0.0   0:00.36 [kworker/u12:7-devfreq_wq]
    273 root      20   0       0      0      0 I   0.0   0.0   0:00.47 [kworker/u12:8-events_freezable_power_]
    283 root      39  19       0      0      0 S   0.0   0.0   0:00.00 [nvmap-bz]
    284 root     -51   0       0      0      0 S   0.0   0.0   0:00.00 [irq/188-host1x_]
    286 root     -51   0       0      0      0 S   0.0   0.0   0:00.00 [irq/197-gk20a_s]
    287 root     -51   0       0      0      0 S   0.0   0.0   0:00.00 [irq/198-gk20a_s]
    288 root     -51   0       0      0      0 S   0.0   0.0   0:00.00 [irq/199-gk20a_s]
    289 root     -51   0       0      0      0 S   0.0   0.0   0:00.00 [irq/200-gk20a_n]
    293 root      20   0    9792   2792   2528 S   0.0   0.0   0:00.00 /bin/bash /etc/systemd/nv-tee-supplicant.sh
    298 root      20   0   76588   1360   1248 S   0.0   0.0   0:00.01 /usr/sbin/tee-supplicant
    299 root       0 -20       0      0      0 I   0.0   0.0   0:00.00 [optee_bus_scan]
    307 root       0 -20       0      0      0 I   0.0   0.0   0:00.00 [kworker/4:1H-kblockd]
    309 root      20   0   24048   6028   3380 S   0.0   0.1   0:02.02 /lib/systemd/systemd-udevd
    310 root      20   0   23744   5080   2712 S   0.0   0.1   0:00.16 /lib/systemd/systemd-udevd
    311 root      20   0   23396   4308   2228 S   0.0   0.1   0:00.12 /lib/systemd/systemd-udevd
    312 root      20   0   23508   4468   2212 S   0.0   0.1   0:00.15 /lib/systemd/systemd-udevd
    313 root      20   0   24528   6416   3228 S   0.0   0.1   0:00.31 /lib/systemd/systemd-udevd
    314 root      20   0   23532   4792   2660 S   0.0   0.1   0:00.24 /lib/systemd/systemd-udevd
    315 root      20   0   23500   5188   3048 S   0.0   0.1   0:00.27 /lib/systemd/systemd-udevd
    316 root      20   0   23520   4608   2452 S   0.0   0.1   0:00.16 /lib/systemd/systemd-udevd
    317 root      20   0   23540   4232   2096 S   0.0   0.1   0:00.14 /lib/systemd/systemd-udevd
    318 root      20   0   23548   4688   2540 S   0.0   0.1   0:00.10 /lib/systemd/systemd-udevd
    321 root      20   0   23396   5028   2908 S   0.0   0.1   0:00.19 /lib/systemd/systemd-udevd
    322 root      20   0   23500   5104   2852 S   0.0   0.1   0:00.18 /lib/systemd/systemd-udevd
    323 root      20   0   23516   4360   2096 S   0.0   0.1   0:00.16 /lib/systemd/systemd-udevd
    324 root      20   0   23520   4748   2480 S   0.0   0.1   0:00.18 /lib/systemd/systemd-udevd
    325 root      20   0   23500   5072   2820 S   0.0   0.1   0:00.20 /lib/systemd/systemd-udevd
    326 root      20   0   23548   4624   2476 S   0.0   0.1   0:00.16 /lib/systemd/systemd-udevd
    327 root      20   0   24548   5496   2292 S   0.0   0.1   0:00.21 /lib/systemd/systemd-udevd
    328 root      20   0   23516   4380   2212 S   0.0   0.1   0:00.13 /lib/systemd/systemd-udevd
    329 root      20   0   23524   4452   2300 S   0.0   0.1   0:00.19 /lib/systemd/systemd-udevd
    330 root      20   0   23524   4592   2440 S   0.0   0.1   0:00.22 /lib/systemd/systemd-udevd
    331 root      20   0   23524   4792   2636 S   0.0   0.1   0:00.14 /lib/systemd/systemd-udevd
    332 root       0 -20       0      0      0 I   0.0   0.0   0:00.00 [kworker/5:1H-kblockd]
    334 root      20   0   23524   4712   2532 S   0.0   0.1   0:00.16 /lib/systemd/systemd-udevd
    336 root      20   0       0      0      0 S   0.0   0.0   0:00.00 [15820000.crypto]
    337 root      20   0       0      0      0 S   0.0   0.0   0:00.00 [15840000.crypto]
    358 root      20   0   23544   4432   2140 S   0.0   0.1   0:00.15 /lib/systemd/systemd-udevd
    359 root      20   0   23524   4288   2096 S   0.0   0.1   0:00.12 /lib/systemd/systemd-udevd
    360 root      20   0   23524   4412   2220 S   0.0   0.1   0:00.14 /lib/systemd/systemd-udevd
    361 root      20   0   23524   5004   2812 S   0.0   0.1   0:00.17 /lib/systemd/systemd-udevd
    362 root      20   0   23524   4832   2644 S   0.0   0.1   0:00.23 /lib/systemd/systemd-udevd
    363 root      20   0   23816   4580   2144 S   0.0   0.1   0:00.15 /lib/systemd/systemd-udevd
    414 root     -51   0       0      0      0 S   0.0   0.0   0:00.00 [irq/219-bc00000]
    415 root      -2   0       0      0      0 S   0.0   0.0   0:00.00 [capture-control]
    416 root      -2   0       0      0      0 S   0.0   0.0   0:00.00 [capture]
    447 root     -51   0       0      0      0 S   0.0   0.0   0:00.00 [irq/189-tegra-p]
    448 root     -51   0       0      0      0 S   0.0   0.0   0:00.00 [irq/240-nvvrs-p]
    449 root     -51   0       0      0      0 S   0.0   0.0   0:00.00 [irq/214-tegra_d]
    450 root     -51   0       0      0      0 S   0.0   0.0   0:00.00 [irq/215-tegra_d]
    451 root       0 -20       0      0      0 I   0.0   0.0   0:00.00 [dce-async-ipc-w]
    452 root      20   0       0      0      0 S   0.0   0.0   0:00.00 [nv_queue]
    453 root      20   0       0      0      0 S   0.0   0.0   0:00.00 [nv_queue]
    454 root     -51   0       0      0      0 S   0.0   0.0   0:00.00 [irq/189-aerdrv]
    524 root       0 -20       0      0      0 I   0.0   0.0   0:00.00 [cfg80211]
    543 root     -51   0       0      0      0 S   0.0   0.0   0:00.00 [irq/118-3210000]
    552 root      20   0       0      0      0 S   0.0   0.0   0:00.00 [spi0]
    554 root     -51   0       0      0      0 S   0.0   0.0   0:00.00 [irq/119-3230000]
    555 root      20   0       0      0      0 S   0.0   0.0   0:00.00 [spi1]
    632 root       0 -20       0      0      0 I   0.0   0.0   0:00.00 [btfwwork]
    670 root       0 -20       0      0      0 I   0.0   0.0   0:00.00 [kworker/u13:2-hci0]
    672 root      20   0    8236   7372   1432 S   0.0   0.1   0:00.30 /usr/sbin/haveged --Foreground --verbose=1
    674 _rpc      20   0    7964   2112   1760 S   0.0   0.0   0:00.00 /sbin/rpcbind -f -w
    681 systemd+  20   0   25544  12588   8156 S   0.0   0.2   0:00.26 /lib/systemd/systemd-resolved
    682 systemd+  20   0   88788   6156   5312 S   0.0   0.1   0:00.08 /lib/systemd/systemd-timesyncd
    728 avahi     20   0    8088   2652   2300 S   0.0   0.0   0:00.08 avahi-daemon: running [ubuntu.local]
    729 root      20   0    9892   4484   4044 S   0.0   0.1   0:00.07 /usr/lib/bluetooth/bluetoothd -d --noplugin=audio,a2dp,avrcp
    730 message+  20   0   11448   5648   3108 S   0.0   0.1   0:01.66 @dbus-daemon --system --address=systemd: --nofork --nopidfile --systemd-activation --syslog-only
    731 root      20   0  263764  20360  14144 S   0.0   0.3   0:01.12 /usr/sbin/NetworkManager --no-daemon
    737 root      20   0   42224  19668   9972 S   0.0   0.3   0:00.14 /usr/bin/python3 /usr/bin/networkd-dispatcher --run-startup-triggers
    744 root      20   0   27644  15072   7804 S   0.0   0.2   0:00.10 python3 /opt/nvidia/pva-allow-2/bin/nvidiaPvaAllowd.py
    749 root      20   0  243232  10120   6268 S   0.0   0.1   0:03.17 /usr/libexec/polkitd --no-debug
    753 root      20   0  240320   8560   5832 S   0.0   0.1   0:00.04 /usr/libexec/power-profiles-daemon
    760 syslog    20   0  222164   8356   3224 S   0.0   0.1   0:00.14 /usr/sbin/rsyslogd -n -iNONE
    762 root      20   0    2240    708    628 S   0.0   0.0   0:00.00 seatd -g video
    767 root      20   0 2145820  48520  24160 S   0.0   0.6   0:04.95 /snap/snapd/current/usr/lib/snapd/snapd
    769 root      20   0  241096   7752   5856 S   0.0   0.1   0:00.80 /usr/libexec/accounts-daemon
    772 root      20   0  236800   5804   5196 S   0.0   0.1   0:00.02 /usr/libexec/switcheroo-control
    773 lp        20   0    2308    112      0 S   0.0   0.0   0:00.00 /usr/sbin/lpd -s
    774 root      20   0   48808   7200   5948 S   0.0   0.1   0:00.19 /lib/systemd/systemd-logind
    778 root      20   0  394856  14472   9176 S   0.0   0.2   0:00.28 /usr/libexec/udisks2/udisksd
    780 root      20   0   16532   9744   7852 S   0.0   0.1   0:00.08 /sbin/wpa_supplicant -u -s -O /run/wpa_supplicant
    800 avahi     20   0    7816    352      0 S   0.0   0.0   0:00.00 avahi-daemon: chroot helper
    816 root      20   0  320884  13460   9472 S   0.0   0.2   0:00.12 /usr/sbin/ModemManager
    818 root      rt   0       0      0      0 S   0.0   0.0   0:00.34 [sugov:0]
    823 root      rt   0       0      0      0 S   0.0   0.0   0:00.29 [sugov:4]
    910 root      20   0    2460   1560   1380 S   0.0   0.0   0:00.39 /usr/sbin/nvfancontrol &
    930 root      20   0       0      0      0 S   0.0   0.0   0:00.00 [sw-quiesce]
    931 root      20   0       0      0      0 S   0.0   0.0   0:01.07 [nvgpu_channel_p]
    934 root      20   0       0      0      0 S   0.0   0.0   0:00.00 [nvgpu_pg_init_g]
    954 root      20   0       0      0      0 S   0.0   0.0   0:00.00 [nvgpu_clk_arb_p]
    979 root      20   0       0      0      0 S   0.0   0.0   0:01.09 [RTW_CMD_THREAD]
    981 root      20   0       0      0      0 I   0.0   0.0   0:00.32 [kworker/u12:9-events_freezable_power_]
   1016 root      20   0   75936   9728   7908 S   0.0   0.1   0:00.01 /usr/sbin/nvargus-daemon
   1017 root      20   0    9792   2900   2608 S   0.0   0.0   0:00.00 /bin/bash /etc/systemd/nvmemwarning.sh
   1037 root      20   0   22192   1708   1512 S   0.0   0.0   0:00.00 /usr/sbin/nvs-service
   1062 root      20   0    2336    760    672 S   0.0   0.0   0:01.58 /bin/sh /snap/cups/1237/scripts/run-cups-browsed
   1064 root      20   0    2336   1388   1264 S   0.0   0.0   0:01.60 /bin/sh /snap/cups/1237/scripts/run-cupsd
   1065 root      20   0       0      0      0 S   0.0   0.0   0:00.00 [pr/ramoops-1]
   1110 root      20   0    9448   2412   2172 S   0.0   0.0   0:00.00 /usr/sbin/cron -f -P
   1136 kernoops  20   0   12820    456      0 S   0.0   0.0   0:00.00 /usr/sbin/kerneloops --test
   1145 root      20   0  241780   8612   6932 S   0.0   0.1   0:00.03 /usr/sbin/gdm3
   1162 kernoops  20   0   12820    452      0 S   0.0   0.0   0:00.00 /usr/sbin/kerneloops
   1164 root      20   0    8144    716    640 S   0.0   0.0   0:00.00 /sbin/agetty -o -p -- \u --keep-baud 115200,57600,38400,9600 ttyGS0 vt220
   1171 root      20   0    8144    724    648 S   0.0   0.0   0:00.00 /sbin/agetty -o -p -- \u --keep-baud 115200,57600,38400,9600 ttyTCU0 vt220
   1210 root      20   0  172548   9532   7592 S   0.0   0.1   0:00.04 gdm-session-worker [pam/gdm-autologin]
   1310 root      20   0    3076    916    804 S   0.0   0.0   0:00.00 /usr/sbin/nvphsd
   1316 root      20   0    3208   1408   1248 S   0.0   0.0   0:00.00 /usr/sbin/nvphsd
   1337 root      20   0 2166840  89332  54988 S   0.0   1.1   0:00.70 /usr/bin/dockerd -H fd:// --containerd=/run/containerd/containerd.sock
   1338 root      20   0   15232   8036   6460 S   0.0   0.1   0:00.02 sshd: /usr/sbin/sshd -D [listener] 0 of 10-100 startups
   1342 root      20   0       0      0      0 S   0.0   0.0   0:00.00 [file-storage]
   1350 fcsl      20   0   18416   9892   7060 S   0.0   0.1   0:00.72 /lib/systemd/systemd --user
   1360 fcsl      20   0  106740   4520      0 S   0.0   0.1   0:00.00 (sd-pam)
   1538 fcsl       9 -11   40232   5728   4620 S   0.0   0.1   0:00.02 /usr/bin/pipewire
   1539 fcsl      20   0   23884   5672   4592 S   0.0   0.1   0:00.08 /usr/bin/pipewire-media-session
   1540 fcsl       9 -11  890556  20284  12116 S   0.0   0.3   0:00.39 /usr/bin/pulseaudio --daemonize=no --log-target=journal
   1545 fcsl      20   0  241000   6164   5312 S   0.0   0.1   0:00.04 /usr/bin/gnome-keyring-daemon --daemonize --login
   1548 rtkit     21   1  153508   1472   1264 S   0.0   0.0   0:00.02 /usr/libexec/rtkit-daemon
   1559 fcsl      20   0  162628   5416   4908 S   0.0   0.1   0:00.00 /usr/libexec/gdm-x-session --run-script env GNOME_SHELL_SESSION_MODE=ubuntu /usr/bin/gnome-session --session=ubuntu
   1561 root      20   0   24.2g  80668  35156 S   0.0   1.0   0:00.52 /usr/lib/xorg/Xorg vt2 -displayfd 3 -auth /run/user/1000/gdm/Xauthority -nolisten tcp -background none -noreset -keeptty -novtswitch -verbose 3
   1564 fcsl      20   0   10132   4876   3144 S   0.0   0.1   0:00.44 /usr/bin/dbus-daemon --session --address=systemd: --nofork --nopidfile --systemd-activation --syslog-only
   1587 root      20   0       0      0      0 S   0.0   0.0   0:00.00 [nvidia-modeset/]
   1588 root      20   0       0      0      0 S   0.0   0.0   0:00.00 [nvidia-modeset/]
   1590 root      20   0       0      0      0 S   0.0   0.0   0:00.00 [nvidia]
   1591 root      20   0       0      0      0 S   0.0   0.0   0:00.00 [nv_queue]
   1729 root      20   0       0      0      0 S   0.0   0.0   0:00.00 [nvidia-drm-nv-t]
   1730 root     -51   0       0      0      0 S   0.0   0.0   0:00.00 [card1-crtc0]
   1731 root     -51   0       0      0      0 S   0.0   0.0   0:00.00 [card1-crtc1]
   1824 fcsl      20   0  225936  13728  11972 S   0.0   0.2   0:00.05 /usr/libexec/gnome-session-binary --session=ubuntu
   1916 fcsl      20   0  309864   6752   6032 S   0.0   0.1   0:00.01 /usr/libexec/at-spi-bus-launcher
   1922 fcsl      20   0    8828   3616   3116 S   0.0   0.0   0:00.01 /usr/bin/dbus-daemon --config-file=/usr/share/defaults/at-spi2/accessibility.conf --nofork --print-address 11 --address=unix:path=/run/user/1000/at-spi/bus_0
   1979 fcsl      20   0   91892   2520   2152 S   0.0   0.0   0:00.00 /usr/libexec/gnome-session-ctl --monitor
   1988 fcsl      20   0  240908   6992   6104 S   0.0   0.1   0:00.03 /usr/libexec/gvfsd
   1996 fcsl      20   0  381064   9284   4640 S   0.0   0.1   0:00.00 /usr/libexec/gvfsd-fuse /run/user/1000/gvfs -f
   1997 fcsl      20   0  596284  17864  12840 S   0.0   0.2   0:00.18 /usr/libexec/gnome-session-binary --systemd-service --session=ubuntu
   2026 fcsl      20   0 3471004 225068  81340 S   0.0   2.9   0:05.96 /usr/bin/gnome-shell
   2040 fcsl      20   0  236356   4876   4440 S   0.0   0.1   0:00.00 /usr/libexec/xdg-permission-store
   2042 fcsl      20   0  584868  17900  13432 S   0.0   0.2   0:00.06 /usr/libexec/gnome-shell-calendar-server
   2051 fcsl      20   0  397280  22796  19136 S   0.0   0.3   0:00.09 /usr/libexec/evolution-source-registry
   2059 root      20   0  242436   7680   6568 S   0.0   0.1   0:00.07 /usr/libexec/upowerd
   2061 fcsl      20   0  600496  38980  29472 S   0.0   0.5   0:00.10 /usr/libexec/goa-daemon
   2068 fcsl      20   0 1321540  31748  23404 S   0.0   0.4   0:00.14 /usr/libexec/evolution-calendar-factory
   2078 fcsl      20   0  341492  12924  11036 S   0.0   0.2   0:00.04 /usr/libexec/goa-identity-service
   2088 fcsl      20   0  156800   4488   4024 S   0.0   0.1   0:00.01 /usr/libexec/dconf-service
   2089 fcsl      20   0  823284  28368  22824 S   0.0   0.4   0:00.08 /usr/libexec/evolution-addressbook-factory
   2105 fcsl      20   0  316604  11380   7284 S   0.0   0.1   0:00.11 /usr/libexec/gvfs-udisks2-volume-monitor
   2113 fcsl      20   0  315332   6412   5548 S   0.0   0.1   0:00.04 /usr/libexec/gvfs-afc-volume-monitor
   2118 fcsl      20   0  238096   6272   5500 S   0.0   0.1   0:00.01 /usr/libexec/gvfs-gphoto2-volume-monitor
   2122 fcsl      20   0  236772   4692   4232 S   0.0   0.1   0:00.01 /usr/libexec/gvfs-mtp-volume-monitor
   2126 fcsl      20   0  236900   7852   5228 S   0.0   0.1   0:00.01 /usr/libexec/gvfs-goa-volume-monitor
   2130 root      20   0  376544  64972  16884 S   0.0   0.8   0:10.29 /usr/libexec/packagekitd
   2138 fcsl      20   0  315228   9344   6144 S   0.0   0.1   0:00.02 /usr/libexec/gvfsd-trash --spawner :1.19 /org/gtk/gvfs/exec_spaw/0
   2165 fcsl      20   0  477596  12872  10592 S   0.0   0.2   0:00.13 /usr/libexec/xdg-desktop-portal
   2175 fcsl      20   0  463504   8420   5632 S   0.0   0.1   0:00.02 /usr/libexec/xdg-document-portal
   2178 fcsl      20   0 2804936  27172  20292 S   0.0   0.3   0:00.09 /usr/bin/gjs /usr/share/gnome-shell/org.gnome.Shell.Notifications
   2182 root      20   0    2232    696    620 S   0.0   0.0   0:00.00 fusermount3 -o rw,nosuid,nodev,fsname=portal,auto_unmount,subtype=portal -- /run/user/1000/doc
   2186 fcsl      20   0  163152   7096   6328 S   0.0   0.1   0:00.01 /usr/libexec/at-spi2-registryd --use-gnome-session
   2187 fcsl      20   0  715372  51180  31356 S   0.0   0.7   0:00.26 /usr/libexec/xdg-desktop-portal-gnome
   2201 fcsl      20   0    2328    836    748 S   0.0   0.0   0:00.00 sh -c /usr/bin/ibus-daemon --panel disable $([ "$XDG_SESSION_TYPE" = "x11" ] && echo "--xim")
   2202 fcsl      20   0  310888   7992   5380 S   0.0   0.1   0:00.01 /usr/libexec/gsd-a11y-settings
   2203 fcsl      20   0  603376  28568  18872 S   0.0   0.4   0:00.19 /usr/libexec/gsd-color
   2207 fcsl      20   0  379084  16400  12388 S   0.0   0.2   0:00.03 /usr/libexec/gsd-datetime
   2209 fcsl      20   0  315524  13140   6156 S   0.0   0.2   0:00.09 /usr/bin/ibus-daemon --panel disable --xim
   2210 fcsl      20   0  312464   8500   5808 S   0.0   0.1   0:00.06 /usr/libexec/gsd-housekeeping
   2212 fcsl      20   0  418272  25220  16048 S   0.0   0.3   0:00.15 /usr/libexec/gsd-keyboard
   2213 fcsl      20   0  934772  29676  19672 S   0.0   0.4   0:00.19 /usr/libexec/gsd-media-keys
   2214 fcsl      20   0  528832  26228  18632 S   0.0   0.3   0:00.18 /usr/libexec/gsd-power
   2216 fcsl      20   0  324816   9584   8232 S   0.0   0.1   0:00.01 /usr/libexec/gsd-print-notifications
   2219 fcsl      20   0  458476   6000   5344 S   0.0   0.1   0:00.02 /usr/libexec/gsd-rfkill
   2222 fcsl      20   0  236616   4660   4280 S   0.0   0.1   0:00.00 /usr/libexec/gsd-screensaver-proxy
   2226 fcsl      20   0  467192   9032   6824 S   0.0   0.1   0:00.07 /usr/libexec/gsd-sharing
   2228 fcsl      20   0  460576   9164   6256 S   0.0   0.1   0:00.01 /usr/libexec/gsd-smartcard
   2233 fcsl      20   0  320568   8140   7112 S   0.0   0.1   0:00.01 /usr/libexec/gsd-sound
   2242 fcsl      20   0  344860  23456  16012 S   0.0   0.3   0:00.17 /usr/libexec/gsd-wacom
   2247 fcsl      20   0  656864  90552  49008 S   0.0   1.2   0:03.98 /usr/bin/gnome-software --gapplication-service
   2248 fcsl      20   0  346536  27696  17768 S   0.0   0.4   0:00.20 /usr/libexec/gsd-xsettings
   2254 fcsl      20   0  842664  65920  47764 S   0.0   0.8   0:00.32 /usr/libexec/evolution-data-server/evolution-alarm-notify
   2278 fcsl      20   0  237728   6576   5956 S   0.0   0.1   0:00.00 /usr/libexec/ibus-dconf
   2289 fcsl      20   0  275472  27360  16048 S   0.0   0.4   0:01.55 /usr/libexec/ibus-extension-gtk3
   2301 fcsl      20   0  232212   6712   5028 S   0.0   0.1   0:00.02 /usr/libexec/gsd-disk-utility-notify
   2302 fcsl      20   0  196992  23344  16300 S   0.0   0.3   0:00.15 /usr/libexec/ibus-x11 --kill-daemon
   2316 fcsl      20   0  512948  41308  23256 S   0.0   0.5   0:00.93 python3 /usr/share/nvpmodel_indicator/nvpmodel_indicator.py
   2317 fcsl      20   0  237616   6672   6068 S   0.0   0.1   0:00.02 /usr/libexec/ibus-portal
   2353 fcsl      20   0  345756  14420  10528 S   0.0   0.2   0:00.02 /usr/libexec/gsd-printer
   2377 colord    20   0  246112  11944   8192 S   0.0   0.2   0:00.16 /usr/libexec/colord
   2462 root      20   0  404236  43620  34000 S   0.0   0.6   0:00.57 /usr/libexec/fwupd/fwupd
   2498 fcsl      20   0 2739436  27332  20372 S   0.0   0.4   0:00.09 /usr/bin/gjs /usr/share/gnome-shell/org.gnome.ScreenSaver
   2511 fcsl      20   0  511640  20804   3160 S   0.0   0.3   0:00.00 python3 /usr/share/nvpmodel_indicator/nvpmodel_indicator.py
   2512 fcsl      20   0  511640  20804   3160 S   0.0   0.3   0:00.00 python3 /usr/share/nvpmodel_indicator/nvpmodel_indicator.py
   2513 fcsl      20   0  511640  20804   3160 S   0.0   0.3   0:00.00 python3 /usr/share/nvpmodel_indicator/nvpmodel_indicator.py
   2514 fcsl      20   0  511640  20804   3160 S   0.0   0.3   0:00.00 python3 /usr/share/nvpmodel_indicator/nvpmodel_indicator.py
   2515 fcsl      20   0  511640  20804   3160 S   0.0   0.3   0:00.00 python3 /usr/share/nvpmodel_indicator/nvpmodel_indicator.py
   2516 fcsl      20   0  511640  20804   3160 S   0.0   0.3   0:00.00 python3 /usr/share/nvpmodel_indicator/nvpmodel_indicator.py
   2517 fcsl      20   0  511640  20804   3160 S   0.0   0.3   0:00.00 python3 /usr/share/nvpmodel_indicator/nvpmodel_indicator.py
   2518 fcsl      20   0  511640  20804   3160 S   0.0   0.3   0:00.00 python3 /usr/share/nvpmodel_indicator/nvpmodel_indicator.py
   2520 fcsl      20   0  511652  20848   3160 S   0.0   0.3   0:00.00 python3 /usr/share/nvpmodel_indicator/nvpmodel_indicator.py
   2521 fcsl      20   0  511652  20848   3160 S   0.0   0.3   0:00.00 python3 /usr/share/nvpmodel_indicator/nvpmodel_indicator.py
   2523 fcsl      20   0  511652  20848   3160 S   0.0   0.3   0:00.00 python3 /usr/share/nvpmodel_indicator/nvpmodel_indicator.py
   2524 fcsl      20   0  511652  20848   3160 S   0.0   0.3   0:00.00 python3 /usr/share/nvpmodel_indicator/nvpmodel_indicator.py
   2525 fcsl      20   0  511652  20848   3160 S   0.0   0.3   0:00.00 python3 /usr/share/nvpmodel_indicator/nvpmodel_indicator.py
   2526 fcsl      20   0  511652  20848   3160 S   0.0   0.3   0:00.00 python3 /usr/share/nvpmodel_indicator/nvpmodel_indicator.py
   2527 fcsl      20   0  511652  20848   3160 S   0.0   0.3   0:00.00 python3 /usr/share/nvpmodel_indicator/nvpmodel_indicator.py
   2528 fcsl      20   0  511652  20848   3160 S   0.0   0.3   0:00.00 python3 /usr/share/nvpmodel_indicator/nvpmodel_indicator.py
   2529 fcsl      20   0  511652  21360   3648 S   0.0   0.3   0:00.98 python3 /usr/share/nvpmodel_indicator/nvpmodel_indicator.py
   2531 fcsl      20   0  511652  20852   3160 S   0.0   0.3   0:00.00 python3 /usr/share/nvpmodel_indicator/nvpmodel_indicator.py
   2532 fcsl      20   0  511652  20852   3160 S   0.0   0.3   0:00.00 python3 /usr/share/nvpmodel_indicator/nvpmodel_indicator.py
   2558 fcsl      20   0  238820  11516   6280 S   0.0   0.1   0:00.06 /usr/libexec/ibus-engine-hangul --ibus
   2568 fcsl      39  19  648636  29248  20296 S   0.0   0.4   0:00.55 /usr/libexec/tracker-miner-fs-3
   2570 fcsl      20   0  345256  24112  16764 S   0.0   0.3   0:00.13 /usr/libexec/xdg-desktop-portal-gtk
   2735 fcsl      20   0  163392   5864   5280 S   0.0   0.1   0:00.01 /usr/libexec/gvfsd-metadata
   2762 root      20   0  136724  11180   9516 S   0.0   0.1   0:00.36 cupsd -f -s /var/snap/cups/common/etc/cups/cups-files.conf -c /var/snap/cups/common/etc/cups/cupsd.conf
   2770 snap_da+  20   0   14484   4204   3512 S   0.0   0.1   0:00.00 /snap/cups/1237/lib/cups/notifier/dbus dbus://
   2771 snap_da+  20   0   14484   4636   3932 S   0.0   0.1   0:00.00 /snap/cups/1237/lib/cups/notifier/dbus dbus://
   2772 snap_da+  20   0   14484   4216   3524 S   0.0   0.1   0:00.00 /snap/cups/1237/lib/cups/notifier/dbus dbus://
   2773 snap_da+  20   0   14484   4272   3576 S   0.0   0.1   0:00.00 /snap/cups/1237/lib/cups/notifier/dbus dbus://
   2774 snap_da+  20   0   14484   4636   3932 S   0.0   0.1   0:00.00 /snap/cups/1237/lib/cups/notifier/dbus dbus://
   2781 root      20   0  260796  17948  13524 S   0.0   0.2   0:00.46 cups-browsed -c /var/snap/cups/common/etc/cups/cups-browsed.conf
   3356 root      20   0   18536   9044   7116 S   0.0   0.1   0:00.03 sshd: fcsl [priv]
   3413 fcsl      20   0   18984   7780   5556 S   0.0   0.1   0:00.42 sshd: fcsl@pts/0
   3414 fcsl      20   0   15168   8696   3028 S   0.0   0.1   0:00.15 -bash
   3656 root      20   0   18536   9052   7124 S   0.0   0.1   0:00.02 sshd: fcsl [priv]
   3699 fcsl      20   0   18984   7800   5576 S   0.0   0.1   0:00.01 sshd: fcsl@pts/1
   3700 fcsl      20   0   15168   8568   2900 S   0.0   0.1   0:00.11 -bash
   3956 root      20   0   18536   9052   7124 S   0.0   0.1   0:00.03 sshd: fcsl [priv]
   3986 fcsl      20   0   18984   7800   5576 S   0.0   0.1   0:00.24 sshd: fcsl@pts/2
   3987 fcsl      20   0   15168   8564   2900 S   0.0   0.1   0:00.06 -bash
   4340 fcsl      20   0  421744  28484  20708 S   0.0   0.4   0:00.18 update-notifier
   5745 root      20   0       0      0      0 I   0.0   0.0   0:00.00 [kworker/5:0-events]
   5746 root      20   0       0      0      0 I   0.0   0.0   0:00.14 [kworker/0:0-events]
   5789 root      20   0   18536   9056   7128 S   0.0   0.1   0:00.03 sshd: fcsl [priv]
   5818 fcsl      20   0    9792   2976   2680 S   0.0   0.0   0:00.00 -bash
   5821 fcsl      20   0    2440   1568   1348 S   0.0   0.0   0:00.00 sh
   5892 fcsl      20   0   42184   8676   6928 S   0.0   0.1   0:00.04 /home/fcsl/.vscode-server/code-6a49527b96e326fe62fbdb56f60e16877c9aa724 --cli-data-dir /home/fcsl/.vscode-server/cli agent host
   5913 fcsl      20   0    2328    816    732 S   0.0   0.0   0:00.00 sh /home/fcsl/.vscode-server/cli/servers/Stable-6a49527b96e326fe62fbdb56f60e16877c9aa724/server/bin/code-server --connection-token=remotessh --accept-server-license-terms --agent-host-bridge-port=41459 --agent-host-bridge-host=127.0.0.1 --agent-host-bridge-connection-token=03adc759-cc11-482d-a5c4-3d1cf335af96 --start-server --enable-remote-auto-shutdown --socket-path=/tmp/code-9639163c-fbe7-4e2e-8b21-e167c70142b5
   5917 fcsl      20   0   11.1g 174268  46284 S   0.0   2.2   0:10.05 /home/fcsl/.vscode-server/cli/servers/Stable-6a49527b96e326fe62fbdb56f60e16877c9aa724/server/node /home/fcsl/.vscode-server/cli/servers/Stable-6a49527b96e326fe62fbdb56f60e16877c9aa724/server/out/server-main.js --connection-token=remotessh --accept-server-license-terms --agent-host-bridge-port=41459 --agent-host-bridge-host=127.0.0.1 --agent-host-bridge-connection-token=03adc759-cc11-482d-a5c4-3d1cf335af96 --start-server --enable-remote+
   6192 fcsl      20   0  952820  70140  41896 S   0.0   0.9   0:01.92 /home/fcsl/.vscode-server/cli/servers/Stable-6a49527b96e326fe62fbdb56f60e16877c9aa724/server/node /home/fcsl/.vscode-server/cli/servers/Stable-6a49527b96e326fe62fbdb56f60e16877c9aa724/server/out/bootstrap-fork --type=ptyHost --logsPath /home/fcsl/.vscode-server/data/logs/20260817T111943
   6410 root      20   0       0      0      0 I   0.0   0.0   0:00.00 [kworker/1:0-events]
   6731 fcsl      20   0  997088  80596  41996 S   0.0   1.0   0:07.39 /home/fcsl/.vscode-server/cli/servers/Stable-6a49527b96e326fe62fbdb56f60e16877c9aa724/server/node /home/fcsl/.vscode-server/cli/servers/Stable-6a49527b96e326fe62fbdb56f60e16877c9aa724/server/out/bootstrap-fork --type=fileWatcher
   7080 fcsl      20   0  405524  74872  63060 S   0.0   1.0   0:01.33 /home/fcsl/.vscode-server/extensions/openai.chatgpt-26.810.52044-linux-arm64/bin/linux-aarch64/codex -c features.code_mode_host=true app-server --analytics-default-enabled
   7182 fcsl      20   0   15216   8668   2972 S   0.0   0.1   0:00.05 /usr/bin/bash --init-file /home/fcsl/.vscode-server/cli/servers/Stable-6a49527b96e326fe62fbdb56f60e16877c9aa724/server/out/vs/workbench/contrib/terminal/common/scripts/shellIntegration-bash.sh
   7850 root      20   0   18536   9060   7132 S   0.0   0.1   0:00.04 sshd: fcsl [priv]
   7878 fcsl      20   0   18824   7676   5580 S   0.0   0.1   0:00.02 sshd: fcsl@pts/6
   7879 fcsl      20   0   15168   8708   3036 S   0.0   0.1   0:00.15 -bash
   8118 root      20   0   18536   9060   7132 S   0.0   0.1   0:00.04 sshd: fcsl [priv]
   8146 fcsl      20   0   18984   7680   5580 S   0.0   0.1   0:00.02 sshd: fcsl@pts/8
   8147 fcsl      20   0   15168   8708   3032 S   0.0   0.1   0:00.15 -bash
   8386 root      20   0   18536   9060   7132 S   0.0   0.1   0:00.04 sshd: fcsl [priv]
   8414 fcsl      20   0   18824   7672   5580 S   0.0   0.1   0:00.01 sshd: fcsl@pts/9
   8415 fcsl      20   0   15168   8640   2964 S   0.0   0.1   0:00.12 -bash
  11747 root      20   0       0      0      0 I   0.0   0.0   0:00.00 [kworker/0:2-events]
  11800 root      20   0   18536   9328   7400 S   0.0   0.1   0:00.04 sshd: fcsl [priv]
  11829 fcsl      20   0   15168   9064   3388 S   0.0   0.1   0:00.37 -bash
  16192 root      20   0       0      0      0 I   0.0   0.0   0:00.07 [kworker/u12:3-devfreq_wq]
  16258 root      20   0       0      0      0 I   0.0   0.0   0:00.00 [kworker/0:1-events]
  16292 root      20   0    8112    764    688 S   0.0   0.0   0:00.00 sleep 300
  19240 fcsl      20   0  206192  31704  14596 S   0.0   0.4   0:00.55 /home/fcsl/miniforge3/envs/thirdimpact/bin/python /home/fcsl/miniforge3/envs/thirdimpact/bin/ros2 run joy joy_node
  19545 fcsl      20   0    8112    780    704 S   0.0   0.0   0:00.00 sleep 180
  19546 fcsl      20   0   10072   3092   2780 S   0.0   0.0   0:00.00 bash ./cpu_profile.sh

top - 11:35:06 up 22 min,  8 users,  load average: 9.55, 4.76, 4.00
Tasks: 408 total,  11 running, 397 sleeping,   0 stopped,   0 zombie
%Cpu(s): 88.2 us,  8.0 sy,  0.0 ni,  0.6 id,  0.0 wa,  1.3 hi,  1.9 si,  0.0 st
MiB Mem :   7607.4 total,   1607.4 free,   3592.8 used,   2407.2 buff/cache
MiB Swap:   3803.7 total,   3803.2 free,      0.5 used.   3744.0 avail Mem 

    PID USER      PR  NI    VIRT    RES    SHR S  %CPU  %MEM     TIME+ COMMAND
  19336 fcsl      20   0 1447952 109912  42476 R  52.7   1.4   0:10.48 /home/fcsl/miniforge3/envs/thirdimpact/bin/python3.12 /home/fcsl/roboracer_ws/install/state_machine/lib/state_machine/state_machine --ros-args -r __node:=state_machine --params-file /home/fcsl/roboracer_ws/install/stack_master/share/stack_master/config/state_machine_params.yaml --params-file /tmp/launch_params_biwnb6d6 --params-file /tmp/launch_params_30za9fdy --params-file /tmp/launch_params_f2pjkjd6 --params-file /tmp/launch_params_v+
  19358 fcsl      20   0 1478356 107388  42672 R  44.4   1.4   0:09.60 /home/fcsl/miniforge3/envs/thirdimpact/bin/python3.12 /home/fcsl/roboracer_ws/install/controller/lib/controller/controller_manager --ros-args -r __node:=controller_manager --params-file /home/fcsl/roboracer_ws/install/stack_master/share/stack_master/config/controller.yaml --params-file /tmp/launch_params_rteop0df --params-file /tmp/launch_params_fgfbn70d
  19311 fcsl      20   0 1473936 105568  41672 R  41.1   1.4   0:08.39 /home/fcsl/miniforge3/envs/thirdimpact/bin/python3.12 /home/fcsl/roboracer_ws/install/frenet_odom_republisher/lib/frenet_odom_republisher/frenet_odom_republisher_node --ros-args -r __node:=frenet_odom_republisher -r /car_state/frenet/odom:=/car_state/odom_frenet
  19346 fcsl      20   0 1873344 219604  90960 R  39.1   2.8   0:09.38 /home/fcsl/miniforge3/envs/thirdimpact/bin/python3.12 /home/fcsl/roboracer_ws/install/lane_change_planner/lib/lane_change_planner/change_avoidance_node --ros-args -r __node:=planner_change --params-file /tmp/launch_params_3lr3b4pe
  19344 fcsl      20   0 1815936 166404  83084 R  36.7   2.1   0:08.11 /home/fcsl/miniforge3/envs/thirdimpact/bin/python3.12 /home/fcsl/roboracer_ws/install/spliner/lib/spliner/static_avoidance_node --ros-args -r __node:=static_avoidance_planner --params-file /home/fcsl/roboracer_ws/install/stack_master/share/stack_master/config/static_avoidance_planner.yaml -r /planner/avoidance/otwpnts:=/planner/avoidance/static_otwpnts
  19340 fcsl      20   0 1847760 190640  87768 R  34.8   2.4   0:08.40 /home/fcsl/miniforge3/envs/thirdimpact/bin/python3.12 /home/fcsl/roboracer_ws/install/recovery_spliner/lib/recovery_spliner/recovery_spliner_node --ros-args -r __node:=recovery_spliner_node
  19342 fcsl      20   0 1847704 190596  87764 S  34.8   2.4   0:08.44 /home/fcsl/miniforge3/envs/thirdimpact/bin/python3.12 /home/fcsl/roboracer_ws/install/spliner/lib/spliner/start_spline_node_v2 --ros-args -r __node:=start_planner
  19314 fcsl      20   0 1114280  64204  25816 S  34.3   0.8   0:07.45 /home/fcsl/miniforge3/envs/thirdimpact/bin/python3.12 /home/fcsl/roboracer_ws/install/lap_analyser/lib/lap_analyser/lap_analyser --ros-args -r __node:=lap_analyser --params-file /tmp/launch_params_0px3ph6a
  19328 fcsl      20   0 1472000 130940  46628 R  33.8   1.7   0:08.12 python3 /home/fcsl/roboracer_ws/install/perception/lib/perception/tracking_node --ros-args -r __node:=tracking --params-file /home/fcsl/roboracer_ws/install/stack_master/share/stack_master/config/opponent_tracker_params.yaml -r /tracking/obstacles:=/tracking/obstacles
  19356 fcsl      20   0 1118620  67116  27292 S  33.3   0.9   0:05.57 python3 /home/fcsl/roboracer_ws/install/gp_traj_predictor/lib/gp_traj_predictor/opp_prediction --ros-args -r __node:=opponent_propagation_predictor
  19352 fcsl      20   0 1592912 108816  42116 S  31.4   1.4   0:06.44 python3 /home/fcsl/roboracer_ws/install/gp_traj_predictor/lib/gp_traj_predictor/opponent_trajectory --ros-args -r __node:=OpponentHalflap
  19350 fcsl      20   0 1115220  65752  25644 R  29.0   0.8   0:04.72 /home/fcsl/miniforge3/envs/thirdimpact/bin/python3.12 /home/fcsl/roboracer_ws/install/lane_change_planner/lib/lane_change_planner/update_waypoints --ros-args -r __node:=waypoint_updater
  19281 fcsl      20   0 1455628 117548  41644 R  26.1   1.5   0:07.96 /home/fcsl/miniforge3/envs/thirdimpact/bin/python3.12 /home/fcsl/roboracer_ws/install/gb_optimizer/lib/gb_optimizer/global_trajectory_publisher --ros-args -r __node:=global_republisher --params-file /tmp/launch_params_lsq8407e
  19251 fcsl      20   0  868124  49804  36540 S  22.2   0.6   0:07.58 /home/fcsl/roboracer_ws/install/kiss_icp_localization/lib/kiss_icp_localization/localization_node --ros-args -r __node:=kiss_icp_localization --params-file /home/fcsl/roboracer_ws/install/stack_master/share/stack_master/config/kiss.yaml --params-file /tmp/launch_params_kkza55sc --params-file /tmp/launch_params_bk6s3os3
  19230 fcsl      20   0 1106708  60188  24440 S  14.5   0.8   0:03.65 python3 /home/fcsl/roboracer_ws/install/stack_master/lib/stack_master/simple_mux_node.py --ros-args -r __node:=simple_mux --params-file /home/fcsl/roboracer_ws/install/stack_master/share/stack_master/config/CAR/vehicle_config.yaml --params-file /tmp/launch_params_pywsh3_8 --params-file /tmp/launch_params_yk3h0muz --params-file /tmp/launch_params_uihzw7ry --params-file /tmp/launch_params_5fc12uzq --params-file /tmp/launch_params_nd2qw0hk
  19297 fcsl      20   0 1520296 109624  42496 R  11.6   1.4   0:04.05 /home/fcsl/miniforge3/envs/thirdimpact/bin/python3.12 /home/fcsl/roboracer_ws/install/overtaking_sector_tuner/lib/overtaking_sector_tuner/ot_interpolator --ros-args -r __node:=ot_sector_tuner --params-file /home/fcsl/roboracer_ws/install/stack_master/share/stack_master/maps/0815test3/ot_sectors.yaml --params-file /tmp/launch_params_ti68gs7d
  19216 fcsl      20   0  882452  23088  13904 S   6.8   0.3   0:01.95 /home/fcsl/roboracer_ws/install/vesc_driver/lib/vesc_driver/vesc_driver_node --ros-args -r __node:=vesc_driver_node -r __ns:=/vesc --params-file /home/fcsl/roboracer_ws/install/stack_master/share/stack_master/config/CAR/vehicle_config.yaml
  19326 fcsl      20   0 1126000  54140  33796 S   6.8   0.7   0:01.78 /home/fcsl/roboracer_ws/install/perception/lib/perception/detect --ros-args -r __node:=detect --params-file /home/fcsl/roboracer_ws/install/stack_master/share/stack_master/config/opponent_tracker_params.yaml --params-file /tmp/launch_params_gk8q2zkj
  19213 fcsl      20   0 2285720  52248  16816 S   5.8   0.7   0:03.86 /home/fcsl/miniforge3/envs/thirdimpact/bin/python /home/fcsl/miniforge3/envs/thirdimpact/bin/ros2 launch stack_master race.launch.xml map:=0815test3
   6720 fcsl      20   0   42.1g 668856  59704 S   4.8   8.6   1:03.96 /home/fcsl/.vscode-server/cli/servers/Stable-6a49527b96e326fe62fbdb56f60e16877c9aa724/server/node --dns-result-order=ipv4first /home/fcsl/.vscode-server/cli/servers/Stable-6a49527b96e326fe62fbdb56f60e16877c9aa724/server/out/bootstrap-fork --type=extensionHost --transformURIs --useHostProxy=false
  19561 fcsl      20   0  823792  26624  16644 S   3.9   0.3   0:01.26 /home/fcsl/miniforge3/envs/thirdimpact/lib/joy/joy_node
  19289 fcsl      20   0 1118656  67452  26820 S   3.4   0.9   0:01.88 /home/fcsl/miniforge3/envs/thirdimpact/bin/python3.12 /home/fcsl/roboracer_ws/install/sector_tuner/lib/sector_tuner/sector_tuner --ros-args -r __node:=speed_sector_tuner --params-file /home/fcsl/roboracer_ws/install/stack_master/share/stack_master/maps/0815test3/speed_scaling.yaml --params-file /tmp/launch_params_kwlnquqh
  19354 fcsl      20   0 1085540 142500  48776 S   3.4   1.8   0:03.47 python3 /home/fcsl/roboracer_ws/install/gp_traj_predictor/lib/gp_traj_predictor/gaussian_process_opp_traj --ros-args -r __node:=GP_trajectory
  19222 fcsl      20   0  817464  21696  14172 S   2.4   0.3   0:00.92 /home/fcsl/roboracer_ws/install/urg_node/lib/urg_node/urg_node_driver --ros-args -r __node:=urg_node --params-file /home/fcsl/roboracer_ws/install/stack_master/share/stack_master/config/CAR/vehicle_config.yaml -r /scan:=/scan
  19220 fcsl      20   0  663144  22044  14644 S   1.9   0.3   0:00.71 /home/fcsl/roboracer_ws/install/vesc_ackermann/lib/vesc_ackermann/vesc_to_odom_node --ros-args -r __node:=vesc_to_odom_node -r __ns:=/vesc --params-file /home/fcsl/roboracer_ws/install/stack_master/share/stack_master/config/CAR/vehicle_config.yaml
  19247 fcsl      20   0  817644  25596  17424 S   1.9   0.3   0:00.74 /home/fcsl/miniforge3/envs/thirdimpact/lib/nav2_lifecycle_manager/lifecycle_manager --ros-args -r __node:=lifecycle_manager_localization --params-file /tmp/launch_params_gzsj1u13 --params-file /tmp/launch_params_7txkr4rh --params-file /tmp/launch_params_ojdu_5r1
  19249 fcsl      20   0  721960  34992  21568 S   1.9   0.4   0:00.77 /home/fcsl/miniforge3/envs/thirdimpact/lib/nav2_map_server/map_server --ros-args -r __node:=map_server --params-file /tmp/launch_params_7an6qmh_ --params-file /tmp/launch_params_3pildy1p --params-file /tmp/launch_params_bxv9_bd6 --params-file /tmp/launch_params_3ypbuy35
   5868 fcsl      20   0   45844  12856   8268 S   1.4   0.2   0:11.54 /home/fcsl/.vscode-server/code-6a49527b96e326fe62fbdb56f60e16877c9aa724 command-shell --cli-data-dir /home/fcsl/.vscode-server/cli --parent-process-id 5821 --on-host=127.0.0.1 --on-port
  19307 fcsl      20   0 1439676 103844  40816 S   1.4   1.3   0:02.23 /home/fcsl/miniforge3/envs/thirdimpact/bin/python3.12 /home/fcsl/roboracer_ws/install/frenet_conversion_server/lib/frenet_conversion_server/frenet_conversion_server_node --ros-args -r __node:=frenet_conversion_server_node --params-file /tmp/launch_params_1_pyfy3w
  19553 fcsl      20   0   12120   3496   2676 R   1.4   0.0   0:00.31 top -b -c -w 512 -d 2
   5917 fcsl      20   0   11.1g 174268  46284 S   1.0   2.2   0:10.07 /home/fcsl/.vscode-server/cli/servers/Stable-6a49527b96e326fe62fbdb56f60e16877c9aa724/server/node /home/fcsl/.vscode-server/cli/servers/Stable-6a49527b96e326fe62fbdb56f60e16877c9aa724/server/out/server-main.js --connection-token=remotessh --accept-server-license-terms --agent-host-bridge-port=41459 --agent-host-bridge-host=127.0.0.1 --agent-host-bridge-connection-token=03adc759-cc11-482d-a5c4-3d1cf335af96 --start-server --enable-remote+
  19218 fcsl      20   0  663148  21616  14464 S   1.0   0.3   0:00.52 /home/fcsl/roboracer_ws/install/vesc_ackermann/lib/vesc_ackermann/ackermann_to_vesc_node --ros-args -r __node:=ackermann_to_vesc_node -r __ns:=/vesc --params-file /home/fcsl/roboracer_ws/install/stack_master/share/stack_master/config/CAR/vehicle_config.yaml
  19224 fcsl      20   0 1113316  63836  25836 S   1.0   0.8   0:01.17 python3 /home/fcsl/roboracer_ws/install/stack_master/lib/stack_master/static_tf_publisher.py --ros-args -r __node:=static_tf_publisher --params-file /home/fcsl/roboracer_ws/install/stack_master/share/stack_master/config/CAR/static_transforms.yaml
  19245 fcsl      20   0 1106632  62568  24328 S   1.0   0.8   0:01.16 python3 /home/fcsl/roboracer_ws/install/stack_master/lib/stack_master/map_relay_node.py --ros-args -r __node:=map_relay_node
     56 root      39  19       0      0      0 S   0.5   0.0   0:00.16 [khugepaged]
     94 root      20   0       0      0      0 I   0.5   0.0   0:00.69 [kworker/u12:1-devfreq_wq]
    199 root     -51   0       0      0      0 S   0.5   0.0   0:00.23 [irq/233-nvme0q1]
    823 root      rt   0       0      0      0 S   0.5   0.0   0:00.30 [sugov:4]
    910 root      20   0    2460   1560   1380 S   0.5   0.0   0:00.40 /usr/sbin/nvfancontrol &
   2529 fcsl      20   0  511652  21360   3648 S   0.5   0.3   0:00.99 python3 /usr/share/nvpmodel_indicator/nvpmodel_indicator.py
   5817 fcsl      20   0   19504   8220   5580 S   0.5   0.1   0:07.77 sshd: fcsl@notty
   6731 fcsl      20   0  997088  80596  41996 S   0.5   1.0   0:07.40 /home/fcsl/.vscode-server/cli/servers/Stable-6a49527b96e326fe62fbdb56f60e16877c9aa724/server/node /home/fcsl/.vscode-server/cli/servers/Stable-6a49527b96e326fe62fbdb56f60e16877c9aa724/server/out/bootstrap-fork --type=fileWatcher
  11828 fcsl      20   0   18824   8292   6100 S   0.5   0.1   0:00.46 sshd: fcsl@pts/5
      1 root      20   0  167496  11476   7176 S   0.0   0.1   0:03.45 /sbin/init 2
      2 root      20   0       0      0      0 S   0.0   0.0   0:00.01 [kthreadd]
      3 root       0 -20       0      0      0 I   0.0   0.0   0:00.00 [rcu_gp]
      4 root       0 -20       0      0      0 I   0.0   0.0   0:00.00 [rcu_par_gp]
      5 root       0 -20       0      0      0 I   0.0   0.0   0:00.00 [slub_flushwq]
      6 root       0 -20       0      0      0 I   0.0   0.0   0:00.00 [netns]
      8 root       0 -20       0      0      0 I   0.0   0.0   0:00.00 [kworker/0:0H-events_highpri]
     10 root       0 -20       0      0      0 I   0.0   0.0   0:00.00 [mm_percpu_wq]
     11 root      20   0       0      0      0 S   0.0   0.0   0:00.00 [rcu_tasks_kthre]
     12 root      20   0       0      0      0 S   0.0   0.0   0:00.00 [rcu_tasks_rude_]
     13 root      20   0       0      0      0 S   0.0   0.0   0:00.00 [rcu_tasks_trace]
     14 root      20   0       0      0      0 S   0.0   0.0   0:00.71 [ksoftirqd/0]
     15 root      20   0       0      0      0 I   0.0   0.0   0:00.36 [rcu_preempt]
     16 root      rt   0       0      0      0 S   0.0   0.0   0:00.00 [migration/0]
     17 root      20   0       0      0      0 S   0.0   0.0   0:00.00 [cpuhp/0]
     18 root      20   0       0      0      0 S   0.0   0.0   0:00.00 [cpuhp/1]
     19 root      rt   0       0      0      0 S   0.0   0.0   0:00.00 [migration/1]
     20 root      20   0       0      0      0 S   0.0   0.0   0:00.14 [ksoftirqd/1]
     22 root       0 -20       0      0      0 I   0.0   0.0   0:00.00 [kworker/1:0H-events_highpri]
     23 root      20   0       0      0      0 S   0.0   0.0   0:00.00 [cpuhp/2]
     24 root      rt   0       0      0      0 S   0.0   0.0   0:00.00 [migration/2]
     25 root      20   0       0      0      0 S   0.0   0.0   0:00.15 [ksoftirqd/2]
     27 root       0 -20       0      0      0 I   0.0   0.0   0:00.00 [kworker/2:0H-kblockd]
     28 root      20   0       0      0      0 S   0.0   0.0   0:00.00 [cpuhp/3]
     29 root      rt   0       0      0      0 S   0.0   0.0   0:00.00 [migration/3]
     30 root      20   0       0      0      0 S   0.0   0.0   0:00.18 [ksoftirqd/3]
     31 root      20   0       0      0      0 I   0.0   0.0   0:00.07 [kworker/3:0-mm_percpu_wq]
     32 root       0 -20       0      0      0 I   0.0   0.0   0:00.00 [kworker/3:0H-events_highpri]
     33 root      20   0       0      0      0 S   0.0   0.0   0:00.00 [cpuhp/4]
     34 root      rt   0       0      0      0 S   0.0   0.0   0:00.00 [migration/4]
     35 root      20   0       0      0      0 S   0.0   0.0   0:00.15 [ksoftirqd/4]
     37 root       0 -20       0      0      0 I   0.0   0.0   0:00.00 [kworker/4:0H-events_highpri]
     38 root      20   0       0      0      0 S   0.0   0.0   0:00.00 [cpuhp/5]
     39 root      rt   0       0      0      0 S   0.0   0.0   0:00.00 [migration/5]
     40 root      20   0       0      0      0 S   0.0   0.0   0:00.13 [ksoftirqd/5]
     42 root       0 -20       0      0      0 I   0.0   0.0   0:00.00 [kworker/5:0H-events_highpri]
     43 root      20   0       0      0      0 S   0.0   0.0   0:00.00 [kdevtmpfs]
     44 root       0 -20       0      0      0 I   0.0   0.0   0:00.00 [inet_frag_wq]
     47 root      20   0       0      0      0 I   0.0   0.0   0:00.01 [kworker/2:1-cgroup_destroy]
     50 root      20   0       0      0      0 I   0.0   0.0   0:00.00 [kworker/4:1-events]
     51 root      20   0       0      0      0 S   0.0   0.0   0:00.00 [kauditd]
     52 root      20   0       0      0      0 S   0.0   0.0   0:00.00 [oom_reaper]
     53 root       0 -20       0      0      0 I   0.0   0.0   0:00.00 [writeback]
     54 root      20   0       0      0      0 S   0.0   0.0   0:00.00 [kcompactd0]
     55 root      25   5       0      0      0 S   0.0   0.0   0:00.00 [ksmd]
     67 root       0 -20       0      0      0 I   0.0   0.0   0:00.00 [cryptd]
     86 root       0 -20       0      0      0 I   0.0   0.0   0:00.00 [kintegrityd]
     87 root       0 -20       0      0      0 I   0.0   0.0   0:00.00 [kblockd]
     88 root       0 -20       0      0      0 I   0.0   0.0   0:00.00 [blkcg_punt_bio]
     89 root       0 -20       0      0      0 I   0.0   0.0   0:00.00 [tpm_dev_wq]
     90 root       0 -20       0      0      0 I   0.0   0.0   0:00.00 [ata_sff]
     91 root       0 -20       0      0      0 I   0.0   0.0   0:00.00 [edac-poller]
     92 root       0 -20       0      0      0 I   0.0   0.0   0:00.00 [devfreq_wq]
     93 root     -51   0       0      0      0 S   0.0   0.0   0:00.00 [watchdogd]
     95 root      20   0       0      0      0 I   0.0   0.0   0:00.48 [kworker/u12:2-events_unbound]
     96 root       0 -20       0      0      0 I   0.0   0.0   0:00.00 [kworker/0:1H-kblockd]
     97 root       0 -20       0      0      0 I   0.0   0.0   0:00.00 [rpciod]
     98 root       0 -20       0      0      0 I   0.0   0.0   0:00.03 [kworker/u13:0-hci0]
     99 root       0 -20       0      0      0 I   0.0   0.0   0:00.00 [xprtiod]
    127 root      20   0       0      0      0 S   0.0   0.0   0:00.36 [kswapd0]
    128 root       0 -20       0      0      0 I   0.0   0.0   0:00.00 [nfsiod]
    132 root       0 -20       0      0      0 I   0.0   0.0   0:00.00 [vfio-irqfd-clea]
    133 root       0 -20       0      0      0 I   0.0   0.0   0:00.00 [bch_btree_io]
    134 root       0 -20       0      0      0 I   0.0   0.0   0:00.00 [bcache]
    135 root       0 -20       0      0      0 I   0.0   0.0   0:00.00 [bch_journal]
    136 root       0 -20       0      0      0 I   0.0   0.0   0:00.00 [dm_bufio_cache]
    138 root      10 -10       0      0      0 S   0.0   0.0   0:00.00 [krfcommd]
    139 root      20   0       0      0      0 S   0.0   0.0   0:00.00 [pr/tty0]
    140 root      20   0       0      0      0 S   0.0   0.0   0:02.86 [pr/ttyTCU0]
    143 root     -51   0       0      0      0 S   0.0   0.0   0:00.00 [irq/114-3160000]
    145 root     -51   0       0      0      0 S   0.0   0.0   0:00.00 [irq/115-3180000]
    146 root      20   0       0      0      0 I   0.0   0.0   0:00.38 [kworker/1:3-mm_percpu_wq]
    147 root     -51   0       0      0      0 S   0.0   0.0   0:00.00 [irq/116-31b0000]
    148 root     -51   0       0      0      0 S   0.0   0.0   0:00.00 [irq/167-c240000]
    149 root     -51   0       0      0      0 S   0.0   0.0   0:00.00 [irq/168-c250000]
    150 root     -51   0       0      0      0 S   0.0   0.0   0:00.00 [irq/125-3610000]
    151 root     -51   0       0      0      0 S   0.0   0.0   0:00.00 [irq/122-3610000]
    152 root      20   0       0      0      0 I   0.0   0.0   0:00.03 [kworker/5:3-mm_percpu_wq]
    153 root       0 -20       0      0      0 I   0.0   0.0   0:00.00 [sdhci]
    154 root     -51   0       0      0      0 S   0.0   0.0   0:00.00 [irq/120-mmc0]
    155 root     -51   0       0      0      0 S   0.0   0.0   0:00.00 [irq/230-3400000]
    156 root      20   0       0      0      0 I   0.0   0.0   0:00.06 [kworker/2:2-mm_percpu_wq]
    173 root       0 -20       0      0      0 I   0.0   0.0   0:00.00 [kworker/1:1H-kblockd]
    174 root      20   0       0      0      0 I   0.0   0.0   0:00.00 [kworker/3:2-mm_percpu_wq]
    179 root     -51   0       0      0      0 S   0.0   0.0   0:00.00 [irq/191-tegra-p]
    180 root       0 -20       0      0      0 I   0.0   0.0   0:00.00 [nvme-wq]
    181 root       0 -20       0      0      0 I   0.0   0.0   0:00.00 [nvme-reset-wq]
    182 root       0 -20       0      0      0 I   0.0   0.0   0:00.00 [nvme-delete-wq]
    191 root     -51   0       0      0      0 S   0.0   0.0   0:00.00 [irq/191-aerdrv]
    192 root     -51   0       0      0      0 S   0.0   0.0   0:00.00 [irq/193-tegra-p]
    195 root     -51   0       0      0      0 S   0.0   0.0   0:00.00 [irq/193-aerdrv]
    196 root     -51   0       0      0      0 S   0.0   0.0   0:00.00 [irq/195-tegra-p]
    198 root     -51   0       0      0      0 S   0.0   0.0   0:00.00 [irq/232-nvme0q0]
    200 root     -51   0       0      0      0 S   0.0   0.0   0:00.32 [irq/234-nvme0q2]
    201 root     -51   0       0      0      0 S   0.0   0.0   0:00.18 [irq/235-nvme0q3]
    202 root     -51   0       0      0      0 S   0.0   0.0   0:00.22 [irq/236-nvme0q4]
    203 root     -51   0       0      0      0 S   0.0   0.0   0:00.06 [irq/237-nvme0q5]
    204 root     -51   0       0      0      0 S   0.0   0.0   0:00.06 [irq/238-nvme0q6]
    205 root      20   0       0      0      0 I   0.0   0.0   0:00.50 [kworker/u12:4-events_freezable_power_]
    209 root      20   0       0      0      0 S   0.0   0.0   0:00.13 [jbd2/nvme0n1p1-]
    210 root       0 -20       0      0      0 I   0.0   0.0   0:00.00 [ext4-rsv-conver]
    211 root       0 -20       0      0      0 I   0.0   0.0   0:00.00 [kworker/2:1H-kblockd]
    220 root       0 -20       0      0      0 I   0.0   0.0   0:00.00 [mld]
    221 root       0 -20       0      0      0 I   0.0   0.0   0:00.00 [kworker/3:1H-kblockd]
    222 root       0 -20       0      0      0 I   0.0   0.0   0:00.00 [ipv6_addrconf]
    253 root      19  -1   40524   9664   8044 S   0.0   0.1   0:00.49 /lib/systemd/systemd-journald
    267 root      20   0       0      0      0 I   0.0   0.0   0:00.04 [kworker/4:2-mm_percpu_wq]
    270 root      20   0       0      0      0 I   0.0   0.0   0:00.47 [kworker/u12:5-events_freezable_power_]
    271 root      20   0       0      0      0 I   0.0   0.0   0:00.62 [kworker/u12:6-events_freezable_power_]
    272 root      20   0       0      0      0 I   0.0   0.0   0:00.36 [kworker/u12:7-devfreq_wq]
    273 root      20   0       0      0      0 I   0.0   0.0   0:00.47 [kworker/u12:8-events_freezable_power_]
    283 root      39  19       0      0      0 S   0.0   0.0   0:00.00 [nvmap-bz]
    284 root     -51   0       0      0      0 S   0.0   0.0   0:00.00 [irq/188-host1x_]
    286 root     -51   0       0      0      0 S   0.0   0.0   0:00.00 [irq/197-gk20a_s]
    287 root     -51   0       0      0      0 S   0.0   0.0   0:00.00 [irq/198-gk20a_s]
    288 root     -51   0       0      0      0 S   0.0   0.0   0:00.00 [irq/199-gk20a_s]
    289 root     -51   0       0      0      0 S   0.0   0.0   0:00.00 [irq/200-gk20a_n]
    293 root      20   0    9792   2792   2528 S   0.0   0.0   0:00.00 /bin/bash /etc/systemd/nv-tee-supplicant.sh
    298 root      20   0   76588   1360   1248 S   0.0   0.0   0:00.01 /usr/sbin/tee-supplicant
    299 root       0 -20       0      0      0 I   0.0   0.0   0:00.00 [optee_bus_scan]
    307 root       0 -20       0      0      0 I   0.0   0.0   0:00.00 [kworker/4:1H-kblockd]
    309 root      20   0   24048   6028   3380 S   0.0   0.1   0:02.02 /lib/systemd/systemd-udevd
    310 root      20   0   23744   5080   2712 S   0.0   0.1   0:00.16 /lib/systemd/systemd-udevd
    311 root      20   0   23396   4308   2228 S   0.0   0.1   0:00.12 /lib/systemd/systemd-udevd
    312 root      20   0   23508   4468   2212 S   0.0   0.1   0:00.15 /lib/systemd/systemd-udevd
    313 root      20   0   24528   6416   3228 S   0.0   0.1   0:00.31 /lib/systemd/systemd-udevd
    314 root      20   0   23532   4792   2660 S   0.0   0.1   0:00.24 /lib/systemd/systemd-udevd
    315 root      20   0   23500   5188   3048 S   0.0   0.1   0:00.27 /lib/systemd/systemd-udevd
    316 root      20   0   23520   4608   2452 S   0.0   0.1   0:00.16 /lib/systemd/systemd-udevd
    317 root      20   0   23540   4232   2096 S   0.0   0.1   0:00.14 /lib/systemd/systemd-udevd
    318 root      20   0   23548   4688   2540 S   0.0   0.1   0:00.10 /lib/systemd/systemd-udevd
    320 root      20   0   23808   5888   3448 S   0.0   0.1   0:05.11 /lib/systemd/systemd-udevd
    321 root      20   0   23396   5028   2908 S   0.0   0.1   0:00.19 /lib/systemd/systemd-udevd
    322 root      20   0   23500   5104   2852 S   0.0   0.1   0:00.18 /lib/systemd/systemd-udevd
    323 root      20   0   23516   4360   2096 S   0.0   0.1   0:00.16 /lib/systemd/systemd-udevd
    324 root      20   0   23520   4748   2480 S   0.0   0.1   0:00.18 /lib/systemd/systemd-udevd
    325 root      20   0   23500   5072   2820 S   0.0   0.1   0:00.20 /lib/systemd/systemd-udevd
    326 root      20   0   23548   4624   2476 S   0.0   0.1   0:00.16 /lib/systemd/systemd-udevd
    327 root      20   0   24548   5496   2292 S   0.0   0.1   0:00.21 /lib/systemd/systemd-udevd
    328 root      20   0   23516   4380   2212 S   0.0   0.1   0:00.13 /lib/systemd/systemd-udevd
    329 root      20   0   23524   4452   2300 S   0.0   0.1   0:00.19 /lib/systemd/systemd-udevd
    330 root      20   0   23524   4592   2440 S   0.0   0.1   0:00.22 /lib/systemd/systemd-udevd
    331 root      20   0   23524   4792   2636 S   0.0   0.1   0:00.14 /lib/systemd/systemd-udevd
    332 root       0 -20       0      0      0 I   0.0   0.0   0:00.00 [kworker/5:1H-kblockd]
    334 root      20   0   23524   4712   2532 S   0.0   0.1   0:00.16 /lib/systemd/systemd-udevd
    336 root      20   0       0      0      0 S   0.0   0.0   0:00.00 [15820000.crypto]
    337 root      20   0       0      0      0 S   0.0   0.0   0:00.00 [15840000.crypto]
    358 root      20   0   23544   4432   2140 S   0.0   0.1   0:00.15 /lib/systemd/systemd-udevd
    359 root      20   0   23524   4288   2096 S   0.0   0.1   0:00.12 /lib/systemd/systemd-udevd
    360 root      20   0   23524   4412   2220 S   0.0   0.1   0:00.14 /lib/systemd/systemd-udevd
    361 root      20   0   23524   5004   2812 S   0.0   0.1   0:00.17 /lib/systemd/systemd-udevd
    362 root      20   0   23524   4832   2644 S   0.0   0.1   0:00.23 /lib/systemd/systemd-udevd
    363 root      20   0   23816   4580   2144 S   0.0   0.1   0:00.15 /lib/systemd/systemd-udevd
    414 root     -51   0       0      0      0 S   0.0   0.0   0:00.00 [irq/219-bc00000]
    415 root      -2   0       0      0      0 S   0.0   0.0   0:00.00 [capture-control]
    416 root      -2   0       0      0      0 S   0.0   0.0   0:00.00 [capture]
    447 root     -51   0       0      0      0 S   0.0   0.0   0:00.00 [irq/189-tegra-p]
    448 root     -51   0       0      0      0 S   0.0   0.0   0:00.00 [irq/240-nvvrs-p]
    449 root     -51   0       0      0      0 S   0.0   0.0   0:00.00 [irq/214-tegra_d]
    450 root     -51   0       0      0      0 S   0.0   0.0   0:00.00 [irq/215-tegra_d]
    451 root       0 -20       0      0      0 I   0.0   0.0   0:00.00 [dce-async-ipc-w]
    452 root      20   0       0      0      0 S   0.0   0.0   0:00.00 [nv_queue]
    453 root      20   0       0      0      0 S   0.0   0.0   0:00.00 [nv_queue]
    454 root     -51   0       0      0      0 S   0.0   0.0   0:00.00 [irq/189-aerdrv]
    524 root       0 -20       0      0      0 I   0.0   0.0   0:00.00 [cfg80211]
    543 root     -51   0       0      0      0 S   0.0   0.0   0:00.00 [irq/118-3210000]
    552 root      20   0       0      0      0 S   0.0   0.0   0:00.00 [spi0]
    554 root     -51   0       0      0      0 S   0.0   0.0   0:00.00 [irq/119-3230000]
    555 root      20   0       0      0      0 S   0.0   0.0   0:00.00 [spi1]
    632 root       0 -20       0      0      0 I   0.0   0.0   0:00.00 [btfwwork]
    670 root       0 -20       0      0      0 I   0.0   0.0   0:00.00 [kworker/u13:2-hci0]
    672 root      20   0    8236   7372   1432 S   0.0   0.1   0:00.30 /usr/sbin/haveged --Foreground --verbose=1
    674 _rpc      20   0    7964   2112   1760 S   0.0   0.0   0:00.00 /sbin/rpcbind -f -w
    681 systemd+  20   0   25544  12588   8156 S   0.0   0.2   0:00.26 /lib/systemd/systemd-resolved
    682 systemd+  20   0   88788   6156   5312 S   0.0   0.1   0:00.08 /lib/systemd/systemd-timesyncd
    728 avahi     20   0    8088   2652   2300 S   0.0   0.0   0:00.08 avahi-daemon: running [ubuntu.local]
    729 root      20   0    9892   4484   4044 S   0.0   0.1   0:00.07 /usr/lib/bluetooth/bluetoothd -d --noplugin=audio,a2dp,avrcp
    730 message+  20   0   11448   5648   3108 S   0.0   0.1   0:01.66 @dbus-daemon --system --address=systemd: --nofork --nopidfile --systemd-activation --syslog-only
    731 root      20   0  263764  20360  14144 S   0.0   0.3   0:01.12 /usr/sbin/NetworkManager --no-daemon
    737 root      20   0   42224  19668   9972 S   0.0   0.3   0:00.14 /usr/bin/python3 /usr/bin/networkd-dispatcher --run-startup-triggers
    744 root      20   0   27644  15072   7804 S   0.0   0.2   0:00.10 python3 /opt/nvidia/pva-allow-2/bin/nvidiaPvaAllowd.py
    749 root      20   0  243232  10120   6268 S   0.0   0.1   0:03.17 /usr/libexec/polkitd --no-debug
    753 root      20   0  240320   8560   5832 S   0.0   0.1   0:00.04 /usr/libexec/power-profiles-daemon
    760 syslog    20   0  222164   8356   3224 S   0.0   0.1   0:00.14 /usr/sbin/rsyslogd -n -iNONE
    762 root      20   0    2240    708    628 S   0.0   0.0   0:00.00 seatd -g video
    767 root      20   0 2145820  48520  24160 S   0.0   0.6   0:04.95 /snap/snapd/current/usr/lib/snapd/snapd
    769 root      20   0  241096   7752   5856 S   0.0   0.1   0:00.80 /usr/libexec/accounts-daemon
    772 root      20   0  236800   5804   5196 S   0.0   0.1   0:00.02 /usr/libexec/switcheroo-control
    773 lp        20   0    2308    112      0 S   0.0   0.0   0:00.00 /usr/sbin/lpd -s
    774 root      20   0   48808   7200   5948 S   0.0   0.1   0:00.19 /lib/systemd/systemd-logind
    778 root      20   0  394856  14472   9176 S   0.0   0.2   0:00.28 /usr/libexec/udisks2/udisksd
    780 root      20   0   16532   9744   7852 S   0.0   0.1   0:00.08 /sbin/wpa_supplicant -u -s -O /run/wpa_supplicant
    800 avahi     20   0    7816    352      0 S   0.0   0.0   0:00.00 avahi-daemon: chroot helper
    816 root      20   0  320884  13460   9472 S   0.0   0.2   0:00.12 /usr/sbin/ModemManager
    818 root      rt   0       0      0      0 S   0.0   0.0   0:00.34 [sugov:0]
    930 root      20   0       0      0      0 S   0.0   0.0   0:00.00 [sw-quiesce]
    931 root      20   0       0      0      0 S   0.0   0.0   0:01.07 [nvgpu_channel_p]
    934 root      20   0       0      0      0 S   0.0   0.0   0:00.00 [nvgpu_pg_init_g]
    954 root      20   0       0      0      0 S   0.0   0.0   0:00.00 [nvgpu_clk_arb_p]
    979 root      20   0       0      0      0 S   0.0   0.0   0:01.09 [RTW_CMD_THREAD]
    981 root      20   0       0      0      0 I   0.0   0.0   0:00.32 [kworker/u12:9-events_freezable_power_]
   1016 root      20   0   75936   9728   7908 S   0.0   0.1   0:00.01 /usr/sbin/nvargus-daemon
   1017 root      20   0    9792   2900   2608 S   0.0   0.0   0:00.00 /bin/bash /etc/systemd/nvmemwarning.sh
   1037 root      20   0   22192   1708   1512 S   0.0   0.0   0:00.00 /usr/sbin/nvs-service
   1062 root      20   0    2336    760    672 S   0.0   0.0   0:01.58 /bin/sh /snap/cups/1237/scripts/run-cups-browsed
   1064 root      20   0    2336   1388   1264 S   0.0   0.0   0:01.60 /bin/sh /snap/cups/1237/scripts/run-cupsd
   1065 root      20   0       0      0      0 S   0.0   0.0   0:00.00 [pr/ramoops-1]
   1096 root      20   0 2012952  50020  29076 S   0.0   0.6   0:01.47 /usr/bin/containerd
   1110 root      20   0    9448   2412   2172 S   0.0   0.0   0:00.00 /usr/sbin/cron -f -P
   1136 kernoops  20   0   12820    456      0 S   0.0   0.0   0:00.00 /usr/sbin/kerneloops --test
   1145 root      20   0  241780   8612   6932 S   0.0   0.1   0:00.03 /usr/sbin/gdm3
   1162 kernoops  20   0   12820    452      0 S   0.0   0.0   0:00.00 /usr/sbin/kerneloops
   1164 root      20   0    8144    716    640 S   0.0   0.0   0:00.00 /sbin/agetty -o -p -- \u --keep-baud 115200,57600,38400,9600 ttyGS0 vt220
   1171 root      20   0    8144    724    648 S   0.0   0.0   0:00.00 /sbin/agetty -o -p -- \u --keep-baud 115200,57600,38400,9600 ttyTCU0 vt220
   1210 root      20   0  172548   9532   7592 S   0.0   0.1   0:00.04 gdm-session-worker [pam/gdm-autologin]
   1310 root      20   0    3076    916    804 S   0.0   0.0   0:00.00 /usr/sbin/nvphsd
   1316 root      20   0    3208   1408   1248 S   0.0   0.0   0:00.00 /usr/sbin/nvphsd
   1337 root      20   0 2166840  89332  54988 S   0.0   1.1   0:00.70 /usr/bin/dockerd -H fd:// --containerd=/run/containerd/containerd.sock
   1338 root      20   0   15232   8036   6460 S   0.0   0.1   0:00.02 sshd: /usr/sbin/sshd -D [listener] 0 of 10-100 startups
   1342 root      20   0       0      0      0 S   0.0   0.0   0:00.00 [file-storage]
   1350 fcsl      20   0   18416   9892   7060 S   0.0   0.1   0:00.72 /lib/systemd/systemd --user
   1360 fcsl      20   0  106740   4520      0 S   0.0   0.1   0:00.00 (sd-pam)
   1538 fcsl       9 -11   40232   5728   4620 S   0.0   0.1   0:00.02 /usr/bin/pipewire
   1539 fcsl      20   0   23884   5672   4592 S   0.0   0.1   0:00.08 /usr/bin/pipewire-media-session
   1540 fcsl       9 -11  890556  20284  12116 S   0.0   0.3   0:00.39 /usr/bin/pulseaudio --daemonize=no --log-target=journal
   1545 fcsl      20   0  241000   6164   5312 S   0.0   0.1   0:00.04 /usr/bin/gnome-keyring-daemon --daemonize --login
   1548 rtkit     21   1  153508   1472   1264 S   0.0   0.0   0:00.02 /usr/libexec/rtkit-daemon
   1559 fcsl      20   0  162628   5416   4908 S   0.0   0.1   0:00.00 /usr/libexec/gdm-x-session --run-script env GNOME_SHELL_SESSION_MODE=ubuntu /usr/bin/gnome-session --session=ubuntu
   1561 root      20   0   24.2g  80668  35156 S   0.0   1.0   0:00.52 /usr/lib/xorg/Xorg vt2 -displayfd 3 -auth /run/user/1000/gdm/Xauthority -nolisten tcp -background none -noreset -keeptty -novtswitch -verbose 3
   1564 fcsl      20   0   10132   4876   3144 S   0.0   0.1   0:00.44 /usr/bin/dbus-daemon --session --address=systemd: --nofork --nopidfile --systemd-activation --syslog-only
   1587 root      20   0       0      0      0 S   0.0   0.0   0:00.00 [nvidia-modeset/]
   1588 root      20   0       0      0      0 S   0.0   0.0   0:00.00 [nvidia-modeset/]
   1590 root      20   0       0      0      0 S   0.0   0.0   0:00.00 [nvidia]
   1591 root      20   0       0      0      0 S   0.0   0.0   0:00.00 [nv_queue]
   1729 root      20   0       0      0      0 S   0.0   0.0   0:00.00 [nvidia-drm-nv-t]
   1730 root     -51   0       0      0      0 S   0.0   0.0   0:00.00 [card1-crtc0]
   1731 root     -51   0       0      0      0 S   0.0   0.0   0:00.00 [card1-crtc1]
   1824 fcsl      20   0  225936  13728  11972 S   0.0   0.2   0:00.05 /usr/libexec/gnome-session-binary --session=ubuntu
   1916 fcsl      20   0  309864   6752   6032 S   0.0   0.1   0:00.01 /usr/libexec/at-spi-bus-launcher
   1922 fcsl      20   0    8828   3616   3116 S   0.0   0.0   0:00.01 /usr/bin/dbus-daemon --config-file=/usr/share/defaults/at-spi2/accessibility.conf --nofork --print-address 11 --address=unix:path=/run/user/1000/at-spi/bus_0
   1979 fcsl      20   0   91892   2520   2152 S   0.0   0.0   0:00.00 /usr/libexec/gnome-session-ctl --monitor
   1988 fcsl      20   0  240908   6992   6104 S   0.0   0.1   0:00.03 /usr/libexec/gvfsd
   1996 fcsl      20   0  381064   9284   4640 S   0.0   0.1   0:00.00 /usr/libexec/gvfsd-fuse /run/user/1000/gvfs -f
   1997 fcsl      20   0  596284  17864  12840 S   0.0   0.2   0:00.18 /usr/libexec/gnome-session-binary --systemd-service --session=ubuntu
   2026 fcsl      20   0 3471004 225068  81340 S   0.0   2.9   0:05.96 /usr/bin/gnome-shell
   2040 fcsl      20   0  236356   4876   4440 S   0.0   0.1   0:00.00 /usr/libexec/xdg-permission-store
   2042 fcsl      20   0  584868  17900  13432 S   0.0   0.2   0:00.06 /usr/libexec/gnome-shell-calendar-server
   2051 fcsl      20   0  397280  22796  19136 S   0.0   0.3   0:00.09 /usr/libexec/evolution-source-registry
   2059 root      20   0  242436   7680   6568 S   0.0   0.1   0:00.07 /usr/libexec/upowerd
   2061 fcsl      20   0  600496  38980  29472 S   0.0   0.5   0:00.10 /usr/libexec/goa-daemon
   2068 fcsl      20   0 1321540  31748  23404 S   0.0   0.4   0:00.14 /usr/libexec/evolution-calendar-factory
   2078 fcsl      20   0  341492  12924  11036 S   0.0   0.2   0:00.04 /usr/libexec/goa-identity-service
   2088 fcsl      20   0  156800   4488   4024 S   0.0   0.1   0:00.01 /usr/libexec/dconf-service
   2089 fcsl      20   0  823284  28368  22824 S   0.0   0.4   0:00.08 /usr/libexec/evolution-addressbook-factory
   2105 fcsl      20   0  316604  11380   7284 S   0.0   0.1   0:00.11 /usr/libexec/gvfs-udisks2-volume-monitor
   2113 fcsl      20   0  315332   6412   5548 S   0.0   0.1   0:00.04 /usr/libexec/gvfs-afc-volume-monitor
   2118 fcsl      20   0  238096   6272   5500 S   0.0   0.1   0:00.01 /usr/libexec/gvfs-gphoto2-volume-monitor
   2122 fcsl      20   0  236772   4692   4232 S   0.0   0.1   0:00.01 /usr/libexec/gvfs-mtp-volume-monitor
   2126 fcsl      20   0  236900   7852   5228 S   0.0   0.1   0:00.01 /usr/libexec/gvfs-goa-volume-monitor
   2130 root      20   0  376544  64972  16884 S   0.0   0.8   0:10.29 /usr/libexec/packagekitd
   2138 fcsl      20   0  315228   9344   6144 S   0.0   0.1   0:00.02 /usr/libexec/gvfsd-trash --spawner :1.19 /org/gtk/gvfs/exec_spaw/0
   2165 fcsl      20   0  477596  12872  10592 S   0.0   0.2   0:00.13 /usr/libexec/xdg-desktop-portal
   2175 fcsl      20   0  463504   8420   5632 S   0.0   0.1   0:00.02 /usr/libexec/xdg-document-portal
   2178 fcsl      20   0 2804936  27172  20292 S   0.0   0.3   0:00.09 /usr/bin/gjs /usr/share/gnome-shell/org.gnome.Shell.Notifications
   2182 root      20   0    2232    696    620 S   0.0   0.0   0:00.00 fusermount3 -o rw,nosuid,nodev,fsname=portal,auto_unmount,subtype=portal -- /run/user/1000/doc
   2186 fcsl      20   0  163152   7096   6328 S   0.0   0.1   0:00.01 /usr/libexec/at-spi2-registryd --use-gnome-session
   2187 fcsl      20   0  715372  51180  31356 S   0.0   0.7   0:00.26 /usr/libexec/xdg-desktop-portal-gnome
   2201 fcsl      20   0    2328    836    748 S   0.0   0.0   0:00.00 sh -c /usr/bin/ibus-daemon --panel disable $([ "$XDG_SESSION_TYPE" = "x11" ] && echo "--xim")
   2202 fcsl      20   0  310888   7992   5380 S   0.0   0.1   0:00.01 /usr/libexec/gsd-a11y-settings
   2203 fcsl      20   0  603376  28568  18872 S   0.0   0.4   0:00.19 /usr/libexec/gsd-color
   2207 fcsl      20   0  379084  16400  12388 S   0.0   0.2   0:00.03 /usr/libexec/gsd-datetime
   2209 fcsl      20   0  315524  13140   6156 S   0.0   0.2   0:00.09 /usr/bin/ibus-daemon --panel disable --xim
   2210 fcsl      20   0  312464   8500   5808 S   0.0   0.1   0:00.06 /usr/libexec/gsd-housekeeping
   2212 fcsl      20   0  418272  25220  16048 S   0.0   0.3   0:00.15 /usr/libexec/gsd-keyboard
   2213 fcsl      20   0  934772  29676  19672 S   0.0   0.4   0:00.19 /usr/libexec/gsd-media-keys
   2214 fcsl      20   0  528832  26228  18632 S   0.0   0.3   0:00.18 /usr/libexec/gsd-power
   2216 fcsl      20   0  324816   9584   8232 S   0.0   0.1   0:00.01 /usr/libexec/gsd-print-notifications
   2219 fcsl      20   0  458476   6000   5344 S   0.0   0.1   0:00.02 /usr/libexec/gsd-rfkill
   2222 fcsl      20   0  236616   4660   4280 S   0.0   0.1   0:00.00 /usr/libexec/gsd-screensaver-proxy
   2226 fcsl      20   0  467192   9032   6824 S   0.0   0.1   0:00.07 /usr/libexec/gsd-sharing
   2228 fcsl      20   0  460576   9164   6256 S   0.0   0.1   0:00.01 /usr/libexec/gsd-smartcard
   2233 fcsl      20   0  320568   8140   7112 S   0.0   0.1   0:00.01 /usr/libexec/gsd-sound
   2242 fcsl      20   0  344860  23456  16012 S   0.0   0.3   0:00.17 /usr/libexec/gsd-wacom
   2247 fcsl      20   0  656864  90552  49008 S   0.0   1.2   0:03.98 /usr/bin/gnome-software --gapplication-service
   2248 fcsl      20   0  346536  27696  17768 S   0.0   0.4   0:00.20 /usr/libexec/gsd-xsettings
   2254 fcsl      20   0  842664  65920  47764 S   0.0   0.8   0:00.32 /usr/libexec/evolution-data-server/evolution-alarm-notify
   2278 fcsl      20   0  237728   6576   5956 S   0.0   0.1   0:00.00 /usr/libexec/ibus-dconf
   2289 fcsl      20   0  275472  27360  16048 S   0.0   0.4   0:01.55 /usr/libexec/ibus-extension-gtk3
   2301 fcsl      20   0  232212   6712   5028 S   0.0   0.1   0:00.02 /usr/libexec/gsd-disk-utility-notify
   2302 fcsl      20   0  196992  23344  16300 S   0.0   0.3   0:00.15 /usr/libexec/ibus-x11 --kill-daemon
   2316 fcsl      20   0  512948  41308  23256 S   0.0   0.5   0:00.93 python3 /usr/share/nvpmodel_indicator/nvpmodel_indicator.py
   2317 fcsl      20   0  237616   6672   6068 S   0.0   0.1   0:00.02 /usr/libexec/ibus-portal
   2353 fcsl      20   0  345756  14420  10528 S   0.0   0.2   0:00.02 /usr/libexec/gsd-printer
   2377 colord    20   0  246112  11944   8192 S   0.0   0.2   0:00.16 /usr/libexec/colord
   2462 root      20   0  404236  43620  34000 S   0.0   0.6   0:00.57 /usr/libexec/fwupd/fwupd
   2498 fcsl      20   0 2739436  27332  20372 S   0.0   0.4   0:00.09 /usr/bin/gjs /usr/share/gnome-shell/org.gnome.ScreenSaver
   2511 fcsl      20   0  511640  20804   3160 S   0.0   0.3   0:00.00 python3 /usr/share/nvpmodel_indicator/nvpmodel_indicator.py
   2512 fcsl      20   0  511640  20804   3160 S   0.0   0.3   0:00.00 python3 /usr/share/nvpmodel_indicator/nvpmodel_indicator.py
   2513 fcsl      20   0  511640  20804   3160 S   0.0   0.3   0:00.00 python3 /usr/share/nvpmodel_indicator/nvpmodel_indicator.py
   2514 fcsl      20   0  511640  20804   3160 S   0.0   0.3   0:00.00 python3 /usr/share/nvpmodel_indicator/nvpmodel_indicator.py
   2515 fcsl      20   0  511640  20804   3160 S   0.0   0.3   0:00.00 python3 /usr/share/nvpmodel_indicator/nvpmodel_indicator.py
   2516 fcsl      20   0  511640  20804   3160 S   0.0   0.3   0:00.00 python3 /usr/share/nvpmodel_indicator/nvpmodel_indicator.py
   2517 fcsl      20   0  511640  20804   3160 S   0.0   0.3   0:00.00 python3 /usr/share/nvpmodel_indicator/nvpmodel_indicator.py
   2518 fcsl      20   0  511640  20804   3160 S   0.0   0.3   0:00.00 python3 /usr/share/nvpmodel_indicator/nvpmodel_indicator.py
   2520 fcsl      20   0  511652  20848   3160 S   0.0   0.3   0:00.00 python3 /usr/share/nvpmodel_indicator/nvpmodel_indicator.py
   2521 fcsl      20   0  511652  20848   3160 S   0.0   0.3   0:00.00 python3 /usr/share/nvpmodel_indicator/nvpmodel_indicator.py
   2523 fcsl      20   0  511652  20848   3160 S   0.0   0.3   0:00.00 python3 /usr/share/nvpmodel_indicator/nvpmodel_indicator.py
   2524 fcsl      20   0  511652  20848   3160 S   0.0   0.3   0:00.00 python3 /usr/share/nvpmodel_indicator/nvpmodel_indicator.py
   2525 fcsl      20   0  511652  20848   3160 S   0.0   0.3   0:00.00 python3 /usr/share/nvpmodel_indicator/nvpmodel_indicator.py
   2526 fcsl      20   0  511652  20848   3160 S   0.0   0.3   0:00.00 python3 /usr/share/nvpmodel_indicator/nvpmodel_indicator.py
   2527 fcsl      20   0  511652  20848   3160 S   0.0   0.3   0:00.00 python3 /usr/share/nvpmodel_indicator/nvpmodel_indicator.py
   2528 fcsl      20   0  511652  20848   3160 S   0.0   0.3   0:00.00 python3 /usr/share/nvpmodel_indicator/nvpmodel_indicator.py
   2531 fcsl      20   0  511652  20852   3160 S   0.0   0.3   0:00.00 python3 /usr/share/nvpmodel_indicator/nvpmodel_indicator.py
   2532 fcsl      20   0  511652  20852   3160 S   0.0   0.3   0:00.00 python3 /usr/share/nvpmodel_indicator/nvpmodel_indicator.py
   2558 fcsl      20   0  238820  11516   6280 S   0.0   0.1   0:00.06 /usr/libexec/ibus-engine-hangul --ibus
   2568 fcsl      39  19  648636  29248  20296 S   0.0   0.4   0:00.55 /usr/libexec/tracker-miner-fs-3
   2570 fcsl      20   0  345256  24112  16764 S   0.0   0.3   0:00.13 /usr/libexec/xdg-desktop-portal-gtk
   2735 fcsl      20   0  163392   5864   5280 S   0.0   0.1   0:00.01 /usr/libexec/gvfsd-metadata
   2762 root      20   0  136724  11180   9516 S   0.0   0.1   0:00.36 cupsd -f -s /var/snap/cups/common/etc/cups/cups-files.conf -c /var/snap/cups/common/etc/cups/cupsd.conf
   2770 snap_da+  20   0   14484   4204   3512 S   0.0   0.1   0:00.00 /snap/cups/1237/lib/cups/notifier/dbus dbus://
   2771 snap_da+  20   0   14484   4636   3932 S   0.0   0.1   0:00.00 /snap/cups/1237/lib/cups/notifier/dbus dbus://
   2772 snap_da+  20   0   14484   4216   3524 S   0.0   0.1   0:00.00 /snap/cups/1237/lib/cups/notifier/dbus dbus://
   2773 snap_da+  20   0   14484   4272   3576 S   0.0   0.1   0:00.00 /snap/cups/1237/lib/cups/notifier/dbus dbus://
   2774 snap_da+  20   0   14484   4636   3932 S   0.0   0.1   0:00.00 /snap/cups/1237/lib/cups/notifier/dbus dbus://
   2781 root      20   0  260796  17948  13524 S   0.0   0.2   0:00.46 cups-browsed -c /var/snap/cups/common/etc/cups/cups-browsed.conf
   3356 root      20   0   18536   9044   7116 S   0.0   0.1   0:00.03 sshd: fcsl [priv]
   3413 fcsl      20   0   18984   7780   5556 S   0.0   0.1   0:00.42 sshd: fcsl@pts/0
   3414 fcsl      20   0   15168   8696   3028 S   0.0   0.1   0:00.15 -bash
   3656 root      20   0   18536   9052   7124 S   0.0   0.1   0:00.02 sshd: fcsl [priv]
   3699 fcsl      20   0   18984   7800   5576 S   0.0   0.1   0:00.01 sshd: fcsl@pts/1
   3700 fcsl      20   0   15168   8568   2900 S   0.0   0.1   0:00.11 -bash
   3956 root      20   0   18536   9052   7124 S   0.0   0.1   0:00.03 sshd: fcsl [priv]
   3986 fcsl      20   0   18984   7800   5576 S   0.0   0.1   0:00.24 sshd: fcsl@pts/2
   3987 fcsl      20   0   15168   8564   2900 S   0.0   0.1   0:00.06 -bash
   4340 fcsl      20   0  421744  28484  20708 S   0.0   0.4   0:00.18 update-notifier
   5745 root      20   0       0      0      0 I   0.0   0.0   0:00.00 [kworker/5:0-events]
   5746 root      20   0       0      0      0 I   0.0   0.0   0:00.14 [kworker/0:0-events]
   5789 root      20   0   18536   9056   7128 S   0.0   0.1   0:00.03 sshd: fcsl [priv]
   5818 fcsl      20   0    9792   2976   2680 S   0.0   0.0   0:00.00 -bash
   5821 fcsl      20   0    2440   1568   1348 S   0.0   0.0   0:00.00 sh
   5892 fcsl      20   0   42184   8676   6928 S   0.0   0.1   0:00.04 /home/fcsl/.vscode-server/code-6a49527b96e326fe62fbdb56f60e16877c9aa724 --cli-data-dir /home/fcsl/.vscode-server/cli agent host
   5913 fcsl      20   0    2328    816    732 S   0.0   0.0   0:00.00 sh /home/fcsl/.vscode-server/cli/servers/Stable-6a49527b96e326fe62fbdb56f60e16877c9aa724/server/bin/code-server --connection-token=remotessh --accept-server-license-terms --agent-host-bridge-port=41459 --agent-host-bridge-host=127.0.0.1 --agent-host-bridge-connection-token=03adc759-cc11-482d-a5c4-3d1cf335af96 --start-server --enable-remote-auto-shutdown --socket-path=/tmp/code-9639163c-fbe7-4e2e-8b21-e167c70142b5
   6192 fcsl      20   0  952820  70140  41896 S   0.0   0.9   0:01.92 /home/fcsl/.vscode-server/cli/servers/Stable-6a49527b96e326fe62fbdb56f60e16877c9aa724/server/node /home/fcsl/.vscode-server/cli/servers/Stable-6a49527b96e326fe62fbdb56f60e16877c9aa724/server/out/bootstrap-fork --type=ptyHost --logsPath /home/fcsl/.vscode-server/data/logs/20260817T111943
   6410 root      20   0       0      0      0 I   0.0   0.0   0:00.00 [kworker/1:0-events]
   7080 fcsl      20   0  405524  74872  63060 S   0.0   1.0   0:01.33 /home/fcsl/.vscode-server/extensions/openai.chatgpt-26.810.52044-linux-arm64/bin/linux-aarch64/codex -c features.code_mode_host=true app-server --analytics-default-enabled
   7182 fcsl      20   0   15216   8668   2972 S   0.0   0.1   0:00.05 /usr/bin/bash --init-file /home/fcsl/.vscode-server/cli/servers/Stable-6a49527b96e326fe62fbdb56f60e16877c9aa724/server/out/vs/workbench/contrib/terminal/common/scripts/shellIntegration-bash.sh
   7850 root      20   0   18536   9060   7132 S   0.0   0.1   0:00.04 sshd: fcsl [priv]
   7878 fcsl      20   0   18824   7676   5580 S   0.0   0.1   0:00.02 sshd: fcsl@pts/6
   7879 fcsl      20   0   15168   8708   3036 S   0.0   0.1   0:00.15 -bash
   8118 root      20   0   18536   9060   7132 S   0.0   0.1   0:00.04 sshd: fcsl [priv]
   8146 fcsl      20   0   18984   7680   5580 S   0.0   0.1   0:00.02 sshd: fcsl@pts/8
   8147 fcsl      20   0   15168   8708   3032 S   0.0   0.1   0:00.15 -bash
   8386 root      20   0   18536   9060   7132 S   0.0   0.1   0:00.04 sshd: fcsl [priv]
   8414 fcsl      20   0   18824   7672   5580 S   0.0   0.1   0:00.01 sshd: fcsl@pts/9
   8415 fcsl      20   0   15168   8640   2964 S   0.0   0.1   0:00.12 -bash
  11747 root      20   0       0      0      0 I   0.0   0.0   0:00.00 [kworker/0:2-events]
  11800 root      20   0   18536   9328   7400 S   0.0   0.1   0:00.04 sshd: fcsl [priv]
  11829 fcsl      20   0   15168   9064   3388 S   0.0   0.1   0:00.37 -bash
  16192 root      20   0       0      0      0 I   0.0   0.0   0:00.07 [kworker/u12:3-devfreq_wq]
  16258 root      20   0       0      0      0 I   0.0   0.0   0:00.00 [kworker/0:1-events]
  16292 root      20   0    8112    764    688 S   0.0   0.0   0:00.00 sleep 300
  16331 root      20   0       0      0      0 I   0.0   0.0   0:00.04 [kworker/u12:0-events_freezable_power_]
  19240 fcsl      20   0  206192  31704  14596 S   0.0   0.4   0:00.55 /home/fcsl/miniforge3/envs/thirdimpact/bin/python /home/fcsl/miniforge3/envs/thirdimpact/bin/ros2 run joy joy_node
  19545 fcsl      20   0    8112    780    704 S   0.0   0.0   0:00.00 sleep 180
  19546 fcsl      20   0   10072   3092   2780 S   0.0   0.0   0:00.00 bash ./cpu_profile.sh

top - 11:35:08 up 22 min,  8 users,  load average: 9.82, 4.90, 4.05
Tasks: 408 total,  14 running, 394 sleeping,   0 stopped,   0 zombie
%Cpu(s): 89.0 us,  7.4 sy,  0.0 ni,  0.3 id,  0.0 wa,  1.3 hi,  1.9 si,  0.0 st
MiB Mem :   7607.4 total,   1607.4 free,   3592.8 used,   2407.2 buff/cache
MiB Swap:   3803.7 total,   3803.2 free,      0.5 used.   3744.0 avail Mem 

    PID USER      PR  NI    VIRT    RES    SHR S  %CPU  %MEM     TIME+ COMMAND
  19336 fcsl      20   0 1447952 110172  42476 R  50.0   1.4   0:11.51 /home/fcsl/miniforge3/envs/thirdimpact/bin/python3.12 /home/fcsl/roboracer_ws/install/state_machine/lib/state_machine/state_machine --ros-args -r __node:=state_machine --params-file /home/fcsl/roboracer_ws/install/stack_master/share/stack_master/config/state_machine_params.yaml --params-file /tmp/launch_params_biwnb6d6 --params-file /tmp/launch_params_30za9fdy --params-file /tmp/launch_params_f2pjkjd6 --params-file /tmp/launch_params_v+
  19358 fcsl      20   0 1478356 107388  42672 R  44.7   1.4   0:10.52 /home/fcsl/miniforge3/envs/thirdimpact/bin/python3.12 /home/fcsl/roboracer_ws/install/controller/lib/controller/controller_manager --ros-args -r __node:=controller_manager --params-file /home/fcsl/roboracer_ws/install/stack_master/share/stack_master/config/controller.yaml --params-file /tmp/launch_params_rteop0df --params-file /tmp/launch_params_fgfbn70d
  19311 fcsl      20   0 1473936 105568  41672 R  43.2   1.4   0:09.28 /home/fcsl/miniforge3/envs/thirdimpact/bin/python3.12 /home/fcsl/roboracer_ws/install/frenet_odom_republisher/lib/frenet_odom_republisher/frenet_odom_republisher_node --ros-args -r __node:=frenet_odom_republisher -r /car_state/frenet/odom:=/car_state/odom_frenet
  19344 fcsl      20   0 1815936 166404  83084 R  36.4   2.1   0:08.86 /home/fcsl/miniforge3/envs/thirdimpact/bin/python3.12 /home/fcsl/roboracer_ws/install/spliner/lib/spliner/static_avoidance_node --ros-args -r __node:=static_avoidance_planner --params-file /home/fcsl/roboracer_ws/install/stack_master/share/stack_master/config/static_avoidance_planner.yaml -r /planner/avoidance/otwpnts:=/planner/avoidance/static_otwpnts
  19346 fcsl      20   0 1873344 219604  90960 R  35.9   2.8   0:10.12 /home/fcsl/miniforge3/envs/thirdimpact/bin/python3.12 /home/fcsl/roboracer_ws/install/lane_change_planner/lib/lane_change_planner/change_avoidance_node --ros-args -r __node:=planner_change --params-file /tmp/launch_params_3lr3b4pe
  19314 fcsl      20   0 1114280  64468  25816 R  35.4   0.8   0:08.18 /home/fcsl/miniforge3/envs/thirdimpact/bin/python3.12 /home/fcsl/roboracer_ws/install/lap_analyser/lib/lap_analyser/lap_analyser --ros-args -r __node:=lap_analyser --params-file /tmp/launch_params_0px3ph6a
  19328 fcsl      20   0 1472000 131200  46628 R  33.5   1.7   0:08.81 python3 /home/fcsl/roboracer_ws/install/perception/lib/perception/tracking_node --ros-args -r __node:=tracking --params-file /home/fcsl/roboracer_ws/install/stack_master/share/stack_master/config/opponent_tracker_params.yaml -r /tracking/obstacles:=/tracking/obstacles
  19340 fcsl      20   0 1847760 190640  87768 R  33.5   2.4   0:09.09 /home/fcsl/miniforge3/envs/thirdimpact/bin/python3.12 /home/fcsl/roboracer_ws/install/recovery_spliner/lib/recovery_spliner/recovery_spliner_node --ros-args -r __node:=recovery_spliner_node
  19281 fcsl      20   0 1455628 117548  41644 S  33.0   1.5   0:08.64 /home/fcsl/miniforge3/envs/thirdimpact/bin/python3.12 /home/fcsl/roboracer_ws/install/gb_optimizer/lib/gb_optimizer/global_trajectory_publisher --ros-args -r __node:=global_republisher --params-file /tmp/launch_params_lsq8407e
  19342 fcsl      20   0 1847704 190596  87764 R  32.5   2.4   0:09.11 /home/fcsl/miniforge3/envs/thirdimpact/bin/python3.12 /home/fcsl/roboracer_ws/install/spliner/lib/spliner/start_spline_node_v2 --ros-args -r __node:=start_planner
  19352 fcsl      20   0 1592912 108816  42116 R  32.5   1.4   0:07.11 python3 /home/fcsl/roboracer_ws/install/gp_traj_predictor/lib/gp_traj_predictor/opponent_trajectory --ros-args -r __node:=OpponentHalflap
  19356 fcsl      20   0 1118620  67380  27292 R  31.6   0.9   0:06.22 python3 /home/fcsl/roboracer_ws/install/gp_traj_predictor/lib/gp_traj_predictor/opp_prediction --ros-args -r __node:=opponent_propagation_predictor
  19350 fcsl      20   0 1115220  65752  25644 R  28.6   0.8   0:05.31 /home/fcsl/miniforge3/envs/thirdimpact/bin/python3.12 /home/fcsl/roboracer_ws/install/lane_change_planner/lib/lane_change_planner/update_waypoints --ros-args -r __node:=waypoint_updater
  19251 fcsl      20   0  868124  49804  36540 R  26.2   0.6   0:08.12 /home/fcsl/roboracer_ws/install/kiss_icp_localization/lib/kiss_icp_localization/localization_node --ros-args -r __node:=kiss_icp_localization --params-file /home/fcsl/roboracer_ws/install/stack_master/share/stack_master/config/kiss.yaml --params-file /tmp/launch_params_kkza55sc --params-file /tmp/launch_params_bk6s3os3
  19230 fcsl      20   0 1106708  60188  24440 S  15.5   0.8   0:03.97 python3 /home/fcsl/roboracer_ws/install/stack_master/lib/stack_master/simple_mux_node.py --ros-args -r __node:=simple_mux --params-file /home/fcsl/roboracer_ws/install/stack_master/share/stack_master/config/CAR/vehicle_config.yaml --params-file /tmp/launch_params_pywsh3_8 --params-file /tmp/launch_params_yk3h0muz --params-file /tmp/launch_params_uihzw7ry --params-file /tmp/launch_params_5fc12uzq --params-file /tmp/launch_params_nd2qw0hk
  19297 fcsl      20   0 1520296 109624  42496 S  13.1   1.4   0:04.32 /home/fcsl/miniforge3/envs/thirdimpact/bin/python3.12 /home/fcsl/roboracer_ws/install/overtaking_sector_tuner/lib/overtaking_sector_tuner/ot_interpolator --ros-args -r __node:=ot_sector_tuner --params-file /home/fcsl/roboracer_ws/install/stack_master/share/stack_master/maps/0815test3/ot_sectors.yaml --params-file /tmp/launch_params_ti68gs7d
  19216 fcsl      20   0  882452  23352  13904 S   7.3   0.3   0:02.10 /home/fcsl/roboracer_ws/install/vesc_driver/lib/vesc_driver/vesc_driver_node --ros-args -r __node:=vesc_driver_node -r __ns:=/vesc --params-file /home/fcsl/roboracer_ws/install/stack_master/share/stack_master/config/CAR/vehicle_config.yaml
  19326 fcsl      20   0 1126000  54404  33796 S   6.8   0.7   0:01.92 /home/fcsl/roboracer_ws/install/perception/lib/perception/detect --ros-args -r __node:=detect --params-file /home/fcsl/roboracer_ws/install/stack_master/share/stack_master/config/opponent_tracker_params.yaml --params-file /tmp/launch_params_gk8q2zkj
  19213 fcsl      20   0 2285720  52248  16816 S   5.3   0.7   0:03.97 /home/fcsl/miniforge3/envs/thirdimpact/bin/python /home/fcsl/miniforge3/envs/thirdimpact/bin/ros2 launch stack_master race.launch.xml map:=0815test3
   6720 fcsl      20   0   42.1g 668856  59704 S   4.4   8.6   1:04.05 /home/fcsl/.vscode-server/cli/servers/Stable-6a49527b96e326fe62fbdb56f60e16877c9aa724/server/node --dns-result-order=ipv4first /home/fcsl/.vscode-server/cli/servers/Stable-6a49527b96e326fe62fbdb56f60e16877c9aa724/server/out/bootstrap-fork --type=extensionHost --transformURIs --useHostProxy=false
  19561 fcsl      20   0  823792  26624  16644 S   3.9   0.3   0:01.34 /home/fcsl/miniforge3/envs/thirdimpact/lib/joy/joy_node
  19289 fcsl      20   0 1118656  67452  26820 S   2.9   0.9   0:01.94 /home/fcsl/miniforge3/envs/thirdimpact/bin/python3.12 /home/fcsl/roboracer_ws/install/sector_tuner/lib/sector_tuner/sector_tuner --ros-args -r __node:=speed_sector_tuner --params-file /home/fcsl/roboracer_ws/install/stack_master/share/stack_master/maps/0815test3/speed_scaling.yaml --params-file /tmp/launch_params_kwlnquqh
  19222 fcsl      20   0  817464  21696  14172 S   2.4   0.3   0:00.97 /home/fcsl/roboracer_ws/install/urg_node/lib/urg_node/urg_node_driver --ros-args -r __node:=urg_node --params-file /home/fcsl/roboracer_ws/install/stack_master/share/stack_master/config/CAR/vehicle_config.yaml -r /scan:=/scan
  19354 fcsl      20   0 1085540 142500  48776 S   2.4   1.8   0:03.52 python3 /home/fcsl/roboracer_ws/install/gp_traj_predictor/lib/gp_traj_predictor/gaussian_process_opp_traj --ros-args -r __node:=GP_trajectory
  19247 fcsl      20   0  817644  25596  17424 S   1.9   0.3   0:00.78 /home/fcsl/miniforge3/envs/thirdimpact/lib/nav2_lifecycle_manager/lifecycle_manager --ros-args -r __node:=lifecycle_manager_localization --params-file /tmp/launch_params_gzsj1u13 --params-file /tmp/launch_params_7txkr4rh --params-file /tmp/launch_params_ojdu_5r1
  19249 fcsl      20   0  721960  34992  21568 S   1.9   0.4   0:00.81 /home/fcsl/miniforge3/envs/thirdimpact/lib/nav2_map_server/map_server --ros-args -r __node:=map_server --params-file /tmp/launch_params_7an6qmh_ --params-file /tmp/launch_params_3pildy1p --params-file /tmp/launch_params_bxv9_bd6 --params-file /tmp/launch_params_3ypbuy35
   5868 fcsl      20   0   45844  12856   8268 S   1.5   0.2   0:11.57 /home/fcsl/.vscode-server/code-6a49527b96e326fe62fbdb56f60e16877c9aa724 command-shell --cli-data-dir /home/fcsl/.vscode-server/cli --parent-process-id 5821 --on-host=127.0.0.1 --on-port
  19220 fcsl      20   0  663144  22044  14644 S   1.5   0.3   0:00.74 /home/fcsl/roboracer_ws/install/vesc_ackermann/lib/vesc_ackermann/vesc_to_odom_node --ros-args -r __node:=vesc_to_odom_node -r __ns:=/vesc --params-file /home/fcsl/roboracer_ws/install/stack_master/share/stack_master/config/CAR/vehicle_config.yaml
  19224 fcsl      20   0 1113316  63836  25836 S   1.5   0.8   0:01.20 python3 /home/fcsl/roboracer_ws/install/stack_master/lib/stack_master/static_tf_publisher.py --ros-args -r __node:=static_tf_publisher --params-file /home/fcsl/roboracer_ws/install/stack_master/share/stack_master/config/CAR/static_transforms.yaml
  19307 fcsl      20   0 1439676 103844  40816 S   1.5   1.3   0:02.26 /home/fcsl/miniforge3/envs/thirdimpact/bin/python3.12 /home/fcsl/roboracer_ws/install/frenet_conversion_server/lib/frenet_conversion_server/frenet_conversion_server_node --ros-args -r __node:=frenet_conversion_server_node --params-file /tmp/launch_params_1_pyfy3w
  19553 fcsl      20   0   12120   3496   2676 R   1.5   0.0   0:00.34 top -b -c -w 512 -d 2
   5817 fcsl      20   0   19504   8220   5580 S   1.0   0.1   0:07.79 sshd: fcsl@notty
  11828 fcsl      20   0   18824   8292   6100 S   1.0   0.1   0:00.48 sshd: fcsl@pts/5
  19218 fcsl      20   0  663148  21616  14464 S   1.0   0.3   0:00.54 /home/fcsl/roboracer_ws/install/vesc_ackermann/lib/vesc_ackermann/ackermann_to_vesc_node --ros-args -r __node:=ackermann_to_vesc_node -r __ns:=/vesc --params-file /home/fcsl/roboracer_ws/install/stack_master/share/stack_master/config/CAR/vehicle_config.yaml
  19245 fcsl      20   0 1106328  62568  24328 S   1.0   0.8   0:01.18 python3 /home/fcsl/roboracer_ws/install/stack_master/lib/stack_master/map_relay_node.py --ros-args -r __node:=map_relay_node
     14 root      20   0       0      0      0 S   0.5   0.0   0:00.72 [ksoftirqd/0]
     95 root      20   0       0      0      0 I   0.5   0.0   0:00.49 [kworker/u12:2-events_unbound]
    273 root      20   0       0      0      0 I   0.5   0.0   0:00.48 [kworker/u12:8-events_unbound]
    320 root      20   0   23808   5888   3448 S   0.5   0.1   0:05.12 /lib/systemd/systemd-udevd
    931 root      20   0       0      0      0 S   0.5   0.0   0:01.08 [nvgpu_channel_p]
   6731 fcsl      20   0  997088  80596  41996 S   0.5   1.0   0:07.41 /home/fcsl/.vscode-server/cli/servers/Stable-6a49527b96e326fe62fbdb56f60e16877c9aa724/server/node /home/fcsl/.vscode-server/cli/servers/Stable-6a49527b96e326fe62fbdb56f60e16877c9aa724/server/out/bootstrap-fork --type=fileWatcher
      1 root      20   0  167496  11476   7176 S   0.0   0.1   0:03.45 /sbin/init 2
      2 root      20   0       0      0      0 S   0.0   0.0   0:00.01 [kthreadd]
      3 root       0 -20       0      0      0 I   0.0   0.0   0:00.00 [rcu_gp]
      4 root       0 -20       0      0      0 I   0.0   0.0   0:00.00 [rcu_par_gp]
      5 root       0 -20       0      0      0 I   0.0   0.0   0:00.00 [slub_flushwq]
      6 root       0 -20       0      0      0 I   0.0   0.0   0:00.00 [netns]
      8 root       0 -20       0      0      0 I   0.0   0.0   0:00.00 [kworker/0:0H-events_highpri]
     10 root       0 -20       0      0      0 I   0.0   0.0   0:00.00 [mm_percpu_wq]
     11 root      20   0       0      0      0 S   0.0   0.0   0:00.00 [rcu_tasks_kthre]
     12 root      20   0       0      0      0 S   0.0   0.0   0:00.00 [rcu_tasks_rude_]
     13 root      20   0       0      0      0 S   0.0   0.0   0:00.00 [rcu_tasks_trace]
     15 root      20   0       0      0      0 I   0.0   0.0   0:00.36 [rcu_preempt]
     16 root      rt   0       0      0      0 S   0.0   0.0   0:00.00 [migration/0]
     17 root      20   0       0      0      0 S   0.0   0.0   0:00.00 [cpuhp/0]
     18 root      20   0       0      0      0 S   0.0   0.0   0:00.00 [cpuhp/1]
     19 root      rt   0       0      0      0 S   0.0   0.0   0:00.00 [migration/1]
     20 root      20   0       0      0      0 S   0.0   0.0   0:00.14 [ksoftirqd/1]
     22 root       0 -20       0      0      0 I   0.0   0.0   0:00.00 [kworker/1:0H-events_highpri]
     23 root      20   0       0      0      0 S   0.0   0.0   0:00.00 [cpuhp/2]
     24 root      rt   0       0      0      0 S   0.0   0.0   0:00.00 [migration/2]
     25 root      20   0       0      0      0 S   0.0   0.0   0:00.15 [ksoftirqd/2]
     27 root       0 -20       0      0      0 I   0.0   0.0   0:00.00 [kworker/2:0H-kblockd]
     28 root      20   0       0      0      0 S   0.0   0.0   0:00.00 [cpuhp/3]
     29 root      rt   0       0      0      0 S   0.0   0.0   0:00.00 [migration/3]
     30 root      20   0       0      0      0 S   0.0   0.0   0:00.18 [ksoftirqd/3]
     31 root      20   0       0      0      0 I   0.0   0.0   0:00.07 [kworker/3:0-mm_percpu_wq]
     32 root       0 -20       0      0      0 I   0.0   0.0   0:00.00 [kworker/3:0H-events_highpri]
     33 root      20   0       0      0      0 S   0.0   0.0   0:00.00 [cpuhp/4]
     34 root      rt   0       0      0      0 S   0.0   0.0   0:00.00 [migration/4]
     35 root      20   0       0      0      0 S   0.0   0.0   0:00.15 [ksoftirqd/4]
     37 root       0 -20       0      0      0 I   0.0   0.0   0:00.00 [kworker/4:0H-events_highpri]
     38 root      20   0       0      0      0 S   0.0   0.0   0:00.00 [cpuhp/5]
     39 root      rt   0       0      0      0 S   0.0   0.0   0:00.00 [migration/5]
     40 root      20   0       0      0      0 S   0.0   0.0   0:00.13 [ksoftirqd/5]
     42 root       0 -20       0      0      0 I   0.0   0.0   0:00.00 [kworker/5:0H-events_highpri]
     43 root      20   0       0      0      0 S   0.0   0.0   0:00.00 [kdevtmpfs]
     44 root       0 -20       0      0      0 I   0.0   0.0   0:00.00 [inet_frag_wq]
     47 root      20   0       0      0      0 I   0.0   0.0   0:00.01 [kworker/2:1-cgroup_destroy]
     50 root      20   0       0      0      0 I   0.0   0.0   0:00.00 [kworker/4:1-events]
     51 root      20   0       0      0      0 S   0.0   0.0   0:00.00 [kauditd]
     52 root      20   0       0      0      0 S   0.0   0.0   0:00.00 [oom_reaper]
     53 root       0 -20       0      0      0 I   0.0   0.0   0:00.00 [writeback]
     54 root      20   0       0      0      0 S   0.0   0.0   0:00.00 [kcompactd0]
     55 root      25   5       0      0      0 S   0.0   0.0   0:00.00 [ksmd]
     56 root      39  19       0      0      0 S   0.0   0.0   0:00.16 [khugepaged]
     67 root       0 -20       0      0      0 I   0.0   0.0   0:00.00 [cryptd]
     86 root       0 -20       0      0      0 I   0.0   0.0   0:00.00 [kintegrityd]
     87 root       0 -20       0      0      0 I   0.0   0.0   0:00.00 [kblockd]
     88 root       0 -20       0      0      0 I   0.0   0.0   0:00.00 [blkcg_punt_bio]
     89 root       0 -20       0      0      0 I   0.0   0.0   0:00.00 [tpm_dev_wq]
     90 root       0 -20       0      0      0 I   0.0   0.0   0:00.00 [ata_sff]
     91 root       0 -20       0      0      0 I   0.0   0.0   0:00.00 [edac-poller]
     92 root       0 -20       0      0      0 I   0.0   0.0   0:00.00 [devfreq_wq]
     93 root     -51   0       0      0      0 S   0.0   0.0   0:00.00 [watchdogd]
     94 root      20   0       0      0      0 I   0.0   0.0   0:00.69 [kworker/u12:1-events_freezable_power_]
     96 root       0 -20       0      0      0 I   0.0   0.0   0:00.00 [kworker/0:1H-kblockd]
     97 root       0 -20       0      0      0 I   0.0   0.0   0:00.00 [rpciod]
     98 root       0 -20       0      0      0 I   0.0   0.0   0:00.03 [kworker/u13:0-hci0]
     99 root       0 -20       0      0      0 I   0.0   0.0   0:00.00 [xprtiod]
    127 root      20   0       0      0      0 S   0.0   0.0   0:00.36 [kswapd0]
    128 root       0 -20       0      0      0 I   0.0   0.0   0:00.00 [nfsiod]
    132 root       0 -20       0      0      0 I   0.0   0.0   0:00.00 [vfio-irqfd-clea]
    133 root       0 -20       0      0      0 I   0.0   0.0   0:00.00 [bch_btree_io]
    134 root       0 -20       0      0      0 I   0.0   0.0   0:00.00 [bcache]
    135 root       0 -20       0      0      0 I   0.0   0.0   0:00.00 [bch_journal]
    136 root       0 -20       0      0      0 I   0.0   0.0   0:00.00 [dm_bufio_cache]
    138 root      10 -10       0      0      0 S   0.0   0.0   0:00.00 [krfcommd]
    139 root      20   0       0      0      0 S   0.0   0.0   0:00.00 [pr/tty0]
    140 root      20   0       0      0      0 S   0.0   0.0   0:02.86 [pr/ttyTCU0]
    143 root     -51   0       0      0      0 S   0.0   0.0   0:00.00 [irq/114-3160000]
    145 root     -51   0       0      0      0 S   0.0   0.0   0:00.00 [irq/115-3180000]
    146 root      20   0       0      0      0 I   0.0   0.0   0:00.38 [kworker/1:3-mm_percpu_wq]
    147 root     -51   0       0      0      0 S   0.0   0.0   0:00.00 [irq/116-31b0000]
    148 root     -51   0       0      0      0 S   0.0   0.0   0:00.00 [irq/167-c240000]
    149 root     -51   0       0      0      0 S   0.0   0.0   0:00.00 [irq/168-c250000]
    150 root     -51   0       0      0      0 S   0.0   0.0   0:00.00 [irq/125-3610000]
    151 root     -51   0       0      0      0 S   0.0   0.0   0:00.00 [irq/122-3610000]
    152 root      20   0       0      0      0 I   0.0   0.0   0:00.03 [kworker/5:3-mm_percpu_wq]
    153 root       0 -20       0      0      0 I   0.0   0.0   0:00.00 [sdhci]
    154 root     -51   0       0      0      0 S   0.0   0.0   0:00.00 [irq/120-mmc0]
    155 root     -51   0       0      0      0 S   0.0   0.0   0:00.00 [irq/230-3400000]
    156 root      20   0       0      0      0 I   0.0   0.0   0:00.06 [kworker/2:2-mm_percpu_wq]
    173 root       0 -20       0      0      0 I   0.0   0.0   0:00.00 [kworker/1:1H-kblockd]
    174 root      20   0       0      0      0 I   0.0   0.0   0:00.00 [kworker/3:2-mm_percpu_wq]
    179 root     -51   0       0      0      0 S   0.0   0.0   0:00.00 [irq/191-tegra-p]
    180 root       0 -20       0      0      0 I   0.0   0.0   0:00.00 [nvme-wq]
    181 root       0 -20       0      0      0 I   0.0   0.0   0:00.00 [nvme-reset-wq]
    182 root       0 -20       0      0      0 I   0.0   0.0   0:00.00 [nvme-delete-wq]
    191 root     -51   0       0      0      0 S   0.0   0.0   0:00.00 [irq/191-aerdrv]
    192 root     -51   0       0      0      0 S   0.0   0.0   0:00.00 [irq/193-tegra-p]
    195 root     -51   0       0      0      0 S   0.0   0.0   0:00.00 [irq/193-aerdrv]
    196 root     -51   0       0      0      0 S   0.0   0.0   0:00.00 [irq/195-tegra-p]
    198 root     -51   0       0      0      0 S   0.0   0.0   0:00.00 [irq/232-nvme0q0]
    199 root     -51   0       0      0      0 S   0.0   0.0   0:00.23 [irq/233-nvme0q1]
    200 root     -51   0       0      0      0 S   0.0   0.0   0:00.32 [irq/234-nvme0q2]
    201 root     -51   0       0      0      0 S   0.0   0.0   0:00.18 [irq/235-nvme0q3]
    202 root     -51   0       0      0      0 S   0.0   0.0   0:00.22 [irq/236-nvme0q4]
    203 root     -51   0       0      0      0 S   0.0   0.0   0:00.06 [irq/237-nvme0q5]
    204 root     -51   0       0      0      0 S   0.0   0.0   0:00.06 [irq/238-nvme0q6]
    205 root      20   0       0      0      0 I   0.0   0.0   0:00.50 [kworker/u12:4-events_freezable_power_]
    209 root      20   0       0      0      0 S   0.0   0.0   0:00.13 [jbd2/nvme0n1p1-]
    210 root       0 -20       0      0      0 I   0.0   0.0   0:00.00 [ext4-rsv-conver]
    211 root       0 -20       0      0      0 I   0.0   0.0   0:00.00 [kworker/2:1H-kblockd]
    220 root       0 -20       0      0      0 I   0.0   0.0   0:00.00 [mld]
    221 root       0 -20       0      0      0 I   0.0   0.0   0:00.00 [kworker/3:1H-kblockd]
    222 root       0 -20       0      0      0 I   0.0   0.0   0:00.00 [ipv6_addrconf]
    253 root      19  -1   40524   9664   8044 S   0.0   0.1   0:00.49 /lib/systemd/systemd-journald
    267 root      20   0       0      0      0 I   0.0   0.0   0:00.04 [kworker/4:2-mm_percpu_wq]
    270 root      20   0       0      0      0 I   0.0   0.0   0:00.47 [kworker/u12:5-events_freezable_power_]
    271 root      20   0       0      0      0 I   0.0   0.0   0:00.62 [kworker/u12:6-events_freezable_power_]
    272 root      20   0       0      0      0 I   0.0   0.0   0:00.36 [kworker/u12:7-devfreq_wq]
    283 root      39  19       0      0      0 S   0.0   0.0   0:00.00 [nvmap-bz]
    284 root     -51   0       0      0      0 S   0.0   0.0   0:00.00 [irq/188-host1x_]
    286 root     -51   0       0      0      0 S   0.0   0.0   0:00.00 [irq/197-gk20a_s]
    287 root     -51   0       0      0      0 S   0.0   0.0   0:00.00 [irq/198-gk20a_s]
    288 root     -51   0       0      0      0 S   0.0   0.0   0:00.00 [irq/199-gk20a_s]
    289 root     -51   0       0      0      0 S   0.0   0.0   0:00.00 [irq/200-gk20a_n]
    293 root      20   0    9792   2792   2528 S   0.0   0.0   0:00.00 /bin/bash /etc/systemd/nv-tee-supplicant.sh
    298 root      20   0   76588   1360   1248 S   0.0   0.0   0:00.01 /usr/sbin/tee-supplicant
    299 root       0 -20       0      0      0 I   0.0   0.0   0:00.00 [optee_bus_scan]
    307 root       0 -20       0      0      0 I   0.0   0.0   0:00.00 [kworker/4:1H-kblockd]
    309 root      20   0   24048   6028   3380 S   0.0   0.1   0:02.02 /lib/systemd/systemd-udevd
    310 root      20   0   23744   5080   2712 S   0.0   0.1   0:00.16 /lib/systemd/systemd-udevd
    311 root      20   0   23396   4308   2228 S   0.0   0.1   0:00.12 /lib/systemd/systemd-udevd
    312 root      20   0   23508   4468   2212 S   0.0   0.1   0:00.15 /lib/systemd/systemd-udevd
    313 root      20   0   24528   6416   3228 S   0.0   0.1   0:00.31 /lib/systemd/systemd-udevd
    314 root      20   0   23532   4792   2660 S   0.0   0.1   0:00.24 /lib/systemd/systemd-udevd
    315 root      20   0   23500   5188   3048 S   0.0   0.1   0:00.27 /lib/systemd/systemd-udevd
    316 root      20   0   23520   4608   2452 S   0.0   0.1   0:00.16 /lib/systemd/systemd-udevd
    317 root      20   0   23540   4232   2096 S   0.0   0.1   0:00.14 /lib/systemd/systemd-udevd
    318 root      20   0   23548   4688   2540 S   0.0   0.1   0:00.10 /lib/systemd/systemd-udevd
    321 root      20   0   23396   5028   2908 S   0.0   0.1   0:00.19 /lib/systemd/systemd-udevd
    322 root      20   0   23500   5104   2852 S   0.0   0.1   0:00.18 /lib/systemd/systemd-udevd
    323 root      20   0   23516   4360   2096 S   0.0   0.1   0:00.16 /lib/systemd/systemd-udevd
    324 root      20   0   23520   4748   2480 S   0.0   0.1   0:00.18 /lib/systemd/systemd-udevd
    325 root      20   0   23500   5072   2820 S   0.0   0.1   0:00.20 /lib/systemd/systemd-udevd
    326 root      20   0   23548   4624   2476 S   0.0   0.1   0:00.16 /lib/systemd/systemd-udevd
    327 root      20   0   24548   5496   2292 S   0.0   0.1   0:00.21 /lib/systemd/systemd-udevd
    328 root      20   0   23516   4380   2212 S   0.0   0.1   0:00.13 /lib/systemd/systemd-udevd
    329 root      20   0   23524   4452   2300 S   0.0   0.1   0:00.19 /lib/systemd/systemd-udevd
    330 root      20   0   23524   4592   2440 S   0.0   0.1   0:00.22 /lib/systemd/systemd-udevd
    331 root      20   0   23524   4792   2636 S   0.0   0.1   0:00.14 /lib/systemd/systemd-udevd
    332 root       0 -20       0      0      0 I   0.0   0.0   0:00.00 [kworker/5:1H-kblockd]
    334 root      20   0   23524   4712   2532 S   0.0   0.1   0:00.16 /lib/systemd/systemd-udevd
    336 root      20   0       0      0      0 S   0.0   0.0   0:00.00 [15820000.crypto]
    337 root      20   0       0      0      0 S   0.0   0.0   0:00.00 [15840000.crypto]
    358 root      20   0   23544   4432   2140 S   0.0   0.1   0:00.15 /lib/systemd/systemd-udevd
    359 root      20   0   23524   4288   2096 S   0.0   0.1   0:00.12 /lib/systemd/systemd-udevd
    360 root      20   0   23524   4412   2220 S   0.0   0.1   0:00.14 /lib/systemd/systemd-udevd
    361 root      20   0   23524   5004   2812 S   0.0   0.1   0:00.17 /lib/systemd/systemd-udevd
    362 root      20   0   23524   4832   2644 S   0.0   0.1   0:00.23 /lib/systemd/systemd-udevd
    363 root      20   0   23816   4580   2144 S   0.0   0.1   0:00.15 /lib/systemd/systemd-udevd
    414 root     -51   0       0      0      0 S   0.0   0.0   0:00.00 [irq/219-bc00000]
    415 root      -2   0       0      0      0 S   0.0   0.0   0:00.00 [capture-control]
    416 root      -2   0       0      0      0 S   0.0   0.0   0:00.00 [capture]
    447 root     -51   0       0      0      0 S   0.0   0.0   0:00.00 [irq/189-tegra-p]
    448 root     -51   0       0      0      0 S   0.0   0.0   0:00.00 [irq/240-nvvrs-p]
    449 root     -51   0       0      0      0 S   0.0   0.0   0:00.00 [irq/214-tegra_d]
    450 root     -51   0       0      0      0 S   0.0   0.0   0:00.00 [irq/215-tegra_d]
    451 root       0 -20       0      0      0 I   0.0   0.0   0:00.00 [dce-async-ipc-w]
    452 root      20   0       0      0      0 S   0.0   0.0   0:00.00 [nv_queue]
    453 root      20   0       0      0      0 S   0.0   0.0   0:00.00 [nv_queue]
    454 root     -51   0       0      0      0 S   0.0   0.0   0:00.00 [irq/189-aerdrv]
    524 root       0 -20       0      0      0 I   0.0   0.0   0:00.00 [cfg80211]
    543 root     -51   0       0      0      0 S   0.0   0.0   0:00.00 [irq/118-3210000]
    552 root      20   0       0      0      0 S   0.0   0.0   0:00.00 [spi0]
    554 root     -51   0       0      0      0 S   0.0   0.0   0:00.00 [irq/119-3230000]
    555 root      20   0       0      0      0 S   0.0   0.0   0:00.00 [spi1]
    632 root       0 -20       0      0      0 I   0.0   0.0   0:00.00 [btfwwork]
    670 root       0 -20       0      0      0 I   0.0   0.0   0:00.00 [kworker/u13:2-hci0]
    672 root      20   0    8236   7372   1432 S   0.0   0.1   0:00.30 /usr/sbin/haveged --Foreground --verbose=1
    674 _rpc      20   0    7964   2112   1760 S   0.0   0.0   0:00.00 /sbin/rpcbind -f -w
    681 systemd+  20   0   25544  12588   8156 S   0.0   0.2   0:00.26 /lib/systemd/systemd-resolved
    682 systemd+  20   0   88788   6156   5312 S   0.0   0.1   0:00.08 /lib/systemd/systemd-timesyncd
    728 avahi     20   0    8088   2652   2300 S   0.0   0.0   0:00.08 avahi-daemon: running [ubuntu.local]
    729 root      20   0    9892   4484   4044 S   0.0   0.1   0:00.07 /usr/lib/bluetooth/bluetoothd -d --noplugin=audio,a2dp,avrcp
    730 message+  20   0   11448   5648   3108 S   0.0   0.1   0:01.66 @dbus-daemon --system --address=systemd: --nofork --nopidfile --systemd-activation --syslog-only
    731 root      20   0  263764  20360  14144 S   0.0   0.3   0:01.12 /usr/sbin/NetworkManager --no-daemon
    737 root      20   0   42224  19668   9972 S   0.0   0.3   0:00.14 /usr/bin/python3 /usr/bin/networkd-dispatcher --run-startup-triggers
    744 root      20   0   27644  15072   7804 S   0.0   0.2   0:00.10 python3 /opt/nvidia/pva-allow-2/bin/nvidiaPvaAllowd.py
    749 root      20   0  243232  10120   6268 S   0.0   0.1   0:03.17 /usr/libexec/polkitd --no-debug
    753 root      20   0  240320   8560   5832 S   0.0   0.1   0:00.04 /usr/libexec/power-profiles-daemon
    760 syslog    20   0  222164   8356   3224 S   0.0   0.1   0:00.14 /usr/sbin/rsyslogd -n -iNONE
    762 root      20   0    2240    708    628 S   0.0   0.0   0:00.00 seatd -g video
    767 root      20   0 2145820  48520  24160 S   0.0   0.6   0:04.95 /snap/snapd/current/usr/lib/snapd/snapd
    769 root      20   0  241096   7752   5856 S   0.0   0.1   0:00.80 /usr/libexec/accounts-daemon
    772 root      20   0  236800   5804   5196 S   0.0   0.1   0:00.02 /usr/libexec/switcheroo-control
    773 lp        20   0    2308    112      0 S   0.0   0.0   0:00.00 /usr/sbin/lpd -s
    774 root      20   0   48808   7200   5948 S   0.0   0.1   0:00.19 /lib/systemd/systemd-logind
    778 root      20   0  394856  14472   9176 S   0.0   0.2   0:00.28 /usr/libexec/udisks2/udisksd
    780 root      20   0   16532   9744   7852 S   0.0   0.1   0:00.08 /sbin/wpa_supplicant -u -s -O /run/wpa_supplicant
    800 avahi     20   0    7816    352      0 S   0.0   0.0   0:00.00 avahi-daemon: chroot helper
    816 root      20   0  320884  13460   9472 S   0.0   0.2   0:00.12 /usr/sbin/ModemManager
    818 root      rt   0       0      0      0 S   0.0   0.0   0:00.34 [sugov:0]
    823 root      rt   0       0      0      0 S   0.0   0.0   0:00.30 [sugov:4]
    910 root      20   0    2460   1560   1380 S   0.0   0.0   0:00.40 /usr/sbin/nvfancontrol &
    930 root      20   0       0      0      0 S   0.0   0.0   0:00.00 [sw-quiesce]
    934 root      20   0       0      0      0 S   0.0   0.0   0:00.00 [nvgpu_pg_init_g]
    954 root      20   0       0      0      0 S   0.0   0.0   0:00.00 [nvgpu_clk_arb_p]
    979 root      20   0       0      0      0 S   0.0   0.0   0:01.09 [RTW_CMD_THREAD]
    981 root      20   0       0      0      0 I   0.0   0.0   0:00.32 [kworker/u12:9-events_unbound]
   1016 root      20   0   75936   9728   7908 S   0.0   0.1   0:00.01 /usr/sbin/nvargus-daemon
   1017 root      20   0    9792   2900   2608 S   0.0   0.0   0:00.00 /bin/bash /etc/systemd/nvmemwarning.sh
   1037 root      20   0   22192   1708   1512 S   0.0   0.0   0:00.00 /usr/sbin/nvs-service
   1062 root      20   0    2336    760    672 S   0.0   0.0   0:01.58 /bin/sh /snap/cups/1237/scripts/run-cups-browsed
   1064 root      20   0    2336   1388   1264 S   0.0   0.0   0:01.60 /bin/sh /snap/cups/1237/scripts/run-cupsd
   1065 root      20   0       0      0      0 S   0.0   0.0   0:00.00 [pr/ramoops-1]
   1096 root      20   0 2012952  50020  29076 S   0.0   0.6   0:01.47 /usr/bin/containerd
   1110 root      20   0    9448   2412   2172 S   0.0   0.0   0:00.00 /usr/sbin/cron -f -P
   1136 kernoops  20   0   12820    456      0 S   0.0   0.0   0:00.00 /usr/sbin/kerneloops --test
   1145 root      20   0  241780   8612   6932 S   0.0   0.1   0:00.03 /usr/sbin/gdm3
   1162 kernoops  20   0   12820    452      0 S   0.0   0.0   0:00.00 /usr/sbin/kerneloops
   1164 root      20   0    8144    716    640 S   0.0   0.0   0:00.00 /sbin/agetty -o -p -- \u --keep-baud 115200,57600,38400,9600 ttyGS0 vt220
   1171 root      20   0    8144    724    648 S   0.0   0.0   0:00.00 /sbin/agetty -o -p -- \u --keep-baud 115200,57600,38400,9600 ttyTCU0 vt220
   1210 root      20   0  172548   9532   7592 S   0.0   0.1   0:00.04 gdm-session-worker [pam/gdm-autologin]
   1310 root      20   0    3076    916    804 S   0.0   0.0   0:00.00 /usr/sbin/nvphsd
   1316 root      20   0    3208   1408   1248 S   0.0   0.0   0:00.00 /usr/sbin/nvphsd
   1337 root      20   0 2166840  89332  54988 S   0.0   1.1   0:00.70 /usr/bin/dockerd -H fd:// --containerd=/run/containerd/containerd.sock
   1338 root      20   0   15232   8036   6460 S   0.0   0.1   0:00.02 sshd: /usr/sbin/sshd -D [listener] 0 of 10-100 startups
   1342 root      20   0       0      0      0 S   0.0   0.0   0:00.00 [file-storage]
   1350 fcsl      20   0   18416   9892   7060 S   0.0   0.1   0:00.72 /lib/systemd/systemd --user
   1360 fcsl      20   0  106740   4520      0 S   0.0   0.1   0:00.00 (sd-pam)
   1538 fcsl       9 -11   40232   5728   4620 S   0.0   0.1   0:00.02 /usr/bin/pipewire
   1539 fcsl      20   0   23884   5672   4592 S   0.0   0.1   0:00.08 /usr/bin/pipewire-media-session
   1540 fcsl       9 -11  890556  20284  12116 S   0.0   0.3   0:00.39 /usr/bin/pulseaudio --daemonize=no --log-target=journal
   1545 fcsl      20   0  241000   6164   5312 S   0.0   0.1   0:00.04 /usr/bin/gnome-keyring-daemon --daemonize --login
   1548 rtkit     21   1  153508   1472   1264 S   0.0   0.0   0:00.02 /usr/libexec/rtkit-daemon
   1559 fcsl      20   0  162628   5416   4908 S   0.0   0.1   0:00.00 /usr/libexec/gdm-x-session --run-script env GNOME_SHELL_SESSION_MODE=ubuntu /usr/bin/gnome-session --session=ubuntu
   1561 root      20   0   24.2g  80668  35156 S   0.0   1.0   0:00.52 /usr/lib/xorg/Xorg vt2 -displayfd 3 -auth /run/user/1000/gdm/Xauthority -nolisten tcp -background none -noreset -keeptty -novtswitch -verbose 3
   1564 fcsl      20   0   10132   4876   3144 S   0.0   0.1   0:00.44 /usr/bin/dbus-daemon --session --address=systemd: --nofork --nopidfile --systemd-activation --syslog-only
   1587 root      20   0       0      0      0 S   0.0   0.0   0:00.00 [nvidia-modeset/]
   1588 root      20   0       0      0      0 S   0.0   0.0   0:00.00 [nvidia-modeset/]
   1590 root      20   0       0      0      0 S   0.0   0.0   0:00.00 [nvidia]
   1591 root      20   0       0      0      0 S   0.0   0.0   0:00.00 [nv_queue]
   1729 root      20   0       0      0      0 S   0.0   0.0   0:00.00 [nvidia-drm-nv-t]
   1730 root     -51   0       0      0      0 S   0.0   0.0   0:00.00 [card1-crtc0]
   1731 root     -51   0       0      0      0 S   0.0   0.0   0:00.00 [card1-crtc1]
   1824 fcsl      20   0  225936  13728  11972 S   0.0   0.2   0:00.05 /usr/libexec/gnome-session-binary --session=ubuntu
   1916 fcsl      20   0  309864   6752   6032 S   0.0   0.1   0:00.01 /usr/libexec/at-spi-bus-launcher
   1922 fcsl      20   0    8828   3616   3116 S   0.0   0.0   0:00.01 /usr/bin/dbus-daemon --config-file=/usr/share/defaults/at-spi2/accessibility.conf --nofork --print-address 11 --address=unix:path=/run/user/1000/at-spi/bus_0
   1979 fcsl      20   0   91892   2520   2152 S   0.0   0.0   0:00.00 /usr/libexec/gnome-session-ctl --monitor
   1988 fcsl      20   0  240908   6992   6104 S   0.0   0.1   0:00.03 /usr/libexec/gvfsd
   1996 fcsl      20   0  381064   9284   4640 S   0.0   0.1   0:00.00 /usr/libexec/gvfsd-fuse /run/user/1000/gvfs -f
   1997 fcsl      20   0  596284  17864  12840 S   0.0   0.2   0:00.18 /usr/libexec/gnome-session-binary --systemd-service --session=ubuntu
   2026 fcsl      20   0 3471004 225068  81340 S   0.0   2.9   0:05.96 /usr/bin/gnome-shell
   2040 fcsl      20   0  236356   4876   4440 S   0.0   0.1   0:00.00 /usr/libexec/xdg-permission-store
   2042 fcsl      20   0  584868  17900  13432 S   0.0   0.2   0:00.06 /usr/libexec/gnome-shell-calendar-server
   2051 fcsl      20   0  397280  22796  19136 S   0.0   0.3   0:00.09 /usr/libexec/evolution-source-registry
   2059 root      20   0  242436   7680   6568 S   0.0   0.1   0:00.07 /usr/libexec/upowerd
   2061 fcsl      20   0  600496  38980  29472 S   0.0   0.5   0:00.10 /usr/libexec/goa-daemon
   2068 fcsl      20   0 1321540  31748  23404 S   0.0   0.4   0:00.14 /usr/libexec/evolution-calendar-factory
   2078 fcsl      20   0  341492  12924  11036 S   0.0   0.2   0:00.04 /usr/libexec/goa-identity-service
   2088 fcsl      20   0  156800   4488   4024 S   0.0   0.1   0:00.01 /usr/libexec/dconf-service
   2089 fcsl      20   0  823284  28368  22824 S   0.0   0.4   0:00.08 /usr/libexec/evolution-addressbook-factory
   2105 fcsl      20   0  316604  11380   7284 S   0.0   0.1   0:00.11 /usr/libexec/gvfs-udisks2-volume-monitor
   2113 fcsl      20   0  315332   6412   5548 S   0.0   0.1   0:00.04 /usr/libexec/gvfs-afc-volume-monitor
   2118 fcsl      20   0  238096   6272   5500 S   0.0   0.1   0:00.01 /usr/libexec/gvfs-gphoto2-volume-monitor
   2122 fcsl      20   0  236772   4692   4232 S   0.0   0.1   0:00.01 /usr/libexec/gvfs-mtp-volume-monitor
   2126 fcsl      20   0  236900   7852   5228 S   0.0   0.1   0:00.01 /usr/libexec/gvfs-goa-volume-monitor
   2130 root      20   0  376544  64972  16884 S   0.0   0.8   0:10.29 /usr/libexec/packagekitd
   2138 fcsl      20   0  315228   9344   6144 S   0.0   0.1   0:00.02 /usr/libexec/gvfsd-trash --spawner :1.19 /org/gtk/gvfs/exec_spaw/0
   2165 fcsl      20   0  477596  12872  10592 S   0.0   0.2   0:00.13 /usr/libexec/xdg-desktop-portal
   2175 fcsl      20   0  463504   8420   5632 S   0.0   0.1   0:00.02 /usr/libexec/xdg-document-portal
   2178 fcsl      20   0 2804936  27172  20292 S   0.0   0.3   0:00.09 /usr/bin/gjs /usr/share/gnome-shell/org.gnome.Shell.Notifications
   2182 root      20   0    2232    696    620 S   0.0   0.0   0:00.00 fusermount3 -o rw,nosuid,nodev,fsname=portal,auto_unmount,subtype=portal -- /run/user/1000/doc
   2186 fcsl      20   0  163152   7096   6328 S   0.0   0.1   0:00.01 /usr/libexec/at-spi2-registryd --use-gnome-session
   2187 fcsl      20   0  715372  51180  31356 S   0.0   0.7   0:00.26 /usr/libexec/xdg-desktop-portal-gnome
   2201 fcsl      20   0    2328    836    748 S   0.0   0.0   0:00.00 sh -c /usr/bin/ibus-daemon --panel disable $([ "$XDG_SESSION_TYPE" = "x11" ] && echo "--xim")
   2202 fcsl      20   0  310888   7992   5380 S   0.0   0.1   0:00.01 /usr/libexec/gsd-a11y-settings
   2203 fcsl      20   0  603376  28568  18872 S   0.0   0.4   0:00.19 /usr/libexec/gsd-color
   2207 fcsl      20   0  379084  16400  12388 S   0.0   0.2   0:00.03 /usr/libexec/gsd-datetime
   2209 fcsl      20   0  315524  13140   6156 S   0.0   0.2   0:00.09 /usr/bin/ibus-daemon --panel disable --xim
   2210 fcsl      20   0  312464   8500   5808 S   0.0   0.1   0:00.06 /usr/libexec/gsd-housekeeping
   2212 fcsl      20   0  418272  25220  16048 S   0.0   0.3   0:00.15 /usr/libexec/gsd-keyboard
   2213 fcsl      20   0  934772  29676  19672 S   0.0   0.4   0:00.19 /usr/libexec/gsd-media-keys
   2214 fcsl      20   0  528832  26228  18632 S   0.0   0.3   0:00.18 /usr/libexec/gsd-power
   2216 fcsl      20   0  324816   9584   8232 S   0.0   0.1   0:00.01 /usr/libexec/gsd-print-notifications
   2219 fcsl      20   0  458476   6000   5344 S   0.0   0.1   0:00.02 /usr/libexec/gsd-rfkill
   2222 fcsl      20   0  236616   4660   4280 S   0.0   0.1   0:00.00 /usr/libexec/gsd-screensaver-proxy
   2226 fcsl      20   0  467192   9032   6824 S   0.0   0.1   0:00.07 /usr/libexec/gsd-sharing
   2228 fcsl      20   0  460576   9164   6256 S   0.0   0.1   0:00.01 /usr/libexec/gsd-smartcard
   2233 fcsl      20   0  320568   8140   7112 S   0.0   0.1   0:00.01 /usr/libexec/gsd-sound
   2242 fcsl      20   0  344860  23456  16012 S   0.0   0.3   0:00.17 /usr/libexec/gsd-wacom
   2247 fcsl      20   0  656864  90552  49008 S   0.0   1.2   0:03.98 /usr/bin/gnome-software --gapplication-service
   2248 fcsl      20   0  346536  27696  17768 S   0.0   0.4   0:00.20 /usr/libexec/gsd-xsettings
   2254 fcsl      20   0  842664  65920  47764 S   0.0   0.8   0:00.32 /usr/libexec/evolution-data-server/evolution-alarm-notify
   2278 fcsl      20   0  237728   6576   5956 S   0.0   0.1   0:00.00 /usr/libexec/ibus-dconf
   2289 fcsl      20   0  275472  27360  16048 S   0.0   0.4   0:01.55 /usr/libexec/ibus-extension-gtk3
   2301 fcsl      20   0  232212   6712   5028 S   0.0   0.1   0:00.02 /usr/libexec/gsd-disk-utility-notify
   2302 fcsl      20   0  196992  23344  16300 S   0.0   0.3   0:00.15 /usr/libexec/ibus-x11 --kill-daemon
   2316 fcsl      20   0  512948  41308  23256 S   0.0   0.5   0:00.93 python3 /usr/share/nvpmodel_indicator/nvpmodel_indicator.py
   2317 fcsl      20   0  237616   6672   6068 S   0.0   0.1   0:00.02 /usr/libexec/ibus-portal
   2353 fcsl      20   0  345756  14420  10528 S   0.0   0.2   0:00.02 /usr/libexec/gsd-printer
   2377 colord    20   0  246112  11944   8192 S   0.0   0.2   0:00.16 /usr/libexec/colord
   2462 root      20   0  404236  43620  34000 S   0.0   0.6   0:00.57 /usr/libexec/fwupd/fwupd
   2498 fcsl      20   0 2739436  27332  20372 S   0.0   0.4   0:00.09 /usr/bin/gjs /usr/share/gnome-shell/org.gnome.ScreenSaver
   2511 fcsl      20   0  511640  20804   3160 S   0.0   0.3   0:00.00 python3 /usr/share/nvpmodel_indicator/nvpmodel_indicator.py
   2512 fcsl      20   0  511640  20804   3160 S   0.0   0.3   0:00.00 python3 /usr/share/nvpmodel_indicator/nvpmodel_indicator.py
   2513 fcsl      20   0  511640  20804   3160 S   0.0   0.3   0:00.00 python3 /usr/share/nvpmodel_indicator/nvpmodel_indicator.py
   2514 fcsl      20   0  511640  20804   3160 S   0.0   0.3   0:00.00 python3 /usr/share/nvpmodel_indicator/nvpmodel_indicator.py
   2515 fcsl      20   0  511640  20804   3160 S   0.0   0.3   0:00.00 python3 /usr/share/nvpmodel_indicator/nvpmodel_indicator.py
   2516 fcsl      20   0  511640  20804   3160 S   0.0   0.3   0:00.00 python3 /usr/share/nvpmodel_indicator/nvpmodel_indicator.py
   2517 fcsl      20   0  511640  20804   3160 S   0.0   0.3   0:00.00 python3 /usr/share/nvpmodel_indicator/nvpmodel_indicator.py
   2518 fcsl      20   0  511640  20804   3160 S   0.0   0.3   0:00.00 python3 /usr/share/nvpmodel_indicator/nvpmodel_indicator.py
   2520 fcsl      20   0  511652  20848   3160 S   0.0   0.3   0:00.00 python3 /usr/share/nvpmodel_indicator/nvpmodel_indicator.py
   2521 fcsl      20   0  511652  20848   3160 S   0.0   0.3   0:00.00 python3 /usr/share/nvpmodel_indicator/nvpmodel_indicator.py
   2523 fcsl      20   0  511652  20848   3160 S   0.0   0.3   0:00.00 python3 /usr/share/nvpmodel_indicator/nvpmodel_indicator.py
   2524 fcsl      20   0  511652  20848   3160 S   0.0   0.3   0:00.00 python3 /usr/share/nvpmodel_indicator/nvpmodel_indicator.py
   2525 fcsl      20   0  511652  20848   3160 S   0.0   0.3   0:00.00 python3 /usr/share/nvpmodel_indicator/nvpmodel_indicator.py
   2526 fcsl      20   0  511652  20848   3160 S   0.0   0.3   0:00.00 python3 /usr/share/nvpmodel_indicator/nvpmodel_indicator.py
   2527 fcsl      20   0  511652  20848   3160 S   0.0   0.3   0:00.00 python3 /usr/share/nvpmodel_indicator/nvpmodel_indicator.py
   2528 fcsl      20   0  511652  20848   3160 S   0.0   0.3   0:00.00 python3 /usr/share/nvpmodel_indicator/nvpmodel_indicator.py
   2529 fcsl      20   0  511652  21360   3648 S   0.0   0.3   0:00.99 python3 /usr/share/nvpmodel_indicator/nvpmodel_indicator.py
   2531 fcsl      20   0  511652  20852   3160 S   0.0   0.3   0:00.00 python3 /usr/share/nvpmodel_indicator/nvpmodel_indicator.py
   2532 fcsl      20   0  511652  20852   3160 S   0.0   0.3   0:00.00 python3 /usr/share/nvpmodel_indicator/nvpmodel_indicator.py
   2558 fcsl      20   0  238820  11516   6280 S   0.0   0.1   0:00.06 /usr/libexec/ibus-engine-hangul --ibus
   2568 fcsl      39  19  648636  29248  20296 S   0.0   0.4   0:00.55 /usr/libexec/tracker-miner-fs-3
   2570 fcsl      20   0  345256  24112  16764 S   0.0   0.3   0:00.13 /usr/libexec/xdg-desktop-portal-gtk
   2735 fcsl      20   0  163392   5864   5280 S   0.0   0.1   0:00.01 /usr/libexec/gvfsd-metadata
   2762 root      20   0  136724  11180   9516 S   0.0   0.1   0:00.36 cupsd -f -s /var/snap/cups/common/etc/cups/cups-files.conf -c /var/snap/cups/common/etc/cups/cupsd.conf
   2770 snap_da+  20   0   14484   4204   3512 S   0.0   0.1   0:00.00 /snap/cups/1237/lib/cups/notifier/dbus dbus://
   2771 snap_da+  20   0   14484   4636   3932 S   0.0   0.1   0:00.00 /snap/cups/1237/lib/cups/notifier/dbus dbus://
   2772 snap_da+  20   0   14484   4216   3524 S   0.0   0.1   0:00.00 /snap/cups/1237/lib/cups/notifier/dbus dbus://
   2773 snap_da+  20   0   14484   4272   3576 S   0.0   0.1   0:00.00 /snap/cups/1237/lib/cups/notifier/dbus dbus://
   2774 snap_da+  20   0   14484   4636   3932 S   0.0   0.1   0:00.00 /snap/cups/1237/lib/cups/notifier/dbus dbus://
   2781 root      20   0  260796  17948  13524 S   0.0   0.2   0:00.46 cups-browsed -c /var/snap/cups/common/etc/cups/cups-browsed.conf
   3356 root      20   0   18536   9044   7116 S   0.0   0.1   0:00.03 sshd: fcsl [priv]
   3413 fcsl      20   0   18984   7780   5556 S   0.0   0.1   0:00.42 sshd: fcsl@pts/0
   3414 fcsl      20   0   15168   8696   3028 S   0.0   0.1   0:00.15 -bash
   3656 root      20   0   18536   9052   7124 S   0.0   0.1   0:00.02 sshd: fcsl [priv]
   3699 fcsl      20   0   18984   7800   5576 S   0.0   0.1   0:00.01 sshd: fcsl@pts/1
   3700 fcsl      20   0   15168   8568   2900 S   0.0   0.1   0:00.11 -bash
   3956 root      20   0   18536   9052   7124 S   0.0   0.1   0:00.03 sshd: fcsl [priv]
   3986 fcsl      20   0   18984   7800   5576 S   0.0   0.1   0:00.24 sshd: fcsl@pts/2
   3987 fcsl      20   0   15168   8564   2900 S   0.0   0.1   0:00.06 -bash
   4340 fcsl      20   0  421744  28484  20708 S   0.0   0.4   0:00.18 update-notifier
   5745 root      20   0       0      0      0 I   0.0   0.0   0:00.00 [kworker/5:0-events]
   5746 root      20   0       0      0      0 I   0.0   0.0   0:00.14 [kworker/0:0-events]
   5789 root      20   0   18536   9056   7128 S   0.0   0.1   0:00.03 sshd: fcsl [priv]
   5818 fcsl      20   0    9792   2976   2680 S   0.0   0.0   0:00.00 -bash
   5821 fcsl      20   0    2440   1568   1348 S   0.0   0.0   0:00.00 sh
   5892 fcsl      20   0   42184   8676   6928 S   0.0   0.1   0:00.04 /home/fcsl/.vscode-server/code-6a49527b96e326fe62fbdb56f60e16877c9aa724 --cli-data-dir /home/fcsl/.vscode-server/cli agent host
   5913 fcsl      20   0    2328    816    732 S   0.0   0.0   0:00.00 sh /home/fcsl/.vscode-server/cli/servers/Stable-6a49527b96e326fe62fbdb56f60e16877c9aa724/server/bin/code-server --connection-token=remotessh --accept-server-license-terms --agent-host-bridge-port=41459 --agent-host-bridge-host=127.0.0.1 --agent-host-bridge-connection-token=03adc759-cc11-482d-a5c4-3d1cf335af96 --start-server --enable-remote-auto-shutdown --socket-path=/tmp/code-9639163c-fbe7-4e2e-8b21-e167c70142b5
   5917 fcsl      20   0   11.1g 174268  46284 S   0.0   2.2   0:10.07 /home/fcsl/.vscode-server/cli/servers/Stable-6a49527b96e326fe62fbdb56f60e16877c9aa724/server/node /home/fcsl/.vscode-server/cli/servers/Stable-6a49527b96e326fe62fbdb56f60e16877c9aa724/server/out/server-main.js --connection-token=remotessh --accept-server-license-terms --agent-host-bridge-port=41459 --agent-host-bridge-host=127.0.0.1 --agent-host-bridge-connection-token=03adc759-cc11-482d-a5c4-3d1cf335af96 --start-server --enable-remote+
   6192 fcsl      20   0  952820  70140  41896 S   0.0   0.9   0:01.92 /home/fcsl/.vscode-server/cli/servers/Stable-6a49527b96e326fe62fbdb56f60e16877c9aa724/server/node /home/fcsl/.vscode-server/cli/servers/Stable-6a49527b96e326fe62fbdb56f60e16877c9aa724/server/out/bootstrap-fork --type=ptyHost --logsPath /home/fcsl/.vscode-server/data/logs/20260817T111943
   6410 root      20   0       0      0      0 I   0.0   0.0   0:00.00 [kworker/1:0-events]
   7080 fcsl      20   0  405524  74872  63060 S   0.0   1.0   0:01.33 /home/fcsl/.vscode-server/extensions/openai.chatgpt-26.810.52044-linux-arm64/bin/linux-aarch64/codex -c features.code_mode_host=true app-server --analytics-default-enabled
   7182 fcsl      20   0   15216   8668   2972 S   0.0   0.1   0:00.05 /usr/bin/bash --init-file /home/fcsl/.vscode-server/cli/servers/Stable-6a49527b96e326fe62fbdb56f60e16877c9aa724/server/out/vs/workbench/contrib/terminal/common/scripts/shellIntegration-bash.sh
   7850 root      20   0   18536   9060   7132 S   0.0   0.1   0:00.04 sshd: fcsl [priv]
   7878 fcsl      20   0   18824   7676   5580 S   0.0   0.1   0:00.02 sshd: fcsl@pts/6
   7879 fcsl      20   0   15168   8708   3036 S   0.0   0.1   0:00.15 -bash
   8118 root      20   0   18536   9060   7132 S   0.0   0.1   0:00.04 sshd: fcsl [priv]
   8146 fcsl      20   0   18984   7680   5580 S   0.0   0.1   0:00.02 sshd: fcsl@pts/8
   8147 fcsl      20   0   15168   8708   3032 S   0.0   0.1   0:00.15 -bash
   8386 root      20   0   18536   9060   7132 S   0.0   0.1   0:00.04 sshd: fcsl [priv]
   8414 fcsl      20   0   18824   7672   5580 S   0.0   0.1   0:00.01 sshd: fcsl@pts/9
   8415 fcsl      20   0   15168   8640   2964 S   0.0   0.1   0:00.12 -bash
  11747 root      20   0       0      0      0 I   0.0   0.0   0:00.00 [kworker/0:2-events]
  11800 root      20   0   18536   9328   7400 S   0.0   0.1   0:00.04 sshd: fcsl [priv]
  11829 fcsl      20   0   15168   9064   3388 S   0.0   0.1   0:00.37 -bash
  16192 root      20   0       0      0      0 I   0.0   0.0   0:00.07 [kworker/u12:3-devfreq_wq]
  16258 root      20   0       0      0      0 I   0.0   0.0   0:00.00 [kworker/0:1-events]
  16292 root      20   0    8112    764    688 S   0.0   0.0   0:00.00 sleep 300
  16331 root      20   0       0      0      0 I   0.0   0.0   0:00.04 [kworker/u12:0-events_unbound]
  19240 fcsl      20   0  206192  31704  14596 S   0.0   0.4   0:00.55 /home/fcsl/miniforge3/envs/thirdimpact/bin/python /home/fcsl/miniforge3/envs/thirdimpact/bin/ros2 run joy joy_node
  19545 fcsl      20   0    8112    780    704 S   0.0   0.0   0:00.00 sleep 180
  19546 fcsl      20   0   10072   3092   2780 S   0.0   0.0   0:00.00 bash ./cpu_profile.sh

top - 11:35:10 up 22 min,  8 users,  load average: 9.82, 4.90, 4.05
Tasks: 408 total,  14 running, 394 sleeping,   0 stopped,   0 zombie
%Cpu(s): 86.4 us,  9.4 sy,  0.0 ni,  1.1 id,  0.0 wa,  1.4 hi,  1.8 si,  0.0 st
MiB Mem :   7607.4 total,   1602.7 free,   3597.3 used,   2407.4 buff/cache
MiB Swap:   3803.7 total,   3803.2 free,      0.5 used.   3739.5 avail Mem 

    PID USER      PR  NI    VIRT    RES    SHR S  %CPU  %MEM     TIME+ COMMAND
  19358 fcsl      20   0 1478356 107388  42672 R  51.7   1.4   0:11.59 /home/fcsl/miniforge3/envs/thirdimpact/bin/python3.12 /home/fcsl/roboracer_ws/install/controller/lib/controller/controller_manager --ros-args -r __node:=controller_manager --params-file /home/fcsl/roboracer_ws/install/stack_master/share/stack_master/config/controller.yaml --params-file /tmp/launch_params_rteop0df --params-file /tmp/launch_params_fgfbn70d
  19336 fcsl      20   0 1447952 110436  42476 R  45.9   1.4   0:12.46 /home/fcsl/miniforge3/envs/thirdimpact/bin/python3.12 /home/fcsl/roboracer_ws/install/state_machine/lib/state_machine/state_machine --ros-args -r __node:=state_machine --params-file /home/fcsl/roboracer_ws/install/stack_master/share/stack_master/config/state_machine_params.yaml --params-file /tmp/launch_params_biwnb6d6 --params-file /tmp/launch_params_30za9fdy --params-file /tmp/launch_params_f2pjkjd6 --params-file /tmp/launch_params_v+
  19311 fcsl      20   0 1473936 105568  41672 R  42.0   1.4   0:10.15 /home/fcsl/miniforge3/envs/thirdimpact/bin/python3.12 /home/fcsl/roboracer_ws/install/frenet_odom_republisher/lib/frenet_odom_republisher/frenet_odom_republisher_node --ros-args -r __node:=frenet_odom_republisher -r /car_state/frenet/odom:=/car_state/odom_frenet
  19346 fcsl      20   0 1873344 219868  90960 R  38.6   2.8   0:10.92 /home/fcsl/miniforge3/envs/thirdimpact/bin/python3.12 /home/fcsl/roboracer_ws/install/lane_change_planner/lib/lane_change_planner/change_avoidance_node --ros-args -r __node:=planner_change --params-file /tmp/launch_params_3lr3b4pe
  19342 fcsl      20   0 1847704 190596  87764 R  36.7   2.4   0:09.87 /home/fcsl/miniforge3/envs/thirdimpact/bin/python3.12 /home/fcsl/roboracer_ws/install/spliner/lib/spliner/start_spline_node_v2 --ros-args -r __node:=start_planner
  19344 fcsl      20   0 1815936 166668  83084 R  35.7   2.1   0:09.60 /home/fcsl/miniforge3/envs/thirdimpact/bin/python3.12 /home/fcsl/roboracer_ws/install/spliner/lib/spliner/static_avoidance_node --ros-args -r __node:=static_avoidance_planner --params-file /home/fcsl/roboracer_ws/install/stack_master/share/stack_master/config/static_avoidance_planner.yaml -r /planner/avoidance/otwpnts:=/planner/avoidance/static_otwpnts
  19328 fcsl      20   0 1472000 130560  46628 R  35.3   1.7   0:09.54 python3 /home/fcsl/roboracer_ws/install/perception/lib/perception/tracking_node --ros-args -r __node:=tracking --params-file /home/fcsl/roboracer_ws/install/stack_master/share/stack_master/config/opponent_tracker_params.yaml -r /tracking/obstacles:=/tracking/obstacles
  19314 fcsl      20   0 1114280  64468  25816 R  34.3   0.8   0:08.89 /home/fcsl/miniforge3/envs/thirdimpact/bin/python3.12 /home/fcsl/roboracer_ws/install/lap_analyser/lib/lap_analyser/lap_analyser --ros-args -r __node:=lap_analyser --params-file /tmp/launch_params_0px3ph6a
  19356 fcsl      20   0 1118620  67380  27292 R  33.3   0.9   0:06.91 python3 /home/fcsl/roboracer_ws/install/gp_traj_predictor/lib/gp_traj_predictor/opp_prediction --ros-args -r __node:=opponent_propagation_predictor
  19340 fcsl      20   0 1847760 190640  87768 R  32.9   2.4   0:09.77 /home/fcsl/miniforge3/envs/thirdimpact/bin/python3.12 /home/fcsl/roboracer_ws/install/recovery_spliner/lib/recovery_spliner/recovery_spliner_node --ros-args -r __node:=recovery_spliner_node
  19352 fcsl      20   0 1592912 108816  42116 R  32.9   1.4   0:07.79 python3 /home/fcsl/roboracer_ws/install/gp_traj_predictor/lib/gp_traj_predictor/opponent_trajectory --ros-args -r __node:=OpponentHalflap
  19281 fcsl      20   0 1455628 117548  41644 S  28.0   1.5   0:09.22 /home/fcsl/miniforge3/envs/thirdimpact/bin/python3.12 /home/fcsl/roboracer_ws/install/gb_optimizer/lib/gb_optimizer/global_trajectory_publisher --ros-args -r __node:=global_republisher --params-file /tmp/launch_params_lsq8407e
  19251 fcsl      20   0  868124  49804  36540 S  27.5   0.6   0:08.69 /home/fcsl/roboracer_ws/install/kiss_icp_localization/lib/kiss_icp_localization/localization_node --ros-args -r __node:=kiss_icp_localization --params-file /home/fcsl/roboracer_ws/install/stack_master/share/stack_master/config/kiss.yaml --params-file /tmp/launch_params_kkza55sc --params-file /tmp/launch_params_bk6s3os3
  19350 fcsl      20   0 1115220  66016  25644 R  27.1   0.8   0:05.87 /home/fcsl/miniforge3/envs/thirdimpact/bin/python3.12 /home/fcsl/roboracer_ws/install/lane_change_planner/lib/lane_change_planner/update_waypoints --ros-args -r __node:=waypoint_updater
  19230 fcsl      20   0 1106708  60188  24440 S  15.0   0.8   0:04.28 python3 /home/fcsl/roboracer_ws/install/stack_master/lib/stack_master/simple_mux_node.py --ros-args -r __node:=simple_mux --params-file /home/fcsl/roboracer_ws/install/stack_master/share/stack_master/config/CAR/vehicle_config.yaml --params-file /tmp/launch_params_pywsh3_8 --params-file /tmp/launch_params_yk3h0muz --params-file /tmp/launch_params_uihzw7ry --params-file /tmp/launch_params_5fc12uzq --params-file /tmp/launch_params_nd2qw0hk
  19297 fcsl      20   0 1520296 109888  42496 S  10.6   1.4   0:04.54 /home/fcsl/miniforge3/envs/thirdimpact/bin/python3.12 /home/fcsl/roboracer_ws/install/overtaking_sector_tuner/lib/overtaking_sector_tuner/ot_interpolator --ros-args -r __node:=ot_sector_tuner --params-file /home/fcsl/roboracer_ws/install/stack_master/share/stack_master/maps/0815test3/ot_sectors.yaml --params-file /tmp/launch_params_ti68gs7d
  19213 fcsl      20   0 2285720  52248  16816 S   6.3   0.7   0:04.10 /home/fcsl/miniforge3/envs/thirdimpact/bin/python /home/fcsl/miniforge3/envs/thirdimpact/bin/ros2 launch stack_master race.launch.xml map:=0815test3
  19216 fcsl      20   0  882452  23352  13904 S   6.3   0.3   0:02.23 /home/fcsl/roboracer_ws/install/vesc_driver/lib/vesc_driver/vesc_driver_node --ros-args -r __node:=vesc_driver_node -r __ns:=/vesc --params-file /home/fcsl/roboracer_ws/install/stack_master/share/stack_master/config/CAR/vehicle_config.yaml
  19326 fcsl      20   0 1127028  54404  33796 S   5.8   0.7   0:02.04 /home/fcsl/roboracer_ws/install/perception/lib/perception/detect --ros-args -r __node:=detect --params-file /home/fcsl/roboracer_ws/install/stack_master/share/stack_master/config/opponent_tracker_params.yaml --params-file /tmp/launch_params_gk8q2zkj
  19561 fcsl      20   0  823792  26624  16644 S   3.9   0.3   0:01.42 /home/fcsl/miniforge3/envs/thirdimpact/lib/joy/joy_node
  19289 fcsl      20   0 1118656  67452  26820 S   2.9   0.9   0:02.00 /home/fcsl/miniforge3/envs/thirdimpact/bin/python3.12 /home/fcsl/roboracer_ws/install/sector_tuner/lib/sector_tuner/sector_tuner --ros-args -r __node:=speed_sector_tuner --params-file /home/fcsl/roboracer_ws/install/stack_master/share/stack_master/maps/0815test3/speed_scaling.yaml --params-file /tmp/launch_params_kwlnquqh
  19354 fcsl      20   0 1085540 142500  48776 S   2.9   1.8   0:03.58 python3 /home/fcsl/roboracer_ws/install/gp_traj_predictor/lib/gp_traj_predictor/gaussian_process_opp_traj --ros-args -r __node:=GP_trajectory
  19222 fcsl      20   0  817464  21696  14172 S   2.4   0.3   0:01.02 /home/fcsl/roboracer_ws/install/urg_node/lib/urg_node/urg_node_driver --ros-args -r __node:=urg_node --params-file /home/fcsl/roboracer_ws/install/stack_master/share/stack_master/config/CAR/vehicle_config.yaml -r /scan:=/scan
   6720 fcsl      20   0   42.1g 668856  59704 S   1.9   8.6   1:04.09 /home/fcsl/.vscode-server/cli/servers/Stable-6a49527b96e326fe62fbdb56f60e16877c9aa724/server/node --dns-result-order=ipv4first /home/fcsl/.vscode-server/cli/servers/Stable-6a49527b96e326fe62fbdb56f60e16877c9aa724/server/out/bootstrap-fork --type=extensionHost --transformURIs --useHostProxy=false
  19220 fcsl      20   0  663144  22044  14644 S   1.4   0.3   0:00.77 /home/fcsl/roboracer_ws/install/vesc_ackermann/lib/vesc_ackermann/vesc_to_odom_node --ros-args -r __node:=vesc_to_odom_node -r __ns:=/vesc --params-file /home/fcsl/roboracer_ws/install/stack_master/share/stack_master/config/CAR/vehicle_config.yaml
  19247 fcsl      20   0  817644  25596  17424 S   1.4   0.3   0:00.81 /home/fcsl/miniforge3/envs/thirdimpact/lib/nav2_lifecycle_manager/lifecycle_manager --ros-args -r __node:=lifecycle_manager_localization --params-file /tmp/launch_params_gzsj1u13 --params-file /tmp/launch_params_7txkr4rh --params-file /tmp/launch_params_ojdu_5r1
  19307 fcsl      20   0 1439676 104352  41088 S   1.4   1.3   0:02.29 /home/fcsl/miniforge3/envs/thirdimpact/bin/python3.12 /home/fcsl/roboracer_ws/install/frenet_conversion_server/lib/frenet_conversion_server/frenet_conversion_server_node --ros-args -r __node:=frenet_conversion_server_node --params-file /tmp/launch_params_1_pyfy3w
   2026 fcsl      20   0 3471004 225068  81340 S   1.0   2.9   0:05.98 /usr/bin/gnome-shell
   5868 fcsl      20   0   45844  12856   8268 S   1.0   0.2   0:11.59 /home/fcsl/.vscode-server/code-6a49527b96e326fe62fbdb56f60e16877c9aa724 command-shell --cli-data-dir /home/fcsl/.vscode-server/cli --parent-process-id 5821 --on-host=127.0.0.1 --on-port
   6192 fcsl      20   0  952820  70140  41896 S   1.0   0.9   0:01.94 /home/fcsl/.vscode-server/cli/servers/Stable-6a49527b96e326fe62fbdb56f60e16877c9aa724/server/node /home/fcsl/.vscode-server/cli/servers/Stable-6a49527b96e326fe62fbdb56f60e16877c9aa724/server/out/bootstrap-fork --type=ptyHost --logsPath /home/fcsl/.vscode-server/data/logs/20260817T111943
  11828 fcsl      20   0   18824   8292   6100 S   1.0   0.1   0:00.50 sshd: fcsl@pts/5
  19218 fcsl      20   0  663148  21616  14464 S   1.0   0.3   0:00.56 /home/fcsl/roboracer_ws/install/vesc_ackermann/lib/vesc_ackermann/ackermann_to_vesc_node --ros-args -r __node:=ackermann_to_vesc_node -r __ns:=/vesc --params-file /home/fcsl/roboracer_ws/install/stack_master/share/stack_master/config/CAR/vehicle_config.yaml
  19224 fcsl      20   0 1113316  63836  25836 S   1.0   0.8   0:01.22 python3 /home/fcsl/roboracer_ws/install/stack_master/lib/stack_master/static_tf_publisher.py --ros-args -r __node:=static_tf_publisher --params-file /home/fcsl/roboracer_ws/install/stack_master/share/stack_master/config/CAR/static_transforms.yaml
  19245 fcsl      20   0 1106632  62568  24328 S   1.0   0.8   0:01.20 python3 /home/fcsl/roboracer_ws/install/stack_master/lib/stack_master/map_relay_node.py --ros-args -r __node:=map_relay_node
  19249 fcsl      20   0  721960  34992  21568 S   1.0   0.4   0:00.83 /home/fcsl/miniforge3/envs/thirdimpact/lib/nav2_map_server/map_server --ros-args -r __node:=map_server --params-file /tmp/launch_params_7an6qmh_ --params-file /tmp/launch_params_3pildy1p --params-file /tmp/launch_params_bxv9_bd6 --params-file /tmp/launch_params_3ypbuy35
  19553 fcsl      20   0   12120   3496   2676 R   1.0   0.0   0:00.36 top -b -c -w 512 -d 2
   2113 fcsl      20   0  315332   6412   5548 S   0.5   0.1   0:00.05 /usr/libexec/gvfs-afc-volume-monitor
   2316 fcsl      20   0  512948  41308  23256 S   0.5   0.5   0:00.94 python3 /usr/share/nvpmodel_indicator/nvpmodel_indicator.py
   5817 fcsl      20   0   19504   8220   5580 S   0.5   0.1   0:07.80 sshd: fcsl@notty
   5917 fcsl      20   0   11.1g 174268  46284 S   0.5   2.2   0:10.08 /home/fcsl/.vscode-server/cli/servers/Stable-6a49527b96e326fe62fbdb56f60e16877c9aa724/server/node /home/fcsl/.vscode-server/cli/servers/Stable-6a49527b96e326fe62fbdb56f60e16877c9aa724/server/out/server-main.js --connection-token=remotessh --accept-server-license-terms --agent-host-bridge-port=41459 --agent-host-bridge-host=127.0.0.1 --agent-host-bridge-connection-token=03adc759-cc11-482d-a5c4-3d1cf335af96 --start-server --enable-remote+
   6731 fcsl      20   0  997088  80596  41996 S   0.5   1.0   0:07.42 /home/fcsl/.vscode-server/cli/servers/Stable-6a49527b96e326fe62fbdb56f60e16877c9aa724/server/node /home/fcsl/.vscode-server/cli/servers/Stable-6a49527b96e326fe62fbdb56f60e16877c9aa724/server/out/bootstrap-fork --type=fileWatcher
      1 root      20   0  167496  11476   7176 S   0.0   0.1   0:03.45 /sbin/init 2
      2 root      20   0       0      0      0 S   0.0   0.0   0:00.01 [kthreadd]
      3 root       0 -20       0      0      0 I   0.0   0.0   0:00.00 [rcu_gp]
      4 root       0 -20       0      0      0 I   0.0   0.0   0:00.00 [rcu_par_gp]
      5 root       0 -20       0      0      0 I   0.0   0.0   0:00.00 [slub_flushwq]
      6 root       0 -20       0      0      0 I   0.0   0.0   0:00.00 [netns]
      8 root       0 -20       0      0      0 I   0.0   0.0   0:00.00 [kworker/0:0H-events_highpri]
     10 root       0 -20       0      0      0 I   0.0   0.0   0:00.00 [mm_percpu_wq]
     11 root      20   0       0      0      0 S   0.0   0.0   0:00.00 [rcu_tasks_kthre]
     12 root      20   0       0      0      0 S   0.0   0.0   0:00.00 [rcu_tasks_rude_]
     13 root      20   0       0      0      0 S   0.0   0.0   0:00.00 [rcu_tasks_trace]
     14 root      20   0       0      0      0 R   0.0   0.0   0:00.72 [ksoftirqd/0]
     15 root      20   0       0      0      0 I   0.0   0.0   0:00.36 [rcu_preempt]
     16 root      rt   0       0      0      0 S   0.0   0.0   0:00.00 [migration/0]
     17 root      20   0       0      0      0 S   0.0   0.0   0:00.00 [cpuhp/0]
     18 root      20   0       0      0      0 S   0.0   0.0   0:00.00 [cpuhp/1]
     19 root      rt   0       0      0      0 S   0.0   0.0   0:00.00 [migration/1]
     20 root      20   0       0      0      0 S   0.0   0.0   0:00.14 [ksoftirqd/1]
     22 root       0 -20       0      0      0 I   0.0   0.0   0:00.00 [kworker/1:0H-events_highpri]
     23 root      20   0       0      0      0 S   0.0   0.0   0:00.00 [cpuhp/2]
     24 root      rt   0       0      0      0 S   0.0   0.0   0:00.00 [migration/2]
     25 root      20   0       0      0      0 S   0.0   0.0   0:00.15 [ksoftirqd/2]
     27 root       0 -20       0      0      0 I   0.0   0.0   0:00.00 [kworker/2:0H-kblockd]
     28 root      20   0       0      0      0 S   0.0   0.0   0:00.00 [cpuhp/3]
     29 root      rt   0       0      0      0 S   0.0   0.0   0:00.00 [migration/3]
     30 root      20   0       0      0      0 S   0.0   0.0   0:00.18 [ksoftirqd/3]
     31 root      20   0       0      0      0 I   0.0   0.0   0:00.07 [kworker/3:0-mm_percpu_wq]
     32 root       0 -20       0      0      0 I   0.0   0.0   0:00.00 [kworker/3:0H-events_highpri]
     33 root      20   0       0      0      0 S   0.0   0.0   0:00.00 [cpuhp/4]
     34 root      rt   0       0      0      0 S   0.0   0.0   0:00.00 [migration/4]
     35 root      20   0       0      0      0 S   0.0   0.0   0:00.15 [ksoftirqd/4]
     37 root       0 -20       0      0      0 I   0.0   0.0   0:00.00 [kworker/4:0H-events_highpri]
     38 root      20   0       0      0      0 S   0.0   0.0   0:00.00 [cpuhp/5]
     39 root      rt   0       0      0      0 S   0.0   0.0   0:00.00 [migration/5]
     40 root      20   0       0      0      0 S   0.0   0.0   0:00.13 [ksoftirqd/5]
     42 root       0 -20       0      0      0 I   0.0   0.0   0:00.00 [kworker/5:0H-events_highpri]
     43 root      20   0       0      0      0 S   0.0   0.0   0:00.00 [kdevtmpfs]
     44 root       0 -20       0      0      0 I   0.0   0.0   0:00.00 [inet_frag_wq]
     47 root      20   0       0      0      0 I   0.0   0.0   0:00.01 [kworker/2:1-cgroup_destroy]
     50 root      20   0       0      0      0 I   0.0   0.0   0:00.00 [kworker/4:1-events]
     51 root      20   0       0      0      0 S   0.0   0.0   0:00.00 [kauditd]
     52 root      20   0       0      0      0 S   0.0   0.0   0:00.00 [oom_reaper]
     53 root       0 -20       0      0      0 I   0.0   0.0   0:00.00 [writeback]
     54 root      20   0       0      0      0 S   0.0   0.0   0:00.00 [kcompactd0]
     55 root      25   5       0      0      0 S   0.0   0.0   0:00.00 [ksmd]
     56 root      39  19       0      0      0 S   0.0   0.0   0:00.16 [khugepaged]
     67 root       0 -20       0      0      0 I   0.0   0.0   0:00.00 [cryptd]
     86 root       0 -20       0      0      0 I   0.0   0.0   0:00.00 [kintegrityd]
     87 root       0 -20       0      0      0 I   0.0   0.0   0:00.00 [kblockd]
     88 root       0 -20       0      0      0 I   0.0   0.0   0:00.00 [blkcg_punt_bio]
     89 root       0 -20       0      0      0 I   0.0   0.0   0:00.00 [tpm_dev_wq]
     90 root       0 -20       0      0      0 I   0.0   0.0   0:00.00 [ata_sff]
     91 root       0 -20       0      0      0 I   0.0   0.0   0:00.00 [edac-poller]
     92 root       0 -20       0      0      0 I   0.0   0.0   0:00.00 [devfreq_wq]
     93 root     -51   0       0      0      0 S   0.0   0.0   0:00.00 [watchdogd]
     94 root      20   0       0      0      0 I   0.0   0.0   0:00.69 [kworker/u12:1-events_freezable_power_]
     95 root      20   0       0      0      0 I   0.0   0.0   0:00.49 [kworker/u12:2-events_unbound]
     96 root       0 -20       0      0      0 I   0.0   0.0   0:00.00 [kworker/0:1H-kblockd]
     97 root       0 -20       0      0      0 I   0.0   0.0   0:00.00 [rpciod]
     98 root       0 -20       0      0      0 I   0.0   0.0   0:00.03 [kworker/u13:0-hci0]
     99 root       0 -20       0      0      0 I   0.0   0.0   0:00.00 [xprtiod]
    127 root      20   0       0      0      0 S   0.0   0.0   0:00.36 [kswapd0]
    128 root       0 -20       0      0      0 I   0.0   0.0   0:00.00 [nfsiod]
    132 root       0 -20       0      0      0 I   0.0   0.0   0:00.00 [vfio-irqfd-clea]
    133 root       0 -20       0      0      0 I   0.0   0.0   0:00.00 [bch_btree_io]
    134 root       0 -20       0      0      0 I   0.0   0.0   0:00.00 [bcache]
    135 root       0 -20       0      0      0 I   0.0   0.0   0:00.00 [bch_journal]
    136 root       0 -20       0      0      0 I   0.0   0.0   0:00.00 [dm_bufio_cache]
    138 root      10 -10       0      0      0 S   0.0   0.0   0:00.00 [krfcommd]
    139 root      20   0       0      0      0 S   0.0   0.0   0:00.00 [pr/tty0]
    140 root      20   0       0      0      0 S   0.0   0.0   0:02.86 [pr/ttyTCU0]
    143 root     -51   0       0      0      0 S   0.0   0.0   0:00.00 [irq/114-3160000]
    145 root     -51   0       0      0      0 S   0.0   0.0   0:00.00 [irq/115-3180000]
    146 root      20   0       0      0      0 I   0.0   0.0   0:00.38 [kworker/1:3-mm_percpu_wq]
    147 root     -51   0       0      0      0 S   0.0   0.0   0:00.00 [irq/116-31b0000]
    148 root     -51   0       0      0      0 S   0.0   0.0   0:00.00 [irq/167-c240000]
    149 root     -51   0       0      0      0 S   0.0   0.0   0:00.00 [irq/168-c250000]
    150 root     -51   0       0      0      0 S   0.0   0.0   0:00.00 [irq/125-3610000]
    151 root     -51   0       0      0      0 S   0.0   0.0   0:00.00 [irq/122-3610000]
    152 root      20   0       0      0      0 I   0.0   0.0   0:00.03 [kworker/5:3-mm_percpu_wq]
    153 root       0 -20       0      0      0 I   0.0   0.0   0:00.00 [sdhci]
    154 root     -51   0       0      0      0 S   0.0   0.0   0:00.00 [irq/120-mmc0]
    155 root     -51   0       0      0      0 S   0.0   0.0   0:00.00 [irq/230-3400000]
    156 root      20   0       0      0      0 I   0.0   0.0   0:00.06 [kworker/2:2-mm_percpu_wq]
    173 root       0 -20       0      0      0 I   0.0   0.0   0:00.00 [kworker/1:1H-kblockd]
    174 root      20   0       0      0      0 I   0.0   0.0   0:00.00 [kworker/3:2-mm_percpu_wq]
    179 root     -51   0       0      0      0 S   0.0   0.0   0:00.00 [irq/191-tegra-p]
    180 root       0 -20       0      0      0 I   0.0   0.0   0:00.00 [nvme-wq]
    181 root       0 -20       0      0      0 I   0.0   0.0   0:00.00 [nvme-reset-wq]
    182 root       0 -20       0      0      0 I   0.0   0.0   0:00.00 [nvme-delete-wq]
    191 root     -51   0       0      0      0 S   0.0   0.0   0:00.00 [irq/191-aerdrv]
    192 root     -51   0       0      0      0 S   0.0   0.0   0:00.00 [irq/193-tegra-p]
    195 root     -51   0       0      0      0 S   0.0   0.0   0:00.00 [irq/193-aerdrv]
    196 root     -51   0       0      0      0 S   0.0   0.0   0:00.00 [irq/195-tegra-p]
    198 root     -51   0       0      0      0 S   0.0   0.0   0:00.00 [irq/232-nvme0q0]
    199 root     -51   0       0      0      0 S   0.0   0.0   0:00.23 [irq/233-nvme0q1]
    200 root     -51   0       0      0      0 S   0.0   0.0   0:00.32 [irq/234-nvme0q2]
    201 root     -51   0       0      0      0 S   0.0   0.0   0:00.18 [irq/235-nvme0q3]
    202 root     -51   0       0      0      0 S   0.0   0.0   0:00.22 [irq/236-nvme0q4]
    203 root     -51   0       0      0      0 S   0.0   0.0   0:00.06 [irq/237-nvme0q5]
    204 root     -51   0       0      0      0 S   0.0   0.0   0:00.06 [irq/238-nvme0q6]
    205 root      20   0       0      0      0 I   0.0   0.0   0:00.50 [kworker/u12:4-events_freezable_power_]
    209 root      20   0       0      0      0 S   0.0   0.0   0:00.13 [jbd2/nvme0n1p1-]
    210 root       0 -20       0      0      0 I   0.0   0.0   0:00.00 [ext4-rsv-conver]
    211 root       0 -20       0      0      0 I   0.0   0.0   0:00.00 [kworker/2:1H-kblockd]
    220 root       0 -20       0      0      0 I   0.0   0.0   0:00.00 [mld]
    221 root       0 -20       0      0      0 I   0.0   0.0   0:00.00 [kworker/3:1H-kblockd]
    222 root       0 -20       0      0      0 I   0.0   0.0   0:00.00 [ipv6_addrconf]
    253 root      19  -1   40524   9664   8044 S   0.0   0.1   0:00.49 /lib/systemd/systemd-journald
    267 root      20   0       0      0      0 I   0.0   0.0   0:00.04 [kworker/4:2-mm_percpu_wq]
    270 root      20   0       0      0      0 I   0.0   0.0   0:00.47 [kworker/u12:5-events_freezable_power_]
    271 root      20   0       0      0      0 I   0.0   0.0   0:00.62 [kworker/u12:6-events_unbound]
    272 root      20   0       0      0      0 I   0.0   0.0   0:00.36 [kworker/u12:7-devfreq_wq]
    273 root      20   0       0      0      0 I   0.0   0.0   0:00.48 [kworker/u12:8-events_freezable_power_]
    283 root      39  19       0      0      0 S   0.0   0.0   0:00.00 [nvmap-bz]
    284 root     -51   0       0      0      0 S   0.0   0.0   0:00.00 [irq/188-host1x_]
    286 root     -51   0       0      0      0 S   0.0   0.0   0:00.00 [irq/197-gk20a_s]
    287 root     -51   0       0      0      0 S   0.0   0.0   0:00.00 [irq/198-gk20a_s]
    288 root     -51   0       0      0      0 S   0.0   0.0   0:00.00 [irq/199-gk20a_s]
    289 root     -51   0       0      0      0 S   0.0   0.0   0:00.00 [irq/200-gk20a_n]
    293 root      20   0    9792   2792   2528 S   0.0   0.0   0:00.00 /bin/bash /etc/systemd/nv-tee-supplicant.sh
    298 root      20   0   76588   1360   1248 S   0.0   0.0   0:00.01 /usr/sbin/tee-supplicant
    299 root       0 -20       0      0      0 I   0.0   0.0   0:00.00 [optee_bus_scan]
    307 root       0 -20       0      0      0 I   0.0   0.0   0:00.00 [kworker/4:1H-kblockd]
    309 root      20   0   24048   6028   3380 S   0.0   0.1   0:02.02 /lib/systemd/systemd-udevd
    310 root      20   0   23744   5080   2712 S   0.0   0.1   0:00.16 /lib/systemd/systemd-udevd
    311 root      20   0   23396   4308   2228 S   0.0   0.1   0:00.12 /lib/systemd/systemd-udevd
    312 root      20   0   23508   4468   2212 S   0.0   0.1   0:00.15 /lib/systemd/systemd-udevd
    313 root      20   0   24528   6416   3228 S   0.0   0.1   0:00.31 /lib/systemd/systemd-udevd
    314 root      20   0   23532   4792   2660 S   0.0   0.1   0:00.24 /lib/systemd/systemd-udevd
    315 root      20   0   23500   5188   3048 S   0.0   0.1   0:00.27 /lib/systemd/systemd-udevd
    316 root      20   0   23520   4608   2452 S   0.0   0.1   0:00.16 /lib/systemd/systemd-udevd
    317 root      20   0   23540   4232   2096 S   0.0   0.1   0:00.14 /lib/systemd/systemd-udevd
    318 root      20   0   23548   4688   2540 S   0.0   0.1   0:00.10 /lib/systemd/systemd-udevd
    320 root      20   0   23808   5888   3448 S   0.0   0.1   0:05.12 /lib/systemd/systemd-udevd
    321 root      20   0   23396   5028   2908 S   0.0   0.1   0:00.19 /lib/systemd/systemd-udevd
    322 root      20   0   23500   5104   2852 S   0.0   0.1   0:00.18 /lib/systemd/systemd-udevd
    323 root      20   0   23516   4360   2096 S   0.0   0.1   0:00.16 /lib/systemd/systemd-udevd
    324 root      20   0   23520   4748   2480 S   0.0   0.1   0:00.18 /lib/systemd/systemd-udevd
    325 root      20   0   23500   5072   2820 S   0.0   0.1   0:00.20 /lib/systemd/systemd-udevd
    326 root      20   0   23548   4624   2476 S   0.0   0.1   0:00.16 /lib/systemd/systemd-udevd
    327 root      20   0   24548   5496   2292 S   0.0   0.1   0:00.21 /lib/systemd/systemd-udevd
    328 root      20   0   23516   4380   2212 S   0.0   0.1   0:00.13 /lib/systemd/systemd-udevd
    329 root      20   0   23524   4452   2300 S   0.0   0.1   0:00.19 /lib/systemd/systemd-udevd
    330 root      20   0   23524   4592   2440 S   0.0   0.1   0:00.22 /lib/systemd/systemd-udevd
    331 root      20   0   23524   4792   2636 S   0.0   0.1   0:00.14 /lib/systemd/systemd-udevd
    332 root       0 -20       0      0      0 I   0.0   0.0   0:00.00 [kworker/5:1H-kblockd]
    334 root      20   0   23524   4712   2532 S   0.0   0.1   0:00.16 /lib/systemd/systemd-udevd
    336 root      20   0       0      0      0 S   0.0   0.0   0:00.00 [15820000.crypto]
    337 root      20   0       0      0      0 S   0.0   0.0   0:00.00 [15840000.crypto]
    358 root      20   0   23544   4432   2140 S   0.0   0.1   0:00.15 /lib/systemd/systemd-udevd
    359 root      20   0   23524   4288   2096 S   0.0   0.1   0:00.12 /lib/systemd/systemd-udevd
    360 root      20   0   23524   4412   2220 S   0.0   0.1   0:00.14 /lib/systemd/systemd-udevd
    361 root      20   0   23524   5004   2812 S   0.0   0.1   0:00.17 /lib/systemd/systemd-udevd
    362 root      20   0   23524   4832   2644 S   0.0   0.1   0:00.23 /lib/systemd/systemd-udevd
    363 root      20   0   23816   4580   2144 S   0.0   0.1   0:00.15 /lib/systemd/systemd-udevd
    414 root     -51   0       0      0      0 S   0.0   0.0   0:00.00 [irq/219-bc00000]
    415 root      -2   0       0      0      0 S   0.0   0.0   0:00.00 [capture-control]
    416 root      -2   0       0      0      0 S   0.0   0.0   0:00.00 [capture]
    447 root     -51   0       0      0      0 S   0.0   0.0   0:00.00 [irq/189-tegra-p]
    448 root     -51   0       0      0      0 S   0.0   0.0   0:00.00 [irq/240-nvvrs-p]
    449 root     -51   0       0      0      0 S   0.0   0.0   0:00.00 [irq/214-tegra_d]
    450 root     -51   0       0      0      0 S   0.0   0.0   0:00.00 [irq/215-tegra_d]
    451 root       0 -20       0      0      0 I   0.0   0.0   0:00.00 [dce-async-ipc-w]
    452 root      20   0       0      0      0 S   0.0   0.0   0:00.00 [nv_queue]
    453 root      20   0       0      0      0 S   0.0   0.0   0:00.00 [nv_queue]
    454 root     -51   0       0      0      0 S   0.0   0.0   0:00.00 [irq/189-aerdrv]
    524 root       0 -20       0      0      0 I   0.0   0.0   0:00.00 [cfg80211]
    543 root     -51   0       0      0      0 S   0.0   0.0   0:00.00 [irq/118-3210000]
    552 root      20   0       0      0      0 S   0.0   0.0   0:00.00 [spi0]
    554 root     -51   0       0      0      0 S   0.0   0.0   0:00.00 [irq/119-3230000]
    555 root      20   0       0      0      0 S   0.0   0.0   0:00.00 [spi1]
    632 root       0 -20       0      0      0 I   0.0   0.0   0:00.00 [btfwwork]
    670 root       0 -20       0      0      0 I   0.0   0.0   0:00.00 [kworker/u13:2-hci0]
    672 root      20   0    8236   7372   1432 S   0.0   0.1   0:00.30 /usr/sbin/haveged --Foreground --verbose=1
    674 _rpc      20   0    7964   2112   1760 S   0.0   0.0   0:00.00 /sbin/rpcbind -f -w
    681 systemd+  20   0   25544  12588   8156 S   0.0   0.2   0:00.26 /lib/systemd/systemd-resolved
    682 systemd+  20   0   88788   6156   5312 S   0.0   0.1   0:00.08 /lib/systemd/systemd-timesyncd
    728 avahi     20   0    8088   2652   2300 S   0.0   0.0   0:00.08 avahi-daemon: running [ubuntu.local]
    729 root      20   0    9892   4484   4044 S   0.0   0.1   0:00.07 /usr/lib/bluetooth/bluetoothd -d --noplugin=audio,a2dp,avrcp
    730 message+  20   0   11448   5648   3108 S   0.0   0.1   0:01.66 @dbus-daemon --system --address=systemd: --nofork --nopidfile --systemd-activation --syslog-only
    731 root      20   0  263764  20360  14144 S   0.0   0.3   0:01.12 /usr/sbin/NetworkManager --no-daemon
    737 root      20   0   42224  19668   9972 S   0.0   0.3   0:00.14 /usr/bin/python3 /usr/bin/networkd-dispatcher --run-startup-triggers
    744 root      20   0   27644  15072   7804 S   0.0   0.2   0:00.10 python3 /opt/nvidia/pva-allow-2/bin/nvidiaPvaAllowd.py
    749 root      20   0  243232  10120   6268 S   0.0   0.1   0:03.17 /usr/libexec/polkitd --no-debug
    753 root      20   0  240320   8560   5832 S   0.0   0.1   0:00.04 /usr/libexec/power-profiles-daemon
    760 syslog    20   0  222164   8356   3224 S   0.0   0.1   0:00.14 /usr/sbin/rsyslogd -n -iNONE
    762 root      20   0    2240    708    628 S   0.0   0.0   0:00.00 seatd -g video
    767 root      20   0 2145820  48520  24160 S   0.0   0.6   0:04.95 /snap/snapd/current/usr/lib/snapd/snapd
    769 root      20   0  241096   7752   5856 S   0.0   0.1   0:00.80 /usr/libexec/accounts-daemon
    772 root      20   0  236800   5804   5196 S   0.0   0.1   0:00.02 /usr/libexec/switcheroo-control
    773 lp        20   0    2308    112      0 S   0.0   0.0   0:00.00 /usr/sbin/lpd -s
    774 root      20   0   48808   7200   5948 S   0.0   0.1   0:00.19 /lib/systemd/systemd-logind
    778 root      20   0  394856  14472   9176 S   0.0   0.2   0:00.28 /usr/libexec/udisks2/udisksd
    780 root      20   0   16532   9744   7852 S   0.0   0.1   0:00.08 /sbin/wpa_supplicant -u -s -O /run/wpa_supplicant
    800 avahi     20   0    7816    352      0 S   0.0   0.0   0:00.00 avahi-daemon: chroot helper
    816 root      20   0  320884  13460   9472 S   0.0   0.2   0:00.12 /usr/sbin/ModemManager
    818 root      rt   0       0      0      0 S   0.0   0.0   0:00.34 [sugov:0]
    823 root      rt   0       0      0      0 S   0.0   0.0   0:00.30 [sugov:4]
    910 root      20   0    2460   1560   1380 S   0.0   0.0   0:00.40 /usr/sbin/nvfancontrol &
    930 root      20   0       0      0      0 S   0.0   0.0   0:00.00 [sw-quiesce]
    931 root      20   0       0      0      0 S   0.0   0.0   0:01.08 [nvgpu_channel_p]
    934 root      20   0       0      0      0 S   0.0   0.0   0:00.00 [nvgpu_pg_init_g]
    954 root      20   0       0      0      0 S   0.0   0.0   0:00.00 [nvgpu_clk_arb_p]
    979 root      20   0       0      0      0 S   0.0   0.0   0:01.09 [RTW_CMD_THREAD]
    981 root      20   0       0      0      0 I   0.0   0.0   0:00.32 [kworker/u12:9-events_freezable_power_]
   1016 root      20   0   75936   9728   7908 S   0.0   0.1   0:00.01 /usr/sbin/nvargus-daemon
   1017 root      20   0    9792   2900   2608 S   0.0   0.0   0:00.00 /bin/bash /etc/systemd/nvmemwarning.sh
   1037 root      20   0   22192   1708   1512 S   0.0   0.0   0:00.00 /usr/sbin/nvs-service
   1062 root      20   0    2336    760    672 S   0.0   0.0   0:01.58 /bin/sh /snap/cups/1237/scripts/run-cups-browsed
   1064 root      20   0    2336   1388   1264 S   0.0   0.0   0:01.60 /bin/sh /snap/cups/1237/scripts/run-cupsd
   1065 root      20   0       0      0      0 S   0.0   0.0   0:00.00 [pr/ramoops-1]
   1096 root      20   0 2012952  50020  29076 S   0.0   0.6   0:01.47 /usr/bin/containerd
   1110 root      20   0    9448   2412   2172 S   0.0   0.0   0:00.00 /usr/sbin/cron -f -P
   1136 kernoops  20   0   12820    456      0 S   0.0   0.0   0:00.00 /usr/sbin/kerneloops --test
   1145 root      20   0  241780   8612   6932 S   0.0   0.1   0:00.03 /usr/sbin/gdm3
   1162 kernoops  20   0   12820    452      0 S   0.0   0.0   0:00.00 /usr/sbin/kerneloops
   1164 root      20   0    8144    716    640 S   0.0   0.0   0:00.00 /sbin/agetty -o -p -- \u --keep-baud 115200,57600,38400,9600 ttyGS0 vt220
   1171 root      20   0    8144    724    648 S   0.0   0.0   0:00.00 /sbin/agetty -o -p -- \u --keep-baud 115200,57600,38400,9600 ttyTCU0 vt220
   1210 root      20   0  172548   9532   7592 S   0.0   0.1   0:00.04 gdm-session-worker [pam/gdm-autologin]
   1310 root      20   0    3076    916    804 S   0.0   0.0   0:00.00 /usr/sbin/nvphsd
   1316 root      20   0    3208   1408   1248 S   0.0   0.0   0:00.00 /usr/sbin/nvphsd
   1337 root      20   0 2166840  89332  54988 S   0.0   1.1   0:00.70 /usr/bin/dockerd -H fd:// --containerd=/run/containerd/containerd.sock
   1338 root      20   0   15232   8036   6460 S   0.0   0.1   0:00.02 sshd: /usr/sbin/sshd -D [listener] 0 of 10-100 startups
   1342 root      20   0       0      0      0 S   0.0   0.0   0:00.00 [file-storage]
   1350 fcsl      20   0   18416   9892   7060 S   0.0   0.1   0:00.72 /lib/systemd/systemd --user
   1360 fcsl      20   0  106740   4520      0 S   0.0   0.1   0:00.00 (sd-pam)
   1538 fcsl       9 -11   40232   5728   4620 S   0.0   0.1   0:00.02 /usr/bin/pipewire
   1539 fcsl      20   0   23884   5672   4592 S   0.0   0.1   0:00.08 /usr/bin/pipewire-media-session
   1540 fcsl       9 -11  890556  20284  12116 S   0.0   0.3   0:00.39 /usr/bin/pulseaudio --daemonize=no --log-target=journal
   1545 fcsl      20   0  241000   6164   5312 S   0.0   0.1   0:00.04 /usr/bin/gnome-keyring-daemon --daemonize --login
   1548 rtkit     21   1  153508   1472   1264 S   0.0   0.0   0:00.02 /usr/libexec/rtkit-daemon
   1559 fcsl      20   0  162628   5416   4908 S   0.0   0.1   0:00.00 /usr/libexec/gdm-x-session --run-script env GNOME_SHELL_SESSION_MODE=ubuntu /usr/bin/gnome-session --session=ubuntu
   1561 root      20   0   24.2g  80668  35156 S   0.0   1.0   0:00.52 /usr/lib/xorg/Xorg vt2 -displayfd 3 -auth /run/user/1000/gdm/Xauthority -nolisten tcp -background none -noreset -keeptty -novtswitch -verbose 3
   1564 fcsl      20   0   10132   4876   3144 S   0.0   0.1   0:00.44 /usr/bin/dbus-daemon --session --address=systemd: --nofork --nopidfile --systemd-activation --syslog-only
   1587 root      20   0       0      0      0 S   0.0   0.0   0:00.00 [nvidia-modeset/]
   1588 root      20   0       0      0      0 S   0.0   0.0   0:00.00 [nvidia-modeset/]
   1590 root      20   0       0      0      0 S   0.0   0.0   0:00.00 [nvidia]
   1591 root      20   0       0      0      0 S   0.0   0.0   0:00.00 [nv_queue]
   1729 root      20   0       0      0      0 S   0.0   0.0   0:00.00 [nvidia-drm-nv-t]
   1730 root     -51   0       0      0      0 S   0.0   0.0   0:00.00 [card1-crtc0]
   1731 root     -51   0       0      0      0 S   0.0   0.0   0:00.00 [card1-crtc1]
   1824 fcsl      20   0  225936  13728  11972 S   0.0   0.2   0:00.05 /usr/libexec/gnome-session-binary --session=ubuntu
   1916 fcsl      20   0  309864   6752   6032 S   0.0   0.1   0:00.01 /usr/libexec/at-spi-bus-launcher
   1922 fcsl      20   0    8828   3616   3116 S   0.0   0.0   0:00.01 /usr/bin/dbus-daemon --config-file=/usr/share/defaults/at-spi2/accessibility.conf --nofork --print-address 11 --address=unix:path=/run/user/1000/at-spi/bus_0
   1979 fcsl      20   0   91892   2520   2152 S   0.0   0.0   0:00.00 /usr/libexec/gnome-session-ctl --monitor
   1988 fcsl      20   0  240908   6992   6104 S   0.0   0.1   0:00.03 /usr/libexec/gvfsd
   1996 fcsl      20   0  381064   9284   4640 S   0.0   0.1   0:00.00 /usr/libexec/gvfsd-fuse /run/user/1000/gvfs -f
   1997 fcsl      20   0  596284  17864  12840 S   0.0   0.2   0:00.18 /usr/libexec/gnome-session-binary --systemd-service --session=ubuntu
   2040 fcsl      20   0  236356   4876   4440 S   0.0   0.1   0:00.00 /usr/libexec/xdg-permission-store
   2042 fcsl      20   0  584868  17900  13432 S   0.0   0.2   0:00.06 /usr/libexec/gnome-shell-calendar-server
   2051 fcsl      20   0  397280  22796  19136 S   0.0   0.3   0:00.09 /usr/libexec/evolution-source-registry
   2059 root      20   0  242436   7680   6568 S   0.0   0.1   0:00.07 /usr/libexec/upowerd
   2061 fcsl      20   0  600496  38980  29472 S   0.0   0.5   0:00.10 /usr/libexec/goa-daemon
   2068 fcsl      20   0 1321540  31748  23404 S   0.0   0.4   0:00.14 /usr/libexec/evolution-calendar-factory
   2078 fcsl      20   0  341492  12924  11036 S   0.0   0.2   0:00.04 /usr/libexec/goa-identity-service
   2088 fcsl      20   0  156800   4488   4024 S   0.0   0.1   0:00.01 /usr/libexec/dconf-service
   2089 fcsl      20   0  823284  28368  22824 S   0.0   0.4   0:00.08 /usr/libexec/evolution-addressbook-factory
   2105 fcsl      20   0  316604  11380   7284 S   0.0   0.1   0:00.11 /usr/libexec/gvfs-udisks2-volume-monitor
   2118 fcsl      20   0  238096   6272   5500 S   0.0   0.1   0:00.01 /usr/libexec/gvfs-gphoto2-volume-monitor
   2122 fcsl      20   0  236772   4692   4232 S   0.0   0.1   0:00.01 /usr/libexec/gvfs-mtp-volume-monitor
   2126 fcsl      20   0  236900   7852   5228 S   0.0   0.1   0:00.01 /usr/libexec/gvfs-goa-volume-monitor
   2130 root      20   0  376544  64972  16884 S   0.0   0.8   0:10.29 /usr/libexec/packagekitd
   2138 fcsl      20   0  315228   9344   6144 S   0.0   0.1   0:00.02 /usr/libexec/gvfsd-trash --spawner :1.19 /org/gtk/gvfs/exec_spaw/0
   2165 fcsl      20   0  477596  12872  10592 S   0.0   0.2   0:00.13 /usr/libexec/xdg-desktop-portal
   2175 fcsl      20   0  463504   8420   5632 S   0.0   0.1   0:00.02 /usr/libexec/xdg-document-portal
   2178 fcsl      20   0 2804936  27172  20292 S   0.0   0.3   0:00.09 /usr/bin/gjs /usr/share/gnome-shell/org.gnome.Shell.Notifications
   2182 root      20   0    2232    696    620 S   0.0   0.0   0:00.00 fusermount3 -o rw,nosuid,nodev,fsname=portal,auto_unmount,subtype=portal -- /run/user/1000/doc
   2186 fcsl      20   0  163152   7096   6328 S   0.0   0.1   0:00.01 /usr/libexec/at-spi2-registryd --use-gnome-session
   2187 fcsl      20   0  715372  51180  31356 S   0.0   0.7   0:00.26 /usr/libexec/xdg-desktop-portal-gnome
   2201 fcsl      20   0    2328    836    748 S   0.0   0.0   0:00.00 sh -c /usr/bin/ibus-daemon --panel disable $([ "$XDG_SESSION_TYPE" = "x11" ] && echo "--xim")
   2202 fcsl      20   0  310888   7992   5380 S   0.0   0.1   0:00.01 /usr/libexec/gsd-a11y-settings
   2203 fcsl      20   0  603376  28568  18872 S   0.0   0.4   0:00.19 /usr/libexec/gsd-color
   2207 fcsl      20   0  379084  16400  12388 S   0.0   0.2   0:00.03 /usr/libexec/gsd-datetime
   2209 fcsl      20   0  315524  13140   6156 S   0.0   0.2   0:00.09 /usr/bin/ibus-daemon --panel disable --xim
   2210 fcsl      20   0  312464   8500   5808 S   0.0   0.1   0:00.06 /usr/libexec/gsd-housekeeping
   2212 fcsl      20   0  418272  25220  16048 S   0.0   0.3   0:00.15 /usr/libexec/gsd-keyboard
   2213 fcsl      20   0  934772  29676  19672 S   0.0   0.4   0:00.19 /usr/libexec/gsd-media-keys
   2214 fcsl      20   0  528832  26228  18632 S   0.0   0.3   0:00.18 /usr/libexec/gsd-power
   2216 fcsl      20   0  324816   9584   8232 S   0.0   0.1   0:00.01 /usr/libexec/gsd-print-notifications
   2219 fcsl      20   0  458476   6000   5344 S   0.0   0.1   0:00.02 /usr/libexec/gsd-rfkill
   2222 fcsl      20   0  236616   4660   4280 S   0.0   0.1   0:00.00 /usr/libexec/gsd-screensaver-proxy
   2226 fcsl      20   0  467192   9032   6824 S   0.0   0.1   0:00.07 /usr/libexec/gsd-sharing
   2228 fcsl      20   0  460576   9164   6256 S   0.0   0.1   0:00.01 /usr/libexec/gsd-smartcard
   2233 fcsl      20   0  320568   8140   7112 S   0.0   0.1   0:00.01 /usr/libexec/gsd-sound
   2242 fcsl      20   0  344860  23456  16012 S   0.0   0.3   0:00.17 /usr/libexec/gsd-wacom
   2247 fcsl      20   0  656864  90552  49008 S   0.0   1.2   0:03.98 /usr/bin/gnome-software --gapplication-service
   2248 fcsl      20   0  346536  27696  17768 S   0.0   0.4   0:00.20 /usr/libexec/gsd-xsettings
   2254 fcsl      20   0  842664  65920  47764 S   0.0   0.8   0:00.32 /usr/libexec/evolution-data-server/evolution-alarm-notify
   2278 fcsl      20   0  237728   6576   5956 S   0.0   0.1   0:00.00 /usr/libexec/ibus-dconf
   2289 fcsl      20   0  275472  27360  16048 S   0.0   0.4   0:01.55 /usr/libexec/ibus-extension-gtk3
   2301 fcsl      20   0  232212   6712   5028 S   0.0   0.1   0:00.02 /usr/libexec/gsd-disk-utility-notify
   2302 fcsl      20   0  196992  23344  16300 S   0.0   0.3   0:00.15 /usr/libexec/ibus-x11 --kill-daemon
   2317 fcsl      20   0  237616   6672   6068 S   0.0   0.1   0:00.02 /usr/libexec/ibus-portal
   2353 fcsl      20   0  345756  14420  10528 S   0.0   0.2   0:00.02 /usr/libexec/gsd-printer
   2377 colord    20   0  246112  11944   8192 S   0.0   0.2   0:00.16 /usr/libexec/colord
   2462 root      20   0  404236  43620  34000 S   0.0   0.6   0:00.57 /usr/libexec/fwupd/fwupd
   2498 fcsl      20   0 2739436  27332  20372 S   0.0   0.4   0:00.09 /usr/bin/gjs /usr/share/gnome-shell/org.gnome.ScreenSaver
   2511 fcsl      20   0  511640  20804   3160 S   0.0   0.3   0:00.00 python3 /usr/share/nvpmodel_indicator/nvpmodel_indicator.py
   2512 fcsl      20   0  511640  20804   3160 S   0.0   0.3   0:00.00 python3 /usr/share/nvpmodel_indicator/nvpmodel_indicator.py
   2513 fcsl      20   0  511640  20804   3160 S   0.0   0.3   0:00.00 python3 /usr/share/nvpmodel_indicator/nvpmodel_indicator.py
   2514 fcsl      20   0  511640  20804   3160 S   0.0   0.3   0:00.00 python3 /usr/share/nvpmodel_indicator/nvpmodel_indicator.py
   2515 fcsl      20   0  511640  20804   3160 S   0.0   0.3   0:00.00 python3 /usr/share/nvpmodel_indicator/nvpmodel_indicator.py
   2516 fcsl      20   0  511640  20804   3160 S   0.0   0.3   0:00.00 python3 /usr/share/nvpmodel_indicator/nvpmodel_indicator.py
   2517 fcsl      20   0  511640  20804   3160 S   0.0   0.3   0:00.00 python3 /usr/share/nvpmodel_indicator/nvpmodel_indicator.py
   2518 fcsl      20   0  511640  20804   3160 S   0.0   0.3   0:00.00 python3 /usr/share/nvpmodel_indicator/nvpmodel_indicator.py
   2520 fcsl      20   0  511652  20848   3160 S   0.0   0.3   0:00.00 python3 /usr/share/nvpmodel_indicator/nvpmodel_indicator.py
   2521 fcsl      20   0  511652  20848   3160 S   0.0   0.3   0:00.00 python3 /usr/share/nvpmodel_indicator/nvpmodel_indicator.py
   2523 fcsl      20   0  511652  20848   3160 S   0.0   0.3   0:00.00 python3 /usr/share/nvpmodel_indicator/nvpmodel_indicator.py
   2524 fcsl      20   0  511652  20848   3160 S   0.0   0.3   0:00.00 python3 /usr/share/nvpmodel_indicator/nvpmodel_indicator.py
   2525 fcsl      20   0  511652  20848   3160 S   0.0   0.3   0:00.00 python3 /usr/share/nvpmodel_indicator/nvpmodel_indicator.py
   2526 fcsl      20   0  511652  20848   3160 S   0.0   0.3   0:00.00 python3 /usr/share/nvpmodel_indicator/nvpmodel_indicator.py
   2527 fcsl      20   0  511652  20848   3160 S   0.0   0.3   0:00.00 python3 /usr/share/nvpmodel_indicator/nvpmodel_indicator.py
   2528 fcsl      20   0  511652  20848   3160 S   0.0   0.3   0:00.00 python3 /usr/share/nvpmodel_indicator/nvpmodel_indicator.py
   2529 fcsl      20   0  511652  21360   3648 S   0.0   0.3   0:00.99 python3 /usr/share/nvpmodel_indicator/nvpmodel_indicator.py
   2531 fcsl      20   0  511652  20852   3160 S   0.0   0.3   0:00.00 python3 /usr/share/nvpmodel_indicator/nvpmodel_indicator.py
   2532 fcsl      20   0  511652  20852   3160 S   0.0   0.3   0:00.00 python3 /usr/share/nvpmodel_indicator/nvpmodel_indicator.py
   2558 fcsl      20   0  238820  11516   6280 S   0.0   0.1   0:00.06 /usr/libexec/ibus-engine-hangul --ibus
   2568 fcsl      39  19  648636  29248  20296 S   0.0   0.4   0:00.55 /usr/libexec/tracker-miner-fs-3
   2570 fcsl      20   0  345256  24112  16764 S   0.0   0.3   0:00.13 /usr/libexec/xdg-desktop-portal-gtk
   2735 fcsl      20   0  163392   5864   5280 S   0.0   0.1   0:00.01 /usr/libexec/gvfsd-metadata
   2762 root      20   0  136724  11180   9516 S   0.0   0.1   0:00.36 cupsd -f -s /var/snap/cups/common/etc/cups/cups-files.conf -c /var/snap/cups/common/etc/cups/cupsd.conf
   2770 snap_da+  20   0   14484   4204   3512 S   0.0   0.1   0:00.00 /snap/cups/1237/lib/cups/notifier/dbus dbus://
   2771 snap_da+  20   0   14484   4636   3932 S   0.0   0.1   0:00.00 /snap/cups/1237/lib/cups/notifier/dbus dbus://
   2772 snap_da+  20   0   14484   4216   3524 S   0.0   0.1   0:00.00 /snap/cups/1237/lib/cups/notifier/dbus dbus://
   2773 snap_da+  20   0   14484   4272   3576 S   0.0   0.1   0:00.00 /snap/cups/1237/lib/cups/notifier/dbus dbus://
   2774 snap_da+  20   0   14484   4636   3932 S   0.0   0.1   0:00.00 /snap/cups/1237/lib/cups/notifier/dbus dbus://
   2781 root      20   0  260796  17948  13524 S   0.0   0.2   0:00.46 cups-browsed -c /var/snap/cups/common/etc/cups/cups-browsed.conf
   3356 root      20   0   18536   9044   7116 S   0.0   0.1   0:00.03 sshd: fcsl [priv]
   3413 fcsl      20   0   18984   7780   5556 S   0.0   0.1   0:00.42 sshd: fcsl@pts/0
   3414 fcsl      20   0   15168   8696   3028 S   0.0   0.1   0:00.15 -bash
   3656 root      20   0   18536   9052   7124 S   0.0   0.1   0:00.02 sshd: fcsl [priv]
   3699 fcsl      20   0   18984   7800   5576 S   0.0   0.1   0:00.01 sshd: fcsl@pts/1
   3700 fcsl      20   0   15168   8568   2900 S   0.0   0.1   0:00.11 -bash
   3956 root      20   0   18536   9052   7124 S   0.0   0.1   0:00.03 sshd: fcsl [priv]
   3986 fcsl      20   0   18984   7800   5576 S   0.0   0.1   0:00.24 sshd: fcsl@pts/2
   3987 fcsl      20   0   15168   8564   2900 S   0.0   0.1   0:00.06 -bash
   4340 fcsl      20   0  421744  28484  20708 S   0.0   0.4   0:00.18 update-notifier
   5745 root      20   0       0      0      0 I   0.0   0.0   0:00.00 [kworker/5:0-events]
   5746 root      20   0       0      0      0 I   0.0   0.0   0:00.14 [kworker/0:0-events]
   5789 root      20   0   18536   9056   7128 S   0.0   0.1   0:00.03 sshd: fcsl [priv]
   5818 fcsl      20   0    9792   2976   2680 S   0.0   0.0   0:00.00 -bash
   5821 fcsl      20   0    2440   1568   1348 S   0.0   0.0   0:00.00 sh
   5892 fcsl      20   0   42184   8676   6928 S   0.0   0.1   0:00.04 /home/fcsl/.vscode-server/code-6a49527b96e326fe62fbdb56f60e16877c9aa724 --cli-data-dir /home/fcsl/.vscode-server/cli agent host
   5913 fcsl      20   0    2328    816    732 S   0.0   0.0   0:00.00 sh /home/fcsl/.vscode-server/cli/servers/Stable-6a49527b96e326fe62fbdb56f60e16877c9aa724/server/bin/code-server --connection-token=remotessh --accept-server-license-terms --agent-host-bridge-port=41459 --agent-host-bridge-host=127.0.0.1 --agent-host-bridge-connection-token=03adc759-cc11-482d-a5c4-3d1cf335af96 --start-server --enable-remote-auto-shutdown --socket-path=/tmp/code-9639163c-fbe7-4e2e-8b21-e167c70142b5
   6410 root      20   0       0      0      0 I   0.0   0.0   0:00.00 [kworker/1:0-events]
   7080 fcsl      20   0  405524  74872  63060 S   0.0   1.0   0:01.33 /home/fcsl/.vscode-server/extensions/openai.chatgpt-26.810.52044-linux-arm64/bin/linux-aarch64/codex -c features.code_mode_host=true app-server --analytics-default-enabled
   7182 fcsl      20   0   15216   8668   2972 S   0.0   0.1   0:00.05 /usr/bin/bash --init-file /home/fcsl/.vscode-server/cli/servers/Stable-6a49527b96e326fe62fbdb56f60e16877c9aa724/server/out/vs/workbench/contrib/terminal/common/scripts/shellIntegration-bash.sh
   7850 root      20   0   18536   9060   7132 S   0.0   0.1   0:00.04 sshd: fcsl [priv]
   7878 fcsl      20   0   18824   7676   5580 S   0.0   0.1   0:00.02 sshd: fcsl@pts/6
   7879 fcsl      20   0   15168   8708   3036 S   0.0   0.1   0:00.15 -bash
   8118 root      20   0   18536   9060   7132 S   0.0   0.1   0:00.04 sshd: fcsl [priv]
   8146 fcsl      20   0   18984   7680   5580 S   0.0   0.1   0:00.02 sshd: fcsl@pts/8
   8147 fcsl      20   0   15168   8708   3032 S   0.0   0.1   0:00.15 -bash
   8386 root      20   0   18536   9060   7132 S   0.0   0.1   0:00.04 sshd: fcsl [priv]
   8414 fcsl      20   0   18824   7672   5580 S   0.0   0.1   0:00.01 sshd: fcsl@pts/9
   8415 fcsl      20   0   15168   8640   2964 S   0.0   0.1   0:00.12 -bash
  11747 root      20   0       0      0      0 I   0.0   0.0   0:00.00 [kworker/0:2-events]
  11800 root      20   0   18536   9328   7400 S   0.0   0.1   0:00.04 sshd: fcsl [priv]
  11829 fcsl      20   0   15168   9064   3388 S   0.0   0.1   0:00.37 -bash
  16192 root      20   0       0      0      0 I   0.0   0.0   0:00.07 [kworker/u12:3-devfreq_wq]
  16258 root      20   0       0      0      0 I   0.0   0.0   0:00.00 [kworker/0:1-events]
  16292 root      20   0    8112    764    688 S   0.0   0.0   0:00.00 sleep 300
  16331 root      20   0       0      0      0 I   0.0   0.0   0:00.04 [kworker/u12:0-events_freezable_power_]
  19240 fcsl      20   0  206192  31704  14596 S   0.0   0.4   0:00.55 /home/fcsl/miniforge3/envs/thirdimpact/bin/python /home/fcsl/miniforge3/envs/thirdimpact/bin/ros2 run joy joy_node
  19545 fcsl      20   0    8112    780    704 S   0.0   0.0   0:00.00 sleep 180
  19546 fcsl      20   0   10072   3092   2780 S   0.0   0.0   0:00.00 bash ./cpu_profile.sh

top - 11:35:12 up 22 min,  8 users,  load average: 10.08, 5.03, 4.09
Tasks: 409 total,   9 running, 400 sleeping,   0 stopped,   0 zombie
%Cpu(s): 84.9 us, 11.0 sy,  0.3 ni,  0.4 id,  0.2 wa,  1.4 hi,  1.8 si,  0.0 st
MiB Mem :   7607.4 total,   1602.7 free,   3597.3 used,   2407.4 buff/cache
MiB Swap:   3803.7 total,   3803.2 free,      0.5 used.   3739.5 avail Mem 

    PID USER      PR  NI    VIRT    RES    SHR S  %CPU  %MEM     TIME+ COMMAND
  19336 fcsl      20   0 1447952 110700  42476 R  49.3   1.4   0:13.48 /home/fcsl/miniforge3/envs/thirdimpact/bin/python3.12 /home/fcsl/roboracer_ws/install/state_machine/lib/state_machine/state_machine --ros-args -r __node:=state_machine --params-file /home/fcsl/roboracer_ws/install/stack_master/share/stack_master/config/state_machine_params.yaml --params-file /tmp/launch_params_biwnb6d6 --params-file /tmp/launch_params_30za9fdy --params-file /tmp/launch_params_f2pjkjd6 --params-file /tmp/launch_params_v+
  19358 fcsl      20   0 1478356 107388  42672 R  44.4   1.4   0:12.51 /home/fcsl/miniforge3/envs/thirdimpact/bin/python3.12 /home/fcsl/roboracer_ws/install/controller/lib/controller/controller_manager --ros-args -r __node:=controller_manager --params-file /home/fcsl/roboracer_ws/install/stack_master/share/stack_master/config/controller.yaml --params-file /tmp/launch_params_rteop0df --params-file /tmp/launch_params_fgfbn70d
  19311 fcsl      20   0 1473936 105568  41672 R  39.6   1.4   0:10.97 /home/fcsl/miniforge3/envs/thirdimpact/bin/python3.12 /home/fcsl/roboracer_ws/install/frenet_odom_republisher/lib/frenet_odom_republisher/frenet_odom_republisher_node --ros-args -r __node:=frenet_odom_republisher -r /car_state/frenet/odom:=/car_state/odom_frenet
  19346 fcsl      20   0 1873344 220132  90960 R  37.2   2.8   0:11.69 /home/fcsl/miniforge3/envs/thirdimpact/bin/python3.12 /home/fcsl/roboracer_ws/install/lane_change_planner/lib/lane_change_planner/change_avoidance_node --ros-args -r __node:=planner_change --params-file /tmp/launch_params_3lr3b4pe
  19314 fcsl      20   0 1114280  64732  25816 S  35.3   0.8   0:09.62 /home/fcsl/miniforge3/envs/thirdimpact/bin/python3.12 /home/fcsl/roboracer_ws/install/lap_analyser/lib/lap_analyser/lap_analyser --ros-args -r __node:=lap_analyser --params-file /tmp/launch_params_0px3ph6a
  19328 fcsl      20   0 1472000 130560  46628 R  33.8   1.7   0:10.24 python3 /home/fcsl/roboracer_ws/install/perception/lib/perception/tracking_node --ros-args -r __node:=tracking --params-file /home/fcsl/roboracer_ws/install/stack_master/share/stack_master/config/opponent_tracker_params.yaml -r /tracking/obstacles:=/tracking/obstacles
  19342 fcsl      20   0 1847704 190860  87764 R  33.8   2.5   0:10.57 /home/fcsl/miniforge3/envs/thirdimpact/bin/python3.12 /home/fcsl/roboracer_ws/install/spliner/lib/spliner/start_spline_node_v2 --ros-args -r __node:=start_planner
  19352 fcsl      20   0 1592912 108816  42116 S  33.3   1.4   0:08.48 python3 /home/fcsl/roboracer_ws/install/gp_traj_predictor/lib/gp_traj_predictor/opponent_trajectory --ros-args -r __node:=OpponentHalflap
  19340 fcsl      20   0 1847760 190904  87768 R  32.9   2.5   0:10.45 /home/fcsl/miniforge3/envs/thirdimpact/bin/python3.12 /home/fcsl/roboracer_ws/install/recovery_spliner/lib/recovery_spliner/recovery_spliner_node --ros-args -r __node:=recovery_spliner_node
  19344 fcsl      20   0 1815936 166668  83084 R  32.4   2.1   0:10.27 /home/fcsl/miniforge3/envs/thirdimpact/bin/python3.12 /home/fcsl/roboracer_ws/install/spliner/lib/spliner/static_avoidance_node --ros-args -r __node:=static_avoidance_planner --params-file /home/fcsl/roboracer_ws/install/stack_master/share/stack_master/config/static_avoidance_planner.yaml -r /planner/avoidance/otwpnts:=/planner/avoidance/static_otwpnts
  19356 fcsl      20   0 1118620  67644  27292 S  31.9   0.9   0:07.57 python3 /home/fcsl/roboracer_ws/install/gp_traj_predictor/lib/gp_traj_predictor/opp_prediction --ros-args -r __node:=opponent_propagation_predictor
  19281 fcsl      20   0 1455628 117548  41644 S  31.4   1.5   0:09.87 /home/fcsl/miniforge3/envs/thirdimpact/bin/python3.12 /home/fcsl/roboracer_ws/install/gb_optimizer/lib/gb_optimizer/global_trajectory_publisher --ros-args -r __node:=global_republisher --params-file /tmp/launch_params_lsq8407e
  19350 fcsl      20   0 1115220  66016  25644 S  28.0   0.8   0:06.45 /home/fcsl/miniforge3/envs/thirdimpact/bin/python3.12 /home/fcsl/roboracer_ws/install/lane_change_planner/lib/lane_change_planner/update_waypoints --ros-args -r __node:=waypoint_updater
  19251 fcsl      20   0  868124  49804  36540 S  25.6   0.6   0:09.22 /home/fcsl/roboracer_ws/install/kiss_icp_localization/lib/kiss_icp_localization/localization_node --ros-args -r __node:=kiss_icp_localization --params-file /home/fcsl/roboracer_ws/install/stack_master/share/stack_master/config/kiss.yaml --params-file /tmp/launch_params_kkza55sc --params-file /tmp/launch_params_bk6s3os3
  19230 fcsl      20   0 1106708  60188  24440 S  14.5   0.8   0:04.58 python3 /home/fcsl/roboracer_ws/install/stack_master/lib/stack_master/simple_mux_node.py --ros-args -r __node:=simple_mux --params-file /home/fcsl/roboracer_ws/install/stack_master/share/stack_master/config/CAR/vehicle_config.yaml --params-file /tmp/launch_params_pywsh3_8 --params-file /tmp/launch_params_yk3h0muz --params-file /tmp/launch_params_uihzw7ry --params-file /tmp/launch_params_5fc12uzq --params-file /tmp/launch_params_nd2qw0hk
  19297 fcsl      20   0 1520296 109888  42496 S  10.6   1.4   0:04.76 /home/fcsl/miniforge3/envs/thirdimpact/bin/python3.12 /home/fcsl/roboracer_ws/install/overtaking_sector_tuner/lib/overtaking_sector_tuner/ot_interpolator --ros-args -r __node:=ot_sector_tuner --params-file /home/fcsl/roboracer_ws/install/stack_master/share/stack_master/maps/0815test3/ot_sectors.yaml --params-file /tmp/launch_params_ti68gs7d
  19216 fcsl      20   0  882452  23352  13904 S   7.2   0.3   0:02.38 /home/fcsl/roboracer_ws/install/vesc_driver/lib/vesc_driver/vesc_driver_node --ros-args -r __node:=vesc_driver_node -r __ns:=/vesc --params-file /home/fcsl/roboracer_ws/install/stack_master/share/stack_master/config/CAR/vehicle_config.yaml
  19326 fcsl      20   0 1127028  54668  33796 S   6.8   0.7   0:02.18 /home/fcsl/roboracer_ws/install/perception/lib/perception/detect --ros-args -r __node:=detect --params-file /home/fcsl/roboracer_ws/install/stack_master/share/stack_master/config/opponent_tracker_params.yaml --params-file /tmp/launch_params_gk8q2zkj
  19213 fcsl      20   0 2285720  52248  16816 S   5.8   0.7   0:04.22 /home/fcsl/miniforge3/envs/thirdimpact/bin/python /home/fcsl/miniforge3/envs/thirdimpact/bin/ros2 launch stack_master race.launch.xml map:=0815test3
  19561 fcsl      20   0  823792  26624  16644 S   4.3   0.3   0:01.51 /home/fcsl/miniforge3/envs/thirdimpact/lib/joy/joy_node
  19289 fcsl      20   0 1118656  67452  26820 S   3.4   0.9   0:02.07 /home/fcsl/miniforge3/envs/thirdimpact/bin/python3.12 /home/fcsl/roboracer_ws/install/sector_tuner/lib/sector_tuner/sector_tuner --ros-args -r __node:=speed_sector_tuner --params-file /home/fcsl/roboracer_ws/install/stack_master/share/stack_master/maps/0815test3/speed_scaling.yaml --params-file /tmp/launch_params_kwlnquqh
  19222 fcsl      20   0  817464  21696  14172 S   2.9   0.3   0:01.08 /home/fcsl/roboracer_ws/install/urg_node/lib/urg_node/urg_node_driver --ros-args -r __node:=urg_node --params-file /home/fcsl/roboracer_ws/install/stack_master/share/stack_master/config/CAR/vehicle_config.yaml -r /scan:=/scan
  19841 fcsl      39  19  386248  22924  17316 D   2.9   0.3   0:00.06 /usr/libexec/tracker-extract-3
   2568 fcsl      39  19  648636  33504  20344 S   2.4   0.4   0:00.60 /usr/libexec/tracker-miner-fs-3
  19354 fcsl      20   0 1085540 142500  48776 S   2.4   1.8   0:03.63 python3 /home/fcsl/roboracer_ws/install/gp_traj_predictor/lib/gp_traj_predictor/gaussian_process_opp_traj --ros-args -r __node:=GP_trajectory
  19249 fcsl      20   0  721960  34992  21568 S   1.9   0.4   0:00.87 /home/fcsl/miniforge3/envs/thirdimpact/lib/nav2_map_server/map_server --ros-args -r __node:=map_server --params-file /tmp/launch_params_7an6qmh_ --params-file /tmp/launch_params_3pildy1p --params-file /tmp/launch_params_bxv9_bd6 --params-file /tmp/launch_params_3ypbuy35
  19220 fcsl      20   0  663144  22044  14644 S   1.4   0.3   0:00.80 /home/fcsl/roboracer_ws/install/vesc_ackermann/lib/vesc_ackermann/vesc_to_odom_node --ros-args -r __node:=vesc_to_odom_node -r __ns:=/vesc --params-file /home/fcsl/roboracer_ws/install/stack_master/share/stack_master/config/CAR/vehicle_config.yaml
  19247 fcsl      20   0  817644  25596  17424 S   1.4   0.3   0:00.84 /home/fcsl/miniforge3/envs/thirdimpact/lib/nav2_lifecycle_manager/lifecycle_manager --ros-args -r __node:=lifecycle_manager_localization --params-file /tmp/launch_params_gzsj1u13 --params-file /tmp/launch_params_7txkr4rh --params-file /tmp/launch_params_ojdu_5r1
  19307 fcsl      20   0 1439676 104352  41088 S   1.4   1.3   0:02.32 /home/fcsl/miniforge3/envs/thirdimpact/bin/python3.12 /home/fcsl/roboracer_ws/install/frenet_conversion_server/lib/frenet_conversion_server/frenet_conversion_server_node --ros-args -r __node:=frenet_conversion_server_node --params-file /tmp/launch_params_1_pyfy3w
  19553 fcsl      20   0   12120   3496   2676 R   1.4   0.0   0:00.39 top -b -c -w 512 -d 2
    200 root     -51   0       0      0      0 S   1.0   0.0   0:00.34 [irq/234-nvme0q2]
    253 root      19  -1   40524   9664   8044 S   1.0   0.1   0:00.51 /lib/systemd/systemd-journald
  11828 fcsl      20   0   18824   8292   6100 S   1.0   0.1   0:00.52 sshd: fcsl@pts/5
  19218 fcsl      20   0  663148  21880  14464 S   1.0   0.3   0:00.58 /home/fcsl/roboracer_ws/install/vesc_ackermann/lib/vesc_ackermann/ackermann_to_vesc_node --ros-args -r __node:=ackermann_to_vesc_node -r __ns:=/vesc --params-file /home/fcsl/roboracer_ws/install/stack_master/share/stack_master/config/CAR/vehicle_config.yaml
  19245 fcsl      20   0 1106632  62568  24328 S   1.0   0.8   0:01.22 python3 /home/fcsl/roboracer_ws/install/stack_master/lib/stack_master/map_relay_node.py --ros-args -r __node:=map_relay_node
    273 root      20   0       0      0      0 I   0.5   0.0   0:00.49 [kworker/u12:8-events_unbound]
    309 root      20   0   24048   6028   3380 S   0.5   0.1   0:02.03 /lib/systemd/systemd-udevd
    320 root      20   0   23808   5888   3448 S   0.5   0.1   0:05.13 /lib/systemd/systemd-udevd
   1564 fcsl      20   0   10132   4876   3144 S   0.5   0.1   0:00.45 /usr/bin/dbus-daemon --session --address=systemd: --nofork --nopidfile --systemd-activation --syslog-only
   1988 fcsl      20   0  240908   6992   6104 S   0.5   0.1   0:00.04 /usr/libexec/gvfsd
   2529 fcsl      20   0  511652  21360   3648 S   0.5   0.3   0:01.00 python3 /usr/share/nvpmodel_indicator/nvpmodel_indicator.py
   5917 fcsl      20   0   11.1g 174268  46284 S   0.5   2.2   0:10.09 /home/fcsl/.vscode-server/cli/servers/Stable-6a49527b96e326fe62fbdb56f60e16877c9aa724/server/node /home/fcsl/.vscode-server/cli/servers/Stable-6a49527b96e326fe62fbdb56f60e16877c9aa724/server/out/server-main.js --connection-token=remotessh --accept-server-license-terms --agent-host-bridge-port=41459 --agent-host-bridge-host=127.0.0.1 --agent-host-bridge-connection-token=03adc759-cc11-482d-a5c4-3d1cf335af96 --start-server --enable-remote+
   6720 fcsl      20   0   42.1g 668856  59704 S   0.5   8.6   1:04.10 /home/fcsl/.vscode-server/cli/servers/Stable-6a49527b96e326fe62fbdb56f60e16877c9aa724/server/node --dns-result-order=ipv4first /home/fcsl/.vscode-server/cli/servers/Stable-6a49527b96e326fe62fbdb56f60e16877c9aa724/server/out/bootstrap-fork --type=extensionHost --transformURIs --useHostProxy=false
   6731 fcsl      20   0  997088  80596  41996 S   0.5   1.0   0:07.43 /home/fcsl/.vscode-server/cli/servers/Stable-6a49527b96e326fe62fbdb56f60e16877c9aa724/server/node /home/fcsl/.vscode-server/cli/servers/Stable-6a49527b96e326fe62fbdb56f60e16877c9aa724/server/out/bootstrap-fork --type=fileWatcher
  19224 fcsl      20   0 1113316  63836  25836 S   0.5   0.8   0:01.23 python3 /home/fcsl/roboracer_ws/install/stack_master/lib/stack_master/static_tf_publisher.py --ros-args -r __node:=static_tf_publisher --params-file /home/fcsl/roboracer_ws/install/stack_master/share/stack_master/config/CAR/static_transforms.yaml
      1 root      20   0  167496  11476   7176 S   0.0   0.1   0:03.45 /sbin/init 2
      2 root      20   0       0      0      0 S   0.0   0.0   0:00.01 [kthreadd]
      3 root       0 -20       0      0      0 I   0.0   0.0   0:00.00 [rcu_gp]
      4 root       0 -20       0      0      0 I   0.0   0.0   0:00.00 [rcu_par_gp]
      5 root       0 -20       0      0      0 I   0.0   0.0   0:00.00 [slub_flushwq]
      6 root       0 -20       0      0      0 I   0.0   0.0   0:00.00 [netns]
      8 root       0 -20       0      0      0 I   0.0   0.0   0:00.00 [kworker/0:0H-events_highpri]
     10 root       0 -20       0      0      0 I   0.0   0.0   0:00.00 [mm_percpu_wq]
     11 root      20   0       0      0      0 S   0.0   0.0   0:00.00 [rcu_tasks_kthre]
     12 root      20   0       0      0      0 S   0.0   0.0   0:00.00 [rcu_tasks_rude_]
     13 root      20   0       0      0      0 S   0.0   0.0   0:00.00 [rcu_tasks_trace]
     14 root      20   0       0      0      0 S   0.0   0.0   0:00.72 [ksoftirqd/0]
     15 root      20   0       0      0      0 I   0.0   0.0   0:00.36 [rcu_preempt]
     16 root      rt   0       0      0      0 S   0.0   0.0   0:00.00 [migration/0]
     17 root      20   0       0      0      0 S   0.0   0.0   0:00.00 [cpuhp/0]
     18 root      20   0       0      0      0 S   0.0   0.0   0:00.00 [cpuhp/1]
     19 root      rt   0       0      0      0 S   0.0   0.0   0:00.00 [migration/1]
     20 root      20   0       0      0      0 S   0.0   0.0   0:00.14 [ksoftirqd/1]
     22 root       0 -20       0      0      0 I   0.0   0.0   0:00.00 [kworker/1:0H-events_highpri]
     23 root      20   0       0      0      0 S   0.0   0.0   0:00.00 [cpuhp/2]
     24 root      rt   0       0      0      0 S   0.0   0.0   0:00.00 [migration/2]
     25 root      20   0       0      0      0 S   0.0   0.0   0:00.15 [ksoftirqd/2]
     27 root       0 -20       0      0      0 I   0.0   0.0   0:00.00 [kworker/2:0H-kblockd]
     28 root      20   0       0      0      0 S   0.0   0.0   0:00.00 [cpuhp/3]
     29 root      rt   0       0      0      0 S   0.0   0.0   0:00.00 [migration/3]
     30 root      20   0       0      0      0 S   0.0   0.0   0:00.18 [ksoftirqd/3]
     31 root      20   0       0      0      0 I   0.0   0.0   0:00.07 [kworker/3:0-mm_percpu_wq]
     32 root       0 -20       0      0      0 I   0.0   0.0   0:00.00 [kworker/3:0H-events_highpri]
     33 root      20   0       0      0      0 S   0.0   0.0   0:00.00 [cpuhp/4]
     34 root      rt   0       0      0      0 S   0.0   0.0   0:00.00 [migration/4]
     35 root      20   0       0      0      0 S   0.0   0.0   0:00.15 [ksoftirqd/4]
     37 root       0 -20       0      0      0 I   0.0   0.0   0:00.00 [kworker/4:0H-events_highpri]
     38 root      20   0       0      0      0 S   0.0   0.0   0:00.00 [cpuhp/5]
     39 root      rt   0       0      0      0 S   0.0   0.0   0:00.00 [migration/5]
     40 root      20   0       0      0      0 S   0.0   0.0   0:00.13 [ksoftirqd/5]
     42 root       0 -20       0      0      0 I   0.0   0.0   0:00.00 [kworker/5:0H-events_highpri]
     43 root      20   0       0      0      0 S   0.0   0.0   0:00.00 [kdevtmpfs]
     44 root       0 -20       0      0      0 I   0.0   0.0   0:00.00 [inet_frag_wq]
     47 root      20   0       0      0      0 I   0.0   0.0   0:00.01 [kworker/2:1-cgroup_destroy]
     50 root      20   0       0      0      0 I   0.0   0.0   0:00.00 [kworker/4:1-events]
     51 root      20   0       0      0      0 S   0.0   0.0   0:00.00 [kauditd]
     52 root      20   0       0      0      0 S   0.0   0.0   0:00.00 [oom_reaper]
     53 root       0 -20       0      0      0 I   0.0   0.0   0:00.00 [writeback]
     54 root      20   0       0      0      0 S   0.0   0.0   0:00.00 [kcompactd0]
     55 root      25   5       0      0      0 S   0.0   0.0   0:00.00 [ksmd]
     56 root      39  19       0      0      0 S   0.0   0.0   0:00.16 [khugepaged]
     67 root       0 -20       0      0      0 I   0.0   0.0   0:00.00 [cryptd]
     86 root       0 -20       0      0      0 I   0.0   0.0   0:00.00 [kintegrityd]
     87 root       0 -20       0      0      0 I   0.0   0.0   0:00.00 [kblockd]
     88 root       0 -20       0      0      0 I   0.0   0.0   0:00.00 [blkcg_punt_bio]
     89 root       0 -20       0      0      0 I   0.0   0.0   0:00.00 [tpm_dev_wq]
     90 root       0 -20       0      0      0 I   0.0   0.0   0:00.00 [ata_sff]
     91 root       0 -20       0      0      0 I   0.0   0.0   0:00.00 [edac-poller]
     92 root       0 -20       0      0      0 I   0.0   0.0   0:00.00 [devfreq_wq]
     93 root     -51   0       0      0      0 S   0.0   0.0   0:00.00 [watchdogd]
     94 root      20   0       0      0      0 I   0.0   0.0   0:00.69 [kworker/u12:1-events_freezable_power_]
     95 root      20   0       0      0      0 I   0.0   0.0   0:00.49 [kworker/u12:2-events_freezable_power_]
     96 root       0 -20       0      0      0 I   0.0   0.0   0:00.00 [kworker/0:1H-kblockd]
     97 root       0 -20       0      0      0 I   0.0   0.0   0:00.00 [rpciod]
     98 root       0 -20       0      0      0 I   0.0   0.0   0:00.03 [kworker/u13:0-hci0]
     99 root       0 -20       0      0      0 I   0.0   0.0   0:00.00 [xprtiod]
    127 root      20   0       0      0      0 S   0.0   0.0   0:00.36 [kswapd0]
    128 root       0 -20       0      0      0 I   0.0   0.0   0:00.00 [nfsiod]
    132 root       0 -20       0      0      0 I   0.0   0.0   0:00.00 [vfio-irqfd-clea]
    133 root       0 -20       0      0      0 I   0.0   0.0   0:00.00 [bch_btree_io]
    134 root       0 -20       0      0      0 I   0.0   0.0   0:00.00 [bcache]
    135 root       0 -20       0      0      0 I   0.0   0.0   0:00.00 [bch_journal]
    136 root       0 -20       0      0      0 I   0.0   0.0   0:00.00 [dm_bufio_cache]
    138 root      10 -10       0      0      0 S   0.0   0.0   0:00.00 [krfcommd]
    139 root      20   0       0      0      0 S   0.0   0.0   0:00.00 [pr/tty0]
    140 root      20   0       0      0      0 S   0.0   0.0   0:02.86 [pr/ttyTCU0]
    143 root     -51   0       0      0      0 S   0.0   0.0   0:00.00 [irq/114-3160000]
    145 root     -51   0       0      0      0 S   0.0   0.0   0:00.00 [irq/115-3180000]
    146 root      20   0       0      0      0 I   0.0   0.0   0:00.38 [kworker/1:3-mm_percpu_wq]
    147 root     -51   0       0      0      0 S   0.0   0.0   0:00.00 [irq/116-31b0000]
    148 root     -51   0       0      0      0 S   0.0   0.0   0:00.00 [irq/167-c240000]
    149 root     -51   0       0      0      0 S   0.0   0.0   0:00.00 [irq/168-c250000]
    150 root     -51   0       0      0      0 S   0.0   0.0   0:00.00 [irq/125-3610000]
    151 root     -51   0       0      0      0 S   0.0   0.0   0:00.00 [irq/122-3610000]
    152 root      20   0       0      0      0 I   0.0   0.0   0:00.03 [kworker/5:3-mm_percpu_wq]
    153 root       0 -20       0      0      0 I   0.0   0.0   0:00.00 [sdhci]
    154 root     -51   0       0      0      0 S   0.0   0.0   0:00.00 [irq/120-mmc0]
    155 root     -51   0       0      0      0 S   0.0   0.0   0:00.00 [irq/230-3400000]
    156 root      20   0       0      0      0 I   0.0   0.0   0:00.06 [kworker/2:2-mm_percpu_wq]
    173 root       0 -20       0      0      0 I   0.0   0.0   0:00.00 [kworker/1:1H-kblockd]
    174 root      20   0       0      0      0 I   0.0   0.0   0:00.00 [kworker/3:2-mm_percpu_wq]
    179 root     -51   0       0      0      0 S   0.0   0.0   0:00.00 [irq/191-tegra-p]
    180 root       0 -20       0      0      0 I   0.0   0.0   0:00.00 [nvme-wq]
    181 root       0 -20       0      0      0 I   0.0   0.0   0:00.00 [nvme-reset-wq]
    182 root       0 -20       0      0      0 I   0.0   0.0   0:00.00 [nvme-delete-wq]
    191 root     -51   0       0      0      0 S   0.0   0.0   0:00.00 [irq/191-aerdrv]
    192 root     -51   0       0      0      0 S   0.0   0.0   0:00.00 [irq/193-tegra-p]
    195 root     -51   0       0      0      0 S   0.0   0.0   0:00.00 [irq/193-aerdrv]
    196 root     -51   0       0      0      0 S   0.0   0.0   0:00.00 [irq/195-tegra-p]
    198 root     -51   0       0      0      0 S   0.0   0.0   0:00.00 [irq/232-nvme0q0]
    199 root     -51   0       0      0      0 S   0.0   0.0   0:00.23 [irq/233-nvme0q1]
    201 root     -51   0       0      0      0 S   0.0   0.0   0:00.18 [irq/235-nvme0q3]
    202 root     -51   0       0      0      0 S   0.0   0.0   0:00.22 [irq/236-nvme0q4]
    203 root     -51   0       0      0      0 S   0.0   0.0   0:00.06 [irq/237-nvme0q5]
    204 root     -51   0       0      0      0 S   0.0   0.0   0:00.06 [irq/238-nvme0q6]
    205 root      20   0       0      0      0 I   0.0   0.0   0:00.50 [kworker/u12:4-events_freezable_power_]
    209 root      20   0       0      0      0 S   0.0   0.0   0:00.13 [jbd2/nvme0n1p1-]
    210 root       0 -20       0      0      0 I   0.0   0.0   0:00.00 [ext4-rsv-conver]
    211 root       0 -20       0      0      0 I   0.0   0.0   0:00.00 [kworker/2:1H-kblockd]
    220 root       0 -20       0      0      0 I   0.0   0.0   0:00.00 [mld]
    221 root       0 -20       0      0      0 I   0.0   0.0   0:00.00 [kworker/3:1H-kblockd]
    222 root       0 -20       0      0      0 I   0.0   0.0   0:00.00 [ipv6_addrconf]
    267 root      20   0       0      0      0 I   0.0   0.0   0:00.04 [kworker/4:2-mm_percpu_wq]
    270 root      20   0       0      0      0 I   0.0   0.0   0:00.47 [kworker/u12:5-events_freezable_power_]
    271 root      20   0       0      0      0 I   0.0   0.0   0:00.62 [kworker/u12:6-events_unbound]
    272 root      20   0       0      0      0 I   0.0   0.0   0:00.36 [kworker/u12:7-devfreq_wq]
    283 root      39  19       0      0      0 S   0.0   0.0   0:00.00 [nvmap-bz]
    284 root     -51   0       0      0      0 S   0.0   0.0   0:00.00 [irq/188-host1x_]
    286 root     -51   0       0      0      0 S   0.0   0.0   0:00.00 [irq/197-gk20a_s]
    287 root     -51   0       0      0      0 S   0.0   0.0   0:00.00 [irq/198-gk20a_s]
    288 root     -51   0       0      0      0 S   0.0   0.0   0:00.00 [irq/199-gk20a_s]
    289 root     -51   0       0      0      0 S   0.0   0.0   0:00.00 [irq/200-gk20a_n]
    293 root      20   0    9792   2792   2528 S   0.0   0.0   0:00.00 /bin/bash /etc/systemd/nv-tee-supplicant.sh
    298 root      20   0   76588   1360   1248 S   0.0   0.0   0:00.01 /usr/sbin/tee-supplicant
    299 root       0 -20       0      0      0 I   0.0   0.0   0:00.00 [optee_bus_scan]
    307 root       0 -20       0      0      0 I   0.0   0.0   0:00.00 [kworker/4:1H-kblockd]
    310 root      20   0   23744   5080   2712 S   0.0   0.1   0:00.16 /lib/systemd/systemd-udevd
    311 root      20   0   23396   4308   2228 S   0.0   0.1   0:00.12 /lib/systemd/systemd-udevd
    312 root      20   0   23508   4468   2212 S   0.0   0.1   0:00.15 /lib/systemd/systemd-udevd
    313 root      20   0   24528   6416   3228 S   0.0   0.1   0:00.31 /lib/systemd/systemd-udevd
    314 root      20   0   23532   4792   2660 S   0.0   0.1   0:00.24 /lib/systemd/systemd-udevd
    315 root      20   0   23500   5188   3048 S   0.0   0.1   0:00.27 /lib/systemd/systemd-udevd
    316 root      20   0   23520   4608   2452 S   0.0   0.1   0:00.16 /lib/systemd/systemd-udevd
    317 root      20   0   23540   4232   2096 S   0.0   0.1   0:00.14 /lib/systemd/systemd-udevd
    318 root      20   0   23548   4688   2540 S   0.0   0.1   0:00.10 /lib/systemd/systemd-udevd
    321 root      20   0   23396   5028   2908 S   0.0   0.1   0:00.19 /lib/systemd/systemd-udevd
    322 root      20   0   23500   5104   2852 S   0.0   0.1   0:00.18 /lib/systemd/systemd-udevd
    323 root      20   0   23516   4360   2096 S   0.0   0.1   0:00.16 /lib/systemd/systemd-udevd
    324 root      20   0   23520   4748   2480 S   0.0   0.1   0:00.18 /lib/systemd/systemd-udevd
    325 root      20   0   23500   5072   2820 S   0.0   0.1   0:00.20 /lib/systemd/systemd-udevd
    326 root      20   0   23548   4624   2476 S   0.0   0.1   0:00.16 /lib/systemd/systemd-udevd
    327 root      20   0   24548   5496   2292 S   0.0   0.1   0:00.21 /lib/systemd/systemd-udevd
    328 root      20   0   23516   4380   2212 S   0.0   0.1   0:00.13 /lib/systemd/systemd-udevd
    329 root      20   0   23524   4452   2300 S   0.0   0.1   0:00.19 /lib/systemd/systemd-udevd
    330 root      20   0   23524   4592   2440 S   0.0   0.1   0:00.22 /lib/systemd/systemd-udevd
    331 root      20   0   23524   4792   2636 S   0.0   0.1   0:00.14 /lib/systemd/systemd-udevd
    332 root       0 -20       0      0      0 I   0.0   0.0   0:00.00 [kworker/5:1H-kblockd]
    334 root      20   0   23524   4712   2532 S   0.0   0.1   0:00.16 /lib/systemd/systemd-udevd
    336 root      20   0       0      0      0 S   0.0   0.0   0:00.00 [15820000.crypto]
    337 root      20   0       0      0      0 S   0.0   0.0   0:00.00 [15840000.crypto]
    358 root      20   0   23544   4432   2140 S   0.0   0.1   0:00.15 /lib/systemd/systemd-udevd
    359 root      20   0   23524   4288   2096 S   0.0   0.1   0:00.12 /lib/systemd/systemd-udevd
    360 root      20   0   23524   4412   2220 S   0.0   0.1   0:00.14 /lib/systemd/systemd-udevd
    361 root      20   0   23524   5004   2812 S   0.0   0.1   0:00.17 /lib/systemd/systemd-udevd
    362 root      20   0   23524   4832   2644 S   0.0   0.1   0:00.23 /lib/systemd/systemd-udevd
    363 root      20   0   23816   4580   2144 S   0.0   0.1   0:00.15 /lib/systemd/systemd-udevd
    414 root     -51   0       0      0      0 S   0.0   0.0   0:00.00 [irq/219-bc00000]
    415 root      -2   0       0      0      0 S   0.0   0.0   0:00.00 [capture-control]
    416 root      -2   0       0      0      0 S   0.0   0.0   0:00.00 [capture]
    447 root     -51   0       0      0      0 S   0.0   0.0   0:00.00 [irq/189-tegra-p]
    448 root     -51   0       0      0      0 S   0.0   0.0   0:00.00 [irq/240-nvvrs-p]
    449 root     -51   0       0      0      0 S   0.0   0.0   0:00.00 [irq/214-tegra_d]
    450 root     -51   0       0      0      0 S   0.0   0.0   0:00.00 [irq/215-tegra_d]
    451 root       0 -20       0      0      0 I   0.0   0.0   0:00.00 [dce-async-ipc-w]
    452 root      20   0       0      0      0 S   0.0   0.0   0:00.00 [nv_queue]
    453 root      20   0       0      0      0 S   0.0   0.0   0:00.00 [nv_queue]
    454 root     -51   0       0      0      0 S   0.0   0.0   0:00.00 [irq/189-aerdrv]
    524 root       0 -20       0      0      0 I   0.0   0.0   0:00.00 [cfg80211]
    543 root     -51   0       0      0      0 S   0.0   0.0   0:00.00 [irq/118-3210000]
    552 root      20   0       0      0      0 S   0.0   0.0   0:00.00 [spi0]
    554 root     -51   0       0      0      0 S   0.0   0.0   0:00.00 [irq/119-3230000]
    555 root      20   0       0      0      0 S   0.0   0.0   0:00.00 [spi1]
    632 root       0 -20       0      0      0 I   0.0   0.0   0:00.00 [btfwwork]
    670 root       0 -20       0      0      0 I   0.0   0.0   0:00.00 [kworker/u13:2-hci0]
    672 root      20   0    8236   7372   1432 S   0.0   0.1   0:00.30 /usr/sbin/haveged --Foreground --verbose=1
    674 _rpc      20   0    7964   2112   1760 S   0.0   0.0   0:00.00 /sbin/rpcbind -f -w
    681 systemd+  20   0   25544  12588   8156 S   0.0   0.2   0:00.26 /lib/systemd/systemd-resolved
    682 systemd+  20   0   88788   6156   5312 S   0.0   0.1   0:00.08 /lib/systemd/systemd-timesyncd
    728 avahi     20   0    8088   2652   2300 S   0.0   0.0   0:00.08 avahi-daemon: running [ubuntu.local]
    729 root      20   0    9892   4484   4044 S   0.0   0.1   0:00.07 /usr/lib/bluetooth/bluetoothd -d --noplugin=audio,a2dp,avrcp
    730 message+  20   0   11448   5648   3108 S   0.0   0.1   0:01.66 @dbus-daemon --system --address=systemd: --nofork --nopidfile --systemd-activation --syslog-only
    731 root      20   0  263764  20360  14144 S   0.0   0.3   0:01.12 /usr/sbin/NetworkManager --no-daemon
    737 root      20   0   42224  19668   9972 S   0.0   0.3   0:00.14 /usr/bin/python3 /usr/bin/networkd-dispatcher --run-startup-triggers
    744 root      20   0   27644  15072   7804 S   0.0   0.2   0:00.10 python3 /opt/nvidia/pva-allow-2/bin/nvidiaPvaAllowd.py
    749 root      20   0  243232  10120   6268 S   0.0   0.1   0:03.17 /usr/libexec/polkitd --no-debug
    753 root      20   0  240320   8560   5832 S   0.0   0.1   0:00.04 /usr/libexec/power-profiles-daemon
    760 syslog    20   0  222164   8356   3224 S   0.0   0.1   0:00.14 /usr/sbin/rsyslogd -n -iNONE
    762 root      20   0    2240    708    628 S   0.0   0.0   0:00.00 seatd -g video
    767 root      20   0 2145820  48520  24160 S   0.0   0.6   0:04.95 /snap/snapd/current/usr/lib/snapd/snapd
    769 root      20   0  241096   7752   5856 S   0.0   0.1   0:00.80 /usr/libexec/accounts-daemon
    772 root      20   0  236800   5804   5196 S   0.0   0.1   0:00.02 /usr/libexec/switcheroo-control
    773 lp        20   0    2308    112      0 S   0.0   0.0   0:00.00 /usr/sbin/lpd -s
    774 root      20   0   48808   7200   5948 S   0.0   0.1   0:00.19 /lib/systemd/systemd-logind
    778 root      20   0  394856  14472   9176 S   0.0   0.2   0:00.28 /usr/libexec/udisks2/udisksd
    780 root      20   0   16532   9744   7852 S   0.0   0.1   0:00.08 /sbin/wpa_supplicant -u -s -O /run/wpa_supplicant
    800 avahi     20   0    7816    352      0 S   0.0   0.0   0:00.00 avahi-daemon: chroot helper
    816 root      20   0  320884  13460   9472 S   0.0   0.2   0:00.12 /usr/sbin/ModemManager
    818 root      rt   0       0      0      0 S   0.0   0.0   0:00.34 [sugov:0]
    823 root      rt   0       0      0      0 S   0.0   0.0   0:00.30 [sugov:4]
    910 root      20   0    2460   1560   1380 S   0.0   0.0   0:00.40 /usr/sbin/nvfancontrol &
    930 root      20   0       0      0      0 S   0.0   0.0   0:00.00 [sw-quiesce]
    931 root      20   0       0      0      0 S   0.0   0.0   0:01.08 [nvgpu_channel_p]
    934 root      20   0       0      0      0 S   0.0   0.0   0:00.00 [nvgpu_pg_init_g]
    954 root      20   0       0      0      0 S   0.0   0.0   0:00.00 [nvgpu_clk_arb_p]
    979 root      20   0       0      0      0 S   0.0   0.0   0:01.09 [RTW_CMD_THREAD]
    981 root      20   0       0      0      0 I   0.0   0.0   0:00.32 [kworker/u12:9-events_freezable_power_]
   1016 root      20   0   75936   9728   7908 S   0.0   0.1   0:00.01 /usr/sbin/nvargus-daemon
   1017 root      20   0    9792   2900   2608 S   0.0   0.0   0:00.00 /bin/bash /etc/systemd/nvmemwarning.sh
   1037 root      20   0   22192   1708   1512 S   0.0   0.0   0:00.00 /usr/sbin/nvs-service
   1062 root      20   0    2336    760    672 S   0.0   0.0   0:01.58 /bin/sh /snap/cups/1237/scripts/run-cups-browsed
   1064 root      20   0    2336   1388   1264 S   0.0   0.0   0:01.60 /bin/sh /snap/cups/1237/scripts/run-cupsd
   1065 root      20   0       0      0      0 S   0.0   0.0   0:00.00 [pr/ramoops-1]
   1096 root      20   0 2012952  50020  29076 S   0.0   0.6   0:01.47 /usr/bin/containerd
   1110 root      20   0    9448   2412   2172 S   0.0   0.0   0:00.00 /usr/sbin/cron -f -P
   1136 kernoops  20   0   12820    456      0 S   0.0   0.0   0:00.00 /usr/sbin/kerneloops --test
   1145 root      20   0  241780   8612   6932 S   0.0   0.1   0:00.03 /usr/sbin/gdm3
   1162 kernoops  20   0   12820    452      0 S   0.0   0.0   0:00.00 /usr/sbin/kerneloops
   1164 root      20   0    8144    716    640 S   0.0   0.0   0:00.00 /sbin/agetty -o -p -- \u --keep-baud 115200,57600,38400,9600 ttyGS0 vt220
   1171 root      20   0    8144    724    648 S   0.0   0.0   0:00.00 /sbin/agetty -o -p -- \u --keep-baud 115200,57600,38400,9600 ttyTCU0 vt220
   1210 root      20   0  172548   9532   7592 S   0.0   0.1   0:00.04 gdm-session-worker [pam/gdm-autologin]
   1310 root      20   0    3076    916    804 S   0.0   0.0   0:00.00 /usr/sbin/nvphsd
   1316 root      20   0    3208   1408   1248 S   0.0   0.0   0:00.00 /usr/sbin/nvphsd
   1337 root      20   0 2166840  89332  54988 S   0.0   1.1   0:00.70 /usr/bin/dockerd -H fd:// --containerd=/run/containerd/containerd.sock
   1338 root      20   0   15232   8036   6460 S   0.0   0.1   0:00.02 sshd: /usr/sbin/sshd -D [listener] 0 of 10-100 startups
   1342 root      20   0       0      0      0 S   0.0   0.0   0:00.00 [file-storage]
   1350 fcsl      20   0   18416   9892   7060 S   0.0   0.1   0:00.72 /lib/systemd/systemd --user
   1360 fcsl      20   0  106740   4520      0 S   0.0   0.1   0:00.00 (sd-pam)
   1538 fcsl       9 -11   40232   5728   4620 S   0.0   0.1   0:00.02 /usr/bin/pipewire
   1539 fcsl      20   0   23884   5672   4592 S   0.0   0.1   0:00.08 /usr/bin/pipewire-media-session
   1540 fcsl       9 -11  890556  20284  12116 S   0.0   0.3   0:00.39 /usr/bin/pulseaudio --daemonize=no --log-target=journal
   1545 fcsl      20   0  241000   6164   5312 S   0.0   0.1   0:00.04 /usr/bin/gnome-keyring-daemon --daemonize --login
   1548 rtkit     21   1  153508   1472   1264 S   0.0   0.0   0:00.02 /usr/libexec/rtkit-daemon
   1559 fcsl      20   0  162628   5416   4908 S   0.0   0.1   0:00.00 /usr/libexec/gdm-x-session --run-script env GNOME_SHELL_SESSION_MODE=ubuntu /usr/bin/gnome-session --session=ubuntu
   1561 root      20   0   24.2g  80668  35156 S   0.0   1.0   0:00.52 /usr/lib/xorg/Xorg vt2 -displayfd 3 -auth /run/user/1000/gdm/Xauthority -nolisten tcp -background none -noreset -keeptty -novtswitch -verbose 3
   1587 root      20   0       0      0      0 S   0.0   0.0   0:00.00 [nvidia-modeset/]
   1588 root      20   0       0      0      0 S   0.0   0.0   0:00.00 [nvidia-modeset/]
   1590 root      20   0       0      0      0 S   0.0   0.0   0:00.00 [nvidia]
   1591 root      20   0       0      0      0 S   0.0   0.0   0:00.00 [nv_queue]
   1729 root      20   0       0      0      0 S   0.0   0.0   0:00.00 [nvidia-drm-nv-t]
   1730 root     -51   0       0      0      0 S   0.0   0.0   0:00.00 [card1-crtc0]
   1731 root     -51   0       0      0      0 S   0.0   0.0   0:00.00 [card1-crtc1]
   1824 fcsl      20   0  225936  13728  11972 S   0.0   0.2   0:00.05 /usr/libexec/gnome-session-binary --session=ubuntu
   1916 fcsl      20   0  309864   6752   6032 S   0.0   0.1   0:00.01 /usr/libexec/at-spi-bus-launcher
   1922 fcsl      20   0    8828   3616   3116 S   0.0   0.0   0:00.01 /usr/bin/dbus-daemon --config-file=/usr/share/defaults/at-spi2/accessibility.conf --nofork --print-address 11 --address=unix:path=/run/user/1000/at-spi/bus_0
   1979 fcsl      20   0   91892   2520   2152 S   0.0   0.0   0:00.00 /usr/libexec/gnome-session-ctl --monitor
   1996 fcsl      20   0  381064   9284   4640 S   0.0   0.1   0:00.00 /usr/libexec/gvfsd-fuse /run/user/1000/gvfs -f
   1997 fcsl      20   0  596284  17864  12840 S   0.0   0.2   0:00.18 /usr/libexec/gnome-session-binary --systemd-service --session=ubuntu
   2026 fcsl      20   0 3471004 225068  81340 S   0.0   2.9   0:05.98 /usr/bin/gnome-shell
   2040 fcsl      20   0  236356   4876   4440 S   0.0   0.1   0:00.00 /usr/libexec/xdg-permission-store
   2042 fcsl      20   0  584868  17900  13432 S   0.0   0.2   0:00.06 /usr/libexec/gnome-shell-calendar-server
   2051 fcsl      20   0  397280  22796  19136 S   0.0   0.3   0:00.09 /usr/libexec/evolution-source-registry
   2059 root      20   0  242436   7680   6568 S   0.0   0.1   0:00.07 /usr/libexec/upowerd
   2061 fcsl      20   0  600496  38980  29472 S   0.0   0.5   0:00.10 /usr/libexec/goa-daemon
   2068 fcsl      20   0 1321540  31748  23404 S   0.0   0.4   0:00.14 /usr/libexec/evolution-calendar-factory
   2078 fcsl      20   0  341492  12924  11036 S   0.0   0.2   0:00.04 /usr/libexec/goa-identity-service
   2088 fcsl      20   0  156800   4488   4024 S   0.0   0.1   0:00.01 /usr/libexec/dconf-service
   2089 fcsl      20   0  823284  28368  22824 S   0.0   0.4   0:00.08 /usr/libexec/evolution-addressbook-factory
   2105 fcsl      20   0  316604  11380   7284 S   0.0   0.1   0:00.11 /usr/libexec/gvfs-udisks2-volume-monitor
   2113 fcsl      20   0  315332   6412   5548 S   0.0   0.1   0:00.05 /usr/libexec/gvfs-afc-volume-monitor
   2118 fcsl      20   0  238096   6272   5500 S   0.0   0.1   0:00.01 /usr/libexec/gvfs-gphoto2-volume-monitor
   2122 fcsl      20   0  236772   4692   4232 S   0.0   0.1   0:00.01 /usr/libexec/gvfs-mtp-volume-monitor
   2126 fcsl      20   0  236900   7852   5228 S   0.0   0.1   0:00.01 /usr/libexec/gvfs-goa-volume-monitor
   2130 root      20   0  376544  64972  16884 S   0.0   0.8   0:10.29 /usr/libexec/packagekitd
   2138 fcsl      20   0  315228   9344   6144 S   0.0   0.1   0:00.02 /usr/libexec/gvfsd-trash --spawner :1.19 /org/gtk/gvfs/exec_spaw/0
   2165 fcsl      20   0  477596  12872  10592 S   0.0   0.2   0:00.13 /usr/libexec/xdg-desktop-portal
   2175 fcsl      20   0  463504   8420   5632 S   0.0   0.1   0:00.02 /usr/libexec/xdg-document-portal
   2178 fcsl      20   0 2804936  27172  20292 S   0.0   0.3   0:00.09 /usr/bin/gjs /usr/share/gnome-shell/org.gnome.Shell.Notifications
   2182 root      20   0    2232    696    620 S   0.0   0.0   0:00.00 fusermount3 -o rw,nosuid,nodev,fsname=portal,auto_unmount,subtype=portal -- /run/user/1000/doc
   2186 fcsl      20   0  163152   7096   6328 S   0.0   0.1   0:00.01 /usr/libexec/at-spi2-registryd --use-gnome-session
   2187 fcsl      20   0  715372  51180  31356 S   0.0   0.7   0:00.26 /usr/libexec/xdg-desktop-portal-gnome
   2201 fcsl      20   0    2328    836    748 S   0.0   0.0   0:00.00 sh -c /usr/bin/ibus-daemon --panel disable $([ "$XDG_SESSION_TYPE" = "x11" ] && echo "--xim")
   2202 fcsl      20   0  310888   7992   5380 S   0.0   0.1   0:00.01 /usr/libexec/gsd-a11y-settings
   2203 fcsl      20   0  603376  28568  18872 S   0.0   0.4   0:00.19 /usr/libexec/gsd-color
   2207 fcsl      20   0  379084  16400  12388 S   0.0   0.2   0:00.03 /usr/libexec/gsd-datetime
   2209 fcsl      20   0  315524  13140   6156 S   0.0   0.2   0:00.09 /usr/bin/ibus-daemon --panel disable --xim
   2210 fcsl      20   0  312464   8500   5808 S   0.0   0.1   0:00.06 /usr/libexec/gsd-housekeeping
   2212 fcsl      20   0  418272  25220  16048 S   0.0   0.3   0:00.15 /usr/libexec/gsd-keyboard
   2213 fcsl      20   0  934772  29676  19672 S   0.0   0.4   0:00.19 /usr/libexec/gsd-media-keys
   2214 fcsl      20   0  528832  26228  18632 S   0.0   0.3   0:00.18 /usr/libexec/gsd-power
   2216 fcsl      20   0  324816   9584   8232 S   0.0   0.1   0:00.01 /usr/libexec/gsd-print-notifications
   2219 fcsl      20   0  458476   6000   5344 S   0.0   0.1   0:00.02 /usr/libexec/gsd-rfkill
   2222 fcsl      20   0  236616   4660   4280 S   0.0   0.1   0:00.00 /usr/libexec/gsd-screensaver-proxy
   2226 fcsl      20   0  467192   9032   6824 S   0.0   0.1   0:00.07 /usr/libexec/gsd-sharing
   2228 fcsl      20   0  460576   9164   6256 S   0.0   0.1   0:00.01 /usr/libexec/gsd-smartcard
   2233 fcsl      20   0  320568   8140   7112 S   0.0   0.1   0:00.01 /usr/libexec/gsd-sound
   2242 fcsl      20   0  344860  23456  16012 S   0.0   0.3   0:00.17 /usr/libexec/gsd-wacom
   2247 fcsl      20   0  656864  90552  49008 S   0.0   1.2   0:03.98 /usr/bin/gnome-software --gapplication-service
   2248 fcsl      20   0  346536  27696  17768 S   0.0   0.4   0:00.20 /usr/libexec/gsd-xsettings
   2254 fcsl      20   0  842664  65920  47764 S   0.0   0.8   0:00.32 /usr/libexec/evolution-data-server/evolution-alarm-notify
   2278 fcsl      20   0  237728   6576   5956 S   0.0   0.1   0:00.00 /usr/libexec/ibus-dconf
   2289 fcsl      20   0  275472  27360  16048 S   0.0   0.4   0:01.55 /usr/libexec/ibus-extension-gtk3
   2301 fcsl      20   0  232212   6712   5028 S   0.0   0.1   0:00.02 /usr/libexec/gsd-disk-utility-notify
   2302 fcsl      20   0  196992  23344  16300 S   0.0   0.3   0:00.15 /usr/libexec/ibus-x11 --kill-daemon
   2316 fcsl      20   0  512948  41308  23256 S   0.0   0.5   0:00.94 python3 /usr/share/nvpmodel_indicator/nvpmodel_indicator.py
   2317 fcsl      20   0  237616   6672   6068 S   0.0   0.1   0:00.02 /usr/libexec/ibus-portal
   2353 fcsl      20   0  345756  14420  10528 S   0.0   0.2   0:00.02 /usr/libexec/gsd-printer
   2377 colord    20   0  246112  11944   8192 S   0.0   0.2   0:00.16 /usr/libexec/colord
   2462 root      20   0  404236  43620  34000 S   0.0   0.6   0:00.57 /usr/libexec/fwupd/fwupd
   2498 fcsl      20   0 2739436  27332  20372 S   0.0   0.4   0:00.09 /usr/bin/gjs /usr/share/gnome-shell/org.gnome.ScreenSaver
   2511 fcsl      20   0  511640  20804   3160 S   0.0   0.3   0:00.00 python3 /usr/share/nvpmodel_indicator/nvpmodel_indicator.py
   2512 fcsl      20   0  511640  20804   3160 S   0.0   0.3   0:00.00 python3 /usr/share/nvpmodel_indicator/nvpmodel_indicator.py
   2513 fcsl      20   0  511640  20804   3160 S   0.0   0.3   0:00.00 python3 /usr/share/nvpmodel_indicator/nvpmodel_indicator.py
   2514 fcsl      20   0  511640  20804   3160 S   0.0   0.3   0:00.00 python3 /usr/share/nvpmodel_indicator/nvpmodel_indicator.py
   2515 fcsl      20   0  511640  20804   3160 S   0.0   0.3   0:00.00 python3 /usr/share/nvpmodel_indicator/nvpmodel_indicator.py
   2516 fcsl      20   0  511640  20804   3160 S   0.0   0.3   0:00.00 python3 /usr/share/nvpmodel_indicator/nvpmodel_indicator.py
   2517 fcsl      20   0  511640  20804   3160 S   0.0   0.3   0:00.00 python3 /usr/share/nvpmodel_indicator/nvpmodel_indicator.py
   2518 fcsl      20   0  511640  20804   3160 S   0.0   0.3   0:00.00 python3 /usr/share/nvpmodel_indicator/nvpmodel_indicator.py
   2520 fcsl      20   0  511652  20848   3160 S   0.0   0.3   0:00.00 python3 /usr/share/nvpmodel_indicator/nvpmodel_indicator.py
   2521 fcsl      20   0  511652  20848   3160 S   0.0   0.3   0:00.00 python3 /usr/share/nvpmodel_indicator/nvpmodel_indicator.py
   2523 fcsl      20   0  511652  20848   3160 S   0.0   0.3   0:00.00 python3 /usr/share/nvpmodel_indicator/nvpmodel_indicator.py
   2524 fcsl      20   0  511652  20848   3160 S   0.0   0.3   0:00.00 python3 /usr/share/nvpmodel_indicator/nvpmodel_indicator.py
   2525 fcsl      20   0  511652  20848   3160 S   0.0   0.3   0:00.00 python3 /usr/share/nvpmodel_indicator/nvpmodel_indicator.py
   2526 fcsl      20   0  511652  20848   3160 S   0.0   0.3   0:00.00 python3 /usr/share/nvpmodel_indicator/nvpmodel_indicator.py
   2527 fcsl      20   0  511652  20848   3160 S   0.0   0.3   0:00.00 python3 /usr/share/nvpmodel_indicator/nvpmodel_indicator.py
   2528 fcsl      20   0  511652  20848   3160 S   0.0   0.3   0:00.00 python3 /usr/share/nvpmodel_indicator/nvpmodel_indicator.py
   2531 fcsl      20   0  511652  20852   3160 S   0.0   0.3   0:00.00 python3 /usr/share/nvpmodel_indicator/nvpmodel_indicator.py
   2532 fcsl      20   0  511652  20852   3160 S   0.0   0.3   0:00.00 python3 /usr/share/nvpmodel_indicator/nvpmodel_indicator.py
   2558 fcsl      20   0  238820  11516   6280 S   0.0   0.1   0:00.06 /usr/libexec/ibus-engine-hangul --ibus
   2570 fcsl      20   0  345256  24112  16764 S   0.0   0.3   0:00.13 /usr/libexec/xdg-desktop-portal-gtk
   2735 fcsl      20   0  163392   5864   5280 S   0.0   0.1   0:00.01 /usr/libexec/gvfsd-metadata
   2762 root      20   0  136724  11180   9516 S   0.0   0.1   0:00.36 cupsd -f -s /var/snap/cups/common/etc/cups/cups-files.conf -c /var/snap/cups/common/etc/cups/cupsd.conf
   2770 snap_da+  20   0   14484   4204   3512 S   0.0   0.1   0:00.00 /snap/cups/1237/lib/cups/notifier/dbus dbus://
   2771 snap_da+  20   0   14484   4636   3932 S   0.0   0.1   0:00.00 /snap/cups/1237/lib/cups/notifier/dbus dbus://
   2772 snap_da+  20   0   14484   4216   3524 S   0.0   0.1   0:00.00 /snap/cups/1237/lib/cups/notifier/dbus dbus://
   2773 snap_da+  20   0   14484   4272   3576 S   0.0   0.1   0:00.00 /snap/cups/1237/lib/cups/notifier/dbus dbus://
   2774 snap_da+  20   0   14484   4636   3932 S   0.0   0.1   0:00.00 /snap/cups/1237/lib/cups/notifier/dbus dbus://
   2781 root      20   0  260796  17948  13524 S   0.0   0.2   0:00.46 cups-browsed -c /var/snap/cups/common/etc/cups/cups-browsed.conf
   3356 root      20   0   18536   9044   7116 S   0.0   0.1   0:00.03 sshd: fcsl [priv]
   3413 fcsl      20   0   18984   7780   5556 S   0.0   0.1   0:00.42 sshd: fcsl@pts/0
   3414 fcsl      20   0   15168   8696   3028 S   0.0   0.1   0:00.15 -bash
   3656 root      20   0   18536   9052   7124 S   0.0   0.1   0:00.02 sshd: fcsl [priv]
   3699 fcsl      20   0   18984   7800   5576 S   0.0   0.1   0:00.01 sshd: fcsl@pts/1
   3700 fcsl      20   0   15168   8568   2900 S   0.0   0.1   0:00.11 -bash
   3956 root      20   0   18536   9052   7124 S   0.0   0.1   0:00.03 sshd: fcsl [priv]
   3986 fcsl      20   0   18984   7800   5576 S   0.0   0.1   0:00.24 sshd: fcsl@pts/2
   3987 fcsl      20   0   15168   8564   2900 S   0.0   0.1   0:00.06 -bash
   4340 fcsl      20   0  421744  28484  20708 S   0.0   0.4   0:00.18 update-notifier
   5745 root      20   0       0      0      0 I   0.0   0.0   0:00.00 [kworker/5:0-events]
   5746 root      20   0       0      0      0 I   0.0   0.0   0:00.14 [kworker/0:0-events]
   5789 root      20   0   18536   9056   7128 S   0.0   0.1   0:00.03 sshd: fcsl [priv]
   5817 fcsl      20   0   19504   8220   5580 S   0.0   0.1   0:07.80 sshd: fcsl@notty
   5818 fcsl      20   0    9792   2976   2680 S   0.0   0.0   0:00.00 -bash
   5821 fcsl      20   0    2440   1568   1348 S   0.0   0.0   0:00.00 sh
   5868 fcsl      20   0   45844  12856   8268 S   0.0   0.2   0:11.59 /home/fcsl/.vscode-server/code-6a49527b96e326fe62fbdb56f60e16877c9aa724 command-shell --cli-data-dir /home/fcsl/.vscode-server/cli --parent-process-id 5821 --on-host=127.0.0.1 --on-port
   5892 fcsl      20   0   42184   8676   6928 S   0.0   0.1   0:00.04 /home/fcsl/.vscode-server/code-6a49527b96e326fe62fbdb56f60e16877c9aa724 --cli-data-dir /home/fcsl/.vscode-server/cli agent host
   5913 fcsl      20   0    2328    816    732 S   0.0   0.0   0:00.00 sh /home/fcsl/.vscode-server/cli/servers/Stable-6a49527b96e326fe62fbdb56f60e16877c9aa724/server/bin/code-server --connection-token=remotessh --accept-server-license-terms --agent-host-bridge-port=41459 --agent-host-bridge-host=127.0.0.1 --agent-host-bridge-connection-token=03adc759-cc11-482d-a5c4-3d1cf335af96 --start-server --enable-remote-auto-shutdown --socket-path=/tmp/code-9639163c-fbe7-4e2e-8b21-e167c70142b5
   6192 fcsl      20   0  952820  70140  41896 S   0.0   0.9   0:01.94 /home/fcsl/.vscode-server/cli/servers/Stable-6a49527b96e326fe62fbdb56f60e16877c9aa724/server/node /home/fcsl/.vscode-server/cli/servers/Stable-6a49527b96e326fe62fbdb56f60e16877c9aa724/server/out/bootstrap-fork --type=ptyHost --logsPath /home/fcsl/.vscode-server/data/logs/20260817T111943
   6410 root      20   0       0      0      0 I   0.0   0.0   0:00.00 [kworker/1:0-events]
   7080 fcsl      20   0  405524  74872  63060 S   0.0   1.0   0:01.33 /home/fcsl/.vscode-server/extensions/openai.chatgpt-26.810.52044-linux-arm64/bin/linux-aarch64/codex -c features.code_mode_host=true app-server --analytics-default-enabled
   7182 fcsl      20   0   15216   8668   2972 S   0.0   0.1   0:00.05 /usr/bin/bash --init-file /home/fcsl/.vscode-server/cli/servers/Stable-6a49527b96e326fe62fbdb56f60e16877c9aa724/server/out/vs/workbench/contrib/terminal/common/scripts/shellIntegration-bash.sh
   7850 root      20   0   18536   9060   7132 S   0.0   0.1   0:00.04 sshd: fcsl [priv]
   7878 fcsl      20   0   18824   7676   5580 S   0.0   0.1   0:00.02 sshd: fcsl@pts/6
   7879 fcsl      20   0   15168   8708   3036 S   0.0   0.1   0:00.15 -bash
   8118 root      20   0   18536   9060   7132 S   0.0   0.1   0:00.04 sshd: fcsl [priv]
   8146 fcsl      20   0   18984   7680   5580 S   0.0   0.1   0:00.02 sshd: fcsl@pts/8
   8147 fcsl      20   0   15168   8708   3032 S   0.0   0.1   0:00.15 -bash
   8386 root      20   0   18536   9060   7132 S   0.0   0.1   0:00.04 sshd: fcsl [priv]
   8414 fcsl      20   0   18824   7672   5580 S   0.0   0.1   0:00.01 sshd: fcsl@pts/9
   8415 fcsl      20   0   15168   8640   2964 S   0.0   0.1   0:00.12 -bash
  11747 root      20   0       0      0      0 I   0.0   0.0   0:00.00 [kworker/0:2-events]
  11800 root      20   0   18536   9328   7400 S   0.0   0.1   0:00.04 sshd: fcsl [priv]
  11829 fcsl      20   0   15168   9064   3388 S   0.0   0.1   0:00.37 -bash
  16192 root      20   0       0      0      0 I   0.0   0.0   0:00.07 [kworker/u12:3-devfreq_wq]
  16258 root      20   0       0      0      0 I   0.0   0.0   0:00.00 [kworker/0:1-events]
  16292 root      20   0    8112    764    688 S   0.0   0.0   0:00.00 sleep 300
  16331 root      20   0       0      0      0 I   0.0   0.0   0:00.04 [kworker/u12:0-events_freezable_power_]
  19240 fcsl      20   0  206192  31704  14596 S   0.0   0.4   0:00.55 /home/fcsl/miniforge3/envs/thirdimpact/bin/python /home/fcsl/miniforge3/envs/thirdimpact/bin/ros2 run joy joy_node
  19545 fcsl      20   0    8112    780    704 S   0.0   0.0   0:00.00 sleep 180
  19546 fcsl      20   0   10072   3092   2780 S   0.0   0.0   0:00.00 bash ./cpu_profile.sh

top - 11:35:14 up 22 min,  8 users,  load average: 10.08, 5.03, 4.09
Tasks: 409 total,  11 running, 398 sleeping,   0 stopped,   0 zombie
%Cpu(s): 85.6 us, 10.0 sy,  0.4 ni,  0.7 id,  0.1 wa,  1.4 hi,  1.8 si,  0.0 st
MiB Mem :   7607.4 total,   1578.8 free,   3615.0 used,   2413.5 buff/cache
MiB Swap:   3803.7 total,   3803.2 free,      0.5 used.   3721.8 avail Mem 

    PID USER      PR  NI    VIRT    RES    SHR S  %CPU  %MEM     TIME+ COMMAND
  19358 fcsl      20   0 1478356 107388  42672 R  50.2   1.4   0:13.54 /home/fcsl/miniforge3/envs/thirdimpact/bin/python3.12 /home/fcsl/roboracer_ws/install/controller/lib/controller/controller_manager --ros-args -r __node:=controller_manager --params-file /home/fcsl/roboracer_ws/install/stack_master/share/stack_master/config/controller.yaml --params-file /tmp/launch_params_rteop0df --params-file /tmp/launch_params_fgfbn70d
  19336 fcsl      20   0 1447952 110964  42476 R  45.9   1.4   0:14.42 /home/fcsl/miniforge3/envs/thirdimpact/bin/python3.12 /home/fcsl/roboracer_ws/install/state_machine/lib/state_machine/state_machine --ros-args -r __node:=state_machine --params-file /home/fcsl/roboracer_ws/install/stack_master/share/stack_master/config/state_machine_params.yaml --params-file /tmp/launch_params_biwnb6d6 --params-file /tmp/launch_params_30za9fdy --params-file /tmp/launch_params_f2pjkjd6 --params-file /tmp/launch_params_v+
  19311 fcsl      20   0 1473936 105568  41672 R  40.0   1.4   0:11.79 /home/fcsl/miniforge3/envs/thirdimpact/bin/python3.12 /home/fcsl/roboracer_ws/install/frenet_odom_republisher/lib/frenet_odom_republisher/frenet_odom_republisher_node --ros-args -r __node:=frenet_odom_republisher -r /car_state/frenet/odom:=/car_state/odom_frenet
  19346 fcsl      20   0 1873344 220396  90960 R  37.6   2.8   0:12.46 /home/fcsl/miniforge3/envs/thirdimpact/bin/python3.12 /home/fcsl/roboracer_ws/install/lane_change_planner/lib/lane_change_planner/change_avoidance_node --ros-args -r __node:=planner_change --params-file /tmp/launch_params_3lr3b4pe
  19344 fcsl      20   0 1815936 166932  83084 R  37.1   2.1   0:11.03 /home/fcsl/miniforge3/envs/thirdimpact/bin/python3.12 /home/fcsl/roboracer_ws/install/spliner/lib/spliner/static_avoidance_node --ros-args -r __node:=static_avoidance_planner --params-file /home/fcsl/roboracer_ws/install/stack_master/share/stack_master/config/static_avoidance_planner.yaml -r /planner/avoidance/otwpnts:=/planner/avoidance/static_otwpnts
  19328 fcsl      20   0 1472000 130560  46628 R  35.1   1.7   0:10.96 python3 /home/fcsl/roboracer_ws/install/perception/lib/perception/tracking_node --ros-args -r __node:=tracking --params-file /home/fcsl/roboracer_ws/install/stack_master/share/stack_master/config/opponent_tracker_params.yaml -r /tracking/obstacles:=/tracking/obstacles
  19340 fcsl      20   0 1847760 191164  87768 R  33.2   2.5   0:11.13 /home/fcsl/miniforge3/envs/thirdimpact/bin/python3.12 /home/fcsl/roboracer_ws/install/recovery_spliner/lib/recovery_spliner/recovery_spliner_node --ros-args -r __node:=recovery_spliner_node
  19342 fcsl      20   0 1847704 191124  87764 R  33.2   2.5   0:11.25 /home/fcsl/miniforge3/envs/thirdimpact/bin/python3.12 /home/fcsl/roboracer_ws/install/spliner/lib/spliner/start_spline_node_v2 --ros-args -r __node:=start_planner
  19352 fcsl      20   0 1592912 108816  42116 S  33.2   1.4   0:09.16 python3 /home/fcsl/roboracer_ws/install/gp_traj_predictor/lib/gp_traj_predictor/opponent_trajectory --ros-args -r __node:=OpponentHalflap
  19356 fcsl      20   0 1119648  67908  27292 S  32.2   0.9   0:08.23 python3 /home/fcsl/roboracer_ws/install/gp_traj_predictor/lib/gp_traj_predictor/opp_prediction --ros-args -r __node:=opponent_propagation_predictor
  19314 fcsl      20   0 1114280  64732  25816 R  31.2   0.8   0:10.26 /home/fcsl/miniforge3/envs/thirdimpact/bin/python3.12 /home/fcsl/roboracer_ws/install/lap_analyser/lib/lap_analyser/lap_analyser --ros-args -r __node:=lap_analyser --params-file /tmp/launch_params_0px3ph6a
  19281 fcsl      20   0 1455628 117548  41644 S  28.3   1.5   0:10.45 /home/fcsl/miniforge3/envs/thirdimpact/bin/python3.12 /home/fcsl/roboracer_ws/install/gb_optimizer/lib/gb_optimizer/global_trajectory_publisher --ros-args -r __node:=global_republisher --params-file /tmp/launch_params_lsq8407e
  19350 fcsl      20   0 1115224  66288  25644 S  27.8   0.9   0:07.02 /home/fcsl/miniforge3/envs/thirdimpact/bin/python3.12 /home/fcsl/roboracer_ws/install/lane_change_planner/lib/lane_change_planner/update_waypoints --ros-args -r __node:=waypoint_updater
  19251 fcsl      20   0  868124  49804  36540 R  26.3   0.6   0:09.76 /home/fcsl/roboracer_ws/install/kiss_icp_localization/lib/kiss_icp_localization/localization_node --ros-args -r __node:=kiss_icp_localization --params-file /home/fcsl/roboracer_ws/install/stack_master/share/stack_master/config/kiss.yaml --params-file /tmp/launch_params_kkza55sc --params-file /tmp/launch_params_bk6s3os3
  19230 fcsl      20   0 1106708  60188  24440 S  15.1   0.8   0:04.89 python3 /home/fcsl/roboracer_ws/install/stack_master/lib/stack_master/simple_mux_node.py --ros-args -r __node:=simple_mux --params-file /home/fcsl/roboracer_ws/install/stack_master/share/stack_master/config/CAR/vehicle_config.yaml --params-file /tmp/launch_params_pywsh3_8 --params-file /tmp/launch_params_yk3h0muz --params-file /tmp/launch_params_uihzw7ry --params-file /tmp/launch_params_5fc12uzq --params-file /tmp/launch_params_nd2qw0hk
  19297 fcsl      20   0 1520296 110416  42496 S  10.7   1.4   0:04.98 /home/fcsl/miniforge3/envs/thirdimpact/bin/python3.12 /home/fcsl/roboracer_ws/install/overtaking_sector_tuner/lib/overtaking_sector_tuner/ot_interpolator --ros-args -r __node:=ot_sector_tuner --params-file /home/fcsl/roboracer_ws/install/stack_master/share/stack_master/maps/0815test3/ot_sectors.yaml --params-file /tmp/launch_params_ti68gs7d
  19216 fcsl      20   0  882452  23352  13904 S   6.8   0.3   0:02.52 /home/fcsl/roboracer_ws/install/vesc_driver/lib/vesc_driver/vesc_driver_node --ros-args -r __node:=vesc_driver_node -r __ns:=/vesc --params-file /home/fcsl/roboracer_ws/install/stack_master/share/stack_master/config/CAR/vehicle_config.yaml
  19326 fcsl      20   0 1127028  54668  33796 S   6.8   0.7   0:02.32 /home/fcsl/roboracer_ws/install/perception/lib/perception/detect --ros-args -r __node:=detect --params-file /home/fcsl/roboracer_ws/install/stack_master/share/stack_master/config/opponent_tracker_params.yaml --params-file /tmp/launch_params_gk8q2zkj
  19213 fcsl      20   0 2285720  52248  16816 S   5.9   0.7   0:04.34 /home/fcsl/miniforge3/envs/thirdimpact/bin/python /home/fcsl/miniforge3/envs/thirdimpact/bin/ros2 launch stack_master race.launch.xml map:=0815test3
   6720 fcsl      20   0   42.1g 668856  59704 S   4.9   8.6   1:04.20 /home/fcsl/.vscode-server/cli/servers/Stable-6a49527b96e326fe62fbdb56f60e16877c9aa724/server/node --dns-result-order=ipv4first /home/fcsl/.vscode-server/cli/servers/Stable-6a49527b96e326fe62fbdb56f60e16877c9aa724/server/out/bootstrap-fork --type=extensionHost --transformURIs --useHostProxy=false
  19561 fcsl      20   0  823792  26624  16644 S   3.9   0.3   0:01.59 /home/fcsl/miniforge3/envs/thirdimpact/lib/joy/joy_node
  19289 fcsl      20   0 1118656  67452  26820 S   3.4   0.9   0:02.14 /home/fcsl/miniforge3/envs/thirdimpact/bin/python3.12 /home/fcsl/roboracer_ws/install/sector_tuner/lib/sector_tuner/sector_tuner --ros-args -r __node:=speed_sector_tuner --params-file /home/fcsl/roboracer_ws/install/stack_master/share/stack_master/maps/0815test3/speed_scaling.yaml --params-file /tmp/launch_params_kwlnquqh
  19354 fcsl      20   0 1085540 142500  48776 S   2.9   1.8   0:03.69 python3 /home/fcsl/roboracer_ws/install/gp_traj_predictor/lib/gp_traj_predictor/gaussian_process_opp_traj --ros-args -r __node:=GP_trajectory
  19841 fcsl      39  19  403684  30208  22420 S   2.9   0.4   0:00.12 /usr/libexec/tracker-extract-3
  19222 fcsl      20   0  817464  21696  14172 S   2.4   0.3   0:01.13 /home/fcsl/roboracer_ws/install/urg_node/lib/urg_node/urg_node_driver --ros-args -r __node:=urg_node --params-file /home/fcsl/roboracer_ws/install/stack_master/share/stack_master/config/CAR/vehicle_config.yaml -r /scan:=/scan
  19220 fcsl      20   0  663144  22044  14644 S   2.0   0.3   0:00.84 /home/fcsl/roboracer_ws/install/vesc_ackermann/lib/vesc_ackermann/vesc_to_odom_node --ros-args -r __node:=vesc_to_odom_node -r __ns:=/vesc --params-file /home/fcsl/roboracer_ws/install/stack_master/share/stack_master/config/CAR/vehicle_config.yaml
  19247 fcsl      20   0  817644  25860  17424 S   2.0   0.3   0:00.88 /home/fcsl/miniforge3/envs/thirdimpact/lib/nav2_lifecycle_manager/lifecycle_manager --ros-args -r __node:=lifecycle_manager_localization --params-file /tmp/launch_params_gzsj1u13 --params-file /tmp/launch_params_7txkr4rh --params-file /tmp/launch_params_ojdu_5r1
  19249 fcsl      20   0  721960  34992  21568 S   1.5   0.4   0:00.90 /home/fcsl/miniforge3/envs/thirdimpact/lib/nav2_map_server/map_server --ros-args -r __node:=map_server --params-file /tmp/launch_params_7an6qmh_ --params-file /tmp/launch_params_3pildy1p --params-file /tmp/launch_params_bxv9_bd6 --params-file /tmp/launch_params_3ypbuy35
  19307 fcsl      20   0 1439676 104352  41088 S   1.5   1.3   0:02.35 /home/fcsl/miniforge3/envs/thirdimpact/bin/python3.12 /home/fcsl/roboracer_ws/install/frenet_conversion_server/lib/frenet_conversion_server/frenet_conversion_server_node --ros-args -r __node:=frenet_conversion_server_node --params-file /tmp/launch_params_1_pyfy3w
  19218 fcsl      20   0  663148  21880  14464 S   1.0   0.3   0:00.60 /home/fcsl/roboracer_ws/install/vesc_ackermann/lib/vesc_ackermann/ackermann_to_vesc_node --ros-args -r __node:=ackermann_to_vesc_node -r __ns:=/vesc --params-file /home/fcsl/roboracer_ws/install/stack_master/share/stack_master/config/CAR/vehicle_config.yaml
  19224 fcsl      20   0 1113316  63836  25836 S   1.0   0.8   0:01.25 python3 /home/fcsl/roboracer_ws/install/stack_master/lib/stack_master/static_tf_publisher.py --ros-args -r __node:=static_tf_publisher --params-file /home/fcsl/roboracer_ws/install/stack_master/share/stack_master/config/CAR/static_transforms.yaml
  19245 fcsl      20   0 1106328  62572  24328 S   1.0   0.8   0:01.24 python3 /home/fcsl/roboracer_ws/install/stack_master/lib/stack_master/map_relay_node.py --ros-args -r __node:=map_relay_node
  19553 fcsl      20   0   12120   3496   2676 R   1.0   0.0   0:00.41 top -b -c -w 512 -d 2
     94 root      20   0       0      0      0 I   0.5   0.0   0:00.70 [kworker/u12:1-events_unbound]
    320 root      20   0   23808   5888   3448 S   0.5   0.1   0:05.14 /lib/systemd/systemd-udevd
   1564 fcsl      20   0   10132   4876   3144 S   0.5   0.1   0:00.46 /usr/bin/dbus-daemon --session --address=systemd: --nofork --nopidfile --systemd-activation --syslog-only
   2026 fcsl      20   0 3471004 225068  81340 S   0.5   2.9   0:05.99 /usr/bin/gnome-shell
   2122 fcsl      20   0  236772   4692   4232 S   0.5   0.1   0:00.02 /usr/libexec/gvfs-mtp-volume-monitor
  11828 fcsl      20   0   18824   8292   6100 S   0.5   0.1   0:00.53 sshd: fcsl@pts/5
      1 root      20   0  167496  11476   7176 S   0.0   0.1   0:03.45 /sbin/init 2
      2 root      20   0       0      0      0 S   0.0   0.0   0:00.01 [kthreadd]
      3 root       0 -20       0      0      0 I   0.0   0.0   0:00.00 [rcu_gp]
      4 root       0 -20       0      0      0 I   0.0   0.0   0:00.00 [rcu_par_gp]
      5 root       0 -20       0      0      0 I   0.0   0.0   0:00.00 [slub_flushwq]
      6 root       0 -20       0      0      0 I   0.0   0.0   0:00.00 [netns]
      8 root       0 -20       0      0      0 I   0.0   0.0   0:00.00 [kworker/0:0H-events_highpri]
     10 root       0 -20       0      0      0 I   0.0   0.0   0:00.00 [mm_percpu_wq]
     11 root      20   0       0      0      0 S   0.0   0.0   0:00.00 [rcu_tasks_kthre]
     12 root      20   0       0      0      0 S   0.0   0.0   0:00.00 [rcu_tasks_rude_]
     13 root      20   0       0      0      0 S   0.0   0.0   0:00.00 [rcu_tasks_trace]
     14 root      20   0       0      0      0 S   0.0   0.0   0:00.72 [ksoftirqd/0]
     15 root      20   0       0      0      0 I   0.0   0.0   0:00.36 [rcu_preempt]
     16 root      rt   0       0      0      0 S   0.0   0.0   0:00.00 [migration/0]
     17 root      20   0       0      0      0 S   0.0   0.0   0:00.00 [cpuhp/0]
     18 root      20   0       0      0      0 S   0.0   0.0   0:00.00 [cpuhp/1]
     19 root      rt   0       0      0      0 S   0.0   0.0   0:00.00 [migration/1]
     20 root      20   0       0      0      0 S   0.0   0.0   0:00.14 [ksoftirqd/1]
     22 root       0 -20       0      0      0 I   0.0   0.0   0:00.00 [kworker/1:0H-events_highpri]
     23 root      20   0       0      0      0 S   0.0   0.0   0:00.00 [cpuhp/2]
     24 root      rt   0       0      0      0 S   0.0   0.0   0:00.00 [migration/2]
     25 root      20   0       0      0      0 S   0.0   0.0   0:00.15 [ksoftirqd/2]
     27 root       0 -20       0      0      0 I   0.0   0.0   0:00.00 [kworker/2:0H-kblockd]
     28 root      20   0       0      0      0 S   0.0   0.0   0:00.00 [cpuhp/3]
     29 root      rt   0       0      0      0 S   0.0   0.0   0:00.00 [migration/3]
     30 root      20   0       0      0      0 S   0.0   0.0   0:00.18 [ksoftirqd/3]
     31 root      20   0       0      0      0 I   0.0   0.0   0:00.07 [kworker/3:0-mm_percpu_wq]
     32 root       0 -20       0      0      0 I   0.0   0.0   0:00.00 [kworker/3:0H-events_highpri]
     33 root      20   0       0      0      0 S   0.0   0.0   0:00.00 [cpuhp/4]
     34 root      rt   0       0      0      0 S   0.0   0.0   0:00.00 [migration/4]
     35 root      20   0       0      0      0 S   0.0   0.0   0:00.15 [ksoftirqd/4]
     37 root       0 -20       0      0      0 I   0.0   0.0   0:00.00 [kworker/4:0H-events_highpri]
     38 root      20   0       0      0      0 S   0.0   0.0   0:00.00 [cpuhp/5]
     39 root      rt   0       0      0      0 S   0.0   0.0   0:00.00 [migration/5]
     40 root      20   0       0      0      0 S   0.0   0.0   0:00.13 [ksoftirqd/5]
     42 root       0 -20       0      0      0 I   0.0   0.0   0:00.00 [kworker/5:0H-events_highpri]
     43 root      20   0       0      0      0 S   0.0   0.0   0:00.00 [kdevtmpfs]
     44 root       0 -20       0      0      0 I   0.0   0.0   0:00.00 [inet_frag_wq]
     47 root      20   0       0      0      0 I   0.0   0.0   0:00.01 [kworker/2:1-cgroup_destroy]
     50 root      20   0       0      0      0 I   0.0   0.0   0:00.00 [kworker/4:1-events]
     51 root      20   0       0      0      0 S   0.0   0.0   0:00.00 [kauditd]
     52 root      20   0       0      0      0 S   0.0   0.0   0:00.00 [oom_reaper]
     53 root       0 -20       0      0      0 I   0.0   0.0   0:00.00 [writeback]
     54 root      20   0       0      0      0 S   0.0   0.0   0:00.00 [kcompactd0]
     55 root      25   5       0      0      0 S   0.0   0.0   0:00.00 [ksmd]
     56 root      39  19       0      0      0 S   0.0   0.0   0:00.16 [khugepaged]
     67 root       0 -20       0      0      0 I   0.0   0.0   0:00.00 [cryptd]
     86 root       0 -20       0      0      0 I   0.0   0.0   0:00.00 [kintegrityd]
     87 root       0 -20       0      0      0 I   0.0   0.0   0:00.00 [kblockd]
     88 root       0 -20       0      0      0 I   0.0   0.0   0:00.00 [blkcg_punt_bio]
     89 root       0 -20       0      0      0 I   0.0   0.0   0:00.00 [tpm_dev_wq]
     90 root       0 -20       0      0      0 I   0.0   0.0   0:00.00 [ata_sff]
     91 root       0 -20       0      0      0 I   0.0   0.0   0:00.00 [edac-poller]
     92 root       0 -20       0      0      0 I   0.0   0.0   0:00.00 [devfreq_wq]
     93 root     -51   0       0      0      0 S   0.0   0.0   0:00.00 [watchdogd]
     95 root      20   0       0      0      0 I   0.0   0.0   0:00.49 [kworker/u12:2-events_freezable_power_]
     96 root       0 -20       0      0      0 I   0.0   0.0   0:00.00 [kworker/0:1H-kblockd]
     97 root       0 -20       0      0      0 I   0.0   0.0   0:00.00 [rpciod]
     98 root       0 -20       0      0      0 I   0.0   0.0   0:00.03 [kworker/u13:0-hci0]
     99 root       0 -20       0      0      0 I   0.0   0.0   0:00.00 [xprtiod]
    127 root      20   0       0      0      0 S   0.0   0.0   0:00.36 [kswapd0]
    128 root       0 -20       0      0      0 I   0.0   0.0   0:00.00 [nfsiod]
    132 root       0 -20       0      0      0 I   0.0   0.0   0:00.00 [vfio-irqfd-clea]
    133 root       0 -20       0      0      0 I   0.0   0.0   0:00.00 [bch_btree_io]
    134 root       0 -20       0      0      0 I   0.0   0.0   0:00.00 [bcache]
    135 root       0 -20       0      0      0 I   0.0   0.0   0:00.00 [bch_journal]
    136 root       0 -20       0      0      0 I   0.0   0.0   0:00.00 [dm_bufio_cache]
    138 root      10 -10       0      0      0 S   0.0   0.0   0:00.00 [krfcommd]
    139 root      20   0       0      0      0 S   0.0   0.0   0:00.00 [pr/tty0]
    140 root      20   0       0      0      0 S   0.0   0.0   0:02.86 [pr/ttyTCU0]
    143 root     -51   0       0      0      0 S   0.0   0.0   0:00.00 [irq/114-3160000]
    145 root     -51   0       0      0      0 S   0.0   0.0   0:00.00 [irq/115-3180000]
    146 root      20   0       0      0      0 I   0.0   0.0   0:00.38 [kworker/1:3-mm_percpu_wq]
    147 root     -51   0       0      0      0 S   0.0   0.0   0:00.00 [irq/116-31b0000]
    148 root     -51   0       0      0      0 S   0.0   0.0   0:00.00 [irq/167-c240000]
    149 root     -51   0       0      0      0 S   0.0   0.0   0:00.00 [irq/168-c250000]
    150 root     -51   0       0      0      0 S   0.0   0.0   0:00.00 [irq/125-3610000]
    151 root     -51   0       0      0      0 S   0.0   0.0   0:00.00 [irq/122-3610000]
    152 root      20   0       0      0      0 I   0.0   0.0   0:00.03 [kworker/5:3-mm_percpu_wq]
    153 root       0 -20       0      0      0 I   0.0   0.0   0:00.00 [sdhci]
    154 root     -51   0       0      0      0 S   0.0   0.0   0:00.00 [irq/120-mmc0]
    155 root     -51   0       0      0      0 S   0.0   0.0   0:00.00 [irq/230-3400000]
    156 root      20   0       0      0      0 I   0.0   0.0   0:00.06 [kworker/2:2-mm_percpu_wq]
    173 root       0 -20       0      0      0 I   0.0   0.0   0:00.00 [kworker/1:1H-kblockd]
    174 root      20   0       0      0      0 I   0.0   0.0   0:00.00 [kworker/3:2-mm_percpu_wq]
    179 root     -51   0       0      0      0 S   0.0   0.0   0:00.00 [irq/191-tegra-p]
    180 root       0 -20       0      0      0 I   0.0   0.0   0:00.00 [nvme-wq]
    181 root       0 -20       0      0      0 I   0.0   0.0   0:00.00 [nvme-reset-wq]
    182 root       0 -20       0      0      0 I   0.0   0.0   0:00.00 [nvme-delete-wq]
    191 root     -51   0       0      0      0 S   0.0   0.0   0:00.00 [irq/191-aerdrv]
    192 root     -51   0       0      0      0 S   0.0   0.0   0:00.00 [irq/193-tegra-p]
    195 root     -51   0       0      0      0 S   0.0   0.0   0:00.00 [irq/193-aerdrv]
    196 root     -51   0       0      0      0 S   0.0   0.0   0:00.00 [irq/195-tegra-p]
    198 root     -51   0       0      0      0 S   0.0   0.0   0:00.00 [irq/232-nvme0q0]
    199 root     -51   0       0      0      0 S   0.0   0.0   0:00.23 [irq/233-nvme0q1]
    200 root     -51   0       0      0      0 S   0.0   0.0   0:00.34 [irq/234-nvme0q2]
    201 root     -51   0       0      0      0 S   0.0   0.0   0:00.18 [irq/235-nvme0q3]
    202 root     -51   0       0      0      0 S   0.0   0.0   0:00.22 [irq/236-nvme0q4]
    203 root     -51   0       0      0      0 S   0.0   0.0   0:00.06 [irq/237-nvme0q5]
    204 root     -51   0       0      0      0 S   0.0   0.0   0:00.06 [irq/238-nvme0q6]
    205 root      20   0       0      0      0 I   0.0   0.0   0:00.50 [kworker/u12:4-events_freezable_power_]
    209 root      20   0       0      0      0 S   0.0   0.0   0:00.13 [jbd2/nvme0n1p1-]
    210 root       0 -20       0      0      0 I   0.0   0.0   0:00.00 [ext4-rsv-conver]
    211 root       0 -20       0      0      0 I   0.0   0.0   0:00.00 [kworker/2:1H-kblockd]
    220 root       0 -20       0      0      0 I   0.0   0.0   0:00.00 [mld]
    221 root       0 -20       0      0      0 I   0.0   0.0   0:00.00 [kworker/3:1H-kblockd]
    222 root       0 -20       0      0      0 I   0.0   0.0   0:00.00 [ipv6_addrconf]
    253 root      19  -1   40524   9664   8044 S   0.0   0.1   0:00.51 /lib/systemd/systemd-journald
    267 root      20   0       0      0      0 I   0.0   0.0   0:00.04 [kworker/4:2-mm_percpu_wq]
    270 root      20   0       0      0      0 I   0.0   0.0   0:00.47 [kworker/u12:5-events_freezable_power_]
    271 root      20   0       0      0      0 I   0.0   0.0   0:00.62 [kworker/u12:6-events_freezable_power_]
    272 root      20   0       0      0      0 I   0.0   0.0   0:00.36 [kworker/u12:7-devfreq_wq]
    273 root      20   0       0      0      0 I   0.0   0.0   0:00.49 [kworker/u12:8-events_freezable_power_]
    283 root      39  19       0      0      0 S   0.0   0.0   0:00.00 [nvmap-bz]
    284 root     -51   0       0      0      0 S   0.0   0.0   0:00.00 [irq/188-host1x_]
    286 root     -51   0       0      0      0 S   0.0   0.0   0:00.00 [irq/197-gk20a_s]
    287 root     -51   0       0      0      0 S   0.0   0.0   0:00.00 [irq/198-gk20a_s]
    288 root     -51   0       0      0      0 S   0.0   0.0   0:00.00 [irq/199-gk20a_s]
    289 root     -51   0       0      0      0 S   0.0   0.0   0:00.00 [irq/200-gk20a_n]
    293 root      20   0    9792   2792   2528 S   0.0   0.0   0:00.00 /bin/bash /etc/systemd/nv-tee-supplicant.sh
    298 root      20   0   76588   1360   1248 S   0.0   0.0   0:00.01 /usr/sbin/tee-supplicant
    299 root       0 -20       0      0      0 I   0.0   0.0   0:00.00 [optee_bus_scan]
    307 root       0 -20       0      0      0 I   0.0   0.0   0:00.00 [kworker/4:1H-kblockd]
    309 root      20   0   24048   6028   3380 S   0.0   0.1   0:02.03 /lib/systemd/systemd-udevd
    310 root      20   0   23744   5080   2712 S   0.0   0.1   0:00.16 /lib/systemd/systemd-udevd
    311 root      20   0   23396   4308   2228 S   0.0   0.1   0:00.12 /lib/systemd/systemd-udevd
    312 root      20   0   23508   4468   2212 S   0.0   0.1   0:00.15 /lib/systemd/systemd-udevd
    313 root      20   0   24528   6416   3228 S   0.0   0.1   0:00.31 /lib/systemd/systemd-udevd
    314 root      20   0   23532   4792   2660 S   0.0   0.1   0:00.24 /lib/systemd/systemd-udevd
    315 root      20   0   23500   5188   3048 S   0.0   0.1   0:00.27 /lib/systemd/systemd-udevd
    316 root      20   0   23520   4608   2452 S   0.0   0.1   0:00.16 /lib/systemd/systemd-udevd
    317 root      20   0   23540   4232   2096 S   0.0   0.1   0:00.14 /lib/systemd/systemd-udevd
    318 root      20   0   23548   4688   2540 S   0.0   0.1   0:00.10 /lib/systemd/systemd-udevd
    321 root      20   0   23396   5028   2908 S   0.0   0.1   0:00.19 /lib/systemd/systemd-udevd
    322 root      20   0   23500   5104   2852 S   0.0   0.1   0:00.18 /lib/systemd/systemd-udevd
    323 root      20   0   23516   4360   2096 S   0.0   0.1   0:00.16 /lib/systemd/systemd-udevd
    324 root      20   0   23520   4748   2480 S   0.0   0.1   0:00.18 /lib/systemd/systemd-udevd
    325 root      20   0   23500   5072   2820 S   0.0   0.1   0:00.20 /lib/systemd/systemd-udevd
    326 root      20   0   23548   4624   2476 S   0.0   0.1   0:00.16 /lib/systemd/systemd-udevd
    327 root      20   0   24548   5496   2292 S   0.0   0.1   0:00.21 /lib/systemd/systemd-udevd
    328 root      20   0   23516   4380   2212 S   0.0   0.1   0:00.13 /lib/systemd/systemd-udevd
    329 root      20   0   23524   4452   2300 S   0.0   0.1   0:00.19 /lib/systemd/systemd-udevd
    330 root      20   0   23524   4592   2440 S   0.0   0.1   0:00.22 /lib/systemd/systemd-udevd
    331 root      20   0   23524   4792   2636 S   0.0   0.1   0:00.14 /lib/systemd/systemd-udevd
    332 root       0 -20       0      0      0 I   0.0   0.0   0:00.00 [kworker/5:1H-kblockd]
    334 root      20   0   23524   4712   2532 S   0.0   0.1   0:00.16 /lib/systemd/systemd-udevd
    336 root      20   0       0      0      0 S   0.0   0.0   0:00.00 [15820000.crypto]
    337 root      20   0       0      0      0 S   0.0   0.0   0:00.00 [15840000.crypto]
    358 root      20   0   23544   4432   2140 S   0.0   0.1   0:00.15 /lib/systemd/systemd-udevd
    359 root      20   0   23524   4288   2096 S   0.0   0.1   0:00.12 /lib/systemd/systemd-udevd
    360 root      20   0   23524   4412   2220 S   0.0   0.1   0:00.14 /lib/systemd/systemd-udevd
    361 root      20   0   23524   5004   2812 S   0.0   0.1   0:00.17 /lib/systemd/systemd-udevd
    362 root      20   0   23524   4832   2644 S   0.0   0.1   0:00.23 /lib/systemd/systemd-udevd
    363 root      20   0   23816   4580   2144 S   0.0   0.1   0:00.15 /lib/systemd/systemd-udevd
    414 root     -51   0       0      0      0 S   0.0   0.0   0:00.00 [irq/219-bc00000]
    415 root      -2   0       0      0      0 S   0.0   0.0   0:00.00 [capture-control]
    416 root      -2   0       0      0      0 S   0.0   0.0   0:00.00 [capture]
    447 root     -51   0       0      0      0 S   0.0   0.0   0:00.00 [irq/189-tegra-p]
    448 root     -51   0       0      0      0 S   0.0   0.0   0:00.00 [irq/240-nvvrs-p]
    449 root     -51   0       0      0      0 S   0.0   0.0   0:00.00 [irq/214-tegra_d]
    450 root     -51   0       0      0      0 S   0.0   0.0   0:00.00 [irq/215-tegra_d]
    451 root       0 -20       0      0      0 I   0.0   0.0   0:00.00 [dce-async-ipc-w]
    452 root      20   0       0      0      0 S   0.0   0.0   0:00.00 [nv_queue]
    453 root      20   0       0      0      0 S   0.0   0.0   0:00.00 [nv_queue]
    454 root     -51   0       0      0      0 S   0.0   0.0   0:00.00 [irq/189-aerdrv]
    524 root       0 -20       0      0      0 I   0.0   0.0   0:00.00 [cfg80211]
    543 root     -51   0       0      0      0 S   0.0   0.0   0:00.00 [irq/118-3210000]
    552 root      20   0       0      0      0 S   0.0   0.0   0:00.00 [spi0]
    554 root     -51   0       0      0      0 S   0.0   0.0   0:00.00 [irq/119-3230000]
    555 root      20   0       0      0      0 S   0.0   0.0   0:00.00 [spi1]
    632 root       0 -20       0      0      0 I   0.0   0.0   0:00.00 [btfwwork]
    670 root       0 -20       0      0      0 I   0.0   0.0   0:00.00 [kworker/u13:2-hci0]
    672 root      20   0    8236   7372   1432 S   0.0   0.1   0:00.30 /usr/sbin/haveged --Foreground --verbose=1
    674 _rpc      20   0    7964   2112   1760 S   0.0   0.0   0:00.00 /sbin/rpcbind -f -w
    681 systemd+  20   0   25544  12588   8156 S   0.0   0.2   0:00.26 /lib/systemd/systemd-resolved
    682 systemd+  20   0   88788   6156   5312 S   0.0   0.1   0:00.08 /lib/systemd/systemd-timesyncd
    728 avahi     20   0    8088   2652   2300 S   0.0   0.0   0:00.08 avahi-daemon: running [ubuntu.local]
    729 root      20   0    9892   4484   4044 S   0.0   0.1   0:00.07 /usr/lib/bluetooth/bluetoothd -d --noplugin=audio,a2dp,avrcp
    730 message+  20   0   11448   5648   3108 S   0.0   0.1   0:01.66 @dbus-daemon --system --address=systemd: --nofork --nopidfile --systemd-activation --syslog-only
    731 root      20   0  263764  20360  14144 S   0.0   0.3   0:01.12 /usr/sbin/NetworkManager --no-daemon
    737 root      20   0   42224  19668   9972 S   0.0   0.3   0:00.14 /usr/bin/python3 /usr/bin/networkd-dispatcher --run-startup-triggers
    744 root      20   0   27644  15072   7804 S   0.0   0.2   0:00.10 python3 /opt/nvidia/pva-allow-2/bin/nvidiaPvaAllowd.py
    749 root      20   0  243232  10120   6268 S   0.0   0.1   0:03.17 /usr/libexec/polkitd --no-debug
    753 root      20   0  240320   8560   5832 S   0.0   0.1   0:00.04 /usr/libexec/power-profiles-daemon
    760 syslog    20   0  222164   8356   3224 S   0.0   0.1   0:00.14 /usr/sbin/rsyslogd -n -iNONE
    762 root      20   0    2240    708    628 S   0.0   0.0   0:00.00 seatd -g video
    767 root      20   0 2145820  48520  24160 S   0.0   0.6   0:04.95 /snap/snapd/current/usr/lib/snapd/snapd
    769 root      20   0  241096   7752   5856 S   0.0   0.1   0:00.80 /usr/libexec/accounts-daemon
    772 root      20   0  236800   5804   5196 S   0.0   0.1   0:00.02 /usr/libexec/switcheroo-control
    773 lp        20   0    2308    112      0 S   0.0   0.0   0:00.00 /usr/sbin/lpd -s
    774 root      20   0   48808   7200   5948 S   0.0   0.1   0:00.19 /lib/systemd/systemd-logind
    778 root      20   0  394856  14472   9176 S   0.0   0.2   0:00.28 /usr/libexec/udisks2/udisksd
    780 root      20   0   16532   9744   7852 S   0.0   0.1   0:00.08 /sbin/wpa_supplicant -u -s -O /run/wpa_supplicant
    800 avahi     20   0    7816    352      0 S   0.0   0.0   0:00.00 avahi-daemon: chroot helper
    816 root      20   0  320884  13460   9472 S   0.0   0.2   0:00.12 /usr/sbin/ModemManager
    818 root      rt   0       0      0      0 S   0.0   0.0   0:00.34 [sugov:0]
    823 root      rt   0       0      0      0 S   0.0   0.0   0:00.30 [sugov:4]
    910 root      20   0    2460   1560   1380 S   0.0   0.0   0:00.40 /usr/sbin/nvfancontrol &
    930 root      20   0       0      0      0 S   0.0   0.0   0:00.00 [sw-quiesce]
    931 root      20   0       0      0      0 S   0.0   0.0   0:01.08 [nvgpu_channel_p]
    934 root      20   0       0      0      0 S   0.0   0.0   0:00.00 [nvgpu_pg_init_g]
    954 root      20   0       0      0      0 S   0.0   0.0   0:00.00 [nvgpu_clk_arb_p]
    979 root      20   0       0      0      0 S   0.0   0.0   0:01.09 [RTW_CMD_THREAD]
    981 root      20   0       0      0      0 I   0.0   0.0   0:00.32 [kworker/u12:9-events_freezable_power_]
   1016 root      20   0   75936   9728   7908 S   0.0   0.1   0:00.01 /usr/sbin/nvargus-daemon
   1017 root      20   0    9792   2900   2608 S   0.0   0.0   0:00.00 /bin/bash /etc/systemd/nvmemwarning.sh
   1037 root      20   0   22192   1708   1512 S   0.0   0.0   0:00.00 /usr/sbin/nvs-service
   1062 root      20   0    2336    760    672 S   0.0   0.0   0:01.58 /bin/sh /snap/cups/1237/scripts/run-cups-browsed
   1064 root      20   0    2336   1388   1264 S   0.0   0.0   0:01.60 /bin/sh /snap/cups/1237/scripts/run-cupsd
   1065 root      20   0       0      0      0 S   0.0   0.0   0:00.00 [pr/ramoops-1]
   1096 root      20   0 2012952  50020  29076 S   0.0   0.6   0:01.47 /usr/bin/containerd
   1110 root      20   0    9448   2412   2172 S   0.0   0.0   0:00.00 /usr/sbin/cron -f -P
   1136 kernoops  20   0   12820    456      0 S   0.0   0.0   0:00.00 /usr/sbin/kerneloops --test
   1145 root      20   0  241780   8612   6932 S   0.0   0.1   0:00.03 /usr/sbin/gdm3
   1162 kernoops  20   0   12820    452      0 S   0.0   0.0   0:00.00 /usr/sbin/kerneloops
   1164 root      20   0    8144    716    640 S   0.0   0.0   0:00.00 /sbin/agetty -o -p -- \u --keep-baud 115200,57600,38400,9600 ttyGS0 vt220
   1171 root      20   0    8144    724    648 S   0.0   0.0   0:00.00 /sbin/agetty -o -p -- \u --keep-baud 115200,57600,38400,9600 ttyTCU0 vt220
   1210 root      20   0  172548   9532   7592 S   0.0   0.1   0:00.04 gdm-session-worker [pam/gdm-autologin]
   1310 root      20   0    3076    916    804 S   0.0   0.0   0:00.00 /usr/sbin/nvphsd
   1316 root      20   0    3208   1408   1248 S   0.0   0.0   0:00.00 /usr/sbin/nvphsd
   1337 root      20   0 2166840  89332  54988 S   0.0   1.1   0:00.70 /usr/bin/dockerd -H fd:// --containerd=/run/containerd/containerd.sock
   1338 root      20   0   15232   8036   6460 S   0.0   0.1   0:00.02 sshd: /usr/sbin/sshd -D [listener] 0 of 10-100 startups
   1342 root      20   0       0      0      0 S   0.0   0.0   0:00.00 [file-storage]
   1350 fcsl      20   0   18416   9892   7060 S   0.0   0.1   0:00.72 /lib/systemd/systemd --user
   1360 fcsl      20   0  106740   4520      0 S   0.0   0.1   0:00.00 (sd-pam)
   1538 fcsl       9 -11   40232   5728   4620 S   0.0   0.1   0:00.02 /usr/bin/pipewire
   1539 fcsl      20   0   23884   5672   4592 S   0.0   0.1   0:00.08 /usr/bin/pipewire-media-session
   1540 fcsl       9 -11  890556  20284  12116 S   0.0   0.3   0:00.39 /usr/bin/pulseaudio --daemonize=no --log-target=journal
   1545 fcsl      20   0  241000   6164   5312 S   0.0   0.1   0:00.04 /usr/bin/gnome-keyring-daemon --daemonize --login
   1548 rtkit     21   1  153508   1472   1264 S   0.0   0.0   0:00.02 /usr/libexec/rtkit-daemon
   1559 fcsl      20   0  162628   5416   4908 S   0.0   0.1   0:00.00 /usr/libexec/gdm-x-session --run-script env GNOME_SHELL_SESSION_MODE=ubuntu /usr/bin/gnome-session --session=ubuntu
   1561 root      20   0   24.2g  80668  35156 S   0.0   1.0   0:00.52 /usr/lib/xorg/Xorg vt2 -displayfd 3 -auth /run/user/1000/gdm/Xauthority -nolisten tcp -background none -noreset -keeptty -novtswitch -verbose 3
   1587 root      20   0       0      0      0 S   0.0   0.0   0:00.00 [nvidia-modeset/]
   1588 root      20   0       0      0      0 S   0.0   0.0   0:00.00 [nvidia-modeset/]
   1590 root      20   0       0      0      0 S   0.0   0.0   0:00.00 [nvidia]
   1591 root      20   0       0      0      0 S   0.0   0.0   0:00.00 [nv_queue]
   1729 root      20   0       0      0      0 S   0.0   0.0   0:00.00 [nvidia-drm-nv-t]
   1730 root     -51   0       0      0      0 S   0.0   0.0   0:00.00 [card1-crtc0]
   1731 root     -51   0       0      0      0 S   0.0   0.0   0:00.00 [card1-crtc1]
   1824 fcsl      20   0  225936  13728  11972 S   0.0   0.2   0:00.05 /usr/libexec/gnome-session-binary --session=ubuntu
   1916 fcsl      20   0  309864   6752   6032 S   0.0   0.1   0:00.01 /usr/libexec/at-spi-bus-launcher
   1922 fcsl      20   0    8828   3616   3116 S   0.0   0.0   0:00.01 /usr/bin/dbus-daemon --config-file=/usr/share/defaults/at-spi2/accessibility.conf --nofork --print-address 11 --address=unix:path=/run/user/1000/at-spi/bus_0
   1979 fcsl      20   0   91892   2520   2152 S   0.0   0.0   0:00.00 /usr/libexec/gnome-session-ctl --monitor
   1988 fcsl      20   0  240908   6992   6104 S   0.0   0.1   0:00.04 /usr/libexec/gvfsd
   1996 fcsl      20   0  381064   9284   4640 S   0.0   0.1   0:00.00 /usr/libexec/gvfsd-fuse /run/user/1000/gvfs -f
   1997 fcsl      20   0  596284  17864  12840 S   0.0   0.2   0:00.18 /usr/libexec/gnome-session-binary --systemd-service --session=ubuntu
   2040 fcsl      20   0  236356   4876   4440 S   0.0   0.1   0:00.00 /usr/libexec/xdg-permission-store
   2042 fcsl      20   0  584868  17900  13432 S   0.0   0.2   0:00.06 /usr/libexec/gnome-shell-calendar-server
   2051 fcsl      20   0  397280  22796  19136 S   0.0   0.3   0:00.09 /usr/libexec/evolution-source-registry
   2059 root      20   0  242436   7680   6568 S   0.0   0.1   0:00.07 /usr/libexec/upowerd
   2061 fcsl      20   0  600496  38980  29472 S   0.0   0.5   0:00.10 /usr/libexec/goa-daemon
   2068 fcsl      20   0 1321540  31748  23404 S   0.0   0.4   0:00.14 /usr/libexec/evolution-calendar-factory
   2078 fcsl      20   0  341492  12924  11036 S   0.0   0.2   0:00.04 /usr/libexec/goa-identity-service
   2088 fcsl      20   0  156800   4488   4024 S   0.0   0.1   0:00.01 /usr/libexec/dconf-service
   2089 fcsl      20   0  823284  28368  22824 S   0.0   0.4   0:00.08 /usr/libexec/evolution-addressbook-factory
   2105 fcsl      20   0  316604  11380   7284 S   0.0   0.1   0:00.11 /usr/libexec/gvfs-udisks2-volume-monitor
   2113 fcsl      20   0  315332   6412   5548 S   0.0   0.1   0:00.05 /usr/libexec/gvfs-afc-volume-monitor
   2118 fcsl      20   0  238096   6272   5500 S   0.0   0.1   0:00.01 /usr/libexec/gvfs-gphoto2-volume-monitor
   2126 fcsl      20   0  236900   7852   5228 S   0.0   0.1   0:00.01 /usr/libexec/gvfs-goa-volume-monitor
   2130 root      20   0  376544  64972  16884 S   0.0   0.8   0:10.29 /usr/libexec/packagekitd
   2138 fcsl      20   0  315228   9344   6144 S   0.0   0.1   0:00.02 /usr/libexec/gvfsd-trash --spawner :1.19 /org/gtk/gvfs/exec_spaw/0
   2165 fcsl      20   0  477596  12872  10592 S   0.0   0.2   0:00.13 /usr/libexec/xdg-desktop-portal
   2175 fcsl      20   0  463504   8420   5632 S   0.0   0.1   0:00.02 /usr/libexec/xdg-document-portal
   2178 fcsl      20   0 2804936  27172  20292 S   0.0   0.3   0:00.09 /usr/bin/gjs /usr/share/gnome-shell/org.gnome.Shell.Notifications
   2182 root      20   0    2232    696    620 S   0.0   0.0   0:00.00 fusermount3 -o rw,nosuid,nodev,fsname=portal,auto_unmount,subtype=portal -- /run/user/1000/doc
   2186 fcsl      20   0  163152   7096   6328 S   0.0   0.1   0:00.01 /usr/libexec/at-spi2-registryd --use-gnome-session
   2187 fcsl      20   0  715372  51180  31356 S   0.0   0.7   0:00.26 /usr/libexec/xdg-desktop-portal-gnome
   2201 fcsl      20   0    2328    836    748 S   0.0   0.0   0:00.00 sh -c /usr/bin/ibus-daemon --panel disable $([ "$XDG_SESSION_TYPE" = "x11" ] && echo "--xim")
   2202 fcsl      20   0  310888   7992   5380 S   0.0   0.1   0:00.01 /usr/libexec/gsd-a11y-settings
   2203 fcsl      20   0  603376  28568  18872 S   0.0   0.4   0:00.19 /usr/libexec/gsd-color
   2207 fcsl      20   0  379084  16400  12388 S   0.0   0.2   0:00.03 /usr/libexec/gsd-datetime
   2209 fcsl      20   0  315524  13140   6156 S   0.0   0.2   0:00.09 /usr/bin/ibus-daemon --panel disable --xim
   2210 fcsl      20   0  312464   8500   5808 S   0.0   0.1   0:00.06 /usr/libexec/gsd-housekeeping
   2212 fcsl      20   0  418272  25220  16048 S   0.0   0.3   0:00.15 /usr/libexec/gsd-keyboard
   2213 fcsl      20   0  934772  29676  19672 S   0.0   0.4   0:00.19 /usr/libexec/gsd-media-keys
   2214 fcsl      20   0  528832  26228  18632 S   0.0   0.3   0:00.18 /usr/libexec/gsd-power
   2216 fcsl      20   0  324816   9584   8232 S   0.0   0.1   0:00.01 /usr/libexec/gsd-print-notifications
   2219 fcsl      20   0  458476   6000   5344 S   0.0   0.1   0:00.02 /usr/libexec/gsd-rfkill
   2222 fcsl      20   0  236616   4660   4280 S   0.0   0.1   0:00.00 /usr/libexec/gsd-screensaver-proxy
   2226 fcsl      20   0  467192   9032   6824 S   0.0   0.1   0:00.07 /usr/libexec/gsd-sharing
   2228 fcsl      20   0  460576   9164   6256 S   0.0   0.1   0:00.01 /usr/libexec/gsd-smartcard
   2233 fcsl      20   0  320568   8140   7112 S   0.0   0.1   0:00.01 /usr/libexec/gsd-sound
   2242 fcsl      20   0  344860  23456  16012 S   0.0   0.3   0:00.17 /usr/libexec/gsd-wacom
   2247 fcsl      20   0  656864  90552  49008 S   0.0   1.2   0:03.98 /usr/bin/gnome-software --gapplication-service
   2248 fcsl      20   0  346536  27696  17768 S   0.0   0.4   0:00.20 /usr/libexec/gsd-xsettings
   2254 fcsl      20   0  842664  65920  47764 S   0.0   0.8   0:00.32 /usr/libexec/evolution-data-server/evolution-alarm-notify
   2278 fcsl      20   0  237728   6576   5956 S   0.0   0.1   0:00.00 /usr/libexec/ibus-dconf
   2289 fcsl      20   0  275472  27360  16048 S   0.0   0.4   0:01.55 /usr/libexec/ibus-extension-gtk3
   2301 fcsl      20   0  232212   6712   5028 S   0.0   0.1   0:00.02 /usr/libexec/gsd-disk-utility-notify
   2302 fcsl      20   0  196992  23344  16300 S   0.0   0.3   0:00.15 /usr/libexec/ibus-x11 --kill-daemon
   2316 fcsl      20   0  512948  41308  23256 S   0.0   0.5   0:00.94 python3 /usr/share/nvpmodel_indicator/nvpmodel_indicator.py
   2317 fcsl      20   0  237616   6672   6068 S   0.0   0.1   0:00.02 /usr/libexec/ibus-portal
   2353 fcsl      20   0  345756  14420  10528 S   0.0   0.2   0:00.02 /usr/libexec/gsd-printer
   2377 colord    20   0  246112  11944   8192 S   0.0   0.2   0:00.16 /usr/libexec/colord
   2462 root      20   0  404236  43620  34000 S   0.0   0.6   0:00.57 /usr/libexec/fwupd/fwupd
   2498 fcsl      20   0 2739436  27332  20372 S   0.0   0.4   0:00.09 /usr/bin/gjs /usr/share/gnome-shell/org.gnome.ScreenSaver
   2511 fcsl      20   0  511640  20804   3160 S   0.0   0.3   0:00.00 python3 /usr/share/nvpmodel_indicator/nvpmodel_indicator.py
   2512 fcsl      20   0  511640  20804   3160 S   0.0   0.3   0:00.00 python3 /usr/share/nvpmodel_indicator/nvpmodel_indicator.py
   2513 fcsl      20   0  511640  20804   3160 S   0.0   0.3   0:00.00 python3 /usr/share/nvpmodel_indicator/nvpmodel_indicator.py
   2514 fcsl      20   0  511640  20804   3160 S   0.0   0.3   0:00.00 python3 /usr/share/nvpmodel_indicator/nvpmodel_indicator.py
   2515 fcsl      20   0  511640  20804   3160 S   0.0   0.3   0:00.00 python3 /usr/share/nvpmodel_indicator/nvpmodel_indicator.py
   2516 fcsl      20   0  511640  20804   3160 S   0.0   0.3   0:00.00 python3 /usr/share/nvpmodel_indicator/nvpmodel_indicator.py
   2517 fcsl      20   0  511640  20804   3160 S   0.0   0.3   0:00.00 python3 /usr/share/nvpmodel_indicator/nvpmodel_indicator.py
   2518 fcsl      20   0  511640  20804   3160 S   0.0   0.3   0:00.00 python3 /usr/share/nvpmodel_indicator/nvpmodel_indicator.py
   2520 fcsl      20   0  511652  20848   3160 S   0.0   0.3   0:00.00 python3 /usr/share/nvpmodel_indicator/nvpmodel_indicator.py
   2521 fcsl      20   0  511652  20848   3160 S   0.0   0.3   0:00.00 python3 /usr/share/nvpmodel_indicator/nvpmodel_indicator.py
   2523 fcsl      20   0  511652  20848   3160 S   0.0   0.3   0:00.00 python3 /usr/share/nvpmodel_indicator/nvpmodel_indicator.py
   2524 fcsl      20   0  511652  20848   3160 S   0.0   0.3   0:00.00 python3 /usr/share/nvpmodel_indicator/nvpmodel_indicator.py
   2525 fcsl      20   0  511652  20848   3160 S   0.0   0.3   0:00.00 python3 /usr/share/nvpmodel_indicator/nvpmodel_indicator.py
   2526 fcsl      20   0  511652  20848   3160 S   0.0   0.3   0:00.00 python3 /usr/share/nvpmodel_indicator/nvpmodel_indicator.py
   2527 fcsl      20   0  511652  20848   3160 S   0.0   0.3   0:00.00 python3 /usr/share/nvpmodel_indicator/nvpmodel_indicator.py
   2528 fcsl      20   0  511652  20848   3160 S   0.0   0.3   0:00.00 python3 /usr/share/nvpmodel_indicator/nvpmodel_indicator.py
   2529 fcsl      20   0  511652  21360   3648 S   0.0   0.3   0:01.00 python3 /usr/share/nvpmodel_indicator/nvpmodel_indicator.py
   2531 fcsl      20   0  511652  20852   3160 S   0.0   0.3   0:00.00 python3 /usr/share/nvpmodel_indicator/nvpmodel_indicator.py
   2532 fcsl      20   0  511652  20852   3160 S   0.0   0.3   0:00.00 python3 /usr/share/nvpmodel_indicator/nvpmodel_indicator.py
   2558 fcsl      20   0  238820  11516   6280 S   0.0   0.1   0:00.06 /usr/libexec/ibus-engine-hangul --ibus
   2568 fcsl      39  19  648636  33504  20344 S   0.0   0.4   0:00.60 /usr/libexec/tracker-miner-fs-3
   2570 fcsl      20   0  345256  24112  16764 S   0.0   0.3   0:00.13 /usr/libexec/xdg-desktop-portal-gtk
   2735 fcsl      20   0  163392   5864   5280 S   0.0   0.1   0:00.01 /usr/libexec/gvfsd-metadata
   2762 root      20   0  136724  11180   9516 S   0.0   0.1   0:00.36 cupsd -f -s /var/snap/cups/common/etc/cups/cups-files.conf -c /var/snap/cups/common/etc/cups/cupsd.conf
   2770 snap_da+  20   0   14484   4204   3512 S   0.0   0.1   0:00.00 /snap/cups/1237/lib/cups/notifier/dbus dbus://
   2771 snap_da+  20   0   14484   4636   3932 S   0.0   0.1   0:00.00 /snap/cups/1237/lib/cups/notifier/dbus dbus://
   2772 snap_da+  20   0   14484   4216   3524 S   0.0   0.1   0:00.00 /snap/cups/1237/lib/cups/notifier/dbus dbus://
   2773 snap_da+  20   0   14484   4272   3576 S   0.0   0.1   0:00.00 /snap/cups/1237/lib/cups/notifier/dbus dbus://
   2774 snap_da+  20   0   14484   4636   3932 S   0.0   0.1   0:00.00 /snap/cups/1237/lib/cups/notifier/dbus dbus://
   2781 root      20   0  260796  17948  13524 S   0.0   0.2   0:00.46 cups-browsed -c /var/snap/cups/common/etc/cups/cups-browsed.conf
   3356 root      20   0   18536   9044   7116 S   0.0   0.1   0:00.03 sshd: fcsl [priv]
   3413 fcsl      20   0   18984   7780   5556 S   0.0   0.1   0:00.42 sshd: fcsl@pts/0
   3414 fcsl      20   0   15168   8696   3028 S   0.0   0.1   0:00.15 -bash
   3656 root      20   0   18536   9052   7124 S   0.0   0.1   0:00.02 sshd: fcsl [priv]
   3699 fcsl      20   0   18984   7800   5576 S   0.0   0.1   0:00.01 sshd: fcsl@pts/1
   3700 fcsl      20   0   15168   8568   2900 S   0.0   0.1   0:00.11 -bash
   3956 root      20   0   18536   9052   7124 S   0.0   0.1   0:00.03 sshd: fcsl [priv]
   3986 fcsl      20   0   18984   7800   5576 S   0.0   0.1   0:00.24 sshd: fcsl@pts/2
   3987 fcsl      20   0   15168   8564   2900 S   0.0   0.1   0:00.06 -bash
   4340 fcsl      20   0  421744  28484  20708 S   0.0   0.4   0:00.18 update-notifier
   5745 root      20   0       0      0      0 I   0.0   0.0   0:00.00 [kworker/5:0-events]
   5746 root      20   0       0      0      0 I   0.0   0.0   0:00.14 [kworker/0:0-events]
   5789 root      20   0   18536   9056   7128 S   0.0   0.1   0:00.03 sshd: fcsl [priv]
   5817 fcsl      20   0   19504   8220   5580 S   0.0   0.1   0:07.80 sshd: fcsl@notty
   5818 fcsl      20   0    9792   2976   2680 S   0.0   0.0   0:00.00 -bash
   5821 fcsl      20   0    2440   1568   1348 S   0.0   0.0   0:00.00 sh
   5868 fcsl      20   0   45844  12856   8268 S   0.0   0.2   0:11.59 /home/fcsl/.vscode-server/code-6a49527b96e326fe62fbdb56f60e16877c9aa724 command-shell --cli-data-dir /home/fcsl/.vscode-server/cli --parent-process-id 5821 --on-host=127.0.0.1 --on-port
   5892 fcsl      20   0   42184   8676   6928 S   0.0   0.1   0:00.04 /home/fcsl/.vscode-server/code-6a49527b96e326fe62fbdb56f60e16877c9aa724 --cli-data-dir /home/fcsl/.vscode-server/cli agent host
   5913 fcsl      20   0    2328    816    732 S   0.0   0.0   0:00.00 sh /home/fcsl/.vscode-server/cli/servers/Stable-6a49527b96e326fe62fbdb56f60e16877c9aa724/server/bin/code-server --connection-token=remotessh --accept-server-license-terms --agent-host-bridge-port=41459 --agent-host-bridge-host=127.0.0.1 --agent-host-bridge-connection-token=03adc759-cc11-482d-a5c4-3d1cf335af96 --start-server --enable-remote-auto-shutdown --socket-path=/tmp/code-9639163c-fbe7-4e2e-8b21-e167c70142b5
   5917 fcsl      20   0   11.1g 174268  46284 S   0.0   2.2   0:10.09 /home/fcsl/.vscode-server/cli/servers/Stable-6a49527b96e326fe62fbdb56f60e16877c9aa724/server/node /home/fcsl/.vscode-server/cli/servers/Stable-6a49527b96e326fe62fbdb56f60e16877c9aa724/server/out/server-main.js --connection-token=remotessh --accept-server-license-terms --agent-host-bridge-port=41459 --agent-host-bridge-host=127.0.0.1 --agent-host-bridge-connection-token=03adc759-cc11-482d-a5c4-3d1cf335af96 --start-server --enable-remote+
   6192 fcsl      20   0  952820  70140  41896 S   0.0   0.9   0:01.94 /home/fcsl/.vscode-server/cli/servers/Stable-6a49527b96e326fe62fbdb56f60e16877c9aa724/server/node /home/fcsl/.vscode-server/cli/servers/Stable-6a49527b96e326fe62fbdb56f60e16877c9aa724/server/out/bootstrap-fork --type=ptyHost --logsPath /home/fcsl/.vscode-server/data/logs/20260817T111943
   6410 root      20   0       0      0      0 I   0.0   0.0   0:00.00 [kworker/1:0-events]
   6731 fcsl      20   0  997088  80596  41996 S   0.0   1.0   0:07.43 /home/fcsl/.vscode-server/cli/servers/Stable-6a49527b96e326fe62fbdb56f60e16877c9aa724/server/node /home/fcsl/.vscode-server/cli/servers/Stable-6a49527b96e326fe62fbdb56f60e16877c9aa724/server/out/bootstrap-fork --type=fileWatcher
   7080 fcsl      20   0  405524  74872  63060 S   0.0   1.0   0:01.33 /home/fcsl/.vscode-server/extensions/openai.chatgpt-26.810.52044-linux-arm64/bin/linux-aarch64/codex -c features.code_mode_host=true app-server --analytics-default-enabled
   7182 fcsl      20   0   15216   8668   2972 S   0.0   0.1   0:00.05 /usr/bin/bash --init-file /home/fcsl/.vscode-server/cli/servers/Stable-6a49527b96e326fe62fbdb56f60e16877c9aa724/server/out/vs/workbench/contrib/terminal/common/scripts/shellIntegration-bash.sh
   7850 root      20   0   18536   9060   7132 S   0.0   0.1   0:00.04 sshd: fcsl [priv]
   7878 fcsl      20   0   18824   7676   5580 S   0.0   0.1   0:00.02 sshd: fcsl@pts/6
   7879 fcsl      20   0   15168   8708   3036 S   0.0   0.1   0:00.15 -bash
   8118 root      20   0   18536   9060   7132 S   0.0   0.1   0:00.04 sshd: fcsl [priv]
   8146 fcsl      20   0   18984   7680   5580 S   0.0   0.1   0:00.02 sshd: fcsl@pts/8
   8147 fcsl      20   0   15168   8708   3032 S   0.0   0.1   0:00.15 -bash
   8386 root      20   0   18536   9060   7132 S   0.0   0.1   0:00.04 sshd: fcsl [priv]
   8414 fcsl      20   0   18824   7672   5580 S   0.0   0.1   0:00.01 sshd: fcsl@pts/9
   8415 fcsl      20   0   15168   8640   2964 S   0.0   0.1   0:00.12 -bash
  11747 root      20   0       0      0      0 I   0.0   0.0   0:00.00 [kworker/0:2-events]
  11800 root      20   0   18536   9328   7400 S   0.0   0.1   0:00.04 sshd: fcsl [priv]
  11829 fcsl      20   0   15168   9064   3388 S   0.0   0.1   0:00.37 -bash
  16192 root      20   0       0      0      0 I   0.0   0.0   0:00.07 [kworker/u12:3-devfreq_wq]
  16258 root      20   0       0      0      0 I   0.0   0.0   0:00.00 [kworker/0:1-events]
  16292 root      20   0    8112    764    688 S   0.0   0.0   0:00.00 sleep 300
  16331 root      20   0       0      0      0 I   0.0   0.0   0:00.04 [kworker/u12:0-events_unbound]
  19240 fcsl      20   0  206192  31704  14596 S   0.0   0.4   0:00.55 /home/fcsl/miniforge3/envs/thirdimpact/bin/python /home/fcsl/miniforge3/envs/thirdimpact/bin/ros2 run joy joy_node
  19545 fcsl      20   0    8112    780    704 S   0.0   0.0   0:00.00 sleep 180
  19546 fcsl      20   0   10072   3092   2780 S   0.0   0.0   0:00.00 bash ./cpu_profile.sh

top - 11:35:16 up 22 min,  8 users,  load average: 10.08, 5.03, 4.09
Tasks: 409 total,  11 running, 398 sleeping,   0 stopped,   0 zombie
%Cpu(s): 87.4 us,  8.9 sy,  0.0 ni,  0.7 id,  0.0 wa,  1.3 hi,  1.8 si,  0.0 st
MiB Mem :   7607.4 total,   1578.8 free,   3615.0 used,   2413.5 buff/cache
MiB Swap:   3803.7 total,   3803.2 free,      0.5 used.   3721.8 avail Mem 

    PID USER      PR  NI    VIRT    RES    SHR S  %CPU  %MEM     TIME+ COMMAND
  19336 fcsl      20   0 1447952 110964  42476 R  50.0   1.4   0:15.44 /home/fcsl/miniforge3/envs/thirdimpact/bin/python3.12 /home/fcsl/roboracer_ws/install/state_machine/lib/state_machine/state_machine --ros-args -r __node:=state_machine --params-file /home/fcsl/roboracer_ws/install/stack_master/share/stack_master/config/state_machine_params.yaml --params-file /tmp/launch_params_biwnb6d6 --params-file /tmp/launch_params_30za9fdy --params-file /tmp/launch_params_f2pjkjd6 --params-file /tmp/launch_params_v+
  19358 fcsl      20   0 1478356 107652  42672 R  48.0   1.4   0:14.52 /home/fcsl/miniforge3/envs/thirdimpact/bin/python3.12 /home/fcsl/roboracer_ws/install/controller/lib/controller/controller_manager --ros-args -r __node:=controller_manager --params-file /home/fcsl/roboracer_ws/install/stack_master/share/stack_master/config/controller.yaml --params-file /tmp/launch_params_rteop0df --params-file /tmp/launch_params_fgfbn70d
  19311 fcsl      20   0 1473936 105568  41672 R  42.6   1.4   0:12.66 /home/fcsl/miniforge3/envs/thirdimpact/bin/python3.12 /home/fcsl/roboracer_ws/install/frenet_odom_republisher/lib/frenet_odom_republisher/frenet_odom_republisher_node --ros-args -r __node:=frenet_odom_republisher -r /car_state/frenet/odom:=/car_state/odom_frenet
  19314 fcsl      20   0 1114280  64732  25816 R  36.8   0.8   0:11.01 /home/fcsl/miniforge3/envs/thirdimpact/bin/python3.12 /home/fcsl/roboracer_ws/install/lap_analyser/lib/lap_analyser/lap_analyser --ros-args -r __node:=lap_analyser --params-file /tmp/launch_params_0px3ph6a
  19346 fcsl      20   0 1873344 220660  90960 R  36.8   2.8   0:13.21 /home/fcsl/miniforge3/envs/thirdimpact/bin/python3.12 /home/fcsl/roboracer_ws/install/lane_change_planner/lib/lane_change_planner/change_avoidance_node --ros-args -r __node:=planner_change --params-file /tmp/launch_params_3lr3b4pe
  19328 fcsl      20   0 1472000 130820  46628 R  35.3   1.7   0:11.68 python3 /home/fcsl/roboracer_ws/install/perception/lib/perception/tracking_node --ros-args -r __node:=tracking --params-file /home/fcsl/roboracer_ws/install/stack_master/share/stack_master/config/opponent_tracker_params.yaml -r /tracking/obstacles:=/tracking/obstacles
  19340 fcsl      20   0 1847760 191428  87768 R  35.3   2.5   0:11.85 /home/fcsl/miniforge3/envs/thirdimpact/bin/python3.12 /home/fcsl/roboracer_ws/install/recovery_spliner/lib/recovery_spliner/recovery_spliner_node --ros-args -r __node:=recovery_spliner_node
  19344 fcsl      20   0 1815936 166932  83084 R  35.3   2.1   0:11.75 /home/fcsl/miniforge3/envs/thirdimpact/bin/python3.12 /home/fcsl/roboracer_ws/install/spliner/lib/spliner/static_avoidance_node --ros-args -r __node:=static_avoidance_planner --params-file /home/fcsl/roboracer_ws/install/stack_master/share/stack_master/config/static_avoidance_planner.yaml -r /planner/avoidance/otwpnts:=/planner/avoidance/static_otwpnts
  19342 fcsl      20   0 1847704 191384  87764 R  33.3   2.5   0:11.93 /home/fcsl/miniforge3/envs/thirdimpact/bin/python3.12 /home/fcsl/roboracer_ws/install/spliner/lib/spliner/start_spline_node_v2 --ros-args -r __node:=start_planner
  19356 fcsl      20   0 1119648  67908  27292 R  33.3   0.9   0:08.91 python3 /home/fcsl/roboracer_ws/install/gp_traj_predictor/lib/gp_traj_predictor/opp_prediction --ros-args -r __node:=opponent_propagation_predictor
  19281 fcsl      20   0 1455628 117548  41644 S  31.9   1.5   0:11.10 /home/fcsl/miniforge3/envs/thirdimpact/bin/python3.12 /home/fcsl/roboracer_ws/install/gb_optimizer/lib/gb_optimizer/global_trajectory_publisher --ros-args -r __node:=global_republisher --params-file /tmp/launch_params_lsq8407e
  19352 fcsl      20   0 1592912 108816  42116 S  31.9   1.4   0:09.81 python3 /home/fcsl/roboracer_ws/install/gp_traj_predictor/lib/gp_traj_predictor/opponent_trajectory --ros-args -r __node:=OpponentHalflap
  19350 fcsl      20   0 1115228  66292  25644 S  28.4   0.9   0:07.60 /home/fcsl/miniforge3/envs/thirdimpact/bin/python3.12 /home/fcsl/roboracer_ws/install/lane_change_planner/lib/lane_change_planner/update_waypoints --ros-args -r __node:=waypoint_updater
  19251 fcsl      20   0  868124  49804  36540 S  26.0   0.6   0:10.29 /home/fcsl/roboracer_ws/install/kiss_icp_localization/lib/kiss_icp_localization/localization_node --ros-args -r __node:=kiss_icp_localization --params-file /home/fcsl/roboracer_ws/install/stack_master/share/stack_master/config/kiss.yaml --params-file /tmp/launch_params_kkza55sc --params-file /tmp/launch_params_bk6s3os3
  19230 fcsl      20   0 1106708  60188  24440 S  15.2   0.8   0:05.20 python3 /home/fcsl/roboracer_ws/install/stack_master/lib/stack_master/simple_mux_node.py --ros-args -r __node:=simple_mux --params-file /home/fcsl/roboracer_ws/install/stack_master/share/stack_master/config/CAR/vehicle_config.yaml --params-file /tmp/launch_params_pywsh3_8 --params-file /tmp/launch_params_yk3h0muz --params-file /tmp/launch_params_uihzw7ry --params-file /tmp/launch_params_5fc12uzq --params-file /tmp/launch_params_nd2qw0hk
  19297 fcsl      20   0 1520296 109684  42496 S  13.7   1.4   0:05.26 /home/fcsl/miniforge3/envs/thirdimpact/bin/python3.12 /home/fcsl/roboracer_ws/install/overtaking_sector_tuner/lib/overtaking_sector_tuner/ot_interpolator --ros-args -r __node:=ot_sector_tuner --params-file /home/fcsl/roboracer_ws/install/stack_master/share/stack_master/maps/0815test3/ot_sectors.yaml --params-file /tmp/launch_params_ti68gs7d
  19326 fcsl      20   0 1127028  54668  33796 S   7.4   0.7   0:02.47 /home/fcsl/roboracer_ws/install/perception/lib/perception/detect --ros-args -r __node:=detect --params-file /home/fcsl/roboracer_ws/install/stack_master/share/stack_master/config/opponent_tracker_params.yaml --params-file /tmp/launch_params_gk8q2zkj
  19216 fcsl      20   0  882452  23352  13904 S   6.9   0.3   0:02.66 /home/fcsl/roboracer_ws/install/vesc_driver/lib/vesc_driver/vesc_driver_node --ros-args -r __node:=vesc_driver_node -r __ns:=/vesc --params-file /home/fcsl/roboracer_ws/install/stack_master/share/stack_master/config/CAR/vehicle_config.yaml
  19213 fcsl      20   0 2285720  52248  16816 S   5.9   0.7   0:04.46 /home/fcsl/miniforge3/envs/thirdimpact/bin/python /home/fcsl/miniforge3/envs/thirdimpact/bin/ros2 launch stack_master race.launch.xml map:=0815test3
  19561 fcsl      20   0  823792  26624  16644 S   4.4   0.3   0:01.68 /home/fcsl/miniforge3/envs/thirdimpact/lib/joy/joy_node
  19289 fcsl      20   0 1118656  67716  26820 S   2.9   0.9   0:02.20 /home/fcsl/miniforge3/envs/thirdimpact/bin/python3.12 /home/fcsl/roboracer_ws/install/sector_tuner/lib/sector_tuner/sector_tuner --ros-args -r __node:=speed_sector_tuner --params-file /home/fcsl/roboracer_ws/install/stack_master/share/stack_master/maps/0815test3/speed_scaling.yaml --params-file /tmp/launch_params_kwlnquqh
  19222 fcsl      20   0  817464  21696  14172 S   2.5   0.3   0:01.18 /home/fcsl/roboracer_ws/install/urg_node/lib/urg_node/urg_node_driver --ros-args -r __node:=urg_node --params-file /home/fcsl/roboracer_ws/install/stack_master/share/stack_master/config/CAR/vehicle_config.yaml -r /scan:=/scan
  19354 fcsl      20   0 1085540 142500  48776 S   2.5   1.8   0:03.74 python3 /home/fcsl/roboracer_ws/install/gp_traj_predictor/lib/gp_traj_predictor/gaussian_process_opp_traj --ros-args -r __node:=GP_trajectory
  19249 fcsl      20   0  721960  34992  21568 S   2.0   0.4   0:00.94 /home/fcsl/miniforge3/envs/thirdimpact/lib/nav2_map_server/map_server --ros-args -r __node:=map_server --params-file /tmp/launch_params_7an6qmh_ --params-file /tmp/launch_params_3pildy1p --params-file /tmp/launch_params_bxv9_bd6 --params-file /tmp/launch_params_3ypbuy35
  19220 fcsl      20   0  663144  22044  14644 S   1.5   0.3   0:00.87 /home/fcsl/roboracer_ws/install/vesc_ackermann/lib/vesc_ackermann/vesc_to_odom_node --ros-args -r __node:=vesc_to_odom_node -r __ns:=/vesc --params-file /home/fcsl/roboracer_ws/install/stack_master/share/stack_master/config/CAR/vehicle_config.yaml
  19247 fcsl      20   0  817644  25860  17424 S   1.5   0.3   0:00.91 /home/fcsl/miniforge3/envs/thirdimpact/lib/nav2_lifecycle_manager/lifecycle_manager --ros-args -r __node:=lifecycle_manager_localization --params-file /tmp/launch_params_gzsj1u13 --params-file /tmp/launch_params_7txkr4rh --params-file /tmp/launch_params_ojdu_5r1
  19307 fcsl      20   0 1439676 104352  41088 S   1.5   1.3   0:02.38 /home/fcsl/miniforge3/envs/thirdimpact/bin/python3.12 /home/fcsl/roboracer_ws/install/frenet_conversion_server/lib/frenet_conversion_server/frenet_conversion_server_node --ros-args -r __node:=frenet_conversion_server_node --params-file /tmp/launch_params_1_pyfy3w
   5868 fcsl      20   0   45844  12856   8268 S   1.0   0.2   0:11.61 /home/fcsl/.vscode-server/code-6a49527b96e326fe62fbdb56f60e16877c9aa724 command-shell --cli-data-dir /home/fcsl/.vscode-server/cli --parent-process-id 5821 --on-host=127.0.0.1 --on-port
   5917 fcsl      20   0   11.1g 174268  46284 S   1.0   2.2   0:10.11 /home/fcsl/.vscode-server/cli/servers/Stable-6a49527b96e326fe62fbdb56f60e16877c9aa724/server/node /home/fcsl/.vscode-server/cli/servers/Stable-6a49527b96e326fe62fbdb56f60e16877c9aa724/server/out/server-main.js --connection-token=remotessh --accept-server-license-terms --agent-host-bridge-port=41459 --agent-host-bridge-host=127.0.0.1 --agent-host-bridge-connection-token=03adc759-cc11-482d-a5c4-3d1cf335af96 --start-server --enable-remote+
   6720 fcsl      20   0   42.1g 668856  59704 S   1.0   8.6   1:04.22 /home/fcsl/.vscode-server/cli/servers/Stable-6a49527b96e326fe62fbdb56f60e16877c9aa724/server/node --dns-result-order=ipv4first /home/fcsl/.vscode-server/cli/servers/Stable-6a49527b96e326fe62fbdb56f60e16877c9aa724/server/out/bootstrap-fork --type=extensionHost --transformURIs --useHostProxy=false
  11828 fcsl      20   0   18824   8292   6100 S   1.0   0.1   0:00.55 sshd: fcsl@pts/5
  19224 fcsl      20   0 1113316  63836  25836 S   1.0   0.8   0:01.27 python3 /home/fcsl/roboracer_ws/install/stack_master/lib/stack_master/static_tf_publisher.py --ros-args -r __node:=static_tf_publisher --params-file /home/fcsl/roboracer_ws/install/stack_master/share/stack_master/config/CAR/static_transforms.yaml
  19245 fcsl      20   0 1106632  62572  24328 S   1.0   0.8   0:01.26 python3 /home/fcsl/roboracer_ws/install/stack_master/lib/stack_master/map_relay_node.py --ros-args -r __node:=map_relay_node
  19553 fcsl      20   0   12120   3496   2676 R   1.0   0.0   0:00.43 top -b -c -w 512 -d 2
     95 root      20   0       0      0      0 I   0.5   0.0   0:00.50 [kworker/u12:2-events_unbound]
    320 root      20   0   23808   5888   3448 S   0.5   0.1   0:05.15 /lib/systemd/systemd-udevd
   5817 fcsl      20   0   19504   8220   5580 S   0.5   0.1   0:07.81 sshd: fcsl@notty
   6731 fcsl      20   0  997088  80596  41996 S   0.5   1.0   0:07.44 /home/fcsl/.vscode-server/cli/servers/Stable-6a49527b96e326fe62fbdb56f60e16877c9aa724/server/node /home/fcsl/.vscode-server/cli/servers/Stable-6a49527b96e326fe62fbdb56f60e16877c9aa724/server/out/bootstrap-fork --type=fileWatcher
  19218 fcsl      20   0  663148  21880  14464 S   0.5   0.3   0:00.61 /home/fcsl/roboracer_ws/install/vesc_ackermann/lib/vesc_ackermann/ackermann_to_vesc_node --ros-args -r __node:=ackermann_to_vesc_node -r __ns:=/vesc --params-file /home/fcsl/roboracer_ws/install/stack_master/share/stack_master/config/CAR/vehicle_config.yaml
      1 root      20   0  167496  11476   7176 S   0.0   0.1   0:03.45 /sbin/init 2
      2 root      20   0       0      0      0 S   0.0   0.0   0:00.01 [kthreadd]
      3 root       0 -20       0      0      0 I   0.0   0.0   0:00.00 [rcu_gp]
      4 root       0 -20       0      0      0 I   0.0   0.0   0:00.00 [rcu_par_gp]
      5 root       0 -20       0      0      0 I   0.0   0.0   0:00.00 [slub_flushwq]
      6 root       0 -20       0      0      0 I   0.0   0.0   0:00.00 [netns]
      8 root       0 -20       0      0      0 I   0.0   0.0   0:00.00 [kworker/0:0H-events_highpri]
     10 root       0 -20       0      0      0 I   0.0   0.0   0:00.00 [mm_percpu_wq]
     11 root      20   0       0      0      0 S   0.0   0.0   0:00.00 [rcu_tasks_kthre]
     12 root      20   0       0      0      0 S   0.0   0.0   0:00.00 [rcu_tasks_rude_]
     13 root      20   0       0      0      0 S   0.0   0.0   0:00.00 [rcu_tasks_trace]
     14 root      20   0       0      0      0 S   0.0   0.0   0:00.72 [ksoftirqd/0]
     15 root      20   0       0      0      0 I   0.0   0.0   0:00.36 [rcu_preempt]
     16 root      rt   0       0      0      0 S   0.0   0.0   0:00.00 [migration/0]
     17 root      20   0       0      0      0 S   0.0   0.0   0:00.00 [cpuhp/0]
     18 root      20   0       0      0      0 S   0.0   0.0   0:00.00 [cpuhp/1]
     19 root      rt   0       0      0      0 S   0.0   0.0   0:00.00 [migration/1]
     20 root      20   0       0      0      0 S   0.0   0.0   0:00.14 [ksoftirqd/1]
     22 root       0 -20       0      0      0 I   0.0   0.0   0:00.00 [kworker/1:0H-events_highpri]
     23 root      20   0       0      0      0 S   0.0   0.0   0:00.00 [cpuhp/2]
     24 root      rt   0       0      0      0 S   0.0   0.0   0:00.00 [migration/2]
     25 root      20   0       0      0      0 S   0.0   0.0   0:00.15 [ksoftirqd/2]
     27 root       0 -20       0      0      0 I   0.0   0.0   0:00.00 [kworker/2:0H-kblockd]
     28 root      20   0       0      0      0 S   0.0   0.0   0:00.00 [cpuhp/3]
     29 root      rt   0       0      0      0 S   0.0   0.0   0:00.00 [migration/3]
     30 root      20   0       0      0      0 S   0.0   0.0   0:00.18 [ksoftirqd/3]
     31 root      20   0       0      0      0 I   0.0   0.0   0:00.07 [kworker/3:0-mm_percpu_wq]
     32 root       0 -20       0      0      0 I   0.0   0.0   0:00.00 [kworker/3:0H-events_highpri]
     33 root      20   0       0      0      0 S   0.0   0.0   0:00.00 [cpuhp/4]
     34 root      rt   0       0      0      0 S   0.0   0.0   0:00.00 [migration/4]
     35 root      20   0       0      0      0 S   0.0   0.0   0:00.15 [ksoftirqd/4]
     37 root       0 -20       0      0      0 I   0.0   0.0   0:00.00 [kworker/4:0H-events_highpri]
     38 root      20   0       0      0      0 S   0.0   0.0   0:00.00 [cpuhp/5]
     39 root      rt   0       0      0      0 S   0.0   0.0   0:00.00 [migration/5]
     40 root      20   0       0      0      0 S   0.0   0.0   0:00.13 [ksoftirqd/5]
     42 root       0 -20       0      0      0 I   0.0   0.0   0:00.00 [kworker/5:0H-events_highpri]
     43 root      20   0       0      0      0 S   0.0   0.0   0:00.00 [kdevtmpfs]
     44 root       0 -20       0      0      0 I   0.0   0.0   0:00.00 [inet_frag_wq]
     47 root      20   0       0      0      0 I   0.0   0.0   0:00.01 [kworker/2:1-cgroup_destroy]
     50 root      20   0       0      0      0 I   0.0   0.0   0:00.00 [kworker/4:1-events]
     51 root      20   0       0      0      0 S   0.0   0.0   0:00.00 [kauditd]
     52 root      20   0       0      0      0 S   0.0   0.0   0:00.00 [oom_reaper]
     53 root       0 -20       0      0      0 I   0.0   0.0   0:00.00 [writeback]
     54 root      20   0       0      0      0 S   0.0   0.0   0:00.00 [kcompactd0]
     55 root      25   5       0      0      0 S   0.0   0.0   0:00.00 [ksmd]
     56 root      39  19       0      0      0 S   0.0   0.0   0:00.16 [khugepaged]
     67 root       0 -20       0      0      0 I   0.0   0.0   0:00.00 [cryptd]
     86 root       0 -20       0      0      0 I   0.0   0.0   0:00.00 [kintegrityd]
     87 root       0 -20       0      0      0 I   0.0   0.0   0:00.00 [kblockd]
     88 root       0 -20       0      0      0 I   0.0   0.0   0:00.00 [blkcg_punt_bio]
     89 root       0 -20       0      0      0 I   0.0   0.0   0:00.00 [tpm_dev_wq]
     90 root       0 -20       0      0      0 I   0.0   0.0   0:00.00 [ata_sff]
     91 root       0 -20       0      0      0 I   0.0   0.0   0:00.00 [edac-poller]
     92 root       0 -20       0      0      0 I   0.0   0.0   0:00.00 [devfreq_wq]
     93 root     -51   0       0      0      0 S   0.0   0.0   0:00.00 [watchdogd]
     94 root      20   0       0      0      0 I   0.0   0.0   0:00.70 [kworker/u12:1-events_freezable_power_]
     96 root       0 -20       0      0      0 I   0.0   0.0   0:00.00 [kworker/0:1H-kblockd]
     97 root       0 -20       0      0      0 I   0.0   0.0   0:00.00 [rpciod]
     98 root       0 -20       0      0      0 I   0.0   0.0   0:00.03 [kworker/u13:0-hci0]
     99 root       0 -20       0      0      0 I   0.0   0.0   0:00.00 [xprtiod]
    127 root      20   0       0      0      0 S   0.0   0.0   0:00.36 [kswapd0]
    128 root       0 -20       0      0      0 I   0.0   0.0   0:00.00 [nfsiod]
    132 root       0 -20       0      0      0 I   0.0   0.0   0:00.00 [vfio-irqfd-clea]
    133 root       0 -20       0      0      0 I   0.0   0.0   0:00.00 [bch_btree_io]
    134 root       0 -20       0      0      0 I   0.0   0.0   0:00.00 [bcache]
    135 root       0 -20       0      0      0 I   0.0   0.0   0:00.00 [bch_journal]
    136 root       0 -20       0      0      0 I   0.0   0.0   0:00.00 [dm_bufio_cache]
    138 root      10 -10       0      0      0 S   0.0   0.0   0:00.00 [krfcommd]
    139 root      20   0       0      0      0 S   0.0   0.0   0:00.00 [pr/tty0]
    140 root      20   0       0      0      0 S   0.0   0.0   0:02.86 [pr/ttyTCU0]
    143 root     -51   0       0      0      0 S   0.0   0.0   0:00.00 [irq/114-3160000]
    145 root     -51   0       0      0      0 S   0.0   0.0   0:00.00 [irq/115-3180000]
    146 root      20   0       0      0      0 I   0.0   0.0   0:00.38 [kworker/1:3-mm_percpu_wq]
    147 root     -51   0       0      0      0 S   0.0   0.0   0:00.00 [irq/116-31b0000]
    148 root     -51   0       0      0      0 S   0.0   0.0   0:00.00 [irq/167-c240000]
    149 root     -51   0       0      0      0 S   0.0   0.0   0:00.00 [irq/168-c250000]
    150 root     -51   0       0      0      0 S   0.0   0.0   0:00.00 [irq/125-3610000]
    151 root     -51   0       0      0      0 S   0.0   0.0   0:00.00 [irq/122-3610000]
    152 root      20   0       0      0      0 I   0.0   0.0   0:00.03 [kworker/5:3-events]
    153 root       0 -20       0      0      0 I   0.0   0.0   0:00.00 [sdhci]
    154 root     -51   0       0      0      0 S   0.0   0.0   0:00.00 [irq/120-mmc0]
    155 root     -51   0       0      0      0 S   0.0   0.0   0:00.00 [irq/230-3400000]
    156 root      20   0       0      0      0 I   0.0   0.0   0:00.06 [kworker/2:2-mm_percpu_wq]
    173 root       0 -20       0      0      0 I   0.0   0.0   0:00.00 [kworker/1:1H-kblockd]
    174 root      20   0       0      0      0 I   0.0   0.0   0:00.00 [kworker/3:2-mm_percpu_wq]
    179 root     -51   0       0      0      0 S   0.0   0.0   0:00.00 [irq/191-tegra-p]
    180 root       0 -20       0      0      0 I   0.0   0.0   0:00.00 [nvme-wq]
    181 root       0 -20       0      0      0 I   0.0   0.0   0:00.00 [nvme-reset-wq]
    182 root       0 -20       0      0      0 I   0.0   0.0   0:00.00 [nvme-delete-wq]
    191 root     -51   0       0      0      0 S   0.0   0.0   0:00.00 [irq/191-aerdrv]
    192 root     -51   0       0      0      0 S   0.0   0.0   0:00.00 [irq/193-tegra-p]
    195 root     -51   0       0      0      0 S   0.0   0.0   0:00.00 [irq/193-aerdrv]
    196 root     -51   0       0      0      0 S   0.0   0.0   0:00.00 [irq/195-tegra-p]
    198 root     -51   0       0      0      0 S   0.0   0.0   0:00.00 [irq/232-nvme0q0]
    199 root     -51   0       0      0      0 S   0.0   0.0   0:00.23 [irq/233-nvme0q1]
    200 root     -51   0       0      0      0 S   0.0   0.0   0:00.34 [irq/234-nvme0q2]
    201 root     -51   0       0      0      0 S   0.0   0.0   0:00.18 [irq/235-nvme0q3]
    202 root     -51   0       0      0      0 S   0.0   0.0   0:00.22 [irq/236-nvme0q4]
    203 root     -51   0       0      0      0 S   0.0   0.0   0:00.06 [irq/237-nvme0q5]
    204 root     -51   0       0      0      0 S   0.0   0.0   0:00.06 [irq/238-nvme0q6]
    205 root      20   0       0      0      0 I   0.0   0.0   0:00.50 [kworker/u12:4-events_freezable_power_]
    209 root      20   0       0      0      0 S   0.0   0.0   0:00.13 [jbd2/nvme0n1p1-]
    210 root       0 -20       0      0      0 I   0.0   0.0   0:00.00 [ext4-rsv-conver]
    211 root       0 -20       0      0      0 I   0.0   0.0   0:00.00 [kworker/2:1H-kblockd]
    220 root       0 -20       0      0      0 I   0.0   0.0   0:00.00 [mld]
    221 root       0 -20       0      0      0 I   0.0   0.0   0:00.00 [kworker/3:1H-kblockd]
    222 root       0 -20       0      0      0 I   0.0   0.0   0:00.00 [ipv6_addrconf]
    253 root      19  -1   40524   9664   8044 S   0.0   0.1   0:00.51 /lib/systemd/systemd-journald
    267 root      20   0       0      0      0 I   0.0   0.0   0:00.04 [kworker/4:2-mm_percpu_wq]
    270 root      20   0       0      0      0 I   0.0   0.0   0:00.47 [kworker/u12:5-events_freezable_power_]
    271 root      20   0       0      0      0 I   0.0   0.0   0:00.62 [kworker/u12:6-events_freezable_power_]
    272 root      20   0       0      0      0 I   0.0   0.0   0:00.36 [kworker/u12:7-devfreq_wq]
    273 root      20   0       0      0      0 I   0.0   0.0   0:00.49 [kworker/u12:8-events_freezable_power_]
    283 root      39  19       0      0      0 S   0.0   0.0   0:00.00 [nvmap-bz]
    284 root     -51   0       0      0      0 S   0.0   0.0   0:00.00 [irq/188-host1x_]
    286 root     -51   0       0      0      0 S   0.0   0.0   0:00.00 [irq/197-gk20a_s]
    287 root     -51   0       0      0      0 S   0.0   0.0   0:00.00 [irq/198-gk20a_s]
    288 root     -51   0       0      0      0 S   0.0   0.0   0:00.00 [irq/199-gk20a_s]
    289 root     -51   0       0      0      0 S   0.0   0.0   0:00.00 [irq/200-gk20a_n]
    293 root      20   0    9792   2792   2528 S   0.0   0.0   0:00.00 /bin/bash /etc/systemd/nv-tee-supplicant.sh
    298 root      20   0   76588   1360   1248 S   0.0   0.0   0:00.01 /usr/sbin/tee-supplicant
    299 root       0 -20       0      0      0 I   0.0   0.0   0:00.00 [optee_bus_scan]
    307 root       0 -20       0      0      0 I   0.0   0.0   0:00.00 [kworker/4:1H-kblockd]
    309 root      20   0   24048   6028   3380 S   0.0   0.1   0:02.03 /lib/systemd/systemd-udevd
    310 root      20   0   23744   5080   2712 S   0.0   0.1   0:00.16 /lib/systemd/systemd-udevd
    311 root      20   0   23396   4308   2228 S   0.0   0.1   0:00.12 /lib/systemd/systemd-udevd
    312 root      20   0   23508   4468   2212 S   0.0   0.1   0:00.15 /lib/systemd/systemd-udevd
    313 root      20   0   24528   6416   3228 S   0.0   0.1   0:00.31 /lib/systemd/systemd-udevd
    314 root      20   0   23532   4792   2660 S   0.0   0.1   0:00.24 /lib/systemd/systemd-udevd
    315 root      20   0   23500   5188   3048 S   0.0   0.1   0:00.27 /lib/systemd/systemd-udevd
    316 root      20   0   23520   4608   2452 S   0.0   0.1   0:00.16 /lib/systemd/systemd-udevd
    317 root      20   0   23540   4232   2096 S   0.0   0.1   0:00.14 /lib/systemd/systemd-udevd
    318 root      20   0   23548   4688   2540 S   0.0   0.1   0:00.10 /lib/systemd/systemd-udevd
    321 root      20   0   23396   5028   2908 S   0.0   0.1   0:00.19 /lib/systemd/systemd-udevd
    322 root      20   0   23500   5104   2852 S   0.0   0.1   0:00.18 /lib/systemd/systemd-udevd
    323 root      20   0   23516   4360   2096 S   0.0   0.1   0:00.16 /lib/systemd/systemd-udevd
    324 root      20   0   23520   4748   2480 S   0.0   0.1   0:00.18 /lib/systemd/systemd-udevd
    325 root      20   0   23500   5072   2820 S   0.0   0.1   0:00.20 /lib/systemd/systemd-udevd
    326 root      20   0   23548   4624   2476 S   0.0   0.1   0:00.16 /lib/systemd/systemd-udevd
    327 root      20   0   24548   5496   2292 S   0.0   0.1   0:00.21 /lib/systemd/systemd-udevd
    328 root      20   0   23516   4380   2212 S   0.0   0.1   0:00.13 /lib/systemd/systemd-udevd
    329 root      20   0   23524   4452   2300 S   0.0   0.1   0:00.19 /lib/systemd/systemd-udevd
    330 root      20   0   23524   4592   2440 S   0.0   0.1   0:00.22 /lib/systemd/systemd-udevd
    331 root      20   0   23524   4792   2636 S   0.0   0.1   0:00.14 /lib/systemd/systemd-udevd
    332 root       0 -20       0      0      0 I   0.0   0.0   0:00.00 [kworker/5:1H-kblockd]
    334 root      20   0   23524   4712   2532 S   0.0   0.1   0:00.16 /lib/systemd/systemd-udevd
    336 root      20   0       0      0      0 S   0.0   0.0   0:00.00 [15820000.crypto]
    337 root      20   0       0      0      0 S   0.0   0.0   0:00.00 [15840000.crypto]
    358 root      20   0   23544   4432   2140 S   0.0   0.1   0:00.15 /lib/systemd/systemd-udevd
    359 root      20   0   23524   4288   2096 S   0.0   0.1   0:00.12 /lib/systemd/systemd-udevd
    360 root      20   0   23524   4412   2220 S   0.0   0.1   0:00.14 /lib/systemd/systemd-udevd
    361 root      20   0   23524   5004   2812 S   0.0   0.1   0:00.17 /lib/systemd/systemd-udevd
    362 root      20   0   23524   4832   2644 S   0.0   0.1   0:00.23 /lib/systemd/systemd-udevd
    363 root      20   0   23816   4580   2144 S   0.0   0.1   0:00.15 /lib/systemd/systemd-udevd
    414 root     -51   0       0      0      0 S   0.0   0.0   0:00.00 [irq/219-bc00000]
    415 root      -2   0       0      0      0 S   0.0   0.0   0:00.00 [capture-control]
    416 root      -2   0       0      0      0 S   0.0   0.0   0:00.00 [capture]
    447 root     -51   0       0      0      0 S   0.0   0.0   0:00.00 [irq/189-tegra-p]
    448 root     -51   0       0      0      0 S   0.0   0.0   0:00.00 [irq/240-nvvrs-p]
    449 root     -51   0       0      0      0 S   0.0   0.0   0:00.00 [irq/214-tegra_d]
    450 root     -51   0       0      0      0 S   0.0   0.0   0:00.00 [irq/215-tegra_d]
    451 root       0 -20       0      0      0 I   0.0   0.0   0:00.00 [dce-async-ipc-w]
    452 root      20   0       0      0      0 S   0.0   0.0   0:00.00 [nv_queue]
    453 root      20   0       0      0      0 S   0.0   0.0   0:00.00 [nv_queue]
    454 root     -51   0       0      0      0 S   0.0   0.0   0:00.00 [irq/189-aerdrv]
    524 root       0 -20       0      0      0 I   0.0   0.0   0:00.00 [cfg80211]
    543 root     -51   0       0      0      0 S   0.0   0.0   0:00.00 [irq/118-3210000]
    552 root      20   0       0      0      0 S   0.0   0.0   0:00.00 [spi0]
    554 root     -51   0       0      0      0 S   0.0   0.0   0:00.00 [irq/119-3230000]
    555 root      20   0       0      0      0 S   0.0   0.0   0:00.00 [spi1]
    632 root       0 -20       0      0      0 I   0.0   0.0   0:00.00 [btfwwork]
    670 root       0 -20       0      0      0 I   0.0   0.0   0:00.00 [kworker/u13:2-hci0]
    672 root      20   0    8236   7372   1432 S   0.0   0.1   0:00.30 /usr/sbin/haveged --Foreground --verbose=1
    674 _rpc      20   0    7964   2112   1760 S   0.0   0.0   0:00.00 /sbin/rpcbind -f -w
    681 systemd+  20   0   25544  12588   8156 S   0.0   0.2   0:00.26 /lib/systemd/systemd-resolved
    682 systemd+  20   0   88788   6156   5312 S   0.0   0.1   0:00.08 /lib/systemd/systemd-timesyncd
    728 avahi     20   0    8088   2652   2300 S   0.0   0.0   0:00.08 avahi-daemon: running [ubuntu.local]
    729 root      20   0    9892   4484   4044 S   0.0   0.1   0:00.07 /usr/lib/bluetooth/bluetoothd -d --noplugin=audio,a2dp,avrcp
    730 message+  20   0   11448   5648   3108 S   0.0   0.1   0:01.66 @dbus-daemon --system --address=systemd: --nofork --nopidfile --systemd-activation --syslog-only
    731 root      20   0  263764  20360  14144 S   0.0   0.3   0:01.12 /usr/sbin/NetworkManager --no-daemon
    737 root      20   0   42224  19668   9972 S   0.0   0.3   0:00.14 /usr/bin/python3 /usr/bin/networkd-dispatcher --run-startup-triggers
    744 root      20   0   27644  15072   7804 S   0.0   0.2   0:00.10 python3 /opt/nvidia/pva-allow-2/bin/nvidiaPvaAllowd.py
    749 root      20   0  243232  10120   6268 S   0.0   0.1   0:03.17 /usr/libexec/polkitd --no-debug
    753 root      20   0  240320   8560   5832 S   0.0   0.1   0:00.04 /usr/libexec/power-profiles-daemon
    760 syslog    20   0  222164   8356   3224 S   0.0   0.1   0:00.14 /usr/sbin/rsyslogd -n -iNONE
    762 root      20   0    2240    708    628 S   0.0   0.0   0:00.00 seatd -g video
    767 root      20   0 2145820  48520  24160 S   0.0   0.6   0:04.95 /snap/snapd/current/usr/lib/snapd/snapd
    769 root      20   0  241096   7752   5856 S   0.0   0.1   0:00.80 /usr/libexec/accounts-daemon
    772 root      20   0  236800   5804   5196 S   0.0   0.1   0:00.02 /usr/libexec/switcheroo-control
    773 lp        20   0    2308    112      0 S   0.0   0.0   0:00.00 /usr/sbin/lpd -s
    774 root      20   0   48808   7200   5948 S   0.0   0.1   0:00.19 /lib/systemd/systemd-logind
    778 root      20   0  394856  14472   9176 S   0.0   0.2   0:00.28 /usr/libexec/udisks2/udisksd
    780 root      20   0   16532   9744   7852 S   0.0   0.1   0:00.08 /sbin/wpa_supplicant -u -s -O /run/wpa_supplicant
    800 avahi     20   0    7816    352      0 S   0.0   0.0   0:00.00 avahi-daemon: chroot helper
    816 root      20   0  320884  13460   9472 S   0.0   0.2   0:00.12 /usr/sbin/ModemManager
    818 root      rt   0       0      0      0 S   0.0   0.0   0:00.34 [sugov:0]
    823 root      rt   0       0      0      0 S   0.0   0.0   0:00.30 [sugov:4]
    910 root      20   0    2460   1560   1380 S   0.0   0.0   0:00.40 /usr/sbin/nvfancontrol &
    930 root      20   0       0      0      0 S   0.0   0.0   0:00.00 [sw-quiesce]
    931 root      20   0       0      0      0 S   0.0   0.0   0:01.08 [nvgpu_channel_p]
    934 root      20   0       0      0      0 S   0.0   0.0   0:00.00 [nvgpu_pg_init_g]
    954 root      20   0       0      0      0 S   0.0   0.0   0:00.00 [nvgpu_clk_arb_p]
    979 root      20   0       0      0      0 S   0.0   0.0   0:01.09 [RTW_CMD_THREAD]
    981 root      20   0       0      0      0 I   0.0   0.0   0:00.32 [kworker/u12:9-events_unbound]
   1016 root      20   0   75936   9728   7908 S   0.0   0.1   0:00.01 /usr/sbin/nvargus-daemon
   1017 root      20   0    9792   2900   2608 S   0.0   0.0   0:00.00 /bin/bash /etc/systemd/nvmemwarning.sh
   1037 root      20   0   22192   1708   1512 S   0.0   0.0   0:00.00 /usr/sbin/nvs-service
   1062 root      20   0    2336    760    672 S   0.0   0.0   0:01.58 /bin/sh /snap/cups/1237/scripts/run-cups-browsed
   1064 root      20   0    2336   1388   1264 S   0.0   0.0   0:01.60 /bin/sh /snap/cups/1237/scripts/run-cupsd
   1065 root      20   0       0      0      0 S   0.0   0.0   0:00.00 [pr/ramoops-1]
   1096 root      20   0 2012952  50020  29076 S   0.0   0.6   0:01.47 /usr/bin/containerd
   1110 root      20   0    9448   2412   2172 S   0.0   0.0   0:00.00 /usr/sbin/cron -f -P
   1136 kernoops  20   0   12820    456      0 S   0.0   0.0   0:00.00 /usr/sbin/kerneloops --test
   1145 root      20   0  241780   8612   6932 S   0.0   0.1   0:00.03 /usr/sbin/gdm3
   1162 kernoops  20   0   12820    452      0 S   0.0   0.0   0:00.00 /usr/sbin/kerneloops
   1164 root      20   0    8144    716    640 S   0.0   0.0   0:00.00 /sbin/agetty -o -p -- \u --keep-baud 115200,57600,38400,9600 ttyGS0 vt220
   1171 root      20   0    8144    724    648 S   0.0   0.0   0:00.00 /sbin/agetty -o -p -- \u --keep-baud 115200,57600,38400,9600 ttyTCU0 vt220
   1210 root      20   0  172548   9532   7592 S   0.0   0.1   0:00.04 gdm-session-worker [pam/gdm-autologin]
   1310 root      20   0    3076    916    804 S   0.0   0.0   0:00.00 /usr/sbin/nvphsd
   1316 root      20   0    3208   1408   1248 S   0.0   0.0   0:00.00 /usr/sbin/nvphsd
   1337 root      20   0 2166840  89332  54988 S   0.0   1.1   0:00.70 /usr/bin/dockerd -H fd:// --containerd=/run/containerd/containerd.sock
   1338 root      20   0   15232   8036   6460 S   0.0   0.1   0:00.02 sshd: /usr/sbin/sshd -D [listener] 0 of 10-100 startups
   1342 root      20   0       0      0      0 S   0.0   0.0   0:00.00 [file-storage]
   1350 fcsl      20   0   18416   9892   7060 S   0.0   0.1   0:00.72 /lib/systemd/systemd --user
   1360 fcsl      20   0  106740   4520      0 S   0.0   0.1   0:00.00 (sd-pam)
   1538 fcsl       9 -11   40232   5728   4620 S   0.0   0.1   0:00.02 /usr/bin/pipewire
   1539 fcsl      20   0   23884   5672   4592 S   0.0   0.1   0:00.08 /usr/bin/pipewire-media-session
   1540 fcsl       9 -11  890556  20284  12116 S   0.0   0.3   0:00.39 /usr/bin/pulseaudio --daemonize=no --log-target=journal
   1545 fcsl      20   0  241000   6164   5312 S   0.0   0.1   0:00.04 /usr/bin/gnome-keyring-daemon --daemonize --login
   1548 rtkit     21   1  153508   1472   1264 S   0.0   0.0   0:00.02 /usr/libexec/rtkit-daemon
   1559 fcsl      20   0  162628   5416   4908 S   0.0   0.1   0:00.00 /usr/libexec/gdm-x-session --run-script env GNOME_SHELL_SESSION_MODE=ubuntu /usr/bin/gnome-session --session=ubuntu
   1561 root      20   0   24.2g  80668  35156 S   0.0   1.0   0:00.52 /usr/lib/xorg/Xorg vt2 -displayfd 3 -auth /run/user/1000/gdm/Xauthority -nolisten tcp -background none -noreset -keeptty -novtswitch -verbose 3
   1564 fcsl      20   0   10132   4876   3144 S   0.0   0.1   0:00.46 /usr/bin/dbus-daemon --session --address=systemd: --nofork --nopidfile --systemd-activation --syslog-only
   1587 root      20   0       0      0      0 S   0.0   0.0   0:00.00 [nvidia-modeset/]
   1588 root      20   0       0      0      0 S   0.0   0.0   0:00.00 [nvidia-modeset/]
   1590 root      20   0       0      0      0 S   0.0   0.0   0:00.00 [nvidia]
   1591 root      20   0       0      0      0 S   0.0   0.0   0:00.00 [nv_queue]
   1729 root      20   0       0      0      0 S   0.0   0.0   0:00.00 [nvidia-drm-nv-t]
   1730 root     -51   0       0      0      0 S   0.0   0.0   0:00.00 [card1-crtc0]
   1731 root     -51   0       0      0      0 S   0.0   0.0   0:00.00 [card1-crtc1]
   1824 fcsl      20   0  225936  13728  11972 S   0.0   0.2   0:00.05 /usr/libexec/gnome-session-binary --session=ubuntu
   1916 fcsl      20   0  309864   6752   6032 S   0.0   0.1   0:00.01 /usr/libexec/at-spi-bus-launcher
   1922 fcsl      20   0    8828   3616   3116 S   0.0   0.0   0:00.01 /usr/bin/dbus-daemon --config-file=/usr/share/defaults/at-spi2/accessibility.conf --nofork --print-address 11 --address=unix:path=/run/user/1000/at-spi/bus_0
   1979 fcsl      20   0   91892   2520   2152 S   0.0   0.0   0:00.00 /usr/libexec/gnome-session-ctl --monitor
   1988 fcsl      20   0  240908   6992   6104 S   0.0   0.1   0:00.04 /usr/libexec/gvfsd
   1996 fcsl      20   0  381064   9284   4640 S   0.0   0.1   0:00.00 /usr/libexec/gvfsd-fuse /run/user/1000/gvfs -f
   1997 fcsl      20   0  596284  17864  12840 S   0.0   0.2   0:00.18 /usr/libexec/gnome-session-binary --systemd-service --session=ubuntu
   2026 fcsl      20   0 3471004 225068  81340 S   0.0   2.9   0:05.99 /usr/bin/gnome-shell
   2040 fcsl      20   0  236356   4876   4440 S   0.0   0.1   0:00.00 /usr/libexec/xdg-permission-store
   2042 fcsl      20   0  584868  17900  13432 S   0.0   0.2   0:00.06 /usr/libexec/gnome-shell-calendar-server
   2051 fcsl      20   0  397280  22796  19136 S   0.0   0.3   0:00.09 /usr/libexec/evolution-source-registry
   2059 root      20   0  242436   7680   6568 S   0.0   0.1   0:00.07 /usr/libexec/upowerd
   2061 fcsl      20   0  600496  38980  29472 S   0.0   0.5   0:00.10 /usr/libexec/goa-daemon
   2068 fcsl      20   0 1321540  31748  23404 S   0.0   0.4   0:00.14 /usr/libexec/evolution-calendar-factory
   2078 fcsl      20   0  341492  12924  11036 S   0.0   0.2   0:00.04 /usr/libexec/goa-identity-service
   2088 fcsl      20   0  156800   4488   4024 S   0.0   0.1   0:00.01 /usr/libexec/dconf-service
   2089 fcsl      20   0  823284  28368  22824 S   0.0   0.4   0:00.08 /usr/libexec/evolution-addressbook-factory
   2105 fcsl      20   0  316604  11380   7284 S   0.0   0.1   0:00.11 /usr/libexec/gvfs-udisks2-volume-monitor
   2113 fcsl      20   0  315332   6412   5548 S   0.0   0.1   0:00.05 /usr/libexec/gvfs-afc-volume-monitor
   2118 fcsl      20   0  238096   6272   5500 S   0.0   0.1   0:00.01 /usr/libexec/gvfs-gphoto2-volume-monitor
   2122 fcsl      20   0  236772   4692   4232 S   0.0   0.1   0:00.02 /usr/libexec/gvfs-mtp-volume-monitor
   2126 fcsl      20   0  236900   7852   5228 S   0.0   0.1   0:00.01 /usr/libexec/gvfs-goa-volume-monitor
   2130 root      20   0  376544  64972  16884 S   0.0   0.8   0:10.29 /usr/libexec/packagekitd
   2138 fcsl      20   0  315228   9344   6144 S   0.0   0.1   0:00.02 /usr/libexec/gvfsd-trash --spawner :1.19 /org/gtk/gvfs/exec_spaw/0
   2165 fcsl      20   0  477596  12872  10592 S   0.0   0.2   0:00.13 /usr/libexec/xdg-desktop-portal
   2175 fcsl      20   0  463504   8420   5632 S   0.0   0.1   0:00.02 /usr/libexec/xdg-document-portal
   2178 fcsl      20   0 2804936  27172  20292 S   0.0   0.3   0:00.09 /usr/bin/gjs /usr/share/gnome-shell/org.gnome.Shell.Notifications
   2182 root      20   0    2232    696    620 S   0.0   0.0   0:00.00 fusermount3 -o rw,nosuid,nodev,fsname=portal,auto_unmount,subtype=portal -- /run/user/1000/doc
   2186 fcsl      20   0  163152   7096   6328 S   0.0   0.1   0:00.01 /usr/libexec/at-spi2-registryd --use-gnome-session
   2187 fcsl      20   0  715372  51180  31356 S   0.0   0.7   0:00.26 /usr/libexec/xdg-desktop-portal-gnome
   2201 fcsl      20   0    2328    836    748 S   0.0   0.0   0:00.00 sh -c /usr/bin/ibus-daemon --panel disable $([ "$XDG_SESSION_TYPE" = "x11" ] && echo "--xim")
   2202 fcsl      20   0  310888   7992   5380 S   0.0   0.1   0:00.01 /usr/libexec/gsd-a11y-settings
   2203 fcsl      20   0  603376  28568  18872 S   0.0   0.4   0:00.19 /usr/libexec/gsd-color
   2207 fcsl      20   0  379084  16400  12388 S   0.0   0.2   0:00.03 /usr/libexec/gsd-datetime
   2209 fcsl      20   0  315524  13140   6156 S   0.0   0.2   0:00.09 /usr/bin/ibus-daemon --panel disable --xim
   2210 fcsl      20   0  312464   8500   5808 S   0.0   0.1   0:00.06 /usr/libexec/gsd-housekeeping
   2212 fcsl      20   0  418272  25220  16048 S   0.0   0.3   0:00.15 /usr/libexec/gsd-keyboard
   2213 fcsl      20   0  934772  29676  19672 S   0.0   0.4   0:00.19 /usr/libexec/gsd-media-keys
   2214 fcsl      20   0  528832  26228  18632 S   0.0   0.3   0:00.18 /usr/libexec/gsd-power
   2216 fcsl      20   0  324816   9584   8232 S   0.0   0.1   0:00.01 /usr/libexec/gsd-print-notifications
   2219 fcsl      20   0  458476   6000   5344 S   0.0   0.1   0:00.02 /usr/libexec/gsd-rfkill
   2222 fcsl      20   0  236616   4660   4280 S   0.0   0.1   0:00.00 /usr/libexec/gsd-screensaver-proxy
   2226 fcsl      20   0  467192   9032   6824 S   0.0   0.1   0:00.07 /usr/libexec/gsd-sharing
   2228 fcsl      20   0  460576   9164   6256 S   0.0   0.1   0:00.01 /usr/libexec/gsd-smartcard
   2233 fcsl      20   0  320568   8140   7112 S   0.0   0.1   0:00.01 /usr/libexec/gsd-sound
   2242 fcsl      20   0  344860  23456  16012 S   0.0   0.3   0:00.17 /usr/libexec/gsd-wacom
   2247 fcsl      20   0  656864  90552  49008 S   0.0   1.2   0:03.98 /usr/bin/gnome-software --gapplication-service
   2248 fcsl      20   0  346536  27696  17768 S   0.0   0.4   0:00.20 /usr/libexec/gsd-xsettings
   2254 fcsl      20   0  842664  65920  47764 S   0.0   0.8   0:00.32 /usr/libexec/evolution-data-server/evolution-alarm-notify
   2278 fcsl      20   0  237728   6576   5956 S   0.0   0.1   0:00.00 /usr/libexec/ibus-dconf
   2289 fcsl      20   0  275472  27360  16048 S   0.0   0.4   0:01.55 /usr/libexec/ibus-extension-gtk3
   2301 fcsl      20   0  232212   6712   5028 S   0.0   0.1   0:00.02 /usr/libexec/gsd-disk-utility-notify
   2302 fcsl      20   0  196992  23344  16300 S   0.0   0.3   0:00.15 /usr/libexec/ibus-x11 --kill-daemon
   2316 fcsl      20   0  512948  41308  23256 S   0.0   0.5   0:00.94 python3 /usr/share/nvpmodel_indicator/nvpmodel_indicator.py
   2317 fcsl      20   0  237616   6672   6068 S   0.0   0.1   0:00.02 /usr/libexec/ibus-portal
   2353 fcsl      20   0  345756  14420  10528 S   0.0   0.2   0:00.02 /usr/libexec/gsd-printer
   2377 colord    20   0  246112  11944   8192 S   0.0   0.2   0:00.16 /usr/libexec/colord
   2462 root      20   0  404236  43620  34000 S   0.0   0.6   0:00.57 /usr/libexec/fwupd/fwupd
   2498 fcsl      20   0 2739436  27332  20372 S   0.0   0.4   0:00.09 /usr/bin/gjs /usr/share/gnome-shell/org.gnome.ScreenSaver
   2511 fcsl      20   0  511640  20804   3160 S   0.0   0.3   0:00.00 python3 /usr/share/nvpmodel_indicator/nvpmodel_indicator.py
   2512 fcsl      20   0  511640  20804   3160 S   0.0   0.3   0:00.00 python3 /usr/share/nvpmodel_indicator/nvpmodel_indicator.py
   2513 fcsl      20   0  511640  20804   3160 S   0.0   0.3   0:00.00 python3 /usr/share/nvpmodel_indicator/nvpmodel_indicator.py
   2514 fcsl      20   0  511640  20804   3160 S   0.0   0.3   0:00.00 python3 /usr/share/nvpmodel_indicator/nvpmodel_indicator.py
   2515 fcsl      20   0  511640  20804   3160 S   0.0   0.3   0:00.00 python3 /usr/share/nvpmodel_indicator/nvpmodel_indicator.py
   2516 fcsl      20   0  511640  20804   3160 S   0.0   0.3   0:00.00 python3 /usr/share/nvpmodel_indicator/nvpmodel_indicator.py
   2517 fcsl      20   0  511640  20804   3160 S   0.0   0.3   0:00.00 python3 /usr/share/nvpmodel_indicator/nvpmodel_indicator.py
   2518 fcsl      20   0  511640  20804   3160 S   0.0   0.3   0:00.00 python3 /usr/share/nvpmodel_indicator/nvpmodel_indicator.py
   2520 fcsl      20   0  511652  20848   3160 S   0.0   0.3   0:00.00 python3 /usr/share/nvpmodel_indicator/nvpmodel_indicator.py
   2521 fcsl      20   0  511652  20848   3160 S   0.0   0.3   0:00.00 python3 /usr/share/nvpmodel_indicator/nvpmodel_indicator.py
   2523 fcsl      20   0  511652  20848   3160 S   0.0   0.3   0:00.00 python3 /usr/share/nvpmodel_indicator/nvpmodel_indicator.py
   2524 fcsl      20   0  511652  20848   3160 S   0.0   0.3   0:00.00 python3 /usr/share/nvpmodel_indicator/nvpmodel_indicator.py
   2525 fcsl      20   0  511652  20848   3160 S   0.0   0.3   0:00.00 python3 /usr/share/nvpmodel_indicator/nvpmodel_indicator.py
   2526 fcsl      20   0  511652  20848   3160 S   0.0   0.3   0:00.00 python3 /usr/share/nvpmodel_indicator/nvpmodel_indicator.py
   2527 fcsl      20   0  511652  20848   3160 S   0.0   0.3   0:00.00 python3 /usr/share/nvpmodel_indicator/nvpmodel_indicator.py
   2528 fcsl      20   0  511652  20848   3160 S   0.0   0.3   0:00.00 python3 /usr/share/nvpmodel_indicator/nvpmodel_indicator.py
   2529 fcsl      20   0  511652  21360   3648 S   0.0   0.3   0:01.00 python3 /usr/share/nvpmodel_indicator/nvpmodel_indicator.py
   2531 fcsl      20   0  511652  20852   3160 S   0.0   0.3   0:00.00 python3 /usr/share/nvpmodel_indicator/nvpmodel_indicator.py
   2532 fcsl      20   0  511652  20852   3160 S   0.0   0.3   0:00.00 python3 /usr/share/nvpmodel_indicator/nvpmodel_indicator.py
   2558 fcsl      20   0  238820  11516   6280 S   0.0   0.1   0:00.06 /usr/libexec/ibus-engine-hangul --ibus
   2568 fcsl      39  19  648636  33504  20344 S   0.0   0.4   0:00.60 /usr/libexec/tracker-miner-fs-3
   2570 fcsl      20   0  345256  24112  16764 S   0.0   0.3   0:00.13 /usr/libexec/xdg-desktop-portal-gtk
   2735 fcsl      20   0  163392   5864   5280 S   0.0   0.1   0:00.01 /usr/libexec/gvfsd-metadata
   2762 root      20   0  136724  11180   9516 S   0.0   0.1   0:00.36 cupsd -f -s /var/snap/cups/common/etc/cups/cups-files.conf -c /var/snap/cups/common/etc/cups/cupsd.conf
   2770 snap_da+  20   0   14484   4204   3512 S   0.0   0.1   0:00.00 /snap/cups/1237/lib/cups/notifier/dbus dbus://
   2771 snap_da+  20   0   14484   4636   3932 S   0.0   0.1   0:00.00 /snap/cups/1237/lib/cups/notifier/dbus dbus://
   2772 snap_da+  20   0   14484   4216   3524 S   0.0   0.1   0:00.00 /snap/cups/1237/lib/cups/notifier/dbus dbus://
   2773 snap_da+  20   0   14484   4272   3576 S   0.0   0.1   0:00.00 /snap/cups/1237/lib/cups/notifier/dbus dbus://
   2774 snap_da+  20   0   14484   4636   3932 S   0.0   0.1   0:00.00 /snap/cups/1237/lib/cups/notifier/dbus dbus://
   2781 root      20   0  260796  17948  13524 S   0.0   0.2   0:00.46 cups-browsed -c /var/snap/cups/common/etc/cups/cups-browsed.conf
   3356 root      20   0   18536   9044   7116 S   0.0   0.1   0:00.03 sshd: fcsl [priv]
   3413 fcsl      20   0   18984   7780   5556 S   0.0   0.1   0:00.42 sshd: fcsl@pts/0
   3414 fcsl      20   0   15168   8696   3028 S   0.0   0.1   0:00.15 -bash
   3656 root      20   0   18536   9052   7124 S   0.0   0.1   0:00.02 sshd: fcsl [priv]
   3699 fcsl      20   0   18984   7800   5576 S   0.0   0.1   0:00.01 sshd: fcsl@pts/1
   3700 fcsl      20   0   15168   8568   2900 S   0.0   0.1   0:00.11 -bash
   3956 root      20   0   18536   9052   7124 S   0.0   0.1   0:00.03 sshd: fcsl [priv]
   3986 fcsl      20   0   18984   7800   5576 S   0.0   0.1   0:00.24 sshd: fcsl@pts/2
   3987 fcsl      20   0   15168   8564   2900 S   0.0   0.1   0:00.06 -bash
   4340 fcsl      20   0  421744  28484  20708 S   0.0   0.4   0:00.18 update-notifier
   5745 root      20   0       0      0      0 I   0.0   0.0   0:00.00 [kworker/5:0-events]
   5746 root      20   0       0      0      0 I   0.0   0.0   0:00.14 [kworker/0:0-events]
   5789 root      20   0   18536   9056   7128 S   0.0   0.1   0:00.03 sshd: fcsl [priv]
   5818 fcsl      20   0    9792   2976   2680 S   0.0   0.0   0:00.00 -bash
   5821 fcsl      20   0    2440   1568   1348 S   0.0   0.0   0:00.00 sh
   5892 fcsl      20   0   42184   8676   6928 S   0.0   0.1   0:00.04 /home/fcsl/.vscode-server/code-6a49527b96e326fe62fbdb56f60e16877c9aa724 --cli-data-dir /home/fcsl/.vscode-server/cli agent host
   5913 fcsl      20   0    2328    816    732 S   0.0   0.0   0:00.00 sh /home/fcsl/.vscode-server/cli/servers/Stable-6a49527b96e326fe62fbdb56f60e16877c9aa724/server/bin/code-server --connection-token=remotessh --accept-server-license-terms --agent-host-bridge-port=41459 --agent-host-bridge-host=127.0.0.1 --agent-host-bridge-connection-token=03adc759-cc11-482d-a5c4-3d1cf335af96 --start-server --enable-remote-auto-shutdown --socket-path=/tmp/code-9639163c-fbe7-4e2e-8b21-e167c70142b5
   6192 fcsl      20   0  952820  70140  41896 S   0.0   0.9   0:01.94 /home/fcsl/.vscode-server/cli/servers/Stable-6a49527b96e326fe62fbdb56f60e16877c9aa724/server/node /home/fcsl/.vscode-server/cli/servers/Stable-6a49527b96e326fe62fbdb56f60e16877c9aa724/server/out/bootstrap-fork --type=ptyHost --logsPath /home/fcsl/.vscode-server/data/logs/20260817T111943
   6410 root      20   0       0      0      0 I   0.0   0.0   0:00.00 [kworker/1:0-events]
   7080 fcsl      20   0  405524  74872  63060 S   0.0   1.0   0:01.33 /home/fcsl/.vscode-server/extensions/openai.chatgpt-26.810.52044-linux-arm64/bin/linux-aarch64/codex -c features.code_mode_host=true app-server --analytics-default-enabled
   7182 fcsl      20   0   15216   8668   2972 S   0.0   0.1   0:00.05 /usr/bin/bash --init-file /home/fcsl/.vscode-server/cli/servers/Stable-6a49527b96e326fe62fbdb56f60e16877c9aa724/server/out/vs/workbench/contrib/terminal/common/scripts/shellIntegration-bash.sh
   7850 root      20   0   18536   9060   7132 S   0.0   0.1   0:00.04 sshd: fcsl [priv]
   7878 fcsl      20   0   18824   7676   5580 S   0.0   0.1   0:00.02 sshd: fcsl@pts/6
   7879 fcsl      20   0   15168   8708   3036 S   0.0   0.1   0:00.15 -bash
   8118 root      20   0   18536   9060   7132 S   0.0   0.1   0:00.04 sshd: fcsl [priv]
   8146 fcsl      20   0   18984   7680   5580 S   0.0   0.1   0:00.02 sshd: fcsl@pts/8
   8147 fcsl      20   0   15168   8708   3032 S   0.0   0.1   0:00.15 -bash
   8386 root      20   0   18536   9060   7132 S   0.0   0.1   0:00.04 sshd: fcsl [priv]
   8414 fcsl      20   0   18824   7672   5580 S   0.0   0.1   0:00.01 sshd: fcsl@pts/9
   8415 fcsl      20   0   15168   8640   2964 S   0.0   0.1   0:00.12 -bash
  11747 root      20   0       0      0      0 I   0.0   0.0   0:00.00 [kworker/0:2-events]
  11800 root      20   0   18536   9328   7400 S   0.0   0.1   0:00.04 sshd: fcsl [priv]
  11829 fcsl      20   0   15168   9064   3388 S   0.0   0.1   0:00.37 -bash
  16192 root      20   0       0      0      0 I   0.0   0.0   0:00.07 [kworker/u12:3-devfreq_wq]
  16258 root      20   0       0      0      0 I   0.0   0.0   0:00.00 [kworker/0:1-events]
  16292 root      20   0    8112    764    688 S   0.0   0.0   0:00.00 sleep 300
  16331 root      20   0       0      0      0 I   0.0   0.0   0:00.04 [kworker/u12:0-events_freezable_power_]
  19240 fcsl      20   0  206192  31704  14596 S   0.0   0.4   0:00.55 /home/fcsl/miniforge3/envs/thirdimpact/bin/python /home/fcsl/miniforge3/envs/thirdimpact/bin/ros2 run joy joy_node
  19545 fcsl      20   0    8112    780    704 S   0.0   0.0   0:00.00 sleep 180
  19546 fcsl      20   0   10072   3092   2780 S   0.0   0.0   0:00.00 bash ./cpu_profile.sh
  19841 fcsl      39  19  403684  30208  22420 S   0.0   0.4   0:00.12 /usr/libexec/tracker-extract-3

top - 11:35:18 up 22 min,  8 users,  load average: 11.99, 5.52, 4.25
Tasks: 409 total,   7 running, 402 sleeping,   0 stopped,   0 zombie
%Cpu(s): 87.7 us,  8.3 sy,  0.0 ni,  0.6 id,  0.0 wa,  1.5 hi,  1.9 si,  0.0 st
MiB Mem :   7607.4 total,   1574.8 free,   3618.9 used,   2413.6 buff/cache
MiB Swap:   3803.7 total,   3803.2 free,      0.5 used.   3717.9 avail Mem 

    PID USER      PR  NI    VIRT    RES    SHR S  %CPU  %MEM     TIME+ COMMAND
  19358 fcsl      20   0 1478356 107652  42672 R  46.3   1.4   0:15.47 /home/fcsl/miniforge3/envs/thirdimpact/bin/python3.12 /home/fcsl/roboracer_ws/install/controller/lib/controller/controller_manager --ros-args -r __node:=controller_manager --params-file /home/fcsl/roboracer_ws/install/stack_master/share/stack_master/config/controller.yaml --params-file /tmp/launch_params_rteop0df --params-file /tmp/launch_params_fgfbn70d
  19336 fcsl      20   0 1447952 111492  42476 R  45.9   1.4   0:16.38 /home/fcsl/miniforge3/envs/thirdimpact/bin/python3.12 /home/fcsl/roboracer_ws/install/state_machine/lib/state_machine/state_machine --ros-args -r __node:=state_machine --params-file /home/fcsl/roboracer_ws/install/stack_master/share/stack_master/config/state_machine_params.yaml --params-file /tmp/launch_params_biwnb6d6 --params-file /tmp/launch_params_30za9fdy --params-file /tmp/launch_params_f2pjkjd6 --params-file /tmp/launch_params_v+
  19311 fcsl      20   0 1473936 105568  41672 R  39.0   1.4   0:13.46 /home/fcsl/miniforge3/envs/thirdimpact/bin/python3.12 /home/fcsl/roboracer_ws/install/frenet_odom_republisher/lib/frenet_odom_republisher/frenet_odom_republisher_node --ros-args -r __node:=frenet_odom_republisher -r /car_state/frenet/odom:=/car_state/odom_frenet
  19342 fcsl      20   0 1847704 191648  87764 S  38.5   2.5   0:12.72 /home/fcsl/miniforge3/envs/thirdimpact/bin/python3.12 /home/fcsl/roboracer_ws/install/spliner/lib/spliner/start_spline_node_v2 --ros-args -r __node:=start_planner
  19346 fcsl      20   0 1873344 220660  90960 S  36.6   2.8   0:13.96 /home/fcsl/miniforge3/envs/thirdimpact/bin/python3.12 /home/fcsl/roboracer_ws/install/lane_change_planner/lib/lane_change_planner/change_avoidance_node --ros-args -r __node:=planner_change --params-file /tmp/launch_params_3lr3b4pe
  19314 fcsl      20   0 1114280  64996  25816 S  36.1   0.8   0:11.75 /home/fcsl/miniforge3/envs/thirdimpact/bin/python3.12 /home/fcsl/roboracer_ws/install/lap_analyser/lib/lap_analyser/lap_analyser --ros-args -r __node:=lap_analyser --params-file /tmp/launch_params_0px3ph6a
  19340 fcsl      20   0 1847760 191428  87768 S  34.6   2.5   0:12.56 /home/fcsl/miniforge3/envs/thirdimpact/bin/python3.12 /home/fcsl/roboracer_ws/install/recovery_spliner/lib/recovery_spliner/recovery_spliner_node --ros-args -r __node:=recovery_spliner_node
  19356 fcsl      20   0 1119648  67908  27292 S  34.6   0.9   0:09.62 python3 /home/fcsl/roboracer_ws/install/gp_traj_predictor/lib/gp_traj_predictor/opp_prediction --ros-args -r __node:=opponent_propagation_predictor
  19328 fcsl      20   0 1472000 130820  46628 R  34.1   1.7   0:12.38 python3 /home/fcsl/roboracer_ws/install/perception/lib/perception/tracking_node --ros-args -r __node:=tracking --params-file /home/fcsl/roboracer_ws/install/stack_master/share/stack_master/config/opponent_tracker_params.yaml -r /tracking/obstacles:=/tracking/obstacles
  19344 fcsl      20   0 1815936 167196  83084 R  33.7   2.1   0:12.44 /home/fcsl/miniforge3/envs/thirdimpact/bin/python3.12 /home/fcsl/roboracer_ws/install/spliner/lib/spliner/static_avoidance_node --ros-args -r __node:=static_avoidance_planner --params-file /home/fcsl/roboracer_ws/install/stack_master/share/stack_master/config/static_avoidance_planner.yaml -r /planner/avoidance/otwpnts:=/planner/avoidance/static_otwpnts
  19352 fcsl      20   0 1592912 108816  42116 S  32.2   1.4   0:10.47 python3 /home/fcsl/roboracer_ws/install/gp_traj_predictor/lib/gp_traj_predictor/opponent_trajectory --ros-args -r __node:=OpponentHalflap
  19281 fcsl      20   0 1455628 117548  41644 S  28.3   1.5   0:11.68 /home/fcsl/miniforge3/envs/thirdimpact/bin/python3.12 /home/fcsl/roboracer_ws/install/gb_optimizer/lib/gb_optimizer/global_trajectory_publisher --ros-args -r __node:=global_republisher --params-file /tmp/launch_params_lsq8407e
  19350 fcsl      20   0 1115228  66556  25644 S  26.8   0.9   0:08.15 /home/fcsl/miniforge3/envs/thirdimpact/bin/python3.12 /home/fcsl/roboracer_ws/install/lane_change_planner/lib/lane_change_planner/update_waypoints --ros-args -r __node:=waypoint_updater
  19251 fcsl      20   0  868124  49804  36540 S  26.3   0.6   0:10.83 /home/fcsl/roboracer_ws/install/kiss_icp_localization/lib/kiss_icp_localization/localization_node --ros-args -r __node:=kiss_icp_localization --params-file /home/fcsl/roboracer_ws/install/stack_master/share/stack_master/config/kiss.yaml --params-file /tmp/launch_params_kkza55sc --params-file /tmp/launch_params_bk6s3os3
  19230 fcsl      20   0 1106708  60188  24440 S  15.1   0.8   0:05.51 python3 /home/fcsl/roboracer_ws/install/stack_master/lib/stack_master/simple_mux_node.py --ros-args -r __node:=simple_mux --params-file /home/fcsl/roboracer_ws/install/stack_master/share/stack_master/config/CAR/vehicle_config.yaml --params-file /tmp/launch_params_pywsh3_8 --params-file /tmp/launch_params_yk3h0muz --params-file /tmp/launch_params_uihzw7ry --params-file /tmp/launch_params_5fc12uzq --params-file /tmp/launch_params_nd2qw0hk
  19297 fcsl      20   0 1520296 109944  42496 S  10.7   1.4   0:05.48 /home/fcsl/miniforge3/envs/thirdimpact/bin/python3.12 /home/fcsl/roboracer_ws/install/overtaking_sector_tuner/lib/overtaking_sector_tuner/ot_interpolator --ros-args -r __node:=ot_sector_tuner --params-file /home/fcsl/roboracer_ws/install/stack_master/share/stack_master/maps/0815test3/ot_sectors.yaml --params-file /tmp/launch_params_ti68gs7d
  19216 fcsl      20   0  882452  23352  13904 S   6.8   0.3   0:02.80 /home/fcsl/roboracer_ws/install/vesc_driver/lib/vesc_driver/vesc_driver_node --ros-args -r __node:=vesc_driver_node -r __ns:=/vesc --params-file /home/fcsl/roboracer_ws/install/stack_master/share/stack_master/config/CAR/vehicle_config.yaml
  19326 fcsl      20   0 1127028  54932  33796 S   6.3   0.7   0:02.60 /home/fcsl/roboracer_ws/install/perception/lib/perception/detect --ros-args -r __node:=detect --params-file /home/fcsl/roboracer_ws/install/stack_master/share/stack_master/config/opponent_tracker_params.yaml --params-file /tmp/launch_params_gk8q2zkj
  19213 fcsl      20   0 2285720  52248  16816 S   5.9   0.7   0:04.58 /home/fcsl/miniforge3/envs/thirdimpact/bin/python /home/fcsl/miniforge3/envs/thirdimpact/bin/ros2 launch stack_master race.launch.xml map:=0815test3
  19561 fcsl      20   0  823792  26624  16644 S   4.4   0.3   0:01.77 /home/fcsl/miniforge3/envs/thirdimpact/lib/joy/joy_node
  19289 fcsl      20   0 1118656  67716  26820 S   3.4   0.9   0:02.27 /home/fcsl/miniforge3/envs/thirdimpact/bin/python3.12 /home/fcsl/roboracer_ws/install/sector_tuner/lib/sector_tuner/sector_tuner --ros-args -r __node:=speed_sector_tuner --params-file /home/fcsl/roboracer_ws/install/stack_master/share/stack_master/maps/0815test3/speed_scaling.yaml --params-file /tmp/launch_params_kwlnquqh
  19354 fcsl      20   0 1085540 142500  48776 S   2.9   1.8   0:03.80 python3 /home/fcsl/roboracer_ws/install/gp_traj_predictor/lib/gp_traj_predictor/gaussian_process_opp_traj --ros-args -r __node:=GP_trajectory
  19222 fcsl      20   0  817464  20932  14172 S   2.4   0.3   0:01.23 /home/fcsl/roboracer_ws/install/urg_node/lib/urg_node/urg_node_driver --ros-args -r __node:=urg_node --params-file /home/fcsl/roboracer_ws/install/stack_master/share/stack_master/config/CAR/vehicle_config.yaml -r /scan:=/scan
   7080 fcsl      20   0  421948  75104  63112 S   2.0   1.0   0:01.37 /home/fcsl/.vscode-server/extensions/openai.chatgpt-26.810.52044-linux-arm64/bin/linux-aarch64/codex -c features.code_mode_host=true app-server --analytics-default-enabled
   6720 fcsl      20   0   42.1g 668856  59704 S   1.5   8.6   1:04.25 /home/fcsl/.vscode-server/cli/servers/Stable-6a49527b96e326fe62fbdb56f60e16877c9aa724/server/node --dns-result-order=ipv4first /home/fcsl/.vscode-server/cli/servers/Stable-6a49527b96e326fe62fbdb56f60e16877c9aa724/server/out/bootstrap-fork --type=extensionHost --transformURIs --useHostProxy=false
  19218 fcsl      20   0  663148  21880  14464 S   1.5   0.3   0:00.64 /home/fcsl/roboracer_ws/install/vesc_ackermann/lib/vesc_ackermann/ackermann_to_vesc_node --ros-args -r __node:=ackermann_to_vesc_node -r __ns:=/vesc --params-file /home/fcsl/roboracer_ws/install/stack_master/share/stack_master/config/CAR/vehicle_config.yaml
  19220 fcsl      20   0  663144  22044  14644 S   1.5   0.3   0:00.90 /home/fcsl/roboracer_ws/install/vesc_ackermann/lib/vesc_ackermann/vesc_to_odom_node --ros-args -r __node:=vesc_to_odom_node -r __ns:=/vesc --params-file /home/fcsl/roboracer_ws/install/stack_master/share/stack_master/config/CAR/vehicle_config.yaml
  19247 fcsl      20   0  817644  25860  17424 S   1.5   0.3   0:00.94 /home/fcsl/miniforge3/envs/thirdimpact/lib/nav2_lifecycle_manager/lifecycle_manager --ros-args -r __node:=lifecycle_manager_localization --params-file /tmp/launch_params_gzsj1u13 --params-file /tmp/launch_params_7txkr4rh --params-file /tmp/launch_params_ojdu_5r1
  19249 fcsl      20   0  721960  34992  21568 R   1.5   0.4   0:00.97 /home/fcsl/miniforge3/envs/thirdimpact/lib/nav2_map_server/map_server --ros-args -r __node:=map_server --params-file /tmp/launch_params_7an6qmh_ --params-file /tmp/launch_params_3pildy1p --params-file /tmp/launch_params_bxv9_bd6 --params-file /tmp/launch_params_3ypbuy35
  11828 fcsl      20   0   18824   8292   6100 S   1.0   0.1   0:00.57 sshd: fcsl@pts/5
  19245 fcsl      20   0 1106632  62572  24328 S   1.0   0.8   0:01.28 python3 /home/fcsl/roboracer_ws/install/stack_master/lib/stack_master/map_relay_node.py --ros-args -r __node:=map_relay_node
  19307 fcsl      20   0 1439676 104352  41088 S   1.0   1.3   0:02.40 /home/fcsl/miniforge3/envs/thirdimpact/bin/python3.12 /home/fcsl/roboracer_ws/install/frenet_conversion_server/lib/frenet_conversion_server/frenet_conversion_server_node --ros-args -r __node:=frenet_conversion_server_node --params-file /tmp/launch_params_1_pyfy3w
  19553 fcsl      20   0   12120   3496   2676 R   1.0   0.0   0:00.45 top -b -c -w 512 -d 2
     14 root      20   0       0      0      0 S   0.5   0.0   0:00.73 [ksoftirqd/0]
    205 root      20   0       0      0      0 I   0.5   0.0   0:00.51 [kworker/u12:4-events_freezable_power_]
    731 root      20   0  263764  20360  14144 S   0.5   0.3   0:01.13 /usr/sbin/NetworkManager --no-daemon
    767 root      20   0 2145820  48520  24160 S   0.5   0.6   0:04.96 /snap/snapd/current/usr/lib/snapd/snapd
   5917 fcsl      20   0   11.1g 174268  46284 S   0.5   2.2   0:10.12 /home/fcsl/.vscode-server/cli/servers/Stable-6a49527b96e326fe62fbdb56f60e16877c9aa724/server/node /home/fcsl/.vscode-server/cli/servers/Stable-6a49527b96e326fe62fbdb56f60e16877c9aa724/server/out/server-main.js --connection-token=remotessh --accept-server-license-terms --agent-host-bridge-port=41459 --agent-host-bridge-host=127.0.0.1 --agent-host-bridge-connection-token=03adc759-cc11-482d-a5c4-3d1cf335af96 --start-server --enable-remote+
   6731 fcsl      20   0  997088  80596  41996 S   0.5   1.0   0:07.45 /home/fcsl/.vscode-server/cli/servers/Stable-6a49527b96e326fe62fbdb56f60e16877c9aa724/server/node /home/fcsl/.vscode-server/cli/servers/Stable-6a49527b96e326fe62fbdb56f60e16877c9aa724/server/out/bootstrap-fork --type=fileWatcher
  19224 fcsl      20   0 1113316  63836  25836 S   0.5   0.8   0:01.28 python3 /home/fcsl/roboracer_ws/install/stack_master/lib/stack_master/static_tf_publisher.py --ros-args -r __node:=static_tf_publisher --params-file /home/fcsl/roboracer_ws/install/stack_master/share/stack_master/config/CAR/static_transforms.yaml
      1 root      20   0  167496  11476   7176 S   0.0   0.1   0:03.45 /sbin/init 2
      2 root      20   0       0      0      0 S   0.0   0.0   0:00.01 [kthreadd]
      3 root       0 -20       0      0      0 I   0.0   0.0   0:00.00 [rcu_gp]
      4 root       0 -20       0      0      0 I   0.0   0.0   0:00.00 [rcu_par_gp]
      5 root       0 -20       0      0      0 I   0.0   0.0   0:00.00 [slub_flushwq]
      6 root       0 -20       0      0      0 I   0.0   0.0   0:00.00 [netns]
      8 root       0 -20       0      0      0 I   0.0   0.0   0:00.00 [kworker/0:0H-events_highpri]
     10 root       0 -20       0      0      0 I   0.0   0.0   0:00.00 [mm_percpu_wq]
     11 root      20   0       0      0      0 S   0.0   0.0   0:00.00 [rcu_tasks_kthre]
     12 root      20   0       0      0      0 S   0.0   0.0   0:00.00 [rcu_tasks_rude_]
     13 root      20   0       0      0      0 S   0.0   0.0   0:00.00 [rcu_tasks_trace]
     15 root      20   0       0      0      0 I   0.0   0.0   0:00.36 [rcu_preempt]
     16 root      rt   0       0      0      0 S   0.0   0.0   0:00.00 [migration/0]
     17 root      20   0       0      0      0 S   0.0   0.0   0:00.00 [cpuhp/0]
     18 root      20   0       0      0      0 S   0.0   0.0   0:00.00 [cpuhp/1]
     19 root      rt   0       0      0      0 S   0.0   0.0   0:00.00 [migration/1]
     20 root      20   0       0      0      0 S   0.0   0.0   0:00.14 [ksoftirqd/1]
     22 root       0 -20       0      0      0 I   0.0   0.0   0:00.00 [kworker/1:0H-events_highpri]
     23 root      20   0       0      0      0 S   0.0   0.0   0:00.00 [cpuhp/2]
     24 root      rt   0       0      0      0 S   0.0   0.0   0:00.00 [migration/2]
     25 root      20   0       0      0      0 S   0.0   0.0   0:00.15 [ksoftirqd/2]
     27 root       0 -20       0      0      0 I   0.0   0.0   0:00.00 [kworker/2:0H-kblockd]
     28 root      20   0       0      0      0 S   0.0   0.0   0:00.00 [cpuhp/3]
     29 root      rt   0       0      0      0 S   0.0   0.0   0:00.00 [migration/3]
     30 root      20   0       0      0      0 S   0.0   0.0   0:00.18 [ksoftirqd/3]
     31 root      20   0       0      0      0 I   0.0   0.0   0:00.07 [kworker/3:0-mm_percpu_wq]
     32 root       0 -20       0      0      0 I   0.0   0.0   0:00.00 [kworker/3:0H-events_highpri]
     33 root      20   0       0      0      0 S   0.0   0.0   0:00.00 [cpuhp/4]
     34 root      rt   0       0      0      0 S   0.0   0.0   0:00.00 [migration/4]
     35 root      20   0       0      0      0 S   0.0   0.0   0:00.15 [ksoftirqd/4]
     37 root       0 -20       0      0      0 I   0.0   0.0   0:00.00 [kworker/4:0H-events_highpri]
     38 root      20   0       0      0      0 S   0.0   0.0   0:00.00 [cpuhp/5]
     39 root      rt   0       0      0      0 S   0.0   0.0   0:00.00 [migration/5]
     40 root      20   0       0      0      0 S   0.0   0.0   0:00.13 [ksoftirqd/5]
     42 root       0 -20       0      0      0 I   0.0   0.0   0:00.00 [kworker/5:0H-events_highpri]
     43 root      20   0       0      0      0 S   0.0   0.0   0:00.00 [kdevtmpfs]
     44 root       0 -20       0      0      0 I   0.0   0.0   0:00.00 [inet_frag_wq]
     47 root      20   0       0      0      0 I   0.0   0.0   0:00.01 [kworker/2:1-cgroup_destroy]
     50 root      20   0       0      0      0 I   0.0   0.0   0:00.00 [kworker/4:1-events]
     51 root      20   0       0      0      0 S   0.0   0.0   0:00.00 [kauditd]
     52 root      20   0       0      0      0 S   0.0   0.0   0:00.00 [oom_reaper]
     53 root       0 -20       0      0      0 I   0.0   0.0   0:00.00 [writeback]
     54 root      20   0       0      0      0 S   0.0   0.0   0:00.00 [kcompactd0]
     55 root      25   5       0      0      0 S   0.0   0.0   0:00.00 [ksmd]
     56 root      39  19       0      0      0 S   0.0   0.0   0:00.16 [khugepaged]
     67 root       0 -20       0      0      0 I   0.0   0.0   0:00.00 [cryptd]
     86 root       0 -20       0      0      0 I   0.0   0.0   0:00.00 [kintegrityd]
     87 root       0 -20       0      0      0 I   0.0   0.0   0:00.00 [kblockd]
     88 root       0 -20       0      0      0 I   0.0   0.0   0:00.00 [blkcg_punt_bio]
     89 root       0 -20       0      0      0 I   0.0   0.0   0:00.00 [tpm_dev_wq]
     90 root       0 -20       0      0      0 I   0.0   0.0   0:00.00 [ata_sff]
     91 root       0 -20       0      0      0 I   0.0   0.0   0:00.00 [edac-poller]
     92 root       0 -20       0      0      0 I   0.0   0.0   0:00.00 [devfreq_wq]
     93 root     -51   0       0      0      0 S   0.0   0.0   0:00.00 [watchdogd]
     94 root      20   0       0      0      0 I   0.0   0.0   0:00.70 [kworker/u12:1-events_freezable_power_]
     95 root      20   0       0      0      0 I   0.0   0.0   0:00.50 [kworker/u12:2-events_freezable_power_]
     96 root       0 -20       0      0      0 I   0.0   0.0   0:00.00 [kworker/0:1H-kblockd]
     97 root       0 -20       0      0      0 I   0.0   0.0   0:00.00 [rpciod]
     98 root       0 -20       0      0      0 I   0.0   0.0   0:00.03 [kworker/u13:0-hci0]
     99 root       0 -20       0      0      0 I   0.0   0.0   0:00.00 [xprtiod]
    127 root      20   0       0      0      0 S   0.0   0.0   0:00.36 [kswapd0]
    128 root       0 -20       0      0      0 I   0.0   0.0   0:00.00 [nfsiod]
    132 root       0 -20       0      0      0 I   0.0   0.0   0:00.00 [vfio-irqfd-clea]
    133 root       0 -20       0      0      0 I   0.0   0.0   0:00.00 [bch_btree_io]
    134 root       0 -20       0      0      0 I   0.0   0.0   0:00.00 [bcache]
    135 root       0 -20       0      0      0 I   0.0   0.0   0:00.00 [bch_journal]
    136 root       0 -20       0      0      0 I   0.0   0.0   0:00.00 [dm_bufio_cache]
    138 root      10 -10       0      0      0 S   0.0   0.0   0:00.00 [krfcommd]
    139 root      20   0       0      0      0 S   0.0   0.0   0:00.00 [pr/tty0]
    140 root      20   0       0      0      0 S   0.0   0.0   0:02.86 [pr/ttyTCU0]
    143 root     -51   0       0      0      0 S   0.0   0.0   0:00.00 [irq/114-3160000]
    145 root     -51   0       0      0      0 S   0.0   0.0   0:00.00 [irq/115-3180000]
    146 root      20   0       0      0      0 I   0.0   0.0   0:00.38 [kworker/1:3-mm_percpu_wq]
    147 root     -51   0       0      0      0 S   0.0   0.0   0:00.00 [irq/116-31b0000]
    148 root     -51   0       0      0      0 S   0.0   0.0   0:00.00 [irq/167-c240000]
    149 root     -51   0       0      0      0 S   0.0   0.0   0:00.00 [irq/168-c250000]
    150 root     -51   0       0      0      0 S   0.0   0.0   0:00.00 [irq/125-3610000]
    151 root     -51   0       0      0      0 S   0.0   0.0   0:00.00 [irq/122-3610000]
    152 root      20   0       0      0      0 I   0.0   0.0   0:00.03 [kworker/5:3-mm_percpu_wq]
    153 root       0 -20       0      0      0 I   0.0   0.0   0:00.00 [sdhci]
    154 root     -51   0       0      0      0 S   0.0   0.0   0:00.00 [irq/120-mmc0]
    155 root     -51   0       0      0      0 S   0.0   0.0   0:00.00 [irq/230-3400000]
    156 root      20   0       0      0      0 I   0.0   0.0   0:00.06 [kworker/2:2-mm_percpu_wq]
    173 root       0 -20       0      0      0 I   0.0   0.0   0:00.00 [kworker/1:1H-kblockd]
    174 root      20   0       0      0      0 I   0.0   0.0   0:00.00 [kworker/3:2-mm_percpu_wq]
    179 root     -51   0       0      0      0 S   0.0   0.0   0:00.00 [irq/191-tegra-p]
    180 root       0 -20       0      0      0 I   0.0   0.0   0:00.00 [nvme-wq]
    181 root       0 -20       0      0      0 I   0.0   0.0   0:00.00 [nvme-reset-wq]
    182 root       0 -20       0      0      0 I   0.0   0.0   0:00.00 [nvme-delete-wq]
    191 root     -51   0       0      0      0 S   0.0   0.0   0:00.00 [irq/191-aerdrv]
    192 root     -51   0       0      0      0 S   0.0   0.0   0:00.00 [irq/193-tegra-p]
    195 root     -51   0       0      0      0 S   0.0   0.0   0:00.00 [irq/193-aerdrv]
    196 root     -51   0       0      0      0 S   0.0   0.0   0:00.00 [irq/195-tegra-p]
    198 root     -51   0       0      0      0 S   0.0   0.0   0:00.00 [irq/232-nvme0q0]
    199 root     -51   0       0      0      0 S   0.0   0.0   0:00.23 [irq/233-nvme0q1]
    200 root     -51   0       0      0      0 S   0.0   0.0   0:00.34 [irq/234-nvme0q2]
    201 root     -51   0       0      0      0 S   0.0   0.0   0:00.18 [irq/235-nvme0q3]
    202 root     -51   0       0      0      0 S   0.0   0.0   0:00.22 [irq/236-nvme0q4]
    203 root     -51   0       0      0      0 S   0.0   0.0   0:00.06 [irq/237-nvme0q5]
    204 root     -51   0       0      0      0 S   0.0   0.0   0:00.06 [irq/238-nvme0q6]
    209 root      20   0       0      0      0 S   0.0   0.0   0:00.13 [jbd2/nvme0n1p1-]
    210 root       0 -20       0      0      0 I   0.0   0.0   0:00.00 [ext4-rsv-conver]
    211 root       0 -20       0      0      0 I   0.0   0.0   0:00.00 [kworker/2:1H-kblockd]
    220 root       0 -20       0      0      0 I   0.0   0.0   0:00.00 [mld]
    221 root       0 -20       0      0      0 I   0.0   0.0   0:00.00 [kworker/3:1H-kblockd]
    222 root       0 -20       0      0      0 I   0.0   0.0   0:00.00 [ipv6_addrconf]
    253 root      19  -1   40524   9664   8044 S   0.0   0.1   0:00.51 /lib/systemd/systemd-journald
    267 root      20   0       0      0      0 I   0.0   0.0   0:00.04 [kworker/4:2-mm_percpu_wq]
    270 root      20   0       0      0      0 I   0.0   0.0   0:00.47 [kworker/u12:5-events_unbound]
    271 root      20   0       0      0      0 I   0.0   0.0   0:00.62 [kworker/u12:6-events_freezable_power_]
    272 root      20   0       0      0      0 I   0.0   0.0   0:00.36 [kworker/u12:7-devfreq_wq]
    273 root      20   0       0      0      0 I   0.0   0.0   0:00.49 [kworker/u12:8-events_freezable_power_]
    283 root      39  19       0      0      0 S   0.0   0.0   0:00.00 [nvmap-bz]
    284 root     -51   0       0      0      0 S   0.0   0.0   0:00.00 [irq/188-host1x_]
    286 root     -51   0       0      0      0 S   0.0   0.0   0:00.00 [irq/197-gk20a_s]
    287 root     -51   0       0      0      0 S   0.0   0.0   0:00.00 [irq/198-gk20a_s]
    288 root     -51   0       0      0      0 S   0.0   0.0   0:00.00 [irq/199-gk20a_s]
    289 root     -51   0       0      0      0 S   0.0   0.0   0:00.00 [irq/200-gk20a_n]
    293 root      20   0    9792   2792   2528 S   0.0   0.0   0:00.00 /bin/bash /etc/systemd/nv-tee-supplicant.sh
    298 root      20   0   76588   1360   1248 S   0.0   0.0   0:00.01 /usr/sbin/tee-supplicant
    299 root       0 -20       0      0      0 I   0.0   0.0   0:00.00 [optee_bus_scan]
    307 root       0 -20       0      0      0 I   0.0   0.0   0:00.00 [kworker/4:1H-kblockd]
    309 root      20   0   24048   6028   3380 S   0.0   0.1   0:02.03 /lib/systemd/systemd-udevd
    310 root      20   0   23744   5080   2712 S   0.0   0.1   0:00.16 /lib/systemd/systemd-udevd
    311 root      20   0   23396   4308   2228 S   0.0   0.1   0:00.12 /lib/systemd/systemd-udevd
    312 root      20   0   23508   4468   2212 S   0.0   0.1   0:00.15 /lib/systemd/systemd-udevd
    313 root      20   0   24528   6416   3228 S   0.0   0.1   0:00.31 /lib/systemd/systemd-udevd
    314 root      20   0   23532   4792   2660 S   0.0   0.1   0:00.24 /lib/systemd/systemd-udevd
    315 root      20   0   23500   5188   3048 S   0.0   0.1   0:00.27 /lib/systemd/systemd-udevd
    316 root      20   0   23520   4608   2452 S   0.0   0.1   0:00.16 /lib/systemd/systemd-udevd
    317 root      20   0   23540   4232   2096 S   0.0   0.1   0:00.14 /lib/systemd/systemd-udevd
    318 root      20   0   23548   4688   2540 S   0.0   0.1   0:00.10 /lib/systemd/systemd-udevd
    320 root      20   0   23808   5888   3448 S   0.0   0.1   0:05.15 /lib/systemd/systemd-udevd
    321 root      20   0   23396   5028   2908 S   0.0   0.1   0:00.19 /lib/systemd/systemd-udevd
    322 root      20   0   23500   5104   2852 S   0.0   0.1   0:00.18 /lib/systemd/systemd-udevd
    323 root      20   0   23516   4360   2096 S   0.0   0.1   0:00.16 /lib/systemd/systemd-udevd
    324 root      20   0   23520   4748   2480 S   0.0   0.1   0:00.18 /lib/systemd/systemd-udevd
    325 root      20   0   23500   5072   2820 S   0.0   0.1   0:00.20 /lib/systemd/systemd-udevd
    326 root      20   0   23548   4624   2476 S   0.0   0.1   0:00.16 /lib/systemd/systemd-udevd
    327 root      20   0   24548   5496   2292 S   0.0   0.1   0:00.21 /lib/systemd/systemd-udevd
    328 root      20   0   23516   4380   2212 S   0.0   0.1   0:00.13 /lib/systemd/systemd-udevd
    329 root      20   0   23524   4452   2300 S   0.0   0.1   0:00.19 /lib/systemd/systemd-udevd
    330 root      20   0   23524   4592   2440 S   0.0   0.1   0:00.22 /lib/systemd/systemd-udevd
    331 root      20   0   23524   4792   2636 S   0.0   0.1   0:00.14 /lib/systemd/systemd-udevd
    332 root       0 -20       0      0      0 I   0.0   0.0   0:00.00 [kworker/5:1H-kblockd]
    334 root      20   0   23524   4712   2532 S   0.0   0.1   0:00.16 /lib/systemd/systemd-udevd
    336 root      20   0       0      0      0 S   0.0   0.0   0:00.00 [15820000.crypto]
    337 root      20   0       0      0      0 S   0.0   0.0   0:00.00 [15840000.crypto]
    358 root      20   0   23544   4432   2140 S   0.0   0.1   0:00.15 /lib/systemd/systemd-udevd
    359 root      20   0   23524   4288   2096 S   0.0   0.1   0:00.12 /lib/systemd/systemd-udevd
    360 root      20   0   23524   4412   2220 S   0.0   0.1   0:00.14 /lib/systemd/systemd-udevd
    361 root      20   0   23524   5004   2812 S   0.0   0.1   0:00.17 /lib/systemd/systemd-udevd
    362 root      20   0   23524   4832   2644 S   0.0   0.1   0:00.23 /lib/systemd/systemd-udevd
    363 root      20   0   23816   4580   2144 S   0.0   0.1   0:00.15 /lib/systemd/systemd-udevd
    414 root     -51   0       0      0      0 S   0.0   0.0   0:00.00 [irq/219-bc00000]
    415 root      -2   0       0      0      0 S   0.0   0.0   0:00.00 [capture-control]
    416 root      -2   0       0      0      0 S   0.0   0.0   0:00.00 [capture]
    447 root     -51   0       0      0      0 S   0.0   0.0   0:00.00 [irq/189-tegra-p]
    448 root     -51   0       0      0      0 S   0.0   0.0   0:00.00 [irq/240-nvvrs-p]
    449 root     -51   0       0      0      0 S   0.0   0.0   0:00.00 [irq/214-tegra_d]
    450 root     -51   0       0      0      0 S   0.0   0.0   0:00.00 [irq/215-tegra_d]
    451 root       0 -20       0      0      0 I   0.0   0.0   0:00.00 [dce-async-ipc-w]
    452 root      20   0       0      0      0 S   0.0   0.0   0:00.00 [nv_queue]
    453 root      20   0       0      0      0 S   0.0   0.0   0:00.00 [nv_queue]
    454 root     -51   0       0      0      0 S   0.0   0.0   0:00.00 [irq/189-aerdrv]
    524 root       0 -20       0      0      0 I   0.0   0.0   0:00.00 [cfg80211]
    543 root     -51   0       0      0      0 S   0.0   0.0   0:00.00 [irq/118-3210000]
    552 root      20   0       0      0      0 S   0.0   0.0   0:00.00 [spi0]
    554 root     -51   0       0      0      0 S   0.0   0.0   0:00.00 [irq/119-3230000]
    555 root      20   0       0      0      0 S   0.0   0.0   0:00.00 [spi1]
    632 root       0 -20       0      0      0 I   0.0   0.0   0:00.00 [btfwwork]
    670 root       0 -20       0      0      0 I   0.0   0.0   0:00.00 [kworker/u13:2-hci0]
    672 root      20   0    8236   7372   1432 S   0.0   0.1   0:00.30 /usr/sbin/haveged --Foreground --verbose=1
    674 _rpc      20   0    7964   2112   1760 S   0.0   0.0   0:00.00 /sbin/rpcbind -f -w
    681 systemd+  20   0   25544  12588   8156 S   0.0   0.2   0:00.26 /lib/systemd/systemd-resolved
    682 systemd+  20   0   88788   6156   5312 S   0.0   0.1   0:00.08 /lib/systemd/systemd-timesyncd
    728 avahi     20   0    8088   2652   2300 S   0.0   0.0   0:00.08 avahi-daemon: running [ubuntu.local]
    729 root      20   0    9892   4484   4044 S   0.0   0.1   0:00.07 /usr/lib/bluetooth/bluetoothd -d --noplugin=audio,a2dp,avrcp
    730 message+  20   0   11448   5648   3108 S   0.0   0.1   0:01.66 @dbus-daemon --system --address=systemd: --nofork --nopidfile --systemd-activation --syslog-only
    737 root      20   0   42224  19668   9972 S   0.0   0.3   0:00.14 /usr/bin/python3 /usr/bin/networkd-dispatcher --run-startup-triggers
    744 root      20   0   27644  15072   7804 S   0.0   0.2   0:00.10 python3 /opt/nvidia/pva-allow-2/bin/nvidiaPvaAllowd.py
    749 root      20   0  243232  10120   6268 S   0.0   0.1   0:03.17 /usr/libexec/polkitd --no-debug
    753 root      20   0  240320   8560   5832 S   0.0   0.1   0:00.04 /usr/libexec/power-profiles-daemon
    760 syslog    20   0  222164   8356   3224 S   0.0   0.1   0:00.14 /usr/sbin/rsyslogd -n -iNONE
    762 root      20   0    2240    708    628 S   0.0   0.0   0:00.00 seatd -g video
    769 root      20   0  241096   7752   5856 S   0.0   0.1   0:00.80 /usr/libexec/accounts-daemon
    772 root      20   0  236800   5804   5196 S   0.0   0.1   0:00.02 /usr/libexec/switcheroo-control
    773 lp        20   0    2308    112      0 S   0.0   0.0   0:00.00 /usr/sbin/lpd -s
    774 root      20   0   48808   7200   5948 S   0.0   0.1   0:00.19 /lib/systemd/systemd-logind
    778 root      20   0  394856  14472   9176 S   0.0   0.2   0:00.28 /usr/libexec/udisks2/udisksd
    780 root      20   0   16532   9744   7852 S   0.0   0.1   0:00.08 /sbin/wpa_supplicant -u -s -O /run/wpa_supplicant
    800 avahi     20   0    7816    352      0 S   0.0   0.0   0:00.00 avahi-daemon: chroot helper
    816 root      20   0  320884  13460   9472 S   0.0   0.2   0:00.12 /usr/sbin/ModemManager
    818 root      rt   0       0      0      0 S   0.0   0.0   0:00.34 [sugov:0]
    823 root      rt   0       0      0      0 S   0.0   0.0   0:00.30 [sugov:4]
    910 root      20   0    2460   1560   1380 S   0.0   0.0   0:00.40 /usr/sbin/nvfancontrol &
    930 root      20   0       0      0      0 S   0.0   0.0   0:00.00 [sw-quiesce]
    931 root      20   0       0      0      0 S   0.0   0.0   0:01.08 [nvgpu_channel_p]
    934 root      20   0       0      0      0 S   0.0   0.0   0:00.00 [nvgpu_pg_init_g]
    954 root      20   0       0      0      0 S   0.0   0.0   0:00.00 [nvgpu_clk_arb_p]
    979 root      20   0       0      0      0 S   0.0   0.0   0:01.09 [RTW_CMD_THREAD]
    981 root      20   0       0      0      0 I   0.0   0.0   0:00.32 [kworker/u12:9-events_unbound]
   1016 root      20   0   75936   9728   7908 S   0.0   0.1   0:00.01 /usr/sbin/nvargus-daemon
   1017 root      20   0    9792   2900   2608 S   0.0   0.0   0:00.00 /bin/bash /etc/systemd/nvmemwarning.sh
   1037 root      20   0   22192   1708   1512 S   0.0   0.0   0:00.00 /usr/sbin/nvs-service
   1062 root      20   0    2336    760    672 S   0.0   0.0   0:01.58 /bin/sh /snap/cups/1237/scripts/run-cups-browsed
   1064 root      20   0    2336   1388   1264 S   0.0   0.0   0:01.60 /bin/sh /snap/cups/1237/scripts/run-cupsd
   1065 root      20   0       0      0      0 S   0.0   0.0   0:00.00 [pr/ramoops-1]
   1096 root      20   0 2012952  50020  29076 S   0.0   0.6   0:01.47 /usr/bin/containerd
   1110 root      20   0    9448   2412   2172 S   0.0   0.0   0:00.00 /usr/sbin/cron -f -P
   1136 kernoops  20   0   12820    456      0 S   0.0   0.0   0:00.00 /usr/sbin/kerneloops --test
   1145 root      20   0  241780   8612   6932 S   0.0   0.1   0:00.03 /usr/sbin/gdm3
   1162 kernoops  20   0   12820    452      0 S   0.0   0.0   0:00.00 /usr/sbin/kerneloops
   1164 root      20   0    8144    716    640 S   0.0   0.0   0:00.00 /sbin/agetty -o -p -- \u --keep-baud 115200,57600,38400,9600 ttyGS0 vt220
   1171 root      20   0    8144    724    648 S   0.0   0.0   0:00.00 /sbin/agetty -o -p -- \u --keep-baud 115200,57600,38400,9600 ttyTCU0 vt220
   1210 root      20   0  172548   9532   7592 S   0.0   0.1   0:00.04 gdm-session-worker [pam/gdm-autologin]
   1310 root      20   0    3076    916    804 S   0.0   0.0   0:00.00 /usr/sbin/nvphsd
   1316 root      20   0    3208   1408   1248 S   0.0   0.0   0:00.00 /usr/sbin/nvphsd
   1337 root      20   0 2166840  89332  54988 S   0.0   1.1   0:00.70 /usr/bin/dockerd -H fd:// --containerd=/run/containerd/containerd.sock
   1338 root      20   0   15232   8036   6460 S   0.0   0.1   0:00.02 sshd: /usr/sbin/sshd -D [listener] 0 of 10-100 startups
   1342 root      20   0       0      0      0 S   0.0   0.0   0:00.00 [file-storage]
   1350 fcsl      20   0   18416   9892   7060 S   0.0   0.1   0:00.72 /lib/systemd/systemd --user
   1360 fcsl      20   0  106740   4520      0 S   0.0   0.1   0:00.00 (sd-pam)
   1538 fcsl       9 -11   40232   5728   4620 S   0.0   0.1   0:00.02 /usr/bin/pipewire
   1539 fcsl      20   0   23884   5672   4592 S   0.0   0.1   0:00.08 /usr/bin/pipewire-media-session
   1540 fcsl       9 -11  890556  20284  12116 S   0.0   0.3   0:00.39 /usr/bin/pulseaudio --daemonize=no --log-target=journal
   1545 fcsl      20   0  241000   6164   5312 S   0.0   0.1   0:00.04 /usr/bin/gnome-keyring-daemon --daemonize --login
   1548 rtkit     21   1  153508   1472   1264 S   0.0   0.0   0:00.02 /usr/libexec/rtkit-daemon
   1559 fcsl      20   0  162628   5416   4908 S   0.0   0.1   0:00.00 /usr/libexec/gdm-x-session --run-script env GNOME_SHELL_SESSION_MODE=ubuntu /usr/bin/gnome-session --session=ubuntu
   1561 root      20   0   24.2g  80668  35156 S   0.0   1.0   0:00.52 /usr/lib/xorg/Xorg vt2 -displayfd 3 -auth /run/user/1000/gdm/Xauthority -nolisten tcp -background none -noreset -keeptty -novtswitch -verbose 3
   1564 fcsl      20   0   10132   4876   3144 S   0.0   0.1   0:00.46 /usr/bin/dbus-daemon --session --address=systemd: --nofork --nopidfile --systemd-activation --syslog-only
   1587 root      20   0       0      0      0 S   0.0   0.0   0:00.00 [nvidia-modeset/]
   1588 root      20   0       0      0      0 S   0.0   0.0   0:00.00 [nvidia-modeset/]
   1590 root      20   0       0      0      0 S   0.0   0.0   0:00.00 [nvidia]
   1591 root      20   0       0      0      0 S   0.0   0.0   0:00.00 [nv_queue]
   1729 root      20   0       0      0      0 S   0.0   0.0   0:00.00 [nvidia-drm-nv-t]
   1730 root     -51   0       0      0      0 S   0.0   0.0   0:00.00 [card1-crtc0]
   1731 root     -51   0       0      0      0 S   0.0   0.0   0:00.00 [card1-crtc1]
   1824 fcsl      20   0  225936  13728  11972 S   0.0   0.2   0:00.05 /usr/libexec/gnome-session-binary --session=ubuntu
   1916 fcsl      20   0  309864   6752   6032 S   0.0   0.1   0:00.01 /usr/libexec/at-spi-bus-launcher
   1922 fcsl      20   0    8828   3616   3116 S   0.0   0.0   0:00.01 /usr/bin/dbus-daemon --config-file=/usr/share/defaults/at-spi2/accessibility.conf --nofork --print-address 11 --address=unix:path=/run/user/1000/at-spi/bus_0
   1979 fcsl      20   0   91892   2520   2152 S   0.0   0.0   0:00.00 /usr/libexec/gnome-session-ctl --monitor
   1988 fcsl      20   0  240908   6992   6104 S   0.0   0.1   0:00.04 /usr/libexec/gvfsd
   1996 fcsl      20   0  381064   9284   4640 S   0.0   0.1   0:00.00 /usr/libexec/gvfsd-fuse /run/user/1000/gvfs -f
   1997 fcsl      20   0  596284  17864  12840 S   0.0   0.2   0:00.18 /usr/libexec/gnome-session-binary --systemd-service --session=ubuntu
   2026 fcsl      20   0 3471004 225068  81340 S   0.0   2.9   0:05.99 /usr/bin/gnome-shell
   2040 fcsl      20   0  236356   4876   4440 S   0.0   0.1   0:00.00 /usr/libexec/xdg-permission-store
   2042 fcsl      20   0  584868  17900  13432 S   0.0   0.2   0:00.06 /usr/libexec/gnome-shell-calendar-server
   2051 fcsl      20   0  397280  22796  19136 S   0.0   0.3   0:00.09 /usr/libexec/evolution-source-registry
   2059 root      20   0  242436   7680   6568 S   0.0   0.1   0:00.07 /usr/libexec/upowerd
   2061 fcsl      20   0  600496  38980  29472 S   0.0   0.5   0:00.10 /usr/libexec/goa-daemon
   2068 fcsl      20   0 1321540  31748  23404 S   0.0   0.4   0:00.14 /usr/libexec/evolution-calendar-factory
   2078 fcsl      20   0  341492  12924  11036 S   0.0   0.2   0:00.04 /usr/libexec/goa-identity-service
   2088 fcsl      20   0  156800   4488   4024 S   0.0   0.1   0:00.01 /usr/libexec/dconf-service
   2089 fcsl      20   0  823284  28368  22824 S   0.0   0.4   0:00.08 /usr/libexec/evolution-addressbook-factory
   2105 fcsl      20   0  316604  11380   7284 S   0.0   0.1   0:00.11 /usr/libexec/gvfs-udisks2-volume-monitor
   2113 fcsl      20   0  315332   6412   5548 S   0.0   0.1   0:00.05 /usr/libexec/gvfs-afc-volume-monitor
   2118 fcsl      20   0  238096   6272   5500 S   0.0   0.1   0:00.01 /usr/libexec/gvfs-gphoto2-volume-monitor
   2122 fcsl      20   0  236772   4692   4232 S   0.0   0.1   0:00.02 /usr/libexec/gvfs-mtp-volume-monitor
   2126 fcsl      20   0  236900   7852   5228 S   0.0   0.1   0:00.01 /usr/libexec/gvfs-goa-volume-monitor
   2130 root      20   0  376544  64972  16884 S   0.0   0.8   0:10.29 /usr/libexec/packagekitd
   2138 fcsl      20   0  315228   9344   6144 S   0.0   0.1   0:00.02 /usr/libexec/gvfsd-trash --spawner :1.19 /org/gtk/gvfs/exec_spaw/0
   2165 fcsl      20   0  477596  12872  10592 S   0.0   0.2   0:00.13 /usr/libexec/xdg-desktop-portal
   2175 fcsl      20   0  463504   8420   5632 S   0.0   0.1   0:00.02 /usr/libexec/xdg-document-portal
   2178 fcsl      20   0 2804936  27172  20292 S   0.0   0.3   0:00.09 /usr/bin/gjs /usr/share/gnome-shell/org.gnome.Shell.Notifications
   2182 root      20   0    2232    696    620 S   0.0   0.0   0:00.00 fusermount3 -o rw,nosuid,nodev,fsname=portal,auto_unmount,subtype=portal -- /run/user/1000/doc
   2186 fcsl      20   0  163152   7096   6328 S   0.0   0.1   0:00.01 /usr/libexec/at-spi2-registryd --use-gnome-session
   2187 fcsl      20   0  715372  51180  31356 S   0.0   0.7   0:00.26 /usr/libexec/xdg-desktop-portal-gnome
   2201 fcsl      20   0    2328    836    748 S   0.0   0.0   0:00.00 sh -c /usr/bin/ibus-daemon --panel disable $([ "$XDG_SESSION_TYPE" = "x11" ] && echo "--xim")
   2202 fcsl      20   0  310888   7992   5380 S   0.0   0.1   0:00.01 /usr/libexec/gsd-a11y-settings
   2203 fcsl      20   0  603376  28568  18872 S   0.0   0.4   0:00.19 /usr/libexec/gsd-color
   2207 fcsl      20   0  379084  16400  12388 S   0.0   0.2   0:00.03 /usr/libexec/gsd-datetime
   2209 fcsl      20   0  315524  13140   6156 S   0.0   0.2   0:00.09 /usr/bin/ibus-daemon --panel disable --xim
   2210 fcsl      20   0  312464   8500   5808 S   0.0   0.1   0:00.06 /usr/libexec/gsd-housekeeping
   2212 fcsl      20   0  418272  25220  16048 S   0.0   0.3   0:00.15 /usr/libexec/gsd-keyboard
   2213 fcsl      20   0  934772  29676  19672 S   0.0   0.4   0:00.19 /usr/libexec/gsd-media-keys
   2214 fcsl      20   0  528832  26228  18632 S   0.0   0.3   0:00.18 /usr/libexec/gsd-power
   2216 fcsl      20   0  324816   9584   8232 S   0.0   0.1   0:00.01 /usr/libexec/gsd-print-notifications
   2219 fcsl      20   0  458476   6000   5344 S   0.0   0.1   0:00.02 /usr/libexec/gsd-rfkill
   2222 fcsl      20   0  236616   4660   4280 S   0.0   0.1   0:00.00 /usr/libexec/gsd-screensaver-proxy
   2226 fcsl      20   0  467192   9032   6824 S   0.0   0.1   0:00.07 /usr/libexec/gsd-sharing
   2228 fcsl      20   0  460576   9164   6256 S   0.0   0.1   0:00.01 /usr/libexec/gsd-smartcard
   2233 fcsl      20   0  320568   8140   7112 S   0.0   0.1   0:00.01 /usr/libexec/gsd-sound
   2242 fcsl      20   0  344860  23456  16012 S   0.0   0.3   0:00.17 /usr/libexec/gsd-wacom
   2247 fcsl      20   0  656864  90552  49008 S   0.0   1.2   0:03.98 /usr/bin/gnome-software --gapplication-service
   2248 fcsl      20   0  346536  27696  17768 S   0.0   0.4   0:00.20 /usr/libexec/gsd-xsettings
   2254 fcsl      20   0  842664  65920  47764 S   0.0   0.8   0:00.32 /usr/libexec/evolution-data-server/evolution-alarm-notify
   2278 fcsl      20   0  237728   6576   5956 S   0.0   0.1   0:00.00 /usr/libexec/ibus-dconf
   2289 fcsl      20   0  275472  27360  16048 S   0.0   0.4   0:01.55 /usr/libexec/ibus-extension-gtk3
   2301 fcsl      20   0  232212   6712   5028 S   0.0   0.1   0:00.02 /usr/libexec/gsd-disk-utility-notify
   2302 fcsl      20   0  196992  23344  16300 S   0.0   0.3   0:00.15 /usr/libexec/ibus-x11 --kill-daemon
   2316 fcsl      20   0  512948  41308  23256 S   0.0   0.5   0:00.94 python3 /usr/share/nvpmodel_indicator/nvpmodel_indicator.py
   2317 fcsl      20   0  237616   6672   6068 S   0.0   0.1   0:00.02 /usr/libexec/ibus-portal
   2353 fcsl      20   0  345756  14420  10528 S   0.0   0.2   0:00.02 /usr/libexec/gsd-printer
   2377 colord    20   0  246112  11944   8192 S   0.0   0.2   0:00.16 /usr/libexec/colord
   2462 root      20   0  404236  43620  34000 S   0.0   0.6   0:00.57 /usr/libexec/fwupd/fwupd
   2498 fcsl      20   0 2739436  27332  20372 S   0.0   0.4   0:00.09 /usr/bin/gjs /usr/share/gnome-shell/org.gnome.ScreenSaver
   2511 fcsl      20   0  511640  20804   3160 S   0.0   0.3   0:00.00 python3 /usr/share/nvpmodel_indicator/nvpmodel_indicator.py
   2512 fcsl      20   0  511640  20804   3160 S   0.0   0.3   0:00.00 python3 /usr/share/nvpmodel_indicator/nvpmodel_indicator.py
   2513 fcsl      20   0  511640  20804   3160 S   0.0   0.3   0:00.00 python3 /usr/share/nvpmodel_indicator/nvpmodel_indicator.py
   2514 fcsl      20   0  511640  20804   3160 S   0.0   0.3   0:00.00 python3 /usr/share/nvpmodel_indicator/nvpmodel_indicator.py
   2515 fcsl      20   0  511640  20804   3160 S   0.0   0.3   0:00.00 python3 /usr/share/nvpmodel_indicator/nvpmodel_indicator.py
   2516 fcsl      20   0  511640  20804   3160 S   0.0   0.3   0:00.00 python3 /usr/share/nvpmodel_indicator/nvpmodel_indicator.py
   2517 fcsl      20   0  511640  20804   3160 S   0.0   0.3   0:00.00 python3 /usr/share/nvpmodel_indicator/nvpmodel_indicator.py
   2518 fcsl      20   0  511640  20804   3160 S   0.0   0.3   0:00.00 python3 /usr/share/nvpmodel_indicator/nvpmodel_indicator.py
   2520 fcsl      20   0  511652  20848   3160 S   0.0   0.3   0:00.00 python3 /usr/share/nvpmodel_indicator/nvpmodel_indicator.py
   2521 fcsl      20   0  511652  20848   3160 S   0.0   0.3   0:00.00 python3 /usr/share/nvpmodel_indicator/nvpmodel_indicator.py
   2523 fcsl      20   0  511652  20848   3160 S   0.0   0.3   0:00.00 python3 /usr/share/nvpmodel_indicator/nvpmodel_indicator.py
   2524 fcsl      20   0  511652  20848   3160 S   0.0   0.3   0:00.00 python3 /usr/share/nvpmodel_indicator/nvpmodel_indicator.py
   2525 fcsl      20   0  511652  20848   3160 S   0.0   0.3   0:00.00 python3 /usr/share/nvpmodel_indicator/nvpmodel_indicator.py
   2526 fcsl      20   0  511652  20848   3160 S   0.0   0.3   0:00.00 python3 /usr/share/nvpmodel_indicator/nvpmodel_indicator.py
   2527 fcsl      20   0  511652  20848   3160 S   0.0   0.3   0:00.00 python3 /usr/share/nvpmodel_indicator/nvpmodel_indicator.py
   2528 fcsl      20   0  511652  20848   3160 S   0.0   0.3   0:00.00 python3 /usr/share/nvpmodel_indicator/nvpmodel_indicator.py
   2529 fcsl      20   0  511652  21360   3648 S   0.0   0.3   0:01.00 python3 /usr/share/nvpmodel_indicator/nvpmodel_indicator.py
   2531 fcsl      20   0  511652  20852   3160 S   0.0   0.3   0:00.00 python3 /usr/share/nvpmodel_indicator/nvpmodel_indicator.py
   2532 fcsl      20   0  511652  20852   3160 S   0.0   0.3   0:00.00 python3 /usr/share/nvpmodel_indicator/nvpmodel_indicator.py
   2558 fcsl      20   0  238820  11516   6280 S   0.0   0.1   0:00.06 /usr/libexec/ibus-engine-hangul --ibus
   2568 fcsl      39  19  648636  33504  20344 S   0.0   0.4   0:00.60 /usr/libexec/tracker-miner-fs-3
   2570 fcsl      20   0  345256  24112  16764 S   0.0   0.3   0:00.13 /usr/libexec/xdg-desktop-portal-gtk
   2735 fcsl      20   0  163392   5864   5280 S   0.0   0.1   0:00.01 /usr/libexec/gvfsd-metadata
   2762 root      20   0  136724  11180   9516 S   0.0   0.1   0:00.36 cupsd -f -s /var/snap/cups/common/etc/cups/cups-files.conf -c /var/snap/cups/common/etc/cups/cupsd.conf
   2770 snap_da+  20   0   14484   4204   3512 S   0.0   0.1   0:00.00 /snap/cups/1237/lib/cups/notifier/dbus dbus://
   2771 snap_da+  20   0   14484   4636   3932 S   0.0   0.1   0:00.00 /snap/cups/1237/lib/cups/notifier/dbus dbus://
   2772 snap_da+  20   0   14484   4216   3524 S   0.0   0.1   0:00.00 /snap/cups/1237/lib/cups/notifier/dbus dbus://
   2773 snap_da+  20   0   14484   4272   3576 S   0.0   0.1   0:00.00 /snap/cups/1237/lib/cups/notifier/dbus dbus://
   2774 snap_da+  20   0   14484   4636   3932 S   0.0   0.1   0:00.00 /snap/cups/1237/lib/cups/notifier/dbus dbus://
   2781 root      20   0  260796  17948  13524 S   0.0   0.2   0:00.46 cups-browsed -c /var/snap/cups/common/etc/cups/cups-browsed.conf
   3356 root      20   0   18536   9044   7116 S   0.0   0.1   0:00.03 sshd: fcsl [priv]
   3413 fcsl      20   0   18984   7780   5556 S   0.0   0.1   0:00.42 sshd: fcsl@pts/0
   3414 fcsl      20   0   15168   8696   3028 S   0.0   0.1   0:00.15 -bash
   3656 root      20   0   18536   9052   7124 S   0.0   0.1   0:00.02 sshd: fcsl [priv]
   3699 fcsl      20   0   18984   7800   5576 S   0.0   0.1   0:00.01 sshd: fcsl@pts/1
   3700 fcsl      20   0   15168   8568   2900 S   0.0   0.1   0:00.11 -bash
   3956 root      20   0   18536   9052   7124 S   0.0   0.1   0:00.03 sshd: fcsl [priv]
   3986 fcsl      20   0   18984   7800   5576 S   0.0   0.1   0:00.24 sshd: fcsl@pts/2
   3987 fcsl      20   0   15168   8564   2900 S   0.0   0.1   0:00.06 -bash
   4340 fcsl      20   0  421744  28484  20708 S   0.0   0.4   0:00.18 update-notifier
   5745 root      20   0       0      0      0 I   0.0   0.0   0:00.00 [kworker/5:0-events]
   5746 root      20   0       0      0      0 I   0.0   0.0   0:00.14 [kworker/0:0-events]
   5789 root      20   0   18536   9056   7128 S   0.0   0.1   0:00.03 sshd: fcsl [priv]
   5817 fcsl      20   0   19504   8220   5580 S   0.0   0.1   0:07.81 sshd: fcsl@notty
   5818 fcsl      20   0    9792   2976   2680 S   0.0   0.0   0:00.00 -bash
   5821 fcsl      20   0    2440   1568   1348 S   0.0   0.0   0:00.00 sh
   5868 fcsl      20   0   45844  12856   8268 S   0.0   0.2   0:11.61 /home/fcsl/.vscode-server/code-6a49527b96e326fe62fbdb56f60e16877c9aa724 command-shell --cli-data-dir /home/fcsl/.vscode-server/cli --parent-process-id 5821 --on-host=127.0.0.1 --on-port
   5892 fcsl      20   0   42184   8676   6928 S   0.0   0.1   0:00.04 /home/fcsl/.vscode-server/code-6a49527b96e326fe62fbdb56f60e16877c9aa724 --cli-data-dir /home/fcsl/.vscode-server/cli agent host
   5913 fcsl      20   0    2328    816    732 S   0.0   0.0   0:00.00 sh /home/fcsl/.vscode-server/cli/servers/Stable-6a49527b96e326fe62fbdb56f60e16877c9aa724/server/bin/code-server --connection-token=remotessh --accept-server-license-terms --agent-host-bridge-port=41459 --agent-host-bridge-host=127.0.0.1 --agent-host-bridge-connection-token=03adc759-cc11-482d-a5c4-3d1cf335af96 --start-server --enable-remote-auto-shutdown --socket-path=/tmp/code-9639163c-fbe7-4e2e-8b21-e167c70142b5
   6192 fcsl      20   0  952820  70140  41896 S   0.0   0.9   0:01.94 /home/fcsl/.vscode-server/cli/servers/Stable-6a49527b96e326fe62fbdb56f60e16877c9aa724/server/node /home/fcsl/.vscode-server/cli/servers/Stable-6a49527b96e326fe62fbdb56f60e16877c9aa724/server/out/bootstrap-fork --type=ptyHost --logsPath /home/fcsl/.vscode-server/data/logs/20260817T111943
   6410 root      20   0       0      0      0 I   0.0   0.0   0:00.00 [kworker/1:0-events]
   7182 fcsl      20   0   15216   8668   2972 S   0.0   0.1   0:00.05 /usr/bin/bash --init-file /home/fcsl/.vscode-server/cli/servers/Stable-6a49527b96e326fe62fbdb56f60e16877c9aa724/server/out/vs/workbench/contrib/terminal/common/scripts/shellIntegration-bash.sh
   7850 root      20   0   18536   9060   7132 S   0.0   0.1   0:00.04 sshd: fcsl [priv]
   7878 fcsl      20   0   18824   7676   5580 S   0.0   0.1   0:00.02 sshd: fcsl@pts/6
   7879 fcsl      20   0   15168   8708   3036 S   0.0   0.1   0:00.15 -bash
   8118 root      20   0   18536   9060   7132 S   0.0   0.1   0:00.04 sshd: fcsl [priv]
   8146 fcsl      20   0   18984   7680   5580 S   0.0   0.1   0:00.02 sshd: fcsl@pts/8
   8147 fcsl      20   0   15168   8708   3032 S   0.0   0.1   0:00.15 -bash
   8386 root      20   0   18536   9060   7132 S   0.0   0.1   0:00.04 sshd: fcsl [priv]
   8414 fcsl      20   0   18824   7672   5580 S   0.0   0.1   0:00.01 sshd: fcsl@pts/9
   8415 fcsl      20   0   15168   8640   2964 S   0.0   0.1   0:00.12 -bash
  11747 root      20   0       0      0      0 I   0.0   0.0   0:00.00 [kworker/0:2-events]
  11800 root      20   0   18536   9328   7400 S   0.0   0.1   0:00.04 sshd: fcsl [priv]
  11829 fcsl      20   0   15168   9064   3388 S   0.0   0.1   0:00.37 -bash
  16192 root      20   0       0      0      0 I   0.0   0.0   0:00.07 [kworker/u12:3-devfreq_wq]
  16258 root      20   0       0      0      0 I   0.0   0.0   0:00.00 [kworker/0:1-events]
  16292 root      20   0    8112    764    688 S   0.0   0.0   0:00.00 sleep 300
  16331 root      20   0       0      0      0 I   0.0   0.0   0:00.04 [kworker/u12:0-events_freezable_power_]
  19240 fcsl      20   0  206192  31704  14596 S   0.0   0.4   0:00.55 /home/fcsl/miniforge3/envs/thirdimpact/bin/python /home/fcsl/miniforge3/envs/thirdimpact/bin/ros2 run joy joy_node
  19545 fcsl      20   0    8112    780    704 S   0.0   0.0   0:00.00 sleep 180
  19546 fcsl      20   0   10072   3092   2780 S   0.0   0.0   0:00.00 bash ./cpu_profile.sh
  19841 fcsl      39  19  403684  30208  22420 S   0.0   0.4   0:00.12 /usr/libexec/tracker-extract-3

top - 11:35:20 up 22 min,  8 users,  load average: 11.99, 5.52, 4.25
Tasks: 409 total,  14 running, 395 sleeping,   0 stopped,   0 zombie
%Cpu(s): 88.7 us,  7.5 sy,  0.0 ni,  0.5 id,  0.0 wa,  1.4 hi,  1.8 si,  0.0 st
MiB Mem :   7607.4 total,   1574.8 free,   3618.9 used,   2413.6 buff/cache
MiB Swap:   3803.7 total,   3803.2 free,      0.5 used.   3717.9 avail Mem 

    PID USER      PR  NI    VIRT    RES    SHR S  %CPU  %MEM     TIME+ COMMAND
  19358 fcsl      20   0 1478356 107652  42672 R  48.5   1.4   0:16.47 /home/fcsl/miniforge3/envs/thirdimpact/bin/python3.12 /home/fcsl/roboracer_ws/install/controller/lib/controller/controller_manager --ros-args -r __node:=controller_manager --params-file /home/fcsl/roboracer_ws/install/stack_master/share/stack_master/config/controller.yaml --params-file /tmp/launch_params_rteop0df --params-file /tmp/launch_params_fgfbn70d
  19336 fcsl      20   0 1446924 111024  42476 R  45.6   1.4   0:17.32 /home/fcsl/miniforge3/envs/thirdimpact/bin/python3.12 /home/fcsl/roboracer_ws/install/state_machine/lib/state_machine/state_machine --ros-args -r __node:=state_machine --params-file /home/fcsl/roboracer_ws/install/stack_master/share/stack_master/config/state_machine_params.yaml --params-file /tmp/launch_params_biwnb6d6 --params-file /tmp/launch_params_30za9fdy --params-file /tmp/launch_params_f2pjkjd6 --params-file /tmp/launch_params_v+
  19311 fcsl      20   0 1473936 106096  41672 R  42.7   1.4   0:14.34 /home/fcsl/miniforge3/envs/thirdimpact/bin/python3.12 /home/fcsl/roboracer_ws/install/frenet_odom_republisher/lib/frenet_odom_republisher/frenet_odom_republisher_node --ros-args -r __node:=frenet_odom_republisher -r /car_state/frenet/odom:=/car_state/odom_frenet
  19328 fcsl      20   0 1472000 131084  46628 R  38.3   1.7   0:13.17 python3 /home/fcsl/roboracer_ws/install/perception/lib/perception/tracking_node --ros-args -r __node:=tracking --params-file /home/fcsl/roboracer_ws/install/stack_master/share/stack_master/config/opponent_tracker_params.yaml -r /tracking/obstacles:=/tracking/obstacles
  19342 fcsl      20   0 1847704 191648  87764 R  37.9   2.5   0:13.50 /home/fcsl/miniforge3/envs/thirdimpact/bin/python3.12 /home/fcsl/roboracer_ws/install/spliner/lib/spliner/start_spline_node_v2 --ros-args -r __node:=start_planner
  19346 fcsl      20   0 1873344 220660  90960 R  36.9   2.8   0:14.72 /home/fcsl/miniforge3/envs/thirdimpact/bin/python3.12 /home/fcsl/roboracer_ws/install/lane_change_planner/lib/lane_change_planner/change_avoidance_node --ros-args -r __node:=planner_change --params-file /tmp/launch_params_3lr3b4pe
  19340 fcsl      20   0 1847760 191692  87768 R  35.4   2.5   0:13.29 /home/fcsl/miniforge3/envs/thirdimpact/bin/python3.12 /home/fcsl/roboracer_ws/install/recovery_spliner/lib/recovery_spliner/recovery_spliner_node --ros-args -r __node:=recovery_spliner_node
  19344 fcsl      20   0 1815936 167196  83084 R  35.4   2.1   0:13.17 /home/fcsl/miniforge3/envs/thirdimpact/bin/python3.12 /home/fcsl/roboracer_ws/install/spliner/lib/spliner/static_avoidance_node --ros-args -r __node:=static_avoidance_planner --params-file /home/fcsl/roboracer_ws/install/stack_master/share/stack_master/config/static_avoidance_planner.yaml -r /planner/avoidance/otwpnts:=/planner/avoidance/static_otwpnts
  19356 fcsl      20   0 1119648  67908  27292 R  35.0   0.9   0:10.34 python3 /home/fcsl/roboracer_ws/install/gp_traj_predictor/lib/gp_traj_predictor/opp_prediction --ros-args -r __node:=opponent_propagation_predictor
  19352 fcsl      20   0 1592912 108816  42116 R  33.0   1.4   0:11.15 python3 /home/fcsl/roboracer_ws/install/gp_traj_predictor/lib/gp_traj_predictor/opponent_trajectory --ros-args -r __node:=OpponentHalflap
  19314 fcsl      20   0 1114280  65260  25816 R  31.6   0.8   0:12.40 /home/fcsl/miniforge3/envs/thirdimpact/bin/python3.12 /home/fcsl/roboracer_ws/install/lap_analyser/lib/lap_analyser/lap_analyser --ros-args -r __node:=lap_analyser --params-file /tmp/launch_params_0px3ph6a
  19281 fcsl      20   0 1455628 117548  41644 S  29.6   1.5   0:12.29 /home/fcsl/miniforge3/envs/thirdimpact/bin/python3.12 /home/fcsl/roboracer_ws/install/gb_optimizer/lib/gb_optimizer/global_trajectory_publisher --ros-args -r __node:=global_republisher --params-file /tmp/launch_params_lsq8407e
  19350 fcsl      20   0 1115544  65752  25644 R  26.7   0.8   0:08.70 /home/fcsl/miniforge3/envs/thirdimpact/bin/python3.12 /home/fcsl/roboracer_ws/install/lane_change_planner/lib/lane_change_planner/update_waypoints --ros-args -r __node:=waypoint_updater
  19251 fcsl      20   0  868124  49804  36540 S  26.2   0.6   0:11.37 /home/fcsl/roboracer_ws/install/kiss_icp_localization/lib/kiss_icp_localization/localization_node --ros-args -r __node:=kiss_icp_localization --params-file /home/fcsl/roboracer_ws/install/stack_master/share/stack_master/config/kiss.yaml --params-file /tmp/launch_params_kkza55sc --params-file /tmp/launch_params_bk6s3os3
  19230 fcsl      20   0 1106708  60188  24440 S  16.0   0.8   0:05.84 python3 /home/fcsl/roboracer_ws/install/stack_master/lib/stack_master/simple_mux_node.py --ros-args -r __node:=simple_mux --params-file /home/fcsl/roboracer_ws/install/stack_master/share/stack_master/config/CAR/vehicle_config.yaml --params-file /tmp/launch_params_pywsh3_8 --params-file /tmp/launch_params_yk3h0muz --params-file /tmp/launch_params_uihzw7ry --params-file /tmp/launch_params_5fc12uzq --params-file /tmp/launch_params_nd2qw0hk
  19297 fcsl      20   0 1520296 109944  42496 R  11.2   1.4   0:05.71 /home/fcsl/miniforge3/envs/thirdimpact/bin/python3.12 /home/fcsl/roboracer_ws/install/overtaking_sector_tuner/lib/overtaking_sector_tuner/ot_interpolator --ros-args -r __node:=ot_sector_tuner --params-file /home/fcsl/roboracer_ws/install/stack_master/share/stack_master/maps/0815test3/ot_sectors.yaml --params-file /tmp/launch_params_ti68gs7d
  19216 fcsl      20   0  882452  23352  13904 S   7.3   0.3   0:02.95 /home/fcsl/roboracer_ws/install/vesc_driver/lib/vesc_driver/vesc_driver_node --ros-args -r __node:=vesc_driver_node -r __ns:=/vesc --params-file /home/fcsl/roboracer_ws/install/stack_master/share/stack_master/config/CAR/vehicle_config.yaml
  19326 fcsl      20   0 1127028  54932  33796 S   7.3   0.7   0:02.75 /home/fcsl/roboracer_ws/install/perception/lib/perception/detect --ros-args -r __node:=detect --params-file /home/fcsl/roboracer_ws/install/stack_master/share/stack_master/config/opponent_tracker_params.yaml --params-file /tmp/launch_params_gk8q2zkj
   6720 fcsl      20   0   42.1g 668892  59704 S   6.3   8.6   1:04.38 /home/fcsl/.vscode-server/cli/servers/Stable-6a49527b96e326fe62fbdb56f60e16877c9aa724/server/node --dns-result-order=ipv4first /home/fcsl/.vscode-server/cli/servers/Stable-6a49527b96e326fe62fbdb56f60e16877c9aa724/server/out/bootstrap-fork --type=extensionHost --transformURIs --useHostProxy=false
  19213 fcsl      20   0 2285720  52248  16816 S   5.8   0.7   0:04.70 /home/fcsl/miniforge3/envs/thirdimpact/bin/python /home/fcsl/miniforge3/envs/thirdimpact/bin/ros2 launch stack_master race.launch.xml map:=0815test3
  19561 fcsl      20   0  823792  26624  16644 S   4.4   0.3   0:01.86 /home/fcsl/miniforge3/envs/thirdimpact/lib/joy/joy_node
  19289 fcsl      20   0 1118656  67716  26820 S   3.4   0.9   0:02.34 /home/fcsl/miniforge3/envs/thirdimpact/bin/python3.12 /home/fcsl/roboracer_ws/install/sector_tuner/lib/sector_tuner/sector_tuner --ros-args -r __node:=speed_sector_tuner --params-file /home/fcsl/roboracer_ws/install/stack_master/share/stack_master/maps/0815test3/speed_scaling.yaml --params-file /tmp/launch_params_kwlnquqh
  19222 fcsl      20   0  817464  20932  14172 S   2.4   0.3   0:01.28 /home/fcsl/roboracer_ws/install/urg_node/lib/urg_node/urg_node_driver --ros-args -r __node:=urg_node --params-file /home/fcsl/roboracer_ws/install/stack_master/share/stack_master/config/CAR/vehicle_config.yaml -r /scan:=/scan
  19220 fcsl      20   0  663144  22044  14644 S   1.9   0.3   0:00.94 /home/fcsl/roboracer_ws/install/vesc_ackermann/lib/vesc_ackermann/vesc_to_odom_node --ros-args -r __node:=vesc_to_odom_node -r __ns:=/vesc --params-file /home/fcsl/roboracer_ws/install/stack_master/share/stack_master/config/CAR/vehicle_config.yaml
  19354 fcsl      20   0 1085540 142500  48776 S   1.9   1.8   0:03.84 python3 /home/fcsl/roboracer_ws/install/gp_traj_predictor/lib/gp_traj_predictor/gaussian_process_opp_traj --ros-args -r __node:=GP_trajectory
  19247 fcsl      20   0  817644  25860  17424 S   1.5   0.3   0:00.97 /home/fcsl/miniforge3/envs/thirdimpact/lib/nav2_lifecycle_manager/lifecycle_manager --ros-args -r __node:=lifecycle_manager_localization --params-file /tmp/launch_params_gzsj1u13 --params-file /tmp/launch_params_7txkr4rh --params-file /tmp/launch_params_ojdu_5r1
  19249 fcsl      20   0  721960  34992  21568 S   1.5   0.4   0:01.00 /home/fcsl/miniforge3/envs/thirdimpact/lib/nav2_map_server/map_server --ros-args -r __node:=map_server --params-file /tmp/launch_params_7an6qmh_ --params-file /tmp/launch_params_3pildy1p --params-file /tmp/launch_params_bxv9_bd6 --params-file /tmp/launch_params_3ypbuy35
  19307 fcsl      20   0 1439676 104352  41088 S   1.5   1.3   0:02.43 /home/fcsl/miniforge3/envs/thirdimpact/bin/python3.12 /home/fcsl/roboracer_ws/install/frenet_conversion_server/lib/frenet_conversion_server/frenet_conversion_server_node --ros-args -r __node:=frenet_conversion_server_node --params-file /tmp/launch_params_1_pyfy3w
  19553 fcsl      20   0   12120   3496   2676 R   1.5   0.0   0:00.48 top -b -c -w 512 -d 2
   5917 fcsl      20   0   11.1g 174268  46284 S   1.0   2.2   0:10.14 /home/fcsl/.vscode-server/cli/servers/Stable-6a49527b96e326fe62fbdb56f60e16877c9aa724/server/node /home/fcsl/.vscode-server/cli/servers/Stable-6a49527b96e326fe62fbdb56f60e16877c9aa724/server/out/server-main.js --connection-token=remotessh --accept-server-license-terms --agent-host-bridge-port=41459 --agent-host-bridge-host=127.0.0.1 --agent-host-bridge-connection-token=03adc759-cc11-482d-a5c4-3d1cf335af96 --start-server --enable-remote+
  11828 fcsl      20   0   18824   8292   6100 S   1.0   0.1   0:00.59 sshd: fcsl@pts/5
  19224 fcsl      20   0 1113316  63836  25836 S   1.0   0.8   0:01.30 python3 /home/fcsl/roboracer_ws/install/stack_master/lib/stack_master/static_tf_publisher.py --ros-args -r __node:=static_tf_publisher --params-file /home/fcsl/roboracer_ws/install/stack_master/share/stack_master/config/CAR/static_transforms.yaml
  19245 fcsl      20   0 1106328  62576  24328 S   1.0   0.8   0:01.30 python3 /home/fcsl/roboracer_ws/install/stack_master/lib/stack_master/map_relay_node.py --ros-args -r __node:=map_relay_node
     15 root      20   0       0      0      0 I   0.5   0.0   0:00.37 [rcu_preempt]
     95 root      20   0       0      0      0 I   0.5   0.0   0:00.51 [kworker/u12:2-events_freezable_power_]
    146 root      20   0       0      0      0 I   0.5   0.0   0:00.39 [kworker/1:3-events]
    271 root      20   0       0      0      0 I   0.5   0.0   0:00.63 [kworker/u12:6-events_unbound]
   1096 root      20   0 2012952  50020  29076 S   0.5   0.6   0:01.48 /usr/bin/containerd
   5817 fcsl      20   0   19504   8220   5580 S   0.5   0.1   0:07.82 sshd: fcsl@notty
   5868 fcsl      20   0   45844  12856   8268 S   0.5   0.2   0:11.62 /home/fcsl/.vscode-server/code-6a49527b96e326fe62fbdb56f60e16877c9aa724 command-shell --cli-data-dir /home/fcsl/.vscode-server/cli --parent-process-id 5821 --on-host=127.0.0.1 --on-port
   6192 fcsl      20   0  952820  70140  41896 S   0.5   0.9   0:01.95 /home/fcsl/.vscode-server/cli/servers/Stable-6a49527b96e326fe62fbdb56f60e16877c9aa724/server/node /home/fcsl/.vscode-server/cli/servers/Stable-6a49527b96e326fe62fbdb56f60e16877c9aa724/server/out/bootstrap-fork --type=ptyHost --logsPath /home/fcsl/.vscode-server/data/logs/20260817T111943
   6731 fcsl      20   0  997088  80596  41996 S   0.5   1.0   0:07.46 /home/fcsl/.vscode-server/cli/servers/Stable-6a49527b96e326fe62fbdb56f60e16877c9aa724/server/node /home/fcsl/.vscode-server/cli/servers/Stable-6a49527b96e326fe62fbdb56f60e16877c9aa724/server/out/bootstrap-fork --type=fileWatcher
  16192 root      20   0       0      0      0 I   0.5   0.0   0:00.08 [kworker/u12:3-devfreq_wq]
  19218 fcsl      20   0  663148  21880  14464 S   0.5   0.3   0:00.65 /home/fcsl/roboracer_ws/install/vesc_ackermann/lib/vesc_ackermann/ackermann_to_vesc_node --ros-args -r __node:=ackermann_to_vesc_node -r __ns:=/vesc --params-file /home/fcsl/roboracer_ws/install/stack_master/share/stack_master/config/CAR/vehicle_config.yaml
      1 root      20   0  167496  11476   7176 S   0.0   0.1   0:03.45 /sbin/init 2
      2 root      20   0       0      0      0 S   0.0   0.0   0:00.01 [kthreadd]
      3 root       0 -20       0      0      0 I   0.0   0.0   0:00.00 [rcu_gp]
      4 root       0 -20       0      0      0 I   0.0   0.0   0:00.00 [rcu_par_gp]
      5 root       0 -20       0      0      0 I   0.0   0.0   0:00.00 [slub_flushwq]
      6 root       0 -20       0      0      0 I   0.0   0.0   0:00.00 [netns]
      8 root       0 -20       0      0      0 I   0.0   0.0   0:00.00 [kworker/0:0H-events_highpri]
     10 root       0 -20       0      0      0 I   0.0   0.0   0:00.00 [mm_percpu_wq]
     11 root      20   0       0      0      0 S   0.0   0.0   0:00.00 [rcu_tasks_kthre]
     12 root      20   0       0      0      0 S   0.0   0.0   0:00.00 [rcu_tasks_rude_]
     13 root      20   0       0      0      0 S   0.0   0.0   0:00.00 [rcu_tasks_trace]
     14 root      20   0       0      0      0 S   0.0   0.0   0:00.73 [ksoftirqd/0]
     16 root      rt   0       0      0      0 S   0.0   0.0   0:00.00 [migration/0]
     17 root      20   0       0      0      0 S   0.0   0.0   0:00.00 [cpuhp/0]
     18 root      20   0       0      0      0 S   0.0   0.0   0:00.00 [cpuhp/1]
     19 root      rt   0       0      0      0 S   0.0   0.0   0:00.00 [migration/1]
     20 root      20   0       0      0      0 S   0.0   0.0   0:00.14 [ksoftirqd/1]
     22 root       0 -20       0      0      0 I   0.0   0.0   0:00.00 [kworker/1:0H-events_highpri]
     23 root      20   0       0      0      0 S   0.0   0.0   0:00.00 [cpuhp/2]
     24 root      rt   0       0      0      0 S   0.0   0.0   0:00.00 [migration/2]
     25 root      20   0       0      0      0 S   0.0   0.0   0:00.15 [ksoftirqd/2]
     27 root       0 -20       0      0      0 I   0.0   0.0   0:00.00 [kworker/2:0H-kblockd]
     28 root      20   0       0      0      0 S   0.0   0.0   0:00.00 [cpuhp/3]
     29 root      rt   0       0      0      0 S   0.0   0.0   0:00.00 [migration/3]
     30 root      20   0       0      0      0 S   0.0   0.0   0:00.18 [ksoftirqd/3]
     31 root      20   0       0      0      0 I   0.0   0.0   0:00.07 [kworker/3:0-mm_percpu_wq]
     32 root       0 -20       0      0      0 I   0.0   0.0   0:00.00 [kworker/3:0H-events_highpri]
     33 root      20   0       0      0      0 S   0.0   0.0   0:00.00 [cpuhp/4]
     34 root      rt   0       0      0      0 S   0.0   0.0   0:00.00 [migration/4]
     35 root      20   0       0      0      0 S   0.0   0.0   0:00.15 [ksoftirqd/4]
     37 root       0 -20       0      0      0 I   0.0   0.0   0:00.00 [kworker/4:0H-events_highpri]
     38 root      20   0       0      0      0 S   0.0   0.0   0:00.00 [cpuhp/5]
     39 root      rt   0       0      0      0 S   0.0   0.0   0:00.00 [migration/5]
     40 root      20   0       0      0      0 S   0.0   0.0   0:00.13 [ksoftirqd/5]
     42 root       0 -20       0      0      0 I   0.0   0.0   0:00.00 [kworker/5:0H-events_highpri]
     43 root      20   0       0      0      0 S   0.0   0.0   0:00.00 [kdevtmpfs]
     44 root       0 -20       0      0      0 I   0.0   0.0   0:00.00 [inet_frag_wq]
     47 root      20   0       0      0      0 I   0.0   0.0   0:00.01 [kworker/2:1-cgroup_destroy]
     50 root      20   0       0      0      0 I   0.0   0.0   0:00.00 [kworker/4:1-events]
     51 root      20   0       0      0      0 S   0.0   0.0   0:00.00 [kauditd]
     52 root      20   0       0      0      0 S   0.0   0.0   0:00.00 [oom_reaper]
     53 root       0 -20       0      0      0 I   0.0   0.0   0:00.00 [writeback]
     54 root      20   0       0      0      0 S   0.0   0.0   0:00.00 [kcompactd0]
     55 root      25   5       0      0      0 S   0.0   0.0   0:00.00 [ksmd]
     56 root      39  19       0      0      0 S   0.0   0.0   0:00.16 [khugepaged]
     67 root       0 -20       0      0      0 I   0.0   0.0   0:00.00 [cryptd]
     86 root       0 -20       0      0      0 I   0.0   0.0   0:00.00 [kintegrityd]
     87 root       0 -20       0      0      0 I   0.0   0.0   0:00.00 [kblockd]
     88 root       0 -20       0      0      0 I   0.0   0.0   0:00.00 [blkcg_punt_bio]
     89 root       0 -20       0      0      0 I   0.0   0.0   0:00.00 [tpm_dev_wq]
     90 root       0 -20       0      0      0 I   0.0   0.0   0:00.00 [ata_sff]
     91 root       0 -20       0      0      0 I   0.0   0.0   0:00.00 [edac-poller]
     92 root       0 -20       0      0      0 I   0.0   0.0   0:00.00 [devfreq_wq]
     93 root     -51   0       0      0      0 S   0.0   0.0   0:00.00 [watchdogd]
     94 root      20   0       0      0      0 I   0.0   0.0   0:00.70 [kworker/u12:1-events_freezable_power_]
     96 root       0 -20       0      0      0 I   0.0   0.0   0:00.00 [kworker/0:1H-kblockd]
     97 root       0 -20       0      0      0 I   0.0   0.0   0:00.00 [rpciod]
     98 root       0 -20       0      0      0 I   0.0   0.0   0:00.03 [kworker/u13:0-hci0]
     99 root       0 -20       0      0      0 I   0.0   0.0   0:00.00 [xprtiod]
    127 root      20   0       0      0      0 S   0.0   0.0   0:00.36 [kswapd0]
    128 root       0 -20       0      0      0 I   0.0   0.0   0:00.00 [nfsiod]
    132 root       0 -20       0      0      0 I   0.0   0.0   0:00.00 [vfio-irqfd-clea]
    133 root       0 -20       0      0      0 I   0.0   0.0   0:00.00 [bch_btree_io]
    134 root       0 -20       0      0      0 I   0.0   0.0   0:00.00 [bcache]
    135 root       0 -20       0      0      0 I   0.0   0.0   0:00.00 [bch_journal]
    136 root       0 -20       0      0      0 I   0.0   0.0   0:00.00 [dm_bufio_cache]
    138 root      10 -10       0      0      0 S   0.0   0.0   0:00.00 [krfcommd]
    139 root      20   0       0      0      0 S   0.0   0.0   0:00.00 [pr/tty0]
    140 root      20   0       0      0      0 S   0.0   0.0   0:02.86 [pr/ttyTCU0]
    143 root     -51   0       0      0      0 S   0.0   0.0   0:00.00 [irq/114-3160000]
    145 root     -51   0       0      0      0 S   0.0   0.0   0:00.00 [irq/115-3180000]
    147 root     -51   0       0      0      0 S   0.0   0.0   0:00.00 [irq/116-31b0000]
    148 root     -51   0       0      0      0 S   0.0   0.0   0:00.00 [irq/167-c240000]
    149 root     -51   0       0      0      0 S   0.0   0.0   0:00.00 [irq/168-c250000]
    150 root     -51   0       0      0      0 S   0.0   0.0   0:00.00 [irq/125-3610000]
    151 root     -51   0       0      0      0 S   0.0   0.0   0:00.00 [irq/122-3610000]
    152 root      20   0       0      0      0 I   0.0   0.0   0:00.03 [kworker/5:3-mm_percpu_wq]
    153 root       0 -20       0      0      0 I   0.0   0.0   0:00.00 [sdhci]
    154 root     -51   0       0      0      0 S   0.0   0.0   0:00.00 [irq/120-mmc0]
    155 root     -51   0       0      0      0 S   0.0   0.0   0:00.00 [irq/230-3400000]
    156 root      20   0       0      0      0 I   0.0   0.0   0:00.06 [kworker/2:2-mm_percpu_wq]
    173 root       0 -20       0      0      0 I   0.0   0.0   0:00.00 [kworker/1:1H-kblockd]
    174 root      20   0       0      0      0 I   0.0   0.0   0:00.00 [kworker/3:2-mm_percpu_wq]
    179 root     -51   0       0      0      0 S   0.0   0.0   0:00.00 [irq/191-tegra-p]
    180 root       0 -20       0      0      0 I   0.0   0.0   0:00.00 [nvme-wq]
    181 root       0 -20       0      0      0 I   0.0   0.0   0:00.00 [nvme-reset-wq]
    182 root       0 -20       0      0      0 I   0.0   0.0   0:00.00 [nvme-delete-wq]
    191 root     -51   0       0      0      0 S   0.0   0.0   0:00.00 [irq/191-aerdrv]
    192 root     -51   0       0      0      0 S   0.0   0.0   0:00.00 [irq/193-tegra-p]
    195 root     -51   0       0      0      0 S   0.0   0.0   0:00.00 [irq/193-aerdrv]
    196 root     -51   0       0      0      0 S   0.0   0.0   0:00.00 [irq/195-tegra-p]
    198 root     -51   0       0      0      0 S   0.0   0.0   0:00.00 [irq/232-nvme0q0]
    199 root     -51   0       0      0      0 S   0.0   0.0   0:00.23 [irq/233-nvme0q1]
    200 root     -51   0       0      0      0 S   0.0   0.0   0:00.34 [irq/234-nvme0q2]
    201 root     -51   0       0      0      0 S   0.0   0.0   0:00.18 [irq/235-nvme0q3]
    202 root     -51   0       0      0      0 S   0.0   0.0   0:00.22 [irq/236-nvme0q4]
    203 root     -51   0       0      0      0 S   0.0   0.0   0:00.06 [irq/237-nvme0q5]
    204 root     -51   0       0      0      0 S   0.0   0.0   0:00.06 [irq/238-nvme0q6]
    205 root      20   0       0      0      0 I   0.0   0.0   0:00.51 [kworker/u12:4-events_unbound]
    209 root      20   0       0      0      0 S   0.0   0.0   0:00.13 [jbd2/nvme0n1p1-]
    210 root       0 -20       0      0      0 I   0.0   0.0   0:00.00 [ext4-rsv-conver]
    211 root       0 -20       0      0      0 I   0.0   0.0   0:00.00 [kworker/2:1H-kblockd]
    220 root       0 -20       0      0      0 I   0.0   0.0   0:00.00 [mld]
    221 root       0 -20       0      0      0 I   0.0   0.0   0:00.00 [kworker/3:1H-kblockd]
    222 root       0 -20       0      0      0 I   0.0   0.0   0:00.00 [ipv6_addrconf]
    253 root      19  -1   40524   9664   8044 S   0.0   0.1   0:00.51 /lib/systemd/systemd-journald
    267 root      20   0       0      0      0 I   0.0   0.0   0:00.04 [kworker/4:2-mm_percpu_wq]
    270 root      20   0       0      0      0 I   0.0   0.0   0:00.47 [kworker/u12:5-events_freezable_power_]
    272 root      20   0       0      0      0 I   0.0   0.0   0:00.36 [kworker/u12:7-devfreq_wq]
    273 root      20   0       0      0      0 I   0.0   0.0   0:00.49 [kworker/u12:8-events_freezable_power_]
    283 root      39  19       0      0      0 S   0.0   0.0   0:00.00 [nvmap-bz]
    284 root     -51   0       0      0      0 S   0.0   0.0   0:00.00 [irq/188-host1x_]
    286 root     -51   0       0      0      0 S   0.0   0.0   0:00.00 [irq/197-gk20a_s]
    287 root     -51   0       0      0      0 S   0.0   0.0   0:00.00 [irq/198-gk20a_s]
    288 root     -51   0       0      0      0 S   0.0   0.0   0:00.00 [irq/199-gk20a_s]
    289 root     -51   0       0      0      0 S   0.0   0.0   0:00.00 [irq/200-gk20a_n]
    293 root      20   0    9792   2792   2528 S   0.0   0.0   0:00.00 /bin/bash /etc/systemd/nv-tee-supplicant.sh
    298 root      20   0   76588   1360   1248 S   0.0   0.0   0:00.01 /usr/sbin/tee-supplicant
    299 root       0 -20       0      0      0 I   0.0   0.0   0:00.00 [optee_bus_scan]
    307 root       0 -20       0      0      0 I   0.0   0.0   0:00.00 [kworker/4:1H-kblockd]
    309 root      20   0   24048   6028   3380 S   0.0   0.1   0:02.03 /lib/systemd/systemd-udevd
    310 root      20   0   23744   5080   2712 S   0.0   0.1   0:00.16 /lib/systemd/systemd-udevd
    311 root      20   0   23396   4308   2228 S   0.0   0.1   0:00.12 /lib/systemd/systemd-udevd
    312 root      20   0   23508   4468   2212 S   0.0   0.1   0:00.15 /lib/systemd/systemd-udevd
    313 root      20   0   24528   6416   3228 S   0.0   0.1   0:00.31 /lib/systemd/systemd-udevd
    314 root      20   0   23532   4792   2660 S   0.0   0.1   0:00.24 /lib/systemd/systemd-udevd
    315 root      20   0   23500   5188   3048 S   0.0   0.1   0:00.27 /lib/systemd/systemd-udevd
    316 root      20   0   23520   4608   2452 S   0.0   0.1   0:00.16 /lib/systemd/systemd-udevd
    317 root      20   0   23540   4232   2096 S   0.0   0.1   0:00.14 /lib/systemd/systemd-udevd
    318 root      20   0   23548   4688   2540 S   0.0   0.1   0:00.10 /lib/systemd/systemd-udevd
    320 root      20   0   23808   5888   3448 S   0.0   0.1   0:05.15 /lib/systemd/systemd-udevd
    321 root      20   0   23396   5028   2908 S   0.0   0.1   0:00.19 /lib/systemd/systemd-udevd
    322 root      20   0   23500   5104   2852 S   0.0   0.1   0:00.18 /lib/systemd/systemd-udevd
    323 root      20   0   23516   4360   2096 S   0.0   0.1   0:00.16 /lib/systemd/systemd-udevd
    324 root      20   0   23520   4748   2480 S   0.0   0.1   0:00.18 /lib/systemd/systemd-udevd
    325 root      20   0   23500   5072   2820 S   0.0   0.1   0:00.20 /lib/systemd/systemd-udevd
    326 root      20   0   23548   4624   2476 S   0.0   0.1   0:00.16 /lib/systemd/systemd-udevd
    327 root      20   0   24548   5496   2292 S   0.0   0.1   0:00.21 /lib/systemd/systemd-udevd
    328 root      20   0   23516   4380   2212 S   0.0   0.1   0:00.13 /lib/systemd/systemd-udevd
    329 root      20   0   23524   4452   2300 S   0.0   0.1   0:00.19 /lib/systemd/systemd-udevd
    330 root      20   0   23524   4592   2440 S   0.0   0.1   0:00.22 /lib/systemd/systemd-udevd
    331 root      20   0   23524   4792   2636 S   0.0   0.1   0:00.14 /lib/systemd/systemd-udevd
    332 root       0 -20       0      0      0 I   0.0   0.0   0:00.00 [kworker/5:1H-kblockd]
    334 root      20   0   23524   4712   2532 S   0.0   0.1   0:00.16 /lib/systemd/systemd-udevd
    336 root      20   0       0      0      0 S   0.0   0.0   0:00.00 [15820000.crypto]
    337 root      20   0       0      0      0 S   0.0   0.0   0:00.00 [15840000.crypto]
    358 root      20   0   23544   4432   2140 S   0.0   0.1   0:00.15 /lib/systemd/systemd-udevd
    359 root      20   0   23524   4288   2096 S   0.0   0.1   0:00.12 /lib/systemd/systemd-udevd
    360 root      20   0   23524   4412   2220 S   0.0   0.1   0:00.14 /lib/systemd/systemd-udevd
    361 root      20   0   23524   5004   2812 S   0.0   0.1   0:00.17 /lib/systemd/systemd-udevd
    362 root      20   0   23524   4832   2644 S   0.0   0.1   0:00.23 /lib/systemd/systemd-udevd
    363 root      20   0   23816   4580   2144 S   0.0   0.1   0:00.15 /lib/systemd/systemd-udevd
    414 root     -51   0       0      0      0 S   0.0   0.0   0:00.00 [irq/219-bc00000]
    415 root      -2   0       0      0      0 S   0.0   0.0   0:00.00 [capture-control]
    416 root      -2   0       0      0      0 S   0.0   0.0   0:00.00 [capture]
    447 root     -51   0       0      0      0 S   0.0   0.0   0:00.00 [irq/189-tegra-p]
    448 root     -51   0       0      0      0 S   0.0   0.0   0:00.00 [irq/240-nvvrs-p]
    449 root     -51   0       0      0      0 S   0.0   0.0   0:00.00 [irq/214-tegra_d]
    450 root     -51   0       0      0      0 S   0.0   0.0   0:00.00 [irq/215-tegra_d]
    451 root       0 -20       0      0      0 I   0.0   0.0   0:00.00 [dce-async-ipc-w]
    452 root      20   0       0      0      0 S   0.0   0.0   0:00.00 [nv_queue]
    453 root      20   0       0      0      0 S   0.0   0.0   0:00.00 [nv_queue]
    454 root     -51   0       0      0      0 S   0.0   0.0   0:00.00 [irq/189-aerdrv]
    524 root       0 -20       0      0      0 I   0.0   0.0   0:00.00 [cfg80211]
    543 root     -51   0       0      0      0 S   0.0   0.0   0:00.00 [irq/118-3210000]
    552 root      20   0       0      0      0 S   0.0   0.0   0:00.00 [spi0]
    554 root     -51   0       0      0      0 S   0.0   0.0   0:00.00 [irq/119-3230000]
    555 root      20   0       0      0      0 S   0.0   0.0   0:00.00 [spi1]
    632 root       0 -20       0      0      0 I   0.0   0.0   0:00.00 [btfwwork]
    670 root       0 -20       0      0      0 I   0.0   0.0   0:00.00 [kworker/u13:2-hci0]
    672 root      20   0    8236   7372   1432 S   0.0   0.1   0:00.30 /usr/sbin/haveged --Foreground --verbose=1
    674 _rpc      20   0    7964   2112   1760 S   0.0   0.0   0:00.00 /sbin/rpcbind -f -w
    681 systemd+  20   0   25544  12588   8156 S   0.0   0.2   0:00.26 /lib/systemd/systemd-resolved
    682 systemd+  20   0   88788   6156   5312 S   0.0   0.1   0:00.08 /lib/systemd/systemd-timesyncd
    728 avahi     20   0    8088   2652   2300 S   0.0   0.0   0:00.08 avahi-daemon: running [ubuntu.local]
    729 root      20   0    9892   4484   4044 S   0.0   0.1   0:00.07 /usr/lib/bluetooth/bluetoothd -d --noplugin=audio,a2dp,avrcp
    730 message+  20   0   11448   5648   3108 S   0.0   0.1   0:01.66 @dbus-daemon --system --address=systemd: --nofork --nopidfile --systemd-activation --syslog-only
    731 root      20   0  263764  20360  14144 S   0.0   0.3   0:01.13 /usr/sbin/NetworkManager --no-daemon
    737 root      20   0   42224  19668   9972 S   0.0   0.3   0:00.14 /usr/bin/python3 /usr/bin/networkd-dispatcher --run-startup-triggers
    744 root      20   0   27644  15072   7804 S   0.0   0.2   0:00.10 python3 /opt/nvidia/pva-allow-2/bin/nvidiaPvaAllowd.py
    749 root      20   0  243232  10120   6268 S   0.0   0.1   0:03.17 /usr/libexec/polkitd --no-debug
    753 root      20   0  240320   8560   5832 S   0.0   0.1   0:00.04 /usr/libexec/power-profiles-daemon
    760 syslog    20   0  222164   8356   3224 S   0.0   0.1   0:00.14 /usr/sbin/rsyslogd -n -iNONE
    762 root      20   0    2240    708    628 S   0.0   0.0   0:00.00 seatd -g video
    767 root      20   0 2145820  48520  24160 S   0.0   0.6   0:04.96 /snap/snapd/current/usr/lib/snapd/snapd
    769 root      20   0  241096   7752   5856 S   0.0   0.1   0:00.80 /usr/libexec/accounts-daemon
    772 root      20   0  236800   5804   5196 S   0.0   0.1   0:00.02 /usr/libexec/switcheroo-control
    773 lp        20   0    2308    112      0 S   0.0   0.0   0:00.00 /usr/sbin/lpd -s
    774 root      20   0   48808   7200   5948 S   0.0   0.1   0:00.19 /lib/systemd/systemd-logind
    778 root      20   0  394856  14472   9176 S   0.0   0.2   0:00.28 /usr/libexec/udisks2/udisksd
    780 root      20   0   16532   9744   7852 S   0.0   0.1   0:00.08 /sbin/wpa_supplicant -u -s -O /run/wpa_supplicant
    800 avahi     20   0    7816    352      0 S   0.0   0.0   0:00.00 avahi-daemon: chroot helper
    816 root      20   0  320884  13460   9472 S   0.0   0.2   0:00.12 /usr/sbin/ModemManager
    818 root      rt   0       0      0      0 S   0.0   0.0   0:00.34 [sugov:0]
    823 root      rt   0       0      0      0 S   0.0   0.0   0:00.30 [sugov:4]
    910 root      20   0    2460   1560   1380 S   0.0   0.0   0:00.40 /usr/sbin/nvfancontrol &
    930 root      20   0       0      0      0 S   0.0   0.0   0:00.00 [sw-quiesce]
    931 root      20   0       0      0      0 S   0.0   0.0   0:01.08 [nvgpu_channel_p]
    934 root      20   0       0      0      0 S   0.0   0.0   0:00.00 [nvgpu_pg_init_g]
    954 root      20   0       0      0      0 S   0.0   0.0   0:00.00 [nvgpu_clk_arb_p]
    979 root      20   0       0      0      0 S   0.0   0.0   0:01.09 [RTW_CMD_THREAD]
    981 root      20   0       0      0      0 I   0.0   0.0   0:00.32 [kworker/u12:9-events_freezable_power_]
   1016 root      20   0   75936   9728   7908 S   0.0   0.1   0:00.01 /usr/sbin/nvargus-daemon
   1017 root      20   0    9792   2900   2608 S   0.0   0.0   0:00.00 /bin/bash /etc/systemd/nvmemwarning.sh
   1037 root      20   0   22192   1708   1512 S   0.0   0.0   0:00.00 /usr/sbin/nvs-service
   1062 root      20   0    2336    760    672 S   0.0   0.0   0:01.58 /bin/sh /snap/cups/1237/scripts/run-cups-browsed
   1064 root      20   0    2336   1388   1264 S   0.0   0.0   0:01.60 /bin/sh /snap/cups/1237/scripts/run-cupsd
   1065 root      20   0       0      0      0 S   0.0   0.0   0:00.00 [pr/ramoops-1]
   1110 root      20   0    9448   2412   2172 S   0.0   0.0   0:00.00 /usr/sbin/cron -f -P
   1136 kernoops  20   0   12820    456      0 S   0.0   0.0   0:00.00 /usr/sbin/kerneloops --test
   1145 root      20   0  241780   8612   6932 S   0.0   0.1   0:00.03 /usr/sbin/gdm3
   1162 kernoops  20   0   12820    452      0 S   0.0   0.0   0:00.00 /usr/sbin/kerneloops
   1164 root      20   0    8144    716    640 S   0.0   0.0   0:00.00 /sbin/agetty -o -p -- \u --keep-baud 115200,57600,38400,9600 ttyGS0 vt220
   1171 root      20   0    8144    724    648 S   0.0   0.0   0:00.00 /sbin/agetty -o -p -- \u --keep-baud 115200,57600,38400,9600 ttyTCU0 vt220
   1210 root      20   0  172548   9532   7592 S   0.0   0.1   0:00.04 gdm-session-worker [pam/gdm-autologin]
   1310 root      20   0    3076    916    804 S   0.0   0.0   0:00.00 /usr/sbin/nvphsd
   1316 root      20   0    3208   1408   1248 S   0.0   0.0   0:00.00 /usr/sbin/nvphsd
   1337 root      20   0 2166840  89332  54988 S   0.0   1.1   0:00.70 /usr/bin/dockerd -H fd:// --containerd=/run/containerd/containerd.sock
   1338 root      20   0   15232   8036   6460 S   0.0   0.1   0:00.02 sshd: /usr/sbin/sshd -D [listener] 0 of 10-100 startups
   1342 root      20   0       0      0      0 S   0.0   0.0   0:00.00 [file-storage]
   1350 fcsl      20   0   18416   9892   7060 S   0.0   0.1   0:00.72 /lib/systemd/systemd --user
   1360 fcsl      20   0  106740   4520      0 S   0.0   0.1   0:00.00 (sd-pam)
   1538 fcsl       9 -11   40232   5728   4620 S   0.0   0.1   0:00.02 /usr/bin/pipewire
   1539 fcsl      20   0   23884   5672   4592 S   0.0   0.1   0:00.08 /usr/bin/pipewire-media-session
   1540 fcsl       9 -11  890556  20284  12116 S   0.0   0.3   0:00.39 /usr/bin/pulseaudio --daemonize=no --log-target=journal
   1545 fcsl      20   0  241000   6164   5312 S   0.0   0.1   0:00.04 /usr/bin/gnome-keyring-daemon --daemonize --login
   1548 rtkit     21   1  153508   1472   1264 S   0.0   0.0   0:00.02 /usr/libexec/rtkit-daemon
   1559 fcsl      20   0  162628   5416   4908 S   0.0   0.1   0:00.00 /usr/libexec/gdm-x-session --run-script env GNOME_SHELL_SESSION_MODE=ubuntu /usr/bin/gnome-session --session=ubuntu
   1561 root      20   0   24.2g  80668  35156 S   0.0   1.0   0:00.52 /usr/lib/xorg/Xorg vt2 -displayfd 3 -auth /run/user/1000/gdm/Xauthority -nolisten tcp -background none -noreset -keeptty -novtswitch -verbose 3
   1564 fcsl      20   0   10132   4876   3144 S   0.0   0.1   0:00.46 /usr/bin/dbus-daemon --session --address=systemd: --nofork --nopidfile --systemd-activation --syslog-only
   1587 root      20   0       0      0      0 S   0.0   0.0   0:00.00 [nvidia-modeset/]
   1588 root      20   0       0      0      0 S   0.0   0.0   0:00.00 [nvidia-modeset/]
   1590 root      20   0       0      0      0 S   0.0   0.0   0:00.00 [nvidia]
   1591 root      20   0       0      0      0 S   0.0   0.0   0:00.00 [nv_queue]
   1729 root      20   0       0      0      0 S   0.0   0.0   0:00.00 [nvidia-drm-nv-t]
   1730 root     -51   0       0      0      0 S   0.0   0.0   0:00.00 [card1-crtc0]
   1731 root     -51   0       0      0      0 S   0.0   0.0   0:00.00 [card1-crtc1]
   1824 fcsl      20   0  225936  13728  11972 S   0.0   0.2   0:00.05 /usr/libexec/gnome-session-binary --session=ubuntu
   1916 fcsl      20   0  309864   6752   6032 S   0.0   0.1   0:00.01 /usr/libexec/at-spi-bus-launcher
   1922 fcsl      20   0    8828   3616   3116 S   0.0   0.0   0:00.01 /usr/bin/dbus-daemon --config-file=/usr/share/defaults/at-spi2/accessibility.conf --nofork --print-address 11 --address=unix:path=/run/user/1000/at-spi/bus_0
   1979 fcsl      20   0   91892   2520   2152 S   0.0   0.0   0:00.00 /usr/libexec/gnome-session-ctl --monitor
   1988 fcsl      20   0  240908   6992   6104 S   0.0   0.1   0:00.04 /usr/libexec/gvfsd
   1996 fcsl      20   0  381064   9284   4640 S   0.0   0.1   0:00.00 /usr/libexec/gvfsd-fuse /run/user/1000/gvfs -f
   1997 fcsl      20   0  596284  17864  12840 S   0.0   0.2   0:00.18 /usr/libexec/gnome-session-binary --systemd-service --session=ubuntu
   2026 fcsl      20   0 3471004 225068  81340 S   0.0   2.9   0:05.99 /usr/bin/gnome-shell
   2040 fcsl      20   0  236356   4876   4440 S   0.0   0.1   0:00.00 /usr/libexec/xdg-permission-store
   2042 fcsl      20   0  584868  17900  13432 S   0.0   0.2   0:00.06 /usr/libexec/gnome-shell-calendar-server
   2051 fcsl      20   0  397280  22796  19136 S   0.0   0.3   0:00.09 /usr/libexec/evolution-source-registry
   2059 root      20   0  242436   7680   6568 S   0.0   0.1   0:00.07 /usr/libexec/upowerd
   2061 fcsl      20   0  600496  38980  29472 S   0.0   0.5   0:00.10 /usr/libexec/goa-daemon
   2068 fcsl      20   0 1321540  31748  23404 S   0.0   0.4   0:00.14 /usr/libexec/evolution-calendar-factory
   2078 fcsl      20   0  341492  12924  11036 S   0.0   0.2   0:00.04 /usr/libexec/goa-identity-service
   2088 fcsl      20   0  156800   4488   4024 S   0.0   0.1   0:00.01 /usr/libexec/dconf-service
   2089 fcsl      20   0  823284  28368  22824 S   0.0   0.4   0:00.08 /usr/libexec/evolution-addressbook-factory
   2105 fcsl      20   0  316604  11380   7284 S   0.0   0.1   0:00.11 /usr/libexec/gvfs-udisks2-volume-monitor
   2113 fcsl      20   0  315332   6412   5548 S   0.0   0.1   0:00.05 /usr/libexec/gvfs-afc-volume-monitor
   2118 fcsl      20   0  238096   6272   5500 S   0.0   0.1   0:00.01 /usr/libexec/gvfs-gphoto2-volume-monitor
   2122 fcsl      20   0  236772   4692   4232 S   0.0   0.1   0:00.02 /usr/libexec/gvfs-mtp-volume-monitor
   2126 fcsl      20   0  236900   7852   5228 S   0.0   0.1   0:00.01 /usr/libexec/gvfs-goa-volume-monitor
   2130 root      20   0  376544  64972  16884 S   0.0   0.8   0:10.29 /usr/libexec/packagekitd
   2138 fcsl      20   0  315228   9344   6144 S   0.0   0.1   0:00.02 /usr/libexec/gvfsd-trash --spawner :1.19 /org/gtk/gvfs/exec_spaw/0
   2165 fcsl      20   0  477596  12872  10592 S   0.0   0.2   0:00.13 /usr/libexec/xdg-desktop-portal
   2175 fcsl      20   0  463504   8420   5632 S   0.0   0.1   0:00.02 /usr/libexec/xdg-document-portal
   2178 fcsl      20   0 2804936  27172  20292 S   0.0   0.3   0:00.09 /usr/bin/gjs /usr/share/gnome-shell/org.gnome.Shell.Notifications
   2182 root      20   0    2232    696    620 S   0.0   0.0   0:00.00 fusermount3 -o rw,nosuid,nodev,fsname=portal,auto_unmount,subtype=portal -- /run/user/1000/doc
   2186 fcsl      20   0  163152   7096   6328 S   0.0   0.1   0:00.01 /usr/libexec/at-spi2-registryd --use-gnome-session
   2187 fcsl      20   0  715372  51180  31356 S   0.0   0.7   0:00.26 /usr/libexec/xdg-desktop-portal-gnome
   2201 fcsl      20   0    2328    836    748 S   0.0   0.0   0:00.00 sh -c /usr/bin/ibus-daemon --panel disable $([ "$XDG_SESSION_TYPE" = "x11" ] && echo "--xim")
   2202 fcsl      20   0  310888   7992   5380 S   0.0   0.1   0:00.01 /usr/libexec/gsd-a11y-settings
   2203 fcsl      20   0  603376  28568  18872 S   0.0   0.4   0:00.19 /usr/libexec/gsd-color
   2207 fcsl      20   0  379084  16400  12388 S   0.0   0.2   0:00.03 /usr/libexec/gsd-datetime
   2209 fcsl      20   0  315524  13140   6156 S   0.0   0.2   0:00.09 /usr/bin/ibus-daemon --panel disable --xim
   2210 fcsl      20   0  312464   8500   5808 S   0.0   0.1   0:00.06 /usr/libexec/gsd-housekeeping
   2212 fcsl      20   0  418272  25220  16048 S   0.0   0.3   0:00.15 /usr/libexec/gsd-keyboard
   2213 fcsl      20   0  934772  29676  19672 S   0.0   0.4   0:00.19 /usr/libexec/gsd-media-keys
   2214 fcsl      20   0  528832  26228  18632 S   0.0   0.3   0:00.18 /usr/libexec/gsd-power
   2216 fcsl      20   0  324816   9584   8232 S   0.0   0.1   0:00.01 /usr/libexec/gsd-print-notifications
   2219 fcsl      20   0  458476   6000   5344 S   0.0   0.1   0:00.02 /usr/libexec/gsd-rfkill
   2222 fcsl      20   0  236616   4660   4280 S   0.0   0.1   0:00.00 /usr/libexec/gsd-screensaver-proxy
   2226 fcsl      20   0  467192   9032   6824 S   0.0   0.1   0:00.07 /usr/libexec/gsd-sharing
   2228 fcsl      20   0  460576   9164   6256 S   0.0   0.1   0:00.01 /usr/libexec/gsd-smartcard
   2233 fcsl      20   0  320568   8140   7112 S   0.0   0.1   0:00.01 /usr/libexec/gsd-sound
   2242 fcsl      20   0  344860  23456  16012 S   0.0   0.3   0:00.17 /usr/libexec/gsd-wacom
   2247 fcsl      20   0  656864  90552  49008 S   0.0   1.2   0:03.98 /usr/bin/gnome-software --gapplication-service
   2248 fcsl      20   0  346536  27696  17768 S   0.0   0.4   0:00.20 /usr/libexec/gsd-xsettings
   2254 fcsl      20   0  842664  65920  47764 S   0.0   0.8   0:00.32 /usr/libexec/evolution-data-server/evolution-alarm-notify
   2278 fcsl      20   0  237728   6576   5956 S   0.0   0.1   0:00.00 /usr/libexec/ibus-dconf
   2289 fcsl      20   0  275472  27360  16048 S   0.0   0.4   0:01.55 /usr/libexec/ibus-extension-gtk3
   2301 fcsl      20   0  232212   6712   5028 S   0.0   0.1   0:00.02 /usr/libexec/gsd-disk-utility-notify
   2302 fcsl      20   0  196992  23344  16300 S   0.0   0.3   0:00.15 /usr/libexec/ibus-x11 --kill-daemon
   2316 fcsl      20   0  512948  41308  23256 S   0.0   0.5   0:00.94 python3 /usr/share/nvpmodel_indicator/nvpmodel_indicator.py
   2317 fcsl      20   0  237616   6672   6068 S   0.0   0.1   0:00.02 /usr/libexec/ibus-portal
   2353 fcsl      20   0  345756  14420  10528 S   0.0   0.2   0:00.02 /usr/libexec/gsd-printer
   2377 colord    20   0  246112  11944   8192 S   0.0   0.2   0:00.16 /usr/libexec/colord
   2462 root      20   0  404236  43620  34000 S   0.0   0.6   0:00.57 /usr/libexec/fwupd/fwupd
   2498 fcsl      20   0 2739436  27332  20372 S   0.0   0.4   0:00.09 /usr/bin/gjs /usr/share/gnome-shell/org.gnome.ScreenSaver
   2511 fcsl      20   0  511640  20804   3160 S   0.0   0.3   0:00.00 python3 /usr/share/nvpmodel_indicator/nvpmodel_indicator.py
   2512 fcsl      20   0  511640  20804   3160 S   0.0   0.3   0:00.00 python3 /usr/share/nvpmodel_indicator/nvpmodel_indicator.py
   2513 fcsl      20   0  511640  20804   3160 S   0.0   0.3   0:00.00 python3 /usr/share/nvpmodel_indicator/nvpmodel_indicator.py
   2514 fcsl      20   0  511640  20804   3160 S   0.0   0.3   0:00.00 python3 /usr/share/nvpmodel_indicator/nvpmodel_indicator.py
   2515 fcsl      20   0  511640  20804   3160 S   0.0   0.3   0:00.00 python3 /usr/share/nvpmodel_indicator/nvpmodel_indicator.py
   2516 fcsl      20   0  511640  20804   3160 S   0.0   0.3   0:00.00 python3 /usr/share/nvpmodel_indicator/nvpmodel_indicator.py
   2517 fcsl      20   0  511640  20804   3160 S   0.0   0.3   0:00.00 python3 /usr/share/nvpmodel_indicator/nvpmodel_indicator.py
   2518 fcsl      20   0  511640  20804   3160 S   0.0   0.3   0:00.00 python3 /usr/share/nvpmodel_indicator/nvpmodel_indicator.py
   2520 fcsl      20   0  511652  20848   3160 S   0.0   0.3   0:00.00 python3 /usr/share/nvpmodel_indicator/nvpmodel_indicator.py
   2521 fcsl      20   0  511652  20848   3160 S   0.0   0.3   0:00.00 python3 /usr/share/nvpmodel_indicator/nvpmodel_indicator.py
   2523 fcsl      20   0  511652  20848   3160 S   0.0   0.3   0:00.00 python3 /usr/share/nvpmodel_indicator/nvpmodel_indicator.py
   2524 fcsl      20   0  511652  20848   3160 S   0.0   0.3   0:00.00 python3 /usr/share/nvpmodel_indicator/nvpmodel_indicator.py
   2525 fcsl      20   0  511652  20848   3160 S   0.0   0.3   0:00.00 python3 /usr/share/nvpmodel_indicator/nvpmodel_indicator.py
   2526 fcsl      20   0  511652  20848   3160 S   0.0   0.3   0:00.00 python3 /usr/share/nvpmodel_indicator/nvpmodel_indicator.py
   2527 fcsl      20   0  511652  20848   3160 S   0.0   0.3   0:00.00 python3 /usr/share/nvpmodel_indicator/nvpmodel_indicator.py
   2528 fcsl      20   0  511652  20848   3160 S   0.0   0.3   0:00.00 python3 /usr/share/nvpmodel_indicator/nvpmodel_indicator.py
   2529 fcsl      20   0  511652  21360   3648 S   0.0   0.3   0:01.00 python3 /usr/share/nvpmodel_indicator/nvpmodel_indicator.py
   2531 fcsl      20   0  511652  20852   3160 S   0.0   0.3   0:00.00 python3 /usr/share/nvpmodel_indicator/nvpmodel_indicator.py
   2532 fcsl      20   0  511652  20852   3160 S   0.0   0.3   0:00.00 python3 /usr/share/nvpmodel_indicator/nvpmodel_indicator.py
   2558 fcsl      20   0  238820  11516   6280 S   0.0   0.1   0:00.06 /usr/libexec/ibus-engine-hangul --ibus
   2568 fcsl      39  19  648636  33504  20344 S   0.0   0.4   0:00.60 /usr/libexec/tracker-miner-fs-3
   2570 fcsl      20   0  345256  24112  16764 S   0.0   0.3   0:00.13 /usr/libexec/xdg-desktop-portal-gtk
   2735 fcsl      20   0  163392   5864   5280 S   0.0   0.1   0:00.01 /usr/libexec/gvfsd-metadata
   2762 root      20   0  136724  11180   9516 S   0.0   0.1   0:00.36 cupsd -f -s /var/snap/cups/common/etc/cups/cups-files.conf -c /var/snap/cups/common/etc/cups/cupsd.conf
   2770 snap_da+  20   0   14484   4204   3512 S   0.0   0.1   0:00.00 /snap/cups/1237/lib/cups/notifier/dbus dbus://
   2771 snap_da+  20   0   14484   4636   3932 S   0.0   0.1   0:00.00 /snap/cups/1237/lib/cups/notifier/dbus dbus://
   2772 snap_da+  20   0   14484   4216   3524 S   0.0   0.1   0:00.00 /snap/cups/1237/lib/cups/notifier/dbus dbus://
   2773 snap_da+  20   0   14484   4272   3576 S   0.0   0.1   0:00.00 /snap/cups/1237/lib/cups/notifier/dbus dbus://
   2774 snap_da+  20   0   14484   4636   3932 S   0.0   0.1   0:00.00 /snap/cups/1237/lib/cups/notifier/dbus dbus://
   2781 root      20   0  260796  17948  13524 S   0.0   0.2   0:00.46 cups-browsed -c /var/snap/cups/common/etc/cups/cups-browsed.conf
   3356 root      20   0   18536   9044   7116 S   0.0   0.1   0:00.03 sshd: fcsl [priv]
   3413 fcsl      20   0   18984   7780   5556 S   0.0   0.1   0:00.42 sshd: fcsl@pts/0
   3414 fcsl      20   0   15168   8696   3028 S   0.0   0.1   0:00.15 -bash
   3656 root      20   0   18536   9052   7124 S   0.0   0.1   0:00.02 sshd: fcsl [priv]
   3699 fcsl      20   0   18984   7800   5576 S   0.0   0.1   0:00.01 sshd: fcsl@pts/1
   3700 fcsl      20   0   15168   8568   2900 S   0.0   0.1   0:00.11 -bash
   3956 root      20   0   18536   9052   7124 S   0.0   0.1   0:00.03 sshd: fcsl [priv]
   3986 fcsl      20   0   18984   7800   5576 S   0.0   0.1   0:00.24 sshd: fcsl@pts/2
   3987 fcsl      20   0   15168   8564   2900 S   0.0   0.1   0:00.06 -bash
   4340 fcsl      20   0  421744  28484  20708 S   0.0   0.4   0:00.18 update-notifier
   5745 root      20   0       0      0      0 I   0.0   0.0   0:00.00 [kworker/5:0-events]
   5746 root      20   0       0      0      0 I   0.0   0.0   0:00.14 [kworker/0:0-events]
   5789 root      20   0   18536   9056   7128 S   0.0   0.1   0:00.03 sshd: fcsl [priv]
   5818 fcsl      20   0    9792   2976   2680 S   0.0   0.0   0:00.00 -bash
   5821 fcsl      20   0    2440   1568   1348 S   0.0   0.0   0:00.00 sh
   5892 fcsl      20   0   42184   8676   6928 S   0.0   0.1   0:00.04 /home/fcsl/.vscode-server/code-6a49527b96e326fe62fbdb56f60e16877c9aa724 --cli-data-dir /home/fcsl/.vscode-server/cli agent host
   5913 fcsl      20   0    2328    816    732 S   0.0   0.0   0:00.00 sh /home/fcsl/.vscode-server/cli/servers/Stable-6a49527b96e326fe62fbdb56f60e16877c9aa724/server/bin/code-server --connection-token=remotessh --accept-server-license-terms --agent-host-bridge-port=41459 --agent-host-bridge-host=127.0.0.1 --agent-host-bridge-connection-token=03adc759-cc11-482d-a5c4-3d1cf335af96 --start-server --enable-remote-auto-shutdown --socket-path=/tmp/code-9639163c-fbe7-4e2e-8b21-e167c70142b5
   6410 root      20   0       0      0      0 I   0.0   0.0   0:00.00 [kworker/1:0-events]
   7080 fcsl      20   0  421948  75108  63112 S   0.0   1.0   0:01.37 /home/fcsl/.vscode-server/extensions/openai.chatgpt-26.810.52044-linux-arm64/bin/linux-aarch64/codex -c features.code_mode_host=true app-server --analytics-default-enabled
   7182 fcsl      20   0   15216   8668   2972 S   0.0   0.1   0:00.05 /usr/bin/bash --init-file /home/fcsl/.vscode-server/cli/servers/Stable-6a49527b96e326fe62fbdb56f60e16877c9aa724/server/out/vs/workbench/contrib/terminal/common/scripts/shellIntegration-bash.sh
   7850 root      20   0   18536   9060   7132 S   0.0   0.1   0:00.04 sshd: fcsl [priv]
   7878 fcsl      20   0   18824   7676   5580 S   0.0   0.1   0:00.02 sshd: fcsl@pts/6
   7879 fcsl      20   0   15168   8708   3036 S   0.0   0.1   0:00.15 -bash
   8118 root      20   0   18536   9060   7132 S   0.0   0.1   0:00.04 sshd: fcsl [priv]
   8146 fcsl      20   0   18984   7680   5580 S   0.0   0.1   0:00.02 sshd: fcsl@pts/8
   8147 fcsl      20   0   15168   8708   3032 S   0.0   0.1   0:00.15 -bash
   8386 root      20   0   18536   9060   7132 S   0.0   0.1   0:00.04 sshd: fcsl [priv]
   8414 fcsl      20   0   18824   7672   5580 S   0.0   0.1   0:00.01 sshd: fcsl@pts/9
   8415 fcsl      20   0   15168   8640   2964 S   0.0   0.1   0:00.12 -bash
  11747 root      20   0       0      0      0 I   0.0   0.0   0:00.00 [kworker/0:2-events]
  11800 root      20   0   18536   9328   7400 S   0.0   0.1   0:00.04 sshd: fcsl [priv]
  11829 fcsl      20   0   15168   9064   3388 S   0.0   0.1   0:00.37 -bash
  16258 root      20   0       0      0      0 I   0.0   0.0   0:00.00 [kworker/0:1-events]
  16292 root      20   0    8112    764    688 S   0.0   0.0   0:00.00 sleep 300
  16331 root      20   0       0      0      0 I   0.0   0.0   0:00.04 [kworker/u12:0-events_freezable_power_]
  19240 fcsl      20   0  206192  31704  14596 S   0.0   0.4   0:00.55 /home/fcsl/miniforge3/envs/thirdimpact/bin/python /home/fcsl/miniforge3/envs/thirdimpact/bin/ros2 run joy joy_node
  19545 fcsl      20   0    8112    780    704 S   0.0   0.0   0:00.00 sleep 180
  19546 fcsl      20   0   10072   3092   2780 S   0.0   0.0   0:00.00 bash ./cpu_profile.sh
  19841 fcsl      39  19  403684  30208  22420 S   0.0   0.4   0:00.12 /usr/libexec/tracker-extract-3

top - 11:35:22 up 22 min,  8 users,  load average: 12.31, 5.69, 4.32
Tasks: 409 total,   9 running, 400 sleeping,   0 stopped,   0 zombie
%Cpu(s): 87.0 us,  9.0 sy,  0.0 ni,  0.5 id,  0.0 wa,  1.5 hi,  2.1 si,  0.0 st
MiB Mem :   7607.4 total,   1576.2 free,   3617.4 used,   2413.8 buff/cache
MiB Swap:   3803.7 total,   3803.2 free,      0.5 used.   3719.4 avail Mem 

    PID USER      PR  NI    VIRT    RES    SHR S  %CPU  %MEM     TIME+ COMMAND
  19336 fcsl      20   0 1445896 110412  42476 R  44.7   1.4   0:18.25 /home/fcsl/miniforge3/envs/thirdimpact/bin/python3.12 /home/fcsl/roboracer_ws/install/state_machine/lib/state_machine/state_machine --ros-args -r __node:=state_machine --params-file /home/fcsl/roboracer_ws/install/stack_master/share/stack_master/config/state_machine_params.yaml --params-file /tmp/launch_params_biwnb6d6 --params-file /tmp/launch_params_30za9fdy --params-file /tmp/launch_params_f2pjkjd6 --params-file /tmp/launch_params_v+
  19358 fcsl      20   0 1478356 107916  42672 R  40.9   1.4   0:17.32 /home/fcsl/miniforge3/envs/thirdimpact/bin/python3.12 /home/fcsl/roboracer_ws/install/controller/lib/controller/controller_manager --ros-args -r __node:=controller_manager --params-file /home/fcsl/roboracer_ws/install/stack_master/share/stack_master/config/controller.yaml --params-file /tmp/launch_params_rteop0df --params-file /tmp/launch_params_fgfbn70d
  19346 fcsl      20   0 1872316 220208  90960 R  38.9   2.8   0:15.53 /home/fcsl/miniforge3/envs/thirdimpact/bin/python3.12 /home/fcsl/roboracer_ws/install/lane_change_planner/lib/lane_change_planner/change_avoidance_node --ros-args -r __node:=planner_change --params-file /tmp/launch_params_3lr3b4pe
  19311 fcsl      20   0 1473936 106096  41672 R  38.5   1.4   0:15.14 /home/fcsl/miniforge3/envs/thirdimpact/bin/python3.12 /home/fcsl/roboracer_ws/install/frenet_odom_republisher/lib/frenet_odom_republisher/frenet_odom_republisher_node --ros-args -r __node:=frenet_odom_republisher -r /car_state/frenet/odom:=/car_state/odom_frenet
  19328 fcsl      20   0 1472000 131084  46628 S  35.6   1.7   0:13.91 python3 /home/fcsl/roboracer_ws/install/perception/lib/perception/tracking_node --ros-args -r __node:=tracking --params-file /home/fcsl/roboracer_ws/install/stack_master/share/stack_master/config/opponent_tracker_params.yaml -r /tracking/obstacles:=/tracking/obstacles
  19344 fcsl      20   0 1814908 166536  83084 S  35.6   2.1   0:13.91 /home/fcsl/miniforge3/envs/thirdimpact/bin/python3.12 /home/fcsl/roboracer_ws/install/spliner/lib/spliner/static_avoidance_node --ros-args -r __node:=static_avoidance_planner --params-file /home/fcsl/roboracer_ws/install/stack_master/share/stack_master/config/static_avoidance_planner.yaml -r /planner/avoidance/otwpnts:=/planner/avoidance/static_otwpnts
  19314 fcsl      20   0 1114280  65260  25816 S  33.7   0.8   0:13.10 /home/fcsl/miniforge3/envs/thirdimpact/bin/python3.12 /home/fcsl/roboracer_ws/install/lap_analyser/lib/lap_analyser/lap_analyser --ros-args -r __node:=lap_analyser --params-file /tmp/launch_params_0px3ph6a
  19340 fcsl      20   0 1846732 191004  87768 R  33.7   2.5   0:13.99 /home/fcsl/miniforge3/envs/thirdimpact/bin/python3.12 /home/fcsl/roboracer_ws/install/recovery_spliner/lib/recovery_spliner/recovery_spliner_node --ros-args -r __node:=recovery_spliner_node
  19342 fcsl      20   0 1846676 190968  87764 R  33.7   2.5   0:14.20 /home/fcsl/miniforge3/envs/thirdimpact/bin/python3.12 /home/fcsl/roboracer_ws/install/spliner/lib/spliner/start_spline_node_v2 --ros-args -r __node:=start_planner
  19356 fcsl      20   0 1118620  67304  27292 S  30.8   0.9   0:10.98 python3 /home/fcsl/roboracer_ws/install/gp_traj_predictor/lib/gp_traj_predictor/opp_prediction --ros-args -r __node:=opponent_propagation_predictor
  19352 fcsl      20   0 1592912 109344  42116 S  30.3   1.4   0:11.78 python3 /home/fcsl/roboracer_ws/install/gp_traj_predictor/lib/gp_traj_predictor/opponent_trajectory --ros-args -r __node:=OpponentHalflap
  19281 fcsl      20   0 1455628 117812  41644 R  29.8   1.5   0:12.91 /home/fcsl/miniforge3/envs/thirdimpact/bin/python3.12 /home/fcsl/roboracer_ws/install/gb_optimizer/lib/gb_optimizer/global_trajectory_publisher --ros-args -r __node:=global_republisher --params-file /tmp/launch_params_lsq8407e
  19251 fcsl      20   0  868124  50068  36540 S  29.3   0.6   0:11.98 /home/fcsl/roboracer_ws/install/kiss_icp_localization/lib/kiss_icp_localization/localization_node --ros-args -r __node:=kiss_icp_localization --params-file /home/fcsl/roboracer_ws/install/stack_master/share/stack_master/config/kiss.yaml --params-file /tmp/launch_params_kkza55sc --params-file /tmp/launch_params_bk6s3os3
  19350 fcsl      20   0 1114516  64996  25644 S  25.5   0.8   0:09.23 /home/fcsl/miniforge3/envs/thirdimpact/bin/python3.12 /home/fcsl/roboracer_ws/install/lane_change_planner/lib/lane_change_planner/update_waypoints --ros-args -r __node:=waypoint_updater
  19230 fcsl      20   0 1106708  60188  24440 S  14.4   0.8   0:06.14 python3 /home/fcsl/roboracer_ws/install/stack_master/lib/stack_master/simple_mux_node.py --ros-args -r __node:=simple_mux --params-file /home/fcsl/roboracer_ws/install/stack_master/share/stack_master/config/CAR/vehicle_config.yaml --params-file /tmp/launch_params_pywsh3_8 --params-file /tmp/launch_params_yk3h0muz --params-file /tmp/launch_params_uihzw7ry --params-file /tmp/launch_params_5fc12uzq --params-file /tmp/launch_params_nd2qw0hk
  19297 fcsl      20   0 1519268 109360  42496 R  12.5   1.4   0:05.97 /home/fcsl/miniforge3/envs/thirdimpact/bin/python3.12 /home/fcsl/roboracer_ws/install/overtaking_sector_tuner/lib/overtaking_sector_tuner/ot_interpolator --ros-args -r __node:=ot_sector_tuner --params-file /home/fcsl/roboracer_ws/install/stack_master/share/stack_master/maps/0815test3/ot_sectors.yaml --params-file /tmp/launch_params_ti68gs7d
  19326 fcsl      20   0 1126000  54520  33796 S   7.7   0.7   0:02.91 /home/fcsl/roboracer_ws/install/perception/lib/perception/detect --ros-args -r __node:=detect --params-file /home/fcsl/roboracer_ws/install/stack_master/share/stack_master/config/opponent_tracker_params.yaml --params-file /tmp/launch_params_gk8q2zkj
  19216 fcsl      20   0  883480  23352  13904 S   6.7   0.3   0:03.09 /home/fcsl/roboracer_ws/install/vesc_driver/lib/vesc_driver/vesc_driver_node --ros-args -r __node:=vesc_driver_node -r __ns:=/vesc --params-file /home/fcsl/roboracer_ws/install/stack_master/share/stack_master/config/CAR/vehicle_config.yaml
  19213 fcsl      20   0 2285720  52248  16816 S   5.3   0.7   0:04.81 /home/fcsl/miniforge3/envs/thirdimpact/bin/python /home/fcsl/miniforge3/envs/thirdimpact/bin/ros2 launch stack_master race.launch.xml map:=0815test3
  19561 fcsl      20   0  823792  26624  16644 S   4.8   0.3   0:01.96 /home/fcsl/miniforge3/envs/thirdimpact/lib/joy/joy_node
  19289 fcsl      20   0 1118656  67716  26820 S   4.3   0.9   0:02.43 /home/fcsl/miniforge3/envs/thirdimpact/bin/python3.12 /home/fcsl/roboracer_ws/install/sector_tuner/lib/sector_tuner/sector_tuner --ros-args -r __node:=speed_sector_tuner --params-file /home/fcsl/roboracer_ws/install/stack_master/share/stack_master/maps/0815test3/speed_scaling.yaml --params-file /tmp/launch_params_kwlnquqh
  19354 fcsl      20   0 1085540 142764  48776 S   4.3   1.8   0:03.93 python3 /home/fcsl/roboracer_ws/install/gp_traj_predictor/lib/gp_traj_predictor/gaussian_process_opp_traj --ros-args -r __node:=GP_trajectory
  19222 fcsl      20   0  817464  20932  14172 S   2.9   0.3   0:01.34 /home/fcsl/roboracer_ws/install/urg_node/lib/urg_node/urg_node_driver --ros-args -r __node:=urg_node --params-file /home/fcsl/roboracer_ws/install/stack_master/share/stack_master/config/CAR/vehicle_config.yaml -r /scan:=/scan
  19247 fcsl      20   0  818672  25860  17424 S   2.9   0.3   0:01.03 /home/fcsl/miniforge3/envs/thirdimpact/lib/nav2_lifecycle_manager/lifecycle_manager --ros-args -r __node:=lifecycle_manager_localization --params-file /tmp/launch_params_gzsj1u13 --params-file /tmp/launch_params_7txkr4rh --params-file /tmp/launch_params_ojdu_5r1
  19249 fcsl      20   0  721960  35256  21568 S   2.9   0.5   0:01.06 /home/fcsl/miniforge3/envs/thirdimpact/lib/nav2_map_server/map_server --ros-args -r __node:=map_server --params-file /tmp/launch_params_7an6qmh_ --params-file /tmp/launch_params_3pildy1p --params-file /tmp/launch_params_bxv9_bd6 --params-file /tmp/launch_params_3ypbuy35
  19307 fcsl      20   0 1439676 104880  41088 S   2.9   1.3   0:02.49 /home/fcsl/miniforge3/envs/thirdimpact/bin/python3.12 /home/fcsl/roboracer_ws/install/frenet_conversion_server/lib/frenet_conversion_server/frenet_conversion_server_node --ros-args -r __node:=frenet_conversion_server_node --params-file /tmp/launch_params_1_pyfy3w
   6720 fcsl      20   0   42.1g 668892  59704 S   2.4   8.6   1:04.43 /home/fcsl/.vscode-server/cli/servers/Stable-6a49527b96e326fe62fbdb56f60e16877c9aa724/server/node --dns-result-order=ipv4first /home/fcsl/.vscode-server/cli/servers/Stable-6a49527b96e326fe62fbdb56f60e16877c9aa724/server/out/bootstrap-fork --type=extensionHost --transformURIs --useHostProxy=false
  19220 fcsl      20   0  663144  21276  14644 S   1.9   0.3   0:00.98 /home/fcsl/roboracer_ws/install/vesc_ackermann/lib/vesc_ackermann/vesc_to_odom_node --ros-args -r __node:=vesc_to_odom_node -r __ns:=/vesc --params-file /home/fcsl/roboracer_ws/install/stack_master/share/stack_master/config/CAR/vehicle_config.yaml
  19224 fcsl      20   0 1113316  63836  25836 S   1.9   0.8   0:01.34 python3 /home/fcsl/roboracer_ws/install/stack_master/lib/stack_master/static_tf_publisher.py --ros-args -r __node:=static_tf_publisher --params-file /home/fcsl/roboracer_ws/install/stack_master/share/stack_master/config/CAR/static_transforms.yaml
  19245 fcsl      20   0 1106632  62840  24328 S   1.9   0.8   0:01.34 python3 /home/fcsl/roboracer_ws/install/stack_master/lib/stack_master/map_relay_node.py --ros-args -r __node:=map_relay_node
   2026 fcsl      20   0 3471004 225068  81340 S   1.4   2.9   0:06.02 /usr/bin/gnome-shell
  19218 fcsl      20   0  664176  21880  14464 S   1.4   0.3   0:00.68 /home/fcsl/roboracer_ws/install/vesc_ackermann/lib/vesc_ackermann/ackermann_to_vesc_node --ros-args -r __node:=ackermann_to_vesc_node -r __ns:=/vesc --params-file /home/fcsl/roboracer_ws/install/stack_master/share/stack_master/config/CAR/vehicle_config.yaml
  19553 fcsl      20   0   12120   3496   2676 R   1.4   0.0   0:00.51 top -b -c -w 512 -d 2
   6731 fcsl      20   0  997088  80596  41996 S   1.0   1.0   0:07.48 /home/fcsl/.vscode-server/cli/servers/Stable-6a49527b96e326fe62fbdb56f60e16877c9aa724/server/node /home/fcsl/.vscode-server/cli/servers/Stable-6a49527b96e326fe62fbdb56f60e16877c9aa724/server/out/bootstrap-fork --type=fileWatcher
  11828 fcsl      20   0   18824   8292   6100 S   1.0   0.1   0:00.61 sshd: fcsl@pts/5
     14 root      20   0       0      0      0 S   0.5   0.0   0:00.74 [ksoftirqd/0]
    152 root      20   0       0      0      0 I   0.5   0.0   0:00.04 [kworker/5:3-mm_percpu_wq]
    309 root      20   0   24048   6028   3380 S   0.5   0.1   0:02.04 /lib/systemd/systemd-udevd
    320 root      20   0   23808   5888   3448 S   0.5   0.1   0:05.16 /lib/systemd/systemd-udevd
    767 root      20   0 2145820  48520  24160 S   0.5   0.6   0:04.97 /snap/snapd/current/usr/lib/snapd/snapd
      1 root      20   0  167496  11476   7176 S   0.0   0.1   0:03.45 /sbin/init 2
      2 root      20   0       0      0      0 S   0.0   0.0   0:00.01 [kthreadd]
      3 root       0 -20       0      0      0 I   0.0   0.0   0:00.00 [rcu_gp]
      4 root       0 -20       0      0      0 I   0.0   0.0   0:00.00 [rcu_par_gp]
      5 root       0 -20       0      0      0 I   0.0   0.0   0:00.00 [slub_flushwq]
      6 root       0 -20       0      0      0 I   0.0   0.0   0:00.00 [netns]
      8 root       0 -20       0      0      0 I   0.0   0.0   0:00.00 [kworker/0:0H-events_highpri]
     10 root       0 -20       0      0      0 I   0.0   0.0   0:00.00 [mm_percpu_wq]
     11 root      20   0       0      0      0 S   0.0   0.0   0:00.00 [rcu_tasks_kthre]
     12 root      20   0       0      0      0 S   0.0   0.0   0:00.00 [rcu_tasks_rude_]
     13 root      20   0       0      0      0 S   0.0   0.0   0:00.00 [rcu_tasks_trace]
     15 root      20   0       0      0      0 I   0.0   0.0   0:00.37 [rcu_preempt]
     16 root      rt   0       0      0      0 S   0.0   0.0   0:00.00 [migration/0]
     17 root      20   0       0      0      0 S   0.0   0.0   0:00.00 [cpuhp/0]
     18 root      20   0       0      0      0 S   0.0   0.0   0:00.00 [cpuhp/1]
     19 root      rt   0       0      0      0 S   0.0   0.0   0:00.00 [migration/1]
     20 root      20   0       0      0      0 S   0.0   0.0   0:00.14 [ksoftirqd/1]
     22 root       0 -20       0      0      0 I   0.0   0.0   0:00.00 [kworker/1:0H-events_highpri]
     23 root      20   0       0      0      0 S   0.0   0.0   0:00.00 [cpuhp/2]
     24 root      rt   0       0      0      0 S   0.0   0.0   0:00.00 [migration/2]
     25 root      20   0       0      0      0 S   0.0   0.0   0:00.15 [ksoftirqd/2]
     27 root       0 -20       0      0      0 I   0.0   0.0   0:00.00 [kworker/2:0H-kblockd]
     28 root      20   0       0      0      0 S   0.0   0.0   0:00.00 [cpuhp/3]
     29 root      rt   0       0      0      0 S   0.0   0.0   0:00.00 [migration/3]
     30 root      20   0       0      0      0 S   0.0   0.0   0:00.18 [ksoftirqd/3]
     31 root      20   0       0      0      0 I   0.0   0.0   0:00.07 [kworker/3:0-mm_percpu_wq]
     32 root       0 -20       0      0      0 I   0.0   0.0   0:00.00 [kworker/3:0H-events_highpri]
     33 root      20   0       0      0      0 S   0.0   0.0   0:00.00 [cpuhp/4]
     34 root      rt   0       0      0      0 S   0.0   0.0   0:00.00 [migration/4]
     35 root      20   0       0      0      0 S   0.0   0.0   0:00.15 [ksoftirqd/4]
     37 root       0 -20       0      0      0 I   0.0   0.0   0:00.00 [kworker/4:0H-events_highpri]
     38 root      20   0       0      0      0 S   0.0   0.0   0:00.00 [cpuhp/5]
     39 root      rt   0       0      0      0 S   0.0   0.0   0:00.00 [migration/5]
     40 root      20   0       0      0      0 S   0.0   0.0   0:00.13 [ksoftirqd/5]
     42 root       0 -20       0      0      0 I   0.0   0.0   0:00.00 [kworker/5:0H-events_highpri]
     43 root      20   0       0      0      0 S   0.0   0.0   0:00.00 [kdevtmpfs]
     44 root       0 -20       0      0      0 I   0.0   0.0   0:00.00 [inet_frag_wq]
     47 root      20   0       0      0      0 I   0.0   0.0   0:00.01 [kworker/2:1-cgroup_destroy]
     50 root      20   0       0      0      0 I   0.0   0.0   0:00.00 [kworker/4:1-events]
     51 root      20   0       0      0      0 S   0.0   0.0   0:00.00 [kauditd]
     52 root      20   0       0      0      0 S   0.0   0.0   0:00.00 [oom_reaper]
     53 root       0 -20       0      0      0 I   0.0   0.0   0:00.00 [writeback]
     54 root      20   0       0      0      0 S   0.0   0.0   0:00.00 [kcompactd0]
     55 root      25   5       0      0      0 S   0.0   0.0   0:00.00 [ksmd]
     56 root      39  19       0      0      0 S   0.0   0.0   0:00.16 [khugepaged]
     67 root       0 -20       0      0      0 I   0.0   0.0   0:00.00 [cryptd]
     86 root       0 -20       0      0      0 I   0.0   0.0   0:00.00 [kintegrityd]
     87 root       0 -20       0      0      0 I   0.0   0.0   0:00.00 [kblockd]
     88 root       0 -20       0      0      0 I   0.0   0.0   0:00.00 [blkcg_punt_bio]
     89 root       0 -20       0      0      0 I   0.0   0.0   0:00.00 [tpm_dev_wq]
     90 root       0 -20       0      0      0 I   0.0   0.0   0:00.00 [ata_sff]
     91 root       0 -20       0      0      0 I   0.0   0.0   0:00.00 [edac-poller]
     92 root       0 -20       0      0      0 I   0.0   0.0   0:00.00 [devfreq_wq]
     93 root     -51   0       0      0      0 S   0.0   0.0   0:00.00 [watchdogd]
     94 root      20   0       0      0      0 I   0.0   0.0   0:00.70 [kworker/u12:1-events_freezable_power_]
     95 root      20   0       0      0      0 I   0.0   0.0   0:00.51 [kworker/u12:2-events_freezable_power_]
     96 root       0 -20       0      0      0 I   0.0   0.0   0:00.00 [kworker/0:1H-kblockd]
     97 root       0 -20       0      0      0 I   0.0   0.0   0:00.00 [rpciod]
     98 root       0 -20       0      0      0 I   0.0   0.0   0:00.03 [kworker/u13:0-hci0]
     99 root       0 -20       0      0      0 I   0.0   0.0   0:00.00 [xprtiod]
    127 root      20   0       0      0      0 S   0.0   0.0   0:00.36 [kswapd0]
    128 root       0 -20       0      0      0 I   0.0   0.0   0:00.00 [nfsiod]
    132 root       0 -20       0      0      0 I   0.0   0.0   0:00.00 [vfio-irqfd-clea]
    133 root       0 -20       0      0      0 I   0.0   0.0   0:00.00 [bch_btree_io]
    134 root       0 -20       0      0      0 I   0.0   0.0   0:00.00 [bcache]
    135 root       0 -20       0      0      0 I   0.0   0.0   0:00.00 [bch_journal]
    136 root       0 -20       0      0      0 I   0.0   0.0   0:00.00 [dm_bufio_cache]
    138 root      10 -10       0      0      0 S   0.0   0.0   0:00.00 [krfcommd]
    139 root      20   0       0      0      0 S   0.0   0.0   0:00.00 [pr/tty0]
    140 root      20   0       0      0      0 S   0.0   0.0   0:02.86 [pr/ttyTCU0]
    143 root     -51   0       0      0      0 S   0.0   0.0   0:00.00 [irq/114-3160000]
    145 root     -51   0       0      0      0 S   0.0   0.0   0:00.00 [irq/115-3180000]
    146 root      20   0       0      0      0 I   0.0   0.0   0:00.39 [kworker/1:3-events]
    147 root     -51   0       0      0      0 S   0.0   0.0   0:00.00 [irq/116-31b0000]
    148 root     -51   0       0      0      0 S   0.0   0.0   0:00.00 [irq/167-c240000]
    149 root     -51   0       0      0      0 S   0.0   0.0   0:00.00 [irq/168-c250000]
    150 root     -51   0       0      0      0 S   0.0   0.0   0:00.00 [irq/125-3610000]
    151 root     -51   0       0      0      0 S   0.0   0.0   0:00.00 [irq/122-3610000]
    153 root       0 -20       0      0      0 I   0.0   0.0   0:00.00 [sdhci]
    154 root     -51   0       0      0      0 S   0.0   0.0   0:00.00 [irq/120-mmc0]
    155 root     -51   0       0      0      0 S   0.0   0.0   0:00.00 [irq/230-3400000]
    156 root      20   0       0      0      0 I   0.0   0.0   0:00.06 [kworker/2:2-mm_percpu_wq]
    173 root       0 -20       0      0      0 I   0.0   0.0   0:00.00 [kworker/1:1H-kblockd]
    174 root      20   0       0      0      0 I   0.0   0.0   0:00.00 [kworker/3:2-mm_percpu_wq]
    179 root     -51   0       0      0      0 S   0.0   0.0   0:00.00 [irq/191-tegra-p]
    180 root       0 -20       0      0      0 I   0.0   0.0   0:00.00 [nvme-wq]
    181 root       0 -20       0      0      0 I   0.0   0.0   0:00.00 [nvme-reset-wq]
    182 root       0 -20       0      0      0 I   0.0   0.0   0:00.00 [nvme-delete-wq]
    191 root     -51   0       0      0      0 S   0.0   0.0   0:00.00 [irq/191-aerdrv]
    192 root     -51   0       0      0      0 S   0.0   0.0   0:00.00 [irq/193-tegra-p]
    195 root     -51   0       0      0      0 S   0.0   0.0   0:00.00 [irq/193-aerdrv]
    196 root     -51   0       0      0      0 S   0.0   0.0   0:00.00 [irq/195-tegra-p]
    198 root     -51   0       0      0      0 S   0.0   0.0   0:00.00 [irq/232-nvme0q0]
    199 root     -51   0       0      0      0 S   0.0   0.0   0:00.23 [irq/233-nvme0q1]
    200 root     -51   0       0      0      0 S   0.0   0.0   0:00.34 [irq/234-nvme0q2]
    201 root     -51   0       0      0      0 S   0.0   0.0   0:00.18 [irq/235-nvme0q3]
    202 root     -51   0       0      0      0 S   0.0   0.0   0:00.22 [irq/236-nvme0q4]
    203 root     -51   0       0      0      0 S   0.0   0.0   0:00.06 [irq/237-nvme0q5]
    204 root     -51   0       0      0      0 S   0.0   0.0   0:00.06 [irq/238-nvme0q6]
    205 root      20   0       0      0      0 I   0.0   0.0   0:00.51 [kworker/u12:4-events_freezable_power_]
    209 root      20   0       0      0      0 S   0.0   0.0   0:00.13 [jbd2/nvme0n1p1-]
    210 root       0 -20       0      0      0 I   0.0   0.0   0:00.00 [ext4-rsv-conver]
    211 root       0 -20       0      0      0 I   0.0   0.0   0:00.00 [kworker/2:1H-kblockd]
    220 root       0 -20       0      0      0 I   0.0   0.0   0:00.00 [mld]
    221 root       0 -20       0      0      0 I   0.0   0.0   0:00.00 [kworker/3:1H-kblockd]
    222 root       0 -20       0      0      0 I   0.0   0.0   0:00.00 [ipv6_addrconf]
    253 root      19  -1   40524   9664   8044 S   0.0   0.1   0:00.51 /lib/systemd/systemd-journald
    267 root      20   0       0      0      0 I   0.0   0.0   0:00.04 [kworker/4:2-mm_percpu_wq]
    270 root      20   0       0      0      0 I   0.0   0.0   0:00.47 [kworker/u12:5-events_unbound]
    271 root      20   0       0      0      0 I   0.0   0.0   0:00.63 [kworker/u12:6-events_freezable_power_]
    272 root      20   0       0      0      0 I   0.0   0.0   0:00.36 [kworker/u12:7-devfreq_wq]
    273 root      20   0       0      0      0 I   0.0   0.0   0:00.49 [kworker/u12:8-events_unbound]
    283 root      39  19       0      0      0 S   0.0   0.0   0:00.00 [nvmap-bz]
    284 root     -51   0       0      0      0 S   0.0   0.0   0:00.00 [irq/188-host1x_]
    286 root     -51   0       0      0      0 S   0.0   0.0   0:00.00 [irq/197-gk20a_s]
    287 root     -51   0       0      0      0 S   0.0   0.0   0:00.00 [irq/198-gk20a_s]
    288 root     -51   0       0      0      0 S   0.0   0.0   0:00.00 [irq/199-gk20a_s]
    289 root     -51   0       0      0      0 S   0.0   0.0   0:00.00 [irq/200-gk20a_n]
    293 root      20   0    9792   2792   2528 S   0.0   0.0   0:00.00 /bin/bash /etc/systemd/nv-tee-supplicant.sh
    298 root      20   0   76588   1360   1248 S   0.0   0.0   0:00.01 /usr/sbin/tee-supplicant
    299 root       0 -20       0      0      0 I   0.0   0.0   0:00.00 [optee_bus_scan]
    307 root       0 -20       0      0      0 I   0.0   0.0   0:00.00 [kworker/4:1H-kblockd]
    310 root      20   0   23744   5080   2712 S   0.0   0.1   0:00.16 /lib/systemd/systemd-udevd
    311 root      20   0   23396   4308   2228 S   0.0   0.1   0:00.12 /lib/systemd/systemd-udevd
    312 root      20   0   23508   4468   2212 S   0.0   0.1   0:00.15 /lib/systemd/systemd-udevd
    313 root      20   0   24528   6416   3228 S   0.0   0.1   0:00.31 /lib/systemd/systemd-udevd
    314 root      20   0   23532   4792   2660 S   0.0   0.1   0:00.24 /lib/systemd/systemd-udevd
    315 root      20   0   23500   5188   3048 S   0.0   0.1   0:00.27 /lib/systemd/systemd-udevd
    316 root      20   0   23520   4608   2452 S   0.0   0.1   0:00.16 /lib/systemd/systemd-udevd
    317 root      20   0   23540   4232   2096 S   0.0   0.1   0:00.14 /lib/systemd/systemd-udevd
    318 root      20   0   23548   4688   2540 S   0.0   0.1   0:00.10 /lib/systemd/systemd-udevd
    321 root      20   0   23396   5028   2908 S   0.0   0.1   0:00.19 /lib/systemd/systemd-udevd
    322 root      20   0   23500   5104   2852 S   0.0   0.1   0:00.18 /lib/systemd/systemd-udevd
    323 root      20   0   23516   4360   2096 S   0.0   0.1   0:00.16 /lib/systemd/systemd-udevd
    324 root      20   0   23520   4748   2480 S   0.0   0.1   0:00.18 /lib/systemd/systemd-udevd
    325 root      20   0   23500   5072   2820 S   0.0   0.1   0:00.20 /lib/systemd/systemd-udevd
    326 root      20   0   23548   4624   2476 S   0.0   0.1   0:00.16 /lib/systemd/systemd-udevd
    327 root      20   0   24548   5496   2292 S   0.0   0.1   0:00.21 /lib/systemd/systemd-udevd
    328 root      20   0   23516   4380   2212 S   0.0   0.1   0:00.13 /lib/systemd/systemd-udevd
    329 root      20   0   23524   4452   2300 S   0.0   0.1   0:00.19 /lib/systemd/systemd-udevd
    330 root      20   0   23524   4592   2440 S   0.0   0.1   0:00.22 /lib/systemd/systemd-udevd
    331 root      20   0   23524   4792   2636 S   0.0   0.1   0:00.14 /lib/systemd/systemd-udevd
    332 root       0 -20       0      0      0 I   0.0   0.0   0:00.00 [kworker/5:1H-kblockd]
    334 root      20   0   23524   4712   2532 S   0.0   0.1   0:00.16 /lib/systemd/systemd-udevd
    336 root      20   0       0      0      0 S   0.0   0.0   0:00.00 [15820000.crypto]
    337 root      20   0       0      0      0 S   0.0   0.0   0:00.00 [15840000.crypto]
    358 root      20   0   23544   4432   2140 S   0.0   0.1   0:00.15 /lib/systemd/systemd-udevd
    359 root      20   0   23524   4288   2096 S   0.0   0.1   0:00.12 /lib/systemd/systemd-udevd
    360 root      20   0   23524   4412   2220 S   0.0   0.1   0:00.14 /lib/systemd/systemd-udevd
    361 root      20   0   23524   5004   2812 S   0.0   0.1   0:00.17 /lib/systemd/systemd-udevd
    362 root      20   0   23524   4832   2644 S   0.0   0.1   0:00.23 /lib/systemd/systemd-udevd
    363 root      20   0   23816   4580   2144 S   0.0   0.1   0:00.15 /lib/systemd/systemd-udevd
    414 root     -51   0       0      0      0 S   0.0   0.0   0:00.00 [irq/219-bc00000]
    415 root      -2   0       0      0      0 S   0.0   0.0   0:00.00 [capture-control]
    416 root      -2   0       0      0      0 S   0.0   0.0   0:00.00 [capture]
    447 root     -51   0       0      0      0 S   0.0   0.0   0:00.00 [irq/189-tegra-p]
    448 root     -51   0       0      0      0 S   0.0   0.0   0:00.00 [irq/240-nvvrs-p]
    449 root     -51   0       0      0      0 S   0.0   0.0   0:00.00 [irq/214-tegra_d]
    450 root     -51   0       0      0      0 S   0.0   0.0   0:00.00 [irq/215-tegra_d]
    451 root       0 -20       0      0      0 I   0.0   0.0   0:00.00 [dce-async-ipc-w]
    452 root      20   0       0      0      0 S   0.0   0.0   0:00.00 [nv_queue]
    453 root      20   0       0      0      0 S   0.0   0.0   0:00.00 [nv_queue]
    454 root     -51   0       0      0      0 S   0.0   0.0   0:00.00 [irq/189-aerdrv]
    524 root       0 -20       0      0      0 I   0.0   0.0   0:00.00 [cfg80211]
    543 root     -51   0       0      0      0 S   0.0   0.0   0:00.00 [irq/118-3210000]
    552 root      20   0       0      0      0 S   0.0   0.0   0:00.00 [spi0]
    554 root     -51   0       0      0      0 S   0.0   0.0   0:00.00 [irq/119-3230000]
    555 root      20   0       0      0      0 S   0.0   0.0   0:00.00 [spi1]
    632 root       0 -20       0      0      0 I   0.0   0.0   0:00.00 [btfwwork]
    670 root       0 -20       0      0      0 I   0.0   0.0   0:00.00 [kworker/u13:2-hci0]
    672 root      20   0    8236   7372   1432 S   0.0   0.1   0:00.30 /usr/sbin/haveged --Foreground --verbose=1
    674 _rpc      20   0    7964   2112   1760 S   0.0   0.0   0:00.00 /sbin/rpcbind -f -w
    681 systemd+  20   0   25544  12588   8156 S   0.0   0.2   0:00.26 /lib/systemd/systemd-resolved
    682 systemd+  20   0   88788   6156   5312 S   0.0   0.1   0:00.08 /lib/systemd/systemd-timesyncd
    728 avahi     20   0    8088   2652   2300 S   0.0   0.0   0:00.08 avahi-daemon: running [ubuntu.local]
    729 root      20   0    9892   4484   4044 S   0.0   0.1   0:00.07 /usr/lib/bluetooth/bluetoothd -d --noplugin=audio,a2dp,avrcp
    730 message+  20   0   11448   5648   3108 S   0.0   0.1   0:01.66 @dbus-daemon --system --address=systemd: --nofork --nopidfile --systemd-activation --syslog-only
    731 root      20   0  263764  20360  14144 S   0.0   0.3   0:01.13 /usr/sbin/NetworkManager --no-daemon
    737 root      20   0   42224  19668   9972 S   0.0   0.3   0:00.14 /usr/bin/python3 /usr/bin/networkd-dispatcher --run-startup-triggers
    744 root      20   0   27644  15072   7804 S   0.0   0.2   0:00.10 python3 /opt/nvidia/pva-allow-2/bin/nvidiaPvaAllowd.py
    749 root      20   0  243232  10120   6268 S   0.0   0.1   0:03.17 /usr/libexec/polkitd --no-debug
    753 root      20   0  240320   8560   5832 S   0.0   0.1   0:00.04 /usr/libexec/power-profiles-daemon
    760 syslog    20   0  222164   8356   3224 S   0.0   0.1   0:00.14 /usr/sbin/rsyslogd -n -iNONE
    762 root      20   0    2240    708    628 S   0.0   0.0   0:00.00 seatd -g video
    769 root      20   0  241096   7752   5856 S   0.0   0.1   0:00.80 /usr/libexec/accounts-daemon
    772 root      20   0  236800   5804   5196 S   0.0   0.1   0:00.02 /usr/libexec/switcheroo-control
    773 lp        20   0    2308    112      0 S   0.0   0.0   0:00.00 /usr/sbin/lpd -s
    774 root      20   0   48808   7200   5948 S   0.0   0.1   0:00.19 /lib/systemd/systemd-logind
    778 root      20   0  394856  14472   9176 S   0.0   0.2   0:00.28 /usr/libexec/udisks2/udisksd
    780 root      20   0   16532   9744   7852 S   0.0   0.1   0:00.08 /sbin/wpa_supplicant -u -s -O /run/wpa_supplicant
    800 avahi     20   0    7816    352      0 S   0.0   0.0   0:00.00 avahi-daemon: chroot helper
    816 root      20   0  320884  13460   9472 S   0.0   0.2   0:00.12 /usr/sbin/ModemManager
    818 root      rt   0       0      0      0 S   0.0   0.0   0:00.34 [sugov:0]
    823 root      rt   0       0      0      0 S   0.0   0.0   0:00.30 [sugov:4]
    910 root      20   0    2460   1560   1380 S   0.0   0.0   0:00.40 /usr/sbin/nvfancontrol &
    930 root      20   0       0      0      0 S   0.0   0.0   0:00.00 [sw-quiesce]
    931 root      20   0       0      0      0 S   0.0   0.0   0:01.08 [nvgpu_channel_p]
    934 root      20   0       0      0      0 S   0.0   0.0   0:00.00 [nvgpu_pg_init_g]
    954 root      20   0       0      0      0 S   0.0   0.0   0:00.00 [nvgpu_clk_arb_p]
    979 root      20   0       0      0      0 S   0.0   0.0   0:01.09 [RTW_CMD_THREAD]
    981 root      20   0       0      0      0 I   0.0   0.0   0:00.32 [kworker/u12:9-events_freezable_power_]
   1016 root      20   0   75936   9728   7908 S   0.0   0.1   0:00.01 /usr/sbin/nvargus-daemon
   1017 root      20   0    9792   2900   2608 S   0.0   0.0   0:00.00 /bin/bash /etc/systemd/nvmemwarning.sh
   1037 root      20   0   22192   1708   1512 S   0.0   0.0   0:00.00 /usr/sbin/nvs-service
   1062 root      20   0    2336    760    672 S   0.0   0.0   0:01.58 /bin/sh /snap/cups/1237/scripts/run-cups-browsed
   1064 root      20   0    2336   1388   1264 S   0.0   0.0   0:01.60 /bin/sh /snap/cups/1237/scripts/run-cupsd
   1065 root      20   0       0      0      0 S   0.0   0.0   0:00.00 [pr/ramoops-1]
   1096 root      20   0 2012952  50020  29076 S   0.0   0.6   0:01.48 /usr/bin/containerd
   1110 root      20   0    9448   2412   2172 S   0.0   0.0   0:00.00 /usr/sbin/cron -f -P
   1136 kernoops  20   0   12820    456      0 S   0.0   0.0   0:00.00 /usr/sbin/kerneloops --test
   1145 root      20   0  241780   8612   6932 S   0.0   0.1   0:00.03 /usr/sbin/gdm3
   1162 kernoops  20   0   12820    452      0 S   0.0   0.0   0:00.00 /usr/sbin/kerneloops
   1164 root      20   0    8144    716    640 S   0.0   0.0   0:00.00 /sbin/agetty -o -p -- \u --keep-baud 115200,57600,38400,9600 ttyGS0 vt220
   1171 root      20   0    8144    724    648 S   0.0   0.0   0:00.00 /sbin/agetty -o -p -- \u --keep-baud 115200,57600,38400,9600 ttyTCU0 vt220
   1210 root      20   0  172548   9532   7592 S   0.0   0.1   0:00.04 gdm-session-worker [pam/gdm-autologin]
   1310 root      20   0    3076    916    804 S   0.0   0.0   0:00.00 /usr/sbin/nvphsd
   1316 root      20   0    3208   1408   1248 S   0.0   0.0   0:00.00 /usr/sbin/nvphsd
   1337 root      20   0 2166840  89332  54988 S   0.0   1.1   0:00.70 /usr/bin/dockerd -H fd:// --containerd=/run/containerd/containerd.sock
   1338 root      20   0   15232   8036   6460 S   0.0   0.1   0:00.02 sshd: /usr/sbin/sshd -D [listener] 0 of 10-100 startups
   1342 root      20   0       0      0      0 S   0.0   0.0   0:00.00 [file-storage]
   1350 fcsl      20   0   18416   9892   7060 S   0.0   0.1   0:00.72 /lib/systemd/systemd --user
   1360 fcsl      20   0  106740   4520      0 S   0.0   0.1   0:00.00 (sd-pam)
   1538 fcsl       9 -11   40232   5728   4620 S   0.0   0.1   0:00.02 /usr/bin/pipewire
   1539 fcsl      20   0   23884   5672   4592 S   0.0   0.1   0:00.08 /usr/bin/pipewire-media-session
   1540 fcsl       9 -11  890556  20284  12116 S   0.0   0.3   0:00.39 /usr/bin/pulseaudio --daemonize=no --log-target=journal
   1545 fcsl      20   0  241000   6164   5312 S   0.0   0.1   0:00.04 /usr/bin/gnome-keyring-daemon --daemonize --login
   1548 rtkit     21   1  153508   1472   1264 S   0.0   0.0   0:00.02 /usr/libexec/rtkit-daemon
   1559 fcsl      20   0  162628   5416   4908 S   0.0   0.1   0:00.00 /usr/libexec/gdm-x-session --run-script env GNOME_SHELL_SESSION_MODE=ubuntu /usr/bin/gnome-session --session=ubuntu
   1561 root      20   0   24.2g  80668  35156 S   0.0   1.0   0:00.52 /usr/lib/xorg/Xorg vt2 -displayfd 3 -auth /run/user/1000/gdm/Xauthority -nolisten tcp -background none -noreset -keeptty -novtswitch -verbose 3
   1564 fcsl      20   0   10132   4876   3144 S   0.0   0.1   0:00.46 /usr/bin/dbus-daemon --session --address=systemd: --nofork --nopidfile --systemd-activation --syslog-only
   1587 root      20   0       0      0      0 S   0.0   0.0   0:00.00 [nvidia-modeset/]
   1588 root      20   0       0      0      0 S   0.0   0.0   0:00.00 [nvidia-modeset/]
   1590 root      20   0       0      0      0 S   0.0   0.0   0:00.00 [nvidia]
   1591 root      20   0       0      0      0 S   0.0   0.0   0:00.00 [nv_queue]
   1729 root      20   0       0      0      0 S   0.0   0.0   0:00.00 [nvidia-drm-nv-t]
   1730 root     -51   0       0      0      0 S   0.0   0.0   0:00.00 [card1-crtc0]
   1731 root     -51   0       0      0      0 S   0.0   0.0   0:00.00 [card1-crtc1]
   1824 fcsl      20   0  225936  13728  11972 S   0.0   0.2   0:00.05 /usr/libexec/gnome-session-binary --session=ubuntu
   1916 fcsl      20   0  309864   6752   6032 S   0.0   0.1   0:00.01 /usr/libexec/at-spi-bus-launcher
   1922 fcsl      20   0    8828   3616   3116 S   0.0   0.0   0:00.01 /usr/bin/dbus-daemon --config-file=/usr/share/defaults/at-spi2/accessibility.conf --nofork --print-address 11 --address=unix:path=/run/user/1000/at-spi/bus_0
   1979 fcsl      20   0   91892   2520   2152 S   0.0   0.0   0:00.00 /usr/libexec/gnome-session-ctl --monitor
   1988 fcsl      20   0  240908   6992   6104 S   0.0   0.1   0:00.04 /usr/libexec/gvfsd
   1996 fcsl      20   0  381064   9284   4640 S   0.0   0.1   0:00.00 /usr/libexec/gvfsd-fuse /run/user/1000/gvfs -f
   1997 fcsl      20   0  596284  17864  12840 S   0.0   0.2   0:00.18 /usr/libexec/gnome-session-binary --systemd-service --session=ubuntu
   2040 fcsl      20   0  236356   4876   4440 S   0.0   0.1   0:00.00 /usr/libexec/xdg-permission-store
   2042 fcsl      20   0  584868  17900  13432 S   0.0   0.2   0:00.06 /usr/libexec/gnome-shell-calendar-server
   2051 fcsl      20   0  397280  22796  19136 S   0.0   0.3   0:00.09 /usr/libexec/evolution-source-registry
   2059 root      20   0  242436   7680   6568 S   0.0   0.1   0:00.07 /usr/libexec/upowerd
   2061 fcsl      20   0  600496  38980  29472 S   0.0   0.5   0:00.10 /usr/libexec/goa-daemon
   2068 fcsl      20   0 1321540  31748  23404 S   0.0   0.4   0:00.14 /usr/libexec/evolution-calendar-factory
   2078 fcsl      20   0  341492  12924  11036 S   0.0   0.2   0:00.04 /usr/libexec/goa-identity-service
   2088 fcsl      20   0  156800   4488   4024 S   0.0   0.1   0:00.01 /usr/libexec/dconf-service
   2089 fcsl      20   0  823284  28368  22824 S   0.0   0.4   0:00.08 /usr/libexec/evolution-addressbook-factory
   2105 fcsl      20   0  316604  11380   7284 S   0.0   0.1   0:00.11 /usr/libexec/gvfs-udisks2-volume-monitor
   2113 fcsl      20   0  315332   6412   5548 S   0.0   0.1   0:00.05 /usr/libexec/gvfs-afc-volume-monitor
   2118 fcsl      20   0  238096   6272   5500 S   0.0   0.1   0:00.01 /usr/libexec/gvfs-gphoto2-volume-monitor
   2122 fcsl      20   0  236772   4692   4232 S   0.0   0.1   0:00.02 /usr/libexec/gvfs-mtp-volume-monitor
   2126 fcsl      20   0  236900   7852   5228 S   0.0   0.1   0:00.01 /usr/libexec/gvfs-goa-volume-monitor
   2130 root      20   0  376544  64972  16884 S   0.0   0.8   0:10.29 /usr/libexec/packagekitd
   2138 fcsl      20   0  315228   9344   6144 S   0.0   0.1   0:00.02 /usr/libexec/gvfsd-trash --spawner :1.19 /org/gtk/gvfs/exec_spaw/0
   2165 fcsl      20   0  477596  12872  10592 S   0.0   0.2   0:00.13 /usr/libexec/xdg-desktop-portal
   2175 fcsl      20   0  463504   8420   5632 S   0.0   0.1   0:00.02 /usr/libexec/xdg-document-portal
   2178 fcsl      20   0 2804936  27172  20292 S   0.0   0.3   0:00.09 /usr/bin/gjs /usr/share/gnome-shell/org.gnome.Shell.Notifications
   2182 root      20   0    2232    696    620 S   0.0   0.0   0:00.00 fusermount3 -o rw,nosuid,nodev,fsname=portal,auto_unmount,subtype=portal -- /run/user/1000/doc
   2186 fcsl      20   0  163152   7096   6328 S   0.0   0.1   0:00.01 /usr/libexec/at-spi2-registryd --use-gnome-session
   2187 fcsl      20   0  715372  51180  31356 S   0.0   0.7   0:00.26 /usr/libexec/xdg-desktop-portal-gnome
   2201 fcsl      20   0    2328    836    748 S   0.0   0.0   0:00.00 sh -c /usr/bin/ibus-daemon --panel disable $([ "$XDG_SESSION_TYPE" = "x11" ] && echo "--xim")
   2202 fcsl      20   0  310888   7992   5380 S   0.0   0.1   0:00.01 /usr/libexec/gsd-a11y-settings
   2203 fcsl      20   0  603376  28568  18872 S   0.0   0.4   0:00.19 /usr/libexec/gsd-color
   2207 fcsl      20   0  379084  16400  12388 S   0.0   0.2   0:00.03 /usr/libexec/gsd-datetime
   2209 fcsl      20   0  315524  13140   6156 S   0.0   0.2   0:00.09 /usr/bin/ibus-daemon --panel disable --xim
   2210 fcsl      20   0  312464   8500   5808 S   0.0   0.1   0:00.06 /usr/libexec/gsd-housekeeping
   2212 fcsl      20   0  418272  25220  16048 S   0.0   0.3   0:00.15 /usr/libexec/gsd-keyboard
   2213 fcsl      20   0  934772  29676  19672 S   0.0   0.4   0:00.19 /usr/libexec/gsd-media-keys
   2214 fcsl      20   0  528832  26228  18632 S   0.0   0.3   0:00.18 /usr/libexec/gsd-power
   2216 fcsl      20   0  324816   9584   8232 S   0.0   0.1   0:00.01 /usr/libexec/gsd-print-notifications
   2219 fcsl      20   0  458476   6000   5344 S   0.0   0.1   0:00.02 /usr/libexec/gsd-rfkill
   2222 fcsl      20   0  236616   4660   4280 S   0.0   0.1   0:00.00 /usr/libexec/gsd-screensaver-proxy
   2226 fcsl      20   0  467192   9032   6824 S   0.0   0.1   0:00.07 /usr/libexec/gsd-sharing
   2228 fcsl      20   0  460576   9164   6256 S   0.0   0.1   0:00.01 /usr/libexec/gsd-smartcard
   2233 fcsl      20   0  320568   8140   7112 S   0.0   0.1   0:00.01 /usr/libexec/gsd-sound
   2242 fcsl      20   0  344860  23456  16012 S   0.0   0.3   0:00.17 /usr/libexec/gsd-wacom
   2247 fcsl      20   0  656864  90552  49008 S   0.0   1.2   0:03.98 /usr/bin/gnome-software --gapplication-service
   2248 fcsl      20   0  346536  27696  17768 S   0.0   0.4   0:00.20 /usr/libexec/gsd-xsettings
   2254 fcsl      20   0  842664  65920  47764 S   0.0   0.8   0:00.32 /usr/libexec/evolution-data-server/evolution-alarm-notify
   2278 fcsl      20   0  237728   6576   5956 S   0.0   0.1   0:00.00 /usr/libexec/ibus-dconf
   2289 fcsl      20   0  275472  27360  16048 S   0.0   0.4   0:01.55 /usr/libexec/ibus-extension-gtk3
   2301 fcsl      20   0  232212   6712   5028 S   0.0   0.1   0:00.02 /usr/libexec/gsd-disk-utility-notify
   2302 fcsl      20   0  196992  23344  16300 S   0.0   0.3   0:00.15 /usr/libexec/ibus-x11 --kill-daemon
   2316 fcsl      20   0  512948  41308  23256 S   0.0   0.5   0:00.94 python3 /usr/share/nvpmodel_indicator/nvpmodel_indicator.py
   2317 fcsl      20   0  237616   6672   6068 S   0.0   0.1   0:00.02 /usr/libexec/ibus-portal
   2353 fcsl      20   0  345756  14420  10528 S   0.0   0.2   0:00.02 /usr/libexec/gsd-printer
   2377 colord    20   0  246112  11944   8192 S   0.0   0.2   0:00.16 /usr/libexec/colord
   2462 root      20   0  404236  43620  34000 S   0.0   0.6   0:00.57 /usr/libexec/fwupd/fwupd
   2498 fcsl      20   0 2739436  27332  20372 S   0.0   0.4   0:00.09 /usr/bin/gjs /usr/share/gnome-shell/org.gnome.ScreenSaver
   2511 fcsl      20   0  511640  20804   3160 S   0.0   0.3   0:00.00 python3 /usr/share/nvpmodel_indicator/nvpmodel_indicator.py
   2512 fcsl      20   0  511640  20804   3160 S   0.0   0.3   0:00.00 python3 /usr/share/nvpmodel_indicator/nvpmodel_indicator.py
   2513 fcsl      20   0  511640  20804   3160 S   0.0   0.3   0:00.00 python3 /usr/share/nvpmodel_indicator/nvpmodel_indicator.py
   2514 fcsl      20   0  511640  20804   3160 S   0.0   0.3   0:00.00 python3 /usr/share/nvpmodel_indicator/nvpmodel_indicator.py
   2515 fcsl      20   0  511640  20804   3160 S   0.0   0.3   0:00.00 python3 /usr/share/nvpmodel_indicator/nvpmodel_indicator.py
   2516 fcsl      20   0  511640  20804   3160 S   0.0   0.3   0:00.00 python3 /usr/share/nvpmodel_indicator/nvpmodel_indicator.py
   2517 fcsl      20   0  511640  20804   3160 S   0.0   0.3   0:00.00 python3 /usr/share/nvpmodel_indicator/nvpmodel_indicator.py
   2518 fcsl      20   0  511640  20804   3160 S   0.0   0.3   0:00.00 python3 /usr/share/nvpmodel_indicator/nvpmodel_indicator.py
   2520 fcsl      20   0  511652  20848   3160 S   0.0   0.3   0:00.00 python3 /usr/share/nvpmodel_indicator/nvpmodel_indicator.py
   2521 fcsl      20   0  511652  20848   3160 S   0.0   0.3   0:00.00 python3 /usr/share/nvpmodel_indicator/nvpmodel_indicator.py
   2523 fcsl      20   0  511652  20848   3160 S   0.0   0.3   0:00.00 python3 /usr/share/nvpmodel_indicator/nvpmodel_indicator.py
   2524 fcsl      20   0  511652  20848   3160 S   0.0   0.3   0:00.00 python3 /usr/share/nvpmodel_indicator/nvpmodel_indicator.py
   2525 fcsl      20   0  511652  20848   3160 S   0.0   0.3   0:00.00 python3 /usr/share/nvpmodel_indicator/nvpmodel_indicator.py
   2526 fcsl      20   0  511652  20848   3160 S   0.0   0.3   0:00.00 python3 /usr/share/nvpmodel_indicator/nvpmodel_indicator.py
   2527 fcsl      20   0  511652  20848   3160 S   0.0   0.3   0:00.00 python3 /usr/share/nvpmodel_indicator/nvpmodel_indicator.py
   2528 fcsl      20   0  511652  20848   3160 S   0.0   0.3   0:00.00 python3 /usr/share/nvpmodel_indicator/nvpmodel_indicator.py
   2529 fcsl      20   0  511652  21360   3648 S   0.0   0.3   0:01.00 python3 /usr/share/nvpmodel_indicator/nvpmodel_indicator.py
   2531 fcsl      20   0  511652  20852   3160 S   0.0   0.3   0:00.00 python3 /usr/share/nvpmodel_indicator/nvpmodel_indicator.py
   2532 fcsl      20   0  511652  20852   3160 S   0.0   0.3   0:00.00 python3 /usr/share/nvpmodel_indicator/nvpmodel_indicator.py
   2558 fcsl      20   0  238820  11516   6280 S   0.0   0.1   0:00.06 /usr/libexec/ibus-engine-hangul --ibus
   2568 fcsl      39  19  648636  33504  20344 S   0.0   0.4   0:00.60 /usr/libexec/tracker-miner-fs-3
   2570 fcsl      20   0  345256  24112  16764 S   0.0   0.3   0:00.13 /usr/libexec/xdg-desktop-portal-gtk
   2735 fcsl      20   0  163392   5864   5280 S   0.0   0.1   0:00.01 /usr/libexec/gvfsd-metadata
   2762 root      20   0  136724  11180   9516 S   0.0   0.1   0:00.36 cupsd -f -s /var/snap/cups/common/etc/cups/cups-files.conf -c /var/snap/cups/common/etc/cups/cupsd.conf
   2770 snap_da+  20   0   14484   4204   3512 S   0.0   0.1   0:00.00 /snap/cups/1237/lib/cups/notifier/dbus dbus://
   2771 snap_da+  20   0   14484   4636   3932 S   0.0   0.1   0:00.00 /snap/cups/1237/lib/cups/notifier/dbus dbus://
   2772 snap_da+  20   0   14484   4216   3524 S   0.0   0.1   0:00.00 /snap/cups/1237/lib/cups/notifier/dbus dbus://
   2773 snap_da+  20   0   14484   4272   3576 S   0.0   0.1   0:00.00 /snap/cups/1237/lib/cups/notifier/dbus dbus://
   2774 snap_da+  20   0   14484   4636   3932 S   0.0   0.1   0:00.00 /snap/cups/1237/lib/cups/notifier/dbus dbus://
   2781 root      20   0  260796  17948  13524 S   0.0   0.2   0:00.46 cups-browsed -c /var/snap/cups/common/etc/cups/cups-browsed.conf
   3356 root      20   0   18536   9044   7116 S   0.0   0.1   0:00.03 sshd: fcsl [priv]
   3413 fcsl      20   0   18984   7780   5556 S   0.0   0.1   0:00.42 sshd: fcsl@pts/0
   3414 fcsl      20   0   15168   8696   3028 S   0.0   0.1   0:00.15 -bash
   3656 root      20   0   18536   9052   7124 S   0.0   0.1   0:00.02 sshd: fcsl [priv]
   3699 fcsl      20   0   18984   7800   5576 S   0.0   0.1   0:00.01 sshd: fcsl@pts/1
   3700 fcsl      20   0   15168   8568   2900 S   0.0   0.1   0:00.11 -bash
   3956 root      20   0   18536   9052   7124 S   0.0   0.1   0:00.03 sshd: fcsl [priv]
   3986 fcsl      20   0   18984   7800   5576 S   0.0   0.1   0:00.24 sshd: fcsl@pts/2
   3987 fcsl      20   0   15168   8564   2900 S   0.0   0.1   0:00.06 -bash
   4340 fcsl      20   0  421744  28484  20708 S   0.0   0.4   0:00.18 update-notifier
   5745 root      20   0       0      0      0 I   0.0   0.0   0:00.00 [kworker/5:0-events]
   5746 root      20   0       0      0      0 I   0.0   0.0   0:00.14 [kworker/0:0-events]
   5789 root      20   0   18536   9056   7128 S   0.0   0.1   0:00.03 sshd: fcsl [priv]
   5817 fcsl      20   0   19504   8220   5580 S   0.0   0.1   0:07.82 sshd: fcsl@notty
   5818 fcsl      20   0    9792   2976   2680 S   0.0   0.0   0:00.00 -bash
   5821 fcsl      20   0    2440   1568   1348 S   0.0   0.0   0:00.00 sh
   5868 fcsl      20   0   45844  12856   8268 S   0.0   0.2   0:11.62 /home/fcsl/.vscode-server/code-6a49527b96e326fe62fbdb56f60e16877c9aa724 command-shell --cli-data-dir /home/fcsl/.vscode-server/cli --parent-process-id 5821 --on-host=127.0.0.1 --on-port
   5892 fcsl      20   0   42184   8676   6928 S   0.0   0.1   0:00.04 /home/fcsl/.vscode-server/code-6a49527b96e326fe62fbdb56f60e16877c9aa724 --cli-data-dir /home/fcsl/.vscode-server/cli agent host
   5913 fcsl      20   0    2328    816    732 S   0.0   0.0   0:00.00 sh /home/fcsl/.vscode-server/cli/servers/Stable-6a49527b96e326fe62fbdb56f60e16877c9aa724/server/bin/code-server --connection-token=remotessh --accept-server-license-terms --agent-host-bridge-port=41459 --agent-host-bridge-host=127.0.0.1 --agent-host-bridge-connection-token=03adc759-cc11-482d-a5c4-3d1cf335af96 --start-server --enable-remote-auto-shutdown --socket-path=/tmp/code-9639163c-fbe7-4e2e-8b21-e167c70142b5
   5917 fcsl      20   0   11.1g 174268  46284 S   0.0   2.2   0:10.14 /home/fcsl/.vscode-server/cli/servers/Stable-6a49527b96e326fe62fbdb56f60e16877c9aa724/server/node /home/fcsl/.vscode-server/cli/servers/Stable-6a49527b96e326fe62fbdb56f60e16877c9aa724/server/out/server-main.js --connection-token=remotessh --accept-server-license-terms --agent-host-bridge-port=41459 --agent-host-bridge-host=127.0.0.1 --agent-host-bridge-connection-token=03adc759-cc11-482d-a5c4-3d1cf335af96 --start-server --enable-remote+
   6192 fcsl      20   0  952820  70140  41896 S   0.0   0.9   0:01.95 /home/fcsl/.vscode-server/cli/servers/Stable-6a49527b96e326fe62fbdb56f60e16877c9aa724/server/node /home/fcsl/.vscode-server/cli/servers/Stable-6a49527b96e326fe62fbdb56f60e16877c9aa724/server/out/bootstrap-fork --type=ptyHost --logsPath /home/fcsl/.vscode-server/data/logs/20260817T111943
   6410 root      20   0       0      0      0 I   0.0   0.0   0:00.00 [kworker/1:0-events]
   7080 fcsl      20   0  421948  75108  63112 S   0.0   1.0   0:01.37 /home/fcsl/.vscode-server/extensions/openai.chatgpt-26.810.52044-linux-arm64/bin/linux-aarch64/codex -c features.code_mode_host=true app-server --analytics-default-enabled
   7182 fcsl      20   0   15216   8668   2972 S   0.0   0.1   0:00.05 /usr/bin/bash --init-file /home/fcsl/.vscode-server/cli/servers/Stable-6a49527b96e326fe62fbdb56f60e16877c9aa724/server/out/vs/workbench/contrib/terminal/common/scripts/shellIntegration-bash.sh
   7850 root      20   0   18536   9060   7132 S   0.0   0.1   0:00.04 sshd: fcsl [priv]
   7878 fcsl      20   0   18824   7676   5580 S   0.0   0.1   0:00.02 sshd: fcsl@pts/6
   7879 fcsl      20   0   15168   8708   3036 S   0.0   0.1   0:00.15 -bash
   8118 root      20   0   18536   9060   7132 S   0.0   0.1   0:00.04 sshd: fcsl [priv]
   8146 fcsl      20   0   18984   7680   5580 S   0.0   0.1   0:00.02 sshd: fcsl@pts/8
   8147 fcsl      20   0   15168   8708   3032 S   0.0   0.1   0:00.15 -bash
   8386 root      20   0   18536   9060   7132 S   0.0   0.1   0:00.04 sshd: fcsl [priv]
   8414 fcsl      20   0   18824   7672   5580 S   0.0   0.1   0:00.01 sshd: fcsl@pts/9
   8415 fcsl      20   0   15168   8640   2964 S   0.0   0.1   0:00.12 -bash
  11747 root      20   0       0      0      0 I   0.0   0.0   0:00.00 [kworker/0:2-events]
  11800 root      20   0   18536   9328   7400 S   0.0   0.1   0:00.04 sshd: fcsl [priv]
  11829 fcsl      20   0   15168   9064   3388 S   0.0   0.1   0:00.37 -bash
  16192 root      20   0       0      0      0 I   0.0   0.0   0:00.08 [kworker/u12:3-devfreq_wq]
  16258 root      20   0       0      0      0 I   0.0   0.0   0:00.00 [kworker/0:1-events]
  16292 root      20   0    8112    764    688 S   0.0   0.0   0:00.00 sleep 300
  16331 root      20   0       0      0      0 I   0.0   0.0   0:00.04 [kworker/u12:0-events_unbound]
  19240 fcsl      20   0  206192  31704  14596 S   0.0   0.4   0:00.55 /home/fcsl/miniforge3/envs/thirdimpact/bin/python /home/fcsl/miniforge3/envs/thirdimpact/bin/ros2 run joy joy_node
  19545 fcsl      20   0    8112    780    704 S   0.0   0.0   0:00.00 sleep 180
  19546 fcsl      20   0   10072   3092   2780 S   0.0   0.0   0:00.00 bash ./cpu_profile.sh
  19841 fcsl      39  19  403684  30208  22420 S   0.0   0.4   0:00.12 /usr/libexec/tracker-extract-3
